"t","x","y","z"
9.574893000E-3,1.084812832E1,-2.159569979E0,4.333505154E0
1.167897000E-2,1.097741508E1,-2.044648170E0,4.331110954E0
1.371408500E-2,1.098938560E1,-1.970427990E0,4.278438568E0
1.574073900E-2,1.097023201E1,-1.795651317E0,4.132391930E0
1.786854600E-2,1.087685871E1,-1.635239720E0,3.950432777E0
1.977443100E-2,1.080982113E1,-1.558625340E0,3.861847401E0
2.177420000E-2,1.065419769E1,-1.403002143E0,3.672705412E0
2.384323900E-2,1.045069027E1,-1.278503656E0,3.478775024E0
2.587908500E-2,1.034295177E1,-1.233013868E0,3.380612850E0
2.794854600E-2,1.014183807E1,-1.158793569E0,3.208230257E0
2.998346900E-2,9.955090523E0,-1.122880578E0,3.076549292E0
3.205300800E-2,9.866505623E0,-1.125274777E0,3.035847664E0
3.408800800E-2,9.720458984E0,-1.122880578E0,2.980781078E0
3.611073900E-2,9.598354340E0,-1.168370485E0,2.947262287E0
3.811404600E-2,9.555258751E0,-1.197100878E0,2.949656487E0
4.018323900E-2,9.507374763E0,-1.268926859E0,2.983175278E0
4.221793100E-2,9.473855972E0,-1.371877551E0,3.014299870E0
4.428658500E-2,9.466673851E0,-1.407790542E0,3.033453465E0
4.632150800E-2,9.445125580E0,-1.484405041E0,3.074155092E0
4.839070000E-2,9.428366661E0,-1.592144132E0,3.119644880E0
5.042558500E-2,9.387664795E0,-1.628057122E0,3.126827478E0
5.249466200E-2,9.356540680E0,-1.702277422E0,3.126827478E0
5.452970000E-2,9.287108421E0,-1.781286120E0,3.093308687E0
5.653035400E-2,9.179368973E0,-1.833958507E0,3.043030262E0
5.865477700E-2,9.109937668E0,-1.862688899E0,3.023876667E0
6.056023900E-2,8.990227699E0,-1.903390408E0,3.002328873E0
6.255996900E-2,8.923190117E0,-1.910573006E0,2.980781078E0
6.462885400E-2,8.911218643E0,-1.941697598E0,2.995146275E0
6.666381500E-2,8.899248123E0,-1.965639591E0,3.026270866E0
6.873281500E-2,8.930372238E0,-1.982398987E0,3.002328873E0
7.076727700E-2,8.949525833E0,-1.996764183E0,2.966415882E0
7.283627700E-2,9.002198219E0,-2.011129379E0,2.873042107E0
7.487112300E-2,9.009381294E0,-2.020706177E0,2.753331900E0
7.687243100E-2,9.014169693E0,-2.018311977E0,2.679111719E0
7.899773900E-2,9.004592896E0,-2.020706177E0,2.537853718E0
8.090312300E-2,8.963891029E0,-2.011129379E0,2.420537949E0
8.290289200E-2,8.959102631E0,-2.011129379E0,2.358288765E0
8.497170000E-2,8.951920509E0,-2.023100376E0,2.293645144E0
8.700639200E-2,8.930372238E0,-2.018311977E0,2.293645144E0
8.907504600E-2,8.930372238E0,-2.032677174E0,2.312798738E0
9.110950800E-2,8.939949036E0,-2.056619167E0,2.343923569E0
9.317916200E-2,8.949525833E0,-2.070984364E0,2.382230759E0
9.521258500E-2,8.959102631E0,-2.070984364E0,2.401384354E0
9.721250800E-2,8.997409821E0,-2.047042370E0,2.439691544E0
9.921293100E-2,9.023746490E0,-2.025494576E0,2.461239338E0
1.012818150E-1,9.047688484E0,-2.023100376E0,2.466027737E0
1.033159690E-1,9.109937668E0,-2.001552582E0,2.458845139E0
1.053844310E-1,9.174580574E0,-1.977610588E0,2.451662540E0
1.074187770E-1,9.198522568E0,-1.956062794E0,2.451662540E0
1.094875080E-1,9.246406555E0,-1.924938202E0,2.432508945E0
1.115217380E-1,9.277531624E0,-1.898601890E0,2.372653961E0
1.135902000E-1,9.301473618E0,-1.865083098E0,2.336740971E0
1.156244310E-1,9.308655739E0,-1.855506301E0,2.319981337E0
1.176300080E-1,9.325415611E0,-1.821987510E0,2.293645144E0
1.196328920E-1,9.337387085E0,-1.800439715E0,2.264914751E0
1.217010080E-1,9.346963882E0,-1.788468719E0,2.255337954E0
1.237353540E-1,9.378087997E0,-1.781286120E0,2.257732153E0
1.258035460E-1,9.406818390E0,-1.754949808E0,2.276885748E0
1.278377380E-1,9.411606789E0,-1.740584612E0,2.279279947E0
1.299062000E-1,9.421183586E0,-1.704671621E0,2.293645144E0
1.319408540E-1,9.423578262E0,-1.678335428E0,2.310404539E0
1.340098150E-1,9.433155060E0,-1.661576033E0,2.322375536E0
1.360449310E-1,9.473855972E0,-1.642422318E0,2.353500366E0
1.380510460E-1,9.507374763E0,-1.625662923E0,2.367865562E0
1.401747770E-1,9.526528358E0,-1.618480325E0,2.379836559E0
1.420799690E-1,9.576807022E0,-1.611297727E0,2.389413357E0
1.440800080E-1,9.603142738E0,-1.599326730E0,2.396595955E0
1.461489690E-1,9.619902611E0,-1.592144132E0,2.391807556E0
1.481836610E-1,9.629479408E0,-1.570596337E0,2.387019157E0
1.502519690E-1,9.646238327E0,-1.572990537E0,2.365471363E0
1.522859690E-1,9.646238327E0,-1.568202138E0,2.353500366E0
1.543546230E-1,9.660603523E0,-1.558625340E0,2.336740971E0
1.563886610E-1,9.648633003E0,-1.549048543E0,2.329558372E0
1.583946610E-1,9.617507935E0,-1.546654344E0,2.312798738E0
1.605847770E-1,9.605537415E0,-1.527500629E0,2.288856745E0
1.624209690E-1,9.595960617E0,-1.508347034E0,2.300827742E0
1.644197000E-1,9.579200745E0,-1.501164436E0,2.300827742E0
1.664888150E-1,9.557653427E0,-1.505952835E0,2.310404539E0
1.685234690E-1,9.555258751E0,-1.489193439E0,2.319981337E0
1.705929690E-1,9.531316757E0,-1.491587639E0,2.334346771E0
1.726273150E-1,9.514557838E0,-1.484405041E0,2.334346771E0
1.746963540E-1,9.495404243E0,-1.467645645E0,2.329558372E0
1.767313920E-1,9.485827446E0,-1.460463047E0,2.355894566E0
1.787364300E-1,9.481039047E0,-1.467645645E0,2.353500366E0
1.807382770E-1,9.461885452E0,-1.477222443E0,2.341529369E0
1.828072770E-1,9.449913979E0,-1.460463047E0,2.324769735E0
1.848423540E-1,9.457097054E0,-1.472434044E0,2.308010340E0
1.869112380E-1,9.454702377E0,-1.477222443E0,2.274491549E0
1.889455840E-1,9.435548782E0,-1.465251446E0,2.233790159E0
1.909705840E-1,9.423578262E0,-1.458068848E0,2.219424963E0
1.929701230E-1,9.390059471E0,-1.446097851E0,2.212242365E0
1.950390460E-1,9.354146004E0,-1.472434044E0,2.200271368E0
1.970736230E-1,9.358934402E0,-1.484405041E0,2.188300371E0
1.990794300E-1,9.351752281E0,-1.489193439E0,2.185906172E0
2.010844690E-1,9.344569206E0,-1.520318031E0,2.188300371E0
2.031530840E-1,9.344569206E0,-1.529894829E0,2.193088770E0
2.051879690E-1,9.351752281E0,-1.546654344E0,2.200271368E0
2.072567380E-1,9.346963882E0,-1.558625340E0,2.209848166E0
2.092913150E-1,9.344569206E0,-1.568202138E0,2.219424963E0
2.113599300E-1,9.366117477E0,-1.584961534E0,2.224213362E0
2.133945460E-1,9.378087997E0,-1.608903527E0,2.224213362E0
2.154633150E-1,9.363722801E0,-1.613691926E0,2.231395960E0
2.174982380E-1,9.373299599E0,-1.630451322E0,2.224213362E0
2.195037380E-1,9.385271072E0,-1.640028119E0,2.193088770E0
2.216278530E-1,9.392453194E0,-1.651999116E0,2.188300371E0
2.235326230E-1,9.411606789E0,-1.656787634E0,2.190694571E0
2.255326230E-1,9.430760384E0,-1.651999116E0,2.181117773E0
2.276016610E-1,9.447520256E0,-1.649604917E0,2.161964178E0
2.296360840E-1,9.437943459E0,-1.654393315E0,2.154781580E0
2.317048150E-1,9.435548782E0,-1.663970232E0,2.157175779E0
2.337391230E-1,9.449913979E0,-1.683123827E0,2.140416384E0
2.358088150E-1,9.447520256E0,-1.687912226E0,2.123656988E0
2.378434690E-1,9.454702377E0,-1.683123827E0,2.078166962E0
2.398485070E-1,9.464279175E0,-1.675941229E0,2.054224968E0
2.419741990E-1,9.471462250E0,-1.666364431E0,2.049436569E0
2.438792380E-1,9.485827446E0,-1.671152830E0,2.011129379E0
2.458791990E-1,9.440337181E0,-1.671152830E0,1.994369984E0
2.479482380E-1,9.428366661E0,-1.673547029E0,1.994369984E0
2.499830070E-1,9.437943459E0,-1.675941229E0,2.001552582E0
2.520520460E-1,9.433155060E0,-1.690306425E0,2.013523579E0
2.540870460E-1,9.435548782E0,-1.692700624E0,2.015917778E0
2.561557760E-1,9.457097054E0,-1.690306425E0,2.020706177E0
2.581905840E-1,9.493009567E0,-1.695094824E0,2.003946781E0
2.601960070E-1,9.509769440E0,-1.685518026E0,1.984793186E0
2.621970070E-1,9.531316757E0,-1.666364431E0,1.980004787E0
2.642658530E-1,9.526528358E0,-1.659181833E0,1.960851192E0
2.663006610E-1,9.533711433E0,-1.663970232E0,1.963245392E0
2.683695450E-1,9.536105156E0,-1.642422318E0,1.951274395E0
2.704041990E-1,9.538499832E0,-1.630451322E0,1.924938202E0
2.724728530E-1,9.567230225E0,-1.630451322E0,1.893813491E0
2.745072760E-1,9.564835548E0,-1.630451322E0,1.877054095E0
2.765756610E-1,9.562441826E0,-1.616086125E0,1.850717902E0
2.786097760E-1,9.540893555E0,-1.606509328E0,1.850717902E0
2.806150840E-1,9.538499832E0,-1.601720929E0,1.841141105E0
2.826162380E-1,9.524134636E0,-1.587355733E0,1.833958507E0
2.846845070E-1,9.540893555E0,-1.565807939E0,1.843535304E0
2.867191610E-1,9.550470352E0,-1.577778935E0,1.843535304E0
2.887880070E-1,9.550470352E0,-1.568202138E0,1.841141105E0
2.908226610E-1,9.552865028E0,-1.572990537E0,1.853112102E0
2.928914680E-1,9.548076630E0,-1.568202138E0,1.848323703E0
2.949263920E-1,9.528923035E0,-1.577778935E0,1.860294700E0
2.969953920E-1,9.533711433E0,-1.565807939E0,1.874659896E0
2.990298150E-1,9.528923035E0,-1.563413739E0,1.867477298E0
3.010343150E-1,9.519346237E0,-1.541865945E0,1.845929503E0
3.031583530E-1,9.519346237E0,-1.527500629E0,1.810016513E0
3.050634300E-1,9.528923035E0,-1.515529633E0,1.786074519E0
3.070633920E-1,9.519346237E0,-1.496376038E0,1.754949808E0
3.091322760E-1,9.507374763E0,-1.489193439E0,1.711854219E0
3.111669680E-1,9.483432770E0,-1.486799240E0,1.675941229E0
3.132359680E-1,9.423578262E0,-1.470039845E0,1.601720929E0
3.152713150E-1,9.406818390E0,-1.438915253E0,1.572990537E0
3.173405450E-1,9.390059471E0,-1.426944256E0,1.570596337E0
3.193755070E-1,9.380482674E0,-1.422155857E0,1.561019540E0
3.213818910E-1,9.334992409E0,-1.388636947E0,1.546654344E0
3.235706990E-1,9.332598686E0,-1.379060149E0,1.513135433E0
3.254061220E-1,9.339780807E0,-1.381454349E0,1.491587639E0
3.274062380E-1,9.366117477E0,-1.386242747E0,1.453280449E0
3.294754300E-1,9.339780807E0,-1.391031146E0,1.431732655E0
3.315105450E-1,9.330204010E0,-1.376665950E0,1.362300754E0
3.335795450E-1,9.318233490E0,-1.359906554E0,1.300051570E0
3.356147760E-1,9.299078941E0,-1.345541358E0,1.218648672E0
3.376836990E-1,9.282320023E0,-1.333570361E0,1.189918280E0
3.397186990E-1,9.289502144E0,-1.312022567E0,1.154005170E0
3.417236610E-1,9.267954826E0,-1.302445769E0,1.161187768E0
3.437246990E-1,9.272743225E0,-1.304839969E0,1.163581967E0
3.457941610E-1,9.258378029E0,-1.300051570E0,1.163581967E0
3.478287760E-1,9.239224434E0,-1.266532660E0,1.204283476E0
3.498976990E-1,9.241618156E0,-1.259350061E0,1.237802267E0
3.519321610E-1,9.289502144E0,-1.259350061E0,1.264138460E0
3.540009680E-1,9.315838814E0,-1.266532660E0,1.326387763E0
3.560351990E-1,9.330204010E0,-1.276109457E0,1.345541358E0
3.581036990E-1,9.378087997E0,-1.295263171E0,1.386242747E0
3.601380840E-1,9.370905876E0,-1.290474772E0,1.503558636E0
3.621438910E-1,9.378087997E0,-1.304839969E0,1.561019540E0
3.641470450E-1,9.421183586E0,-1.312022567E0,1.642422318E0
3.662158530E-1,9.514557838E0,-1.323993564E0,1.606509328E0
3.682498140E-1,9.519346237E0,-1.323993564E0,1.549048543E0
3.703186600E-1,9.478644371E0,-1.307234168E0,1.482010841E0
3.723531990E-1,9.466673851E0,-1.302445769E0,1.412579060E0
3.744224680E-1,9.488221169E0,-1.328781962E0,1.359906554E0
3.764570450E-1,9.504981041E0,-1.328781962E0,1.338358760E0
3.785260070E-1,9.493009567E0,-1.312022567E0,1.290474772E0
3.805607760E-1,9.469067574E0,-1.300051570E0,1.292868972E0
3.825653140E-1,9.466673851E0,-1.292868972E0,1.321599364E0
3.846896990E-1,9.519346237E0,-1.256955862E0,1.359906554E0
3.865945450E-1,9.572018623E0,-1.240196466E0,1.350329757E0
3.885941600E-1,9.569623947E0,-1.218648672E0,1.307234168E0
3.906630450E-1,9.519346237E0,-1.187524080E0,1.283292055E0
3.926973530E-1,9.569623947E0,-1.209071875E0,1.237802267E0
3.947664300E-1,9.603142738E0,-1.223437071E0,1.211466074E0
3.968010450E-1,9.605537415E0,-1.211466074E0,1.113303781E0
3.988700450E-1,9.607931137E0,-1.182735682E0,9.792284966E-1
4.009050450E-1,9.610325813E0,-1.194706678E0,8.930372596E-1
4.029099300E-1,9.598354340E0,-1.259350061E0,7.709329724E-1
4.050360070E-1,9.674968719E0,-1.300051570E0,6.823474765E-1
4.069413140E-1,9.682151794E0,-1.321599364E0,6.488286853E-1
4.089408530E-1,9.660603523E0,-1.367089152E0,4.572925270E-1
4.110097760E-1,9.674968719E0,-1.405396342E0,2.322375625E-1
4.130444300E-1,9.672574997E0,-1.412579060E0,1.340752989E-1
4.151126990E-1,9.622296333E0,-1.414973259E0,-5.506663769E-2
4.171469680E-1,9.512163162E0,-1.352723956E0,-2.226607651E-1
4.192155830E-1,9.445125580E0,-1.340752959E0,-2.489969730E-1
4.212500830E-1,9.349357605E0,-1.335964561E0,-2.753331959E-1
4.232499300E-1,9.320627213E0,-1.347935557E0,-3.232172430E-1
4.252627370E-1,9.291896820E0,-1.352723956E0,-3.351882398E-1
4.273317760E-1,9.275136948E0,-1.350329757E0,-3.591302633E-1
4.293666220E-1,9.320627213E0,-1.362300754E0,-3.495534360E-1
4.314356220E-1,9.349357605E0,-1.386242747E0,-3.136404157E-1
4.334701990E-1,9.349357605E0,-1.388636947E0,-2.753331959E-1
4.354954290E-1,9.334992409E0,-1.441309452E0,-2.059013397E-1
4.374947370E-1,9.361329079E0,-1.467645645E0,-1.771709323E-1
4.395638910E-1,9.390059471E0,-1.477222443E0,-1.604115069E-1
4.415985830E-1,9.423578262E0,-1.498770237E0,-1.125274822E-1
4.435982370E-1,9.445125580E0,-1.510741234E0,-8.858546615E-2
4.455986600E-1,9.476250648E0,-1.539471745E0,-7.422025502E-2
4.476674680E-1,9.581595421E0,-1.572990537E0,-2.633621916E-2
4.497018140E-1,9.636661530E0,-1.589749932E0,-1.436521020E-2
4.517706600E-1,9.672574997E0,-1.606509328E0,-2.873042040E-2
4.538048520E-1,9.720458984E0,-1.623268723E0,-4.548983276E-2
4.558735830E-1,9.801861763E0,-1.651999116E0,-5.746084079E-2
4.579079290E-1,9.835380554E0,-1.666364431E0,-5.267243832E-2
4.599758910E-1,9.921571732E0,-1.685518026E0,-3.591302410E-2
4.620103910E-1,1.002691650E1,-1.678335428E0,1.675941236E-2
4.640153910E-1,1.008916569E1,-1.678335428E0,6.224924326E-2
4.661392760E-1,1.027830791E1,-1.678335428E0,1.508347094E-1
4.680436220E-1,1.046505547E1,-1.675941229E0,2.226607651E-1
4.700427370E-1,1.057518864E1,-1.690306425E0,2.657563984E-1
4.721113140E-1,1.078348446E1,-1.719036818E0,3.112462163E-1
4.741453910E-1,1.096304989E1,-1.726219416E0,3.303998411E-1
4.762141600E-1,1.102051067E1,-1.733402014E0,3.208230138E-1
4.782484680E-1,1.112824917E1,-1.733402014E0,2.777273953E-1
4.803171220E-1,1.125035381E1,-1.728613615E0,2.059013397E-1
4.823513910E-1,1.131978607E1,-1.733402014E0,1.675941199E-1
4.843571990E-1,1.135091019E1,-1.745373011E0,8.858546615E-2
4.865457750E-1,1.133893967E1,-1.742978811E0,-1.197100803E-2
4.883807750E-1,1.132217979E1,-1.752555609E0,-5.985504389E-2
4.903803520E-1,1.128147888E1,-1.766920805E0,-1.723825186E-1
4.924487370E-1,1.123598862E1,-1.769315004E0,-2.633621991E-1
4.944832750E-1,1.115219116E1,-1.766920805E0,-2.992752194E-1
4.965522750E-1,1.109473038E1,-1.771709204E0,-3.806780577E-1
4.985868140E-1,1.096304989E1,-1.754949808E0,-4.405331016E-1
5.006557750E-1,1.084094524E1,-1.757344007E0,-4.812345505E-1
5.026908140E-1,1.076193619E1,-1.750161409E0,-5.123591423E-1
5.046957370E-1,1.061589050E1,-1.757344007E0,-5.578489900E-1
5.066963520E-1,1.048181534E1,-1.731007814E0,-5.386953950E-1
5.087648140E-1,1.042195988E1,-1.723825216E0,-5.339069963E-1
5.107991600E-1,1.030224991E1,-1.707065821E0,-5.195417404E-1
5.128673140E-1,1.017296314E1,-1.668758631E0,-4.955997467E-1
5.149014290E-1,1.012268448E1,-1.651999116E0,-4.716577232E-1
5.169700450E-1,1.005325317E1,-1.628057122E0,-4.309563041E-1
5.190042750E-1,9.979032516E0,-1.601720929E0,-3.926490843E-1
5.210726210E-1,9.938331604E0,-1.594538331E0,-3.758896589E-1
5.231070060E-1,9.880870819E0,-1.570596337E0,-3.423708379E-1
5.251124290E-1,9.818621635E0,-1.570596337E0,-2.944868207E-1
5.271152370E-1,9.787496567E0,-1.561019540E0,-2.801215947E-1
5.291834290E-1,9.722852707E0,-1.537077546E0,-2.274491638E-1
5.312176210E-1,9.701305389E0,-1.534683347E0,-1.891419291E-1
5.332864290E-1,9.679757118E0,-1.527500629E0,-1.628057212E-1
5.353210830E-1,9.624691010E0,-1.522712231E0,-1.077390760E-1
5.373900060E-1,9.574412346E0,-1.517923832E0,-7.900865376E-2
5.394247370E-1,9.540893555E0,-1.503558636E0,-8.379705995E-2
5.414933140E-1,9.531316757E0,-1.491587639E0,-7.900865376E-2
5.435279290E-1,9.512163162E0,-1.486799240E0,-6.943184882E-2
5.455330830E-1,9.485827446E0,-1.510741234E0,-5.746084079E-2
5.476557750E-1,9.476250648E0,-1.510741234E0,-5.506663769E-2
5.495606210E-1,9.454702377E0,-1.498770237E0,-6.224924326E-2
5.515602370E-1,9.452308655E0,-1.486799240E0,-8.140286058E-2
5.536288910E-1,9.449913979E0,-1.486799240E0,-9.576806426E-2
5.556636980E-1,9.433155060E0,-1.474828243E0,-1.436520964E-1
5.577327370E-1,9.428366661E0,-1.462857246E0,-1.939303428E-1
5.597670060E-1,9.442731857E0,-1.460463047E0,-2.082955539E-1
5.618361210E-1,9.459490776E0,-1.443703651E0,-2.561795712E-1
5.638710060E-1,9.476250648E0,-1.424550056E0,-2.825157940E-1
5.658773140E-1,9.478644371E0,-1.424550056E0,-2.968810201E-1
5.680032750E-1,9.471462250E0,-1.419761658E0,-3.256114423E-1
5.699091600E-1,9.476250648E0,-1.426944256E0,-3.734954596E-1
5.719092370E-1,9.473855972E0,-1.414973259E0,-3.902548850E-1
5.739784670E-1,9.461885452E0,-1.419761658E0,-4.118026793E-1
5.760133520E-1,9.481039047E0,-1.400607944E0,-4.429273009E-1
5.780821980E-1,9.483432770E0,-1.393425345E0,-4.548983276E-1
5.801166980E-1,9.476250648E0,-1.383848548E0,-4.812345505E-1
5.821861980E-1,9.457097054E0,-1.381454349E0,-4.836287498E-1
5.842214290E-1,9.466673851E0,-1.374271750E0,-4.979939461E-1
5.862264290E-1,9.481039047E0,-1.388636947E0,-5.051765442E-1
5.882275440E-1,9.504981041E0,-1.395819545E0,-5.051765442E-1
5.902960830E-1,9.507374763E0,-1.403002143E0,-4.979939461E-1
5.923306210E-1,9.495404243E0,-1.431732655E0,-5.051765442E-1
5.943991980E-1,9.485827446E0,-1.460463047E0,-5.195417404E-1
5.964331600E-1,9.521739960E0,-1.493981838E0,-5.291185975E-1
5.985018520E-1,9.533711433E0,-1.505952835E0,-5.386953950E-1
6.005363900E-1,9.557653427E0,-1.522712231E0,-5.434837937E-1
6.026053520E-1,9.600749016E0,-1.546654344E0,-5.482721925E-1
6.046405440E-1,9.607931137E0,-1.551442742E0,-5.434837937E-1
6.066478520E-1,9.588777542E0,-1.565807939E0,-5.650315881E-1
6.086505440E-1,9.603142738E0,-1.589749932E0,-5.578489900E-1
6.107194670E-1,9.598354340E0,-1.599326730E0,-5.578489900E-1
6.127547360E-1,9.603142738E0,-1.623268723E0,-5.602431893E-1
6.148237360E-1,9.653421402E0,-1.632845521E0,-5.746083856E-1
6.168581980E-1,9.698910713E0,-1.654393315E0,-5.817909837E-1
6.189275440E-1,9.746794701E0,-1.690306425E0,-6.009446383E-1
6.209625060E-1,9.789890289E0,-1.735796213E0,-6.105214357E-1
6.230319670E-1,9.828198433E0,-1.738190413E0,-6.033388376E-1
6.250669670E-1,9.871294022E0,-1.750161409E0,-5.985504389E-1
6.270729290E-1,9.890447617E0,-1.774103403E0,-6.129156351E-1
6.291972360E-1,9.904812813E0,-1.776497602E0,-6.344634295E-1
6.311025060E-1,9.921571732E0,-1.786074519E0,-6.320692301E-1
6.331022360E-1,9.945513725E0,-1.807622313E0,-6.272808313E-1
6.351709670E-1,9.962273598E0,-1.819593310E0,-6.320692301E-1
6.372061590E-1,9.991003990E0,-1.843535304E0,-6.488286853E-1
6.392748520E-1,1.001494598E1,-1.845929503E0,-6.631938815E-1
6.413094290E-1,1.002212811E1,-1.845929503E0,-6.919242740E-1
6.433784670E-1,1.003409958E1,-1.843535304E0,-6.991068721E-1
6.454133900E-1,1.007480049E1,-1.853112102E0,-7.038952708E-1
6.474191980E-1,1.009874249E1,-1.874659896E0,-7.206547260E-1
6.496070440E-1,1.011550236E1,-1.860294700E0,-7.350199223E-1
6.514419670E-1,1.013465595E1,-1.848323703E0,-7.469909191E-1
6.534415440E-1,1.014183807E1,-1.845929503E0,-7.422025204E-1
6.555100820E-1,1.013465595E1,-1.831564307E0,-7.422025204E-1
6.575447360E-1,1.013704967E1,-1.798045516E0,-7.422025204E-1
6.596137750E-1,1.015380955E1,-1.798045516E0,-7.445967197E-1
6.616486590E-1,1.016817474E1,-1.800439715E0,-7.541735172E-1
6.637175820E-1,1.019211674E1,-1.786074519E0,-7.398083210E-1
6.657521590E-1,1.020169353E1,-1.766920805E0,-7.086837292E-1
6.677580820E-1,1.020887566E1,-1.757344007E0,-6.967126727E-1
6.697581210E-1,1.022084713E1,-1.723825216E0,-6.631938815E-1
6.718266590E-1,1.022324085E1,-1.702277422E0,-6.464344859E-1
6.738611210E-1,1.021605873E1,-1.687912226E0,-6.392518282E-1
6.759298130E-1,1.020408726E1,-1.673547029E0,-6.248866320E-1
6.779643520E-1,1.018732834E1,-1.659181833E0,-6.177040339E-1
6.799890820E-1,1.018732834E1,-1.642422318E0,-6.081272364E-1
6.819889670E-1,1.016578007E1,-1.618480325E0,-5.770025849E-1
6.840576980E-1,1.017056847E1,-1.601720929E0,-5.626373887E-1
6.860916980E-1,1.015620327E1,-1.594538331E0,-5.602431893E-1
6.880982360E-1,1.010353088E1,-1.553836942E0,-5.291185975E-1
6.901026210E-1,1.006761837E1,-1.529894829E0,-4.836287498E-1
6.921716980E-1,1.006043530E1,-1.525106430E0,-4.644751251E-1
6.942066980E-1,1.002452278E1,-1.508347034E0,-4.309563041E-1
6.962757360E-1,9.979032516E0,-1.453280449E0,-3.758896589E-1
6.983103130E-1,9.947908401E0,-1.448492050E0,-3.495534360E-1
7.003789280E-1,9.933543205E0,-1.438915253E0,-3.160346150E-1
7.024137360E-1,9.900024414E0,-1.426944256E0,-2.609679997E-1
7.044825820E-1,9.854534149E0,-1.412579060E0,-2.106897533E-1
7.065174670E-1,9.828198433E0,-1.412579060E0,-1.867477298E-1
7.085229670E-1,9.787496567E0,-1.391031146E0,-1.388636976E-1
7.106463130E-1,9.768342972E0,-1.388636947E0,-1.053448766E-1
7.125515440E-1,9.765948296E0,-1.381454349E0,-8.858546615E-2
7.145511980E-1,9.737217903E0,-1.371877551E0,-3.112462163E-2
7.166198130E-1,9.684545517E0,-1.362300754E0,-7.182605099E-3
7.186546590E-1,9.660603523E0,-1.355118155E0,4.788403399E-3
7.207235440E-1,9.636661530E0,-1.355118155E0,2.873042040E-2
7.227579670E-1,9.600749016E0,-1.343147159E0,6.464344263E-2
7.248273900E-1,9.588777542E0,-1.340752959E0,7.661445439E-2
7.268616980E-1,9.591172218E0,-1.338358760E0,9.097966552E-2
7.288679280E-1,9.591172218E0,-1.328781962E0,1.005564705E-1
7.309933130E-1,9.588777542E0,-1.319205165E0,1.101332754E-1
7.328992740E-1,9.572018623E0,-1.328781962E0,1.125274822E-1
7.348995440E-1,9.545681953E0,-1.314416766E0,1.005564705E-1
7.369683510E-1,9.540893555E0,-1.309628367E0,9.337386489E-2
7.390030820E-1,9.538499832E0,-1.309628367E0,9.097966552E-2
7.410720820E-1,9.519346237E0,-1.292868972E0,8.619125932E-2
7.431066210E-1,9.512163162E0,-1.276109457E0,8.379705995E-2
7.451755820E-1,9.497797966E0,-1.266532660E0,6.943184882E-2
7.472106980E-1,9.500192642E0,-1.252167463E0,5.267243832E-2
7.492161980E-1,9.507374763E0,-1.259350061E0,5.027823523E-2
7.512173900E-1,9.516951561E0,-1.254561663E0,3.591302410E-2
7.532863130E-1,9.507374763E0,-1.242590666E0,2.154781483E-2
7.553207360E-1,9.519346237E0,-1.233013868E0,1.675941236E-2
7.573894670E-1,9.543288231E0,-1.228225470E0,-2.394201700E-3
7.594240820E-1,9.560047150E0,-1.223437071E0,-3.591302410E-2
7.614923510E-1,9.586383820E0,-1.240196466E0,-4.788403213E-2
7.635266590E-1,9.603142738E0,-1.237802267E0,-6.224924326E-2
7.655953900E-1,9.670180321E0,-1.213860273E0,-8.379705995E-2
7.676297740E-1,9.684545517E0,-1.199495077E0,-1.125274822E-1
7.696357360E-1,9.689333916E0,-1.180341482E0,-1.244984865E-1
7.716392360E-1,9.701305389E0,-1.146822572E0,-1.388636976E-1
7.737081200E-1,9.713275909E0,-1.120486379E0,-1.532289088E-1
7.757425440E-1,9.727641106E0,-1.115697980E0,-1.628057212E-1
7.778113130E-1,9.765948296E0,-1.096544385E0,-1.771709323E-1
7.798458510E-1,9.797073364E0,-1.079784989E0,-1.915361285E-1
7.819148900E-1,9.799467087E0,-1.065419793E0,-2.106897533E-1
7.839499280E-1,9.828198433E0,-1.051054597E0,-2.370259613E-1
7.860189670E-1,9.847352028E0,-1.031900883E0,-2.537853718E-1
7.880538510E-1,9.859322548E0,-1.012747288E0,-2.657563984E-1
7.900585440E-1,9.873687744E0,-9.864110947E-1,-3.064578176E-1
7.921818900E-1,9.909601212E0,-9.576807022E-1,-3.423708379E-1
7.940886970E-1,9.921571732E0,-9.576807022E-1,-3.543418646E-1
7.960888130E-1,9.947908401E0,-9.624691010E-1,-3.950432837E-1
7.981578510E-1,9.983820915E0,-9.409212470E-1,-4.285621047E-1
8.001927360E-1,9.993397713E0,-9.337386489E-1,-4.453215301E-1
8.022613900E-1,1.001255131E1,-9.050082564E-1,-4.788403511E-1
8.042960430E-1,1.001733971E1,-8.762778044E-1,-5.003881454E-1
8.063653510E-1,1.001015759E1,-8.571242094E-1,-5.219359994E-1
8.084003130E-1,1.001015759E1,-8.403648138E-1,-5.339069963E-1
8.104068510E-1,1.001015759E1,-8.355764151E-1,-5.530605912E-1
8.125963900E-1,1.001255131E1,-8.188169599E-1,-5.482721925E-1
8.144327740E-1,1.000297451E1,-8.188169599E-1,-5.458779931E-1
8.164329660E-1,9.979032516E0,-8.020575643E-1,-5.434837937E-1
8.185021590E-1,9.983820915E0,-7.900865674E-1,-5.315127969E-1
8.205368900E-1,9.981427193E0,-7.924807668E-1,-5.291185975E-1
8.226058510E-1,9.952696800E0,-7.709329724E-1,-5.195417404E-1
8.246408900E-1,9.959878922E0,-8.020575643E-1,-4.979939461E-1
8.267094280E-1,9.955090523E0,-8.140285611E-1,-4.932055473E-1
8.287440430E-1,9.931148529E0,-8.140285611E-1,-4.812345505E-1
8.307494280E-1,9.959878922E0,-8.236053586E-1,-4.620809257E-1
8.327503510E-1,9.964667320E0,-8.331822157E-1,-4.477157295E-1
8.348195430E-1,9.938331604E0,-8.499416113E-1,-4.189853072E-1
8.368543130E-1,9.900024414E0,-8.523358107E-1,-4.022258818E-1
8.389238510E-1,9.897629738E0,-8.619126081E-1,-4.022258818E-1
8.409587740E-1,9.868899345E0,-8.786720037E-1,-3.734954596E-1
8.430278890E-1,9.854534149E0,-8.906430602E-1,-3.423708379E-1
8.450624280E-1,9.837775230E0,-8.954314590E-1,-3.327940404E-1
8.471314280E-1,9.811438560E0,-9.241618514E-1,-3.280056417E-1
8.491658890E-1,9.794678688E0,-9.481038451E-1,-3.208230138E-1
8.511715820E-1,9.789890289E0,-9.552865028E-1,-3.136404157E-1
8.531748510E-1,9.751583099E0,-9.624691010E-1,-2.968810201E-1
8.552435820E-1,9.722852707E0,-9.768342972E-1,-2.633621991E-1
8.572790820E-1,9.696516991E0,-9.888052940E-1,-2.609679997E-1
8.593478510E-1,9.684545517E0,-1.017535686E0,-2.609679997E-1
8.613834280E-1,9.667786598E0,-1.015141487E0,-2.633621991E-1
8.634518890E-1,9.631873131E0,-1.031900883E0,-2.466027737E-1
8.654864280E-1,9.627084732E0,-1.031900883E0,-2.346317619E-1
8.675554280E-1,9.593565941E0,-1.036689281E0,-2.394201756E-1
8.695903510E-1,9.591172218E0,-1.060631394E0,-2.370259613E-1
8.715949280E-1,9.586383820E0,-1.055842996E0,-2.346317619E-1
8.737178890E-1,9.567230225E0,-1.063025594E0,-2.394201756E-1
8.756234280E-1,9.586383820E0,-1.070208192E0,-2.513911724E-1
8.776231590E-1,9.603142738E0,-1.063025594E0,-2.609679997E-1
8.796918890E-1,9.619902611E0,-1.074996591E0,-2.968810201E-1
8.817267740E-1,9.624691010E0,-1.072602391E0,-3.280056417E-1
8.837957740E-1,9.624691010E0,-1.082179189E0,-3.399766386E-1
8.858308890E-1,9.622296333E0,-1.058237195E0,-3.758896589E-1
8.878999660E-1,9.629479408E0,-1.048660398E0,-3.902548850E-1
8.899351970E-1,9.624691010E0,-1.046266198E0,-3.974374831E-1
8.919406590E-1,9.636661530E0,-1.043871999E0,-3.998316824E-1
8.940660430E-1,9.612719536E0,-1.024718285E0,-3.950432837E-1
8.959721970E-1,9.605537415E0,-1.007958889E0,-4.046200812E-1
8.979716970E-1,9.617507935E0,-9.672574997E-1,-4.094084799E-1
9.000409660E-1,9.624691010E0,-9.385270476E-1,-4.189853072E-1
9.020755820E-1,9.631873131E0,-9.409212470E-1,-4.285621047E-1
9.041446580E-1,9.662998199E0,-9.409212470E-1,-4.453215301E-1
9.061796970E-1,9.696516991E0,-9.265560508E-1,-4.692635238E-1
9.082487350E-1,9.751583099E0,-9.313444495E-1,-4.908113480E-1
9.102831580E-1,9.787496567E0,-9.361328483E-1,-5.051765442E-1
9.122873120E-1,9.842563629E0,-9.433154464E-1,-5.434837937E-1
9.142875050E-1,9.837775230E0,-9.313444495E-1,-5.793967843E-1
9.163562740E-1,9.854534149E0,-9.169792533E-1,-6.009446383E-1
9.183910050E-1,9.880870819E0,-9.026140571E-1,-6.320692301E-1
9.204601580E-1,9.888052940E0,-8.954314590E-1,-6.536170840E-1
9.224943510E-1,9.900024414E0,-8.930372596E-1,-6.607996821E-1
9.245190430E-1,9.923966408E0,-8.906430602E-1,-7.038952708E-1
9.265191200E-1,9.945513725E0,-9.217676520E-1,-7.182605267E-1
9.285879280E-1,9.959878922E0,-9.241618514E-1,-7.302315235E-1
9.306225050E-1,9.991003990E0,-9.265560508E-1,-7.541735172E-1
9.326280430E-1,1.002691650E1,-9.361328483E-1,-7.661445141E-1
9.346318890E-1,1.004367638E1,-9.457096457E-1,-7.661445141E-1
9.367004280E-1,1.005085850E1,-9.600749016E-1,-7.781155705E-1
9.387353510E-1,1.007001209E1,-9.911994934E-1,-7.852981687E-1
9.408042350E-1,1.007001209E1,-9.935936928E-1,-8.020575643E-1
9.428391200E-1,1.007240677E1,-1.010353088E0,-8.140285611E-1
9.449078890E-1,1.007480049E1,-1.007958889E0,-8.283938169E-1
9.469421200E-1,1.007719517E1,-1.012747288E0,-8.307880163E-1
9.490105810E-1,1.007719517E1,-1.012747288E0,-8.427590132E-1
9.510444660E-1,1.006761837E1,-1.031900883E0,-8.619126081E-1
9.530495430E-1,1.007001209E1,-1.039083481E0,-8.643068075E-1
9.551728890E-1,1.005804157E1,-1.084573388E0,-8.690952063E-1
9.570781970E-1,1.006043530E1,-1.089361787E0,-8.810662031E-1
9.590780430E-1,1.007001209E1,-1.103726983E0,-8.906430602E-1
9.611472350E-1,1.007480049E1,-1.146822572E0,-9.169792533E-1
9.631815040E-1,1.009156036E1,-1.180341482E0,-9.361328483E-1
9.652503510E-1,1.010592556E1,-1.199495077E0,-9.552865028E-1
9.672851200E-1,1.010353088E1,-1.247379065E0,-9.600749016E-1
9.693535040E-1,1.009634876E1,-1.271321058E0,-9.433154464E-1
9.713883890E-1,1.008437729E1,-1.323993564E0,-9.313444495E-1
9.733941200E-1,1.006522369E1,-1.343147159E0,-9.121908545E-1
9.755837350E-1,1.002931118E1,-1.391031146E0,-8.499416113E-1
9.774183890E-1,9.976638794E0,-1.438915253E0,-8.140285611E-1
9.794181970E-1,9.950302124E0,-1.450886250E0,-7.876923680E-1
9.814866200E-1,9.876082420E0,-1.493981838E0,-7.158663273E-1
9.835218890E-1,9.777919769E0,-1.529894829E0,-6.392518282E-1
9.855904660E-1,9.734824181E0,-1.553836942E0,-5.961562395E-1
9.876252350E-1,9.670180321E0,-1.563413739E0,-5.506663918E-1
9.896940810E-1,9.619902611E0,-1.577778935E0,-5.674257874E-1
9.917286200E-1,9.595960617E0,-1.587355733E0,-5.889736414E-1
9.937335810E-1,9.572018623E0,-1.584961534E0,-6.392518282E-1
9.957347350E-1,9.536105156E0,-1.565807939E0,-6.847416759E-1
9.978038500E-1,9.524134636E0,-1.558625340E0,-7.062895298E-1
9.998390810E-1,9.497797966E0,-1.572990537E0,-7.206547260E-1
1.001908389E0,9.466673851E0,-1.563413739E0,-7.086837292E-1
1.003943197E0,9.464279175E0,-1.565807939E0,-7.158663273E-1
1.006012312E0,9.469067574E0,-1.577778935E0,-7.134721279E-1
1.008047197E0,9.488221169E0,-1.558625340E0,-7.374141216E-1
1.010116158E0,9.507374763E0,-1.529894829E0,-7.445967197E-1
1.012150927E0,9.562441826E0,-1.441309452E0,-7.445967197E-1
1.014157196E0,9.569623947E0,-1.323993564E0,-7.493851185E-1
1.016160658E0,9.583989143E0,-1.268926859E0,-7.469909191E-1
1.018229504E0,9.627084732E0,-1.199495077E0,-7.685387731E-1
1.020264427E0,9.710882187E0,-1.161187768E0,-8.188169599E-1
1.022333427E0,9.763554573E0,-1.118092179E0,-8.738836050E-1
1.024368850E0,9.785101891E0,-1.086967587E0,-8.978256583E-1
1.026437696E0,9.854534149E0,-1.060631394E0,-9.337386489E-1
1.028472966E0,9.947908401E0,-1.017535686E0,-9.768342972E-1
1.030542120E0,9.998186111E0,-9.888052940E-1,-9.888052940E-1
1.032577273E0,1.005085850E1,-9.457096457E-1,-1.017535686E0
1.034582043E0,1.009156036E1,-8.858546019E-1,-1.063025594E0
1.036707158E0,1.011071396E1,-8.475474119E-1,-1.082179189E0
1.038613273E0,1.015141487E1,-7.589619160E-1,-1.149216771E0
1.040613466E0,1.017296314E1,-7.158663273E-1,-1.221042871E0
1.042682850E0,1.018014526E1,-6.943184733E-1,-1.249773264E0
1.044718043E0,1.018732834E1,-6.320692301E-1,-1.323993564E0
1.046787350E0,1.017056847E1,-5.841852427E-1,-1.388636947E0
1.048822043E0,1.017296314E1,-5.817909837E-1,-1.410184860E0
1.050891389E0,1.015380955E1,-5.674257874E-1,-1.458068848E0
1.052926158E0,1.009634876E1,-5.339069963E-1,-1.472434044E0
1.054932735E0,1.008437729E1,-5.386953950E-1,-1.477222443E0
1.057058312E0,1.005325317E1,-5.746083856E-1,-1.448492050E0
1.058964119E0,1.003888798E1,-6.081272364E-1,-1.400607944E0
1.060964196E0,1.002931118E1,-6.344634295E-1,-1.376665950E0
1.063033312E0,9.986215591E0,-6.943184733E-1,-1.292868972E0
1.065068773E0,9.935936928E0,-7.661445141E-1,-1.247379065E0
1.067138004E0,9.928754807E0,-8.020575643E-1,-1.223437071E0
1.069172812E0,9.907206535E0,-8.643068075E-1,-1.158793569E0
1.071242196E0,9.878476143E0,-9.433154464E-1,-1.089361787E0
1.073276850E0,9.832986832E0,-1.017535686E0,-1.036689281E0
1.075281965E0,9.799467087E0,-1.041477680E0,-1.017535686E0
1.077282004E0,9.744400978E0,-1.103726983E0,-9.935936928E-1
1.079350735E0,9.682151794E0,-1.177947283E0,-9.696516991E-1
1.081385389E0,9.651026726E0,-1.206677675E0,-9.600749016E-1
1.083453812E0,9.641449928E0,-1.266532660E0,-9.552865028E-1
1.085488658E0,9.646238327E0,-1.359906554E0,-9.337386489E-1
1.087557889E0,9.648633003E0,-1.410184860E0,-9.169792533E-1
1.089592735E0,9.662998199E0,-1.505952835E0,-9.026140571E-1
1.091661696E0,9.686940193E0,-1.601720929E0,-9.026140571E-1
1.093696350E0,9.698910713E0,-1.644816518E0,-9.002198577E-1
1.095703388E0,9.742006302E0,-1.735796213E0,-8.978256583E-1
1.097707196E0,9.801861763E0,-1.802833915E0,-8.930372596E-1
1.099776004E0,9.823410034E0,-1.848323703E0,-8.906430602E-1
1.101811312E0,9.876082420E0,-1.920149803E0,-8.930372596E-1
1.103880773E0,9.943120003E0,-1.970427990E0,-8.954314590E-1
1.105916042E0,9.976638794E0,-1.984793186E0,-8.954314590E-1
1.107985273E0,1.002691650E1,-1.994369984E0,-9.002198577E-1
1.110020081E0,1.007958889E1,-2.011129379E0,-9.097966552E-1
1.112089235E0,1.013226128E1,-2.008735180E0,-8.978256583E-1
1.114124312E0,1.015141487E1,-2.006340981E0,-8.882488012E-1
1.116130042E0,1.019211674E1,-1.987187386E0,-8.906430602E-1
1.118254388E0,1.023281765E1,-1.920149803E0,-8.714894056E-1
1.120159696E0,1.024957752E1,-1.879448295E0,-8.595184088E-1
1.122159811E0,1.028070164E1,-1.805228114E0,-8.427590132E-1
1.124228965E0,1.028070164E1,-1.738190413E0,-8.307880163E-1
1.126263965E0,1.028549004E1,-1.697489023E0,-8.307880163E-1
1.128332658E0,1.028549004E1,-1.606509328E0,-8.355764151E-1
1.130367158E0,1.027112484E1,-1.515529633E0,-8.595184088E-1
1.132436119E0,1.025197124E1,-1.467645645E0,-8.834604025E-1
1.134471735E0,1.020887566E1,-1.395819545E0,-9.313444495E-1
1.136478158E0,1.020169353E1,-1.309628367E0,-9.720458984E-1
1.138666004E0,1.018732834E1,-1.266532660E0,-1.000776291E0
1.140501773E0,1.014662647E1,-1.194706678E0,-1.043871999E0
1.142501042E0,1.011789608E1,-1.113303781E0,-1.091755986E0
1.144570350E0,1.010113716E1,-1.077390790E0,-1.118092179E0
1.146605350E0,1.005564690E1,-1.029506683E0,-1.175553083E0
1.148674581E0,1.001494598E1,-9.672574997E-1,-1.213860273E0
1.150709234E0,1.000058079E1,-9.385270476E-1,-1.228225470E0
1.152778119E0,9.969455719E0,-8.714894056E-1,-1.266532660E0
1.154812465E0,9.947908401E0,-8.236053586E-1,-1.297657371E0
1.156816888E0,9.928754807E0,-8.044517636E-1,-1.307234168E0
1.158817888E0,9.892841339E0,-7.876923680E-1,-1.331176162E0
1.160887119E0,9.861717224E0,-7.326257229E-1,-1.338358760E0
1.162921657E0,9.837775230E0,-7.134721279E-1,-1.338358760E0
1.164990388E0,9.813833237E0,-6.919242740E-1,-1.338358760E0
1.167025004E0,9.785101891E0,-6.775590777E-1,-1.335964561E0
1.169050081E0,9.789890289E0,-6.727706790E-1,-1.328781962E0
1.171049619E0,9.765948296E0,-6.560112834E-1,-1.304839969E0
1.173118004E0,9.737217903E0,-6.440402865E-1,-1.278503656E0
1.175152196E0,9.715670586E0,-6.464344859E-1,-1.237802267E0
1.177158196E0,9.713275909E0,-6.344634295E-1,-1.211466074E0
1.179163504E0,9.708487511E0,-6.272808313E-1,-1.158793569E0
1.181232004E0,9.662998199E0,-6.296750307E-1,-1.113303781E0
1.183266388E0,9.660603523E0,-6.464344859E-1,-1.089361787E0
1.185334850E0,9.627084732E0,-6.440402865E-1,-1.027112484E0
1.187369542E0,9.641449928E0,-6.416460276E-1,-9.696516991E-1
1.189438427E0,9.636661530E0,-6.560112834E-1,-9.385270476E-1
1.191473196E0,9.641449928E0,-6.775590777E-1,-8.786720037E-1
1.193542350E0,9.622296333E0,-7.038952708E-1,-8.236053586E-1
1.195576888E0,9.627084732E0,-7.230489254E-1,-7.948749661E-1
1.197580734E0,9.627084732E0,-7.302315235E-1,-7.326257229E-1
1.199703811E0,9.624691010E0,-7.613561153E-1,-6.751648784E-1
1.201609080E0,9.622296333E0,-7.924807668E-1,-6.488286853E-1
1.203608619E0,9.636661530E0,-8.212111592E-1,-5.770025849E-1
1.205677542E0,9.646238327E0,-8.427590132E-1,-5.219359994E-1
1.207712234E0,9.646238327E0,-8.667010069E-1,-4.979939461E-1
1.209781427E0,9.646238327E0,-9.289502501E-1,-4.453215301E-1
1.211816234E0,9.629479408E0,-9.504981041E-1,-3.830722570E-1
1.213884927E0,9.627084732E0,-9.576807022E-1,-3.615244627E-1
1.215918465E0,9.622296333E0,-1.019929886E0,-3.327940404E-1
1.217923734E0,9.607931137E0,-1.070208192E0,-3.112462163E-1
1.220049196E0,9.600749016E0,-1.072602391E0,-2.920926213E-1
1.221953350E0,9.600749016E0,-1.091755986E0,-2.873041928E-1
1.223952350E0,9.605537415E0,-1.094150186E0,-2.873041928E-1
1.226020350E0,9.605537415E0,-1.103726983E0,-2.825157940E-1
1.228054580E0,9.619902611E0,-1.106121182E0,-2.920926213E-1
1.230122850E0,9.612719536E0,-1.134851575E0,-3.112462163E-1
1.232157157E0,9.603142738E0,-1.130063176E0,-3.208230138E-1
1.234225503E0,9.605537415E0,-1.113303781E0,-3.303998411E-1
1.236260349E0,9.624691010E0,-1.108515382E0,-3.615244627E-1
1.238266157E0,9.636661530E0,-1.084573388E0,-3.782838583E-1
1.240267273E0,9.648633003E0,-1.072602391E0,-3.950432837E-1
1.242336503E0,9.648633003E0,-1.051054597E0,-4.237737060E-1
1.244371157E0,9.651026726E0,-1.022324085E0,-4.692635238E-1
1.246440273E0,9.667786598E0,-1.010353088E0,-4.979939461E-1
1.248475234E0,9.677363396E0,-9.792284966E-1,-5.386953950E-1
1.250544042E0,9.672574997E0,-9.457096457E-1,-5.937620401E-1
1.252578926E0,9.677363396E0,-9.385270476E-1,-6.153098345E-1
1.254647657E0,9.686940193E0,-9.169792533E-1,-6.512228847E-1
1.256682311E0,9.701305389E0,-8.643068075E-1,-6.823474765E-1
1.258688311E0,9.703699112E0,-8.427590132E-1,-7.015010715E-1
1.260690811E0,9.715670586E0,-8.164227605E-1,-7.517793179E-1
1.262759542E0,9.737217903E0,-7.613561153E-1,-7.829039693E-1
1.264793965E0,9.749189377E0,-7.445967197E-1,-8.092401624E-1
1.266862234E0,9.777919769E0,-7.158663273E-1,-8.451532125E-1
1.268896619E0,9.818621635E0,-6.775590777E-1,-8.786720037E-1
1.270965734E0,9.830592155E0,-6.584054828E-1,-8.906430602E-1
1.272999849E0,9.856928825E0,-6.272808313E-1,-9.193734527E-1
1.275068734E0,9.883264542E0,-6.177040339E-1,-9.265560508E-1
1.277103157E0,9.909601212E0,-5.817909837E-1,-9.313444495E-1
1.279107311E0,9.919178009E0,-5.698199868E-1,-9.265560508E-1
1.281231426E0,9.945513725E0,-5.602431893E-1,-9.050082564E-1
1.283136119E0,9.945513725E0,-5.506663918E-1,-8.810662031E-1
1.285135580E0,9.955090523E0,-5.482721925E-1,-8.762778044E-1
1.287204003E0,9.991003990E0,-5.530605912E-1,-8.547300100E-1
1.289238657E0,9.993397713E0,-5.578489900E-1,-8.379706144E-1
1.291307080E0,9.993397713E0,-5.554547906E-1,-8.236053586E-1
1.293341734E0,9.983820915E0,-5.482721925E-1,-7.972691655E-1
1.295409926E0,9.983820915E0,-5.530605912E-1,-7.709329724E-1
1.297444618E0,9.979032516E0,-5.339069963E-1,-7.469909191E-1
1.299449542E0,9.957485199E0,-5.315127969E-1,-7.015010715E-1
1.301637965E0,9.933543205E0,-5.291185975E-1,-6.727706790E-1
1.303473542E0,9.923966408E0,-5.243301988E-1,-6.488286853E-1
1.305473080E0,9.878476143E0,-5.315127969E-1,-6.081272364E-1
1.307541695E0,9.847352028E0,-5.410895944E-1,-5.913678408E-1
1.309576388E0,9.818621635E0,-5.458779931E-1,-5.698199868E-1
1.311645080E0,9.787496567E0,-5.506663918E-1,-5.410895944E-1
1.313679695E0,9.765948296E0,-5.746083856E-1,-5.003881454E-1
1.315748426E0,9.742006302E0,-5.913678408E-1,-4.788403511E-1
1.317782926E0,9.708487511E0,-6.081272364E-1,-4.501099288E-1
1.319788080E0,9.674968719E0,-6.081272364E-1,-4.357447028E-1
1.321788926E0,9.662998199E0,-6.105214357E-1,-4.237737060E-1
1.323857772E0,9.636661530E0,-6.464344859E-1,-3.926490843E-1
1.325892465E0,9.610325813E0,-6.847416759E-1,-3.591302633E-1
1.327961080E0,9.610325813E0,-6.919242740E-1,-3.471592367E-1
1.329996080E0,9.600749016E0,-6.919242740E-1,-3.232172430E-1
1.332064580E0,9.600749016E0,-7.134721279E-1,-2.968810201E-1
1.334099734E0,9.574412346E0,-7.278373241E-1,-2.777273953E-1
1.336167888E0,9.569623947E0,-7.589619160E-1,-2.705447972E-1
1.338202811E0,9.567230225E0,-7.565677166E-1,-2.777273953E-1
1.340209734E0,9.574412346E0,-7.613561153E-1,-2.801215947E-1
1.342213118E0,9.567230225E0,-7.589619160E-1,-2.681505978E-1
1.344282234E0,9.543288231E0,-7.805097699E-1,-2.657563984E-1
1.346316926E0,9.552865028E0,-7.900865674E-1,-2.681505978E-1
1.348385618E0,9.552865028E0,-7.948749661E-1,-2.585737705E-1
1.350420464E0,9.550470352E0,-8.020575643E-1,-2.585737705E-1
1.352489695E0,9.552865028E0,-7.924807668E-1,-2.442085743E-1
1.354525080E0,9.550470352E0,-7.924807668E-1,-2.442085743E-1
1.356594349E0,9.531316757E0,-7.948749661E-1,-2.466027737E-1
1.358629426E0,9.533711433E0,-8.020575643E-1,-2.274491638E-1
1.360635157E0,9.533711433E0,-7.996633649E-1,-2.154781520E-1
1.362758580E0,9.538499832E0,-7.900865674E-1,-2.154781520E-1
1.364663811E0,9.557653427E0,-7.733271718E-1,-2.226607651E-1
1.366663157E0,9.560047150E0,-7.852981687E-1,-2.226607651E-1
1.368732464E0,9.576807022E0,-7.972691655E-1,-2.250549644E-1
1.370766811E0,9.605537415E0,-7.972691655E-1,-2.418143749E-1
1.372835157E0,9.610325813E0,-7.948749661E-1,-2.466027737E-1
1.374869657E0,9.631873131E0,-7.948749661E-1,-2.681505978E-1
1.376938003E0,9.653421402E0,-7.805097699E-1,-2.992752194E-1
1.378972618E0,9.677363396E0,-7.781155705E-1,-3.088520169E-1
1.380978195E0,9.694122314E0,-7.613561153E-1,-3.256114423E-1
1.383103772E0,9.727641106E0,-7.805097699E-1,-3.639186621E-1
1.385009118E0,9.742006302E0,-7.781155705E-1,-3.782838583E-1
1.387008887E0,9.768342972E0,-7.757213712E-1,-4.141969085E-1
1.389077580E0,9.787496567E0,-7.613561153E-1,-4.668693244E-1
1.391112234E0,9.821015358E0,-7.541735172E-1,-4.836287498E-1
1.393180734E0,9.825803757E0,-7.589619160E-1,-5.171475410E-1
1.395214926E0,9.873687744E0,-7.469909191E-1,-5.482721925E-1
1.397283657E0,9.885659218E0,-7.134721279E-1,-5.770025849E-1
1.399318157E0,9.904812813E0,-7.038952708E-1,-5.793967843E-1
1.401322887E0,9.923966408E0,-6.967126727E-1,-5.865794420E-1
1.403323810E0,9.928754807E0,-6.895300746E-1,-6.033388376E-1
1.405392849E0,9.933543205E0,-6.799532771E-1,-6.153098345E-1
1.407427387E0,9.938331604E0,-6.512228847E-1,-6.488286853E-1
1.409496041E0,9.957485199E0,-6.655880809E-1,-6.607996821E-1
1.411530733E0,9.974244118E0,-6.679822803E-1,-6.679822803E-1
1.413555041E0,1.001255131E1,-6.607996821E-1,-6.799532771E-1
1.415554695E0,1.000536919E1,-6.584054828E-1,-6.967126727E-1
1.417623541E0,1.001255131E1,-6.679822803E-1,-6.919242740E-1
1.419658310E0,1.003888798E1,-6.655880809E-1,-6.919242740E-1
1.421664541E0,1.003170490E1,-6.536170840E-1,-6.967126727E-1
1.423669695E0,1.004607010E1,-6.512228847E-1,-6.991068721E-1
1.425738772E0,1.006522369E1,-6.536170840E-1,-6.919242740E-1
1.427773656E0,1.006043530E1,-6.607996821E-1,-6.967126727E-1
1.429842580E0,1.005804157E1,-6.655880809E-1,-7.110779285E-1
1.431877580E0,1.003409958E1,-6.799532771E-1,-7.158663273E-1
1.433946426E0,1.002691650E1,-6.847416759E-1,-7.038952708E-1
1.435980887E0,1.002691650E1,-7.015010715E-1,-6.991068721E-1
1.438050233E0,1.002931118E1,-7.015010715E-1,-7.015010715E-1
1.440084964E0,1.002212811E1,-7.230489254E-1,-7.015010715E-1
1.442089310E0,1.001255131E1,-7.254431248E-1,-7.015010715E-1
1.444215695E0,1.000058079E1,-7.374141216E-1,-6.991068721E-1
1.446121272E0,9.993397713E0,-7.661445141E-1,-7.086837292E-1
1.448121195E0,9.993397713E0,-7.661445141E-1,-7.086837292E-1
1.450190079E0,9.988609314E0,-7.829039693E-1,-6.967126727E-1
1.452225003E0,9.983820915E0,-7.996633649E-1,-6.895300746E-1
1.454294733E0,9.971850395E0,-8.020575643E-1,-6.847416759E-1
1.456329772E0,9.955090523E0,-8.068459630E-1,-6.823474765E-1
1.458398772E0,9.938331604E0,-8.188169599E-1,-6.751648784E-1
1.460433118E0,9.945513725E0,-8.331822157E-1,-6.727706790E-1
1.462438810E0,9.947908401E0,-8.307880163E-1,-6.727706790E-1
1.464627079E0,9.931148529E0,-8.451532125E-1,-6.895300746E-1
1.466462233E0,9.914389610E0,-8.667010069E-1,-6.799532771E-1
1.468461502E0,9.919178009E0,-8.667010069E-1,-6.727706790E-1
1.470530387E0,9.938331604E0,-8.834604025E-1,-6.751648784E-1
1.472564964E0,9.933543205E0,-8.786720037E-1,-6.703764796E-1
1.474633695E0,9.928754807E0,-8.786720037E-1,-6.751648784E-1
1.476668195E0,9.938331604E0,-8.810662031E-1,-6.727706790E-1
1.478737195E0,9.940725327E0,-8.906430602E-1,-6.727706790E-1
1.480771349E0,9.935936928E0,-8.978256583E-1,-6.679822803E-1
1.482775579E0,9.931148529E0,-8.906430602E-1,-6.536170840E-1
1.484775810E0,9.926360130E0,-9.026140571E-1,-6.488286853E-1
1.486844618E0,9.923966408E0,-9.074024558E-1,-6.512228847E-1
1.488878695E0,9.947908401E0,-8.954314590E-1,-6.440402865E-1
1.490947387E0,9.945513725E0,-9.121908545E-1,-6.464344859E-1
1.492981695E0,9.940725327E0,-9.097966552E-1,-6.416460276E-1
1.495050041E0,9.964667320E0,-9.050082564E-1,-6.536170840E-1
1.497084310E0,9.983820915E0,-9.050082564E-1,-6.488286853E-1
1.499153002E0,9.983820915E0,-8.954314590E-1,-6.200982332E-1
1.501187348E0,9.983820915E0,-8.858546019E-1,-6.153098345E-1
1.503193502E0,9.976638794E0,-8.882488012E-1,-6.177040339E-1
1.505195772E0,1.000058079E1,-8.810662031E-1,-6.320692301E-1
1.507264464E0,1.001015759E1,-8.858546019E-1,-6.320692301E-1
1.509298695E0,9.991003990E0,-8.858546019E-1,-6.272808313E-1
1.511367618E0,1.000058079E1,-8.882488012E-1,-6.464344859E-1
1.513401925E0,1.001255131E1,-8.906430602E-1,-6.560112834E-1
1.515470464E0,1.003649330E1,-8.834604025E-1,-6.464344859E-1
1.517505118E0,1.004607010E1,-8.882488012E-1,-6.464344859E-1
1.519574041E0,1.004607010E1,-8.834604025E-1,-6.440402865E-1
1.521608579E0,1.004367638E1,-8.786720037E-1,-6.512228847E-1
1.523613771E0,1.005085850E1,-8.810662031E-1,-6.344634295E-1
1.525737771E0,1.006043530E1,-8.834604025E-1,-6.368576288E-1
1.527642964E0,1.005804157E1,-8.882488012E-1,-6.416460276E-1
1.529642464E0,1.005564690E1,-8.714894056E-1,-6.416460276E-1
1.531711271E0,1.006522369E1,-8.619126081E-1,-6.440402865E-1
1.533746002E0,1.006522369E1,-8.403648138E-1,-6.584054828E-1
1.535815002E0,1.006761837E1,-8.307880163E-1,-6.560112834E-1
1.537850041E0,1.006043530E1,-8.259995580E-1,-6.512228847E-1
1.539919118E0,1.007958889E1,-8.164227605E-1,-6.512228847E-1
1.541953233E0,1.008437729E1,-8.068459630E-1,-6.679822803E-1
1.543958656E0,1.008916569E1,-8.044517636E-1,-6.679822803E-1
1.546083310E0,1.008437729E1,-7.996633649E-1,-6.775590777E-1
1.547988502E0,1.006761837E1,-7.948749661E-1,-6.799532771E-1
1.549988079E0,1.006522369E1,-7.972691655E-1,-6.703764796E-1
1.552056810E0,1.006043530E1,-7.924807668E-1,-6.895300746E-1
1.554091348E0,1.006522369E1,-7.757213712E-1,-6.895300746E-1
1.556160002E0,1.006282997E1,-7.805097699E-1,-7.038952708E-1
1.558194810E0,1.005804157E1,-7.757213712E-1,-7.086837292E-1
1.560263579E0,1.004607010E1,-7.422025204E-1,-7.015010715E-1
1.562298156E0,1.004128170E1,-7.302315235E-1,-7.062895298E-1
1.564303117E0,1.002931118E1,-7.278373241E-1,-7.038952708E-1
1.566303848E0,1.002691650E1,-7.206547260E-1,-6.799532771E-1
1.568372925E0,1.001733971E1,-7.445967197E-1,-6.751648784E-1
1.570407310E0,1.001015759E1,-7.517793179E-1,-6.703764796E-1
1.572475887E0,9.988609314E0,-7.565677166E-1,-6.631938815E-1
1.574510579E0,9.967061996E0,-7.589619160E-1,-6.560112834E-1
1.576579387E0,9.974244118E0,-7.565677166E-1,-6.440402865E-1
1.578614002E0,9.964667320E0,-7.517793179E-1,-6.416460276E-1
1.580682617E0,9.959878922E0,-7.517793179E-1,-6.464344859E-1
1.582716540E0,9.947908401E0,-7.541735172E-1,-6.464344859E-1
1.584721387E0,9.907206535E0,-7.302315235E-1,-6.392518282E-1
1.586723848E0,9.916783333E0,-7.302315235E-1,-6.272808313E-1
1.588792194E0,9.907206535E0,-7.374141216E-1,-6.248866320E-1
1.590826233E0,9.883264542E0,-7.278373241E-1,-6.153098345E-1
1.592894040E0,9.866505623E0,-7.086837292E-1,-6.296750307E-1
1.594928387E0,9.854534149E0,-7.015010715E-1,-6.320692301E-1
1.596996117E0,9.854534149E0,-7.158663273E-1,-6.224924326E-1
1.599030117E0,9.842563629E0,-7.206547260E-1,-6.129156351E-1
1.601098617E0,9.821015358E0,-7.230489254E-1,-6.033388376E-1
1.603133540E0,9.818621635E0,-7.206547260E-1,-5.961562395E-1
1.605138617E0,9.806650162E0,-7.230489254E-1,-6.009446383E-1
1.607262117E0,9.809044838E0,-7.493851185E-1,-5.889736414E-1
1.609167271E0,9.811438560E0,-7.565677166E-1,-5.865794420E-1
1.611167156E0,9.806650162E0,-7.493851185E-1,-5.865794420E-1
1.613235348E0,9.804255486E0,-7.350199223E-1,-5.746083856E-1
1.615269656E0,9.794678688E0,-7.398083210E-1,-5.602431893E-1
1.617338194E0,9.787496567E0,-7.445967197E-1,-5.267243981E-1
1.619373002E0,9.780313492E0,-7.637503147E-1,-5.123591423E-1
1.621441617E0,9.768342972E0,-7.637503147E-1,-5.027823448E-1
1.623476348E0,9.763554573E0,-7.613561153E-1,-4.764461517E-1
1.625482733E0,9.732429504E0,-7.589619160E-1,-4.525041282E-1
1.627672156E0,9.722852707E0,-7.589619160E-1,-4.477157295E-1
1.629508463E0,9.739612579E0,-7.589619160E-1,-4.285621047E-1
1.631508233E0,9.751583099E0,-7.709329724E-1,-4.070142806E-1
1.633576848E0,9.746794701E0,-7.757213712E-1,-3.974374831E-1
1.635611463E0,9.753977776E0,-7.733271718E-1,-3.974374831E-1
1.637680540E0,9.761159897E0,-7.709329724E-1,-3.878606856E-1
1.639715502E0,9.773131371E0,-7.757213712E-1,-3.806780577E-1
1.641784348E0,9.770736694E0,-7.829039693E-1,-3.926490843E-1
1.643819386E0,9.763554573E0,-7.852981687E-1,-3.830722570E-1
1.645824617E0,9.773131371E0,-7.900865674E-1,-3.734954596E-1
1.647825617E0,9.773131371E0,-8.020575643E-1,-3.639186621E-1
1.649894540E0,9.777919769E0,-8.212111592E-1,-3.447650373E-1
1.651929271E0,9.787496567E0,-8.283938169E-1,-3.399766386E-1
1.653998233E0,9.789890289E0,-8.523358107E-1,-3.327940404E-1
1.656032925E0,9.825803757E0,-8.714894056E-1,-3.088520169E-1
1.658057425E0,9.856928825E0,-8.810662031E-1,-2.944868207E-1
1.660057309E0,9.861717224E0,-8.882488012E-1,-2.849099934E-1
1.662125925E0,9.890447617E0,-9.097966552E-1,-2.777273953E-1
1.664160579E0,9.907206535E0,-9.097966552E-1,-2.681505978E-1
1.666165925E0,9.904812813E0,-9.145850539E-1,-2.633621991E-1
1.668172079E0,9.919178009E0,-9.145850539E-1,-2.442085743E-1
1.670240809E0,9.921571732E0,-9.217676520E-1,-2.274491638E-1
1.672275540E0,9.904812813E0,-9.002198577E-1,-2.226607651E-1
1.674344732E0,9.904812813E0,-8.810662031E-1,-2.274491638E-1
1.676379348E0,9.923966408E0,-8.930372596E-1,-2.370259613E-1
1.678448463E0,9.931148529E0,-8.858546019E-1,-2.322375625E-1
1.680483271E0,9.900024414E0,-8.547300100E-1,-2.178723514E-1
1.682552079E0,9.873687744E0,-8.331822157E-1,-2.082955539E-1
1.684586348E0,9.871294022E0,-8.331822157E-1,-1.987187415E-1
1.686591463E0,9.883264542E0,-8.116343617E-1,-2.035071403E-1
1.688716925E0,9.890447617E0,-7.876923680E-1,-2.130839527E-1
1.690622425E0,9.892841339E0,-7.757213712E-1,-2.106897533E-1
1.692621925E0,9.902418137E0,-7.589619160E-1,-2.059013397E-1
1.694690963E0,9.916783333E0,-7.326257229E-1,-2.035071403E-1
1.696725540E0,9.916783333E0,-7.254431248E-1,-1.963245422E-1
1.698794348E0,9.928754807E0,-7.086837292E-1,-1.915361285E-1
1.700828655E0,9.926360130E0,-6.655880809E-1,-2.035071403E-1
1.702897617E0,9.933543205E0,-6.560112834E-1,-2.106897533E-1
1.704932194E0,9.940725327E0,-6.296750307E-1,-2.082955539E-1
1.706938540E0,9.935936928E0,-6.344634295E-1,-2.130839527E-1
1.709064502E0,9.931148529E0,-6.200982332E-1,-2.178723514E-1
1.710970040E0,9.928754807E0,-6.057330370E-1,-2.178723514E-1
1.712969886E0,9.938331604E0,-5.817909837E-1,-2.130839527E-1
1.715039117E0,9.938331604E0,-5.770025849E-1,-2.178723514E-1
1.717074155E0,9.947908401E0,-5.746083856E-1,-2.226607651E-1
1.719143117E0,9.940725327E0,-5.602431893E-1,-2.274491638E-1
1.721178386E0,9.955090523E0,-5.578489900E-1,-2.346317619E-1
1.723247771E0,9.950302124E0,-5.506663918E-1,-2.394201756E-1
1.725282732E0,9.928754807E0,-5.363011956E-1,-2.418143749E-1
1.727287848E0,9.907206535E0,-5.434837937E-1,-2.418143749E-1
1.729289271E0,9.907206535E0,-5.506663918E-1,-2.466027737E-1
1.731358309E0,9.914389610E0,-5.602431893E-1,-2.489969730E-1
1.733393194E0,9.907206535E0,-5.650315881E-1,-2.442085743E-1
1.735462232E0,9.907206535E0,-5.722141862E-1,-2.370259613E-1
1.737497425E0,9.897629738E0,-5.770025849E-1,-2.322375625E-1
1.739566540E0,9.897629738E0,-5.913678408E-1,-2.274491638E-1
1.741601617E0,9.888052940E0,-5.937620401E-1,-2.250549644E-1
1.743670694E0,9.888052940E0,-6.105214357E-1,-2.322375625E-1
1.745705694E0,9.873687744E0,-6.368576288E-1,-2.226607651E-1
1.747711848E0,9.864110947E0,-6.440402865E-1,-2.178723514E-1
1.749715463E0,9.840168953E0,-6.584054828E-1,-1.963245422E-1
1.751784732E0,9.823410034E0,-6.847416759E-1,-1.795651317E-1
1.753819386E0,9.818621635E0,-6.991068721E-1,-1.867477298E-1
1.755888040E0,9.809044838E0,-7.134721279E-1,-1.771709323E-1
1.757922655E0,9.813833237E0,-7.158663273E-1,-1.604115069E-1
1.759991463E0,9.821015358E0,-7.398083210E-1,-1.508347094E-1
1.762026078E0,9.811438560E0,-7.493851185E-1,-1.484405100E-1
1.764094732E0,9.792284966E0,-7.709329724E-1,-1.244984865E-1
1.766129424E0,9.785101891E0,-8.116343617E-1,-1.029506698E-1
1.768134694E0,9.792284966E0,-8.164227605E-1,-1.053448766E-1
1.770258578E0,9.782708168E0,-8.140285611E-1,-8.140286058E-2
1.772163771E0,9.770736694E0,-8.403648138E-1,-7.422025502E-2
1.774163117E0,9.780313492E0,-8.403648138E-1,-5.985504389E-2
1.776231694E0,9.780313492E0,-8.595184088E-1,-4.309562966E-2
1.778266155E0,9.780313492E0,-8.571242094E-1,-3.830722719E-2
1.780334578E0,9.780313492E0,-8.690952063E-1,-2.873042040E-2
1.782369001E0,9.756371498E0,-8.882488012E-1,-1.675941236E-2
1.784437655E0,9.742006302E0,-9.145850539E-1,0.000000000E0
1.786472309E0,9.758766174E0,-9.217676520E-1,2.394201607E-2
1.788477540E0,9.773131371E0,-9.169792533E-1,5.506663769E-2
1.790666770E0,9.768342972E0,-9.169792533E-1,6.943184882E-2
1.792501886E0,9.775525093E0,-9.217676520E-1,7.182604820E-2
1.794501386E0,9.785101891E0,-9.241618514E-1,7.900865376E-2
1.796570309E0,9.777919769E0,-9.193734527E-1,8.140286058E-2
1.798605194E0,9.777919769E0,-9.289502501E-1,9.097966552E-2
1.800674732E0,9.782708168E0,-9.193734527E-1,1.005564705E-1
1.802709540E0,9.770736694E0,-9.265560508E-1,1.005564705E-1
1.804778501E0,9.756371498E0,-9.313444495E-1,9.816227108E-2
1.806813693E0,9.761159897E0,-9.026140571E-1,1.125274822E-1
1.808818386E0,9.746794701E0,-9.002198577E-1,1.268926859E-1
1.810820232E0,9.746794701E0,-9.026140571E-1,1.340752989E-1
1.812889424E0,9.768342972E0,-8.882488012E-1,1.412578970E-1
1.814924617E0,9.768342972E0,-8.834604025E-1,1.484405100E-1
1.816993770E0,9.761159897E0,-8.858546019E-1,1.604115069E-1
1.819028732E0,9.770736694E0,-8.547300100E-1,1.556231081E-1
1.821097655E0,9.777919769E0,-8.475474119E-1,1.675941199E-1
1.823132886E0,9.765948296E0,-8.307880163E-1,1.651999205E-1
1.825201770E0,9.773131371E0,-8.283938169E-1,1.580173075E-1
1.827236693E0,9.742006302E0,-7.972691655E-1,1.508347094E-1
1.829243270E0,9.749189377E0,-7.900865674E-1,1.651999205E-1
1.831246732E0,9.756371498E0,-7.829039693E-1,1.771709323E-1
1.833315540E0,9.746794701E0,-7.541735172E-1,1.819593310E-1
1.835350078E0,9.737217903E0,-7.326257229E-1,1.771709323E-1
1.837418655E0,9.734824181E0,-7.374141216E-1,1.819593310E-1
1.839452847E0,9.732429504E0,-7.302315235E-1,1.891419291E-1
1.841521309E0,9.715670586E0,-7.134721279E-1,1.915361285E-1
1.843555501E0,9.713275909E0,-7.110779285E-1,2.011129409E-1
1.845624039E0,9.710882187E0,-6.919242740E-1,2.011129409E-1
1.847658232E0,9.713275909E0,-6.847416759E-1,2.274491638E-1
1.849662732E0,9.701305389E0,-6.751648784E-1,2.274491638E-1
1.851786155E0,9.689333916E0,-6.536170840E-1,2.250549644E-1
1.853692270E0,9.646238327E0,-6.464344859E-1,2.322375625E-1
1.855692578E0,9.651026726E0,-6.416460276E-1,2.394201756E-1
1.857762232E0,9.665391922E0,-6.224924326E-1,2.298433632E-1
1.859797309E0,9.655815125E0,-6.200982332E-1,2.370259613E-1
1.861866501E0,9.660603523E0,-6.177040339E-1,2.489969730E-1
1.863901155E0,9.653421402E0,-5.865794420E-1,2.537853718E-1
1.865970693E0,9.653421402E0,-5.913678408E-1,2.657563984E-1
1.868005655E0,9.660603523E0,-5.889736414E-1,2.873041928E-1
1.870011116E0,9.660603523E0,-5.793967843E-1,2.944868207E-1
1.872137078E0,9.665391922E0,-5.817909837E-1,2.896983922E-1
1.874041962E0,9.684545517E0,-5.793967843E-1,2.992752194E-1
1.876042270E0,9.694122314E0,-5.746083856E-1,3.064578176E-1
1.878111232E0,9.686940193E0,-5.770025849E-1,3.303998411E-1
1.880146232E0,9.713275909E0,-5.841852427E-1,3.327940404E-1
1.882215347E0,9.720458984E0,-5.793967843E-1,3.399766386E-1
1.884249924E0,9.727641106E0,-5.817909837E-1,3.471592367E-1
1.886318578E0,9.720458984E0,-5.746083856E-1,3.591302633E-1
1.888353501E0,9.720458984E0,-5.770025849E-1,3.519476354E-1
1.890358116E0,9.703699112E0,-5.913678408E-1,3.495534360E-1
1.892358962E0,9.710882187E0,-5.913678408E-1,3.471592367E-1
1.894427770E0,9.706093788E0,-5.865794420E-1,3.447650373E-1
1.896462155E0,9.698910713E0,-5.722141862E-1,3.567360640E-1
1.898530501E0,9.732429504E0,-5.770025849E-1,3.519476354E-1
1.900564809E0,9.739612579E0,-5.770025849E-1,3.495534360E-1
1.902589116E0,9.758766174E0,-5.674257874E-1,3.327940404E-1
1.904588693E0,9.744400978E0,-5.602431893E-1,3.064578176E-1
1.906657616E0,9.737217903E0,-5.578489900E-1,3.016694188E-1
1.908692655E0,9.746794701E0,-5.458779931E-1,2.920926213E-1
1.910697847E0,9.744400978E0,-5.506663918E-1,2.681505978E-1
1.912702039E0,9.746794701E0,-5.410895944E-1,2.561795712E-1
1.914770808E0,9.737217903E0,-5.363011956E-1,2.346317619E-1
1.916804962E0,9.753977776E0,-5.219359994E-1,2.082955539E-1
1.918873770E0,9.739612579E0,-5.051765442E-1,2.035071403E-1
1.920907962E0,9.722852707E0,-5.027823448E-1,1.939303428E-1
1.922976501E0,9.744400978E0,-4.955997467E-1,1.723825186E-1
1.925010155E0,9.744400978E0,-4.955997467E-1,1.580173075E-1
1.927078424E0,9.751583099E0,-4.884171486E-1,1.508347094E-1
1.929112885E0,9.768342972E0,-4.932055473E-1,1.436520964E-1
1.931118155E0,9.775525093E0,-4.979939461E-1,1.197100878E-1
1.933241424E0,9.785101891E0,-5.075707436E-1,1.173158810E-1
1.935146270E0,9.785101891E0,-5.075707436E-1,1.125274822E-1
1.937145616E0,9.809044838E0,-5.123591423E-1,1.173158810E-1
1.939213962E0,9.825803757E0,-5.171475410E-1,1.149216816E-1
1.941248039E0,9.825803757E0,-5.315127969E-1,1.005564705E-1
1.943316654E0,9.832986832E0,-5.315127969E-1,1.005564705E-1
1.945350501E0,9.832986832E0,-5.243301988E-1,9.816227108E-2
1.947419385E0,9.849745750E0,-5.339069963E-1,1.029506698E-1
1.949454039E0,9.854534149E0,-5.434837937E-1,1.029506698E-1
1.951459539E0,9.844957352E0,-5.434837937E-1,1.077390760E-1
1.953649193E0,9.849745750E0,-5.291185975E-1,1.077390760E-1
1.955484770E0,9.847352028E0,-5.267243981E-1,1.005564705E-1
1.957484885E0,9.852140427E0,-5.291185975E-1,1.053448766E-1
1.959554001E0,9.844957352E0,-5.434837937E-1,1.244984865E-1
1.961589193E0,9.861717224E0,-5.410895944E-1,1.436520964E-1
1.963658039E0,9.856928825E0,-5.434837937E-1,1.508347094E-1
1.965693270E0,9.856928825E0,-5.482721925E-1,1.795651317E-1
1.967762077E0,9.873687744E0,-5.674257874E-1,2.035071403E-1
1.969797462E0,9.864110947E0,-5.722141862E-1,2.154781520E-1
1.971802924E0,9.871294022E0,-5.961562395E-1,2.489969730E-1
1.973803039E0,9.861717224E0,-5.913678408E-1,2.849099934E-1
1.975872424E0,9.856928825E0,-5.937620401E-1,2.944868207E-1
1.977907116E0,9.852140427E0,-6.081272364E-1,3.112462163E-1
1.979975616E0,9.856928825E0,-6.153098345E-1,3.471592367E-1
1.982010000E0,9.844957352E0,-6.200982332E-1,3.854664862E-1
1.984078847E0,9.844957352E0,-6.392518282E-1,3.950432837E-1
1.986113577E0,9.835380554E0,-6.560112834E-1,4.022258818E-1
1.988182193E0,9.828198433E0,-6.488286853E-1,4.141969085E-1
1.990216577E0,9.816226959E0,-6.464344859E-1,4.261679053E-1
1.992222500E0,9.804255486E0,-6.464344859E-1,4.453215301E-1
1.994225500E0,9.775525093E0,-6.536170840E-1,4.668693244E-1
1.996293924E0,9.780313492E0,-6.536170840E-1,4.692635238E-1
1.998328424E0,9.768342972E0,-6.416460276E-1,4.860229492E-1
2.000397308E0,9.756371498E0,-6.512228847E-1,4.955997467E-1
2.002431847E0,9.746794701E0,-6.584054828E-1,5.027823448E-1
2.004500693E0,9.725247383E0,-6.584054828E-1,5.003881454E-1
2.006536231E0,9.706093788E0,-6.488286853E-1,5.147533417E-1
2.008604885E0,9.696516991E0,-6.560112834E-1,5.195417404E-1
2.010639885E0,9.689333916E0,-6.416460276E-1,5.219359994E-1
2.012645308E0,9.682151794E0,-6.368576288E-1,5.147533417E-1
2.014770385E0,9.660603523E0,-6.248866320E-1,5.195417404E-1
2.016676308E0,9.651026726E0,-6.105214357E-1,5.195417404E-1
2.018676039E0,9.643844604E0,-5.961562395E-1,5.171475410E-1
2.020745039E0,9.634267807E0,-6.129156351E-1,5.123591423E-1
2.022780193E0,9.622296333E0,-6.296750307E-1,5.123591423E-1
2.024848846E0,9.619902611E0,-6.153098345E-1,5.171475410E-1
2.026884077E0,9.622296333E0,-6.057330370E-1,5.027823448E-1
2.028952846E0,9.622296333E0,-5.937620401E-1,5.051765442E-1
2.030987693E0,9.610325813E0,-6.009446383E-1,5.003881454E-1
2.032995193E0,9.622296333E0,-5.985504389E-1,4.884171486E-1
2.035121923E0,9.617507935E0,-6.057330370E-1,4.692635238E-1
2.037028270E0,9.610325813E0,-6.153098345E-1,4.692635238E-1
2.039028193E0,9.631873131E0,-6.033388376E-1,4.572925270E-1
2.041097616E0,9.639056206E0,-6.033388376E-1,4.477157295E-1
2.043133462E0,9.665391922E0,-6.177040339E-1,4.309563041E-1
2.045201769E0,9.674968719E0,-5.985504389E-1,4.141969085E-1
2.047236923E0,9.679757118E0,-5.913678408E-1,4.118026793E-1
2.049306346E0,9.689333916E0,-6.057330370E-1,3.878606856E-1
2.051341385E0,9.698910713E0,-5.937620401E-1,3.974374831E-1
2.053346308E0,9.710882187E0,-5.889736414E-1,3.854664862E-1
2.055347231E0,9.751583099E0,-6.033388376E-1,3.687070608E-1
2.057417346E0,9.773131371E0,-5.961562395E-1,3.543418646E-1
2.059452808E0,9.777919769E0,-5.985504389E-1,3.519476354E-1
2.061522077E0,9.787496567E0,-5.793967843E-1,3.303998411E-1
2.063556692E0,9.797073364E0,-5.985504389E-1,3.160346150E-1
2.065625577E0,9.813833237E0,-6.009446383E-1,3.064578176E-1
2.067660769E0,9.830592155E0,-6.153098345E-1,2.801215947E-1
2.069730192E0,9.842563629E0,-6.153098345E-1,2.657563984E-1
2.071765231E0,9.871294022E0,-6.081272364E-1,2.561795712E-1
2.073771885E0,9.880870819E0,-6.177040339E-1,2.322375625E-1
2.075775346E0,9.909601212E0,-6.200982332E-1,2.178723514E-1
2.077844846E0,9.926360130E0,-6.200982332E-1,1.939303428E-1
2.079879769E0,9.931148529E0,-6.272808313E-1,1.891419291E-1
2.081949077E0,9.950302124E0,-6.464344859E-1,1.699883193E-1
2.083983808E0,9.967061996E0,-6.560112834E-1,1.580173075E-1
2.086052846E0,9.971850395E0,-6.703764796E-1,1.556231081E-1
2.088087539E0,9.995792389E0,-6.607996821E-1,1.556231081E-1
2.090156885E0,1.000776291E1,-6.536170840E-1,1.484405100E-1
2.092192039E0,1.000776291E1,-6.584054828E-1,1.340752989E-1
2.094197615E0,1.004128170E1,-6.727706790E-1,1.244984865E-1
2.096321769E0,1.005325317E1,-6.943184733E-1,1.364694983E-1
2.098227192E0,1.003649330E1,-7.038952708E-1,1.388636976E-1
2.100227039E0,1.005325317E1,-6.919242740E-1,1.364694983E-1
2.102296423E0,1.006043530E1,-7.038952708E-1,1.508347094E-1
2.104331115E0,1.005085850E1,-7.086837292E-1,1.388636976E-1
2.106400038E0,1.005325317E1,-7.278373241E-1,1.364694983E-1
2.108434692E0,1.007001209E1,-7.422025204E-1,1.436520964E-1
2.110503577E0,1.007480049E1,-7.350199223E-1,1.484405100E-1
2.112538154E0,1.007719517E1,-7.278373241E-1,1.580173075E-1
2.114543115E0,1.007719517E1,-7.254431248E-1,1.651999205E-1
2.116731885E0,1.006522369E1,-7.517793179E-1,1.795651317E-1
2.118567000E0,1.006761837E1,-7.589619160E-1,1.771709323E-1
2.120566308E0,1.006761837E1,-7.493851185E-1,1.747767180E-1
2.122635115E0,1.006761837E1,-7.541735172E-1,1.723825186E-1
2.124669500E0,1.005564690E1,-7.565677166E-1,1.723825186E-1
2.126738385E0,1.002452278E1,-7.517793179E-1,1.819593310E-1
2.128772846E0,1.001733971E1,-7.565677166E-1,1.819593310E-1
2.130841308E0,1.001733971E1,-7.445967197E-1,1.891419291E-1
2.132875308E0,1.000536919E1,-7.541735172E-1,1.819593310E-1
2.134878923E0,9.976638794E0,-7.517793179E-1,1.891419291E-1
2.136879154E0,9.964667320E0,-7.517793179E-1,1.987187415E-1
2.138947885E0,9.957485199E0,-7.398083210E-1,2.035071403E-1
2.140982346E0,9.935936928E0,-7.374141216E-1,2.011129409E-1
2.143051115E0,9.926360130E0,-7.350199223E-1,2.059013397E-1
2.145086038E0,9.911994934E0,-7.326257229E-1,2.178723514E-1
2.147110038E0,9.888052940E0,-7.254431248E-1,2.442085743E-1
2.149109846E0,9.876082420E0,-7.182605267E-1,2.489969730E-1
2.151178115E0,9.885659218E0,-7.158663273E-1,2.585737705E-1
2.153212500E0,9.880870819E0,-7.254431248E-1,2.537853718E-1
2.155217808E0,9.859322548E0,-7.350199223E-1,2.561795712E-1
2.157222384E0,9.852140427E0,-7.302315235E-1,2.657563984E-1
2.159291654E0,9.837775230E0,-7.182605267E-1,2.681505978E-1
2.161326461E0,9.837775230E0,-7.158663273E-1,2.681505978E-1
2.163395346E0,9.835380554E0,-7.086837292E-1,2.753331959E-1
2.165430346E0,9.816226959E0,-7.134721279E-1,2.777273953E-1
2.167499346E0,9.821015358E0,-6.991068721E-1,2.801215947E-1
2.169534115E0,9.854534149E0,-7.015010715E-1,2.801215947E-1
2.171603346E0,9.852140427E0,-7.062895298E-1,2.920926213E-1
2.173638077E0,9.859322548E0,-7.086837292E-1,2.968810201E-1
2.175643500E0,9.876082420E0,-7.230489254E-1,2.896983922E-1
2.177766615E0,9.873687744E0,-7.350199223E-1,2.777273953E-1
2.179671846E0,9.871294022E0,-7.230489254E-1,2.825157940E-1
2.181671538E0,9.864110947E0,-7.134721279E-1,2.801215947E-1
2.183739923E0,9.868899345E0,-7.206547260E-1,2.825157940E-1
2.185773807E0,9.878476143E0,-7.254431248E-1,2.873041928E-1
2.187842654E0,9.883264542E0,-7.206547260E-1,2.777273953E-1
2.189877230E0,9.892841339E0,-7.254431248E-1,2.825157940E-1
2.191946192E0,9.885659218E0,-7.398083210E-1,2.849099934E-1
2.193980461E0,9.871294022E0,-7.398083210E-1,2.896983922E-1
2.195987538E0,9.878476143E0,-7.422025204E-1,2.873041928E-1
2.198113615E0,9.885659218E0,-7.565677166E-1,2.777273953E-1
2.200019346E0,9.890447617E0,-7.445967197E-1,2.753331959E-1
2.202019038E0,9.897629738E0,-7.374141216E-1,2.729389966E-1
2.204088115E0,9.876082420E0,-7.469909191E-1,2.585737705E-1
2.206122923E0,9.880870819E0,-7.350199223E-1,2.561795712E-1
2.208191077E0,9.888052940E0,-7.493851185E-1,2.705447972E-1
2.210225769E0,9.892841339E0,-7.469909191E-1,2.681505978E-1
2.212294423E0,9.890447617E0,-7.422025204E-1,2.633621991E-1
2.214329038E0,9.868899345E0,-7.398083210E-1,2.657563984E-1
2.216333884E0,9.873687744E0,-7.230489254E-1,2.609679997E-1
2.218334384E0,9.876082420E0,-7.206547260E-1,2.633621991E-1
2.220403230E0,9.890447617E0,-7.326257229E-1,2.657563984E-1
2.222437884E0,9.878476143E0,-7.302315235E-1,2.849099934E-1
2.224506692E0,9.868899345E0,-7.374141216E-1,2.825157940E-1
2.226541153E0,9.852140427E0,-7.469909191E-1,2.729389966E-1
2.228609884E0,9.849745750E0,-7.278373241E-1,2.609679997E-1
2.230644769E0,9.861717224E0,-7.254431248E-1,2.753331959E-1
2.232713769E0,9.868899345E0,-7.422025204E-1,2.825157940E-1
2.234748692E0,9.842563629E0,-7.517793179E-1,2.968810201E-1
2.236755692E0,9.852140427E0,-7.469909191E-1,3.040636182E-1
2.238758307E0,9.842563629E0,-7.350199223E-1,3.064578176E-1
2.240827000E0,9.828198433E0,-7.326257229E-1,3.256114423E-1
2.242861884E0,9.823410034E0,-7.278373241E-1,3.375824392E-1
2.244930999E0,9.825803757E0,-7.374141216E-1,3.303998411E-1
2.246966115E0,9.823410034E0,-7.374141216E-1,3.471592367E-1
2.249035307E0,9.816226959E0,-7.469909191E-1,3.447650373E-1
2.251070269E0,9.816226959E0,-7.445967197E-1,3.399766386E-1
2.253139538E0,9.801861763E0,-7.326257229E-1,3.399766386E-1
2.255174115E0,9.818621635E0,-7.326257229E-1,3.303998411E-1
2.257179807E0,9.816226959E0,-7.374141216E-1,3.232172430E-1
2.259303538E0,9.832986832E0,-7.350199223E-1,2.920926213E-1
2.261209615E0,9.837775230E0,-7.302315235E-1,2.777273953E-1
2.263209615E0,9.835380554E0,-7.278373241E-1,2.681505978E-1
2.265278384E0,9.823410034E0,-7.230489254E-1,2.418143749E-1
2.267313115E0,9.806650162E0,-7.302315235E-1,2.154781520E-1
2.269381884E0,9.804255486E0,-7.326257229E-1,2.106897533E-1
2.271416115E0,9.813833237E0,-7.302315235E-1,1.939303428E-1
2.273485153E0,9.804255486E0,-7.374141216E-1,1.795651317E-1
2.275519884E0,9.804255486E0,-7.326257229E-1,1.723825186E-1
2.277526769E0,9.806650162E0,-7.158663273E-1,1.508347094E-1
2.279716384E0,9.816226959E0,-7.206547260E-1,1.388636976E-1
2.281551807E0,9.818621635E0,-7.110779285E-1,1.292868853E-1
2.283551653E0,9.823410034E0,-7.158663273E-1,1.125274822E-1
2.285621115E0,9.823410034E0,-7.038952708E-1,1.005564705E-1
2.287655845E0,9.830592155E0,-6.895300746E-1,8.858546615E-2
2.289724999E0,9.840168953E0,-7.015010715E-1,7.422025502E-2
2.291759845E0,9.844957352E0,-6.919242740E-1,5.267243832E-2
2.293829076E0,9.844957352E0,-6.991068721E-1,5.985504389E-2
2.295863961E0,9.856928825E0,-6.919242740E-1,6.224924326E-2
2.297869422E0,9.876082420E0,-6.919242740E-1,5.267243832E-2
2.299870769E0,9.890447617E0,-6.823474765E-1,5.267243832E-2
2.301939922E0,9.895236015E0,-7.015010715E-1,6.224924326E-2
2.303975038E0,9.900024414E0,-7.086837292E-1,6.224924326E-2
2.306044615E0,9.904812813E0,-7.134721279E-1,6.703764945E-2
2.308079153E0,9.916783333E0,-7.110779285E-1,6.703764945E-2
2.310147807E0,9.923966408E0,-7.062895298E-1,6.703764945E-2
2.312182884E0,9.933543205E0,-6.991068721E-1,7.661445439E-2
2.314251576E0,9.940725327E0,-6.991068721E-1,7.900865376E-2
2.316286384E0,9.926360130E0,-7.062895298E-1,7.661445439E-2
2.318291153E0,9.921571732E0,-7.134721279E-1,5.985504389E-2
2.320295230E0,9.926360130E0,-7.206547260E-1,6.943184882E-2
2.322364268E0,9.940725327E0,-7.110779285E-1,7.422025502E-2
2.324398999E0,9.950302124E0,-7.038952708E-1,8.140286058E-2
2.326467884E0,9.952696800E0,-7.038952708E-1,9.097966552E-2
2.328502999E0,9.938331604E0,-7.038952708E-1,9.337386489E-2
2.330572422E0,9.933543205E0,-7.110779285E-1,9.816227108E-2
2.332607730E0,9.933543205E0,-7.134721279E-1,1.029506698E-1
2.334677076E0,9.931148529E0,-7.015010715E-1,1.149216816E-1
2.336712115E0,9.919178009E0,-6.895300746E-1,1.173158810E-1
2.338716653E0,9.919178009E0,-6.991068721E-1,1.053448766E-1
2.340840922E0,9.907206535E0,-7.158663273E-1,1.053448766E-1
2.342747191E0,9.914389610E0,-7.062895298E-1,9.816227108E-2
2.344747384E0,9.916783333E0,-6.991068721E-1,9.816227108E-2
2.346816230E0,9.914389610E0,-6.919242740E-1,9.816227108E-2
2.348851076E0,9.897629738E0,-6.847416759E-1,9.097966552E-2
2.350920345E0,9.888052940E0,-6.823474765E-1,9.097966552E-2
2.352955307E0,9.888052940E0,-6.871358752E-1,9.337386489E-2
2.355024307E0,9.895236015E0,-7.062895298E-1,1.029506698E-1
2.357059230E0,9.890447617E0,-7.062895298E-1,9.337386489E-2
2.359065730E0,9.897629738E0,-7.086837292E-1,9.576806426E-2
2.361192038E0,9.895236015E0,-7.062895298E-1,9.097966552E-2
2.363097268E0,9.895236015E0,-7.015010715E-1,9.097966552E-2
2.365096845E0,9.885659218E0,-7.038952708E-1,9.337386489E-2
2.367165499E0,9.897629738E0,-7.230489254E-1,8.858546615E-2
2.369199730E0,9.878476143E0,-7.230489254E-1,8.619125932E-2
2.371268768E0,9.880870819E0,-7.254431248E-1,8.379705995E-2
2.373303422E0,9.880870819E0,-7.302315235E-1,8.619125932E-2
2.375372268E0,9.866505623E0,-7.326257229E-1,8.619125932E-2
2.377407153E0,9.861717224E0,-7.374141216E-1,8.619125932E-2
2.379411537E0,9.859322548E0,-7.422025204E-1,9.097966552E-2
2.381412191E0,9.854534149E0,-7.350199223E-1,8.619125932E-2
2.383480345E0,9.847352028E0,-7.350199223E-1,7.661445439E-2
2.385514845E0,9.859322548E0,-7.206547260E-1,8.140286058E-2
2.387583307E0,9.847352028E0,-7.302315235E-1,7.900865376E-2
2.389617345E0,9.832986832E0,-7.302315235E-1,8.140286058E-2
2.391641307E0,9.830592155E0,-7.589619160E-1,6.943184882E-2
2.393640922E0,9.816226959E0,-7.469909191E-1,7.182604820E-2
2.395709191E0,9.825803757E0,-7.493851185E-1,6.943184882E-2
2.397743537E0,9.828198433E0,-7.493851185E-1,7.182604820E-2
2.399748114E0,9.809044838E0,-7.278373241E-1,6.943184882E-2
2.401752653E0,9.825803757E0,-7.254431248E-1,6.703764945E-2
2.403820884E0,9.828198433E0,-7.302315235E-1,7.661445439E-2
2.405855191E0,9.821015358E0,-7.445967197E-1,7.422025502E-2
2.407923499E0,9.818621635E0,-7.398083210E-1,6.943184882E-2
2.409957383E0,9.806650162E0,-7.326257229E-1,7.661445439E-2
2.412026114E0,9.811438560E0,-7.350199223E-1,7.661445439E-2
2.414060153E0,9.818621635E0,-7.230489254E-1,7.422025502E-2
2.416128730E0,9.809044838E0,-7.254431248E-1,7.422025502E-2
2.418163230E0,9.801861763E0,-7.206547260E-1,8.858546615E-2
2.420167653E0,9.806650162E0,-7.062895298E-1,8.140286058E-2
2.422290576E0,9.821015358E0,-7.062895298E-1,8.379705995E-2
2.424195883E0,9.821015358E0,-6.895300746E-1,9.337386489E-2
2.426194999E0,9.809044838E0,-6.823474765E-1,8.858546615E-2
2.428263537E0,9.804255486E0,-6.847416759E-1,9.097966552E-2
2.430297730E0,9.813833237E0,-6.919242740E-1,1.005564705E-1
2.432365383E0,9.835380554E0,-7.062895298E-1,9.576806426E-2
2.434399230E0,9.844957352E0,-6.943184733E-1,8.379705995E-2
2.436467306E0,9.844957352E0,-6.823474765E-1,8.619125932E-2
2.438501191E0,9.842563629E0,-6.751648784E-1,8.858546615E-2
2.440507037E0,9.847352028E0,-6.631938815E-1,9.816227108E-2
2.442694999E0,9.852140427E0,-6.392518282E-1,8.858546615E-2
2.444529691E0,9.856928825E0,-6.655880809E-1,8.858546615E-2
2.446528614E0,9.856928825E0,-6.607996821E-1,8.619125932E-2
2.448596614E0,9.861717224E0,-6.631938815E-1,7.900865376E-2
2.450631268E0,9.885659218E0,-6.631938815E-1,8.619125932E-2
2.452699999E0,9.895236015E0,-6.536170840E-1,8.379705995E-2
2.454734229E0,9.878476143E0,-6.607996821E-1,7.661445439E-2
2.456802653E0,9.868899345E0,-6.679822803E-1,8.140286058E-2
2.458837037E0,9.873687744E0,-6.799532771E-1,8.379705995E-2
2.460841999E0,9.871294022E0,-6.703764796E-1,8.140286058E-2
2.462844537E0,9.873687744E0,-6.560112834E-1,8.140286058E-2
2.464912922E0,9.878476143E0,-6.512228847E-1,8.619125932E-2
2.466947306E0,9.871294022E0,-6.584054828E-1,8.140286058E-2
2.469015845E0,9.864110947E0,-6.631938815E-1,7.661445439E-2
2.471050345E0,9.878476143E0,-6.727706790E-1,8.379705995E-2
2.473118960E0,9.878476143E0,-6.727706790E-1,7.422025502E-2
2.475153422E0,9.861717224E0,-6.560112834E-1,7.422025502E-2
2.477222191E0,9.876082420E0,-6.584054828E-1,7.182604820E-2
2.479256922E0,9.892841339E0,-6.607996821E-1,7.182604820E-2
2.481263306E0,9.880870819E0,-6.799532771E-1,7.900865376E-2
2.483265768E0,9.868899345E0,-7.038952708E-1,7.422025502E-2
2.485334883E0,9.878476143E0,-6.991068721E-1,7.422025502E-2
2.487369306E0,9.873687744E0,-6.919242740E-1,7.182604820E-2
2.489438114E0,9.883264542E0,-6.967126727E-1,7.422025502E-2
2.491472345E0,9.873687744E0,-6.919242740E-1,8.379705995E-2
2.493541037E0,9.868899345E0,-6.991068721E-1,8.619125932E-2
2.495575729E0,9.859322548E0,-6.943184733E-1,8.619125932E-2
2.497644191E0,9.854534149E0,-7.015010715E-1,8.379705995E-2
2.499678537E0,9.854534149E0,-7.182605267E-1,8.858546615E-2
2.501682960E0,9.847352028E0,-7.158663273E-1,8.379705995E-2
2.503806037E0,9.844957352E0,-7.086837292E-1,8.140286058E-2
2.505711306E0,9.847352028E0,-7.134721279E-1,8.379705995E-2
2.507710768E0,9.844957352E0,-7.350199223E-1,1.005564705E-1
2.509778922E0,9.823410034E0,-7.398083210E-1,9.097966552E-2
2.511813191E0,9.823410034E0,-7.469909191E-1,9.097966552E-2
2.513881922E0,9.840168953E0,-7.422025204E-1,9.337386489E-2
2.515916114E0,9.856928825E0,-7.469909191E-1,9.337386489E-2
2.517984691E0,9.861717224E0,-7.445967197E-1,8.858546615E-2
2.520018845E0,9.868899345E0,-7.469909191E-1,9.337386489E-2
2.522023537E0,9.876082420E0,-7.469909191E-1,8.140286058E-2
2.524151498E0,9.871294022E0,-7.613561153E-1,7.422025502E-2
2.526056075E0,9.861717224E0,-7.733271718E-1,7.422025502E-2
2.528055691E0,9.840168953E0,-7.589619160E-1,7.182604820E-2
2.530124229E0,9.852140427E0,-7.565677166E-1,6.703764945E-2
2.532159421E0,9.864110947E0,-7.517793179E-1,5.267243832E-2
2.534228614E0,9.859322548E0,-7.469909191E-1,5.027823523E-2
2.536263268E0,9.856928825E0,-7.445967197E-1,5.267243832E-2
2.538332575E0,9.856928825E0,-7.541735172E-1,4.788403213E-2
2.540367037E0,9.861717224E0,-7.422025204E-1,4.788403213E-2
2.542372152E0,9.854534149E0,-7.374141216E-1,5.027823523E-2
2.544373268E0,9.854534149E0,-7.445967197E-1,4.309562966E-2
2.546442268E0,9.856928825E0,-7.469909191E-1,4.548983276E-2
2.548476768E0,9.868899345E0,-7.469909191E-1,4.548983276E-2
2.550545575E0,9.885659218E0,-7.326257229E-1,4.788403213E-2
2.552579883E0,9.902418137E0,-7.230489254E-1,6.224924326E-2
2.554648306E0,9.895236015E0,-7.182605267E-1,6.464344263E-2
2.556682998E0,9.878476143E0,-7.230489254E-1,4.788403213E-2
2.558751960E0,9.866505623E0,-7.422025204E-1,4.548983276E-2
2.560786729E0,9.864110947E0,-7.326257229E-1,4.548983276E-2
2.562792306E0,9.876082420E0,-7.374141216E-1,4.070143029E-2
2.564794921E0,9.892841339E0,-7.302315235E-1,5.027823523E-2
2.566863691E0,9.885659218E0,-7.134721279E-1,3.830722719E-2
2.568898806E0,9.890447617E0,-7.158663273E-1,4.309562966E-2
2.570968883E0,9.904812813E0,-7.254431248E-1,5.027823523E-2
2.573003383E0,9.892841339E0,-7.374141216E-1,4.548983276E-2
2.575072960E0,9.902418137E0,-7.326257229E-1,4.070143029E-2
2.577108037E0,9.902418137E0,-7.350199223E-1,3.830722719E-2
2.579177191E0,9.880870819E0,-7.182605267E-1,2.873042040E-2
2.581211960E0,9.878476143E0,-7.182605267E-1,1.675941236E-2
2.583216960E0,9.890447617E0,-7.158663273E-1,4.788403399E-3
2.585340960E0,9.902418137E0,-7.062895298E-1,-2.394201700E-3
2.587246767E0,9.900024414E0,-7.086837292E-1,-7.182605099E-3
2.589246460E0,9.900024414E0,-6.871358752E-1,-1.915361360E-2
2.591314960E0,9.890447617E0,-6.919242740E-1,-2.154781483E-2
2.593349267E0,9.876082420E0,-6.847416759E-1,-2.394201607E-2
2.595417806E0,9.880870819E0,-6.775590777E-1,-3.351882473E-2
2.597452267E0,9.902418137E0,-6.823474765E-1,-5.027823523E-2
2.599521152E0,9.895236015E0,-6.799532771E-1,-4.788403213E-2
2.601555460E0,9.885659218E0,-6.751648784E-1,-5.267243832E-2
2.603560306E0,9.878476143E0,-6.679822803E-1,-6.703764945E-2
2.605748960E0,9.890447617E0,-6.584054828E-1,-9.097966552E-2
2.607584229E0,9.892841339E0,-6.512228847E-1,-1.005564705E-1
2.609583575E0,9.885659218E0,-6.392518282E-1,-9.097966552E-2
2.611652037E0,9.897629738E0,-6.344634295E-1,-8.858546615E-2
2.613686498E0,9.885659218E0,-6.248866320E-1,-9.097966552E-2
2.615755152E0,9.890447617E0,-6.200982332E-1,-8.619125932E-2
2.617789421E0,9.897629738E0,-6.248866320E-1,-8.140286058E-2
2.619858190E0,9.909601212E0,-6.392518282E-1,-7.422025502E-2
2.621892613E0,9.895236015E0,-6.272808313E-1,-6.943184882E-2
2.623897844E0,9.900024414E0,-6.248866320E-1,-6.703764945E-2
2.625898729E0,9.909601212E0,-6.320692301E-1,-5.746084079E-2
2.627967806E0,9.909601212E0,-6.105214357E-1,-5.027823523E-2
2.630002998E0,9.892841339E0,-6.248866320E-1,-5.027823523E-2
2.632072229E0,9.885659218E0,-6.296750307E-1,-4.309562966E-2
2.634107575E0,9.880870819E0,-6.200982332E-1,-4.309562966E-2
2.636132806E0,9.883264542E0,-6.105214357E-1,-2.873042040E-2
2.638133036E0,9.890447617E0,-6.081272364E-1,-2.154781483E-2
2.640202690E0,9.868899345E0,-6.129156351E-1,-1.436521020E-2
2.642237344E0,9.878476143E0,-6.320692301E-1,-7.182605099E-3
2.644244690E0,9.892841339E0,-6.296750307E-1,-9.576806799E-3
2.646250690E0,9.911994934E0,-6.488286853E-1,0.000000000E0
2.648319767E0,9.902418137E0,-6.679822803E-1,1.197100803E-2
2.650354844E0,9.895236015E0,-6.560112834E-1,1.436521020E-2
2.652423536E0,9.890447617E0,-6.679822803E-1,3.112462163E-2
2.654458459E0,9.904812813E0,-6.799532771E-1,3.112462163E-2
2.656527959E0,9.909601212E0,-6.847416759E-1,3.591302410E-2
2.658561998E0,9.892841339E0,-6.919242740E-1,2.394201607E-2
2.660630959E0,9.895236015E0,-7.038952708E-1,2.154781483E-2
2.662666344E0,9.885659218E0,-7.230489254E-1,4.548983276E-2
2.664671267E0,9.888052940E0,-7.326257229E-1,4.788403213E-2
2.666795998E0,9.871294022E0,-7.182605267E-1,5.027823523E-2
2.668702382E0,9.871294022E0,-7.134721279E-1,4.548983276E-2
2.670702652E0,9.876082420E0,-7.158663273E-1,2.873042040E-2
2.672771882E0,9.859322548E0,-7.254431248E-1,3.351882473E-2
2.674807190E0,9.856928825E0,-7.230489254E-1,3.591302410E-2
2.676876229E0,9.849745750E0,-7.350199223E-1,4.070143029E-2
2.678911536E0,9.825803757E0,-7.493851185E-1,2.394201607E-2
2.680980806E0,9.828198433E0,-7.230489254E-1,9.576806799E-3
2.683015498E0,9.832986832E0,-7.206547260E-1,4.788403399E-3
2.685020421E0,9.840168953E0,-7.254431248E-1,1.915361360E-2
2.687147190E0,9.825803757E0,-7.398083210E-1,9.576806799E-3
2.689052536E0,9.825803757E0,-7.493851185E-1,2.394201700E-3
2.691053075E0,9.816226959E0,-7.445967197E-1,-1.197100803E-2
2.693122267E0,9.801861763E0,-7.326257229E-1,-7.182605099E-3
2.695157113E0,9.809044838E0,-7.350199223E-1,-7.182605099E-3
2.697226267E0,9.799467087E0,-7.326257229E-1,-1.675941236E-2
2.699261459E0,9.797073364E0,-7.422025204E-1,-1.915361360E-2
2.701330921E0,9.811438560E0,-7.422025204E-1,-2.633621916E-2
2.703365844E0,9.816226959E0,-7.302315235E-1,-2.633621916E-2
2.705370805E0,9.823410034E0,-7.254431248E-1,-2.394201607E-2
2.707371729E0,9.832986832E0,-7.398083210E-1,-2.154781483E-2
2.709440921E0,9.835380554E0,-7.302315235E-1,-4.070143029E-2
2.711475652E0,9.847352028E0,-7.062895298E-1,-4.788403213E-2
2.713544805E0,9.832986832E0,-7.062895298E-1,-4.548983276E-2
2.715579652E0,9.830592155E0,-6.895300746E-1,-5.506663769E-2
2.717648190E0,9.844957352E0,-7.062895298E-1,-4.788403213E-2
2.719682575E0,9.844957352E0,-7.134721279E-1,-5.506663769E-2
2.721751459E0,9.852140427E0,-6.991068721E-1,-5.985504389E-2
2.723786267E0,9.888052940E0,-6.895300746E-1,-5.746084079E-2
2.725793267E0,9.885659218E0,-6.919242740E-1,-6.943184882E-2
2.727796305E0,9.883264542E0,-6.799532771E-1,-7.422025502E-2
2.729865421E0,9.873687744E0,-6.799532771E-1,-6.943184882E-2
2.731900036E0,9.902418137E0,-6.847416759E-1,-6.943184882E-2
2.733969151E0,9.902418137E0,-6.751648784E-1,-6.943184882E-2
2.736003651E0,9.916783333E0,-6.727706790E-1,-6.703764945E-2
2.738072305E0,9.907206535E0,-6.607996821E-1,-5.985504389E-2
2.740106805E0,9.907206535E0,-6.607996821E-1,-5.985504389E-2
2.742175805E0,9.911994934E0,-6.799532771E-1,-6.464344263E-2
2.744210421E0,9.909601212E0,-6.488286853E-1,-6.703764945E-2
2.746215267E0,9.911994934E0,-6.464344859E-1,-6.943184882E-2
2.748338805E0,9.902418137E0,-6.607996821E-1,-7.900865376E-2
2.750243998E0,9.914389610E0,-6.751648784E-1,-8.619125932E-2
2.752243728E0,9.916783333E0,-6.703764796E-1,-9.097966552E-2
2.754312574E0,9.907206535E0,-6.631938815E-1,-8.140286058E-2
2.756347728E0,9.902418137E0,-6.655880809E-1,-9.097966552E-2
2.758416805E0,9.907206535E0,-6.584054828E-1,-9.337386489E-2
2.760451767E0,9.892841339E0,-6.488286853E-1,-8.619125932E-2
2.762521190E0,9.916783333E0,-6.584054828E-1,-7.422025502E-2
2.764556882E0,9.904812813E0,-6.607996821E-1,-6.943184882E-2
2.766564074E0,9.900024414E0,-6.727706790E-1,-7.182604820E-2
2.768753728E0,9.885659218E0,-6.847416759E-1,-7.422025502E-2
2.770589651E0,9.883264542E0,-6.823474765E-1,-7.422025502E-2
2.772589997E0,9.880870819E0,-6.895300746E-1,-8.140286058E-2
2.774659690E0,9.892841339E0,-6.775590777E-1,-7.900865376E-2
2.776695151E0,9.885659218E0,-6.871358752E-1,-7.422025502E-2
2.778764690E0,9.885659218E0,-7.062895298E-1,-6.464344263E-2
2.780799959E0,9.885659218E0,-7.110779285E-1,-4.788403213E-2
2.782869613E0,9.911994934E0,-7.182605267E-1,-4.070143029E-2
2.784904882E0,9.914389610E0,-7.206547260E-1,-4.548983276E-2
2.786910113E0,9.909601212E0,-7.254431248E-1,-4.309562966E-2
2.788911574E0,9.902418137E0,-7.422025204E-1,-3.591302410E-2
2.790980728E0,9.895236015E0,-7.445967197E-1,-3.351882473E-2
2.793015920E0,9.888052940E0,-7.469909191E-1,-1.197100803E-2
2.795085497E0,9.885659218E0,-7.445967197E-1,-2.394201700E-3
2.797120805E0,9.883264542E0,-7.493851185E-1,9.576806799E-3
2.799190151E0,9.888052940E0,-7.661445141E-1,9.576806799E-3
2.801225190E0,9.868899345E0,-7.829039693E-1,1.197100803E-2
2.803294151E0,9.876082420E0,-7.805097699E-1,1.915361360E-2
2.805328844E0,9.888052940E0,-7.637503147E-1,1.675941236E-2
2.807334805E0,9.864110947E0,-7.733271718E-1,2.633621916E-2
2.809338690E0,9.856928825E0,-7.781155705E-1,2.873042040E-2
2.811408151E0,9.878476143E0,-7.781155705E-1,3.351882473E-2
2.813443190E0,9.873687744E0,-7.852981687E-1,3.112462163E-2
2.815512459E0,9.856928825E0,-7.685387731E-1,2.873042040E-2
2.817547420E0,9.844957352E0,-7.613561153E-1,2.394201607E-2
2.819616920E0,9.854534149E0,-7.637503147E-1,1.436521020E-2
2.821652190E0,9.844957352E0,-7.541735172E-1,0.000000000E0
2.823721767E0,9.832986832E0,-7.398083210E-1,2.394201700E-3
2.825757074E0,9.835380554E0,-7.326257229E-1,-7.182605099E-3
2.827763536E0,9.823410034E0,-7.182605267E-1,-7.182605099E-3
2.829888920E0,9.825803757E0,-7.110779285E-1,-9.576806799E-3
2.831794074E0,9.806650162E0,-7.038952708E-1,-3.351882473E-2
2.833794074E0,9.809044838E0,-6.823474765E-1,-4.548983276E-2
2.835863266E0,9.809044838E0,-6.871358752E-1,-5.027823523E-2
2.837898343E0,9.813833237E0,-6.799532771E-1,-6.703764945E-2
2.839967920E0,9.818621635E0,-6.895300746E-1,-6.464344263E-2
2.842003228E0,9.806650162E0,-6.919242740E-1,-6.464344263E-2
2.844072613E0,9.801861763E0,-6.823474765E-1,-7.422025502E-2
2.846107613E0,9.823410034E0,-6.847416759E-1,-9.337386489E-2
2.848113805E0,9.825803757E0,-6.751648784E-1,-1.029506698E-1
2.850239882E0,9.813833237E0,-6.727706790E-1,-1.149216816E-1
2.852144959E0,9.818621635E0,-6.823474765E-1,-1.053448766E-1
2.854144728E0,9.825803757E0,-6.847416759E-1,-1.125274822E-1
2.856214151E0,9.835380554E0,-6.895300746E-1,-1.221042871E-1
2.858249266E0,9.852140427E0,-7.015010715E-1,-1.221042871E-1
2.860318766E0,9.864110947E0,-7.158663273E-1,-1.125274822E-1
2.862353574E0,9.852140427E0,-7.326257229E-1,-9.337386489E-2
2.864422613E0,9.854534149E0,-7.398083210E-1,-9.816227108E-2
2.866457651E0,9.866505623E0,-7.445967197E-1,-1.029506698E-1
2.868462920E0,9.868899345E0,-7.422025204E-1,-1.077390760E-1
2.870463959E0,9.885659218E0,-7.469909191E-1,-1.077390760E-1
2.872533536E0,9.871294022E0,-7.541735172E-1,-1.101332754E-1
2.874568882E0,9.873687744E0,-7.661445141E-1,-8.619125932E-2
2.876638459E0,9.888052940E0,-7.709329724E-1,-7.422025502E-2
2.878673689E0,9.892841339E0,-7.709329724E-1,-6.943184882E-2
2.880698497E0,9.885659218E0,-7.805097699E-1,-6.703764945E-2
2.882698574E0,9.883264542E0,-7.805097699E-1,-3.830722719E-2
2.884768343E0,9.904812813E0,-7.996633649E-1,-4.548983276E-2
2.886803574E0,9.914389610E0,-8.116343617E-1,-4.070143029E-2
2.888810228E0,9.921571732E0,-7.972691655E-1,-2.394201607E-2
2.890815382E0,9.921571732E0,-8.020575643E-1,-1.436521020E-2
2.892884497E0,9.931148529E0,-8.092401624E-1,-1.197100803E-2
2.894919728E0,9.926360130E0,-7.996633649E-1,-4.788403399E-3
2.896988920E0,9.909601212E0,-7.972691655E-1,-9.576806799E-3
2.899023920E0,9.909601212E0,-8.020575643E-1,-7.182605099E-3
2.901093074E0,9.919178009E0,-8.116343617E-1,1.675941236E-2
2.903128035E0,9.911994934E0,-7.948749661E-1,2.394201607E-2
2.905197459E0,9.904812813E0,-8.068459630E-1,2.873042040E-2
2.907231920E0,9.921571732E0,-8.020575643E-1,2.873042040E-2
2.909237382E0,9.921571732E0,-7.924807668E-1,3.830722719E-2
2.911360189E0,9.897629738E0,-7.781155705E-1,3.591302410E-2
2.913265958E0,9.897629738E0,-7.829039693E-1,5.746084079E-2
2.915265574E0,9.880870819E0,-7.757213712E-1,6.224924326E-2
2.917334458E0,9.888052940E0,-7.805097699E-1,5.985504389E-2
2.919369035E0,9.880870819E0,-7.852981687E-1,5.506663769E-2
2.921437843E0,9.883264542E0,-7.829039693E-1,6.703764945E-2
2.923472343E0,9.888052940E0,-7.709329724E-1,7.182604820E-2
2.925540805E0,9.878476143E0,-7.661445141E-1,5.746084079E-2
2.927575535E0,9.883264542E0,-7.685387731E-1,3.591302410E-2
2.929581766E0,9.883264542E0,-7.757213712E-1,5.746084079E-2
2.931770112E0,9.878476143E0,-7.924807668E-1,5.985504389E-2
2.933605535E0,9.852140427E0,-8.020575643E-1,4.070143029E-2
2.935605343E0,9.847352028E0,-8.044517636E-1,3.351882473E-2
2.937674228E0,9.864110947E0,-8.044517636E-1,2.154781483E-2
2.939708997E0,9.859322548E0,-8.068459630E-1,2.154781483E-2
2.941778151E0,9.849745750E0,-8.020575643E-1,1.675941236E-2
2.943813035E0,9.849745750E0,-8.020575643E-1,1.675941236E-2
2.945882035E0,9.861717224E0,-7.924807668E-1,7.182605099E-3
2.947916766E0,9.842563629E0,-7.781155705E-1,-4.788403399E-3
2.949922458E0,9.835380554E0,-7.805097699E-1,2.394201700E-3
2.951923458E0,9.842563629E0,-7.829039693E-1,-4.788403399E-3
2.953992689E0,9.842563629E0,-7.948749661E-1,-7.182605099E-3
2.956027728E0,9.840168953E0,-8.092401624E-1,-4.788403399E-3
2.958096997E0,9.832986832E0,-8.116343617E-1,0.000000000E0
2.960132458E0,9.832986832E0,-8.092401624E-1,-9.576806799E-3
2.962201881E0,9.832986832E0,-7.996633649E-1,-1.197100803E-2
2.964236804E0,9.849745750E0,-8.092401624E-1,-1.436521020E-2
2.966305843E0,9.842563629E0,-8.164227605E-1,-1.675941236E-2
2.968340843E0,9.840168953E0,-8.236053586E-1,-1.436521020E-2
2.970347420E0,9.866505623E0,-8.379706144E-1,-1.915361360E-2
2.972350920E0,9.854534149E0,-8.547300100E-1,-1.675941236E-2
2.974420420E0,9.854534149E0,-8.571242094E-1,-2.154781483E-2
2.976455920E0,9.859322548E0,-8.499416113E-1,-2.394201700E-3
2.978524689E0,9.866505623E0,-8.451532125E-1,7.182605099E-3
2.980559651E0,9.880870819E0,-8.427590132E-1,1.436521020E-2
2.982628574E0,9.885659218E0,-8.547300100E-1,1.915361360E-2
2.984663574E0,9.890447617E0,-8.595184088E-1,1.675941236E-2
2.986732535E0,9.897629738E0,-8.690952063E-1,2.633621916E-2
2.988767651E0,9.897629738E0,-8.667010069E-1,2.394201607E-2
2.990772266E0,9.900024414E0,-8.547300100E-1,3.112462163E-2
2.992897458E0,9.909601212E0,-8.619126081E-1,2.394201607E-2
2.994803304E0,9.902418137E0,-8.643068075E-1,2.873042040E-2
2.996803227E0,9.902418137E0,-8.547300100E-1,4.548983276E-2
2.998872650E0,9.911994934E0,-8.475474119E-1,5.506663769E-2
3.000907612E0,9.911994934E0,-8.667010069E-1,6.464344263E-2
3.002977381E0,9.921571732E0,-8.667010069E-1,6.943184882E-2
3.005012304E0,9.911994934E0,-8.571242094E-1,6.224924326E-2
3.007081612E0,9.916783333E0,-8.619126081E-1,5.746084079E-2
3.009116727E0,9.916783333E0,-8.667010069E-1,6.464344263E-2
3.011123881E0,9.900024414E0,-8.643068075E-1,7.422025502E-2
3.013251343E0,9.888052940E0,-8.762778044E-1,7.661445439E-2
3.015157112E0,9.897629738E0,-8.786720037E-1,8.379705995E-2
3.017156958E0,9.878476143E0,-8.738836050E-1,8.140286058E-2
3.019225881E0,9.873687744E0,-8.690952063E-1,8.379705995E-2
3.021260804E0,9.880870819E0,-8.523358107E-1,9.816227108E-2
3.023329650E0,9.878476143E0,-8.571242094E-1,8.379705995E-2
3.025364266E0,9.868899345E0,-8.499416113E-1,8.379705995E-2
3.027432920E0,9.854534149E0,-8.427590132E-1,9.097966552E-2
3.029467420E0,9.861717224E0,-8.379706144E-1,9.576806426E-2
3.031473073E0,9.849745750E0,-8.331822157E-1,9.816227108E-2
3.033473920E0,9.859322548E0,-8.331822157E-1,9.816227108E-2
3.035543420E0,9.849745750E0,-8.188169599E-1,1.077390760E-1
3.037578189E0,9.830592155E0,-8.116343617E-1,1.173158810E-1
3.039647958E0,9.835380554E0,-8.044517636E-1,1.197100878E-1
3.041681958E0,9.830592155E0,-7.972691655E-1,1.077390760E-1
3.043751035E0,9.809044838E0,-7.876923680E-1,1.149216816E-1
3.045786150E0,9.804255486E0,-7.805097699E-1,1.197100878E-1
3.047855150E0,9.806650162E0,-7.924807668E-1,1.149216816E-1
3.049889612E0,9.799467087E0,-7.948749661E-1,1.125274822E-1
3.051894996E0,9.792284966E0,-7.924807668E-1,1.101332754E-1
3.053897843E0,9.780313492E0,-7.805097699E-1,1.005564705E-1
3.055966919E0,9.782708168E0,-7.733271718E-1,1.005564705E-1
3.058001650E0,9.787496567E0,-7.709329724E-1,1.053448766E-1
3.060070343E0,9.782708168E0,-7.805097699E-1,1.005564705E-1
3.062105381E0,9.789890289E0,-7.781155705E-1,9.816227108E-2
3.064174343E0,9.799467087E0,-7.709329724E-1,9.576806426E-2
3.066209189E0,9.792284966E0,-7.781155705E-1,9.337386489E-2
3.068278073E0,9.801861763E0,-7.733271718E-1,9.576806426E-2
3.070312650E0,9.804255486E0,-7.709329724E-1,9.337386489E-2
3.072317612E0,9.811438560E0,-7.541735172E-1,8.619125932E-2
3.074441919E0,9.804255486E0,-7.685387731E-1,8.619125932E-2
3.076348150E0,9.806650162E0,-7.685387731E-1,9.337386489E-2
3.078347958E0,9.806650162E0,-7.829039693E-1,8.619125932E-2
3.080416842E0,9.789890289E0,-7.996633649E-1,7.661445439E-2
3.082451612E0,9.792284966E0,-8.044517636E-1,7.661445439E-2
3.084520766E0,9.804255486E0,-8.020575643E-1,8.379705995E-2
3.086555727E0,9.804255486E0,-7.948749661E-1,8.379705995E-2
3.088624150E0,9.847352028E0,-7.972691655E-1,7.422025502E-2
3.090658842E0,9.842563629E0,-8.020575643E-1,6.224924326E-2
3.092665073E0,9.844957352E0,-8.140285611E-1,5.985504389E-2
3.094853381E0,9.849745750E0,-8.236053586E-1,6.464344263E-2
3.096688304E0,9.861717224E0,-8.116343617E-1,6.464344263E-2
3.098688035E0,9.883264542E0,-8.188169599E-1,6.464344263E-2
3.100757650E0,9.866505623E0,-8.140285611E-1,5.506663769E-2
3.102792304E0,9.871294022E0,-8.116343617E-1,5.267243832E-2
3.104861381E0,9.868899345E0,-8.212111592E-1,5.506663769E-2
3.106896342E0,9.880870819E0,-8.164227605E-1,6.464344263E-2
3.108965189E0,9.876082420E0,-8.188169599E-1,6.464344263E-2
3.111000073E0,9.885659218E0,-8.259995580E-1,5.506663769E-2
3.113005650E0,9.876082420E0,-8.236053586E-1,5.506663769E-2
3.115006535E0,9.876082420E0,-8.212111592E-1,5.985504389E-2
3.117076035E0,9.866505623E0,-8.307880163E-1,6.464344263E-2
3.119111073E0,9.871294022E0,-8.331822157E-1,5.267243832E-2
3.121179842E0,9.878476143E0,-8.307880163E-1,4.548983276E-2
3.123214535E0,9.885659218E0,-8.259995580E-1,6.224924326E-2
3.125238612E0,9.883264542E0,-8.164227605E-1,5.985504389E-2
3.127238458E0,9.871294022E0,-8.140285611E-1,5.746084079E-2
3.129307688E0,9.871294022E0,-8.188169599E-1,5.027823523E-2
3.131342458E0,9.880870819E0,-8.164227605E-1,5.506663769E-2
3.133348419E0,9.880870819E0,-8.164227605E-1,5.027823523E-2
3.135353727E0,9.871294022E0,-8.236053586E-1,4.548983276E-2
3.137422650E0,9.861717224E0,-8.259995580E-1,4.309562966E-2
3.139457688E0,9.854534149E0,-8.140285611E-1,4.548983276E-2
3.141526688E0,9.866505623E0,-8.044517636E-1,5.746084079E-2
3.143561342E0,9.880870819E0,-8.212111592E-1,5.746084079E-2
3.145630304E0,9.878476143E0,-8.140285611E-1,5.746084079E-2
3.147664727E0,9.871294022E0,-8.164227605E-1,5.985504389E-2
3.149734765E0,9.859322548E0,-8.236053586E-1,6.703764945E-2
3.151769919E0,9.854534149E0,-8.307880163E-1,7.182604820E-2
3.153776227E0,9.842563629E0,-8.307880163E-1,6.703764945E-2
3.155901765E0,9.821015358E0,-8.355764151E-1,5.506663769E-2
3.157807611E0,9.844957352E0,-8.571242094E-1,6.224924326E-2
3.159807534E0,9.847352028E0,-8.547300100E-1,6.464344263E-2
3.161876304E0,9.835380554E0,-8.475474119E-1,7.182604820E-2
3.163910958E0,9.825803757E0,-8.403648138E-1,6.943184882E-2
3.165980034E0,9.830592155E0,-8.355764151E-1,6.943184882E-2
3.168015111E0,9.811438560E0,-8.331822157E-1,7.661445439E-2
3.170084342E0,9.832986832E0,-8.331822157E-1,7.422025502E-2
3.172119342E0,9.844957352E0,-8.379706144E-1,6.943184882E-2
3.174126457E0,9.847352028E0,-8.451532125E-1,5.267243832E-2
3.176253573E0,9.844957352E0,-8.403648138E-1,5.985504389E-2
3.178159804E0,9.849745750E0,-8.355764151E-1,6.224924326E-2
3.180159381E0,9.852140427E0,-8.355764151E-1,5.267243832E-2
3.182228727E0,9.856928825E0,-8.379706144E-1,6.224924326E-2
3.184263611E0,9.852140427E0,-8.379706144E-1,5.267243832E-2
3.186332842E0,9.864110947E0,-8.236053586E-1,5.267243832E-2
3.188367727E0,9.866505623E0,-8.307880163E-1,4.548983276E-2
3.190436957E0,9.878476143E0,-8.259995580E-1,4.788403213E-2
3.192471534E0,9.871294022E0,-8.259995580E-1,5.027823523E-2
3.194477457E0,9.868899345E0,-8.331822157E-1,3.830722719E-2
3.196477996E0,9.856928825E0,-8.307880163E-1,3.830722719E-2
3.198546996E0,9.871294022E0,-8.283938169E-1,3.830722719E-2
3.200581496E0,9.873687744E0,-8.427590132E-1,3.591302410E-2
3.202650034E0,9.890447617E0,-8.451532125E-1,4.309562966E-2
3.204684765E0,9.888052940E0,-8.451532125E-1,3.591302410E-2
3.206753957E0,9.892841339E0,-8.355764151E-1,3.830722719E-2
3.208787957E0,9.909601212E0,-8.331822157E-1,3.591302410E-2
3.210856842E0,9.907206535E0,-8.379706144E-1,3.591302410E-2
3.212891342E0,9.883264542E0,-8.571242094E-1,2.873042040E-2
3.214897419E0,9.883264542E0,-8.379706144E-1,2.633621916E-2
3.216900457E0,9.880870819E0,-8.355764151E-1,3.591302410E-2
3.218969496E0,9.890447617E0,-8.379706144E-1,3.112462163E-2
3.221004303E0,9.878476143E0,-8.427590132E-1,3.112462163E-2
3.223073188E0,9.868899345E0,-8.475474119E-1,3.830722719E-2
3.225108034E0,9.847352028E0,-8.451532125E-1,3.351882473E-2
3.227176842E0,9.861717224E0,-8.355764151E-1,3.351882473E-2
3.229211688E0,9.866505623E0,-8.331822157E-1,3.591302410E-2
3.231280342E0,9.844957352E0,-8.403648138E-1,4.548983276E-2
3.233314842E0,9.873687744E0,-8.259995580E-1,3.830722719E-2
3.235320611E0,9.849745750E0,-8.331822157E-1,3.591302410E-2
3.237444380E0,9.842563629E0,-8.499416113E-1,5.506663769E-2
3.239350034E0,9.856928825E0,-8.355764151E-1,5.506663769E-2
3.241349650E0,9.847352028E0,-8.283938169E-1,5.506663769E-2
3.243418034E0,9.825803757E0,-8.307880163E-1,6.464344263E-2
3.245452419E0,9.823410034E0,-8.164227605E-1,5.746084079E-2
3.247520919E0,9.816226959E0,-8.259995580E-1,4.070143029E-2
3.249555419E0,9.821015358E0,-8.283938169E-1,4.070143029E-2
3.251624303E0,9.847352028E0,-8.379706144E-1,4.788403213E-2
3.253658880E0,9.830592155E0,-8.355764151E-1,5.746084079E-2
3.255665419E0,9.818621635E0,-8.307880163E-1,5.985504389E-2
3.257854726E0,9.823410034E0,-8.259995580E-1,5.506663769E-2
3.259690265E0,9.804255486E0,-8.379706144E-1,5.506663769E-2
3.261690419E0,9.797073364E0,-8.403648138E-1,5.746084079E-2
3.263759226E0,9.782708168E0,-8.283938169E-1,5.746084079E-2
3.265793842E0,9.804255486E0,-8.259995580E-1,5.267243832E-2
3.267862765E0,9.816226959E0,-8.259995580E-1,5.506663769E-2
3.269897688E0,9.801861763E0,-8.259995580E-1,6.464344263E-2
3.271966842E0,9.789890289E0,-8.212111592E-1,6.943184882E-2
3.274001842E0,9.787496567E0,-8.164227605E-1,6.703764945E-2
3.276007188E0,9.811438560E0,-8.236053586E-1,7.182604820E-2
3.278007765E0,9.804255486E0,-8.331822157E-1,6.703764945E-2
3.280076842E0,9.813833237E0,-8.188169599E-1,6.943184882E-2
3.282111726E0,9.816226959E0,-8.307880163E-1,7.661445439E-2
3.284180419E0,9.809044838E0,-8.403648138E-1,7.661445439E-2
3.286214688E0,9.804255486E0,-8.355764151E-1,7.661445439E-2
3.288283726E0,9.797073364E0,-8.188169599E-1,7.182604820E-2
3.290318342E0,9.811438560E0,-8.451532125E-1,7.422025502E-2
3.292387111E0,9.821015358E0,-8.619126081E-1,6.943184882E-2
3.294422034E0,9.821015358E0,-8.690952063E-1,7.422025502E-2
3.296427495E0,9.811438560E0,-8.786720037E-1,9.097966552E-2
3.298430611E0,9.809044838E0,-8.690952063E-1,8.858546615E-2
3.300499649E0,9.816226959E0,-8.810662031E-1,8.858546615E-2
3.302534726E0,9.818621635E0,-8.834604025E-1,8.140286058E-2
3.304603726E0,9.821015358E0,-8.858546019E-1,7.661445439E-2
3.306638803E0,9.811438560E0,-8.810662031E-1,7.900865376E-2
3.308707534E0,9.811438560E0,-8.810662031E-1,7.900865376E-2
3.310742380E0,9.818621635E0,-8.834604025E-1,7.182604820E-2
3.312810380E0,9.813833237E0,-8.834604025E-1,6.703764945E-2
3.314844995E0,9.809044838E0,-8.954314590E-1,6.464344263E-2
3.316849188E0,9.804255486E0,-9.026140571E-1,6.943184882E-2
3.318973418E0,9.811438560E0,-8.978256583E-1,6.943184882E-2
3.320878149E0,9.809044838E0,-8.930372596E-1,6.703764945E-2
3.322877649E0,9.813833237E0,-9.026140571E-1,6.224924326E-2
3.324945572E0,9.818621635E0,-9.026140571E-1,6.224924326E-2
3.326979842E0,9.809044838E0,-8.978256583E-1,5.746084079E-2
3.329048418E0,9.809044838E0,-9.169792533E-1,4.548983276E-2
3.331082495E0,9.809044838E0,-9.169792533E-1,4.070143029E-2
3.333150765E0,9.818621635E0,-9.002198577E-1,2.633621916E-2
3.335184880E0,9.828198433E0,-8.954314590E-1,2.154781483E-2
3.337190803E0,9.835380554E0,-8.858546019E-1,3.351882473E-2
3.339317111E0,9.861717224E0,-8.810662031E-1,4.309562966E-2
3.341222265E0,9.849745750E0,-8.834604025E-1,4.070143029E-2
3.343221841E0,9.849745750E0,-8.906430602E-1,3.830722719E-2
3.345290265E0,9.856928825E0,-8.906430602E-1,4.070143029E-2
3.347324726E0,9.852140427E0,-9.002198577E-1,4.548983276E-2
3.349393303E0,9.856928825E0,-9.121908545E-1,4.548983276E-2
3.351427765E0,9.868899345E0,-9.050082564E-1,4.788403213E-2
3.353496495E0,9.873687744E0,-8.858546019E-1,4.788403213E-2
3.355531418E0,9.876082420E0,-8.690952063E-1,6.943184882E-2
3.357536495E0,9.868899345E0,-8.619126081E-1,7.661445439E-2
3.359537226E0,9.861717224E0,-8.619126081E-1,4.788403213E-2
3.361605688E0,9.873687744E0,-8.858546019E-1,5.985504389E-2
3.363639995E0,9.883264542E0,-8.834604025E-1,5.985504389E-2
3.365708111E0,9.890447617E0,-8.667010069E-1,5.027823523E-2
3.367742380E0,9.897629738E0,-8.619126081E-1,4.309562966E-2
3.369767764E0,9.897629738E0,-8.547300100E-1,4.788403213E-2
3.371766957E0,9.883264542E0,-8.379706144E-1,2.394201607E-2
3.373835687E0,9.883264542E0,-8.379706144E-1,2.154781483E-2
3.375870111E0,9.883264542E0,-8.283938169E-1,2.154781483E-2
3.377875918E0,9.873687744E0,-8.212111592E-1,7.182605099E-3
3.379880687E0,9.868899345E0,-8.044517636E-1,-9.576806799E-3
3.381949341E0,9.868899345E0,-7.996633649E-1,-4.788403399E-3
3.383984111E0,9.873687744E0,-7.924807668E-1,-1.197100803E-2
3.386052495E0,9.854534149E0,-7.996633649E-1,-2.154781483E-2
3.388087111E0,9.849745750E0,-7.948749661E-1,-2.633621916E-2
3.390155957E0,9.842563629E0,-7.852981687E-1,-3.351882473E-2
3.392190649E0,9.835380554E0,-7.829039693E-1,-3.830722719E-2
3.394259341E0,9.813833237E0,-7.829039693E-1,-4.548983276E-2
3.396293803E0,9.821015358E0,-7.924807668E-1,-4.788403213E-2
3.398299149E0,9.825803757E0,-7.829039693E-1,-5.027823523E-2
3.400421918E0,9.811438560E0,-7.972691655E-1,-4.309562966E-2
3.402326341E0,9.806650162E0,-8.044517636E-1,-4.548983276E-2
3.404325995E0,9.811438560E0,-8.116343617E-1,-5.985504389E-2
3.406394649E0,9.792284966E0,-8.140285611E-1,-5.985504389E-2
3.408429072E0,9.794678688E0,-8.140285611E-1,-6.464344263E-2
3.410497534E0,9.809044838E0,-8.283938169E-1,-5.267243832E-2
3.412532034E0,9.792284966E0,-8.451532125E-1,-5.506663769E-2
3.414600764E0,9.792284966E0,-8.499416113E-1,-5.506663769E-2
3.416635033E0,9.811438560E0,-8.595184088E-1,-5.746084079E-2
3.418640495E0,9.809044838E0,-8.738836050E-1,-6.943184882E-2
3.420830380E0,9.811438560E0,-8.738836050E-1,-6.224924326E-2
3.422665957E0,9.816226959E0,-8.882488012E-1,-4.548983276E-2
3.424665649E0,9.830592155E0,-8.882488012E-1,-4.548983276E-2
3.426734457E0,9.832986832E0,-8.906430602E-1,-3.830722719E-2
3.428769187E0,9.842563629E0,-8.978256583E-1,-2.873042040E-2
3.430838303E0,9.854534149E0,-8.954314590E-1,-3.112462163E-2
3.432872764E0,9.859322548E0,-8.978256583E-1,-3.830722719E-2
3.434940995E0,9.861717224E0,-8.954314590E-1,-3.591302410E-2
3.436975149E0,9.842563629E0,-9.074024558E-1,-3.112462163E-2
3.438980264E0,9.830592155E0,-9.097966552E-1,-2.873042040E-2
3.440981187E0,9.830592155E0,-9.074024558E-1,-2.154781483E-2
3.443049918E0,9.832986832E0,-9.026140571E-1,-1.436521020E-2
3.445083841E0,9.844957352E0,-9.026140571E-1,-7.182605099E-3
3.447152072E0,9.852140427E0,-8.882488012E-1,-2.394201700E-3
3.449186341E0,9.861717224E0,-8.978256583E-1,-4.788403399E-3
3.451254687E0,9.864110947E0,-8.930372596E-1,-7.182605099E-3
3.453288764E0,9.864110947E0,-8.834604025E-1,-2.394201700E-3
3.455356918E0,9.856928825E0,-8.858546019E-1,-4.788403399E-3
3.457391072E0,9.864110947E0,-8.882488012E-1,-2.394201700E-3
3.459396072E0,9.864110947E0,-8.810662031E-1,-7.182605099E-3
3.461399187E0,9.847352028E0,-8.738836050E-1,4.788403399E-3
3.463467764E0,9.856928825E0,-8.786720037E-1,9.576806799E-3
3.465501956E0,9.873687744E0,-8.714894056E-1,9.576806799E-3
3.467570072E0,9.880870819E0,-8.571242094E-1,-4.788403399E-3
3.469604033E0,9.895236015E0,-8.619126081E-1,1.675941236E-2
3.471672072E0,9.897629738E0,-8.690952063E-1,1.915361360E-2
3.473706187E0,9.902418137E0,-8.571242094E-1,2.154781483E-2
3.475774226E0,9.909601212E0,-8.690952063E-1,2.154781483E-2
3.477808533E0,9.902418137E0,-8.619126081E-1,2.394201607E-2
3.479814302E0,9.876082420E0,-8.403648138E-1,3.830722719E-2
3.481940149E0,9.854534149E0,-8.331822157E-1,4.070143029E-2
3.483845264E0,9.859322548E0,-8.379706144E-1,4.309562966E-2
3.485844110E0,9.868899345E0,-8.212111592E-1,2.873042040E-2
3.487913110E0,9.847352028E0,-8.068459630E-1,2.873042040E-2
3.489947533E0,9.849745750E0,-7.996633649E-1,3.112462163E-2
3.492016187E0,9.842563629E0,-8.068459630E-1,4.070143029E-2
3.494050533E0,9.821015358E0,-7.829039693E-1,3.112462163E-2
3.496119341E0,9.813833237E0,-7.757213712E-1,2.394201607E-2
3.498153956E0,9.818621635E0,-7.829039693E-1,2.394201607E-2
3.500160687E0,9.811438560E0,-7.733271718E-1,1.915361360E-2
3.502286533E0,9.809044838E0,-7.733271718E-1,2.154781483E-2
3.504192495E0,9.813833237E0,-7.781155705E-1,2.394201607E-2
3.506192456E0,9.809044838E0,-7.852981687E-1,2.394201607E-2
3.508261456E0,9.804255486E0,-7.900865674E-1,1.915361360E-2
3.510296456E0,9.811438560E0,-7.972691655E-1,1.675941236E-2
3.512365264E0,9.809044838E0,-8.092401624E-1,1.197100803E-2
3.514399648E0,9.825803757E0,-8.140285611E-1,1.915361360E-2
3.516467918E0,9.825803757E0,-8.164227605E-1,2.154781483E-2
3.518502572E0,9.847352028E0,-8.236053586E-1,1.436521020E-2
3.520507956E0,9.844957352E0,-8.379706144E-1,1.436521020E-2
3.522508341E0,9.844957352E0,-8.451532125E-1,1.675941236E-2
3.524577148E0,9.847352028E0,-8.499416113E-1,7.182605099E-3
3.526611802E0,9.840168953E0,-8.379706144E-1,2.394201700E-3
3.528680648E0,9.842563629E0,-8.355764151E-1,7.182605099E-3
3.530715187E0,9.835380554E0,-8.475474119E-1,1.675941236E-2
3.532783648E0,9.840168953E0,-8.547300100E-1,1.436521020E-2
3.534818033E0,9.828198433E0,-8.499416113E-1,1.197100803E-2
3.536886379E0,9.832986832E0,-8.595184088E-1,1.436521020E-2
3.538921148E0,9.842563629E0,-8.643068075E-1,1.436521020E-2
3.540927110E0,9.844957352E0,-8.643068075E-1,1.675941236E-2
3.542930687E0,9.844957352E0,-8.738836050E-1,2.154781483E-2
3.544998764E0,9.837775230E0,-8.858546019E-1,2.154781483E-2
3.547033379E0,9.844957352E0,-8.858546019E-1,2.154781483E-2
3.549101879E0,9.847352028E0,-8.619126081E-1,1.915361360E-2
3.551136571E0,9.842563629E0,-8.619126081E-1,1.675941236E-2
3.553205648E0,9.844957352E0,-8.762778044E-1,1.436521020E-2
3.555240110E0,9.844957352E0,-8.858546019E-1,1.675941236E-2
3.557309725E0,9.844957352E0,-8.858546019E-1,1.197100803E-2
3.559344879E0,9.847352028E0,-8.643068075E-1,4.788403399E-3
3.561350571E0,9.854534149E0,-8.547300100E-1,2.394201700E-3
3.563475264E0,9.844957352E0,-8.571242094E-1,0.000000000E0
3.565380918E0,9.835380554E0,-8.571242094E-1,-2.394201700E-3
3.567380033E0,9.830592155E0,-8.786720037E-1,-9.576806799E-3
3.569448610E0,9.844957352E0,-8.810662031E-1,-1.675941236E-2
3.571482918E0,9.835380554E0,-8.738836050E-1,-9.576806799E-3
3.573551341E0,9.825803757E0,-8.643068075E-1,-1.436521020E-2
3.575585494E0,9.842563629E0,-8.667010069E-1,-2.633621916E-2
3.577654456E0,9.830592155E0,-8.690952063E-1,-4.070143029E-2
3.579688533E0,9.828198433E0,-8.667010069E-1,-4.309562966E-2
3.581694110E0,9.823410034E0,-8.547300100E-1,-5.506663769E-2
3.583883379E0,9.844957352E0,-8.475474119E-1,-6.703764945E-2
3.585718994E0,9.849745750E0,-8.451532125E-1,-6.464344263E-2
3.587717764E0,9.832986832E0,-8.475474119E-1,-8.140286058E-2
3.589786379E0,9.832986832E0,-8.403648138E-1,-8.619125932E-2
3.591820264E0,9.837775230E0,-8.427590132E-1,-8.379705995E-2
3.593888764E0,9.840168953E0,-8.595184088E-1,-8.858546615E-2
3.595923379E0,9.844957352E0,-8.643068075E-1,-1.005564705E-1
3.597991956E0,9.837775230E0,-8.595184088E-1,-1.005564705E-1
3.600026725E0,9.840168953E0,-8.355764151E-1,-1.125274822E-1
3.602032648E0,9.844957352E0,-8.331822157E-1,-1.053448766E-1
3.604034225E0,9.856928825E0,-8.259995580E-1,-1.125274822E-1
3.606103264E0,9.873687744E0,-8.499416113E-1,-1.316810995E-1
3.608137879E0,9.866505623E0,-8.547300100E-1,-1.268926859E-1
3.610207494E0,9.864110947E0,-8.451532125E-1,-1.316810995E-1
3.612242456E0,9.861717224E0,-8.595184088E-1,-1.364694983E-1
3.614267417E0,9.852140427E0,-8.595184088E-1,-1.316810995E-1
3.616267033E0,9.852140427E0,-8.595184088E-1,-1.340752989E-1
3.618335879E0,9.852140427E0,-8.571242094E-1,-1.292868853E-1
3.620370571E0,9.864110947E0,-8.499416113E-1,-1.340752989E-1
3.622376725E0,9.859322548E0,-8.571242094E-1,-1.436520964E-1
3.624382225E0,9.856928825E0,-8.595184088E-1,-1.412578970E-1
3.626451071E0,9.880870819E0,-8.547300100E-1,-1.412578970E-1
3.628485648E0,9.873687744E0,-8.714894056E-1,-1.412578970E-1
3.630554648E0,9.876082420E0,-8.858546019E-1,-1.436520964E-1
3.632589187E0,9.868899345E0,-8.786720037E-1,-1.460463107E-1
3.634658071E0,9.859322548E0,-8.810662031E-1,-1.412578970E-1
3.636692225E0,9.871294022E0,-8.762778044E-1,-1.412578970E-1
3.638761110E0,9.878476143E0,-8.738836050E-1,-1.532289088E-1
3.640795340E0,9.876082420E0,-8.834604025E-1,-1.460463107E-1
3.642801340E0,9.876082420E0,-8.858546019E-1,-1.532289088E-1
3.644925148E0,9.876082420E0,-8.906430602E-1,-1.412578970E-1
3.646830186E0,9.873687744E0,-8.906430602E-1,-1.484405100E-1
3.648829571E0,9.883264542E0,-9.002198577E-1,-1.532289088E-1
3.650897994E0,9.911994934E0,-9.050082564E-1,-1.556231081E-1
3.652931917E0,9.916783333E0,-9.097966552E-1,-1.532289088E-1
3.655000879E0,9.916783333E0,-9.121908545E-1,-1.508347094E-1
3.657034994E0,9.940725327E0,-8.954314590E-1,-1.556231081E-1
3.659103225E0,9.947908401E0,-9.074024558E-1,-1.556231081E-1
3.661137340E0,9.950302124E0,-9.121908545E-1,-1.532289088E-1
3.663142648E0,9.938331604E0,-9.097966552E-1,-1.675941199E-1
3.665268225E0,9.928754807E0,-9.002198577E-1,-1.675941199E-1
3.667173571E0,9.921571732E0,-8.882488012E-1,-1.795651317E-1
3.669173033E0,9.919178009E0,-8.930372596E-1,-1.867477298E-1
3.671241648E0,9.916783333E0,-8.906430602E-1,-1.915361285E-1
3.673275533E0,9.909601212E0,-8.906430602E-1,-1.891419291E-1
3.675344225E0,9.897629738E0,-8.906430602E-1,-1.987187415E-1
3.677378571E0,9.902418137E0,-8.858546019E-1,-2.011129409E-1
3.679447494E0,9.890447617E0,-8.810662031E-1,-1.939303428E-1
3.681481456E0,9.895236015E0,-8.667010069E-1,-1.963245422E-1
3.683486263E0,9.890447617E0,-8.690952063E-1,-1.987187415E-1
3.685487340E0,9.883264542E0,-8.619126081E-1,-1.963245422E-1
3.687555763E0,9.888052940E0,-8.595184088E-1,-1.963245422E-1
3.689590263E0,9.883264542E0,-8.595184088E-1,-2.106897533E-1
3.691659109E0,9.883264542E0,-8.762778044E-1,-2.035071403E-1
3.693693648E0,9.890447617E0,-8.643068075E-1,-2.082955539E-1
3.695762648E0,9.880870819E0,-8.667010069E-1,-2.130839527E-1
3.697797532E0,9.895236015E0,-8.930372596E-1,-2.059013397E-1
3.699866648E0,9.895236015E0,-8.978256583E-1,-2.011129409E-1
3.701901917E0,9.890447617E0,-8.978256583E-1,-2.130839527E-1
3.703908417E0,9.900024414E0,-9.074024558E-1,-2.059013397E-1
3.705912686E0,9.904812813E0,-9.050082564E-1,-2.035071403E-1
3.707981648E0,9.923966408E0,-9.050082564E-1,-1.963245422E-1
3.710016494E0,9.919178009E0,-9.097966552E-1,-1.867477298E-1
3.712085686E0,9.926360130E0,-9.050082564E-1,-1.819593310E-1
3.714120340E0,9.921571732E0,-8.930372596E-1,-1.843535304E-1
3.716189494E0,9.909601212E0,-9.002198577E-1,-1.867477298E-1
3.718224571E0,9.911994934E0,-9.026140571E-1,-1.795651317E-1
3.720293725E0,9.902418137E0,-9.050082564E-1,-1.867477298E-1
3.722328725E0,9.892841339E0,-9.050082564E-1,-1.867477298E-1
3.724334302E0,9.878476143E0,-8.978256583E-1,-1.939303428E-1
3.726457878E0,9.883264542E0,-8.930372596E-1,-1.939303428E-1
3.728363686E0,9.878476143E0,-8.930372596E-1,-1.843535304E-1
3.730362878E0,9.866505623E0,-8.882488012E-1,-2.035071403E-1
3.732431302E0,9.852140427E0,-8.978256583E-1,-2.059013397E-1
3.734465571E0,9.847352028E0,-8.954314590E-1,-1.963245422E-1
3.736534340E0,9.849745750E0,-8.762778044E-1,-1.891419291E-1
3.738568148E0,9.854534149E0,-8.882488012E-1,-1.939303428E-1
3.740636878E0,9.854534149E0,-8.930372596E-1,-1.867477298E-1
3.742671378E0,9.837775230E0,-9.074024558E-1,-1.747767180E-1
3.744677648E0,9.835380554E0,-9.193734527E-1,-1.675941199E-1
3.746866263E0,9.854534149E0,-9.265560508E-1,-1.556231081E-1
3.748701955E0,9.844957352E0,-9.002198577E-1,-1.580173075E-1
3.750701494E0,9.832986832E0,-9.026140571E-1,-1.484405100E-1
3.752770263E0,9.816226959E0,-9.026140571E-1,-1.580173075E-1
3.754804725E0,9.823410034E0,-9.002198577E-1,-1.436520964E-1
3.756873571E0,9.821015358E0,-9.002198577E-1,-1.268926859E-1
3.758908417E0,9.823410034E0,-8.954314590E-1,-1.436520964E-1
3.760976878E0,9.818621635E0,-8.930372596E-1,-1.364694983E-1
3.763011417E0,9.818621635E0,-9.002198577E-1,-1.340752989E-1
3.765015878E0,9.787496567E0,-8.930372596E-1,-1.292868853E-1
3.767015840E0,9.773131371E0,-8.619126081E-1,-1.173158810E-1
3.769084455E0,9.775525093E0,-8.643068075E-1,-1.101332754E-1
3.771118648E0,9.787496567E0,-8.786720037E-1,-1.077390760E-1
3.773187455E0,9.794678688E0,-8.810662031E-1,-1.244984865E-1
3.775222455E0,9.789890289E0,-8.858546019E-1,-1.268926859E-1
3.777291032E0,9.794678688E0,-8.930372596E-1,-1.197100878E-1
3.779325186E0,9.794678688E0,-8.786720037E-1,-1.173158810E-1
3.781393609E0,9.813833237E0,-8.786720037E-1,-1.268926859E-1
3.783427571E0,9.821015358E0,-8.882488012E-1,-1.292868853E-1
3.785433609E0,9.813833237E0,-9.026140571E-1,-1.125274822E-1
3.787435417E0,9.825803757E0,-8.834604025E-1,-1.221042871E-1
3.789504071E0,9.818621635E0,-8.810662031E-1,-1.244984865E-1
3.791538917E0,9.811438560E0,-8.738836050E-1,-1.125274822E-1
3.793607071E0,9.821015358E0,-8.595184088E-1,-1.292868853E-1
3.795641224E0,9.818621635E0,-8.619126081E-1,-1.364694983E-1
3.797710340E0,9.809044838E0,-8.595184088E-1,-1.268926859E-1
3.799745147E0,9.804255486E0,-8.619126081E-1,-1.221042871E-1
3.801813609E0,9.806650162E0,-8.643068075E-1,-1.316810995E-1
3.803848417E0,9.811438560E0,-8.643068075E-1,-1.532289088E-1
3.805853724E0,9.818621635E0,-8.499416113E-1,-1.628057212E-1
3.807978109E0,9.811438560E0,-8.475474119E-1,-1.651999205E-1
3.809883532E0,9.813833237E0,-8.499416113E-1,-1.795651317E-1
3.811883494E0,9.818621635E0,-8.475474119E-1,-2.059013397E-1
3.813952263E0,9.823410034E0,-8.427590132E-1,-2.106897533E-1
3.815986763E0,9.835380554E0,-8.331822157E-1,-2.106897533E-1
3.818056032E0,9.821015358E0,-8.355764151E-1,-2.202665508E-1
3.820090417E0,9.823410034E0,-8.379706144E-1,-2.250549644E-1
3.822158686E0,9.852140427E0,-8.451532125E-1,-2.370259613E-1
3.824192301E0,9.849745750E0,-8.475474119E-1,-2.466027737E-1
3.826197763E0,9.864110947E0,-8.499416113E-1,-2.537853718E-1
3.828323224E0,9.885659218E0,-8.523358107E-1,-2.633621991E-1
3.830228378E0,9.911994934E0,-8.379706144E-1,-2.681505978E-1
3.832227724E0,9.914389610E0,-8.379706144E-1,-2.825157940E-1
3.834296224E0,9.928754807E0,-8.259995580E-1,-2.944868207E-1
3.836330493E0,9.959878922E0,-8.092401624E-1,-3.136404157E-1
3.838399378E0,9.976638794E0,-8.068459630E-1,-3.232172430E-1
3.840433801E0,9.995792389E0,-8.092401624E-1,-3.208230138E-1
3.842502416E0,1.002691650E1,-8.044517636E-1,-3.447650373E-1
3.844536763E0,1.001973438E1,-7.948749661E-1,-3.615244627E-1
3.846542186E0,1.003409958E1,-7.829039693E-1,-3.615244627E-1
3.848542224E0,1.005564690E1,-7.924807668E-1,-3.687070608E-1
3.850610609E0,1.006043530E1,-8.020575643E-1,-3.711012602E-1
3.852644878E0,1.007719517E1,-8.044517636E-1,-3.639186621E-1
3.854712840E0,1.008198357E1,-8.068459630E-1,-3.663128614E-1
3.856747263E0,1.008916569E1,-8.212111592E-1,-3.591302633E-1
3.858771609E0,1.009156036E1,-8.164227605E-1,-3.591302633E-1
3.860771301E0,1.007480049E1,-8.164227605E-1,-3.591302633E-1
3.862839724E0,1.005564690E1,-8.307880163E-1,-3.543418646E-1
3.864873916E0,1.004607010E1,-8.331822157E-1,-3.423708379E-1
3.866879724E0,1.003170490E1,-8.283938169E-1,-3.208230138E-1
3.868884686E0,1.000536919E1,-8.379706144E-1,-3.232172430E-1
3.870953647E0,9.993397713E0,-8.331822157E-1,-3.136404157E-1
3.872988070E0,9.935936928E0,-8.403648138E-1,-2.992752194E-1
3.875056570E0,9.890447617E0,-8.307880163E-1,-2.753331959E-1
3.877090839E0,9.876082420E0,-8.188169599E-1,-2.753331959E-1
3.879159339E0,9.852140427E0,-8.092401624E-1,-2.609679997E-1
3.881193609E0,9.801861763E0,-7.996633649E-1,-2.489969730E-1
3.883262262E0,9.777919769E0,-8.116343617E-1,-2.346317619E-1
3.885297070E0,9.765948296E0,-8.164227605E-1,-2.298433632E-1
3.887302609E0,9.753977776E0,-8.164227605E-1,-2.154781520E-1
3.889426032E0,9.730035782E0,-8.092401624E-1,-1.987187415E-1
3.891332070E0,9.708487511E0,-8.116343617E-1,-2.011129409E-1
3.893331801E0,9.708487511E0,-8.212111592E-1,-2.059013397E-1
3.895400839E0,9.706093788E0,-8.331822157E-1,-1.819593310E-1
3.897436378E0,9.713275909E0,-8.355764151E-1,-1.723825186E-1
3.899504801E0,9.703699112E0,-8.379706144E-1,-1.699883193E-1
3.901539532E0,9.679757118E0,-8.427590132E-1,-1.532289088E-1
3.903608493E0,9.674968719E0,-8.523358107E-1,-1.532289088E-1
3.905643185E0,9.684545517E0,-8.427590132E-1,-1.580173075E-1
3.907649147E0,9.689333916E0,-8.475474119E-1,-1.484405100E-1
3.909838301E0,9.689333916E0,-8.523358107E-1,-1.484405100E-1
3.911674532E0,9.670180321E0,-8.475474119E-1,-1.508347094E-1
3.913674570E0,9.679757118E0,-8.451532125E-1,-1.436520964E-1
3.915743532E0,9.689333916E0,-8.643068075E-1,-1.412578970E-1
3.917778493E0,9.686940193E0,-8.786720037E-1,-1.532289088E-1
3.919847455E0,9.698910713E0,-8.714894056E-1,-1.556231081E-1
3.921881878E0,9.708487511E0,-8.810662031E-1,-1.580173075E-1
3.923950262E0,9.708487511E0,-9.074024558E-1,-1.484405100E-1
3.925984993E0,9.708487511E0,-9.265560508E-1,-1.508347094E-1
3.927989762E0,9.708487511E0,-9.385270476E-1,-1.675941199E-1
3.929990185E0,9.742006302E0,-9.289502501E-1,-1.771709323E-1
3.932058955E0,9.742006302E0,-9.337386489E-1,-1.819593310E-1
3.934093762E0,9.744400978E0,-9.169792533E-1,-1.891419291E-1
3.936162916E0,9.749189377E0,-9.097966552E-1,-2.106897533E-1
3.938198224E0,9.756371498E0,-9.193734527E-1,-2.250549644E-1
3.940267608E0,9.765948296E0,-9.265560508E-1,-2.226607651E-1
3.942302955E0,9.765948296E0,-9.313444495E-1,-2.274491638E-1
3.944372262E0,9.770736694E0,-9.313444495E-1,-2.370259613E-1
3.946407531E0,9.780313492E0,-9.145850539E-1,-2.370259613E-1
3.948414262E0,9.792284966E0,-9.193734527E-1,-2.394201756E-1
3.950417762E0,9.816226959E0,-9.097966552E-1,-2.489969730E-1
3.952487339E0,9.818621635E0,-9.050082564E-1,-2.513911724E-1
3.954522839E0,9.825803757E0,-9.097966552E-1,-2.585737705E-1
3.956592339E0,9.852140427E0,-9.145850539E-1,-2.585737705E-1
3.958627954E0,9.873687744E0,-9.002198577E-1,-2.681505978E-1
3.960697108E0,9.876082420E0,-8.978256583E-1,-2.681505978E-1
3.962732647E0,9.866505623E0,-8.930372596E-1,-2.633621991E-1
3.964801147E0,9.861717224E0,-9.097966552E-1,-2.825157940E-1
3.966836531E0,9.883264542E0,-9.193734527E-1,-2.944868207E-1
3.968841185E0,9.900024414E0,-9.121908545E-1,-3.040636182E-1
3.970966108E0,9.900024414E0,-9.097966552E-1,-2.873041928E-1
3.972871878E0,9.900024414E0,-9.121908545E-1,-2.825157940E-1
3.974872378E0,9.890447617E0,-8.834604025E-1,-2.825157940E-1
3.976941801E0,9.897629738E0,-8.906430602E-1,-3.040636182E-1
3.978976454E0,9.900024414E0,-8.954314590E-1,-3.160346150E-1
3.981045954E0,9.907206535E0,-8.930372596E-1,-2.992752194E-1
3.983080839E0,9.909601212E0,-8.786720037E-1,-2.968810201E-1
3.985149993E0,9.900024414E0,-8.930372596E-1,-2.777273953E-1
3.987184608E0,9.888052940E0,-8.834604025E-1,-2.777273953E-1
3.989190801E0,9.885659218E0,-8.714894056E-1,-2.729389966E-1
3.991316993E0,9.900024414E0,-8.714894056E-1,-2.609679997E-1
3.993223262E0,9.890447617E0,-8.738836050E-1,-2.561795712E-1
3.995222877E0,9.890447617E0,-8.643068075E-1,-2.585737705E-1
3.997292147E0,9.904812813E0,-8.690952063E-1,-2.609679997E-1
3.999327339E0,9.904812813E0,-8.738836050E-1,-2.609679997E-1
4.001396877E0,9.880870819E0,-8.714894056E-1,-2.513911724E-1
4.003432685E0,9.868899345E0,-8.738836050E-1,-2.489969730E-1
4.005503108E0,9.861717224E0,-8.714894056E-1,-2.489969730E-1
4.007538839E0,9.866505623E0,-8.714894056E-1,-2.489969730E-1
4.009544762E0,9.861717224E0,-8.499416113E-1,-2.489969730E-1
4.011546608E0,9.854534149E0,-8.307880163E-1,-2.466027737E-1
4.013616493E0,9.847352028E0,-8.188169599E-1,-2.442085743E-1
4.015651954E0,9.837775230E0,-8.164227605E-1,-2.370259613E-1
4.017721300E0,9.825803757E0,-8.212111592E-1,-2.442085743E-1
4.019756647E0,9.813833237E0,-8.236053586E-1,-2.442085743E-1
4.021826339E0,9.811438560E0,-8.140285611E-1,-2.442085743E-1
4.023861339E0,9.804255486E0,-8.140285611E-1,-2.537853718E-1
4.025930800E0,9.806650162E0,-8.259995580E-1,-2.561795712E-1
4.027965685E0,9.804255486E0,-7.972691655E-1,-2.657563984E-1
4.029972416E0,9.813833237E0,-7.972691655E-1,-2.633621991E-1
4.031976916E0,9.801861763E0,-8.212111592E-1,-2.609679997E-1
4.034045800E0,9.799467087E0,-8.116343617E-1,-2.777273953E-1
4.036080647E0,9.806650162E0,-8.140285611E-1,-2.801215947E-1
4.038149647E0,9.811438560E0,-8.236053586E-1,-2.825157940E-1
4.040184377E0,9.794678688E0,-8.283938169E-1,-2.777273953E-1
4.042253454E0,9.787496567E0,-8.164227605E-1,-2.777273953E-1
4.044288262E0,9.780313492E0,-8.283938169E-1,-2.849099934E-1
4.046357108E0,9.773131371E0,-8.523358107E-1,-2.968810201E-1
4.048391685E0,9.775525093E0,-8.523358107E-1,-2.968810201E-1
4.050396646E0,9.775525093E0,-8.451532125E-1,-3.016694188E-1
4.052521339E0,9.799467087E0,-8.475474119E-1,-3.088520169E-1
4.054426877E0,9.792284966E0,-8.499416113E-1,-3.232172430E-1
4.056426762E0,9.794678688E0,-8.475474119E-1,-3.303998411E-1
4.058495993E0,9.797073364E0,-8.403648138E-1,-3.351882398E-1
4.060530569E0,9.799467087E0,-8.427590132E-1,-3.423708379E-1
4.062599723E0,9.801861763E0,-8.451532125E-1,-3.471592367E-1
4.064634646E0,9.804255486E0,-8.547300100E-1,-3.543418646E-1
4.066703569E0,9.799467087E0,-8.595184088E-1,-3.543418646E-1
4.068738223E0,9.811438560E0,-8.619126081E-1,-3.447650373E-1
4.070746723E0,9.835380554E0,-8.738836050E-1,-3.519476354E-1
4.072937608E0,9.823410034E0,-8.619126081E-1,-3.615244627E-1
4.074773416E0,9.823410034E0,-8.595184088E-1,-3.687070608E-1
4.076773723E0,9.828198433E0,-8.643068075E-1,-3.711012602E-1
4.078842762E0,9.842563629E0,-8.738836050E-1,-3.711012602E-1
4.080877992E0,9.844957352E0,-8.810662031E-1,-3.711012602E-1
4.082947300E0,9.854534149E0,-8.858546019E-1,-3.615244627E-1
4.084982454E0,9.832986832E0,-8.858546019E-1,-3.663128614E-1
4.087051569E0,9.832986832E0,-8.738836050E-1,-3.687070608E-1
4.089086492E0,9.840168953E0,-8.906430602E-1,-3.902548850E-1
4.091092262E0,9.885659218E0,-9.097966552E-1,-3.902548850E-1
4.093093454E0,9.883264542E0,-9.169792533E-1,-3.974374831E-1
4.095161800E0,9.880870819E0,-9.074024558E-1,-3.950432837E-1
4.097196646E0,9.897629738E0,-9.097966552E-1,-3.806780577E-1
4.099265992E0,9.914389610E0,-9.050082564E-1,-3.711012602E-1
4.101300492E0,9.926360130E0,-9.050082564E-1,-3.782838583E-1
4.103325415E0,9.919178009E0,-9.121908545E-1,-3.830722570E-1
4.105325646E0,9.926360130E0,-9.097966552E-1,-3.830722570E-1
4.107394839E0,9.926360130E0,-9.097966552E-1,-3.854664862E-1
4.109429839E0,9.928754807E0,-9.265560508E-1,-3.926490843E-1
4.111435685E0,9.928754807E0,-9.289502501E-1,-4.022258818E-1
4.113440915E0,9.928754807E0,-9.337386489E-1,-3.998316824E-1
4.115509992E0,9.952696800E0,-9.002198577E-1,-4.022258818E-1
4.117545108E0,9.931148529E0,-8.954314590E-1,-4.165911078E-1
4.119614685E0,9.928754807E0,-8.930372596E-1,-4.070142806E-1
4.121649954E0,9.943120003E0,-9.002198577E-1,-4.046200812E-1
4.123719069E0,9.931148529E0,-8.978256583E-1,-4.046200812E-1
4.125754031E0,9.935936928E0,-8.954314590E-1,-4.165911078E-1
4.127823531E0,9.935936928E0,-8.762778044E-1,-4.237737060E-1
4.129858415E0,9.914389610E0,-8.762778044E-1,-4.165911078E-1
4.131863569E0,9.909601212E0,-8.690952063E-1,-4.189853072E-1
4.133989454E0,9.911994934E0,-8.547300100E-1,-4.165911078E-1
4.135895608E0,9.919178009E0,-8.475474119E-1,-4.237737060E-1
4.137896108E0,9.909601212E0,-8.379706144E-1,-4.237737060E-1
4.139965261E0,9.907206535E0,-8.259995580E-1,-4.261679053E-1
4.141999723E0,9.911994934E0,-8.188169599E-1,-4.309563041E-1
4.144068838E0,9.904812813E0,-8.092401624E-1,-4.285621047E-1
4.146103646E0,9.890447617E0,-7.996633649E-1,-4.237737060E-1
4.148172108E0,9.892841339E0,-7.900865674E-1,-4.213795066E-1
4.150206146E0,9.871294022E0,-7.709329724E-1,-4.357447028E-1
4.152211761E0,9.861717224E0,-7.709329724E-1,-4.309563041E-1
4.154338300E0,9.871294022E0,-7.637503147E-1,-4.453215301E-1
4.156243415E0,9.852140427E0,-7.589619160E-1,-4.501099288E-1
4.158243261E0,9.849745750E0,-7.374141216E-1,-4.453215301E-1
4.160311800E0,9.842563629E0,-7.398083210E-1,-4.333505034E-1
4.162346261E0,9.823410034E0,-7.182605267E-1,-4.333505034E-1
4.164415300E0,9.821015358E0,-7.062895298E-1,-4.261679053E-1
4.166451031E0,9.821015358E0,-7.038952708E-1,-4.333505034E-1
4.168520031E0,9.801861763E0,-7.134721279E-1,-4.285621047E-1
4.170555146E0,9.799467087E0,-7.158663273E-1,-4.309563041E-1
4.172560531E0,9.799467087E0,-7.278373241E-1,-4.429273009E-1
4.174562684E0,9.787496567E0,-7.278373241E-1,-4.477157295E-1
4.176631838E0,9.787496567E0,-7.326257229E-1,-4.429273009E-1
4.178667608E0,9.792284966E0,-7.350199223E-1,-4.381389022E-1
4.180736684E0,9.794678688E0,-7.326257229E-1,-4.429273009E-1
4.182771415E0,9.794678688E0,-7.254431248E-1,-4.429273009E-1
4.184839954E0,9.787496567E0,-7.158663273E-1,-4.477157295E-1
4.186875107E0,9.765948296E0,-7.110779285E-1,-4.405331016E-1
4.188943723E0,9.773131371E0,-7.110779285E-1,-4.357447028E-1
4.190979146E0,9.777919769E0,-7.206547260E-1,-4.525041282E-1
4.192984838E0,9.780313492E0,-7.398083210E-1,-4.381389022E-1
4.194987877E0,9.787496567E0,-7.541735172E-1,-4.381389022E-1
4.197055954E0,9.785101891E0,-7.445967197E-1,-4.429273009E-1
4.199091646E0,9.787496567E0,-7.493851185E-1,-4.501099288E-1
4.201160992E0,9.785101891E0,-7.541735172E-1,-4.453215301E-1
4.203195607E0,9.780313492E0,-7.517793179E-1,-4.477157295E-1
4.205264569E0,9.804255486E0,-7.422025204E-1,-4.453215301E-1
4.207299069E0,9.811438560E0,-7.589619160E-1,-4.501099288E-1
4.209368454E0,9.823410034E0,-7.685387731E-1,-4.548983276E-1
4.211403300E0,9.813833237E0,-7.445967197E-1,-4.477157295E-1
4.213407992E0,9.806650162E0,-7.278373241E-1,-4.501099288E-1
4.215531992E0,9.816226959E0,-7.350199223E-1,-4.477157295E-1
4.217437377E0,9.837775230E0,-7.637503147E-1,-4.429273009E-1
4.219436954E0,9.844957352E0,-7.541735172E-1,-4.429273009E-1
4.221505684E0,9.842563629E0,-7.589619160E-1,-4.477157295E-1
4.223540300E0,9.837775230E0,-7.469909191E-1,-4.453215301E-1
4.225608953E0,9.835380554E0,-7.613561153E-1,-4.405331016E-1
4.227643377E0,9.844957352E0,-7.637503147E-1,-4.309563041E-1
4.229711607E0,9.847352028E0,-7.589619160E-1,-4.357447028E-1
4.231745761E0,9.859322548E0,-7.781155705E-1,-4.261679053E-1
4.233751684E0,9.861717224E0,-7.733271718E-1,-4.285621047E-1
4.235940415E0,9.864110947E0,-7.589619160E-1,-4.213795066E-1
4.237775530E0,9.861717224E0,-7.733271718E-1,-4.237737060E-1
4.239775300E0,9.880870819E0,-7.805097699E-1,-4.285621047E-1
4.241844184E0,9.895236015E0,-7.589619160E-1,-4.405331016E-1
4.243879030E0,9.888052940E0,-7.661445141E-1,-4.309563041E-1
4.245947992E0,9.883264542E0,-7.613561153E-1,-4.285621047E-1
4.247982607E0,9.885659218E0,-7.733271718E-1,-4.285621047E-1
4.250051184E0,9.923966408E0,-7.781155705E-1,-4.357447028E-1
4.252085646E0,9.935936928E0,-7.829039693E-1,-4.285621047E-1
4.254091453E0,9.940725327E0,-7.924807668E-1,-4.285621047E-1
4.256092184E0,9.967061996E0,-8.116343617E-1,-4.381389022E-1
4.258161530E0,9.964667320E0,-8.140285611E-1,-4.453215301E-1
4.260196107E0,9.964667320E0,-8.259995580E-1,-4.405331016E-1
4.262264876E0,9.964667320E0,-8.068459630E-1,-4.453215301E-1
4.264299838E0,9.969455719E0,-8.020575643E-1,-4.453215301E-1
4.266368299E0,9.964667320E0,-8.092401624E-1,-4.429273009E-1
4.268403030E0,9.957485199E0,-8.116343617E-1,-4.525041282E-1
4.270471838E0,9.955090523E0,-7.924807668E-1,-4.405331016E-1
4.272506376E0,9.938331604E0,-7.781155705E-1,-4.381389022E-1
4.274511799E0,9.914389610E0,-7.996633649E-1,-4.429273009E-1
4.276515953E0,9.914389610E0,-8.092401624E-1,-4.453215301E-1
4.278584992E0,9.919178009E0,-8.164227605E-1,-4.381389022E-1
4.280619992E0,9.914389610E0,-8.044517636E-1,-4.429273009E-1
4.282689453E0,9.907206535E0,-7.996633649E-1,-4.548983276E-1
4.284723492E0,9.897629738E0,-8.020575643E-1,-4.525041282E-1
4.286792299E0,9.890447617E0,-8.044517636E-1,-4.453215301E-1
4.288827146E0,9.911994934E0,-7.924807668E-1,-4.309563041E-1
4.290896069E0,9.916783333E0,-7.852981687E-1,-4.309563041E-1
4.292930184E0,9.919178009E0,-8.044517636E-1,-4.333505034E-1
4.294935069E0,9.904812813E0,-7.972691655E-1,-4.285621047E-1
4.297059030E0,9.873687744E0,-7.972691655E-1,-4.237737060E-1
4.298964261E0,9.866505623E0,-7.948749661E-1,-4.309563041E-1
4.300963607E0,9.876082420E0,-7.924807668E-1,-4.189853072E-1
4.303032145E0,9.852140427E0,-8.044517636E-1,-4.070142806E-1
4.305066492E0,9.835380554E0,-8.068459630E-1,-3.878606856E-1
4.307134876E0,9.837775230E0,-7.996633649E-1,-3.878606856E-1
4.309169069E0,9.821015358E0,-7.852981687E-1,-3.878606856E-1
4.311237953E0,9.821015358E0,-8.020575643E-1,-3.830722570E-1
4.313272107E0,9.816226959E0,-8.259995580E-1,-3.782838583E-1
4.315277915E0,9.821015358E0,-8.212111592E-1,-3.687070608E-1
4.317404299E0,9.821015358E0,-8.236053586E-1,-3.687070608E-1
4.319310492E0,9.832986832E0,-8.140285611E-1,-3.687070608E-1
4.321310568E0,9.856928825E0,-8.188169599E-1,-3.663128614E-1
4.323379684E0,9.844957352E0,-8.212111592E-1,-3.782838583E-1
4.325415145E0,9.835380554E0,-8.044517636E-1,-3.591302633E-1
4.327484261E0,9.835380554E0,-8.116343617E-1,-3.423708379E-1
4.329519068E0,9.835380554E0,-8.212111592E-1,-3.423708379E-1
4.331587876E0,9.825803757E0,-8.188169599E-1,-3.447650373E-1
4.333622261E0,9.825803757E0,-8.188169599E-1,-3.591302633E-1
4.335626992E0,9.825803757E0,-8.116343617E-1,-3.543418646E-1
4.337627953E0,9.818621635E0,-8.188169599E-1,-3.375824392E-1
4.339696068E0,9.823410034E0,-8.044517636E-1,-3.447650373E-1
4.341730722E0,9.825803757E0,-8.140285611E-1,-3.519476354E-1
4.343798684E0,9.840168953E0,-8.092401624E-1,-3.543418646E-1
4.345833030E0,9.842563629E0,-8.164227605E-1,-3.495534360E-1
4.347856953E0,9.840168953E0,-8.188169599E-1,-3.423708379E-1
4.349856607E0,9.830592155E0,-8.116343617E-1,-3.447650373E-1
4.351925184E0,9.830592155E0,-8.020575643E-1,-3.543418646E-1
4.353959722E0,9.832986832E0,-8.044517636E-1,-3.567360640E-1
4.355965838E0,9.837775230E0,-8.259995580E-1,-3.471592367E-1
4.357970799E0,9.832986832E0,-8.044517636E-1,-3.543418646E-1
4.360039184E0,9.842563629E0,-8.092401624E-1,-3.519476354E-1
4.362073607E0,9.830592155E0,-8.116343617E-1,-3.543418646E-1
4.364142299E0,9.852140427E0,-8.188169599E-1,-3.567360640E-1
4.366176491E0,9.837775230E0,-8.259995580E-1,-3.495534360E-1
4.368245068E0,9.842563629E0,-8.259995580E-1,-3.471592367E-1
4.370279453E0,9.861717224E0,-8.164227605E-1,-3.615244627E-1
4.372348107E0,9.861717224E0,-8.164227605E-1,-3.567360640E-1
4.374382453E0,9.861717224E0,-8.212111592E-1,-3.567360640E-1
4.376387991E0,9.876082420E0,-8.283938169E-1,-3.519476354E-1
4.378512068E0,9.885659218E0,-8.403648138E-1,-3.519476354E-1
4.380417030E0,9.890447617E0,-8.379706144E-1,-3.399766386E-1
4.382416222E0,9.890447617E0,-8.236053586E-1,-3.423708379E-1
4.384484761E0,9.885659218E0,-8.355764151E-1,-3.256114423E-1
4.386518914E0,9.890447617E0,-8.307880163E-1,-3.232172430E-1
4.388586761E0,9.892841339E0,-8.283938169E-1,-3.232172430E-1
4.390620876E0,9.909601212E0,-8.259995580E-1,-3.112462163E-1
4.392689376E0,9.909601212E0,-8.331822157E-1,-3.112462163E-1
4.394723914E0,9.895236015E0,-8.283938169E-1,-3.136404157E-1
4.396730414E0,9.880870819E0,-8.355764151E-1,-3.136404157E-1
4.398919799E0,9.890447617E0,-8.571242094E-1,-3.112462163E-1
4.400754453E0,9.885659218E0,-8.571242094E-1,-2.992752194E-1
4.402753645E0,9.890447617E0,-8.643068075E-1,-2.992752194E-1
4.404821914E0,9.883264542E0,-8.619126081E-1,-3.040636182E-1
4.406855722E0,9.883264542E0,-8.379706144E-1,-3.160346150E-1
4.408924107E0,9.878476143E0,-8.259995580E-1,-3.088520169E-1
4.410958760E0,9.873687744E0,-8.307880163E-1,-3.088520169E-1
4.413027491E0,9.873687744E0,-8.355764151E-1,-3.184288144E-1
4.415062299E0,9.866505623E0,-8.331822157E-1,-3.160346150E-1
4.417068376E0,9.854534149E0,-8.523358107E-1,-3.136404157E-1
4.419070184E0,9.847352028E0,-8.331822157E-1,-3.232172430E-1
4.421139876E0,9.835380554E0,-8.212111592E-1,-3.256114423E-1
4.423175030E0,9.832986832E0,-8.236053586E-1,-3.184288144E-1
4.425244299E0,9.840168953E0,-8.116343617E-1,-3.256114423E-1
4.427279607E0,9.830592155E0,-8.092401624E-1,-3.160346150E-1
4.429348799E0,9.835380554E0,-8.020575643E-1,-3.280056417E-1
4.431383453E0,9.830592155E0,-7.948749661E-1,-3.280056417E-1
4.433452376E0,9.828198433E0,-8.068459630E-1,-3.208230138E-1
4.435487260E0,9.830592155E0,-7.972691655E-1,-3.256114423E-1
4.437494683E0,9.823410034E0,-7.876923680E-1,-3.256114423E-1
4.439498530E0,9.825803757E0,-7.900865674E-1,-3.208230138E-1
4.441567145E0,9.821015358E0,-7.805097699E-1,-3.160346150E-1
4.443601683E0,9.823410034E0,-7.900865674E-1,-3.184288144E-1
4.445670299E0,9.832986832E0,-7.972691655E-1,-3.184288144E-1
4.447704953E0,9.821015358E0,-7.900865674E-1,-3.160346150E-1
4.449773683E0,9.840168953E0,-7.829039693E-1,-3.184288144E-1
4.451808491E0,9.842563629E0,-7.781155705E-1,-3.160346150E-1
4.453877068E0,9.830592155E0,-7.829039693E-1,-2.968810201E-1
4.455911453E0,9.825803757E0,-7.829039693E-1,-2.849099934E-1
4.457916414E0,9.825803757E0,-7.805097699E-1,-2.873041928E-1
4.460040568E0,9.801861763E0,-7.829039693E-1,-2.825157940E-1
4.461945568E0,9.801861763E0,-7.924807668E-1,-2.729389966E-1
4.463945183E0,9.813833237E0,-7.900865674E-1,-2.753331959E-1
4.466013953E0,9.816226959E0,-7.924807668E-1,-2.801215947E-1
4.468048568E0,9.823410034E0,-7.876923680E-1,-2.729389966E-1
4.470117529E0,9.816226959E0,-7.805097699E-1,-2.681505978E-1
4.472152722E0,9.804255486E0,-7.781155705E-1,-2.633621991E-1
4.474221837E0,9.816226959E0,-7.709329724E-1,-2.729389966E-1
4.476257106E0,9.828198433E0,-7.781155705E-1,-2.825157940E-1
4.478262953E0,9.825803757E0,-7.613561153E-1,-3.040636182E-1
4.480390337E0,9.818621635E0,-7.565677166E-1,-3.232172430E-1
4.482296414E0,9.821015358E0,-7.422025204E-1,-3.280056417E-1
4.484296183E0,9.830592155E0,-7.230489254E-1,-3.280056417E-1
4.486365837E0,9.825803757E0,-7.158663273E-1,-3.351882398E-1
4.488400837E0,9.816226959E0,-7.182605267E-1,-3.399766386E-1
4.490470029E0,9.818621635E0,-7.158663273E-1,-3.495534360E-1
4.492504991E0,9.823410034E0,-7.015010715E-1,-3.519476354E-1
4.494573952E0,9.816226959E0,-6.991068721E-1,-3.567360640E-1
4.496608837E0,9.809044838E0,-7.038952708E-1,-3.687070608E-1
4.498613722E0,9.811438560E0,-6.847416759E-1,-3.782838583E-1
4.500616414E0,9.821015358E0,-6.703764796E-1,-3.734954596E-1
4.502685183E0,9.825803757E0,-6.775590777E-1,-3.711012602E-1
4.504719875E0,9.821015358E0,-6.584054828E-1,-3.806780577E-1
4.506789375E0,9.823410034E0,-6.536170840E-1,-3.758896589E-1
4.508824183E0,9.828198433E0,-6.703764796E-1,-3.711012602E-1
4.510893568E0,9.840168953E0,-6.727706790E-1,-3.758896589E-1
4.512928452E0,9.849745750E0,-6.775590777E-1,-3.830722570E-1
4.514997799E0,9.852140427E0,-6.991068721E-1,-3.830722570E-1
4.517032837E0,9.856928825E0,-6.919242740E-1,-3.854664862E-1
4.519039760E0,9.854534149E0,-7.110779285E-1,-3.950432837E-1
4.521043106E0,9.868899345E0,-7.158663273E-1,-3.926490843E-1
4.523112452E0,9.871294022E0,-7.086837292E-1,-3.926490843E-1
4.525147452E0,9.866505623E0,-7.110779285E-1,-3.974374831E-1
4.527216491E0,9.873687744E0,-7.086837292E-1,-3.998316824E-1
4.529250952E0,9.897629738E0,-7.206547260E-1,-3.902548850E-1
4.531319760E0,9.888052940E0,-7.230489254E-1,-3.974374831E-1
4.533354645E0,9.880870819E0,-7.206547260E-1,-3.926490843E-1
4.535424222E0,9.892841339E0,-7.278373241E-1,-3.974374831E-1
4.537458529E0,9.895236015E0,-7.422025204E-1,-4.094084799E-1
4.539464298E0,9.897629738E0,-7.445967197E-1,-4.070142806E-1
4.541588914E0,9.888052940E0,-7.517793179E-1,-4.070142806E-1
4.543494337E0,9.888052940E0,-7.398083210E-1,-4.070142806E-1
4.545493645E0,9.897629738E0,-7.374141216E-1,-4.022258818E-1
4.547562106E0,9.900024414E0,-7.302315235E-1,-3.998316824E-1
4.549596760E0,9.897629738E0,-7.350199223E-1,-4.141969085E-1
4.551665837E0,9.900024414E0,-7.326257229E-1,-4.237737060E-1
4.553700991E0,9.907206535E0,-7.278373241E-1,-4.165911078E-1
4.555770221E0,9.911994934E0,-7.015010715E-1,-4.261679053E-1
4.557805337E0,9.921571732E0,-6.967126727E-1,-4.237737060E-1
4.559811221E0,9.926360130E0,-6.943184733E-1,-4.237737060E-1
4.562000375E0,9.900024414E0,-7.206547260E-1,-4.333505034E-1
4.563835798E0,9.897629738E0,-7.206547260E-1,-4.357447028E-1
4.565836298E0,9.890447617E0,-7.110779285E-1,-4.261679053E-1
4.567904837E0,9.909601212E0,-7.110779285E-1,-4.094084799E-1
4.569939644E0,9.904812813E0,-7.015010715E-1,-4.094084799E-1
4.572008721E0,9.897629738E0,-7.110779285E-1,-4.070142806E-1
4.574043491E0,9.885659218E0,-6.991068721E-1,-4.237737060E-1
4.576112337E0,9.897629738E0,-7.062895298E-1,-4.118026793E-1
4.578147183E0,9.900024414E0,-6.967126727E-1,-4.094084799E-1
4.580152875E0,9.904812813E0,-6.775590777E-1,-4.141969085E-1
4.582153644E0,9.907206535E0,-6.631938815E-1,-4.118026793E-1
4.584222067E0,9.900024414E0,-6.631938815E-1,-4.046200812E-1
4.586256183E0,9.880870819E0,-6.631938815E-1,-4.022258818E-1
4.588324606E0,9.873687744E0,-6.584054828E-1,-3.926490843E-1
4.590358875E0,9.876082420E0,-6.631938815E-1,-3.974374831E-1
4.592384029E0,9.890447617E0,-6.560112834E-1,-3.974374831E-1
4.594383529E0,9.880870819E0,-6.607996821E-1,-4.094084799E-1
4.596452067E0,9.864110947E0,-6.560112834E-1,-4.046200812E-1
4.598486067E0,9.871294022E0,-6.560112834E-1,-3.998316824E-1
4.600492298E0,9.859322548E0,-6.631938815E-1,-4.022258818E-1
4.602497144E0,9.859322548E0,-6.679822803E-1,-3.998316824E-1
4.604566029E0,9.854534149E0,-6.655880809E-1,-3.974374831E-1
4.606600567E0,9.861717224E0,-6.560112834E-1,-3.950432837E-1
4.608668990E0,9.861717224E0,-6.488286853E-1,-3.998316824E-1
4.610703260E0,9.849745750E0,-6.536170840E-1,-3.878606856E-1
4.612771760E0,9.837775230E0,-6.584054828E-1,-3.806780577E-1
4.614806106E0,9.844957352E0,-6.607996821E-1,-3.758896589E-1
4.616874875E0,9.837775230E0,-6.679822803E-1,-3.639186621E-1
4.618909644E0,9.825803757E0,-6.799532771E-1,-3.639186621E-1
4.620915337E0,9.825803757E0,-6.775590777E-1,-3.615244627E-1
4.623039721E0,9.821015358E0,-6.703764796E-1,-3.615244627E-1
4.624945029E0,9.823410034E0,-6.847416759E-1,-3.734954596E-1
4.626944721E0,9.816226959E0,-6.823474765E-1,-3.711012602E-1
4.629013413E0,9.804255486E0,-6.823474765E-1,-3.519476354E-1
4.631048067E0,9.816226959E0,-7.062895298E-1,-3.519476354E-1
4.633116952E0,9.823410034E0,-7.134721279E-1,-3.423708379E-1
4.635151875E0,9.828198433E0,-7.254431248E-1,-3.447650373E-1
4.637220798E0,9.830592155E0,-7.206547260E-1,-3.327940404E-1
4.639255221E0,9.828198433E0,-7.422025204E-1,-3.351882398E-1
4.641260913E0,9.832986832E0,-7.493851185E-1,-3.303998411E-1
4.643386760E0,9.856928825E0,-7.589619160E-1,-3.232172430E-1
4.645291760E0,9.866505623E0,-7.493851185E-1,-3.256114423E-1
4.647291221E0,9.854534149E0,-7.517793179E-1,-3.256114423E-1
4.649360221E0,9.868899345E0,-7.589619160E-1,-3.208230138E-1
4.651394298E0,9.861717224E0,-7.757213712E-1,-3.112462163E-1
4.653462375E0,9.864110947E0,-7.757213712E-1,-3.136404157E-1
4.655496875E0,9.878476143E0,-7.733271718E-1,-3.327940404E-1
4.657565529E0,9.876082420E0,-7.852981687E-1,-3.303998411E-1
4.659600029E0,9.876082420E0,-7.781155705E-1,-3.351882398E-1
4.661605221E0,9.892841339E0,-8.044517636E-1,-3.303998411E-1
4.663605836E0,9.895236015E0,-7.900865674E-1,-3.375824392E-1
4.665674567E0,9.885659218E0,-7.948749661E-1,-3.423708379E-1
4.667709259E0,9.897629738E0,-8.116343617E-1,-3.208230138E-1
4.669777875E0,9.876082420E0,-8.092401624E-1,-3.232172430E-1
4.671812567E0,9.878476143E0,-7.996633649E-1,-3.256114423E-1
4.673881644E0,9.892841339E0,-8.020575643E-1,-3.303998411E-1
4.675916183E0,9.890447617E0,-8.020575643E-1,-3.160346150E-1
4.677985067E0,9.892841339E0,-8.044517636E-1,-3.280056417E-1
4.680019259E0,9.902418137E0,-8.068459630E-1,-3.280056417E-1
4.682026106E0,9.895236015E0,-8.044517636E-1,-3.303998411E-1
4.684029029E0,9.900024414E0,-8.044517636E-1,-3.351882398E-1
4.686097336E0,9.897629738E0,-8.044517636E-1,-3.375824392E-1
4.688131721E0,9.892841339E0,-8.164227605E-1,-3.327940404E-1
4.690200259E0,9.892841339E0,-7.948749661E-1,-3.423708379E-1
4.692234759E0,9.878476143E0,-7.996633649E-1,-3.399766386E-1
4.694303298E0,9.883264542E0,-7.996633649E-1,-3.351882398E-1
4.696337875E0,9.873687744E0,-7.948749661E-1,-3.327940404E-1
4.698406798E0,9.868899345E0,-7.876923680E-1,-3.256114423E-1
4.700441413E0,9.883264542E0,-7.829039693E-1,-3.256114423E-1
4.702447029E0,9.873687744E0,-7.685387731E-1,-3.303998411E-1
4.704571452E0,9.871294022E0,-7.805097699E-1,-3.375824392E-1
4.706477182E0,9.895236015E0,-7.852981687E-1,-3.327940404E-1
4.708476529E0,9.868899345E0,-7.805097699E-1,-3.327940404E-1
4.710544952E0,9.861717224E0,-7.805097699E-1,-3.208230138E-1
4.712579567E0,9.840168953E0,-7.829039693E-1,-3.088520169E-1
4.714648029E0,9.854534149E0,-7.757213712E-1,-3.136404157E-1
4.716682452E0,9.859322548E0,-7.781155705E-1,-3.064578176E-1
4.718750798E0,9.842563629E0,-7.757213712E-1,-3.208230138E-1
4.720784952E0,9.837775230E0,-7.661445141E-1,-3.232172430E-1
4.722790336E0,9.835380554E0,-7.685387731E-1,-3.088520169E-1
4.724978259E0,9.842563629E0,-7.637503147E-1,-3.088520169E-1
4.726813028E0,9.852140427E0,-7.661445141E-1,-3.088520169E-1
4.728812298E0,9.847352028E0,-7.589619160E-1,-3.016694188E-1
4.730880952E0,9.859322548E0,-7.398083210E-1,-2.944868207E-1
4.732914990E0,9.837775230E0,-7.254431248E-1,-2.968810201E-1
4.734983721E0,9.852140427E0,-7.278373241E-1,-3.016694188E-1
4.737018528E0,9.854534149E0,-7.326257229E-1,-2.992752194E-1
4.739087298E0,9.854534149E0,-7.422025204E-1,-3.040636182E-1
4.741121413E0,9.842563629E0,-7.326257229E-1,-3.016694188E-1
4.743125952E0,9.832986832E0,-7.254431248E-1,-2.968810201E-1
4.745126490E0,9.835380554E0,-7.086837292E-1,-3.064578176E-1
4.747194490E0,9.830592155E0,-6.943184733E-1,-2.968810201E-1
4.749228836E0,9.835380554E0,-6.919242740E-1,-2.992752194E-1
4.751297490E0,9.823410034E0,-6.967126727E-1,-3.016694188E-1
4.753331836E0,9.840168953E0,-6.943184733E-1,-3.016694188E-1
4.755400336E0,9.825803757E0,-6.991068721E-1,-2.992752194E-1
4.757434759E0,9.813833237E0,-6.871358752E-1,-2.896983922E-1
4.759503528E0,9.816226959E0,-6.895300746E-1,-2.896983922E-1
4.761538144E0,9.813833237E0,-6.847416759E-1,-2.944868207E-1
4.763544259E0,9.823410034E0,-6.631938815E-1,-3.040636182E-1
4.765547913E0,9.825803757E0,-6.655880809E-1,-2.992752194E-1
4.767616528E0,9.828198433E0,-6.679822803E-1,-2.968810201E-1
4.769650913E0,9.818621635E0,-6.823474765E-1,-2.968810201E-1
4.771719413E0,9.825803757E0,-6.847416759E-1,-3.064578176E-1
4.773754259E0,9.837775230E0,-6.919242740E-1,-3.040636182E-1
4.775823567E0,9.852140427E0,-6.919242740E-1,-2.968810201E-1
4.777858105E0,9.830592155E0,-6.751648784E-1,-2.896983922E-1
4.779926951E0,9.828198433E0,-6.703764796E-1,-2.705447972E-1
4.781961528E0,9.830592155E0,-6.871358752E-1,-2.681505978E-1
4.783967836E0,9.823410034E0,-7.015010715E-1,-2.657563984E-1
4.786091259E0,9.844957352E0,-6.751648784E-1,-2.753331959E-1
4.787997721E0,9.847352028E0,-6.727706790E-1,-2.825157940E-1
4.789998144E0,9.847352028E0,-6.775590777E-1,-2.801215947E-1
4.792066567E0,9.847352028E0,-6.847416759E-1,-2.633621991E-1
4.794100913E0,9.859322548E0,-6.823474765E-1,-2.537853718E-1
4.796169990E0,9.873687744E0,-6.967126727E-1,-2.442085743E-1
4.798205221E0,9.861717224E0,-6.919242740E-1,-2.489969730E-1
4.800274259E0,9.866505623E0,-6.991068721E-1,-2.466027737E-1
4.802309028E0,9.871294022E0,-7.110779285E-1,-2.633621991E-1
4.804314797E0,9.873687744E0,-6.919242740E-1,-2.561795712E-1
4.806440490E0,9.873687744E0,-6.847416759E-1,-2.537853718E-1
4.808345413E0,9.873687744E0,-7.015010715E-1,-2.513911724E-1
4.810344913E0,9.880870819E0,-6.967126727E-1,-2.466027737E-1
4.812413644E0,9.871294022E0,-6.967126727E-1,-2.466027737E-1
4.814448259E0,9.873687744E0,-7.110779285E-1,-2.633621991E-1
4.816516836E0,9.864110947E0,-7.206547260E-1,-2.681505978E-1
4.818551682E0,9.864110947E0,-7.134721279E-1,-2.633621991E-1
4.820620067E0,9.852140427E0,-6.991068721E-1,-2.585737705E-1
4.822654720E0,9.849745750E0,-7.038952708E-1,-2.609679997E-1
4.824659797E0,9.861717224E0,-7.062895298E-1,-2.609679997E-1
4.826660413E0,9.868899345E0,-6.895300746E-1,-2.537853718E-1
4.828729028E0,9.854534149E0,-7.038952708E-1,-2.561795712E-1
4.830763528E0,9.847352028E0,-7.038952708E-1,-2.537853718E-1
4.832832028E0,9.847352028E0,-7.038952708E-1,-2.489969730E-1
4.834866682E0,9.840168953E0,-7.278373241E-1,-2.585737705E-1
4.836890643E0,9.861717224E0,-7.350199223E-1,-2.466027737E-1
4.838890490E0,9.861717224E0,-7.350199223E-1,-2.489969730E-1
4.840958874E0,9.842563629E0,-7.254431248E-1,-2.489969730E-1
4.842992605E0,9.861717224E0,-7.038952708E-1,-2.513911724E-1
4.844997913E0,9.868899345E0,-6.919242740E-1,-2.561795712E-1
4.847001836E0,9.861717224E0,-7.062895298E-1,-2.585737705E-1
4.849070413E0,9.856928825E0,-7.110779285E-1,-2.609679997E-1
4.851104759E0,9.873687744E0,-7.206547260E-1,-2.585737705E-1
4.853173028E0,9.871294022E0,-7.158663273E-1,-2.657563984E-1
4.855207374E0,9.861717224E0,-7.038952708E-1,-2.681505978E-1
4.857275836E0,9.852140427E0,-7.062895298E-1,-2.657563984E-1
4.859310220E0,9.861717224E0,-6.895300746E-1,-2.753331959E-1
4.861378374E0,9.890447617E0,-6.967126727E-1,-2.825157940E-1
4.863412528E0,9.895236015E0,-6.871358752E-1,-2.729389966E-1
4.865417759E0,9.888052940E0,-6.847416759E-1,-2.681505978E-1
4.867541374E0,9.892841339E0,-6.895300746E-1,-2.609679997E-1
4.869446374E0,9.880870819E0,-6.823474765E-1,-2.561795712E-1
4.871445489E0,9.880870819E0,-6.967126727E-1,-2.609679997E-1
4.873513643E0,9.895236015E0,-6.991068721E-1,-2.609679997E-1
4.875547605E0,9.883264542E0,-6.991068721E-1,-2.681505978E-1
4.877615682E0,9.885659218E0,-6.871358752E-1,-2.753331959E-1
4.879649566E0,9.892841339E0,-6.871358752E-1,-2.609679997E-1
4.881717413E0,9.888052940E0,-6.703764796E-1,-2.609679997E-1
4.883751028E0,9.873687744E0,-6.703764796E-1,-2.657563984E-1
4.885756874E0,9.861717224E0,-6.560112834E-1,-2.346317619E-1
4.887946759E0,9.864110947E0,-6.751648784E-1,-2.274491638E-1
4.889782528E0,9.859322548E0,-6.703764796E-1,-2.274491638E-1
4.891782028E0,9.849745750E0,-6.751648784E-1,-2.250549644E-1
4.893850566E0,9.842563629E0,-6.560112834E-1,-2.250549644E-1
4.895885259E0,9.828198433E0,-6.607996821E-1,-2.250549644E-1
4.897953989E0,9.821015358E0,-6.727706790E-1,-2.202665508E-1
4.899988412E0,9.825803757E0,-6.703764796E-1,-2.178723514E-1
4.902056836E0,9.818621635E0,-6.440402865E-1,-2.202665508E-1
4.904091028E0,9.821015358E0,-6.464344859E-1,-2.202665508E-1
4.906096028E0,9.828198433E0,-6.607996821E-1,-2.250549644E-1
4.908096835E0,9.825803757E0,-6.512228847E-1,-2.226607651E-1
4.910165143E0,9.825803757E0,-6.440402865E-1,-2.154781520E-1
4.912199605E0,9.830592155E0,-6.631938815E-1,-2.130839527E-1
4.914268259E0,9.837775230E0,-6.655880809E-1,-2.202665508E-1
4.916302451E0,9.837775230E0,-6.560112834E-1,-2.154781520E-1
4.918371105E0,9.840168953E0,-6.631938815E-1,-2.106897533E-1
4.920405489E0,9.837775230E0,-6.584054828E-1,-2.154781520E-1
4.922474335E0,9.844957352E0,-6.488286853E-1,-2.250549644E-1
4.924509335E0,9.847352028E0,-6.823474765E-1,-2.250549644E-1
4.926515566E0,9.844957352E0,-6.799532771E-1,-2.202665508E-1
4.928517874E0,9.847352028E0,-6.751648784E-1,-2.226607651E-1
4.930586874E0,9.868899345E0,-6.751648784E-1,-2.394201756E-1
4.932621489E0,9.868899345E0,-6.799532771E-1,-2.394201756E-1
4.934690335E0,9.854534149E0,-6.895300746E-1,-2.370259613E-1
4.936724951E0,9.832986832E0,-7.062895298E-1,-2.250549644E-1
4.938793874E0,9.830592155E0,-7.015010715E-1,-2.250549644E-1
4.940828335E0,9.840168953E0,-7.206547260E-1,-2.394201756E-1
4.942897566E0,9.844957352E0,-7.350199223E-1,-2.250549644E-1
4.944931835E0,9.849745750E0,-7.254431248E-1,-2.298433632E-1
4.946935989E0,9.854534149E0,-7.134721279E-1,-2.346317619E-1
4.949058797E0,9.854534149E0,-7.350199223E-1,-2.226607651E-1
4.950963105E0,9.864110947E0,-7.493851185E-1,-2.274491638E-1
4.952961758E0,9.868899345E0,-7.493851185E-1,-2.202665508E-1
4.955030105E0,9.854534149E0,-7.398083210E-1,-2.106897533E-1
4.957064297E0,9.854534149E0,-7.733271718E-1,-1.987187415E-1
4.959132489E0,9.852140427E0,-7.757213712E-1,-2.035071403E-1
4.961166566E0,9.832986832E0,-7.709329724E-1,-1.987187415E-1
4.963234912E0,9.844957352E0,-7.757213712E-1,-2.059013397E-1
4.965269412E0,9.849745750E0,-7.709329724E-1,-2.130839527E-1
4.967274643E0,9.837775230E0,-7.733271718E-1,-2.082955539E-1
4.969401874E0,9.837775230E0,-7.661445141E-1,-2.011129409E-1
4.971306758E0,9.842563629E0,-7.709329724E-1,-2.035071403E-1
4.973306220E0,9.844957352E0,-7.613561153E-1,-1.963245422E-1
4.975374835E0,9.842563629E0,-7.685387731E-1,-1.819593310E-1
4.977409143E0,9.856928825E0,-7.709329724E-1,-1.819593310E-1
4.979477720E0,9.866505623E0,-7.805097699E-1,-1.819593310E-1
4.981512066E0,9.868899345E0,-7.685387731E-1,-1.675941199E-1
4.983580451E0,9.864110947E0,-7.661445141E-1,-1.628057212E-1
4.985614835E0,9.837775230E0,-7.685387731E-1,-1.556231081E-1
4.987619451E0,9.856928825E0,-7.517793179E-1,-1.316810995E-1
4.989619951E0,9.856928825E0,-7.469909191E-1,-1.292868853E-1
4.991687912E0,9.842563629E0,-7.517793179E-1,-1.221042871E-1
4.993722258E0,9.849745750E0,-7.589619160E-1,-1.101332754E-1
4.995790258E0,9.859322548E0,-7.493851185E-1,-1.053448766E-1
4.997824374E0,9.847352028E0,-7.422025204E-1,-9.816227108E-2
4.999892912E0,9.844957352E0,-7.326257229E-1,-8.858546615E-2
5.001926989E0,9.844957352E0,-7.206547260E-1,-7.900865376E-2
5.003995258E0,9.856928825E0,-7.206547260E-1,-7.900865376E-2
5.006029374E0,9.876082420E0,-7.254431248E-1,-8.379705995E-2
5.008034758E0,9.856928825E0,-7.182605267E-1,-9.337386489E-2
5.010037912E0,9.849745750E0,-7.086837292E-1,-9.816227108E-2
5.012106527E0,9.849745750E0,-6.991068721E-1,-8.140286058E-2
5.014141335E0,9.852140427E0,-6.919242740E-1,-9.576806426E-2
5.016209797E0,9.844957352E0,-6.751648784E-1,-1.053448766E-1
5.018244374E0,9.835380554E0,-6.655880809E-1,-1.077390760E-1
5.020312950E0,9.835380554E0,-6.679822803E-1,-1.388636976E-1
5.022347489E0,9.830592155E0,-6.560112834E-1,-1.388636976E-1
5.024416143E0,9.823410034E0,-6.416460276E-1,-1.388636976E-1
5.026450912E0,9.832986832E0,-6.368576288E-1,-1.556231081E-1
5.028457373E0,9.816226959E0,-6.368576288E-1,-1.580173075E-1
5.030581297E0,9.801861763E0,-6.344634295E-1,-1.699883193E-1
5.032486873E0,9.816226959E0,-6.272808313E-1,-1.651999205E-1
5.034487027E0,9.813833237E0,-6.200982332E-1,-1.795651317E-1
5.036556412E0,9.811438560E0,-6.081272364E-1,-1.819593310E-1
5.038590873E0,9.809044838E0,-6.200982332E-1,-1.891419291E-1
5.040660143E0,9.809044838E0,-6.081272364E-1,-1.891419291E-1
5.042694450E0,9.789890289E0,-6.081272364E-1,-1.963245422E-1
5.044763373E0,9.792284966E0,-5.961562395E-1,-1.963245422E-1
5.046797643E0,9.785101891E0,-5.985504389E-1,-2.059013397E-1
5.048803412E0,9.780313492E0,-6.033388376E-1,-2.082955539E-1
5.050992104E0,9.794678688E0,-6.105214357E-1,-2.035071403E-1
5.052828104E0,9.787496567E0,-6.129156351E-1,-2.059013397E-1
5.054827835E0,9.804255486E0,-6.224924326E-1,-2.250549644E-1
5.056896220E0,9.825803757E0,-6.320692301E-1,-2.226607651E-1
5.058930758E0,9.830592155E0,-6.296750307E-1,-2.202665508E-1
5.060999373E0,9.828198433E0,-6.464344859E-1,-2.202665508E-1
5.063033989E0,9.832986832E0,-6.536170840E-1,-2.250549644E-1
5.065102758E0,9.854534149E0,-6.272808313E-1,-2.202665508E-1
5.067137450E0,9.856928825E0,-6.177040339E-1,-2.154781520E-1
5.069142758E0,9.852140427E0,-6.368576288E-1,-2.178723514E-1
5.071144373E0,9.876082420E0,-6.440402865E-1,-2.226607651E-1
5.073213258E0,9.876082420E0,-6.440402865E-1,-2.250549644E-1
5.075248104E0,9.876082420E0,-6.464344859E-1,-2.298433632E-1
5.077317450E0,9.876082420E0,-6.536170840E-1,-2.322375625E-1
5.079352527E0,9.883264542E0,-6.512228847E-1,-2.370259613E-1
5.081377835E0,9.885659218E0,-6.560112834E-1,-2.226607651E-1
5.083378335E0,9.885659218E0,-6.584054828E-1,-2.226607651E-1
5.085447758E0,9.880870819E0,-6.631938815E-1,-2.154781520E-1
5.087482719E0,9.890447617E0,-6.607996821E-1,-2.178723514E-1
5.089488681E0,9.890447617E0,-6.488286853E-1,-2.202665508E-1
5.091493873E0,9.897629738E0,-6.416460276E-1,-2.202665508E-1
5.093563142E0,9.892841339E0,-6.655880809E-1,-2.226607651E-1
5.095598296E0,9.897629738E0,-6.584054828E-1,-2.202665508E-1
5.097667373E0,9.897629738E0,-6.584054828E-1,-2.202665508E-1
5.099701912E0,9.888052940E0,-6.631938815E-1,-2.082955539E-1
5.101770796E0,9.888052940E0,-6.775590777E-1,-2.130839527E-1
5.103805181E0,9.883264542E0,-6.703764796E-1,-2.202665508E-1
5.105874258E0,9.895236015E0,-6.679822803E-1,-2.035071403E-1
5.107908258E0,9.885659218E0,-6.631938815E-1,-2.035071403E-1
5.109913296E0,9.907206535E0,-6.655880809E-1,-2.082955539E-1
5.112037489E0,9.907206535E0,-6.607996821E-1,-2.106897533E-1
5.113942489E0,9.890447617E0,-6.631938815E-1,-2.106897533E-1
5.115941873E0,9.883264542E0,-6.655880809E-1,-2.082955539E-1
5.118010335E0,9.890447617E0,-6.823474765E-1,-2.035071403E-1
5.120044642E0,9.873687744E0,-6.751648784E-1,-2.130839527E-1
5.122113258E0,9.885659218E0,-6.823474765E-1,-2.202665508E-1
5.124148565E0,9.878476143E0,-6.823474765E-1,-2.226607651E-1
5.126217181E0,9.868899345E0,-6.703764796E-1,-2.130839527E-1
5.128252104E0,9.876082420E0,-6.560112834E-1,-2.035071403E-1
5.130258219E0,9.873687744E0,-6.607996821E-1,-2.059013397E-1
5.132385104E0,9.871294022E0,-6.847416759E-1,-2.082955539E-1
5.134290296E0,9.859322548E0,-6.823474765E-1,-2.082955539E-1
5.136289835E0,9.861717224E0,-6.727706790E-1,-2.178723514E-1
5.138358912E0,9.878476143E0,-6.751648784E-1,-2.346317619E-1
5.140392988E0,9.876082420E0,-6.799532771E-1,-2.346317619E-1
5.142461450E0,9.876082420E0,-6.751648784E-1,-2.298433632E-1
5.144495912E0,9.864110947E0,-6.703764796E-1,-2.466027737E-1
5.146564681E0,9.878476143E0,-6.823474765E-1,-2.466027737E-1
5.148599219E0,9.876082420E0,-6.871358752E-1,-2.466027737E-1
5.150604604E0,9.864110947E0,-6.823474765E-1,-2.466027737E-1
5.152605142E0,9.876082420E0,-7.086837292E-1,-2.370259613E-1
5.154673758E0,9.868899345E0,-7.062895298E-1,-2.298433632E-1
5.156708219E0,9.873687744E0,-7.015010715E-1,-2.346317619E-1
5.158776911E0,9.856928825E0,-7.134721279E-1,-2.370259613E-1
5.160811104E0,9.854534149E0,-7.038952708E-1,-2.418143749E-1
5.162879642E0,9.876082420E0,-7.134721279E-1,-2.418143749E-1
5.164913873E0,9.866505623E0,-7.182605267E-1,-2.418143749E-1
5.166982604E0,9.859322548E0,-6.943184733E-1,-2.370259613E-1
5.169017334E0,9.854534149E0,-6.871358752E-1,-2.370259613E-1
5.171023411E0,9.852140427E0,-6.967126727E-1,-2.418143749E-1
5.173026027E0,9.866505623E0,-7.038952708E-1,-2.274491638E-1
5.175094950E0,9.876082420E0,-7.038952708E-1,-2.274491638E-1
5.177129219E0,9.871294022E0,-7.110779285E-1,-2.442085743E-1
5.179197681E0,9.878476143E0,-7.110779285E-1,-2.322375625E-1
5.181232142E0,9.888052940E0,-7.038952708E-1,-2.274491638E-1
5.183300796E0,9.897629738E0,-7.062895298E-1,-2.082955539E-1
5.185335488E0,9.883264542E0,-7.062895298E-1,-2.106897533E-1
5.187403950E0,9.885659218E0,-7.158663273E-1,-2.082955539E-1
5.189438334E0,9.883264542E0,-7.134721279E-1,-1.963245422E-1
5.191442604E0,9.897629738E0,-7.086837292E-1,-2.011129409E-1
5.193566796E0,9.895236015E0,-6.991068721E-1,-2.011129409E-1
5.195472642E0,9.883264542E0,-6.991068721E-1,-2.059013397E-1
5.197472411E0,9.873687744E0,-7.038952708E-1,-2.035071403E-1
5.199541104E0,9.873687744E0,-7.015010715E-1,-2.059013397E-1
5.201575488E0,9.876082420E0,-6.943184733E-1,-1.987187415E-1
5.203643681E0,9.873687744E0,-6.895300746E-1,-1.867477298E-1
5.205677527E0,9.876082420E0,-6.847416759E-1,-1.843535304E-1
5.207745642E0,9.885659218E0,-6.799532771E-1,-1.915361285E-1
5.209780027E0,9.866505623E0,-6.727706790E-1,-1.891419291E-1
5.211785757E0,9.854534149E0,-6.799532771E-1,-1.867477298E-1
5.213973950E0,9.852140427E0,-6.751648784E-1,-1.915361285E-1
5.215809604E0,9.866505623E0,-6.727706790E-1,-1.915361285E-1
5.217808719E0,9.866505623E0,-6.655880809E-1,-1.939303428E-1
5.219876988E0,9.866505623E0,-6.440402865E-1,-1.867477298E-1
5.221911219E0,9.854534149E0,-6.488286853E-1,-1.987187415E-1
5.223979488E0,9.866505623E0,-6.416460276E-1,-2.082955539E-1
5.226013757E0,9.861717224E0,-6.416460276E-1,-2.178723514E-1
5.228082027E0,9.864110947E0,-6.416460276E-1,-2.226607651E-1
5.230116219E0,9.868899345E0,-6.488286853E-1,-2.226607651E-1
5.232121873E0,9.854534149E0,-6.512228847E-1,-2.226607651E-1
5.234122527E0,9.844957352E0,-6.464344859E-1,-2.226607651E-1
5.236190642E0,9.854534149E0,-6.440402865E-1,-2.202665508E-1
5.238224757E0,9.859322548E0,-6.512228847E-1,-2.178723514E-1
5.240293142E0,9.871294022E0,-6.536170840E-1,-2.178723514E-1
5.242327719E0,9.852140427E0,-6.392518282E-1,-2.130839527E-1
5.244396757E0,9.837775230E0,-6.344634295E-1,-2.106897533E-1
5.246431680E0,9.837775230E0,-6.344634295E-1,-2.011129409E-1
5.248500796E0,9.837775230E0,-6.320692301E-1,-2.035071403E-1
5.250535180E0,9.849745750E0,-6.296750307E-1,-2.035071403E-1
5.252540988E0,9.840168953E0,-6.320692301E-1,-2.011129409E-1
5.254543757E0,9.840168953E0,-6.368576288E-1,-2.154781520E-1
5.256612219E0,9.844957352E0,-6.392518282E-1,-2.178723514E-1
5.258646219E0,9.830592155E0,-6.416460276E-1,-2.082955539E-1
5.260714180E0,9.825803757E0,-6.416460276E-1,-2.106897533E-1
5.262747950E0,9.832986832E0,-6.368576288E-1,-2.154781520E-1
5.264816450E0,9.835380554E0,-6.368576288E-1,-2.178723514E-1
5.266850873E0,9.832986832E0,-6.440402865E-1,-2.202665508E-1
5.268919180E0,9.818621635E0,-6.512228847E-1,-2.082955539E-1
5.270953449E0,9.825803757E0,-6.464344859E-1,-2.059013397E-1
5.272958373E0,9.825803757E0,-6.584054828E-1,-2.035071403E-1
5.275081296E0,9.835380554E0,-6.679822803E-1,-2.154781520E-1
5.276985834E0,9.842563629E0,-6.655880809E-1,-2.106897533E-1
5.278984449E0,9.849745750E0,-6.775590777E-1,-2.130839527E-1
5.281051911E0,9.844957352E0,-6.703764796E-1,-2.035071403E-1
5.283085642E0,9.854534149E0,-6.823474765E-1,-1.987187415E-1
5.285153334E0,9.859322548E0,-6.919242740E-1,-2.178723514E-1
5.287186719E0,9.854534149E0,-6.751648784E-1,-2.202665508E-1
5.289254757E0,9.849745750E0,-6.799532771E-1,-2.226607651E-1
5.291287872E0,9.856928825E0,-6.775590777E-1,-2.202665508E-1
5.293293642E0,9.868899345E0,-6.895300746E-1,-2.250549644E-1
5.295419296E0,9.864110947E0,-6.919242740E-1,-2.202665508E-1
5.297323680E0,9.868899345E0,-6.799532771E-1,-2.298433632E-1
5.299322642E0,9.866505623E0,-6.895300746E-1,-2.346317619E-1
5.301390603E0,9.866505623E0,-6.943184733E-1,-2.370259613E-1
5.303425142E0,9.859322548E0,-6.847416759E-1,-2.322375625E-1
5.305493565E0,9.880870819E0,-7.134721279E-1,-2.418143749E-1
5.307527565E0,9.892841339E0,-7.158663273E-1,-2.394201756E-1
5.309595949E0,9.904812813E0,-7.062895298E-1,-2.298433632E-1
5.311630142E0,9.888052940E0,-6.895300746E-1,-2.322375625E-1
5.313634872E0,9.883264542E0,-6.823474765E-1,-2.322375625E-1
5.315635411E0,9.883264542E0,-6.607996821E-1,-2.322375625E-1
5.317703026E0,9.871294022E0,-6.775590777E-1,-2.370259613E-1
5.319736565E0,9.876082420E0,-6.751648784E-1,-2.346317619E-1
5.321804872E0,9.861717224E0,-6.679822803E-1,-2.322375625E-1
5.323838872E0,9.885659218E0,-6.584054828E-1,-2.298433632E-1
5.325862988E0,9.880870819E0,-6.584054828E-1,-2.250549644E-1
5.327862026E0,9.866505623E0,-6.560112834E-1,-2.202665508E-1
5.329930334E0,9.844957352E0,-6.536170840E-1,-2.226607651E-1
5.331964603E0,9.854534149E0,-6.607996821E-1,-2.202665508E-1
5.333970488E0,9.844957352E0,-6.560112834E-1,-2.298433632E-1
5.335975872E0,9.840168953E0,-6.416460276E-1,-2.418143749E-1
5.338044334E0,9.830592155E0,-6.440402865E-1,-2.250549644E-1
5.340078411E0,9.830592155E0,-6.344634295E-1,-2.250549644E-1
5.342146757E0,9.830592155E0,-6.320692301E-1,-2.106897533E-1
5.344181680E0,9.837775230E0,-6.320692301E-1,-2.178723514E-1
5.346249372E0,9.832986832E0,-6.272808313E-1,-2.178723514E-1
5.348283411E0,9.832986832E0,-6.129156351E-1,-2.059013397E-1
5.350351603E0,9.842563629E0,-6.081272364E-1,-1.843535304E-1
5.352386488E0,9.844957352E0,-6.105214357E-1,-1.915361285E-1
5.354391565E0,9.825803757E0,-5.889736414E-1,-2.082955539E-1
5.356515988E0,9.816226959E0,-5.913678408E-1,-2.011129409E-1
5.358420180E0,9.821015358E0,-5.937620401E-1,-2.059013397E-1
5.360419488E0,9.840168953E0,-5.865794420E-1,-2.202665508E-1
5.362487834E0,9.828198433E0,-5.961562395E-1,-2.178723514E-1
5.364521641E0,9.825803757E0,-5.889736414E-1,-2.082955539E-1
5.366589565E0,9.849745750E0,-5.698199868E-1,-2.130839527E-1
5.368623565E0,9.852140427E0,-5.770025849E-1,-2.035071403E-1
5.370691834E0,9.859322548E0,-5.817909837E-1,-2.011129409E-1
5.372725911E0,9.876082420E0,-5.817909837E-1,-2.226607651E-1
5.374730564E0,9.852140427E0,-5.841852427E-1,-2.250549644E-1
5.376919834E0,9.856928825E0,-5.865794420E-1,-2.250549644E-1
5.378754872E0,9.859322548E0,-5.841852427E-1,-2.226607651E-1
5.380753988E0,9.844957352E0,-5.770025849E-1,-2.322375625E-1
5.382822026E0,9.852140427E0,-5.746083856E-1,-2.298433632E-1
5.384856411E0,9.866505623E0,-5.841852427E-1,-2.298433632E-1
5.386925141E0,9.864110947E0,-6.009446383E-1,-2.298433632E-1
5.388959411E0,9.864110947E0,-5.913678408E-1,-2.346317619E-1
5.391027757E0,9.868899345E0,-5.770025849E-1,-2.442085743E-1
5.393062795E0,9.878476143E0,-5.770025849E-1,-2.489969730E-1
5.395067757E0,9.880870819E0,-5.889736414E-1,-2.561795712E-1
5.397069026E0,9.885659218E0,-5.937620401E-1,-2.609679997E-1
5.399137026E0,9.883264542E0,-5.865794420E-1,-2.537853718E-1
5.401171449E0,9.880870819E0,-5.865794420E-1,-2.561795712E-1
5.403240064E0,9.888052940E0,-5.841852427E-1,-2.657563984E-1
5.405274141E0,9.904812813E0,-5.889736414E-1,-2.561795712E-1
5.407342949E0,9.895236015E0,-5.937620401E-1,-2.657563984E-1
5.409377257E0,9.902418137E0,-5.985504389E-1,-2.633621991E-1
5.411445795E0,9.897629738E0,-5.985504389E-1,-2.633621991E-1
5.413480103E0,9.897629738E0,-6.081272364E-1,-2.633621991E-1
5.415486064E0,9.904812813E0,-6.009446383E-1,-2.609679997E-1
5.417488949E0,9.892841339E0,-5.961562395E-1,-2.633621991E-1
5.419558026E0,9.876082420E0,-6.177040339E-1,-2.609679997E-1
5.421592795E0,9.885659218E0,-6.177040339E-1,-2.561795712E-1
5.423660910E0,9.892841339E0,-6.153098345E-1,-2.394201756E-1
5.425695526E0,9.883264542E0,-6.224924326E-1,-2.466027737E-1
5.427763872E0,9.883264542E0,-6.296750307E-1,-2.489969730E-1
5.429797949E0,9.873687744E0,-6.368576288E-1,-2.489969730E-1
5.431867064E0,9.866505623E0,-6.368576288E-1,-2.298433632E-1
5.433900372E0,9.866505623E0,-6.488286853E-1,-2.370259613E-1
5.435905487E0,9.864110947E0,-6.488286853E-1,-2.394201756E-1
5.438029141E0,9.864110947E0,-6.368576288E-1,-2.274491638E-1
5.439935026E0,9.866505623E0,-6.344634295E-1,-2.178723514E-1
5.441934795E0,9.861717224E0,-6.368576288E-1,-2.178723514E-1
5.444003449E0,9.868899345E0,-6.512228847E-1,-2.298433632E-1
5.446038064E0,9.856928825E0,-6.440402865E-1,-2.202665508E-1
5.448106257E0,9.852140427E0,-6.416460276E-1,-2.202665508E-1
5.450140795E0,9.852140427E0,-6.536170840E-1,-2.226607651E-1
5.452209410E0,9.844957352E0,-6.464344859E-1,-2.274491638E-1
5.454243603E0,9.847352028E0,-6.464344859E-1,-2.274491638E-1
5.456249949E0,9.861717224E0,-6.631938815E-1,-2.274491638E-1
5.458375026E0,9.868899345E0,-6.679822803E-1,-2.250549644E-1
5.460279680E0,9.864110947E0,-6.488286853E-1,-2.346317619E-1
5.462279026E0,9.861717224E0,-6.368576288E-1,-2.346317619E-1
5.464347680E0,9.866505623E0,-6.488286853E-1,-2.322375625E-1
5.466382410E0,9.873687744E0,-6.560112834E-1,-2.298433632E-1
5.468450603E0,9.868899345E0,-6.536170840E-1,-2.370259613E-1
5.470484987E0,9.849745750E0,-6.679822803E-1,-2.394201756E-1
5.472553526E0,9.852140427E0,-6.631938815E-1,-2.394201756E-1
5.474587795E0,9.873687744E0,-6.488286853E-1,-2.370259613E-1
5.476592872E0,9.854534149E0,-6.584054828E-1,-2.370259613E-1
5.478593679E0,9.844957352E0,-6.679822803E-1,-2.346317619E-1
5.480662679E0,9.842563629E0,-6.607996821E-1,-2.322375625E-1
5.482696833E0,9.830592155E0,-6.679822803E-1,-2.298433632E-1
5.484765179E0,9.830592155E0,-6.584054828E-1,-2.298433632E-1
5.486799487E0,9.832986832E0,-6.488286853E-1,-2.298433632E-1
5.488868372E0,9.844957352E0,-6.536170840E-1,-2.298433632E-1
5.490902718E0,9.832986832E0,-6.703764796E-1,-2.250549644E-1
5.492971641E0,9.832986832E0,-6.679822803E-1,-2.250549644E-1
5.495006410E0,9.847352028E0,-6.631938815E-1,-2.322375625E-1
5.497012679E0,9.830592155E0,-6.655880809E-1,-2.274491638E-1
5.499016372E0,9.825803757E0,-6.631938815E-1,-2.274491638E-1
5.501085218E0,9.828198433E0,-6.416460276E-1,-2.298433632E-1
5.503119756E0,9.825803757E0,-6.512228847E-1,-2.298433632E-1
5.505188141E0,9.818621635E0,-6.512228847E-1,-2.250549644E-1
5.507222333E0,9.821015358E0,-6.488286853E-1,-2.250549644E-1
5.509290795E0,9.825803757E0,-6.440402865E-1,-2.106897533E-1
5.511325218E0,9.818621635E0,-6.344634295E-1,-2.011129409E-1
5.513394372E0,9.837775230E0,-6.320692301E-1,-2.011129409E-1
5.515429256E0,9.840168953E0,-6.296750307E-1,-2.106897533E-1
5.517434487E0,9.847352028E0,-6.344634295E-1,-1.987187415E-1
5.519560602E0,9.844957352E0,-6.344634295E-1,-2.035071403E-1
5.521465064E0,9.854534149E0,-6.344634295E-1,-2.035071403E-1
5.523464833E0,9.859322548E0,-6.224924326E-1,-1.987187415E-1
5.525533679E0,9.847352028E0,-6.272808313E-1,-1.915361285E-1
5.527568872E0,9.849745750E0,-6.392518282E-1,-1.819593310E-1
5.529637487E0,9.861717224E0,-6.416460276E-1,-1.819593310E-1
5.531671948E0,9.868899345E0,-6.584054828E-1,-1.795651317E-1
5.533740679E0,9.866505623E0,-6.512228847E-1,-1.675941199E-1
5.535775372E0,9.859322548E0,-6.536170840E-1,-1.628057212E-1
5.537781833E0,9.873687744E0,-6.607996821E-1,-1.580173075E-1
5.539970525E0,9.885659218E0,-6.440402865E-1,-1.604115069E-1
5.541806487E0,9.888052940E0,-6.488286853E-1,-1.628057212E-1
5.543806410E0,9.880870819E0,-6.607996821E-1,-1.651999205E-1
5.545875141E0,9.890447617E0,-6.536170840E-1,-1.508347094E-1
5.547909910E0,9.868899345E0,-6.536170840E-1,-1.364694983E-1
5.549978987E0,9.854534149E0,-6.560112834E-1,-1.388636976E-1
5.552013718E0,9.864110947E0,-6.560112834E-1,-1.556231081E-1
5.554082871E0,9.866505623E0,-6.512228847E-1,-1.508347094E-1
5.556118025E0,9.868899345E0,-6.416460276E-1,-1.436520964E-1
5.558123102E0,9.866505623E0,-6.464344859E-1,-1.460463107E-1
5.560125179E0,9.873687744E0,-6.488286853E-1,-1.340752989E-1
5.562193718E0,9.861717224E0,-6.464344859E-1,-1.436520964E-1
5.564227948E0,9.849745750E0,-6.344634295E-1,-1.580173075E-1
5.566296448E0,9.842563629E0,-6.392518282E-1,-1.723825186E-1
5.568330795E0,9.847352028E0,-6.392518282E-1,-1.819593310E-1
5.570354871E0,9.840168953E0,-6.392518282E-1,-1.987187415E-1
5.572354218E0,9.821015358E0,-6.224924326E-1,-2.106897533E-1
5.574423179E0,9.821015358E0,-6.081272364E-1,-2.154781520E-1
5.576458371E0,9.840168953E0,-6.057330370E-1,-2.154781520E-1
5.578463987E0,9.832986832E0,-6.057330370E-1,-2.202665508E-1
5.580469141E0,9.828198433E0,-6.009446383E-1,-2.226607651E-1
5.582538256E0,9.797073364E0,-5.889736414E-1,-2.298433632E-1
5.584571910E0,9.787496567E0,-5.841852427E-1,-2.178723514E-1
5.586640448E0,9.801861763E0,-5.937620401E-1,-2.202665508E-1
5.588674525E0,9.794678688E0,-6.057330370E-1,-2.322375625E-1
5.590742833E0,9.809044838E0,-5.865794420E-1,-2.346317619E-1
5.592777102E0,9.816226959E0,-5.793967843E-1,-2.370259613E-1
5.594844910E0,9.801861763E0,-5.841852427E-1,-2.370259613E-1
5.596878833E0,9.811438560E0,-5.793967843E-1,-2.370259613E-1
5.598883025E0,9.799467087E0,-5.793967843E-1,-2.442085743E-1
5.601006371E0,9.792284966E0,-5.913678408E-1,-2.489969730E-1
5.602911641E0,9.811438560E0,-5.937620401E-1,-2.513911724E-1
5.604910833E0,9.828198433E0,-5.937620401E-1,-2.513911724E-1
5.606979294E0,9.837775230E0,-6.177040339E-1,-2.466027737E-1
5.609013217E0,9.835380554E0,-6.200982332E-1,-2.442085743E-1
5.611081833E0,9.844957352E0,-6.105214357E-1,-2.418143749E-1
5.613115910E0,9.849745750E0,-6.105214357E-1,-2.394201756E-1
5.615184179E0,9.864110947E0,-6.129156351E-1,-2.346317619E-1
5.617218064E0,9.883264542E0,-6.272808313E-1,-2.274491638E-1
5.619223333E0,9.880870819E0,-6.368576288E-1,-2.274491638E-1
5.621348794E0,9.880870819E0,-6.344634295E-1,-2.346317619E-1
5.623252987E0,9.868899345E0,-6.392518282E-1,-2.250549644E-1
5.625252487E0,9.880870819E0,-6.488286853E-1,-2.130839527E-1
5.627320679E0,9.885659218E0,-6.440402865E-1,-2.154781520E-1
5.629354564E0,9.911994934E0,-6.248866320E-1,-2.274491638E-1
5.631423025E0,9.909601212E0,-6.248866320E-1,-2.370259613E-1
5.633457333E0,9.900024414E0,-6.392518282E-1,-2.274491638E-1
5.635526140E0,9.892841339E0,-6.464344859E-1,-2.322375625E-1
5.637559987E0,9.888052940E0,-6.464344859E-1,-2.322375625E-1
5.639564679E0,9.880870819E0,-6.512228847E-1,-2.130839527E-1
5.641565063E0,9.861717224E0,-6.440402865E-1,-2.202665508E-1
5.643633333E0,9.859322548E0,-6.368576288E-1,-2.250549644E-1
5.645668025E0,9.876082420E0,-6.488286853E-1,-2.250549644E-1
5.647736756E0,9.892841339E0,-6.344634295E-1,-2.226607651E-1
5.649771179E0,9.892841339E0,-6.272808313E-1,-2.322375625E-1
5.651839640E0,9.880870819E0,-6.440402865E-1,-2.370259613E-1
5.653873948E0,9.907206535E0,-6.440402865E-1,-2.394201756E-1
5.655942410E0,9.892841339E0,-6.392518282E-1,-2.370259613E-1
5.657976371E0,9.885659218E0,-6.416460276E-1,-2.346317619E-1
5.659982640E0,9.873687744E0,-6.320692301E-1,-2.250549644E-1
5.661985486E0,9.876082420E0,-6.416460276E-1,-2.250549644E-1
5.664054140E0,9.878476143E0,-6.464344859E-1,-2.322375625E-1
5.666088486E0,9.868899345E0,-6.512228847E-1,-2.298433632E-1
5.668157833E0,9.880870819E0,-6.296750307E-1,-2.418143749E-1
5.670192217E0,9.880870819E0,-6.272808313E-1,-2.442085743E-1
5.672261102E0,9.873687744E0,-6.320692301E-1,-2.322375625E-1
5.674295409E0,9.864110947E0,-6.392518282E-1,-2.394201756E-1
5.676363948E0,9.868899345E0,-6.368576288E-1,-2.489969730E-1
5.678398256E0,9.880870819E0,-6.296750307E-1,-2.513911724E-1
5.680403409E0,9.892841339E0,-6.320692301E-1,-2.513911724E-1
5.682527217E0,9.890447617E0,-6.368576288E-1,-2.537853718E-1
5.684431756E0,9.871294022E0,-6.200982332E-1,-2.537853718E-1
5.686430948E0,9.885659218E0,-6.368576288E-1,-2.561795712E-1
5.688499679E0,9.885659218E0,-6.296750307E-1,-2.585737705E-1
5.690533909E0,9.866505623E0,-6.440402865E-1,-2.561795712E-1
5.692602332E0,9.859322548E0,-6.488286853E-1,-2.633621991E-1
5.694636679E0,9.868899345E0,-6.296750307E-1,-2.633621991E-1
5.696705063E0,9.883264542E0,-6.200982332E-1,-2.633621991E-1
5.698739102E0,9.876082420E0,-6.368576288E-1,-2.801215947E-1
5.700745602E0,9.880870819E0,-6.344634295E-1,-2.825157940E-1
5.702934563E0,9.878476143E0,-6.344634295E-1,-2.825157940E-1
5.704770486E0,9.861717224E0,-6.440402865E-1,-2.705447972E-1
5.706769640E0,9.854534149E0,-6.464344859E-1,-2.753331959E-1
5.708837871E0,9.859322548E0,-6.440402865E-1,-2.777273953E-1
5.710872294E0,9.873687744E0,-6.416460276E-1,-2.849099934E-1
5.712941332E0,9.907206535E0,-6.488286853E-1,-2.849099934E-1
5.714976217E0,9.900024414E0,-6.440402865E-1,-2.825157940E-1
5.717044679E0,9.883264542E0,-6.440402865E-1,-2.849099934E-1
5.719079409E0,9.885659218E0,-6.368576288E-1,-2.992752194E-1
5.721085563E0,9.897629738E0,-6.488286853E-1,-3.088520169E-1
5.723086755E0,9.892841339E0,-6.464344859E-1,-3.064578176E-1
5.725155871E0,9.878476143E0,-6.416460276E-1,-2.944868207E-1
5.727190794E0,9.883264542E0,-6.416460276E-1,-2.944868207E-1
5.729259102E0,9.890447617E0,-6.392518282E-1,-2.968810201E-1
5.731293640E0,9.902418137E0,-6.536170840E-1,-3.088520169E-1
5.733361871E0,9.914389610E0,-6.560112834E-1,-3.064578176E-1
5.735396755E0,9.914389610E0,-6.607996821E-1,-2.920926213E-1
5.737464948E0,9.914389610E0,-6.631938815E-1,-2.825157940E-1
5.739499794E0,9.914389610E0,-6.560112834E-1,-2.825157940E-1
5.741505948E0,9.914389610E0,-6.631938815E-1,-2.801215947E-1
5.743509871E0,9.916783333E0,-6.512228847E-1,-2.920926213E-1
5.745578563E0,9.921571732E0,-6.536170840E-1,-2.896983922E-1
5.747612871E0,9.919178009E0,-6.560112834E-1,-2.777273953E-1
5.749681409E0,9.907206535E0,-6.607996821E-1,-2.777273953E-1
5.751715563E0,9.904812813E0,-6.679822803E-1,-2.801215947E-1
5.753784409E0,9.904812813E0,-6.871358752E-1,-2.657563984E-1
5.755818755E0,9.921571732E0,-6.799532771E-1,-2.561795712E-1
5.757887409E0,9.914389610E0,-6.655880809E-1,-2.681505978E-1
5.759922140E0,9.909601212E0,-6.607996821E-1,-2.609679997E-1
5.761928409E0,9.902418137E0,-6.655880809E-1,-2.513911724E-1
5.764052601E0,9.907206535E0,-6.584054828E-1,-2.537853718E-1
5.765957755E0,9.900024414E0,-6.536170840E-1,-2.513911724E-1
5.767956986E0,9.895236015E0,-6.512228847E-1,-2.489969730E-1
5.770025794E0,9.904812813E0,-6.464344859E-1,-2.489969730E-1
5.772060217E0,9.904812813E0,-6.344634295E-1,-2.466027737E-1
5.774128909E0,9.907206535E0,-6.368576288E-1,-2.346317619E-1
5.776162871E0,9.876082420E0,-6.464344859E-1,-2.370259613E-1
5.778231601E0,9.866505623E0,-6.536170840E-1,-2.394201756E-1
5.780265524E0,9.861717224E0,-6.631938815E-1,-2.537853718E-1
5.782271101E0,9.868899345E0,-6.607996821E-1,-2.513911724E-1
5.784396717E0,9.868899345E0,-6.607996821E-1,-2.442085743E-1
5.786301140E0,9.854534149E0,-6.464344859E-1,-2.442085743E-1
5.788300217E0,9.859322548E0,-6.655880809E-1,-2.561795712E-1
5.790368101E0,9.859322548E0,-6.655880809E-1,-2.561795712E-1
5.792402409E0,9.854534149E0,-6.512228847E-1,-2.537853718E-1
5.794470678E0,9.844957352E0,-6.440402865E-1,-2.585737705E-1
5.796504832E0,9.840168953E0,-6.560112834E-1,-2.513911724E-1
5.798572717E0,9.821015358E0,-6.560112834E-1,-2.394201756E-1
5.800606871E0,9.825803757E0,-6.703764796E-1,-2.346317619E-1
5.802611140E0,9.837775230E0,-6.751648784E-1,-2.394201756E-1
5.804612371E0,9.840168953E0,-6.679822803E-1,-2.418143749E-1
5.806681255E0,9.828198433E0,-6.631938815E-1,-2.370259613E-1
5.808715717E0,9.821015358E0,-6.727706790E-1,-2.322375625E-1
5.810783524E0,9.806650162E0,-6.703764796E-1,-2.250549644E-1
5.812818024E0,9.801861763E0,-6.655880809E-1,-2.154781520E-1
5.814842640E0,9.816226959E0,-6.823474765E-1,-2.082955539E-1
5.816842024E0,9.828198433E0,-6.871358752E-1,-2.082955539E-1
5.818910755E0,9.832986832E0,-6.943184733E-1,-2.154781520E-1
5.820944678E0,9.840168953E0,-6.967126727E-1,-2.082955539E-1
5.822949717E0,9.849745750E0,-6.991068721E-1,-2.106897533E-1
5.824954101E0,9.842563629E0,-6.967126727E-1,-2.059013397E-1
5.827022794E0,9.844957352E0,-7.062895298E-1,-2.035071403E-1
5.829057178E0,9.837775230E0,-7.134721279E-1,-2.059013397E-1
5.831126101E0,9.832986832E0,-7.134721279E-1,-2.082955539E-1
5.833160947E0,9.864110947E0,-7.182605267E-1,-2.298433632E-1
5.835229563E0,9.861717224E0,-7.206547260E-1,-2.298433632E-1
5.837264140E0,9.854534149E0,-7.158663273E-1,-2.202665508E-1
5.839333293E0,9.852140427E0,-7.158663273E-1,-2.154781520E-1
5.841367832E0,9.866505623E0,-7.158663273E-1,-2.202665508E-1
5.843372447E0,9.911994934E0,-7.278373241E-1,-2.274491638E-1
5.845496370E0,9.926360130E0,-7.374141216E-1,-2.274491638E-1
5.847401524E0,9.926360130E0,-7.493851185E-1,-2.250549644E-1
5.849401140E0,9.919178009E0,-7.445967197E-1,-2.346317619E-1
5.851469986E0,9.940725327E0,-7.422025204E-1,-2.274491638E-1
5.853504716E0,9.938331604E0,-7.398083210E-1,-2.298433632E-1
5.855573716E0,9.928754807E0,-7.254431248E-1,-2.274491638E-1
5.857608293E0,9.911994934E0,-7.158663273E-1,-2.370259613E-1
5.859676678E0,9.892841339E0,-7.110779285E-1,-2.370259613E-1
5.861710832E0,9.876082420E0,-6.991068721E-1,-2.322375625E-1
5.863716409E0,9.866505623E0,-6.823474765E-1,-2.322375625E-1
5.865905216E0,9.852140427E0,-6.655880809E-1,-2.250549644E-1
5.867740332E0,9.854534149E0,-6.512228847E-1,-2.202665508E-1
5.869739793E0,9.844957352E0,-6.368576288E-1,-2.298433632E-1
5.871808063E0,9.837775230E0,-6.320692301E-1,-2.346317619E-1
5.873842255E0,9.804255486E0,-6.153098345E-1,-2.298433632E-1
5.875910755E0,9.789890289E0,-6.153098345E-1,-2.442085743E-1
5.877944370E0,9.804255486E0,-6.368576288E-1,-2.394201756E-1
5.880012639E0,9.811438560E0,-6.272808313E-1,-2.418143749E-1
5.882046755E0,9.828198433E0,-6.296750307E-1,-2.442085743E-1
5.884051409E0,9.825803757E0,-6.296750307E-1,-2.394201756E-1
5.886052293E0,9.825803757E0,-6.296750307E-1,-2.274491638E-1
5.888120524E0,9.821015358E0,-6.153098345E-1,-2.154781520E-1
5.890154832E0,9.828198433E0,-6.272808313E-1,-2.130839527E-1
5.892223293E0,9.837775230E0,-6.368576288E-1,-2.178723514E-1
5.894257755E0,9.828198433E0,-6.488286853E-1,-2.250549644E-1
5.896326216E0,9.832986832E0,-6.488286853E-1,-2.226607651E-1
5.898360332E0,9.832986832E0,-6.488286853E-1,-2.202665508E-1
5.900428755E0,9.837775230E0,-6.512228847E-1,-1.915361285E-1
5.902462601E0,9.852140427E0,-6.655880809E-1,-2.059013397E-1
5.904468062E0,9.844957352E0,-6.607996821E-1,-2.130839527E-1
5.906470986E0,9.856928825E0,-6.775590777E-1,-1.939303428E-1
5.908539447E0,9.844957352E0,-6.679822803E-1,-1.963245422E-1
5.910573216E0,9.854534149E0,-6.655880809E-1,-1.987187415E-1
5.912641447E0,9.856928825E0,-6.655880809E-1,-1.987187415E-1
5.914675755E0,9.842563629E0,-6.631938815E-1,-1.987187415E-1
5.916744062E0,9.849745750E0,-6.584054828E-1,-2.059013397E-1
5.918778370E0,9.837775230E0,-6.536170840E-1,-2.106897533E-1
5.920846716E0,9.842563629E0,-6.584054828E-1,-2.130839527E-1
5.922880524E0,9.832986832E0,-6.584054828E-1,-2.130839527E-1
5.924885524E0,9.823410034E0,-6.560112834E-1,-2.106897533E-1
5.927008447E0,9.847352028E0,-6.440402865E-1,-2.130839527E-1
5.928913601E0,9.837775230E0,-6.392518282E-1,-2.154781520E-1
5.930913178E0,9.842563629E0,-6.416460276E-1,-2.130839527E-1
5.932981409E0,9.830592155E0,-6.655880809E-1,-2.226607651E-1
5.935016524E0,9.856928825E0,-6.679822803E-1,-2.178723514E-1
5.937085139E0,9.859322548E0,-6.751648784E-1,-2.154781520E-1
5.939119370E0,9.861717224E0,-6.799532771E-1,-2.370259613E-1
5.941187601E0,9.876082420E0,-6.679822803E-1,-2.346317619E-1
5.943222062E0,9.871294022E0,-6.536170840E-1,-2.322375625E-1
5.945228178E0,9.876082420E0,-6.584054828E-1,-2.394201756E-1
5.947353947E0,9.876082420E0,-6.799532771E-1,-2.346317619E-1
5.949260024E0,9.878476143E0,-6.847416759E-1,-2.274491638E-1
5.951259178E0,9.890447617E0,-6.775590777E-1,-2.250549644E-1
5.953327947E0,9.895236015E0,-6.751648784E-1,-2.346317619E-1
5.955363293E0,9.892841339E0,-6.727706790E-1,-2.322375625E-1
5.957432870E0,9.880870819E0,-6.751648784E-1,-2.370259613E-1
5.959468024E0,9.883264542E0,-6.823474765E-1,-2.418143749E-1
5.961537216E0,9.883264542E0,-6.799532771E-1,-2.442085743E-1
5.963572101E0,9.873687744E0,-6.847416759E-1,-2.298433632E-1
5.965577716E0,9.897629738E0,-6.823474765E-1,-2.250549644E-1
5.967578139E0,9.890447617E0,-6.751648784E-1,-2.346317619E-1
5.969646870E0,9.878476143E0,-6.584054828E-1,-2.346317619E-1
5.971682139E0,9.878476143E0,-6.751648784E-1,-2.250549644E-1
5.973751562E0,9.880870819E0,-6.943184733E-1,-2.370259613E-1
5.975786754E0,9.878476143E0,-6.895300746E-1,-2.274491638E-1
5.977855562E0,9.885659218E0,-6.943184733E-1,-2.298433632E-1
5.979890293E0,9.876082420E0,-6.655880809E-1,-2.370259613E-1
5.981959524E0,9.871294022E0,-6.584054828E-1,-2.394201756E-1
5.983994370E0,9.880870819E0,-6.679822803E-1,-2.322375625E-1
5.986000947E0,9.873687744E0,-6.775590777E-1,-2.322375625E-1
5.988004562E0,9.866505623E0,-6.799532771E-1,-2.370259613E-1
5.990073254E0,9.864110947E0,-6.679822803E-1,-2.394201756E-1
5.992107985E0,9.832986832E0,-6.679822803E-1,-2.322375625E-1
5.994177831E0,9.832986832E0,-6.751648784E-1,-2.346317619E-1
5.996211716E0,9.842563629E0,-6.679822803E-1,-2.322375625E-1
5.998280447E0,9.842563629E0,-6.727706790E-1,-2.346317619E-1
6.000315177E0,9.852140427E0,-6.751648784E-1,-2.274491638E-1
6.002384447E0,9.844957352E0,-6.751648784E-1,-2.418143749E-1
6.004418639E0,9.871294022E0,-6.799532771E-1,-2.298433632E-1
6.006423870E0,9.868899345E0,-6.775590777E-1,-2.346317619E-1
6.008548370E0,9.868899345E0,-6.847416759E-1,-2.442085743E-1
6.010455216E0,9.854534149E0,-6.751648784E-1,-2.418143749E-1
6.012455101E0,9.864110947E0,-6.703764796E-1,-2.418143749E-1
6.014524177E0,9.868899345E0,-6.751648784E-1,-2.489969730E-1
6.016558754E0,9.864110947E0,-6.751648784E-1,-2.489969730E-1
6.018627293E0,9.871294022E0,-6.703764796E-1,-2.489969730E-1
6.020661793E0,9.868899345E0,-6.775590777E-1,-2.513911724E-1
6.022730331E0,9.868899345E0,-6.847416759E-1,-2.537853718E-1
6.024764562E0,9.888052940E0,-6.775590777E-1,-2.537853718E-1
6.026770639E0,9.900024414E0,-6.799532771E-1,-2.489969730E-1
6.028960062E0,9.900024414E0,-6.823474765E-1,-2.585737705E-1
6.030796293E0,9.888052940E0,-6.799532771E-1,-2.489969730E-1
6.032796293E0,9.871294022E0,-6.823474765E-1,-2.466027737E-1
6.034864908E0,9.856928825E0,-6.895300746E-1,-2.346317619E-1
6.036899716E0,9.856928825E0,-6.823474765E-1,-2.202665508E-1
6.038968870E0,9.859322548E0,-6.775590777E-1,-2.250549644E-1
6.041003177E0,9.854534149E0,-6.919242740E-1,-2.202665508E-1
6.043072062E0,9.859322548E0,-6.895300746E-1,-2.274491638E-1
6.045106716E0,9.859322548E0,-6.871358752E-1,-2.298433632E-1
6.047111716E0,9.844957352E0,-6.775590777E-1,-2.226607651E-1
6.049113293E0,9.852140427E0,-6.871358752E-1,-2.250549644E-1
6.051182177E0,9.856928825E0,-6.943184733E-1,-2.154781520E-1
6.053216947E0,9.856928825E0,-6.871358752E-1,-2.082955539E-1
6.055285639E0,9.835380554E0,-6.871358752E-1,-2.178723514E-1
6.057320370E0,9.835380554E0,-6.895300746E-1,-2.202665508E-1
6.059344754E0,9.844957352E0,-6.727706790E-1,-2.202665508E-1
6.061344754E0,9.835380554E0,-6.823474765E-1,-2.130839527E-1
6.063413139E0,9.844957352E0,-6.991068721E-1,-2.154781520E-1
6.065447677E0,9.854534149E0,-6.991068721E-1,-2.059013397E-1
6.067452985E0,9.832986832E0,-6.751648784E-1,-1.987187415E-1
6.069458485E0,9.828198433E0,-6.799532771E-1,-1.987187415E-1
6.071527600E0,9.832986832E0,-6.799532771E-1,-1.939303428E-1
6.073562446E0,9.816226959E0,-6.727706790E-1,-1.987187415E-1
6.075631369E0,9.821015358E0,-6.775590777E-1,-1.987187415E-1
6.077666100E0,9.806650162E0,-6.727706790E-1,-2.035071403E-1
6.079735023E0,9.835380554E0,-6.799532771E-1,-1.963245422E-1
6.081770139E0,9.852140427E0,-6.895300746E-1,-1.891419291E-1
6.083837831E0,9.864110947E0,-6.895300746E-1,-1.939303428E-1
6.085871446E0,9.866505623E0,-6.991068721E-1,-1.939303428E-1
6.087875485E0,9.854534149E0,-6.895300746E-1,-1.987187415E-1
6.089998716E0,9.876082420E0,-6.823474765E-1,-2.059013397E-1
6.091903754E0,9.878476143E0,-6.799532771E-1,-2.035071403E-1
6.093903908E0,9.900024414E0,-7.038952708E-1,-1.987187415E-1
6.095972485E0,9.890447617E0,-7.158663273E-1,-1.963245422E-1
6.098006869E0,9.890447617E0,-7.110779285E-1,-1.939303428E-1
6.100074985E0,9.904812813E0,-6.919242740E-1,-1.939303428E-1
6.102108946E0,9.902418137E0,-7.015010715E-1,-1.915361285E-1
6.104177100E0,9.909601212E0,-6.967126727E-1,-1.771709323E-1
6.106210831E0,9.923966408E0,-6.919242740E-1,-1.819593310E-1
6.108216216E0,9.919178009E0,-6.943184733E-1,-1.843535304E-1
6.110341023E0,9.902418137E0,-6.943184733E-1,-1.699883193E-1
6.112245369E0,9.911994934E0,-7.015010715E-1,-1.604115069E-1
6.114244485E0,9.921571732E0,-7.015010715E-1,-1.484405100E-1
6.116312792E0,9.921571732E0,-7.158663273E-1,-1.484405100E-1
6.118347062E0,9.904812813E0,-7.015010715E-1,-1.651999205E-1
6.120415639E0,9.902418137E0,-6.943184733E-1,-1.771709323E-1
6.122450177E0,9.890447617E0,-6.751648784E-1,-1.843535304E-1
6.124518715E0,9.878476143E0,-6.919242740E-1,-1.915361285E-1
6.126552831E0,9.871294022E0,-6.871358752E-1,-1.987187415E-1
6.128558715E0,9.852140427E0,-6.679822803E-1,-2.154781520E-1
6.130559562E0,9.842563629E0,-6.823474765E-1,-2.202665508E-1
6.132627831E0,9.835380554E0,-6.799532771E-1,-2.178723514E-1
6.134661908E0,9.842563629E0,-6.631938815E-1,-2.178723514E-1
6.136729946E0,9.821015358E0,-6.416460276E-1,-2.513911724E-1
6.138764292E0,9.818621635E0,-6.392518282E-1,-2.537853718E-1
6.140832369E0,9.811438560E0,-6.320692301E-1,-2.561795712E-1
6.142866446E0,9.821015358E0,-6.488286853E-1,-2.585737705E-1
6.144934292E0,9.809044838E0,-6.464344859E-1,-2.657563984E-1
6.146968177E0,9.813833237E0,-6.440402865E-1,-2.633621991E-1
6.148973138E0,9.816226959E0,-6.344634295E-1,-2.585737705E-1
6.150976023E0,9.818621635E0,-6.272808313E-1,-2.705447972E-1
6.153044292E0,9.818621635E0,-6.296750307E-1,-2.729389966E-1
6.155078715E0,9.804255486E0,-6.248866320E-1,-2.681505978E-1
6.157146946E0,9.821015358E0,-6.177040339E-1,-2.777273953E-1
6.159181600E0,9.821015358E0,-6.296750307E-1,-2.705447972E-1
6.161249523E0,9.804255486E0,-6.584054828E-1,-2.633621991E-1
6.163283831E0,9.811438560E0,-6.320692301E-1,-2.729389966E-1
6.165352138E0,9.809044838E0,-6.344634295E-1,-2.705447972E-1
6.167386485E0,9.818621635E0,-6.536170840E-1,-2.513911724E-1
6.169391715E0,9.828198433E0,-6.536170840E-1,-2.585737705E-1
6.171516600E0,9.813833237E0,-6.488286853E-1,-2.537853718E-1
6.173422369E0,9.818621635E0,-6.488286853E-1,-2.585737705E-1
6.175421638E0,9.840168953E0,-6.464344859E-1,-2.681505978E-1
6.177489292E0,9.842563629E0,-6.488286853E-1,-2.681505978E-1
6.179523061E0,9.847352028E0,-6.727706790E-1,-2.561795712E-1
6.181591292E0,9.847352028E0,-6.751648784E-1,-2.394201756E-1
6.183625331E0,9.859322548E0,-6.847416759E-1,-2.346317619E-1
6.185693254E0,9.876082420E0,-6.847416759E-1,-2.370259613E-1
6.187726908E0,9.873687744E0,-6.847416759E-1,-2.489969730E-1
6.189732446E0,9.883264542E0,-6.871358752E-1,-2.394201756E-1
6.191921292E0,9.897629738E0,-6.871358752E-1,-2.346317619E-1
6.193757061E0,9.911994934E0,-6.847416759E-1,-2.418143749E-1
6.195756408E0,9.911994934E0,-6.871358752E-1,-2.394201756E-1
6.197824907E0,9.909601212E0,-6.847416759E-1,-2.466027737E-1
6.199859638E0,9.892841339E0,-6.727706790E-1,-2.537853718E-1
6.201927907E0,9.895236015E0,-6.727706790E-1,-2.561795712E-1
6.203961907E0,9.911994934E0,-6.799532771E-1,-2.561795712E-1
6.206029946E0,9.921571732E0,-6.775590777E-1,-2.609679997E-1
6.208063331E0,9.911994934E0,-6.584054828E-1,-2.657563984E-1
6.210067369E0,9.919178009E0,-6.607996821E-1,-2.657563984E-1
6.212068407E0,9.933543205E0,-6.512228847E-1,-2.705447972E-1
6.214136369E0,9.919178009E0,-6.560112834E-1,-2.609679997E-1
6.216170831E0,9.916783333E0,-6.512228847E-1,-2.609679997E-1
6.218238792E0,9.926360130E0,-6.584054828E-1,-2.753331959E-1
6.220272984E0,9.923966408E0,-6.464344859E-1,-2.801215947E-1
6.222341292E0,9.928754807E0,-6.464344859E-1,-2.849099934E-1
6.224375061E0,9.945513725E0,-6.416460276E-1,-2.968810201E-1
6.226443215E0,9.940725327E0,-6.368576288E-1,-3.064578176E-1
6.228477484E0,9.926360130E0,-6.344634295E-1,-3.112462163E-1
6.230483369E0,9.921571732E0,-6.464344859E-1,-3.088520169E-1
6.232485830E0,9.902418137E0,-6.440402865E-1,-3.016694188E-1
6.234553907E0,9.897629738E0,-6.344634295E-1,-3.064578176E-1
6.236588061E0,9.900024414E0,-6.536170840E-1,-2.992752194E-1
6.238656869E0,9.888052940E0,-6.416460276E-1,-3.040636182E-1
6.240691907E0,9.866505623E0,-6.344634295E-1,-3.136404157E-1
6.242759753E0,9.861717224E0,-6.344634295E-1,-3.088520169E-1
6.244794100E0,9.864110947E0,-6.416460276E-1,-3.112462163E-1
6.246862638E0,9.844957352E0,-6.392518282E-1,-3.088520169E-1
6.248896677E0,9.840168953E0,-6.440402865E-1,-3.088520169E-1
6.250902753E0,9.828198433E0,-6.344634295E-1,-3.040636182E-1
6.253026907E0,9.830592155E0,-6.392518282E-1,-2.944868207E-1
6.254932753E0,9.840168953E0,-6.488286853E-1,-2.920926213E-1
6.256932138E0,9.837775230E0,-6.464344859E-1,-2.753331959E-1
6.259000253E0,9.818621635E0,-6.392518282E-1,-2.633621991E-1
6.261034484E0,9.821015358E0,-6.512228847E-1,-2.705447972E-1
6.263102984E0,9.821015358E0,-6.655880809E-1,-2.753331959E-1
6.265137100E0,9.821015358E0,-6.727706790E-1,-2.657563984E-1
6.267205600E0,9.832986832E0,-6.823474765E-1,-2.561795712E-1
6.269240292E0,9.835380554E0,-6.799532771E-1,-2.370259613E-1
6.271246176E0,9.852140427E0,-6.871358752E-1,-2.513911724E-1
6.273372907E0,9.842563629E0,-6.991068721E-1,-2.537853718E-1
6.275278100E0,9.844957352E0,-7.158663273E-1,-2.466027737E-1
6.277277753E0,9.866505623E0,-7.038952708E-1,-2.418143749E-1
6.279346446E0,9.864110947E0,-7.086837292E-1,-2.370259613E-1
6.281380715E0,9.856928825E0,-7.206547260E-1,-2.154781520E-1
6.283449138E0,9.861717224E0,-7.350199223E-1,-2.250549644E-1
6.285483561E0,9.856928825E0,-7.398083210E-1,-2.178723514E-1
6.287552023E0,9.866505623E0,-7.278373241E-1,-2.154781520E-1
6.289586676E0,9.871294022E0,-7.422025204E-1,-2.106897533E-1
6.291591138E0,9.871294022E0,-7.422025204E-1,-2.154781520E-1
6.293592215E0,9.883264542E0,-7.493851185E-1,-2.154781520E-1
6.295660523E0,9.900024414E0,-7.565677166E-1,-2.106897533E-1
6.297694946E0,9.902418137E0,-7.565677166E-1,-2.154781520E-1
6.299763869E0,9.900024414E0,-7.685387731E-1,-2.082955539E-1
6.301797869E0,9.873687744E0,-7.661445141E-1,-2.178723514E-1
6.303823330E0,9.876082420E0,-7.613561153E-1,-2.130839527E-1
6.305823022E0,9.883264542E0,-7.517793179E-1,-2.106897533E-1
6.307892138E0,9.866505623E0,-7.589619160E-1,-2.059013397E-1
6.309926369E0,9.873687744E0,-7.541735172E-1,-2.011129409E-1
6.311932138E0,9.866505623E0,-7.517793179E-1,-2.082955539E-1
6.313937676E0,9.868899345E0,-7.398083210E-1,-2.202665508E-1
6.316006407E0,9.871294022E0,-7.541735172E-1,-2.250549644E-1
6.318041292E0,9.868899345E0,-7.493851185E-1,-2.298433632E-1
6.320110292E0,9.873687744E0,-7.422025204E-1,-2.298433632E-1
6.322144445E0,9.854534149E0,-7.398083210E-1,-2.322375625E-1
6.324213445E0,9.849745750E0,-7.350199223E-1,-2.274491638E-1
6.326247945E0,9.847352028E0,-7.206547260E-1,-2.394201756E-1
6.328317061E0,9.847352028E0,-7.182605267E-1,-2.394201756E-1
6.330351561E0,9.842563629E0,-7.254431248E-1,-2.489969730E-1
6.332355984E0,9.835380554E0,-7.134721279E-1,-2.394201756E-1
6.334479907E0,9.840168953E0,-7.015010715E-1,-2.585737705E-1
6.336386061E0,9.844957352E0,-7.062895298E-1,-2.585737705E-1
6.338385830E0,9.837775230E0,-7.086837292E-1,-2.466027737E-1
6.340454484E0,9.840168953E0,-6.919242740E-1,-2.561795712E-1
6.342489445E0,9.840168953E0,-6.919242740E-1,-2.513911724E-1
6.344558292E0,9.830592155E0,-7.062895298E-1,-2.609679997E-1
6.346593099E0,9.835380554E0,-7.062895298E-1,-2.609679997E-1
6.348662407E0,9.823410034E0,-6.943184733E-1,-2.561795712E-1
6.350697715E0,9.816226959E0,-6.919242740E-1,-2.633621991E-1
6.352704445E0,9.821015358E0,-6.751648784E-1,-2.585737705E-1
6.354894330E0,9.804255486E0,-6.871358752E-1,-2.489969730E-1
6.356730676E0,9.792284966E0,-6.823474765E-1,-2.466027737E-1
6.358730907E0,9.787496567E0,-6.823474765E-1,-2.442085743E-1
6.360799715E0,9.799467087E0,-6.871358752E-1,-2.537853718E-1
6.362834753E0,9.811438560E0,-6.919242740E-1,-2.489969730E-1
6.364903022E0,9.811438560E0,-6.847416759E-1,-2.418143749E-1
6.366938330E0,9.806650162E0,-6.823474765E-1,-2.418143749E-1
6.369007176E0,9.806650162E0,-6.871358752E-1,-2.418143749E-1
6.371041907E0,9.816226959E0,-6.847416759E-1,-2.370259613E-1
6.373046945E0,9.806650162E0,-7.110779285E-1,-2.298433632E-1
6.375047753E0,9.806650162E0,-7.134721279E-1,-2.346317619E-1
6.377116753E0,9.828198433E0,-7.158663273E-1,-2.346317619E-1
6.379151291E0,9.825803757E0,-7.182605267E-1,-2.226607651E-1
6.381220214E0,9.818621635E0,-7.206547260E-1,-2.298433632E-1
6.383254907E0,9.835380554E0,-7.182605267E-1,-2.250549644E-1
6.385323599E0,9.828198433E0,-7.110779285E-1,-2.250549644E-1
6.387358099E0,9.835380554E0,-7.182605267E-1,-2.274491638E-1
6.389426907E0,9.830592155E0,-7.015010715E-1,-2.250549644E-1
6.391461714E0,9.823410034E0,-7.015010715E-1,-2.202665508E-1
6.393467714E0,9.825803757E0,-7.206547260E-1,-2.178723514E-1
6.395471022E0,9.818621635E0,-7.374141216E-1,-2.154781520E-1
6.397539984E0,9.818621635E0,-7.278373241E-1,-2.154781520E-1
6.399574868E0,9.825803757E0,-7.326257229E-1,-2.106897533E-1
6.401643676E0,9.842563629E0,-7.254431248E-1,-2.298433632E-1
6.403678676E0,9.835380554E0,-7.230489254E-1,-2.154781520E-1
6.405747407E0,9.828198433E0,-7.015010715E-1,-2.178723514E-1
6.407781561E0,9.837775230E0,-7.038952708E-1,-2.226607651E-1
6.409850330E0,9.830592155E0,-7.110779285E-1,-2.298433632E-1
6.411884676E0,9.816226959E0,-7.182605267E-1,-2.322375625E-1
6.413889176E0,9.813833237E0,-7.110779285E-1,-2.346317619E-1
6.416012522E0,9.825803757E0,-7.086837292E-1,-2.298433632E-1
6.417918484E0,9.818621635E0,-6.943184733E-1,-2.394201756E-1
6.419917522E0,9.825803757E0,-6.895300746E-1,-2.418143749E-1
6.421986522E0,9.832986832E0,-6.991068721E-1,-2.513911724E-1
6.424021214E0,9.840168953E0,-6.823474765E-1,-2.489969730E-1
6.426089484E0,9.842563629E0,-6.871358752E-1,-2.537853718E-1
6.428123868E0,9.837775230E0,-6.847416759E-1,-2.537853718E-1
6.430192291E0,9.835380554E0,-6.895300746E-1,-2.561795712E-1
6.432226599E0,9.828198433E0,-6.799532771E-1,-2.585737705E-1
6.434231945E0,9.835380554E0,-6.799532771E-1,-2.633621991E-1
6.436357560E0,9.837775230E0,-6.727706790E-1,-2.705447972E-1
6.438262368E0,9.835380554E0,-6.655880809E-1,-2.681505978E-1
6.440261445E0,9.837775230E0,-6.919242740E-1,-2.657563984E-1
6.442329637E0,9.832986832E0,-6.655880809E-1,-2.753331959E-1
6.444363714E0,9.835380554E0,-6.631938815E-1,-2.849099934E-1
6.446431983E0,9.840168953E0,-6.775590777E-1,-2.801215947E-1
6.448466330E0,9.861717224E0,-6.799532771E-1,-2.801215947E-1
6.450534445E0,9.861717224E0,-6.703764796E-1,-2.896983922E-1
6.452568945E0,9.852140427E0,-6.584054828E-1,-2.849099934E-1
6.454573907E0,9.844957352E0,-6.536170840E-1,-2.849099934E-1
6.456574253E0,9.840168953E0,-6.536170840E-1,-2.849099934E-1
6.458642099E0,9.818621635E0,-6.416460276E-1,-2.896983922E-1
6.460676253E0,9.830592155E0,-6.464344859E-1,-2.944868207E-1
6.462744560E0,9.832986832E0,-6.488286853E-1,-2.944868207E-1
6.464778945E0,9.832986832E0,-6.416460276E-1,-2.944868207E-1
6.466847906E0,9.844957352E0,-6.512228847E-1,-2.968810201E-1
6.468882137E0,9.861717224E0,-6.368576288E-1,-2.825157940E-1
6.470950445E0,9.866505623E0,-6.416460276E-1,-2.825157940E-1
6.472984906E0,9.866505623E0,-6.512228847E-1,-2.849099934E-1
6.474991291E0,9.868899345E0,-6.536170840E-1,-2.849099934E-1
6.476994214E0,9.866505623E0,-6.464344859E-1,-2.801215947E-1
6.479063099E0,9.849745750E0,-6.392518282E-1,-2.801215947E-1
6.481097368E0,9.830592155E0,-6.368576288E-1,-2.777273953E-1
6.483165445E0,9.832986832E0,-6.464344859E-1,-2.729389966E-1
6.485198868E0,9.842563629E0,-6.464344859E-1,-2.729389966E-1
6.487267060E0,9.828198433E0,-6.440402865E-1,-2.657563984E-1
6.489301137E0,9.832986832E0,-6.464344859E-1,-2.633621991E-1
6.491369060E0,9.825803757E0,-6.512228847E-1,-2.633621991E-1
6.493403099E0,9.828198433E0,-6.344634295E-1,-2.729389966E-1
6.495408176E0,9.828198433E0,-6.272808313E-1,-2.729389966E-1
6.497531522E0,9.830592155E0,-6.440402865E-1,-2.633621991E-1
6.499435983E0,9.813833237E0,-6.368576288E-1,-2.537853718E-1
6.501435368E0,9.818621635E0,-6.368576288E-1,-2.466027737E-1
6.503503714E0,9.825803757E0,-6.344634295E-1,-2.513911724E-1
6.505537752E0,9.823410034E0,-6.584054828E-1,-2.513911724E-1
6.507605752E0,9.813833237E0,-6.488286853E-1,-2.561795712E-1
6.509640252E0,9.816226959E0,-6.607996821E-1,-2.633621991E-1
6.511708945E0,9.844957352E0,-6.799532771E-1,-2.753331959E-1
6.513743252E0,9.852140427E0,-6.775590777E-1,-2.705447972E-1
6.515749137E0,9.859322548E0,-6.751648784E-1,-2.633621991E-1
6.517938406E0,9.844957352E0,-6.679822803E-1,-2.681505978E-1
6.519773637E0,9.844957352E0,-6.703764796E-1,-2.777273953E-1
6.521773445E0,9.856928825E0,-6.727706790E-1,-2.873041928E-1
6.523842445E0,9.856928825E0,-6.751648784E-1,-2.968810201E-1
6.525876791E0,9.849745750E0,-6.727706790E-1,-2.896983922E-1
6.527945329E0,9.849745750E0,-6.775590777E-1,-2.896983922E-1
6.529979483E0,9.842563629E0,-6.775590777E-1,-2.920926213E-1
6.532048214E0,9.840168953E0,-6.560112834E-1,-2.992752194E-1
6.534083214E0,9.830592155E0,-6.584054828E-1,-3.112462163E-1
6.536087675E0,9.809044838E0,-6.560112834E-1,-3.280056417E-1
6.538090214E0,9.799467087E0,-6.607996821E-1,-3.351882398E-1
6.540158791E0,9.801861763E0,-6.655880809E-1,-3.303998411E-1
6.542192675E0,9.809044838E0,-6.607996821E-1,-3.327940404E-1
6.544260406E0,9.823410034E0,-6.655880809E-1,-3.351882398E-1
6.546294329E0,9.823410034E0,-6.607996821E-1,-3.423708379E-1
6.548319598E0,9.813833237E0,-6.584054828E-1,-3.519476354E-1
6.550319175E0,9.823410034E0,-6.584054828E-1,-3.495534360E-1
6.552388060E0,9.821015358E0,-6.631938815E-1,-3.543418646E-1
6.554422598E0,9.830592155E0,-6.679822803E-1,-3.543418646E-1
6.556427637E0,9.828198433E0,-6.847416759E-1,-3.615244627E-1
6.558431983E0,9.830592155E0,-6.943184733E-1,-3.567360640E-1
6.560500752E0,9.821015358E0,-6.943184733E-1,-3.519476354E-1
6.562535637E0,9.825803757E0,-6.847416759E-1,-3.519476354E-1
6.564604406E0,9.818621635E0,-6.895300746E-1,-3.519476354E-1
6.566638598E0,9.823410034E0,-7.015010715E-1,-3.519476354E-1
6.568707714E0,9.828198433E0,-6.967126727E-1,-3.375824392E-1
6.570742637E0,9.804255486E0,-6.943184733E-1,-3.351882398E-1
6.572811137E0,9.811438560E0,-6.847416759E-1,-3.375824392E-1
6.574846175E0,9.835380554E0,-6.799532771E-1,-3.375824392E-1
6.576851098E0,9.828198433E0,-6.775590777E-1,-3.495534360E-1
6.578975291E0,9.811438560E0,-6.775590777E-1,-3.567360640E-1
6.580880637E0,9.830592155E0,-6.847416759E-1,-3.471592367E-1
6.582880483E0,9.816226959E0,-6.727706790E-1,-3.399766386E-1
6.584948868E0,9.811438560E0,-6.679822803E-1,-3.399766386E-1
6.586982791E0,9.797073364E0,-6.703764796E-1,-3.471592367E-1
6.589051175E0,9.799467087E0,-6.655880809E-1,-3.351882398E-1
6.591084983E0,9.809044838E0,-6.631938815E-1,-3.327940404E-1
6.593154137E0,9.828198433E0,-6.727706790E-1,-3.495534360E-1
6.595187252E0,9.823410034E0,-6.799532771E-1,-3.543418646E-1
6.597192944E0,9.835380554E0,-6.847416759E-1,-3.543418646E-1
6.599318060E0,9.837775230E0,-6.823474765E-1,-3.447650373E-1
6.601222983E0,9.840168953E0,-6.799532771E-1,-3.543418646E-1
6.603222560E0,9.830592155E0,-6.871358752E-1,-3.519476354E-1
6.605290867E0,9.842563629E0,-6.919242740E-1,-3.495534360E-1
6.607325291E0,9.837775230E0,-6.919242740E-1,-3.423708379E-1
6.609393983E0,9.832986832E0,-6.943184733E-1,-3.399766386E-1
6.611428944E0,9.830592155E0,-6.799532771E-1,-3.399766386E-1
6.613497752E0,9.835380554E0,-6.847416759E-1,-3.471592367E-1
6.615532175E0,9.835380554E0,-6.847416759E-1,-3.519476354E-1
6.617537791E0,9.830592155E0,-6.847416759E-1,-3.447650373E-1
6.619539252E0,9.823410034E0,-6.871358752E-1,-3.519476354E-1
6.621608252E0,9.821015358E0,-6.847416759E-1,-3.495534360E-1
6.623643175E0,9.837775230E0,-6.631938815E-1,-3.567360640E-1
6.625712252E0,9.847352028E0,-6.464344859E-1,-3.615244627E-1
6.627747214E0,9.840168953E0,-6.512228847E-1,-3.471592367E-1
6.629815944E0,9.835380554E0,-6.536170840E-1,-3.495534360E-1
6.631850637E0,9.828198433E0,-6.440402865E-1,-3.687070608E-1
6.633919752E0,9.837775230E0,-6.368576288E-1,-3.950432837E-1
6.635953867E0,9.844957352E0,-6.368576288E-1,-4.022258818E-1
6.637959983E0,9.844957352E0,-6.153098345E-1,-3.974374831E-1
6.639963444E0,9.854534149E0,-6.272808313E-1,-4.022258818E-1
6.642032021E0,9.861717224E0,-6.320692301E-1,-4.094084799E-1
6.644067137E0,9.856928825E0,-6.272808313E-1,-4.165911078E-1
6.646136021E0,9.854534149E0,-6.344634295E-1,-4.213795066E-1
6.648170637E0,9.854534149E0,-6.368576288E-1,-4.237737060E-1
6.650239752E0,9.864110947E0,-6.296750307E-1,-4.165911078E-1
6.652274483E0,9.871294022E0,-6.224924326E-1,-4.189853072E-1
6.654343790E0,9.871294022E0,-6.320692301E-1,-4.118026793E-1
6.656378521E0,9.866505623E0,-6.368576288E-1,-4.046200812E-1
6.658383367E0,9.859322548E0,-6.153098345E-1,-4.165911078E-1
6.660507098E0,9.849745750E0,-6.416460276E-1,-4.046200812E-1
6.662412367E0,9.852140427E0,-6.488286853E-1,-3.926490843E-1
6.664412444E0,9.856928825E0,-6.416460276E-1,-3.902548850E-1
6.666481252E0,9.852140427E0,-6.368576288E-1,-3.854664862E-1
6.668515675E0,9.840168953E0,-6.368576288E-1,-3.854664862E-1
6.670584675E0,9.837775230E0,-6.320692301E-1,-3.758896589E-1
6.672619483E0,9.844957352E0,-6.488286853E-1,-3.639186621E-1
6.674688406E0,9.844957352E0,-6.488286853E-1,-3.567360640E-1
6.676723252E0,9.825803757E0,-6.536170840E-1,-3.471592367E-1
6.678729906E0,9.840168953E0,-6.607996821E-1,-3.351882398E-1
6.680918829E0,9.835380554E0,-6.560112834E-1,-3.327940404E-1
6.682754213E0,9.825803757E0,-6.655880809E-1,-3.327940404E-1
6.684753790E0,9.828198433E0,-6.775590777E-1,-3.351882398E-1
6.686821829E0,9.818621635E0,-6.679822803E-1,-3.375824392E-1
6.688856059E0,9.825803757E0,-6.560112834E-1,-3.375824392E-1
6.690924636E0,9.809044838E0,-6.584054828E-1,-3.399766386E-1
6.692958906E0,9.811438560E0,-6.512228847E-1,-3.447650373E-1
6.695027367E0,9.804255486E0,-6.512228847E-1,-3.591302633E-1
6.697061175E0,9.804255486E0,-6.512228847E-1,-3.663128614E-1
6.699066867E0,9.818621635E0,-6.584054828E-1,-3.615244627E-1
6.701067829E0,9.806650162E0,-6.536170840E-1,-3.495534360E-1
6.703136406E0,9.809044838E0,-6.607996821E-1,-3.615244627E-1
6.705170252E0,9.806650162E0,-6.703764796E-1,-3.615244627E-1
6.707238752E0,9.787496567E0,-6.799532771E-1,-3.663128614E-1
6.709272982E0,9.773131371E0,-6.727706790E-1,-3.639186621E-1
6.711341059E0,9.773131371E0,-6.679822803E-1,-3.711012602E-1
6.713376290E0,9.773131371E0,-6.655880809E-1,-3.687070608E-1
6.715444944E0,9.787496567E0,-6.703764796E-1,-3.519476354E-1
6.717479290E0,9.792284966E0,-6.775590777E-1,-3.591302633E-1
6.719485252E0,9.775525093E0,-6.871358752E-1,-3.591302633E-1
6.721488329E0,9.763554573E0,-6.727706790E-1,-3.567360640E-1
6.723557559E0,9.737217903E0,-6.655880809E-1,-3.543418646E-1
6.725591982E0,9.727641106E0,-6.560112834E-1,-3.639186621E-1
6.727660482E0,9.742006302E0,-6.440402865E-1,-3.711012602E-1
6.729694944E0,9.742006302E0,-6.512228847E-1,-3.902548850E-1
6.731763675E0,9.746794701E0,-6.607996821E-1,-3.950432837E-1
6.733798290E0,9.732429504E0,-6.679822803E-1,-3.950432837E-1
6.735867021E0,9.749189377E0,-6.751648784E-1,-3.878606856E-1
6.737901252E0,9.746794701E0,-6.727706790E-1,-3.878606856E-1
6.739905982E0,9.751583099E0,-6.560112834E-1,-3.878606856E-1
6.742029905E0,9.753977776E0,-6.488286853E-1,-3.998316824E-1
6.743934559E0,9.770736694E0,-6.512228847E-1,-3.998316824E-1
6.745934252E0,9.789890289E0,-6.536170840E-1,-3.926490843E-1
6.748002175E0,9.789890289E0,-6.536170840E-1,-3.950432837E-1
6.750036790E0,9.792284966E0,-6.488286853E-1,-3.998316824E-1
6.752105290E0,9.811438560E0,-6.344634295E-1,-4.046200812E-1
6.754139905E0,9.830592155E0,-6.296750307E-1,-4.141969085E-1
6.756208328E0,9.825803757E0,-6.296750307E-1,-4.141969085E-1
6.758242752E0,9.825803757E0,-6.272808313E-1,-4.189853072E-1
6.760249290E0,9.828198433E0,-6.081272364E-1,-4.070142806E-1
6.762375021E0,9.828198433E0,-6.081272364E-1,-4.094084799E-1
6.764280751E0,9.840168953E0,-5.985504389E-1,-4.213795066E-1
6.766280636E0,9.859322548E0,-5.913678408E-1,-4.333505034E-1
6.768349367E0,9.866505623E0,-6.033388376E-1,-4.357447028E-1
6.770384098E0,9.866505623E0,-6.057330370E-1,-4.429273009E-1
6.772452636E0,9.859322548E0,-5.865794420E-1,-4.405331016E-1
6.774486751E0,9.859322548E0,-5.841852427E-1,-4.381389022E-1
6.776556175E0,9.856928825E0,-5.913678408E-1,-4.357447028E-1
6.778590905E0,9.856928825E0,-5.817909837E-1,-4.333505034E-1
6.780595444E0,9.866505623E0,-5.674257874E-1,-4.357447028E-1
6.782595828E0,9.859322548E0,-5.865794420E-1,-4.381389022E-1
6.784664059E0,9.871294022E0,-6.200982332E-1,-4.285621047E-1
6.786698290E0,9.876082420E0,-6.009446383E-1,-4.333505034E-1
6.788766636E0,9.876082420E0,-6.009446383E-1,-4.429273009E-1
6.790800944E0,9.892841339E0,-5.937620401E-1,-4.285621047E-1
6.792824713E0,9.864110947E0,-5.841852427E-1,-4.285621047E-1
6.794824059E0,9.854534149E0,-5.865794420E-1,-4.357447028E-1
6.796892213E0,9.847352028E0,-5.913678408E-1,-4.285621047E-1
6.798926636E0,9.842563629E0,-6.081272364E-1,-4.213795066E-1
6.800933136E0,9.832986832E0,-6.057330370E-1,-4.189853072E-1
6.802938790E0,9.837775230E0,-6.105214357E-1,-4.213795066E-1
6.805008290E0,9.821015358E0,-5.961562395E-1,-4.261679053E-1
6.807043597E0,9.801861763E0,-5.937620401E-1,-4.285621047E-1
6.809112790E0,9.787496567E0,-6.033388376E-1,-4.405331016E-1
6.811148290E0,9.787496567E0,-5.913678408E-1,-4.453215301E-1
6.813218021E0,9.792284966E0,-5.793967843E-1,-4.453215301E-1
6.815253328E0,9.775525093E0,-5.746083856E-1,-4.429273009E-1
6.817321828E0,9.780313492E0,-5.746083856E-1,-4.596867263E-1
6.819356751E0,9.777919769E0,-5.722141862E-1,-4.668693244E-1
6.821360905E0,9.792284966E0,-5.650315881E-1,-4.716577232E-1
6.823484636E0,9.785101891E0,-5.602431893E-1,-4.692635238E-1
6.825389328E0,9.780313492E0,-5.482721925E-1,-4.692635238E-1
6.827389136E0,9.775525093E0,-5.267243981E-1,-4.692635238E-1
6.829457790E0,9.777919769E0,-5.219359994E-1,-4.764461517E-1
6.831492559E0,9.782708168E0,-5.123591423E-1,-4.812345505E-1
6.833561136E0,9.780313492E0,-5.027823448E-1,-4.836287498E-1
6.835595751E0,9.787496567E0,-5.027823448E-1,-4.764461517E-1
6.837664520E0,9.806650162E0,-4.955997467E-1,-4.716577232E-1
6.839699213E0,9.809044838E0,-4.860229492E-1,-4.788403511E-1
6.841705713E0,9.794678688E0,-4.979939461E-1,-4.788403511E-1
6.843895059E0,9.813833237E0,-4.812345505E-1,-4.596867263E-1
6.845730328E0,9.818621635E0,-4.812345505E-1,-4.572925270E-1
6.847730174E0,9.835380554E0,-4.812345505E-1,-4.501099288E-1
6.849798905E0,9.849745750E0,-4.668693244E-1,-4.381389022E-1
6.851833674E0,9.852140427E0,-4.596867263E-1,-4.381389022E-1
6.853902636E0,9.835380554E0,-4.405331016E-1,-4.357447028E-1
6.855937597E0,9.811438560E0,-4.333505034E-1,-4.285621047E-1
6.858006136E0,9.823410034E0,-4.333505034E-1,-4.213795066E-1
6.860040751E0,9.818621635E0,-4.141969085E-1,-4.165911078E-1
6.862044713E0,9.821015358E0,-4.070142806E-1,-4.189853072E-1
6.864046982E0,9.823410034E0,-3.950432837E-1,-4.165911078E-1
6.866116059E0,9.816226959E0,-3.902548850E-1,-4.141969085E-1
6.868151405E0,9.799467087E0,-3.591302633E-1,-4.141969085E-1
6.870220366E0,9.818621635E0,-3.471592367E-1,-4.165911078E-1
6.872255405E0,9.809044838E0,-3.160346150E-1,-4.285621047E-1
6.874324482E0,9.804255486E0,-2.944868207E-1,-4.357447028E-1
6.876359366E0,9.813833237E0,-2.849099934E-1,-4.309563041E-1
6.878428559E0,9.818621635E0,-2.825157940E-1,-4.333505034E-1
6.880463059E0,9.816226959E0,-2.633621991E-1,-4.429273009E-1
6.882470289E0,9.813833237E0,-2.561795712E-1,-4.525041282E-1
6.884474443E0,9.823410034E0,-2.418143749E-1,-4.501099288E-1
6.886542866E0,9.806650162E0,-2.274491638E-1,-4.620809257E-1
6.888577482E0,9.804255486E0,-2.178723514E-1,-4.620809257E-1
6.890646328E0,9.801861763E0,-2.082955539E-1,-4.692635238E-1
6.892680943E0,9.801861763E0,-1.987187415E-1,-4.716577232E-1
6.894749597E0,9.806650162E0,-2.082955539E-1,-4.764461517E-1
6.896784328E0,9.813833237E0,-2.106897533E-1,-4.740519226E-1
6.898853059E0,9.813833237E0,-2.082955539E-1,-4.668693244E-1
6.900887366E0,9.799467087E0,-2.082955539E-1,-4.788403511E-1
6.902891982E0,9.789890289E0,-2.082955539E-1,-4.740519226E-1
6.905016097E0,9.775525093E0,-2.059013397E-1,-4.860229492E-1
6.906921136E0,9.770736694E0,-1.987187415E-1,-4.860229492E-1
6.908920559E0,9.765948296E0,-2.059013397E-1,-4.764461517E-1
6.910989405E0,9.777919769E0,-1.987187415E-1,-4.812345505E-1
6.913024020E0,9.756371498E0,-1.987187415E-1,-5.003881454E-1
6.915092866E0,9.756371498E0,-2.035071403E-1,-5.051765442E-1
6.917127751E0,9.758766174E0,-2.322375625E-1,-5.075707436E-1
6.919196328E0,9.756371498E0,-2.394201756E-1,-5.171475410E-1
6.921231174E0,9.765948296E0,-2.418143749E-1,-5.243301988E-1
6.923237405E0,9.768342972E0,-2.657563984E-1,-5.219359994E-1
6.925365328E0,9.765948296E0,-2.777273953E-1,-5.291185975E-1
6.927270559E0,9.751583099E0,-2.705447972E-1,-5.315127969E-1
6.929270366E0,9.780313492E0,-2.920926213E-1,-5.315127969E-1
6.931338943E0,9.794678688E0,-2.920926213E-1,-5.363011956E-1
6.933373520E0,9.801861763E0,-2.801215947E-1,-5.434837937E-1
6.935442366E0,9.832986832E0,-2.825157940E-1,-5.458779931E-1
6.937476866E0,9.832986832E0,-2.992752194E-1,-5.434837937E-1
6.939545982E0,9.837775230E0,-3.088520169E-1,-5.530605912E-1
6.941580328E0,9.842563629E0,-3.256114423E-1,-5.578489900E-1
6.943585020E0,9.856928825E0,-3.495534360E-1,-5.602431893E-1
6.945586866E0,9.883264542E0,-3.639186621E-1,-5.626373887E-1
6.947654982E0,9.883264542E0,-3.998316824E-1,-5.865794420E-1
6.949689443E0,9.897629738E0,-4.189853072E-1,-5.841852427E-1
6.951758212E0,9.928754807E0,-4.381389022E-1,-5.817909837E-1
6.953793289E0,9.945513725E0,-4.429273009E-1,-5.913678408E-1
6.955861789E0,9.957485199E0,-4.525041282E-1,-6.081272364E-1
6.957896443E0,9.974244118E0,-4.453215301E-1,-6.129156351E-1
6.959965135E0,9.991003990E0,-4.525041282E-1,-6.105214357E-1
6.961999982E0,9.991003990E0,-4.572925270E-1,-6.177040339E-1
6.964007058E0,1.000776291E1,-4.525041282E-1,-6.224924326E-1
6.966010520E0,1.001255131E1,-4.501099288E-1,-6.224924326E-1
6.968079597E0,1.001733971E1,-4.525041282E-1,-6.272808313E-1
6.970114212E0,1.002452278E1,-4.501099288E-1,-6.440402865E-1
6.972183135E0,1.001973438E1,-4.525041282E-1,-6.464344859E-1
6.974218058E0,1.004128170E1,-4.405331016E-1,-6.416460276E-1
6.976286674E0,1.004367638E1,-4.261679053E-1,-6.512228847E-1
6.978321712E0,1.004607010E1,-4.309563041E-1,-6.536170840E-1
6.980389712E0,1.006761837E1,-4.429273009E-1,-6.703764796E-1
6.982424058E0,1.006282997E1,-4.285621047E-1,-6.727706790E-1
6.984428328E0,1.003409958E1,-4.189853072E-1,-6.727706790E-1
6.986551328E0,1.003888798E1,-4.165911078E-1,-6.512228847E-1
6.988456751E0,1.005325317E1,-4.189853072E-1,-6.560112834E-1
6.990456328E0,1.006043530E1,-4.261679053E-1,-6.584054828E-1
6.992525328E0,1.003649330E1,-4.141969085E-1,-6.512228847E-1
6.994559251E0,1.001733971E1,-3.926490843E-1,-6.607996821E-1
6.996627789E0,1.001733971E1,-3.734954596E-1,-6.607996821E-1
6.998662174E0,1.001733971E1,-3.687070608E-1,-6.584054828E-1
7.000730558E0,9.988609314E0,-3.734954596E-1,-6.464344859E-1
7.002764904E0,9.971850395E0,-3.711012602E-1,-6.512228847E-1
7.004769981E0,9.971850395E0,-3.639186621E-1,-6.536170840E-1
7.006959520E0,9.969455719E0,-3.519476354E-1,-6.560112834E-1
7.008795251E0,9.959878922E0,-3.232172430E-1,-6.560112834E-1
7.010795443E0,9.947908401E0,-3.232172430E-1,-6.512228847E-1
7.012863635E0,9.957485199E0,-3.064578176E-1,-6.631938815E-1
7.014898212E0,9.952696800E0,-3.040636182E-1,-6.464344859E-1
7.016966981E0,9.947908401E0,-2.896983922E-1,-6.416460276E-1
7.019001443E0,9.950302124E0,-2.729389966E-1,-6.464344859E-1
7.021070212E0,9.938331604E0,-2.537853718E-1,-6.416460276E-1
7.023104981E0,9.931148529E0,-2.489969730E-1,-6.416460276E-1
7.025109366E0,9.933543205E0,-2.442085743E-1,-6.536170840E-1
7.027110135E0,9.940725327E0,-2.346317619E-1,-6.631938815E-1
7.029178866E0,9.938331604E0,-2.322375625E-1,-6.607996821E-1
7.031213635E0,9.909601212E0,-2.226607651E-1,-6.464344859E-1
7.033283174E0,9.902418137E0,-2.202665508E-1,-6.440402865E-1
7.035317750E0,9.897629738E0,-2.154781520E-1,-6.416460276E-1
7.037343097E0,9.885659218E0,-2.011129409E-1,-6.440402865E-1
7.039342674E0,9.866505623E0,-1.963245422E-1,-6.344634295E-1
7.041410981E0,9.868899345E0,-1.963245422E-1,-6.272808313E-1
7.043445404E0,9.876082420E0,-1.987187415E-1,-6.416460276E-1
7.045451866E0,9.871294022E0,-1.987187415E-1,-6.536170840E-1
7.047457020E0,9.878476143E0,-2.106897533E-1,-6.512228847E-1
7.049525327E0,9.871294022E0,-1.987187415E-1,-6.440402865E-1
7.051559750E0,9.868899345E0,-1.891419291E-1,-6.607996821E-1
7.053628520E0,9.876082420E0,-1.675941199E-1,-6.703764796E-1
7.055663481E0,9.864110947E0,-1.699883193E-1,-6.751648784E-1
7.057731750E0,9.832986832E0,-1.604115069E-1,-6.799532771E-1
7.059766173E0,9.840168953E0,-1.604115069E-1,-6.823474765E-1
7.061834481E0,9.854534149E0,-1.675941199E-1,-6.919242740E-1
7.063868981E0,9.878476143E0,-1.580173075E-1,-6.967126727E-1
7.065873789E0,9.883264542E0,-1.508347094E-1,-7.086837292E-1
7.067997135E0,9.890447617E0,-1.460463107E-1,-7.182605267E-1
7.069902750E0,9.885659218E0,-1.532289088E-1,-7.350199223E-1
7.071902135E0,9.883264542E0,-1.556231081E-1,-7.541735172E-1
7.073970673E0,9.885659218E0,-1.508347094E-1,-7.661445141E-1
7.076005404E0,9.888052940E0,-1.340752989E-1,-7.781155705E-1
7.078074443E0,9.890447617E0,-1.412578970E-1,-7.972691655E-1
7.080108904E0,9.892841339E0,-1.412578970E-1,-8.092401624E-1
7.082177673E0,9.892841339E0,-1.316810995E-1,-8.259995580E-1
7.084212904E0,9.892841339E0,-1.268926859E-1,-8.331822157E-1
7.086219443E0,9.897629738E0,-1.268926859E-1,-8.379706144E-1
7.088345135E0,9.888052940E0,-1.149216816E-1,-8.355764151E-1
7.090249943E0,9.878476143E0,-1.005564705E-1,-8.667010069E-1
7.092249981E0,9.866505623E0,-9.816227108E-2,-8.690952063E-1
7.094319212E0,9.849745750E0,-1.053448766E-1,-8.834604025E-1
7.096354096E0,9.825803757E0,-1.173158810E-1,-8.978256583E-1
7.098422558E0,9.813833237E0,-1.125274822E-1,-9.002198577E-1
7.100457289E0,9.811438560E0,-1.149216816E-1,-9.097966552E-1
7.102526212E0,9.818621635E0,-1.292868853E-1,-9.265560508E-1
7.104560442E0,9.799467087E0,-1.412578970E-1,-9.385270476E-1
7.106565712E0,9.789890289E0,-1.364694983E-1,-9.504981041E-1
7.108566366E0,9.792284966E0,-1.508347094E-1,-9.816226959E-1
7.110634789E0,9.777919769E0,-1.604115069E-1,-9.935936928E-1
7.112669366E0,9.775525093E0,-1.819593310E-1,-9.935936928E-1
7.114737366E0,9.746794701E0,-1.987187415E-1,-9.935936928E-1
7.116771635E0,9.734824181E0,-2.082955539E-1,-1.007958889E0
7.118840366E0,9.730035782E0,-2.154781520E-1,-1.019929886E0
7.120874635E0,9.706093788E0,-2.274491638E-1,-1.043871999E0
7.122943558E0,9.670180321E0,-2.513911724E-1,-1.063025594E0
7.124978019E0,9.660603523E0,-2.705447972E-1,-1.063025594E0
7.126983712E0,9.667786598E0,-3.112462163E-1,-1.067813993E0
7.128987635E0,9.682151794E0,-3.351882398E-1,-1.077390790E0
7.131056404E0,9.660603523E0,-3.495534360E-1,-1.082179189E0
7.133090904E0,9.634267807E0,-3.734954596E-1,-1.065419793E0
7.135159250E0,9.607931137E0,-4.022258818E-1,-1.065419793E0
7.137193250E0,9.583989143E0,-4.285621047E-1,-1.060631394E0
7.139261596E0,9.576807022E0,-4.812345505E-1,-1.058237195E0
7.141295789E0,9.564835548E0,-5.027823448E-1,-1.046266198E0
7.143363865E0,9.552865028E0,-5.099649429E-1,-1.051054597E0
7.145398673E0,9.548076630E0,-5.506663918E-1,-1.053448796E0
7.147402712E0,9.516951561E0,-6.153098345E-1,-1.043871999E0
7.149526058E0,9.490615845E0,-6.775590777E-1,-1.053448796E0
7.151431096E0,9.476250648E0,-6.991068721E-1,-1.051054597E0
7.153429865E0,9.457097054E0,-7.613561153E-1,-1.053448796E0
7.155497942E0,9.440337181E0,-7.829039693E-1,-1.058237195E0
7.157532135E0,9.425971985E0,-8.499416113E-1,-1.041477680E0
7.159600596E0,9.404424667E0,-9.026140571E-1,-1.036689281E0
7.161634865E0,9.370905876E0,-9.744400978E-1,-1.015141487E0
7.163703250E0,9.361329079E0,-1.003170490E0,-1.003170490E0
7.165737250E0,9.344569206E0,-1.065419793E0,-9.840168953E-1
7.167742827E0,9.344569206E0,-1.115697980E0,-9.768342972E-1
7.169931365E0,9.342175484E0,-1.137245774E0,-9.816226959E-1
7.171767019E0,9.337387085E0,-1.187524080E0,-9.720458984E-1
7.173767135E0,9.337387085E0,-1.254561663E0,-9.672574997E-1
7.175835135E0,9.337387085E0,-1.285686255E0,-9.648633003E-1
7.177870173E0,9.337387085E0,-1.345541358E0,-9.457096457E-1
7.179939596E0,9.351752281E0,-1.398213744E0,-9.433154464E-1
7.181974365E0,9.356540680E0,-1.424550056E0,-9.409212470E-1
7.184043288E0,9.382876396E0,-1.493981838E0,-9.097966552E-1
7.186077904E0,9.433155060E0,-1.544260144E0,-8.690952063E-1
7.188082327E0,9.449913979E0,-1.572990537E0,-8.547300100E-1
7.190082788E0,9.483432770E0,-1.630451322E0,-8.236053586E-1
7.192151442E0,9.528923035E0,-1.683123827E0,-8.020575643E-1
7.194185750E0,9.550470352E0,-1.707065821E0,-7.805097699E-1
7.196254904E0,9.607931137E0,-1.762132406E0,-7.278373241E-1
7.198289058E0,9.662998199E0,-1.807622313E0,-6.751648784E-1
7.200357711E0,9.679757118E0,-1.826775908E0,-6.512228847E-1
7.202391827E0,9.720458984E0,-1.881842494E0,-5.985504389E-1
7.204460250E0,9.761159897E0,-1.910573006E0,-5.339069963E-1
7.206494519E0,9.816226959E0,-1.960851192E0,-4.716577232E-1
7.208499788E0,9.830592155E0,-1.984793186E0,-4.429273009E-1
7.210502250E0,9.856928825E0,-2.047042370E0,-4.046200812E-1
7.212571057E0,9.880870819E0,-2.104503393E0,-3.543418646E-1
7.214605904E0,9.890447617E0,-2.130839586E0,-3.423708379E-1
7.216674634E0,9.928754807E0,-2.178723574E0,-3.160346150E-1
7.218710057E0,9.943120003E0,-2.224213362E0,-2.896983922E-1
7.220778942E0,9.950302124E0,-2.240972757E0,-2.849099934E-1
7.222814057E0,9.969455719E0,-2.296039343E0,-2.920926213E-1
7.224883057E0,9.967061996E0,-2.341529369E0,-3.136404157E-1
7.226917980E0,9.950302124E0,-2.341529369E0,-3.232172430E-1
7.228922442E0,9.940725327E0,-2.372653961E0,-3.591302633E-1
7.231046519E0,9.964667320E0,-2.408566952E0,-3.902548850E-1
7.232952442E0,9.950302124E0,-2.420537949E0,-4.094084799E-1
7.234951596E0,9.919178009E0,-2.449268341E0,-4.381389022E-1
7.237020596E0,9.904812813E0,-2.475604534E0,-4.596867263E-1
7.239055173E0,9.895236015E0,-2.475604534E0,-4.692635238E-1
7.241124057E0,9.868899345E0,-2.461239338E0,-4.716577232E-1
7.243158827E0,9.825803757E0,-2.473210335E0,-4.764461517E-1
7.245227903E0,9.811438560E0,-2.466027737E0,-4.764461517E-1
7.247262557E0,9.789890289E0,-2.463633537E0,-4.596867263E-1
7.249268865E0,9.765948296E0,-2.437297344E0,-4.381389022E-1
7.251395557E0,9.722852707E0,-2.382230759E0,-4.141969085E-1
7.253302327E0,9.706093788E0,-2.363077164E0,-3.926490843E-1
7.255302211E0,9.674968719E0,-2.324769735E0,-3.495534360E-1
7.257371365E0,9.670180321E0,-2.300827742E0,-3.351882398E-1
7.259406365E0,9.643844604E0,-2.252943754E0,-2.968810201E-1
7.261475403E0,9.610325813E0,-2.207453966E0,-2.657563984E-1
7.263510019E0,9.588777542E0,-2.181117773E0,-2.418143749E-1
7.265578750E0,9.579200745E0,-2.092532396E0,-2.250549644E-1
7.267613326E0,9.548076630E0,-2.018311977E0,-1.987187415E-1
7.269618365E0,9.574412346E0,-1.922544003E0,-1.771709323E-1
7.271619096E0,9.569623947E0,-1.884236693E0,-1.747767180E-1
7.273687826E0,9.548076630E0,-1.798045516E0,-1.436520964E-1
7.275722480E0,9.569623947E0,-1.721431017E0,-1.316810995E-1
7.277791365E0,9.581595421E0,-1.671152830E0,-1.173158810E-1
7.279826134E0,9.588777542E0,-1.572990537E0,-9.097966552E-2
7.281850403E0,9.607931137E0,-1.479616642E0,-5.267243832E-2
7.283849442E0,9.631873131E0,-1.422155857E0,-2.633621916E-2
7.285918057E0,9.653421402E0,-1.307234168E0,1.675941236E-2
7.287952442E0,9.718064308E0,-1.209071875E0,6.464344263E-2
7.289959096E0,9.742006302E0,-1.154005170E0,9.097966552E-2
7.291963865E0,9.765948296E0,-1.043871999E0,1.604115069E-1
7.294032442E0,9.782708168E0,-9.193734527E-1,2.106897533E-1
7.296067211E0,9.797073364E0,-8.571242094E-1,2.370259613E-1
7.298135673E0,9.811438560E0,-7.565677166E-1,3.208230138E-1
7.300170519E0,9.835380554E0,-6.536170840E-1,3.734954596E-1
7.302239480E0,9.852140427E0,-6.177040339E-1,4.046200812E-1
7.304273980E0,9.902418137E0,-4.979939461E-1,4.692635238E-1
7.306342403E0,9.943120003E0,-3.878606856E-1,5.339069963E-1
7.308376903E0,9.998186111E0,-3.375824392E-1,5.578489900E-1
7.310382249E0,1.002452278E1,-2.418143749E-1,6.129156351E-1
7.312506134E0,1.006282997E1,-1.508347094E-1,6.703764796E-1
7.314410480E0,1.008437729E1,-1.173158810E-1,6.895300746E-1
7.316410096E0,1.013226128E1,-5.506663769E-2,7.230489254E-1
7.318478596E0,1.018253994E1,9.576806799E-3,7.374141216E-1
7.320512865E0,1.022084713E1,4.788403213E-2,7.445967197E-1
7.322581403E0,1.025197124E1,8.619125932E-2,7.493851185E-1
7.324615596E0,1.031661510E1,1.340752989E-1,7.565677166E-1
7.326684442E0,1.037168217E1,1.843535304E-1,7.589619160E-1
7.328719019E0,1.039801788E1,2.035071403E-1,7.613561153E-1
7.330725557E0,1.044829655E1,2.154781520E-1,7.350199223E-1
7.332913942E0,1.049139214E1,2.322375625E-1,7.038952708E-1
7.334750134E0,1.051533413E1,2.489969730E-1,6.847416759E-1
7.336749634E0,1.055842972E1,2.585737705E-1,6.536170840E-1
7.338818480E0,1.058237171E1,2.825157940E-1,6.081272364E-1
7.340853249E0,1.058955383E1,2.801215947E-1,5.793967843E-1
7.342922365E0,1.061589050E1,2.968810201E-1,5.339069963E-1
7.344956788E0,1.065180302E1,2.801215947E-1,4.692635238E-1
7.347026134E0,1.065898609E1,2.705447972E-1,4.477157295E-1
7.349060442E0,1.066616821E1,2.681505978E-1,3.878606856E-1
7.351066211E0,1.067574501E1,2.322375625E-1,3.280056417E-1
7.353067365E0,1.067574501E1,2.202665508E-1,3.040636182E-1
7.355136095E0,1.065659142E1,1.891419291E-1,2.394201756E-1
7.357170134E0,1.064940929E1,1.221042871E-1,1.771709323E-1
7.359238326E0,1.063025570E1,9.576806426E-2,1.436520964E-1
7.361272749E0,1.061110210E1,3.351882473E-2,9.337386489E-2
7.363340788E0,1.057279491E1,-3.351882473E-2,2.394201607E-2
7.365374865E0,1.054166985E1,-6.464344263E-2,-4.788403399E-3
7.367442711E0,1.051533413E1,-1.508347094E-1,-6.703764945E-2
7.369477057E0,1.045787334E1,-2.250549644E-1,-1.244984865E-1
7.371481326E0,1.043871975E1,-2.657563984E-1,-1.651999205E-1
7.373483711E0,1.042435455E1,-3.639186621E-1,-1.795651317E-1
7.375551865E0,1.035492229E1,-4.668693244E-1,-2.035071403E-1
7.377586211E0,1.028788471E1,-5.602431893E-1,-2.178723514E-1
7.379654557E0,1.024718285E1,-6.009446383E-1,-2.130839527E-1
7.381688980E0,1.021127033E1,-7.038952708E-1,-2.011129409E-1
7.383757672E0,1.015620327E1,-7.924807668E-1,-1.675941199E-1
7.385792326E0,1.012268448E1,-8.331822157E-1,-1.460463107E-1
7.387860788E0,1.007480049E1,-9.241618514E-1,-1.005564705E-1
7.389894980E0,1.001733971E1,-1.029506683E0,-4.548983276E-2
7.391900480E0,9.988609314E0,-1.077390790E0,-1.915361360E-2
7.394024095E0,9.916783333E0,-1.149216771E0,3.830722719E-2
7.395929518E0,9.847352028E0,-1.218648672E0,8.379705995E-2
7.397929095E0,9.818621635E0,-1.254561663E0,1.053448766E-1
7.399997634E0,9.751583099E0,-1.343147159E0,1.532289088E-1
7.402031826E0,9.670180321E0,-1.412579060E0,1.891419291E-1
7.404100788E0,9.641449928E0,-1.458068848E0,2.082955539E-1
7.406134518E0,9.567230225E0,-1.525106430E0,2.633621991E-1
7.408202403E0,9.481039047E0,-1.570596337E0,3.040636182E-1
7.410236441E0,9.440337181E0,-1.589749932E0,3.232172430E-1
7.412244518E0,9.356540680E0,-1.640028119E0,3.399766386E-1
7.414369634E0,9.294290543E0,-1.697489023E0,3.591302633E-1
7.416274595E0,9.270348549E0,-1.719036818E0,3.687070608E-1
7.418274287E0,9.200917244E0,-1.764526606E0,3.902548850E-1
7.420342518E0,9.129091263E0,-1.802833915E0,4.046200812E-1
7.422376826E0,9.085995674E0,-1.821987510E0,4.141969085E-1
7.424444903E0,9.040505409E0,-1.848323703E0,4.309563041E-1
7.426479787E0,8.973467827E0,-1.874659896E0,4.548983276E-1
7.428548249E0,8.937555313E0,-1.903390408E0,4.716577232E-1
7.430582634E0,8.906430244E0,-1.920149803E0,4.788403511E-1
7.432586287E0,8.844181061E0,-1.912967205E0,4.932055473E-1
7.434587672E0,8.808267593E0,-1.924938202E0,5.195417404E-1
7.436656134E0,8.791508675E0,-1.948880196E0,5.339069963E-1
7.438690364E0,8.736441612E0,-1.953668594E0,5.722141862E-1
7.440758749E0,8.719682693E0,-1.953668594E0,5.985504389E-1
7.442792980E0,8.722076416E0,-1.951274395E0,6.153098345E-1
7.444861403E0,8.705317497E0,-1.939303398E0,6.607996821E-1
7.446895364E0,8.664615631E0,-1.910573006E0,6.799532771E-1
7.448963633E0,8.657433510E0,-1.893813491E0,6.871358752E-1
7.450997787E0,8.619126320E0,-1.872265697E0,7.134721279E-1
7.453002980E0,8.611943245E0,-1.848323703E0,7.493851185E-1
7.455005749E0,8.599972725E0,-1.841141105E0,7.613561153E-1
7.457074326E0,8.592789650E0,-1.805228114E0,7.781155705E-1
7.459108826E0,8.571242332E0,-1.752555609E0,7.900865674E-1
7.461178057E0,8.554482460E0,-1.735796213E0,7.972691655E-1
7.463212787E0,8.535328865E0,-1.692700624E0,8.379706144E-1
7.465281595E0,8.513781548E0,-1.673547029E0,8.667010069E-1
7.467316672E0,8.520963669E0,-1.659181833E0,8.858546019E-1
7.469384518E0,8.508993149E0,-1.608903527E0,9.121908545E-1
7.471418941E0,8.497021675E0,-1.558625340E0,9.409212470E-1
7.473423595E0,8.499416351E0,-1.525106430E0,9.696516991E-1
7.475547595E0,8.508993149E0,-1.508347034E0,9.816226959E-1
7.477453403E0,8.520963669E0,-1.489193439E0,1.027112484E0
7.479452941E0,8.540117264E0,-1.460463047E0,1.055842996E0
7.481521403E0,8.544905663E0,-1.426944256E0,1.086967587E0
7.483555941E0,8.559270859E0,-1.393425345E0,1.113303781E0
7.485624903E0,8.573636055E0,-1.374271750E0,1.134851575E0
7.487659864E0,8.578424454E0,-1.362300754E0,1.156399369E0
7.489729210E0,8.597578049E0,-1.345541358E0,1.180341482E0
7.491764364E0,8.631096840E0,-1.312022567E0,1.182735682E0
7.493770749E0,8.647856712E0,-1.297657371E0,1.189918280E0
7.495960249E0,8.686163902E0,-1.280897856E0,1.182735682E0
7.497796672E0,8.722076416E0,-1.266532660E0,1.175553083E0
7.499796595E0,8.741230011E0,-1.261744261E0,1.173158884E0
7.501865633E0,8.786720276E0,-1.273715258E0,1.161187768E0
7.503900133E0,8.820239067E0,-1.266532660E0,1.132457376E0
7.505969903E0,8.846575737E0,-1.254561663E0,1.122880578E0
7.508004556E0,8.911218643E0,-1.266532660E0,1.108515382E0
7.510073672E0,8.961497307E0,-1.264138460E0,1.086967587E0
7.512108556E0,8.985439301E0,-1.259350061E0,1.084573388E0
7.514114249E0,9.038111687E0,-1.264138460E0,1.079784989E0
7.516115133E0,9.105149269E0,-1.273715258E0,1.077390790E0
7.518184402E0,9.126696587E0,-1.264138460E0,1.065419793E0
7.520218556E0,9.186552048E0,-1.273715258E0,1.055842996E0
7.522287518E0,9.224859238E0,-1.283292055E0,1.036689281E0
7.524321864E0,9.253589630E0,-1.288080573E0,1.031900883E0
7.526346941E0,9.315838814E0,-1.307234168E0,1.034295082E0
7.528346325E0,9.361329079E0,-1.309628367E0,1.039083481E0
7.530415672E0,9.414001465E0,-1.304839969E0,1.036689281E0
7.532450749E0,9.423578262E0,-1.295263171E0,1.046266198E0
7.534457633E0,9.452308655E0,-1.314416766E0,1.072602391E0
7.536463902E0,9.514557838E0,-1.314416766E0,1.079784989E0
7.538533441E0,9.545681953E0,-1.314416766E0,1.091755986E0
7.540568749E0,9.572018623E0,-1.304839969E0,1.091755986E0
7.542638056E0,9.579200745E0,-1.302445769E0,1.110909581E0
7.544673172E0,9.583989143E0,-1.288080573E0,1.130063176E0
7.546743018E0,9.615114212E0,-1.247379065E0,1.149216771E0
7.548778248E0,9.662998199E0,-1.249773264E0,1.170764685E0
7.550848095E0,9.670180321E0,-1.249773264E0,1.177947283E0
7.552883095E0,9.674968719E0,-1.237802267E0,1.194706678E0
7.554888095E0,9.674968719E0,-1.228225470E0,1.206677675E0
7.557014864E0,9.670180321E0,-1.223437071E0,1.211466074E0
7.558920018E0,9.679757118E0,-1.223437071E0,1.228225470E0
7.560919902E0,9.682151794E0,-1.189918280E0,1.242590666E0
7.562989595E0,9.670180321E0,-1.175553083E0,1.247379065E0
7.565024364E0,9.646238327E0,-1.163581967E0,1.268926859E0
7.567093595E0,9.631873131E0,-1.154005170E0,1.288080573E0
7.569128441E0,9.617507935E0,-1.142034173E0,1.309628367E0
7.571197671E0,9.598354340E0,-1.146822572E0,1.347935557E0
7.573232325E0,9.583989143E0,-1.139639974E0,1.379060149E0
7.575239787E0,9.572018623E0,-1.127668977E0,1.398213744E0
7.577366056E0,9.550470352E0,-1.139639974E0,1.438915253E0
7.579273095E0,9.533711433E0,-1.127668977E0,1.467645645E0
7.581272787E0,9.524134636E0,-1.120486379E0,1.479616642E0
7.583341825E0,9.502586365E0,-1.142034173E0,1.520318031E0
7.585376287E0,9.504981041E0,-1.127668977E0,1.529894829E0
7.587445787E0,9.490615845E0,-1.134851575E0,1.553836942E0
7.589480864E0,9.493009567E0,-1.134851575E0,1.561019540E0
7.591550056E0,9.488221169E0,-1.156399369E0,1.570596337E0
7.593584556E0,9.488221169E0,-1.170764685E0,1.568202138E0
7.595590094E0,9.493009567E0,-1.175553083E0,1.558625340E0
7.597591441E0,9.481039047E0,-1.173158884E0,1.553836942E0
7.599659902E0,9.476250648E0,-1.173158884E0,1.558625340E0
7.601694210E0,9.488221169E0,-1.163581967E0,1.544260144E0
7.603762710E0,9.509769440E0,-1.187524080E0,1.537077546E0
7.605797210E0,9.538499832E0,-1.197100878E0,1.515529633E0
7.607866171E0,9.540893555E0,-1.189918280E0,1.501164436E0
7.609901017E0,9.579200745E0,-1.175553083E0,1.491587639E0
7.611969941E0,9.603142738E0,-1.180341482E0,1.465251446E0
7.614004017E0,9.617507935E0,-1.182735682E0,1.453280449E0
7.616009479E0,9.634267807E0,-1.182735682E0,1.446097851E0
7.618012671E0,9.651026726E0,-1.163581967E0,1.424550056E0
7.620081364E0,9.667786598E0,-1.163581967E0,1.419761658E0
7.622115556E0,9.725247383E0,-1.175553083E0,1.403002143E0
7.624184364E0,9.770736694E0,-1.194706678E0,1.369483352E0
7.626218671E0,9.775525093E0,-1.197100878E0,1.352723956E0
7.628287017E0,9.809044838E0,-1.182735682E0,1.326387763E0
7.630321479E0,9.840168953E0,-1.194706678E0,1.314416766E0
7.632390402E0,9.911994934E0,-1.225831270E0,1.295263171E0
7.634424979E0,9.938331604E0,-1.223437071E0,1.276109457E0
7.636430210E0,9.981427193E0,-1.216254473E0,1.244984865E0
7.638554864E0,1.002452278E1,-1.233013868E0,1.211466074E0
7.640460094E0,1.006282997E1,-1.240196466E0,1.185129881E0
7.642459787E0,1.012268448E1,-1.264138460E0,1.163581967E0
7.644528325E0,1.018014526E1,-1.304839969E0,1.118092179E0
7.646562902E0,1.021845245E1,-1.307234168E0,1.098938584E0
7.648631594E0,1.029985619E1,-1.331176162E0,1.070208192E0
7.650666402E0,1.035731697E1,-1.357512355E0,1.055842996E0
7.652735017E0,1.040041256E1,-1.367089152E0,1.041477680E0
7.654769940E0,1.047942066E1,-1.383848548E0,1.007958889E0
7.656775787E0,1.053688145E1,-1.410184860E0,9.935936928E-1
7.658964825E0,1.057518864E1,-1.419761658E0,9.888052940E-1
7.660800440E0,1.066377449E1,-1.414973259E0,9.768342972E-1
7.662800287E0,1.076433086E1,-1.407790542E0,9.552865028E-1
7.664869094E0,1.080982113E1,-1.393425345E0,9.481038451E-1
7.666903863E0,1.091037750E1,-1.388636947E0,9.528923035E-1
7.668972133E0,1.100853920E1,-1.395819545E0,9.457096457E-1
7.671006825E0,1.105881786E1,-1.414973259E0,9.385270476E-1
7.673075556E0,1.118092155E1,-1.398213744E0,9.361328483E-1
7.675109556E0,1.127429581E1,-1.367089152E0,9.433154464E-1
7.677114133E0,1.131739140E1,-1.359906554E0,9.361328483E-1
7.679114863E0,1.141076565E1,-1.362300754E0,9.481038451E-1
7.681183633E0,1.149216843E1,-1.374271750E0,9.528923035E-1
7.683218056E0,1.153765774E1,-1.371877551E0,9.600749016E-1
7.685286786E0,1.160948372E1,-1.369483352E0,9.696516991E-1
7.687321594E0,1.166455078E1,-1.376665950E0,9.792284966E-1
7.689390748E0,1.171722317E1,-1.371877551E0,9.983820915E-1
7.691425863E0,1.173637676E1,-1.369483352E0,1.003170490E0
7.693494709E0,1.176271248E1,-1.379060149E0,1.000776291E0
7.695529709E0,1.178904915E1,-1.393425345E0,1.012747288E0
7.697555402E0,1.181059742E1,-1.403002143E0,1.022324085E0
7.699558671E0,1.180820274E1,-1.405396342E0,1.036689281E0
7.701627517E0,1.179623222E1,-1.429338455E0,1.058237195E0
7.703662633E0,1.177707863E1,-1.450886250E0,1.051054597E0
7.705731094E0,1.177947235E1,-1.474828243E0,1.065419793E0
7.707765517E0,1.176989555E1,-1.491587639E0,1.041477680E0
7.709834286E0,1.176989555E1,-1.493981838E0,1.024718285E0
7.711868632E0,1.175313568E1,-1.513135433E0,1.012747288E0
7.713937517E0,1.174116516E1,-1.534683347E0,9.792284966E-1
7.715972056E0,1.173158836E1,-1.549048543E0,9.481038451E-1
7.717999863E0,1.172440529E1,-1.572990537E0,8.810662031E-1
7.720122940E0,1.172440529E1,-1.592144132E0,7.996633649E-1
7.722027556E0,1.173398209E1,-1.613691926E0,7.565677166E-1
7.724026325E0,1.176750088E1,-1.647210717E0,6.727706790E-1
7.726094632E0,1.177947235E1,-1.661576033E0,5.913678408E-1
7.728129056E0,1.178186703E1,-1.683123827E0,5.602431893E-1
7.730197286E0,1.180341434E1,-1.714248419E0,4.884171486E-1
7.732230825E0,1.186805820E1,-1.731007814E0,4.357447028E-1
7.734300094E0,1.191833591E1,-1.762132406E0,3.974374831E-1
7.736334632E0,1.193748951E1,-1.786074519E0,3.758896589E-1
7.738360055E0,1.198058510E1,-1.853112102E0,3.591302633E-1
7.740486017E0,1.203565216E1,-1.912967205E0,3.543418646E-1
7.742390325E0,1.206917095E1,-1.941697598E0,3.615244627E-1
7.744390209E0,1.214339066E1,-2.011129379E0,3.639186621E-1
7.746458171E0,1.223197651E1,-2.063801765E0,3.615244627E-1
7.748492671E0,1.226549530E1,-2.085349798E0,3.615244627E-1
7.750561402E0,1.234929276E1,-2.149993181E0,3.591302633E-1
7.752596940E0,1.242590714E1,-2.226607561E0,3.375824392E-1
7.754665055E0,1.246421432E1,-2.274491549E0,3.280056417E-1
7.756700132E0,1.250970364E1,-2.360682964E0,2.992752194E-1
7.758729402E0,1.257195282E1,-2.422932148E0,2.657563984E-1
7.760730825E0,1.260547161E1,-2.449268341E0,2.394201756E-1
7.762800286E0,1.268687439E1,-2.480392933E0,1.699883193E-1
7.764834363E0,1.277067184E1,-2.521094322E0,8.379705995E-2
7.766902863E0,1.281616211E1,-2.545036316E0,3.351882473E-2
7.768936555E0,1.295263100E1,-2.588132143E0,-6.703764945E-2
7.770961401E0,1.312501335E1,-2.612074137E0,-1.771709323E-1
7.772960709E0,1.322317600E1,-2.612074137E0,-2.322375625E-1
7.775028901E0,1.341471195E1,-2.624045134E0,-3.758896589E-1
7.777063171E0,1.361343098E1,-2.609679937E0,-5.243301988E-1
7.779089055E0,1.369962215E1,-2.592920542E0,-5.961562395E-1
7.781093671E0,1.385524559E1,-2.568978310E0,-7.589619160E-1
7.783162017E0,1.399650288E1,-2.545036316E0,-9.385270476E-1
7.785195978E0,1.407551193E1,-2.540247917E0,-1.039083481E0
7.787264478E0,1.411142445E1,-2.482787132E0,-1.261744261E0
7.789298632E0,1.417846203E1,-2.430114746E0,-1.467645645E0
7.791367363E0,1.418325043E1,-2.413355350E0,-1.704671621E0
7.793401748E0,1.416170311E1,-2.384624958E0,-1.821987510E0
7.795470055E0,1.411860752E1,-2.334346771E0,-2.075772762E0
7.797504324E0,1.404438686E1,-2.281674147E0,-2.343923569E0
7.799532940E0,1.399650288E1,-2.245761156E0,-2.480392933E0
7.801657555E0,1.387918758E1,-2.181117773E0,-2.753331900E0
7.803562594E0,1.372835255E1,-2.092532396E0,-3.023876667E0
7.805562171E0,1.363976669E1,-2.049436569E0,-3.169923067E0
7.807631171E0,1.342668343E1,-1.948880196E0,-3.469198227E0
7.809665594E0,1.320641613E1,-1.865083098E0,-3.746925592E0
7.811734401E0,1.308191776E1,-1.802833915E0,-3.888183594E0
7.813768863E0,1.281855583E1,-1.704671621E0,-4.168305397E0
7.815837440E0,1.252646351E1,-1.616086125E0,-4.410119534E0
7.817871286E0,1.237084007E1,-1.568202138E0,-4.534617901E0
7.819895709E0,1.203565216E1,-1.467645645E0,-4.778826714E0
7.822084555E0,1.170285797E1,-1.367089152E0,-4.979939461E0
7.823919978E0,1.152329254E1,-1.316810966E0,-5.075707436E0
7.825919017E0,1.115219116E1,-1.216254473E0,-5.228936672E0
7.827987017E0,1.079784966E1,-1.118092179E0,-5.331887245E0
7.830021094E0,1.060870743E1,-1.079784989E0,-5.386953831E0
7.832089209E0,1.027351952E1,-9.864110947E-1,-5.480327606E0
7.834123170E0,9.967061996E0,-9.145850539E-1,-5.540182590E0
7.836191286E0,9.634267807E0,-8.690952063E-1,-5.578489780E0
7.838225632E0,9.488221169E0,-7.781155705E-1,-5.588066578E0
7.840254594E0,9.196128845E0,-7.015010715E-1,-5.612008572E0
7.842255170E0,8.906430244E0,-6.655880809E-1,-5.640739441E0
7.844323940E0,8.762778282E0,-5.889736414E-1,-5.650316238E0
7.846358094E0,8.499416351E0,-5.099649429E-1,-5.638344765E0
7.848427094E0,8.240841866E0,-4.261679053E-1,-5.616796970E0
7.850461286E0,8.113949776E0,-3.806780577E-1,-5.607220173E0
7.852529517E0,7.867346764E0,-3.184288144E-1,-5.561730385E0
7.854563517E0,7.661445618E0,-2.537853718E-1,-5.489904404E0
7.856631632E0,7.577648163E0,-2.250549644E-1,-5.446808815E0
7.858665901E0,7.366958618E0,-1.556231081E-1,-5.339069843E0
7.860691593E0,7.165845871E0,-1.029506698E-1,-5.188235283E0
7.862695440E0,7.094019413E0,-8.619125932E-2,-5.099649429E0
7.864763978E0,6.952761650E0,-5.027823523E-2,-4.898536682E0
7.866797940E0,6.837840080E0,-1.197100803E-2,-4.647145271E0
7.868866132E0,6.804321289E0,2.394201700E-3,-4.508281708E0
7.870900978E0,6.756437302E0,4.788403399E-3,-4.223371983E0
7.872968555E0,6.756437302E0,1.915361360E-2,-3.878606796E0
7.875002824E0,6.782773495E0,1.436521020E-2,-3.502717018E0
7.877071209E0,6.804321289E0,2.394201700E-3,-3.320757866E0
7.879105786E0,6.864176273E0,-3.112462163E-2,-2.937685490E0
7.881136632E0,6.962338448E0,-6.464344263E-2,-2.547430515E0
7.883259901E0,7.007828236E0,-9.337386489E-2,-2.346317768E0
7.885166170E0,7.137115479E0,-1.651999205E-1,-1.939303398E0
7.887165593E0,7.328651428E0,-2.370259613E-1,-1.544260144E0
7.889234209E0,7.441178799E0,-2.944868207E-1,-1.347935557E0
7.891269016E0,7.661445618E0,-4.309563041E-1,-9.888052940E-1
7.893338439E0,7.917624950E0,-5.770025849E-1,-6.631938815E-1
7.895372786E0,8.039729118E0,-6.584054828E-1,-5.099649429E-1
7.897441170E0,8.279149055E0,-8.427590132E-1,-2.035071403E-1
7.899475286E0,8.528146744E0,-1.029506683E0,6.464344263E-2
7.901507055E0,8.631096840E0,-1.118092179E0,1.915361285E-1
7.903633632E0,8.803479195E0,-1.316810966E0,4.046200812E-1
7.905538632E0,8.951920509E0,-1.496376038E0,5.889736414E-1
7.907537632E0,9.026140213E0,-1.599326730E0,6.703764796E-1
7.909605824E0,9.150638580E0,-1.790862918E0,7.733271718E-1
7.911639939E0,9.275136948E0,-1.982398987E0,8.451532125E-1
7.913708439E0,9.327810287E0,-2.073378563E0,8.619126081E-1
7.915742247E0,9.449913979E0,-2.272097349E0,8.595184088E-1
7.917810362E0,9.581595421E0,-2.475604534E0,8.092401624E-1
7.919844093E0,9.651026726E0,-2.573766708E0,7.613561153E-1
7.921842824E0,9.787496567E0,-2.786850691E0,6.584054828E-1
7.923842786E0,9.904812813E0,-2.978386879E0,5.171475410E-1
7.925910747E0,9.959878922E0,-3.078943491E0,4.453215301E-1
7.927944632E0,1.008437729E1,-3.280056238E0,2.873041928E-1
7.930012362E0,1.018014526E1,-3.478775024E0,1.077390760E-1
7.932046247E0,1.027112484E1,-3.574543238E0,-3.591302410E-2
7.934115285E0,1.032619190E1,-3.775655985E0,-1.077390760E-1
7.936148862E0,1.040280628E1,-3.969586372E0,-2.466027737E-1
7.938216901E0,1.046266174E1,-4.146757126E0,-3.663128614E-1
7.940250824E0,1.048181534E1,-4.244919777E0,-4.213795066E-1
7.942282555E0,1.050815105E1,-4.429273129E0,-5.291185975E-1
7.944285439E0,1.055124664E1,-4.572925091E0,-6.153098345E-1
7.946352901E0,1.057279491E1,-4.637568474E0,-6.464344859E-1
7.948387093E0,1.059434223E1,-4.742913723E0,-7.110779285E-1
7.950455439E0,1.061589050E1,-4.848258495E0,-7.230489254E-1
7.952489593E0,1.062307262E1,-4.900930882E0,-7.445967197E-1
7.954558132E0,1.064462090E1,-4.989516258E0,-7.829039693E-1
7.956592785E0,1.064940929E1,-5.042188644E0,-8.044517636E-1
7.958661785E0,1.063504410E1,-5.063736439E0,-8.044517636E-1
7.960695901E0,1.064222622E1,-5.075707436E0,-7.900865674E-1
7.962724093E0,1.063025570E1,-5.056553841E0,-7.661445141E-1
7.964848093E0,1.062307262E1,-5.008669853E0,-7.374141216E-1
7.966753055E0,1.060152531E1,-4.975151062E0,-7.134721279E-1
7.968752247E0,1.059913063E1,-4.893748283E0,-6.607996821E-1
7.970820516E0,1.060391903E1,-4.843470097E0,-6.368576288E-1
7.972854093E0,1.057997704E1,-4.711789131E0,-5.817909837E-1
7.974856439E0,1.054406452E1,-4.572925091E0,-5.267243981E-1
7.976854901E0,1.054406452E1,-4.484339714E0,-4.884171486E-1
7.978923324E0,1.050575733E1,-4.304774761E0,-4.046200812E-1
7.980957362E0,1.047463226E1,-4.122815132E0,-3.543418646E-1
7.982962516E0,1.042914295E1,-4.017470360E0,-3.256114423E-1
7.985150401E0,1.040520096E1,-3.806780815E0,-3.088520169E-1
7.986985785E0,1.031182671E1,-3.567360640E0,-3.088520169E-1
7.988985131E0,1.026154804E1,-3.433285236E0,-3.088520169E-1
7.991053593E0,1.017535686E1,-3.177105665E0,-2.944868207E-1
7.993087978E0,1.010592556E1,-2.918531895E0,-2.896983922E-1
7.995156862E0,9.998186111E0,-2.638410330E0,-2.849099934E-1
7.997191439E0,9.935936928E0,-2.494758129E0,-2.992752194E-1
7.999259824E0,9.816226959E0,-2.214636564E0,-3.136404157E-1
8.001293901E0,9.686940193E0,-1.951274395E0,-3.447650373E-1
8.003292939E0,9.627084732E0,-1.817199111E0,-3.639186621E-1
8.005292862E0,9.524134636E0,-1.551442742E0,-3.974374831E-1
8.007360862E0,9.435548782E0,-1.285686255E0,-4.213795066E-1
8.009394785E0,9.394847870E0,-1.165976286E0,-4.357447028E-1
8.011463054E0,9.294290543E0,-9.457096457E-1,-4.692635238E-1
8.013496977E0,9.200917244E0,-7.278373241E-1,-4.812345505E-1
8.015522401E0,9.155426979E0,-6.153098345E-1,-4.932055473E-1
8.017521439E0,9.052476883E0,-4.022258818E-1,-5.291185975E-1
8.019590093E0,8.925583839E0,-2.298433632E-1,-5.722141862E-1
8.021624131E0,8.856152534E0,-1.364694983E-1,-5.865794420E-1
8.023655593E0,8.743624687E0,4.070143029E-2,-6.105214357E-1
8.025659631E0,8.633491516E0,2.082955539E-1,-6.368576288E-1
8.027728054E0,8.568847656E0,2.873041928E-1,-6.536170840E-1
8.029761939E0,8.451532364E0,4.405331016E-1,-6.895300746E-1
8.031830247E0,8.324639320E0,5.722141862E-1,-7.110779285E-1
8.033864247E0,8.257601738E0,6.344634295E-1,-7.230489254E-1
8.035932670E0,8.135497093E0,7.517793179E-1,-7.422025204E-1
8.037967208E0,8.049305916E0,8.283938169E-1,-7.517793179E-1
8.040036093E0,7.948749542E0,9.169792533E-1,-7.589619160E-1
8.042070054E0,7.912836552E0,9.528923035E-1,-7.589619160E-1
8.044068977E0,7.845798969E0,1.034295082E0,-7.613561153E-1
8.046191977E0,7.747636795E0,1.094150186E0,-7.565677166E-1
8.048096516E0,7.711723804E0,1.122880578E0,-7.565677166E-1
8.050095747E0,7.601590633E0,1.151610970E0,-7.517793179E-1
8.052163477E0,7.510610580E0,1.168370485E0,-7.637503147E-1
8.054197400E0,7.472303391E0,1.204283476E0,-7.709329724E-1
8.056266016E0,7.350199223E0,1.230619669E0,-7.829039693E-1
8.058300054E0,7.256825447E0,1.240196466E0,-7.876923680E-1
8.060368708E0,7.208941460E0,1.242590666E0,-7.900865674E-1
8.062402362E0,7.125144482E0,1.230619669E0,-8.044517636E-1
8.064427016E0,7.070077419E0,1.211466074E0,-8.212111592E-1
8.066552362E0,7.058106422E0,1.197100878E0,-8.140285611E-1
8.068458900E0,7.029376030E0,1.192312479E0,-7.948749661E-1
8.070458362E0,7.015010834E0,1.154005170E0,-8.020575643E-1
8.072526785E0,7.007828236E0,1.134851575E0,-7.996633649E-1
8.074560477E0,6.974309444E0,1.094150186E0,-7.924807668E-1
8.076628323E0,6.955155849E0,1.051054597E0,-7.876923680E-1
8.078662016E0,6.945579052E0,1.022324085E0,-7.709329724E-1
8.080730016E0,6.962338448E0,9.672574997E-1,-7.517793179E-1
8.082763785E0,6.974309444E0,9.265560508E-1,-7.230489254E-1
8.084791477E0,6.981492043E0,8.954314590E-1,-6.967126727E-1
8.086792246E0,6.993463039E0,8.331822157E-1,-6.584054828E-1
8.088860477E0,7.019799232E0,7.733271718E-1,-6.057330370E-1
8.090894708E0,7.041347027E0,7.422025204E-1,-5.889736414E-1
8.092962900E0,7.082048416E0,7.038952708E-1,-5.602431893E-1
8.094996746E0,7.129932880E0,6.464344859E-1,-5.027823448E-1
8.097064516E0,7.175422668E0,5.841852427E-1,-4.644751251E-1
8.099098977E0,7.199364662E0,5.482721925E-1,-4.381389022E-1
8.101167477E0,7.292738438E0,4.884171486E-1,-3.974374831E-1
8.103201669E0,7.381323814E0,4.405331016E-1,-3.591302633E-1
8.105227400E0,7.412448406E0,4.046200812E-1,-3.471592367E-1
8.107230131E0,7.484274387E0,3.543418646E-1,-3.303998411E-1
8.109298823E0,7.570465565E0,3.064578176E-1,-3.040636182E-1
8.111333208E0,7.599195957E0,2.825157940E-1,-2.944868207E-1
8.113402131E0,7.666234016E0,2.298433632E-1,-2.681505978E-1
8.115435862E0,7.733271599E0,1.843535304E-1,-2.322375625E-1
8.117504208E0,7.781155586E0,1.675941199E-1,-2.178723514E-1
8.119538708E0,7.876923561E0,1.340752989E-1,-1.819593310E-1
8.121607208E0,7.982268333E0,7.182604820E-2,-1.412578970E-1
8.123641631E0,8.022970200E0,5.027823523E-2,-1.268926859E-1
8.125645823E0,8.104372978E0,2.633621916E-2,-9.097966552E-2
8.127769054E0,8.195352554E0,-1.675941236E-2,-3.591302410E-2
8.129674131E0,8.252813339E0,-3.830722719E-2,-9.576806799E-3
8.131673131E0,8.336610794E0,-7.900865376E-2,1.915361360E-2
8.133741439E0,8.429984093E0,-1.125274822E-1,5.985504389E-2
8.135776015E0,8.480262756E0,-1.149216816E-1,7.900865376E-2
8.137844939E0,8.576030731E0,-1.244984865E-1,1.173158810E-1
8.139879823E0,8.657433510E0,-1.580173075E-1,1.364694983E-1
8.141949054E0,8.724471092E0,-1.723825186E-1,1.771709323E-1
8.143983362E0,8.767566681E0,-2.035071403E-1,1.915361285E-1
8.145988746E0,8.865729332E0,-2.130839527E-1,2.106897533E-1
8.148178669E0,8.935160637E0,-2.298433632E-1,2.418143749E-1
8.150014708E0,8.956708908E0,-2.442085743E-1,2.489969730E-1
8.152014323E0,8.961497307E0,-2.777273953E-1,2.657563984E-1
8.154082977E0,9.002198219E0,-3.064578176E-1,2.896983922E-1
8.156117977E0,9.009381294E0,-3.280056417E-1,3.064578176E-1
8.158186900E0,9.014169693E0,-3.519476354E-1,3.303998411E-1
8.160220938E0,9.016563416E0,-3.687070608E-1,3.519476354E-1
8.162289362E0,9.002198219E0,-3.758896589E-1,3.711012602E-1
8.164323246E0,8.978256226E0,-3.758896589E-1,4.046200812E-1
8.166328554E0,8.966285706E0,-3.950432837E-1,4.237737060E-1
8.168329054E0,8.951920509E0,-3.974374831E-1,4.381389022E-1
8.170398323E0,8.923190117E0,-4.022258818E-1,4.764461517E-1
8.172432400E0,8.906430244E0,-4.118026793E-1,5.243301988E-1
8.174500669E0,8.894459724E0,-4.141969085E-1,5.434837937E-1
8.176534131E0,8.863334656E0,-4.046200812E-1,5.793967843E-1
8.178602861E0,8.829815865E0,-3.974374831E-1,6.248866320E-1
8.180637015E0,8.817844391E0,-3.974374831E-1,6.416460276E-1
8.182705592E0,8.784325600E0,-3.854664862E-1,6.847416759E-1
8.184740285E0,8.753201485E0,-4.070142806E-1,7.302315235E-1
8.186747438E0,8.748413086E0,-4.237737060E-1,7.589619160E-1
8.188750323E0,8.748413086E0,-4.261679053E-1,8.164227605E-1
8.190818515E0,8.707711220E0,-4.285621047E-1,8.762778044E-1
8.192852823E0,8.693346024E0,-4.309563041E-1,9.026140571E-1
8.194921477E0,8.671798706E0,-4.429273009E-1,9.672574997E-1
8.196956631E0,8.631096840E0,-4.381389022E-1,1.036689281E0
8.199025092E0,8.590395927E0,-4.453215301E-1,1.101332784E0
8.201059708E0,8.585607529E0,-4.668693244E-1,1.130063176E0
8.203128438E0,8.532935143E0,-5.051765442E-1,1.173158884E0
8.205162554E0,8.497021675E0,-5.315127969E-1,1.206677675E0
8.207167438E0,8.468291283E0,-5.458779931E-1,1.218648672E0
8.209290438E0,8.432378769E0,-5.793967843E-1,1.256955862E0
8.211195938E0,8.372523308E0,-6.368576288E-1,1.273715258E0
8.213194938E0,8.348581314E0,-6.655880809E-1,1.290474772E0
8.215263284E0,8.295908928E0,-7.230489254E-1,1.307234168E0
8.217297592E0,8.250418663E0,-7.685387731E-1,1.326387763E0
8.219365823E0,8.226476669E0,-7.948749661E-1,1.319205165E0
8.221400246E0,8.204929352E0,-8.643068075E-1,1.316810966E0
8.223468823E0,8.188169479E0,-9.457096457E-1,1.302445769E0
8.225502669E0,8.185775757E0,-9.792284966E-1,1.285686255E0
8.227508400E0,8.212111473E0,-1.034295082E0,1.240196466E0
8.229634554E0,8.221688271E0,-1.103726983E0,1.197100878E0
8.231539746E0,8.224082947E0,-1.137245774E0,1.173158884E0
8.233539207E0,8.243236542E0,-1.199495077E0,1.115697980E0
8.235607207E0,8.305485725E0,-1.268926859E0,1.053448796E0
8.237641554E0,8.343792915E0,-1.297657371E0,1.027112484E0
8.239709630E0,8.456320763E0,-1.362300754E0,9.624691010E-1
8.241744015E0,8.571242332E0,-1.410184860E0,9.074024558E-1
8.243812246E0,8.631096840E0,-1.429338455E0,8.834604025E-1
8.245846630E0,8.746018410E0,-1.470039845E0,8.259995580E-1
8.247851592E0,8.899248123E0,-1.503558636E0,7.781155705E-1
8.249852400E0,9.004592896E0,-1.510741234E0,7.565677166E-1
8.251921323E0,9.232041359E0,-1.508347034E0,7.038952708E-1
8.253955400E0,9.476250648E0,-1.501164436E0,6.416460276E-1
8.256023592E0,9.725247383E0,-1.467645645E0,5.674257874E-1
8.258057784E0,9.856928825E0,-1.465251446E0,5.243301988E-1
8.260081977E0,1.012507915E1,-1.419761658E0,4.572925270E-1
8.262080938E0,1.039801788E1,-1.350329757E0,3.854664862E-1
8.264149323E0,1.054645824E1,-1.328781962E0,3.447650373E-1
8.266183169E0,1.084333992E1,-1.273715258E0,2.705447972E-1
8.268209246E0,1.110191345E1,-1.185129881E0,1.723825186E-1
8.270223092E0,1.124077702E1,-1.137245774E0,1.005564705E-1
8.272291323E0,1.154962921E1,-1.046266198E0,-4.070143029E-2
8.274324784E0,1.186566353E1,-9.552865028E-1,-1.675941199E-1
8.276393015E0,1.202846909E1,-9.169792533E-1,-2.178723514E-1
8.278427015E0,1.237802315E1,-8.164227605E-1,-3.160346150E-1
8.280494976E0,1.271799946E1,-7.254431248E-1,-3.998316824E-1
8.282528630E0,1.288798809E1,-6.823474765E-1,-4.429273009E-1
8.284596630E0,1.323993587E1,-5.674257874E-1,-5.291185975E-1
8.286630938E0,1.360385418E1,-4.572925270E-1,-5.937620401E-1
8.288659207E0,1.379299641E1,-4.261679053E-1,-6.057330370E-1
8.290783669E0,1.414733791E1,-3.615244627E-1,-6.320692301E-1
8.292688515E0,1.444182491E1,-3.040636182E-1,-6.344634295E-1
8.294687630E0,1.459265900E1,-2.801215947E-1,-6.320692301E-1
8.296755399E0,1.489672279E1,-2.394201756E-1,-6.033388376E-1
8.298789553E0,1.516008472E1,-2.059013397E-1,-5.458779931E-1
8.300857592E0,1.538035202E1,-1.771709323E-1,-5.099649429E-1
8.302892515E0,1.546654320E1,-1.532289088E-1,-3.782838583E-1
8.304960130E0,1.554555130E1,-1.460463107E-1,-2.226607651E-1
8.306994246E0,1.557428169E1,-1.340752989E-1,-6.464344263E-2
8.309018284E0,1.554555130E1,-1.244984865E-1,2.873042040E-2
8.311206553E0,1.545217800E1,-1.221042871E-1,2.418143749E-1
8.313041746E0,1.527261257E1,-1.316810995E-1,4.381389022E-1
8.315041053E0,1.514571953E1,-1.340752989E-1,5.482721925E-1
8.317109130E0,1.488235760E1,-1.316810995E-1,8.068459630E-1
8.319143169E0,1.455435181E1,-1.340752989E-1,1.089361787E0
8.321211361E0,1.437478733E1,-1.436520964E-1,1.244984865E0
8.323245015E0,1.400368595E1,-1.723825186E-1,1.551442742E0
8.325312515E0,1.361343098E1,-2.178723514E-1,1.853112102E0
8.327345707E0,1.341950035E1,-2.442085743E-1,1.994369984E0
8.329373899E0,1.303642845E1,-2.825157940E-1,2.274491549E0
8.331373976E0,1.267250919E1,-3.327940404E-1,2.535459518E0
8.333442130E0,1.249055004E1,-3.567360640E-1,2.655169725E0
8.335476245E0,1.211944866E1,-4.046200812E-1,2.861071110E0
8.337544092E0,1.177707863E1,-4.381389022E-1,3.014299870E0
8.339577707E0,1.161666679E1,-4.525041282E-1,3.066972494E0
8.341645592E0,1.133175659E1,-4.908113480E-1,3.129221678E0
8.343679207E0,1.107797146E1,-5.291185975E-1,3.145981073E0
8.345747361E0,1.084333992E1,-5.554547906E-1,3.134010077E0
8.347781169E0,1.074517727E1,-6.153098345E-1,3.066972494E0
8.349806284E0,1.058716011E1,-6.631938815E-1,2.935291290E0
8.351808399E0,1.044590187E1,-7.062895298E-1,2.861071110E0
8.353876207E0,1.039562416E1,-7.685387731E-1,2.695871115E0
8.355910053E0,1.033816338E1,-8.355764151E-1,2.497152328E0
8.357977630E0,1.035252857E1,-9.074024558E-1,2.276885748E0
8.360011592E0,1.036210537E1,-9.457096457E-1,2.161964178E0
8.362080015E0,1.041956615E1,-1.007958889E0,1.896207690E0
8.364113976E0,1.052012253E1,-1.063025594E0,1.618480325E0
8.366181361E0,1.058476543E1,-1.094150186E0,1.472434044E0
8.368215822E0,1.074038887E1,-1.163581967E0,1.168370485E0
8.370246168E0,1.091037750E1,-1.216254473E0,8.619126081E-1
8.372369784E0,1.099417400E1,-1.233013868E0,7.086837292E-1
8.374274284E0,1.120007515E1,-1.256955862E0,4.237737060E-1
8.376273476E0,1.144907284E1,-1.321599364E0,1.484405100E-1
8.378341668E0,1.157117653E1,-1.355118155E0,2.154781483E-2
8.380375476E0,1.187045193E1,-1.424550056E0,-2.489969730E-1
8.382443515E0,1.216254425E1,-1.503558636E0,-5.147533417E-1
8.384477053E0,1.229901409E1,-1.546654344E0,-6.440402865E-1
8.386545399E0,1.257913589E1,-1.604115129E0,-8.858546019E-1
8.388579668E0,1.287362289E1,-1.671152830E0,-1.130063176E0
8.390604976E0,1.302206326E1,-1.709460020E0,-1.249773264E0
8.392729515E0,1.331894398E1,-1.790862918E0,-1.503558636E0
8.394633899E0,1.363258457E1,-1.879448295E0,-1.786074519E0
8.396633361E0,1.377863121E1,-1.924938202E0,-1.912967205E0
8.398701668E0,1.401326275E1,-1.991975784E0,-2.185906172E0
8.400735976E0,1.422395229E1,-2.042253971E0,-2.449268341E0
8.402804476E0,1.441069984E1,-2.078166962E0,-2.707842112E0
8.404838976E0,1.446816063E1,-2.123656988E0,-2.837129116E0
8.406907245E0,1.458308220E1,-2.173935175E0,-3.081337690E0
8.408941630E0,1.465490818E1,-2.217030764E0,-3.313575268E0
8.410972476E0,1.467406178E1,-2.236184359E0,-3.423708439E0
8.412973438E0,1.466209126E1,-2.257732153E0,-3.620033026E0
8.415042014E0,1.456632328E1,-2.267308950E0,-3.761290789E0
8.417076053E0,1.450167942E1,-2.267308950E0,-3.813963413E0
8.419144014E0,1.437957573E1,-2.281674147E0,-3.916913986E0
8.421177630E0,1.419522190E1,-2.331952572E0,-4.005499363E0
8.423246014E0,1.408508873E1,-2.355894566E0,-4.041412354E0
8.425280322E0,1.381933212E1,-2.387019157E0,-4.101267338E0
8.427348168E0,1.348893261E1,-2.367865562E0,-4.132391930E0
8.429382168E0,1.329979038E1,-2.336740971E0,-4.151545525E0
8.431407476E0,1.287841129E1,-2.252943754E0,-4.209006786E0
8.433410091E0,1.244984913E1,-2.169146776E0,-4.278438568E0
8.435478207E0,1.221761131E1,-2.123656988E0,-4.319139957E0
8.437512130E0,1.175074196E1,-2.030282974E0,-4.386177540E0
8.439580630E0,1.128387260E1,-1.889025092E0,-4.465186119E0
8.441614245E0,1.084094524E1,-1.829170108E0,-4.551377296E0
8.443682553E0,1.063983250E1,-1.678335428E0,-4.584896088E0
8.445716360E0,1.022802925E1,-1.520318031E0,-4.661510944E0
8.447784591E0,9.821015358E0,-1.381454349E0,-4.695029736E0
8.449818822E0,9.634267807E0,-1.314416766E0,-4.704606533E0
8.451847553E0,9.327810287E0,-1.187524080E0,-4.680664539E0
8.453971360E0,9.054870605E0,-1.048660398E0,-4.651933670E0
8.455876399E0,8.908824921E0,-9.768342972E-1,-4.623203278E0
8.457876014E0,8.631096840E0,-8.499416113E-1,-4.556165695E0
8.459945322E0,8.379706383E0,-7.541735172E-1,-4.448426723E0
8.461980014E0,8.245630264E0,-7.206547260E-1,-4.393360138E0
8.464048937E0,8.008605003E0,-6.416460276E-1,-4.268861771E0
8.466083630E0,7.747636795E0,-5.865794420E-1,-4.144362926E0
8.468152668E0,7.620744228E0,-5.746083856E-1,-4.084507942E0
8.470186937E0,7.390900612E0,-5.410895944E-1,-3.940855980E0
8.472212899E0,7.173028469E0,-5.458779931E-1,-3.816357613E0
8.474400245E0,6.986280441E0,-5.363011956E-1,-3.691859007E0
8.476235822E0,6.890512466E0,-5.363011956E-1,-3.632004023E0
8.478235091E0,6.720524311E0,-5.291185975E-1,-3.512293816E0
8.480303360E0,6.639121532E0,-5.291185975E-1,-3.459621429E0
8.482337745E0,6.490680695E0,-5.267243981E-1,-3.373430252E0
8.484405706E0,6.347028732E0,-5.171475410E-1,-3.282450438E0
8.486439706E0,6.308721542E0,-5.219359994E-1,-3.239354849E0
8.488508476E0,6.270414352E0,-5.410895944E-1,-3.124433279E0
8.490543014E0,6.265625954E0,-5.482721925E-1,-3.026270866E0
8.492572822E0,6.291962147E0,-5.626373887E-1,-2.925714493E0
8.494572860E0,6.308721542E0,-5.865794420E-1,-2.856282711E0
8.496641860E0,6.368576527E0,-6.177040339E-1,-2.731784105E0
8.498676322E0,6.478709698E0,-6.584054828E-1,-2.624045134E0
8.500744899E0,6.543353081E0,-6.799532771E-1,-2.571372509E0
8.502779129E0,6.684611320E0,-7.278373241E-1,-2.458845139E0
8.504803283E0,6.852205276E0,-7.469909191E-1,-2.365471363E0
8.506802860E0,6.938396454E0,-7.565677166E-1,-2.322375536E0
8.508870745E0,7.129932880E0,-7.781155705E-1,-2.255337954E0
8.510904976E0,7.345410824E0,-7.613561153E-1,-2.185906172E0
8.512930591E0,7.462726593E0,-7.493851185E-1,-2.152387381E0
8.514935322E0,7.706935406E0,-7.493851185E-1,-2.094926596E0
8.517003745E0,7.958326340E0,-7.445967197E-1,-2.051830769E0
8.519038437E0,8.078036308E0,-7.350199223E-1,-2.027888775E0
8.521107322E0,8.319850922E0,-7.086837292E-1,-1.984793186E0
8.523141899E0,8.564059258E0,-6.464344859E-1,-1.960851192E0
8.525210745E0,8.683769226E0,-6.200982332E-1,-1.946485996E0
8.527245399E0,8.918401718E0,-5.578489900E-1,-1.929726601E0
8.529314014E0,9.129091263E0,-4.836287498E-1,-1.924938202E0
8.531348514E0,9.217676163E0,-4.309563041E-1,-1.924938202E0
8.533379476E0,9.375694275E0,-3.303998411E-1,-1.927332401E0
8.535503283E0,9.502586365E0,-2.130839527E-1,-1.946485996E0
8.537408475E0,9.560047150E0,-1.460463107E-1,-1.968033791E0
8.539408399E0,9.672574997E0,-7.182605099E-3,-2.011129379E0
8.541477245E0,9.794678688E0,1.436520964E-1,-2.054224968E0
8.543511437E0,9.871294022E0,2.370259613E-1,-2.092532396E0
8.545580091E0,9.921571732E0,4.118026793E-1,-2.161964178E0
8.547614822E0,9.998186111E0,5.985504389E-1,-2.229001760E0
8.549683591E0,1.008198357E1,8.116343617E-1,-2.310404539E0
8.551718091E0,1.012507915E1,9.121908545E-1,-2.346317768E0
8.553717322E0,1.022563553E1,1.094150186E0,-2.415749550E0
8.555842860E0,1.031422138E1,1.307234168E0,-2.509123325E0
8.557747052E0,1.033576870E1,1.412579060E0,-2.566584110E0
8.559746860E0,1.040280628E1,1.599326730E0,-2.659958124E0
8.561815206E0,1.050575733E1,1.774103403E0,-2.722207308E0
8.563849168E0,1.055124664E1,1.879448295E0,-2.753331900E0
8.565917937E0,1.064462090E1,2.068590164E0,-2.837129116E0
8.567952014E0,1.071165848E1,2.224213362E0,-2.901772499E0
8.570020206E0,1.074996567E1,2.296039343E0,-2.944868088E0
8.572054129E0,1.084573364E1,2.456450939E0,-3.021482468E0
8.574052860E0,1.093431950E1,2.592920542E0,-3.119644880E0
8.576085283E0,1.098938560E1,2.659958124E0,-3.155557871E0
8.578153552E0,1.108515358E1,2.777273893E0,-3.220201254E0
8.580187360E0,1.114500904E1,2.863465309E0,-3.301604033E0
8.582255706E0,1.117134476E1,2.908955097E0,-3.335123062E0
8.584289937E0,1.120246983E1,3.026270866E0,-3.366247654E0
8.586358091E0,1.121922874E1,3.102885485E0,-3.402160645E0
8.588392475E0,1.121444035E1,3.114856482E0,-3.423708439E0
8.590461129E0,1.119049835E1,3.150769472E0,-3.433285236E0
8.592495745E0,1.116655636E1,3.150769472E0,-3.418920040E0
8.594521360E0,1.108994198E1,3.062183857E0,-3.416525841E0
8.596524244E0,1.103008747E1,3.007117271E0,-3.392583847E0
8.598593629E0,1.092234802E1,2.901772499E0,-3.361459255E0
8.600627591E0,1.081700325E1,2.746149302E0,-3.313575268E0
8.602695591E0,1.074757099E1,2.659958124E0,-3.289633036E0
8.604729821E0,1.058476543E1,2.463633537E0,-3.232172251E0
8.606797937E0,1.041956615E1,2.195482969E0,-3.138798475E0
8.608831975E0,1.033098030E1,2.061407566E0,-3.088520288E0
8.610900398E0,1.015380955E1,1.766920805E0,-2.973598480E0
8.612934091E0,9.952696800E0,1.465251446E0,-2.856282711E0
8.614964783E0,9.849745750E0,1.302445769E0,-2.784456491E0
8.617088129E0,9.660603523E0,9.792284966E-1,-2.640804529E0
8.618992591E0,9.488221169E0,6.560112834E-1,-2.501940727E0
8.620991860E0,9.385271072E0,5.003881454E-1,-2.425326347E0
8.623060206E0,9.196128845E0,1.747767180E-1,-2.267308950E0
8.625094398E0,9.042900085E0,-1.843535304E-1,-2.104503393E0
8.627163167E0,8.985439301E0,-3.639186621E-1,-2.015917778E0
8.629197629E0,8.836998940E0,-7.134721279E-1,-1.831564307E0
8.631266321E0,8.724471092E0,-1.034295082E0,-1.630451322E0
8.633301052E0,8.604761124E0,-1.192312479E0,-1.525106430E0
8.635325321E0,8.540117264E0,-1.491587639E0,-1.321599364E0
8.637514437E0,8.422801971E0,-1.786074519E0,-1.120486379E0
8.639350167E0,8.358158112E0,-1.927332401E0,-1.022324085E0
8.641349783E0,8.238448143E0,-2.217030764E0,-8.451532125E-1
8.643418514E0,8.121131897E0,-2.492363930E0,-6.631938815E-1
8.645453244E0,7.970297337E0,-2.631227732E0,-4.884171486E-1
8.647521975E0,7.898471355E0,-2.865859509E0,-3.998316824E-1
8.649556744E0,7.726089001E0,-3.119644880E0,-2.418143749E-1
8.651625629E0,7.548917770E0,-3.378218651E0,-9.576806426E-2
8.653660398E0,7.467514992E0,-3.490746021E0,-4.070143029E-2
8.655660706E0,7.333439827E0,-3.711012602E0,1.005564705E-1
8.657661552E0,7.230489254E0,-3.907337189E0,2.561795712E-1
8.659730321E0,7.165845871E0,-3.993528366E0,3.232172430E-1
8.661764706E0,7.048529625E0,-4.180276394E0,4.525041282E-1
8.663833167E0,6.952761650E0,-4.333505154E0,6.009446383E-1
8.665867513E0,6.895300865E0,-4.388571739E0,6.703764796E-1
8.667936090E0,6.806715488E0,-4.501099110E0,7.900865674E-1
8.669970590E0,6.732495308E0,-4.611232281E0,9.217676520E-1
8.672039206E0,6.708553314E0,-4.625597477E0,9.792284966E-1
8.674073475E0,6.679822922E0,-4.656722069E0,1.086967587E0
8.676105206E0,6.643909931E0,-4.659116745E0,1.192312479E0
8.678107398E0,6.643909931E0,-4.661510944E0,1.247379065E0
8.680175975E0,6.641515732E0,-4.613626480E0,1.321599364E0
8.682210667E0,6.658275127E0,-4.553771496E0,1.379060149E0
8.684279206E0,6.698976517E0,-4.525041103E0,1.426944256E0
8.686313744E0,6.722918510E0,-4.438849926E0,1.431732655E0
8.688381898E0,6.787561893E0,-4.340687752E0,1.434126854E0
8.690416129E0,6.847416878E0,-4.213795185E0,1.438915253E0
8.692483513E0,6.900089264E0,-4.129997730E0,1.441309452E0
8.694517244E0,6.981492043E0,-3.957615376E0,1.429338455E0
8.696516706E0,7.082048416E0,-3.754108191E0,1.391031146E0
8.698640898E0,7.134721279E0,-3.655946016E0,1.379060149E0
8.700545552E0,7.244854450E0,-3.447650433E0,1.357512355E0
8.702544821E0,7.345410824E0,-3.229778051E0,1.321599364E0
8.704613744E0,7.400477409E0,-3.119644880E0,1.295263171E0
8.706648090E0,7.508216381E0,-2.894589901E0,1.237802267E0
8.708716629E0,7.639897823E0,-2.671929121E0,1.177947283E0
8.710750821E0,7.723694801E0,-2.561795712E0,1.142034173E0
8.712819013E0,7.884106159E0,-2.353500366E0,1.074996591E0
8.714853398E0,8.022970200E0,-2.130839586E0,9.935936928E-1
8.716852629E0,8.097189903E0,-2.023100376E0,9.409212470E-1
8.718979436E0,8.248024940E0,-1.805228114E0,8.595184088E-1
8.720884129E0,8.389283180E0,-1.623268723E0,7.709329724E-1
8.722883436E0,8.446743965E0,-1.522712231E0,7.230489254E-1
8.724951129E0,8.580819130E0,-1.321599364E0,6.200982332E-1
8.726985436E0,8.731653214E0,-1.125274777E0,5.243301988E-1
8.729053782E0,8.810662270E0,-1.022324085E0,4.812345505E-1
8.731088052E0,8.949525833E0,-8.595184088E-1,3.902548850E-1
8.733156667E0,9.064447403E0,-7.086837292E-1,3.136404157E-1
8.735191090E0,9.131484985E0,-6.248866320E-1,2.777273953E-1
8.737190359E0,9.246406555E0,-4.740519226E-1,2.202665508E-1
8.739191052E0,9.344569206E0,-3.327940404E-1,1.580173075E-1
8.741259321E0,9.392453194E0,-2.705447972E-1,1.197100878E-1
8.743293552E0,9.483432770E0,-1.340752989E-1,4.548983276E-2
8.745362205E0,9.552865028E0,-9.576806799E-3,-7.182605099E-3
8.747395744E0,9.588777542E0,1.173158810E-1,-7.661445439E-2
8.749419782E0,9.595960617E0,1.795651317E-1,-1.125274822E-1
8.751418705E0,9.603142738E0,2.992752194E-1,-1.867477298E-1
8.753486629E0,9.588777542E0,4.141969085E-1,-2.322375625E-1
8.755520552E0,9.572018623E0,4.692635238E-1,-2.705447972E-1
8.757551552E0,9.572018623E0,5.793967843E-1,-3.232172430E-1
8.759555628E0,9.550470352E0,6.703764796E-1,-3.399766386E-1
8.761624167E0,9.548076630E0,7.110779285E-1,-3.543418646E-1
8.763658128E0,9.564835548E0,7.829039693E-1,-3.806780577E-1
8.765726552E0,9.603142738E0,8.355764151E-1,-4.022258818E-1
8.767760744E0,9.607931137E0,8.523358107E-1,-4.070142806E-1
8.769829052E0,9.598354340E0,8.834604025E-1,-4.070142806E-1
8.771863552E0,9.569623947E0,8.954314590E-1,-4.213795066E-1
8.773932398E0,9.555258751E0,8.954314590E-1,-4.213795066E-1
8.775967013E0,9.497797966E0,8.930372596E-1,-4.213795066E-1
8.777966513E0,9.414001465E0,8.882488012E-1,-4.237737060E-1
8.780089436E0,9.375694275E0,8.786720037E-1,-4.285621047E-1
8.781995590E0,9.301473618E0,8.403648138E-1,-4.429273009E-1
8.783994167E0,9.217676163E0,8.044517636E-1,-4.525041282E-1
8.786063051E0,9.186552048E0,7.733271718E-1,-4.525041282E-1
8.788097859E0,9.129091263E0,7.182605267E-1,-4.692635238E-1
8.790166744E0,9.042900085E0,6.775590777E-1,-4.620809257E-1
8.792201244E0,9.006986618E0,6.440402865E-1,-4.501099288E-1
8.794269859E0,8.925583839E0,5.889736414E-1,-4.237737060E-1
8.796304398E0,8.836998940E0,5.147533417E-1,-3.830722570E-1
8.798310205E0,8.755595207E0,4.740519226E-1,-3.639186621E-1
8.800498859E0,8.719682693E0,4.357447028E-1,-3.136404157E-1
8.802334167E0,8.647856712E0,3.615244627E-1,-2.418143749E-1
8.804334051E0,8.616731644E0,3.303998411E-1,-2.035071403E-1
8.806403398E0,8.566453934E0,2.849099934E-1,-1.316810995E-1
8.808438090E0,8.518569946E0,2.274491638E-1,-4.070143029E-2
8.810506551E0,8.468291283E0,1.604115069E-1,5.506663769E-2
8.812540936E0,8.451532364E0,1.340752989E-1,9.576806426E-2
8.814609321E0,8.396465302E0,8.858546615E-2,1.628057212E-1
8.816643513E0,8.358158112E0,5.267243832E-2,2.059013397E-1
8.818648590E0,8.353369713E0,2.633621916E-2,2.418143749E-1
8.820649128E0,8.319850922E0,-2.154781483E-2,3.160346150E-1
8.822717667E0,8.281543732E0,-8.619125932E-2,4.141969085E-1
8.824752051E0,8.269572258E0,-1.125274822E-1,4.620809257E-1
8.826820628E0,8.236053467E0,-2.011129409E-1,5.722141862E-1
8.828855051E0,8.236053467E0,-2.992752194E-1,6.943184733E-1
8.830923590E0,8.228871346E0,-3.423708379E-1,7.517793179E-1
8.832958628E0,8.209717751E0,-4.309563041E-1,8.714894056E-1
8.835027897E0,8.212111473E0,-5.530605912E-1,9.935936928E-1
8.837062590E0,8.219294548E0,-6.105214357E-1,1.039083481E0
8.839061974E0,8.231265068E0,-7.158663273E-1,1.110909581E0
8.841064436E0,8.269572258E0,-8.523358107E-1,1.194706678E0
8.843132320E0,8.288725853E0,-9.121908545E-1,1.213860273E0
8.845166128E0,8.339004517E0,-1.043871999E0,1.254561663E0
8.847234474E0,8.418013573E0,-1.154005170E0,1.266532660E0
8.849268205E0,8.540117264E0,-1.218648672E0,1.268926859E0
8.851336705E0,8.595184326E0,-1.355118155E0,1.268926859E0
8.853370897E0,8.705317497E0,-1.503558636E0,1.240196466E0
8.855439397E0,8.822632790E0,-1.654393315E0,1.242590666E0
8.857474013E0,8.887276649E0,-1.719036818E0,1.237802267E0
8.859473090E0,9.014169693E0,-1.853112102E0,1.201889277E0
8.861597090E0,9.153033257E0,-1.991975784E0,1.201889277E0
8.863501936E0,9.217676163E0,-2.054224968E0,1.199495077E0
8.865501013E0,9.356540680E0,-2.202665567E0,1.201889277E0
8.867569474E0,9.533711433E0,-2.315192938E0,1.204283476E0
8.869603320E0,9.617507935E0,-2.375048161E0,1.216254473E0
8.871671974E0,9.787496567E0,-2.487575531E0,1.252167463E0
8.873706013E0,9.983820915E0,-2.585737944E0,1.292868972E0
8.875774474E0,1.010113716E1,-2.636016130E0,1.321599364E0
8.877808359E0,1.030943298E1,-2.724601507E0,1.381454349E0
8.879832474E0,1.049857426E1,-2.803610086E0,1.458068848E0
8.881957474E0,1.057997704E1,-2.837129116E0,1.493981838E0
8.883862474E0,1.070926380E1,-2.880224705E0,1.563413739E0
8.885861474E0,1.086009884E1,-2.956839085E0,1.620874524E0
8.887930128E0,1.092713642E1,-2.987963676E0,1.659181833E0
8.889964474E0,1.107318306E1,-3.038241863E0,1.733402014E0
8.892032705E0,1.117613316E1,-3.057395458E0,1.810016513E0
8.894066359E0,1.123120022E1,-3.069366693E0,1.855506301E0
8.896134166E0,1.131499767E1,-3.102885485E0,1.941697598E0
8.898167743E0,1.139161205E1,-3.110068083E0,2.027888775E0
8.900198397E0,1.140837097E1,-3.112462282E0,2.066195965E0
8.902198397E0,1.142273617E1,-3.093308687E0,2.147598982E0
8.904266320E0,1.145625496E1,-3.074155092E0,2.221819162E0
8.906300513E0,1.146583176E1,-3.059789658E0,2.250549555E0
8.908369474E0,1.144907284E1,-3.011905670E0,2.322375536E0
8.910403705E0,1.143710136E1,-2.944868088E0,2.387019157E0
8.912472013E0,1.146822643E1,-2.880224705E0,2.442085743E0
8.914506397E0,1.147062016E1,-2.844311714E0,2.470816135E0
8.916575051E0,1.148977375E1,-2.762908697E0,2.501940727E0
8.918609512E0,1.150892735E1,-2.664746523E0,2.559401512E0
8.920634436E0,1.152089882E1,-2.612074137E0,2.590526342E0
8.922653436E0,1.153286934E1,-2.492363930E0,2.647987127E0
8.924722359E0,1.151850414E1,-2.360682964E0,2.726995707E0
8.926756320E0,1.152089882E1,-2.296039343E0,2.777273893E0
8.928824474E0,1.152089882E1,-2.169146776E0,2.875436306E0
8.930858397E0,1.148977375E1,-2.025494576E0,2.971204281E0
8.932926474E0,1.147301483E1,-1.946485996E0,3.016694069E0
8.934960666E0,1.143470764E1,-1.788468719E0,3.126827478E0
8.937028705E0,1.138442898E1,-1.608903527E0,3.224989653E0
8.939062897E0,1.132936287E1,-1.517923832E0,3.268085241E0
8.941090282E0,1.130781460E1,-1.323993564E0,3.347094059E0
8.943213743E0,1.124795914E1,-1.132457376E0,3.416525841E0
8.945119359E0,1.118810463E1,-1.024718285E0,3.452438831E0
8.947118628E0,1.114022064E1,-8.020575643E-1,3.476380825E0
8.949187012E0,1.106360626E1,-5.841852427E-1,3.454833031E0
8.951221051E0,1.101093388E1,-4.716577232E-1,3.435679436E0
8.953289320E0,1.099178028E1,-2.489969730E-1,3.409343243E0
8.955323359E0,1.099178028E1,0.000000000E0,3.335123062E0
8.957391166E0,1.102051067E1,2.178723514E-1,3.251325846E0
8.959424820E0,1.104924107E1,3.256114423E-1,3.203441858E0
8.961455935E0,1.108994198E1,5.171475410E-1,3.086126089E0
8.963645435E0,1.117852783E1,7.158663273E-1,2.952050686E0
8.965481205E0,1.123359394E1,8.212111592E-1,2.896984100E0
8.967480358E0,1.138203526E1,9.959878922E-1,2.777273893E0
8.969548858E0,1.150174522E1,1.142034173E0,2.626439333E0
8.971582935E0,1.156399441E1,1.213860273E0,2.549824715E0
8.973651435E0,1.170285797E1,1.359906554E0,2.391807556E0
8.975685820E0,1.180341434E1,1.455674648E0,2.212242365E0
8.977754128E0,1.185129833E1,1.508347034E0,2.106897593E0
8.979788358E0,1.189439392E1,1.584961534E0,1.886630893E0
8.981816858E0,1.195424938E1,1.599326730E0,1.642422318E0
8.983817243E0,1.197819138E1,1.608903527E0,1.505952835E0
8.985884897E0,1.199495029E1,1.613691926E0,1.223437071E0
8.987918551E0,1.201649857E1,1.565807939E0,9.097966552E-1
8.989986435E0,1.202368069E1,1.529894829E0,7.326257229E-1
8.992020358E0,1.203804588E1,1.450886250E0,3.734954596E-1
8.994044512E0,1.207395935E1,1.328781962E0,-3.351882473E-2
8.996043858E0,1.210029507E1,1.273715258E0,-2.442085743E-1
8.998111974E0,1.217212105E1,1.165976286E0,-6.655880809E-1
9.000145589E0,1.227507210E1,1.015141487E0,-1.070208192E0
9.002171128E0,1.240914726E1,9.457096457E-1,-1.489193439E0
9.004175012E0,1.248097324E1,7.709329724E-1,-1.692700624E0
9.006243128E0,1.262941360E1,5.793967843E-1,-2.094926596E0
9.008277128E0,1.280897903E1,3.663128614E-1,-2.480392933E0
9.010345166E0,1.289756489E1,2.370259613E-1,-2.662352324E0
9.012379204E0,1.306755257E1,9.576806799E-3,-2.992752075E0
9.014447704E0,1.324951267E1,-2.226607651E-1,-3.292027235E0
9.016481974E0,1.333809757E1,-3.423708379E-1,-3.428496838E0
9.018550858E0,1.347696114E1,-5.961562395E-1,-3.691859007E0
9.020585397E0,1.354639339E1,-8.667010069E-1,-3.926490784E0
9.022614820E0,1.357991219E1,-1.003170490E0,-4.036623955E0
9.024738358E0,1.360624790E1,-1.288080573E0,-4.228160381E0
9.026643204E0,1.359667110E1,-1.561019540E0,-4.417302132E0
9.028642704E0,1.359427738E1,-1.683123827E0,-4.522646904E0
9.030711397E0,1.358470058E1,-1.932120800E0,-4.721365929E0
9.032745858E0,1.356794071E1,-2.171540976E0,-4.932055473E0
9.034813589E0,1.354160500E1,-2.300827742E0,-5.042188644E0
9.036847512E0,1.352005672E1,-2.497152328E0,-5.226542473E0
9.038916051E0,1.346020222E1,-2.652775526E0,-5.382165432E0
9.040950089E0,1.342668343E1,-2.722207308E0,-5.451597214E0
9.042975589E0,1.336922264E1,-2.837129116E0,-5.573701382E0
9.045101281E0,1.329739666E1,-2.971204281E0,-5.655104637E0
9.047006281E0,1.327584839E1,-3.021482468E0,-5.671864033E0
9.049005512E0,1.324472427E1,-3.095702887E0,-5.705382824E0
9.051073704E0,1.314416695E1,-3.105279684E0,-5.695806026E0
9.053107858E0,1.304121685E1,-3.069366693E0,-5.674258232E0
9.055176974E0,1.298136139E1,-2.999934673E0,-5.621585369E0
9.057211550E0,1.279222012E1,-2.906560898E0,-5.540182590E0
9.059280358E0,1.254801083E1,-2.767697096E0,-5.415684223E0
9.061315320E0,1.241154194E1,-2.688688517E0,-5.334281445E0
9.063346704E0,1.210508347E1,-2.487575531E0,-5.171475887E0
9.065347589E0,1.171482849E1,-2.286462545E0,-4.991910458E0
9.067416627E0,1.150892735E1,-2.171540976E0,-4.910507679E0
9.069451281E0,1.105881786E1,-1.934514999E0,-4.726154327E0
9.071520050E0,1.058237171E1,-1.680729628E0,-4.544194698E0
9.073554397E0,1.034774017E1,-1.572990537E0,-4.455609322E0
9.075622935E0,9.868899345E0,-1.331176162E0,-4.268861771E0
9.077657050E0,9.390059471E0,-1.094150186E0,-4.084507942E0
9.079725704E0,9.157821655E0,-9.792284966E-1,-3.993528366E0
9.081760512E0,8.705317497E0,-7.398083210E-1,-3.799597979E0
9.083786166E0,8.267178535E0,-5.243301988E-1,-3.605667830E0
9.085789743E0,8.051700592E0,-4.046200812E-1,-3.497928619E0
9.087858243E0,7.661445618E0,-2.154781520E-1,-3.272873640E0
9.089893127E0,7.321468830E0,-7.182604820E-2,-3.028665066E0
9.091961781E0,7.043741226E0,4.788403399E-3,-2.738966703E0
9.093996127E0,6.924031258E0,1.173158810E-1,-2.580949545E0
9.096064820E0,6.722918510E0,1.891419291E-1,-2.257732153E0
9.098099358E0,6.564900875E0,2.442085743E-1,-1.903390408E0
9.100168550E0,6.514622688E0,2.705447972E-1,-1.711854219E0
9.102203012E0,6.464344501E0,3.232172430E-1,-1.347935557E0
9.104234166E0,6.433219910E0,3.375824392E-1,-9.768342972E-1
9.106358743E0,6.435614109E0,3.375824392E-1,-7.876923680E-1
9.108264204E0,6.464344501E0,3.447650373E-1,-4.309563041E-1
9.110263627E0,6.538564682E0,3.471592367E-1,-1.053448766E-1
9.112331666E0,6.591237068E0,3.303998411E-1,5.267243832E-2
9.114366012E0,6.718130112E0,2.753331959E-1,3.543418646E-1
9.116434666E0,6.897695065E0,2.082955539E-1,6.488286853E-1
9.118469127E0,6.983886242E0,1.747767180E-1,7.876923680E-1
9.120537242E0,7.189787865E0,5.267243832E-2,1.043871999E0
9.122571281E0,7.422025204E0,-8.858546615E-2,1.268926859E0
9.124595704E0,7.546523571E0,-1.651999205E-1,1.381454349E0
9.126784473E0,7.807491779E0,-3.423708379E-1,1.558625340E0
9.128620242E0,8.113949776E0,-5.578489900E-1,1.707065821E0
9.130619666E0,8.271966934E0,-6.751648784E-1,1.762132406E0
9.132687627E0,8.623914719E0,-9.169792533E-1,1.843535304E0
9.134721896E0,8.975862503E0,-1.173158884E0,1.891419291E0
9.136790166E0,9.150638580E0,-1.309628367E0,1.903390408E0
9.138824512E0,9.473855972E0,-1.596932530E0,1.893813491E0
9.140892704E0,9.804255486E0,-1.879448295E0,1.857900500E0
9.142927319E0,1.011071396E1,-2.207453966E0,1.778891921E0
9.144957858E0,1.024718285E1,-2.363077164E0,1.719036818E0
9.146957819E0,1.050336266E1,-2.645592928E0,1.601720929E0
9.149025973E0,1.073320580E1,-2.940079689E0,1.448492050E0
9.151059935E0,1.082418633E1,-3.078943491E0,1.359906554E0
9.153128204E0,1.098938560E1,-3.356670856E0,1.187524080E0
9.155161473E0,1.111388397E1,-3.651157618E0,9.816226959E-1
9.157229896E0,1.114979744E1,-3.794809580E0,8.619126081E-1
9.159264242E0,1.122641182E1,-4.034229755E0,6.560112834E-1
9.161332588E0,1.121204662E1,-4.240131378E0,4.525041282E-1
9.163366781E0,1.120007515E1,-4.338293552E0,3.591302633E-1
9.165392935E0,1.120725822E1,-4.529829502E0,1.819593310E-1
9.167396050E0,1.122880554E1,-4.714183331E0,1.436521020E-2
9.169464088E0,1.121683502E1,-4.795586109E0,-5.985504389E-2
9.171498358E0,1.120007515E1,-4.965574265E0,-2.011129409E-1
9.173566665E0,1.117613316E1,-5.128379822E0,-2.849099934E-1
9.175599973E0,1.114261436E1,-5.204994678E0,-3.184288144E-1
9.177668435E0,1.108275986E1,-5.331887245E0,-3.663128614E-1
9.179702588E0,1.101811600E1,-5.470750809E0,-3.711012602E-1
9.181771165E0,1.093910789E1,-5.614402771E0,-2.944868207E-1
9.183805319E0,1.089601231E1,-5.667075634E0,-2.489969730E-1
9.185834819E0,1.079306126E1,-5.803544998E0,-1.388636976E-1
9.187958088E0,1.069968700E1,-5.894524574E0,-9.576806799E-3
9.189862704E0,1.064222622E1,-5.925649166E0,3.351882473E-2
9.191862511E0,1.055603504E1,-6.007051945E0,6.943184882E-2
9.193931627E0,1.044111347E1,-6.054935932E0,9.816227108E-2
9.195965396E0,1.036689377E1,-6.045359135E0,1.340752989E-1
9.198033358E0,1.022084713E1,-6.021417141E0,2.250549644E-1
9.200067396E0,1.006522369E1,-5.961562157E0,3.327940404E-1
9.202136396E0,9.988609314E0,-5.916072369E0,3.998316824E-1
9.204170550E0,9.830592155E0,-5.743690014E0,5.195417404E-1
9.206202896E0,9.662998199E0,-5.463568211E0,6.033388376E-1
9.208328473E0,9.581595421E0,-5.303156853E0,6.368576288E-1
9.210232473E0,9.440337181E0,-4.941632271E0,6.823474765E-1
9.212232050E0,9.287108421E0,-4.539406300E0,7.158663273E-1
9.214301088E0,9.203310966E0,-4.326322556E0,7.206547260E-1
9.216335665E0,9.069235802E0,-3.907337189E0,6.847416759E-1
9.218404588E0,8.908824921E0,-3.502717018E0,6.200982332E-1
9.220438819E0,8.832210541E0,-3.294421434E0,5.985504389E-1
9.222507473E0,8.635885239E0,-2.892195702E0,5.482721925E-1
9.224542127E0,8.434772491E0,-2.482787132E0,4.860229492E-1
9.226573242E0,8.336610794E0,-2.284068346E0,4.501099288E-1
9.228574434E0,8.109161377E0,-1.896207690E0,3.782838583E-1
9.230643011E0,7.869740963E0,-1.515529633E0,3.280056417E-1
9.232677165E0,7.637503624E0,-1.323993564E0,3.112462163E-1
9.234746511E0,7.510610580E0,-9.289502501E-1,2.561795712E-1
9.236780896E0,7.283161640E0,-5.363011956E-1,2.035071403E-1
9.238805511E0,7.082048416E0,-1.484405100E-1,1.771709323E-1
9.240804857E0,6.993463039E0,3.830722719E-2,1.651999205E-1
9.242873011E0,6.852205276E0,3.854664862E-1,1.436520964E-1
9.244907473E0,6.804321289E0,7.038952708E-1,1.221042871E-1
9.246933588E0,6.770802498E0,8.619126081E-1,1.077390760E-1
9.248938473E0,6.730101109E0,1.189918280E0,1.005564705E-1
9.251007434E0,6.725312710E0,1.496376038E0,9.337386489E-2
9.253042396E0,6.725312710E0,1.644816518E0,9.097966552E-2
9.255111011E0,6.761225700E0,1.929726601E0,9.097966552E-2
9.257145934E0,6.797138691E0,2.205059767E0,9.337386489E-2
9.259214819E0,6.825869083E0,2.339135170E0,9.816227108E-2
9.261249627E0,6.871358871E0,2.600103140E0,1.101332754E-1
9.263318550E0,6.924031258E0,2.853888512E0,8.379705995E-2
9.265353127E0,6.957550049E0,2.978386879E0,6.703764945E-2
9.267384050E0,7.031770229E0,3.224989653E0,5.985504389E-2
9.269507857E0,7.084442616E0,3.452438831E0,2.633621916E-2
9.271412973E0,7.105990410E0,3.548206806E0,7.182605099E-3
9.273412627E0,7.196970463E0,3.703830004E0,-2.394201607E-2
9.275481703E0,7.292738438E0,3.835511208E0,-5.027823523E-2
9.277516396E0,7.350199223E0,3.878606796E0,-7.661445439E-2
9.279585280E0,7.457938194E0,3.964797974E0,-1.388636976E-1
9.281619742E0,7.575253963E0,4.003105164E0,-1.795651317E-1
9.283688742E0,7.687781811E0,4.003105164E0,-2.346317619E-1
9.285723203E0,7.747636795E0,3.974374771E0,-2.657563984E-1
9.287754819E0,7.852981567E0,3.902548790E0,-3.351882398E-1
9.289943780E0,7.965508938E0,3.801992416E0,-4.237737060E-1
9.291779588E0,8.018181801E0,3.732560396E0,-4.692635238E-1
9.293779434E0,8.128314972E0,3.579331636E0,-5.243301988E-1
9.295848550E0,8.243236542E0,3.402160645E0,-5.841852427E-1
9.297883280E0,8.305485725E0,3.306392431E0,-6.224924326E-1
9.299951973E0,8.434772491E0,3.076549292E0,-6.751648784E-1
9.301986819E0,8.556877136E0,2.829946518E0,-7.015010715E-1
9.304056473E0,8.633491516E0,2.693476915E0,-7.134721279E-1
9.306091280E0,8.772355080E0,2.442085743E0,-7.086837292E-1
9.308091588E0,8.913613319E0,2.169146776E0,-6.919242740E-1
9.310093049E0,8.968679428E0,2.037465572E0,-6.799532771E-1
9.312162280E0,9.107542992E0,1.762132406E0,-6.368576288E-1
9.314197049E0,9.241618156E0,1.493981838E0,-5.841852427E-1
9.316266357E0,9.296685219E0,1.364694953E0,-5.482721925E-1
9.318301049E0,9.382876396E0,1.098938584E0,-4.788403511E-1
9.320369819E0,9.454702377E0,8.403648138E-1,-3.902548850E-1
9.322404126E0,9.471462250E0,7.110779285E-1,-3.423708379E-1
9.324472857E0,9.526528358E0,4.764461517E-1,-2.466027737E-1
9.326507972E0,9.579200745E0,2.418143749E-1,-1.628057212E-1
9.328540857E0,9.634267807E0,1.364694983E-1,-8.379705995E-2
9.330544011E0,9.653421402E0,-7.422025502E-2,-4.070143029E-2
9.332612626E0,9.674968719E0,-2.825157940E-1,5.746084079E-2
9.334647319E0,9.718064308E0,-4.740519226E-1,1.532289088E-1
9.336715780E0,9.734824181E0,-5.602431893E-1,1.963245422E-1
9.338750126E0,9.739612579E0,-7.422025204E-1,2.777273953E-1
9.340818665E0,9.773131371E0,-9.121908545E-1,3.758896589E-1
9.342853357E0,9.789890289E0,-9.840168953E-1,4.261679053E-1
9.344921819E0,9.801861763E0,-1.125274777E0,5.219359994E-1
9.346956357E0,9.794678688E0,-1.233013868E0,6.177040339E-1
9.348955165E0,9.775525093E0,-1.290474772E0,6.679822803E-1
9.351077434E0,9.765948296E0,-1.388636947E0,7.517793179E-1
9.352982049E0,9.753977776E0,-1.482010841E0,8.547300100E-1
9.354980934E0,9.742006302E0,-1.517923832E0,9.002198577E-1
9.357049280E0,9.722852707E0,-1.589749932E0,9.792284966E-1
9.359083588E0,9.686940193E0,-1.628057122E0,1.043871999E0
9.361152280E0,9.670180321E0,-1.637633920E0,1.067813993E0
9.363186549E0,9.631873131E0,-1.661576033E0,1.130063176E0
9.365255395E0,9.574412346E0,-1.663970232E0,1.204283476E0
9.367290357E0,9.545681953E0,-1.649604917E0,1.235408068E0
9.369322280E0,9.488221169E0,-1.623268723E0,1.295263171E0
9.371447934E0,9.392453194E0,-1.594538331E0,1.331176162E0
9.373352934E0,9.330204010E0,-1.565807939E0,1.355118155E0
9.375352857E0,9.210494041E0,-1.493981838E0,1.410184860E0
9.377422011E0,9.090784073E0,-1.407790542E0,1.438915253E0
9.379457203E0,9.023746490E0,-1.355118155E0,1.453280449E0
9.381526549E0,8.872911453E0,-1.268926859E0,1.470039845E0
9.383561665E0,8.712499619E0,-1.182735682E0,1.491587639E0
9.385630934E0,8.576030731E0,-1.096544385E0,1.513135433E0
9.387665934E0,8.494627953E0,-1.043871999E0,1.520318031E0
9.389665895E0,8.336610794E0,-9.289502501E-1,1.520318031E0
9.391666588E0,8.164227486E0,-8.116343617E-1,1.513135433E0
9.393735665E0,8.104372978E0,-7.637503147E-1,1.505952835E0
9.395770511E0,7.972691536E0,-6.392518282E-1,1.491587639E0
9.397839741E0,7.857769966E0,-5.291185975E-1,1.482010841E0
9.399874665E0,7.812280178E0,-4.716577232E-1,1.470039845E0
9.401944203E0,7.699752808E0,-3.375824392E-1,1.450886250E0
9.403978703E0,7.611167431E0,-2.274491638E-1,1.446097851E0
9.406047472E0,7.558494568E0,-1.915361285E-1,1.446097851E0
9.408082280E0,7.465120792E0,-1.053448766E-1,1.455674648E0
9.410108126E0,7.386112213E0,-2.873042040E-2,1.470039845E0
9.412111703E0,7.347805023E0,4.788403399E-3,1.479616642E0
9.414180972E0,7.285555840E0,6.943184882E-2,1.522712231E0
9.416216088E0,7.235277653E0,1.508347094E-1,1.549048543E0
9.418285318E0,7.220912457E0,1.891419291E-1,1.570596337E0
9.420320780E0,7.182605267E0,2.274491638E-1,1.625662923E0
9.422389626E0,7.156269073E0,2.633621991E-1,1.687912226E0
9.424424818E0,7.153874874E0,2.944868207E-1,1.745373011E0
9.426494203E0,7.139509678E0,3.064578176E-1,1.774103403E0
9.428529164E0,7.122750282E0,3.327940404E-1,1.841141105E0
9.430559934E0,7.122750282E0,3.519476354E-1,1.886630893E0
9.432683472E0,7.141903877E0,3.423708379E-1,1.905784607E0
9.434589241E0,7.149086475E0,3.232172430E-1,1.936909199E0
9.436589434E0,7.196970463E0,2.825157940E-1,1.941697598E0
9.438658626E0,7.218518257E0,2.657563984E-1,1.941697598E0
9.440693857E0,7.283161640E0,2.250549644E-1,1.929726601E0
9.442762934E0,7.352593422E0,1.795651317E-1,1.896207690E0
9.444798587E0,7.414842606E0,1.484405100E-1,1.877054095E0
9.446867241E0,7.541735172E0,9.337386489E-2,1.821987510E0
9.448902049E0,7.663839817E0,3.112462163E-2,1.764526606E0
9.450908741E0,7.735665798E0,2.394201700E-3,1.719036818E0
9.453097549E0,7.879317760E0,-4.548983276E-2,1.632845521E0
9.454933164E0,8.075642586E0,-9.097966552E-2,1.537077546E0
9.456933010E0,8.169015884E0,-1.173158810E-1,1.474828243E0
9.459002126E0,8.370129585E0,-1.436520964E-1,1.367089152E0
9.461036934E0,8.583212852E0,-1.915361285E-1,1.259350061E0
9.463105395E0,8.688557625E0,-2.178723514E-1,1.209071875E0
9.465139626E0,8.906430244E0,-2.537853718E-1,1.082179189E0
9.467208164E0,9.107542992E0,-2.849099934E-1,9.528923035E-1
9.469242433E0,9.208099365E0,-2.992752194E-1,8.858546019E-1
9.471247357E0,9.440337181E0,-3.112462163E-1,7.613561153E-1
9.473247857E0,9.674968719E0,-3.351882398E-1,6.248866320E-1
9.475316126E0,9.780313492E0,-3.423708379E-1,5.506663918E-1
9.477350433E0,1.000536919E1,-3.519476354E-1,4.333505034E-1
9.479418895E0,1.027591324E1,-3.543418646E-1,2.873041928E-1
9.481453164E0,1.057040024E1,-3.447650373E-1,1.628057212E-1
9.483477126E0,1.073081207E1,-3.303998411E-1,1.005564705E-1
9.485476703E0,1.108515358E1,-2.920926213E-1,-2.873042040E-2
9.487545664E0,1.144667816E1,-2.753331959E-1,-1.292868853E-1
9.489580318E0,1.165018559E1,-2.801215947E-1,-1.699883193E-1
9.491606895E0,1.209550667E1,-2.968810201E-1,-2.178723514E-1
9.493611241E0,1.256955910E1,-2.896983922E-1,-2.202665508E-1
9.495680818E0,1.284489250E1,-2.896983922E-1,-2.011129409E-1
9.497715049E0,1.336682796E1,-3.064578176E-1,-1.292868853E-1
9.499783703E0,1.390552330E1,-3.543418646E-1,-1.436521020E-2
9.501818280E0,1.415691471E1,-3.902548850E-1,5.267243832E-2
9.503887626E0,1.468842697E1,-4.596867263E-1,2.322375625E-1
9.505922818E0,1.520318127E1,-5.626373887E-1,4.692635238E-1
9.507992241E0,1.543302441E1,-6.200982332E-1,6.009446383E-1
9.510027318E0,1.586876869E1,-7.254431248E-1,9.002198577E-1
9.512056279E0,1.624226379E1,-8.403648138E-1,1.213860273E0
9.514198741E0,1.650802040E1,-9.768342972E-1,1.570596337E0
9.516104856E0,1.661097145E1,-1.041477680E0,1.766920805E0
9.518104549E0,1.678335381E1,-1.192312479E0,2.145204782E0
9.520173587E0,1.683123779E1,-1.271321058E0,2.339135170E0
9.522208472E0,1.681208420E1,-1.426944256E0,2.734178305E0
9.524277318E0,1.666603851E1,-1.563413739E0,3.126827478E0
9.526312549E0,1.640028191E1,-1.628057122E0,3.529053211E0
9.528381472E0,1.622550583E1,-1.740584612E0,3.718195200E0
9.530416856E0,1.578018379E1,-1.807622313E0,4.072536945E0
9.532443626E0,1.524867058E1,-1.843535304E0,4.376600742E0
9.534570626E0,1.496376038E1,-1.857900500E0,4.508281708E0
9.536476856E0,1.435084534E1,-1.862688899E0,4.742913723E0
9.538476587E0,1.369243908E1,-1.829170108E0,4.922478676E0
9.540545972E0,1.335246277E1,-1.802833915E0,4.984727859E0
9.542580856E0,1.267969227E1,-1.759738207E0,5.073313236E0
9.544650202E0,1.199495029E1,-1.709460020E0,5.137956619E0
9.546685049E0,1.166933918E1,-1.683123827E0,5.145139217E0
9.548754472E0,1.104924107E1,-1.635239720E0,5.149928093E0
9.550789395E0,1.044350815E1,-1.623268723E0,5.123591423E0
9.552818664E0,1.014423275E1,-1.620874524E0,5.102043629E0
9.554819010E0,9.564835548E0,-1.649604917E0,5.032611847E0
9.556887318E0,9.023746490E0,-1.709460020E0,4.979939461E0
9.558922087E0,8.769960403E0,-1.740584612E0,4.948814869E0
9.560991010E0,8.281543732E0,-1.802833915E0,4.874594688E0
9.563026202E0,7.898471355E0,-1.838746905E0,4.771644115E0
9.565095125E0,7.738059998E0,-1.845929503E0,4.714183331E0
9.567129933E0,7.498639584E0,-1.831564307E0,4.568136692E0
9.569198433E0,7.400477409E0,-1.810016513E0,4.364629745E0
9.571232895E0,7.405265808E0,-1.778891921E0,4.106055737E0
9.573258356E0,7.455543995E0,-1.769315004E0,3.960009575E0
9.575260856E0,7.661445618E0,-1.733402014E0,3.617638826E0
9.577329587E0,7.994239330E0,-1.697489023E0,3.241749048E0
9.579364202E0,8.185775757E0,-1.673547029E0,3.033453465E0
9.581433087E0,8.614337921E0,-1.620874524E0,2.573766708E0
9.583467972E0,9.088389397E0,-1.549048543E0,2.090138197E0
9.585537241E0,9.349357605E0,-1.510741234E0,1.845929503E0
9.587572087E0,9.852140427E0,-1.393425345E0,1.388636947E0
9.589641087E0,1.035492229E1,-1.244984865E0,9.504981041E-1
9.591676318E0,1.060870743E1,-1.177947283E0,7.422025204E-1
9.593705241E0,1.110670185E1,-1.010353088E0,3.902548850E-1
9.595830510E0,1.159751320E1,-8.212111592E-1,1.221042871E-1
9.597736202E0,1.184890461E1,-7.374141216E-1,1.915361360E-2
9.599735010E0,1.232295609E1,-5.698199868E-1,-1.460463107E-1
9.601803548E0,1.279700851E1,-4.070142806E-1,-2.777273953E-1
9.603838087E0,1.300769806E1,-3.399766386E-1,-3.208230138E-1
9.605906894E0,1.341950035E1,-2.537853718E-1,-4.022258818E-1
9.607940856E0,1.380257320E1,-2.226607651E-1,-4.979939461E-1
9.610009202E0,1.415930843E1,-2.178723514E-1,-5.770025849E-1
9.612043279E0,1.430296135E1,-2.489969730E-1,-7.493851185E-1
9.614067664E0,1.455914021E1,-3.040636182E-1,-9.504981041E-1
9.616255125E0,1.473391724E1,-3.734954596E-1,-1.211466074E0
9.618090510E0,1.478180122E1,-4.094084799E-1,-1.376665950E0
9.620090125E0,1.485602188E1,-4.668693244E-1,-1.711854219E0
9.622158664E0,1.491827106E1,-4.812345505E-1,-2.121262789E0
9.624193625E0,1.493502998E1,-5.315127969E-1,-2.353500366E0
9.626262125E0,1.495897198E1,-5.698199868E-1,-2.849100113E0
9.628296241E0,1.494700146E1,-5.961562395E-1,-3.402160645E0
9.630365087E0,1.495418358E1,-5.985504389E-1,-3.677493811E0
9.632399741E0,1.497573185E1,-6.009446383E-1,-4.213795185E0
9.634428817E0,1.501643276E1,-6.081272364E-1,-4.714183331E0
9.636428471E0,1.504037476E1,-6.081272364E-1,-4.932055473E0
9.638497394E0,1.508107662E1,-5.937620401E-1,-5.360617638E0
9.640532317E0,1.508347034E1,-5.889736414E-1,-5.746084213E0
9.642601548E0,1.505952835E1,-5.889736414E-1,-5.904101372E0
9.644636971E0,1.496854877E1,-5.937620401E-1,-6.193799973E0
9.646706087E0,1.482250309E1,-5.889736414E-1,-6.442796707E0
9.648741048E0,1.473870564E1,-5.985504389E-1,-6.555324078E0
9.650810164E0,1.456392860E1,-6.033388376E-1,-6.756437302E0
9.652845048E0,1.431253815E1,-6.224924326E-1,-6.916848660E0
9.654871394E0,1.419043350E1,-6.272808313E-1,-6.967126846E0
9.656873317E0,1.395101357E1,-6.727706790E-1,-7.017405033E0
9.658942317E0,1.368525696E1,-7.422025204E-1,-7.029376030E0
9.660977510E0,1.336443424E1,-7.805097699E-1,-7.034164429E0
9.663046510E0,1.319205093E1,-8.571242094E-1,-7.003039837E0
9.665081663E0,1.281616211E1,-9.385270476E-1,-6.950367451E0
9.667150856E0,1.242351246E1,-1.031900883E0,-6.861782074E0
9.669185894E0,1.221761131E1,-1.082179189E0,-6.811503887E0
9.671255394E0,1.181059742E1,-1.211466074E0,-6.691793919E0
9.673290279E0,1.137485218E1,-1.309628367E0,-6.552929878E0
9.675320702E0,1.115697956E1,-1.362300754E0,-6.481103897E0
9.677445356E0,1.070926380E1,-1.489193439E0,-6.337451935E0
9.679351163E0,1.031422138E1,-1.637633920E0,-6.169857979E0
9.681351356E0,1.012029076E1,-1.709460020E0,-6.081272125E0
9.683420779E0,9.710882187E0,-1.848323703E0,-5.880159378E0
9.685456740E0,9.318233490E0,-2.008735180E0,-5.662287235E0
9.687525279E0,9.126696587E0,-2.099714994E0,-5.542576790E0
9.689560279E0,8.755595207E0,-2.262520552E0,-5.293580055E0
9.691629663E0,8.389283180E0,-2.394201756E0,-5.044582844E0
9.693664740E0,8.195352554E0,-2.470816135E0,-4.900930882E0
9.695690740E0,7.872135162E0,-2.636016130E0,-4.601655483E0
9.697816548E0,7.544129372E0,-2.789244890E0,-4.290409565E0
9.699722202E0,7.393294811E0,-2.877830505E0,-4.132391930E0
9.701722625E0,7.108384609E0,-3.040636063E0,-3.811569214E0
9.703792010E0,6.837840080E0,-3.196259260E0,-3.469198227E0
9.705826856E0,6.701370716E0,-3.265691042E0,-3.292027235E0
9.707896048E0,6.476315498E0,-3.380612850E0,-2.944868088E0
9.709930663E0,6.220136166E0,-3.493140221E0,-2.619256735E0
9.711999586E0,5.959167957E0,-3.596091032E0,-2.257732153E0
9.714034356E0,5.837063789E0,-3.636792421E0,-2.080561161E0
9.716066356E0,5.612008572E0,-3.734954596E0,-1.723825216E0
9.718066086E0,5.367800236E0,-3.809175014E0,-1.412579060E0
9.720135433E0,5.267243862E0,-3.835511208E0,-1.276109457E0
9.722170279E0,5.075707436E0,-3.895366192E0,-9.959878922E-1
9.724239894E0,4.900930882E0,-3.943250179E0,-7.182605267E-1
9.726274932E0,4.812345505E0,-3.969586372E0,-5.889736414E-1
9.728299856E0,4.656722069E0,-4.027047157E0,-3.543418646E-1
9.730300279E0,4.498704910E0,-4.058171749E0,-1.268926859E-1
9.732369548E0,4.434061527E0,-4.058171749E0,-2.154781483E-2
9.734405240E0,4.304774761E0,-4.067748547E0,1.843535304E-1
9.736431432E0,4.197035789E0,-4.070142746E0,3.758896589E-1
9.738435279E0,4.163516521E0,-4.060565948E0,4.764461517E-1
9.740504663E0,4.141968727E0,-4.024652958E0,6.727706790E-1
9.742539779E0,4.161122322E0,-3.926490784E0,8.643068075E-1
9.744609163E0,4.185064793E0,-3.861847401E0,9.552865028E-1
9.746644394E0,4.283226967E0,-3.732560396E0,1.139639974E0
9.748713625E0,4.426878929E0,-3.588908434E0,1.352723956E0
9.750748663E0,4.596867085E0,-3.497928619E0,1.458068848E0
9.752817394E0,4.685452938E0,-3.354276657E0,1.659181833E0
9.754852125E0,4.917690277E0,-3.193865061E0,1.824381709E0
9.756881125E0,5.181052685E0,-3.052607059E0,1.968033791E0
9.759004279E0,5.312733650E0,-2.964021683E0,2.025494576E0
9.760910509E0,5.619191170E0,-2.803610086E0,2.104503393E0
9.762910009E0,5.916072369E0,-2.717418909E0,2.126051188E0
9.764978971E0,6.088454723E0,-2.521094322E0,2.111685991E0
9.767013317E0,6.445190907E0,-2.324769735E0,2.030282974E0
9.769082394E0,6.854599476E0,-2.159569979E0,1.886630893E0
9.771117278E0,7.060500622E0,-2.073378563E0,1.793257117E0
9.773185817E0,7.484274387E0,-1.891419291E0,1.575384736E0
9.775220509E0,7.912836552E0,-1.683123827E0,1.338358760E0
9.777245509E0,8.125920296E0,-1.592144132E0,1.218648672E0
9.779432702E0,8.564059258E0,-1.371877551E0,9.744400978E-1
9.781267702E0,9.018958092E0,-1.180341482E0,7.254431248E-1
9.783267740E0,9.222464561E0,-1.070208192E0,6.129156351E-1
9.785337394E0,9.648633003E0,-8.523358107E-1,3.806780577E-1
9.787372432E0,1.007480049E1,-6.033388376E-1,1.412578970E-1
9.789441894E0,1.028549004E1,-4.836287498E-1,2.873042040E-2
9.791476548E0,1.067335129E1,-2.442085743E-1,-2.130839527E-1
9.793546663E0,1.107797146E1,-2.154781483E-2,-4.548983276E-1
9.795581740E0,1.125753593E1,9.576806426E-2,-5.817909837E-1
9.797612817E0,1.162145519E1,3.351882398E-1,-8.595184088E-1
9.799612355E0,1.194227791E1,5.650315881E-1,-1.156399369E0
9.801681432E0,1.209071827E1,6.775590777E-1,-1.304839969E0
9.803715932E0,1.236605167E1,8.834604025E-1,-1.642422318E0
9.805785278E0,1.263659668E1,1.103726983E0,-1.960851192E0
9.807820086E0,1.286643982E1,1.285686255E0,-2.310404539E0
9.809888355E0,1.297657299E1,1.364694953E0,-2.482787132E0
9.811922817E0,1.320162773E1,1.534683347E0,-2.825158119E0
9.813991586E0,1.339555836E1,1.687912226E0,-3.189076662E0
9.816026317E0,1.347456741E1,1.757344007E0,-3.363853455E0
9.818051624E0,1.361821938E1,1.869871497E0,-3.679888010E0
9.820053240E0,1.369243908E1,1.948880196E0,-3.960009575E0
9.822122394E0,1.370441055E1,1.965639591E0,-4.089296341E0
9.824157278E0,1.369962215E1,2.001552582E0,-4.323928356E0
9.826226201E0,1.368046856E1,2.006340981E0,-4.553771496E0
9.828260817E0,1.366849709E1,2.008735180E0,-4.642356873E0
9.830329547E0,1.358470058E1,1.996764183E0,-4.797980309E0
9.832363971E0,1.345301914E1,2.015917778E0,-4.908113480E0
9.834432086E0,1.336682796E1,2.011129379E0,-4.929661274E0
9.836466894E0,1.315613842E1,1.982398987E0,-4.900930882E0
9.838495740E0,1.286165142E1,1.939303398E0,-4.800374508E0
9.840618894E0,1.245942593E1,1.848323703E0,-4.649539471E0
9.842523817E0,1.224394703E1,1.759738207E0,-4.548983097E0
9.844523317E0,1.182017422E1,1.587355733E0,-4.316745758E0
9.846592240E0,1.160709000E1,1.489193439E0,-4.187458992E0
9.848626278E0,1.116895103E1,1.259350061E0,-3.926490784E0
9.850695355E0,1.074278259E1,1.017535686E0,-3.627215624E0
9.852729663E0,1.035492229E1,7.469909191E-1,-3.306392431E0
9.854798817E0,1.017535686E1,6.129156351E-1,-3.136404276E0
9.856833547E0,9.809044838E0,3.327940404E-1,-2.794033289E0
9.858860047E0,9.481039047E0,5.027823523E-2,-2.427720547E0
9.860985432E0,9.325415611E0,-9.097966552E-2,-2.238578558E0
9.862890124E0,9.028534889E0,-3.758896589E-1,-1.877054095E0
9.864889355E0,8.741230011E0,-6.392518282E-1,-1.510741234E0
9.866957932E0,8.597578049E0,-7.661445141E-1,-1.345541358E0
9.868992355E0,8.322244644E0,-1.029506683E0,-1.010353088E0
9.871061047E0,8.082824707E0,-1.261744261E0,-6.823474765E-1
9.873095201E0,7.970297337E0,-1.393425345E0,-5.363011956E-1
9.875163547E0,7.785943985E0,-1.663970232E0,-2.466027737E-1
9.877197701E0,7.587224960E0,-1.896207690E0,2.154781483E-2
9.879226393E0,7.505822182E0,-2.018311977E0,1.460463107E-1
9.881226163E0,7.359776020E0,-2.288856745E0,3.782838583E-1
9.883295086E0,7.225700855E0,-2.533065319E0,5.770025849E-1
9.885329778E0,7.165845871E0,-2.645592928E0,6.679822803E-1
9.887398393E0,7.043741226E0,-2.844311714E0,8.140285611E-1
9.889432586E0,6.957550049E0,-3.059789658E0,9.361328483E-1
9.891500816E0,6.904877663E0,-3.155557871E0,9.864110947E-1
9.893535163E0,6.892906666E0,-3.332728863E0,1.084573388E0
9.895603509E0,6.888118267E0,-3.526659012E0,1.170764685E0
9.897638124E0,6.904877663E0,-3.691859007E0,1.247379065E0
9.899665778E0,6.916848660E0,-3.773261786E0,1.280897856E0
9.901667893E0,6.952761650E0,-3.907337189E0,1.331176162E0
9.903736932E0,6.986280441E0,-4.029441357E0,1.352723956E0
9.905771509E0,7.022193432E0,-4.084507942E0,1.369483352E0
9.907840316E0,7.103596210E0,-4.149151325E0,1.400607944E0
9.909875163E0,7.199364662E0,-4.216189384E0,1.422155857E0
9.911944163E0,7.247248650E0,-4.240131378E0,1.431732655E0
9.913979124E0,7.340622425E0,-4.266467571E0,1.453280449E0
9.916048047E0,7.472303391E0,-4.278438568E0,1.436521053E0
9.918082893E0,7.541735172E0,-4.280832767E0,1.431732655E0
9.920082663E0,7.685387611E0,-4.278438568E0,1.407790542E0
9.922220009E0,7.845798969E0,-4.283226967E0,1.362300754E0
9.924125855E0,7.924807549E0,-4.271255970E0,1.319205165E0
9.926125701E0,8.080430984E0,-4.204218388E0,1.247379065E0
9.928194470E0,8.212111473E0,-4.153939724E0,1.149216771E0
9.930229316E0,8.288725853E0,-4.110844135E0,1.091755986E0
9.932297816E0,8.434772491E0,-4.015076160E0,9.433154464E-1
9.934332470E0,8.556877136E0,-3.902548790E0,7.876923680E-1
9.936401547E0,8.681375504E0,-3.837905407E0,6.512228847E-1
9.938436047E0,8.741230011E0,-3.670311213E0,5.698199868E-1
9.940443701E0,8.856152534E0,-3.500322819E0,4.165911078E-1
9.942632201E0,8.975862503E0,-3.318363667E0,2.561795712E-1
9.944468624E0,9.016563416E0,-3.222595453E0,1.651999205E-1
9.946468316E0,9.090784073E0,-2.987963676E0,-1.675941236E-2
9.948537739E0,9.179368973E0,-2.882618904E0,-1.963245422E-1
9.950572662E0,9.217676163E0,-2.643198729E0,-2.896983922E-1
9.952641701E0,9.265560150E0,-2.420537949E0,-4.788403511E-1
9.954676355E0,9.332598686E0,-2.197877169E0,-6.607996821E-1
9.956745509E0,9.354146004E0,-2.075772762E0,-7.517793179E-1
9.958780085E0,9.418789864E0,-1.848323703E0,-9.074024558E-1
9.960780085E0,9.461885452E0,-1.635239720E0,-1.039083481E0
9.962780316E0,9.485827446E0,-1.525106430E0,-1.096544385E0
9.964849201E0,9.502586365E0,-1.307234168E0,-1.206677675E0
9.966884085E0,9.521739960E0,-1.091755986E0,-1.288080573E0
9.968953047E0,9.531316757E0,-9.888052940E-1,-1.328781962E0
9.970988008E0,9.555258751E0,-7.924807668E-1,-1.403002143E0
9.973012701E0,9.572018623E0,-6.248866320E-1,-1.460463047E0
9.975012239E0,9.581595421E0,-5.434837937E-1,-1.486799240E0
9.977080662E0,9.619902611E0,-3.758896589E-1,-1.508347034E0
9.979115124E0,9.636661530E0,-2.106897533E-1,-1.553836942E0
9.981146585E0,9.646238327E0,-1.244984865E-1,-1.572990537E0
9.983150932E0,9.696516991E0,2.873042040E-2,-1.618480325E0
9.985219585E0,9.730035782E0,1.651999205E-1,-1.663970232E0
9.987254355E0,9.749189377E0,2.394201756E-1,-1.685518026E0
9.989323316E0,9.780313492E0,3.734954596E-1,-1.740584612E0
9.991358124E0,9.861717224E0,5.027823448E-1,-1.810016513E0
9.993426816E0,9.923966408E0,5.578489900E-1,-1.855506301E0
9.995461585E0,9.962273598E0,6.631938815E-1,-1.886630893E0
9.997530316E0,1.002212811E1,7.661445141E-1,-1.944091797E0
9.999564662E0,1.009156036E1,8.619126081E-1,-2.001552582E0
1.000156455E1,1.012507915E1,9.002198577E-1,-2.027888775E0
1.000368805E1,1.019690514E1,9.552865028E-1,-2.090138197E0
1.000559509E1,1.029027843E1,9.864110947E-1,-2.145204782E0
1.000759501E1,1.032619190E1,1.000776291E0,-2.164358377E0
1.000966443E1,1.037647057E1,1.015141487E0,-2.195482969E0
1.001169924E1,1.042914295E1,1.034295082E0,-2.248155355E0
1.001376835E1,1.045787334E1,1.048660398E0,-2.269703150E0
1.001580320E1,1.050575733E1,1.027112484E0,-2.310404539E0
1.001787182E1,1.055603504E1,9.983820915E-1,-2.312798738E0
1.001990655E1,1.057279491E1,9.768342972E-1,-2.317587137E0
1.002193851E1,1.061828423E1,9.193734527E-1,-2.331952572E0
1.002406397E1,1.064222622E1,8.427590132E-1,-2.346317768E0
1.002596982E1,1.065898609E1,8.044517636E-1,-2.353500366E0
1.002796924E1,1.066377449E1,7.134721279E-1,-2.365471363E0
1.003003816E1,1.063264942E1,6.105214357E-1,-2.377442360E0
1.003207305E1,1.062546730E1,5.482721925E-1,-2.377442360E0
1.003414262E1,1.062307262E1,4.333505034E-1,-2.367865562E0
1.003617747E1,1.061828423E1,3.040636182E-1,-2.365471363E0
1.003824682E1,1.060631371E1,2.418143749E-1,-2.370259762E0
1.004028128E1,1.056561184E1,1.005564705E-1,-2.372653961E0
1.004228585E1,1.053927612E1,-7.182605099E-3,-2.353500366E0
1.004428801E1,1.054166985E1,-6.943184882E-2,-2.334346771E0
1.004635674E1,1.052969933E1,-2.274491638E-1,-2.303221941E0
1.004839132E1,1.048181534E1,-3.782838583E-1,-2.272097349E0
1.005046016E1,1.044111347E1,-4.405331016E-1,-2.238578558E0
1.005249489E1,1.043871975E1,-5.841852427E-1,-2.219424963E0
1.005456335E1,1.040041256E1,-7.374141216E-1,-2.173935175E0
1.005659778E1,1.034055710E1,-8.858546019E-1,-2.114080191E0
1.005866678E1,1.031900978E1,-9.552865028E-1,-2.073378563E0
1.006070128E1,1.028788471E1,-1.084573388E0,-1.960851192E0
1.006270716E1,1.022084713E1,-1.237802267E0,-1.853112102E0
1.006470932E1,1.018732834E1,-1.314416766E0,-1.790862918E0
1.006677774E1,1.012029076E1,-1.438915253E0,-1.675941229E0
1.006881209E1,1.004846478E1,-1.570596337E0,-1.551442742E0
1.007088039E1,1.001733971E1,-1.637633920E0,-1.486799240E0
1.007291385E1,9.957485199E0,-1.742978811E0,-1.345541358E0
1.007498247E1,9.909601212E0,-1.836352706E0,-1.201889277E0
1.007701693E1,9.883264542E0,-1.886630893E0,-1.130063176E0
1.007908539E1,9.832986832E0,-2.015917778E0,-9.792284966E-1
1.008111974E1,9.744400978E0,-2.138022184E0,-8.307880163E-1
1.008311905E1,9.715670586E0,-2.185906172E0,-7.493851185E-1
1.008524224E1,9.636661530E0,-2.293645144E0,-5.937620401E-1
1.008714732E1,9.557653427E0,-2.391807556E0,-4.453215301E-1
1.008914670E1,9.521739960E0,-2.446874142E0,-3.711012602E-1
1.009121482E1,9.452308655E0,-2.540247917E0,-2.466027737E-1
1.009324889E1,9.385271072E0,-2.607285738E0,-1.316810995E-1
1.009531732E1,9.358934402E0,-2.647987127E0,-6.943184882E-2
1.009735166E1,9.325415611E0,-2.715024710E0,5.746084079E-2
1.009942028E1,9.279925346E0,-2.762908697E0,1.699883193E-1
1.010145485E1,9.215282440E0,-2.822763920E0,2.705447972E-1
1.010348512E1,9.196128845E0,-2.837129116E0,3.208230138E-1
1.010567347E1,9.141061783E0,-2.877830505E0,3.974374831E-1
1.010750928E1,9.085995674E0,-2.920926094E0,4.764461517E-1
1.010950943E1,9.047688484E0,-2.928108692E0,5.219359994E-1
1.011157858E1,8.997409821E0,-2.942473888E0,5.937620401E-1
1.011361324E1,8.963891029E0,-2.952050686E0,6.584054828E-1
1.011568197E1,8.939949036E0,-2.961627483E0,6.823474765E-1
1.011771689E1,8.899248123E0,-2.971204281E0,7.493851185E-1
1.011978547E1,8.841787338E0,-2.973598480E0,7.996633649E-1
1.012181985E1,8.825027466E0,-2.968810081E0,8.259995580E-1
1.012381982E1,8.781931877E0,-2.990357876E0,8.810662031E-1
1.012582082E1,8.750806808E0,-2.971204281E0,9.193734527E-1
1.012788958E1,8.731653214E0,-2.959233284E0,9.433154464E-1
1.012992378E1,8.726864815E0,-2.956839085E0,9.959878922E-1
1.013199216E1,8.693346024E0,-2.944868088E0,1.048660398E0
1.013402643E1,8.688557625E0,-2.937685490E0,1.074996591E0
1.013609489E1,8.678980827E0,-2.908955097E0,1.134851575E0
1.013812928E1,8.669404030E0,-2.887407303E0,1.201889277E0
1.014019820E1,8.664615631E0,-2.870647907E0,1.225831270E0
1.014223266E1,8.647856712E0,-2.875436306E0,1.288080573E0
1.014423239E1,8.655038834E0,-2.827552319E0,1.333570361E0
1.014623512E1,8.662221909E0,-2.815581083E0,1.359906554E0
1.014830409E1,8.638279915E0,-2.789244890E0,1.391031146E0
1.015033866E1,8.616731644E0,-2.746149302E0,1.436521053E0
1.015240751E1,8.604761124E0,-2.715024710E0,1.450886250E0
1.015444189E1,8.580819130E0,-2.700659513E0,1.462857246E0
1.015651078E1,8.530540466E0,-2.655169725E0,1.496376038E0
1.015854555E1,8.497021675E0,-2.614468336E0,1.491587639E0
1.016061459E1,8.477868080E0,-2.597708941E0,1.484405041E0
1.016264939E1,8.408436775E0,-2.533065319E0,1.455674648E0
1.016465432E1,8.339004517E0,-2.492363930E0,1.422155857E0
1.016677889E1,8.300697327E0,-2.470816135E0,1.403002143E0
1.016868443E1,8.212111473E0,-2.415749550E0,1.345541358E0
1.017068397E1,8.128314972E0,-2.377442360E0,1.283292055E0
1.017275274E1,8.078036308E0,-2.351106167E0,1.252167463E0
1.017478766E1,7.972691536E0,-2.319981337E0,1.187524080E0
1.017685624E1,7.867346764E0,-2.262520552E0,1.115697980E0
1.017889085E1,7.817068577E0,-2.233790159E0,1.067813993E0
1.018095932E1,7.718906403E0,-2.176329374E0,9.457096457E-1
1.018299424E1,7.623138428E0,-2.133233786E0,8.283938169E-1
1.018500039E1,7.568071365E0,-2.118868589E0,7.661445141E-1
1.018712624E1,7.441178799E0,-2.075772762E0,6.512228847E-1
1.018903066E1,7.328651428E0,-2.049436569E0,5.434837937E-1
1.019102978E1,7.283161640E0,-2.051830769E0,4.932055473E-1
1.019309743E1,7.180211067E0,-2.025494576E0,3.998316824E-1
1.019513220E1,7.098807812E0,-1.996764183E0,3.184288144E-1
1.019720055E1,7.060500622E0,-1.984793186E0,2.825157940E-1
1.019923462E1,6.974309444E0,-1.939303398E0,2.130839527E-1
1.020130343E1,6.873753071E0,-1.915361404E0,1.388636976E-1
1.020333762E1,6.821080685E0,-1.886630893E0,6.464344263E-2
1.020536651E1,6.794744492E0,-1.824381709E0,2.633621916E-2
1.020736709E1,6.780379295E0,-1.771709204E0,-5.506663769E-2
1.020943574E1,6.744466305E0,-1.714248419E0,-1.675941199E-1
1.021147008E1,6.737283707E0,-1.697489023E0,-2.178723514E-1
1.021353862E1,6.749254704E0,-1.673547029E0,-3.256114423E-1
1.021557316E1,6.763619900E0,-1.630451322E0,-4.309563041E-1
1.021759770E1,6.770802498E0,-1.620874524E0,-4.884171486E-1
1.021959724E1,6.785167694E0,-1.611297727E0,-6.129156351E-1
1.022166720E1,6.806715488E0,-1.604115129E0,-7.230489254E-1
1.022370155E1,6.821080685E0,-1.592144132E0,-7.709329724E-1
1.022572758E1,6.856993675E0,-1.587355733E0,-8.499416113E-1
1.022773120E1,6.878541470E0,-1.570596337E0,-9.193734527E-1
1.022979943E1,6.895300865E0,-1.561019540E0,-9.576807022E-1
1.023183382E1,6.916848660E0,-1.546654344E0,-1.043871999E0
1.023390262E1,6.940790653E0,-1.532289028E0,-1.120486379E0
1.023593708E1,6.955155849E0,-1.515529633E0,-1.165976286E0
1.023800582E1,6.976703644E0,-1.474828243E0,-1.278503656E0
1.024004047E1,7.024587631E0,-1.424550056E0,-1.434126854E0
1.024210878E1,7.055712223E0,-1.381454349E0,-1.525106430E0
1.024414347E1,7.113173485E0,-1.290474772E0,-1.731007814E0
1.024617562E1,7.184999466E0,-1.197100878E0,-1.963245392E0
1.024829862E1,7.319074631E0,-1.089361787E0,-2.240972757E0
1.025020362E1,7.417236805E0,-1.039083481E0,-2.379836559E0
1.025220374E1,7.649474621E0,-9.385270476E-1,-2.674323320E0
1.025427282E1,7.929595947E0,-8.834604025E-1,-2.820369720E0
1.025630770E1,8.075642586E0,-7.589619160E-1,-3.088520288E0
1.025837632E1,8.429984093E0,-6.129156351E-1,-3.308786631E0
1.026041132E1,8.848969460E0,-4.668693244E-1,-3.490746021E0
1.026247993E1,9.076418877E0,-3.878606856E-1,-3.567360640E0
1.026451474E1,9.583989143E0,-2.346317619E-1,-3.675099611E0
1.026653989E1,1.017056847E1,-3.830722719E-2,-3.737348795E0
1.026872847E1,1.046984386E1,4.788403213E-2,-3.758896589E0
1.027056405E1,1.107318306E1,2.154781520E-1,-3.811569214E0
1.027256382E1,1.170046329E1,4.237737060E-1,-3.864241600E0
1.027463301E1,1.203565216E1,5.482721925E-1,-3.876212597E0
1.027666789E1,1.272996998E1,8.499416113E-1,-3.864241600E0
1.027873716E1,1.332852077E1,1.161187768E0,-3.859453201E0
1.028077205E1,1.361821938E1,1.321599364E0,-3.869029999E0
1.028284132E1,1.416170311E1,1.656787634E0,-3.871424198E0
1.028487666E1,1.461181259E1,1.977610588E0,-3.885789394E0
1.028690685E1,1.479616642E1,2.135627985E0,-3.895366192E0
1.028890762E1,1.506192303E1,2.430114746E0,-3.883395195E0
1.029097708E1,1.519599819E1,2.705447912E0,-3.873818398E0
1.029301220E1,1.521275806E1,2.820369720E0,-3.854664803E0
1.029508147E1,1.525345898E1,2.973598480E0,-3.782838583E0
1.029711712E1,1.506431675E1,2.913743496E0,-3.749319792E0
1.029918651E1,1.484165668E1,2.856282711E0,-3.658340216E0
1.030122170E1,1.472673512E1,2.710236311E0,-3.584120035E0
1.030329147E1,1.445140171E1,2.497152328E0,-3.411737442E0
1.030532693E1,1.421437550E1,2.250549555E0,-3.239354849E0
1.030735389E1,1.415930843E1,2.123656988E0,-3.150769472E0
1.030935716E1,1.405875206E1,1.826775908E0,-3.047818661E0
1.031142689E1,1.396298409E1,1.448492050E0,-3.066972494E0
1.031346266E1,1.393904209E1,1.256955862E0,-3.112462282E0
1.031553305E1,1.388397598E1,8.283938169E-1,-3.311181068E0
1.031756835E1,1.388158131E1,3.399766386E-1,-3.617638826E0
1.031963789E1,1.388636971E1,9.816227108E-2,-3.811569214E0
1.032167328E1,1.390312958E1,-3.950432837E-1,-4.218583584E0
1.032374243E1,1.395340729E1,-8.954314590E-1,-4.601655483E0
1.032577789E1,1.398692608E1,-1.149216771E0,-4.781220913E0
1.032781016E1,1.411142445E1,-1.675941229E0,-5.085284233E0
1.032994974E1,1.420240402E1,-2.161964178E0,-5.329493046E0
1.033185535E1,1.425986576E1,-2.394201756E0,-5.422866821E0
1.033385528E1,1.438196945E1,-2.841917515E0,-5.535394192E0
1.033592451E1,1.449689102E1,-3.306392431E0,-5.530605793E0
1.033795985E1,1.453040981E1,-3.536235809E0,-5.499481201E0
1.034002882E1,1.458787060E1,-3.971980572E0,-5.353435040E0
1.034206401E1,1.460463047E1,-4.347870350E0,-5.109226227E0
1.034413347E1,1.457829380E1,-4.716577530E0,-4.778826714E0
1.034616866E1,1.457590008E1,-4.893748283E0,-4.599261284E0
1.034819474E1,1.459026527E1,-5.209783077E0,-4.204218388E0
1.035032043E1,1.455435181E1,-5.473145008E0,-3.754108191E0
1.035222608E1,1.449928570E1,-5.571307182E0,-3.526659012E0
1.035422612E1,1.431732655E1,-5.729324818E0,-3.064578056E0
1.035629543E1,1.405635834E1,-5.741295815E0,-2.592920542E0
1.035833062E1,1.389355278E1,-5.710171223E0,-2.353500366E0
1.036039982E1,1.350808620E1,-5.542576790E0,-1.862688899E0
1.036243528E1,1.305318737E1,-5.248090267E0,-1.369483352E0
1.036450482E1,1.281855583E1,-5.051765442E0,-1.130063176E0
1.036653985E1,1.233971596E1,-4.647145271E0,-6.320692301E-1
1.036857112E1,1.187045193E1,-4.199429989E0,-1.604115069E-1
1.037057247E1,1.162624359E1,-3.983951569E0,4.548983276E-2
1.037264220E1,1.115219116E1,-3.557783842E0,4.213795066E-1
1.037467762E1,1.069011021E1,-3.150769472E0,7.062895298E-1
1.037674704E1,1.046745014E1,-2.961627483E0,8.140285611E-1
1.037878185E1,1.004367638E1,-2.602497339E0,9.792284966E-1
1.038085085E1,9.670180321E0,-2.288856745E0,1.065419793E0
1.038288601E1,9.318233490E0,-2.138022184E0,1.077390790E0
1.038495482E1,9.155426979E0,-1.821987510E0,1.063025594E0
1.038698970E1,8.860940933E0,-1.556231141E0,1.005564690E0
1.038901474E1,8.619126320E0,-1.309628367E0,9.672574997E-1
1.039101697E1,8.520963669E0,-1.201889277E0,9.481038451E-1
1.039308616E1,8.365341187E0,-9.983820915E-1,8.858546019E-1
1.039512093E1,8.238448143E0,-7.852981687E-1,8.212111592E-1
1.039719001E1,8.188169479E0,-6.943184733E-1,7.996633649E-1
1.039922535E1,8.121131897E0,-5.315127969E-1,7.422025204E-1
1.040129466E1,8.056488991E0,-3.734954596E-1,6.943184733E-1
1.040332970E1,8.030152321E0,-2.944868207E-1,6.727706790E-1
1.040539870E1,8.003816605E0,-1.556231081E-1,6.224924326E-1
1.040743308E1,7.975085735E0,0.000000000E0,5.770025849E-1
1.040946620E1,7.967903137E0,6.224924326E-2,5.434837937E-1
1.041158974E1,7.963114738E0,1.843535304E-1,4.788403511E-1
1.041349539E1,7.927201748E0,3.112462163E-1,3.950432837E-1
1.041549501E1,7.929595947E0,3.687070608E-1,3.423708379E-1
1.041756385E1,7.943961143E0,4.836287498E-1,2.226607651E-1
1.041959843E1,7.943961143E0,6.057330370E-1,1.101332754E-1
1.042166778E1,7.929595947E0,6.584054828E-1,4.548983276E-2
1.042370289E1,7.915230751E0,7.445967197E-1,-1.005564705E-1
1.042577201E1,7.929595947E0,8.236053586E-1,-2.513911724E-1
1.042780647E1,7.912836552E0,8.619126081E-1,-3.830722570E-1
1.042983331E1,7.912836552E0,9.385270476E-1,-4.477157295E-1
1.043202231E1,7.951143742E0,9.816226959E-1,-5.841852427E-1
1.043385801E1,7.979874134E0,9.959878922E-1,-6.871358752E-1
1.043585797E1,7.999027729E0,1.005564690E0,-7.374141216E-1
1.043792758E1,8.006210327E0,1.010353088E0,-8.427590132E-1
1.043996224E1,8.042123795E0,9.959878922E-1,-9.169792533E-1
1.044203124E1,8.054094315E0,9.864110947E-1,-9.576807022E-1
1.044406601E1,8.073247910E0,9.265560508E-1,-1.022324085E0
1.044613478E1,8.109161377E0,8.499416113E-1,-1.072602391E0
1.044816939E1,8.145073891E0,8.020575643E-1,-1.089361787E0
1.045016920E1,8.226476669E0,7.134721279E-1,-1.127668977E0
1.045216951E1,8.315062523E0,6.200982332E-1,-1.137245774E0
1.045423870E1,8.362946510E0,5.793967843E-1,-1.139639974E0
1.045627362E1,8.465897560E0,4.860229492E-1,-1.144428372E0
1.045834301E1,8.554482460E0,4.118026793E-1,-1.170764685E0
1.046037781E1,8.599972725E0,3.711012602E-1,-1.175553083E0
1.046240378E1,8.690952301E0,2.920926213E-1,-1.194706678E0
1.046440416E1,8.769960403E0,2.154781520E-1,-1.216254473E0
1.046647335E1,8.793902397E0,1.843535304E-1,-1.218648672E0
1.046850797E1,8.815450668E0,1.173158810E-1,-1.228225470E0
1.047054089E1,8.884882927E0,8.140286058E-2,-1.233013868E0
1.047254520E1,8.899248123E0,5.985504389E-2,-1.237802267E0
1.047461420E1,8.930372238E0,4.788403399E-3,-1.273715258E0
1.047664866E1,8.927978516E0,-5.985504389E-2,-1.302445769E0
1.047871689E1,8.920795441E0,-7.182604820E-2,-1.309628367E0
1.048075108E1,8.916007042E0,-1.005564705E-1,-1.326387763E0
1.048282001E1,8.911218643E0,-1.125274822E-1,-1.338358760E0
1.048485435E1,8.916007042E0,-1.412578970E-1,-1.319205165E0
1.048692312E1,8.913613319E0,-1.388636976E-1,-1.302445769E0
1.048895758E1,8.904036522E0,-1.340752989E-1,-1.261744261E0
1.049096266E1,8.896853447E0,-1.460463107E-1,-1.194706678E0
1.049308462E1,8.904036522E0,-1.580173075E-1,-1.156399369E0
1.049498989E1,8.947132111E0,-1.460463107E-1,-1.063025594E0
1.049698905E1,8.975862503E0,-1.723825186E-1,-9.504981041E-1
1.049905839E1,8.995016098E0,-1.915361285E-1,-9.097966552E-1
1.050109362E1,9.045293808E0,-2.154781520E-1,-8.188169599E-1
1.050316239E1,9.102754593E0,-2.489969730E-1,-7.206547260E-1
1.050519766E1,9.141061783E0,-2.585737705E-1,-6.847416759E-1
1.050726639E1,9.208099365E0,-2.920926213E-1,-6.129156351E-1
1.050930112E1,9.277531624E0,-3.256114423E-1,-5.458779931E-1
1.051130593E1,9.308655739E0,-3.351882398E-1,-5.147533417E-1
1.051343089E1,9.380482674E0,-3.782838583E-1,-4.501099288E-1
1.051533762E1,9.459490776E0,-4.189853072E-1,-4.309563041E-1
1.051733812E1,9.488221169E0,-4.381389022E-1,-4.165911078E-1
1.051940781E1,9.562441826E0,-4.812345505E-1,-3.830722570E-1
1.052144293E1,9.648633003E0,-5.219359994E-1,-3.495534360E-1
1.052351235E1,9.691728592E0,-5.434837937E-1,-3.399766386E-1
1.052554724E1,9.734824181E0,-5.961562395E-1,-3.160346150E-1
1.052761635E1,9.801861763E0,-6.584054828E-1,-2.849099934E-1
1.052965139E1,9.825803757E0,-6.799532771E-1,-2.657563984E-1
1.053165689E1,9.878476143E0,-7.445967197E-1,-2.418143749E-1
1.053365743E1,9.947908401E0,-7.876923680E-1,-2.274491638E-1
1.053572643E1,9.983820915E0,-8.068459630E-1,-2.250549644E-1
1.053776101E1,1.002931118E1,-8.643068075E-1,-2.154781520E-1
1.053982958E1,1.008677197E1,-9.145850539E-1,-2.298433632E-1
1.054186408E1,1.014902115E1,-9.409212470E-1,-2.489969730E-1
1.054393316E1,1.017296314E1,-1.005564690E0,-2.633621991E-1
1.054596639E1,1.022563553E1,-1.086967587E0,-2.753331959E-1
1.054803451E1,1.026394272E1,-1.132457376E0,-2.992752194E-1
1.055006870E1,1.029027843E1,-1.158793569E0,-3.016694188E-1
1.055207370E1,1.035492229E1,-1.240196466E0,-3.160346150E-1
1.055407597E1,1.041477776E1,-1.314416766E0,-3.471592367E-1
1.055614478E1,1.045308495E1,-1.352723956E0,-3.639186621E-1
1.055817962E1,1.050336266E1,-1.443703651E0,-4.046200812E-1
1.056024851E1,1.055603504E1,-1.505952835E0,-4.405331016E-1
1.056228305E1,1.058476543E1,-1.541865945E0,-4.668693244E-1
1.056435212E1,1.060631371E1,-1.608903527E0,-5.219359994E-1
1.056638670E1,1.063504410E1,-1.663970232E0,-5.458779931E-1
1.056845547E1,1.063025570E1,-1.692700624E0,-5.626373887E-1
1.057048997E1,1.061349583E1,-1.759738207E0,-6.081272364E-1
1.057249451E1,1.058237171E1,-1.786074519E0,-6.512228847E-1
1.057461858E1,1.053209305E1,-1.800439715E0,-6.967126727E-1
1.057652393E1,1.049857426E1,-1.817199111E0,-7.254431248E-1
1.057852331E1,1.042914295E1,-1.824381709E0,-7.469909191E-1
1.058059147E1,1.038604736E1,-1.819593310E0,-7.589619160E-1
1.058262535E1,1.025197124E1,-1.810016513E0,-7.613561153E-1
1.058469362E1,1.015620327E1,-1.790862918E0,-7.541735172E-1
1.058672735E1,1.001255131E1,-1.769315004E0,-7.469909191E-1
1.058879543E1,9.959878922E0,-1.759738207E0,-7.350199223E-1
1.059082916E1,9.801861763E0,-1.745373011E0,-7.350199223E-1
1.059283374E1,9.648633003E0,-1.726219416E0,-7.158663273E-1
1.059502185E1,9.605537415E0,-1.692700624E0,-7.326257229E-1
1.059685743E1,9.548076630E0,-1.606509328E0,-7.996633649E-1
1.059885697E1,9.600749016E0,-1.541865945E0,-8.499416113E-1
1.060092547E1,9.655815125E0,-1.367089152E0,-9.552865028E-1
1.060295958E1,9.837775230E0,-1.139639974E0,-1.139639974E0
1.060502828E1,1.007958889E1,-8.906430602E-1,-1.326387763E0
1.060706347E1,1.022324085E1,-7.637503147E-1,-1.426944256E0
1.060913181E1,1.053209305E1,-5.339069963E-1,-1.599326730E0
1.061116605E1,1.082658005E1,-3.615244627E-1,-1.752555609E0
1.061317062E1,1.097023201E1,-2.968810201E-1,-1.805228114E0
1.061517504E1,1.121204662E1,-1.771709323E-1,-1.877054095E0
1.061724339E1,1.142991924E1,-1.292868853E-1,-1.917755604E0
1.061927754E1,1.153047562E1,-1.173158810E-1,-1.924938202E0
1.062134608E1,1.168609810E1,-1.197100878E-1,-1.917755604E0
1.062338047E1,1.182256794E1,-9.816227108E-2,-1.944091797E0
1.062544920E1,1.188960552E1,-9.816227108E-2,-1.956062794E0
1.062748435E1,1.204283428E1,-1.029506698E-1,-2.006340981E0
1.062955331E1,1.219606304E1,-1.244984865E-1,-2.114080191E0
1.063158835E1,1.229422569E1,-1.292868853E-1,-2.195482969E0
1.063361408E1,1.248097324E1,-1.508347094E-1,-2.398990154E0
1.063561954E1,1.271081638E1,-2.154781520E-1,-2.657563925E0
1.063768854E1,1.297417927E1,-2.657563984E-1,-2.810792685E0
1.063972324E1,1.311783123E1,-4.046200812E-1,-3.138798475E0
1.064179189E1,1.339795303E1,-6.081272364E-1,-3.497928619E0
1.064382674E1,1.361582470E1,-8.499416113E-1,-3.837905407E0
1.064589554E1,1.370441055E1,-9.816226959E-1,-4.007893562E0
1.064792974E1,1.385045719E1,-1.268926859E0,-4.311957359E0
1.064999893E1,1.389834118E1,-1.599326730E0,-4.520252705E0
1.065203335E1,1.390552330E1,-1.752555609E0,-4.594472885E0
1.065406385E1,1.385285091E1,-2.061407566E0,-4.704606533E0
1.065621370E1,1.370201588E1,-2.384624958E0,-4.769249916E0
1.065811878E1,1.358948898E1,-2.525882721E0,-4.764461517E0
1.066011920E1,1.332133865E1,-2.798821688E0,-4.707000732E0
1.066218801E1,1.303164005E1,-3.045424461E0,-4.620809078E0
1.066422308E1,1.287122822E1,-3.155557871E0,-4.556165695E0
1.066629201E1,1.253843403E1,-3.325546265E0,-4.367023945E0
1.066832678E1,1.221761131E1,-3.462015629E0,-4.122815132E0
1.067039608E1,1.204762268E1,-3.512293816E0,-3.995922565E0
1.067243078E1,1.170046329E1,-3.596091032E0,-3.708618402E0
1.067445731E1,1.133415127E1,-3.620033026E0,-3.366247654E0
1.067658258E1,1.097023201E1,-3.605667830E0,-3.019088268E0
1.067848751E1,1.077390766E1,-3.572149038E0,-2.841917515E0
1.068048758E1,1.038604736E1,-3.521870613E0,-2.473210335E0
1.068255631E1,1.019690514E1,-3.493140221E0,-2.279279947E0
1.068459089E1,9.825803757E0,-3.440467834E0,-1.891419291E0
1.068665966E1,9.481039047E0,-3.342305660E0,-1.510741234E0
1.068869447E1,9.121908188E0,-3.251325846E0,-1.156399369E0
1.069076324E1,8.930372238E0,-3.201047659E0,-9.935936928E-1
1.069279778E1,8.554482460E0,-3.093308687E0,-6.703764796E-1
1.069482862E1,8.192957878E0,-2.968810081E0,-3.375824392E-1
1.069683678E1,8.013393402E0,-2.908955097E0,-1.819593310E-1
1.069890562E1,7.668628216E0,-2.798821688E0,1.101332754E-1
1.070094016E1,7.359776020E0,-2.691082716E0,3.878606856E-1
1.070300858E1,7.201758862E0,-2.633621931E0,5.291185975E-1
1.070504297E1,6.900089264E0,-2.516305923E0,8.020575643E-1
1.070706835E1,6.622362137E0,-2.396595955E0,1.070208192E0
1.070906666E1,6.495469093E0,-2.327163935E0,1.206677675E0
1.071113551E1,6.258443356E0,-2.202665567E0,1.491587639E0
1.071316978E1,6.047753334E0,-2.114080191E0,1.740584612E0
1.071519547E1,5.951985359E0,-2.039859772E0,1.862688899E0
1.071719904E1,5.793968201E0,-1.908178806E0,2.099714994E0
1.071926801E1,5.676652431E0,-1.793257117E0,2.291250944E0
1.072130281E1,5.628767967E0,-1.733402014E0,2.370259762E0
1.072337154E1,5.544970989E0,-1.587355733E0,2.511517525E0
1.072540620E1,5.532999992E0,-1.434126854E0,2.650381327E0
1.072747489E1,5.578489780E0,-1.355118155E0,2.743755102E0
1.072950993E1,5.609614372E0,-1.201889277E0,2.765302896E0
1.073157843E1,5.729324818E0,-1.053448796E0,2.806004286E0
1.073361274E1,5.863399982E0,-9.409212470E-1,2.803610086E0
1.073564154E1,5.947196960E0,-8.954314590E-1,2.796427488E0
1.073776031E1,6.088454723E0,-7.948749661E-1,2.755726099E0
1.073969981E1,6.279991150E0,-7.230489254E-1,2.674323320E0
1.074169935E1,6.380547523E0,-6.991068721E-1,2.628833532E0
1.074376889E1,6.562506676E0,-6.464344859E-1,2.509123325E0
1.074580285E1,6.754043102E0,-5.985504389E-1,2.375048161E0
1.074787135E1,6.873753071E0,-5.602431893E-1,2.296039343E0
1.074990554E1,7.096413612E0,-3.998316824E-1,2.116474390E0
1.075197416E1,7.235277653E0,-1.388636976E-1,1.960851192E0
1.075400843E1,7.283161640E0,4.070143029E-2,1.889025092E0
1.075603278E1,7.371747017E0,4.548983276E-1,1.752555609E0
1.075822143E1,7.426813602E0,8.499416113E-1,1.601720929E0
1.076005735E1,7.450755596E0,1.027112484E0,1.527500629E0
1.076205693E1,7.503427982E0,1.331176162E0,1.335964561E0
1.076412601E1,7.568071365E0,1.563413739E0,1.113303781E0
1.076616085E1,7.635109425E0,1.635239720E0,9.911994934E-1
1.076822989E1,7.812280178E0,1.735796213E0,7.278373241E-1
1.077026474E1,8.032546997E0,1.774103403E0,4.189853072E-1
1.077233374E1,8.197746277E0,1.781286120E0,2.561795712E-1
1.077436824E1,8.599972725E0,1.754949808E0,-2.873042040E-2
1.077636785E1,9.054870605E0,1.707065821E0,-2.250549644E-1
1.077839981E1,9.289502144E0,1.668758631E0,-2.896983922E-1
1.078046828E1,9.751583099E0,1.589749932E0,-3.639186621E-1
1.078250297E1,1.013944435E1,1.501164436E0,-3.519476354E-1
1.078457158E1,1.047942066E1,1.431732655E0,-2.992752194E-1
1.078660554E1,1.061589050E1,1.410184860E0,-2.705447972E-1
1.078867378E1,1.082418633E1,1.400607944E0,-2.178723514E-1
1.079070812E1,1.095826149E1,1.412579060E0,-2.370259613E-1
1.079277674E1,1.098699188E1,1.426944256E0,-2.753331959E-1
1.079481120E1,1.100135708E1,1.470039845E0,-4.094084799E-1
1.079683666E1,1.098938560E1,1.527500629E0,-6.200982332E-1
1.079883885E1,1.097741508E1,1.561019540E0,-7.589619160E-1
1.080090728E1,1.095826149E1,1.635239720E0,-1.055842996E0
1.080294139E1,1.093910789E1,1.714248419E0,-1.379060149E0
1.080500993E1,1.091995430E1,1.738190413E0,-1.544260144E0
1.080704389E1,1.087685871E1,1.766920805E0,-1.891419291E0
1.080911300E1,1.085291672E1,1.759738207E0,-2.250549555E0
1.081114731E1,1.084094524E1,1.759738207E0,-2.432508945E0
1.081321558E1,1.082418633E1,1.711854219E0,-2.760514498E0
1.081525008E1,1.077390766E1,1.632845521E0,-3.069366693E0
1.081725016E1,1.072123528E1,1.584961534E0,-3.203441858E0
1.081937024E1,1.069729328E1,1.446097851E0,-3.452438831E0
1.082131085E1,1.067095661E1,1.288080573E0,-3.648763418E0
1.082331054E1,1.064462090E1,1.197100878E0,-3.725377798E0
1.082537924E1,1.062307262E1,1.029506683E0,-3.833117008E0
1.082741366E1,1.059673691E1,8.499416113E-1,-3.878606796E0
1.082948181E1,1.057518864E1,6.560112834E-1,-3.830722809E0
1.083151612E1,1.055842972E1,5.506663918E-1,-3.775655985E0
1.083358485E1,1.052251625E1,3.447650373E-1,-3.612850428E0
1.083561889E1,1.052969933E1,1.053448766E-1,-3.411737442E0
1.083765170E1,1.052730465E1,-2.873042040E-2,-3.275267839E0
1.083977554E1,1.052730465E1,-2.920926213E-1,-2.973598480E0
1.084168112E1,1.054406452E1,-5.650315881E-1,-2.652775526E0
1.084368074E1,1.054885292E1,-7.062895298E-1,-2.492363930E0
1.084574881E1,1.054406452E1,-9.624691010E-1,-2.185906172E0
1.084778335E1,1.054406452E1,-1.206677675E0,-1.908178806E0
1.084985189E1,1.053688145E1,-1.328781962E0,-1.781286120E0
1.085188593E1,1.051772785E1,-1.549048543E0,-1.537077546E0
1.085395462E1,1.046984386E1,-1.769315004E0,-1.345541358E0
1.085598916E1,1.046505547E1,-1.865083098E0,-1.259350061E0
1.085798866E1,1.043871975E1,-2.044648170E0,-1.127668977E0
1.086001904E1,1.039322948E1,-2.205059767E0,-1.015141487E0
1.086208789E1,1.037168217E1,-2.272097349E0,-9.648633003E-1
1.086412274E1,1.034774017E1,-2.379836559E0,-8.762778044E-1
1.086619104E1,1.031900978E1,-2.466027737E0,-8.188169599E-1
1.086822585E1,1.028549004E1,-2.511517525E0,-7.613561153E-1
1.087029466E1,1.025915432E1,-2.564189911E0,-7.445967197E-1
1.087232931E1,1.020887566E1,-2.604891539E0,-7.206547260E-1
1.087439862E1,1.014662647E1,-2.614468336E0,-7.374141216E-1
1.087643316E1,1.012986755E1,-2.612074137E0,-7.374141216E-1
1.087846447E1,1.006282997E1,-2.612074137E0,-7.541735172E-1
1.088046670E1,9.974244118E0,-2.580949545E0,-7.996633649E-1
1.088253589E1,9.921571732E0,-2.559401512E0,-8.188169599E-1
1.088457101E1,9.825803757E0,-2.511517525E0,-8.547300100E-1
1.088664081E1,9.725247383E0,-2.449268341E0,-9.050082564E-1
1.088867574E1,9.674968719E0,-2.413355350E0,-9.217676520E-1
1.089074412E1,9.593565941E0,-2.319981337E0,-9.720458984E-1
1.089277954E1,9.514557838E0,-2.226607561E0,-1.017535686E0
1.089484724E1,9.476250648E0,-2.178723574E0,-1.031900883E0
1.089688162E1,9.414001465E0,-2.087743998E0,-1.074996591E0
1.089888212E1,9.358934402E0,-1.980004787E0,-1.118092179E0
1.090100270E1,9.311050415E0,-1.924938202E0,-1.142034173E0
1.090294351E1,9.289502144E0,-1.802833915E0,-1.151610970E0
1.090494377E1,9.255983353E0,-1.666364431E0,-1.168370485E0
1.090701312E1,9.229647636E0,-1.587355733E0,-1.185129881E0
1.090904793E1,9.188945770E0,-1.450886250E0,-1.211466074E0
1.091111716E1,9.176975250E0,-1.312022567E0,-1.233013868E0
1.091315258E1,9.141061783E0,-1.134851575E0,-1.242590666E0
1.091522185E1,9.126696587E0,-1.053448796E0,-1.252167463E0
1.091725689E1,9.117119789E0,-9.097966552E-1,-1.276109457E0
1.091926350E1,9.109937668E0,-7.781155705E-1,-1.292868972E0
1.092146350E1,9.107542992E0,-7.038952708E-1,-1.307234168E0
1.092330097E1,9.100360870E0,-5.770025849E-1,-1.335964561E0
1.092530162E1,9.148244858E0,-4.501099288E-1,-1.381454349E0
1.092737104E1,9.162610054E0,-3.974374831E-1,-1.398213744E0
1.092940543E1,9.184157372E0,-2.968810201E-1,-1.441309452E0
1.093147477E1,9.212887764E0,-1.987187415E-1,-1.493981838E0
1.093350985E1,9.234436035E0,-1.508347094E-1,-1.527500629E0
1.093557904E1,9.287108421E0,-1.053448766E-1,-1.575384736E0
1.093761404E1,9.358934402E0,-6.464344263E-2,-1.623268723E0
1.093961931E1,9.387664795E0,-2.394201607E-2,-1.659181833E0
1.094165074E1,9.428366661E0,4.788403399E-3,-1.716642618E0
1.094371977E1,9.483432770E0,5.506663769E-2,-1.778891921E0
1.094575462E1,9.509769440E0,6.224924326E-2,-1.819593310E0
1.094782389E1,9.574412346E0,5.027823523E-2,-1.886630893E0
1.094985889E1,9.631873131E0,7.182604820E-2,-1.963245392E0
1.095188381E1,9.655815125E0,7.422025502E-2,-1.994369984E0
1.095388343E1,9.739612579E0,5.027823523E-2,-2.068590164E0
1.095595270E1,9.811438560E0,1.197100803E-2,-2.121262789E0
1.095798754E1,9.859322548E0,-9.576806799E-3,-2.142810583E0
1.095999304E1,9.883264542E0,-3.112462163E-2,-2.188300371E0
1.096199751E1,9.923966408E0,-5.267243832E-2,-2.231395960E0
1.096406635E1,9.983820915E0,-8.379705995E-2,-2.248155355E0
1.096610081E1,1.000536919E1,-1.388636976E-1,-2.279279947E0
1.096816970E1,1.004607010E1,-1.963245422E-1,-2.312798738E0
1.097020470E1,1.005804157E1,-2.418143749E-1,-2.322375536E0
1.097227381E1,1.005564690E1,-2.633621991E-1,-2.319981337E0
1.097430862E1,1.006282997E1,-3.375824392E-1,-2.331952572E0
1.097637777E1,1.006522369E1,-3.830722570E-1,-2.329558372E0
1.097841254E1,1.006522369E1,-4.189853072E-1,-2.327163935E0
1.098041720E1,1.005085850E1,-4.764461517E-1,-2.315192938E0
1.098253639E1,9.995792389E0,-5.243301988E-1,-2.305616140E0
1.098447697E1,9.957485199E0,-5.578489900E-1,-2.303221941E0
1.098647693E1,9.914389610E0,-6.033388376E-1,-2.284068346E0
1.098854577E1,9.883264542E0,-6.129156351E-1,-2.269703150E0
1.099058027E1,9.856928825E0,-6.368576288E-1,-2.255337954E0
1.099264897E1,9.804255486E0,-6.727706790E-1,-2.217030764E0
1.099468370E1,9.715670586E0,-6.775590777E-1,-2.190694571E0
1.099675289E1,9.686940193E0,-6.823474765E-1,-2.176329374E0
1.099878758E1,9.631873131E0,-7.134721279E-1,-2.135627985E0
1.100079293E1,9.569623947E0,-6.919242740E-1,-2.090138197E0
1.100291862E1,9.485827446E0,-6.799532771E-1,-2.047042370E0
1.100482358E1,9.464279175E0,-6.584054828E-1,-2.027888775E0
1.100682327E1,9.397241592E0,-6.512228847E-1,-1.980004787E0
1.100889204E1,9.356540680E0,-6.392518282E-1,-1.963245392E0
1.101092650E1,9.287108421E0,-6.153098345E-1,-1.929726601E0
1.101299535E1,9.229647636E0,-5.817909837E-1,-1.898601890E0
1.101502958E1,9.184157372E0,-5.698199868E-1,-1.886630893E0
1.101709816E1,9.165003777E0,-5.458779931E-1,-1.879448295E0
1.101913254E1,9.119514465E0,-5.267243981E-1,-1.872265697E0
1.102113624E1,9.078812599E0,-4.836287498E-1,-1.855506301E0
1.102316800E1,9.054870605E0,-4.668693244E-1,-1.843535304E0
1.102523624E1,9.023746490E0,-4.405331016E-1,-1.838746905E0
1.102727050E1,8.980650902E0,-3.902548850E-1,-1.824381709E0
1.102933924E1,8.971074104E0,-3.782838583E-1,-1.821987510E0
1.103137377E1,8.961497307E0,-3.543418646E-1,-1.829170108E0
1.103344216E1,8.935160637E0,-3.375824392E-1,-1.829170108E0
1.103547681E1,8.942343712E0,-3.232172430E-1,-1.833958507E0
1.103754558E1,8.947132111E0,-2.992752194E-1,-1.850717902E0
1.103958024E1,8.951920509E0,-2.873041928E-1,-1.853112102E0
1.104158589E1,8.956708908E0,-2.777273953E-1,-1.867477298E0
1.104358750E1,8.959102631E0,-2.633621991E-1,-1.893813491E0
1.104565550E1,8.987833023E0,-2.466027737E-1,-1.922544003E0
1.104768954E1,8.987833023E0,-2.466027737E-1,-1.939303398E0
1.104975743E1,8.987833023E0,-2.753331959E-1,-1.994369984E0
1.105179147E1,9.002198219E0,-2.753331959E-1,-2.044648170E0
1.105385993E1,8.995016098E0,-2.657563984E-1,-2.092532396E0
1.105589431E1,8.995016098E0,-2.705447972E-1,-2.114080191E0
1.105796327E1,8.999804497E0,-3.040636182E-1,-2.169146776E0
1.105999739E1,9.018958092E0,-3.184288144E-1,-2.233790159E0
1.106200174E1,9.018958092E0,-3.160346150E-1,-2.255337954E0
1.106412058E1,8.997409821E0,-3.327940404E-1,-2.312798738E0
1.106606104E1,8.987833023E0,-3.519476354E-1,-2.363077164E0
1.106806012E1,8.985439301E0,-3.591302633E-1,-2.403778553E0
1.107012897E1,8.980650902E0,-3.711012602E-1,-2.456450939E0
1.107216362E1,8.973467827E0,-3.902548850E-1,-2.497152328E0
1.107423231E1,8.978256226E0,-4.022258818E-1,-2.523488522E0
1.107626727E1,8.987833023E0,-4.501099288E-1,-2.585737944E0
1.107833566E1,8.995016098E0,-5.027823448E-1,-2.640804529E0
1.108037054E1,8.995016098E0,-5.291185975E-1,-2.674323320E0
1.108237643E1,8.987833023E0,-5.434837937E-1,-2.748543501E0
1.108456435E1,8.973467827E0,-5.841852427E-1,-2.820369720E0
1.108639962E1,8.968679428E0,-5.961562395E-1,-2.844311714E0
1.108839900E1,8.949525833E0,-6.200982332E-1,-2.882618904E0
1.109046762E1,8.944737434E0,-6.584054828E-1,-2.930502892E0
1.109250200E1,8.920795441E0,-6.751648784E-1,-2.956839085E0
1.109457050E1,8.880094528E0,-6.919242740E-1,-3.002328873E0
1.109660493E1,8.865729332E0,-6.967126727E-1,-3.045424461E0
1.109867358E1,8.846575737E0,-6.967126727E-1,-3.069366693E0
1.110070827E1,8.822632790E0,-6.895300746E-1,-3.098097086E0
1.110271385E1,8.772355080E0,-6.991068721E-1,-3.122039080E0
1.110474508E1,8.762778282E0,-7.038952708E-1,-3.134010077E0
1.110681377E1,8.731653214E0,-6.991068721E-1,-3.143586874E0
1.110884808E1,8.678980827E0,-6.919242740E-1,-3.141192675E0
1.111091639E1,8.650250435E0,-7.015010715E-1,-3.141192675E0
1.111295039E1,8.626308441E0,-6.967126727E-1,-3.150769472E0
1.111501970E1,8.564059258E0,-6.943184733E-1,-3.155557871E0
1.111705324E1,8.513781548E0,-6.631938815E-1,-3.155557871E0
1.111912193E1,8.492233276E0,-6.488286853E-1,-3.162740469E0
1.112115624E1,8.461109161E0,-6.368576288E-1,-3.157952070E0
1.112316131E1,8.427590370E0,-6.177040339E-1,-3.169923067E0
1.112516293E1,8.418013573E0,-6.177040339E-1,-3.179499865E0
1.112723104E1,8.379706383E0,-6.153098345E-1,-3.177105665E0
1.112926500E1,8.339004517E0,-6.081272364E-1,-3.179499865E0
1.113133308E1,8.310274124E0,-6.129156351E-1,-3.179499865E0
1.113336704E1,8.281543732E0,-5.889736414E-1,-3.203441858E0
1.113543512E1,8.252813339E0,-5.746083856E-1,-3.229778051E0
1.113746935E1,8.240841866E0,-5.674257874E-1,-3.232172251E0
1.113953785E1,8.219294548E0,-5.650315881E-1,-3.263296843E0
1.114157235E1,8.183381081E0,-5.410895944E-1,-3.308786631E0
1.114357731E1,8.157045364E0,-5.267243981E-1,-3.327940464E0
1.114569581E1,8.128314972E0,-5.003881454E-1,-3.351882458E0
1.114763454E1,8.085219383E0,-4.548983276E-1,-3.375824451E0
1.114963427E1,8.063671112E0,-4.285621047E-1,-3.390189648E0
1.115170247E1,7.999027729E0,-3.974374831E-1,-3.411737442E0
1.115373704E1,7.922413349E0,-3.351882398E-1,-3.438073635E0
1.115580531E1,7.886500359E0,-2.968810201E-1,-3.473986626E0
1.115783931E1,7.881711960E0,-2.777273953E-1,-3.488351822E0
1.115990785E1,7.857769966E0,-2.466027737E-1,-3.500322819E0
1.116194196E1,7.826645374E0,-2.011129409E-1,-3.517082214E0
1.116394824E1,7.797914982E0,-1.963245422E-1,-3.521870613E0
1.116607324E1,7.771578789E0,-2.154781520E-1,-3.555389643E0
1.116797893E1,7.740454197E0,-1.963245422E-1,-3.572149038E0
1.116997777E1,7.723694801E0,-1.795651317E-1,-3.596091032E0
1.117204624E1,7.675810814E0,-1.723825186E-1,-3.636792421E0
1.117408093E1,7.639897823E0,-1.891419291E-1,-3.679888010E0
1.117614935E1,7.603984833E0,-1.747767180E-1,-3.708618402E0
1.117818335E1,7.584830761E0,-1.628057212E-1,-3.758896589E0
1.118025212E1,7.582436562E0,-1.723825186E-1,-3.797203779E0
1.118228720E1,7.572859764E0,-1.771709323E-1,-3.823540211E0
1.118429235E1,7.558494568E0,-1.819593310E-1,-3.873818398E0
1.118632304E1,7.558494568E0,-1.651999205E-1,-3.928884983E0
1.118839143E1,7.541735172E0,-1.675941199E-1,-3.952826977E0
1.119042543E1,7.498639584E0,-1.819593310E-1,-3.993528366E0
1.119249366E1,7.491456985E0,-2.082955539E-1,-4.017470360E0
1.119452762E1,7.491456985E0,-2.202665508E-1,-4.041412354E0
1.119655166E1,7.465120792E0,-2.442085743E-1,-4.077325344E0
1.119855062E1,7.405265808E0,-2.681505978E-1,-4.101267338E0
1.120061904E1,7.376535416E0,-2.753331959E-1,-4.103661537E0
1.120265316E1,7.333439827E0,-2.849099934E-1,-4.094084740E0
1.120465808E1,7.268796444E0,-3.088520169E-1,-4.077325344E0
1.120666131E1,7.232883453E0,-3.160346150E-1,-4.058171749E0
1.120872962E1,7.177816868E0,-3.471592367E-1,-4.029441357E0
1.121076358E1,7.137115479E0,-3.639186621E-1,-3.986345768E0
1.121283212E1,7.113173485E0,-3.926490843E-1,-3.962403774E0
1.121486643E1,7.091625214E0,-4.070142806E-1,-3.950432777E0
1.121693435E1,7.036558628E0,-4.213795066E-1,-3.912125587E0
1.121896827E1,7.000645638E0,-4.572925270E-1,-3.904942989E0
1.122103650E1,6.981492043E0,-4.692635238E-1,-3.897760391E0
1.122307035E1,6.936002254E0,-4.884171486E-1,-3.892971992E0
1.122507370E1,6.876147270E0,-5.267243981E-1,-3.883395195E0
1.122719227E1,6.849811077E0,-5.291185975E-1,-3.869029999E0
1.122913158E1,6.787561893E0,-5.530605912E-1,-3.845088005E0
1.123113104E1,6.715735912E0,-5.698199868E-1,-3.818751812E0
1.123319897E1,6.675034523E0,-5.722141862E-1,-3.790021181E0
1.123523327E1,6.600813866E0,-5.913678408E-1,-3.718195200E0
1.123730162E1,6.528987885E0,-6.272808313E-1,-3.663128614E0
1.123933531E1,6.502651691E0,-6.464344859E-1,-3.634398222E0
1.124140462E1,6.435614109E0,-6.751648784E-1,-3.596091032E0
1.124343904E1,6.361393929E0,-7.110779285E-1,-3.564966440E0
1.124546373E1,6.320692539E0,-7.254431248E-1,-3.543418407E0
1.124765150E1,6.239289761E0,-7.326257229E-1,-3.483563423E0
1.124948635E1,6.174646378E0,-7.445967197E-1,-3.421314240E0
1.125148585E1,6.138733387E0,-7.541735172E-1,-3.394978046E0
1.125355466E1,6.071695328E0,-7.829039693E-1,-3.347094059E0
1.125558897E1,6.033388138E0,-8.116343617E-1,-3.301604033E0
1.125765766E1,6.007051945E0,-8.116343617E-1,-3.289633036E0
1.125969223E1,5.942408562E0,-8.283938169E-1,-3.258508444E0
1.126176143E1,5.884947777E0,-8.403648138E-1,-3.236960649E0
1.126379662E1,5.815515995E0,-8.499416113E-1,-3.191470861E0
1.126582654E1,5.786785603E0,-8.762778044E-1,-3.174711466E0
1.126785823E1,5.755661011E0,-9.050082564E-1,-3.134010077E0
1.126992743E1,5.750872612E0,-9.409212470E-1,-3.088520288E0
1.127196243E1,5.762843609E0,-9.552865028E-1,-3.078943491E0
1.127403120E1,5.772420406E0,-9.983820915E-1,-3.078943491E0
1.127606631E1,5.781997204E0,-1.072602391E0,-3.102885485E0
1.127813554E1,5.801150799E0,-1.094150186E0,-3.114856482E0
1.128017066E1,5.834669590E0,-1.113303781E0,-3.143586874E0
1.128223950E1,5.868188381E0,-1.137245774E0,-3.157952070E0
1.128427404E1,5.884947777E0,-1.151610970E0,-3.169923067E0
1.128629989E1,5.925649166E0,-1.187524080E0,-3.213018656E0
1.128830181E1,5.995080948E0,-1.201889277E0,-3.303998232E0
1.129037031E1,6.045359135E0,-1.201889277E0,-3.344699860E0
1.129240504E1,6.155492783E0,-1.201889277E0,-3.402160645E0
1.129447404E1,6.260837555E0,-1.225831270E0,-3.490746021E0
1.129650923E1,6.337451935E0,-1.228225470E0,-3.543418407E0
1.129857839E1,6.380547523E0,-1.213860273E0,-3.622427225E0
1.130061293E1,6.500257492E0,-1.211466074E0,-3.711012602E0
1.130268193E1,6.610390663E0,-1.185129881E0,-3.830722809E0
1.130471662E1,6.675034523E0,-1.175553083E0,-3.888183594E0
1.130674531E1,6.845022678E0,-1.137245774E0,-4.005499363E0
1.130886493E1,7.012616634E0,-1.108515382E0,-4.146757126E0
1.131080481E1,7.074865818E0,-1.082179189E0,-4.206612587E0
1.131280423E1,7.206547260E0,-1.043871999E0,-4.333505154E0
1.131487331E1,7.347805023E0,-9.864110947E-1,-4.438849926E0
1.131690708E1,7.424419403E0,-9.528923035E-1,-4.489128113E0
1.131897566E1,7.551311970E0,-8.690952063E-1,-4.580107689E0
1.132101008E1,7.668628216E0,-8.164227605E-1,-4.656722069E0
1.132307923E1,7.718906403E0,-7.781155705E-1,-4.695029736E0
1.132511389E1,7.852981567E0,-6.967126727E-1,-4.764461517E0
1.132711804E1,7.965508938E0,-6.296750307E-1,-4.812345505E0
1.132924250E1,8.006210327E0,-5.961562395E-1,-4.838681698E0
1.133114766E1,8.075642586E0,-5.243301988E-1,-4.896142483E0
1.133314704E1,8.152256966E0,-4.429273009E-1,-4.932055473E0
1.133521570E1,8.183381081E0,-4.094084799E-1,-4.939238071E0
1.133724947E1,8.240841866E0,-3.208230138E-1,-4.972756863E0
1.133931816E1,8.300697327E0,-2.370259613E-1,-4.999093056E0
1.134135239E1,8.322244644E0,-2.035071403E-1,-5.011064053E0
1.134342089E1,8.336610794E0,-1.292868853E-1,-5.032611847E0
1.134545550E1,8.307879448E0,-5.985504389E-2,-5.037400246E0
1.134745754E1,8.279149055E0,-2.633621916E-2,-5.035006046E0
1.134948773E1,8.250418663E0,4.548983276E-2,-5.018246651E0
1.135155623E1,8.188169479E0,8.379705995E-2,-4.991910458E0
1.135359085E1,8.087613106E0,1.173158810E-1,-4.951209068E0
1.135565923E1,8.054094315E0,1.316810995E-1,-4.927267075E0
1.135769377E1,7.939172745E0,1.963245422E-1,-4.896142483E0
1.135976212E1,7.812280178E0,2.106897533E-1,-4.867412090E0
1.136179658E1,7.740454197E0,2.178723514E-1,-4.855441093E0
1.136386508E1,7.632715225E0,2.489969730E-1,-4.829104900E0
1.136589943E1,7.486668587E0,2.442085743E-1,-4.802768707E0
1.136790635E1,7.410054207E0,2.489969730E-1,-4.788403511E0
1.136990843E1,7.244854450E0,2.609679997E-1,-4.740519524E0
1.137197743E1,7.079654217E0,2.513911724E-1,-4.675876141E0
1.137401177E1,6.998251438E0,2.489969730E-1,-4.654327869E0
1.137608043E1,6.837840080E0,2.537853718E-1,-4.630385876E0
1.137811520E1,6.679822922E0,2.633621991E-1,-4.589684486E0
1.138018385E1,6.612784863E0,2.753331959E-1,-4.570530891E0
1.138221850E1,6.469132900E0,2.585737705E-1,-4.527435303E0
1.138428739E1,6.347028732E0,2.394201756E-1,-4.496310711E0
1.138632181E1,6.208165169E0,2.466027737E-1,-4.448426723E0
1.138835354E1,6.145915985E0,2.202665508E-1,-4.426878929E0
1.139047427E1,6.030993938E0,1.580173075E-1,-4.381389141E0
1.139241450E1,5.908889771E0,1.316810995E-1,-4.316745758E0
1.139441420E1,5.858611584E0,1.268926859E-1,-4.288015366E0
1.139648262E1,5.736507416E0,8.858546615E-2,-4.261679173E0
1.139851704E1,5.647922039E0,5.506663769E-2,-4.252102375E0
1.140058581E1,5.604825974E0,3.112462163E-2,-4.247313976E0
1.140262062E1,5.509057999E0,9.576806799E-3,-4.218583584E0
1.140468943E1,5.432443619E0,-9.576806799E-3,-4.204218388E0
1.140672427E1,5.377377033E0,-2.633621916E-2,-4.204218388E0
1.140875108E1,5.300762653E0,-6.224924326E-2,-4.225766182E0
1.141093927E1,5.243301868E0,-8.619125932E-2,-4.264073372E0
1.141277523E1,5.200206280E0,-8.858546615E-2,-4.266467571E0
1.141477473E1,5.125985622E0,-1.197100878E-1,-4.288015366E0
1.141684304E1,5.073313236E0,-1.388636976E-1,-4.302380562E0
1.141887762E1,5.068524837E0,-1.556231081E-1,-4.319139957E0
1.142094631E1,5.058948040E0,-1.915361285E-1,-4.371812344E0
1.142298135E1,5.056553841E0,-1.963245422E-1,-4.453215122E0
1.142504985E1,5.051765442E0,-2.059013397E-1,-4.503493309E0
1.142708408E1,5.075707436E0,-2.370259613E-1,-4.604049683E0
1.142911543E1,5.121197224E0,-2.609679997E-1,-4.714183331E0
1.143114635E1,5.125985622E0,-2.705447972E-1,-4.762067318E0
1.143321496E1,5.159504890E0,-3.256114423E-1,-4.814739704E0
1.143524935E1,5.176264286E0,-3.734954596E-1,-4.831499100E0
1.143731785E1,5.231330872E0,-4.022258818E-1,-4.817133904E0
1.143935223E1,5.267243862E0,-4.094084799E-1,-4.817133904E0
1.144137720E1,5.286397457E0,-4.022258818E-1,-4.800374508E0
1.144337658E1,5.341464043E0,-4.548983276E-1,-4.774038315E0
1.144544527E1,5.382165432E0,-4.716577232E-1,-4.766855717E0
1.144747996E1,5.458779812E0,-5.099649429E-1,-4.759673119E0
1.144950539E1,5.559336185E0,-5.602431893E-1,-4.735731125E0
1.145151039E1,5.609614372E0,-5.722141862E-1,-4.718971729E0
1.145357981E1,5.700594425E0,-6.129156351E-1,-4.733336926E0
1.145561458E1,5.784391403E0,-6.536170840E-1,-4.769249916E0
1.145768304E1,5.849034786E0,-6.799532771E-1,-4.781220913E0
1.145971712E1,5.980715752E0,-7.350199223E-1,-4.797980309E0
1.146178612E1,6.100425720E0,-7.876923680E-1,-4.824316502E0
1.146382104E1,6.167463779E0,-8.212111592E-1,-4.843470097E0
1.146588966E1,6.275202751E0,-8.978256583E-1,-4.879383087E0
1.146792423E1,6.378153324E0,-9.911994934E-1,-4.917690277E0
1.146992996E1,6.421248913E0,-1.027112484E0,-4.936843872E0
1.147204877E1,6.521805286E0,-1.106121182E0,-4.958391666E0
1.147398881E1,6.598419666E0,-1.165976286E0,-5.011064053E0
1.147598781E1,6.622362137E0,-1.206677675E0,-5.018246651E0
1.147805577E1,6.706159115E0,-1.285686255E0,-5.032611847E0
1.148008973E1,6.751648903E0,-1.345541358E0,-5.087678432E0
1.148215862E1,6.811503887E0,-1.374271750E0,-5.147533417E0
1.148419335E1,6.854599476E0,-1.429338455E0,-5.193023682E0
1.148626212E1,6.945579052E0,-1.496376038E0,-5.269638062E0
1.148829623E1,7.017405033E0,-1.532289028E0,-5.351040840E0
1.149030173E1,7.053318024E0,-1.553836942E0,-5.389348030E0
1.149242646E1,7.144298077E0,-1.589749932E0,-5.446808815E0
1.149433158E1,7.213729858E0,-1.632845521E0,-5.511452198E0
1.149633116E1,7.254431248E0,-1.663970232E0,-5.540182590E0
1.149840008E1,7.278373241E0,-1.704671621E0,-5.580883980E0
1.150043496E1,7.304709435E0,-1.786074519E0,-5.590460777E0
1.150250408E1,7.314286232E0,-1.807622313E0,-5.600037575E0
1.150453870E1,7.340622425E0,-1.831564307E0,-5.602431774E0
1.150660770E1,7.378929615E0,-1.862688899E0,-5.616796970E0
1.150864193E1,7.405265808E0,-1.881842494E0,-5.633556366E0
1.151064689E1,7.436390400E0,-1.884236693E0,-5.645527840E0
1.151267789E1,7.429207802E0,-1.889025092E0,-5.662287235E0
1.151474670E1,7.422025204E0,-1.891419291E0,-5.667075634E0
1.151678158E1,7.393294811E0,-1.910573006E0,-5.691017628E0
1.151885050E1,7.362170219E0,-1.934514999E0,-5.719748020E0
1.152088500E1,7.343016624E0,-1.927332401E0,-5.736507416E0
1.152295339E1,7.314286232E0,-1.910573006E0,-5.755661011E0
1.152498743E1,7.280767441E0,-1.893813491E0,-5.770026207E0
1.152705631E1,7.228095055E0,-1.896207690E0,-5.762843609E0
1.152909027E1,7.211335659E0,-1.889025092E0,-5.770026207E0
1.153109785E1,7.187393665E0,-1.889025092E0,-5.786785603E0
1.153310023E1,7.177816868E0,-1.886630893E0,-5.789179802E0
1.153516985E1,7.187393665E0,-1.845929503E0,-5.777208805E0
1.153720404E1,7.216124058E0,-1.793257117E0,-5.841852188E0
1.153927331E1,7.252037048E0,-1.776497602E0,-5.880159378E0
1.154130846E1,7.244854450E0,-1.766920805E0,-5.870582581E0
1.154337777E1,7.218518257E0,-1.745373011E0,-5.825092793E0
1.154541243E1,7.240066051E0,-1.731007814E0,-5.786785603E0
1.154748158E1,7.259219646E0,-1.711854219E0,-5.781997204E0
1.154951608E1,7.321468830E0,-1.687912226E0,-5.793968201E0
1.155152154E1,7.393294811E0,-1.656787634E0,-5.810727596E0
1.155364135E1,7.433996201E0,-1.647210717E0,-5.829881191E0
1.155558193E1,7.510610580E0,-1.632845521E0,-5.887341976E0
1.155758208E1,7.599195957E0,-1.582567334E0,-5.944802761E0
1.155965135E1,7.639897823E0,-1.565807939E0,-5.973533154E0
1.156168608E1,7.714118004E0,-1.532289028E0,-6.066906929E0
1.156375504E1,7.750030994E0,-1.479616642E0,-6.177040577E0
1.156578981E1,7.788338184E0,-1.460463047E0,-6.229712963E0
1.156785927E1,7.869740963E0,-1.441309452E0,-6.390124321E0
1.156989443E1,7.943961143E0,-1.407790542E0,-6.540958881E0
1.157190146E1,7.991845131E0,-1.388636947E0,-6.610390663E0
1.157408981E1,8.068459511E0,-1.355118155E0,-6.727706909E0
1.157592573E1,8.116343498E0,-1.328781962E0,-6.842628479E0
1.157792542E1,8.140285492E0,-1.312022567E0,-6.890512466E0
1.157999500E1,8.207323074E0,-1.285686255E0,-6.995857239E0
1.158202996E1,8.279149055E0,-1.254561663E0,-7.144298077E0
1.158409881E1,8.324639320E0,-1.237802267E0,-7.299921036E0
1.158613370E1,8.362946510E0,-1.225831270E0,-7.381323814E0
1.158820262E1,8.461109161E0,-1.185129881E0,-7.546523571E0
1.159023743E1,8.511386871E0,-1.151610970E0,-7.697358608E0
1.159224316E1,8.518569946E0,-1.139639974E0,-7.769184589E0
1.159425092E1,8.542511940E0,-1.120486379E0,-7.922413349E0
1.159631973E1,8.592789650E0,-1.115697980E0,-8.061277390E0
1.159835462E1,8.638279915E0,-1.122880578E0,-8.135497093E0
1.160042362E1,8.755595207E0,-1.151610970E0,-8.262390137E0
1.160245789E1,8.801085472E0,-1.165976286E0,-8.377311707E0
1.160452639E1,8.815450668E0,-1.173158884E0,-8.444349289E0
1.160656077E1,8.827422142E0,-1.192312479E0,-8.544905663E0
1.160862908E1,8.863334656E0,-1.213860273E0,-8.623914719E0
1.161066370E1,8.868123055E0,-1.221042871E0,-8.671798706E0
1.161268981E1,8.817844391E0,-1.228225470E0,-8.765172005E0
1.161469296E1,8.700529099E0,-1.225831270E0,-8.877699852E0
1.161676185E1,8.635885239E0,-1.228225470E0,-8.930372238E0
1.161879685E1,8.511386871E0,-1.199495077E0,-9.040505409E0
1.162086631E1,8.348581314E0,-1.175553083E0,-9.133879662E0
1.162290031E1,8.228871346E0,-1.161187768E0,-9.169792175E0
1.162496858E1,8.173804283E0,-1.096544385E0,-9.162610054E0
1.162700281E1,8.066065788E0,-1.017535686E0,-9.179368973E0
1.162907192E1,7.975085735E0,-9.481038451E-1,-9.208099365E0
1.163110623E1,7.927201748E0,-8.954314590E-1,-9.220070839E0
1.163313677E1,7.869740963E0,-8.044517636E-1,-9.217676163E0
1.163525869E1,7.841010571E0,-7.086837292E-1,-9.181763649E0
1.163719839E1,7.805097580E0,-6.512228847E-1,-9.160215378E0
1.163919804E1,7.740454197E0,-5.243301988E-1,-9.121908188E0
1.164126689E1,7.687781811E0,-4.237737060E-1,-9.105149269E0
1.164330169E1,7.656657219E0,-3.806780577E-1,-9.107542992E0
1.164537077E1,7.594407558E0,-2.920926213E-1,-9.100360870E0
1.164740500E1,7.565677166E0,-2.082955539E-1,-9.062053680E0
1.164947431E1,7.560888767E0,-1.747767180E-1,-9.059659004E0
1.165150931E1,7.548917770E0,-1.029506698E-1,-9.057265282E0
1.165353585E1,7.513004780E0,-4.070143029E-2,-9.018958092E0
1.165566162E1,7.469909191E0,-2.873042040E-2,-9.014169693E0
1.165756735E1,7.467514992E0,-2.394201607E-2,-9.038111687E0
1.165956719E1,7.450755596E0,4.070143029E-2,-9.050082207E0
1.166163654E1,7.431602001E0,5.985504389E-2,-9.050082207E0
1.166367104E1,7.436390400E0,6.943184882E-2,-9.038111687E0
1.166574016E1,7.441178799E0,8.858546615E-2,-9.054870605E0
1.166777504E1,7.433996201E0,9.097966552E-2,-9.074024200E0
1.166984419E1,7.433996201E0,9.337386489E-2,-9.102754593E0
1.167187862E1,7.402871609E0,1.101332754E-1,-9.093177795E0
1.167387835E1,7.331045628E0,1.436520964E-1,-9.143456459E0
1.167590962E1,7.295132637E0,1.819593310E-1,-9.153033257E0
1.167797893E1,7.175422668E0,2.226607651E-1,-9.131484985E0
1.168001439E1,7.053318024E0,2.753331959E-1,-9.121908188E0
1.168208392E1,6.986280441E0,2.968810201E-1,-9.102754593E0
1.168411973E1,6.876147270E0,3.471592367E-1,-9.059659004E0
1.168614473E1,6.785167694E0,3.950432837E-1,-9.038111687E0
1.168814458E1,6.722918510E0,4.022258818E-1,-9.033323288E0
1.169021362E1,6.641515732E0,4.309563041E-1,-9.018958092E0
1.169224877E1,6.648698330E0,4.333505034E-1,-9.023746490E0
1.169424896E1,6.651092529E0,4.213795066E-1,-9.026140213E0
1.169625342E1,6.629544735E0,3.734954596E-1,-9.045293808E0
1.169832246E1,6.591237068E0,3.663128614E-1,-9.047688484E0
1.170035762E1,6.591237068E0,3.782838583E-1,-9.062053680E0
1.170242654E1,6.607996464E0,3.711012602E-1,-9.097966194E0
1.170446150E1,6.634333134E0,3.423708379E-1,-9.141061783E0
1.170653023E1,6.639121532E0,3.160346150E-1,-9.157821655E0
1.170856493E1,6.648698330E0,2.633621991E-1,-9.191340446E0
1.171063393E1,6.679822922E0,1.843535304E-1,-9.181763649E0
1.171266873E1,6.713341713E0,1.412578970E-1,-9.169792175E0
1.171466843E1,6.713341713E0,5.506663769E-2,-9.148244858E0
1.171678900E1,6.749254704E0,-1.915361360E-2,-9.121908188E0
1.171872985E1,6.799532890E0,-5.506663769E-2,-9.107542992E0
1.172073008E1,6.811503887E0,-1.244984865E-1,-9.124302864E0
1.172279904E1,6.806715488E0,-1.843535304E-1,-9.107542992E0
1.172483362E1,6.830657482E0,-2.178723514E-1,-9.102754593E0
1.172690293E1,6.833051682E0,-2.705447972E-1,-9.102754593E0
1.172893792E1,6.847416878E0,-3.112462163E-1,-9.097966194E0
1.173100677E1,6.895300865E0,-3.327940404E-1,-9.052476883E0
1.173304116E1,6.924031258E0,-3.471592367E-1,-9.030928612E0
1.173504423E1,6.991068840E0,-3.639186621E-1,-9.016563416E0
1.173723266E1,7.072471619E0,-3.639186621E-1,-8.992621422E0
1.173906950E1,7.122750282E0,-3.639186621E-1,-8.961497307E0
1.174106943E1,7.244854450E0,-3.639186621E-1,-8.908824921E0
1.174313796E1,7.374141216E0,-3.399766386E-1,-8.916007042E0
1.174517258E1,7.450755596E0,-3.280056417E-1,-8.918401718E0
1.174724169E1,7.651868820E0,-3.064578176E-1,-8.944737434E0
1.174927650E1,7.905653954E0,-2.968810201E-1,-8.959102631E0
1.175134604E1,8.054094315E0,-2.896983922E-1,-8.973467827E0
1.175338081E1,8.398859978E0,-2.609679997E-1,-9.030928612E0
1.175541192E1,8.796297073E0,-2.011129409E-1,-9.119514465E0
1.175744416E1,9.011775017E0,-1.843535304E-1,-9.160215378E0
1.175951281E1,9.454702377E0,-1.388636976E-1,-9.212887764E0
1.176154743E1,9.916783333E0,-4.309562966E-2,-9.272743225E0
1.176361596E1,1.042435455E1,1.436521020E-2,-9.311050415E0
1.176565012E1,1.069011021E1,1.149216816E-1,-9.375694275E0
1.176771885E1,1.132457447E1,2.250549644E-1,-9.433155060E0
1.176975296E1,1.202128696E1,3.495534360E-1,-9.524134636E0
1.177182123E1,1.237323475E1,4.189853072E-1,-9.574412346E0
1.177385535E1,1.305797577E1,5.554547906E-1,-9.703699112E0
1.177588019E1,1.370680428E1,6.847416759E-1,-9.825803757E0
1.177788177E1,1.395819569E1,7.398083210E-1,-9.892841339E0
1.177995058E1,1.432690334E1,8.307880163E-1,-1.004607010E1
1.178198481E1,1.463814926E1,9.648633003E-1,-1.013226128E1
1.178405362E1,1.473631191E1,1.010353088E0,-1.018014526E1
1.178608819E1,1.481053162E1,1.110909581E0,-1.034534550E1
1.178815666E1,1.468124485E1,1.254561663E0,-1.052969933E1
1.179019177E1,1.457111168E1,1.307234168E0,-1.060152531E1
1.179226031E1,1.433648014E1,1.412579060E0,-1.069729328E1
1.179429400E1,1.408987713E1,1.503558636E0,-1.086009884E1
1.179632462E1,1.396777248E1,1.558625340E0,-1.096783829E1
1.179844481E1,1.373792934E1,1.592144132E0,-1.118570995E1
1.180038493E1,1.347456741E1,1.613691926E0,-1.139161205E1
1.180238500E1,1.332373238E1,1.649604917E0,-1.154005241E1
1.180445400E1,1.302445698E1,1.709460020E0,-1.186566353E1
1.180648904E1,1.267490387E1,1.728613615E0,-1.207874775E1
1.180855662E1,1.234450436E1,1.570596337E0,-1.216733265E1
1.181059116E1,1.222479343E1,1.505952835E0,-1.222479343E1
1.181265985E1,1.202368069E1,1.359906554E0,-1.236844635E1
1.181469450E1,1.185848141E1,1.144428372E0,-1.256237602E1
1.181672023E1,1.184411621E1,1.017535686E0,-1.261504841E1
1.181884566E1,1.188481712E1,7.110779285E-1,-1.274194145E1
1.182075127E1,1.199495029E1,3.711012602E-1,-1.280419064E1
1.182275085E1,1.203086376E1,1.987187415E-1,-1.278503704E1
1.182482039E1,1.205719948E1,-1.316810995E-1,-1.281855583E1
1.182685546E1,1.195424938E1,-4.716577232E-1,-1.284968090E1
1.182892492E1,1.188002872E1,-6.368576288E-1,-1.287122822E1
1.183096004E1,1.181059742E1,-9.648633003E-1,-1.278024864E1
1.183302969E1,1.169806957E1,-1.247379065E0,-1.270602798E1
1.183506492E1,1.164060879E1,-1.369483352E0,-1.268208599E1
1.183709669E1,1.148738003E1,-1.563413739E0,-1.261744308E1
1.183912962E1,1.135809326E1,-1.704671621E0,-1.257434750E1
1.184119854E1,1.131978607E1,-1.735796213E0,-1.257674122E1
1.184323362E1,1.124077702E1,-1.817199111E0,-1.254082870E1
1.184530254E1,1.114022064E1,-1.865083098E0,-1.251928043E1
1.184733723E1,1.098938560E1,-1.898601890E0,-1.248336792E1
1.184940669E1,1.091037750E1,-1.987187386E0,-1.234450436E1
1.185144166E1,1.075475407E1,-2.082955360E0,-1.212902546E1
1.185351081E1,1.058237171E1,-2.164358377E0,-1.189200020E1
1.185554539E1,1.050815105E1,-2.195482969E0,-1.174595356E1
1.185757054E1,1.041477776E1,-2.281674147E0,-1.143710136E1
1.185957327E1,1.050336266E1,-2.343923569E0,-1.103726959E1
1.186164216E1,1.056561184E1,-2.370259762E0,-1.083376312E1
1.186367700E1,1.069729328E1,-2.403778553E0,-1.038844109E1
1.186574585E1,1.083855152E1,-2.427720547E0,-9.904812813E0
1.186778077E1,1.092713642E1,-2.425326347E0,-9.660603523E0
1.186984950E1,1.111627865E1,-2.432508945E0,-9.131484985E0
1.187188431E1,1.132217979E1,-2.382230759E0,-8.542511940E0
1.187395300E1,1.142513084E1,-2.339135170E0,-8.233659744E0
1.187598789E1,1.158554173E1,-2.252943754E0,-7.654263020E0
1.187801681E1,1.170525169E1,-2.159569979E0,-7.070077419E0
1.188013677E1,1.176031876E1,-2.106897593E0,-6.524199486E0
1.188207704E1,1.176750088E1,-1.996764183E0,-6.248866558E0
1.188407673E1,1.176031876E1,-1.860294700E0,-5.655104637E0
1.188614558E1,1.177468395E1,-1.776497602E0,-5.351040840E0
1.188818054E1,1.177229023E1,-1.601720929E0,-4.733336926E0
1.189024939E1,1.166455078E1,-1.388636947E0,-4.103661537E0
1.189228427E1,1.147301483E1,-1.168370485E0,-3.521870613E0
1.189435342E1,1.136767006E1,-1.072602391E0,-3.222595453E0
1.189638850E1,1.113543224E1,-8.690952063E-1,-2.616862535E0
1.189841419E1,1.082897472E1,-6.631938815E-1,-2.023100376E0
1.190060319E1,1.067335129E1,-5.578489900E-1,-1.726219416E0
1.190243931E1,1.031661510E1,-3.447650373E-1,-1.170764685E0
1.190443946E1,9.919178009E0,-1.460463107E-1,-6.224924326E-1
1.190650862E1,9.708487511E0,-5.746084079E-2,-3.519476354E-1
1.190854312E1,9.282320023E0,1.340752989E-1,1.699883193E-1
1.191061173E1,8.836998940E0,3.303998411E-1,6.488286853E-1
1.191264604E1,8.614337921E0,4.261679053E-1,8.834604025E-1
1.191471508E1,8.188169479E0,6.344634295E-1,1.359906554E0
1.191674923E1,7.776367188E0,8.499416113E-1,1.800439715E0
1.191877808E1,7.580042362E0,9.600749016E-1,2.023100376E0
1.192080977E1,7.170634270E0,1.180341482E0,2.406172752E0
1.192287789E1,6.754043102E0,1.379060149E0,2.803610086E0
1.192491246E1,6.555324078E0,1.474828243E0,2.997540474E0
1.192698089E1,6.153098583E0,1.671152830E0,3.351882458E0
1.192901523E1,5.774814606E0,1.833958507E0,3.725377798E0
1.193104077E1,5.612008572E0,1.910573006E0,3.912125587E0
1.193304019E1,5.324704647E0,2.037465572E0,4.249708176E0
1.193510842E1,5.044582844E0,2.157175779E0,4.513070107E0
1.193714200E1,4.826710701E0,2.188300371E0,4.711789131E0
1.193916746E1,4.738125324E0,2.250549555E0,4.795586109E0
1.194117123E1,4.601655483E0,2.272097349E0,4.891354084E0
1.194323985E1,4.467580318E0,2.257732153E0,4.915296078E0
1.194527431E1,4.422090530E0,2.233790159E0,4.905719280E0
1.194734319E1,4.378994942E0,2.173935175E0,4.829104900E0
1.194937789E1,4.350264549E0,2.080561161E0,4.687847137E0
1.195144654E1,4.371812344E0,2.027888775E0,4.601655483E0
1.195348100E1,4.434061527E0,1.893813491E0,4.367023945E0
1.195554954E1,4.520252705E0,1.723825216E0,4.077325344E0
1.195758377E1,4.584896088E0,1.637633920E0,3.909731388E0
1.195961523E1,4.723760128E0,1.474828243E0,3.517082214E0
1.196173527E1,4.905719280E0,1.285686255E0,3.090914488E0
1.196367512E1,5.003881454E0,1.194706678E0,2.861071110E0
1.196567477E1,5.228936672E0,9.983820915E-1,2.370259762E0
1.196774338E1,5.509057999E0,7.900865674E-1,1.853112102E0
1.196977808E1,5.652710438E0,6.895300746E-1,1.584961534E0
1.197184692E1,5.980715752E0,4.860229492E-1,1.051054597E0
1.197388158E1,6.335057735E0,2.992752194E-1,5.219359994E-1
1.197595042E1,6.718130112E0,1.987187415E-1,2.873041928E-1
1.197798546E1,6.933608055E0,1.675941236E-2,-1.699883193E-1
1.198001112E1,7.386112213E0,-1.723825186E-1,-5.722141862E-1
1.198213642E1,7.826645374E0,-3.567360640E-1,-9.744400978E-1
1.198404227E1,8.049305916E0,-4.572925270E-1,-1.177947283E0
1.198604235E1,8.513781548E0,-6.416460276E-1,-1.553836942E0
1.198811162E1,8.980650902E0,-7.326257229E-1,-1.886630893E0
1.199014627E1,9.184157372E0,-9.050082564E-1,-2.039859772E0
1.199221542E1,9.610325813E0,-1.060631394E0,-2.341529369E0
1.199425089E1,1.004128170E1,-1.187524080E0,-2.585737944E0
1.199632046E1,1.025675964E1,-1.261744261E0,-2.703053713E0
1.199835546E1,1.064701462E1,-1.417367458E0,-2.923320293E0
1.200038685E1,1.100135708E1,-1.565807939E0,-3.095702887E0
1.200241835E1,1.117134476E1,-1.628057122E0,-3.179499865E0
1.200448781E1,1.145386124E1,-1.766920805E0,-3.327940464E0
1.200652304E1,1.170525169E1,-1.896207690E0,-3.430891037E0
1.200859219E1,1.180820274E1,-1.944091797E0,-3.478775024E0
1.201062731E1,1.201171017E1,-2.049436569E0,-3.543418407E0
1.201269566E1,1.217212105E1,-2.121262789E0,-3.560178041E0
1.201473046E1,1.226070690E1,-2.154781580E0,-3.557783842E0
1.201679923E1,1.239238834E1,-2.219424963E0,-3.567360640E0
1.201883392E1,1.250730991E1,-2.264914751E0,-3.502717018E0
1.202085916E1,1.255519390E1,-2.262520552E0,-3.414131641E0
1.202286081E1,1.257195282E1,-2.274491549E0,-3.356670856E0
1.202492969E1,1.260786629E1,-2.276885748E0,-3.205836058E0
1.202696454E1,1.259110641E1,-2.229001760E0,-3.045424461E0
1.202903335E1,1.259350109E1,-2.193088770E0,-2.961627483E0
1.203106765E1,1.253125191E1,-2.118868589E0,-2.772485495E0
1.203313635E1,1.244027233E1,-2.027888775E0,-2.559401512E0
1.203517062E1,1.237323475E1,-1.989581585E0,-2.444479942E0
1.203723950E1,1.222958183E1,-1.879448295E0,-2.202665567E0
1.203927369E1,1.209071827E1,-1.774103403E0,-1.968033791E0
1.204130373E1,1.201171017E1,-1.728613615E0,-1.845929503E0
1.204342362E1,1.182735634E1,-1.623268723E0,-1.623268723E0
1.204536469E1,1.163582039E1,-1.505952835E0,-1.412579060E0
1.204736415E1,1.153765774E1,-1.446097851E0,-1.314416766E0
1.204943292E1,1.134851646E1,-1.333570361E0,-1.130063176E0
1.205146742E1,1.112585545E1,-1.230619669E0,-9.672574997E-1
1.205353623E1,1.101572227E1,-1.187524080E0,-8.930372596E-1
1.205557027E1,1.078348446E1,-1.098938584E0,-7.422025204E-1
1.205763865E1,1.053209305E1,-1.019929886E0,-6.224924326E-1
1.205967323E1,1.032140350E1,-9.816226959E-1,-5.674257874E-1
1.206169742E1,1.021127033E1,-9.097966552E-1,-4.812345505E-1
1.206388488E1,1.001255131E1,-8.283938169E-1,-4.141969085E-1
1.206572031E1,9.921571732E0,-7.900865674E-1,-4.070142806E-1
1.206772027E1,9.706093788E0,-7.374141216E-1,-4.070142806E-1
1.206978896E1,9.536105156E0,-6.871358752E-1,-4.453215301E-1
1.207182373E1,9.382876396E0,-6.679822803E-1,-5.195417404E-1
1.207389273E1,9.301473618E0,-6.512228847E-1,-5.770025849E-1
1.207592769E1,9.196128845E0,-6.009446383E-1,-6.847416759E-1
1.207799638E1,9.078812599E0,-5.698199868E-1,-8.236053586E-1
1.208003142E1,9.023746490E0,-5.578489900E-1,-8.978256583E-1
1.208203108E1,8.949525833E0,-5.386953950E-1,-1.096544385E0
1.208406204E1,8.875306129E0,-5.315127969E-1,-1.288080573E0
1.208613077E1,8.839392662E0,-5.195417404E-1,-1.379060149E0
1.208816581E1,8.769960403E0,-4.979939461E-1,-1.549048543E0
1.209023535E1,8.748413086E0,-4.716577232E-1,-1.704671621E0
1.209227004E1,8.738836288E0,-4.620809257E-1,-1.776497602E0
1.209433954E1,8.724471092E0,-4.548983276E-1,-1.884236693E0
1.209637458E1,8.702922821E0,-4.118026793E-1,-1.965639591E0
1.209844365E1,8.700529099E0,-3.998316824E-1,-1.996764183E0
1.210047835E1,8.705317497E0,-3.663128614E-1,-2.054224968E0
1.210251004E1,8.726864815E0,-3.399766386E-1,-2.087743998E0
1.210451231E1,8.729259491E0,-3.303998411E-1,-2.102109194E0
1.210658115E1,8.738836288E0,-3.088520169E-1,-2.116474390E0
1.210861596E1,8.760383606E0,-2.657563984E-1,-2.106897593E0
1.211068508E1,8.796297073E0,-2.585737705E-1,-2.075772762E0
1.211272042E1,8.825027466E0,-2.513911724E-1,-2.068590164E0
1.211478965E1,8.868123055E0,-2.178723514E-1,-2.035071373E0
1.211682462E1,8.901641846E0,-1.939303428E-1,-1.980004787E0
1.211889396E1,8.927978516E0,-1.867477298E-1,-1.944091797E0
1.212092854E1,8.985439301E0,-1.747767180E-1,-1.877054095E0
1.212292904E1,9.059659004E0,-1.747767180E-1,-1.805228114E0
1.212504954E1,9.102754593E0,-1.556231081E-1,-1.757344007E0
1.212698938E1,9.172186852E0,-1.484405100E-1,-1.675941229E0
1.212898977E1,9.227252960E0,-1.316810995E-1,-1.596932530E0
1.213105946E1,9.253589630E0,-1.197100878E-1,-1.558625340E0
1.213309538E1,9.320627213E0,-8.140286058E-2,-1.472434044E0
1.213516646E1,9.390059471E0,-6.464344263E-2,-1.381454349E0
1.213720131E1,9.430760384E0,-5.985504389E-2,-1.338358760E0
1.213927096E1,9.516951561E0,-3.591302410E-2,-1.252167463E0
1.214130623E1,9.593565941E0,-3.112462163E-2,-1.154005170E0
1.214330635E1,9.612719536E0,-2.394201607E-2,-1.101332784E0
1.214547727E1,9.670180321E0,-4.788403399E-3,-9.911994934E-1
1.214734769E1,9.732429504E0,2.394201700E-3,-8.643068075E-1
1.214934742E1,9.763554573E0,4.788403399E-3,-7.972691655E-1
1.215141654E1,9.813833237E0,7.182605099E-3,-6.799532771E-1
1.215345162E1,9.849745750E0,1.915361360E-2,-5.554547906E-1
1.215552062E1,9.895236015E0,1.675941236E-2,-5.099649429E-1
1.215755538E1,9.911994934E0,1.915361360E-2,-4.094084799E-1
1.215962462E1,9.943120003E0,2.394201607E-2,-3.112462163E-1
1.216165996E1,9.988609314E0,2.154781483E-2,-2.154781520E-1
1.216366031E1,1.000776291E1,2.154781483E-2,-1.771709323E-1
1.216569288E1,1.002212811E1,1.915361360E-2,-8.858546615E-2
1.216776219E1,1.001733971E1,2.154781483E-2,-1.675941236E-2
1.216979735E1,1.001733971E1,9.576806799E-3,2.154781483E-2
1.217186658E1,1.000536919E1,-7.182605099E-3,8.858546615E-2
1.217390158E1,9.986215591E0,-2.873042040E-2,1.340752989E-1
1.217592662E1,9.971850395E0,-5.506663769E-2,1.651999205E-1
1.217792708E1,9.950302124E0,-1.005564705E-1,2.154781520E-1
1.217999650E1,9.911994934E0,-1.221042871E-1,2.657563984E-1
1.218203150E1,9.902418137E0,-1.364694983E-1,2.920926213E-1
1.218403138E1,9.878476143E0,-1.628057212E-1,3.256114423E-1
1.218603550E1,9.837775230E0,-2.130839527E-1,3.639186621E-1
1.218810469E1,9.828198433E0,-2.370259613E-1,3.782838583E-1
1.219013950E1,9.806650162E0,-2.873041928E-1,4.237737060E-1
1.219220858E1,9.773131371E0,-3.495534360E-1,4.572925270E-1
1.219424346E1,9.761159897E0,-3.687070608E-1,4.764461517E-1
1.219631250E1,9.722852707E0,-4.213795066E-1,5.171475410E-1
1.219834746E1,9.698910713E0,-4.740519226E-1,5.626373887E-1
1.220041654E1,9.662998199E0,-5.123591423E-1,5.865794420E-1
1.220245154E1,9.653421402E0,-5.722141862E-1,6.320692301E-1
1.220445127E1,9.617507935E0,-6.177040339E-1,6.679822803E-1
1.220657077E1,9.586383820E0,-6.679822803E-1,7.062895298E-1
1.220851073E1,9.576807022E0,-6.871358752E-1,7.206547260E-1
1.221051081E1,9.564835548E0,-7.206547260E-1,7.661445141E-1
1.221258008E1,9.521739960E0,-7.445967197E-1,7.948749661E-1
1.221461481E1,9.509769440E0,-7.876923680E-1,8.068459630E-1
1.221668342E1,9.483432770E0,-8.547300100E-1,8.259995580E-1
1.221871792E1,9.461885452E0,-9.026140571E-1,8.643068075E-1
1.222078700E1,9.459490776E0,-9.193734527E-1,8.738836050E-1
1.222282165E1,9.447520256E0,-9.433154464E-1,8.882488012E-1
1.222482442E1,9.428366661E0,-9.864110947E-1,9.026140571E-1
1.222701288E1,9.418789864E0,-1.019929886E0,9.121908545E-1
1.222884896E1,9.394847870E0,-1.051054597E0,9.050082564E-1
1.223084950E1,9.378087997E0,-1.074996591E0,9.193734527E-1
1.223291912E1,9.361329079E0,-1.086967587E0,9.241618514E-1
1.223495465E1,9.356540680E0,-1.096544385E0,9.337386489E-1
1.223702404E1,9.349357605E0,-1.130063176E0,9.313444495E-1
1.223905912E1,9.361329079E0,-1.137245774E0,9.337386489E-1
1.224112842E1,9.356540680E0,-1.154005170E0,9.433154464E-1
1.224316342E1,9.346963882E0,-1.144428372E0,9.433154464E-1
1.224516565E1,9.339780807E0,-1.134851575E0,9.481038451E-1
1.224719731E1,9.346963882E0,-1.125274777E0,9.528923035E-1
1.224926650E1,9.330204010E0,-1.142034173E0,9.528923035E-1
1.225130123E1,9.332598686E0,-1.137245774E0,9.600749016E-1
1.225337015E1,9.327810287E0,-1.139639974E0,9.744400978E-1
1.225540496E1,9.325415611E0,-1.130063176E0,9.720458984E-1
1.225747454E1,9.308655739E0,-1.125274777E0,9.888052940E-1
1.225950946E1,9.313444138E0,-1.118092179E0,1.000776291E0
1.226157823E1,9.325415611E0,-1.079784989E0,1.012747288E0
1.226361277E1,9.339780807E0,-1.079784989E0,1.024718285E0
1.226561900E1,9.342175484E0,-1.074996591E0,1.019929886E0
1.226762146E1,9.344569206E0,-1.048660398E0,1.027112484E0
1.226969027E1,9.330204010E0,-1.029506683E0,1.027112484E0
1.227172481E1,9.325415611E0,-1.010353088E0,1.015141487E0
1.227379350E1,9.342175484E0,-9.792284966E-1,1.000776291E0
1.227582808E1,9.382876396E0,-9.696516991E-1,9.864110947E-1
1.227789704E1,9.387664795E0,-9.504981041E-1,9.744400978E-1
1.227993173E1,9.414001465E0,-8.930372596E-1,9.481038451E-1
1.228200031E1,9.440337181E0,-8.667010069E-1,9.217676520E-1
1.228403477E1,9.447520256E0,-8.427590132E-1,9.074024558E-1
1.228603935E1,9.469067574E0,-8.212111592E-1,8.523358107E-1
1.228815919E1,9.478644371E0,-7.685387731E-1,7.972691655E-1
1.229009908E1,9.488221169E0,-7.517793179E-1,7.781155705E-1
1.229209842E1,9.509769440E0,-7.254431248E-1,7.374141216E-1
1.229416704E1,9.555258751E0,-7.015010715E-1,6.799532771E-1
1.229620169E1,9.579200745E0,-6.847416759E-1,6.488286853E-1
1.229827081E1,9.598354340E0,-6.368576288E-1,5.961562395E-1
1.230030577E1,9.612719536E0,-6.033388376E-1,5.219359994E-1
1.230237477E1,9.634267807E0,-5.770025849E-1,4.668693244E-1
1.230440981E1,9.641449928E0,-5.602431893E-1,4.357447028E-1
1.230641585E1,9.662998199E0,-5.267243981E-1,3.663128614E-1
1.230854115E1,9.708487511E0,-5.099649429E-1,2.968810201E-1
1.231044719E1,9.730035782E0,-5.027823448E-1,2.633621991E-1
1.231244754E1,9.770736694E0,-4.836287498E-1,1.939303428E-1
1.231451754E1,9.806650162E0,-4.692635238E-1,1.173158810E-1
1.231655304E1,9.823410034E0,-4.572925270E-1,8.619125932E-2
1.231862281E1,9.878476143E0,-4.548983276E-1,1.436521020E-2
1.232065827E1,9.914389610E0,-4.405331016E-1,-3.830722719E-2
1.232272754E1,9.921571732E0,-4.309563041E-1,-6.224924326E-2
1.232476246E1,9.947908401E0,-4.165911078E-1,-1.292868853E-1
1.232676658E1,9.971850395E0,-4.094084799E-1,-1.771709323E-1
1.232879850E1,9.981427193E0,-4.118026793E-1,-1.963245422E-1
1.233086708E1,1.002452278E1,-3.878606856E-1,-2.250549644E-1
1.233290142E1,1.007001209E1,-4.046200812E-1,-2.633621991E-1
1.233496992E1,1.008677197E1,-4.141969085E-1,-2.801215947E-1
1.233700469E1,1.010831928E1,-4.118026793E-1,-2.944868207E-1
1.233907342E1,1.014423275E1,-4.189853072E-1,-3.208230138E-1
1.234110781E1,1.014902115E1,-4.285621047E-1,-3.232172430E-1
1.234317638E1,1.017056847E1,-4.261679053E-1,-3.399766386E-1
1.234521062E1,1.017296314E1,-4.357447028E-1,-3.543418646E-1
1.234721604E1,1.017056847E1,-4.405331016E-1,-3.639186621E-1
1.234921727E1,1.016099167E1,-4.405331016E-1,-3.974374831E-1
1.235128581E1,1.017056847E1,-4.453215301E-1,-4.165911078E-1
1.235331965E1,1.015620327E1,-4.525041282E-1,-4.094084799E-1
1.235538808E1,1.015141487E1,-4.668693244E-1,-4.022258818E-1
1.235742288E1,1.015141487E1,-4.692635238E-1,-4.070142806E-1
1.235949181E1,1.011071396E1,-4.764461517E-1,-3.878606856E-1
1.236152673E1,1.008677197E1,-4.788403511E-1,-3.878606856E-1
1.236359535E1,1.006282997E1,-4.932055473E-1,-3.806780577E-1
1.236562973E1,1.005564690E1,-5.027823448E-1,-3.495534360E-1
1.236763465E1,1.003649330E1,-5.051765442E-1,-3.303998411E-1
1.236975450E1,1.000297451E1,-5.099649429E-1,-3.208230138E-1
1.237169458E1,9.976638794E0,-5.099649429E-1,-3.040636182E-1
1.237369412E1,9.957485199E0,-5.003881454E-1,-2.920926213E-1
1.237576238E1,9.933543205E0,-5.243301988E-1,-2.681505978E-1
1.237779669E1,9.919178009E0,-5.458779931E-1,-2.370259613E-1
1.237986531E1,9.900024414E0,-5.482721925E-1,-2.298433632E-1
1.238190004E1,9.861717224E0,-5.506663918E-1,-2.250549644E-1
1.238396881E1,9.830592155E0,-5.458779931E-1,-2.011129409E-1
1.238600308E1,9.816226959E0,-5.554547906E-1,-1.963245422E-1
1.238800869E1,9.792284966E0,-5.770025849E-1,-1.771709323E-1
1.239019719E1,9.753977776E0,-5.865794420E-1,-1.604115069E-1
1.239203269E1,9.737217903E0,-5.889736414E-1,-1.580173075E-1
1.239403246E1,9.715670586E0,-6.081272364E-1,-1.388636976E-1
1.239610138E1,9.696516991E0,-6.129156351E-1,-1.316810995E-1
1.239813642E1,9.679757118E0,-6.081272364E-1,-1.292868853E-1
1.240020573E1,9.677363396E0,-6.129156351E-1,-1.316810995E-1
1.240224077E1,9.660603523E0,-6.177040339E-1,-1.316810995E-1
1.240431004E1,9.627084732E0,-6.200982332E-1,-1.053448766E-1
1.240634527E1,9.629479408E0,-6.200982332E-1,-1.005564705E-1
1.240835150E1,9.619902611E0,-6.296750307E-1,-9.097966552E-2
1.241038365E1,9.600749016E0,-6.488286853E-1,-9.097966552E-2
1.241245304E1,9.605537415E0,-6.488286853E-1,-8.858546615E-2
1.241448812E1,9.617507935E0,-6.560112834E-1,-9.816227108E-2
1.241655719E1,9.607931137E0,-6.488286853E-1,-8.858546615E-2
1.241859288E1,9.600749016E0,-6.392518282E-1,-8.858546615E-2
1.242061746E1,9.583989143E0,-6.560112834E-1,-7.900865376E-2
1.242261712E1,9.600749016E0,-6.440402865E-1,-7.661445439E-2
1.242468627E1,9.607931137E0,-6.440402865E-1,-7.182604820E-2
1.242672119E1,9.607931137E0,-6.560112834E-1,-6.464344263E-2
1.242872738E1,9.641449928E0,-6.655880809E-1,-6.224924326E-2
1.243073277E1,9.643844604E0,-6.584054828E-1,-6.224924326E-2
1.243280200E1,9.662998199E0,-6.536170840E-1,-4.548983276E-2
1.243483723E1,9.682151794E0,-6.679822803E-1,-3.112462163E-2
1.243690654E1,9.691728592E0,-6.607996821E-1,-2.394201607E-2
1.243894104E1,9.718064308E0,-6.416460276E-1,-2.154781483E-2
1.244101023E1,9.734824181E0,-6.440402865E-1,2.394201700E-3
1.244304488E1,9.749189377E0,-6.320692301E-1,7.182605099E-3
1.244511392E1,9.761159897E0,-6.392518282E-1,3.112462163E-2
1.244714888E1,9.792284966E0,-6.392518282E-1,4.309562966E-2
1.244915488E1,9.813833237E0,-6.272808313E-1,6.464344263E-2
1.245127573E1,9.821015358E0,-6.248866320E-1,7.900865376E-2
1.245321665E1,9.844957352E0,-6.248866320E-1,8.619125932E-2
1.245521631E1,9.868899345E0,-6.105214357E-1,8.858546615E-2
1.245728565E1,9.883264542E0,-6.033388376E-1,1.053448766E-1
1.245932061E1,9.888052940E0,-5.985504389E-1,1.316810995E-1
1.246138985E1,9.916783333E0,-6.009446383E-1,1.484405100E-1
1.246342458E1,9.911994934E0,-5.985504389E-1,1.651999205E-1
1.246549373E1,9.909601212E0,-5.865794420E-1,1.843535304E-1
1.246752873E1,9.952696800E0,-5.889736414E-1,1.939303428E-1
1.246953500E1,9.950302124E0,-5.913678408E-1,1.867477298E-1
1.247166104E1,9.952696800E0,-5.961562395E-1,2.059013397E-1
1.247356642E1,9.959878922E0,-5.841852427E-1,2.298433632E-1
1.247556604E1,9.962273598E0,-5.937620401E-1,2.298433632E-1
1.247763531E1,9.976638794E0,-5.961562395E-1,2.250549644E-1
1.247967000E1,9.986215591E0,-6.153098345E-1,2.322375625E-1
1.248173865E1,9.991003990E0,-6.177040339E-1,2.346317619E-1
1.248377327E1,9.998186111E0,-6.272808313E-1,2.346317619E-1
1.248584265E1,1.000776291E1,-6.248866320E-1,2.226607651E-1
1.248787761E1,1.000776291E1,-6.248866320E-1,2.274491638E-1
1.248988381E1,9.991003990E0,-6.248866320E-1,2.250549644E-1
1.249191511E1,9.976638794E0,-6.368576288E-1,2.059013397E-1
1.249398408E1,9.974244118E0,-6.344634295E-1,2.082955539E-1
1.249601877E1,9.983820915E0,-6.464344859E-1,1.987187415E-1
1.249808773E1,9.974244118E0,-6.392518282E-1,2.059013397E-1
1.250012231E1,9.955090523E0,-6.320692301E-1,1.867477298E-1
1.250219096E1,9.938331604E0,-6.344634295E-1,1.819593310E-1
1.250422508E1,9.900024414E0,-6.320692301E-1,1.843535304E-1
1.250629431E1,9.880870819E0,-6.272808313E-1,1.771709323E-1
1.250832904E1,9.873687744E0,-6.177040339E-1,1.675941199E-1
1.251033638E1,9.849745750E0,-6.105214357E-1,1.651999205E-1
1.251233923E1,9.813833237E0,-5.913678408E-1,1.436520964E-1
1.251440773E1,9.801861763E0,-5.865794420E-1,1.388636976E-1
1.251644231E1,9.775525093E0,-5.722141862E-1,1.412578970E-1
1.251851119E1,9.742006302E0,-5.650315881E-1,1.412578970E-1
1.252054585E1,9.737217903E0,-5.506663918E-1,1.364694983E-1
1.252261465E1,9.725247383E0,-5.530605912E-1,1.316810995E-1
1.252464977E1,9.698910713E0,-5.363011956E-1,1.436520964E-1
1.252671858E1,9.703699112E0,-5.339069963E-1,1.508347094E-1
1.252875300E1,9.701305389E0,-5.243301988E-1,1.484405100E-1
1.253075773E1,9.670180321E0,-5.027823448E-1,1.556231081E-1
1.253287692E1,9.672574997E0,-5.027823448E-1,1.699883193E-1
1.253481873E1,9.674968719E0,-4.955997467E-1,1.628057212E-1
1.253681850E1,9.672574997E0,-4.812345505E-1,1.699883193E-1
1.253888677E1,9.670180321E0,-4.692635238E-1,1.795651317E-1
1.254092042E1,9.662998199E0,-4.740519226E-1,1.651999205E-1
1.254298884E1,9.662998199E0,-4.525041282E-1,1.675941199E-1
1.254502304E1,9.670180321E0,-4.477157295E-1,1.651999205E-1
1.254709104E1,9.655815125E0,-4.453215301E-1,1.604115069E-1
1.254912519E1,9.660603523E0,-4.165911078E-1,1.628057212E-1
1.255113108E1,9.670180321E0,-4.333505034E-1,1.556231081E-1
1.255331850E1,9.679757118E0,-4.333505034E-1,1.532289088E-1
1.255515400E1,9.691728592E0,-4.213795066E-1,1.460463107E-1
1.255715342E1,9.703699112E0,-4.189853072E-1,1.436520964E-1
1.255922204E1,9.713275909E0,-4.118026793E-1,1.436520964E-1
1.256125661E1,9.722852707E0,-4.046200812E-1,1.292868853E-1
1.256332519E1,9.703699112E0,-4.237737060E-1,1.244984865E-1
1.256535973E1,9.710882187E0,-4.237737060E-1,1.221042871E-1
1.256742846E1,9.742006302E0,-4.189853072E-1,1.077390760E-1
1.256946277E1,9.749189377E0,-4.094084799E-1,9.097966552E-2
1.257146808E1,9.753977776E0,-4.141969085E-1,9.576806426E-2
1.257349942E1,9.775525093E0,-4.261679053E-1,7.900865376E-2
1.257556781E1,9.797073364E0,-4.405331016E-1,5.267243832E-2
1.257760234E1,9.799467087E0,-4.381389022E-1,3.591302410E-2
1.257967119E1,9.823410034E0,-4.477157295E-1,2.394201607E-2
1.258170592E1,9.849745750E0,-4.429273009E-1,-4.788403399E-3
1.258377446E1,9.864110947E0,-4.477157295E-1,-1.197100803E-2
1.258580896E1,9.861717224E0,-4.668693244E-1,-2.633621916E-2
1.258787708E1,9.907206535E0,-4.716577232E-1,-5.746084079E-2
1.258991096E1,9.938331604E0,-4.740519226E-1,-7.182604820E-2
1.259191688E1,9.959878922E0,-5.027823448E-1,-8.140286058E-2
1.259391819E1,9.967061996E0,-5.147533417E-1,-1.125274822E-1
1.259598638E1,9.969455719E0,-5.243301988E-1,-1.412578970E-1
1.259802054E1,9.964667320E0,-5.363011956E-1,-1.532289088E-1
1.260008877E1,9.995792389E0,-5.363011956E-1,-1.675941199E-1
1.260212311E1,1.001494598E1,-5.315127969E-1,-1.915361285E-1
1.260419142E1,1.002212811E1,-5.386953950E-1,-2.059013397E-1
1.260622565E1,1.002931118E1,-5.434837937E-1,-2.370259613E-1
1.260829454E1,1.003649330E1,-5.722141862E-1,-2.633621991E-1
1.261032873E1,1.004607010E1,-5.746083856E-1,-2.777273953E-1
1.261233265E1,1.004607010E1,-5.746083856E-1,-3.064578176E-1
1.261445154E1,1.004607010E1,-5.817909837E-1,-3.256114423E-1
1.261639192E1,1.004367638E1,-5.841852427E-1,-3.375824392E-1
1.261839138E1,1.004846478E1,-5.722141862E-1,-3.543418646E-1
1.262045981E1,1.005804157E1,-5.889736414E-1,-3.687070608E-1
1.262249415E1,1.006522369E1,-5.961562395E-1,-3.639186621E-1
1.262456246E1,1.008677197E1,-5.817909837E-1,-3.806780577E-1
1.262659715E1,1.009156036E1,-5.817909837E-1,-3.998316824E-1
1.262866584E1,1.009874249E1,-5.770025849E-1,-3.998316824E-1
1.263070019E1,1.009874249E1,-5.841852427E-1,-4.141969085E-1
1.263270511E1,1.008677197E1,-6.009446383E-1,-4.261679053E-1
1.263482904E1,1.005804157E1,-6.153098345E-1,-4.237737060E-1
1.263673369E1,1.005564690E1,-6.105214357E-1,-4.261679053E-1
1.263873288E1,1.005564690E1,-6.081272364E-1,-4.429273009E-1
1.264080088E1,1.004367638E1,-6.153098345E-1,-4.381389022E-1
1.264283496E1,1.005085850E1,-6.033388376E-1,-4.237737060E-1
1.264490281E1,1.003649330E1,-6.105214357E-1,-4.261679053E-1
1.264693738E1,9.995792389E0,-6.057330370E-1,-4.381389022E-1
1.264900604E1,9.983820915E0,-5.865794420E-1,-4.333505034E-1
1.265104031E1,9.979032516E0,-5.722141862E-1,-4.309563041E-1
1.265304492E1,9.976638794E0,-5.746083856E-1,-4.237737060E-1
1.265504423E1,9.969455719E0,-5.746083856E-1,-4.189853072E-1
1.265711258E1,9.947908401E0,-5.722141862E-1,-4.118026793E-1
1.265914684E1,9.931148529E0,-5.650315881E-1,-4.141969085E-1
1.266121504E1,9.919178009E0,-5.626373887E-1,-4.189853072E-1
1.266324946E1,9.890447617E0,-5.626373887E-1,-4.165911078E-1
1.266527323E1,9.873687744E0,-5.386953950E-1,-4.189853072E-1
1.266727261E1,9.871294022E0,-5.410895944E-1,-4.118026793E-1
1.266934146E1,9.856928825E0,-5.291185975E-1,-4.165911078E-1
1.267137600E1,9.849745750E0,-5.147533417E-1,-4.165911078E-1
1.267338204E1,9.847352028E0,-4.979939461E-1,-4.118026793E-1
1.267538604E1,9.849745750E0,-4.644751251E-1,-4.165911078E-1
1.267745477E1,9.837775230E0,-4.788403511E-1,-4.141969085E-1
1.267948908E1,9.835380554E0,-4.668693244E-1,-4.070142806E-1
1.268155769E1,9.828198433E0,-4.716577232E-1,-3.950432837E-1
1.268359215E1,9.825803757E0,-4.644751251E-1,-3.902548850E-1
1.268566034E1,9.825803757E0,-4.644751251E-1,-3.926490843E-1
1.268769461E1,9.823410034E0,-4.668693244E-1,-3.926490843E-1
1.268976331E1,9.797073364E0,-4.525041282E-1,-3.782838583E-1
1.269179788E1,9.792284966E0,-4.620809257E-1,-3.734954596E-1
1.269380292E1,9.792284966E0,-4.668693244E-1,-3.687070608E-1
1.269592208E1,9.789890289E0,-4.620809257E-1,-3.495534360E-1
1.269786215E1,9.777919769E0,-4.668693244E-1,-3.519476354E-1
1.269986188E1,9.787496567E0,-4.836287498E-1,-3.543418646E-1
1.270193050E1,9.782708168E0,-4.620809257E-1,-3.375824392E-1
1.270396519E1,9.777919769E0,-4.644751251E-1,-3.399766386E-1
1.270603377E1,9.770736694E0,-4.572925270E-1,-3.351882398E-1
1.270806854E1,9.768342972E0,-4.644751251E-1,-3.327940404E-1
1.271013658E1,9.789890289E0,-4.644751251E-1,-3.303998411E-1
1.271217031E1,9.801861763E0,-4.572925270E-1,-3.232172430E-1
1.271417550E1,9.801861763E0,-4.477157295E-1,-3.303998411E-1
1.271636346E1,9.818621635E0,-4.381389022E-1,-3.519476354E-1
1.271819900E1,9.811438560E0,-4.261679053E-1,-3.543418646E-1
1.272019858E1,9.823410034E0,-4.261679053E-1,-3.591302633E-1
1.272226711E1,9.832986832E0,-4.309563041E-1,-3.806780577E-1
1.272430150E1,9.835380554E0,-4.189853072E-1,-3.926490843E-1
1.272636965E1,9.856928825E0,-4.141969085E-1,-4.070142806E-1
1.272840377E1,9.873687744E0,-3.950432837E-1,-4.333505034E-1
1.273047196E1,9.864110947E0,-4.046200812E-1,-4.453215301E-1
1.273250600E1,9.842563629E0,-3.950432837E-1,-4.644751251E-1
1.273450992E1,9.864110947E0,-3.998316824E-1,-4.644751251E-1
1.273654065E1,9.880870819E0,-3.974374831E-1,-4.596867263E-1
1.273860850E1,9.890447617E0,-3.974374831E-1,-4.812345505E-1
1.274064211E1,9.895236015E0,-4.141969085E-1,-4.716577232E-1
1.274271065E1,9.895236015E0,-4.165911078E-1,-4.764461517E-1
1.274474515E1,9.911994934E0,-4.237737060E-1,-4.955997467E-1
1.274681373E1,9.895236015E0,-4.141969085E-1,-5.051765442E-1
1.274884784E1,9.902418137E0,-4.189853072E-1,-5.267243981E-1
1.275091692E1,9.911994934E0,-4.165911078E-1,-5.386953950E-1
1.275295119E1,9.919178009E0,-4.237737060E-1,-5.458779931E-1
1.275495634E1,9.914389610E0,-4.285621047E-1,-5.506663918E-1
1.275695815E1,9.907206535E0,-4.309563041E-1,-5.602431893E-1
1.275902631E1,9.897629738E0,-4.477157295E-1,-5.698199868E-1
1.276106023E1,9.921571732E0,-4.501099288E-1,-5.889736414E-1
1.276312834E1,9.928754807E0,-4.477157295E-1,-5.913678408E-1
1.276516223E1,9.916783333E0,-4.596867263E-1,-5.817909837E-1
1.276723019E1,9.907206535E0,-4.668693244E-1,-5.746083856E-1
1.276926450E1,9.897629738E0,-4.644751251E-1,-5.793967843E-1
1.277133292E1,9.892841339E0,-4.692635238E-1,-5.793967843E-1
1.277336742E1,9.892841339E0,-4.692635238E-1,-5.746083856E-1
1.277537242E1,9.897629738E0,-4.836287498E-1,-5.770025849E-1
1.277749100E1,9.892841339E0,-4.836287498E-1,-5.841852427E-1
1.277943084E1,9.900024414E0,-4.812345505E-1,-5.841852427E-1
1.278142996E1,9.897629738E0,-4.908113480E-1,-5.793967843E-1
1.278349834E1,9.895236015E0,-4.932055473E-1,-5.698199868E-1
1.278553269E1,9.904812813E0,-4.836287498E-1,-5.698199868E-1
1.278760154E1,9.900024414E0,-4.740519226E-1,-5.650315881E-1
1.278963634E1,9.900024414E0,-4.788403511E-1,-5.626373887E-1
1.279170565E1,9.907206535E0,-4.788403511E-1,-5.506663918E-1
1.279374008E1,9.900024414E0,-4.668693244E-1,-5.315127969E-1
1.279574673E1,9.902418137E0,-4.429273009E-1,-5.243301988E-1
1.279787227E1,9.892841339E0,-4.429273009E-1,-5.195417404E-1
1.279977738E1,9.892841339E0,-4.405331016E-1,-5.195417404E-1
1.280177734E1,9.885659218E0,-4.357447028E-1,-4.860229492E-1
1.280384592E1,9.883264542E0,-4.477157295E-1,-4.764461517E-1
1.280588096E1,9.888052940E0,-4.525041282E-1,-4.620809257E-1
1.280794977E1,9.892841339E0,-4.525041282E-1,-4.548983276E-1
1.280998446E1,9.895236015E0,-4.668693244E-1,-4.381389022E-1
1.281205331E1,9.900024414E0,-4.572925270E-1,-4.213795066E-1
1.281408804E1,9.900024414E0,-4.548983276E-1,-4.165911078E-1
1.281609365E1,9.919178009E0,-4.620809257E-1,-4.070142806E-1
1.281812442E1,9.923966408E0,-4.596867263E-1,-3.854664862E-1
1.282019365E1,9.916783333E0,-4.764461517E-1,-3.830722570E-1
1.282222869E1,9.916783333E0,-4.836287498E-1,-3.806780577E-1
1.282429815E1,9.931148529E0,-5.027823448E-1,-3.734954596E-1
1.282633354E1,9.928754807E0,-5.027823448E-1,-3.734954596E-1
1.282840273E1,9.950302124E0,-5.003881454E-1,-3.711012602E-1
1.283043777E1,9.931148529E0,-5.195417404E-1,-3.734954596E-1
1.283250715E1,9.928754807E0,-5.219359994E-1,-3.567360640E-1
1.283454242E1,9.931148529E0,-5.291185975E-1,-3.639186621E-1
1.283654904E1,9.933543205E0,-5.506663918E-1,-3.591302633E-1
1.283855088E1,9.940725327E0,-5.458779931E-1,-3.543418646E-1
1.284061981E1,9.940725327E0,-5.410895944E-1,-3.423708379E-1
1.284265434E1,9.923966408E0,-5.434837937E-1,-3.471592367E-1
1.284472315E1,9.914389610E0,-5.363011956E-1,-3.471592367E-1
1.284675769E1,9.919178009E0,-5.386953950E-1,-3.447650373E-1
1.284882654E1,9.959878922E0,-5.434837937E-1,-3.471592367E-1
1.285086130E1,9.926360130E0,-5.363011956E-1,-3.543418646E-1
1.285293015E1,9.919178009E0,-5.315127969E-1,-3.399766386E-1
1.285496504E1,9.911994934E0,-5.410895944E-1,-3.375824392E-1
1.285696965E1,9.911994934E0,-5.482721925E-1,-3.471592367E-1
1.285908934E1,9.911994934E0,-5.506663918E-1,-3.519476354E-1
1.286102954E1,9.904812813E0,-5.291185975E-1,-3.471592367E-1
1.286302904E1,9.909601212E0,-5.123591423E-1,-3.327940404E-1
1.286509773E1,9.907206535E0,-5.171475410E-1,-3.423708379E-1
1.286713234E1,9.895236015E0,-5.027823448E-1,-3.591302633E-1
1.286920127E1,9.885659218E0,-5.195417404E-1,-3.734954596E-1
1.287123554E1,9.878476143E0,-5.267243981E-1,-3.854664862E-1
1.287330469E1,9.859322548E0,-5.267243981E-1,-3.878606856E-1
1.287533934E1,9.873687744E0,-5.195417404E-1,-4.070142806E-1
1.287734454E1,9.868899345E0,-5.171475410E-1,-4.165911078E-1
1.287953207E1,9.856928825E0,-5.003881454E-1,-4.285621047E-1
1.288136804E1,9.866505623E0,-4.932055473E-1,-4.668693244E-1
1.288336715E1,9.854534149E0,-4.932055473E-1,-4.716577232E-1
1.288543554E1,9.873687744E0,-4.932055473E-1,-4.932055473E-1
1.288746927E1,9.866505623E0,-4.955997467E-1,-4.955997467E-1
1.288953719E1,9.876082420E0,-4.932055473E-1,-4.979939461E-1
1.289157131E1,9.866505623E0,-4.812345505E-1,-5.027823448E-1
1.289363961E1,9.854534149E0,-4.884171486E-1,-5.051765442E-1
1.289567465E1,9.871294022E0,-4.884171486E-1,-5.123591423E-1
1.289767988E1,9.876082420E0,-4.812345505E-1,-5.171475410E-1
1.289971104E1,9.864110947E0,-4.860229492E-1,-5.219359994E-1
1.290177969E1,9.868899345E0,-4.788403511E-1,-5.291185975E-1
1.290381415E1,9.888052940E0,-4.884171486E-1,-5.267243981E-1
1.290588277E1,9.876082420E0,-5.051765442E-1,-5.219359994E-1
1.290791731E1,9.873687744E0,-4.979939461E-1,-5.339069963E-1
1.290994204E1,9.876082420E0,-5.003881454E-1,-5.386953950E-1
1.291194200E1,9.878476143E0,-4.884171486E-1,-5.434837937E-1
1.291401188E1,9.900024414E0,-5.051765442E-1,-5.410895944E-1
1.291604673E1,9.892841339E0,-5.051765442E-1,-5.410895944E-1
1.291805254E1,9.892841339E0,-5.147533417E-1,-5.410895944E-1
1.292005673E1,9.888052940E0,-5.051765442E-1,-5.339069963E-1
1.292212538E1,9.885659218E0,-5.027823448E-1,-5.363011956E-1
1.292416000E1,9.909601212E0,-5.123591423E-1,-5.506663918E-1
1.292622900E1,9.904812813E0,-5.219359994E-1,-5.410895944E-1
1.292826396E1,9.911994934E0,-5.386953950E-1,-5.386953950E-1
1.293033331E1,9.909601212E0,-5.363011956E-1,-5.363011956E-1
1.293236765E1,9.921571732E0,-5.363011956E-1,-5.291185975E-1
1.293443669E1,9.916783333E0,-5.291185975E-1,-5.219359994E-1
1.293647165E1,9.921571732E0,-5.291185975E-1,-5.123591423E-1
1.293847673E1,9.931148529E0,-5.458779931E-1,-5.219359994E-1
1.294059615E1,9.957485199E0,-5.458779931E-1,-5.171475410E-1
1.294253757E1,9.950302124E0,-5.434837937E-1,-5.147533417E-1
1.294453719E1,9.952696800E0,-5.482721925E-1,-5.075707436E-1
1.294660619E1,9.964667320E0,-5.434837937E-1,-5.075707436E-1
1.294864100E1,9.967061996E0,-5.626373887E-1,-5.267243981E-1
1.295070965E1,9.955090523E0,-5.746083856E-1,-5.195417404E-1
1.295274480E1,9.952696800E0,-5.889736414E-1,-5.003881454E-1
1.295481369E1,9.955090523E0,-5.841852427E-1,-4.955997467E-1
1.295684857E1,9.952696800E0,-5.746083856E-1,-4.979939461E-1
1.295885527E1,9.940725327E0,-5.722141862E-1,-4.979939461E-1
1.296098150E1,9.938331604E0,-5.698199868E-1,-5.027823448E-1
1.296288707E1,9.952696800E0,-5.674257874E-1,-4.836287498E-1
1.296488661E1,9.938331604E0,-5.722141862E-1,-4.860229492E-1
1.296695542E1,9.931148529E0,-5.722141862E-1,-4.836287498E-1
1.296899015E1,9.916783333E0,-5.865794420E-1,-4.812345505E-1
1.297105915E1,9.888052940E0,-5.889736414E-1,-4.836287498E-1
1.297309411E1,9.885659218E0,-5.865794420E-1,-4.932055473E-1
1.297516350E1,9.902418137E0,-5.841852427E-1,-4.955997467E-1
1.297719854E1,9.892841339E0,-5.817909837E-1,-4.979939461E-1
1.297920365E1,9.888052940E0,-5.722141862E-1,-4.908113480E-1
1.298123519E1,9.871294022E0,-5.722141862E-1,-4.908113480E-1
1.298330457E1,9.859322548E0,-5.722141862E-1,-4.884171486E-1
1.298533965E1,9.844957352E0,-5.746083856E-1,-4.860229492E-1
1.298740850E1,9.835380554E0,-5.554547906E-1,-4.764461517E-1
1.298944404E1,9.818621635E0,-5.482721925E-1,-4.716577232E-1
1.299151281E1,9.828198433E0,-5.506663918E-1,-4.644751251E-1
1.299354734E1,9.832986832E0,-5.506663918E-1,-4.620809257E-1
1.299561592E1,9.821015358E0,-5.339069963E-1,-4.620809257E-1
1.299765065E1,9.818621635E0,-5.434837937E-1,-4.548983276E-1
1.299965592E1,9.806650162E0,-5.386953950E-1,-4.548983276E-1
1.300165792E1,9.787496567E0,-5.363011956E-1,-4.620809257E-1
1.300372650E1,9.775525093E0,-5.434837937E-1,-4.572925270E-1
1.300576104E1,9.775525093E0,-5.434837937E-1,-4.596867263E-1
1.300782988E1,9.777919769E0,-5.315127969E-1,-4.740519226E-1
1.300986477E1,9.797073364E0,-5.195417404E-1,-4.740519226E-1
1.301193311E1,9.799467087E0,-5.075707436E-1,-4.692635238E-1
1.301396773E1,9.804255486E0,-5.003881454E-1,-4.644751251E-1
1.301603642E1,9.801861763E0,-5.147533417E-1,-4.740519226E-1
1.301807092E1,9.818621635E0,-5.099649429E-1,-4.788403511E-1
1.302007680E1,9.830592155E0,-4.836287498E-1,-4.716577232E-1
1.302219615E1,9.811438560E0,-4.884171486E-1,-4.692635238E-1
1.302413711E1,9.806650162E0,-5.003881454E-1,-4.788403511E-1
1.302613684E1,9.821015358E0,-4.932055473E-1,-4.908113480E-1
1.302820611E1,9.832986832E0,-4.908113480E-1,-4.884171486E-1
1.303024096E1,9.840168953E0,-4.908113480E-1,-4.908113480E-1
1.303231054E1,9.849745750E0,-4.908113480E-1,-4.860229492E-1
1.303434484E1,9.871294022E0,-4.955997467E-1,-4.884171486E-1
1.303641323E1,9.883264542E0,-4.884171486E-1,-4.788403511E-1
1.303844761E1,9.883264542E0,-4.812345505E-1,-4.788403511E-1
1.304045377E1,9.902418137E0,-4.932055473E-1,-4.716577232E-1
1.304264215E1,9.914389610E0,-4.788403511E-1,-4.716577232E-1
1.304447742E1,9.911994934E0,-4.716577232E-1,-4.740519226E-1
1.304647673E1,9.919178009E0,-4.860229492E-1,-4.740519226E-1
1.304854519E1,9.938331604E0,-4.908113480E-1,-4.908113480E-1
1.305057992E1,9.919178009E0,-4.932055473E-1,-4.979939461E-1
1.305264884E1,9.911994934E0,-4.908113480E-1,-5.003881454E-1
1.305468354E1,9.950302124E0,-4.932055473E-1,-4.955997467E-1
1.305675261E1,9.947908401E0,-4.955997467E-1,-4.884171486E-1
1.305878777E1,9.935936928E0,-5.003881454E-1,-4.860229492E-1
1.306079350E1,9.938331604E0,-5.075707436E-1,-4.788403511E-1
1.306282411E1,9.945513725E0,-4.979939461E-1,-4.860229492E-1
1.306489211E1,9.950302124E0,-5.051765442E-1,-4.932055473E-1
1.306692646E1,9.950302124E0,-5.051765442E-1,-4.932055473E-1
1.306899527E1,9.952696800E0,-5.003881454E-1,-4.908113480E-1
1.307102961E1,9.962273598E0,-4.979939461E-1,-4.908113480E-1
1.307309830E1,9.943120003E0,-5.099649429E-1,-4.979939461E-1
1.307513250E1,9.952696800E0,-5.171475410E-1,-4.908113480E-1
1.307720111E1,9.947908401E0,-5.003881454E-1,-4.788403511E-1
1.307923557E1,9.935936928E0,-4.908113480E-1,-4.668693244E-1
1.308124273E1,9.935936928E0,-5.003881454E-1,-4.620809257E-1
1.308324588E1,9.926360130E0,-4.860229492E-1,-4.453215301E-1
1.308531434E1,9.931148529E0,-4.908113480E-1,-4.357447028E-1
1.308734896E1,9.919178009E0,-4.860229492E-1,-4.309563041E-1
1.308941850E1,9.923966408E0,-4.860229492E-1,-4.285621047E-1
1.309145261E1,9.923966408E0,-4.884171486E-1,-4.261679053E-1
1.309352130E1,9.919178009E0,-4.812345505E-1,-4.285621047E-1
1.309555592E1,9.923966408E0,-4.812345505E-1,-4.309563041E-1
1.309762523E1,9.904812813E0,-4.788403511E-1,-4.141969085E-1
1.309966027E1,9.900024414E0,-4.716577232E-1,-4.046200812E-1
1.310166515E1,9.904812813E0,-4.668693244E-1,-3.926490843E-1
1.310378523E1,9.883264542E0,-4.812345505E-1,-3.806780577E-1
1.310572604E1,9.864110947E0,-4.764461517E-1,-3.663128614E-1
1.310772615E1,9.856928825E0,-4.740519226E-1,-3.615244627E-1
1.310979515E1,9.859322548E0,-4.692635238E-1,-3.663128614E-1
1.311183004E1,9.864110947E0,-4.596867263E-1,-3.687070608E-1
1.311389904E1,9.861717224E0,-4.620809257E-1,-3.734954596E-1
1.311593404E1,9.852140427E0,-4.644751251E-1,-3.615244627E-1
1.311800334E1,9.818621635E0,-4.596867263E-1,-3.591302633E-1
1.312003842E1,9.816226959E0,-4.644751251E-1,-3.543418646E-1
1.312204500E1,9.809044838E0,-4.644751251E-1,-3.471592367E-1
1.312417150E1,9.799467087E0,-4.572925270E-1,-3.591302633E-1
1.312607711E1,9.804255486E0,-4.548983276E-1,-3.663128614E-1
1.312807719E1,9.801861763E0,-4.596867263E-1,-3.567360640E-1
1.313014630E1,9.797073364E0,-4.548983276E-1,-3.495534360E-1
1.313218107E1,9.809044838E0,-4.620809257E-1,-3.495534360E-1
1.313425034E1,9.823410034E0,-4.548983276E-1,-3.375824392E-1
1.313628507E1,9.809044838E0,-4.501099288E-1,-3.303998411E-1
1.313835365E1,9.789890289E0,-4.596867263E-1,-3.375824392E-1
1.314038865E1,9.794678688E0,-4.596867263E-1,-3.423708379E-1
1.314239434E1,9.799467087E0,-4.429273009E-1,-3.327940404E-1
1.314442615E1,9.809044838E0,-4.405331016E-1,-3.423708379E-1
1.314649496E1,9.809044838E0,-4.525041282E-1,-3.375824392E-1
1.314852980E1,9.821015358E0,-4.357447028E-1,-3.112462163E-1
1.315059884E1,9.825803757E0,-4.333505034E-1,-3.112462163E-1
1.315263361E1,9.823410034E0,-4.405331016E-1,-3.016694188E-1
1.315465819E1,9.821015358E0,-4.501099288E-1,-3.064578176E-1
1.315665788E1,9.811438560E0,-4.501099288E-1,-3.160346150E-1
1.315872715E1,9.811438560E0,-4.501099288E-1,-3.112462163E-1
1.316076188E1,9.818621635E0,-4.501099288E-1,-3.088520169E-1
1.316276861E1,9.823410034E0,-4.548983276E-1,-3.016694188E-1
1.316477442E1,9.821015358E0,-4.596867263E-1,-2.968810201E-1
1.316684342E1,9.842563629E0,-4.644751251E-1,-3.112462163E-1
1.316887850E1,9.816226959E0,-4.668693244E-1,-3.088520169E-1
1.317094757E1,9.816226959E0,-4.620809257E-1,-3.088520169E-1
1.317298242E1,9.811438560E0,-4.644751251E-1,-3.040636182E-1
1.317505119E1,9.821015358E0,-4.812345505E-1,-2.944868207E-1
1.317708650E1,9.825803757E0,-4.740519226E-1,-2.920926213E-1
1.317915569E1,9.842563629E0,-4.740519226E-1,-2.968810201E-1
1.318119061E1,9.868899345E0,-4.955997467E-1,-3.064578176E-1
1.318319615E1,9.873687744E0,-4.979939461E-1,-3.088520169E-1
1.318531988E1,9.873687744E0,-4.860229492E-1,-3.064578176E-1
1.318722588E1,9.861717224E0,-4.740519226E-1,-3.016694188E-1
1.318922596E1,9.864110947E0,-4.740519226E-1,-3.160346150E-1
1.319129519E1,9.876082420E0,-4.812345505E-1,-3.351882398E-1
1.319332977E1,9.873687744E0,-4.836287498E-1,-3.495534360E-1
1.319539861E1,9.844957352E0,-5.051765442E-1,-3.543418646E-1
1.319743354E1,9.861717224E0,-5.027823448E-1,-3.567360640E-1
1.319950246E1,9.868899345E0,-4.932055473E-1,-3.567360640E-1
1.320153704E1,9.861717224E0,-4.908113480E-1,-3.519476354E-1
1.320354330E1,9.871294022E0,-4.979939461E-1,-3.543418646E-1
1.320573273E1,9.888052940E0,-4.908113480E-1,-3.543418646E-1
1.320756857E1,9.888052940E0,-4.932055473E-1,-3.567360640E-1
1.320956827E1,9.890447617E0,-4.932055473E-1,-3.591302633E-1
1.321163738E1,9.904812813E0,-5.003881454E-1,-3.591302633E-1
1.321367246E1,9.902418137E0,-4.860229492E-1,-3.543418646E-1
1.321574157E1,9.904812813E0,-4.836287498E-1,-3.543418646E-1
1.321777611E1,9.888052940E0,-4.932055473E-1,-3.495534360E-1
1.321984480E1,9.907206535E0,-5.003881454E-1,-3.639186621E-1
1.322187930E1,9.902418137E0,-5.051765442E-1,-3.615244627E-1
1.322388488E1,9.885659218E0,-5.051765442E-1,-3.543418646E-1
1.322591669E1,9.890447617E0,-5.075707436E-1,-3.615244627E-1
1.322798561E1,9.885659218E0,-5.003881454E-1,-3.663128614E-1
1.323002054E1,9.873687744E0,-4.932055473E-1,-3.639186621E-1
1.323208973E1,9.868899345E0,-4.788403511E-1,-3.543418646E-1
1.323412419E1,9.868899345E0,-4.740519226E-1,-3.423708379E-1
1.323619319E1,9.868899345E0,-4.860229492E-1,-3.519476354E-1
1.323822784E1,9.880870819E0,-4.908113480E-1,-3.519476354E-1
1.324029707E1,9.876082420E0,-4.908113480E-1,-3.471592367E-1
1.324233203E1,9.873687744E0,-4.908113480E-1,-3.471592367E-1
1.324433815E1,9.849745750E0,-4.955997467E-1,-3.327940404E-1
1.324634230E1,9.828198433E0,-4.884171486E-1,-3.256114423E-1
1.324841134E1,9.825803757E0,-4.788403511E-1,-3.232172430E-1
1.325044607E1,9.844957352E0,-4.908113480E-1,-3.208230138E-1
1.325251465E1,9.842563629E0,-5.003881454E-1,-3.136404157E-1
1.325454915E1,9.828198433E0,-5.051765442E-1,-3.136404157E-1
1.325661769E1,9.832986832E0,-5.003881454E-1,-3.040636182E-1
1.325865242E1,9.832986832E0,-4.955997467E-1,-3.088520169E-1
1.326072157E1,9.825803757E0,-4.979939461E-1,-3.112462163E-1
1.326275657E1,9.825803757E0,-4.979939461E-1,-3.040636182E-1
1.326476265E1,9.818621635E0,-5.123591423E-1,-2.944868207E-1
1.326688461E1,9.811438560E0,-5.075707436E-1,-2.849099934E-1
1.326882650E1,9.813833237E0,-4.860229492E-1,-2.777273953E-1
1.327082584E1,9.818621635E0,-4.932055473E-1,-2.896983922E-1
1.327289427E1,9.825803757E0,-4.955997467E-1,-2.968810201E-1
1.327492876E1,9.818621635E0,-4.908113480E-1,-2.849099934E-1
1.327699750E1,9.825803757E0,-4.812345505E-1,-2.825157940E-1
1.327903238E1,9.821015358E0,-4.812345505E-1,-2.777273953E-1
1.328110119E1,9.821015358E0,-4.644751251E-1,-2.753331959E-1
1.328313580E1,9.844957352E0,-4.620809257E-1,-2.705447972E-1
1.328514161E1,9.849745750E0,-4.716577232E-1,-2.657563984E-1
1.328726800E1,9.856928825E0,-4.788403511E-1,-2.561795712E-1
1.328917326E1,9.844957352E0,-4.620809257E-1,-2.561795712E-1
1.329117311E1,9.864110947E0,-4.644751251E-1,-2.537853718E-1
1.329324157E1,9.871294022E0,-4.668693244E-1,-2.466027737E-1
1.329527588E1,9.880870819E0,-4.692635238E-1,-2.513911724E-1
1.329734469E1,9.883264542E0,-4.740519226E-1,-2.513911724E-1
1.329937888E1,9.868899345E0,-4.764461517E-1,-2.466027737E-1
1.330144730E1,9.888052940E0,-4.860229492E-1,-2.442085743E-1
1.330348130E1,9.923966408E0,-4.932055473E-1,-2.489969730E-1
1.330548677E1,9.919178009E0,-4.884171486E-1,-2.513911724E-1
1.330748573E1,9.900024414E0,-4.979939461E-1,-2.489969730E-1
1.330955411E1,9.895236015E0,-5.003881454E-1,-2.633621991E-1
1.331158784E1,9.890447617E0,-5.027823448E-1,-2.609679997E-1
1.331365653E1,9.890447617E0,-5.027823448E-1,-2.513911724E-1
1.331569088E1,9.902418137E0,-4.836287498E-1,-2.561795712E-1
1.331775957E1,9.907206535E0,-4.788403511E-1,-2.561795712E-1
1.331979400E1,9.916783333E0,-5.003881454E-1,-2.705447972E-1
1.332186257E1,9.940725327E0,-4.908113480E-1,-2.753331959E-1
1.332389676E1,9.938331604E0,-4.908113480E-1,-2.705447972E-1
1.332590265E1,9.919178009E0,-4.884171486E-1,-2.777273953E-1
1.332790557E1,9.923966408E0,-4.908113480E-1,-2.968810201E-1
1.332997411E1,9.928754807E0,-4.836287498E-1,-2.920926213E-1
1.333200834E1,9.931148529E0,-4.740519226E-1,-2.873041928E-1
1.333407692E1,9.923966408E0,-4.788403511E-1,-2.896983922E-1
1.333611153E1,9.911994934E0,-4.525041282E-1,-3.088520169E-1
1.333817984E1,9.909601212E0,-4.429273009E-1,-3.160346150E-1
1.334021434E1,9.919178009E0,-4.405331016E-1,-3.160346150E-1
1.334228234E1,9.907206535E0,-4.429273009E-1,-3.280056417E-1
1.334431673E1,9.900024414E0,-4.477157295E-1,-3.303998411E-1
1.334632150E1,9.895236015E0,-4.668693244E-1,-3.256114423E-1
1.334844146E1,9.890447617E0,-4.596867263E-1,-3.303998411E-1
1.335038192E1,9.895236015E0,-4.668693244E-1,-3.303998411E-1
1.335238146E1,9.883264542E0,-4.836287498E-1,-3.327940404E-1
1.335445088E1,9.859322548E0,-4.668693244E-1,-3.208230138E-1
1.335648573E1,9.859322548E0,-4.620809257E-1,-3.112462163E-1
1.335855426E1,9.876082420E0,-4.716577232E-1,-3.160346150E-1
1.336058896E1,9.856928825E0,-4.716577232E-1,-3.160346150E-1
1.336265792E1,9.852140427E0,-4.692635238E-1,-3.136404157E-1
1.336469257E1,9.847352028E0,-4.764461517E-1,-3.136404157E-1
1.336669803E1,9.852140427E0,-4.860229492E-1,-3.112462163E-1
1.336888715E1,9.852140427E0,-5.003881454E-1,-3.064578176E-1
1.337072300E1,9.844957352E0,-5.003881454E-1,-3.064578176E-1
1.337272207E1,9.828198433E0,-5.027823448E-1,-2.920926213E-1
1.337479061E1,9.813833237E0,-5.003881454E-1,-2.968810201E-1
1.337682515E1,9.816226959E0,-4.955997467E-1,-2.968810201E-1
1.337889392E1,9.847352028E0,-5.195417404E-1,-2.968810201E-1
1.338092842E1,9.852140427E0,-5.171475410E-1,-2.873041928E-1
1.338299753E1,9.837775230E0,-5.147533417E-1,-2.968810201E-1
1.338503211E1,9.847352028E0,-5.075707436E-1,-3.136404157E-1
1.338703723E1,9.844957352E0,-5.195417404E-1,-3.112462163E-1
1.338906934E1,9.840168953E0,-5.219359994E-1,-3.016694188E-1
1.339113834E1,9.849745750E0,-5.267243981E-1,-2.992752194E-1
1.339317323E1,9.856928825E0,-5.291185975E-1,-2.801215947E-1
1.339524177E1,9.856928825E0,-5.219359994E-1,-2.801215947E-1
1.339727719E1,9.861717224E0,-5.195417404E-1,-2.896983922E-1
1.339930219E1,9.864110947E0,-5.267243981E-1,-2.920926213E-1
1.340130238E1,9.849745750E0,-5.195417404E-1,-2.944868207E-1
1.340337130E1,9.844957352E0,-5.147533417E-1,-2.873041928E-1
1.340540596E1,9.852140427E0,-5.075707436E-1,-2.777273953E-1
1.340741250E1,9.856928825E0,-5.051765442E-1,-2.729389966E-1
1.340941800E1,9.878476143E0,-5.147533417E-1,-2.705447972E-1
1.341148657E1,9.876082420E0,-5.195417404E-1,-2.609679997E-1
1.341352092E1,9.873687744E0,-5.219359994E-1,-2.657563984E-1
1.341558911E1,9.876082420E0,-5.195417404E-1,-2.513911724E-1
1.341762376E1,9.885659218E0,-5.123591423E-1,-2.418143749E-1
1.341969253E1,9.883264542E0,-5.147533417E-1,-2.394201756E-1
1.342172734E1,9.897629738E0,-5.123591423E-1,-2.489969730E-1
1.342379623E1,9.883264542E0,-5.243301988E-1,-2.561795712E-1
1.342583088E1,9.883264542E0,-5.219359994E-1,-2.513911724E-1
1.342783607E1,9.873687744E0,-5.195417404E-1,-2.394201756E-1
1.342995730E1,9.876082420E0,-5.027823448E-1,-2.394201756E-1
1.343189796E1,9.873687744E0,-5.051765442E-1,-2.370259613E-1
1.343389738E1,9.866505623E0,-5.075707436E-1,-2.442085743E-1
1.343596700E1,9.885659218E0,-4.955997467E-1,-2.274491638E-1
1.343800207E1,9.876082420E0,-4.812345505E-1,-2.298433632E-1
1.344007100E1,9.864110947E0,-4.860229492E-1,-2.346317619E-1
1.344210584E1,9.856928825E0,-4.955997467E-1,-2.394201756E-1
1.344417480E1,9.849745750E0,-5.099649429E-1,-2.489969730E-1
1.344620930E1,9.849745750E0,-5.051765442E-1,-2.489969730E-1
1.344821588E1,9.852140427E0,-4.932055473E-1,-2.466027737E-1
1.345034292E1,9.849745750E0,-4.955997467E-1,-2.513911724E-1
1.345224842E1,9.840168953E0,-4.932055473E-1,-2.537853718E-1
1.345424834E1,9.840168953E0,-4.884171486E-1,-2.753331959E-1
1.345631776E1,9.840168953E0,-4.836287498E-1,-2.705447972E-1
1.345835276E1,9.832986832E0,-4.692635238E-1,-2.705447972E-1
1.346042180E1,9.835380554E0,-4.596867263E-1,-2.801215947E-1
1.346245615E1,9.844957352E0,-4.525041282E-1,-2.849099934E-1
1.346452515E1,9.837775230E0,-4.501099288E-1,-2.777273953E-1
1.346655965E1,9.825803757E0,-4.572925270E-1,-2.873041928E-1
1.346856473E1,9.830592155E0,-4.716577232E-1,-2.944868207E-1
1.347059569E1,9.835380554E0,-4.788403511E-1,-2.825157940E-1
1.347266442E1,9.837775230E0,-4.620809257E-1,-2.753331959E-1
1.347469911E1,9.835380554E0,-4.525041282E-1,-2.801215947E-1
1.347676776E1,9.821015358E0,-4.596867263E-1,-2.825157940E-1
1.347880234E1,9.840168953E0,-4.716577232E-1,-2.729389966E-1
1.348087073E1,9.830592155E0,-4.764461517E-1,-2.729389966E-1
1.348290534E1,9.823410034E0,-4.788403511E-1,-2.753331959E-1
1.348497423E1,9.825803757E0,-4.716577232E-1,-2.705447972E-1
1.348700892E1,9.852140427E0,-4.548983276E-1,-2.729389966E-1
1.348901580E1,9.844957352E0,-4.548983276E-1,-2.753331959E-1
1.349101923E1,9.837775230E0,-4.548983276E-1,-2.777273953E-1
1.349308765E1,9.837775230E0,-4.548983276E-1,-2.801215947E-1
1.349512246E1,9.849745750E0,-4.525041282E-1,-2.777273953E-1
1.349719161E1,9.861717224E0,-4.596867263E-1,-2.753331959E-1
1.349922607E1,9.876082420E0,-4.692635238E-1,-2.849099934E-1
1.350129461E1,9.873687744E0,-4.620809257E-1,-2.873041928E-1
1.350332900E1,9.868899345E0,-4.668693244E-1,-2.873041928E-1
1.350539765E1,9.864110947E0,-4.740519226E-1,-2.873041928E-1
1.350743184E1,9.868899345E0,-4.884171486E-1,-2.777273953E-1
1.350943657E1,9.873687744E0,-4.884171486E-1,-2.729389966E-1
1.351155630E1,9.876082420E0,-4.932055473E-1,-2.681505978E-1
1.351349592E1,9.880870819E0,-5.003881454E-1,-2.896983922E-1
1.351549473E1,9.876082420E0,-5.027823448E-1,-2.968810201E-1
1.351756265E1,9.895236015E0,-5.003881454E-1,-3.064578176E-1
1.351959711E1,9.888052940E0,-4.884171486E-1,-3.064578176E-1
1.352166542E1,9.897629738E0,-4.932055473E-1,-3.040636182E-1
1.352369973E1,9.916783333E0,-5.075707436E-1,-2.873041928E-1
1.352576803E1,9.926360130E0,-5.051765442E-1,-2.825157940E-1
1.352780261E1,9.952696800E0,-4.979939461E-1,-2.968810201E-1
1.352980896E1,9.947908401E0,-5.051765442E-1,-2.920926213E-1
1.353199857E1,9.938331604E0,-5.051765442E-1,-2.873041928E-1
1.353383461E1,9.914389610E0,-5.123591423E-1,-2.849099934E-1
1.353583461E1,9.919178009E0,-4.979939461E-1,-2.920926213E-1
1.353790330E1,9.926360130E0,-5.147533417E-1,-2.849099934E-1
1.353993815E1,9.943120003E0,-5.291185975E-1,-2.801215947E-1
1.354200719E1,9.947908401E0,-5.219359994E-1,-2.729389966E-1
1.354404230E1,9.940725327E0,-5.171475410E-1,-2.849099934E-1
1.354611173E1,9.928754807E0,-5.243301988E-1,-2.896983922E-1
1.354814642E1,9.935936928E0,-5.363011956E-1,-2.849099934E-1
1.355015046E1,9.931148529E0,-5.219359994E-1,-2.849099934E-1
1.355218292E1,9.938331604E0,-5.099649429E-1,-2.944868207E-1
1.355425126E1,9.945513725E0,-5.027823448E-1,-2.968810201E-1
1.355628573E1,9.919178009E0,-5.171475410E-1,-2.920926213E-1
1.355835407E1,9.916783333E0,-5.123591423E-1,-2.825157940E-1
1.356038823E1,9.919178009E0,-5.075707436E-1,-2.825157940E-1
1.356245646E1,9.916783333E0,-4.979939461E-1,-2.849099934E-1
1.356449030E1,9.911994934E0,-5.075707436E-1,-2.920926213E-1
1.356655811E1,9.909601212E0,-5.027823448E-1,-2.896983922E-1
1.356859200E1,9.890447617E0,-4.836287498E-1,-2.729389966E-1
1.357059792E1,9.895236015E0,-4.716577232E-1,-2.681505978E-1
1.357260088E1,9.892841339E0,-4.668693244E-1,-2.657563984E-1
1.357466969E1,9.885659218E0,-4.620809257E-1,-2.633621991E-1
1.357670400E1,9.885659218E0,-4.740519226E-1,-2.513911724E-1
1.357877242E1,9.885659218E0,-4.740519226E-1,-2.442085743E-1
1.358080626E1,9.883264542E0,-4.692635238E-1,-2.442085743E-1
1.358287423E1,9.866505623E0,-4.548983276E-1,-2.370259613E-1
1.358490834E1,9.856928825E0,-4.525041282E-1,-2.226607651E-1
1.358697634E1,9.852140427E0,-4.477157295E-1,-2.298433632E-1
1.358900976E1,9.837775230E0,-4.405331016E-1,-2.346317619E-1
1.359101476E1,9.840168953E0,-4.477157295E-1,-2.250549644E-1
1.359313373E1,9.842563629E0,-4.501099288E-1,-2.202665508E-1
1.359507253E1,9.852140427E0,-4.333505034E-1,-2.202665508E-1
1.359707130E1,9.832986832E0,-4.333505034E-1,-2.130839527E-1
1.359913938E1,9.828198433E0,-4.381389022E-1,-2.106897533E-1
1.360117315E1,9.813833237E0,-4.165911078E-1,-2.106897533E-1
1.360324123E1,9.818621635E0,-4.309563041E-1,-1.939303428E-1
1.360527557E1,9.830592155E0,-4.333505034E-1,-1.939303428E-1
1.360734380E1,9.837775230E0,-4.429273009E-1,-1.915361285E-1
1.360937815E1,9.830592155E0,-4.381389022E-1,-1.915361285E-1
1.361138361E1,9.830592155E0,-4.357447028E-1,-1.891419291E-1
1.361350961E1,9.828198433E0,-4.333505034E-1,-1.915361285E-1
1.361541384E1,9.835380554E0,-4.309563041E-1,-1.795651317E-1
1.361741292E1,9.840168953E0,-4.381389022E-1,-1.819593310E-1
1.361948126E1,9.837775230E0,-4.548983276E-1,-1.939303428E-1
1.362151519E1,9.837775230E0,-4.429273009E-1,-2.106897533E-1
1.362358373E1,9.842563629E0,-4.429273009E-1,-2.202665508E-1
1.362561826E1,9.840168953E0,-4.572925270E-1,-2.226607651E-1
1.362768719E1,9.866505623E0,-4.740519226E-1,-2.418143749E-1
1.362972192E1,9.868899345E0,-4.740519226E-1,-2.442085743E-1
1.363172703E1,9.873687744E0,-4.740519226E-1,-2.537853718E-1
1.363375907E1,9.871294022E0,-4.740519226E-1,-2.777273953E-1
1.363582869E1,9.868899345E0,-4.836287498E-1,-2.849099934E-1
1.363786403E1,9.880870819E0,-4.836287498E-1,-2.968810201E-1
1.363993322E1,9.883264542E0,-4.788403511E-1,-3.016694188E-1
1.364196807E1,9.883264542E0,-4.884171486E-1,-3.088520169E-1
1.364399315E1,9.878476143E0,-4.955997467E-1,-3.136404157E-1
1.364599357E1,9.888052940E0,-4.908113480E-1,-3.256114423E-1
1.364806257E1,9.890447617E0,-4.908113480E-1,-3.327940404E-1
1.365009730E1,9.890447617E0,-4.884171486E-1,-3.375824392E-1
1.365210411E1,9.909601212E0,-4.860229492E-1,-3.567360640E-1
1.365410923E1,9.904812813E0,-4.812345505E-1,-3.687070608E-1
1.365617815E1,9.907206535E0,-4.836287498E-1,-3.711012602E-1
1.365821326E1,9.935936928E0,-4.932055473E-1,-3.782838583E-1
1.366028257E1,9.947908401E0,-4.836287498E-1,-3.734954596E-1
1.366231811E1,9.938331604E0,-4.812345505E-1,-3.711012602E-1
1.366438765E1,9.931148529E0,-4.764461517E-1,-3.734954596E-1
1.366642296E1,9.926360130E0,-4.812345505E-1,-3.687070608E-1
1.366849172E1,9.926360130E0,-4.860229492E-1,-3.687070608E-1
1.367052672E1,9.923966408E0,-4.908113480E-1,-3.734954596E-1
1.367253334E1,9.919178009E0,-4.764461517E-1,-3.591302633E-1
1.367465757E1,9.923966408E0,-4.764461517E-1,-3.591302633E-1
1.367656303E1,9.916783333E0,-4.836287498E-1,-3.591302633E-1
1.367856284E1,9.902418137E0,-4.716577232E-1,-3.471592367E-1
1.368063222E1,9.895236015E0,-4.596867263E-1,-3.471592367E-1
1.368266719E1,9.900024414E0,-4.596867263E-1,-3.471592367E-1
1.368473661E1,9.914389610E0,-4.668693244E-1,-3.256114423E-1
1.368677219E1,9.888052940E0,-4.548983276E-1,-3.184288144E-1
1.368884088E1,9.878476143E0,-4.596867263E-1,-3.088520169E-1
1.369087622E1,9.883264542E0,-4.596867263E-1,-2.896983922E-1
1.369288280E1,9.876082420E0,-4.429273009E-1,-2.825157940E-1
1.369507330E1,9.866505623E0,-4.381389022E-1,-2.825157940E-1
1.369690930E1,9.861717224E0,-4.453215301E-1,-2.777273953E-1
1.369890865E1,9.847352028E0,-4.429273009E-1,-2.729389966E-1
1.370097784E1,9.832986832E0,-4.477157295E-1,-2.681505978E-1
1.370301288E1,9.830592155E0,-4.405331016E-1,-2.561795712E-1
1.370508196E1,9.832986832E0,-4.309563041E-1,-2.537853718E-1
1.370711707E1,9.823410034E0,-4.261679053E-1,-2.489969730E-1
1.370918599E1,9.801861763E0,-4.165911078E-1,-2.585737705E-1
1.371122088E1,9.821015358E0,-4.165911078E-1,-2.489969730E-1
1.371322530E1,9.816226959E0,-4.213795066E-1,-2.466027737E-1
1.371525776E1,9.818621635E0,-4.046200812E-1,-2.466027737E-1
1.371732676E1,9.821015358E0,-3.998316824E-1,-2.418143749E-1
1.371936172E1,9.825803757E0,-3.902548850E-1,-2.466027737E-1
1.372143084E1,9.832986832E0,-3.926490843E-1,-2.442085743E-1
1.372346599E1,9.823410034E0,-3.950432837E-1,-2.466027737E-1
1.372553442E1,9.823410034E0,-3.974374831E-1,-2.513911724E-1
1.372756888E1,9.821015358E0,-4.165911078E-1,-2.513911724E-1
1.372963776E1,9.847352028E0,-4.046200812E-1,-2.657563984E-1
1.373167276E1,9.847352028E0,-4.118026793E-1,-2.825157940E-1
1.373367884E1,9.835380554E0,-4.165911078E-1,-2.825157940E-1
1.373568192E1,9.828198433E0,-4.165911078E-1,-2.825157940E-1
1.373775092E1,9.840168953E0,-4.070142806E-1,-3.016694188E-1
1.373978588E1,9.847352028E0,-3.950432837E-1,-3.016694188E-1
1.374185519E1,9.856928825E0,-3.998316824E-1,-3.112462163E-1
1.374389038E1,9.864110947E0,-3.950432837E-1,-3.303998411E-1
1.374595911E1,9.856928825E0,-3.974374831E-1,-3.399766386E-1
1.374799376E1,9.847352028E0,-3.926490843E-1,-3.399766386E-1
1.375006249E1,9.868899345E0,-4.046200812E-1,-3.423708379E-1
1.375209696E1,9.880870819E0,-4.070142806E-1,-3.543418646E-1
1.375410099E1,9.897629738E0,-4.070142806E-1,-3.519476354E-1
1.375622011E1,9.900024414E0,-4.046200812E-1,-3.543418646E-1
1.375815984E1,9.895236015E0,-4.213795066E-1,-3.567360640E-1
1.376015922E1,9.895236015E0,-4.213795066E-1,-3.615244627E-1
1.376222788E1,9.911994934E0,-4.165911078E-1,-3.639186621E-1
1.376426230E1,9.916783333E0,-4.046200812E-1,-3.639186621E-1
1.376633080E1,9.911994934E0,-4.022258818E-1,-3.711012602E-1
1.376836526E1,9.923966408E0,-4.141969085E-1,-3.830722570E-1
1.377043449E1,9.911994934E0,-4.237737060E-1,-3.878606856E-1
1.377246930E1,9.921571732E0,-4.118026793E-1,-3.926490843E-1
1.377447588E1,9.935936928E0,-4.118026793E-1,-3.974374831E-1
1.377660188E1,9.926360130E0,-4.118026793E-1,-3.806780577E-1
1.377850792E1,9.926360130E0,-4.189853072E-1,-3.806780577E-1
1.378050765E1,9.923966408E0,-3.998316824E-1,-3.878606856E-1
1.378257626E1,9.940725327E0,-3.998316824E-1,-3.878606856E-1
1.378461142E1,9.943120003E0,-3.998316824E-1,-3.806780577E-1
1.378668084E1,9.933543205E0,-4.046200812E-1,-3.854664862E-1
1.378871538E1,9.943120003E0,-3.974374831E-1,-3.974374831E-1
1.379078461E1,9.933543205E0,-4.118026793E-1,-3.974374831E-1
1.379281926E1,9.923966408E0,-4.141969085E-1,-3.830722570E-1
1.379482580E1,9.919178009E0,-4.165911078E-1,-3.902548850E-1
1.379685776E1,9.928754807E0,-4.189853072E-1,-3.926490843E-1
1.379892684E1,9.955090523E0,-4.046200812E-1,-3.806780577E-1
1.380096261E1,9.945513725E0,-4.022258818E-1,-3.782838583E-1
1.380303203E1,9.940725327E0,-4.022258818E-1,-3.782838583E-1
1.380506753E1,9.950302124E0,-4.094084799E-1,-3.806780577E-1
1.380713638E1,9.935936928E0,-4.357447028E-1,-3.806780577E-1
1.380917172E1,9.938331604E0,-4.429273009E-1,-3.782838583E-1
1.381124142E1,9.931148529E0,-4.285621047E-1,-3.663128614E-1
1.381327676E1,9.923966408E0,-4.189853072E-1,-3.615244627E-1
1.381528299E1,9.919178009E0,-4.261679053E-1,-3.687070608E-1
1.381728496E1,9.914389610E0,-4.333505034E-1,-3.615244627E-1
1.381935322E1,9.938331604E0,-4.237737060E-1,-3.663128614E-1
1.382138815E1,9.926360130E0,-4.285621047E-1,-3.687070608E-1
1.382345707E1,9.911994934E0,-4.357447028E-1,-3.663128614E-1
1.382549161E1,9.890447617E0,-4.429273009E-1,-3.495534360E-1
1.382756096E1,9.900024414E0,-4.525041282E-1,-3.495534360E-1
1.382959599E1,9.900024414E0,-4.477157295E-1,-3.519476354E-1
1.383166546E1,9.878476143E0,-4.477157295E-1,-3.471592367E-1
1.383370107E1,9.888052940E0,-4.501099288E-1,-3.471592367E-1
1.383570753E1,9.880870819E0,-4.453215301E-1,-3.471592367E-1
1.383782776E1,9.871294022E0,-4.548983276E-1,-3.375824392E-1
1.383976815E1,9.864110947E0,-4.572925270E-1,-3.303998411E-1
1.384176822E1,9.871294022E0,-4.572925270E-1,-3.351882398E-1
1.384383749E1,9.883264542E0,-4.620809257E-1,-3.375824392E-1
1.384587272E1,9.866505623E0,-4.668693244E-1,-3.280056417E-1
1.384794215E1,9.859322548E0,-4.692635238E-1,-3.327940404E-1
1.384997711E1,9.852140427E0,-4.596867263E-1,-3.280056417E-1
1.385204615E1,9.852140427E0,-4.644751251E-1,-3.399766386E-1
1.385408088E1,9.859322548E0,-4.596867263E-1,-3.351882398E-1
1.385608730E1,9.856928825E0,-4.716577232E-1,-3.423708379E-1
1.385827626E1,9.852140427E0,-4.812345505E-1,-3.303998411E-1
1.386011203E1,9.842563629E0,-4.860229492E-1,-3.232172430E-1
1.386211126E1,9.837775230E0,-4.644751251E-1,-3.327940404E-1
1.386418026E1,9.828198433E0,-4.692635238E-1,-3.351882398E-1
1.386621469E1,9.828198433E0,-4.644751251E-1,-3.423708379E-1
1.386828307E1,9.823410034E0,-4.525041282E-1,-3.375824392E-1
1.387031715E1,9.813833237E0,-4.548983276E-1,-3.327940404E-1
1.387238557E1,9.792284966E0,-4.620809257E-1,-3.303998411E-1
1.387442003E1,9.775525093E0,-4.572925270E-1,-3.256114423E-1
1.387642538E1,9.777919769E0,-4.525041282E-1,-3.184288144E-1
1.387845653E1,9.792284966E0,-4.381389022E-1,-3.160346150E-1
1.388052515E1,9.792284966E0,-4.357447028E-1,-3.208230138E-1
1.388255965E1,9.777919769E0,-4.189853072E-1,-3.303998411E-1
1.388462826E1,9.775525093E0,-4.357447028E-1,-3.399766386E-1
1.388666280E1,9.773131371E0,-4.261679053E-1,-3.447650373E-1
1.388868746E1,9.782708168E0,-4.213795066E-1,-3.351882398E-1
1.389068661E1,9.780313492E0,-4.046200812E-1,-3.423708379E-1
1.389275534E1,9.785101891E0,-4.070142806E-1,-3.423708379E-1
1.389479003E1,9.797073364E0,-4.189853072E-1,-3.423708379E-1
1.389679553E1,9.809044838E0,-3.998316824E-1,-3.543418646E-1
1.389880142E1,9.806650162E0,-3.926490843E-1,-3.615244627E-1
1.390086896E1,9.821015358E0,-3.950432837E-1,-3.495534360E-1
1.390290361E1,9.828198433E0,-3.806780577E-1,-3.519476354E-1
1.390497188E1,9.835380554E0,-3.806780577E-1,-3.591302633E-1
1.390700626E1,9.840168953E0,-3.758896589E-1,-3.615244627E-1
1.390907522E1,9.837775230E0,-3.926490843E-1,-3.663128614E-1
1.391110949E1,9.854534149E0,-3.902548850E-1,-3.663128614E-1
1.391317849E1,9.873687744E0,-3.854664862E-1,-3.663128614E-1
1.391521319E1,9.895236015E0,-3.950432837E-1,-3.567360640E-1
1.391721880E1,9.900024414E0,-3.854664862E-1,-3.567360640E-1
1.391933834E1,9.911994934E0,-3.782838583E-1,-3.782838583E-1
1.392127807E1,9.935936928E0,-3.758896589E-1,-3.854664862E-1
1.392327734E1,9.952696800E0,-3.782838583E-1,-3.878606856E-1
1.392534565E1,9.940725327E0,-3.854664862E-1,-3.902548850E-1
1.392737999E1,9.945513725E0,-3.950432837E-1,-3.854664862E-1
1.392944834E1,9.955090523E0,-3.950432837E-1,-4.022258818E-1
1.393148296E1,9.969455719E0,-3.806780577E-1,-4.094084799E-1
1.393355222E1,9.979032516E0,-3.854664862E-1,-4.118026793E-1
1.393558749E1,9.974244118E0,-3.854664862E-1,-4.189853072E-1
1.393759399E1,9.967061996E0,-3.878606856E-1,-4.165911078E-1
1.393972065E1,9.962273598E0,-3.830722570E-1,-4.261679053E-1
1.394162615E1,9.995792389E0,-3.878606856E-1,-4.309563041E-1
1.394362607E1,1.000297451E1,-3.806780577E-1,-4.357447028E-1
1.394569480E1,9.988609314E0,-3.734954596E-1,-4.381389022E-1
1.394772972E1,9.981427193E0,-3.758896589E-1,-4.453215301E-1
1.394979799E1,9.974244118E0,-3.782838583E-1,-4.596867263E-1
1.395183242E1,9.971850395E0,-3.782838583E-1,-4.692635238E-1
1.395390134E1,9.955090523E0,-3.926490843E-1,-4.668693244E-1
1.395593561E1,9.955090523E0,-3.950432837E-1,-4.668693244E-1
1.395793972E1,9.943120003E0,-3.902548850E-1,-4.572925270E-1
1.395997188E1,9.935936928E0,-3.878606856E-1,-4.525041282E-1
1.396204096E1,9.923966408E0,-3.830722570E-1,-4.525041282E-1
1.396407599E1,9.933543205E0,-3.830722570E-1,-4.357447028E-1
1.396614534E1,9.919178009E0,-4.070142806E-1,-4.405331016E-1
1.396818065E1,9.907206535E0,-4.070142806E-1,-4.381389022E-1
1.397025003E1,9.921571732E0,-4.141969085E-1,-4.189853072E-1
1.397228503E1,9.892841339E0,-4.118026793E-1,-4.094084799E-1
1.397435430E1,9.885659218E0,-4.285621047E-1,-4.070142806E-1
1.397638915E1,9.883264542E0,-4.357447028E-1,-4.094084799E-1
1.397839569E1,9.861717224E0,-4.381389022E-1,-3.854664862E-1
1.398039938E1,9.844957352E0,-4.381389022E-1,-3.782838583E-1
1.398246884E1,9.859322548E0,-4.357447028E-1,-3.711012602E-1
1.398450453E1,9.852140427E0,-4.357447028E-1,-3.687070608E-1
1.398657342E1,9.835380554E0,-4.501099288E-1,-3.615244627E-1
1.398860853E1,9.837775230E0,-4.525041282E-1,-3.543418646E-1
1.399067846E1,9.825803757E0,-4.668693244E-1,-3.375824392E-1
1.399271372E1,9.811438560E0,-4.788403511E-1,-3.280056417E-1
1.399478315E1,9.809044838E0,-4.740519226E-1,-3.280056417E-1
1.399681822E1,9.785101891E0,-4.764461517E-1,-3.399766386E-1
1.399882396E1,9.804255486E0,-4.692635238E-1,-3.447650373E-1
1.400094376E1,9.806650162E0,-4.644751251E-1,-3.423708379E-1
1.400288480E1,9.789890289E0,-4.716577232E-1,-3.423708379E-1
1.400488465E1,9.780313492E0,-4.596867263E-1,-3.423708379E-1
1.400695422E1,9.763554573E0,-4.620809257E-1,-3.447650373E-1
1.400898915E1,9.785101891E0,-4.620809257E-1,-3.447650373E-1
1.401105884E1,9.794678688E0,-4.668693244E-1,-3.303998411E-1
1.401309415E1,9.789890289E0,-4.668693244E-1,-3.327940404E-1
1.401516349E1,9.785101891E0,-4.453215301E-1,-3.495534360E-1
1.401719853E1,9.792284966E0,-4.237737060E-1,-3.543418646E-1
1.401920442E1,9.785101891E0,-4.357447028E-1,-3.519476354E-1
1.402139442E1,9.792284966E0,-4.453215301E-1,-3.543418646E-1
1.402323072E1,9.797073364E0,-4.357447028E-1,-3.495534360E-1
1.402523015E1,9.804255486E0,-4.309563041E-1,-3.471592367E-1
1.402729915E1,9.813833237E0,-4.357447028E-1,-3.423708379E-1
1.402933361E1,9.811438560E0,-4.261679053E-1,-3.471592367E-1
1.403140226E1,9.821015358E0,-4.285621047E-1,-3.495534360E-1
1.403343665E1,9.821015358E0,-4.189853072E-1,-3.519476354E-1
1.403550519E1,9.837775230E0,-4.141969085E-1,-3.423708379E-1
1.403753984E1,9.835380554E0,-4.046200812E-1,-3.471592367E-1
1.403954522E1,9.835380554E0,-3.950432837E-1,-3.447650373E-1
1.404157765E1,9.847352028E0,-4.022258818E-1,-3.543418646E-1
1.404364642E1,9.849745750E0,-3.854664862E-1,-3.519476354E-1
1.404568092E1,9.840168953E0,-3.926490843E-1,-3.543418646E-1
1.404774926E1,9.837775230E0,-4.022258818E-1,-3.687070608E-1
1.404978384E1,9.832986832E0,-3.711012602E-1,-3.758896589E-1
1.405185245E1,9.844957352E0,-3.615244627E-1,-3.758896589E-1
1.405388699E1,9.859322548E0,-3.615244627E-1,-3.639186621E-1
1.405595561E1,9.852140427E0,-3.806780577E-1,-3.734954596E-1
1.405799003E1,9.856928825E0,-3.782838583E-1,-3.639186621E-1
1.405999538E1,9.864110947E0,-3.663128614E-1,-3.734954596E-1
1.406199695E1,9.866505623E0,-3.806780577E-1,-3.782838583E-1
1.406406449E1,9.871294022E0,-3.902548850E-1,-3.758896589E-1
1.406609826E1,9.876082420E0,-3.950432837E-1,-3.711012602E-1
1.406816672E1,9.878476143E0,-3.734954596E-1,-3.758896589E-1
1.407020072E1,9.868899345E0,-3.998316824E-1,-3.926490843E-1
1.407226961E1,9.876082420E0,-3.926490843E-1,-3.950432837E-1
1.407430403E1,9.876082420E0,-3.998316824E-1,-3.926490843E-1
1.407637272E1,9.866505623E0,-4.118026793E-1,-3.902548850E-1
1.407840757E1,9.859322548E0,-4.022258818E-1,-3.902548850E-1
1.408041122E1,9.864110947E0,-3.926490843E-1,-3.711012602E-1
1.408253142E1,9.868899345E0,-4.022258818E-1,-3.758896589E-1
1.408447249E1,9.866505623E0,-4.165911078E-1,-3.854664862E-1
1.408647184E1,9.873687744E0,-4.165911078E-1,-3.998316824E-1
1.408854003E1,9.876082420E0,-4.261679053E-1,-4.022258818E-1
1.409057395E1,9.883264542E0,-4.357447028E-1,-4.046200812E-1
1.409264230E1,9.873687744E0,-4.429273009E-1,-4.094084799E-1
1.409467688E1,9.900024414E0,-4.501099288E-1,-4.118026793E-1
1.409674480E1,9.897629738E0,-4.501099288E-1,-4.022258818E-1
1.409877903E1,9.888052940E0,-4.620809257E-1,-4.141969085E-1
1.410078530E1,9.895236015E0,-4.620809257E-1,-4.141969085E-1
1.410291172E1,9.902418137E0,-4.548983276E-1,-4.285621047E-1
1.410481745E1,9.897629738E0,-4.644751251E-1,-4.261679053E-1
1.410681730E1,9.895236015E0,-4.644751251E-1,-4.357447028E-1
1.410888565E1,9.904812813E0,-4.716577232E-1,-4.285621047E-1
1.411092118E1,9.911994934E0,-4.740519226E-1,-4.357447028E-1
1.411299022E1,9.907206535E0,-4.764461517E-1,-4.381389022E-1
1.411502472E1,9.892841339E0,-4.812345505E-1,-4.261679053E-1
1.411709284E1,9.885659218E0,-4.908113480E-1,-4.333505034E-1
1.411912669E1,9.892841339E0,-4.979939461E-1,-4.357447028E-1
1.412113092E1,9.888052940E0,-4.908113480E-1,-4.453215301E-1
1.412316207E1,9.878476143E0,-4.932055473E-1,-4.477157295E-1
1.412523007E1,9.883264542E0,-5.027823448E-1,-4.381389022E-1
1.412726422E1,9.885659218E0,-5.051765442E-1,-4.405331016E-1
1.412933280E1,9.880870819E0,-5.051765442E-1,-4.429273009E-1
1.413136695E1,9.876082420E0,-5.051765442E-1,-4.333505034E-1
1.413339118E1,9.868899345E0,-4.979939461E-1,-4.309563041E-1
1.413539092E1,9.873687744E0,-4.955997467E-1,-4.237737060E-1
1.413745957E1,9.890447617E0,-5.027823448E-1,-4.165911078E-1
1.413949434E1,9.866505623E0,-4.979939461E-1,-4.141969085E-1
1.414150107E1,9.859322548E0,-4.955997467E-1,-4.094084799E-1
1.414350603E1,9.859322548E0,-4.955997467E-1,-3.830722570E-1
1.414557534E1,9.871294022E0,-4.812345505E-1,-3.782838583E-1
1.414760988E1,9.854534149E0,-4.740519226E-1,-3.758896589E-1
1.414967888E1,9.847352028E0,-4.620809257E-1,-3.639186621E-1
1.415171361E1,9.818621635E0,-4.596867263E-1,-3.495534360E-1
1.415378234E1,9.821015358E0,-4.644751251E-1,-3.471592367E-1
1.415581711E1,9.837775230E0,-4.668693244E-1,-3.543418646E-1
1.415788611E1,9.830592155E0,-4.740519226E-1,-3.447650373E-1
1.415992092E1,9.837775230E0,-4.788403511E-1,-3.351882398E-1
1.416192549E1,9.828198433E0,-4.716577232E-1,-3.303998411E-1
1.416404484E1,9.809044838E0,-4.668693244E-1,-3.280056417E-1
1.416598434E1,9.818621635E0,-4.812345505E-1,-3.280056417E-1
1.416798353E1,9.821015358E0,-4.716577232E-1,-3.256114423E-1
1.417005199E1,9.818621635E0,-4.644751251E-1,-3.351882398E-1
1.417208661E1,9.821015358E0,-4.548983276E-1,-3.303998411E-1
1.417415526E1,9.823410034E0,-4.572925270E-1,-3.303998411E-1
1.417619003E1,9.823410034E0,-4.477157295E-1,-3.351882398E-1
1.417825884E1,9.840168953E0,-4.357447028E-1,-3.447650373E-1
1.418029303E1,9.840168953E0,-4.261679053E-1,-3.375824392E-1
1.418229818E1,9.852140427E0,-4.333505034E-1,-3.375824392E-1
1.418453665E1,9.842563629E0,-4.285621047E-1,-3.351882398E-1
1.418633715E1,9.828198433E0,-4.261679053E-1,-3.375824392E-1
1.418833680E1,9.832986832E0,-4.381389022E-1,-3.447650373E-1
1.419040588E1,9.854534149E0,-4.237737060E-1,-3.471592367E-1
1.419244061E1,9.854534149E0,-4.165911078E-1,-3.495534360E-1
1.419450907E1,9.861717224E0,-4.237737060E-1,-3.423708379E-1
1.419654349E1,9.854534149E0,-4.405331016E-1,-3.519476354E-1
1.419861199E1,9.852140427E0,-4.333505034E-1,-3.543418646E-1
1.420064657E1,9.854534149E0,-4.357447028E-1,-3.591302633E-1
1.420265088E1,9.847352028E0,-4.309563041E-1,-3.758896589E-1
1.420465284E1,9.864110947E0,-4.333505034E-1,-3.734954596E-1
1.420672049E1,9.878476143E0,-4.357447028E-1,-3.711012602E-1
1.420875476E1,9.873687744E0,-4.333505034E-1,-3.711012602E-1
1.421082318E1,9.871294022E0,-4.309563041E-1,-3.806780577E-1
1.421285761E1,9.847352028E0,-4.357447028E-1,-3.974374831E-1
1.421492630E1,9.837775230E0,-4.381389022E-1,-3.926490843E-1
1.421696019E1,9.844957352E0,-4.429273009E-1,-3.974374831E-1
1.421902922E1,9.844957352E0,-4.477157295E-1,-4.022258818E-1
1.422106330E1,9.837775230E0,-4.548983276E-1,-4.070142806E-1
1.422306880E1,9.823410034E0,-4.501099288E-1,-4.094084799E-1
1.422507042E1,9.828198433E0,-4.453215301E-1,-3.974374831E-1
1.422713861E1,9.832986832E0,-4.477157295E-1,-3.926490843E-1
1.422917272E1,9.830592155E0,-4.692635238E-1,-3.974374831E-1
1.423124092E1,9.835380554E0,-4.692635238E-1,-4.094084799E-1
1.423327565E1,9.830592155E0,-4.692635238E-1,-4.141969085E-1
1.423534472E1,9.840168953E0,-4.812345505E-1,-4.165911078E-1
1.423737911E1,9.837775230E0,-4.788403511E-1,-4.022258818E-1
1.423944757E1,9.832986832E0,-4.716577232E-1,-4.141969085E-1
1.424148215E1,9.835380554E0,-4.644751251E-1,-4.141969085E-1
1.424348749E1,9.844957352E0,-4.620809257E-1,-4.141969085E-1
1.424560945E1,9.837775230E0,-4.788403511E-1,-4.213795066E-1
1.424751468E1,9.832986832E0,-4.908113480E-1,-4.165911078E-1
1.424951445E1,9.825803757E0,-4.836287498E-1,-4.141969085E-1
1.425158272E1,9.818621635E0,-4.692635238E-1,-4.094084799E-1
1.425361745E1,9.830592155E0,-4.860229492E-1,-4.141969085E-1
1.425568607E1,9.842563629E0,-4.812345505E-1,-4.237737060E-1
1.425772080E1,9.871294022E0,-4.884171486E-1,-4.165911078E-1
1.425978953E1,9.861717224E0,-4.692635238E-1,-4.118026793E-1
1.426182372E1,9.854534149E0,-4.668693244E-1,-4.070142806E-1
1.426382930E1,9.840168953E0,-4.740519226E-1,-4.094084799E-1
1.426595499E1,9.828198433E0,-4.692635238E-1,-4.237737060E-1
1.426786172E1,9.828198433E0,-4.668693244E-1,-4.261679053E-1
1.426986107E1,9.849745750E0,-4.788403511E-1,-4.165911078E-1
1.427192984E1,9.844957352E0,-4.716577232E-1,-4.213795066E-1
1.427396465E1,9.856928825E0,-4.668693244E-1,-4.261679053E-1
1.427603384E1,9.856928825E0,-4.644751251E-1,-4.285621047E-1
1.427806868E1,9.849745750E0,-4.596867263E-1,-4.261679053E-1
1.428013795E1,9.849745750E0,-4.740519226E-1,-4.213795066E-1
1.428217261E1,9.835380554E0,-4.740519226E-1,-4.333505034E-1
1.428417780E1,9.852140427E0,-4.620809257E-1,-4.309563041E-1
1.428617818E1,9.842563629E0,-4.405331016E-1,-4.429273009E-1
1.428824692E1,9.828198433E0,-4.357447028E-1,-4.429273009E-1
1.429028165E1,9.832986832E0,-4.644751251E-1,-4.405331016E-1
1.429235065E1,9.864110947E0,-4.620809257E-1,-4.453215301E-1
1.429438588E1,9.864110947E0,-4.453215301E-1,-4.429273009E-1
1.429645503E1,9.840168953E0,-4.501099288E-1,-4.477157295E-1
1.429848922E1,9.854534149E0,-4.453215301E-1,-4.501099288E-1
1.430055784E1,9.849745750E0,-4.405331016E-1,-4.572925270E-1
1.430259234E1,9.854534149E0,-4.333505034E-1,-4.740519226E-1
1.430459795E1,9.868899345E0,-4.453215301E-1,-4.836287498E-1
1.430660038E1,9.878476143E0,-4.381389022E-1,-4.908113480E-1
1.430866980E1,9.892841339E0,-4.237737060E-1,-4.932055473E-1
1.431070403E1,9.873687744E0,-4.357447028E-1,-4.979939461E-1
1.431277303E1,9.883264542E0,-4.333505034E-1,-5.003881454E-1
1.431480799E1,9.892841339E0,-4.333505034E-1,-5.147533417E-1
1.431687665E1,9.892841339E0,-4.381389022E-1,-5.339069963E-1
1.431891215E1,9.911994934E0,-4.237737060E-1,-5.291185975E-1
1.432098038E1,9.904812813E0,-4.261679053E-1,-5.267243981E-1
1.432301542E1,9.880870819E0,-4.237737060E-1,-5.434837937E-1
1.432502030E1,9.897629738E0,-4.285621047E-1,-5.482721925E-1
1.432714376E1,9.902418137E0,-4.405331016E-1,-5.458779931E-1
1.432904880E1,9.895236015E0,-4.357447028E-1,-5.482721925E-1
1.433104818E1,9.914389610E0,-4.237737060E-1,-5.554547906E-1
1.433311699E1,9.919178009E0,-4.333505034E-1,-5.602431893E-1
1.433515226E1,9.895236015E0,-4.501099288E-1,-5.554547906E-1
1.433722042E1,9.890447617E0,-4.429273009E-1,-5.698199868E-1
1.433925495E1,9.895236015E0,-4.333505034E-1,-5.698199868E-1
1.434132407E1,9.890447617E0,-4.261679053E-1,-5.722141862E-1
1.434335911E1,9.888052940E0,-4.405331016E-1,-5.817909837E-1
1.434536580E1,9.890447617E0,-4.381389022E-1,-5.889736414E-1
1.434755476E1,9.902418137E0,-4.165911078E-1,-5.746083856E-1
1.434939095E1,9.876082420E0,-4.333505034E-1,-5.650315881E-1
1.435139111E1,9.876082420E0,-4.309563041E-1,-5.698199868E-1
1.435346045E1,9.868899345E0,-4.501099288E-1,-5.841852427E-1
1.435549522E1,9.871294022E0,-4.477157295E-1,-5.817909837E-1
1.435756453E1,9.878476143E0,-4.381389022E-1,-5.841852427E-1
1.435959949E1,9.856928825E0,-4.309563041E-1,-5.841852427E-1
1.436166861E1,9.866505623E0,-4.261679053E-1,-5.722141862E-1
1.436370334E1,9.861717224E0,-4.237737060E-1,-5.746083856E-1
1.436570803E1,9.861717224E0,-4.261679053E-1,-5.698199868E-1
1.436770930E1,9.849745750E0,-4.453215301E-1,-5.698199868E-1
1.436977842E1,9.847352028E0,-4.429273009E-1,-5.626373887E-1
1.437181318E1,9.864110947E0,-4.333505034E-1,-5.602431893E-1
1.437388168E1,9.866505623E0,-4.261679053E-1,-5.434837937E-1
1.437591645E1,9.849745750E0,-4.333505034E-1,-5.363011956E-1
1.437794142E1,9.852140427E0,-4.285621047E-1,-5.267243981E-1
1.437994088E1,9.861717224E0,-4.357447028E-1,-5.219359994E-1
1.438200957E1,9.861717224E0,-4.357447028E-1,-5.243301988E-1
1.438404368E1,9.854534149E0,-4.357447028E-1,-5.267243981E-1
1.438604834E1,9.854534149E0,-4.429273009E-1,-5.339069963E-1
1.438805218E1,9.852140427E0,-4.285621047E-1,-5.195417404E-1
1.439012057E1,9.849745750E0,-4.237737060E-1,-5.099649429E-1
1.439215518E1,9.854534149E0,-4.237737060E-1,-5.099649429E-1
1.439422407E1,9.852140427E0,-4.333505034E-1,-5.171475410E-1
1.439625857E1,9.856928825E0,-4.405331016E-1,-5.195417404E-1
1.439832707E1,9.842563629E0,-4.285621047E-1,-5.027823448E-1
1.440036172E1,9.840168953E0,-4.333505034E-1,-5.099649429E-1
1.440243061E1,9.840168953E0,-4.309563041E-1,-5.051765442E-1
1.440446584E1,9.868899345E0,-4.285621047E-1,-4.979939461E-1
1.440647165E1,9.856928825E0,-4.525041282E-1,-4.932055473E-1
1.440859438E1,9.849745750E0,-4.548983276E-1,-4.955997467E-1
1.441049988E1,9.864110947E0,-4.405331016E-1,-5.051765442E-1
1.441249976E1,9.856928825E0,-4.429273009E-1,-5.051765442E-1
1.441456884E1,9.837775230E0,-4.429273009E-1,-5.003881454E-1
1.441660372E1,9.849745750E0,-4.525041282E-1,-5.099649429E-1
1.441867268E1,9.849745750E0,-4.525041282E-1,-5.051765442E-1
1.442070749E1,9.840168953E0,-4.429273009E-1,-5.027823448E-1
1.442277692E1,9.837775230E0,-4.405331016E-1,-5.051765442E-1
1.442481195E1,9.832986832E0,-4.405331016E-1,-5.027823448E-1
1.442681849E1,9.835380554E0,-4.381389022E-1,-5.027823448E-1
1.442894495E1,9.856928825E0,-4.429273009E-1,-5.051765442E-1
1.443085142E1,9.861717224E0,-4.309563041E-1,-4.884171486E-1
1.443285149E1,9.856928825E0,-4.285621047E-1,-4.812345505E-1
1.443492068E1,9.861717224E0,-4.261679053E-1,-4.979939461E-1
1.443695557E1,9.844957352E0,-4.237737060E-1,-5.123591423E-1
1.443902453E1,9.849745750E0,-4.357447028E-1,-4.979939461E-1
1.444105949E1,9.852140427E0,-4.357447028E-1,-4.979939461E-1
1.444312768E1,9.832986832E0,-4.189853072E-1,-5.123591423E-1
1.444516222E1,9.835380554E0,-4.213795066E-1,-5.219359994E-1
1.444716795E1,9.849745750E0,-4.285621047E-1,-5.123591423E-1
1.444916926E1,9.847352028E0,-4.165911078E-1,-5.195417404E-1
1.445123841E1,9.828198433E0,-4.189853072E-1,-5.219359994E-1
1.445327330E1,9.825803757E0,-4.237737060E-1,-5.195417404E-1
1.445534253E1,9.835380554E0,-4.285621047E-1,-5.027823448E-1
1.445737768E1,9.840168953E0,-4.165911078E-1,-5.171475410E-1
1.445944761E1,9.837775230E0,-4.213795066E-1,-5.243301988E-1
1.446148288E1,9.830592155E0,-4.285621047E-1,-5.195417404E-1
1.446355164E1,9.816226959E0,-4.381389022E-1,-5.267243981E-1
1.446558630E1,9.809044838E0,-4.405331016E-1,-5.219359994E-1
1.446759284E1,9.821015358E0,-4.285621047E-1,-5.267243981E-1
1.446959495E1,9.832986832E0,-4.333505034E-1,-5.315127969E-1
1.447166426E1,9.837775230E0,-4.357447028E-1,-5.315127969E-1
1.447369884E1,9.864110947E0,-4.357447028E-1,-5.339069963E-1
1.447576791E1,9.849745750E0,-4.309563041E-1,-5.267243981E-1
1.447780261E1,9.837775230E0,-4.453215301E-1,-5.267243981E-1
1.447987118E1,9.830592155E0,-4.477157295E-1,-5.291185975E-1
1.448190611E1,9.818621635E0,-4.548983276E-1,-5.243301988E-1
1.448397480E1,9.844957352E0,-4.501099288E-1,-5.243301988E-1
1.448600965E1,9.840168953E0,-4.572925270E-1,-5.267243981E-1
1.448801438E1,9.835380554E0,-4.525041282E-1,-5.219359994E-1
1.449013707E1,9.835380554E0,-4.525041282E-1,-5.123591423E-1
1.449204307E1,9.844957352E0,-4.501099288E-1,-5.075707436E-1
1.449404264E1,9.864110947E0,-4.501099288E-1,-4.979939461E-1
1.449611134E1,9.854534149E0,-4.548983276E-1,-5.003881454E-1
1.449814607E1,9.856928825E0,-4.525041282E-1,-4.979939461E-1
1.450021526E1,9.859322548E0,-4.644751251E-1,-4.884171486E-1
1.450225022E1,9.849745750E0,-4.548983276E-1,-4.788403511E-1
1.450431988E1,9.837775230E0,-4.477157295E-1,-4.764461517E-1
1.450635530E1,9.844957352E0,-4.477157295E-1,-4.764461517E-1
1.450836253E1,9.830592155E0,-4.357447028E-1,-4.716577232E-1
1.451055153E1,9.837775230E0,-4.309563041E-1,-4.596867263E-1
1.451238799E1,9.840168953E0,-4.333505034E-1,-4.572925270E-1
1.451438868E1,9.849745750E0,-4.453215301E-1,-4.525041282E-1
1.451645807E1,9.849745750E0,-4.405331016E-1,-4.405331016E-1
1.451849330E1,9.818621635E0,-4.333505034E-1,-4.429273009E-1
1.452056276E1,9.823410034E0,-4.237737060E-1,-4.357447028E-1
1.452259780E1,9.837775230E0,-4.285621047E-1,-4.357447028E-1
1.452466676E1,9.825803757E0,-4.094084799E-1,-4.477157295E-1
1.452670195E1,9.835380554E0,-3.902548850E-1,-4.381389022E-1
1.452870830E1,9.842563629E0,-3.950432837E-1,-4.333505034E-1
1.453070884E1,9.849745750E0,-3.950432837E-1,-4.285621047E-1
1.453277803E1,9.837775230E0,-4.046200812E-1,-4.309563041E-1
1.453481326E1,9.840168953E0,-4.022258818E-1,-4.309563041E-1
1.453688188E1,9.849745750E0,-3.950432837E-1,-4.357447028E-1
1.453891641E1,9.854534149E0,-3.974374831E-1,-4.309563041E-1
1.454098561E1,9.856928825E0,-4.165911078E-1,-4.453215301E-1
1.454302053E1,9.854534149E0,-4.141969085E-1,-4.453215301E-1
1.454508949E1,9.864110947E0,-3.998316824E-1,-4.453215301E-1
1.454712430E1,9.868899345E0,-4.070142806E-1,-4.453215301E-1
1.454913057E1,9.873687744E0,-4.070142806E-1,-4.453215301E-1
1.455113245E1,9.888052940E0,-4.189853072E-1,-4.405331016E-1
1.455320180E1,9.890447617E0,-4.141969085E-1,-4.620809257E-1
1.455523657E1,9.888052940E0,-4.189853072E-1,-4.596867263E-1
1.455730518E1,9.904812813E0,-4.285621047E-1,-4.548983276E-1
1.455933972E1,9.902418137E0,-4.309563041E-1,-4.620809257E-1
1.456140864E1,9.902418137E0,-4.333505034E-1,-4.692635238E-1
1.456344334E1,9.914389610E0,-4.429273009E-1,-4.764461517E-1
1.456551172E1,9.904812813E0,-4.453215301E-1,-4.884171486E-1
1.456754638E1,9.904812813E0,-4.357447028E-1,-4.955997467E-1
1.456955161E1,9.921571732E0,-4.309563041E-1,-5.075707436E-1
1.457167338E1,9.931148529E0,-4.333505034E-1,-5.147533417E-1
1.457357914E1,9.931148529E0,-4.357447028E-1,-5.195417404E-1
1.457557914E1,9.940725327E0,-4.141969085E-1,-5.410895944E-1
1.457764807E1,9.943120003E0,-4.022258818E-1,-5.530605912E-1
1.457968326E1,9.947908401E0,-3.974374831E-1,-5.626373887E-1
1.458175268E1,9.950302124E0,-4.046200812E-1,-5.602431893E-1
1.458378799E1,9.950302124E0,-3.902548850E-1,-5.578489900E-1
1.458585749E1,9.957485199E0,-4.213795066E-1,-5.674257874E-1
1.458789288E1,9.964667320E0,-4.141969085E-1,-5.650315881E-1
1.458989899E1,9.959878922E0,-4.094084799E-1,-5.698199868E-1
1.459202549E1,9.935936928E0,-4.189853072E-1,-5.602431893E-1
1.459393191E1,9.926360130E0,-4.237737060E-1,-5.650315881E-1
1.459593272E1,9.931148529E0,-4.285621047E-1,-5.674257874E-1
1.459800272E1,9.921571732E0,-4.141969085E-1,-5.674257874E-1
1.460003857E1,9.911994934E0,-4.165911078E-1,-5.650315881E-1
1.460210830E1,9.900024414E0,-4.285621047E-1,-5.602431893E-1
1.460414376E1,9.888052940E0,-4.309563041E-1,-5.578489900E-1
1.460621368E1,9.888052940E0,-4.237737060E-1,-5.458779931E-1
1.460824903E1,9.880870819E0,-4.357447028E-1,-5.363011956E-1
1.461025445E1,9.868899345E0,-4.525041282E-1,-5.291185975E-1
1.461225565E1,9.885659218E0,-4.620809257E-1,-5.243301988E-1
1.461432488E1,9.876082420E0,-4.668693244E-1,-5.243301988E-1
1.461635968E1,9.842563629E0,-4.716577232E-1,-5.171475410E-1
1.461842884E1,9.832986832E0,-4.668693244E-1,-5.123591423E-1
1.462046391E1,9.813833237E0,-4.596867263E-1,-5.171475410E-1
1.462248922E1,9.813833237E0,-4.620809257E-1,-5.123591423E-1
1.462448911E1,9.809044838E0,-4.716577232E-1,-5.075707436E-1
1.462655826E1,9.804255486E0,-4.668693244E-1,-5.003881454E-1
1.462859322E1,9.801861763E0,-4.453215301E-1,-5.075707436E-1
1.463060011E1,9.801861763E0,-4.357447028E-1,-5.123591423E-1
1.463260403E1,9.799467087E0,-4.477157295E-1,-5.099649429E-1
1.463467330E1,9.797073364E0,-4.548983276E-1,-5.195417404E-1
1.463670838E1,9.792284966E0,-4.453215301E-1,-5.147533417E-1
1.463877722E1,9.804255486E0,-4.477157295E-1,-5.147533417E-1
1.464081195E1,9.797073364E0,-4.357447028E-1,-5.099649429E-1
1.464288068E1,9.804255486E0,-4.309563041E-1,-5.099649429E-1
1.464491553E1,9.799467087E0,-4.381389022E-1,-5.027823448E-1
1.464698464E1,9.809044838E0,-4.548983276E-1,-5.099649429E-1
1.464901964E1,9.813833237E0,-4.620809257E-1,-5.099649429E-1
1.465102534E1,9.809044838E0,-4.692635238E-1,-5.147533417E-1
1.465314953E1,9.825803757E0,-4.525041282E-1,-5.003881454E-1
1.465505514E1,9.825803757E0,-4.357447028E-1,-4.908113480E-1
1.465705499E1,9.832986832E0,-4.309563041E-1,-4.932055473E-1
1.465912357E1,9.837775230E0,-4.333505034E-1,-5.027823448E-1
1.466115838E1,9.835380554E0,-4.285621047E-1,-5.027823448E-1
1.466322688E1,9.844957352E0,-4.237737060E-1,-5.051765442E-1
1.466526114E1,9.844957352E0,-4.261679053E-1,-4.955997467E-1
1.466733007E1,9.854534149E0,-4.333505034E-1,-4.979939461E-1
1.466936480E1,9.868899345E0,-4.333505034E-1,-4.908113480E-1
1.467137099E1,9.885659218E0,-4.213795066E-1,-4.764461517E-1
1.467356084E1,9.880870819E0,-4.237737060E-1,-4.860229492E-1
1.467539618E1,9.883264542E0,-4.189853072E-1,-4.860229492E-1
1.467739626E1,9.902418137E0,-4.165911078E-1,-4.740519226E-1
1.467946538E1,9.895236015E0,-4.165911078E-1,-4.740519226E-1
1.468150018E1,9.900024414E0,-4.213795066E-1,-4.740519226E-1
1.468356945E1,9.909601212E0,-4.237737060E-1,-4.716577232E-1
1.468560338E1,9.909601212E0,-4.094084799E-1,-4.932055473E-1
1.468767211E1,9.900024414E0,-4.118026793E-1,-4.908113480E-1
1.468970745E1,9.900024414E0,-4.189853072E-1,-4.740519226E-1
1.469171218E1,9.897629738E0,-4.094084799E-1,-4.788403511E-1
1.469371891E1,9.895236015E0,-3.974374831E-1,-4.884171486E-1
1.469578676E1,9.880870819E0,-3.878606856E-1,-4.884171486E-1
1.469782095E1,9.892841339E0,-3.878606856E-1,-4.908113480E-1
1.469988914E1,9.916783333E0,-3.974374831E-1,-4.836287498E-1
1.470192368E1,9.921571732E0,-3.926490843E-1,-4.860229492E-1
1.470399226E1,9.904812813E0,-4.165911078E-1,-4.979939461E-1
1.470602684E1,9.883264542E0,-4.141969085E-1,-5.027823448E-1
1.470809530E1,9.876082420E0,-4.094084799E-1,-5.123591423E-1
1.471013011E1,9.883264542E0,-4.094084799E-1,-5.075707436E-1
1.471213584E1,9.885659218E0,-4.141969085E-1,-4.979939461E-1
1.471413899E1,9.880870819E0,-4.285621047E-1,-5.027823448E-1
1.471620838E1,9.880870819E0,-4.022258818E-1,-5.099649429E-1
1.471824322E1,9.871294022E0,-4.046200812E-1,-5.003881454E-1
1.472031245E1,9.868899345E0,-4.046200812E-1,-4.955997467E-1
1.472234749E1,9.878476143E0,-4.094084799E-1,-5.003881454E-1
1.472441726E1,9.864110947E0,-4.141969085E-1,-5.027823448E-1
1.472645291E1,9.856928825E0,-4.141969085E-1,-4.955997467E-1
1.472852211E1,9.842563629E0,-4.189853072E-1,-4.908113480E-1
1.473055703E1,9.859322548E0,-4.213795066E-1,-4.955997467E-1
1.473256222E1,9.861717224E0,-4.165911078E-1,-5.027823448E-1
1.473468626E1,9.852140427E0,-4.094084799E-1,-5.291185975E-1
1.473659149E1,9.852140427E0,-4.189853072E-1,-5.291185975E-1
1.473859149E1,9.852140427E0,-4.213795066E-1,-5.291185975E-1
1.474066068E1,9.847352028E0,-4.285621047E-1,-5.027823448E-1
1.474269626E1,9.849745750E0,-4.333505034E-1,-5.099649429E-1
1.474476557E1,9.854534149E0,-4.405331016E-1,-5.027823448E-1
1.474680126E1,9.856928825E0,-4.405331016E-1,-4.955997467E-1
1.474887011E1,9.854534149E0,-4.357447028E-1,-5.075707436E-1
1.475090499E1,9.849745750E0,-4.261679053E-1,-4.979939461E-1
1.475291138E1,9.840168953E0,-4.333505034E-1,-5.003881454E-1
1.475503822E1,9.837775230E0,-4.285621047E-1,-4.932055473E-1
1.475694403E1,9.835380554E0,-4.381389022E-1,-4.908113480E-1
1.475894414E1,9.847352028E0,-4.405331016E-1,-4.932055473E-1
1.476101345E1,9.852140427E0,-4.237737060E-1,-5.003881454E-1
1.476304864E1,9.842563629E0,-4.237737060E-1,-5.099649429E-1
1.476511826E1,9.852140427E0,-4.285621047E-1,-5.099649429E-1
1.476715318E1,9.873687744E0,-4.237737060E-1,-5.051765442E-1
1.476922214E1,9.878476143E0,-4.213795066E-1,-4.979939461E-1
1.477125741E1,9.885659218E0,-4.094084799E-1,-4.979939461E-1
1.477326238E1,9.888052940E0,-4.309563041E-1,-5.051765442E-1
1.477526284E1,9.890447617E0,-4.501099288E-1,-4.812345505E-1
1.477733191E1,9.883264542E0,-4.357447028E-1,-4.788403511E-1
1.477936672E1,9.888052940E0,-4.477157295E-1,-4.884171486E-1
1.478143564E1,9.900024414E0,-4.453215301E-1,-4.836287498E-1
1.478347026E1,9.900024414E0,-4.501099288E-1,-4.860229492E-1
1.478553899E1,9.909601212E0,-4.572925270E-1,-4.668693244E-1
1.478757360E1,9.904812813E0,-4.453215301E-1,-4.716577232E-1
1.478964353E1,9.897629738E0,-4.453215301E-1,-4.596867263E-1
1.479167791E1,9.897629738E0,-4.477157295E-1,-4.548983276E-1
1.479368445E1,9.911994934E0,-4.477157295E-1,-4.644751251E-1
1.479568714E1,9.907206535E0,-4.525041282E-1,-4.716577232E-1
1.479775584E1,9.916783333E0,-4.501099288E-1,-4.692635238E-1
1.479979057E1,9.914389610E0,-4.548983276E-1,-4.548983276E-1
1.480185968E1,9.904812813E0,-4.477157295E-1,-4.692635238E-1
1.480389472E1,9.900024414E0,-4.429273009E-1,-4.668693244E-1
1.480596384E1,9.907206535E0,-4.189853072E-1,-4.620809257E-1
1.480799872E1,9.923966408E0,-4.141969085E-1,-4.716577232E-1
1.481006776E1,9.914389610E0,-4.165911078E-1,-4.740519226E-1
1.481210264E1,9.909601212E0,-4.237737060E-1,-4.740519226E-1
1.481410688E1,9.909601212E0,-4.141969085E-1,-4.692635238E-1
1.481623168E1,9.890447617E0,-4.046200812E-1,-4.716577232E-1
1.481813734E1,9.897629738E0,-4.022258818E-1,-4.884171486E-1
1.482013749E1,9.895236015E0,-3.974374831E-1,-4.716577232E-1
1.482220661E1,9.902418137E0,-3.878606856E-1,-4.740519226E-1
1.482424168E1,9.904812813E0,-3.974374831E-1,-4.812345505E-1
1.482631076E1,9.904812813E0,-4.070142806E-1,-4.884171486E-1
1.482834541E1,9.900024414E0,-4.022258818E-1,-4.884171486E-1
1.483041434E1,9.878476143E0,-3.950432837E-1,-4.812345505E-1
1.483244934E1,9.890447617E0,-3.998316824E-1,-4.836287498E-1
1.483445472E1,9.890447617E0,-3.974374831E-1,-4.812345505E-1
1.483664364E1,9.878476143E0,-3.878606856E-1,-4.884171486E-1
1.483847941E1,9.888052940E0,-3.950432837E-1,-4.955997467E-1
1.484047884E1,9.888052940E0,-3.998316824E-1,-4.979939461E-1
1.484254784E1,9.876082420E0,-3.998316824E-1,-4.884171486E-1
1.484458264E1,9.873687744E0,-3.902548850E-1,-4.908113480E-1
1.484665099E1,9.861717224E0,-3.902548850E-1,-4.860229492E-1
1.484868568E1,9.868899345E0,-3.878606856E-1,-4.836287498E-1
1.485075487E1,9.854534149E0,-3.950432837E-1,-4.812345505E-1
1.485278999E1,9.859322548E0,-4.094084799E-1,-4.908113480E-1
1.485479487E1,9.859322548E0,-4.070142806E-1,-4.860229492E-1
1.485679618E1,9.861717224E0,-4.070142806E-1,-4.860229492E-1
1.485886484E1,9.871294022E0,-3.950432837E-1,-4.836287498E-1
1.486089949E1,9.864110947E0,-4.070142806E-1,-4.836287498E-1
1.486296826E1,9.861717224E0,-3.998316824E-1,-4.836287498E-1
1.486500291E1,9.861717224E0,-3.950432837E-1,-4.884171486E-1
1.486702718E1,9.854534149E0,-3.974374831E-1,-4.884171486E-1
1.486902687E1,9.847352028E0,-3.926490843E-1,-4.884171486E-1
1.487109572E1,9.847352028E0,-4.046200812E-1,-4.812345505E-1
1.487313030E1,9.859322548E0,-4.094084799E-1,-4.788403511E-1
1.487513553E1,9.871294022E0,-4.070142806E-1,-4.764461517E-1
1.487714095E1,9.856928825E0,-4.141969085E-1,-4.836287498E-1
1.487921007E1,9.847352028E0,-4.165911078E-1,-4.788403511E-1
1.488124487E1,9.852140427E0,-4.309563041E-1,-4.860229492E-1
1.488331372E1,9.847352028E0,-4.285621047E-1,-4.716577232E-1
1.488534895E1,9.840168953E0,-4.237737060E-1,-4.764461517E-1
1.488741791E1,9.823410034E0,-4.094084799E-1,-4.812345505E-1
1.488945295E1,9.832986832E0,-4.357447028E-1,-4.836287498E-1
1.489152237E1,9.828198433E0,-4.357447028E-1,-4.764461517E-1
1.489355761E1,9.837775230E0,-4.261679053E-1,-4.764461517E-1
1.489556291E1,9.830592155E0,-4.333505034E-1,-4.836287498E-1
1.489768722E1,9.821015358E0,-4.477157295E-1,-4.908113480E-1
1.489959341E1,9.821015358E0,-4.548983276E-1,-4.860229492E-1
1.490159326E1,9.842563629E0,-4.501099288E-1,-4.812345505E-1
1.490366210E1,9.842563629E0,-4.477157295E-1,-4.836287498E-1
1.490569726E1,9.840168953E0,-4.261679053E-1,-4.764461517E-1
1.490776637E1,9.825803757E0,-4.309563041E-1,-4.716577232E-1
1.490980107E1,9.825803757E0,-4.381389022E-1,-4.740519226E-1
1.491187018E1,9.816226959E0,-4.309563041E-1,-4.668693244E-1
1.491390441E1,9.825803757E0,-4.405331016E-1,-4.644751251E-1
1.491591045E1,9.837775230E0,-4.429273009E-1,-4.668693244E-1
1.491803641E1,9.847352028E0,-4.381389022E-1,-4.620809257E-1
1.491994180E1,9.847352028E0,-4.477157295E-1,-4.525041282E-1
1.492194145E1,9.852140427E0,-4.405331016E-1,-4.596867263E-1
1.492401064E1,9.859322548E0,-4.429273009E-1,-4.620809257E-1
1.492604541E1,9.859322548E0,-4.261679053E-1,-4.644751251E-1
1.492811464E1,9.856928825E0,-4.309563041E-1,-4.405331016E-1
1.493014968E1,9.852140427E0,-4.333505034E-1,-4.381389022E-1
1.493221849E1,9.854534149E0,-4.309563041E-1,-4.357447028E-1
1.493425353E1,9.880870819E0,-4.189853072E-1,-4.501099288E-1
1.493625903E1,9.878476143E0,-4.333505034E-1,-4.453215301E-1
1.493825976E1,9.852140427E0,-4.261679053E-1,-4.237737060E-1
1.494032914E1,9.849745750E0,-4.094084799E-1,-4.237737060E-1
1.494236399E1,9.864110947E0,-4.141969085E-1,-4.357447028E-1
1.494443334E1,9.900024414E0,-4.094084799E-1,-4.429273009E-1
1.494646768E1,9.902418137E0,-4.165911078E-1,-4.596867263E-1
1.494853695E1,9.895236015E0,-4.189853072E-1,-4.572925270E-1
1.495057164E1,9.904812813E0,-4.022258818E-1,-4.501099288E-1
1.495264095E1,9.892841339E0,-3.950432837E-1,-4.525041282E-1
1.495467603E1,9.902418137E0,-4.022258818E-1,-4.572925270E-1
1.495668180E1,9.902418137E0,-4.070142806E-1,-4.477157295E-1
1.495868549E1,9.892841339E0,-3.902548850E-1,-4.501099288E-1
1.496075468E1,9.897629738E0,-3.878606856E-1,-4.620809257E-1
1.496278964E1,9.895236015E0,-3.902548850E-1,-4.740519226E-1
1.496485887E1,9.907206535E0,-3.926490843E-1,-4.788403511E-1
1.496689372E1,9.914389610E0,-3.854664862E-1,-4.692635238E-1
1.496896253E1,9.921571732E0,-3.854664862E-1,-4.620809257E-1
1.497099749E1,9.911994934E0,-3.902548850E-1,-4.692635238E-1
1.497306657E1,9.907206535E0,-3.926490843E-1,-4.644751251E-1
1.497510126E1,9.907206535E0,-3.950432837E-1,-4.740519226E-1
1.497710807E1,9.900024414E0,-3.854664862E-1,-4.788403511E-1
1.497923149E1,9.880870819E0,-3.926490843E-1,-4.740519226E-1
1.498113668E1,9.883264542E0,-3.926490843E-1,-4.644751251E-1
1.498313630E1,9.897629738E0,-3.782838583E-1,-4.668693244E-1
1.498520484E1,9.892841339E0,-3.854664862E-1,-4.668693244E-1
1.498723922E1,9.892841339E0,-3.734954596E-1,-4.692635238E-1
1.498930826E1,9.885659218E0,-3.639186621E-1,-4.572925270E-1
1.499134284E1,9.873687744E0,-3.687070608E-1,-4.668693244E-1
1.499341195E1,9.864110947E0,-3.663128614E-1,-4.716577232E-1
1.499544649E1,9.864110947E0,-3.806780577E-1,-4.644751251E-1
1.499745257E1,9.878476143E0,-3.878606856E-1,-4.716577232E-1
1.499964126E1,9.871294022E0,-3.926490843E-1,-4.740519226E-1
1.500147691E1,9.866505623E0,-3.950432837E-1,-4.716577232E-1
1.500347672E1,9.859322548E0,-3.974374831E-1,-4.668693244E-1
1.500554557E1,9.861717224E0,-4.022258818E-1,-4.572925270E-1
1.500758010E1,9.844957352E0,-3.854664862E-1,-4.453215301E-1
1.500964926E1,9.852140427E0,-3.926490843E-1,-4.477157295E-1
1.501168387E1,9.856928825E0,-3.902548850E-1,-4.620809257E-1
1.501375295E1,9.864110947E0,-3.902548850E-1,-4.525041282E-1
1.501578741E1,9.864110947E0,-3.974374831E-1,-4.405331016E-1
1.501779211E1,9.854534149E0,-4.118026793E-1,-4.453215301E-1
1.501979237E1,9.861717224E0,-4.118026793E-1,-4.381389022E-1
1.502186134E1,9.864110947E0,-4.022258818E-1,-4.189853072E-1
1.502389610E1,9.854534149E0,-4.094084799E-1,-4.237737060E-1
1.502596499E1,9.854534149E0,-4.189853072E-1,-4.165911078E-1
1.502799941E1,9.837775230E0,-4.237737060E-1,-4.189853072E-1
1.503006818E1,9.856928825E0,-4.237737060E-1,-4.118026793E-1
1.503210268E1,9.868899345E0,-4.261679053E-1,-4.165911078E-1
1.503417191E1,9.864110947E0,-4.477157295E-1,-4.213795066E-1
1.503620664E1,9.864110947E0,-4.261679053E-1,-3.998316824E-1
1.503821349E1,9.866505623E0,-4.285621047E-1,-3.950432837E-1
1.504021626E1,9.864110947E0,-4.453215301E-1,-4.022258818E-1
1.504228464E1,9.864110947E0,-4.477157295E-1,-3.974374831E-1
1.504431926E1,9.856928825E0,-4.477157295E-1,-3.974374831E-1
1.504638841E1,9.856928825E0,-4.429273009E-1,-3.902548850E-1
1.504842349E1,9.859322548E0,-4.429273009E-1,-3.950432837E-1
1.505049253E1,9.878476143E0,-4.453215301E-1,-3.998316824E-1
1.505252745E1,9.880870819E0,-4.429273009E-1,-4.046200812E-1
1.505459610E1,9.883264542E0,-4.405331016E-1,-3.974374831E-1
1.505663014E1,9.876082420E0,-4.333505034E-1,-3.902548850E-1
1.505863476E1,9.873687744E0,-4.189853072E-1,-3.950432837E-1
1.506075895E1,9.888052940E0,-4.381389022E-1,-3.950432837E-1
1.506266437E1,9.873687744E0,-4.309563041E-1,-3.902548850E-1
1.506466426E1,9.868899345E0,-4.285621047E-1,-3.878606856E-1
1.506673330E1,9.878476143E0,-4.213795066E-1,-3.854664862E-1
1.506876749E1,9.866505623E0,-4.118026793E-1,-3.926490843E-1
1.507083587E1,9.859322548E0,-4.141969085E-1,-3.974374831E-1
1.507287053E1,9.868899345E0,-4.141969085E-1,-3.998316824E-1
1.507493972E1,9.876082420E0,-4.022258818E-1,-3.998316824E-1
1.507697426E1,9.878476143E0,-4.046200812E-1,-3.950432837E-1
1.507898022E1,9.866505623E0,-3.998316824E-1,-3.950432837E-1
1.508110591E1,9.868899345E0,-3.998316824E-1,-3.854664862E-1
1.508301253E1,9.871294022E0,-4.022258818E-1,-3.854664862E-1
1.508501280E1,9.876082420E0,-3.974374831E-1,-3.830722570E-1
1.508708234E1,9.866505623E0,-3.830722570E-1,-3.902548850E-1
1.508911757E1,9.864110947E0,-3.854664862E-1,-3.926490843E-1
1.509118684E1,9.847352028E0,-4.046200812E-1,-4.094084799E-1
1.509322180E1,9.837775230E0,-3.950432837E-1,-4.046200812E-1
1.509529107E1,9.844957352E0,-3.926490843E-1,-4.022258818E-1
1.509732576E1,9.852140427E0,-3.758896589E-1,-4.118026793E-1
1.509933076E1,9.861717224E0,-3.950432837E-1,-4.094084799E-1
1.510133199E1,9.852140427E0,-3.926490843E-1,-4.094084799E-1
1.510340103E1,9.854534149E0,-3.974374831E-1,-4.189853072E-1
1.510543557E1,9.861717224E0,-3.998316824E-1,-4.189853072E-1
1.510750445E1,9.868899345E0,-3.926490843E-1,-4.165911078E-1
1.510953910E1,9.861717224E0,-3.854664862E-1,-4.165911078E-1
1.511156430E1,9.868899345E0,-3.974374831E-1,-4.261679053E-1
1.511356399E1,9.871294022E0,-3.974374831E-1,-4.285621047E-1
1.511563268E1,9.866505623E0,-4.094084799E-1,-4.261679053E-1
1.511766718E1,9.866505623E0,-4.118026793E-1,-4.309563041E-1
1.511967422E1,9.868899345E0,-4.070142806E-1,-4.261679053E-1
1.512167957E1,9.864110947E0,-4.118026793E-1,-4.381389022E-1
1.512374868E1,9.880870819E0,-4.429273009E-1,-4.405331016E-1
1.512578307E1,9.878476143E0,-4.333505034E-1,-4.309563041E-1
1.512785291E1,9.876082420E0,-4.261679053E-1,-4.285621047E-1
1.512988787E1,9.864110947E0,-4.237737060E-1,-4.285621047E-1
1.513195684E1,9.868899345E0,-4.237737060E-1,-4.333505034E-1
1.513399145E1,9.866505623E0,-4.357447028E-1,-4.357447028E-1
1.513606095E1,9.854534149E0,-4.333505034E-1,-4.477157295E-1
1.513809599E1,9.852140427E0,-4.309563041E-1,-4.429273009E-1
1.514010210E1,9.868899345E0,-4.429273009E-1,-4.405331016E-1
1.514222676E1,9.873687744E0,-4.501099288E-1,-4.309563041E-1
1.514413207E1,9.873687744E0,-4.572925270E-1,-4.261679053E-1
1.514613207E1,9.883264542E0,-4.525041282E-1,-4.261679053E-1
1.514820134E1,9.883264542E0,-4.644751251E-1,-4.189853072E-1
1.515023607E1,9.873687744E0,-4.716577232E-1,-4.189853072E-1
1.515230453E1,9.868899345E0,-4.644751251E-1,-4.237737060E-1
1.515433964E1,9.873687744E0,-4.620809257E-1,-4.189853072E-1
1.515640887E1,9.861717224E0,-4.596867263E-1,-4.118026793E-1
1.515844418E1,9.854534149E0,-4.596867263E-1,-4.070142806E-1
1.516045060E1,9.844957352E0,-4.644751251E-1,-4.094084799E-1
1.516264064E1,9.856928825E0,-4.477157295E-1,-4.046200812E-1
1.516447664E1,9.856928825E0,-4.501099288E-1,-4.022258818E-1
1.516647687E1,9.864110947E0,-4.548983276E-1,-3.878606856E-1
1.516854668E1,9.854534149E0,-4.477157295E-1,-3.806780577E-1
1.517058203E1,9.840168953E0,-4.453215301E-1,-3.878606856E-1
1.517265122E1,9.854534149E0,-4.285621047E-1,-3.806780577E-1
1.517468634E1,9.876082420E0,-4.237737060E-1,-3.830722570E-1
1.517675584E1,9.880870819E0,-4.141969085E-1,-3.687070608E-1
1.517879110E1,9.871294022E0,-4.189853072E-1,-3.663128614E-1
1.518079672E1,9.885659218E0,-4.213795066E-1,-3.711012602E-1
1.518279837E1,9.888052940E0,-4.189853072E-1,-3.687070608E-1
1.518486753E1,9.883264542E0,-4.189853072E-1,-3.639186621E-1
1.518690253E1,9.878476143E0,-4.118026793E-1,-3.567360640E-1
1.518897114E1,9.888052940E0,-4.213795066E-1,-3.567360640E-1
1.519100584E1,9.878476143E0,-4.213795066E-1,-3.519476354E-1
1.519307449E1,9.866505623E0,-4.237737060E-1,-3.567360640E-1
1.519510945E1,9.871294022E0,-4.094084799E-1,-3.639186621E-1
1.519717810E1,9.873687744E0,-4.189853072E-1,-3.615244627E-1
1.519921303E1,9.876082420E0,-4.046200812E-1,-3.687070608E-1
1.520121960E1,9.883264542E0,-4.046200812E-1,-3.758896589E-1
1.520322318E1,9.885659218E0,-4.070142806E-1,-3.854664862E-1
1.520529260E1,9.892841339E0,-4.165911078E-1,-3.974374831E-1
1.520732695E1,9.907206535E0,-4.165911078E-1,-3.998316824E-1
1.520939645E1,9.911994934E0,-4.165911078E-1,-4.046200812E-1
1.521143134E1,9.892841339E0,-4.141969085E-1,-4.261679053E-1
1.521350053E1,9.888052940E0,-3.782838583E-1,-4.477157295E-1
1.521553537E1,9.888052940E0,-3.734954596E-1,-4.572925270E-1
1.521760468E1,9.888052940E0,-3.591302633E-1,-4.644751251E-1
1.521963949E1,9.902418137E0,-3.543418646E-1,-4.596867263E-1
1.522164522E1,9.904812813E0,-3.615244627E-1,-4.692635238E-1
1.522376818E1,9.895236015E0,-3.591302633E-1,-4.740519226E-1
1.522567349E1,9.885659218E0,-3.375824392E-1,-4.836287498E-1
1.522767360E1,9.876082420E0,-3.327940404E-1,-4.812345505E-1
1.522974256E1,9.871294022E0,-3.375824392E-1,-4.764461517E-1
1.523177734E1,9.873687744E0,-3.423708379E-1,-4.764461517E-1
1.523384607E1,9.878476143E0,-3.423708379E-1,-4.884171486E-1
1.523588141E1,9.878476143E0,-3.471592367E-1,-4.932055473E-1
1.523795060E1,9.871294022E0,-3.495534360E-1,-4.860229492E-1
1.523998584E1,9.864110947E0,-3.639186621E-1,-4.836287498E-1
1.524199191E1,9.854534149E0,-3.663128614E-1,-4.764461517E-1
1.524411918E1,9.844957352E0,-3.567360640E-1,-4.788403511E-1
1.524602503E1,9.847352028E0,-3.758896589E-1,-4.764461517E-1
1.524802514E1,9.852140427E0,-3.758896589E-1,-4.788403511E-1
1.525009426E1,9.842563629E0,-3.806780577E-1,-4.692635238E-1
1.525212980E1,9.832986832E0,-3.782838583E-1,-4.620809257E-1
1.525419868E1,9.832986832E0,-3.878606856E-1,-4.620809257E-1
1.525623345E1,9.821015358E0,-4.022258818E-1,-4.572925270E-1
1.525830299E1,9.830592155E0,-4.141969085E-1,-4.644751251E-1
1.526033714E1,9.837775230E0,-4.189853072E-1,-4.620809257E-1
1.526234157E1,9.854534149E0,-4.046200812E-1,-4.596867263E-1
1.526434310E1,9.842563629E0,-3.974374831E-1,-4.453215301E-1
1.526641222E1,9.832986832E0,-3.854664862E-1,-4.453215301E-1
1.526844722E1,9.837775230E0,-4.022258818E-1,-4.525041282E-1
1.527051622E1,9.844957352E0,-4.118026793E-1,-4.596867263E-1
1.527255118E1,9.854534149E0,-4.118026793E-1,-4.501099288E-1
1.527462003E1,9.859322548E0,-4.189853072E-1,-4.477157295E-1
1.527665480E1,9.868899345E0,-4.261679053E-1,-4.333505034E-1
1.527872364E1,9.868899345E0,-4.357447028E-1,-4.357447028E-1
1.528075826E1,9.856928825E0,-4.405331016E-1,-4.309563041E-1
1.528276426E1,9.864110947E0,-4.309563041E-1,-4.357447028E-1
1.528476776E1,9.868899345E0,-4.213795066E-1,-4.429273009E-1
1.528683660E1,9.866505623E0,-4.189853072E-1,-4.429273009E-1
1.528887095E1,9.888052940E0,-4.141969085E-1,-4.309563041E-1
1.529093980E1,9.880870819E0,-4.357447028E-1,-4.333505034E-1
1.529297476E1,9.892841339E0,-4.333505034E-1,-4.333505034E-1
1.529504383E1,9.890447617E0,-4.213795066E-1,-4.333505034E-1
1.529707849E1,9.909601212E0,-4.285621047E-1,-4.261679053E-1
1.529914726E1,9.907206535E0,-4.309563041E-1,-4.237737060E-1
1.530118156E1,9.911994934E0,-4.453215301E-1,-4.094084799E-1
1.530318703E1,9.900024414E0,-4.285621047E-1,-4.213795066E-1
1.530531049E1,9.892841339E0,-4.237737060E-1,-4.165911078E-1
1.530721545E1,9.900024414E0,-4.213795066E-1,-4.118026793E-1
1.530921483E1,9.923966408E0,-4.237737060E-1,-4.094084799E-1
1.531128326E1,9.933543205E0,-4.118026793E-1,-4.141969085E-1
1.531331764E1,9.916783333E0,-4.118026793E-1,-4.141969085E-1
1.531538591E1,9.897629738E0,-4.165911078E-1,-4.189853072E-1
1.531742033E1,9.904812813E0,-4.141969085E-1,-4.213795066E-1
1.531948926E1,9.900024414E0,-4.189853072E-1,-4.189853072E-1
1.532152387E1,9.895236015E0,-3.974374831E-1,-4.141969085E-1
1.532352953E1,9.895236015E0,-3.926490843E-1,-4.261679053E-1
1.532571853E1,9.897629738E0,-3.902548850E-1,-4.261679053E-1
1.532755395E1,9.895236015E0,-3.926490843E-1,-4.165911078E-1
1.532955376E1,9.897629738E0,-3.854664862E-1,-4.118026793E-1
1.533162249E1,9.892841339E0,-3.806780577E-1,-4.165911078E-1
1.533365718E1,9.885659218E0,-3.663128614E-1,-4.165911078E-1
1.533572576E1,9.883264542E0,-3.782838583E-1,-4.022258818E-1
1.533776057E1,9.876082420E0,-3.687070608E-1,-3.974374831E-1
1.533982995E1,9.880870819E0,-3.591302633E-1,-4.094084799E-1
1.534186468E1,9.868899345E0,-3.639186621E-1,-4.070142806E-1
1.534387022E1,9.878476143E0,-3.639186621E-1,-3.998316824E-1
1.534587022E1,9.864110947E0,-3.734954596E-1,-4.070142806E-1
1.534793883E1,9.852140427E0,-3.639186621E-1,-4.022258818E-1
1.534997326E1,9.849745750E0,-3.543418646E-1,-4.141969085E-1
1.535204180E1,9.828198433E0,-3.639186621E-1,-4.141969085E-1
1.535407660E1,9.835380554E0,-3.591302633E-1,-4.070142806E-1
1.535610122E1,9.837775230E0,-3.519476354E-1,-4.070142806E-1
1.535810099E1,9.811438560E0,-3.495534360E-1,-4.070142806E-1
1.536016960E1,9.804255486E0,-3.591302633E-1,-4.165911078E-1
1.536220403E1,9.818621635E0,-3.615244627E-1,-4.165911078E-1
1.536420957E1,9.830592155E0,-3.639186621E-1,-4.141969085E-1
1.536621380E1,9.818621635E0,-3.758896589E-1,-4.189853072E-1
1.536828249E1,9.806650162E0,-3.878606856E-1,-4.165911078E-1
1.537031707E1,9.804255486E0,-3.878606856E-1,-4.309563041E-1
1.537238580E1,9.816226959E0,-3.974374831E-1,-4.381389022E-1
1.537442006E1,9.823410034E0,-3.830722570E-1,-4.357447028E-1
1.537648868E1,9.832986832E0,-3.926490843E-1,-4.333505034E-1
1.537852303E1,9.835380554E0,-3.974374831E-1,-4.381389022E-1
1.538059130E1,9.835380554E0,-3.902548850E-1,-4.453215301E-1
1.538262533E1,9.837775230E0,-3.830722570E-1,-4.405331016E-1
1.538463064E1,9.832986832E0,-3.878606856E-1,-4.429273009E-1
1.538675418E1,9.842563629E0,-3.926490843E-1,-4.333505034E-1
1.538866033E1,9.844957352E0,-3.854664862E-1,-4.381389022E-1
1.539066026E1,9.859322548E0,-3.854664862E-1,-4.453215301E-1
1.539272895E1,9.859322548E0,-4.046200812E-1,-4.429273009E-1
1.539476307E1,9.854534149E0,-4.070142806E-1,-4.477157295E-1
1.539683157E1,9.849745750E0,-4.022258818E-1,-4.548983276E-1
1.539886560E1,9.866505623E0,-3.926490843E-1,-4.477157295E-1
1.540093383E1,9.871294022E0,-3.926490843E-1,-4.429273009E-1
1.540296772E1,9.871294022E0,-4.070142806E-1,-4.357447028E-1
1.540497299E1,9.880870819E0,-3.926490843E-1,-4.501099288E-1
1.540709845E1,9.873687744E0,-3.974374831E-1,-4.525041282E-1
1.540900337E1,9.888052940E0,-4.022258818E-1,-4.381389022E-1
1.541100176E1,9.890447617E0,-4.237737060E-1,-4.381389022E-1
1.541307049E1,9.888052940E0,-4.261679053E-1,-4.381389022E-1
1.541510453E1,9.892841339E0,-4.118026793E-1,-4.357447028E-1
1.541717237E1,9.890447617E0,-4.070142806E-1,-4.285621047E-1
1.541920653E1,9.885659218E0,-4.189853072E-1,-4.309563041E-1
1.542127483E1,9.897629738E0,-4.285621047E-1,-4.237737060E-1
1.542330841E1,9.907206535E0,-4.118026793E-1,-4.046200812E-1
1.542531226E1,9.907206535E0,-4.094084799E-1,-4.022258818E-1
1.542731264E1,9.900024414E0,-4.213795066E-1,-3.998316824E-1
1.542938118E1,9.897629738E0,-4.261679053E-1,-4.070142806E-1
1.543141557E1,9.897629738E0,-4.141969085E-1,-4.022258818E-1
1.543348368E1,9.883264542E0,-4.165911078E-1,-3.998316824E-1
1.543551791E1,9.885659218E0,-4.141969085E-1,-4.070142806E-1
1.543758641E1,9.902418137E0,-4.070142806E-1,-4.094084799E-1
1.543962007E1,9.911994934E0,-4.094084799E-1,-4.189853072E-1
1.544168891E1,9.904812813E0,-4.022258818E-1,-4.118026793E-1
1.544372345E1,9.911994934E0,-3.974374831E-1,-3.950432837E-1
1.544572918E1,9.904812813E0,-3.830722570E-1,-4.022258818E-1
1.544773191E1,9.897629738E0,-3.974374831E-1,-4.046200812E-1
1.544980072E1,9.890447617E0,-3.950432837E-1,-4.094084799E-1
1.545183530E1,9.892841339E0,-3.926490843E-1,-4.022258818E-1
1.545390399E1,9.885659218E0,-3.878606856E-1,-4.118026793E-1
1.545593887E1,9.885659218E0,-3.758896589E-1,-4.118026793E-1
1.545800803E1,9.883264542E0,-3.734954596E-1,-4.118026793E-1
1.546004280E1,9.888052940E0,-3.711012602E-1,-4.165911078E-1
1.546211180E1,9.876082420E0,-3.687070608E-1,-4.189853072E-1
1.546414680E1,9.876082420E0,-3.830722570E-1,-4.189853072E-1
1.546615210E1,9.868899345E0,-3.902548850E-1,-4.189853072E-1
1.546827783E1,9.871294022E0,-3.806780577E-1,-4.165911078E-1
1.547018291E1,9.864110947E0,-3.711012602E-1,-4.094084799E-1
1.547218253E1,9.878476143E0,-3.639186621E-1,-4.237737060E-1
1.547425118E1,9.871294022E0,-3.639186621E-1,-4.309563041E-1
1.547628568E1,9.866505623E0,-3.615244627E-1,-4.165911078E-1
1.547835541E1,9.852140427E0,-3.591302633E-1,-4.189853072E-1
1.548038995E1,9.859322548E0,-3.734954596E-1,-4.070142806E-1
1.548245903E1,9.856928825E0,-3.687070608E-1,-4.141969085E-1
1.548449372E1,9.864110947E0,-3.782838583E-1,-4.094084799E-1
1.548649976E1,9.871294022E0,-3.758896589E-1,-4.165911078E-1
1.548868845E1,9.864110947E0,-3.758896589E-1,-4.118026793E-1
1.549052449E1,9.859322548E0,-3.711012602E-1,-4.165911078E-1
1.549252476E1,9.847352028E0,-3.758896589E-1,-4.213795066E-1
1.549459364E1,9.832986832E0,-3.711012602E-1,-4.213795066E-1
1.549662822E1,9.835380554E0,-3.567360640E-1,-4.165911078E-1
1.549869706E1,9.842563629E0,-3.711012602E-1,-4.094084799E-1
1.550073172E1,9.842563629E0,-3.806780577E-1,-4.094084799E-1
1.550280076E1,9.840168953E0,-3.782838583E-1,-4.070142806E-1
1.550483564E1,9.818621635E0,-3.687070608E-1,-4.165911078E-1
1.550684072E1,9.823410034E0,-3.639186621E-1,-4.261679053E-1
1.550884218E1,9.828198433E0,-3.639186621E-1,-4.189853072E-1
1.551091199E1,9.828198433E0,-3.687070608E-1,-4.046200812E-1
1.551294691E1,9.818621635E0,-3.830722570E-1,-4.046200812E-1
1.551501683E1,9.821015358E0,-3.830722570E-1,-4.094084799E-1
1.551705195E1,9.840168953E0,-3.926490843E-1,-3.998316824E-1
1.551912122E1,9.818621635E0,-3.950432837E-1,-3.878606856E-1
1.552115626E1,9.823410034E0,-3.950432837E-1,-3.950432837E-1
1.552322526E1,9.844957352E0,-3.950432837E-1,-3.998316824E-1
1.552526006E1,9.852140427E0,-3.902548850E-1,-4.022258818E-1
1.552726556E1,9.852140427E0,-3.806780577E-1,-4.022258818E-1
1.552926895E1,9.849745750E0,-3.974374831E-1,-3.974374831E-1
1.553133806E1,9.859322548E0,-4.022258818E-1,-3.950432837E-1
1.553337268E1,9.861717224E0,-4.022258818E-1,-3.902548850E-1
1.553544203E1,9.866505623E0,-3.878606856E-1,-4.094084799E-1
1.553747714E1,9.859322548E0,-3.902548850E-1,-4.070142806E-1
1.553954591E1,9.847352028E0,-4.070142806E-1,-4.118026793E-1
1.554158095E1,9.849745750E0,-4.141969085E-1,-4.141969085E-1
1.554364995E1,9.873687744E0,-4.165911078E-1,-4.141969085E-1
1.554568487E1,9.885659218E0,-4.165911078E-1,-4.141969085E-1
1.554769083E1,9.897629738E0,-4.189853072E-1,-4.189853072E-1
1.554981483E1,9.892841339E0,-4.213795066E-1,-4.141969085E-1
1.555172018E1,9.892841339E0,-4.141969085E-1,-4.094084799E-1
1.555372006E1,9.895236015E0,-4.141969085E-1,-4.141969085E-1
1.555578860E1,9.909601212E0,-4.070142806E-1,-4.046200812E-1
1.555782310E1,9.904812813E0,-4.165911078E-1,-4.165911078E-1
1.555989183E1,9.914389610E0,-4.213795066E-1,-4.141969085E-1
1.556192656E1,9.909601212E0,-4.333505034E-1,-4.094084799E-1
1.556399503E1,9.914389610E0,-4.094084799E-1,-4.094084799E-1
1.556602980E1,9.919178009E0,-3.974374831E-1,-4.046200812E-1
1.556803537E1,9.916783333E0,-4.022258818E-1,-4.118026793E-1
1.557016160E1,9.904812813E0,-4.285621047E-1,-4.094084799E-1
1.557206622E1,9.897629738E0,-4.309563041E-1,-4.070142806E-1
1.557406603E1,9.897629738E0,-4.261679053E-1,-4.237737060E-1
1.557613456E1,9.885659218E0,-4.165911078E-1,-4.261679053E-1
1.557816910E1,9.878476143E0,-4.070142806E-1,-4.213795066E-1
1.558023768E1,9.876082420E0,-4.022258818E-1,-4.213795066E-1
1.558227241E1,9.873687744E0,-4.189853072E-1,-4.237737060E-1
1.558434126E1,9.876082420E0,-4.118026793E-1,-4.213795066E-1
1.558637618E1,9.868899345E0,-4.046200812E-1,-4.213795066E-1
1.558838153E1,9.876082420E0,-4.094084799E-1,-4.309563041E-1
1.559038241E1,9.871294022E0,-4.046200812E-1,-4.309563041E-1
1.559245149E1,9.866505623E0,-3.998316824E-1,-4.237737060E-1
1.559448633E1,9.864110947E0,-3.926490843E-1,-4.237737060E-1
1.559655549E1,9.861717224E0,-3.878606856E-1,-4.237737060E-1
1.559859056E1,9.854534149E0,-3.878606856E-1,-4.213795066E-1
1.560061510E1,9.840168953E0,-3.950432837E-1,-4.213795066E-1
1.560261480E1,9.859322548E0,-3.878606856E-1,-4.189853072E-1
1.560468356E1,9.859322548E0,-3.902548850E-1,-4.261679053E-1
1.560671799E1,9.844957352E0,-3.974374831E-1,-4.333505034E-1
1.560872395E1,9.847352028E0,-3.878606856E-1,-4.309563041E-1
1.561072903E1,9.852140427E0,-3.782838583E-1,-4.237737060E-1
1.561279810E1,9.852140427E0,-3.711012602E-1,-4.189853072E-1
1.561483318E1,9.861717224E0,-3.758896589E-1,-4.285621047E-1
1.561690222E1,9.852140427E0,-3.854664862E-1,-4.285621047E-1
1.561893733E1,9.837775230E0,-3.926490843E-1,-4.213795066E-1
1.562100583E1,9.847352028E0,-3.758896589E-1,-4.213795066E-1
1.562304106E1,9.859322548E0,-3.663128614E-1,-4.285621047E-1
1.562511003E1,9.856928825E0,-3.758896589E-1,-4.285621047E-1
1.562714468E1,9.859322548E0,-3.902548850E-1,-4.501099288E-1
1.562914899E1,9.866505623E0,-3.806780577E-1,-4.477157295E-1
1.563127199E1,9.864110947E0,-3.806780577E-1,-4.285621047E-1
1.563317614E1,9.842563629E0,-3.806780577E-1,-4.309563041E-1
1.563517583E1,9.844957352E0,-3.806780577E-1,-4.381389022E-1
1.563724483E1,9.830592155E0,-3.830722570E-1,-4.453215301E-1
1.563927972E1,9.837775230E0,-3.854664862E-1,-4.357447028E-1
1.564134880E1,9.837775230E0,-3.902548850E-1,-4.309563041E-1
1.564338326E1,9.842563629E0,-3.950432837E-1,-4.405331016E-1
1.564545214E1,9.852140427E0,-3.998316824E-1,-4.525041282E-1
1.564748676E1,9.861717224E0,-4.022258818E-1,-4.405331016E-1
1.564949287E1,9.871294022E0,-3.974374831E-1,-4.381389022E-1
1.565168237E1,9.883264542E0,-3.950432837E-1,-4.381389022E-1
1.565351795E1,9.880870819E0,-4.046200812E-1,-4.381389022E-1
1.565551703E1,9.876082420E0,-3.950432837E-1,-4.405331016E-1
1.565758649E1,9.871294022E0,-4.118026793E-1,-4.189853072E-1
1.565962060E1,9.868899345E0,-4.141969085E-1,-4.189853072E-1
1.566168876E1,9.868899345E0,-4.165911078E-1,-4.213795066E-1
1.566372310E1,9.859322548E0,-4.094084799E-1,-4.165911078E-1
1.566579206E1,9.844957352E0,-4.118026793E-1,-4.165911078E-1
1.566782649E1,9.840168953E0,-4.070142806E-1,-4.070142806E-1
1.566983079E1,9.847352028E0,-4.118026793E-1,-4.141969085E-1
1.567183164E1,9.854534149E0,-4.118026793E-1,-4.118026793E-1
1.567390068E1,9.861717224E0,-4.165911078E-1,-4.022258818E-1
1.567593560E1,9.883264542E0,-4.022258818E-1,-4.070142806E-1
1.567800460E1,9.885659218E0,-4.094084799E-1,-4.046200812E-1
1.568003933E1,9.876082420E0,-4.070142806E-1,-3.950432837E-1
1.568210810E1,9.873687744E0,-3.830722570E-1,-3.950432837E-1
1.568414249E1,9.871294022E0,-3.926490843E-1,-4.022258818E-1
1.568621122E1,9.883264542E0,-3.926490843E-1,-3.998316824E-1
1.568824541E1,9.895236015E0,-3.950432837E-1,-3.926490843E-1
1.569025129E1,9.892841339E0,-3.902548850E-1,-3.854664862E-1
1.569225445E1,9.883264542E0,-3.902548850E-1,-3.830722570E-1
1.569432333E1,9.864110947E0,-3.830722570E-1,-3.902548850E-1
1.569635783E1,9.861717224E0,-3.974374831E-1,-3.902548850E-1
1.569842664E1,9.866505623E0,-3.806780577E-1,-3.806780577E-1
1.570046133E1,9.873687744E0,-3.782838583E-1,-3.854664862E-1
1.570252976E1,9.878476143E0,-3.567360640E-1,-3.902548850E-1
1.570456403E1,9.897629738E0,-3.567360640E-1,-3.926490843E-1
1.570663226E1,9.902418137E0,-3.663128614E-1,-3.830722570E-1
1.570866660E1,9.902418137E0,-3.758896589E-1,-3.734954596E-1
1.571067110E1,9.885659218E0,-3.639186621E-1,-3.711012602E-1
1.571279614E1,9.876082420E0,-3.639186621E-1,-3.758896589E-1
1.571470072E1,9.883264542E0,-3.734954596E-1,-3.878606856E-1
1.571670010E1,9.888052940E0,-3.711012602E-1,-3.902548850E-1
1.571876837E1,9.880870819E0,-3.663128614E-1,-3.854664862E-1
1.572080229E1,9.888052940E0,-3.663128614E-1,-3.878606856E-1
1.572287110E1,9.871294022E0,-3.495534360E-1,-3.854664862E-1
1.572490526E1,9.883264542E0,-3.471592367E-1,-3.854664862E-1
1.572697322E1,9.878476143E0,-3.663128614E-1,-3.998316824E-1
1.572900691E1,9.883264542E0,-3.495534360E-1,-4.046200812E-1
1.573101203E1,9.880870819E0,-3.447650373E-1,-4.165911078E-1
1.573313691E1,9.876082420E0,-3.615244627E-1,-4.189853072E-1
1.573504295E1,9.866505623E0,-3.711012602E-1,-4.261679053E-1
1.573704260E1,9.864110947E0,-3.567360640E-1,-4.261679053E-1
1.573911183E1,9.864110947E0,-3.447650373E-1,-4.285621047E-1
1.574114641E1,9.876082420E0,-3.543418646E-1,-4.357447028E-1
1.574321503E1,9.878476143E0,-3.543418646E-1,-4.333505034E-1
1.574524949E1,9.871294022E0,-3.495534360E-1,-4.381389022E-1
1.574731856E1,9.892841339E0,-3.519476354E-1,-4.333505034E-1
1.574935329E1,9.885659218E0,-3.543418646E-1,-4.405331016E-1
1.575136076E1,9.878476143E0,-3.567360640E-1,-4.405331016E-1
1.575336268E1,9.885659218E0,-3.495534360E-1,-4.405331016E-1
1.575543156E1,9.885659218E0,-3.543418646E-1,-4.453215301E-1
1.575746626E1,9.885659218E0,-3.615244627E-1,-4.501099288E-1
1.575953587E1,9.883264542E0,-3.639186621E-1,-4.357447028E-1
1.576157137E1,9.878476143E0,-3.782838583E-1,-4.261679053E-1
1.576363960E1,9.878476143E0,-3.687070608E-1,-4.285621047E-1
1.576567433E1,9.876082420E0,-3.854664862E-1,-4.453215301E-1
1.576774256E1,9.888052940E0,-3.998316824E-1,-4.429273009E-1
1.576977714E1,9.885659218E0,-3.998316824E-1,-4.429273009E-1
1.577178322E1,9.883264542E0,-3.854664862E-1,-4.501099288E-1
1.577378591E1,9.890447617E0,-3.878606856E-1,-4.309563041E-1
1.577585453E1,9.883264542E0,-3.926490843E-1,-4.309563041E-1
1.577788933E1,9.868899345E0,-4.022258818E-1,-4.333505034E-1
1.577995841E1,9.878476143E0,-4.094084799E-1,-4.429273009E-1
1.578199314E1,9.883264542E0,-4.070142806E-1,-4.381389022E-1
1.578406210E1,9.883264542E0,-4.118026793E-1,-4.237737060E-1
1.578609702E1,9.864110947E0,-4.141969085E-1,-4.165911078E-1
1.578816614E1,9.866505623E0,-4.285621047E-1,-4.094084799E-1
1.579020095E1,9.866505623E0,-4.261679053E-1,-4.165911078E-1
1.579220549E1,9.840168953E0,-4.333505034E-1,-4.118026793E-1
1.579432926E1,9.837775230E0,-4.237737060E-1,-4.165911078E-1
1.579623537E1,9.832986832E0,-4.285621047E-1,-4.141969085E-1
1.579823572E1,9.830592155E0,-4.333505034E-1,-3.998316824E-1
1.580030379E1,9.832986832E0,-4.357447028E-1,-3.974374831E-1
1.580233860E1,9.835380554E0,-4.309563041E-1,-3.878606856E-1
1.580440683E1,9.844957352E0,-4.333505034E-1,-3.878606856E-1
1.580644110E1,9.847352028E0,-4.118026793E-1,-3.758896589E-1
1.580851002E1,9.842563629E0,-4.070142806E-1,-3.782838583E-1
1.581054453E1,9.832986832E0,-3.926490843E-1,-3.806780577E-1
1.581255037E1,9.828198433E0,-4.213795066E-1,-3.878606856E-1
1.581474002E1,9.842563629E0,-4.213795066E-1,-3.854664862E-1
1.581657545E1,9.844957352E0,-4.118026793E-1,-3.663128614E-1
1.581857437E1,9.847352028E0,-4.046200812E-1,-3.663128614E-1
1.582064406E1,9.854534149E0,-4.046200812E-1,-3.639186621E-1
1.582267833E1,9.852140427E0,-4.070142806E-1,-3.567360640E-1
1.582474718E1,9.852140427E0,-3.950432837E-1,-3.591302633E-1
1.582678195E1,9.859322548E0,-3.998316824E-1,-3.687070608E-1
1.582885114E1,9.878476143E0,-3.902548850E-1,-3.663128614E-1
1.583088618E1,9.878476143E0,-3.926490843E-1,-3.567360640E-1
1.583289156E1,9.864110947E0,-3.854664862E-1,-3.543418646E-1
1.583489172E1,9.871294022E0,-3.758896589E-1,-3.663128614E-1
1.583696064E1,9.888052940E0,-3.567360640E-1,-3.615244627E-1
1.583899522E1,9.890447617E0,-3.615244627E-1,-3.663128614E-1
1.584106406E1,9.900024414E0,-3.830722570E-1,-3.615244627E-1
1.584309872E1,9.888052940E0,-3.878606856E-1,-3.687070608E-1
1.584512345E1,9.900024414E0,-3.878606856E-1,-3.687070608E-1
1.584712306E1,9.921571732E0,-3.878606856E-1,-3.639186621E-1
1.584919191E1,9.907206535E0,-3.998316824E-1,-3.615244627E-1
1.585122622E1,9.904812813E0,-3.926490843E-1,-3.711012602E-1
1.585323249E1,9.916783333E0,-3.806780577E-1,-3.806780577E-1
1.585523779E1,9.921571732E0,-3.711012602E-1,-3.854664862E-1
1.585730672E1,9.919178009E0,-3.806780577E-1,-3.902548850E-1
1.585934160E1,9.919178009E0,-3.998316824E-1,-4.070142806E-1
1.586141006E1,9.911994934E0,-3.902548850E-1,-4.165911078E-1
1.586344422E1,9.914389610E0,-3.854664862E-1,-4.477157295E-1
1.586551249E1,9.916783333E0,-3.830722570E-1,-4.501099288E-1
1.586754652E1,9.914389610E0,-3.567360640E-1,-4.429273009E-1
1.586961487E1,9.921571732E0,-3.327940404E-1,-4.477157295E-1
1.587164899E1,9.916783333E0,-3.256114423E-1,-4.548983276E-1
1.587365379E1,9.904812813E0,-3.256114423E-1,-4.764461517E-1
1.587577741E1,9.909601212E0,-3.208230138E-1,-4.764461517E-1
1.587768218E1,9.911994934E0,-3.303998411E-1,-4.692635238E-1
1.587968160E1,9.902418137E0,-3.399766386E-1,-4.740519226E-1
1.588175041E1,9.888052940E0,-3.256114423E-1,-4.740519226E-1
1.588378468E1,9.885659218E0,-3.256114423E-1,-4.764461517E-1
1.588585318E1,9.897629738E0,-3.280056417E-1,-4.932055473E-1
1.588788791E1,9.890447617E0,-3.327940404E-1,-4.788403511E-1
1.588995668E1,9.876082420E0,-3.256114423E-1,-4.812345505E-1
1.589199149E1,9.871294022E0,-3.303998411E-1,-4.692635238E-1
1.589399772E1,9.856928825E0,-3.519476354E-1,-4.740519226E-1
1.589612372E1,9.859322548E0,-3.615244627E-1,-4.644751251E-1
1.589802868E1,9.864110947E0,-3.663128614E-1,-4.548983276E-1
1.590002837E1,9.849745750E0,-3.687070608E-1,-4.453215301E-1
1.590209656E1,9.837775230E0,-3.782838583E-1,-4.501099288E-1
1.590413083E1,9.837775230E0,-3.782838583E-1,-4.501099288E-1
1.590619876E1,9.835380554E0,-3.926490843E-1,-4.477157295E-1
1.590823295E1,9.828198433E0,-3.998316824E-1,-4.405331016E-1
1.591030079E1,9.818621635E0,-4.022258818E-1,-4.118026793E-1
1.591233460E1,9.816226959E0,-4.094084799E-1,-4.070142806E-1
1.591433968E1,9.821015358E0,-4.094084799E-1,-4.022258818E-1
1.591633987E1,9.825803757E0,-4.189853072E-1,-4.094084799E-1
1.591840818E1,9.818621635E0,-4.141969085E-1,-3.950432837E-1
1.592044191E1,9.809044838E0,-4.118026793E-1,-3.998316824E-1
1.592251114E1,9.809044838E0,-4.141969085E-1,-3.974374831E-1
1.592454522E1,9.823410034E0,-4.237737060E-1,-4.046200812E-1
1.592661383E1,9.832986832E0,-4.189853072E-1,-3.998316824E-1
1.592864837E1,9.835380554E0,-4.237737060E-1,-3.902548850E-1
1.593071683E1,9.835380554E0,-4.165911078E-1,-3.830722570E-1
1.593275095E1,9.844957352E0,-4.213795066E-1,-3.974374831E-1
1.593475668E1,9.842563629E0,-4.357447028E-1,-4.070142806E-1
1.593675972E1,9.856928825E0,-4.477157295E-1,-4.094084799E-1
1.593882864E1,9.878476143E0,-4.429273009E-1,-3.926490843E-1
1.594086329E1,9.883264542E0,-4.453215301E-1,-3.974374831E-1
1.594293245E1,9.868899345E0,-4.357447028E-1,-4.046200812E-1
1.594496710E1,9.890447617E0,-4.309563041E-1,-4.046200812E-1
1.594703683E1,9.902418137E0,-4.261679053E-1,-3.974374831E-1
1.594907176E1,9.888052940E0,-4.309563041E-1,-3.878606856E-1
1.595114087E1,9.888052940E0,-4.285621047E-1,-3.998316824E-1
1.595317587E1,9.895236015E0,-4.261679053E-1,-3.950432837E-1
1.595518164E1,9.909601212E0,-4.237737060E-1,-3.998316824E-1
1.595730587E1,9.902418137E0,-4.285621047E-1,-3.998316824E-1
1.595921110E1,9.911994934E0,-4.357447028E-1,-3.998316824E-1
1.596121079E1,9.921571732E0,-4.165911078E-1,-3.998316824E-1
1.596327941E1,9.921571732E0,-4.094084799E-1,-3.950432837E-1
1.596531422E1,9.909601212E0,-4.118026793E-1,-3.926490843E-1
1.596738279E1,9.914389610E0,-4.022258818E-1,-3.950432837E-1
1.596941729E1,9.914389610E0,-3.926490843E-1,-3.902548850E-1
1.597148637E1,9.907206535E0,-3.950432837E-1,-3.902548850E-1
1.597352099E1,9.904812813E0,-3.926490843E-1,-3.854664862E-1
1.597552687E1,9.909601212E0,-3.878606856E-1,-3.830722570E-1
1.597771572E1,9.897629738E0,-3.782838583E-1,-3.830722570E-1
1.597955095E1,9.895236015E0,-3.782838583E-1,-3.854664862E-1
1.598155045E1,9.907206535E0,-3.567360640E-1,-3.782838583E-1
1.598361956E1,9.885659218E0,-3.663128614E-1,-3.878606856E-1
1.598565456E1,9.876082420E0,-3.734954596E-1,-3.878606856E-1
1.598772379E1,9.895236015E0,-3.615244627E-1,-3.782838583E-1
1.598975887E1,9.864110947E0,-3.495534360E-1,-3.950432837E-1
1.599182787E1,9.854534149E0,-3.471592367E-1,-3.998316824E-1
1.599386287E1,9.852140427E0,-3.447650373E-1,-4.046200812E-1
1.599586756E1,9.842563629E0,-3.327940404E-1,-3.998316824E-1
1.599786956E1,9.830592155E0,-3.303998411E-1,-4.022258818E-1
1.599993826E1,9.849745750E0,-3.447650373E-1,-3.926490843E-1
1.600197310E1,9.847352028E0,-3.471592367E-1,-3.902548850E-1
1.600404183E1,9.844957352E0,-3.447650373E-1,-4.022258818E-1
1.600607668E1,9.854534149E0,-3.351882398E-1,-4.094084799E-1
1.600814602E1,9.852140427E0,-3.639186621E-1,-4.070142806E-1
1.601018098E1,9.847352028E0,-3.687070608E-1,-4.237737060E-1
1.601224945E1,9.847352028E0,-3.543418646E-1,-4.213795066E-1
1.601428376E1,9.844957352E0,-3.519476354E-1,-4.118026793E-1
1.601628899E1,9.842563629E0,-3.495534360E-1,-4.213795066E-1
1.601829191E1,9.835380554E0,-3.639186621E-1,-4.237737060E-1
1.602036056E1,9.830592155E0,-3.519476354E-1,-4.213795066E-1
1.602239483E1,9.832986832E0,-3.734954596E-1,-4.213795066E-1
1.602446383E1,9.840168953E0,-3.806780577E-1,-4.261679053E-1
1.602649806E1,9.842563629E0,-3.758896589E-1,-4.261679053E-1
1.602856683E1,9.840168953E0,-3.734954596E-1,-4.357447028E-1
1.603060133E1,9.842563629E0,-3.758896589E-1,-4.261679053E-1
1.603267026E1,9.861717224E0,-3.758896589E-1,-4.165911078E-1
1.603470487E1,9.852140427E0,-3.758896589E-1,-4.189853072E-1
1.603670964E1,9.852140427E0,-3.758896589E-1,-4.165911078E-1
1.603883210E1,9.866505623E0,-3.950432837E-1,-4.070142806E-1
1.604073714E1,9.871294022E0,-4.141969085E-1,-4.165911078E-1
1.604273679E1,9.861717224E0,-4.189853072E-1,-4.118026793E-1
1.604480506E1,9.864110947E0,-4.261679053E-1,-4.189853072E-1
1.604683968E1,9.868899345E0,-4.357447028E-1,-4.094084799E-1
1.604890856E1,9.876082420E0,-4.285621047E-1,-3.974374831E-1
1.605094314E1,9.878476143E0,-4.309563041E-1,-3.998316824E-1
1.605301179E1,9.885659218E0,-4.213795066E-1,-4.118026793E-1
1.605504637E1,9.866505623E0,-4.213795066E-1,-4.094084799E-1
1.605705214E1,9.878476143E0,-4.261679053E-1,-4.046200812E-1
1.605917737E1,9.892841339E0,-4.094084799E-1,-3.998316824E-1
1.606108295E1,9.897629738E0,-4.189853072E-1,-4.046200812E-1
1.606308233E1,9.895236015E0,-4.237737060E-1,-4.213795066E-1
1.606515106E1,9.880870819E0,-4.333505034E-1,-4.118026793E-1
1.606718568E1,9.878476143E0,-4.333505034E-1,-4.046200812E-1
1.606925452E1,9.864110947E0,-4.285621047E-1,-3.974374831E-1
1.607128891E1,9.873687744E0,-4.094084799E-1,-3.998316824E-1
1.607335733E1,9.890447617E0,-4.165911078E-1,-3.998316824E-1
1.607539156E1,9.890447617E0,-4.165911078E-1,-3.902548850E-1
1.607739572E1,9.880870819E0,-4.141969085E-1,-3.782838583E-1
1.607939606E1,9.878476143E0,-4.070142806E-1,-3.830722570E-1
1.608146452E1,9.890447617E0,-4.094084799E-1,-3.806780577E-1
1.608349945E1,9.895236015E0,-4.046200812E-1,-3.854664862E-1
1.608556825E1,9.866505623E0,-4.046200812E-1,-3.711012602E-1
1.608760302E1,9.864110947E0,-4.022258818E-1,-3.782838583E-1
1.608962725E1,9.871294022E0,-4.070142806E-1,-3.830722570E-1
1.609162679E1,9.876082420E0,-3.974374831E-1,-3.806780577E-1
1.609369545E1,9.878476143E0,-3.950432837E-1,-3.830722570E-1
1.609573002E1,9.878476143E0,-3.902548850E-1,-3.711012602E-1
1.609773583E1,9.878476143E0,-3.854664862E-1,-3.734954596E-1
1.609974098E1,9.868899345E0,-3.830722570E-1,-3.830722570E-1
1.610181002E1,9.871294022E0,-3.950432837E-1,-3.806780577E-1
1.610384472E1,9.878476143E0,-3.902548850E-1,-3.734954596E-1
1.610591349E1,9.878476143E0,-3.878606856E-1,-3.639186621E-1
1.610794799E1,9.866505623E0,-3.758896589E-1,-3.663128614E-1
1.611001729E1,9.856928825E0,-3.758896589E-1,-3.830722570E-1
1.611205125E1,9.871294022E0,-3.782838583E-1,-3.854664862E-1
1.611411952E1,9.885659218E0,-3.830722570E-1,-3.878606856E-1
1.611615368E1,9.888052940E0,-3.711012602E-1,-3.902548850E-1
1.611815802E1,9.878476143E0,-3.615244627E-1,-3.854664862E-1
1.612028229E1,9.883264542E0,-3.615244627E-1,-3.950432837E-1
1.612218787E1,9.878476143E0,-3.711012602E-1,-4.070142806E-1
1.612418795E1,9.878476143E0,-3.782838583E-1,-4.022258818E-1
1.612625764E1,9.878476143E0,-3.902548850E-1,-4.022258818E-1
1.612829310E1,9.885659218E0,-3.806780577E-1,-4.046200812E-1
1.613036241E1,9.883264542E0,-3.806780577E-1,-3.854664862E-1
1.613239756E1,9.873687744E0,-3.878606856E-1,-3.926490843E-1
1.613446679E1,9.852140427E0,-3.711012602E-1,-4.070142806E-1
1.613650164E1,9.876082420E0,-3.734954596E-1,-4.094084799E-1
1.613850718E1,9.866505623E0,-3.806780577E-1,-4.094084799E-1
1.614069629E1,9.871294022E0,-3.806780577E-1,-4.094084799E-1
1.614253210E1,9.866505623E0,-3.687070608E-1,-4.141969085E-1
1.614453172E1,9.852140427E0,-3.663128614E-1,-4.094084799E-1
1.614660060E1,9.847352028E0,-3.758896589E-1,-4.141969085E-1
1.614863556E1,9.847352028E0,-3.711012602E-1,-4.261679053E-1
1.615070410E1,9.847352028E0,-3.782838583E-1,-4.237737060E-1
1.615273872E1,9.864110947E0,-3.782838583E-1,-4.237737060E-1
1.615480764E1,9.864110947E0,-3.782838583E-1,-4.261679053E-1
1.615684183E1,9.847352028E0,-3.687070608E-1,-4.285621047E-1
1.615884583E1,9.837775230E0,-3.543418646E-1,-4.237737060E-1
1.616084645E1,9.832986832E0,-3.615244627E-1,-4.070142806E-1
1.616291529E1,9.842563629E0,-3.591302633E-1,-4.141969085E-1
1.616494975E1,9.842563629E0,-3.615244627E-1,-3.974374831E-1
1.616701818E1,9.849745750E0,-3.711012602E-1,-4.046200812E-1
1.616905237E1,9.847352028E0,-3.687070608E-1,-4.094084799E-1
1.617112068E1,9.847352028E0,-3.711012602E-1,-4.094084799E-1
1.617315498E1,9.840168953E0,-3.758896589E-1,-4.070142806E-1
1.617522314E1,9.842563629E0,-3.806780577E-1,-3.998316824E-1
1.617725798E1,9.842563629E0,-3.974374831E-1,-4.022258818E-1
1.617926387E1,9.847352028E0,-3.950432837E-1,-4.094084799E-1
1.618126664E1,9.844957352E0,-3.806780577E-1,-4.070142806E-1
1.618333472E1,9.856928825E0,-3.926490843E-1,-3.926490843E-1
1.618536883E1,9.861717224E0,-4.022258818E-1,-3.878606856E-1
1.618743779E1,9.861717224E0,-3.950432837E-1,-3.974374831E-1
1.618947241E1,9.868899345E0,-3.950432837E-1,-3.998316824E-1
1.619154137E1,9.864110947E0,-3.950432837E-1,-4.094084799E-1
1.619357625E1,9.880870819E0,-4.165911078E-1,-3.998316824E-1
1.619564510E1,9.880870819E0,-4.261679053E-1,-3.950432837E-1
1.619767995E1,9.878476143E0,-4.381389022E-1,-4.070142806E-1
1.619968545E1,9.900024414E0,-4.118026793E-1,-3.926490843E-1
1.620181087E1,9.885659218E0,-4.261679053E-1,-3.950432837E-1
1.620371572E1,9.888052940E0,-4.309563041E-1,-4.046200812E-1
1.620571510E1,9.880870819E0,-4.094084799E-1,-4.022258818E-1
1.620778352E1,9.873687744E0,-4.094084799E-1,-3.998316824E-1
1.620981756E1,9.895236015E0,-4.189853072E-1,-4.046200812E-1
1.621188595E1,9.895236015E0,-4.285621047E-1,-4.046200812E-1
1.621392014E1,9.902418137E0,-4.285621047E-1,-3.998316824E-1
1.621598895E1,9.907206535E0,-4.381389022E-1,-3.998316824E-1
1.621802352E1,9.890447617E0,-4.237737060E-1,-4.118026793E-1
1.622002945E1,9.888052940E0,-4.261679053E-1,-4.022258818E-1
1.622215456E1,9.888052940E0,-4.285621047E-1,-4.022258818E-1
1.622405922E1,9.902418137E0,-4.285621047E-1,-4.118026793E-1
1.622605887E1,9.904812813E0,-4.309563041E-1,-4.118026793E-1
1.622812764E1,9.900024414E0,-4.285621047E-1,-4.141969085E-1
1.623016264E1,9.900024414E0,-4.213795066E-1,-4.118026793E-1
1.623223110E1,9.909601212E0,-4.213795066E-1,-4.118026793E-1
1.623426552E1,9.907206535E0,-4.046200812E-1,-3.974374831E-1
1.623633483E1,9.895236015E0,-4.046200812E-1,-3.974374831E-1
1.623836956E1,9.892841339E0,-3.902548850E-1,-4.046200812E-1
1.624037641E1,9.888052940E0,-3.926490843E-1,-4.022258818E-1
1.624237879E1,9.880870819E0,-3.950432837E-1,-4.046200812E-1
1.624444764E1,9.866505623E0,-3.926490843E-1,-4.070142806E-1
1.624648195E1,9.859322548E0,-3.950432837E-1,-3.998316824E-1
1.624855118E1,9.864110947E0,-3.830722570E-1,-4.118026793E-1
1.625058633E1,9.876082420E0,-3.806780577E-1,-4.070142806E-1
1.625265491E1,9.876082420E0,-3.878606856E-1,-4.141969085E-1
1.625468991E1,9.873687744E0,-3.854664862E-1,-4.118026793E-1
1.625675875E1,9.856928825E0,-3.806780577E-1,-4.189853072E-1
1.625879356E1,9.852140427E0,-3.758896589E-1,-4.165911078E-1
1.626080022E1,9.864110947E0,-3.591302633E-1,-4.141969085E-1
1.626280291E1,9.866505623E0,-3.711012602E-1,-4.070142806E-1
1.626487198E1,9.861717224E0,-3.806780577E-1,-4.022258818E-1
1.626690706E1,9.868899345E0,-3.878606856E-1,-4.046200812E-1
1.626897637E1,9.864110947E0,-3.711012602E-1,-3.998316824E-1
1.627101110E1,9.854534149E0,-3.687070608E-1,-3.950432837E-1
1.627308002E1,9.840168953E0,-3.567360640E-1,-4.141969085E-1
1.627511468E1,9.852140427E0,-3.447650373E-1,-4.165911078E-1
1.627718356E1,9.864110947E0,-3.663128614E-1,-4.213795066E-1
1.627921818E1,9.864110947E0,-3.758896589E-1,-4.189853072E-1
1.628122295E1,9.856928825E0,-3.998316824E-1,-4.213795066E-1
1.628334672E1,9.852140427E0,-3.950432837E-1,-4.141969085E-1
1.628525214E1,9.859322548E0,-3.806780577E-1,-4.189853072E-1
1.628725222E1,9.852140427E0,-3.950432837E-1,-4.118026793E-1
1.628932183E1,9.866505623E0,-3.878606856E-1,-4.189853072E-1
1.629135748E1,9.866505623E0,-3.878606856E-1,-4.285621047E-1
1.629342710E1,9.868899345E0,-3.758896589E-1,-4.189853072E-1
1.629546222E1,9.868899345E0,-3.974374831E-1,-4.189853072E-1
1.629753141E1,9.871294022E0,-3.902548850E-1,-4.285621047E-1
1.629956679E1,9.871294022E0,-4.046200812E-1,-4.405331016E-1
1.630157295E1,9.873687744E0,-3.878606856E-1,-4.333505034E-1
1.630376229E1,9.861717224E0,-3.974374831E-1,-4.357447028E-1
1.630559852E1,9.876082420E0,-4.118026793E-1,-4.333505034E-1
1.630759906E1,9.885659218E0,-4.213795066E-1,-4.405331016E-1
1.630966837E1,9.888052940E0,-4.118026793E-1,-4.381389022E-1
1.631170341E1,9.909601212E0,-4.094084799E-1,-4.285621047E-1
1.631377218E1,9.880870819E0,-3.926490843E-1,-4.333505034E-1
1.631580741E1,9.880870819E0,-3.902548850E-1,-4.405331016E-1
1.631787668E1,9.888052940E0,-4.046200812E-1,-4.429273009E-1
1.631991168E1,9.873687744E0,-4.189853072E-1,-4.309563041E-1
1.632191768E1,9.876082420E0,-4.261679053E-1,-4.309563041E-1
1.632391875E1,9.895236015E0,-4.118026793E-1,-4.213795066E-1
1.632598772E1,9.885659218E0,-4.141969085E-1,-4.165911078E-1
1.632802245E1,9.878476143E0,-4.189853072E-1,-4.165911078E-1
1.633009095E1,9.873687744E0,-4.141969085E-1,-4.070142806E-1
1.633212579E1,9.878476143E0,-4.165911078E-1,-4.094084799E-1
1.633415002E1,9.897629738E0,-4.285621047E-1,-4.046200812E-1
1.633615006E1,9.895236015E0,-4.213795066E-1,-3.974374831E-1
1.633821925E1,9.880870819E0,-4.022258818E-1,-3.998316824E-1
1.634025429E1,9.885659218E0,-4.046200812E-1,-4.046200812E-1
1.634226018E1,9.895236015E0,-3.878606856E-1,-3.998316824E-1
1.634426618E1,9.902418137E0,-3.758896589E-1,-3.926490843E-1
1.634633572E1,9.890447617E0,-3.806780577E-1,-3.902548850E-1
1.634837060E1,9.878476143E0,-3.782838583E-1,-3.830722570E-1
1.635043983E1,9.878476143E0,-3.806780577E-1,-3.734954596E-1
1.635247445E1,9.885659218E0,-3.782838583E-1,-3.639186621E-1
1.635454383E1,9.888052940E0,-3.878606856E-1,-3.639186621E-1
1.635657910E1,9.895236015E0,-3.854664862E-1,-3.782838583E-1
1.635864860E1,9.885659218E0,-3.782838583E-1,-3.663128614E-1
1.636068487E1,9.878476143E0,-3.758896589E-1,-3.591302633E-1
1.636268948E1,9.885659218E0,-3.543418646E-1,-3.639186621E-1
1.636481310E1,9.876082420E0,-3.615244627E-1,-3.687070608E-1
1.636671860E1,9.866505623E0,-3.615244627E-1,-3.758896589E-1
1.636871891E1,9.866505623E0,-3.543418646E-1,-3.663128614E-1
1.637078833E1,9.856928825E0,-3.567360640E-1,-3.663128614E-1
1.637282337E1,9.861717224E0,-3.567360640E-1,-3.687070608E-1
1.637489248E1,9.878476143E0,-3.351882398E-1,-3.758896589E-1
1.637692679E1,9.878476143E0,-3.495534360E-1,-3.734954596E-1
1.637899575E1,9.878476143E0,-3.495534360E-1,-3.806780577E-1
1.638103041E1,9.871294022E0,-3.687070608E-1,-3.782838583E-1
1.638303625E1,9.861717224E0,-3.758896589E-1,-3.711012602E-1
1.638516252E1,9.864110947E0,-3.711012602E-1,-3.830722570E-1
1.638706822E1,9.876082420E0,-3.639186621E-1,-3.878606856E-1
1.638906737E1,9.868899345E0,-3.519476354E-1,-3.902548850E-1
1.639113733E1,9.864110947E0,-3.519476354E-1,-3.878606856E-1
1.639317210E1,9.856928825E0,-3.543418646E-1,-3.902548850E-1
1.639524102E1,9.868899345E0,-3.639186621E-1,-3.974374831E-1
1.639727602E1,9.852140427E0,-3.567360640E-1,-3.878606856E-1
1.639934548E1,9.864110947E0,-3.519476354E-1,-3.830722570E-1
1.640138044E1,9.849745750E0,-3.519476354E-1,-3.926490843E-1
1.640338714E1,9.847352028E0,-3.543418646E-1,-3.830722570E-1
1.640538887E1,9.844957352E0,-3.615244627E-1,-3.782838583E-1
1.640745848E1,9.830592155E0,-3.639186621E-1,-3.974374831E-1
1.640949387E1,9.832986832E0,-3.950432837E-1,-3.926490843E-1
1.641156287E1,9.844957352E0,-3.950432837E-1,-3.998316824E-1
1.641359791E1,9.852140427E0,-3.878606856E-1,-3.998316824E-1
1.641566648E1,9.840168953E0,-3.782838583E-1,-3.974374831E-1
1.641770118E1,9.837775230E0,-3.663128614E-1,-4.046200812E-1
1.641976956E1,9.868899345E0,-3.591302633E-1,-4.285621047E-1
1.642180444E1,9.864110947E0,-3.854664862E-1,-4.237737060E-1
1.642381060E1,9.864110947E0,-3.782838583E-1,-4.261679053E-1
1.642581418E1,9.864110947E0,-3.926490843E-1,-4.333505034E-1
1.642788372E1,9.864110947E0,-3.926490843E-1,-4.309563041E-1
1.642991922E1,9.859322548E0,-3.998316824E-1,-4.333505034E-1
1.643198825E1,9.861717224E0,-3.926490843E-1,-4.309563041E-1
1.643402337E1,9.868899345E0,-3.998316824E-1,-4.261679053E-1
1.643609275E1,9.873687744E0,-3.926490843E-1,-4.213795066E-1
1.643812798E1,9.883264542E0,-3.998316824E-1,-4.237737060E-1
1.644019722E1,9.885659218E0,-3.998316824E-1,-4.309563041E-1
1.644223283E1,9.880870819E0,-4.070142806E-1,-4.141969085E-1
1.644423879E1,9.871294022E0,-4.141969085E-1,-4.070142806E-1
1.644636302E1,9.871294022E0,-4.165911078E-1,-4.070142806E-1
1.644826868E1,9.892841339E0,-4.118026793E-1,-4.118026793E-1
1.645026794E1,9.885659218E0,-4.118026793E-1,-3.998316824E-1
1.645233648E1,9.883264542E0,-4.165911078E-1,-3.998316824E-1
1.645437087E1,9.883264542E0,-4.094084799E-1,-4.046200812E-1
1.645644002E1,9.876082420E0,-4.141969085E-1,-4.070142806E-1
1.645847479E1,9.864110947E0,-4.165911078E-1,-4.022258818E-1
1.646054321E1,9.859322548E0,-4.285621047E-1,-3.950432837E-1
1.646257806E1,9.840168953E0,-4.309563041E-1,-3.902548850E-1
1.646458448E1,9.847352028E0,-4.189853072E-1,-3.902548850E-1
1.646677291E1,9.866505623E0,-4.118026793E-1,-3.830722570E-1
1.646860825E1,9.868899345E0,-4.070142806E-1,-3.806780577E-1
1.647060829E1,9.878476143E0,-3.902548850E-1,-3.830722570E-1
1.647267733E1,9.852140427E0,-3.950432837E-1,-3.806780577E-1
1.647471195E1,9.849745750E0,-3.974374831E-1,-3.782838583E-1
1.647678075E1,9.842563629E0,-3.926490843E-1,-3.926490843E-1
1.647881502E1,9.876082420E0,-3.926490843E-1,-3.902548850E-1
1.648088333E1,9.876082420E0,-3.854664862E-1,-3.854664862E-1
1.648291802E1,9.876082420E0,-3.663128614E-1,-3.782838583E-1
1.648492279E1,9.852140427E0,-3.782838583E-1,-3.830722570E-1
1.648692383E1,9.849745750E0,-3.758896589E-1,-3.830722570E-1
1.648899268E1,9.868899345E0,-3.878606856E-1,-3.902548850E-1
1.649102733E1,9.861717224E0,-3.711012602E-1,-3.878606856E-1
1.649309625E1,9.856928825E0,-3.711012602E-1,-3.806780577E-1
1.649513175E1,9.866505623E0,-3.663128614E-1,-3.854664862E-1
1.649720121E1,9.885659218E0,-3.687070608E-1,-3.806780577E-1
1.649923644E1,9.878476143E0,-3.687070608E-1,-3.734954596E-1
1.650130595E1,9.873687744E0,-3.711012602E-1,-3.687070608E-1
1.650334075E1,9.885659218E0,-3.734954596E-1,-3.782838583E-1
1.650534744E1,9.897629738E0,-3.758896589E-1,-3.758896589E-1
1.650735064E1,9.900024414E0,-3.758896589E-1,-3.734954596E-1
1.650942006E1,9.897629738E0,-3.830722570E-1,-3.854664862E-1
1.651145487E1,9.876082420E0,-3.758896589E-1,-3.806780577E-1
1.651352410E1,9.890447617E0,-3.758896589E-1,-3.758896589E-1
1.651555852E1,9.911994934E0,-3.902548850E-1,-3.782838583E-1
1.651762748E1,9.892841339E0,-3.878606856E-1,-3.758896589E-1
1.651966210E1,9.885659218E0,-3.782838583E-1,-3.878606856E-1
1.652173160E1,9.909601212E0,-3.758896589E-1,-3.926490843E-1
1.652376575E1,9.890447617E0,-3.591302633E-1,-3.854664862E-1
1.652577106E1,9.900024414E0,-3.615244627E-1,-3.974374831E-1
1.652789518E1,9.909601212E0,-3.663128614E-1,-4.141969085E-1
1.652980141E1,9.907206535E0,-3.854664862E-1,-4.118026793E-1
1.653180098E1,9.916783333E0,-3.806780577E-1,-4.237737060E-1
1.653386991E1,9.926360130E0,-3.591302633E-1,-4.213795066E-1
1.653590475E1,9.902418137E0,-3.495534360E-1,-4.309563041E-1
1.653797345E1,9.902418137E0,-3.567360640E-1,-4.357447028E-1
1.654000771E1,9.902418137E0,-3.543418646E-1,-4.381389022E-1
1.654207602E1,9.904812813E0,-3.687070608E-1,-4.501099288E-1
1.654411044E1,9.900024414E0,-3.687070608E-1,-4.501099288E-1
1.654611629E1,9.888052940E0,-3.639186621E-1,-4.548983276E-1
1.654824191E1,9.871294022E0,-3.591302633E-1,-4.644751251E-1
1.655014702E1,9.866505623E0,-3.639186621E-1,-4.548983276E-1
1.655214679E1,9.861717224E0,-3.711012602E-1,-4.525041282E-1
1.655421552E1,9.861717224E0,-3.806780577E-1,-4.572925270E-1
1.655625033E1,9.866505623E0,-3.854664862E-1,-4.644751251E-1
1.655831914E1,9.868899345E0,-3.854664862E-1,-4.692635238E-1
1.656035429E1,9.883264542E0,-3.878606856E-1,-4.572925270E-1
1.656242379E1,9.868899345E0,-3.950432837E-1,-4.548983276E-1
1.656445852E1,9.866505623E0,-3.926490843E-1,-4.501099288E-1
1.656646298E1,9.847352028E0,-3.902548850E-1,-4.525041282E-1
1.656846479E1,9.856928825E0,-4.118026793E-1,-4.429273009E-1
1.657053375E1,9.854534149E0,-4.070142806E-1,-4.405331016E-1
1.657256875E1,9.842563629E0,-4.022258818E-1,-4.285621047E-1
1.657463810E1,9.852140427E0,-4.165911078E-1,-4.189853072E-1
1.657667279E1,9.844957352E0,-4.165911078E-1,-4.189853072E-1
1.657869844E1,9.828198433E0,-4.022258818E-1,-4.189853072E-1
1.658069794E1,9.821015358E0,-4.141969085E-1,-4.189853072E-1
1.658276721E1,9.816226959E0,-4.141969085E-1,-4.165911078E-1
1.658480160E1,9.823410034E0,-4.094084799E-1,-4.094084799E-1
1.658680737E1,9.840168953E0,-4.453215301E-1,-4.046200812E-1
1.658881168E1,9.832986832E0,-4.381389022E-1,-3.998316824E-1
1.659088079E1,9.844957352E0,-4.429273009E-1,-3.974374831E-1
1.659291541E1,9.842563629E0,-4.357447028E-1,-3.974374831E-1
1.659498414E1,9.847352028E0,-4.381389022E-1,-3.974374831E-1
1.659701895E1,9.856928825E0,-4.309563041E-1,-3.926490843E-1
1.659908802E1,9.844957352E0,-4.118026793E-1,-3.854664862E-1
1.660112318E1,9.854534149E0,-4.261679053E-1,-3.854664862E-1
1.660319264E1,9.868899345E0,-4.285621047E-1,-3.806780577E-1
1.660522733E1,9.871294022E0,-4.357447028E-1,-3.758896589E-1
1.660723314E1,9.873687744E0,-4.525041282E-1,-3.854664862E-1
1.660935710E1,9.878476143E0,-4.501099288E-1,-3.830722570E-1
1.661126298E1,9.892841339E0,-4.357447028E-1,-3.687070608E-1
1.661326310E1,9.919178009E0,-4.213795066E-1,-3.782838583E-1
1.661533206E1,9.909601212E0,-4.165911078E-1,-3.758896589E-1
1.661736721E1,9.907206535E0,-4.237737060E-1,-3.615244627E-1
1.661943629E1,9.897629738E0,-4.094084799E-1,-3.639186621E-1
1.662147133E1,9.907206535E0,-3.926490843E-1,-3.615244627E-1
1.662354060E1,9.914389610E0,-3.974374831E-1,-3.543418646E-1
1.662557533E1,9.911994934E0,-4.046200812E-1,-3.471592367E-1
1.662758083E1,9.904812813E0,-4.070142806E-1,-3.423708379E-1
1.662977010E1,9.900024414E0,-4.022258818E-1,-3.375824392E-1
1.663160625E1,9.904812813E0,-3.854664862E-1,-3.327940404E-1
1.663360621E1,9.909601212E0,-3.758896589E-1,-3.303998411E-1
1.663567537E1,9.900024414E0,-3.758896589E-1,-3.256114423E-1
1.663771064E1,9.907206535E0,-3.687070608E-1,-3.184288144E-1
1.663977975E1,9.902418137E0,-3.639186621E-1,-3.160346150E-1
1.664181464E1,9.880870819E0,-3.687070608E-1,-3.064578176E-1
1.664388352E1,9.885659218E0,-3.734954596E-1,-3.112462163E-1
1.664591806E1,9.885659218E0,-3.734954596E-1,-3.064578176E-1
1.664792302E1,9.873687744E0,-3.615244627E-1,-3.136404157E-1
1.664992371E1,9.861717224E0,-3.399766386E-1,-3.160346150E-1
1.665199256E1,9.868899345E0,-3.303998411E-1,-3.280056417E-1
1.665402698E1,9.847352028E0,-3.543418646E-1,-3.280056417E-1
1.665609583E1,9.854534149E0,-3.495534360E-1,-3.040636182E-1
1.665813029E1,9.856928825E0,-3.471592367E-1,-3.088520169E-1
1.666019898E1,9.842563629E0,-3.471592367E-1,-3.112462163E-1
1.666223337E1,9.830592155E0,-3.399766386E-1,-3.064578176E-1
1.666430237E1,9.825803757E0,-3.447650373E-1,-3.160346150E-1
1.666633725E1,9.840168953E0,-3.423708379E-1,-3.160346150E-1
1.666834279E1,9.840168953E0,-3.519476354E-1,-3.303998411E-1
1.667034502E1,9.818621635E0,-3.375824392E-1,-3.375824392E-1
1.667241406E1,9.821015358E0,-3.375824392E-1,-3.280056417E-1
1.667444860E1,9.821015358E0,-3.471592367E-1,-3.280056417E-1
1.667651810E1,9.828198433E0,-3.567360640E-1,-3.399766386E-1
1.667855168E1,9.828198433E0,-3.519476354E-1,-3.519476354E-1
1.668062014E1,9.825803757E0,-3.663128614E-1,-3.615244627E-1
1.668265441E1,9.825803757E0,-3.567360640E-1,-3.519476354E-1
1.668472275E1,9.823410034E0,-3.591302633E-1,-3.519476354E-1
1.668675683E1,9.842563629E0,-3.711012602E-1,-3.495534360E-1
1.668876171E1,9.856928825E0,-3.615244627E-1,-3.687070608E-1
1.669088606E1,9.842563629E0,-3.567360640E-1,-3.782838583E-1
1.669279179E1,9.840168953E0,-3.567360640E-1,-3.854664862E-1
1.669479091E1,9.849745750E0,-3.663128614E-1,-3.950432837E-1
1.669685929E1,9.861717224E0,-3.639186621E-1,-3.974374831E-1
1.669889348E1,9.864110947E0,-3.806780577E-1,-3.926490843E-1
1.670096233E1,9.864110947E0,-3.830722570E-1,-3.974374831E-1
1.670299706E1,9.849745750E0,-3.878606856E-1,-4.022258818E-1
1.670506587E1,9.847352028E0,-3.902548850E-1,-4.141969085E-1
1.670710037E1,9.852140427E0,-3.950432837E-1,-4.070142806E-1
1.670910614E1,9.854534149E0,-3.830722570E-1,-4.022258818E-1
1.671123252E1,9.849745750E0,-3.782838583E-1,-4.070142806E-1
1.671313779E1,9.864110947E0,-3.974374831E-1,-4.094084799E-1
1.671513741E1,9.880870819E0,-4.022258818E-1,-4.165911078E-1
1.671720683E1,9.895236015E0,-4.094084799E-1,-4.118026793E-1
1.671924141E1,9.900024414E0,-4.022258818E-1,-4.094084799E-1
1.672131068E1,9.895236015E0,-3.878606856E-1,-4.022258818E-1
1.672334468E1,9.900024414E0,-3.926490843E-1,-4.022258818E-1
1.672541321E1,9.895236015E0,-3.878606856E-1,-3.950432837E-1
1.672744779E1,9.890447617E0,-3.926490843E-1,-4.070142806E-1
1.672945310E1,9.890447617E0,-3.950432837E-1,-4.141969085E-1
1.673145637E1,9.883264542E0,-3.998316824E-1,-4.070142806E-1
1.673352525E1,9.888052940E0,-3.830722570E-1,-4.046200812E-1
1.673555994E1,9.897629738E0,-3.998316824E-1,-4.046200812E-1
1.673762894E1,9.897629738E0,-3.974374831E-1,-4.046200812E-1
1.673966391E1,9.878476143E0,-4.022258818E-1,-3.974374831E-1
1.674173275E1,9.878476143E0,-3.926490843E-1,-4.046200812E-1
1.674376821E1,9.880870819E0,-4.022258818E-1,-4.070142806E-1
1.674583679E1,9.911994934E0,-4.094084799E-1,-4.022258818E-1
1.674787187E1,9.923966408E0,-4.165911078E-1,-4.046200812E-1
1.674987794E1,9.909601212E0,-4.165911078E-1,-4.309563041E-1
1.675188144E1,9.900024414E0,-4.333505034E-1,-4.213795066E-1
1.675395098E1,9.904812813E0,-4.213795066E-1,-4.261679053E-1
1.675598633E1,9.914389610E0,-4.189853072E-1,-4.237737060E-1
1.675805594E1,9.907206535E0,-4.189853072E-1,-4.309563041E-1
1.676009091E1,9.919178009E0,-4.165911078E-1,-4.381389022E-1
1.676215929E1,9.919178009E0,-4.261679053E-1,-4.381389022E-1
1.676419387E1,9.919178009E0,-4.165911078E-1,-4.429273009E-1
1.676626294E1,9.914389610E0,-4.285621047E-1,-4.429273009E-1
1.676829752E1,9.909601212E0,-4.213795066E-1,-4.453215301E-1
1.677030252E1,9.911994934E0,-4.046200812E-1,-4.477157295E-1
1.677242544E1,9.914389610E0,-3.974374831E-1,-4.596867263E-1
1.677433052E1,9.916783333E0,-3.974374831E-1,-4.620809257E-1
1.677633064E1,9.907206535E0,-3.998316824E-1,-4.453215301E-1
1.677839987E1,9.897629738E0,-3.782838583E-1,-4.572925270E-1
1.678043429E1,9.897629738E0,-3.830722570E-1,-4.644751251E-1
1.678250294E1,9.895236015E0,-3.711012602E-1,-4.692635238E-1
1.678453702E1,9.890447617E0,-3.711012602E-1,-4.692635238E-1
1.678660560E1,9.892841339E0,-3.687070608E-1,-4.668693244E-1
1.678863998E1,9.909601212E0,-3.878606856E-1,-4.668693244E-1
1.679064583E1,9.904812813E0,-3.902548850E-1,-4.572925270E-1
1.679283421E1,9.902418137E0,-3.687070608E-1,-4.596867263E-1
1.679466910E1,9.890447617E0,-3.615244627E-1,-4.644751251E-1
1.679666852E1,9.890447617E0,-3.711012602E-1,-4.644751251E-1
1.679873675E1,9.878476143E0,-3.711012602E-1,-4.644751251E-1
1.680077152E1,9.866505623E0,-3.639186621E-1,-4.477157295E-1
1.680284014E1,9.866505623E0,-3.591302633E-1,-4.668693244E-1
1.680487429E1,9.873687744E0,-3.615244627E-1,-4.572925270E-1
1.680694302E1,9.859322548E0,-3.830722570E-1,-4.501099288E-1
1.680897729E1,9.864110947E0,-3.758896589E-1,-4.501099288E-1
1.681098214E1,9.852140427E0,-3.782838583E-1,-4.525041282E-1
1.681298168E1,9.856928825E0,-3.615244627E-1,-4.548983276E-1
1.681505029E1,9.864110947E0,-3.519476354E-1,-4.453215301E-1
1.681708494E1,9.842563629E0,-3.591302633E-1,-4.596867263E-1
1.681915356E1,9.835380554E0,-3.615244627E-1,-4.644751251E-1
1.682118806E1,9.840168953E0,-3.806780577E-1,-4.429273009E-1
1.682321244E1,9.828198433E0,-3.830722570E-1,-4.525041282E-1
1.682521206E1,9.825803757E0,-3.878606856E-1,-4.548983276E-1
1.682728098E1,9.837775230E0,-3.830722570E-1,-4.477157295E-1
1.682931602E1,9.835380554E0,-3.878606856E-1,-4.501099288E-1
1.683132187E1,9.835380554E0,-3.830722570E-1,-4.501099288E-1
1.683332687E1,9.840168953E0,-3.806780577E-1,-4.429273009E-1
1.683539633E1,9.844957352E0,-3.974374831E-1,-4.501099288E-1
1.683743098E1,9.854534149E0,-4.046200812E-1,-4.501099288E-1
1.683949956E1,9.861717224E0,-3.902548850E-1,-4.477157295E-1
1.684153387E1,9.866505623E0,-4.213795066E-1,-4.405331016E-1
1.684360241E1,9.859322548E0,-4.165911078E-1,-4.357447028E-1
1.684563702E1,9.868899345E0,-4.141969085E-1,-4.429273009E-1
1.684770590E1,9.866505623E0,-4.165911078E-1,-4.525041282E-1
1.684974037E1,9.876082420E0,-4.285621047E-1,-4.525041282E-1
1.685174564E1,9.885659218E0,-4.261679053E-1,-4.548983276E-1
1.685386940E1,9.883264542E0,-4.309563041E-1,-4.501099288E-1
1.685577468E1,9.880870819E0,-4.213795066E-1,-4.525041282E-1
1.685777456E1,9.876082420E0,-4.309563041E-1,-4.620809257E-1
1.685984368E1,9.883264542E0,-4.357447028E-1,-4.620809257E-1
1.686187864E1,9.873687744E0,-4.237737060E-1,-4.596867263E-1
1.686394790E1,9.909601212E0,-4.285621047E-1,-4.644751251E-1
1.686598321E1,9.885659218E0,-4.213795066E-1,-4.596867263E-1
1.686805240E1,9.888052940E0,-4.141969085E-1,-4.525041282E-1
1.687008721E1,9.897629738E0,-4.165911078E-1,-4.501099288E-1
1.687209375E1,9.892841339E0,-4.213795066E-1,-4.572925270E-1
1.687421952E1,9.897629738E0,-4.165911078E-1,-4.548983276E-1
1.687612544E1,9.892841339E0,-4.189853072E-1,-4.596867263E-1
1.687812498E1,9.892841339E0,-4.165911078E-1,-4.501099288E-1
1.688019437E1,9.888052940E0,-4.213795066E-1,-4.501099288E-1
1.688222914E1,9.892841339E0,-4.189853072E-1,-4.477157295E-1
1.688429841E1,9.902418137E0,-4.046200812E-1,-4.548983276E-1
1.688633283E1,9.876082420E0,-4.237737060E-1,-4.525041282E-1
1.688840140E1,9.880870819E0,-4.237737060E-1,-4.477157295E-1
1.689043552E1,9.871294022E0,-4.094084799E-1,-4.453215301E-1
1.689244014E1,9.866505623E0,-4.094084799E-1,-4.405331016E-1
1.689444094E1,9.864110947E0,-4.070142806E-1,-4.453215301E-1
1.689650991E1,9.861717224E0,-4.022258818E-1,-4.477157295E-1
1.689854437E1,9.864110947E0,-3.998316824E-1,-4.525041282E-1
1.690061337E1,9.854534149E0,-3.902548850E-1,-4.453215301E-1
1.690264752E1,9.864110947E0,-3.758896589E-1,-4.381389022E-1
1.690471644E1,9.864110947E0,-3.711012602E-1,-4.381389022E-1
1.690675137E1,9.856928825E0,-3.734954596E-1,-4.429273009E-1
1.690882048E1,9.842563629E0,-3.806780577E-1,-4.477157295E-1
1.691085525E1,9.849745750E0,-3.591302633E-1,-4.525041282E-1
1.691286087E1,9.847352028E0,-3.567360640E-1,-4.477157295E-1
1.691486317E1,9.840168953E0,-3.639186621E-1,-4.501099288E-1
1.691693160E1,9.854534149E0,-3.830722570E-1,-4.525041282E-1
1.691896667E1,9.844957352E0,-3.854664862E-1,-4.525041282E-1
1.692103533E1,9.837775230E0,-3.663128614E-1,-4.596867263E-1
1.692307021E1,9.842563629E0,-3.639186621E-1,-4.716577232E-1
1.692513925E1,9.828198433E0,-3.734954596E-1,-4.668693244E-1
1.692717375E1,9.835380554E0,-3.758896589E-1,-4.692635238E-1
1.692924294E1,9.849745750E0,-3.926490843E-1,-4.812345505E-1
1.693127744E1,9.861717224E0,-3.950432837E-1,-4.836287498E-1
1.693328225E1,9.866505623E0,-3.902548850E-1,-4.836287498E-1
1.693540510E1,9.859322548E0,-3.830722570E-1,-4.955997467E-1
1.693730987E1,9.868899345E0,-3.926490843E-1,-5.027823448E-1
1.693930944E1,9.868899345E0,-4.070142806E-1,-5.027823448E-1
1.694137814E1,9.866505623E0,-3.926490843E-1,-5.003881454E-1
1.694341260E1,9.868899345E0,-3.926490843E-1,-5.027823448E-1
1.694548171E1,9.878476143E0,-4.070142806E-1,-5.075707436E-1
1.694751683E1,9.873687744E0,-4.046200812E-1,-5.099649429E-1
1.694958564E1,9.866505623E0,-4.094084799E-1,-5.051765442E-1
1.695162067E1,9.868899345E0,-4.118026793E-1,-5.003881454E-1
1.695362714E1,9.866505623E0,-4.070142806E-1,-4.860229492E-1
1.695581614E1,9.888052940E0,-3.998316824E-1,-4.932055473E-1
1.695765187E1,9.890447617E0,-3.974374831E-1,-4.979939461E-1
1.695965175E1,9.892841339E0,-4.022258818E-1,-4.884171486E-1
1.696172090E1,9.883264542E0,-4.046200812E-1,-4.884171486E-1
1.696375583E1,9.878476143E0,-3.998316824E-1,-4.836287498E-1
1.696582490E1,9.873687744E0,-3.854664862E-1,-4.788403511E-1
1.696785948E1,9.866505623E0,-3.950432837E-1,-4.668693244E-1
1.696992814E1,9.861717224E0,-3.926490843E-1,-4.668693244E-1
1.697196279E1,9.864110947E0,-3.902548850E-1,-4.668693244E-1
1.697396775E1,9.864110947E0,-4.022258818E-1,-4.644751251E-1
1.697596775E1,9.856928825E0,-4.022258818E-1,-4.548983276E-1
1.697803614E1,9.844957352E0,-3.974374831E-1,-4.429273009E-1
1.698007075E1,9.866505623E0,-4.022258818E-1,-4.285621047E-1
1.698213960E1,9.854534149E0,-3.878606856E-1,-4.165911078E-1
1.698417417E1,9.856928825E0,-3.926490843E-1,-4.141969085E-1
1.698624290E1,9.854534149E0,-3.806780577E-1,-4.141969085E-1
1.698827767E1,9.856928825E0,-3.687070608E-1,-4.070142806E-1
1.699034664E1,9.859322548E0,-3.734954596E-1,-4.070142806E-1
1.699238164E1,9.837775230E0,-3.591302633E-1,-4.022258818E-1
1.699438787E1,9.837775230E0,-3.639186621E-1,-3.974374831E-1
1.699639114E1,9.840168953E0,-3.758896589E-1,-3.998316824E-1
1.699846040E1,9.849745750E0,-3.758896589E-1,-3.902548850E-1
1.700049544E1,9.847352028E0,-3.782838583E-1,-3.854664862E-1
1.700256448E1,9.854534149E0,-3.830722570E-1,-3.902548850E-1
1.700459921E1,9.842563629E0,-3.806780577E-1,-3.998316824E-1
1.700666875E1,9.849745750E0,-3.639186621E-1,-3.854664862E-1
1.700870290E1,9.844957352E0,-3.663128614E-1,-3.878606856E-1
1.701077229E1,9.849745750E0,-3.711012602E-1,-3.902548850E-1
1.701280702E1,9.847352028E0,-3.782838583E-1,-3.854664862E-1
1.701481460E1,9.842563629E0,-3.711012602E-1,-3.734954596E-1
1.701693983E1,9.835380554E0,-3.519476354E-1,-3.758896589E-1
1.701884594E1,9.832986832E0,-3.567360640E-1,-3.687070608E-1
1.702084644E1,9.825803757E0,-3.591302633E-1,-3.782838583E-1
1.702291629E1,9.837775230E0,-3.639186621E-1,-3.878606856E-1
1.702495148E1,9.828198433E0,-3.639186621E-1,-3.830722570E-1
1.702702179E1,9.825803757E0,-3.639186621E-1,-3.830722570E-1
1.702905660E1,9.830592155E0,-3.711012602E-1,-3.902548850E-1
1.703112598E1,9.832986832E0,-3.711012602E-1,-3.806780577E-1
1.703316060E1,9.823410034E0,-3.591302633E-1,-3.830722570E-1
1.703516767E1,9.825803757E0,-3.615244627E-1,-3.950432837E-1
1.703729356E1,9.840168953E0,-3.663128614E-1,-4.094084799E-1
1.703919883E1,9.844957352E0,-3.591302633E-1,-4.094084799E-1
1.704119898E1,9.844957352E0,-3.543418646E-1,-4.118026793E-1
1.704326802E1,9.844957352E0,-3.519476354E-1,-4.189853072E-1
1.704530298E1,9.832986832E0,-3.495534360E-1,-4.285621047E-1
1.704737187E1,9.832986832E0,-3.543418646E-1,-4.261679053E-1
1.704940690E1,9.832986832E0,-3.758896589E-1,-4.381389022E-1
1.705147610E1,9.847352028E0,-3.687070608E-1,-4.333505034E-1
1.705351102E1,9.844957352E0,-3.615244627E-1,-4.333505034E-1
1.705551721E1,9.849745750E0,-3.639186621E-1,-4.405331016E-1
1.705751821E1,9.849745750E0,-3.639186621E-1,-4.357447028E-1
1.705958725E1,9.847352028E0,-3.615244627E-1,-4.453215301E-1
1.706162221E1,9.871294022E0,-3.543418646E-1,-4.525041282E-1
1.706369167E1,9.890447617E0,-3.734954596E-1,-4.620809257E-1
1.706572671E1,9.873687744E0,-3.758896589E-1,-4.572925270E-1
1.706775164E1,9.876082420E0,-3.806780577E-1,-4.668693244E-1
1.706975152E1,9.883264542E0,-3.734954596E-1,-4.740519226E-1
1.707182106E1,9.873687744E0,-3.758896589E-1,-4.740519226E-1
1.707385602E1,9.868899345E0,-3.782838583E-1,-4.908113480E-1
1.707586156E1,9.873687744E0,-3.734954596E-1,-4.884171486E-1
1.707786717E1,9.890447617E0,-3.782838583E-1,-4.979939461E-1
1.707993633E1,9.897629738E0,-3.830722570E-1,-5.027823448E-1
1.708197083E1,9.890447617E0,-3.854664862E-1,-4.955997467E-1
1.708404002E1,9.900024414E0,-3.854664862E-1,-5.099649429E-1
1.708607517E1,9.902418137E0,-3.878606856E-1,-5.123591423E-1
1.708814452E1,9.904812813E0,-3.974374831E-1,-5.171475410E-1
1.709017944E1,9.911994934E0,-3.974374831E-1,-5.315127969E-1
1.709224879E1,9.911994934E0,-3.950432837E-1,-5.386953950E-1
1.709428390E1,9.928754807E0,-3.974374831E-1,-5.410895944E-1
1.709628875E1,9.923966408E0,-3.974374831E-1,-5.291185975E-1
1.709841206E1,9.919178009E0,-3.950432837E-1,-5.315127969E-1
1.710031852E1,9.904812813E0,-4.094084799E-1,-5.458779931E-1
1.710231840E1,9.888052940E0,-4.022258818E-1,-5.506663918E-1
1.710438748E1,9.888052940E0,-3.950432837E-1,-5.506663918E-1
1.710642198E1,9.907206535E0,-4.070142806E-1,-5.434837937E-1
1.710849102E1,9.885659218E0,-4.118026793E-1,-5.482721925E-1
1.711052544E1,9.876082420E0,-4.165911078E-1,-5.506663918E-1
1.711259402E1,9.849745750E0,-3.926490843E-1,-5.434837937E-1
1.711462883E1,9.849745750E0,-3.926490843E-1,-5.363011956E-1
1.711663498E1,9.854534149E0,-3.902548850E-1,-5.410895944E-1
1.711882364E1,9.852140427E0,-3.902548850E-1,-5.434837937E-1
1.712065929E1,9.864110947E0,-3.878606856E-1,-5.315127969E-1
1.712265879E1,9.861717224E0,-3.806780577E-1,-5.315127969E-1
1.712472744E1,9.844957352E0,-3.734954596E-1,-5.195417404E-1
1.712676225E1,9.837775230E0,-3.615244627E-1,-5.171475410E-1
1.712883052E1,9.832986832E0,-3.519476354E-1,-5.219359994E-1
1.713086502E1,9.849745750E0,-3.711012602E-1,-5.147533417E-1
1.713293394E1,9.849745750E0,-3.591302633E-1,-4.908113480E-1
1.713496879E1,9.828198433E0,-3.591302633E-1,-4.836287498E-1
1.713697379E1,9.832986832E0,-3.639186621E-1,-4.764461517E-1
1.713897440E1,9.837775230E0,-3.734954596E-1,-4.836287498E-1
1.714104290E1,9.830592155E0,-3.543418646E-1,-5.003881454E-1
1.714307721E1,9.835380554E0,-3.447650373E-1,-5.003881454E-1
1.714514571E1,9.859322548E0,-3.591302633E-1,-4.860229492E-1
1.714718037E1,9.856928825E0,-3.519476354E-1,-4.644751251E-1
1.714924887E1,9.849745750E0,-3.615244627E-1,-4.668693244E-1
1.715128310E1,9.852140427E0,-3.615244627E-1,-4.716577232E-1
1.715335152E1,9.856928825E0,-3.591302633E-1,-4.644751251E-1
1.715538594E1,9.871294022E0,-3.663128614E-1,-4.668693244E-1
1.715739133E1,9.866505623E0,-3.639186621E-1,-4.525041282E-1
1.715939390E1,9.859322548E0,-3.711012602E-1,-4.572925270E-1
1.716146237E1,9.866505623E0,-3.734954596E-1,-4.525041282E-1
1.716349694E1,9.866505623E0,-3.711012602E-1,-4.548983276E-1
1.716556556E1,9.859322548E0,-3.782838583E-1,-4.548983276E-1
1.716760025E1,9.859322548E0,-3.758896589E-1,-4.548983276E-1
1.716966887E1,9.868899345E0,-3.854664862E-1,-4.644751251E-1
1.717170329E1,9.866505623E0,-3.734954596E-1,-4.572925270E-1
1.717377202E1,9.864110947E0,-3.734954596E-1,-4.668693244E-1
1.717580664E1,9.856928825E0,-3.711012602E-1,-4.812345505E-1
1.717781133E1,9.849745750E0,-3.543418646E-1,-4.860229492E-1
1.717993548E1,9.844957352E0,-3.423708379E-1,-4.908113480E-1
1.718184094E1,9.859322548E0,-3.447650373E-1,-4.932055473E-1
1.718384079E1,9.883264542E0,-3.471592367E-1,-5.123591423E-1
1.718590944E1,9.883264542E0,-3.423708379E-1,-5.219359994E-1
1.718794460E1,9.876082420E0,-3.495534360E-1,-5.315127969E-1
1.719001329E1,9.900024414E0,-3.519476354E-1,-5.386953950E-1
1.719204802E1,9.888052940E0,-3.639186621E-1,-5.291185975E-1
1.719411706E1,9.885659218E0,-3.591302633E-1,-5.339069963E-1
1.719615175E1,9.888052940E0,-3.567360640E-1,-5.458779931E-1
1.719815648E1,9.902418137E0,-3.734954596E-1,-5.339069963E-1
1.720028271E1,9.892841339E0,-3.663128614E-1,-5.363011956E-1
1.720218756E1,9.885659218E0,-3.734954596E-1,-5.410895944E-1
1.720418733E1,9.900024414E0,-3.734954596E-1,-5.315127969E-1
1.720625610E1,9.890447617E0,-3.806780577E-1,-5.339069963E-1
1.720829106E1,9.856928825E0,-3.782838583E-1,-5.243301988E-1
1.721036017E1,9.880870819E0,-3.902548850E-1,-5.243301988E-1
1.721239475E1,9.890447617E0,-4.022258818E-1,-5.243301988E-1
1.721446390E1,9.873687744E0,-4.046200812E-1,-5.243301988E-1
1.721649894E1,9.842563629E0,-3.878606856E-1,-5.147533417E-1
1.721850375E1,9.837775230E0,-3.830722570E-1,-5.171475410E-1
1.722050464E1,9.832986832E0,-3.974374831E-1,-5.386953950E-1
1.722257337E1,9.832986832E0,-4.094084799E-1,-5.339069963E-1
1.722460779E1,9.823410034E0,-4.165911078E-1,-5.339069963E-1
1.722667664E1,9.832986832E0,-4.141969085E-1,-5.363011956E-1
1.722871117E1,9.816226959E0,-4.070142806E-1,-5.410895944E-1
1.723078010E1,9.806650162E0,-4.141969085E-1,-5.339069963E-1
1.723281433E1,9.809044838E0,-3.974374831E-1,-5.339069963E-1
1.723488302E1,9.830592155E0,-3.998316824E-1,-5.458779931E-1
1.723691764E1,9.828198433E0,-4.094084799E-1,-5.554547906E-1
1.723892321E1,9.828198433E0,-4.165911078E-1,-5.578489900E-1
1.724092656E1,9.821015358E0,-4.213795066E-1,-5.626373887E-1
1.724299564E1,9.832986832E0,-4.141969085E-1,-5.698199868E-1
1.724503040E1,9.837775230E0,-4.094084799E-1,-5.722141862E-1
1.724709948E1,9.837775230E0,-3.950432837E-1,-5.770025849E-1
1.724913410E1,9.835380554E0,-3.974374831E-1,-5.770025849E-1
1.725120294E1,9.830592155E0,-3.902548850E-1,-5.817909837E-1
1.725323706E1,9.828198433E0,-3.806780577E-1,-5.770025849E-1
1.725530494E1,9.859322548E0,-3.926490843E-1,-5.913678408E-1
1.725733883E1,9.861717224E0,-3.830722570E-1,-5.937620401E-1
1.725934348E1,9.864110947E0,-3.711012602E-1,-5.961562395E-1
1.726146914E1,9.876082420E0,-3.734954596E-1,-5.841852427E-1
1.726337421E1,9.892841339E0,-3.711012602E-1,-5.746083856E-1
1.726537364E1,9.883264542E0,-3.639186621E-1,-5.817909837E-1
1.726744221E1,9.880870819E0,-3.591302633E-1,-5.913678408E-1
1.726947637E1,9.880870819E0,-3.758896589E-1,-5.961562395E-1
1.727154498E1,9.888052940E0,-3.734954596E-1,-6.081272364E-1
1.727357910E1,9.878476143E0,-3.615244627E-1,-6.009446383E-1
1.727564763E1,9.883264542E0,-3.663128614E-1,-6.033388376E-1
1.727768190E1,9.871294022E0,-3.543418646E-1,-5.961562395E-1
1.727968763E1,9.885659218E0,-3.447650373E-1,-5.817909837E-1
1.728187667E1,9.900024414E0,-3.399766386E-1,-5.722141862E-1
1.728371194E1,9.897629738E0,-3.375824392E-1,-5.770025849E-1
1.728571144E1,9.890447617E0,-3.351882398E-1,-5.817909837E-1
1.728778048E1,9.892841339E0,-3.447650373E-1,-5.746083856E-1
1.728981402E1,9.900024414E0,-3.567360640E-1,-5.698199868E-1
1.729188233E1,9.883264542E0,-3.543418646E-1,-5.722141862E-1
1.729391636E1,9.868899345E0,-3.471592367E-1,-5.674257874E-1
1.729598448E1,9.864110947E0,-3.543418646E-1,-5.698199868E-1
1.729801890E1,9.861717224E0,-3.519476354E-1,-5.722141862E-1
1.730002498E1,9.861717224E0,-3.543418646E-1,-5.746083856E-1
1.730202583E1,9.864110947E0,-3.423708379E-1,-5.698199868E-1
1.730409429E1,9.854534149E0,-3.663128614E-1,-5.793967843E-1
1.730612867E1,9.844957352E0,-3.543418646E-1,-5.841852427E-1
1.730819783E1,9.849745750E0,-3.495534360E-1,-5.817909837E-1
1.731023256E1,9.835380554E0,-3.495534360E-1,-5.817909837E-1
1.731225725E1,9.823410034E0,-3.495534360E-1,-5.865794420E-1
1.731425679E1,9.828198433E0,-3.543418646E-1,-5.841852427E-1
1.731632594E1,9.847352028E0,-3.591302633E-1,-5.913678408E-1
1.731836025E1,9.818621635E0,-3.711012602E-1,-5.937620401E-1
1.732036606E1,9.813833237E0,-3.806780577E-1,-5.985504389E-1
1.732237175E1,9.840168953E0,-3.806780577E-1,-5.937620401E-1
1.732444017E1,9.828198433E0,-3.639186621E-1,-6.105214357E-1
1.732647498E1,9.828198433E0,-3.711012602E-1,-6.153098345E-1
1.732854367E1,9.821015358E0,-3.711012602E-1,-6.200982332E-1
1.733057840E1,9.813833237E0,-3.711012602E-1,-6.129156351E-1
1.733264675E1,9.816226959E0,-3.758896589E-1,-6.105214357E-1
1.733468121E1,9.816226959E0,-3.806780577E-1,-6.129156351E-1
1.733674952E1,9.818621635E0,-3.806780577E-1,-6.320692301E-1
1.733878425E1,9.811438560E0,-3.758896589E-1,-6.440402865E-1
1.734078886E1,9.818621635E0,-3.806780577E-1,-6.512228847E-1
1.734291256E1,9.813833237E0,-3.734954596E-1,-6.536170840E-1
1.734481810E1,9.816226959E0,-3.734954596E-1,-6.560112834E-1
1.734681787E1,9.811438560E0,-3.902548850E-1,-6.512228847E-1
1.734888637E1,9.813833237E0,-3.782838583E-1,-6.560112834E-1
1.735092136E1,9.818621635E0,-3.758896589E-1,-6.560112834E-1
1.735299029E1,9.816226959E0,-3.830722570E-1,-6.512228847E-1
1.735502517E1,9.813833237E0,-3.854664862E-1,-6.416460276E-1
1.735709410E1,9.825803757E0,-3.711012602E-1,-6.488286853E-1
1.735912921E1,9.828198433E0,-3.758896589E-1,-6.488286853E-1
1.736113467E1,9.840168953E0,-3.854664862E-1,-6.512228847E-1
1.736326121E1,9.840168953E0,-3.950432837E-1,-6.368576288E-1
1.736516667E1,9.840168953E0,-3.950432837E-1,-6.368576288E-1
1.736716679E1,9.864110947E0,-3.974374831E-1,-6.344634295E-1
1.736923571E1,9.849745750E0,-3.830722570E-1,-6.177040339E-1
1.737126987E1,9.842563629E0,-3.854664862E-1,-6.129156351E-1
1.737333837E1,9.854534149E0,-3.878606856E-1,-6.033388376E-1
1.737537298E1,9.871294022E0,-3.878606856E-1,-6.081272364E-1
1.737744202E1,9.876082420E0,-3.902548850E-1,-6.033388376E-1
1.737947663E1,9.873687744E0,-3.878606856E-1,-5.937620401E-1
1.738148160E1,9.878476143E0,-3.998316824E-1,-5.817909837E-1
1.738348252E1,9.871294022E0,-3.878606856E-1,-5.841852427E-1
1.738555194E1,9.854534149E0,-3.926490843E-1,-5.674257874E-1
1.738758710E1,9.849745750E0,-4.046200812E-1,-5.650315881E-1
1.738965660E1,9.847352028E0,-4.046200812E-1,-5.698199868E-1
1.739169083E1,9.876082420E0,-4.022258818E-1,-5.746083856E-1
1.739375956E1,9.878476143E0,-4.118026793E-1,-5.650315881E-1
1.739579406E1,9.876082420E0,-4.046200812E-1,-5.674257874E-1
1.739786317E1,9.880870819E0,-3.926490843E-1,-5.626373887E-1
1.739989744E1,9.880870819E0,-3.902548850E-1,-5.578489900E-1
1.740190306E1,9.871294022E0,-3.926490843E-1,-5.554547906E-1
1.740390613E1,9.871294022E0,-3.854664862E-1,-5.530605912E-1
1.740597452E1,9.883264542E0,-3.902548850E-1,-5.602431893E-1
1.740800894E1,9.897629738E0,-3.854664862E-1,-5.602431893E-1
1.741007756E1,9.897629738E0,-3.878606856E-1,-5.602431893E-1
1.741211210E1,9.895236015E0,-3.806780577E-1,-5.554547906E-1
1.741418110E1,9.880870819E0,-3.926490843E-1,-5.674257874E-1
1.741621586E1,9.885659218E0,-3.830722570E-1,-5.650315881E-1
1.741828533E1,9.888052940E0,-3.711012602E-1,-5.626373887E-1
1.742032056E1,9.876082420E0,-3.663128614E-1,-5.722141862E-1
1.742232540E1,9.876082420E0,-3.758896589E-1,-5.746083856E-1
1.742444994E1,9.866505623E0,-3.758896589E-1,-5.674257874E-1
1.742635471E1,9.876082420E0,-3.711012602E-1,-5.626373887E-1
1.742835452E1,9.871294022E0,-3.711012602E-1,-5.602431893E-1
1.743042352E1,9.864110947E0,-3.711012602E-1,-5.650315881E-1
1.743245844E1,9.847352028E0,-3.758896589E-1,-5.674257874E-1
1.743452698E1,9.852140427E0,-3.878606856E-1,-5.650315881E-1
1.743656210E1,9.852140427E0,-3.950432837E-1,-5.698199868E-1
1.743863052E1,9.859322548E0,-3.878606856E-1,-5.674257874E-1
1.744066490E1,9.861717224E0,-3.830722570E-1,-5.722141862E-1
1.744267040E1,9.864110947E0,-3.758896589E-1,-5.746083856E-1
1.744485913E1,9.856928825E0,-3.830722570E-1,-5.817909837E-1
1.744669475E1,9.859322548E0,-3.926490843E-1,-5.770025849E-1
1.744869406E1,9.842563629E0,-4.046200812E-1,-5.841852427E-1
1.745076252E1,9.847352028E0,-3.830722570E-1,-5.937620401E-1
1.745279702E1,9.842563629E0,-3.878606856E-1,-5.985504389E-1
1.745486587E1,9.811438560E0,-3.758896589E-1,-6.033388376E-1
1.745689986E1,9.804255486E0,-3.830722570E-1,-5.985504389E-1
1.745896887E1,9.840168953E0,-3.782838583E-1,-5.913678408E-1
1.746100286E1,9.844957352E0,-3.806780577E-1,-5.937620401E-1
1.746300783E1,9.835380554E0,-3.926490843E-1,-5.913678408E-1
1.746500879E1,9.842563629E0,-3.854664862E-1,-6.033388376E-1
1.746707733E1,9.840168953E0,-3.926490843E-1,-5.985504389E-1
1.746911179E1,9.830592155E0,-3.854664862E-1,-5.889736414E-1
1.747118036E1,9.818621635E0,-4.094084799E-1,-5.889736414E-1
1.747321463E1,9.818621635E0,-4.118026793E-1,-5.889736414E-1
1.747528333E1,9.813833237E0,-4.022258818E-1,-5.937620401E-1
1.747731760E1,9.816226959E0,-3.950432837E-1,-5.961562395E-1
1.747938625E1,9.821015358E0,-3.830722570E-1,-5.985504389E-1
1.748142110E1,9.837775230E0,-3.974374831E-1,-5.889736414E-1
1.748342698E1,9.828198433E0,-4.046200812E-1,-5.961562395E-1
1.748543006E1,9.818621635E0,-4.118026793E-1,-5.865794420E-1
1.748749921E1,9.823410034E0,-3.902548850E-1,-5.841852427E-1
1.748953394E1,9.828198433E0,-3.926490843E-1,-5.746083856E-1
1.749160310E1,9.832986832E0,-3.974374831E-1,-5.674257874E-1
1.749363752E1,9.840168953E0,-3.806780577E-1,-5.770025849E-1
1.749570663E1,9.842563629E0,-4.022258818E-1,-5.746083856E-1
1.749774094E1,9.859322548E0,-4.165911078E-1,-5.578489900E-1
1.749981033E1,9.864110947E0,-4.094084799E-1,-5.554547906E-1
1.750184410E1,9.868899345E0,-4.070142806E-1,-5.506663918E-1
1.750384940E1,9.878476143E0,-4.141969085E-1,-5.578489900E-1
1.750597252E1,9.880870819E0,-4.165911078E-1,-5.530605912E-1
1.750787763E1,9.868899345E0,-4.046200812E-1,-5.363011956E-1
1.750987717E1,9.880870819E0,-4.094084799E-1,-5.386953950E-1
1.751194552E1,9.885659218E0,-4.213795066E-1,-5.339069963E-1
1.751398006E1,9.878476143E0,-4.309563041E-1,-5.267243981E-1
1.751604852E1,9.878476143E0,-4.333505034E-1,-5.315127969E-1
1.751808310E1,9.876082420E0,-4.261679053E-1,-5.363011956E-1
1.752015190E1,9.873687744E0,-4.189853072E-1,-5.363011956E-1
1.752218621E1,9.885659218E0,-4.237737060E-1,-5.267243981E-1
1.752419225E1,9.897629738E0,-4.285621047E-1,-5.195417404E-1
1.752631898E1,9.892841339E0,-4.261679053E-1,-5.219359994E-1
1.752822483E1,9.878476143E0,-4.165911078E-1,-5.195417404E-1
1.753022498E1,9.890447617E0,-4.094084799E-1,-5.195417404E-1
1.753229417E1,9.892841339E0,-4.070142806E-1,-5.195417404E-1
1.753432967E1,9.902418137E0,-4.094084799E-1,-5.339069963E-1
1.753639910E1,9.909601212E0,-4.189853072E-1,-5.363011956E-1
1.753843410E1,9.892841339E0,-4.213795066E-1,-5.243301988E-1
1.754050294E1,9.883264542E0,-4.189853072E-1,-5.291185975E-1
1.754253756E1,9.888052940E0,-4.094084799E-1,-5.315127969E-1
1.754454194E1,9.885659218E0,-4.118026793E-1,-5.363011956E-1
1.754654398E1,9.876082420E0,-4.094084799E-1,-5.339069963E-1
1.754861248E1,9.868899345E0,-4.022258818E-1,-5.267243981E-1
1.755064710E1,9.859322548E0,-4.046200812E-1,-5.434837937E-1
1.755271548E1,9.847352028E0,-3.878606856E-1,-5.410895944E-1
1.755474990E1,9.844957352E0,-3.902548850E-1,-5.267243981E-1
1.755677390E1,9.854534149E0,-3.830722570E-1,-5.363011956E-1
1.755877402E1,9.866505623E0,-3.830722570E-1,-5.458779931E-1
1.756084229E1,9.864110947E0,-3.902548850E-1,-5.458779931E-1
1.756287660E1,9.864110947E0,-3.926490843E-1,-5.506663918E-1
1.756488394E1,9.856928825E0,-3.998316824E-1,-5.386953950E-1
1.756688829E1,9.856928825E0,-3.902548850E-1,-5.434837937E-1
1.756895748E1,9.842563629E0,-3.902548850E-1,-5.339069963E-1
1.757099236E1,9.842563629E0,-3.806780577E-1,-5.363011956E-1
1.757306160E1,9.840168953E0,-3.782838583E-1,-5.506663918E-1
1.757509652E1,9.844957352E0,-3.687070608E-1,-5.554547906E-1
1.757716633E1,9.844957352E0,-3.687070608E-1,-5.578489900E-1
1.757920090E1,9.856928825E0,-3.687070608E-1,-5.770025849E-1
1.758126948E1,9.854534149E0,-3.711012602E-1,-5.746083856E-1
1.758330394E1,9.854534149E0,-3.711012602E-1,-5.746083856E-1
1.758530833E1,9.847352028E0,-3.854664862E-1,-5.770025849E-1
1.758743240E1,9.840168953E0,-3.878606856E-1,-5.770025849E-1
1.758933821E1,9.832986832E0,-3.902548850E-1,-5.770025849E-1
1.759133806E1,9.847352028E0,-3.830722570E-1,-5.793967843E-1
1.759340663E1,9.844957352E0,-3.758896589E-1,-5.841852427E-1
1.759544083E1,9.854534149E0,-3.639186621E-1,-5.841852427E-1
1.759751006E1,9.854534149E0,-3.782838583E-1,-5.817909837E-1
1.759954452E1,9.861717224E0,-3.806780577E-1,-5.793967843E-1
1.760161329E1,9.856928825E0,-3.854664862E-1,-5.889736414E-1
1.760364783E1,9.852140427E0,-3.974374831E-1,-5.937620401E-1
1.760565575E1,9.849745750E0,-3.974374831E-1,-5.889736414E-1
1.760784652E1,9.856928825E0,-3.902548850E-1,-5.841852427E-1
1.760968171E1,9.864110947E0,-3.758896589E-1,-5.889736414E-1
1.761168098E1,9.871294022E0,-3.711012602E-1,-5.961562395E-1
1.761374948E1,9.873687744E0,-3.854664862E-1,-5.985504389E-1
1.761578425E1,9.871294022E0,-3.806780577E-1,-5.961562395E-1
1.761785317E1,9.866505623E0,-3.782838583E-1,-5.865794420E-1
1.761988725E1,9.871294022E0,-3.878606856E-1,-5.817909837E-1
1.762195644E1,9.897629738E0,-3.782838583E-1,-5.698199868E-1
1.762399136E1,9.892841339E0,-3.902548850E-1,-5.841852427E-1
1.762599621E1,9.888052940E0,-4.046200812E-1,-5.841852427E-1
1.762799671E1,9.880870819E0,-4.022258818E-1,-5.770025849E-1
1.763006510E1,9.888052940E0,-4.094084799E-1,-5.841852427E-1
1.763209982E1,9.890447617E0,-3.926490843E-1,-5.841852427E-1
1.763416882E1,9.880870819E0,-3.830722570E-1,-5.865794420E-1
1.763620348E1,9.880870819E0,-3.782838583E-1,-5.770025849E-1
1.763827194E1,9.880870819E0,-3.806780577E-1,-5.674257874E-1
1.764030617E1,9.888052940E0,-3.926490843E-1,-5.722141862E-1
1.764237510E1,9.876082420E0,-3.830722570E-1,-5.746083856E-1
1.764441006E1,9.876082420E0,-3.806780577E-1,-5.674257874E-1
1.764641686E1,9.883264542E0,-3.806780577E-1,-5.746083856E-1
1.764842021E1,9.890447617E0,-3.974374831E-1,-5.793967843E-1
1.765048944E1,9.880870819E0,-3.998316824E-1,-5.722141862E-1
1.765252417E1,9.873687744E0,-3.902548850E-1,-5.674257874E-1
1.765459306E1,9.876082420E0,-3.734954596E-1,-5.602431893E-1
1.765662763E1,9.873687744E0,-3.806780577E-1,-5.722141862E-1
1.765869733E1,9.871294022E0,-3.711012602E-1,-5.650315881E-1
1.766073240E1,9.876082420E0,-3.782838583E-1,-5.650315881E-1
1.766280156E1,9.871294022E0,-3.687070608E-1,-5.722141862E-1
1.766483656E1,9.871294022E0,-3.639186621E-1,-5.722141862E-1
1.766684229E1,9.859322548E0,-3.663128614E-1,-5.698199868E-1
1.766896725E1,9.849745750E0,-3.687070608E-1,-5.746083856E-1
1.767087306E1,9.852140427E0,-3.591302633E-1,-5.770025849E-1
1.767287325E1,9.856928825E0,-3.663128614E-1,-5.674257874E-1
1.767494290E1,9.847352028E0,-3.687070608E-1,-5.578489900E-1
1.767697771E1,9.844957352E0,-3.711012602E-1,-5.530605912E-1
1.767904686E1,9.844957352E0,-3.758896589E-1,-5.650315881E-1
1.768139248E1,9.842563629E0,-3.687070608E-1,-5.506663918E-1
1.768308825E1,9.842563629E0,-3.591302633E-1,-5.530605912E-1
1.768508898E1,9.844957352E0,-3.615244627E-1,-5.482721925E-1
1.768709529E1,9.842563629E0,-3.519476354E-1,-5.554547906E-1
1.768922182E1,9.842563629E0,-3.543418646E-1,-5.506663918E-1
1.769112732E1,9.823410034E0,-3.806780577E-1,-5.458779931E-1
1.769312763E1,9.823410034E0,-3.519476354E-1,-5.410895944E-1
1.769519663E1,9.828198433E0,-3.591302633E-1,-5.458779931E-1
1.769723206E1,9.859322548E0,-3.782838583E-1,-5.578489900E-1
1.769930152E1,9.854534149E0,-3.782838583E-1,-5.482721925E-1
1.770133667E1,9.856928825E0,-3.734954596E-1,-5.458779931E-1
1.770340613E1,9.856928825E0,-3.639186621E-1,-5.410895944E-1
1.770544117E1,9.837775230E0,-3.663128614E-1,-5.243301988E-1
1.770744632E1,9.832986832E0,-3.687070608E-1,-5.171475410E-1
1.770944744E1,9.849745750E0,-3.639186621E-1,-5.147533417E-1
1.771151613E1,9.854534149E0,-3.687070608E-1,-5.243301988E-1
1.771355083E1,9.854534149E0,-3.782838583E-1,-5.243301988E-1
1.771561925E1,9.849745750E0,-3.854664862E-1,-5.219359994E-1
1.771765371E1,9.868899345E0,-4.022258818E-1,-5.243301988E-1
1.771972217E1,9.873687744E0,-4.022258818E-1,-5.291185975E-1
1.772175702E1,9.861717224E0,-4.046200812E-1,-5.123591423E-1
1.772382621E1,9.842563629E0,-4.022258818E-1,-5.099649429E-1
1.772586113E1,9.835380554E0,-4.046200812E-1,-5.171475410E-1
1.772786713E1,9.842563629E0,-4.094084799E-1,-5.099649429E-1
1.772987036E1,9.837775230E0,-3.950432837E-1,-5.123591423E-1
1.773193917E1,9.847352028E0,-3.974374831E-1,-5.003881454E-1
1.773397402E1,9.854534149E0,-4.022258818E-1,-4.932055473E-1
1.773604306E1,9.854534149E0,-4.070142806E-1,-4.955997467E-1
1.773807786E1,9.852140427E0,-4.070142806E-1,-5.027823448E-1
1.774014667E1,9.844957352E0,-4.022258818E-1,-5.051765442E-1
1.774218136E1,9.856928825E0,-4.022258818E-1,-4.955997467E-1
1.774425021E1,9.852140427E0,-3.830722570E-1,-5.051765442E-1
1.774628509E1,9.854534149E0,-3.782838583E-1,-5.051765442E-1
1.774829017E1,9.864110947E0,-3.854664862E-1,-5.027823448E-1
1.775041625E1,9.890447617E0,-4.070142806E-1,-4.955997467E-1
1.775232117E1,9.880870819E0,-4.141969085E-1,-4.955997467E-1
1.775432090E1,9.885659218E0,-4.094084799E-1,-4.955997467E-1
1.775638925E1,9.883264542E0,-3.998316824E-1,-4.932055473E-1
1.775842375E1,9.883264542E0,-4.046200812E-1,-4.884171486E-1
1.776049248E1,9.878476143E0,-4.141969085E-1,-4.932055473E-1
1.776252690E1,9.883264542E0,-3.830722570E-1,-4.979939461E-1
1.776459579E1,9.878476143E0,-3.902548850E-1,-4.979939461E-1
1.776663032E1,9.878476143E0,-3.854664862E-1,-4.788403511E-1
1.776863594E1,9.902418137E0,-3.974374831E-1,-4.740519226E-1
1.777082498E1,9.911994934E0,-3.974374831E-1,-4.740519226E-1
1.777265971E1,9.897629738E0,-3.950432837E-1,-4.836287498E-1
1.777465982E1,9.888052940E0,-3.974374831E-1,-4.764461517E-1
1.777672821E1,9.890447617E0,-4.046200812E-1,-4.716577232E-1
1.777876252E1,9.904812813E0,-4.070142806E-1,-4.740519226E-1
1.778083117E1,9.900024414E0,-4.094084799E-1,-4.692635238E-1
1.778286532E1,9.909601212E0,-4.165911078E-1,-4.764461517E-1
1.778493352E1,9.907206535E0,-4.022258818E-1,-4.740519226E-1
1.778696779E1,9.897629738E0,-4.022258818E-1,-4.764461517E-1
1.778897363E1,9.880870819E0,-4.165911078E-1,-4.788403511E-1
1.779097390E1,9.871294022E0,-4.118026793E-1,-4.884171486E-1
1.779304240E1,9.885659218E0,-4.046200812E-1,-4.979939461E-1
1.779507717E1,9.890447617E0,-3.758896589E-1,-4.955997467E-1
1.779714609E1,9.885659218E0,-3.615244627E-1,-4.932055473E-1
1.779918052E1,9.868899345E0,-3.615244627E-1,-5.051765442E-1
1.780120448E1,9.876082420E0,-3.758896589E-1,-5.003881454E-1
1.780320440E1,9.871294022E0,-3.734954596E-1,-5.051765442E-1
1.780527336E1,9.892841339E0,-3.711012602E-1,-5.195417404E-1
1.780730756E1,9.890447617E0,-3.663128614E-1,-5.291185975E-1
1.780931352E1,9.885659218E0,-3.687070608E-1,-5.410895944E-1
1.781131886E1,9.890447617E0,-3.543418646E-1,-5.506663918E-1
1.781338771E1,9.878476143E0,-3.639186621E-1,-5.339069963E-1
1.781542244E1,9.880870819E0,-3.519476354E-1,-5.386953950E-1
1.781749106E1,9.878476143E0,-3.423708379E-1,-5.339069963E-1
1.781952544E1,9.871294022E0,-3.375824392E-1,-5.482721925E-1
1.782159379E1,9.866505623E0,-3.423708379E-1,-5.554547906E-1
1.782362879E1,9.859322548E0,-3.375824392E-1,-5.530605912E-1
1.782569759E1,9.849745750E0,-3.567360640E-1,-5.554547906E-1
1.782773256E1,9.844957352E0,-3.615244627E-1,-5.458779931E-1
1.782973759E1,9.842563629E0,-3.711012602E-1,-5.482721925E-1
1.783186156E1,9.864110947E0,-3.782838583E-1,-5.506663918E-1
1.783376682E1,9.864110947E0,-3.806780577E-1,-5.434837937E-1
1.783576617E1,9.847352028E0,-3.806780577E-1,-5.363011956E-1
1.783783517E1,9.844957352E0,-3.926490843E-1,-5.434837937E-1
1.783986963E1,9.847352028E0,-3.902548850E-1,-5.482721925E-1
1.784193829E1,9.847352028E0,-3.974374831E-1,-5.386953950E-1
1.784397259E1,9.828198433E0,-3.926490843E-1,-5.267243981E-1
1.784604067E1,9.825803757E0,-3.806780577E-1,-5.147533417E-1
1.784807452E1,9.832986832E0,-3.926490843E-1,-5.123591423E-1
1.785007890E1,9.830592155E0,-4.022258818E-1,-5.219359994E-1
1.785220425E1,9.828198433E0,-4.189853072E-1,-5.147533417E-1
1.785410925E1,9.832986832E0,-4.118026793E-1,-5.171475410E-1
1.785610863E1,9.837775230E0,-4.189853072E-1,-5.123591423E-1
1.785817675E1,9.835380554E0,-4.261679053E-1,-5.219359994E-1
1.786021129E1,9.840168953E0,-4.309563041E-1,-5.267243981E-1
1.786227982E1,9.823410034E0,-4.357447028E-1,-5.243301988E-1
1.786431463E1,9.828198433E0,-4.453215301E-1,-5.075707436E-1
1.786638340E1,9.821015358E0,-4.405331016E-1,-5.123591423E-1
1.786841779E1,9.811438560E0,-4.381389022E-1,-5.075707436E-1
1.787042294E1,9.835380554E0,-4.405331016E-1,-5.099649429E-1
1.787242394E1,9.842563629E0,-4.357447028E-1,-5.075707436E-1
1.787449229E1,9.852140427E0,-4.213795066E-1,-5.171475410E-1
1.787652621E1,9.847352028E0,-4.237737060E-1,-5.147533417E-1
1.787859436E1,9.859322548E0,-4.213795066E-1,-5.075707436E-1
1.788062821E1,9.871294022E0,-4.261679053E-1,-5.075707436E-1
1.788269640E1,9.866505623E0,-4.309563041E-1,-5.003881454E-1
1.788473040E1,9.861717224E0,-4.429273009E-1,-5.027823448E-1
1.788679913E1,9.864110947E0,-4.405331016E-1,-5.051765442E-1
1.788883290E1,9.864110947E0,-4.261679053E-1,-5.027823448E-1
1.789083856E1,9.873687744E0,-4.165911078E-1,-5.075707436E-1
1.789284152E1,9.880870819E0,-4.309563041E-1,-5.051765442E-1
1.789491009E1,9.897629738E0,-4.094084799E-1,-4.908113480E-1
1.789694417E1,9.892841339E0,-4.261679053E-1,-5.003881454E-1
1.789901225E1,9.897629738E0,-4.309563041E-1,-5.027823448E-1
1.790104640E1,9.900024414E0,-4.094084799E-1,-5.003881454E-1
1.790311452E1,9.916783333E0,-4.022258818E-1,-4.908113480E-1
1.790514925E1,9.914389610E0,-3.926490843E-1,-4.908113480E-1
1.790721702E1,9.907206535E0,-3.998316824E-1,-4.764461517E-1
1.790925094E1,9.909601212E0,-3.974374831E-1,-4.932055473E-1
1.791125467E1,9.907206535E0,-3.950432837E-1,-5.075707436E-1
1.791337717E1,9.907206535E0,-3.950432837E-1,-5.051765442E-1
1.791528132E1,9.911994934E0,-3.974374831E-1,-4.908113480E-1
1.791728013E1,9.911994934E0,-3.950432837E-1,-4.908113480E-1
1.791934821E1,9.907206535E0,-3.926490843E-1,-4.884171486E-1
1.792138198E1,9.895236015E0,-3.830722570E-1,-4.884171486E-1
1.792345013E1,9.888052940E0,-3.782838583E-1,-4.884171486E-1
1.792548425E1,9.892841339E0,-3.758896589E-1,-4.932055473E-1
1.792755275E1,9.880870819E0,-3.830722570E-1,-4.908113480E-1
1.792958717E1,9.883264542E0,-3.806780577E-1,-4.908113480E-1
1.793159317E1,9.871294022E0,-3.782838583E-1,-4.932055473E-1
1.793378290E1,9.864110947E0,-3.663128614E-1,-4.979939461E-1
1.793561852E1,9.859322548E0,-3.567360640E-1,-4.955997467E-1
1.793761871E1,9.861717224E0,-3.663128614E-1,-4.955997467E-1
1.793968759E1,9.849745750E0,-3.615244627E-1,-4.979939461E-1
1.794172202E1,9.842563629E0,-3.567360640E-1,-5.003881454E-1
1.794379121E1,9.840168953E0,-3.639186621E-1,-5.051765442E-1
1.794582590E1,9.835380554E0,-3.734954596E-1,-5.075707436E-1
1.794789471E1,9.847352028E0,-3.830722570E-1,-5.195417404E-1
1.794992921E1,9.844957352E0,-3.854664862E-1,-5.195417404E-1
1.795193425E1,9.837775230E0,-3.830722570E-1,-5.219359994E-1
1.795393540E1,9.830592155E0,-3.782838583E-1,-5.219359994E-1
1.795600367E1,9.844957352E0,-3.806780577E-1,-5.195417404E-1
1.795803817E1,9.856928825E0,-3.758896589E-1,-5.171475410E-1
1.796010709E1,9.830592155E0,-3.854664862E-1,-5.219359994E-1
1.796214202E1,9.823410034E0,-3.830722570E-1,-5.291185975E-1
1.796421121E1,9.823410034E0,-4.046200812E-1,-5.291185975E-1
1.796624552E1,9.832986832E0,-4.046200812E-1,-5.171475410E-1
1.796831402E1,9.840168953E0,-3.974374831E-1,-5.195417404E-1
1.797034844E1,9.840168953E0,-3.782838583E-1,-5.195417404E-1
1.797235417E1,9.847352028E0,-3.758896589E-1,-5.171475410E-1
1.797435756E1,9.842563629E0,-3.830722570E-1,-5.099649429E-1
1.797642606E1,9.823410034E0,-3.974374831E-1,-4.979939461E-1
1.797846009E1,9.844957352E0,-4.022258818E-1,-4.979939461E-1
1.798052852E1,9.840168953E0,-4.022258818E-1,-4.979939461E-1
1.798256336E1,9.847352028E0,-3.950432837E-1,-5.027823448E-1
1.798463202E1,9.844957352E0,-3.830722570E-1,-4.955997467E-1
1.798666656E1,9.854534149E0,-3.902548850E-1,-4.955997467E-1
1.798873498E1,9.866505623E0,-3.974374831E-1,-4.932055473E-1
1.799076975E1,9.871294022E0,-3.878606856E-1,-4.836287498E-1
1.799277471E1,9.883264542E0,-3.998316824E-1,-4.788403511E-1
1.799489836E1,9.885659218E0,-4.022258818E-1,-4.836287498E-1
1.799680344E1,9.880870819E0,-4.118026793E-1,-4.764461517E-1
1.799880267E1,9.878476143E0,-4.070142806E-1,-4.716577232E-1
1.800087106E1,9.873687744E0,-4.118026793E-1,-4.572925270E-1
1.800290544E1,9.885659218E0,-4.094084799E-1,-4.572925270E-1
1.800497344E1,9.909601212E0,-4.094084799E-1,-4.525041282E-1
1.800700748E1,9.911994934E0,-4.070142806E-1,-4.501099288E-1
1.800907590E1,9.902418137E0,-3.974374831E-1,-4.501099288E-1
1.801111002E1,9.895236015E0,-4.141969085E-1,-4.453215301E-1
1.801311482E1,9.904812813E0,-4.070142806E-1,-4.477157295E-1
1.801523967E1,9.914389610E0,-4.165911078E-1,-4.405331016E-1
1.801714390E1,9.895236015E0,-4.213795066E-1,-4.381389022E-1
1.801914232E1,9.895236015E0,-4.189853072E-1,-4.453215301E-1
1.802121006E1,9.907206535E0,-4.141969085E-1,-4.501099288E-1
1.802324398E1,9.914389610E0,-4.213795066E-1,-4.429273009E-1
1.802531213E1,9.902418137E0,-4.141969085E-1,-4.453215301E-1
1.802734594E1,9.902418137E0,-4.070142806E-1,-4.525041282E-1
1.802941417E1,9.897629738E0,-3.950432837E-1,-4.477157295E-1
1.803144798E1,9.895236015E0,-3.926490843E-1,-4.381389022E-1
1.803345267E1,9.883264542E0,-3.902548850E-1,-4.453215301E-1
1.803545382E1,9.890447617E0,-3.974374831E-1,-4.381389022E-1
1.803752225E1,9.888052940E0,-3.926490843E-1,-4.357447028E-1
1.803955656E1,9.883264542E0,-3.926490843E-1,-4.405331016E-1
1.804162494E1,9.890447617E0,-3.711012602E-1,-4.429273009E-1
1.804365909E1,9.892841339E0,-3.639186621E-1,-4.501099288E-1
1.804568406E1,9.895236015E0,-3.711012602E-1,-4.668693244E-1
1.804768313E1,9.883264542E0,-3.782838583E-1,-4.620809257E-1
1.804975171E1,9.878476143E0,-3.591302633E-1,-4.596867263E-1
1.805178598E1,9.866505623E0,-3.471592367E-1,-4.596867263E-1
1.805379129E1,9.888052940E0,-3.471592367E-1,-4.692635238E-1
1.805579571E1,9.888052940E0,-3.423708379E-1,-4.788403511E-1
1.805786332E1,9.878476143E0,-3.615244627E-1,-4.740519226E-1
1.805989759E1,9.888052940E0,-3.591302633E-1,-4.740519226E-1
1.806196575E1,9.868899345E0,-3.543418646E-1,-4.692635238E-1
1.806399994E1,9.864110947E0,-3.615244627E-1,-4.692635238E-1
1.806606821E1,9.854534149E0,-3.567360640E-1,-4.740519226E-1
1.806810217E1,9.861717224E0,-3.687070608E-1,-4.812345505E-1
1.807017106E1,9.864110947E0,-3.758896589E-1,-4.764461517E-1
1.807220471E1,9.852140427E0,-3.615244627E-1,-4.932055473E-1
1.807420929E1,9.854534149E0,-3.591302633E-1,-4.955997467E-1
1.807633294E1,9.864110947E0,-3.615244627E-1,-4.955997467E-1
1.807823844E1,9.861717224E0,-3.567360640E-1,-4.908113480E-1
1.808023778E1,9.854534149E0,-3.495534360E-1,-4.908113480E-1
1.808230648E1,9.844957352E0,-3.639186621E-1,-4.932055473E-1
1.808434079E1,9.847352028E0,-3.663128614E-1,-4.955997467E-1
1.808640936E1,9.852140427E0,-3.663128614E-1,-4.884171486E-1
1.808844367E1,9.847352028E0,-3.687070608E-1,-4.932055473E-1
1.809051217E1,9.835380554E0,-3.519476354E-1,-4.979939461E-1
1.809254648E1,9.828198433E0,-3.591302633E-1,-4.932055473E-1
1.809455248E1,9.828198433E0,-3.663128614E-1,-4.955997467E-1
1.809674144E1,9.830592155E0,-3.591302633E-1,-4.884171486E-1
1.809857667E1,9.844957352E0,-3.591302633E-1,-4.860229492E-1
1.810057663E1,9.844957352E0,-3.639186621E-1,-4.860229492E-1
1.810264552E1,9.840168953E0,-3.711012602E-1,-4.836287498E-1
1.810467994E1,9.847352028E0,-3.902548850E-1,-4.716577232E-1
1.810674802E1,9.844957352E0,-3.902548850E-1,-4.716577232E-1
1.810878190E1,9.835380554E0,-3.950432837E-1,-4.932055473E-1
1.811085028E1,9.844957352E0,-3.878606856E-1,-4.908113480E-1
1.811288390E1,9.864110947E0,-3.854664862E-1,-4.908113480E-1
1.811488802E1,9.861717224E0,-3.902548850E-1,-4.836287498E-1
1.811688844E1,9.868899345E0,-4.022258818E-1,-4.908113480E-1
1.811895728E1,9.871294022E0,-4.046200812E-1,-4.860229492E-1
1.812099148E1,9.864110947E0,-3.950432837E-1,-4.836287498E-1
1.812305982E1,9.878476143E0,-3.974374831E-1,-4.836287498E-1
1.812509402E1,9.876082420E0,-3.998316824E-1,-4.764461517E-1
1.812716225E1,9.883264542E0,-4.118026793E-1,-4.860229492E-1
1.812919652E1,9.880870819E0,-3.998316824E-1,-4.740519226E-1
1.813126536E1,9.873687744E0,-3.782838583E-1,-4.788403511E-1
1.813329990E1,9.880870819E0,-3.782838583E-1,-4.812345505E-1
1.813530655E1,9.878476143E0,-4.070142806E-1,-4.836287498E-1
1.813731021E1,9.876082420E0,-4.094084799E-1,-4.764461517E-1
1.813937886E1,9.876082420E0,-4.046200812E-1,-4.788403511E-1
1.814141290E1,9.876082420E0,-4.118026793E-1,-4.788403511E-1
1.814348171E1,9.861717224E0,-4.070142806E-1,-4.644751251E-1
1.814551640E1,9.866505623E0,-4.022258818E-1,-4.572925270E-1
1.814758482E1,9.878476143E0,-4.022258818E-1,-4.548983276E-1
1.814961863E1,9.866505623E0,-4.118026793E-1,-4.548983276E-1
1.815168736E1,9.859322548E0,-4.118026793E-1,-4.477157295E-1
1.815372179E1,9.859322548E0,-4.261679053E-1,-4.453215301E-1
1.815572632E1,9.880870819E0,-4.165911078E-1,-4.501099288E-1
1.815784932E1,9.864110947E0,-4.141969085E-1,-4.429273009E-1
1.815975402E1,9.866505623E0,-4.070142806E-1,-4.477157295E-1
1.816175340E1,9.871294022E0,-4.094084799E-1,-4.429273009E-1
1.816382209E1,9.864110947E0,-4.046200812E-1,-4.333505034E-1
1.816585644E1,9.861717224E0,-4.022258818E-1,-4.381389022E-1
1.816792482E1,9.878476143E0,-4.022258818E-1,-4.405331016E-1
1.816995894E1,9.878476143E0,-4.022258818E-1,-4.405331016E-1
1.817202686E1,9.876082420E0,-3.926490843E-1,-4.501099288E-1
1.817406094E1,9.868899345E0,-3.926490843E-1,-4.572925270E-1
1.817606598E1,9.871294022E0,-3.974374831E-1,-4.501099288E-1
1.817819175E1,9.871294022E0,-3.950432837E-1,-4.525041282E-1
1.818009740E1,9.859322548E0,-3.758896589E-1,-4.525041282E-1
1.818209655E1,9.849745750E0,-3.711012602E-1,-4.620809257E-1
1.818416478E1,9.852140427E0,-3.782838583E-1,-4.596867263E-1
1.818619955E1,9.859322548E0,-3.926490843E-1,-4.548983276E-1
1.818826813E1,9.868899345E0,-3.902548850E-1,-4.477157295E-1
1.819030232E1,9.876082420E0,-3.830722570E-1,-4.572925270E-1
1.819237086E1,9.859322548E0,-3.806780577E-1,-4.620809257E-1
1.819440559E1,9.854534149E0,-3.758896589E-1,-4.644751251E-1
1.819641044E1,9.849745750E0,-3.687070608E-1,-4.716577232E-1
1.819841148E1,9.852140427E0,-3.711012602E-1,-4.692635238E-1
1.820048013E1,9.859322548E0,-3.782838583E-1,-4.788403511E-1
1.820251475E1,9.859322548E0,-3.782838583E-1,-4.812345505E-1
1.820458355E1,9.854534149E0,-3.734954596E-1,-4.764461517E-1
1.820661813E1,9.852140427E0,-3.711012602E-1,-4.836287498E-1
1.820868717E1,9.849745750E0,-3.711012602E-1,-4.836287498E-1
1.821072205E1,9.861717224E0,-3.711012602E-1,-4.740519226E-1
1.821279105E1,9.859322548E0,-3.615244627E-1,-4.812345505E-1
1.821482571E1,9.849745750E0,-3.782838583E-1,-4.836287498E-1
1.821683198E1,9.859322548E0,-3.854664862E-1,-4.812345505E-1
1.821883594E1,9.847352028E0,-3.687070608E-1,-4.788403511E-1
1.822090482E1,9.849745750E0,-3.639186621E-1,-4.740519226E-1
1.822293913E1,9.852140427E0,-3.591302633E-1,-4.716577232E-1
1.822500782E1,9.844957352E0,-3.639186621E-1,-4.668693244E-1
1.822704236E1,9.854534149E0,-3.758896589E-1,-4.644751251E-1
1.822911044E1,9.849745750E0,-3.734954596E-1,-4.668693244E-1
1.823114444E1,9.835380554E0,-3.663128614E-1,-4.644751251E-1
1.823321279E1,9.842563629E0,-3.663128614E-1,-4.620809257E-1
1.823524721E1,9.835380554E0,-3.591302633E-1,-4.620809257E-1
1.823725148E1,9.847352028E0,-3.711012602E-1,-4.668693244E-1
1.823937582E1,9.849745750E0,-3.734954596E-1,-4.477157295E-1
1.824128059E1,9.859322548E0,-3.734954596E-1,-4.548983276E-1
1.824328032E1,9.861717224E0,-3.543418646E-1,-4.572925270E-1
1.824534859E1,9.852140427E0,-3.543418646E-1,-4.620809257E-1
1.824738409E1,9.842563629E0,-3.567360640E-1,-4.572925270E-1
1.824945336E1,9.852140427E0,-3.782838583E-1,-4.501099288E-1
1.825148786E1,9.856928825E0,-3.782838583E-1,-4.477157295E-1
1.825355663E1,9.871294022E0,-3.806780577E-1,-4.525041282E-1
1.825559155E1,9.873687744E0,-3.854664862E-1,-4.477157295E-1
1.825759767E1,9.880870819E0,-3.854664862E-1,-4.453215301E-1
1.825978725E1,9.876082420E0,-3.782838583E-1,-4.381389022E-1
1.826162263E1,9.873687744E0,-3.711012602E-1,-4.405331016E-1
1.826362286E1,9.873687744E0,-3.854664862E-1,-4.381389022E-1
1.826569275E1,9.873687744E0,-3.926490843E-1,-4.357447028E-1
1.826772678E1,9.890447617E0,-4.022258818E-1,-4.333505034E-1
1.826979582E1,9.878476143E0,-3.854664862E-1,-4.285621047E-1
1.827183032E1,9.895236015E0,-3.902548850E-1,-4.309563041E-1
1.827389913E1,9.914389610E0,-3.926490843E-1,-4.357447028E-1
1.827593382E1,9.892841339E0,-3.878606856E-1,-4.381389022E-1
1.827793867E1,9.880870819E0,-3.854664862E-1,-4.429273009E-1
1.827993994E1,9.878476143E0,-3.878606856E-1,-4.429273009E-1
1.828200882E1,9.890447617E0,-3.782838583E-1,-4.429273009E-1
1.828404348E1,9.902418137E0,-3.734954596E-1,-4.501099288E-1
1.828611252E1,9.902418137E0,-3.734954596E-1,-4.477157295E-1
1.828814728E1,9.885659218E0,-3.782838583E-1,-4.525041282E-1
1.829017290E1,9.895236015E0,-3.687070608E-1,-4.572925270E-1
1.829217271E1,9.892841339E0,-3.663128614E-1,-4.548983276E-1
1.829424171E1,9.880870819E0,-3.782838583E-1,-4.477157295E-1
1.829627655E1,9.871294022E0,-3.567360640E-1,-4.668693244E-1
1.829828267E1,9.880870819E0,-3.663128614E-1,-4.692635238E-1
1.830028813E1,9.888052940E0,-3.782838583E-1,-4.740519226E-1
1.830235744E1,9.878476143E0,-3.711012602E-1,-4.812345505E-1
1.830439240E1,9.876082420E0,-3.591302633E-1,-4.836287498E-1
1.830646205E1,9.876082420E0,-3.639186621E-1,-4.860229492E-1
1.830849775E1,9.864110947E0,-3.663128614E-1,-4.979939461E-1
1.831056721E1,9.852140427E0,-3.639186621E-1,-4.932055473E-1
1.831260248E1,9.861717224E0,-3.639186621E-1,-4.884171486E-1
1.831467209E1,9.866505623E0,-3.663128614E-1,-4.908113480E-1
1.831670759E1,9.842563629E0,-3.639186621E-1,-4.764461517E-1
1.831871328E1,9.840168953E0,-3.615244627E-1,-4.788403511E-1
1.832083775E1,9.852140427E0,-3.615244627E-1,-4.884171486E-1
1.832274317E1,9.861717224E0,-3.543418646E-1,-4.836287498E-1
1.832474340E1,9.880870819E0,-3.543418646E-1,-4.860229492E-1
1.832681248E1,9.871294022E0,-3.711012602E-1,-5.003881454E-1
1.832884705E1,9.868899345E0,-3.663128614E-1,-4.955997467E-1
1.833091632E1,9.878476143E0,-3.806780577E-1,-4.955997467E-1
1.833295140E1,9.856928825E0,-3.687070608E-1,-5.051765442E-1
1.833502059E1,9.868899345E0,-3.519476354E-1,-5.075707436E-1
1.833705525E1,9.873687744E0,-3.591302633E-1,-5.075707436E-1
1.833906148E1,9.854534149E0,-3.758896589E-1,-5.003881454E-1
1.834118752E1,9.868899345E0,-3.711012602E-1,-4.955997467E-1
1.834309328E1,9.871294022E0,-3.711012602E-1,-4.955997467E-1
1.834509309E1,9.847352028E0,-3.711012602E-1,-4.812345505E-1
1.834716205E1,9.837775230E0,-3.782838583E-1,-4.908113480E-1
1.834919675E1,9.828198433E0,-3.854664862E-1,-4.860229492E-1
1.835126613E1,9.840168953E0,-3.830722570E-1,-4.788403511E-1
1.835330102E1,9.837775230E0,-3.782838583E-1,-4.692635238E-1
1.835537021E1,9.835380554E0,-3.806780577E-1,-4.764461517E-1
1.835740525E1,9.825803757E0,-3.663128614E-1,-4.692635238E-1
1.835941063E1,9.821015358E0,-3.854664862E-1,-4.596867263E-1
1.836141205E1,9.816226959E0,-3.878606856E-1,-4.525041282E-1
1.836348098E1,9.816226959E0,-3.902548850E-1,-4.501099288E-1
1.836551586E1,9.818621635E0,-3.663128614E-1,-4.572925270E-1
1.836758463E1,9.813833237E0,-3.734954596E-1,-4.477157295E-1
1.836961952E1,9.832986832E0,-3.950432837E-1,-4.453215301E-1
1.837168859E1,9.823410034E0,-3.926490843E-1,-4.405331016E-1
1.837372344E1,9.813833237E0,-3.902548850E-1,-4.381389022E-1
1.837579228E1,9.813833237E0,-4.046200812E-1,-4.357447028E-1
1.837782655E1,9.801861763E0,-3.950432837E-1,-4.333505034E-1
1.837983213E1,9.852140427E0,-3.974374831E-1,-4.213795066E-1
1.838183552E1,9.837775230E0,-3.950432837E-1,-4.189853072E-1
1.838390440E1,9.825803757E0,-3.950432837E-1,-4.165911078E-1
1.838593909E1,9.832986832E0,-3.974374831E-1,-4.213795066E-1
1.838800748E1,9.840168953E0,-3.902548850E-1,-4.165911078E-1
1.839004140E1,9.852140427E0,-3.878606856E-1,-4.141969085E-1
1.839211005E1,9.866505623E0,-3.806780577E-1,-4.141969085E-1
1.839414436E1,9.868899345E0,-3.830722570E-1,-4.165911078E-1
1.839621248E1,9.878476143E0,-3.878606856E-1,-4.070142806E-1
1.839824648E1,9.883264542E0,-3.998316824E-1,-3.902548850E-1
1.840025075E1,9.892841339E0,-3.950432837E-1,-3.878606856E-1
1.840237432E1,9.880870819E0,-4.094084799E-1,-3.878606856E-1
1.840427928E1,9.900024414E0,-4.046200812E-1,-4.046200812E-1
1.840627844E1,9.895236015E0,-4.022258818E-1,-4.094084799E-1
1.840834636E1,9.892841339E0,-3.830722570E-1,-4.118026793E-1
1.841038044E1,9.892841339E0,-3.998316824E-1,-4.022258818E-1
1.841244932E1,9.895236015E0,-3.974374831E-1,-4.022258818E-1
1.841448425E1,9.902418137E0,-3.902548850E-1,-4.189853072E-1
1.841655332E1,9.926360130E0,-3.734954596E-1,-4.213795066E-1
1.841858790E1,9.935936928E0,-3.830722570E-1,-4.261679053E-1
1.842059459E1,9.940725327E0,-3.758896589E-1,-4.333505034E-1
1.842278359E1,9.933543205E0,-3.615244627E-1,-4.405331016E-1
1.842461967E1,9.923966408E0,-3.567360640E-1,-4.477157295E-1
1.842661974E1,9.907206535E0,-3.663128614E-1,-4.644751251E-1
1.842868871E1,9.928754807E0,-3.591302633E-1,-4.716577232E-1
1.843072359E1,9.933543205E0,-3.615244627E-1,-4.788403511E-1
1.843279286E1,9.923966408E0,-3.423708379E-1,-4.884171486E-1
1.843482794E1,9.938331604E0,-3.351882398E-1,-4.884171486E-1
1.843689690E1,9.947908401E0,-3.399766386E-1,-4.979939461E-1
1.843893240E1,9.955090523E0,-3.351882398E-1,-5.027823448E-1
1.844093824E1,9.947908401E0,-3.303998411E-1,-5.123591423E-1
1.844293978E1,9.921571732E0,-3.088520169E-1,-5.099649429E-1
1.844500878E1,9.904812813E0,-3.040636182E-1,-5.075707436E-1
1.844704417E1,9.900024414E0,-2.968810201E-1,-5.075707436E-1
1.844911340E1,9.907206535E0,-3.040636182E-1,-5.123591423E-1
1.845114882E1,9.909601212E0,-3.160346150E-1,-5.147533417E-1
1.845321859E1,9.888052940E0,-3.208230138E-1,-5.123591423E-1
1.845525386E1,9.888052940E0,-3.136404157E-1,-5.219359994E-1
1.845732317E1,9.876082420E0,-3.208230138E-1,-5.171475410E-1
1.845935817E1,9.849745750E0,-3.303998411E-1,-5.171475410E-1
1.846136509E1,9.840168953E0,-3.256114423E-1,-5.147533417E-1
1.846336986E1,9.832986832E0,-3.303998411E-1,-5.195417404E-1
1.846543890E1,9.823410034E0,-3.495534360E-1,-5.243301988E-1
1.846747374E1,9.840168953E0,-3.639186621E-1,-5.171475410E-1
1.846954302E1,9.837775230E0,-3.734954596E-1,-5.195417404E-1
1.847157778E1,9.828198433E0,-3.591302633E-1,-5.075707436E-1
1.847364698E1,9.811438560E0,-3.687070608E-1,-5.003881454E-1
1.847568255E1,9.794678688E0,-3.687070608E-1,-4.908113480E-1
1.847775163E1,9.787496567E0,-3.687070608E-1,-4.908113480E-1
1.847978636E1,9.787496567E0,-3.854664862E-1,-4.860229492E-1
1.848179194E1,9.797073364E0,-3.758896589E-1,-4.716577232E-1
1.848391613E1,9.799467087E0,-3.806780577E-1,-4.716577232E-1
1.848582167E1,9.811438560E0,-4.070142806E-1,-4.668693244E-1
1.848782136E1,9.813833237E0,-3.998316824E-1,-4.668693244E-1
1.848989028E1,9.821015358E0,-4.070142806E-1,-4.668693244E-1
1.849192582E1,9.801861763E0,-4.213795066E-1,-4.596867263E-1
1.849399501E1,9.801861763E0,-4.261679053E-1,-4.548983276E-1
1.849602967E1,9.813833237E0,-4.381389022E-1,-4.525041282E-1
1.849809901E1,9.828198433E0,-4.453215301E-1,-4.453215301E-1
1.850013455E1,9.837775230E0,-4.285621047E-1,-4.644751251E-1
1.850214163E1,9.847352028E0,-4.261679053E-1,-4.548983276E-1
1.850426890E1,9.854534149E0,-4.381389022E-1,-4.525041282E-1
1.850617521E1,9.861717224E0,-4.357447028E-1,-4.548983276E-1
1.850817555E1,9.866505623E0,-4.405331016E-1,-4.525041282E-1
1.851024536E1,9.873687744E0,-4.381389022E-1,-4.525041282E-1
1.851228040E1,9.868899345E0,-4.333505034E-1,-4.429273009E-1
1.851435001E1,9.880870819E0,-4.429273009E-1,-4.333505034E-1
1.851638540E1,9.878476143E0,-4.381389022E-1,-4.333505034E-1
1.851845532E1,9.885659218E0,-4.381389022E-1,-4.333505034E-1
1.852049074E1,9.888052940E0,-4.453215301E-1,-4.261679053E-1
1.852249567E1,9.883264542E0,-4.453215301E-1,-4.237737060E-1
1.852449867E1,9.895236015E0,-4.429273009E-1,-4.357447028E-1
1.852656778E1,9.895236015E0,-4.381389022E-1,-4.309563041E-1
1.852860321E1,9.902418137E0,-4.213795066E-1,-4.381389022E-1
1.853067263E1,9.904812813E0,-4.213795066E-1,-4.309563041E-1
1.853270798E1,9.911994934E0,-4.141969085E-1,-4.333505034E-1
1.853473355E1,9.902418137E0,-4.118026793E-1,-4.261679053E-1
1.853673390E1,9.890447617E0,-4.118026793E-1,-4.285621047E-1
1.853880298E1,9.892841339E0,-4.237737060E-1,-4.309563041E-1
1.854083790E1,9.890447617E0,-4.165911078E-1,-4.333505034E-1
1.854284517E1,9.888052940E0,-4.046200812E-1,-4.453215301E-1
1.854485171E1,9.871294022E0,-4.022258818E-1,-4.309563041E-1
1.854692101E1,9.868899345E0,-3.998316824E-1,-4.285621047E-1
1.854895609E1,9.885659218E0,-3.950432837E-1,-4.357447028E-1
1.855102617E1,9.890447617E0,-3.974374831E-1,-4.429273009E-1
1.855306098E1,9.883264542E0,-3.926490843E-1,-4.429273009E-1
1.855513005E1,9.864110947E0,-3.830722570E-1,-4.525041282E-1
1.855716532E1,9.864110947E0,-3.878606856E-1,-4.548983276E-1
1.855923432E1,9.871294022E0,-3.902548850E-1,-4.548983276E-1
1.856126913E1,9.864110947E0,-3.711012602E-1,-4.453215301E-1
1.856327586E1,9.854534149E0,-3.711012602E-1,-4.525041282E-1
1.856540028E1,9.856928825E0,-3.663128614E-1,-4.572925270E-1
1.856730732E1,9.847352028E0,-3.711012602E-1,-4.596867263E-1
1.856930675E1,9.835380554E0,-3.615244627E-1,-4.572925270E-1
1.857137571E1,9.832986832E0,-3.447650373E-1,-4.620809257E-1
1.857341028E1,9.830592155E0,-3.591302633E-1,-4.692635238E-1
1.857547963E1,9.825803757E0,-3.639186621E-1,-4.740519226E-1
1.857751509E1,9.832986832E0,-3.615244627E-1,-4.692635238E-1
1.857958448E1,9.837775230E0,-3.711012602E-1,-4.788403511E-1
1.858162013E1,9.842563629E0,-3.758896589E-1,-4.812345505E-1
1.858362678E1,9.830592155E0,-3.711012602E-1,-4.860229492E-1
1.858581705E1,9.835380554E0,-3.711012602E-1,-4.932055473E-1
1.858765359E1,9.828198433E0,-3.782838583E-1,-4.908113480E-1
1.858965390E1,9.828198433E0,-3.854664862E-1,-4.908113480E-1
1.859172344E1,9.823410034E0,-3.902548850E-1,-4.908113480E-1
1.859375882E1,9.832986832E0,-3.950432837E-1,-4.979939461E-1
1.859582801E1,9.842563629E0,-4.094084799E-1,-5.027823448E-1
1.859786328E1,9.849745750E0,-4.046200812E-1,-5.051765442E-1
1.859993290E1,9.849745750E0,-3.830722570E-1,-5.099649429E-1
1.860196828E1,9.852140427E0,-3.974374831E-1,-4.932055473E-1
1.860397340E1,9.844957352E0,-3.950432837E-1,-4.955997467E-1
1.860597486E1,9.849745750E0,-3.998316824E-1,-5.075707436E-1
1.860804421E1,9.864110947E0,-4.022258818E-1,-5.027823448E-1
1.861007944E1,9.859322548E0,-4.022258818E-1,-5.075707436E-1
1.861214894E1,9.866505623E0,-4.118026793E-1,-5.003881454E-1
1.861418432E1,9.878476143E0,-4.094084799E-1,-5.147533417E-1
1.861625394E1,9.885659218E0,-4.022258818E-1,-5.195417404E-1
1.861828921E1,9.878476143E0,-4.213795066E-1,-5.099649429E-1
1.862035859E1,9.876082420E0,-4.333505034E-1,-5.147533417E-1
1.862239386E1,9.864110947E0,-4.237737060E-1,-5.099649429E-1
1.862440032E1,9.856928825E0,-4.261679053E-1,-5.051765442E-1
1.862640305E1,9.871294022E0,-4.333505034E-1,-4.932055473E-1
1.862847182E1,9.880870819E0,-4.309563041E-1,-4.884171486E-1
1.863050659E1,9.890447617E0,-4.141969085E-1,-4.836287498E-1
1.863257524E1,9.885659218E0,-4.213795066E-1,-4.836287498E-1
1.863460967E1,9.888052940E0,-4.237737060E-1,-4.812345505E-1
1.863667848E1,9.888052940E0,-4.141969085E-1,-4.788403511E-1
1.863871321E1,9.890447617E0,-4.141969085E-1,-4.764461517E-1
1.864078205E1,9.900024414E0,-4.261679053E-1,-4.716577232E-1
1.864281694E1,9.897629738E0,-4.213795066E-1,-4.692635238E-1
1.864482248E1,9.892841339E0,-4.333505034E-1,-4.668693244E-1
1.864694728E1,9.890447617E0,-4.261679053E-1,-4.596867263E-1
1.864885286E1,9.878476143E0,-4.237737060E-1,-4.644751251E-1
1.865085282E1,9.880870819E0,-4.333505034E-1,-4.692635238E-1
1.865292186E1,9.878476143E0,-4.165911078E-1,-4.740519226E-1
1.865495763E1,9.880870819E0,-4.237737060E-1,-4.692635238E-1
1.865702763E1,9.868899345E0,-4.141969085E-1,-4.860229492E-1
1.865906282E1,9.861717224E0,-4.165911078E-1,-4.812345505E-1
1.866113240E1,9.864110947E0,-4.094084799E-1,-4.740519226E-1
1.866316736E1,9.892841339E0,-3.902548850E-1,-4.788403511E-1
1.866517340E1,9.885659218E0,-3.854664862E-1,-4.716577232E-1
1.866730086E1,9.892841339E0,-3.878606856E-1,-4.644751251E-1
1.866920655E1,9.885659218E0,-3.806780577E-1,-4.548983276E-1
1.867120624E1,9.876082420E0,-3.734954596E-1,-4.548983276E-1
1.867327513E1,9.861717224E0,-3.758896589E-1,-4.572925270E-1
1.867531025E1,9.849745750E0,-3.902548850E-1,-4.548983276E-1
1.867737917E1,9.842563629E0,-3.878606856E-1,-4.572925270E-1
1.867941455E1,9.840168953E0,-3.974374831E-1,-4.525041282E-1
1.868148394E1,9.849745750E0,-3.854664862E-1,-4.644751251E-1
1.868351894E1,9.856928825E0,-3.878606856E-1,-4.620809257E-1
1.868552455E1,9.854534149E0,-3.806780577E-1,-4.572925270E-1
1.868752621E1,9.837775230E0,-3.782838583E-1,-4.572925270E-1
1.868959551E1,9.842563629E0,-3.711012602E-1,-4.548983276E-1
1.869163048E1,9.849745750E0,-3.782838583E-1,-4.596867263E-1
1.869369913E1,9.844957352E0,-3.806780577E-1,-4.572925270E-1
1.869573390E1,9.847352028E0,-3.854664862E-1,-4.548983276E-1
1.869780317E1,9.835380554E0,-3.854664862E-1,-4.572925270E-1
1.869983828E1,9.854534149E0,-3.902548850E-1,-4.501099288E-1
1.870190817E1,9.837775230E0,-3.663128614E-1,-4.596867263E-1
1.870394305E1,9.825803757E0,-3.687070608E-1,-4.596867263E-1
1.870594967E1,9.811438560E0,-3.711012602E-1,-4.525041282E-1
1.870795344E1,9.785101891E0,-3.663128614E-1,-4.548983276E-1
1.871002263E1,9.792284966E0,-3.806780577E-1,-4.548983276E-1
1.871205767E1,9.794678688E0,-3.806780577E-1,-4.596867263E-1
1.871412705E1,9.797073364E0,-3.830722570E-1,-4.596867263E-1
1.871616201E1,9.797073364E0,-3.758896589E-1,-4.548983276E-1
1.871823082E1,9.801861763E0,-3.782838583E-1,-4.501099288E-1
1.872026594E1,9.806650162E0,-3.830722570E-1,-4.572925270E-1
1.872233501E1,9.825803757E0,-3.758896589E-1,-4.596867263E-1
1.872437021E1,9.818621635E0,-3.711012602E-1,-4.668693244E-1
1.872637455E1,9.818621635E0,-3.830722570E-1,-4.740519226E-1
1.872849921E1,9.823410034E0,-3.902548850E-1,-4.716577232E-1
1.873040471E1,9.825803757E0,-3.926490843E-1,-4.716577232E-1
1.873240428E1,9.832986832E0,-3.974374831E-1,-4.644751251E-1
1.873447355E1,9.828198433E0,-3.998316824E-1,-4.716577232E-1
1.873650836E1,9.837775230E0,-4.046200812E-1,-4.740519226E-1
1.873857740E1,9.835380554E0,-4.189853072E-1,-4.716577232E-1
1.874061205E1,9.847352028E0,-4.165911078E-1,-4.596867263E-1
1.874268090E1,9.854534149E0,-4.094084799E-1,-4.668693244E-1
1.874471582E1,9.861717224E0,-4.046200812E-1,-4.596867263E-1
1.874672209E1,9.852140427E0,-3.998316824E-1,-4.525041282E-1
1.874891178E1,9.864110947E0,-4.189853072E-1,-4.644751251E-1
1.875074786E1,9.871294022E0,-4.213795066E-1,-4.596867263E-1
1.875274836E1,9.861717224E0,-4.165911078E-1,-4.548983276E-1
1.875481771E1,9.868899345E0,-4.165911078E-1,-4.572925270E-1
1.875685321E1,9.864110947E0,-4.046200812E-1,-4.525041282E-1
1.875892244E1,9.859322548E0,-3.950432837E-1,-4.429273009E-1
1.876095759E1,9.859322548E0,-3.974374831E-1,-4.333505034E-1
1.876302698E1,9.861717224E0,-3.974374831E-1,-4.309563041E-1
1.876506298E1,9.856928825E0,-3.902548850E-1,-4.309563041E-1
1.876706778E1,9.849745750E0,-3.950432837E-1,-4.285621047E-1
1.876907132E1,9.849745750E0,-3.950432837E-1,-4.285621047E-1
1.877114090E1,9.854534149E0,-3.758896589E-1,-4.165911078E-1
1.877317663E1,9.847352028E0,-3.639186621E-1,-4.094084799E-1
1.877524613E1,9.840168953E0,-3.639186621E-1,-4.070142806E-1
1.877728151E1,9.840168953E0,-3.711012602E-1,-3.974374831E-1
1.877930863E1,9.844957352E0,-3.711012602E-1,-3.878606856E-1
1.878130886E1,9.847352028E0,-3.711012602E-1,-3.878606856E-1
1.878337851E1,9.837775230E0,-3.591302633E-1,-3.878606856E-1
1.878541432E1,9.837775230E0,-3.471592367E-1,-3.830722570E-1
1.878742094E1,9.825803757E0,-3.471592367E-1,-3.782838583E-1
1.878942532E1,9.813833237E0,-3.543418646E-1,-3.782838583E-1
1.879149478E1,9.830592155E0,-3.375824392E-1,-3.711012602E-1
1.879353028E1,9.832986832E0,-3.399766386E-1,-3.615244627E-1
1.879559990E1,9.842563629E0,-3.327940404E-1,-3.711012602E-1
1.879763521E1,9.842563629E0,-3.447650373E-1,-3.663128614E-1
1.879970471E1,9.832986832E0,-3.615244627E-1,-3.711012602E-1
1.880173990E1,9.835380554E0,-3.591302633E-1,-3.758896589E-1
1.880380924E1,9.847352028E0,-3.423708379E-1,-3.902548850E-1
1.880584471E1,9.840168953E0,-3.519476354E-1,-3.711012602E-1
1.880784986E1,9.849745750E0,-3.495534360E-1,-3.687070608E-1
1.880997355E1,9.864110947E0,-3.423708379E-1,-3.878606856E-1
1.881187913E1,9.854534149E0,-3.399766386E-1,-4.141969085E-1
1.881387944E1,9.849745750E0,-3.495534360E-1,-4.118026793E-1
1.881594840E1,9.849745750E0,-3.639186621E-1,-4.118026793E-1
1.881798359E1,9.847352028E0,-3.591302633E-1,-4.141969085E-1
1.882005244E1,9.849745750E0,-3.639186621E-1,-4.213795066E-1
1.882208763E1,9.852140427E0,-3.495534360E-1,-4.453215301E-1
1.882415694E1,9.847352028E0,-3.495534360E-1,-4.692635238E-1
1.882619174E1,9.832986832E0,-3.399766386E-1,-4.716577232E-1
1.882819813E1,9.837775230E0,-3.495534360E-1,-4.764461517E-1
1.883032471E1,9.849745750E0,-3.567360640E-1,-4.955997467E-1
1.883223074E1,9.830592155E0,-3.399766386E-1,-5.051765442E-1
1.883423024E1,9.830592155E0,-3.543418646E-1,-5.147533417E-1
1.883629909E1,9.840168953E0,-3.639186621E-1,-5.243301988E-1
1.883833386E1,9.830592155E0,-3.591302633E-1,-5.363011956E-1
1.884040251E1,9.832986832E0,-3.495534360E-1,-5.602431893E-1
1.884243736E1,9.844957352E0,-3.495534360E-1,-5.626373887E-1
1.884450640E1,9.861717224E0,-3.591302633E-1,-5.793967843E-1
1.884654117E1,9.859322548E0,-3.663128614E-1,-5.889736414E-1
1.884854644E1,9.852140427E0,-3.543418646E-1,-6.033388376E-1
1.885054717E1,9.854534149E0,-3.471592367E-1,-6.033388376E-1
1.885261644E1,9.856928825E0,-3.399766386E-1,-6.153098345E-1
1.885465109E1,9.861717224E0,-3.591302633E-1,-6.272808313E-1
1.885672040E1,9.859322548E0,-3.519476354E-1,-6.248866320E-1
1.885875528E1,9.856928825E0,-3.663128614E-1,-6.272808313E-1
1.886082436E1,9.835380554E0,-3.782838583E-1,-6.248866320E-1
1.886285928E1,9.847352028E0,-3.591302633E-1,-6.200982332E-1
1.886492859E1,9.856928825E0,-3.543418646E-1,-6.200982332E-1
1.886696348E1,9.849745750E0,-3.471592367E-1,-6.129156351E-1
1.886896944E1,9.830592155E0,-3.471592367E-1,-6.129156351E-1
1.887097367E1,9.842563629E0,-3.543418646E-1,-6.200982332E-1
1.887304313E1,9.847352028E0,-3.543418646E-1,-6.177040339E-1
1.887507820E1,9.832986832E0,-3.663128614E-1,-6.153098345E-1
1.887714720E1,9.828198433E0,-3.687070608E-1,-6.081272364E-1
1.887918201E1,9.828198433E0,-3.711012602E-1,-5.985504389E-1
1.888125167E1,9.821015358E0,-3.734954596E-1,-5.865794420E-1
1.888328717E1,9.818621635E0,-3.687070608E-1,-5.841852427E-1
1.888535644E1,9.799467087E0,-3.663128614E-1,-5.841852427E-1
1.888739159E1,9.794678688E0,-3.663128614E-1,-5.578489900E-1
1.888939690E1,9.801861763E0,-3.639186621E-1,-5.578489900E-1
1.889152209E1,9.794678688E0,-3.591302633E-1,-5.434837937E-1
1.889342782E1,9.792284966E0,-3.567360640E-1,-5.291185975E-1
1.889542751E1,9.792284966E0,-3.543418646E-1,-5.315127969E-1
1.889749690E1,9.792284966E0,-3.567360640E-1,-5.386953950E-1
1.889953163E1,9.794678688E0,-3.519476354E-1,-5.171475410E-1
1.890160055E1,9.787496567E0,-3.543418646E-1,-5.147533417E-1
1.890363547E1,9.780313492E0,-3.567360640E-1,-5.123591423E-1
1.890570478E1,9.773131371E0,-3.447650373E-1,-5.027823448E-1
1.890773978E1,9.785101891E0,-3.399766386E-1,-5.051765442E-1
1.890974728E1,9.787496567E0,-3.280056417E-1,-5.051765442E-1
1.891193632E1,9.770736694E0,-3.232172430E-1,-5.147533417E-1
1.891377197E1,9.773131371E0,-3.280056417E-1,-5.003881454E-1
1.891577205E1,9.775525093E0,-3.375824392E-1,-4.979939461E-1
1.891784147E1,9.782708168E0,-3.351882398E-1,-5.075707436E-1
1.891987640E1,9.785101891E0,-3.423708379E-1,-5.027823448E-1
1.892194601E1,9.773131371E0,-3.375824392E-1,-5.075707436E-1
1.892398094E1,9.775525093E0,-3.351882398E-1,-5.003881454E-1
1.892604994E1,9.777919769E0,-3.351882398E-1,-5.027823448E-1
1.892808463E1,9.782708168E0,-3.423708379E-1,-5.027823448E-1
1.893008944E1,9.809044838E0,-3.351882398E-1,-4.908113480E-1
1.893209028E1,9.804255486E0,-3.423708379E-1,-4.884171486E-1
1.893415940E1,9.799467087E0,-3.423708379E-1,-4.884171486E-1
1.893619505E1,9.806650162E0,-3.591302633E-1,-5.051765442E-1
1.893826474E1,9.811438560E0,-3.543418646E-1,-4.979939461E-1
1.894030036E1,9.823410034E0,-3.543418646E-1,-5.075707436E-1
1.894236947E1,9.823410034E0,-3.351882398E-1,-5.195417404E-1
1.894440436E1,9.842563629E0,-3.447650373E-1,-5.219359994E-1
1.894647320E1,9.828198433E0,-3.734954596E-1,-5.219359994E-1
1.894850809E1,9.840168953E0,-3.687070608E-1,-5.267243981E-1
1.895051424E1,9.854534149E0,-3.591302633E-1,-5.339069963E-1
1.895251732E1,9.854534149E0,-3.711012602E-1,-5.506663918E-1
1.895458640E1,9.852140427E0,-3.734954596E-1,-5.602431893E-1
1.895662170E1,9.861717224E0,-3.902548850E-1,-5.554547906E-1
1.895869086E1,9.868899345E0,-3.974374831E-1,-5.578489900E-1
1.896072624E1,9.861717224E0,-3.878606856E-1,-5.602431893E-1
1.896279574E1,9.868899345E0,-3.950432837E-1,-5.602431893E-1
1.896483044E1,9.885659218E0,-4.022258818E-1,-5.578489900E-1
1.896689955E1,9.897629738E0,-4.118026793E-1,-5.674257874E-1
1.896893428E1,9.890447617E0,-4.141969085E-1,-5.722141862E-1
1.897094028E1,9.897629738E0,-4.261679053E-1,-5.578489900E-1
1.897306370E1,9.900024414E0,-4.237737060E-1,-5.674257874E-1
1.897496947E1,9.902418137E0,-4.261679053E-1,-5.770025849E-1
1.897696932E1,9.900024414E0,-4.620809257E-1,-5.793967843E-1
1.897903859E1,9.892841339E0,-4.620809257E-1,-5.793967843E-1
1.898107351E1,9.871294022E0,-4.548983276E-1,-5.865794420E-1
1.898307367E1,9.873687744E0,-4.548983276E-1,-5.746083856E-1
1.898507344E1,9.871294022E0,-4.668693244E-1,-5.793967843E-1
1.898714240E1,9.868899345E0,-4.716577232E-1,-5.770025849E-1
1.898917744E1,9.856928825E0,-4.692635238E-1,-5.650315881E-1
1.899118447E1,9.856928825E0,-4.740519226E-1,-5.674257874E-1
1.899331044E1,9.844957352E0,-4.548983276E-1,-5.841852427E-1
1.899521659E1,9.821015358E0,-4.596867263E-1,-5.793967843E-1
1.899721674E1,9.816226959E0,-4.644751251E-1,-5.841852427E-1
1.899928551E1,9.801861763E0,-4.668693244E-1,-5.793967843E-1
1.900132090E1,9.794678688E0,-4.620809257E-1,-5.746083856E-1
1.900339017E1,9.794678688E0,-4.572925270E-1,-5.650315881E-1
1.900542509E1,9.780313492E0,-4.525041282E-1,-5.554547906E-1
1.900749451E1,9.770736694E0,-4.572925270E-1,-5.530605912E-1
1.900952924E1,9.782708168E0,-4.525041282E-1,-5.554547906E-1
1.901153432E1,9.799467087E0,-4.596867263E-1,-5.506663918E-1
1.901353613E1,9.782708168E0,-4.716577232E-1,-5.315127969E-1
1.901560571E1,9.753977776E0,-4.501099288E-1,-5.267243981E-1
1.901764113E1,9.751583099E0,-4.453215301E-1,-5.267243981E-1
1.901971097E1,9.749189377E0,-4.477157295E-1,-5.123591423E-1
1.902174663E1,9.746794701E0,-4.381389022E-1,-5.099649429E-1
1.902377224E1,9.756371498E0,-4.429273009E-1,-5.123591423E-1
1.902577267E1,9.761159897E0,-4.477157295E-1,-5.099649429E-1
1.902784221E1,9.737217903E0,-4.501099288E-1,-5.027823448E-1
1.902987770E1,9.730035782E0,-4.501099288E-1,-5.051765442E-1
1.903188509E1,9.720458984E0,-4.405331016E-1,-4.979939461E-1
1.903389082E1,9.710882187E0,-4.309563041E-1,-5.123591423E-1
1.903595974E1,9.715670586E0,-4.405331016E-1,-5.195417404E-1
1.903799517E1,9.715670586E0,-4.405331016E-1,-5.171475410E-1
1.904006471E1,9.720458984E0,-4.333505034E-1,-5.219359994E-1
1.904210047E1,9.727641106E0,-4.261679053E-1,-5.195417404E-1
1.904416994E1,9.720458984E0,-4.118026793E-1,-5.315127969E-1
1.904620524E1,9.718064308E0,-4.213795066E-1,-5.482721925E-1
1.904827428E1,9.720458984E0,-4.165911078E-1,-5.578489900E-1
1.905030917E1,9.744400978E0,-4.261679053E-1,-5.770025849E-1
1.905231459E1,9.742006302E0,-4.357447028E-1,-5.913678408E-1
1.905443959E1,9.725247383E0,-4.189853072E-1,-6.057330370E-1
1.905634578E1,9.732429504E0,-4.189853072E-1,-6.105214357E-1
1.905834605E1,9.749189377E0,-4.022258818E-1,-6.440402865E-1
1.906041540E1,9.742006302E0,-4.094084799E-1,-6.584054828E-1
1.906245074E1,9.753977776E0,-4.094084799E-1,-6.847416759E-1
1.906452020E1,9.765948296E0,-4.070142806E-1,-7.038952708E-1
1.906655555E1,9.758766174E0,-4.070142806E-1,-7.134721279E-1
1.906862509E1,9.753977776E0,-4.165911078E-1,-7.182605267E-1
1.907066028E1,9.770736694E0,-4.118026793E-1,-7.326257229E-1
1.907266690E1,9.773131371E0,-3.950432837E-1,-7.445967197E-1
1.907485605E1,9.773131371E0,-3.926490843E-1,-7.613561153E-1
1.907669220E1,9.773131371E0,-3.926490843E-1,-7.757213712E-1
1.907869236E1,9.763554573E0,-4.046200812E-1,-7.757213712E-1
1.908076201E1,9.770736694E0,-3.998316824E-1,-7.733271718E-1
1.908279740E1,9.770736694E0,-4.022258818E-1,-7.900865674E-1
1.908486667E1,9.773131371E0,-3.974374831E-1,-8.044517636E-1
1.908690170E1,9.770736694E0,-4.022258818E-1,-8.092401624E-1
1.908897147E1,9.765948296E0,-4.141969085E-1,-8.212111592E-1
1.909100717E1,9.758766174E0,-4.022258818E-1,-8.259995580E-1
1.909301363E1,9.753977776E0,-3.926490843E-1,-8.379706144E-1
1.909501590E1,9.739612579E0,-4.022258818E-1,-8.547300100E-1
1.909708563E1,9.730035782E0,-4.118026793E-1,-8.619126081E-1
1.909912140E1,9.727641106E0,-4.094084799E-1,-8.643068075E-1
1.910119067E1,9.727641106E0,-3.974374831E-1,-8.690952063E-1
1.910322632E1,9.732429504E0,-4.022258818E-1,-8.619126081E-1
1.910529540E1,9.732429504E0,-3.878606856E-1,-8.690952063E-1
1.910733044E1,9.734824181E0,-3.711012602E-1,-8.762778044E-1
1.910939955E1,9.758766174E0,-3.854664862E-1,-8.834604025E-1
1.911143401E1,9.732429504E0,-3.926490843E-1,-8.906430602E-1
1.911343963E1,9.727641106E0,-4.022258818E-1,-8.810662031E-1
1.911544294E1,9.730035782E0,-4.094084799E-1,-8.786720037E-1
1.911751194E1,9.730035782E0,-4.070142806E-1,-8.690952063E-1
1.911954667E1,9.725247383E0,-3.830722570E-1,-8.762778044E-1
1.912161567E1,9.710882187E0,-3.998316824E-1,-8.786720037E-1
1.912365067E1,9.706093788E0,-3.878606856E-1,-8.810662031E-1
1.912571920E1,9.701305389E0,-3.902548850E-1,-8.882488012E-1
1.912775351E1,9.689333916E0,-3.926490843E-1,-8.906430602E-1
1.912982220E1,9.713275909E0,-3.950432837E-1,-8.906430602E-1
1.913185690E1,9.706093788E0,-4.022258818E-1,-8.930372596E-1
1.913386209E1,9.725247383E0,-4.070142806E-1,-8.858546019E-1
1.913598678E1,9.725247383E0,-4.118026793E-1,-8.738836050E-1
1.913789205E1,9.730035782E0,-4.165911078E-1,-8.690952063E-1
1.913989109E1,9.725247383E0,-3.998316824E-1,-8.571242094E-1
1.914196094E1,9.706093788E0,-4.070142806E-1,-8.571242094E-1
1.914399582E1,9.713275909E0,-4.118026793E-1,-8.619126081E-1
1.914606509E1,9.744400978E0,-4.094084799E-1,-8.667010069E-1
1.914809994E1,9.765948296E0,-4.046200812E-1,-8.690952063E-1
1.915016863E1,9.758766174E0,-4.046200812E-1,-8.786720037E-1
1.915220263E1,9.751583099E0,-4.333505034E-1,-8.858546019E-1
1.915420824E1,9.720458984E0,-4.309563041E-1,-8.930372596E-1
1.915633447E1,9.713275909E0,-4.333505034E-1,-8.954314590E-1
1.915823894E1,9.710882187E0,-4.381389022E-1,-8.978256583E-1
1.916023874E1,9.698910713E0,-4.405331016E-1,-9.097966552E-1
1.916230767E1,9.691728592E0,-4.333505034E-1,-9.169792533E-1
1.916434236E1,9.670180321E0,-4.381389022E-1,-9.313444495E-1
1.916641155E1,9.655815125E0,-4.309563041E-1,-9.385270476E-1
1.916844651E1,9.658209801E0,-4.237737060E-1,-9.600749016E-1
1.917051586E1,9.655815125E0,-4.285621047E-1,-9.648633003E-1
1.917255090E1,9.629479408E0,-4.381389022E-1,-9.864110947E-1
1.917455644E1,9.631873131E0,-4.477157295E-1,-9.935936928E-1
1.917655724E1,9.617507935E0,-4.381389022E-1,-9.935936928E-1
1.917862617E1,9.603142738E0,-4.213795066E-1,-1.005564690E0
1.918066120E1,9.598354340E0,-4.189853072E-1,-1.017535686E0
1.918273055E1,9.591172218E0,-4.094084799E-1,-1.029506683E0
1.918476574E1,9.583989143E0,-4.141969085E-1,-1.041477680E0
1.918683459E1,9.574412346E0,-3.998316824E-1,-1.043871999E0
1.918886932E1,9.574412346E0,-3.974374831E-1,-1.041477680E0
1.919093844E1,9.552865028E0,-3.854664862E-1,-1.063025594E0
1.919297386E1,9.548076630E0,-3.950432837E-1,-1.079784989E0
1.919498067E1,9.536105156E0,-3.998316824E-1,-1.089361787E0
1.919698351E1,9.521739960E0,-3.926490843E-1,-1.110909581E0
1.919905255E1,9.536105156E0,-3.902548850E-1,-1.139639974E0
1.920108705E1,9.536105156E0,-3.902548850E-1,-1.144428372E0
1.920315551E1,9.548076630E0,-3.782838583E-1,-1.151610970E0
1.920519059E1,9.552865028E0,-3.830722570E-1,-1.177947283E0
1.920725932E1,9.550470352E0,-3.926490843E-1,-1.170764685E0
1.920929470E1,9.552865028E0,-3.878606856E-1,-1.180341482E0
1.921136286E1,9.567230225E0,-3.926490843E-1,-1.192312479E0
1.921339736E1,9.593565941E0,-3.782838583E-1,-1.218648672E0
1.921540217E1,9.598354340E0,-3.854664862E-1,-1.225831270E0
1.921752632E1,9.603142738E0,-3.806780577E-1,-1.242590666E0
1.921943167E1,9.598354340E0,-3.854664862E-1,-1.264138460E0
1.922143174E1,9.607931137E0,-3.639186621E-1,-1.259350061E0
1.922350117E1,9.617507935E0,-3.663128614E-1,-1.266532660E0
1.922553647E1,9.615114212E0,-3.567360640E-1,-1.290474772E0
1.922760590E1,9.600749016E0,-3.591302633E-1,-1.292868972E0
1.922964155E1,9.595960617E0,-3.519476354E-1,-1.304839969E0
1.923171094E1,9.595960617E0,-3.567360640E-1,-1.321599364E0
1.923374605E1,9.588777542E0,-3.351882398E-1,-1.333570361E0
1.923575197E1,9.586383820E0,-3.136404157E-1,-1.352723956E0
1.923794205E1,9.560047150E0,-3.208230138E-1,-1.362300754E0
1.923977859E1,9.555258751E0,-3.112462163E-1,-1.359906554E0
1.924177844E1,9.533711433E0,-2.968810201E-1,-1.364694953E0
1.924384817E1,9.533711433E0,-2.849099934E-1,-1.357512355E0
1.924588366E1,9.526528358E0,-2.825157940E-1,-1.350329757E0
1.924795282E1,9.512163162E0,-2.801215947E-1,-1.347935557E0
1.924998855E1,9.485827446E0,-2.705447972E-1,-1.347935557E0
1.925205786E1,9.485827446E0,-2.705447972E-1,-1.347935557E0
1.925409351E1,9.461885452E0,-2.705447972E-1,-1.343147159E0
1.925609894E1,9.452308655E0,-2.657563984E-1,-1.323993564E0
1.925810055E1,9.449913979E0,-2.633621991E-1,-1.316810966E0
1.926016909E1,9.425971985E0,-2.633621991E-1,-1.319205165E0
1.926220455E1,9.416395187E0,-2.513911724E-1,-1.323993564E0
1.926427409E1,9.414001465E0,-2.513911724E-1,-1.326387763E0
1.926630944E1,9.394847870E0,-2.418143749E-1,-1.333570361E0
1.926833536E1,9.387664795E0,-2.513911724E-1,-1.338358760E0
1.927033605E1,9.385271072E0,-2.513911724E-1,-1.340752959E0
1.927240528E1,9.380482674E0,-2.513911724E-1,-1.340752959E0
1.927444016E1,9.370905876E0,-2.489969730E-1,-1.350329757E0
1.927644617E1,9.361329079E0,-2.489969730E-1,-1.367089152E0
1.927845317E1,9.356540680E0,-2.537853718E-1,-1.371877551E0
1.928052170E1,9.332598686E0,-2.681505978E-1,-1.393425345E0
1.928255640E1,9.318233490E0,-2.705447972E-1,-1.424550056E0
1.928462532E1,9.311050415E0,-2.753331959E-1,-1.431732655E0
1.928666028E1,9.327810287E0,-2.873041928E-1,-1.455674648E0
1.928872943E1,9.315838814E0,-2.968810201E-1,-1.486799240E0
1.929076405E1,9.306262016E0,-2.992752194E-1,-1.496376038E0
1.929283290E1,9.284713745E0,-3.112462163E-1,-1.515529633E0
1.929486786E1,9.267954826E0,-2.968810201E-1,-1.527500629E0
1.929687305E1,9.253589630E0,-2.968810201E-1,-1.520318031E0
1.929899740E1,9.236829758E0,-2.992752194E-1,-1.537077546E0
1.930090355E1,9.236829758E0,-2.920926213E-1,-1.546654344E0
1.930290386E1,9.227252960E0,-2.849099934E-1,-1.556231141E0
1.930497286E1,9.186552048E0,-2.705447972E-1,-1.570596337E0
1.930700759E1,9.181763649E0,-2.633621991E-1,-1.580173135E0
1.930907620E1,9.179368973E0,-2.561795712E-1,-1.594538331E0
1.931111097E1,9.138668060E0,-2.537853718E-1,-1.613691926E0
1.931317997E1,9.124302864E0,-2.370259613E-1,-1.651999116E0
1.931521482E1,9.114726067E0,-2.346317619E-1,-1.663970232E0
1.931722082E1,9.095572472E0,-2.082955539E-1,-1.680729628E0
1.931934813E1,9.054870605E0,-1.867477298E-1,-1.711854219E0
1.932125378E1,9.052476883E0,-1.819593310E-1,-1.716642618E0
1.932325309E1,9.052476883E0,-1.580173075E-1,-1.738190413E0
1.932532201E1,9.050082207E0,-1.580173075E-1,-1.750161409E0
1.932735670E1,9.052476883E0,-1.604115069E-1,-1.762132406E0
1.932942574E1,9.038111687E0,-1.316810995E-1,-1.798045516E0
1.933146082E1,9.014169693E0,-1.173158810E-1,-1.817199111E0
1.933352978E1,9.004592896E0,-9.097966552E-2,-1.845929503E0
1.933556447E1,9.016563416E0,-7.422025502E-2,-1.862688899E0
1.933756874E1,9.057265282E0,-6.464344263E-2,-1.910573006E0
1.933956959E1,9.069235802E0,-5.027823523E-2,-1.958456993E0
1.934163882E1,9.071630478E0,-3.351882473E-2,-1.982398987E0
1.934367409E1,9.097966194E0,-1.197100803E-2,-2.011129379E0
1.934574263E1,9.143456459E0,9.576806799E-3,-2.044648170E0
1.934777732E1,9.153033257E0,1.675941236E-2,-2.059013367E0
1.934984686E1,9.174580574E0,2.633621916E-2,-2.090138197E0
1.935188101E1,9.150638580E0,1.675941236E-2,-2.109291792E0
1.935394997E1,9.143456459E0,2.633621916E-2,-2.111685991E0
1.935598490E1,9.145850182E0,4.070143029E-2,-2.128445387E0
1.935799120E1,9.165003777E0,3.591302410E-2,-2.159569979E0
1.935999490E1,9.174580574E0,3.591302410E-2,-2.178723574E0
1.936206416E1,9.167398453E0,5.506663769E-2,-2.209848166E0
1.936409943E1,9.172186852E0,6.943184882E-2,-2.243366957E0
1.936616897E1,9.172186852E0,7.661445439E-2,-2.255337954E0
1.936820463E1,9.184157372E0,7.422025502E-2,-2.264914751E0
1.937027416E1,9.193734169E0,8.619125932E-2,-2.293645144E0
1.937230943E1,9.172186852E0,9.816227108E-2,-2.291250944E0
1.937437901E1,9.160215378E0,1.077390760E-1,-2.296039343E0
1.937641447E1,9.157821655E0,9.816227108E-2,-2.310404539E0
1.937841982E1,9.155426979E0,1.005564705E-1,-2.329558372E0
1.938054386E1,9.150638580E0,9.816227108E-2,-2.341529369E0
1.938244974E1,9.133879662E0,1.029506698E-1,-2.346317768E0
1.938444966E1,9.119514465E0,9.337386489E-2,-2.367865562E0
1.938651866E1,9.105149269E0,9.576806426E-2,-2.375048161E0
1.938855309E1,9.095572472E0,8.379705995E-2,-2.384624958E0
1.939062209E1,9.050082207E0,9.097966552E-2,-2.398990154E0
1.939265728E1,9.033323288E0,7.661445439E-2,-2.413355350E0
1.939472670E1,9.014169693E0,8.858546615E-2,-2.427720547E0
1.939676193E1,9.006986618E0,1.077390760E-1,-2.449268341E0
1.939876843E1,8.997409821E0,1.053448766E-1,-2.461239338E0
1.940095743E1,8.973467827E0,1.125274822E-1,-2.501940727E0
1.940279324E1,8.930372238E0,1.316810995E-1,-2.528276920E0
1.940479359E1,8.918401718E0,1.316810995E-1,-2.549824715E0
1.940686305E1,8.923190117E0,9.816227108E-2,-2.583343744E0
1.940889828E1,8.899248123E0,9.816227108E-2,-2.609679937E0
1.941096805E1,8.868123055E0,9.816227108E-2,-2.626439333E0
1.941300324E1,8.846575737E0,1.005564705E-1,-2.650381327E0
1.941507247E1,8.834604263E0,8.858546615E-2,-2.683900118E0
1.941710686E1,8.829815865E0,9.097966552E-2,-2.698265314E0
1.941911182E1,8.827422142E0,6.943184882E-2,-2.717418909E0
1.942111255E1,8.805873871E0,5.746084079E-2,-2.731784105E0
1.942318190E1,8.803479195E0,4.788403213E-2,-2.748543501E0
1.942521674E1,8.793902397E0,4.548983276E-2,-2.803610086E0
1.942728659E1,8.762778282E0,2.633621916E-2,-2.856282711E0
1.942932097E1,8.762778282E0,2.154781483E-2,-2.906560898E0
1.943138990E1,8.760383606E0,0.000000000E0,-2.925714493E0
1.943342447E1,8.748413086E0,-9.576806799E-3,-2.985569477E0
1.943549359E1,8.743624687E0,4.788403399E-3,-3.033453465E0
1.943752840E1,8.736441612E0,0.000000000E0,-3.064578056E0
1.943953340E1,8.741230011E0,-9.576806799E-3,-3.122039080E0
1.944153670E1,8.781931877E0,-3.112462163E-2,-3.172317266E0
1.944360547E1,8.779537201E0,-3.830722719E-2,-3.189076662E0
1.944564036E1,8.789113998E0,-3.830722719E-2,-3.222595453E0
1.944770951E1,8.769960403E0,-4.548983276E-2,-3.280056238E0
1.944974451E1,8.765172005E0,-4.070143029E-2,-3.315969467E0
1.945181336E1,8.726864815E0,-4.070143029E-2,-3.380612850E0
1.945384778E1,8.734047890E0,-4.309562966E-2,-3.445256233E0
1.945591690E1,8.738836288E0,-4.070143029E-2,-3.483563423E0
1.945795155E1,8.726864815E0,-3.112462163E-2,-3.526659012E0
1.945995690E1,8.669404030E0,-2.394201700E-3,-3.593696833E0
1.946208182E1,8.635885239E0,2.394201700E-3,-3.641580820E0
1.946398813E1,8.631096840E0,4.788403399E-3,-3.653551817E0
1.946598851E1,8.576030731E0,2.394201607E-2,-3.679888010E0
1.946805805E1,8.549694061E0,2.873042040E-2,-3.715801001E0
1.947009359E1,8.511386871E0,2.394201607E-2,-3.775655985E0
1.947216316E1,8.525752068E0,4.788403213E-2,-3.818751812E0
1.947419840E1,8.523358345E0,5.746084079E-2,-3.830722809E0
1.947626786E1,8.511386871E0,8.140286058E-2,-3.842693806E0
1.947830332E1,8.446743965E0,1.101332754E-1,-3.859453201E0
1.948031032E1,8.398859978E0,1.651999205E-1,-3.902548790E0
1.948243724E1,8.384494781E0,1.795651317E-1,-3.916913986E0
1.948434355E1,8.372523308E0,1.891419291E-1,-3.945644379E0
1.948634382E1,8.370129585E0,1.867477298E-1,-3.940855980E0
1.948841316E1,8.365341187E0,1.843535304E-1,-3.940855980E0
1.949044893E1,8.329427719E0,2.130839527E-1,-3.983951569E0
1.949251851E1,8.276755333E0,2.298433632E-1,-4.039018154E0
1.949455393E1,8.267178535E0,2.154781520E-1,-4.065354347E0
1.949662386E1,8.219294548E0,1.867477298E-1,-4.120420933E0
1.949865959E1,8.176198959E0,2.059013397E-1,-4.192247391E0
1.950066690E1,8.171410561E0,2.082955539E-1,-4.216189384E0
1.950266847E1,8.171410561E0,2.154781520E-1,-4.256890774E0
1.950473870E1,8.173804283E0,1.939303428E-1,-4.278438568E0
1.950677416E1,8.176198959E0,1.795651317E-1,-4.297592163E0
1.950884420E1,8.137891769E0,1.771709323E-1,-4.338293552E0
1.951088032E1,8.054094315E0,1.795651317E-1,-4.371812344E0
1.951290713E1,8.015787125E0,1.819593310E-1,-4.388571739E0
1.951490786E1,8.008605003E0,1.771709323E-1,-4.448426723E0
1.951697755E1,8.042123795E0,1.939303428E-1,-4.537012100E0
1.951901332E1,8.056488991E0,2.130839527E-1,-4.572925091E0
1.952102020E1,8.049305916E0,2.537853718E-1,-4.651933670E0
1.952302590E1,8.058882713E0,2.801215947E-1,-4.699818134E0
1.952509555E1,8.066065788E0,2.992752194E-1,-4.723760128E0
1.952713120E1,8.090007782E0,3.375824392E-1,-4.776432514E0
1.952920074E1,8.154650688E0,3.639186621E-1,-4.869806290E0
1.953123624E1,8.212111473E0,3.854664862E-1,-4.970362663E0
1.953330636E1,8.233659744E0,4.165911078E-1,-5.020640850E0
1.953534163E1,8.255207062E0,4.572925270E-1,-5.118803024E0
1.953741113E1,8.252813339E0,5.147533417E-1,-5.226542473E0
1.953944655E1,8.259995461E0,5.578489900E-1,-5.286397457E0
1.954144897E1,8.293514252E0,5.889736414E-1,-5.422866821E0
1.954357366E1,8.329427719E0,6.224924326E-1,-5.583278179E0
1.954547974E1,8.331821442E0,6.440402865E-1,-5.664681435E0
1.954748024E1,8.305485725E0,6.991068721E-1,-5.865794182E0
1.954954886E1,8.281543732E0,7.302315235E-1,-6.095637321E0
1.955158386E1,8.279149055E0,7.541735172E-1,-6.186617374E0
1.955365251E1,8.274360657E0,8.068459630E-1,-6.318298340E0
1.955568728E1,8.288725853E0,8.451532125E-1,-6.449979305E0
1.955775605E1,8.283937454E0,8.738836050E-1,-6.514622688E0
1.955979074E1,8.216899872E0,9.600749016E-1,-6.641515732E0
1.956182340E1,8.173804283E0,1.019929886E0,-6.737283707E0
1.956401305E1,8.161833763E0,1.084573388E0,-6.880935669E0
1.956584905E1,8.113949776E0,1.127668977E0,-6.974309444E0
1.956784920E1,8.051700592E0,1.201889277E0,-7.163451672E0
1.956991809E1,8.039729118E0,1.237802267E0,-7.247248650E0
1.957195293E1,7.989450932E0,1.292868972E0,-7.484274387E0
1.957402190E1,7.908048153E0,1.357512355E0,-7.716512203E0
1.957605693E1,7.874529362E0,1.369483352E0,-7.817068577E0
1.957812613E1,7.766790390E0,1.412579060E0,-8.039729118E0
1.958016124E1,7.649474621E0,1.465251446E0,-8.224082947E0
1.958216155E1,7.596801758E0,1.508347034E0,-8.269572258E0
1.958416305E1,7.489062786E0,1.580173135E0,-8.401253700E0
1.958623216E1,7.410054207E0,1.640028119E0,-8.564059258E0
1.958826693E1,7.328651428E0,1.654393315E0,-8.631096840E0
1.959033674E1,7.304709435E0,1.661576033E0,-8.667010307E0
1.959237120E1,7.182605267E0,1.632845521E0,-8.834604263E0
1.959443986E1,7.029376030E0,1.637633920E0,-9.150638580E0
1.959647440E1,6.967126846E0,1.640028119E0,-9.344569206E0
1.959854343E1,6.842628479E0,1.625662923E0,-9.742006302E0
1.960057805E1,6.698976517E0,1.601720929E0,-1.014902115E1
1.960260363E1,6.622362137E0,1.584961534E0,-1.029267311E1
1.960460601E1,6.502651691E0,1.549048543E0,-1.052491093E1
1.960667505E1,6.469132900E0,1.479616642E0,-1.075475407E1
1.960871032E1,6.447585106E0,1.441309452E0,-1.086009884E1
1.961077928E1,6.414066315E0,1.410184860E0,-1.099896240E1
1.961281397E1,6.382941723E0,1.391031146E0,-1.110670185E1
1.961488324E1,6.368576527E0,1.359906554E0,-1.116176796E1
1.961691797E1,6.363788128E0,1.297657371E0,-1.122162342E1
1.961898697E1,6.323086739E0,1.221042871E0,-1.139161205E1
1.962102205E1,6.282385349E0,1.168370485E0,-1.160948372E1
1.962305305E1,6.284779549E0,1.063025594E0,-1.168130970E1
1.962517636E1,6.315904140E0,9.672574997E-1,-1.187284660E1
1.962708193E1,6.287173748E0,9.217676520E-1,-1.204522896E1
1.962908212E1,6.279991150E0,8.140285611E-1,-1.216493893E1
1.963115066E1,6.325480938E0,6.631938815E-1,-1.232535076E1
1.963318570E1,6.433219910E0,5.075707436E-1,-1.236605167E1
1.963525455E1,6.461950302E0,4.333505034E-1,-1.239238834E1
1.963728955E1,6.502651691E0,3.280056417E-1,-1.249773312E1
1.963935828E1,6.485892296E0,2.513911724E-1,-1.259589481E1
1.964139347E1,6.505045891E0,2.011129409E-1,-1.261744308E1
1.964341966E1,6.562506676E0,1.388636976E-1,-1.263899040E1
1.964554578E1,6.538564682E0,9.097966552E-2,-1.282095051E1
1.964745186E1,6.543353081E0,6.464344263E-2,-1.289038181E1
1.964945263E1,6.579266071E0,4.788403213E-2,-1.295981407E1
1.965152182E1,6.603208065E0,5.506663769E-2,-1.296939087E1
1.965355693E1,6.622362137E0,4.548983276E-2,-1.296460247E1
1.965562574E1,6.572083473E0,3.112462163E-2,-1.299093819E1
1.965766036E1,6.521805286E0,2.154781483E-2,-1.312980175E1
1.965972947E1,6.497863293E0,2.394201607E-2,-1.319683933E1
1.966176447E1,6.430825710E0,2.633621916E-2,-1.327824306E1
1.966379386E1,6.358999729E0,4.788403213E-2,-1.330697346E1
1.966579570E1,6.315904140E0,5.027823523E-2,-1.330218506E1
1.966786513E1,6.177040577E0,8.379705995E-2,-1.334528065E1
1.966990016E1,6.052541733E0,8.619125932E-2,-1.336922264E1
1.967196978E1,5.949591160E0,8.619125932E-2,-1.339795303E1
1.967400470E1,5.861005783E0,8.379705995E-2,-1.340752983E1
1.967607440E1,5.686229229E0,1.077390760E-1,-1.340513515E1
1.967810978E1,5.561730385E0,1.484405100E-1,-1.335485744E1
1.968017897E1,5.506663799E0,1.675941199E-1,-1.330218506E1
1.968221443E1,5.398924828E0,1.915361285E-1,-1.322078133E1
1.968424109E1,5.264849663E0,2.346317619E-1,-1.312740803E1
1.968624470E1,5.176264286E0,2.537853718E-1,-1.307712936E1
1.968831355E1,5.039794445E0,3.064578176E-1,-1.297657299E1
1.969034859E1,4.932055473E0,3.687070608E-1,-1.289756489E1
1.969241801E1,4.896142483E0,4.070142806E-1,-1.286643982E1
1.969445343E1,4.802768707E0,4.596867263E-1,-1.283052731E1
1.969652286E1,4.692635536E0,5.195417404E-1,-1.279461384E1
1.969855793E1,4.592078686E0,5.386953950E-1,-1.277067184E1
1.970062712E1,4.460397720E0,5.937620401E-1,-1.273475838E1
1.970266189E1,4.438849926E0,6.488286853E-1,-1.271560478E1
1.970469374E1,4.419696331E0,6.703764796E-1,-1.269405746E1
1.970681689E1,4.469974518E0,7.517793179E-1,-1.265575027E1
1.970872266E1,4.441244125E0,8.236053586E-1,-1.264138508E1
1.971072255E1,4.405331135E0,8.619126081E-1,-1.261983681E1
1.971279151E1,4.422090530E0,9.361328483E-1,-1.253604031E1
1.971482647E1,4.386177540E0,9.624691010E-1,-1.246181965E1
1.971689547E1,4.213795185E0,9.289502501E-1,-1.232295609E1
1.971893055E1,4.177882195E0,9.145850539E-1,-1.226549530E1
1.972100016E1,4.321534157E0,9.816226959E-1,-1.222718811E1
1.972303528E1,4.469974518E0,1.086967587E0,-1.219127464E1
1.972506074E1,4.467580318E0,1.139639974E0,-1.216254425E1
1.972725059E1,4.297592163E0,1.151610970E0,-1.204044056E1
1.972908539E1,4.110844135E0,1.094150186E0,-1.193509579E1
1.973108578E1,4.106055737E0,1.077390790E0,-1.192073059E1
1.973315482E1,4.225766182E0,1.108515382E0,-1.193270111E1
1.973518993E1,4.319139957E0,1.125274777E0,-1.191833591E1
1.973726005E1,4.244919777E0,1.086967587E0,-1.186805820E1
1.973929451E1,4.177882195E0,1.106121182E0,-1.182735634E1
1.974136320E1,4.225766182E0,1.144428372E0,-1.176750088E1
1.974339801E1,4.228160381E0,1.125274777E0,-1.172440529E1
1.974542924E1,4.369418144E0,1.149216771E0,-1.168130970E1
1.974743220E1,4.498704910E0,1.244984865E0,-1.170046329E1
1.974950009E1,4.460397720E0,1.268926859E0,-1.166455078E1
1.975153489E1,4.153939724E0,1.187524080E0,-1.150653362E1
1.975360324E1,4.268861771E0,1.194706678E0,-1.143470764E1
1.975563774E1,4.410119534E0,1.221042871E0,-1.142513084E1
1.975766186E1,4.560954094E0,1.254561663E0,-1.137485218E1
1.975966162E1,4.584896088E0,1.285686255E0,-1.126232433E1
1.976173047E1,4.568136692E0,1.285686255E0,-1.124317074E1
1.976376493E1,4.465186119E0,1.242590666E0,-1.118570995E1
1.976579047E1,4.434061527E0,1.201889277E0,-1.117134476E1
1.976779520E1,4.429273129E0,1.192312479E0,-1.115937424E1
1.976986451E1,4.474762917E0,1.192312479E0,-1.110430717E1
1.977190047E1,4.704606533E0,1.276109457E0,-1.107318306E1
1.977396963E1,4.783615112E0,1.335964561E0,-1.103487587E1
1.977600455E1,4.680664539E0,1.319205165E0,-1.101811600E1
1.977807378E1,4.580107689E0,1.254561663E0,-1.098938560E1
1.978010847E1,4.661510944E0,1.213860273E0,-1.097980881E1
1.978217770E1,4.752490520E0,1.206677675E0,-1.100853920E1
1.978421289E1,5.018246651E0,1.197100878E0,-1.102529907E1
1.978624216E1,4.922478676E0,1.175553083E0,-1.101093388E1
1.978836859E1,4.797980309E0,1.125274777E0,-1.101093388E1
1.979027455E1,4.738125324E0,1.034295082E0,-1.102769279E1
1.979227482E1,4.769249916E0,9.457096457E-1,-1.101332760E1
1.979434401E1,4.809951305E0,9.241618514E-1,-1.102051067E1
1.979637882E1,4.857835293E0,8.738836050E-1,-1.105402946E1
1.979844820E1,4.953603268E0,7.900865674E-1,-1.100614548E1
1.980048301E1,4.994304657E0,7.613561153E-1,-1.098938560E1
1.980255266E1,5.080495834E0,6.967126727E-1,-1.098459721E1
1.980458728E1,5.166687489E0,6.607996821E-1,-1.098699188E1
1.980661397E1,5.197812080E0,6.392518282E-1,-1.098459721E1
1.980873978E1,5.286397457E0,5.865794420E-1,-1.094389629E1
1.981064539E1,5.137956619E0,5.123591423E-1,-1.091277122E1
1.981264486E1,5.090072632E0,4.644751251E-1,-1.089122391E1
1.981471386E1,5.173870087E0,3.878606856E-1,-1.080742645E1
1.981674886E1,5.257667065E0,3.375824392E-1,-1.075475407E1
1.981881782E1,5.236119270E0,2.849099934E-1,-1.073320580E1
1.982085262E1,5.245696068E0,2.394201756E-1,-1.072841740E1
1.982292186E1,5.322310448E0,2.035071403E-1,-1.072123528E1
1.982495643E1,5.439626217E0,1.628057212E-1,-1.068053341E1
1.982698597E1,5.449203014E0,1.460463107E-1,-1.066377449E1
1.982898720E1,5.410895824E0,9.337386489E-2,-1.063264942E1
1.983105666E1,5.367800236E0,9.576806799E-3,-1.059913063E1
1.983309201E1,5.348646641E0,-3.351882473E-2,-1.058476543E1
1.983516078E1,5.341464043E0,-8.379705995E-2,-1.056561184E1
1.983719574E1,5.430049419E0,-1.268926859E-1,-1.052251625E1
1.983926463E1,5.453991413E0,-1.580173075E-1,-1.049139214E1
1.984129970E1,5.458779812E0,-1.891419291E-1,-1.042435455E1
1.984336901E1,5.477933407E0,-2.513911724E-1,-1.035731697E1
1.984540386E1,5.506663799E0,-2.777273953E-1,-1.031900978E1
1.984740378E1,5.564124584E0,-3.280056417E-1,-1.027112484E1
1.984940639E1,5.621585369E0,-3.758896589E-1,-1.023281765E1
1.985147536E1,5.657498837E0,-4.118026793E-1,-1.021605873E1
1.985351020E1,5.743690014E0,-4.836287498E-1,-1.018014526E1
1.985557974E1,5.832275391E0,-5.602431893E-1,-1.011310768E1
1.985761493E1,5.899312973E0,-6.033388376E-1,-1.004128170E1
1.985968478E1,5.935225964E0,-6.703764796E-1,-1.002212811E1
1.986171989E1,5.987898350E0,-7.445967197E-1,-9.995792389E0
1.986378882E1,6.119579315E0,-8.212111592E-1,-9.962273598E0
1.986582366E1,6.200982571E0,-8.738836050E-1,-9.933543205E0
1.986782328E1,6.337451935E0,-9.457096457E-1,-9.916783333E0
1.986994712E1,6.445190907E0,-1.041477680E0,-9.919178009E0
1.987185182E1,6.497863293E0,-1.089361787E0,-9.911994934E0
1.987385139E1,6.593631268E0,-1.187524080E0,-9.883264542E0
1.987592055E1,6.687005520E0,-1.276109457E0,-9.861717224E0
1.987795582E1,6.744466305E0,-1.316810966E0,-9.849745750E0
1.988002482E1,6.871358871E0,-1.410184860E0,-9.789890289E0
1.988205970E1,6.969521046E0,-1.503558636E0,-9.727641106E0
1.988412843E1,7.017405033E0,-1.553836942E0,-9.720458984E0
1.988616347E1,7.108384609E0,-1.640028119E0,-9.684545517E0
1.988818855E1,7.216124058E0,-1.707065821E0,-9.641449928E0
1.989037832E1,7.343016624E0,-1.733402014E0,-9.598354340E0
1.989221493E1,7.383718014E0,-1.793257117E0,-9.564835548E0
1.989421551E1,7.481880188E0,-1.857900500E0,-9.490615845E0
1.989628451E1,7.524975777E0,-1.903390408E0,-9.457097054E0
1.989831912E1,7.601590633E0,-1.929726601E0,-9.404424667E0
1.990038774E1,7.711723804E0,-1.924938202E0,-9.342175484E0
1.990242247E1,7.778761387E0,-1.924938202E0,-9.318233490E0
1.990449174E1,7.924807549E0,-1.941697598E0,-9.234436035E0
1.990652632E1,8.018181801E0,-1.953668594E0,-9.138668060E0
1.990855601E1,8.111555099E0,-1.956062794E0,-9.083600998E0
1.991055828E1,8.161833763E0,-1.968033791E0,-8.985439301E0
1.991262705E1,8.259995461E0,-1.970427990E0,-8.894459724E0
1.991466197E1,8.350975990E0,-1.951274395E0,-8.798690796E0
1.991673101E1,8.386888504E0,-1.944091797E0,-8.734047890E0
1.991876578E1,8.475474358E0,-1.951274395E0,-8.599972725E0
1.992083497E1,8.566453934E0,-1.920149803E0,-8.465897560E0
1.992287012E1,8.585607529E0,-1.912967205E0,-8.403648376E0
1.992493936E1,8.609549522E0,-1.910573006E0,-8.269572258E0
1.992697474E1,8.611943245E0,-1.920149803E0,-8.109161377E0
1.992900109E1,8.602366447E0,-1.924938202E0,-8.051700592E0
1.993100474E1,8.576030731E0,-1.932120800E0,-7.931990147E0
1.993307405E1,8.516175270E0,-1.924938202E0,-7.860164165E0
1.993510932E1,8.475474358E0,-1.915361404E0,-7.833827972E0
1.993717809E1,8.413225174E0,-1.908178806E0,-7.783549786E0
1.993921270E1,8.360552788E0,-1.891419291E0,-7.735665798E0
1.994128143E1,8.322244644E0,-1.879448295E0,-7.721300602E0
1.994331620E1,8.267178535E0,-1.886630893E0,-7.690176010E0
1.994538570E1,8.209717751E0,-1.865083098E0,-7.630321026E0
1.994742089E1,8.161833763E0,-1.814804912E0,-7.541735172E0
1.994942120E1,8.140285492E0,-1.807622313E0,-7.491456985E0
1.995154578E1,8.085219383E0,-1.802833915E0,-7.398083210E0
1.995345128E1,8.049305916E0,-1.812410712E0,-7.359776020E0
1.995545162E1,8.037335396E0,-1.821987510E0,-7.237671852E0
1.995752078E1,8.001421928E0,-1.841141105E0,-7.101202011E0
1.995955578E1,7.946355343E0,-1.838746905E0,-6.986280441E0
1.996162474E1,7.924807549E0,-1.843535304E0,-6.931213856E0
1.996365962E1,7.891288757E0,-1.843535304E0,-6.801927090E0
1.996572874E1,7.845798969E0,-1.845929503E0,-6.675034523E0
1.996776336E1,7.814674377E0,-1.848323703E0,-6.610390663E0
1.996976289E1,7.762001991E0,-1.848323703E0,-6.495469093E0
1.997188932E1,7.678205013E0,-1.853112102E0,-6.363788128E0
1.997379482E1,7.663839817E0,-1.855506301E0,-6.296750546E0
1.997579459E1,7.673416615E0,-1.903390408E0,-6.174646378E0
1.997786370E1,7.639897823E0,-1.912967205E0,-6.047753334E0
1.997989866E1,7.623138428E0,-1.934514999E0,-5.990292549E0
1.998196766E1,7.596801758E0,-1.987187386E0,-5.884947777E0
1.998400259E1,7.548917770E0,-2.044648170E0,-5.793968201E0
1.998607186E1,7.520187378E0,-2.051830769E0,-5.755661011E0
1.998810666E1,7.481880188E0,-2.085349798E0,-5.693411827E0
1.999010643E1,7.448361397E0,-2.094926596E0,-5.621585369E0
1.999210762E1,7.419631004E0,-2.087743998E0,-5.590460777E0
1.999417639E1,7.371747017E0,-2.075772762E0,-5.554547787E0
1.999621047E1,7.350199223E0,-2.082955360E0,-5.566518784E0
1.999827905E1,7.319074631E0,-2.085349798E0,-5.561730385E0
2.000031339E1,7.271190643E0,-2.094926596E0,-5.583278179E0
2.000233828E1,7.220912457E0,-2.102109194E0,-5.590460777E0
2.000433762E1,7.194576263E0,-2.094926596E0,-5.597643375E0
2.000640605E1,7.144298077E0,-2.085349798E0,-5.602431774E0
2.000844047E1,7.105990410E0,-2.056619167E0,-5.612008572E0
2.001044562E1,7.101202011E0,-2.049436569E0,-5.619191170E0
2.001245020E1,7.065289021E0,-2.059013367E0,-5.645527840E0
2.001451901E1,7.065289021E0,-2.059013367E0,-5.643133640E0
2.001655397E1,7.034164429E0,-2.044648170E0,-5.664681435E0
2.001862282E1,7.024587631E0,-2.025494576E0,-5.671864033E0
2.002065751E1,7.005434036E0,-1.996764183E0,-5.681440830E0
2.002272597E1,6.971915245E0,-1.965639591E0,-5.691017628E0
2.002476055E1,6.952761650E0,-1.946485996E0,-5.683835030E0
2.002682909E1,6.936002254E0,-1.917755604E0,-5.662287235E0
2.002886382E1,6.931213856E0,-1.874659896E0,-5.647922039E0
2.003086874E1,6.928819656E0,-1.855506301E0,-5.638344765E0
2.003299205E1,6.938396454E0,-1.817199111E0,-5.619191170E0
2.003489751E1,6.926425457E0,-1.764526606E0,-5.609614372E0
2.003689751E1,6.928819656E0,-1.750161409E0,-5.600037575E0
2.003896628E1,6.969521046E0,-1.726219416E0,-5.590460777E0
2.004100078E1,6.988674641E0,-1.690306425E0,-5.566518784E0
2.004306939E1,6.991068840E0,-1.654393315E0,-5.571307182E0
2.004510439E1,7.031770229E0,-1.558625340E0,-5.566518784E0
2.004717336E1,7.067683220E0,-1.455674648E0,-5.511452198E0
2.004920805E1,7.094019413E0,-1.407790542E0,-5.482721806E0
2.005121320E1,7.110779285E0,-1.338358760E0,-5.430049419E0
2.005340232E1,7.120356083E0,-1.295263171E0,-5.370194435E0
2.005523770E1,7.120356083E0,-1.264138460E0,-5.355829239E0
2.005723705E1,7.120356083E0,-1.216254473E0,-5.327098846E0
2.005930605E1,7.117961884E0,-1.144428372E0,-5.279214859E0
2.006134089E1,7.122750282E0,-1.108515382E0,-5.260061264E0
2.006340993E1,7.094019413E0,-1.017535686E0,-5.228936672E0
2.006544474E1,7.050923824E0,-9.385270476E-1,-5.212177277E0
2.006751389E1,7.043741226E0,-9.074024558E-1,-5.185841084E0
2.006954836E1,7.036558628E0,-8.571242094E-1,-5.169081688E0
2.007155378E1,7.017405033E0,-7.924807668E-1,-5.121197224E0
2.007355501E1,6.981492043E0,-7.493851185E-1,-5.097255230E0
2.007562378E1,6.947973251E0,-6.991068721E-1,-5.063736439E0
2.007765908E1,6.909666061E0,-6.224924326E-1,-5.020640850E0
2.007972855E1,6.845022678E0,-5.602431893E-1,-4.960785866E0
2.008176389E1,6.828263283E0,-5.219359994E-1,-4.932055473E0
2.008383355E1,6.770802498E0,-4.644751251E-1,-4.881777287E0
2.008586897E1,6.720524311E0,-4.141969085E-1,-4.814739704E0
2.008793870E1,6.694188118E0,-3.902548850E-1,-4.783615112E0
2.008997389E1,6.651092529E0,-3.423708379E-1,-4.747702122E0
2.009198097E1,6.598419666E0,-3.208230138E-1,-4.692635536E0
2.009398397E1,6.572083473E0,-3.088520169E-1,-4.671087742E0
2.009605332E1,6.507440090E0,-2.705447972E-1,-4.637568474E0
2.009808835E1,6.445190907E0,-2.370259613E-1,-4.594472885E0
2.010015785E1,6.416460514E0,-2.322375625E-1,-4.565742493E0
2.010219270E1,6.358999729E0,-2.226607651E-1,-4.527435303E0
2.010426185E1,6.296750546E0,-2.059013397E-1,-4.501099110E0
2.010629666E1,6.277596951E0,-2.011129409E-1,-4.493916512E0
2.010836601E1,6.232107162E0,-1.843535304E-1,-4.479551315E0
2.011040032E1,6.189011574E0,-1.843535304E-1,-4.467580318E0
2.011243001E1,6.162675381E0,-1.580173075E-1,-4.429273129E0
2.011455366E1,6.145915985E0,-1.460463107E-1,-4.429273129E0
2.011645962E1,6.131550789E0,-1.292868853E-1,-4.446032524E0
2.011845932E1,6.090848923E0,-1.292868853E-1,-4.436455727E0
2.012052824E1,6.071695328E0,-1.125274822E-1,-4.405331135E0
2.012256251E1,6.069301128E0,-1.460463107E-1,-4.405331135E0
2.012463162E1,6.033388138E0,-1.412578970E-1,-4.398148537E0
2.012666597E1,5.999869347E0,-1.532289088E-1,-4.395754337E0
2.012873501E1,5.949591160E0,-1.675941199E-1,-4.383783340E0
2.013076985E1,5.930437565E0,-1.867477298E-1,-4.359841347E0
2.013279589E1,5.916072369E0,-1.987187415E-1,-4.359841347E0
2.013492305E1,5.880159378E0,-2.154781520E-1,-4.355052948E0
2.013682843E1,5.834669590E0,-2.274491638E-1,-4.333505154E0
2.013882885E1,5.820304394E0,-2.561795712E-1,-4.309563160E0
2.014089793E1,5.805939198E0,-2.873041928E-1,-4.278438568E0
2.014293258E1,5.803544998E0,-3.136404157E-1,-4.235342979E0
2.014500135E1,5.793968201E0,-3.327940404E-1,-4.218583584E0
2.014703632E1,5.770026207E0,-3.567360640E-1,-4.192247391E0
2.014910558E1,5.750872612E0,-3.878606856E-1,-4.163516521E0
2.015114012E1,5.734113216E0,-4.046200812E-1,-4.149151325E0
2.015317147E1,5.729324818E0,-4.453215301E-1,-4.132391930E0
2.015517216E1,5.729324818E0,-4.740519226E-1,-4.101267338E0
2.015724055E1,5.726930618E0,-4.884171486E-1,-4.101267338E0
2.015927459E1,5.753266811E0,-5.243301988E-1,-4.101267338E0
2.016134382E1,5.753266811E0,-5.291185975E-1,-4.108449936E0
2.016337774E1,5.758055210E0,-5.386953950E-1,-4.115632534E0
2.016544632E1,5.760449409E0,-5.674257874E-1,-4.106055737E0
2.016748089E1,5.779603004E0,-6.105214357E-1,-4.096478939E0
2.016954928E1,5.781997204E0,-6.248866320E-1,-4.086902142E0
2.017158455E1,5.805939198E0,-6.224924326E-1,-4.084507942E0
2.017360978E1,5.856217384E0,-5.985504389E-1,-4.058171749E0
2.017561251E1,5.904101372E0,-6.009446383E-1,-4.031835556E0
2.017768101E1,5.925649166E0,-5.961562395E-1,-4.029441357E0
2.017971524E1,5.992686749E0,-6.129156351E-1,-3.988739967E0
2.018178405E1,6.062118530E0,-6.081272364E-1,-3.960009575E0
2.018381908E1,6.083666325E0,-6.009446383E-1,-3.938461781E0
2.018588793E1,6.143521786E0,-5.961562395E-1,-3.885789394E0
2.018792259E1,6.212953568E0,-5.793967843E-1,-3.842693806E0
2.018999124E1,6.244078159E0,-5.602431893E-1,-3.828328609E0
2.019202593E1,6.301538944E0,-5.267243981E-1,-3.804386616E0
2.019405489E1,6.354211330E0,-4.932055473E-1,-3.727771997E0
2.019617993E1,6.378153324E0,-4.668693244E-1,-3.655946016E0
2.019808509E1,6.402095318E0,-4.429273009E-1,-3.622427225E0
2.020008558E1,6.440402508E0,-3.998316824E-1,-3.548206806E0
2.020215516E1,6.442796707E0,-3.902548850E-1,-3.517082214E0
2.020419005E1,6.457161903E0,-3.543418646E-1,-3.435679436E0
2.020625932E1,6.445190907E0,-2.968810201E-1,-3.347094059E0
2.020829447E1,6.428431511E0,-2.657563984E-1,-3.263296843E0
2.021036366E1,6.435614109E0,-2.394201756E-1,-3.213018656E0
2.021239847E1,6.414066315E0,-1.819593310E-1,-3.131615877E0
2.021442247E1,6.390124321E0,-1.388636976E-1,-3.043030262E0
2.021661301E1,6.375759125E0,-1.173158810E-1,-3.002328873E0
2.021845024E1,6.332663536E0,-7.661445439E-2,-2.913743496E0
2.022045005E1,6.294356346E0,-3.591302410E-2,-2.825158119E0
2.022251924E1,6.251260757E0,-1.915361360E-2,-2.762908697E0
2.022455385E1,6.165069580E0,2.633621916E-2,-2.614468336E0
2.022662285E1,6.071695328E0,7.661445439E-2,-2.466027737E0
2.022865774E1,6.035782337E0,9.576806426E-2,-2.396595955E0
2.023072716E1,5.942408562E0,1.221042871E-1,-2.221819162E0
2.023276166E1,5.863399982E0,1.604115069E-1,-2.047042370E0
2.023479293E1,5.803544998E0,1.747767180E-1,-1.972822189E0
2.023679435E1,5.686229229E0,2.274491638E-1,-1.807622313E0
2.023886370E1,5.566518784E0,2.561795712E-1,-1.678335428E0
2.024089943E1,5.492298603E0,2.609679997E-1,-1.616086125E0
2.024296762E1,5.353435040E0,2.801215947E-1,-1.484405041E0
2.024500201E1,5.245696068E0,3.016694188E-1,-1.359906554E0
2.024702585E1,5.178658485E0,3.088520169E-1,-1.297657371E0
2.024902528E1,5.008669853E0,3.208230138E-1,-1.199495077E0
2.025109482E1,4.831499100E0,3.303998411E-1,-1.127668977E0
2.025312862E1,4.685452938E0,3.399766386E-1,-1.096544385E0
2.025515597E1,4.608838081E0,3.663128614E-1,-1.067813993E0
2.025716297E1,4.450820923E0,3.782838583E-1,-1.051054597E0
2.025923193E1,4.285621166E0,3.734954596E-1,-1.096544385E0
2.026126624E1,4.194641590E0,3.495534360E-1,-1.115697980E0
2.026333451E1,4.024652958E0,3.495534360E-1,-1.170764685E0
2.026536920E1,3.857059002E0,3.423708379E-1,-1.264138460E0
2.026743805E1,3.780444384E0,3.327940404E-1,-1.309628367E0
2.026947274E1,3.643975019E0,2.968810201E-1,-1.398213744E0
2.027154155E1,3.476380825E0,2.513911724E-1,-1.474828243E0
2.027357635E1,3.399766445E0,2.298433632E-1,-1.517923832E0
2.027560797E1,3.241749048E0,1.963245422E-1,-1.596932530E0
2.027773220E1,3.086126089E0,1.556231081E-1,-1.692700624E0
2.027963747E1,3.016694069E0,1.316810995E-1,-1.742978811E0
2.028163735E1,2.885013103E0,7.422025502E-2,-1.857900500E0
2.028370632E1,2.760514498E0,1.436521020E-2,-1.977610588E0
2.028574151E1,2.717418909E0,-1.915361360E-2,-2.027888775E0
2.028781078E1,2.619256735E0,-8.858546615E-2,-2.130839586E0
2.028984551E1,2.564189911E0,-1.699883193E-1,-2.250549555E0
2.029191516E1,2.535459518E0,-2.202665508E-1,-2.305616140E0
2.029395001E1,2.489969730E0,-3.256114423E-1,-2.408566952E0
2.029597635E1,2.461239338E0,-4.094084799E-1,-2.509123325E0
2.029810301E1,2.497152328E0,-4.979939461E-1,-2.612074137E0
2.030000947E1,2.513911724E0,-5.554547906E-1,-2.652775526E0
2.030200966E1,2.604891539E0,-6.775590777E-1,-2.738966703E0
2.030407847E1,2.659958124E0,-7.374141216E-1,-2.789244890E0
2.030611320E1,2.798821688E0,-8.643068075E-1,-2.837129116E0
2.030818182E1,3.019088268E0,-9.792284966E-1,-2.885013103E0
2.031021651E1,3.359065056E0,-1.101332784E0,-2.906560898E0
2.031228516E1,3.562572241E0,-1.146822572E0,-2.911349297E0
2.031431955E1,4.015076160E0,-1.221042871E0,-2.925714493E0
2.031635089E1,4.510675907E0,-1.273715258E0,-2.916137695E0
2.031835205E1,4.771644115E0,-1.295263171E0,-2.913743496E0
2.032042101E1,5.300762653E0,-1.328781962E0,-2.908955097E0
2.032245543E1,5.880159378E0,-1.362300754E0,-2.882618904E0
2.032452374E1,6.160281181E0,-1.374271750E0,-2.853888512E0
2.032655832E1,6.742072105E0,-1.371877551E0,-2.786850691E0
2.032862612E1,7.383718014E0,-1.400607944E0,-2.729389906E0
2.033066058E1,7.706935406E0,-1.400607944E0,-2.693476915E0
2.033272889E1,8.336610794E0,-1.414973259E0,-2.621650934E0
2.033476366E1,8.935160637E0,-1.438915253E0,-2.561795712E0
2.033678958E1,9.220070839E0,-1.438915253E0,-2.542642117E0
2.033879224E1,9.849745750E0,-1.462857246E0,-2.482787132E0
2.034086085E1,1.046505547E1,-1.465251446E0,-2.432508945E0
2.034289497E1,1.076193619E1,-1.462857246E0,-2.415749550E0
2.034496308E1,1.133415127E1,-1.470039845E0,-2.401384354E0
2.034699735E1,1.184890461E1,-1.482010841E0,-2.387019157E0
2.034906608E1,1.229901409E1,-1.503558636E0,-2.406172752E0
2.035110085E1,1.250491524E1,-1.501164436E0,-2.430114746E0
2.035317008E1,1.293347740E1,-1.508347034E0,-2.492363930E0
2.035520505E1,1.335006905E1,-1.549048543E0,-2.559401512E0
2.035723447E1,1.352245140E1,-1.561019540E0,-2.614468336E0
2.035935828E1,1.381933212E1,-1.582567334E0,-2.741360903E0
2.036126501E1,1.399410915E1,-1.620874524E0,-2.887407303E0
2.036326520E1,1.407072353E1,-1.632845521E0,-2.961627483E0
2.036533439E1,1.424789429E1,-1.654393315E0,-3.110068083E0
2.036736924E1,1.437239265E1,-1.687912226E0,-3.284844637E0
2.036943835E1,1.440591145E1,-1.692700624E0,-3.378218651E0
2.037147332E1,1.444182491E1,-1.707065821E0,-3.555389643E0
2.037354212E1,1.442027664E1,-1.726219416E0,-3.725377798E0
2.037557712E1,1.438196945E1,-1.733402014E0,-3.823540211E0
2.037760316E1,1.426944256E1,-1.759738207E0,-4.000710964E0
2.037979224E1,1.413057804E1,-1.781286120E0,-4.139574528E0
2.038162785E1,1.403002167E1,-1.802833915E0,-4.201824188E0
2.038362782E1,1.379778481E1,-1.826775908E0,-4.297592163E0
2.038569678E1,1.349372101E1,-1.860294700E0,-4.362235546E0
2.038773155E1,1.331655025E1,-1.865083098E0,-4.367023945E0
2.038980047E1,1.289517021E1,-1.872265697E0,-4.374206543E0
2.039183482E1,1.246660805E1,-1.860294700E0,-4.345476151E0
2.039390393E1,1.204762268E1,-1.841141105E0,-4.235342979E0
2.039593878E1,1.185848141E1,-1.814804912E0,-4.158728123E0
2.039796716E1,1.150413895E1,-1.754949808E0,-3.955221176E0
2.039997058E1,1.117613316E1,-1.738190413E0,-3.687070608E0
2.040203947E1,1.101811600E1,-1.726219416E0,-3.543418407E0
2.040407424E1,1.070687008E1,-1.731007814E0,-3.224989653E0
2.040614351E1,1.040998936E1,-1.726219416E0,-2.887407303E0
2.040817832E1,1.027351952E1,-1.731007814E0,-2.717418909E0
2.041024770E1,9.983820915E0,-1.735796213E0,-2.375048161E0
2.041228220E1,9.694122314E0,-1.757344007E0,-2.035071373E0
2.041435135E1,9.560047150E0,-1.766920805E0,-1.889025092E0
2.041638616E1,9.311050415E0,-1.798045516E0,-1.599326730E0
2.041841278E1,9.081207275E0,-1.841141105E0,-1.350329757E0
2.042041666E1,8.966285706E0,-1.841141105E0,-1.233013868E0
2.042248520E1,8.741230011E0,-1.860294700E0,-1.029506683E0
2.042451985E1,8.547300339E0,-1.896207690E0,-8.499416113E-1
2.042658882E1,8.470685959E0,-1.927332401E0,-7.565677166E-1
2.042862308E1,8.350975990E0,-1.953668594E0,-5.865794420E-1
2.043069201E1,8.226476669E0,-1.956062794E0,-4.094084799E-1
2.043272643E1,8.121131897E0,-1.960851192E0,-2.466027737E-1
2.043479539E1,8.073247910E0,-1.980004787E0,-1.771709323E-1
2.043682985E1,7.972691536E0,-1.965639591E0,-5.746084079E-2
2.043886258E1,7.898471355E0,-1.965639591E0,5.985504389E-2
2.044098554E1,7.860164165E0,-1.958456993E0,1.077390760E-1
2.044289112E1,7.769184589E0,-1.922544003E0,1.699883193E-1
2.044489070E1,7.702147007E0,-1.886630893E0,2.154781520E-1
2.044695966E1,7.673416615E0,-1.884236693E0,2.298433632E-1
2.044899478E1,7.601590633E0,-1.843535304E0,2.537853718E-1
2.045106485E1,7.536946774E0,-1.781286120E0,2.537853718E-1
2.045309978E1,7.505822182E0,-1.764526606E0,2.394201756E-1
2.045516862E1,7.467514992E0,-1.704671621E0,2.082955539E-1
2.045720408E1,7.412448406E0,-1.661576033E0,1.747767180E-1
2.045923016E1,7.407660007E0,-1.647210717E0,1.460463107E-1
2.046135816E1,7.400477409E0,-1.632845521E0,8.140286058E-2
2.046326316E1,7.405265808E0,-1.592144132E0,3.112462163E-2
2.046526274E1,7.417236805E0,-1.577778935E0,1.436521020E-2
2.046733212E1,7.472303391E0,-1.584961534E0,-3.591302410E-2
2.046936685E1,7.532158375E0,-1.587355733E0,-7.182604820E-2
2.047143585E1,7.558494568E0,-1.572990537E0,-1.005564705E-1
2.047347066E1,7.613561630E0,-1.572990537E0,-1.675941199E-1
2.047553974E1,7.671022415E0,-1.570596337E0,-2.130839527E-1
2.047757454E1,7.706935406E0,-1.572990537E0,-2.370259613E-1
2.047957447E1,7.790732384E0,-1.577778935E0,-2.777273953E-1
2.048157555E1,7.829039574E0,-1.592144132E0,-3.208230138E-1
2.048364447E1,7.855375767E0,-1.594538331E0,-3.399766386E-1
2.048567893E1,7.934384346E0,-1.596932530E0,-3.758896589E-1
2.048774743E1,8.001421928E0,-1.589749932E0,-4.118026793E-1
2.048978282E1,8.090007782E0,-1.601720929E0,-4.309563041E-1
2.049180762E1,8.135497093E0,-1.601720929E0,-4.381389022E-1
2.049380739E1,8.243236542E0,-1.611297727E0,-4.429273009E-1
2.049587635E1,8.353369713E0,-1.616086125E0,-4.405331016E-1
2.049791131E1,8.396465302E0,-1.604115129E0,-4.333505034E-1
2.049991612E1,8.523358345E0,-1.613691926E0,-3.926490843E-1
2.050192116E1,8.638279915E0,-1.616086125E0,-3.615244627E-1
2.050399024E1,8.707711220E0,-1.613691926E0,-3.495534360E-1
2.050602485E1,8.836998940E0,-1.616086125E0,-3.208230138E-1
2.050809378E1,8.956708908E0,-1.606509328E0,-2.968810201E-1
2.051012905E1,9.014169693E0,-1.587355733E0,-2.849099934E-1
2.051219812E1,9.105149269E0,-1.561019540E0,-2.585737705E-1
2.051423278E1,9.224859238E0,-1.537077546E0,-2.322375625E-1
2.051630208E1,9.270348549E0,-1.525106430E0,-2.226607651E-1
2.051833731E1,9.380482674E0,-1.491587639E0,-2.202665508E-1
2.052034066E1,9.459490776E0,-1.441309452E0,-2.059013397E-1
2.052246585E1,9.502586365E0,-1.410184860E0,-1.915361285E-1
2.052437308E1,9.576807022E0,-1.343147159E0,-1.795651317E-1
2.052637297E1,9.682151794E0,-1.304839969E0,-1.795651317E-1
2.052844201E1,9.734824181E0,-1.271321058E0,-1.747767180E-1
2.053047681E1,9.828198433E0,-1.197100878E0,-1.484405100E-1
2.053254554E1,9.904812813E0,-1.151610970E0,-1.460463107E-1
2.053458039E1,9.943120003E0,-1.106121182E0,-1.532289088E-1
2.053664943E1,1.004607010E1,-1.031900883E0,-1.651999205E-1
2.053868428E1,1.013465595E1,-9.768342972E-1,-1.867477298E-1
2.054069093E1,1.024718285E1,-9.481038451E-1,-1.915361285E-1
2.054287985E1,1.030703831E1,-8.786720037E-1,-2.130839527E-1
2.054471531E1,1.041238308E1,-8.020575643E-1,-2.394201756E-1
2.054671543E1,1.046745014E1,-7.661445141E-1,-2.489969730E-1
2.054878470E1,1.055603504E1,-7.038952708E-1,-2.633621991E-1
2.055081962E1,1.064462090E1,-6.560112834E-1,-2.896983922E-1
2.055288847E1,1.074038887E1,-5.961562395E-1,-3.160346150E-1
2.055492285E1,1.078827286E1,-5.841852427E-1,-3.184288144E-1
2.055699166E1,1.087207031E1,-5.410895944E-1,-3.303998411E-1
2.055902612E1,1.094389629E1,-5.267243981E-1,-3.687070608E-1
2.056103051E1,1.098220348E1,-5.147533417E-1,-3.806780577E-1
2.056303166E1,1.104445267E1,-4.788403511E-1,-3.758896589E-1
2.056510008E1,1.108515358E1,-4.788403511E-1,-3.711012602E-1
2.056713497E1,1.110430717E1,-4.716577232E-1,-3.687070608E-1
2.056920370E1,1.114740276E1,-4.884171486E-1,-3.567360640E-1
2.057123958E1,1.115219116E1,-5.171475410E-1,-3.423708379E-1
2.057330770E1,1.115458584E1,-5.363011956E-1,-3.327940404E-1
2.057534274E1,1.115937424E1,-5.698199868E-1,-3.088520169E-1
2.057741208E1,1.114740276E1,-6.488286853E-1,-2.873041928E-1
2.057944689E1,1.112346077E1,-6.895300746E-1,-2.705447972E-1
2.058145289E1,1.108036518E1,-7.709329724E-1,-2.298433632E-1
2.058345674E1,1.103008747E1,-8.834604025E-1,-2.082955539E-1
2.058552593E1,1.100135708E1,-9.289502501E-1,-1.867477298E-1
2.058756101E1,1.092234802E1,-1.029506683E0,-1.628057212E-1
2.058962997E1,1.081700325E1,-1.142034173E0,-1.508347094E-1
2.059166524E1,1.070447540E1,-1.199495077E0,-1.364694983E-1
2.059373470E1,1.065419769E1,-1.350329757E0,-1.292868853E-1
2.059576958E1,1.054645824E1,-1.462857246E0,-1.149216816E-1
2.059783862E1,1.043632507E1,-1.596932530E0,-8.619125932E-2
2.059987328E1,1.037886429E1,-1.668758631E0,-6.943184882E-2
2.060187939E1,1.026154804E1,-1.821987510E0,-7.661445439E-2
2.060400358E1,1.013704967E1,-1.948880196E0,-7.182604820E-2
2.060590943E1,1.008198357E1,-2.025494576E0,-5.985504389E-2
2.060790958E1,9.950302124E0,-2.152387381E0,-4.788403213E-2
2.060997897E1,9.866505623E0,-2.250549555E0,-5.985504389E-2
2.061201362E1,9.835380554E0,-2.308010340E0,-6.943184882E-2
2.061408216E1,9.758766174E0,-2.425326347E0,-6.943184882E-2
2.061611670E1,9.691728592E0,-2.518700123E0,-5.985504389E-2
2.061818547E1,9.655815125E0,-2.554613113E0,-5.267243832E-2
2.062021993E1,9.576807022E0,-2.626439333E0,-5.027823523E-2
2.062222562E1,9.536105156E0,-2.724601507E0,-2.394201607E-2
2.062435004E1,9.500192642E0,-2.758120298E0,-4.788403399E-3
2.062625470E1,9.402029991E0,-2.806004286E0,1.197100803E-2
2.062825443E1,9.330204010E0,-2.851494312E0,1.915361360E-2
2.063032312E1,9.287108421E0,-2.863465309E0,2.633621916E-2
2.063235735E1,9.196128845E0,-2.882618904E0,6.224924326E-2
2.063442624E1,9.131484985E0,-2.899378300E0,6.464344263E-2
2.063646089E1,9.100360870E0,-2.908955097E0,6.464344263E-2
2.063852978E1,9.059659004E0,-2.916137695E0,6.943184882E-2
2.064056424E1,9.052476883E0,-2.896984100E0,7.182604820E-2
2.064256947E1,9.050082207E0,-2.887407303E0,7.422025502E-2
2.064457031E1,9.057265282E0,-2.863465309E0,6.224924326E-2
2.064663955E1,9.062053680E0,-2.861071110E0,6.703764945E-2
2.064867420E1,9.076418877E0,-2.841917515E0,6.464344263E-2
2.065074312E1,9.095572472E0,-2.791639090E0,6.703764945E-2
2.065277758E1,9.119514465E0,-2.743755102E0,5.506663769E-2
2.065484597E1,9.138668060E0,-2.693476915E0,6.464344263E-2
2.065688066E1,9.150638580E0,-2.664746523E0,6.943184882E-2
2.065894958E1,9.157821655E0,-2.604891539E0,8.140286058E-2
2.066098408E1,9.172186852E0,-2.525882721E0,1.005564705E-1
2.066298947E1,9.198522568E0,-2.482787132E0,1.005564705E-1
2.066499997E1,9.232041359E0,-2.389413357E0,8.379705995E-2
2.066706885E1,9.263166428E0,-2.308010340E0,7.661445439E-2
2.066910339E1,9.279925346E0,-2.252943754E0,7.900865376E-2
2.067117181E1,9.308655739E0,-2.185906172E0,5.267243832E-2
2.067320635E1,9.368511200E0,-2.106897593E0,2.873042040E-2
2.067527558E1,9.392453194E0,-2.078166962E0,7.182605099E-3
2.067730985E1,9.471462250E0,-2.001552582E0,-2.154781483E-2
2.067937870E1,9.552865028E0,-1.929726601E0,-8.379705995E-2
2.068141305E1,9.591172218E0,-1.898601890E0,-1.197100878E-1
2.068341881E1,9.646238327E0,-1.826775908E0,-1.747767180E-1
2.068554301E1,9.696516991E0,-1.766920805E0,-2.346317619E-1
2.068744835E1,9.725247383E0,-1.740584612E0,-2.705447972E-1
2.068944812E1,9.758766174E0,-1.675941229E0,-3.423708379E-1
2.069151681E1,9.809044838E0,-1.618480325E0,-3.830722570E-1
2.069355155E1,9.844957352E0,-1.596932530E0,-4.141969085E-1
2.069562051E1,9.885659218E0,-1.534683347E0,-4.596867263E-1
2.069765543E1,9.911994934E0,-1.484405041E0,-5.099649429E-1
2.069972451E1,9.931148529E0,-1.436521053E0,-5.386953950E-1
2.070175958E1,9.935936928E0,-1.410184860E0,-5.602431893E-1
2.070376504E1,9.957485199E0,-1.357512355E0,-5.961562395E-1
2.070595435E1,9.962273598E0,-1.331176162E0,-6.105214357E-1
2.070779016E1,9.969455719E0,-1.312022567E0,-6.224924326E-1
2.070979001E1,9.959878922E0,-1.280897856E0,-6.488286853E-1
2.071185916E1,9.957485199E0,-1.271321058E0,-6.536170840E-1
2.071389431E1,9.955090523E0,-1.268926859E0,-6.536170840E-1
2.071596285E1,9.921571732E0,-1.264138460E0,-6.607996821E-1
2.071799743E1,9.888052940E0,-1.254561663E0,-6.584054828E-1
2.072006654E1,9.868899345E0,-1.256955862E0,-6.536170840E-1
2.072210151E1,9.828198433E0,-1.264138460E0,-6.584054828E-1
2.072410701E1,9.797073364E0,-1.297657371E0,-6.464344859E-1
2.072610824E1,9.768342972E0,-1.312022567E0,-6.416460276E-1
2.072817701E1,9.708487511E0,-1.345541358E0,-6.153098345E-1
2.073021174E1,9.672574997E0,-1.379060149E0,-5.817909837E-1
2.073228104E1,9.634267807E0,-1.407790542E0,-5.626373887E-1
2.073431643E1,9.560047150E0,-1.446097851E0,-5.051765442E-1
2.073634208E1,9.516951561E0,-1.491587639E0,-4.620809257E-1
2.073834208E1,9.497797966E0,-1.525106430E0,-4.405331016E-1
2.074041112E1,9.442731857E0,-1.561019540E0,-3.758896589E-1
2.074244608E1,9.392453194E0,-1.618480325E0,-3.208230138E-1
2.074445262E1,9.370905876E0,-1.640028119E0,-2.944868207E-1
2.074645816E1,9.327810287E0,-1.675941229E0,-2.466027737E-1
2.074852724E1,9.291896820E0,-1.721431017E0,-2.059013397E-1
2.075056216E1,9.275136948E0,-1.759738207E0,-1.891419291E-1
2.075263128E1,9.239224434E0,-1.817199111E0,-1.556231081E-1
2.075466608E1,9.208099365E0,-1.853112102E0,-1.149216816E-1
2.075673501E1,9.174580574E0,-1.889025092E0,-7.182604820E-2
2.075876997E1,9.157821655E0,-1.917755604E0,-5.267243832E-2
2.076083847E1,9.143456459E0,-1.958456993E0,-3.351882473E-2
2.076287278E1,9.124302864E0,-1.989581585E0,-2.394201700E-3
2.076487693E1,9.107542992E0,-2.008735180E0,1.197100803E-2
2.076700024E1,9.085995674E0,-2.049436569E0,2.154781483E-2
2.076890601E1,9.030928612E0,-2.068590164E0,3.112462163E-2
2.077090524E1,9.006986618E0,-2.078166962E0,3.112462163E-2
2.077297347E1,8.980650902E0,-2.104503393E0,3.351882473E-2
2.077500808E1,8.966285706E0,-2.106897593E0,3.351882473E-2
2.077707716E1,8.942343712E0,-2.118868589E0,3.591302410E-2
2.077911104E1,8.913613319E0,-2.140416384E0,4.070143029E-2
2.078117954E1,8.920795441E0,-2.130839586E0,3.112462163E-2
2.078321378E1,8.908824921E0,-2.133233786E0,2.873042040E-2
2.078521958E1,8.896853447E0,-2.159569979E0,3.830722719E-2
2.078734620E1,8.927978516E0,-2.176329374E0,5.267243832E-2
2.078925354E1,8.939949036E0,-2.183511972E0,5.746084079E-2
2.079125393E1,8.968679428E0,-2.178723574E0,6.224924326E-2
2.079332224E1,9.006986618E0,-2.195482969E0,5.506663769E-2
2.079535720E1,9.021351814E0,-2.197877169E0,5.267243832E-2
2.079742639E1,9.047688484E0,-2.202665567E0,5.985504389E-2
2.079946124E1,9.088389397E0,-2.205059767E0,5.267243832E-2
2.080153028E1,9.107542992E0,-2.205059767E0,4.070143029E-2
2.080356516E1,9.145850182E0,-2.209848166E0,3.351882473E-2
2.080557120E1,9.167398453E0,-2.200271368E0,2.873042040E-2
2.080758747E1,9.188945770E0,-2.200271368E0,2.154781483E-2
2.080965628E1,9.236829758E0,-2.209848166E0,1.915361360E-2
2.081169104E1,9.282320023E0,-2.209848166E0,7.182605099E-3
2.081376012E1,9.325415611E0,-2.200271368E0,0.000000000E0
2.081579504E1,9.342175484E0,-2.197877169E0,0.000000000E0
2.081786435E1,9.380482674E0,-2.193088770E0,-7.182605099E-3
2.081989931E1,9.416395187E0,-2.188300371E0,-2.394201700E-3
2.082196854E1,9.442731857E0,-2.195482969E0,-7.182605099E-3
2.082400328E1,9.476250648E0,-2.212242365E0,-2.873042040E-2
2.082600989E1,9.507374763E0,-2.240972757E0,-3.591302410E-2
2.082804301E1,9.516951561E0,-2.233790159E0,-3.591302410E-2
2.083011174E1,9.550470352E0,-2.217030764E0,-1.915361360E-2
2.083214720E1,9.586383820E0,-2.236184359E0,-1.436521020E-2
2.083421589E1,9.603142738E0,-2.229001760E0,-1.675941236E-2
2.083625097E1,9.627084732E0,-2.219424963E0,-1.675941236E-2
2.083832004E1,9.660603523E0,-2.205059767E0,-4.788403399E-3
2.084035462E1,9.674968719E0,-2.193088770E0,7.182605099E-3
2.084242404E1,9.706093788E0,-2.202665567E0,7.182605099E-3
2.084445878E1,9.715670586E0,-2.193088770E0,2.394201607E-2
2.084646439E1,9.686940193E0,-2.190694571E0,1.197100803E-2
2.084858897E1,9.684545517E0,-2.183511972E0,7.182605099E-3
2.085049470E1,9.691728592E0,-2.176329374E0,-7.182605099E-3
2.085249439E1,9.694122314E0,-2.173935175E0,2.394201700E-3
2.085456347E1,9.684545517E0,-2.164358377E0,0.000000000E0
2.085659885E1,9.624691010E0,-2.152387381E0,0.000000000E0
2.085866804E1,9.607931137E0,-2.135627985E0,-7.182605099E-3
2.086070304E1,9.595960617E0,-2.138022184E0,0.000000000E0
2.086277197E1,9.569623947E0,-2.166752577E0,2.394201700E-3
2.086480635E1,9.524134636E0,-2.195482969E0,7.182605099E-3
2.086681270E1,9.516951561E0,-2.202665567E0,1.915361360E-2
2.086900197E1,9.490615845E0,-2.209848166E0,3.591302410E-2
2.087083758E1,9.447520256E0,-2.221819162E0,4.070143029E-2
2.087283724E1,9.430760384E0,-2.240972757E0,5.027823523E-2
2.087490635E1,9.375694275E0,-2.272097349E0,6.224924326E-2
2.087694112E1,9.334992409E0,-2.298433542E0,7.661445439E-2
2.087901016E1,9.311050415E0,-2.312798738E0,8.379705995E-2
2.088104531E1,9.260771751E0,-2.327163935E0,1.053448766E-1
2.088311420E1,9.220070839E0,-2.375048161E0,1.292868853E-1
2.088514931E1,9.198522568E0,-2.389413357E0,1.436520964E-1
2.088715458E1,9.145850182E0,-2.403778553E0,1.819593310E-1
2.088915720E1,9.126696587E0,-2.434903145E0,2.011129409E-1
2.089122674E1,9.105149269E0,-2.446874142E0,2.059013397E-1
2.089326224E1,9.076418877E0,-2.475604534E0,2.346317619E-1
2.089533158E1,9.042900085E0,-2.497152328E0,2.657563984E-1
2.089736677E1,9.030928612E0,-2.504334927E0,2.849099934E-1
2.089943616E1,8.983044624E0,-2.530671120E0,3.088520169E-1
2.090147100E1,8.944737434E0,-2.554613113E0,3.327940404E-1
2.090353935E1,8.932766914E0,-2.580949545E0,3.567360640E-1
2.090557424E1,8.939949036E0,-2.585737944E0,3.711012602E-1
2.090758051E1,8.930372238E0,-2.583343744E0,3.806780577E-1
2.090958324E1,8.920795441E0,-2.604891539E0,4.213795066E-1
2.091165174E1,8.911218643E0,-2.609679937E0,4.261679053E-1
2.091368643E1,8.896853447E0,-2.636016130E0,4.501099288E-1
2.091575539E1,8.882488251E0,-2.662352324E0,4.477157295E-1
2.091778997E1,8.880094528E0,-2.683900118E0,4.477157295E-1
2.091985897E1,8.887276649E0,-2.698265314E0,4.381389022E-1
2.092189366E1,8.872911453E0,-2.705447912E0,4.477157295E-1
2.092396262E1,8.872911453E0,-2.707842112E0,4.357447028E-1
2.092599720E1,8.875306129E0,-2.731784105E0,4.189853072E-1
2.092800197E1,8.880094528E0,-2.770091295E0,4.022258818E-1
2.093012616E1,8.889671326E0,-2.772485495E0,3.998316824E-1
2.093203189E1,8.913613319E0,-2.817975283E0,3.758896589E-1
2.093403177E1,8.918401718E0,-2.827552319E0,3.639186621E-1
2.093610085E1,8.918401718E0,-2.825158119E0,3.567360640E-1
2.093813585E1,8.911218643E0,-2.820369720E0,3.519476354E-1
2.094020566E1,8.920795441E0,-2.844311714E0,3.495534360E-1
2.094223997E1,8.930372238E0,-2.885013103E0,3.351882398E-1
2.094430935E1,8.956708908E0,-2.942473888E0,2.873041928E-1
2.094634424E1,8.992621422E0,-2.992752075E0,2.418143749E-1
2.094835135E1,9.030928612E0,-3.004723072E0,2.370259613E-1
2.095047958E1,9.057265282E0,-3.045424461E0,2.011129409E-1
2.095238554E1,9.100360870E0,-3.074155092E0,1.604115069E-1
2.095438554E1,9.126696587E0,-3.088520288E0,1.436520964E-1
2.095645470E1,9.160215378E0,-3.114856482E0,1.053448766E-1
2.095849012E1,9.186552048E0,-3.126827478E0,5.267243832E-2
2.096055974E1,9.210494041E0,-3.134010077E0,3.351882473E-2
2.096259493E1,9.234436035E0,-3.129221678E0,2.633621916E-2
2.096466424E1,9.253589630E0,-3.134010077E0,2.394201700E-3
2.096669908E1,9.275136948E0,-3.136404276E0,-1.915361360E-2
2.096870458E1,9.282320023E0,-3.141192675E0,-3.591302410E-2
2.097070581E1,9.296685219E0,-3.129221678E0,-5.267243832E-2
2.097277427E1,9.315838814E0,-3.122039080E0,-7.182604820E-2
2.097480893E1,9.315838814E0,-3.110068083E0,-8.140286058E-2
2.097687889E1,9.315838814E0,-3.110068083E0,-9.097966552E-2
2.097891339E1,9.313444138E0,-3.086126089E0,-9.816227108E-2
2.098093877E1,9.308655739E0,-3.078943491E0,-1.053448766E-1
2.098293920E1,9.282320023E0,-3.057395458E0,-1.149216816E-1
2.098500754E1,9.277531624E0,-3.059789658E0,-1.268926859E-1
2.098704220E1,9.275136948E0,-3.062183857E0,-1.316810995E-1
2.098904877E1,9.253589630E0,-3.045424461E0,-1.340752989E-1
2.099105539E1,9.220070839E0,-3.023876667E0,-1.125274822E-1
2.099312420E1,9.212887764E0,-3.028665066E0,-9.576806426E-2
2.099515908E1,9.193734169E0,-3.009511471E0,-7.661445439E-2
2.099722762E1,9.167398453E0,-2.999934673E0,-5.027823523E-2
2.099926258E1,9.162610054E0,-2.992752075E0,-3.830722719E-2
2.100133162E1,9.153033257E0,-2.966415882E0,-2.394201700E-3
2.100336635E1,9.143456459E0,-2.935291290E0,4.548983276E-2
2.100543547E1,9.126696587E0,-2.911349297E0,8.858546615E-2
2.100747047E1,9.102754593E0,-2.899378300E0,1.125274822E-1
2.100947570E1,9.088389397E0,-2.896984100E0,1.460463107E-1
2.101160012E1,9.083600998E0,-2.873042107E0,1.939303428E-1
2.101350597E1,9.078812599E0,-2.861071110E0,2.130839527E-1
2.101550570E1,9.040505409E0,-2.841917515E0,2.370259613E-1
2.101757489E1,9.009381294E0,-2.817975283E0,2.801215947E-1
2.101960977E1,8.999804497E0,-2.801215887E0,3.064578176E-1
2.102167939E1,8.987833023E0,-2.791639090E0,3.423708379E-1
2.102371466E1,8.968679428E0,-2.784456491E0,3.926490843E-1
2.102578439E1,8.966285706E0,-2.782062292E0,4.189853072E-1
2.102782008E1,8.923190117E0,-2.777273893E0,4.812345505E-1
2.102982739E1,8.916007042E0,-2.767697096E0,5.003881454E-1
2.103201835E1,8.901641846E0,-2.762908697E0,5.099649429E-1
2.103385497E1,8.887276649E0,-2.758120298E0,5.410895944E-1
2.103585627E1,8.880094528E0,-2.753331900E0,5.626373887E-1
2.103792597E1,8.865729332E0,-2.746149302E0,5.698199868E-1
2.103996112E1,8.848969460E0,-2.750937700E0,5.841852427E-1
2.104203108E1,8.848969460E0,-2.760514498E0,6.224924326E-1
2.104406608E1,8.848969460E0,-2.770091295E0,6.440402865E-1
2.104613562E1,8.856152534E0,-2.791639090E0,6.775590777E-1
2.104817058E1,8.868123055E0,-2.808398485E0,7.182605267E-1
2.105017693E1,8.877699852E0,-2.817975283E0,7.398083210E-1
2.105217954E1,8.884882927E0,-2.851494312E0,7.876923680E-1
2.105424920E1,8.894459724E0,-2.873042107E0,8.259995580E-1
2.105628443E1,8.892065048E0,-2.882618904E0,8.499416113E-1
2.105835370E1,8.901641846E0,-2.904166698E0,9.002198577E-1
2.106038866E1,8.927978516E0,-2.932897091E0,9.528923035E-1
2.106245754E1,8.949525833E0,-2.964021683E0,1.005564690E0
2.106449224E1,8.973467827E0,-2.978386879E0,1.031900883E0
2.106656212E1,8.978256226E0,-3.016694069E0,1.094150186E0
2.106859720E1,8.980650902E0,-3.026270866E0,1.154005170E0
2.107060339E1,8.995016098E0,-3.033453465E0,1.189918280E0
2.107260608E1,8.999804497E0,-3.069366693E0,1.254561663E0
2.107467535E1,9.011775017E0,-3.100491285E0,1.302445769E0
2.107671050E1,9.038111687E0,-3.110068083E0,1.321599364E0
2.107877962E1,9.030928612E0,-3.138798475E0,1.369483352E0
2.108081451E1,9.042900085E0,-3.167528868E0,1.422155857E0
2.108288347E1,9.059659004E0,-3.167528868E0,1.436521053E0
2.108491812E1,9.066842079E0,-3.177105665E0,1.467645645E0
2.108698743E1,9.062053680E0,-3.153163671E0,1.501164436E0
2.108902247E1,9.064447403E0,-3.131615877E0,1.517923832E0
2.109102839E1,9.081207275E0,-3.174711466E0,1.544260144E0
2.109315366E1,9.093177795E0,-3.229778051E0,1.544260144E0
2.109506097E1,9.105149269E0,-3.248931646E0,1.539471745E0
2.109706074E1,9.119514465E0,-3.289633036E0,1.527500629E0
2.109912966E1,9.145850182E0,-3.315969467E0,1.503558636E0
2.110116485E1,9.167398453E0,-3.311181068E0,1.486799240E0
2.110323408E1,9.176975250E0,-3.303998232E0,1.438915253E0
2.110526954E1,9.200917244E0,-3.306392431E0,1.395819545E0
2.110733885E1,9.208099365E0,-3.306392431E0,1.357512355E0
2.110937397E1,9.217676163E0,-3.282450438E0,1.331176162E0
2.111138058E1,9.224859238E0,-3.272873640E0,1.271321058E0
2.111350839E1,9.265560150E0,-3.244143248E0,1.204283476E0
2.111541512E1,9.287108421E0,-3.215412855E0,1.163581967E0
2.111741550E1,9.318233490E0,-3.172317266E0,1.063025594E0
2.111948512E1,9.351752281E0,-3.102885485E0,9.385270476E-1
2.112152027E1,9.375694275E0,-3.066972494E0,8.643068075E-1
2.112358916E1,9.440337181E0,-2.997540474E0,6.991068721E-1
2.112562362E1,9.488221169E0,-2.916137695E0,5.075707436E-1
2.112769270E1,9.519346237E0,-2.885013103E0,3.998316824E-1
2.112972750E1,9.619902611E0,-2.827552319E0,1.795651317E-1
2.113173262E1,9.720458984E0,-2.798821688E0,-4.309562966E-2
2.113373516E1,9.773131371E0,-2.784456491E0,-1.556231081E-1
2.113580431E1,9.885659218E0,-2.772485495E0,-3.639186621E-1
2.113783931E1,1.004367638E1,-2.808398485E0,-5.698199868E-1
2.113990831E1,1.012029076E1,-2.844311714E0,-6.775590777E-1
2.114194308E1,1.028309631E1,-2.899378300E0,-8.762778044E-1
2.114401262E1,1.042914295E1,-2.966415882E0,-1.046266198E0
2.114604893E1,1.050575733E1,-2.999934673E0,-1.122880578E0
2.114811754E1,1.066377449E1,-3.045424461E0,-1.280897856E0
2.115015250E1,1.078827286E1,-3.100491285E0,-1.412579060E0
2.115218562E1,1.085291672E1,-3.105279684E0,-1.477222443E0
2.115418808E1,1.096544361E1,-3.162740469E0,-1.589749932E0
2.115625685E1,1.103248119E1,-3.222595453E0,-1.697489023E0
2.115829212E1,1.109951878E1,-3.253720045E0,-1.821987510E0
2.116036081E1,1.111149025E1,-3.306392431E0,-1.872265697E0
2.116239627E1,1.113064384E1,-3.342305660E0,-2.001552582E0
2.116446431E1,1.116176796E1,-3.383007050E0,-2.123656988E0
2.116649874E1,1.119049835E1,-3.399766445E0,-2.181117773E0
2.116856781E1,1.125514221E1,-3.428496838E0,-2.286462545E0
2.117060285E1,1.131499767E1,-3.452438831E0,-2.430114746E0
2.117263235E1,1.136527538E1,-3.469198227E0,-2.499546528E0
2.117475647E1,1.149456215E1,-3.502717018E0,-2.619256735E0
2.117666224E1,1.165736771E1,-3.541024208E0,-2.758120298E0
2.117866220E1,1.174355888E1,-3.545812607E0,-2.815581083E0
2.118073116E1,1.196382618E1,-3.541024208E0,-2.961627483E0
2.118276581E1,1.229422569E1,-3.536235809E0,-3.138798475E0
2.118483439E1,1.248097324E1,-3.519476414E0,-3.227383852E0
2.118686916E1,1.288080502E1,-3.476380825E0,-3.442862034E0
2.118893835E1,1.331176186E1,-3.404554844E0,-3.706224203E0
2.119097327E1,1.354639339E1,-3.359065056E0,-3.854664803E0
2.119299804E1,1.403959846E1,-3.244143248E0,-4.180276394E0
2.119518685E1,1.453280449E1,-3.119644880E0,-4.486733913E0
2.119702274E1,1.478180122E1,-3.045424461E0,-4.647145271E0
2.119902304E1,1.528218937E1,-2.863465309E0,-4.948814869E0
2.120109270E1,1.573229980E1,-2.638410330E0,-5.248090267E0
2.120312793E1,1.593341255E1,-2.509123325E0,-5.394136429E0
2.120519743E1,1.631169701E1,-2.221819162E0,-5.652710438E0
2.120723243E1,1.662294197E1,-1.903390408E0,-5.889736176E0
2.120930212E1,1.686236191E1,-1.577778935E0,-6.064512730E0
2.121133747E1,1.695573616E1,-1.414973259E0,-6.138733387E0
2.121336716E1,1.712572479E1,-1.110909581E0,-6.253654957E0
2.121536858E1,1.721670532E1,-8.044517636E-1,-6.323086739E0
2.121743793E1,1.724304008E1,-6.512228847E-1,-6.339846134E0
2.121947297E1,1.721430969E1,-3.447650373E-1,-6.349422932E0
2.122154239E1,1.708741760E1,-3.351882473E-2,-6.335057735E0
2.122357708E1,1.699643707E1,1.197100878E-1,-6.315904140E0
2.122560247E1,1.674744034E1,4.357447028E-1,-6.277596951E0
2.122760254E1,1.644816589E1,7.517793179E-1,-6.256049156E0
2.122967262E1,1.626141739E1,9.050082564E-1,-6.248866558E0
2.123170820E1,1.584243298E1,1.225831270E0,-6.232107162E0
2.123373447E1,1.541147614E1,1.508347034E0,-6.217741966E0
2.123573912E1,1.519360352E1,1.654393315E0,-6.205770969E0
2.123780835E1,1.475307083E1,1.958456993E0,-6.193799973E0
2.123984308E1,1.431493187E1,2.224213362E0,-6.181828976E0
2.124191270E1,1.410184765E1,2.343923569E0,-6.179434776E0
2.124394812E1,1.369004536E1,2.604891539E0,-6.165069580E0
2.124601746E1,1.326627159E1,2.856282711E0,-6.124367714E0
2.124805212E1,1.287362289E1,2.980781078E0,-6.086060524E0
2.125012116E1,1.268208599E1,3.215412855E0,-5.987898350E0
2.125215643E1,1.231816769E1,3.430891037E0,-5.875370979E0
2.125418804E1,1.194946098E1,3.634398222E0,-5.743690014E0
2.125631277E1,1.178186703E1,3.720589399E0,-5.681440830E0
2.125821824E1,1.144667816E1,3.892971992E0,-5.554547787E0
2.126021831E1,1.113303757E1,3.971980572E0,-5.415684223E0
2.126228762E1,1.099417400E1,4.077325344E0,-5.348646641E0
2.126432254E1,1.073081207E1,4.201824188E0,-5.200206280E0
2.126639150E1,1.049139214E1,4.304774761E0,-5.049371243E0
2.126842597E1,1.039562416E1,4.345476151E0,-4.977545261E0
2.127049577E1,1.020408726E1,4.407725334E0,-4.833893299E0
2.127253131E1,1.002931118E1,4.443638325E0,-4.678270340E0
2.127455774E1,9.952696800E0,4.460397720E0,-4.613626480E0
2.127668474E1,9.792284966E0,4.460397720E0,-4.498704910E0
2.127859100E1,9.706093788E0,4.424484730E0,-4.374206543E0
2.128059131E1,9.651026726E0,4.378994942E0,-4.316745758E0
2.128266077E1,9.579200745E0,4.264073372E0,-4.204218388E0
2.128469574E1,9.536105156E0,4.125209332E0,-4.094084740E0
2.128676493E1,9.521739960E0,4.017470360E0,-4.048594952E0
2.128879962E1,9.516951561E0,3.756502390E0,-3.943250179E0
2.129086835E1,9.521739960E0,3.457227230E0,-3.837905407E0
2.129290347E1,9.538499832E0,3.287238836E0,-3.790021181E0
2.129490346E1,9.567230225E0,2.906560898E0,-3.667917013E0
2.129690450E1,9.598354340E0,2.540247917E0,-3.519476414E0
2.129897331E1,9.624691010E0,2.351106167E0,-3.433285236E0
2.130100847E1,9.686940193E0,1.958456993E0,-3.244143248E0
2.130307689E1,9.744400978E0,1.580173135E0,-3.052607059E0
2.130511158E1,9.840168953E0,1.177947283E0,-2.817975283E0
2.130718047E1,9.888052940E0,9.935936928E-1,-2.693476915E0
2.130921573E1,9.979032516E0,6.153098345E-1,-2.451662540E0
2.131128489E1,1.008677197E1,2.322375625E-1,-2.183511972E0
2.131331973E1,1.012507915E1,4.309562966E-2,-2.049436569E0
2.131535227E1,1.022084713E1,-3.136404157E-1,-1.766920805E0
2.131735489E1,1.029027843E1,-6.392518282E-1,-1.498770237E0
2.131942381E1,1.031900978E1,-8.044517636E-1,-1.371877551E0
2.132145881E1,1.036928749E1,-1.118092179E0,-1.110909581E0
2.132352796E1,1.040998936E1,-1.417367458E0,-8.547300100E-1
2.132556285E1,1.043393135E1,-1.575384736E0,-7.326257229E-1
2.132763177E1,1.046026707E1,-1.869871497E0,-5.243301988E-1
2.132966666E1,1.047942066E1,-2.130839586E0,-3.495534360E-1
2.133173554E1,1.047702694E1,-2.255337954E0,-2.753331959E-1
2.133377016E1,1.045787334E1,-2.487575531E0,-1.460463107E-1
2.133577008E1,1.046505547E1,-2.707842112E0,-1.675941236E-2
2.133789397E1,1.046984386E1,-2.906560898E0,6.464344263E-2
2.133979927E1,1.046266174E1,-3.002328873E0,9.097966552E-2
2.134179920E1,1.044590187E1,-3.222595453E0,1.316810995E-1
2.134386831E1,1.044590187E1,-3.308786631E0,1.412578970E-1
2.134590316E1,1.045069027E1,-3.459621429E0,1.580173075E-1
2.134797231E1,1.046745014E1,-3.622427225E0,1.651999205E-1
2.135000750E1,1.046984386E1,-3.727771997E0,1.412578970E-1
2.135207673E1,1.046505547E1,-3.785232782E0,1.412578970E-1
2.135411158E1,1.046984386E1,-3.878606796E0,1.292868853E-1
2.135614377E1,1.048660374E1,-3.952826977E0,8.619125932E-2
2.135833250E1,1.048420906E1,-3.974374771E0,6.943184882E-2
2.136016873E1,1.046745014E1,-4.022258759E0,2.633621916E-2
2.136216931E1,1.043871975E1,-4.036623955E0,-3.830722719E-2
2.136423854E1,1.042435455E1,-4.039018154E0,-5.985504389E-2
2.136627327E1,1.037886429E1,-4.012681961E0,-1.029506698E-1
2.136834204E1,1.031900978E1,-3.952826977E0,-1.628057212E-1
2.137037673E1,1.027830791E1,-3.919308186E0,-1.915361285E-1
2.137244608E1,1.017296314E1,-3.799597979E0,-2.466027737E-1
2.137448104E1,1.006522369E1,-3.665522814E0,-2.801215947E-1
2.137648070E1,1.001255131E1,-3.600879431E0,-3.016694188E-1
2.137848120E1,9.890447617E0,-3.447650433E0,-3.519476354E-1
2.138054996E1,9.763554573E0,-3.263296843E0,-3.998316824E-1
2.138258497E1,9.706093788E0,-3.162740469E0,-4.189853072E-1
2.138465331E1,9.560047150E0,-2.954444885E0,-4.620809257E-1
2.138668754E1,9.406818390E0,-2.741360903E0,-5.123591423E-1
2.138875573E1,9.323021889E0,-2.636016130E0,-5.267243981E-1
2.139078977E1,9.138668060E0,-2.408566952E0,-5.746083856E-1
2.139285808E1,8.966285706E0,-2.188300371E0,-6.105214357E-1
2.139489223E1,8.748413086E0,-2.073378563E0,-6.488286853E-1
2.139691808E1,8.647856712E0,-1.836352706E0,-6.679822803E-1
2.139892054E1,8.463502884E0,-1.616086125E0,-7.302315235E-1
2.140098908E1,8.279149055E0,-1.364694953E0,-7.852981687E-1
2.140302327E1,8.188169479E0,-1.252167463E0,-8.092401624E-1
2.140509185E1,8.018181801E0,-1.007958889E0,-8.523358107E-1
2.140712585E1,7.848193169E0,-7.637503147E-1,-9.026140571E-1
2.140919423E1,7.752425194E0,-6.416460276E-1,-9.313444495E-1
2.141122873E1,7.577648163E0,-4.189853072E-1,-9.600749016E-1
2.141329735E1,7.422025204E0,-1.771709323E-1,-9.840168953E-1
2.141533200E1,7.347805023E0,-6.943184882E-2,-9.983820915E-1
2.141736120E1,7.175422668E0,1.436520964E-1,-1.010353088E0
2.141948477E1,7.012616634E0,3.639186621E-1,-1.022324085E0
2.142138966E1,6.933608055E0,4.668693244E-1,-1.015141487E0
2.142338877E1,6.754043102E0,6.727706790E-1,-1.005564690E0
2.142545750E1,6.588842869E0,8.499416113E-1,-9.840168953E-1
2.142749162E1,6.505045891E0,9.337386489E-1,-9.648633003E-1
2.142956058E1,6.363788128E0,1.108515382E0,-9.169792533E-1
2.143159512E1,6.203376770E0,1.254561663E0,-8.547300100E-1
2.143366420E1,6.141127586E0,1.328781962E0,-8.212111592E-1
2.143569862E1,6.030993938E0,1.491587639E0,-7.613561153E-1
2.143772431E1,5.920860767E0,1.616086125E0,-6.823474765E-1
2.143985000E1,5.801150799E0,1.707065821E0,-5.841852427E-1
2.144175562E1,5.750872612E0,1.757344007E0,-5.363011956E-1
2.144375520E1,5.664681435E0,1.860294700E0,-4.692635238E-1
2.144582377E1,5.583278179E0,1.905784607E0,-4.381389022E-1
2.144785796E1,5.554547787E0,1.948880196E0,-3.711012602E-1
2.144992616E1,5.497087002E0,2.008735180E0,-3.088520169E-1
2.145196027E1,5.463568211E0,2.042253971E0,-2.466027737E-1
2.145402908E1,5.463568211E0,2.047042370E0,-2.274491638E-1
2.145606397E1,5.458779812E0,2.042253971E0,-1.580173075E-1
2.145809246E1,5.468356609E0,2.008735180E0,-1.029506698E-1
2.146009320E1,5.487510204E0,1.982398987E0,-7.661445439E-2
2.146216193E1,5.513846397E0,1.910573006E0,-1.197100803E-2
2.146419608E1,5.576095581E0,1.812410712E0,3.591302410E-2
2.146626462E1,5.612008572E0,1.759738207E0,5.746084079E-2
2.146829885E1,5.693411827E0,1.666364431E0,1.005564705E-1
2.147032312E1,5.793968201E0,1.558625340E0,1.316810995E-1
2.147232223E1,5.853823185E0,1.489193439E0,1.340752989E-1
2.147439131E1,5.990292549E0,1.369483352E0,1.580173075E-1
2.147642589E1,6.157886982E0,1.223437071E0,1.628057212E-1
2.147845173E1,6.244078159E0,1.158793569E0,1.651999205E-1
2.148045593E1,6.435614109E0,1.029506683E0,1.460463107E-1
2.148252400E1,6.598419666E0,8.834604025E-1,1.580173075E-1
2.148455793E1,6.687005520E0,8.068459630E-1,1.699883193E-1
2.148662596E1,6.878541470E0,6.679822803E-1,1.604115069E-1
2.148865970E1,7.065289021E0,5.219359994E-1,1.484405100E-1
2.149072823E1,7.252037048E0,4.572925270E-1,1.388636976E-1
2.149276200E1,7.352593422E0,3.399766386E-1,1.364694983E-1
2.149483020E1,7.553706169E0,2.059013397E-1,1.316810995E-1
2.149686427E1,7.750030994E0,8.140286058E-2,1.268926859E-1
2.149889266E1,7.857769966E0,1.675941236E-2,1.221042871E-1
2.150101777E1,8.032546997E0,-9.097966552E-2,9.816227108E-2
2.150292277E1,8.216899872E0,-1.939303428E-1,7.661445439E-2
2.150492239E1,8.322244644E0,-2.418143749E-1,6.703764945E-2
2.150699150E1,8.523358345E0,-3.399766386E-1,4.309562966E-2
2.150902623E1,8.688557625E0,-4.285621047E-1,0.000000000E0
2.151109454E1,8.781931877E0,-4.716577232E-1,-2.154781483E-2
2.151312835E1,8.939949036E0,-5.530605912E-1,-7.900865376E-2
2.151519716E1,9.109937668E0,-6.392518282E-1,-1.053448766E-1
2.151723196E1,9.186552048E0,-6.631938815E-1,-1.197100878E-1
2.151926316E1,9.334992409E0,-7.038952708E-1,-1.771709323E-1
2.152145200E1,9.507374763E0,-7.613561153E-1,-2.322375625E-1
2.152328750E1,9.591172218E0,-7.924807668E-1,-2.489969730E-1
2.152528731E1,9.730035782E0,-8.499416113E-1,-2.849099934E-1
2.152735631E1,9.856928825E0,-8.858546019E-1,-3.184288144E-1
2.152939131E1,9.909601212E0,-9.097966552E-1,-3.303998411E-1
2.153146004E1,1.005325317E1,-9.265560508E-1,-3.615244627E-1
2.153349443E1,1.018253994E1,-9.600749016E-1,-3.830722570E-1
2.153556316E1,1.023521233E1,-9.576807022E-1,-3.974374831E-1
2.153759816E1,1.031422138E1,-9.888052940E-1,-4.141969085E-1
2.153959727E1,1.039562416E1,-9.983820915E-1,-4.046200812E-1
2.154159773E1,1.042674828E1,-9.911994934E-1,-4.022258818E-1
2.154366600E1,1.046266174E1,-9.816226959E-1,-4.141969085E-1
2.154570008E1,1.047942066E1,-9.792284966E-1,-4.070142806E-1
2.154776820E1,1.050575733E1,-9.696516991E-1,-3.902548850E-1
2.154980208E1,1.052251625E1,-9.385270476E-1,-3.830722570E-1
2.155187039E1,1.051293945E1,-9.169792533E-1,-3.711012602E-1
2.155390496E1,1.051054573E1,-8.667010069E-1,-3.495534360E-1
2.155597393E1,1.050336266E1,-8.499416113E-1,-3.327940404E-1
2.155800889E1,1.046026707E1,-8.140285611E-1,-3.088520169E-1
2.156004093E1,1.040759468E1,-7.733271718E-1,-2.801215947E-1
2.156204427E1,1.038604736E1,-7.326257229E-1,-2.681505978E-1
2.156411373E1,1.032619190E1,-6.775590777E-1,-2.250549644E-1
2.156614827E1,1.027351952E1,-6.272808313E-1,-1.675941199E-1
2.156821685E1,1.022802925E1,-6.033388376E-1,-1.364694983E-1
2.157025104E1,1.014662647E1,-5.339069963E-1,-8.140286058E-2
2.157231896E1,1.008916569E1,-4.692635238E-1,-1.436521020E-2
2.157435289E1,1.005564690E1,-4.381389022E-1,1.675941236E-2
2.157642123E1,9.969455719E0,-3.687070608E-1,7.661445439E-2
2.157845581E1,9.880870819E0,-3.040636182E-1,1.364694983E-1
2.158046093E1,9.828198433E0,-2.681505978E-1,1.628057212E-1
2.158258566E1,9.749189377E0,-2.178723514E-1,2.226607651E-1
2.158449066E1,9.655815125E0,-1.699883193E-1,2.657563984E-1
2.158649035E1,9.612719536E0,-1.460463107E-1,2.944868207E-1
2.158855904E1,9.531316757E0,-9.097966552E-2,3.447650373E-1
2.159059385E1,9.445125580E0,-5.506663769E-2,4.022258818E-1
2.159266270E1,9.354146004E0,-2.154781483E-2,4.405331016E-1
2.159469712E1,9.306262016E0,2.633621916E-2,4.620809257E-1
2.159676620E1,9.208099365E0,6.224924326E-2,4.932055473E-1
2.159880081E1,9.121908188E0,9.576806426E-2,5.267243981E-1
2.160080666E1,9.074024200E0,1.125274822E-1,5.386953950E-1
2.160293220E1,8.990227699E0,1.556231081E-1,5.650315881E-1
2.160483758E1,8.896853447E0,1.675941199E-1,5.961562395E-1
2.160683708E1,8.860940933E0,1.771709323E-1,6.057330370E-1
2.160890543E1,8.781931877E0,2.035071403E-1,6.224924326E-1
2.161093985E1,8.712499619E0,2.370259613E-1,6.536170840E-1
2.161300793E1,8.678980827E0,2.370259613E-1,6.679822803E-1
2.161504258E1,8.595184326E0,2.418143749E-1,6.775590777E-1
2.161711131E1,8.532935143E0,2.370259613E-1,6.799532771E-1
2.161914620E1,8.501810074E0,2.370259613E-1,6.943184733E-1
2.162115112E1,8.451532364E0,2.226607651E-1,7.206547260E-1
2.162316608E1,8.408436775E0,2.226607651E-1,7.254431248E-1
2.162523500E1,8.370129585E0,2.226607651E-1,7.326257229E-1
2.162727012E1,8.322244644E0,2.154781520E-1,7.517793179E-1
2.162933935E1,8.281543732E0,2.035071403E-1,7.613561153E-1
2.163137412E1,8.262390137E0,2.059013397E-1,7.685387731E-1
2.163344339E1,8.228871346E0,1.891419291E-1,7.876923680E-1
2.163547812E1,8.185775757E0,1.771709323E-1,8.212111592E-1
2.163754766E1,8.140285492E0,1.651999205E-1,8.523358107E-1
2.163958258E1,8.123526573E0,1.388636976E-1,8.667010069E-1
2.164158854E1,8.104372978E0,1.221042871E-1,8.834604025E-1
2.164359177E1,8.066065788E0,1.029506698E-1,8.882488012E-1
2.164566089E1,8.042123795E0,8.379705995E-2,9.026140571E-1
2.164769585E1,8.013393402E0,7.900865376E-2,9.050082564E-1
2.164976500E1,8.030152321E0,7.900865376E-2,9.097966552E-1
2.165180016E1,8.032546997E0,6.943184882E-2,9.097966552E-1
2.165386900E1,8.025363922E0,6.943184882E-2,9.074024558E-1
2.165590370E1,8.037335396E0,6.464344263E-2,8.978256583E-1
2.165797266E1,8.039729118E0,6.224924326E-2,9.002198577E-1
2.166000758E1,8.078036308E0,6.703764945E-2,9.050082564E-1
2.166201331E1,8.113949776E0,7.900865376E-2,8.882488012E-1
2.166413793E1,8.130708694E0,1.005564705E-1,8.786720037E-1
2.166604335E1,8.169015884E0,1.149216816E-1,8.619126081E-1
2.166804358E1,8.240841866E0,1.292868853E-1,8.475474119E-1
2.167011243E1,8.276755333E0,1.292868853E-1,8.427590132E-1
2.167214808E1,8.360552788E0,1.532289088E-1,8.379706144E-1
2.167421789E1,8.456320763E0,1.556231081E-1,8.379706144E-1
2.167625289E1,8.485051155E0,1.604115069E-1,8.427590132E-1
2.167832177E1,8.583212852E0,1.580173075E-1,8.643068075E-1
2.168035620E1,8.717288017E0,1.699883193E-1,8.906430602E-1
2.168236285E1,8.774748802E0,1.651999205E-1,9.074024558E-1
2.168455250E1,8.889671326E0,1.484405100E-1,9.457096457E-1
2.168638808E1,8.987833023E0,1.149216816E-1,9.720458984E-1
2.168838789E1,9.045293808E0,9.097966552E-2,9.624691010E-1
2.169045677E1,9.169792175E0,3.351882473E-2,9.576807022E-1
2.169249127E1,9.303867340E0,-3.591302410E-2,1.000776291E0
2.169455989E1,9.440337181E0,-6.703764945E-2,1.003170490E0
2.169659450E1,9.495404243E0,-1.197100878E-1,1.005564690E0
2.169866408E1,9.629479408E0,-1.915361285E-1,9.959878922E-1
2.170069789E1,9.787496567E0,-2.537853718E-1,9.672574997E-1
2.170270262E1,9.854534149E0,-2.920926213E-1,9.385270476E-1
2.170470416E1,9.971850395E0,-3.830722570E-1,8.523358107E-1
2.170677319E1,1.007719517E1,-4.692635238E-1,7.541735172E-1
2.170880839E1,1.012986755E1,-5.099649429E-1,7.015010715E-1
2.171087739E1,1.022563553E1,-5.889736414E-1,5.578489900E-1
2.171291185E1,1.032858658E1,-6.584054828E-1,3.974374831E-1
2.171493719E1,1.037886429E1,-6.895300746E-1,3.064578176E-1
2.171693700E1,1.049139214E1,-7.254431248E-1,1.173158810E-1
2.171900600E1,1.062786102E1,-7.685387731E-1,-8.379705995E-2
2.172104100E1,1.068532181E1,-7.757213712E-1,-1.795651317E-1
2.172304669E1,1.084573364E1,-7.900865674E-1,-3.687070608E-1
2.172505200E1,1.103008747E1,-8.044517636E-1,-5.315127969E-1
2.172712104E1,1.111867237E1,-8.092401624E-1,-6.009446383E-1
2.172915643E1,1.131499767E1,-8.020575643E-1,-7.015010715E-1
2.173122577E1,1.148498535E1,-8.307880163E-1,-7.469909191E-1
2.173326066E1,1.158314800E1,-8.379706144E-1,-7.422025204E-1
2.173533039E1,1.179144382E1,-8.595184088E-1,-6.727706790E-1
2.173736585E1,1.196382618E1,-8.714894056E-1,-5.602431893E-1
2.173943508E1,1.211705494E1,-8.858546019E-1,-4.884171486E-1
2.174147035E1,1.221282291E1,-9.241618514E-1,-2.896983922E-1
2.174350004E1,1.239957047E1,-9.816226959E-1,-3.112462163E-2
2.174562443E1,1.253604031E1,-1.067813993E0,2.753331959E-1
2.174752950E1,1.259350109E1,-1.108515382E0,4.333505034E-1
2.174952892E1,1.268448067E1,-1.218648672E0,7.757213712E-1
2.175159800E1,1.278024864E1,-1.266532660E0,1.158793569E0
2.175363196E1,1.282573891E1,-1.388636947E0,1.347935557E0
2.175570100E1,1.289756489E1,-1.493981838E0,1.742978811E0
2.175773604E1,1.293347740E1,-1.628057122E0,2.166752577E0
2.175980489E1,1.294066048E1,-1.699883223E0,2.379836559E0
2.176183942E1,1.295023727E1,-1.833958507E0,2.829946518E0
2.176386577E1,1.297178459E1,-1.965639591E0,3.289633036E0
2.176599119E1,1.295741940E1,-2.030282974E0,3.509899616E0
2.176789719E1,1.290714169E1,-2.164358377E0,3.933673382E0
2.176989704E1,1.279940224E1,-2.281674147E0,4.319139957E0
2.177196627E1,1.271560478E1,-2.343923569E0,4.501099110E0
2.177400123E1,1.255279922E1,-2.446874142E0,4.855441093E0
2.177607085E1,1.235647488E1,-2.573766708E0,5.161899090E0
2.177810627E1,1.224394703E1,-2.609679937E0,5.295974255E0
2.178017550E1,1.203086376E1,-2.664746523E0,5.559336185E0
2.178221123E1,1.177707863E1,-2.722207308E0,5.755661011E0
2.178424239E1,1.163103199E1,-2.731784105E0,5.829881191E0
2.178624435E1,1.136288166E1,-2.767697096E0,5.951985359E0
2.178831281E1,1.110909557E1,-2.774879694E0,6.038176537E0
2.179034785E1,1.097262669E1,-2.762908697E0,6.059724331E0
2.179241716E1,1.074757099E1,-2.738966703E0,6.069301128E0
2.179445216E1,1.050815105E1,-2.746149302E0,6.004657745E0
2.179652112E1,1.027591324E1,-2.738966703E0,5.904101372E0
2.179855604E1,1.017056847E1,-2.741360903E0,5.834669590E0
2.180062466E1,9.981427193E0,-2.722207308E0,5.676652431E0
2.180265916E1,9.811438560E0,-2.712630510E0,5.482721806E0
2.180468427E1,9.732429504E0,-2.722207308E0,5.370194435E0
2.180668762E1,9.591172218E0,-2.731784105E0,5.133168221E0
2.180875612E1,9.509769440E0,-2.693476915E0,4.845864296E0
2.181079093E1,9.495404243E0,-2.662352324E0,4.683058739E0
2.181285935E1,9.504981041E0,-2.607285738E0,4.319139957E0
2.181489427E1,9.586383820E0,-2.475604534E0,3.902548790E0
2.181696273E1,9.655815125E0,-2.403778553E0,3.667917013E0
2.181899766E1,9.859322548E0,-2.221819162E0,3.165134668E0
2.182106673E1,1.010592556E1,-2.001552582E0,2.628833532E0
2.182310127E1,1.024000072E1,-1.877054095E0,2.348711967E0
2.182510089E1,1.054645824E1,-1.604115129E0,1.802833915E0
2.182722746E1,1.090319443E1,-1.302445769E0,1.235408068E0
2.182913296E1,1.108754826E1,-1.146822572E0,9.433154464E-1
2.183113239E1,1.146583176E1,-8.427590132E-1,3.950432837E-1
2.183320131E1,1.185129833E1,-5.075707436E-1,-1.747767180E-1
2.183523593E1,1.204044056E1,-3.519476354E-1,-4.453215301E-1
2.183730539E1,1.242111874E1,0.000000000E0,-9.528923035E-1
2.183934062E1,1.274672985E1,3.160346150E-1,-1.484405041E0
2.184140958E1,1.307473564E1,6.057330370E-1,-2.008735180E0
2.184344396E1,1.323035812E1,7.565677166E-1,-2.243366957E0
2.184546846E1,1.357033539E1,1.058237195E0,-2.698265314E0
2.184765689E1,1.391031170E1,1.314416766E0,-3.119644880E0
2.184949166E1,1.407072353E1,1.438915253E0,-3.313575268E0
2.185149146E1,1.442027664E1,1.685518026E0,-3.679888010E0
2.185356050E1,1.477701283E1,1.881842494E0,-4.065354347E0
2.185559577E1,1.494460678E1,1.982398987E0,-4.256890774E0
2.185766489E1,1.526782417E1,2.173935175E0,-4.659116745E0
2.185969962E1,1.556709957E1,2.343923569E0,-5.109226227E0
2.186176804E1,1.570117474E1,2.422932148E0,-5.343858242E0
2.186380281E1,1.600763321E1,2.595314741E0,-5.813121796E0
2.186583169E1,1.625662994E1,2.779668093E0,-6.337451935E0
2.186783266E1,1.637633896E1,2.870647907E0,-6.607996464E0
2.186990169E1,1.659660530E1,3.031059265E0,-7.137115479E0
2.187193646E1,1.677617073E1,3.177105665E0,-7.682993412E0
2.187400531E1,1.682884407E1,3.258508444E0,-7.955932140E0
2.187604008E1,1.677617073E1,3.380612850E0,-8.470685959E0
2.187810912E1,1.673068237E1,3.452438831E0,-9.018958092E0
2.188014408E1,1.673068237E1,3.483563423E0,-9.258378029E0
2.188221331E1,1.677377701E1,3.567360640E0,-9.662998199E0
2.188424808E1,1.681926727E1,3.646369219E0,-9.909601212E0
2.188627489E1,1.674265289E1,3.667917013E0,-1.004367638E1
2.188827862E1,1.668040276E1,3.636792421E0,-1.007001209E1
2.189034750E1,1.647450256E1,3.598485231E0,-1.000536919E1
2.189238246E1,1.610100555E1,3.478775024E0,-9.861717224E0
2.189445166E1,1.589031696E1,3.406949043E0,-9.768342972E0
2.189648666E1,1.536838055E1,3.224989653E0,-9.509769440E0
2.189855566E1,1.478898430E1,3.011905670E0,-9.220070839E0
2.190059019E1,1.446576691E1,2.887407303E0,-9.071630478E0
2.190265858E1,1.380975533E1,2.576161146E0,-8.781931877E0
2.190469350E1,1.310346603E1,2.217030764E0,-8.520963669E0
2.190672185E1,1.278503704E1,2.013523579E0,-8.410830498E0
2.190884512E1,1.220563984E1,1.572990537E0,-8.226476669E0
2.191075131E1,1.167412758E1,1.161187768E0,-8.054094315E0
2.191275139E1,1.141794777E1,9.481038451E-1,-7.972691536E0
2.191481985E1,1.098699188E1,5.530605912E-1,-7.821856976E0
2.191685446E1,1.060631371E1,1.795651317E-1,-7.682993412E0
2.191892408E1,1.044829655E1,9.576806799E-3,-7.623138428E0
2.192095877E1,1.017775154E1,-2.920926213E-1,-7.493851185E0
2.192302827E1,9.967061996E0,-5.841852427E-1,-7.323863029E0
2.192506366E1,9.873687744E0,-7.134721279E-1,-7.220912457E0
2.192708919E1,9.691728592E0,-9.792284966E-1,-6.998251438E0
2.192921604E1,9.509769440E0,-1.244984865E0,-6.727706909E0
2.193112185E1,9.404424667E0,-1.369483352E0,-6.574477673E0
2.193312169E1,9.145850182E0,-1.599326730E0,-6.241683960E0
2.193519092E1,8.889671326E0,-1.790862918E0,-5.863399982E0
2.193722589E1,8.607154846E0,-1.889025092E0,-5.468356609E0
2.193929496E1,8.473079681E0,-2.085349798E0,-5.276820660E0
2.194132981E1,8.202534676E0,-2.252943754E0,-4.829104900E0
2.194339935E1,7.915230751E0,-2.410961151E0,-4.395754337E0
2.194543435E1,7.773972988E0,-2.473210335E0,-4.192247391E0
2.194746500E1,7.534552574E0,-2.604891539E0,-3.725377798E0
2.194946646E1,7.287950039E0,-2.719813108E0,-3.260902643E0
2.195153704E1,7.180211067E0,-2.782062292E0,-3.052607059E0
2.195357177E1,6.952761650E0,-2.916137695E0,-2.621650934E0
2.195564158E1,6.768408298E0,-3.021482468E0,-2.207453966E0
2.195767677E1,6.670246124E0,-3.074155092E0,-2.008735180E0
2.195970185E1,6.471527100E0,-3.181894064E0,-1.625662923E0
2.196170200E1,6.291962147E0,-3.277662039E0,-1.355118155E0
2.196377173E1,6.198588371E0,-3.306392431E0,-1.254561663E0
2.196580704E1,6.057330132E0,-3.363853455E0,-1.070208192E0
2.196783396E1,5.963956356E0,-3.442862034E0,-8.523358107E-1
2.196983889E1,5.954379559E0,-3.464409828E0,-7.493851185E-1
2.197190777E1,5.961562157E0,-3.502717018E0,-6.153098345E-1
2.197394269E1,6.007051945E0,-3.483563423E0,-5.267243981E-1
2.197601235E1,6.047753334E0,-3.464409828E0,-4.764461517E-1
2.197804823E1,6.174646378E0,-3.392583847E0,-3.854664862E-1
2.198011739E1,6.325480938E0,-3.275267839E0,-3.184288144E-1
2.198215227E1,6.476315498E0,-3.083731890E0,-2.920926213E-1
2.198422146E1,6.562506676E0,-2.968810081E0,-2.849099934E-1
2.198625639E1,6.734889507E0,-2.686294317E0,-2.896983922E-1
2.198828535E1,6.873753071E0,-2.384624958E0,-3.184288144E-1
2.199041035E1,6.952761650E0,-2.224213362E0,-3.519476354E-1
2.199231619E1,7.065289021E0,-1.900996208E0,-4.716577232E-1
2.199431608E1,7.168240070E0,-1.556231141E0,-6.296750307E-1
2.199638469E1,7.213729858E0,-1.388636947E0,-7.278373241E-1
2.199841942E1,7.292738438E0,-1.058237195E0,-9.433154464E-1
2.200048769E1,7.359776020E0,-7.326257229E-1,-1.156399369E0
2.200252189E1,7.400477409E0,-5.698199868E-1,-1.256955862E0
2.200459096E1,7.477091789E0,-2.466027737E-1,-1.477222443E0
2.200662546E1,7.584830761E0,6.464344263E-2,-1.678335428E0
2.200865035E1,7.635109425E0,2.106897533E-1,-1.778891921E0
2.201084042E1,7.740454197E0,5.003881454E-1,-1.958456993E0
2.201267627E1,7.852981567E0,8.092401624E-1,-2.123656988E0
2.201467623E1,7.917624950E0,9.672574997E-1,-2.221819162E0
2.201674485E1,8.073247910E0,1.278503656E0,-2.389413357E0
2.201877939E1,8.255207062E0,1.565807939E0,-2.557007313E0
2.202084839E1,8.348581314E0,1.711854219E0,-2.645592928E0
2.202288327E1,8.564059258E0,2.020706177E0,-2.796427488E0
2.202495266E1,8.781931877E0,2.317587137E0,-2.942473888E0
2.202698731E1,9.011775017E0,2.458845139E0,-3.014299870E0
2.202901650E1,9.145850182E0,2.762908697E0,-3.160346270E0
2.203101785E1,9.406818390E0,3.055001259E0,-3.292027235E0
2.203308700E1,9.648633003E0,3.189076662E0,-3.435679436E0
2.203512192E1,9.770736694E0,3.440467834E0,-3.497928619E0
2.203719119E1,1.000776291E1,3.699041605E0,-3.608062029E0
2.203922631E1,1.023760605E1,3.933673382E0,-3.703830004E0
2.204129535E1,1.034534550E1,4.060565948E0,-3.763684988E0
2.204333031E1,1.052969933E1,4.311957359E0,-3.878606796E0
2.204539912E1,1.071405220E1,4.527435303E0,-3.974374771E0
2.204743396E1,1.081939793E1,4.632780075E0,-4.015076160E0
2.204946046E1,1.101332760E1,4.795586109E0,-4.086902142E0
2.205146350E1,1.117613316E1,4.970362663E0,-4.173093796E0
2.205353254E1,1.124556541E1,5.037400246E0,-4.220977783E0
2.205556754E1,1.136767006E1,5.193023682E0,-4.288015366E0
2.205763588E1,1.143231297E1,5.336675644E0,-4.338293552E0
2.205967031E1,1.143710136E1,5.377377033E0,-4.367023945E0
2.206173904E1,1.137724686E1,5.439626217E0,-4.429273129E0
2.206377300E1,1.129105568E1,5.458779812E0,-4.443638325E0
2.206584162E1,1.109233665E1,5.453991413E0,-4.414907932E0
2.206787592E1,1.098459721E1,5.394136429E0,-4.395754337E0
2.206990508E1,1.076193619E1,5.305551052E0,-4.352658749E0
2.207202942E1,1.051772785E1,5.157110691E0,-4.316745758E0
2.207393492E1,1.039562416E1,5.066130638E0,-4.307168961E0
2.207593438E1,1.014902115E1,4.850652695E0,-4.271255970E0
2.207800300E1,9.892841339E0,4.608838081E0,-4.235342979E0
2.208003777E1,9.773131371E0,4.469974518E0,-4.209006786E0
2.208210569E1,9.540893555E0,4.180276394E0,-4.132391930E0
2.208414012E1,9.318233490E0,3.878606796E0,-4.031835556E0
2.208620850E1,9.184157372E0,3.703830004E0,-3.981557369E0
2.208824327E1,8.925583839E0,3.335123062E0,-3.869029999E0
2.209026942E1,8.643068314E0,2.980781078E0,-3.718195200E0
2.209239608E1,8.511386871E0,2.801215887E0,-3.629609823E0
2.209430196E1,8.240841866E0,2.427720547E0,-3.462015629E0
2.209630223E1,7.999027729E0,2.025494576E0,-3.256114244E0
2.209837142E1,7.884106159E0,1.817199111E0,-3.138798475E0
2.210040623E1,7.656657219E0,1.405396342E0,-2.885013103E0
2.210247562E1,7.424419403E0,1.005564690E0,-2.619256735E0
2.210451035E1,7.307103634E0,8.020575643E-1,-2.480392933E0
2.210657900E1,7.094019413E0,3.758896589E-1,-2.219424963E0
2.210861312E1,6.868964672E0,-4.788403213E-2,-1.953668594E0
2.211064158E1,6.749254704E0,-2.585737705E-1,-1.821987510E0
2.211264227E1,6.545747280E0,-6.703764796E-1,-1.544260144E0
2.211471104E1,6.325480938E0,-1.051054597E0,-1.312022567E0
2.211674538E1,6.229712963E0,-1.264138460E0,-1.206677675E0
2.211881396E1,6.023811340E0,-1.673547029E0,-9.864110947E-1
2.212084769E1,5.829881191E0,-2.051830769E0,-7.709329724E-1
2.212291650E1,5.657498837E0,-2.432508945E0,-5.578489900E-1
2.212495135E1,5.561730385E0,-2.616862535E0,-4.525041282E-1
2.212701973E1,5.360617638E0,-2.935291290E0,-2.346317619E-1
2.212905446E1,5.214571476E0,-3.234566450E0,-9.576806799E-3
2.213108042E1,5.147533417E0,-3.387795448E0,1.005564705E-1
2.213308335E1,5.104437828E0,-3.677493811E0,2.801215947E-1
2.213515231E1,5.066130638E0,-3.981557369E0,4.405331016E-1
2.213718727E1,5.032611847E0,-4.127603531E0,5.099649429E-1
2.213925662E1,5.013458252E0,-4.400542736E0,6.153098345E-1
2.214129154E1,5.018246651E0,-4.649539471E0,7.374141216E-1
2.214336058E1,5.042188644E0,-4.781220913E0,7.900865674E-1
2.214539562E1,5.073313236E0,-5.006275654E0,8.978256583E-1
2.214746523E1,5.094861031E0,-5.214571476E0,9.768342972E-1
2.214950042E1,5.128379822E0,-5.315127850E0,1.007958889E0
2.215152973E1,5.183446884E0,-5.504269600E0,1.079784989E0
2.215365392E1,5.260061264E0,-5.674258232E0,1.127668977E0
2.215555927E1,5.317522049E0,-5.753266811E0,1.149216771E0
2.215755892E1,5.434837818E0,-5.896918774E0,1.168370485E0
2.215962812E1,5.588066578E0,-5.999869347E0,1.175553083E0
2.216166269E1,5.729324818E0,-6.038176537E0,1.175553083E0
2.216373231E1,5.810727596E0,-6.078877926E0,1.134851575E0
2.216576685E1,5.975927353E0,-6.076483727E0,1.086967587E0
2.216783569E1,6.193799973E0,-6.081272125E0,1.034295082E0
2.216987019E1,6.311115742E0,-6.071695328E0,9.888052940E-1
2.217190165E1,6.540958881E0,-6.014234543E0,8.954314590E-1
2.217409092E1,6.794744492E0,-5.923254967E0,8.307880163E-1
2.217592619E1,6.924031258E0,-5.863399982E0,7.876923680E-1
2.217792565E1,7.170634270E0,-5.700594425E0,7.038952708E-1
2.217999481E1,7.407660007E0,-5.506663799E0,6.536170840E-1
2.218202896E1,7.522581577E0,-5.396530628E0,6.368576288E-1
2.218409796E1,7.747636795E0,-5.123591423E0,6.033388376E-1
2.218613365E1,7.967903137E0,-4.829104900E0,5.770025849E-1
2.218820227E1,8.085219383E0,-4.673481941E0,5.674257874E-1
2.219023688E1,8.293514252E0,-4.350264549E0,5.482721925E-1
2.219223669E1,8.439560890E0,-3.991134167E0,5.291185975E-1
2.219423781E1,8.511386871E0,-3.828328609E0,5.147533417E-1
2.219630662E1,8.647856712E0,-3.502717018E0,4.932055473E-1
2.219834142E1,8.750806808E0,-3.205836058E0,4.453215301E-1
2.220041015E1,8.808267593E0,-3.050212860E0,4.213795066E-1
2.220244481E1,8.963891029E0,-2.731784105E0,3.591302633E-1
2.220446915E1,9.102754593E0,-2.439691544E0,2.944868207E-1
2.220646808E1,9.160215378E0,-2.303221941E0,2.537853718E-1
2.220853700E1,9.301473618E0,-2.020706177E0,1.795651317E-1
2.221057150E1,9.445125580E0,-1.740584612E0,1.173158810E-1
2.221260396E1,9.502586365E0,-1.596932530E0,8.140286058E-2
2.221460854E1,9.619902611E0,-1.347935557E0,7.182605099E-3
2.221667781E1,9.701305389E0,-1.103726983E0,-5.985504389E-2
2.221871250E1,9.746794701E0,-9.720458984E-1,-1.244984865E-1
2.222078150E1,9.763554573E0,-6.943184733E-1,-1.580173075E-1
2.222281646E1,9.792284966E0,-4.525041282E-1,-2.322375625E-1
2.222488546E1,9.818621635E0,-2.154781520E-1,-3.136404157E-1
2.222692023E1,9.830592155E0,-9.337386489E-2,-3.399766386E-1
2.222898962E1,9.849745750E0,1.484405100E-1,-3.926490843E-1
2.223102446E1,9.868899345E0,3.711012602E-1,-4.644751251E-1
2.223302419E1,9.897629738E0,4.668693244E-1,-5.075707436E-1
2.223514758E1,9.974244118E0,6.392518282E-1,-5.985504389E-1
2.223705292E1,1.001973438E1,8.164227605E-1,-6.871358752E-1
2.223905273E1,1.003888798E1,8.882488012E-1,-7.326257229E-1
2.224112196E1,1.005804157E1,1.034295082E0,-8.379706144E-1
2.224315654E1,1.004128170E1,1.165976286E0,-9.457096457E-1
2.224522531E1,1.001015759E1,1.230619669E0,-1.005564690E0
2.224725989E1,9.959878922E0,1.359906554E0,-1.103726983E0
2.224932927E1,9.888052940E0,1.479616642E0,-1.216254473E0
2.225136454E1,9.852140427E0,1.532289028E0,-1.268926859E0
2.225339715E1,9.775525093E0,1.618480325E0,-1.352723956E0
2.225552427E1,9.691728592E0,1.661576033E0,-1.434126854E0
2.225742962E1,9.639056206E0,1.663970232E0,-1.462857246E0
2.225943015E1,9.560047150E0,1.680729628E0,-1.498770237E0
2.226149919E1,9.473855972E0,1.666364431E0,-1.520318031E0
2.226353358E1,9.433155060E0,1.644816518E0,-1.513135433E0
2.226560292E1,9.366117477E0,1.599326730E0,-1.493981838E0
2.226763742E1,9.325415611E0,1.517923832E0,-1.472434044E0
2.226970685E1,9.303867340E0,1.410184860E0,-1.417367458E0
2.227174146E1,9.287108421E0,1.355118155E0,-1.393425345E0
2.227374131E1,9.277531624E0,1.199495077E0,-1.352723956E0
2.227574269E1,9.270348549E0,1.113303781E0,-1.288080573E0
2.227781150E1,9.263166428E0,9.648633003E-1,-1.256955862E0
2.227984615E1,9.248801231E0,8.020575643E-1,-1.180341482E0
2.228191489E1,9.236829758E0,6.129156351E-1,-1.098938584E0
2.228394985E1,9.234436035E0,5.075707436E-1,-1.053448796E0
2.228601877E1,9.224859238E0,3.303998411E-1,-9.696516991E-1
2.228805350E1,9.203310966E0,1.244984865E-1,-8.738836050E-1
2.229012238E1,9.186552048E0,2.154781483E-2,-8.283938169E-1
2.229215723E1,9.153033257E0,-1.843535304E-1,-7.254431248E-1
2.229416346E1,9.143456459E0,-3.998316824E-1,-5.937620401E-1
2.229616631E1,9.136273384E0,-5.075707436E-1,-5.267243981E-1
2.229823465E1,9.131484985E0,-7.326257229E-1,-3.902548850E-1
2.230026896E1,9.160215378E0,-9.744400978E-1,-2.896983922E-1
2.230233750E1,9.184157372E0,-1.094150186E0,-2.394201756E-1
2.230437204E1,9.255983353E0,-1.343147159E0,-1.340752989E-1
2.230644092E1,9.318233490E0,-1.577778935E0,4.788403399E-3
2.230847550E1,9.390059471E0,-1.704671621E0,6.943184882E-2
2.231054427E1,9.435548782E0,-1.958456993E0,1.795651317E-1
2.231257885E1,9.512163162E0,-2.212242365E0,3.064578176E-1
2.231457827E1,9.581595421E0,-2.341529369E0,4.405331016E-1
2.231670227E1,9.619902611E0,-2.604891539E0,4.955997467E-1
2.231860773E1,9.701305389E0,-2.846705914E0,5.937620401E-1
2.232060727E1,9.756371498E0,-2.966415882E0,6.512228847E-1
2.232267638E1,9.787496567E0,-3.208230257E0,7.541735172E-1
2.232471092E1,9.864110947E0,-3.447650433E0,8.259995580E-1
2.232677923E1,9.919178009E0,-3.655946016E0,8.978256583E-1
2.232881404E1,9.943120003E0,-3.746925592E0,9.313444495E-1
2.233088338E1,9.983820915E0,-3.904942989E0,9.888052940E-1
2.233291819E1,1.004367638E1,-4.067748547E0,1.048660398E0
2.233494935E1,1.007480049E1,-4.165910721E0,1.070208192E0
2.233715577E1,1.015141487E1,-4.326322556E0,1.103726983E0
2.233899162E1,1.023042393E1,-4.453215122E0,1.144428372E0
2.234099131E1,1.027112484E1,-4.501099110E0,1.161187768E0
2.234306077E1,1.035013390E1,-4.618414879E0,1.187524080E0
2.234509562E1,1.046505547E1,-4.687847137E0,1.221042871E0
2.234716458E1,1.052251625E1,-4.702212334E0,1.223437071E0
2.234919931E1,1.063743782E1,-4.735731125E0,1.247379065E0
2.235126854E1,1.078108978E1,-4.747702122E0,1.285686255E0
2.235330338E1,1.083855152E1,-4.726154327E0,1.300051570E0
2.235533242E1,1.098220348E1,-4.642356873E0,1.340752959E0
2.235733519E1,1.109233665E1,-4.493916512E0,1.386242747E0
2.235940408E1,1.112585545E1,-4.395754337E0,1.393425345E0
2.236143873E1,1.120725822E1,-4.180276394E0,1.405396342E0
2.236350773E1,1.127668953E1,-3.919308186E0,1.429338455E0
2.236554212E1,1.134133339E1,-3.778050184E0,1.450886250E0
2.236761104E1,1.137964058E1,-3.466804028E0,1.462857246E0
2.236964565E1,1.146343803E1,-3.167528868E0,1.493981838E0
2.237171392E1,1.151611042E1,-2.837129116E0,1.517923832E0
2.237374858E1,1.154005241E1,-2.664746523E0,1.534683347E0
2.237577431E1,1.158075333E1,-2.348711967E0,1.558625340E0
2.237777654E1,1.163342571E1,-2.042253971E0,1.568202138E0
2.237984554E1,1.166215611E1,-1.884236693E0,1.570596337E0
2.238188046E1,1.171482849E1,-1.563413739E0,1.572990537E0
2.238394981E1,1.176510715E1,-1.280897856E0,1.549048543E0
2.238598481E1,1.178904915E1,-1.154005170E0,1.532289028E0
2.238805396E1,1.185129833E1,-8.786720037E-1,1.496376038E0
2.239008912E1,1.190397072E1,-5.913678408E-1,1.450886250E0
2.239215850E1,1.194706631E1,-4.668693244E-1,1.422155857E0
2.239419385E1,1.203565216E1,-2.130839527E-1,1.371877551E0
2.239622531E1,1.211944866E1,2.873042040E-2,1.309628367E0
2.239834877E1,1.220803452E1,2.489969730E-1,1.225831270E0
2.240025419E1,1.225591850E1,3.615244627E-1,1.175553083E0
2.240225365E1,1.237562847E1,6.129156351E-1,1.039083481E0
2.240432235E1,1.242830086E1,7.206547260E-1,9.552865028E-1
2.240635735E1,1.255040550E1,9.265560508E-1,7.685387731E-1
2.240842615E1,1.267011547E1,1.132457376E0,5.793967843E-1
2.241046096E1,1.280419064E1,1.335964561E0,3.495534360E-1
2.241252919E1,1.287841129E1,1.431732655E0,2.106897533E-1
2.241456412E1,1.303403378E1,1.630451322E0,-6.703764945E-2
2.241658950E1,1.318726254E1,1.802833915E0,-3.687070608E-1
2.241871531E1,1.326866627E1,1.886630893E0,-5.315127969E-1
2.242062062E1,1.345301914E1,2.059013367E0,-8.355764151E-1
2.242262023E1,1.361582470E1,2.176329374E0,-1.127668977E0
2.242468881E1,1.368286228E1,2.224213362E0,-1.273715258E0
2.242672338E1,1.379299641E1,2.341529369E0,-1.539471745E0
2.242879188E1,1.390073490E1,2.415749550E0,-1.805228114E0
2.243082588E1,1.395819569E1,2.434903145E0,-1.953668594E0
2.243289431E1,1.399171448E1,2.485181332E0,-2.245761156E0
2.243492896E1,1.398932076E1,2.533065319E0,-2.568978310E0
2.243695996E1,1.398692608E1,2.557007313E0,-2.734178305E0
2.243895973E1,1.392946529E1,2.588132143E0,-3.081337690E0
2.244102850E1,1.385285091E1,2.578555346E0,-3.447650433E0
2.244306331E1,1.380017853E1,2.559401512E0,-3.629609823E0
2.244513235E1,1.365413189E1,2.475604534E0,-4.007893562E0
2.244716746E1,1.349132633E1,2.334346771E0,-4.378994942E0
2.244919188E1,1.340752983E1,2.250549555E0,-4.556165695E0
2.245119208E1,1.319444561E1,2.066195965E0,-4.884171486E0
2.245326073E1,1.296939087E1,1.807622313E0,-5.216965675E0
2.245529562E1,1.278024864E1,1.644816518E0,-5.382165432E0
2.245732196E1,1.270842266E1,1.271321058E0,-5.679046631E0
2.245932550E1,1.259110641E1,8.331822157E-1,-5.990292549E0
2.246139435E1,1.248815632E1,6.177040339E-1,-6.287173748E0
2.246342931E1,1.245463753E1,1.843535304E-1,-6.438008308E0
2.246549819E1,1.240196514E1,-2.585737705E-1,-6.746860504E0
2.246753281E1,1.232056236E1,-6.799532771E-1,-7.079654217E0
2.246960200E1,1.228704357E1,-8.858546019E-1,-7.266402245E0
2.247163692E1,1.225831223E1,-1.288080573E0,-7.651868820E0
2.247370577E1,1.223915863E1,-1.654393315E0,-8.042123795E0
2.247574096E1,1.225591850E1,-1.838746905E0,-8.255207062E0
2.247777138E1,1.226310158E1,-2.185906172E0,-8.671798706E0
2.247989373E1,1.229183197E1,-2.528276920E0,-9.085995674E0
2.248179869E1,1.231337929E1,-2.688688517E0,-9.282320023E0
2.248379815E1,1.232535076E1,-2.975992680E0,-9.658209801E0
2.248586684E1,1.231816769E1,-3.248931646E0,-1.001015759E1
2.248790169E1,1.231577396E1,-3.390189648E0,-1.017535686E1
2.248997096E1,1.227746677E1,-3.682282209E0,-1.047942066E1
2.249200577E1,1.228704357E1,-3.983951569E0,-1.071884060E1
2.249407527E1,1.229901409E1,-4.110844135E0,-1.080982113E1
2.249611088E1,1.231337929E1,-4.352658749E0,-1.097502041E1
2.249813581E1,1.238041687E1,-4.580107689E0,-1.109473038E1
2.250032484E1,1.248097324E1,-4.771644115E0,-1.115219116E1
2.250216058E1,1.252167511E1,-4.865017891E0,-1.114740276E1
2.250416134E1,1.259110641E1,-5.027823448E0,-1.106121159E1
2.250623162E1,1.262223148E1,-5.085284233E0,-1.097980881E1
2.250826742E1,1.270363426E1,-5.111620426E0,-1.074996567E1
2.251033727E1,1.274672985E1,-5.013458252E0,-1.040520096E1
2.251237319E1,1.265335560E1,-4.776432514E0,-9.904812813E0
2.251444331E1,1.255279922E1,-4.599261284E0,-9.600749016E0
2.251647908E1,1.224394703E1,-4.146757126E0,-8.872911453E0
2.251851123E1,1.184411621E1,-3.687070608E0,-8.001421928E0
2.252051254E1,1.161666679E1,-3.459621429E0,-7.548917770E0
2.252258184E1,1.111388397E1,-2.995146275E0,-6.629544735E0
2.252461742E1,1.061349583E1,-2.535459518E0,-5.679046631E0
2.252668688E1,1.035971069E1,-2.312798738E0,-5.209783077E0
2.252872238E1,9.818621635E0,-1.857900500E0,-4.350264549E0
2.253079215E1,9.258378029E0,-1.417367458E0,-3.564966440E0
2.253282796E1,8.997409821E0,-1.204283476E0,-3.191470861E0
2.253489815E1,8.554482460E0,-7.924807668E-1,-2.518700123E0
2.253693334E1,8.147468567E0,-3.711012602E-1,-1.946485996E0
2.253895954E1,7.953537941E0,-1.723825186E-1,-1.675941229E0
2.254096188E1,7.659051418E0,2.035071403E-1,-1.118092179E0
2.254303104E1,7.467514992E0,5.291185975E-1,-5.841852427E-1
2.254506558E1,7.388506413E0,6.943184733E-1,-3.327940404E-1
2.254713534E1,7.278373241E0,1.019929886E0,1.508347094E-1
2.254917038E1,7.211335659E0,1.307234168E0,6.057330370E-1
2.255123965E1,7.182605267E0,1.561019540E0,1.017535686E0
2.255327473E1,7.206547260E0,1.685518026E0,1.213860273E0
2.255534411E1,7.314286232E0,1.896207690E0,1.575384736E0
2.255737923E1,7.436390400E0,2.073378563E0,1.872265697E0
2.255937942E1,7.510610580E0,2.133233786E0,2.008735180E0
2.256150477E1,7.668628216E0,2.229001760E0,2.238578558E0
2.256341165E1,7.826645374E0,2.310404539E0,2.375048161E0
2.256541208E1,7.920019150E0,2.322375536E0,2.406172752E0
2.256748173E1,8.116343498E0,2.303221941E0,2.398990154E0
2.256951711E1,8.305485725E0,2.219424963E0,2.308010340E0
2.257158669E1,8.408436775E0,2.138022184E0,2.243366957E0
2.257362223E1,8.619126320E0,1.903390408E0,2.032677174E0
2.257569158E1,8.793902397E0,1.608903527E0,1.747767210E0
2.257772611E1,8.872911453E0,1.429338455E0,1.592144132E0
2.257975550E1,9.033323288E0,1.060631394E0,1.259350061E0
2.258188154E1,9.181763649E0,6.775590777E-1,9.026140571E-1
2.258378819E1,9.267954826E0,4.764461517E-1,7.326257229E-1
2.258578850E1,9.428366661E0,8.858546615E-2,3.926490843E-1
2.258785719E1,9.572018623E0,-3.112462163E-1,8.858546615E-2
2.258989177E1,9.631873131E0,-5.147533417E-1,-5.985504389E-2
2.259196042E1,9.744400978E0,-9.026140571E-1,-3.160346150E-1
2.259399550E1,9.825803757E0,-1.292868972E0,-5.506663918E-1
2.259606465E1,9.914389610E0,-1.493981838E0,-7.517793179E-1
2.259809896E1,9.952696800E0,-1.886630893E0,-8.427590132E-1
2.260009865E1,1.004607010E1,-2.276885748E0,-1.017535686E0
2.260209854E1,1.010831928E1,-2.461239338E0,-1.094150186E0
2.260416788E1,1.013465595E1,-2.832340717E0,-1.221042871E0
2.260620246E1,1.017056847E1,-3.193865061E0,-1.335964561E0
2.260827158E1,1.024000072E1,-3.567360640E0,-1.398213744E0
2.261030577E1,1.025675964E1,-3.725377798E0,-1.410184860E0
2.261237408E1,1.025436592E1,-4.055777550E0,-1.424550056E0
2.261440842E1,1.024000072E1,-4.371812344E0,-1.422155857E0
2.261647715E1,1.023042393E1,-4.527435303E0,-1.403002143E0
2.261851158E1,1.020169353E1,-4.814739704E0,-1.352723956E0
2.262054273E1,1.013944435E1,-5.080495834E0,-1.273715258E0
2.262254446E1,1.010113716E1,-5.214571476E0,-1.221042871E0
2.262461319E1,1.003170490E1,-5.449203014E0,-1.113303781E0
2.262664788E1,9.902418137E0,-5.640739441E0,-1.005564690E0
2.262871669E1,9.828198433E0,-5.705382824E0,-9.433154464E-1
2.263075134E1,9.677363396E0,-5.846640587E0,-8.283938169E-1
2.263282008E1,9.519346237E0,-5.954379559E0,-7.182605267E-1
2.263485427E1,9.337387085E0,-6.007051945E0,-6.560112834E-1
2.263692335E1,9.246406555E0,-6.124367714E0,-5.698199868E-1
2.263895827E1,9.078812599E0,-6.227318764E0,-4.908113480E-1
2.264095865E1,8.860940933E0,-6.268020153E0,-4.477157295E-1
2.264308211E1,8.738836288E0,-6.335057735E0,-4.237737060E-1
2.264498785E1,8.516175270E0,-6.358999729E0,-3.782838583E-1
2.264698804E1,8.324639320E0,-6.358999729E0,-3.543418646E-1
2.264905731E1,8.221688271E0,-6.358999729E0,-3.208230138E-1
2.265109231E1,8.018181801E0,-6.342240334E0,-2.681505978E-1
2.265316185E1,7.800309181E0,-6.256049156E0,-2.513911724E-1
2.265519723E1,7.692570210E0,-6.157886982E0,-2.418143749E-1
2.265726654E1,7.465120792E0,-5.858611584E0,-1.939303428E-1
2.265930154E1,7.283161640E0,-5.463568211E0,-1.364694983E-1
2.266132654E1,7.211335659E0,-5.243301868E0,-1.125274822E-1
2.266351588E1,7.067683220E0,-4.805162907E0,-3.112462163E-2
2.266535215E1,6.909666061E0,-4.362235546E0,1.675941236E-2
2.266735231E1,6.840234280E0,-4.146757126E0,3.351882473E-2
2.266942158E1,6.689399719E0,-3.708618402E0,5.027823523E-2
2.267145631E1,6.524199486E0,-3.292027235E0,3.830722719E-2
2.267352527E1,6.449979305E0,-3.095702887E0,2.154781483E-2
2.267556004E1,6.318298340E0,-2.681505919E0,-1.436521020E-2
2.267762892E1,6.181828976E0,-2.267308950E0,-7.422025502E-2
2.267966327E1,6.105214119E0,-2.051830769E0,-1.149216816E-1
2.268169431E1,5.951985359E0,-1.635239720E0,-1.819593310E-1
2.268369411E1,5.808333397E0,-1.237802267E0,-2.442085743E-1
2.268576242E1,5.753266811E0,-1.036689281E0,-2.729389966E-1
2.268779708E1,5.655104637E0,-6.368576288E-1,-3.375824392E-1
2.268986550E1,5.600037575E0,-2.705447972E-1,-4.094084799E-1
2.269190146E1,5.523423195E0,-8.858546615E-2,-4.429273009E-1
2.269392711E1,5.504269600E0,2.753331959E-1,-4.572925270E-1
2.269592719E1,5.449203014E0,6.033388376E-1,-4.932055473E-1
2.269799638E1,5.413290024E0,9.457096457E-1,-4.908113480E-1
2.270003123E1,5.398924828E0,1.120486379E0,-4.860229492E-1
2.270205665E1,5.420472622E0,1.455674648E0,-4.812345505E-1
2.270406108E1,5.442020416E0,1.776497602E0,-4.620809257E-1
2.270613027E1,5.458779812E0,1.927332401E0,-4.525041282E-1
2.270816523E1,5.530605793E0,2.217030764E0,-4.429273009E-1
2.271023411E1,5.602431774E0,2.504334927E0,-4.453215301E-1
2.271226904E1,5.655104637E0,2.631227732E0,-4.477157295E-1
2.271433827E1,5.762843609E0,2.896984100E0,-4.357447028E-1
2.271637277E1,5.901707172E0,3.134010077E0,-4.381389022E-1
2.271844188E1,5.978321552E0,3.244143248E0,-4.357447028E-1
2.272047681E1,6.131550789E0,3.462015629E0,-4.477157295E-1
2.272250808E1,6.263231754E0,3.643975019E0,-4.884171486E-1
2.272463077E1,6.347028732E0,3.720589399E0,-5.195417404E-1
2.272653581E1,6.517016888E0,3.847482204E0,-5.937620401E-1
2.272853527E1,6.701370716E0,3.957615376E0,-6.631938815E-1
2.273060411E1,6.792350292E0,4.012681961E0,-6.919242740E-1
2.273263888E1,6.950367451E0,4.101267338E0,-7.445967197E-1
2.273470742E1,7.105990410E0,4.134786129E0,-8.020575643E-1
2.273674219E1,7.187393665E0,4.149151325E0,-8.403648138E-1
2.273881104E1,7.354987621E0,4.127603531E0,-9.097966552E-1
2.274084584E1,7.515398979E0,4.070142746E0,-9.935936928E-1
2.274287184E1,7.678205013E0,4.017470360E0,-1.074996591E0
2.274499684E1,7.762001991E0,3.885789394E0,-1.127668977E0
2.274690154E1,7.934384346E0,3.703830004E0,-1.218648672E0
2.274890115E1,8.015787125E0,3.591302633E0,-1.259350061E0
2.275097069E1,8.176198959E0,3.375824451E0,-1.345541358E0
2.275300558E1,8.372523308E0,3.145981073E0,-1.424550056E0
2.275507461E1,8.532935143E0,2.916137695E0,-1.479616642E0
2.275710973E1,8.602366447E0,2.786850691E0,-1.496376038E0
2.275917892E1,8.774748802E0,2.557007313E0,-1.539471745E0
2.276121384E1,8.918401718E0,2.324769735E0,-1.575384736E0
2.276321400E1,8.963891029E0,2.219424963E0,-1.587355733E0
2.276521427E1,9.071630478E0,1.975216389E0,-1.577778935E0
2.276728269E1,9.188945770E0,1.745373011E0,-1.534683347E0
2.276931769E1,9.234436035E0,1.628057122E0,-1.508347034E0
2.277138631E1,9.332598686E0,1.410184860E0,-1.438915253E0
2.277342158E1,9.399636269E0,1.197100878E0,-1.333570361E0
2.277549069E1,9.416395187E0,1.086967587E0,-1.276109457E0
2.277752631E1,9.473855972E0,9.074024558E-1,-1.154005170E0
2.277959554E1,9.509769440E0,7.158663273E-1,-1.012747288E0
2.278163073E1,9.512163162E0,6.057330370E-1,-9.385270476E-1
2.278366381E1,9.531316757E0,4.309563041E-1,-7.876923680E-1
2.278566650E1,9.538499832E0,2.657563984E-1,-6.344634295E-1
2.278773604E1,9.533711433E0,1.891419291E-1,-5.482721925E-1
2.278977134E1,9.536105156E0,3.591302410E-2,-3.567360640E-1
2.279184073E1,9.514557838E0,-1.173158810E-1,-1.891419291E-1
2.279387600E1,9.473855972E0,-2.657563984E-1,1.436521020E-2
2.279594546E1,9.461885452E0,-3.327940404E-1,1.149216816E-1
2.279798031E1,9.421183586E0,-4.453215301E-1,2.968810201E-1
2.280004973E1,9.394847870E0,-5.554547906E-1,5.123591423E-1
2.280208519E1,9.366117477E0,-6.177040339E-1,6.129156351E-1
2.280408558E1,9.325415611E0,-7.254431248E-1,8.307880163E-1
2.280620892E1,9.289502144E0,-8.283938169E-1,1.022324085E0
2.280811515E1,9.253589630E0,-8.595184088E-1,1.110909581E0
2.281011519E1,9.184157372E0,-9.217676520E-1,1.283292055E0
2.281218469E1,9.121908188E0,-9.624691010E-1,1.438915253E0
2.281421919E1,9.105149269E0,-9.911994934E-1,1.513135433E0
2.281628815E1,9.059659004E0,-1.036689281E0,1.685518026E0
2.281832300E1,9.028534889E0,-1.084573388E0,1.855506301E0
2.282039161E1,9.002198219E0,-1.108515382E0,1.932120800E0
2.282242608E1,8.968679428E0,-1.137245774E0,2.080561161E0
2.282445758E1,8.904036522E0,-1.154005170E0,2.229001760E0
2.282664569E1,8.870517731E0,-1.182735682E0,2.348711967E0
2.282848211E1,8.853757858E0,-1.201889277E0,2.413355350E0
2.283048161E1,8.815450668E0,-1.233013868E0,2.516305923E0
2.283255031E1,8.786720276E0,-1.252167463E0,2.549824715E0
2.283458431E1,8.738836288E0,-1.280897856E0,2.597708941E0
2.283665342E1,8.698134422E0,-1.292868972E0,2.612074137E0
2.283868808E1,8.671798706E0,-1.302445769E0,2.619256735E0
2.284075654E1,8.664615631E0,-1.304839969E0,2.624045134E0
2.284279081E1,8.633491516E0,-1.292868972E0,2.612074137E0
2.284479054E1,8.607154846E0,-1.309628367E0,2.588132143E0
2.284679288E1,8.597578049E0,-1.347935557E0,2.576161146E0
2.284886204E1,8.568847656E0,-1.345541358E0,2.576161146E0
2.285089677E1,8.528146744E0,-1.335964561E0,2.568978310E0
2.285296527E1,8.516175270E0,-1.326387763E0,2.564189911E0
2.285500081E1,8.508993149E0,-1.333570361E0,2.549824715E0
2.285706950E1,8.475474358E0,-1.319205165E0,2.540247917E0
2.285910411E1,8.453926086E0,-1.300051570E0,2.528276920E0
2.286117277E1,8.446743965E0,-1.276109457E0,2.501940727E0
2.286320746E1,8.453926086E0,-1.254561663E0,2.473210335E0
2.286520738E1,8.458714485E0,-1.249773264E0,2.456450939E0
2.286721027E1,8.453926086E0,-1.204283476E0,2.425326347E0
2.286927931E1,8.453926086E0,-1.173158884E0,2.363077164E0
2.287131396E1,8.461109161E0,-1.158793569E0,2.322375536E0
2.287338334E1,8.446743965E0,-1.101332784E0,2.233790159E0
2.287541780E1,8.432378769E0,-1.048660398E0,2.118868589E0
2.287748696E1,8.432378769E0,-1.024718285E0,2.042253971E0
2.287952177E1,8.473079681E0,-9.768342972E-1,1.884236693E0
2.288159069E1,8.497021675E0,-9.289502501E-1,1.704671621E0
2.288362531E1,8.542511940E0,-9.097966552E-1,1.532289028E0
2.288563065E1,8.590395927E0,-8.595184088E-1,1.446097851E0
2.288775400E1,8.678980827E0,-7.948749661E-1,1.271321058E0
2.288965900E1,8.777143478E0,-7.589619160E-1,1.201889277E0
2.289166038E1,8.844181061E0,-6.799532771E-1,1.046266198E0
2.289373008E1,8.963891029E0,-6.248866320E-1,9.074024558E-1
2.289576584E1,9.085995674E0,-5.841852427E-1,7.996633649E-1
2.289783580E1,9.143456459E0,-5.722141862E-1,7.493851185E-1
2.289987108E1,9.246406555E0,-5.339069963E-1,6.751648784E-1
2.290194081E1,9.354146004E0,-5.003881454E-1,6.105214357E-1
2.290397642E1,9.399636269E0,-4.812345505E-1,5.746083856E-1
2.290601031E1,9.459490776E0,-4.644751251E-1,5.267243981E-1
2.290815315E1,9.540893555E0,-4.189853072E-1,4.860229492E-1
2.291005934E1,9.583989143E0,-3.950432837E-1,4.716577232E-1
2.291205923E1,9.698910713E0,-3.495534360E-1,4.525041282E-1
2.291412850E1,9.852140427E0,-2.944868207E-1,4.692635238E-1
2.291616304E1,9.950302124E0,-2.585737705E-1,4.812345505E-1
2.291823246E1,1.021127033E1,-2.059013397E-1,5.339069963E-1
2.292026773E1,1.054166985E1,-1.651999205E-1,5.913678408E-1
2.292233692E1,1.074038887E1,-1.556231081E-1,6.320692301E-1
2.292437169E1,1.120486355E1,-1.460463107E-1,7.302315235E-1
2.292640146E1,1.168609810E1,-1.436520964E-1,8.882488012E-1
2.292840215E1,1.194227791E1,-1.532289088E-1,9.672574997E-1
2.293047119E1,1.246900272E1,-1.628057212E-1,1.127668977E0
2.293250619E1,1.298375607E1,-2.082955539E-1,1.328781962E0
2.293457561E1,1.343147182E1,-2.370259613E-1,1.544260144E0
2.293661069E1,1.363497829E1,-3.016694188E-1,1.656787634E0
2.293863684E1,1.402283955E1,-3.806780577E-1,1.886630893E0
2.294063677E1,1.437957573E1,-4.429273009E-1,2.133233786E0
2.294270557E1,1.453040981E1,-5.458779931E-1,2.257732153E0
2.294474061E1,1.478180122E1,-6.847416759E-1,2.492363930E0
2.294676665E1,1.494460678E1,-8.690952063E-1,2.710236311E0
2.294877296E1,1.500446224E1,-9.624691010E-1,2.810792685E0
2.295084211E1,1.507389355E1,-1.175553083E0,2.975992680E0
2.295287707E1,1.505713463E1,-1.386242747E0,3.083731890E0
2.295494627E1,1.503798103E1,-1.491587639E0,3.124433279E0
2.295698111E1,1.496615505E1,-1.683123827E0,3.160346270E0
2.295904981E1,1.487278080E1,-1.862688899E0,3.160346270E0
2.296108465E1,1.483447361E1,-1.936909199E0,3.136404276E0
2.296315442E1,1.475546551E1,-2.054224968E0,3.038241863E0
2.296518892E1,1.470758057E1,-2.183511972E0,2.863465309E0
2.296721831E1,1.468603325E1,-2.238578558E0,2.741360903E0
2.296934119E1,1.465490818E1,-2.324769735E0,2.449268341E0
2.297124746E1,1.466927338E1,-2.408566952E0,2.085349798E0
2.297324742E1,1.468124485E1,-2.442085743E0,1.872265697E0
2.297531723E1,1.469800377E1,-2.487575531E0,1.424550056E0
2.297735273E1,1.470758057E1,-2.501940727E0,9.241618514E-1
2.297942242E1,1.471236992E1,-2.499546528E0,6.799532771E-1
2.298145754E1,1.475785923E1,-2.485181332E0,2.035071403E-1
2.298352677E1,1.479137802E1,-2.446874142E0,-2.418143749E-1
2.298556177E1,1.481771469E1,-2.384624958E0,-6.488286853E-1
2.298758673E1,1.484883881E1,-2.363077164E0,-8.379706144E-1
2.298977504E1,1.489911747E1,-2.262520552E0,-1.173158884E0
2.299161034E1,1.490869427E1,-2.202665567E0,-1.470039845E0
2.299361027E1,1.490629959E1,-2.094926596E0,-1.596932530E0
2.299567957E1,1.491108799E1,-1.991975784E0,-1.841141105E0
2.299771446E1,1.484883881E1,-1.884236693E0,-2.097320795E0
2.299978323E1,1.479616642E1,-1.814804912E0,-2.219424963E0
2.300181792E1,1.465730286E1,-1.668758631E0,-2.499546528E0
2.300388650E1,1.446097851E1,-1.529894829E0,-2.782062292E0
2.300592096E1,1.436042213E1,-1.443703651E0,-2.920926094E0
2.300795238E1,1.415691471E1,-1.307234168E0,-3.236960649E0
2.300995192E1,1.395340729E1,-1.192312479E0,-3.596091032E0
2.301202050E1,1.386242771E1,-1.142034173E0,-3.780444384E0
2.301405542E1,1.366610336E1,-1.036689281E0,-4.122815132E0
2.301612404E1,1.348174953E1,-9.528923035E-1,-4.477157116E0
2.301815815E1,1.339076996E1,-9.074024558E-1,-4.647145271E0
2.302022657E1,1.320881081E1,-8.307880163E-1,-4.967968464E0
2.302226034E1,1.302685165E1,-7.805097699E-1,-5.274426460E0
2.302432869E1,1.286404610E1,-7.613561153E-1,-5.413290024E0
2.302636257E1,1.277785492E1,-7.230489254E-1,-5.674258232E0
2.302838846E1,1.260786629E1,-6.799532771E-1,-5.899312973E0
2.303039019E1,1.252646351E1,-6.512228847E-1,-5.995080948E0
2.303245857E1,1.237802315E1,-5.817909837E-1,-6.191405773E0
2.303449323E1,1.221521664E1,-5.099649429E-1,-6.382941723E0
2.303656157E1,1.203804588E1,-4.237737060E-1,-6.562506676E0
2.303859573E1,1.196143150E1,-3.711012602E-1,-6.643909931E0
2.304066407E1,1.180102062E1,-2.753331959E-1,-6.797138691E0
2.304269838E1,1.164539719E1,-1.675941199E-1,-6.938396454E0
2.304476692E1,1.157357121E1,-1.197100878E-1,-7.007828236E0
2.304680123E1,1.142513084E1,-3.112462163E-2,-7.137115479E0
2.304883050E1,1.126711273E1,7.182604820E-2,-7.247248650E0
2.305095269E1,1.120246983E1,1.053448766E-1,-7.285555840E0
2.305285811E1,1.105163479E1,1.819593310E-1,-7.335834026E0
2.305485838E1,1.087925243E1,2.466027737E-1,-7.335834026E0
2.305692715E1,1.077630138E1,2.753331959E-1,-7.311892033E0
2.305896207E1,1.057758331E1,3.112462163E-1,-7.237671852E0
2.306103100E1,1.037168217E1,3.471592367E-1,-7.132327080E0
2.306306511E1,1.026154804E1,3.495534360E-1,-7.072471619E0
2.306513396E1,1.001015759E1,3.303998411E-1,-6.916848660E0
2.306716873E1,9.777919769E0,3.136404157E-1,-6.737283707E0
2.306919527E1,9.655815125E0,2.896983922E-1,-6.643909931E0
2.307131957E1,9.397241592E0,2.585737705E-1,-6.447585106E0
2.307322527E1,9.203310966E0,2.322375625E-1,-6.236895561E0
2.307522523E1,9.119514465E0,1.987187415E-1,-6.131550789E0
2.307729454E1,8.954314232E0,1.699883193E-1,-5.904101372E0
2.307932904E1,8.851364136E0,1.340752989E-1,-5.645527840E0
2.308139765E1,8.769960403E0,1.149216816E-1,-5.353435040E0
2.308343261E1,8.729259491E0,6.943184882E-2,-5.190629482E0
2.308550146E1,8.686163902E0,3.351882473E-2,-4.826710701E0
2.308753611E1,8.688557625E0,7.182605099E-3,-4.455609322E0
2.308956592E1,8.705317497E0,-1.436521020E-2,-4.252102375E0
2.309156796E1,8.746018410E0,-5.985504389E-2,-3.835511208E0
2.309363727E1,8.815450668E0,-1.077390760E-1,-3.363853455E0
2.309567200E1,8.875306129E0,-1.364694983E-1,-3.124433279E0
2.309774227E1,8.983044624E0,-1.675941199E-1,-2.626439333E0
2.309977734E1,9.107542992E0,-1.819593310E-1,-2.082955360E0
2.310184673E1,9.179368973E0,-1.987187415E-1,-1.819593310E0
2.310388177E1,9.323021889E0,-2.274491638E-1,-1.350329757E0
2.310595154E1,9.454702377E0,-2.202665508E-1,-9.026140571E-1
2.310798684E1,9.516951561E0,-2.106897533E-1,-6.991068721E-1
2.311001942E1,9.631873131E0,-2.035071403E-1,-3.351882398E-1
2.311202146E1,9.758766174E0,-1.771709323E-1,-4.309562966E-2
2.311409073E1,9.818621635E0,-1.628057212E-1,8.379705995E-2
2.311612592E1,9.909601212E0,-1.244984865E-1,2.777273953E-1
2.311819550E1,9.986215591E0,-7.422025502E-2,4.046200812E-1
2.312023027E1,1.002691650E1,-1.197100803E-2,4.620809257E-1
2.312229984E1,1.004367638E1,1.675941236E-2,4.548983276E-1
2.312433504E1,1.009874249E1,1.005564705E-1,3.902548850E-1
2.312640488E1,1.016099167E1,2.178723514E-1,2.753331959E-1
2.312844054E1,1.017296314E1,2.896983922E-1,1.987187415E-1
2.313044088E1,1.016338634E1,4.333505034E-1,0.000000000E0
2.313256515E1,1.016338634E1,5.722141862E-1,-2.322375625E-1
2.313447042E1,1.015859795E1,6.440402865E-1,-3.399766386E-1
2.313647050E1,1.018493366E1,8.140285611E-1,-5.770025849E-1
2.313853965E1,1.022084713E1,9.888052940E-1,-8.044517636E-1
2.314057457E1,1.020887566E1,1.082179189E0,-9.121908545E-1
2.314264357E1,1.015859795E1,1.266532660E0,-1.132457376E0
2.314467873E1,1.011789608E1,1.438915253E0,-1.333570361E0
2.314674842E1,1.008437729E1,1.522712231E0,-1.417367458E0
2.314878373E1,1.004607010E1,1.716642618E0,-1.599326730E0
2.315081542E1,1.000536919E1,1.920149803E0,-1.802833915E0
2.315300519E1,9.950302124E0,2.090138197E0,-1.989581585E0
2.315484169E1,9.921571732E0,2.176329374E0,-2.082955360E0
2.315684196E1,9.813833237E0,2.360682964E0,-2.255337954E0
2.315891123E1,9.753977776E0,2.461239338E0,-2.336740971E0
2.316094615E1,9.639056206E0,2.671929121E0,-2.480392933E0
2.316301573E1,9.545681953E0,2.858676910E0,-2.616862535E0
2.316505069E1,9.500192642E0,2.944868088E0,-2.667140722E0
2.316712054E1,9.399636269E0,3.102885485E0,-2.741360903E0
2.316915588E1,9.315838814E0,3.241749048E0,-2.786850691E0
2.317115557E1,9.244012833E0,3.308786631E0,-2.796427488E0
2.317315623E1,9.191340446E0,3.418920040E0,-2.810792685E0
2.317522534E1,9.093177795E0,3.514688015E0,-2.801215887E0
2.317726065E1,8.985439301E0,3.615244627E0,-2.741360903E0
2.317932965E1,8.937555313E0,3.658340216E0,-2.698265314E0
2.318136457E1,8.817844391E0,3.670311213E0,-2.597708941E0
2.318338907E1,8.734047890E0,3.639186621E0,-2.513911724E0
2.318538942E1,8.681375504E0,3.608062029E0,-2.454056740E0
2.318745838E1,8.590395927E0,3.509899616E0,-2.343923569E0
2.318949369E1,8.549694061E0,3.385401249E0,-2.245761156E0
2.319149419E1,8.535328865E0,3.306392431E0,-2.185906172E0
2.319349880E1,8.540117264E0,3.126827478E0,-2.068590164E0
2.319556819E1,8.535328865E0,2.913743496E0,-1.951274395E0
2.319760354E1,8.552088737E0,2.796427488E0,-1.891419291E0
2.319967319E1,8.547300339E0,2.549824715E0,-1.798045516E0
2.320170811E1,8.537723541E0,2.305616140E0,-1.699883223E0
2.320377669E1,8.547300339E0,2.178723574E0,-1.647210717E0
2.320581161E1,8.549694061E0,1.903390408E0,-1.568202138E0
2.320788050E1,8.549694061E0,1.625662923E0,-1.517923832E0
2.320991546E1,8.542511940E0,1.470039845E0,-1.489193439E0
2.321192054E1,8.518569946E0,1.158793569E0,-1.448492050E0
2.321404388E1,8.465897560E0,8.427590132E-1,-1.412579060E0
2.321594957E1,8.425195694E0,6.847416759E-1,-1.398213744E0
2.321794961E1,8.336610794E0,3.495534360E-1,-1.364694953E0
2.322001834E1,8.192957878E0,4.788403399E-3,-1.340752959E0
2.322205327E1,8.116343498E0,-1.508347094E-1,-1.328781962E0
2.322412169E1,7.936778545E0,-4.357447028E-1,-1.304839969E0
2.322615611E1,7.735665798E0,-7.062895298E-1,-1.295263171E0
2.322822480E1,7.541735172E0,-9.552865028E-1,-1.261744261E0
2.323025954E1,7.436390400E0,-1.084573388E0,-1.233013868E0
2.323228565E1,7.237671852E0,-1.321599364E0,-1.199495077E0
2.323441092E1,7.053318024E0,-1.541865945E0,-1.161187768E0
2.323631657E1,6.967126846E0,-1.656787634E0,-1.139639974E0
2.323831615E1,6.789956093E0,-1.872265697E0,-1.079784989E0
2.324038538E1,6.603208065E0,-2.099714994E0,-9.983820915E-1
2.324241927E1,6.512228489E0,-2.195482969E0,-9.576807022E-1
2.324448884E1,6.332663536E0,-2.394201756E0,-8.667010069E-1
2.324652396E1,6.153098583E0,-2.588132143E0,-7.565677166E-1
2.324859307E1,6.066906929E0,-2.664746523E0,-6.919242740E-1
2.325062838E1,5.920860767E0,-2.827552319E0,-5.674257874E-1
2.325266004E1,5.774814606E0,-2.995146275E0,-4.596867263E-1
2.325466211E1,5.712565422E0,-3.090914488E0,-4.237737060E-1
2.325673146E1,5.631162167E0,-3.248931646E0,-3.375824392E-1
2.325876619E1,5.607220173E0,-3.371036053E0,-2.442085743E-1
2.326083538E1,5.609614372E0,-3.423708439E0,-1.939303428E-1
2.326287057E1,5.585672379E0,-3.529053211E0,-6.943184882E-2
2.326493927E1,5.554547787E0,-3.629609823E0,1.197100803E-2
2.326697423E1,5.525817394E0,-3.675099611E0,5.985504389E-2
2.326904373E1,5.487510204E0,-3.768473387E0,1.580173075E-1
2.327107930E1,5.497087002E0,-3.873818398E0,2.466027737E-1
2.327310592E1,5.477933407E0,-3.964797974E0,3.543418646E-1
2.327510888E1,5.480327606E0,-4.005499363E0,4.070142806E-1
2.327717823E1,5.501875401E0,-4.074931145E0,4.979939461E-1
2.327921330E1,5.501875401E0,-4.134786129E0,5.985504389E-1
2.328128311E1,5.528211594E0,-4.180276394E0,6.416460276E-1
2.328331838E1,5.573701382E0,-4.242525578E0,6.967126727E-1
2.328538769E1,5.609614372E0,-4.290409565E0,7.350199223E-1
2.328742315E1,5.633556366E0,-4.309563160E0,7.469909191E-1
2.328949269E1,5.719748020E0,-4.338293552E0,7.685387731E-1
2.329152776E1,5.863399982E0,-4.345476151E0,7.613561153E-1
2.329355750E1,5.963956356E0,-4.340687752E0,7.637503147E-1
2.329568130E1,6.181828976E0,-4.316745758E0,7.541735172E-1
2.329758777E1,6.426037312E0,-4.304774761E0,7.206547260E-1
2.329958757E1,6.567295074E0,-4.295197964E0,7.134721279E-1
2.330165654E1,6.888118267E0,-4.261679173E0,6.991068721E-1
2.330369100E1,7.177816868E0,-4.201824188E0,6.655880809E-1
2.330575973E1,7.338228226E0,-4.151545525E0,6.584054828E-1
2.330779419E1,7.661445618E0,-4.046200752E0,6.200982332E-1
2.330986338E1,7.960720539E0,-3.919308186E0,5.889736414E-1
2.331189838E1,8.236053467E0,-3.852270603E0,5.722141862E-1
2.331392396E1,8.360552788E0,-3.670311213E0,5.386953950E-1
2.331611334E1,8.616731644E0,-3.476380825E0,5.147533417E-1
2.331794965E1,8.839392662E0,-3.378218651E0,5.075707436E-1
2.331995038E1,8.947132111E0,-3.157952070E0,5.027823448E-1
2.332201992E1,9.162610054E0,-2.916137695E0,5.123591423E-1
2.332405527E1,9.342175484E0,-2.791639090E0,4.908113480E-1
2.332612507E1,9.421183586E0,-2.513911724E0,4.812345505E-1
2.332816088E1,9.588777542E0,-2.248155355E0,4.716577232E-1
2.333023057E1,9.737217903E0,-1.965639591E0,4.596867263E-1
2.333226596E1,9.816226959E0,-1.819593310E0,4.548983276E-1
2.333426626E1,9.952696800E0,-1.551442742E0,4.261679053E-1
2.333626642E1,1.007240677E1,-1.285686255E0,3.830722570E-1
2.333833642E1,1.012986755E1,-1.149216771E0,3.711012602E-1
2.334037146E1,1.024239445E1,-9.002198577E-1,3.232172430E-1
2.334244077E1,1.032858658E1,-6.368576288E-1,2.825157940E-1
2.334447600E1,1.037886429E1,-5.051765442E-1,2.585737705E-1
2.334654550E1,1.045547867E1,-2.537853718E-1,2.202665508E-1
2.334858057E1,1.052491093E1,4.788403399E-3,1.651999205E-1
2.335064992E1,1.055603504E1,1.149216816E-1,1.436520964E-1
2.335268550E1,1.061589050E1,3.567360640E-1,1.149216816E-1
2.335471892E1,1.063025570E1,5.817909837E-1,8.379705995E-2
2.335672192E1,1.060152531E1,6.823474765E-1,6.224924326E-2
2.335879173E1,1.054406452E1,9.217676520E-1,2.633621916E-2
2.336082726E1,1.048181534E1,1.151610970E0,1.675941236E-2
2.336289669E1,1.035971069E1,1.347935557E0,0.000000000E0
2.336493134E1,1.029746151E1,1.453280449E0,-2.394201700E-3
2.336700127E1,1.017056847E1,1.651999116E0,9.576806799E-3
2.336903653E1,1.001015759E1,1.845929503E0,1.675941236E-2
2.337110634E1,9.928754807E0,1.934514999E0,2.873042040E-2
2.337314176E1,9.758766174E0,2.102109194E0,5.267243832E-2
2.337514203E1,9.627084732E0,2.243366957E0,8.140286058E-2
2.337726596E1,9.545681953E0,2.300827742E0,9.576806426E-2
2.337917334E1,9.361329079E0,2.401384354E0,1.508347094E-1
2.338117427E1,9.174580574E0,2.497152328E0,2.178723514E-1
2.338324307E1,9.085995674E0,2.540247917E0,2.561795712E-1
2.338527850E1,8.901641846E0,2.624045134E0,3.399766386E-1
2.338734780E1,8.736441612E0,2.681505919E0,4.381389022E-1
2.338938330E1,8.647856712E0,2.703053713E0,5.027823448E-1
2.339145296E1,8.475474358E0,2.736572504E0,6.200982332E-1
2.339348857E1,8.315062523E0,2.753331900E0,7.445967197E-1
2.339552176E1,8.245630264E0,2.738966703E0,8.068459630E-1
2.339764834E1,8.133103371E0,2.688688517E0,9.409212470E-1
2.339955446E1,8.027758598E0,2.631227732E0,1.072602391E0
2.340155534E1,7.996633530E0,2.585737944E0,1.120486379E0
2.340362530E1,7.929595947E0,2.470816135E0,1.194706678E0
2.340566053E1,7.900865555E0,2.315192938E0,1.256955862E0
2.340773034E1,7.874529362E0,2.231395960E0,1.283292055E0
2.340976557E1,7.867346764E0,2.027888775E0,1.359906554E0
2.341183488E1,7.850587368E0,1.788468719E0,1.438915253E0
2.341387011E1,7.874529362E0,1.503558636E0,1.532289028E0
2.341586976E1,7.900865555E0,1.343147159E0,1.572990537E0
2.341787011E1,7.941566944E0,1.007958889E0,1.640028119E0
2.341993942E1,7.982268333E0,6.392518282E-1,1.702277422E0
2.342197427E1,8.010998726E0,4.596867263E-1,1.719036818E0
2.342404342E1,8.078036308E0,9.337386489E-2,1.750161409E0
2.342607857E1,8.159439087E0,-2.777273953E-1,1.754949808E0
2.342810434E1,8.204929352E0,-4.453215301E-1,1.745373011E0
2.343010446E1,8.336610794E0,-7.757213712E-1,1.721431017E0
2.343217380E1,8.451532364E0,-1.110909581E0,1.683123827E0
2.343420911E1,8.523358345E0,-1.276109457E0,1.651999116E0
2.343624200E1,8.667010307E0,-1.604115129E0,1.589749932E0
2.343826288E1,8.832210541E0,-1.922544003E0,1.553836942E0
2.344033246E1,8.911218643E0,-2.092532396E0,1.539471745E0
2.344236800E1,9.100360870E0,-2.430114746E0,1.517923832E0
2.344443738E1,9.296685219E0,-2.777273893E0,1.482010841E0
2.344647265E1,9.385271072E0,-2.928108692E0,1.467645645E0
2.344854188E1,9.574412346E0,-3.220201254E0,1.446097851E0
2.345057673E1,9.758766174E0,-3.533841610E0,1.436521053E0
2.345264600E1,9.952696800E0,-3.687070608E0,1.446097851E0
2.345468119E1,1.003170490E1,-3.969586372E0,1.443703651E0
2.345671103E1,1.020648193E1,-4.199429989E0,1.474828243E0
2.345883442E1,1.035971069E1,-4.438849926E0,1.520318031E0
2.346073973E1,1.045787334E1,-4.556165695E0,1.553836942E0
2.346273950E1,1.064462090E1,-4.797980309E0,1.628057122E0
2.346480869E1,1.082418633E1,-4.960785866E0,1.719036818E0
2.346684453E1,1.090080070E1,-5.054159641E0,1.769315004E0
2.346891427E1,1.102769279E1,-5.226542473E0,1.891419291E0
2.347094957E1,1.115219116E1,-5.386953831E0,2.027888775E0
2.347301926E1,1.120007515E1,-5.446808815E0,2.094926596E0
2.347505515E1,1.129105568E1,-5.523423195E0,2.240972757E0
2.347708165E1,1.134133339E1,-5.576095581E0,2.367865562E0
2.347927119E1,1.135569859E1,-5.588066578E0,2.422932148E0
2.348110750E1,1.137964058E1,-5.592854977E0,2.521094322E0
2.348310807E1,1.136048698E1,-5.530605793E0,2.588132143E0
2.348517761E1,1.135091019E1,-5.473145008E0,2.612074137E0
2.348721292E1,1.132696819E1,-5.298368454E0,2.640804529E0
2.348928246E1,1.128626728E1,-5.085284233E0,2.645592928E0
2.349131792E1,1.123838234E1,-4.941632271E0,2.647987127E0
2.349338784E1,1.115937424E1,-4.647145271E0,2.616862535E0
2.349542338E1,1.108036518E1,-4.328716755E0,2.578555346E0
2.349745557E1,1.104445267E1,-4.161122322E0,2.559401512E0
2.349945661E1,1.095586681E1,-3.840299606E0,2.501940727E0
2.350152665E1,1.086728191E1,-3.495534420E0,2.454056740E0
2.350356227E1,1.083136845E1,-3.325546265E0,2.422932148E0
2.350563219E1,1.077151299E1,-2.985569477E0,2.365471363E0
2.350766784E1,1.074038887E1,-2.662352324E0,2.293645144E0
2.350973892E1,1.073081207E1,-2.317587137E0,2.197877169E0
2.351177469E1,1.074517727E1,-2.149993181E0,2.147598982E0
2.351384484E1,1.081700325E1,-1.807622313E0,2.035071373E0
2.351588069E1,1.094150162E1,-1.484405041E0,1.896207690E0
2.351791465E1,1.102051067E1,-1.333570361E0,1.824381709E0
2.351991815E1,1.117613316E1,-1.048660398E0,1.666364431E0
2.352198788E1,1.136767006E1,-7.829039693E-1,1.515529633E0
2.352402338E1,1.147540855E1,-6.488286853E-1,1.431732655E0
2.352609307E1,1.173398209E1,-3.926490843E-1,1.264138460E0
2.352812857E1,1.201649857E1,-1.651999205E-1,1.106121182E0
2.353019834E1,1.214817905E1,-5.746084079E-2,1.019929886E0
2.353223415E1,1.242351246E1,1.628057212E-1,8.475474119E-1
2.353430361E1,1.269166279E1,3.567360640E-1,6.847416759E-1
2.353633880E1,1.282334423E1,4.548983276E-1,5.961562395E-1
2.353837107E1,1.306755257E1,6.560112834E-1,3.926490843E-1
2.354049407E1,1.326148319E1,8.523358107E-1,1.795651317E-1
2.354239907E1,1.334528065E1,9.433154464E-1,5.027823523E-2
2.354439926E1,1.349850941E1,1.098938584E0,-2.274491638E-1
2.354646873E1,1.363018990E1,1.230619669E0,-5.650315881E-1
2.354850403E1,1.369004536E1,1.280897856E0,-9.528923035E-1
2.355057342E1,1.370919895E1,1.355118155E0,-1.163581967E0
2.355260926E1,1.373792934E1,1.426944256E0,-1.568202138E0
2.355467892E1,1.376905441E1,1.453280449E0,-1.975216389E0
2.355671442E1,1.379060173E1,1.450886250E0,-2.185906172E0
2.355874130E1,1.379060173E1,1.398213744E0,-2.590526342E0
2.356086653E1,1.381693840E1,1.259350061E0,-2.990357876E0
2.356277234E1,1.382651520E1,1.180341482E0,-3.191470861E0
2.356477300E1,1.384566879E1,9.983820915E-1,-3.596091032E0
2.356684261E1,1.387439919E1,7.637503147E-1,-3.983951569E0
2.356887788E1,1.386482239E1,6.416460276E-1,-4.158728123E0
2.357094788E1,1.385045719E1,3.950432837E-1,-4.491522312E0
2.357298334E1,1.385285091E1,9.097966552E-2,-4.824316502E0
2.357505269E1,1.385763931E1,-5.985504389E-2,-4.996698856E0
2.357708796E1,1.386003399E1,-3.639186621E-1,-5.363011837E0
2.357912046E1,1.386482239E1,-6.560112834E-1,-5.741295815E0
2.358112219E1,1.387679291E1,-7.972691655E-1,-5.949591160E0
2.358319192E1,1.390073490E1,-1.094150186E0,-6.363788128E0
2.358522746E1,1.393904209E1,-1.367089152E0,-6.777985096E0
2.358729757E1,1.393904209E1,-1.501164436E0,-6.988674641E0
2.358933326E1,1.393664837E1,-1.728613615E0,-7.407660007E0
2.359140307E1,1.388397598E1,-1.929726601E0,-7.805097580E0
2.359343876E1,1.380496693E1,-2.126051188E0,-8.164227486E0
2.359550846E1,1.375708294E1,-2.209848166E0,-8.322244644E0
2.359754403E1,1.366370869E1,-2.355894566E0,-8.578424454E0
2.359957084E1,1.352245140E1,-2.489969730E0,-8.753201485E0
2.360157411E1,1.346020222E1,-2.559401512E0,-8.808267593E0
2.360364373E1,1.331655025E1,-2.688688517E0,-8.841787338E0
2.360567942E1,1.311304283E1,-2.772485495E0,-8.798690796E0
2.360774919E1,1.299812126E1,-2.813186884E0,-8.729259491E0
2.360978469E1,1.273715305E1,-2.846705914E0,-8.588001251E0
2.361185453E1,1.243548393E1,-2.834734917E0,-8.396465302E0
2.361388992E1,1.226788998E1,-2.827552319E0,-8.274360657E0
2.361595946E1,1.193030739E1,-2.760514498E0,-7.948749542E0
2.361799503E1,1.159511852E1,-2.640804529E0,-7.539340973E0
2.362002465E1,1.141794777E1,-2.568978310E0,-7.340622425E0
2.362214784E1,1.101811600E1,-2.398990154E0,-6.943184853E0
2.362405369E1,1.063983250E1,-2.164358377E0,-6.536170483E0
2.362605434E1,1.044111347E1,-2.035071373E0,-6.291962147E0
2.362812400E1,1.008916569E1,-1.790862918E0,-5.786785603E0
2.363015957E1,9.758766174E0,-1.515529633E0,-5.264849663E0
2.363222938E1,9.430760384E0,-1.386242747E0,-4.764461517E0
2.363426546E1,9.296685219E0,-1.113303781E0,-4.522646904E0
2.363633542E1,9.009381294E0,-8.164227605E-1,-4.060565948E0
2.363837100E1,8.729259491E0,-5.339069963E-1,-3.610456228E0
2.364039665E1,8.609549522E0,-4.022258818E-1,-3.373430252E0
2.364258669E1,8.453926086E0,-1.628057212E-1,-2.911349297E0
2.364442334E1,8.336610794E0,4.309562966E-2,-2.444479942E0
2.364642292E1,8.286332130E0,1.388636976E-1,-2.231395960E0
2.364849226E1,8.176198959E0,3.256114423E-1,-1.843535304E0
2.365052750E1,8.128314972E0,5.171475410E-1,-1.486799240E0
2.365259669E1,8.104372978E0,6.057330370E-1,-1.316810966E0
2.365463169E1,8.092401505E0,7.493851185E-1,-9.816226959E-1
2.365670107E1,8.147468567E0,8.858546019E-1,-6.536170840E-1
2.365873619E1,8.192957878E0,9.528923035E-1,-4.884171486E-1
2.366076773E1,8.324639320E0,1.082179189E0,-1.723825186E-1
2.366276792E1,8.470685959E0,1.192312479E0,1.268926859E-1
2.366483692E1,8.561665535E0,1.244984865E0,2.681505978E-1
2.366687219E1,8.784325600E0,1.355118155E0,5.722141862E-1
2.366894065E1,9.052476883E0,1.426944256E0,8.714894056E-1
2.367097576E1,9.193734169E0,1.450886250E0,1.005564690E0
2.367300065E1,9.469067574E0,1.529894829E0,1.261744261E0
2.367500088E1,9.746794701E0,1.570596337E0,1.484405041E0
2.367706965E1,9.876082420E0,1.577778935E0,1.580173135E0
2.367910438E1,1.013465595E1,1.582567334E0,1.721431017E0
2.368113038E1,1.036689377E1,1.539471745E0,1.790862918E0
2.368313534E1,1.048899746E1,1.498770237E0,1.802833915E0
2.368520519E1,1.072123528E1,1.388636947E0,1.776497602E0
2.368724042E1,1.093910789E1,1.216254473E0,1.673547029E0
2.368930946E1,1.114500904E1,9.840168953E-1,1.515529633E0
2.369134472E1,1.123838234E1,8.571242094E-1,1.417367458E0
2.369341430E1,1.141794777E1,5.913678408E-1,1.182735682E0
2.369544969E1,1.155920601E1,2.968810201E-1,9.433154464E-1
2.369751907E1,1.161666679E1,1.244984865E-1,8.236053586E-1
2.369955415E1,1.174116516E1,-2.011129409E-1,5.865794420E-1
2.370155426E1,1.181059742E1,-5.458779931E-1,3.399766386E-1
2.370367746E1,1.184890461E1,-7.206547260E-1,2.298433632E-1
2.370558396E1,1.187284660E1,-1.084573388E0,1.675941236E-2
2.370758388E1,1.187045193E1,-1.455674648E0,-1.915361285E-1
2.370965269E1,1.185848141E1,-1.632845521E0,-2.944868207E-1
2.371168753E1,1.182975101E1,-1.958456993E0,-4.716577232E-1
2.371375673E1,1.175792408E1,-2.308010340E0,-6.464344859E-1
2.371579173E1,1.171004009E1,-2.480392933E0,-7.302315235E-1
2.371786088E1,1.160230160E1,-2.832340717E0,-8.690952063E-1
2.371989596E1,1.149216843E1,-3.162740469E0,-9.720458984E-1
2.372192219E1,1.141794777E1,-3.332728863E0,-1.010353088E0
2.372404892E1,1.126232433E1,-3.670311213E0,-1.070208192E0
2.372595499E1,1.113064384E1,-3.991134167E0,-1.077390790E0
2.372795492E1,1.105642319E1,-4.146757126E0,-1.063025594E0
2.373002376E1,1.088404083E1,-4.443638325E0,-9.911994934E-1
2.373205869E1,1.070687008E1,-4.742913723E0,-8.978256583E-1
2.373412830E1,1.053927612E1,-4.881777287E0,-8.331822157E-1
2.373616265E1,1.045547867E1,-5.135562420E0,-6.775590777E-1
2.373823211E1,1.026633644E1,-5.372588634E0,-4.764461517E-1
2.374026676E1,1.008916569E1,-5.576095581E0,-2.753331959E-1
2.374226646E1,9.998186111E0,-5.662287235E0,-1.723825186E-1
2.374426665E1,9.813833237E0,-5.817910194E0,6.943184882E-2
2.374633580E1,9.627084732E0,-5.951985359E0,3.399766386E-1
2.374837053E1,9.519346237E0,-6.019022942E0,4.812345505E-1
2.375043999E1,9.325415611E0,-6.141127586E0,7.637503147E-1
2.375247534E1,9.117119789E0,-6.241683960E0,1.022324085E0
2.375454476E1,9.018958092E0,-6.289567947E0,1.146822572E0
2.375657961E1,8.829815865E0,-6.382941723E0,1.381454349E0
2.375864869E1,8.662221909E0,-6.461950302E0,1.599326730E0
2.376068346E1,8.585607529E0,-6.502651691E0,1.692700624E0
2.376271515E1,8.434772491E0,-6.591237068E0,1.845929503E0
2.376471776E1,8.231265068E0,-6.627150536E0,1.977610588E0
2.376678665E1,8.070854187E0,-6.605602264E0,2.023100376E0
2.376882176E1,7.752425194E0,-6.521805286E0,2.056619167E0
2.377089057E1,7.501033783E0,-6.416460514E0,2.073378563E0
2.377292480E1,7.381323814E0,-6.339846134E0,2.078166962E0
2.377499396E1,7.146692276E0,-6.157886982E0,2.104503393E0
2.377702934E1,6.912060261E0,-5.940014362E0,2.133233786E0
2.377909846E1,6.646304131E0,-5.650316238E0,2.135627985E0
2.378113322E1,6.514622688E0,-5.504269600E0,2.123656988E0
2.378316192E1,6.263231754E0,-5.176264286E0,2.080561161E0
2.378528549E1,6.050147533E0,-4.833893299E0,2.015917778E0
2.378719111E1,5.954379559E0,-4.659116745E0,1.987187386E0
2.378919111E1,5.813121796E0,-4.299986362E0,1.891419291E0
2.379126096E1,5.681440830E0,-3.926490784E0,1.738190413E0
2.379329630E1,5.616796970E0,-3.734954596E0,1.635239720E0
2.379536492E1,5.497087002E0,-3.356670856E0,1.422155857E0
2.379740007E1,5.372588634E0,-2.959233284E0,1.199495077E0
2.379946880E1,5.322310448E0,-2.767697096E0,1.086967587E0
2.380150376E1,5.262455463E0,-2.391807556E0,8.475474119E-1
2.380352876E1,5.262455463E0,-2.030282974E0,6.536170840E-1
2.380571746E1,5.281609058E0,-1.855506301E0,5.530605912E-1
2.380755342E1,5.291185856E0,-1.510741234E0,3.687070608E-1
2.380955334E1,5.324704647E0,-1.163581967E0,2.274491638E-1
2.381162288E1,5.360617638E0,-1.005564690E0,1.580173075E-1
2.381365826E1,5.434837818E0,-6.655880809E-1,7.182605099E-3
2.381572769E1,5.528211594E0,-3.567360640E-1,-1.268926859E-1
2.381776276E1,5.585672379E0,-2.106897533E-1,-1.939303428E-1
2.381983199E1,5.714959621E0,8.379705995E-2,-2.992752194E-1
2.382186726E1,5.839457989E0,3.926490843E-1,-4.405331016E-1
2.382389892E1,5.975927353E0,5.602431893E-1,-5.099649429E-1
2.382590003E1,6.047753334E0,8.762778044E-1,-6.272808313E-1
2.382796946E1,6.210559368E0,1.156399369E0,-7.398083210E-1
2.383000461E1,6.378153324E0,1.288080573E0,-8.212111592E-1
2.383207407E1,6.449979305E0,1.534683347E0,-8.499416113E-1
2.383410934E1,6.607996464E0,1.807622313E0,-9.265560508E-1
2.383617815E1,6.785167694E0,2.066195965E0,-9.840168953E-1
2.383821292E1,6.873753071E0,2.178723574E0,-1.012747288E0
2.384028253E1,7.062894821E0,2.439691544E0,-1.051054597E0
2.384231753E1,7.228095055E0,2.652775526E0,-1.110909581E0
2.384434457E1,7.323863029E0,2.743755102E0,-1.127668977E0
2.384634753E1,7.513004780E0,2.911349297E0,-1.189918280E0
2.384841692E1,7.714118004E0,3.088520288E0,-1.247379065E0
2.385045226E1,7.809885979E0,3.172317266E0,-1.264138460E0
2.385252165E1,7.999027729E0,3.320757866E0,-1.319205165E0
2.385455703E1,8.169015884E0,3.447650433E0,-1.379060149E0
2.385662638E1,8.248024940E0,3.505111217E0,-1.393425345E0
2.385866126E1,8.413225174E0,3.579331636E0,-1.434126854E0
2.386073076E1,8.552088737E0,3.624821424E0,-1.453280449E0
2.386276576E1,8.659827232E0,3.634398222E0,-1.482010841E0
2.386479861E1,8.724471092E0,3.653551817E0,-1.486799240E0
2.386692380E1,8.836998940E0,3.646369219E0,-1.482010841E0
2.386882969E1,8.961497307E0,3.615244627E0,-1.477222443E0
2.387083026E1,9.009381294E0,3.548206806E0,-1.465251446E0
2.387290003E1,9.102754593E0,3.457227230E0,-1.429338455E0
2.387493580E1,9.174580574E0,3.320757866E0,-1.379060149E0
2.387700515E1,9.222464561E0,3.246537447E0,-1.357512355E0
2.387904061E1,9.289502144E0,3.074155092E0,-1.295263171E0
2.388111026E1,9.334992409E0,2.877830505E0,-1.221042871E0
2.388314584E1,9.368511200E0,2.782062292E0,-1.180341482E0
2.388517873E1,9.418789864E0,2.559401512E0,-1.108515382E0
2.388730542E1,9.452308655E0,2.336740971E0,-1.022324085E0
2.388921134E1,9.454702377E0,2.240972757E0,-9.672574997E-1
2.389121203E1,9.473855972E0,2.027888775E0,-8.595184088E-1
2.389328207E1,9.488221169E0,1.790862918E0,-7.326257229E-1
2.389531757E1,9.493009567E0,1.690306425E0,-6.584054828E-1
2.389738738E1,9.509769440E0,1.450886250E0,-5.075707436E-1
2.389942265E1,9.471462250E0,1.233013868E0,-3.687070608E-1
2.390149176E1,9.464279175E0,1.130063176E0,-2.944868207E-1
2.390352703E1,9.416395187E0,9.050082564E-1,-1.556231081E-1
2.390552796E1,9.356540680E0,7.062895298E-1,-1.197100803E-2
2.390752826E1,9.318233490E0,6.057330370E-1,6.703764945E-2
2.390959807E1,9.267954826E0,3.830722570E-1,2.226607651E-1
2.391163342E1,9.203310966E0,2.106897533E-1,3.734954596E-1
2.391370288E1,9.138668060E0,1.340752989E-1,4.477157295E-1
2.391573807E1,9.117119789E0,-4.309562966E-2,5.937620401E-1
2.391776399E1,9.069235802E0,-2.130839527E-1,7.206547260E-1
2.391976415E1,9.009381294E0,-3.016694188E-1,7.781155705E-1
2.392183346E1,8.978256226E0,-4.596867263E-1,8.978256583E-1
2.392386830E1,8.939949036E0,-6.129156351E-1,1.010353088E0
2.392590084E1,8.872911453E0,-7.350199223E-1,1.094150186E0
2.392790538E1,8.858546257E0,-7.948749661E-1,1.127668977E0
2.392997461E1,8.808267593E0,-9.074024558E-1,1.187524080E0
2.393200988E1,8.753201485E0,-9.935936928E-1,1.249773264E0
2.393407938E1,8.738836288E0,-1.034295082E0,1.288080573E0
2.393611461E1,8.714894295E0,-1.122880578E0,1.350329757E0
2.393818392E1,8.717288017E0,-1.221042871E0,1.391031146E0
2.394021880E1,8.710105896E0,-1.254561663E0,1.414973259E0
2.394228799E1,8.674192429E0,-1.347935557E0,1.467645645E0
2.394432334E1,8.657433510E0,-1.426944256E0,1.479616642E0
2.394632346E1,8.650250435E0,-1.450886250E0,1.493981838E0
2.394844715E1,8.688557625E0,-1.482010841E0,1.489193439E0
2.395035261E1,8.705317497E0,-1.513135433E0,1.434126854E0
2.395235288E1,8.729259491E0,-1.505952835E0,1.407790542E0
2.395442146E1,8.784325600E0,-1.489193439E0,1.379060149E0
2.395645611E1,8.877699852E0,-1.462857246E0,1.343147159E0
2.395852542E1,8.923190117E0,-1.443703651E0,1.343147159E0
2.396056046E1,8.985439301E0,-1.400607944E0,1.350329757E0
2.396263022E1,9.052476883E0,-1.359906554E0,1.379060149E0
2.396466538E1,9.112331390E0,-1.331176162E0,1.426944256E0
2.396669930E1,9.133879662E0,-1.268926859E0,1.448492050E0
2.396888888E1,9.186552048E0,-1.218648672E0,1.498770237E0
2.397072522E1,9.229647636E0,-1.197100878E0,1.529894829E0
2.397272557E1,9.255983353E0,-1.151610970E0,1.589749932E0
2.397479488E1,9.263166428E0,-1.074996591E0,1.649604917E0
2.397683026E1,9.258378029E0,-9.983820915E-1,1.697489023E0
2.397889907E1,9.258378029E0,-9.624691010E-1,1.716642618E0
2.398093357E1,9.263166428E0,-8.714894056E-1,1.754949808E0
2.398300272E1,9.258378029E0,-8.020575643E-1,1.783680320E0
2.398503746E1,9.255983353E0,-7.565677166E-1,1.788468719E0
2.398704288E1,9.246406555E0,-6.464344859E-1,1.783680320E0
2.398904319E1,9.227252960E0,-5.722141862E-1,1.776497602E0
2.399111184E1,9.224859238E0,-5.410895944E-1,1.759738207E0
2.399314630E1,9.172186852E0,-4.692635238E-1,1.714248419E0
2.399521526E1,9.117119789E0,-3.902548850E-1,1.668758631E0
2.399724988E1,9.078812599E0,-3.543418646E-1,1.635239720E0
2.399931907E1,9.006986618E0,-3.160346150E-1,1.532289028E0
2.400135384E1,8.954314232E0,-2.777273953E-1,1.431732655E0
2.400342342E1,8.923190117E0,-2.537853718E-1,1.376665950E0
2.400545872E1,8.875306129E0,-2.082955539E-1,1.271321058E0
2.400746542E1,8.848969460E0,-1.843535304E-1,1.144428372E0
2.400946830E1,8.834604263E0,-1.723825186E-1,1.086967587E0
2.401153738E1,8.844181061E0,-1.460463107E-1,9.696516991E-1
2.401357299E1,8.884882927E0,-1.029506698E-1,8.475474119E-1
2.401564226E1,8.932766914E0,-9.576806426E-2,7.613561153E-1
2.401767765E1,8.954314232E0,-8.379705995E-2,7.110779285E-1
2.401974696E1,9.021351814E0,-7.900865376E-2,6.272808313E-1
2.402178211E1,9.105149269E0,-7.900865376E-2,5.482721925E-1
2.402385122E1,9.160215378E0,-7.661445439E-2,5.195417404E-1
2.402588653E1,9.284713745E0,-7.661445439E-2,4.692635238E-1
2.402789215E1,9.435548782E0,-8.140286058E-2,4.309563041E-1
2.403001622E1,9.531316757E0,-8.140286058E-2,4.165911078E-1
2.403192211E1,9.768342972E0,-8.858546615E-2,4.261679053E-1
2.403392196E1,1.004128170E1,-1.125274822E-1,4.429273009E-1
2.403599076E1,1.019451046E1,-1.316810995E-1,4.644751251E-1
2.403802569E1,1.056321812E1,-1.699883193E-1,5.315127969E-1
2.404009472E1,1.094868469E1,-2.059013397E-1,6.129156351E-1
2.404213007E1,1.115697956E1,-2.633621991E-1,6.631938815E-1
2.404419976E1,1.153047562E1,-3.543418646E-1,7.589619160E-1
2.404623465E1,1.191115379E1,-4.572925270E-1,8.906430602E-1
2.404826134E1,1.209311295E1,-5.099649429E-1,9.552865028E-1
2.405043472E1,1.242830086E1,-6.224924326E-1,1.084573388E0
2.405230596E1,1.270602798E1,-7.230489254E-1,1.223437071E0
2.405430607E1,1.283292103E1,-7.829039693E-1,1.280897856E0
2.405637530E1,1.306755257E1,-9.050082564E-1,1.395819545E0
2.405841030E1,1.328303146E1,-1.010353088E0,1.513135433E0
2.406047969E1,1.337401104E1,-1.072602391E0,1.575384736E0
2.406251465E1,1.352245140E1,-1.180341482E0,1.656787634E0
2.406458442E1,1.364694977E1,-1.304839969E0,1.719036818E0
2.406662018E1,1.373074722E1,-1.441309452E0,1.757344007E0
2.406865022E1,1.375468922E1,-1.503558636E0,1.776497602E0
2.407067822E1,1.380496693E1,-1.649604917E0,1.788468719E0
2.407274746E1,1.383130360E1,-1.771709204E0,1.764526606E0
2.407478269E1,1.384088039E1,-1.833958507E0,1.752555609E0
2.407685188E1,1.386242771E1,-1.948880196E0,1.721431017E0
2.407888757E1,1.386242771E1,-2.054224968E0,1.659181833E0
2.408095680E1,1.385763931E1,-2.109291792E0,1.620874524E0
2.408299234E1,1.382890892E1,-2.217030764E0,1.522712231E0
2.408506192E1,1.377144814E1,-2.334346771E0,1.395819545E0
2.408709715E1,1.373553562E1,-2.394201756E0,1.326387763E0
2.408912372E1,1.360385418E1,-2.504334927E0,1.173158884E0
2.409112715E1,1.344583702E1,-2.614468336E0,1.015141487E0
2.409319684E1,1.336682796E1,-2.674323320E0,9.289502501E-1
2.409523222E1,1.317050362E1,-2.808398485E0,7.517793179E-1
2.409730196E1,1.298375607E1,-2.911349297E0,5.722141862E-1
2.409933726E1,1.279940224E1,-2.973598480E0,4.884171486E-1
2.410140696E1,1.271321106E1,-3.081337690E0,3.088520169E-1
2.410344242E1,1.253604031E1,-3.157952070E0,1.388636976E-1
2.410551207E1,1.241154194E1,-3.239354849E0,-2.873042040E-2
2.410754780E1,1.236844635E1,-3.280056238E0,-1.005564705E-1
2.410957996E1,1.231337929E1,-3.337517262E0,-2.489969730E-1
2.411171407E1,1.229901409E1,-3.411737442E0,-3.950432837E-1
2.411362088E1,1.229662037E1,-3.440467834E0,-4.620809257E-1
2.411562149E1,1.235408115E1,-3.505111217E0,-5.985504389E-1
2.411769111E1,1.243069553E1,-3.545812607E0,-7.493851185E-1
2.411972672E1,1.250012684E1,-3.555389643E0,-8.283938169E-1
2.412179626E1,1.265096188E1,-3.581725836E0,-9.911994934E-1
2.412383215E1,1.285925770E1,-3.572149038E0,-1.156399369E0
2.412590184E1,1.296460247E1,-3.550601006E0,-1.240196466E0
2.412793734E1,1.317050362E1,-3.473986626E0,-1.434126854E0
2.412996307E1,1.339555836E1,-3.363853455E0,-1.635239720E0
2.413215307E1,1.366131496E1,-3.232172251E0,-1.843535304E0
2.413398938E1,1.379299641E1,-3.160346270E0,-1.968033791E0
2.413599011E1,1.403002167E1,-2.971204281E0,-2.219424963E0
2.413806015E1,1.414973164E1,-2.858676910E0,-2.351106167E0
2.414009572E1,1.434126854E1,-2.626439333E0,-2.655169725E0
2.414216542E1,1.448970890E1,-2.379836559E0,-2.944868088E0
2.414420099E1,1.457829380E1,-2.255337954E0,-3.090914488E0
2.414627045E1,1.475067711E1,-2.044648170E0,-3.373430252E0
2.414830534E1,1.487278080E1,-1.848323703E0,-3.598485231E0
2.415033480E1,1.493263626E1,-1.683123827E0,-3.766079187E0
2.415236680E1,1.493981838E1,-1.613691926E0,-3.833117008E0
2.415443622E1,1.489672279E1,-1.462857246E0,-3.931279182E0
2.415647161E1,1.477461910E1,-1.340752959E0,-3.967192173E0
2.415854092E1,1.469082165E1,-1.273715258E0,-3.967192173E0
2.416057638E1,1.446576691E1,-1.134851575E0,-3.974374771E0
2.416260211E1,1.421198082E1,-9.624691010E-1,-3.950432777E0
2.416460207E1,1.406832886E1,-8.786720037E-1,-3.933673382E0
2.416667149E1,1.374511242E1,-7.182605267E-1,-3.914519787E0
2.416870645E1,1.335964584E1,-5.626373887E-1,-3.928884983E0
2.417073384E1,1.315135002E1,-4.764461517E-1,-3.945644379E0
2.417273942E1,1.269884586E1,-3.160346150E-1,-3.979163170E0
2.417480980E1,1.218409252E1,-1.388636976E-1,-4.048594952E0
2.417684434E1,1.191354752E1,-5.267243832E-2,-4.074931145E0
2.417891418E1,1.136527538E1,1.029506698E-1,-4.158728123E0
2.418094930E1,1.075714779E1,2.442085743E-1,-4.232948780E0
2.418301880E1,1.046745014E1,3.088520169E-1,-4.249708176E0
2.418505399E1,9.902418137E0,4.189853072E-1,-4.266467571E0
2.418712372E1,9.334992409E0,5.410895944E-1,-4.278438568E0
2.418915949E1,8.746018410E0,6.368576288E-1,-4.223371983E0
2.419118930E1,8.456320763E0,6.655880809E-1,-4.168305397E0
2.419330988E1,7.915230751E0,6.943184733E-1,-4.029441357E0
2.419525038E1,7.426813602E0,7.062895298E-1,-3.859453201E0
2.419725099E1,7.204153061E0,6.943184733E-1,-3.768473387E0
2.419932084E1,6.804321289E0,6.536170840E-1,-3.586514235E0
2.420135622E1,6.471527100E0,5.698199868E-1,-3.402160645E0
2.420342565E1,6.313509941E0,5.147533417E-1,-3.315969467E0
2.420546142E1,6.047753334E0,3.854664862E-1,-3.129221678E0
2.420753134E1,5.829881191E0,2.322375625E-1,-2.956839085E0
2.420956676E1,5.734113216E0,1.460463107E-1,-2.877830505E0
2.421159515E1,5.590460777E0,-4.788403399E-3,-2.734178305E0
2.421372230E1,5.492298603E0,-1.532289088E-1,-2.578555346E0
2.421562892E1,5.444414616E0,-2.226607651E-1,-2.501940727E0
2.421762980E1,5.382165432E0,-3.399766386E-1,-2.339135170E0
2.421969988E1,5.370194435E0,-4.812345505E-1,-2.171540976E0
2.422173542E1,5.367800236E0,-5.458779931E-1,-2.087743998E0
2.422380580E1,5.394136429E0,-6.823474765E-1,-1.941697598E0
2.422584172E1,5.391742229E0,-7.876923680E-1,-1.805228114E0
2.422791180E1,5.415684223E0,-8.379706144E-1,-1.738190413E0
2.422994722E1,5.497087002E0,-9.409212470E-1,-1.575384736E0
2.423197938E1,5.616796970E0,-1.039083481E0,-1.434126854E0
2.423401122E1,5.734113216E0,-1.089361787E0,-1.350329757E0
2.423608111E1,5.813121796E0,-1.182735682E0,-1.211466074E0
2.423811680E1,6.004657745E0,-1.273715258E0,-1.074996591E0
2.424018657E1,6.224924564E0,-1.326387763E0,-9.433154464E-1
2.424222207E1,6.358999729E0,-1.347935557E0,-8.882488012E-1
2.424429176E1,6.655880928E0,-1.395819545E0,-7.829039693E-1
2.424632749E1,6.974309444E0,-1.403002143E0,-6.871358752E-1
2.424839718E1,7.141903877E0,-1.412579060E0,-6.607996821E-1
2.425043226E1,7.515398979E0,-1.424550056E0,-6.296750307E-1
2.425245926E1,7.922413349E0,-1.405396342E0,-6.320692301E-1
2.425446184E1,8.135497093E0,-1.398213744E0,-6.536170840E-1
2.425653068E1,8.566453934E0,-1.345541358E0,-7.637503147E-1
2.425856595E1,9.009381294E0,-1.247379065E0,-9.361328483E-1
2.426063538E1,9.222464561E0,-1.199495077E0,-1.041477680E0
2.426267072E1,9.612719536E0,-1.089361787E0,-1.280897856E0
2.426474011E1,1.000536919E1,-9.289502501E-1,-1.532289028E0
2.426677534E1,1.036449909E1,-8.403648138E-1,-1.649604917E0
2.426884403E1,1.052969933E1,-6.440402865E-1,-1.886630893E0
2.427087934E1,1.081700325E1,-4.381389022E-1,-2.114080191E0
2.427290849E1,1.103966427E1,-2.082955539E-1,-2.327163935E0
2.427502911E1,1.113303757E1,-7.661445439E-2,-2.430114746E0
2.427696968E1,1.131739140E1,1.819593310E-1,-2.619256735E0
2.427897007E1,1.148738003E1,4.453215301E-1,-2.803610086E0
2.428103949E1,1.156159973E1,5.674257874E-1,-2.901772499E0
2.428307511E1,1.171722317E1,8.403648138E-1,-3.083731890E0
2.428514499E1,1.183932781E1,1.106121182E0,-3.248931646E0
2.428718080E1,1.190875912E1,1.242590666E0,-3.327940464E0
2.428925076E1,1.204044056E1,1.522712231E0,-3.500322819E0
2.429128653E1,1.217451572E1,1.798045516E0,-3.655946016E0
2.429331299E1,1.222239971E1,1.932120800E0,-3.734954596E0
2.429550253E1,1.229422569E1,2.214636564E0,-3.888183594E0
2.429733961E1,1.234929276E1,2.454056740E0,-4.022258759E0
2.429934019E1,1.235886955E1,2.578555346E0,-4.077325344E0
2.430141053E1,1.237802315E1,2.806004286E0,-4.165910721E0
2.430344638E1,1.237084007E1,3.023876667E0,-4.235342979E0
2.430551619E1,1.236605167E1,3.122039080E0,-4.254496574E0
2.430755157E1,1.231577396E1,3.299209833E0,-4.276044369E0
2.430962153E1,1.224394703E1,3.457227230E0,-4.290409565E0
2.431165753E1,1.214578533E1,3.531447411E0,-4.273650169E0
2.431369011E1,1.209071827E1,3.643975019E0,-4.230554581E0
2.431572188E1,1.194227791E1,3.725377798E0,-4.156333923E0
2.431779161E1,1.179144382E1,3.782838583E0,-4.043806553E0
2.431982734E1,1.170764637E1,3.785232782E0,-3.991134167E0
2.432189688E1,1.150413895E1,3.766079187E0,-3.835511208E0
2.432393288E1,1.126471901E1,3.718195200E0,-3.643975019E0
2.432600199E1,1.115219116E1,3.658340216E0,-3.557783842E0
2.432803745E1,1.089840603E1,3.505111217E0,-3.406949043E0
2.433010703E1,1.061349583E1,3.244143248E0,-3.263296843E0
2.433214242E1,1.046984386E1,3.110068083E0,-3.196259260E0
2.433416865E1,1.022324085E1,2.803610086E0,-3.081337690E0
2.433617172E1,9.959878922E0,2.466027737E0,-2.992752075E0
2.433824115E1,9.847352028E0,2.296039343E0,-2.949656487E0
2.434027626E1,9.610325813E0,1.936909199E0,-2.837129116E0
2.434234607E1,9.356540680E0,1.575384736E0,-2.698265314E0
2.434438103E1,9.244012833E0,1.379060149E0,-2.638410330E0
2.434645042E1,9.059659004E0,9.720458984E-1,-2.482787132E0
2.434848607E1,8.860940933E0,5.985504389E-1,-2.312798738E0
2.435055607E1,8.659827232E0,2.274491638E-1,-2.140416384E0
2.435259195E1,8.573636055E0,5.027823523E-2,-2.047042370E0
2.435462465E1,8.415618896E0,-3.040636182E-1,-1.862688899E0
2.435674607E1,8.248024940E0,-6.847416759E-1,-1.687912226E0
2.435868753E1,8.171410561E0,-8.619126081E-1,-1.601720929E0
2.436068788E1,8.027758598E0,-1.233013868E0,-1.431732655E0
2.436275792E1,7.860164165E0,-1.582567334E0,-1.283292055E0
2.436479322E1,7.800309181E0,-1.769315004E0,-1.211466074E0
2.436686272E1,7.671022415E0,-2.138022184E0,-1.058237195E0
2.436889784E1,7.510610580E0,-2.501940727E0,-9.050082564E-1
2.437096745E1,7.429207802E0,-2.693476915E0,-8.188169599E-1
2.437300249E1,7.285555840E0,-3.064578056E0,-5.841852427E-1
2.437503061E1,7.105990410E0,-3.454833031E0,-3.040636182E-1
2.437715549E1,7.012616634E0,-3.658340216E0,-1.747767180E-1
2.437906284E1,6.871358871E0,-4.050989151E0,8.379705995E-2
2.438106330E1,6.773196697E0,-4.419696331E0,3.016694188E-1
2.438313315E1,6.742072105E0,-4.592078686E0,3.782838583E-1
2.438516845E1,6.677428722E0,-4.893748283E0,5.171475410E-1
2.438723784E1,6.581660271E0,-5.154716492E0,6.464344859E-1
2.438927303E1,6.514622688E0,-5.276820660E0,7.038952708E-1
2.439134284E1,6.385335922E0,-5.497087002E0,7.948749661E-1
2.439337780E1,6.246472359E0,-5.700594425E0,8.714894056E-1
2.439537799E1,6.117185116E0,-5.781997204E0,8.882488012E-1
2.439740984E1,6.088454723E0,-5.923254967E0,9.097966552E-1
2.439947895E1,6.052541733E0,-6.074089527E0,9.504981041E-1
2.440151380E1,6.030993938E0,-6.153098583E0,1.000776291E0
2.440358326E1,6.040570736E0,-6.167463779E0,1.027112484E0
2.440561872E1,6.105214119E0,-6.119579315E0,1.098938584E0
2.440764472E1,6.172252178E0,-5.968744755E0,1.151610970E0
2.440964511E1,6.227318764E0,-5.853823185E0,1.161187768E0
2.441171503E1,6.368576527E0,-5.571307182E0,1.165976286E0
2.441375049E1,6.519411087E0,-5.276820660E0,1.137245774E0
2.441578365E1,6.600813866E0,-5.130774021E0,1.106121182E0
2.441778918E1,6.792350292E0,-4.833893299E0,1.019929886E0
2.441985911E1,6.964732647E0,-4.510675907E0,8.810662031E-1
2.442189476E1,7.050923824E0,-4.338293552E0,8.068459630E-1
2.442396442E1,7.208941460E0,-4.015076160E0,6.129156351E-1
2.442599976E1,7.362170219E0,-3.665522814E0,4.141969085E-1
2.442806945E1,7.436390400E0,-3.505111217E0,3.160346150E-1
2.443010618E1,7.606379032E0,-3.196259260E0,9.097966552E-2
2.443217538E1,7.805097580E0,-2.901772499E0,-1.412578970E-1
2.443421092E1,8.013393402E0,-2.753331900E0,-2.561795712E-1
2.443621145E1,8.133103371E0,-2.473210335E0,-4.955997467E-1
2.443833218E1,8.367734909E0,-2.207453966E0,-7.206547260E-1
2.444027361E1,8.659827232E0,-2.075772762E0,-8.307880163E-1
2.444227434E1,8.798690796E0,-1.817199111E0,-1.031900883E0
2.444434399E1,9.085995674E0,-1.544260144E0,-1.199495077E0
2.444637976E1,9.399636269E0,-1.266532660E0,-1.350329757E0
2.444844980E1,9.545681953E0,-1.134851575E0,-1.403002143E0
2.445048553E1,9.861717224E0,-8.643068075E-1,-1.520318031E0
2.445255565E1,1.017296314E1,-5.865794420E-1,-1.616086125E0
2.445459118E1,1.031900978E1,-4.477157295E-1,-1.659181833E0
2.445661734E1,1.058476543E1,-1.699883193E-1,-1.742978811E0
2.445880603E1,1.082179165E1,1.221042871E-1,-1.793257117E0
2.446064265E1,1.094150162E1,2.633621991E-1,-1.817199111E0
2.446264357E1,1.111388397E1,5.530605912E-1,-1.872265697E0
2.446471330E1,1.125993061E1,8.523358107E-1,-1.905784607E0
2.446674868E1,1.131978607E1,9.935936928E-1,-1.917755604E0
2.446881888E1,1.137245846E1,1.247379065E0,-1.944091797E0
2.447085453E1,1.139161205E1,1.472434044E0,-1.936909199E0
2.447292434E1,1.138682365E1,1.582567334E0,-1.924938202E0
2.447495984E1,1.133654499E1,1.786074519E0,-1.893813491E0
2.447696045E1,1.121922874E1,1.989581585E0,-1.845929503E0
2.447899299E1,1.112824917E1,2.087743998E0,-1.826775908E0
2.448106245E1,1.093910789E1,2.284068346E0,-1.795651317E0
2.448309842E1,1.074038887E1,2.449268341E0,-1.769315004E0
2.448516830E1,1.052491093E1,2.535459518E0,-1.754949808E0
2.448720407E1,1.041717148E1,2.659958124E0,-1.733402014E0
2.448927368E1,1.019690514E1,2.731784105E0,-1.704671621E0
2.449130976E1,9.974244118E0,2.796427488E0,-1.647210717E0
2.449337988E1,9.847352028E0,2.820369720E0,-1.606509328E0
2.449541572E1,9.610325813E0,2.858676910E0,-1.544260144E0
2.449744972E1,9.361329079E0,2.851494312E0,-1.462857246E0
2.449945353E1,9.232041359E0,2.817975283E0,-1.419761658E0
2.450152361E1,8.980650902E0,2.753331900E0,-1.321599364E0
2.450355965E1,8.722076416E0,2.650381327E0,-1.213860273E0
2.450562938E1,8.592789650E0,2.590526342E0,-1.163581967E0
2.450766499E1,8.319850922E0,2.437297344E0,-1.098938584E0
2.450973480E1,8.042123795E0,2.269703150E0,-1.067813993E0
2.451177045E1,7.908048153E0,2.181117773E0,-1.065419793E0
2.451384034E1,7.668628216E0,2.013523579E0,-1.082179189E0
2.451587595E1,7.457938194E0,1.860294700E0,-1.139639974E0
2.451790614E1,7.347805023E0,1.764526606E0,-1.180341482E0
2.452002692E1,7.139509678E0,1.592144132E0,-1.276109457E0
2.452196768E1,6.971915245E0,1.381454349E0,-1.405396342E0
2.452396799E1,6.904877663E0,1.280897856E0,-1.491587639E0
2.452603780E1,6.782773495E0,1.086967587E0,-1.656787634E0
2.452807311E1,6.684611320E0,8.595184088E-1,-1.819593310E0
2.453014284E1,6.631938934E0,6.248866320E-1,-1.944091797E0
2.453217822E1,6.605602264E0,4.836287498E-1,-1.994369984E0
2.453424726E1,6.557718277E0,2.346317619E-1,-2.078166962E0
2.453628322E1,6.560112476E0,-1.436521020E-2,-2.183511972E0
2.453831049E1,6.579266071E0,-1.484405100E-1,-2.238578558E0
2.454043711E1,6.655880928E0,-3.591302633E-1,-2.351106167E0
2.454234318E1,6.782773495E0,-5.506663918E-1,-2.442085743E0
2.454434414E1,6.868964672E0,-6.464344859E-1,-2.504334927E0
2.454641430E1,7.050923824E0,-8.499416113E-1,-2.607285738E0
2.454845003E1,7.304709435E0,-1.125274777E0,-2.683900118E0
2.455051953E1,7.431602001E0,-1.271321058E0,-2.691082716E0
2.455255530E1,7.687781811E0,-1.599326730E0,-2.631227732E0
2.455462568E1,7.994239330E0,-1.932120800E0,-2.525882721E0
2.455666184E1,8.130708694E0,-2.109291792E0,-2.463633537E0
2.455869215E1,8.418013573E0,-2.432508945E0,-2.303221941E0
2.456072495E1,8.736441612E0,-2.700659513E0,-2.130839586E0
2.456279499E1,8.904036522E0,-2.834734917E0,-2.044648170E0
2.456483103E1,9.253589630E0,-3.081337690E0,-1.843535304E0
2.456690168E1,9.660603523E0,-3.303998232E0,-1.640028119E0
2.456893765E1,1.011071396E1,-3.524264812E0,-1.424550056E0
2.457100799E1,1.033098030E1,-3.646369219E0,-1.321599364E0
2.457304376E1,1.080263805E1,-3.864241600E0,-1.070208192E0
2.457511376E1,1.128147888E1,-4.034229755E0,-7.757213712E-1
2.457714938E1,1.151611042E1,-4.110844135E0,-6.272808313E-1
2.457917584E1,1.196382618E1,-4.228160381E0,-3.256114423E-1
2.458117876E1,1.239957047E1,-4.314351559E0,0.000000000E0
2.458324780E1,1.257434750E1,-4.347870350E0,1.723825186E-1
2.458528295E1,1.288559341E1,-4.412513733E0,5.195417404E-1
2.458735249E1,1.318726254E1,-4.458003521E0,8.451532125E-1
2.458938788E1,1.332612705E1,-4.477157116E0,1.000776291E0
2.459145707E1,1.359427738E1,-4.496310711E0,1.256955862E0
2.459349249E1,1.386721611E1,-4.510675907E0,1.362300754E0
2.459556118E1,1.401565647E1,-4.508281708E0,1.343147159E0
2.459759603E1,1.431972027E1,-4.486733913E0,1.189918280E0
2.459962711E1,1.468363857E1,-4.458003521E0,8.379706144E-1
2.460179191E1,1.508107662E1,-4.369418144E0,3.447650373E-1
2.460366288E1,1.527740097E1,-4.316745758E0,4.788403213E-2
2.460566299E1,1.564371395E1,-4.213795185E0,-6.057330370E-1
2.460773234E1,1.598129654E1,-4.125209332E0,-1.333570361E0
2.460976768E1,1.613213158E1,-3.938461781E0,-1.699883223E0
2.461183711E1,1.633085060E1,-3.734954596E0,-2.427720547E0
2.461387226E1,1.645055962E1,-3.533841610E0,-3.134010077E0
2.461594184E1,1.645534897E1,-3.438073635E0,-3.457227230E0
2.461797741E1,1.638352203E1,-3.232172251E0,-4.065354347E0
2.462000307E1,1.618959236E1,-3.021482468E0,-4.558559895E0
2.462219249E1,1.606988144E1,-2.911349297E0,-4.766855717E0
2.462402857E1,1.577300072E1,-2.705447912E0,-5.099649429E0
2.462602876E1,1.540429401E1,-2.466027737E0,-5.336675644E0
2.462809838E1,1.521994019E1,-2.329558372E0,-5.422866821E0
2.463013407E1,1.482010841E1,-2.059013367E0,-5.497087002E0
2.463220322E1,1.438915253E1,-1.766920805E0,-5.480327606E0
2.463423895E1,1.416888523E1,-1.616086125E0,-5.449203014E0
2.463630857E1,1.369004536E1,-1.331176162E0,-5.324704647E0
2.463834395E1,1.318726254E1,-1.019929886E0,-5.118803024E0
2.464037565E1,1.293826580E1,-8.762778044E-1,-4.996698856E0
2.464240695E1,1.239717674E1,-6.033388376E-1,-4.697423935E0
2.464447641E1,1.186805820E1,-3.495534360E-1,-4.335899353E0
2.464651172E1,1.160948372E1,-2.250549644E-1,-4.137180328E0
2.464858157E1,1.107078838E1,2.394201700E-3,-3.713406801E0
2.465061703E1,1.054166985E1,2.250549644E-1,-3.282450438E0
2.465264264E1,1.006043530E1,4.165911078E-1,-2.870647907E0
2.465464330E1,9.830592155E0,5.219359994E-1,-2.650381327E0
2.465671249E1,9.370905876E0,7.302315235E-1,-2.188300371E0
2.465874791E1,8.968679428E0,9.409212470E-1,-1.742978811E0
2.466077326E1,8.789113998E0,1.034295082E0,-1.513135433E0
2.466277838E1,8.477868080E0,1.230619669E0,-1.096544385E0
2.466484726E1,8.224082947E0,1.419761658E0,-7.206547260E-1
2.466688311E1,8.097189903E0,1.517923832E0,-5.506663918E-1
2.466895272E1,7.862558365E0,1.702277422E0,-2.322375625E-1
2.467098830E1,7.687781811E0,1.881842494E0,4.070143029E-2
2.467305711E1,7.608773232E0,1.972822189E0,1.556231081E-1
2.467509245E1,7.493851185E0,2.147598982E0,3.543418646E-1
2.467716191E1,7.412448406E0,2.305616140E0,4.908113480E-1
2.467919734E1,7.381323814E0,2.387019157E0,5.434837937E-1
2.468122718E1,7.369352818E0,2.504334927E0,6.177040339E-1
2.468334653E1,7.383718014E0,2.616862535E0,6.416460276E-1
2.468528738E1,7.395689011E0,2.667140722E0,6.320692301E-1
2.468728749E1,7.445967197E0,2.734178305E0,5.793967843E-1
2.468935749E1,7.527369976E0,2.794033289E0,5.195417404E-1
2.469139345E1,7.587224960E0,2.817975283E0,4.836287498E-1
2.469346322E1,7.694964409E0,2.832340717E0,3.902548850E-1
2.469549911E1,7.807491779E0,2.803610086E0,2.992752194E-1
2.469756903E1,7.960720539E0,2.748543501E0,1.987187415E-1
2.469960464E1,8.042123795E0,2.710236311E0,1.556231081E-1
2.470163441E1,8.183381081E0,2.602497339E0,6.224924326E-2
2.470376107E1,8.322244644E0,2.458845139E0,-5.267243832E-2
2.470566726E1,8.401253700E0,2.375048161E0,-1.149216816E-1
2.470766768E1,8.549694061E0,2.193088770E0,-2.561795712E-1
2.470973726E1,8.686163902E0,2.008735180E0,-4.285621047E-1
2.471177303E1,8.772355080E0,1.910573006E0,-5.171475410E-1
2.471384268E1,8.959102631E0,1.726219416E0,-7.230489254E-1
2.471587868E1,9.153033257E0,1.513135433E0,-9.265560508E-1
2.471794818E1,9.244012833E0,1.410184860E0,-1.029506683E0
2.471998341E1,9.471462250E0,1.182735682E0,-1.218648672E0
2.472198376E1,9.722852707E0,9.816226959E-1,-1.393425345E0
2.472401695E1,9.844957352E0,8.690952063E-1,-1.477222443E0
2.472608584E1,1.007001209E1,6.272808313E-1,-1.618480325E0
2.472812088E1,1.030464458E1,4.070142806E-1,-1.742978811E0
2.473019022E1,1.041477776E1,2.968810201E-1,-1.788468719E0
2.473222538E1,1.064222622E1,7.182604820E-2,-1.853112102E0
2.473429499E1,1.087685871E1,-1.604115069E-1,-1.877054095E0
2.473633049E1,1.107078838E1,-2.585737705E-1,-1.889025092E0
2.473840026E1,1.117134476E1,-4.692635238E-1,-1.884236693E0
2.474043591E1,1.134372807E1,-6.895300746E-1,-1.877054095E0
2.474246234E1,1.148498535E1,-9.074024558E-1,-1.853112102E0
2.474446499E1,1.154723454E1,-1.015141487E0,-1.848323703E0
2.474653426E1,1.163103199E1,-1.211466074E0,-1.836352706E0
2.474856922E1,1.168849277E1,-1.381454349E0,-1.805228114E0
2.475063845E1,1.168849277E1,-1.455674648E0,-1.800439715E0
2.475267368E1,1.170046329E1,-1.608903527E0,-1.783680320E0
2.475474261E1,1.165976238E1,-1.735796213E0,-1.771709204E0
2.475677791E1,1.165018559E1,-1.805228114E0,-1.762132406E0
2.475884753E1,1.158554173E1,-1.903390408E0,-1.740584612E0
2.476088334E1,1.148259163E1,-1.982398987E0,-1.711854219E0
2.476291445E1,1.141555405E1,-2.013523579E0,-1.704671621E0
2.476503484E1,1.127668953E1,-2.085349798E0,-1.687912226E0
2.476697622E1,1.111388397E1,-2.106897593E0,-1.663970232E0
2.476897649E1,1.101093388E1,-2.116474390E0,-1.644816518E0
2.477104622E1,1.079066753E1,-2.114080191E0,-1.611297727E0
2.477308153E1,1.054166985E1,-2.070984364E0,-1.568202138E0
2.477515103E1,1.029746151E1,-2.037465572E0,-1.544260144E0
2.477718672E1,1.017535686E1,-1.972822189E0,-1.477222443E0
2.477925588E1,9.921571732E0,-1.853112102E0,-1.405396342E0
2.478129095E1,9.667786598E0,-1.745373011E0,-1.297657371E0
2.478331638E1,9.540893555E0,-1.685518026E0,-1.240196466E0
2.478550622E1,9.284713745E0,-1.558625340E0,-1.149216771E0
2.478734245E1,9.045293808E0,-1.391031146E0,-1.065419793E0
2.478934276E1,8.925583839E0,-1.304839969E0,-1.015141487E0
2.479141261E1,8.693346024E0,-1.127668977E0,-9.074024558E-1
2.479344780E1,8.444349289E0,-9.504981041E-1,-8.116343617E-1
2.479551714E1,8.343792915E0,-8.714894056E-1,-7.709329724E-1
2.479755288E1,8.166622162E0,-7.015010715E-1,-6.967126727E-1
2.479962214E1,7.989450932E0,-5.363011956E-1,-6.272808313E-1
2.480165730E1,7.908048153E0,-4.429273009E-1,-5.961562395E-1
2.480368653E1,7.735665798E0,-2.681505978E-1,-5.363011956E-1
2.480571814E1,7.618350029E0,-1.101332754E-1,-4.788403511E-1
2.480778768E1,7.575253963E0,-3.591302410E-2,-4.501099288E-1
2.480982303E1,7.498639584E0,1.197100878E-1,-3.974374831E-1
2.481189241E1,7.426813602E0,2.513911724E-1,-3.399766386E-1
2.481392749E1,7.405265808E0,2.968810201E-1,-3.064578176E-1
2.481599664E1,7.354987621E0,4.285621047E-1,-2.561795712E-1
2.481803211E1,7.328651428E0,5.578489900E-1,-2.226607651E-1
2.482010134E1,7.285555840E0,6.679822803E-1,-1.891419291E-1
2.482213653E1,7.259219646E0,6.991068721E-1,-1.843535304E-1
2.482416264E1,7.232883453E0,7.900865674E-1,-1.939303428E-1
2.482616484E1,7.199364662E0,8.643068075E-1,-2.082955539E-1
2.482823414E1,7.194576263E0,8.906430602E-1,-2.226607651E-1
2.483026926E1,7.216124058E0,9.504981041E-1,-2.633621991E-1
2.483233884E1,7.230489254E0,9.983820915E-1,-3.088520169E-1
2.483437414E1,7.256825447E0,1.015141487E0,-3.423708379E-1
2.483644303E1,7.302315235E0,1.053448796E0,-4.022258818E-1
2.483847822E1,7.338228226E0,1.048660398E0,-4.644751251E-1
2.484054738E1,7.374141216E0,1.041477680E0,-4.932055473E-1
2.484258245E1,7.472303391E0,1.024718285E0,-5.554547906E-1
2.484461372E1,7.548917770E0,9.624691010E-1,-6.224924326E-1
2.484673438E1,7.632715225E0,9.313444495E-1,-6.560112834E-1
2.484867468E1,7.690176010E0,8.547300100E-1,-7.134721279E-1
2.485067534E1,7.824251175E0,7.613561153E-1,-7.829039693E-1
2.485274499E1,7.879317760E0,7.158663273E-1,-8.140285611E-1
2.485478064E1,7.991845131E0,5.913678408E-1,-8.786720037E-1
2.485684964E1,8.063671112E0,4.836287498E-1,-9.576807022E-1
2.485888522E1,8.123526573E0,4.261679053E-1,-1.031900883E0
2.486095491E1,8.159439087E0,3.016694188E-1,-1.058237195E0
2.486299011E1,8.245630264E0,1.460463107E-1,-1.086967587E0
2.486499718E1,8.324639320E0,-2.633621916E-2,-1.125274777E0
2.486712380E1,8.370129585E0,-9.816227108E-2,-1.134851575E0
2.486902980E1,8.453926086E0,-2.250549644E-1,-1.168370485E0
2.487103038E1,8.535328865E0,-2.944868207E-1,-1.182735682E0
2.487310007E1,8.583212852E0,-4.668693244E-1,-1.175553083E0
2.487513614E1,8.693346024E0,-6.200982332E-1,-1.163581967E0
2.487720599E1,8.784325600E0,-7.589619160E-1,-1.134851575E0
2.487924188E1,8.836998940E0,-8.331822157E-1,-1.130063176E0
2.488131238E1,8.935160637E0,-9.624691010E-1,-1.101332784E0
2.488334780E1,9.035717010E0,-1.103726983E0,-1.058237195E0
2.488535318E1,9.076418877E0,-1.192312479E0,-1.041477680E0
2.488735388E1,9.176975250E0,-1.312022567E0,-9.792284966E-1
2.488942311E1,9.287108421E0,-1.438915253E0,-9.313444495E-1
2.489145826E1,9.339780807E0,-1.496376038E0,-9.121908545E-1
2.489352780E1,9.454702377E0,-1.604115129E0,-8.523358107E-1
2.489556299E1,9.550470352E0,-1.704671621E0,-8.164227605E-1
2.489758826E1,9.612719536E0,-1.747767210E0,-7.948749661E-1
2.489958822E1,9.756371498E0,-1.838746905E0,-7.398083210E-1
2.490165757E1,9.856928825E0,-1.917755604E0,-7.110779285E-1
2.490369260E1,9.923966408E0,-1.948880196E0,-6.991068721E-1
2.490572499E1,1.001973438E1,-1.982398987E0,-6.727706790E-1
2.490772857E1,1.010592556E1,-2.025494576E0,-6.607996821E-1
2.490979784E1,1.015380955E1,-2.051830769E0,-6.607996821E-1
2.491183307E1,1.025675964E1,-2.085349798E0,-6.847416759E-1
2.491390257E1,1.033098030E1,-2.111685991E0,-7.015010715E-1
2.491593764E1,1.040041256E1,-2.109291792E0,-7.326257229E-1
2.491800707E1,1.042435455E1,-2.114080191E0,-7.350199223E-1
2.492004226E1,1.043632507E1,-2.090138197E0,-7.517793179E-1
2.492211160E1,1.044350815E1,-2.068590164E0,-7.661445141E-1
2.492414688E1,1.045069027E1,-2.059013367E0,-7.637503147E-1
2.492615253E1,1.042195988E1,-2.008735180E0,-7.661445141E-1
2.492827176E1,1.041238308E1,-1.910573006E0,-8.259995580E-1
2.493021157E1,1.041238308E1,-1.845929503E0,-9.026140571E-1
2.493221222E1,1.040520096E1,-1.668758631E0,-1.137245774E0
2.493428180E1,1.044350815E1,-1.501164436E0,-1.472434044E0
2.493631714E1,1.047702694E1,-1.400607944E0,-1.649604917E0
2.493838653E1,1.058955383E1,-1.180341482E0,-1.999158382E0
2.494042230E1,1.073560047E1,-9.648633003E-1,-2.319981337E0
2.494249145E1,1.083376312E1,-8.595184088E-1,-2.461239338E0
2.494452722E1,1.103487587E1,-6.631938815E-1,-2.674323320E0
2.494656045E1,1.129823780E1,-4.357447028E-1,-2.815581083E0
2.494874987E1,1.157596493E1,-2.178723514E-1,-2.889801502E0
2.495058622E1,1.173158836E1,-1.101332754E-1,-2.906560898E0
2.495258703E1,1.201171017E1,1.029506698E-1,-2.892195702E0
2.495465691E1,1.213381386E1,2.059013397E-1,-2.856282711E0
2.495669264E1,1.239478207E1,3.998316824E-1,-2.760514498E0
2.495876268E1,1.262941360E1,5.770025849E-1,-2.633621931E0
2.496079768E1,1.281137371E1,6.631938815E-1,-2.494758129E0
2.496286761E1,1.288080502E1,8.020575643E-1,-2.425326347E0
2.496490326E1,1.301248646E1,9.361328483E-1,-2.308010340E0
2.496693337E1,1.314416695E1,1.053448796E0,-2.255337954E0
2.496896595E1,1.319923401E1,1.103726983E0,-2.260126352E0
2.497103634E1,1.331176186E1,1.211466074E0,-2.312798738E0
2.497307226E1,1.342189503E1,1.304839969E0,-2.403778553E0
2.497514237E1,1.347935581E1,1.335964561E0,-2.477998734E0
2.497717814E1,1.362779617E1,1.374271750E0,-2.674323320E0
2.497924784E1,1.377384281E1,1.364694953E0,-2.882618904E0
2.498128330E1,1.385524559E1,1.340752959E0,-2.997540474E0
2.498335287E1,1.402283955E1,1.278503656E0,-3.244143248E0
2.498538853E1,1.416170311E1,1.165976286E0,-3.478775024E0
2.498741587E1,1.422634697E1,1.089361787E0,-3.591302633E0
2.498942668E1,1.433169174E1,9.169792533E-1,-3.809175014E0
2.499149730E1,1.438196945E1,6.703764796E-1,-4.003105164E0
2.499353368E1,1.435563374E1,5.458779931E-1,-4.082113743E0
2.499560395E1,1.431972027E1,3.088520169E-1,-4.216189384E0
2.499763976E1,1.416170311E1,5.746084079E-2,-4.314351559E0
2.499970941E1,1.390073490E1,-1.747767180E-1,-4.355052948E0
2.500174518E1,1.372595787E1,-2.777273953E-1,-4.359841347E0
2.500381518E1,1.333809757E1,-5.099649429E-1,-4.326322556E0
2.500585103E1,1.290474701E1,-7.110779285E-1,-4.256890774E0
2.500788087E1,1.267969227E1,-8.044517636E-1,-4.218583584E0
2.501000114E1,1.222958183E1,-9.648633003E-1,-4.118026733E0
2.501194253E1,1.176031876E1,-1.113303781E0,-4.022258759E0
2.501394349E1,1.153047562E1,-1.180341482E0,-3.962403774E0
2.501601330E1,1.108754826E1,-1.271321058E0,-3.842693806E0
2.501804887E1,1.064701462E1,-1.331176162E0,-3.713406801E0
2.502011860E1,1.044111347E1,-1.362300754E0,-3.658340216E0
2.502215407E1,1.006043530E1,-1.388636947E0,-3.524264812E0
2.502422384E1,9.679757118E0,-1.400607944E0,-3.375824451E0
2.502625987E1,9.500192642E0,-1.393425345E0,-3.301604033E0
2.502828653E1,9.174580574E0,-1.369483352E0,-3.148375273E0
2.503041226E1,8.856152534E0,-1.321599364E0,-2.959233284E0
2.503231764E1,8.712499619E0,-1.295263171E0,-2.863465309E0
2.503431799E1,8.413225174E0,-1.247379065E0,-2.664746523E0
2.503638768E1,8.118738174E0,-1.180341482E0,-2.425326347E0
2.503842295E1,7.836222172E0,-1.149216771E0,-2.305616140E0
2.504049287E1,7.704541206E0,-1.060631394E0,-2.056619167E0
2.504252826E1,7.467514992E0,-9.792284966E-1,-1.810016513E0
2.504459784E1,7.244854450E0,-8.858546019E-1,-1.558625340E0
2.504663326E1,7.141903877E0,-8.403648138E-1,-1.441309452E0
2.504866284E1,6.947973251E0,-7.805097699E-1,-1.201889277E0
2.505069445E1,6.777985096E0,-7.015010715E-1,-9.672574997E-1
2.505276391E1,6.701370716E0,-6.655880809E-1,-8.547300100E-1
2.505479880E1,6.538564682E0,-5.937620401E-1,-6.607996821E-1
2.505686787E1,6.385335922E0,-5.171475410E-1,-4.668693244E-1
2.505890245E1,6.311115742E0,-4.788403511E-1,-3.854664862E-1
2.506097184E1,6.184223175E0,-4.070142806E-1,-2.322375625E-1
2.506300641E1,6.088454723E0,-3.064578176E-1,-1.005564705E-1
2.506507614E1,6.045359135E0,-2.729389966E-1,-3.830722719E-2
2.506711134E1,5.978321552E0,-2.130839527E-1,7.661445439E-2
2.506913787E1,5.904101372E0,-1.723825186E-1,1.819593310E-1
2.507113976E1,5.872976780E0,-1.580173075E-1,2.298433632E-1
2.507320895E1,5.839457989E0,-9.337386489E-2,3.088520169E-1
2.507524357E1,5.813121796E0,-5.267243832E-2,3.878606856E-1
2.507731268E1,5.805939198E0,0.000000000E0,4.501099288E-1
2.507934807E1,5.798756599E0,3.591302410E-2,4.764461517E-1
2.508141710E1,5.817910194E0,5.985504389E-2,5.267243981E-1
2.508345199E1,5.841852188E0,9.097966552E-2,5.817909837E-1
2.508552137E1,5.865794182E0,9.816227108E-2,5.889736414E-1
2.508755672E1,5.923254967E0,9.097966552E-2,6.105214357E-1
2.508958614E1,6.004657745E0,1.149216816E-1,6.153098345E-1
2.509170630E1,6.059724331E0,1.125274822E-1,6.081272364E-1
2.509364734E1,6.186617374E0,1.005564705E-1,5.793967843E-1
2.509564776E1,6.320692539E0,6.464344263E-2,5.578489900E-1
2.509771703E1,6.392518520E0,4.548983276E-2,5.267243981E-1
2.509975299E1,6.576871872E0,-1.436521020E-2,4.572925270E-1
2.510182249E1,6.775590897E0,-7.422025502E-2,3.782838583E-1
2.510385776E1,6.890512466E0,-9.337386489E-2,3.256114423E-1
2.510592726E1,7.120356083E0,-1.580173075E-1,2.202665508E-1
2.510796222E1,7.333439827E0,-2.035071403E-1,1.077390760E-1
2.510998730E1,7.443572998E0,-2.442085743E-1,5.506663769E-2
2.511217541E1,7.668628216E0,-3.303998411E-1,-7.182604820E-2
2.511401103E1,7.874529362E0,-3.734954596E-1,-1.939303428E-1
2.511601076E1,7.972691536E0,-4.022258818E-1,-2.537853718E-1
2.511807953E1,8.197746277E0,-4.668693244E-1,-3.711012602E-1
2.512011441E1,8.434772491E0,-5.099649429E-1,-4.764461517E-1
2.512218360E1,8.638279915E0,-5.410895944E-1,-5.841852427E-1
2.512421876E1,8.755595207E0,-5.985504389E-1,-6.296750307E-1
2.512628787E1,8.956708908E0,-6.224924326E-1,-7.398083210E-1
2.512832249E1,9.155426979E0,-6.488286853E-1,-8.427590132E-1
2.513035145E1,9.255983353E0,-6.655880809E-1,-8.882488012E-1
2.513238191E1,9.437943459E0,-6.871358752E-1,-9.768342972E-1
2.513445014E1,9.622296333E0,-7.182605267E-1,-1.070208192E0
2.513648441E1,9.720458984E0,-7.182605267E-1,-1.122880578E0
2.513855299E1,9.895236015E0,-7.302315235E-1,-1.206677675E0
2.514058757E1,1.006761837E1,-7.422025204E-1,-1.295263171E0
2.514261168E1,1.014902115E1,-7.302315235E-1,-1.340752959E0
2.514461122E1,1.030464458E1,-7.182605267E-1,-1.417367458E0
2.514667991E1,1.044350815E1,-6.943184733E-1,-1.493981838E0
2.514871468E1,1.051772785E1,-6.584054828E-1,-1.534683347E0
2.515074699E1,1.065898609E1,-6.224924326E-1,-1.618480325E0
2.515275145E1,1.079306126E1,-5.770025849E-1,-1.685518026E0
2.515482034E1,1.084333992E1,-5.482721925E-1,-1.721431017E0
2.515685487E1,1.096304989E1,-4.884171486E-1,-1.771709204E0
2.515892410E1,1.107557678E1,-4.309563041E-1,-1.817199111E0
2.516095887E1,1.113064384E1,-3.998316824E-1,-1.836352706E0
2.516302753E1,1.124077702E1,-3.375824392E-1,-1.874659896E0
2.516506199E1,1.133175659E1,-2.873041928E-1,-1.924938202E0
2.516713076E1,1.140358257E1,-2.226607651E-1,-1.958456993E0
2.516916491E1,1.142513084E1,-1.915361285E-1,-1.980004787E0
2.517116484E1,1.146583176E1,-1.484405100E-1,-1.994369984E0
2.517328457E1,1.145386124E1,-6.703764945E-2,-2.011129379E0
2.517522480E1,1.145625496E1,-2.873042040E-2,-2.015917778E0
2.517722472E1,1.146343803E1,4.309562966E-2,-2.037465572E0
2.517929345E1,1.145146656E1,1.077390760E-1,-2.063801765E0
2.518132795E1,1.142752457E1,1.316810995E-1,-2.070984364E0
2.518339657E1,1.137485218E1,2.106897533E-1,-2.104503393E0
2.518543114E1,1.128626728E1,2.849099934E-1,-2.121262789E0
2.518750018E1,1.123838234E1,3.160346150E-1,-2.118868589E0
2.518953495E1,1.117613316E1,3.974374831E-1,-2.133233786E0
2.519154153E1,1.109951878E1,4.477157295E-1,-2.135627985E0
2.519366695E1,1.105881786E1,4.716577232E-1,-2.140416384E0
2.519557176E1,1.096783829E1,5.339069963E-1,-2.152387381E0
2.519757164E1,1.088404083E1,5.889736414E-1,-2.161964178E0
2.519964076E1,1.084812832E1,6.105214357E-1,-2.159569979E0
2.520167541E1,1.073799419E1,6.416460276E-1,-2.159569979E0
2.520374399E1,1.066616821E1,6.679822803E-1,-2.154781580E0
2.520577880E1,1.060152531E1,6.727706790E-1,-2.152387381E0
2.520784776E1,1.048420906E1,6.895300746E-1,-2.147598982E0
2.520988222E1,1.039083576E1,6.895300746E-1,-2.135627985E0
2.521188676E1,1.034295177E1,6.943184733E-1,-2.128445387E0
2.521391810E1,1.025436592E1,6.847416759E-1,-2.102109194E0
2.521598699E1,1.017056847E1,6.775590777E-1,-2.080561161E0
2.521802172E1,1.008916569E1,6.536170840E-1,-2.049436569E0
2.522009057E1,1.004128170E1,5.961562395E-1,-2.025494576E0
2.522212522E1,9.986215591E0,5.315127969E-1,-1.996764183E0
2.522419414E1,9.931148529E0,4.644751251E-1,-1.970427990E0
2.522622907E1,9.895236015E0,4.405331016E-1,-1.946485996E0
2.522829818E1,9.842563629E0,3.615244627E-1,-1.924938202E0
2.523033307E1,9.809044838E0,2.825157940E-1,-1.898601890E0
2.523233880E1,9.792284966E0,2.394201756E-1,-1.881842494E0
2.523434064E1,9.775525093E0,1.580173075E-1,-1.841141105E0
2.523640934E1,9.753977776E0,8.379705995E-2,-1.810016513E0
2.523844422E1,9.744400978E0,3.830722719E-2,-1.795651317E0
2.524051291E1,9.725247383E0,-6.224924326E-2,-1.745373011E0
2.524254734E1,9.715670586E0,-1.340752989E-1,-1.711854219E0
2.524461584E1,9.722852707E0,-1.819593310E-1,-1.690306425E0
2.524664984E1,9.725247383E0,-2.729389966E-1,-1.647210717E0
2.524871860E1,9.742006302E0,-3.687070608E-1,-1.594538331E0
2.525075291E1,9.749189377E0,-3.974374831E-1,-1.577778935E0
2.525275741E1,9.746794701E0,-4.692635238E-1,-1.553836942E0
2.525487880E1,9.756371498E0,-5.458779931E-1,-1.498770237E0
2.525681880E1,9.789890289E0,-6.129156351E-1,-1.477222443E0
2.525881857E1,9.789890289E0,-7.062895298E-1,-1.431732655E0
2.526088730E1,9.832986832E0,-7.924807668E-1,-1.383848548E0
2.526292184E1,9.847352028E0,-8.212111592E-1,-1.340752959E0
2.526499049E1,9.856928825E0,-8.810662031E-1,-1.314416766E0
2.526702545E1,9.890447617E0,-9.600749016E-1,-1.266532660E0
2.526909449E1,9.935936928E0,-1.022324085E0,-1.221042871E0
2.527112957E1,9.950302124E0,-1.048660398E0,-1.192312479E0
2.527313603E1,9.993397713E0,-1.110909581E0,-1.122880578E0
2.527532518E1,1.001494598E1,-1.175553083E0,-1.053448796E0
2.527716087E1,1.002212811E1,-1.206677675E0,-1.015141487E0
2.527916149E1,1.001255131E1,-1.252167463E0,-9.217676520E-1
2.528123060E1,1.002931118E1,-1.273715258E0,-8.427590132E-1
2.528326603E1,1.002691650E1,-1.290474772E0,-8.092401624E-1
2.528533514E1,1.002452278E1,-1.326387763E0,-7.110779285E-1
2.528737022E1,1.001973438E1,-1.362300754E0,-6.081272364E-1
2.528943984E1,1.002691650E1,-1.376665950E0,-5.674257874E-1
2.529147553E1,1.001255131E1,-1.422155857E0,-4.908113480E-1
2.529348053E1,9.986215591E0,-1.446097851E0,-4.022258818E-1
2.529551230E1,9.969455719E0,-1.470039845E0,-3.567360640E-1
2.529758164E1,9.947908401E0,-1.501164436E0,-2.729389966E-1
2.529961664E1,9.945513725E0,-1.510741234E0,-1.651999205E-1
2.530168630E1,9.933543205E0,-1.520318031E0,-1.173158810E-1
2.530372184E1,9.919178009E0,-1.551442742E0,-1.915361360E-2
2.530579045E1,9.911994934E0,-1.568202138E0,6.703764945E-2
2.530782541E1,9.895236015E0,-1.592144132E0,1.460463107E-1
2.530989453E1,9.883264542E0,-1.604115129E0,1.819593310E-1
2.531192976E1,9.859322548E0,-1.623268723E0,2.705447972E-1
2.531392984E1,9.856928825E0,-1.647210717E0,3.471592367E-1
2.531593264E1,9.856928825E0,-1.661576033E0,3.902548850E-1
2.531800260E1,9.835380554E0,-1.692700624E0,4.501099288E-1
2.532003799E1,9.821015358E0,-1.721431017E0,5.027823448E-1
2.532210730E1,9.813833237E0,-1.735796213E0,5.267243981E-1
2.532414230E1,9.789890289E0,-1.740584612E0,5.770025849E-1
2.532621156E1,9.785101891E0,-1.757344007E0,6.177040339E-1
2.532824699E1,9.782708168E0,-1.754949808E0,6.296750307E-1
2.533031637E1,9.753977776E0,-1.754949808E0,6.512228847E-1
2.533235145E1,9.763554573E0,-1.750161409E0,6.847416759E-1
2.533435164E1,9.765948296E0,-1.745373011E0,6.895300746E-1
2.533647283E1,9.749189377E0,-1.752555609E0,6.847416759E-1
2.533841410E1,9.756371498E0,-1.733402014E0,6.919242740E-1
2.534041441E1,9.751583099E0,-1.721431017E0,6.967126727E-1
2.534248387E1,9.727641106E0,-1.707065821E0,6.799532771E-1
2.534451899E1,9.737217903E0,-1.663970232E0,6.536170840E-1
2.534658833E1,9.732429504E0,-1.647210717E0,6.464344859E-1
2.534862407E1,9.720458984E0,-1.606509328E0,5.889736414E-1
2.535069368E1,9.720458984E0,-1.558625340E0,5.363011956E-1
2.535272926E1,9.689333916E0,-1.493981838E0,4.812345505E-1
2.535473645E1,9.677363396E0,-1.479616642E0,4.501099288E-1
2.535686272E1,9.653421402E0,-1.419761658E0,3.974374831E-1
2.535876857E1,9.648633003E0,-1.388636947E0,3.303998411E-1
2.536076864E1,9.643844604E0,-1.328781962E0,2.992752194E-1
2.536283818E1,9.629479408E0,-1.261744261E0,2.513911724E-1
2.536487326E1,9.595960617E0,-1.194706678E0,1.963245422E-1
2.536694214E1,9.574412346E0,-1.149216771E0,1.699883193E-1
2.536897741E1,9.536105156E0,-1.082179189E0,1.221042871E-1
2.537104680E1,9.519346237E0,-1.022324085E0,7.422025502E-2
2.537308230E1,9.497797966E0,-1.007958889E0,4.309562966E-2
2.537508814E1,9.483432770E0,-9.720458984E-1,0.000000000E0
2.537711980E1,9.469067574E0,-9.121908545E-1,-4.309562966E-2
2.537918922E1,9.449913979E0,-8.810662031E-1,-5.267243832E-2
2.538122387E1,9.440337181E0,-8.164227605E-1,-9.816227108E-2
2.538329330E1,9.425971985E0,-7.661445141E-1,-1.412578970E-1
2.538532837E1,9.418789864E0,-7.445967197E-1,-1.604115069E-1
2.538735441E1,9.425971985E0,-7.110779285E-1,-2.011129409E-1
2.538935541E1,9.409213066E0,-6.823474765E-1,-2.346317619E-1
2.539142514E1,9.414001465E0,-6.631938815E-1,-2.489969730E-1
2.539346114E1,9.421183586E0,-6.392518282E-1,-2.944868207E-1
2.539546810E1,9.411606789E0,-6.153098345E-1,-3.208230138E-1
2.539747430E1,9.414001465E0,-6.009446383E-1,-3.351882398E-1
2.539954380E1,9.425971985E0,-5.746083856E-1,-3.687070608E-1
2.540157880E1,9.459490776E0,-5.841852427E-1,-4.022258818E-1
2.540364795E1,9.454702377E0,-5.793967843E-1,-4.213795066E-1
2.540568299E1,9.466673851E0,-5.482721925E-1,-4.477157295E-1
2.540775226E1,9.512163162E0,-5.434837937E-1,-4.908113480E-1
2.540978757E1,9.519346237E0,-5.458779931E-1,-5.291185975E-1
2.541185695E1,9.538499832E0,-5.506663918E-1,-5.410895944E-1
2.541389199E1,9.555258751E0,-5.506663918E-1,-5.913678408E-1
2.541589633E1,9.576807022E0,-5.339069963E-1,-6.392518282E-1
2.541801556E1,9.588777542E0,-5.554547906E-1,-6.631938815E-1
2.541995553E1,9.624691010E0,-5.698199868E-1,-7.062895298E-1
2.542195583E1,9.646238327E0,-5.841852427E-1,-7.374141216E-1
2.542402499E1,9.672574997E0,-5.985504389E-1,-7.685387731E-1
2.542605995E1,9.718064308E0,-6.248866320E-1,-8.331822157E-1
2.542812899E1,9.777919769E0,-6.344634295E-1,-8.595184088E-1
2.543016341E1,9.809044838E0,-6.344634295E-1,-8.786720037E-1
2.543223249E1,9.866505623E0,-6.584054828E-1,-9.217676520E-1
2.543426772E1,9.943120003E0,-6.895300746E-1,-9.600749016E-1
2.543627387E1,9.976638794E0,-6.919242740E-1,-9.816226959E-1
2.543846314E1,1.002931118E1,-7.038952708E-1,-1.017535686E0
2.544029818E1,1.007719517E1,-7.230489254E-1,-1.048660398E0
2.544229841E1,1.011310768E1,-7.278373241E-1,-1.065419793E0
2.544436683E1,1.019929886E1,-7.230489254E-1,-1.094150186E0
2.544640172E1,1.028549004E1,-7.230489254E-1,-1.142034173E0
2.544847118E1,1.032619190E1,-7.206547260E-1,-1.163581967E0
2.545050610E1,1.041717148E1,-7.110779285E-1,-1.209071875E0
2.545257464E1,1.049618053E1,-7.182605267E-1,-1.240196466E0
2.545460907E1,1.057279491E1,-6.991068721E-1,-1.276109457E0
2.545661522E1,1.060870743E1,-6.775590777E-1,-1.292868972E0
2.545864633E1,1.069729328E1,-6.536170840E-1,-1.323993564E0
2.546071553E1,1.075714779E1,-6.607996821E-1,-1.352723956E0
2.546275030E1,1.078827286E1,-6.464344859E-1,-1.374271750E0
2.546481999E1,1.084333992E1,-6.224924326E-1,-1.398213744E0
2.546685506E1,1.087685871E1,-5.961562395E-1,-1.429338455E0
2.546892418E1,1.089122391E1,-5.865794420E-1,-1.438915253E0
2.547095968E1,1.092713642E1,-5.793967843E-1,-1.465251446E0
2.547302883E1,1.094150162E1,-5.506663918E-1,-1.496376038E0
2.547506418E1,1.094150162E1,-5.315127969E-1,-1.503558636E0
2.547707076E1,1.091277122E1,-4.979939461E-1,-1.527500629E0
2.547907310E1,1.092234802E1,-4.860229492E-1,-1.546654344E0
2.548114283E1,1.091277122E1,-4.740519226E-1,-1.556231141E0
2.548317799E1,1.086488724E1,-4.453215301E-1,-1.577778935E0
2.548524768E1,1.081460953E1,-4.141969085E-1,-1.580173135E0
2.548728310E1,1.079306126E1,-3.998316824E-1,-1.580173135E0
2.548935299E1,1.073320580E1,-3.782838583E-1,-1.580173135E0
2.549138830E1,1.066377449E1,-3.639186621E-1,-1.575384736E0
2.549345787E1,1.058716011E1,-3.543418646E-1,-1.558625340E0
2.549549303E1,1.054885292E1,-3.256114423E-1,-1.553836942E0
2.549749856E1,1.047223854E1,-2.825157940E-1,-1.544260144E0
2.549961949E1,1.037886429E1,-2.537853718E-1,-1.520318031E0
2.550156057E1,1.033816338E1,-2.466027737E-1,-1.510741234E0
2.550356095E1,1.021605873E1,-2.250549644E-1,-1.486799240E0
2.550563053E1,1.011789608E1,-1.867477298E-1,-1.446097851E0
2.550766626E1,1.007001209E1,-1.891419291E-1,-1.426944256E0
2.550973572E1,9.971850395E0,-1.556231081E-1,-1.395819545E0
2.551177118E1,9.864110947E0,-1.508347094E-1,-1.362300754E0
2.551384018E1,9.816226959E0,-1.436520964E-1,-1.345541358E0
2.551587599E1,9.708487511E0,-1.173158810E-1,-1.304839969E0
2.551788280E1,9.627084732E0,-1.005564705E-1,-1.254561663E0
2.552000853E1,9.588777542E0,-1.053448766E-1,-1.228225470E0
2.552191364E1,9.500192642E0,-8.379705995E-2,-1.189918280E0
2.552391349E1,9.414001465E0,-6.943184882E-2,-1.137245774E0
2.552598249E1,9.373299599E0,-6.224924326E-2,-1.113303781E0
2.552801760E1,9.277531624E0,-5.746084079E-2,-1.065419793E0
2.553008680E1,9.188945770E0,-2.873042040E-2,-1.019929886E0
2.553212214E1,9.150638580E0,-2.394201607E-2,-9.983820915E-1
2.553419153E1,9.105149269E0,-9.576806799E-3,-9.552865028E-1
2.553622699E1,9.047688484E0,1.436521020E-2,-8.954314590E-1
2.553823268E1,9.018958092E0,2.154781483E-2,-8.810662031E-1
2.554026499E1,8.987833023E0,2.394201607E-2,-8.475474119E-1
2.554233476E1,8.954314232E0,1.197100803E-2,-8.116343617E-1
2.554437030E1,8.944737434E0,1.915361360E-2,-7.948749661E-1
2.554644037E1,8.920795441E0,1.197100803E-2,-7.733271718E-1
2.554847610E1,8.925583839E0,1.675941236E-2,-7.350199223E-1
2.555054580E1,8.937555313E0,-9.576806799E-3,-6.943184733E-1
2.555258103E1,8.951920509E0,-2.154781483E-2,-6.799532771E-1
2.555465118E1,8.954314232E0,-1.675941236E-2,-6.512228847E-1
2.555668676E1,8.995016098E0,-3.351882473E-2,-6.272808313E-1
2.555869345E1,9.018958092E0,-4.548983276E-2,-6.153098345E-1
2.556069676E1,9.078812599E0,-6.703764945E-2,-5.985504389E-1
2.556276660E1,9.124302864E0,-9.097966552E-2,-5.817909837E-1
2.556480180E1,9.162610054E0,-1.125274822E-1,-5.650315881E-1
2.556687099E1,9.255983353E0,-1.292868853E-1,-5.386953950E-1
2.556890572E1,9.323021889E0,-1.460463107E-1,-5.267243981E-1
2.557097487E1,9.363722801E0,-1.484405100E-1,-5.219359994E-1
2.557300914E1,9.428366661E0,-1.723825186E-1,-5.027823448E-1
2.557507833E1,9.490615845E0,-2.035071403E-1,-4.908113480E-1
2.557711264E1,9.528923035E0,-2.202665508E-1,-4.860229492E-1
2.557911741E1,9.610325813E0,-2.561795712E-1,-4.884171486E-1
2.558123822E1,9.691728592E0,-2.849099934E-1,-4.764461517E-1
2.558317937E1,9.734824181E0,-2.992752194E-1,-4.740519226E-1
2.558517933E1,9.801861763E0,-3.327940404E-1,-4.716577232E-1
2.558724895E1,9.856928825E0,-3.423708379E-1,-4.788403511E-1
2.558928430E1,9.926360130E0,-3.615244627E-1,-4.836287498E-1
2.559135414E1,9.967061996E0,-3.974374831E-1,-4.836287498E-1
2.559338964E1,1.002212811E1,-4.285621047E-1,-4.884171486E-1
2.559545960E1,1.008198357E1,-4.572925270E-1,-5.123591423E-1
2.559749480E1,1.012029076E1,-4.812345505E-1,-5.219359994E-1
2.559950226E1,1.016338634E1,-5.147533417E-1,-5.315127969E-1
2.560169141E1,1.021366405E1,-5.315127969E-1,-5.386953950E-1
2.560352868E1,1.023042393E1,-5.482721925E-1,-5.530605912E-1
2.560552880E1,1.026873112E1,-5.817909837E-1,-5.698199868E-1
2.560759876E1,1.029027843E1,-5.889736414E-1,-5.841852427E-1
2.560963430E1,1.030224991E1,-5.961562395E-1,-5.913678408E-1
2.561170356E1,1.034055710E1,-6.248866320E-1,-6.057330370E-1
2.561373849E1,1.033337498E1,-6.392518282E-1,-6.057330370E-1
2.561580722E1,1.034055710E1,-6.392518282E-1,-6.057330370E-1
2.561784299E1,1.035013390E1,-6.679822803E-1,-6.177040339E-1
2.561984891E1,1.035492229E1,-6.847416759E-1,-6.081272364E-1
2.562188106E1,1.034534550E1,-6.847416759E-1,-6.009446383E-1
2.562395095E1,1.035252857E1,-7.230489254E-1,-5.985504389E-1
2.562598587E1,1.033816338E1,-7.206547260E-1,-6.153098345E-1
2.562805533E1,1.033098030E1,-7.254431248E-1,-6.153098345E-1
2.563009110E1,1.030464458E1,-7.278373241E-1,-6.153098345E-1
2.563211656E1,1.027351952E1,-7.445967197E-1,-6.200982332E-1
2.563411687E1,1.025436592E1,-7.493851185E-1,-6.248866320E-1
2.563618660E1,1.022802925E1,-7.661445141E-1,-6.248866320E-1
2.563822222E1,1.020648193E1,-7.709329724E-1,-6.296750307E-1
2.564022964E1,1.015859795E1,-7.805097699E-1,-6.224924326E-1
2.564223418E1,1.015141487E1,-8.020575643E-1,-6.344634295E-1
2.564430426E1,1.011789608E1,-8.140285611E-1,-6.344634295E-1
2.564633976E1,1.007719517E1,-8.116343617E-1,-6.560112834E-1
2.564840968E1,1.006043530E1,-8.068459630E-1,-6.655880809E-1
2.565044522E1,1.004607010E1,-8.068459630E-1,-6.727706790E-1
2.565251495E1,1.001494598E1,-8.236053586E-1,-6.823474765E-1
2.565455045E1,9.981427193E0,-8.355764151E-1,-6.751648784E-1
2.565662030E1,9.952696800E0,-8.379706144E-1,-6.823474765E-1
2.565865614E1,9.902418137E0,-8.379706144E-1,-7.038952708E-1
2.566066145E1,9.885659218E0,-8.307880163E-1,-7.134721279E-1
2.566278106E1,9.832986832E0,-8.164227605E-1,-7.182605267E-1
2.566472230E1,9.785101891E0,-8.044517636E-1,-7.254431248E-1
2.566672283E1,9.768342972E0,-8.068459630E-1,-7.302315235E-1
2.566879245E1,9.737217903E0,-8.212111592E-1,-7.422025204E-1
2.567082818E1,9.710882187E0,-8.140285611E-1,-7.493851185E-1
2.567289814E1,9.684545517E0,-8.140285611E-1,-7.541735172E-1
2.567493256E1,9.634267807E0,-7.996633649E-1,-7.709329724E-1
2.567700133E1,9.612719536E0,-7.876923680E-1,-7.685387731E-1
2.567903649E1,9.595960617E0,-7.900865674E-1,-7.661445141E-1
2.568104299E1,9.557653427E0,-7.876923680E-1,-7.661445141E-1
2.568316887E1,9.548076630E0,-7.924807668E-1,-7.589619160E-1
2.568507526E1,9.548076630E0,-7.876923680E-1,-7.589619160E-1
2.568707564E1,9.514557838E0,-7.685387731E-1,-7.733271718E-1
2.568914560E1,9.504981041E0,-7.781155705E-1,-7.733271718E-1
2.569118052E1,9.500192642E0,-7.613561153E-1,-7.781155705E-1
2.569324999E1,9.500192642E0,-7.637503147E-1,-7.757213712E-1
2.569528545E1,9.507374763E0,-7.445967197E-1,-7.685387731E-1
2.569735495E1,9.519346237E0,-7.445967197E-1,-7.757213712E-1
2.569939014E1,9.521739960E0,-7.541735172E-1,-7.709329724E-1
2.570139618E1,9.528923035E0,-7.469909191E-1,-7.685387731E-1
2.570342760E1,9.540893555E0,-7.422025204E-1,-7.948749661E-1
2.570549791E1,9.555258751E0,-7.493851185E-1,-8.044517636E-1
2.570753306E1,9.600749016E0,-7.493851185E-1,-8.188169599E-1
2.570960264E1,9.634267807E0,-7.278373241E-1,-8.403648138E-1
2.571163791E1,9.636661530E0,-7.254431248E-1,-8.475474119E-1
2.571370745E1,9.665391922E0,-7.182605267E-1,-8.619126081E-1
2.571574264E1,9.701305389E0,-7.206547260E-1,-8.810662031E-1
2.571781191E1,9.713275909E0,-7.326257229E-1,-8.954314590E-1
2.571984714E1,9.732429504E0,-7.326257229E-1,-9.217676520E-1
2.572185260E1,9.768342972E0,-7.613561153E-1,-9.361328483E-1
2.572385514E1,9.782708168E0,-7.422025204E-1,-9.409212470E-1
2.572592433E1,9.821015358E0,-7.206547260E-1,-9.720458984E-1
2.572795902E1,9.852140427E0,-7.015010715E-1,-9.983820915E-1
2.573002791E1,9.878476143E0,-6.895300746E-1,-1.003170490E0
2.573206268E1,9.880870819E0,-6.823474765E-1,-1.024718285E0
2.573413176E1,9.892841339E0,-6.847416759E-1,-1.031900883E0
2.573616641E1,9.914389610E0,-6.967126727E-1,-1.022324085E0
2.573823545E1,9.921571732E0,-6.847416759E-1,-1.024718285E0
2.574027053E1,9.931148529E0,-6.655880809E-1,-1.029506683E0
2.574227568E1,9.945513725E0,-6.440402865E-1,-1.027112484E0
2.574439583E1,9.952696800E0,-6.368576288E-1,-1.024718285E0
2.574633614E1,9.974244118E0,-6.296750307E-1,-1.019929886E0
2.574833606E1,9.988609314E0,-6.224924326E-1,-1.012747288E0
2.575040460E1,9.991003990E0,-6.200982332E-1,-1.015141487E0
2.575244014E1,9.988609314E0,-6.057330370E-1,-1.007958889E0
2.575450949E1,9.995792389E0,-6.033388376E-1,-1.010353088E0
2.575654487E1,1.000297451E1,-5.961562395E-1,-1.005564690E0
2.575861391E1,1.001733971E1,-5.889736414E-1,-9.959878922E-1
2.576064868E1,1.001733971E1,-5.674257874E-1,-9.840168953E-1
2.576265387E1,1.001733971E1,-5.650315881E-1,-9.840168953E-1
2.576484202E1,1.003649330E1,-5.602431893E-1,-9.816226959E-1
2.576667776E1,1.003170490E1,-5.554547906E-1,-9.792284966E-1
2.576867756E1,1.002691650E1,-5.506663918E-1,-9.792284966E-1
2.577074656E1,1.002452278E1,-5.458779931E-1,-9.792284966E-1
2.577278072E1,1.001255131E1,-5.363011956E-1,-9.768342972E-1
2.577484995E1,9.998186111E0,-5.339069963E-1,-9.792284966E-1
2.577688449E1,9.995792389E0,-5.243301988E-1,-9.935936928E-1
2.577895399E1,9.988609314E0,-5.123591423E-1,-9.983820915E-1
2.578098910E1,9.974244118E0,-5.147533417E-1,-1.007958889E0
2.578299479E1,9.962273598E0,-4.979939461E-1,-1.015141487E0
2.578502653E1,9.955090523E0,-4.908113480E-1,-1.022324085E0
2.578709602E1,9.923966408E0,-4.716577232E-1,-1.015141487E0
2.578913049E1,9.919178009E0,-4.668693244E-1,-1.005564690E0
2.579119933E1,9.907206535E0,-4.620809257E-1,-9.911994934E-1
2.579323406E1,9.873687744E0,-4.525041282E-1,-9.983820915E-1
2.579530333E1,9.859322548E0,-4.572925270E-1,-1.005564690E0
2.579733837E1,9.832986832E0,-4.453215301E-1,-9.864110947E-1
2.579940729E1,9.811438560E0,-4.405331016E-1,-9.768342972E-1
2.580144202E1,9.794678688E0,-4.501099288E-1,-9.648633003E-1
2.580344764E1,9.777919769E0,-4.572925270E-1,-9.576807022E-1
2.580545095E1,9.742006302E0,-4.285621047E-1,-9.409212470E-1
2.580751960E1,9.732429504E0,-4.213795066E-1,-9.337386489E-1
2.580955476E1,9.734824181E0,-4.309563041E-1,-9.169792533E-1
2.581162418E1,9.722852707E0,-4.501099288E-1,-9.145850539E-1
2.581365906E1,9.720458984E0,-4.525041282E-1,-9.050082564E-1
2.581572795E1,9.730035782E0,-4.525041282E-1,-8.762778044E-1
2.581776291E1,9.727641106E0,-4.596867263E-1,-8.571242094E-1
2.581983210E1,9.718064308E0,-4.501099288E-1,-8.571242094E-1
2.582186737E1,9.703699112E0,-4.692635238E-1,-8.475474119E-1
2.582387256E1,9.703699112E0,-4.908113480E-1,-8.164227605E-1
2.582599276E1,9.703699112E0,-5.003881454E-1,-8.092401624E-1
2.582793426E1,9.720458984E0,-4.955997467E-1,-8.092401624E-1
2.582993479E1,9.715670586E0,-5.075707436E-1,-8.044517636E-1
2.583200426E1,9.718064308E0,-5.147533417E-1,-7.948749661E-1
2.583404018E1,9.703699112E0,-5.219359994E-1,-7.972691655E-1
2.583610964E1,9.720458984E0,-5.219359994E-1,-8.044517636E-1
2.583814495E1,9.722852707E0,-5.410895944E-1,-8.020575643E-1
2.584021487E1,9.718064308E0,-5.578489900E-1,-8.044517636E-1
2.584224945E1,9.730035782E0,-5.913678408E-1,-8.068459630E-1
2.584425602E1,9.744400978E0,-5.913678408E-1,-8.068459630E-1
2.584638172E1,9.739612579E0,-5.889736414E-1,-8.116343617E-1
2.584828741E1,9.739612579E0,-6.200982332E-1,-8.044517636E-1
2.585028764E1,9.758766174E0,-6.272808313E-1,-8.068459630E-1
2.585235687E1,9.763554573E0,-6.344634295E-1,-8.140285611E-1
2.585439191E1,9.758766174E0,-6.344634295E-1,-8.236053586E-1
2.585646072E1,9.787496567E0,-6.488286853E-1,-8.164227605E-1
2.585849576E1,9.782708168E0,-6.512228847E-1,-8.259995580E-1
2.586056472E1,9.797073364E0,-6.512228847E-1,-8.403648138E-1
2.586259906E1,9.811438560E0,-6.775590777E-1,-8.403648138E-1
2.586460410E1,9.811438560E0,-6.799532771E-1,-8.475474119E-1
2.586663491E1,9.821015358E0,-6.823474765E-1,-8.547300100E-1
2.586870422E1,9.830592155E0,-6.943184733E-1,-8.475474119E-1
2.587073845E1,9.828198433E0,-7.038952708E-1,-8.547300100E-1
2.587280699E1,9.837775230E0,-7.158663273E-1,-8.427590132E-1
2.587484164E1,9.861717224E0,-7.517793179E-1,-8.547300100E-1
2.587686633E1,9.876082420E0,-7.565677166E-1,-8.714894056E-1
2.587886618E1,9.883264542E0,-7.661445141E-1,-8.690952063E-1
2.588093456E1,9.885659218E0,-7.637503147E-1,-8.738836050E-1
2.588296949E1,9.902418137E0,-7.709329724E-1,-8.667010069E-1
2.588497460E1,9.909601212E0,-7.685387731E-1,-8.714894056E-1
2.588697852E1,9.919178009E0,-7.852981687E-1,-8.810662031E-1
2.588904745E1,9.919178009E0,-7.900865674E-1,-8.834604025E-1
2.589108222E1,9.921571732E0,-7.996633649E-1,-8.834604025E-1
2.589315106E1,9.938331604E0,-8.020575643E-1,-8.954314590E-1
2.589518556E1,9.938331604E0,-7.805097699E-1,-9.074024558E-1
2.589725499E1,9.940725327E0,-7.781155705E-1,-9.097966552E-1
2.589928987E1,9.935936928E0,-7.900865674E-1,-9.169792533E-1
2.590135860E1,9.940725327E0,-7.900865674E-1,-9.241618514E-1
2.590339295E1,9.945513725E0,-7.900865674E-1,-9.313444495E-1
2.590539899E1,9.933543205E0,-7.805097699E-1,-9.241618514E-1
2.590752006E1,9.943120003E0,-7.709329724E-1,-9.217676520E-1
2.590946103E1,9.931148529E0,-7.781155705E-1,-9.289502501E-1
2.591146114E1,9.904812813E0,-7.829039693E-1,-9.504981041E-1
2.591353022E1,9.883264542E0,-7.661445141E-1,-9.528923035E-1
2.591556503E1,9.878476143E0,-7.637503147E-1,-9.528923035E-1
2.591763376E1,9.849745750E0,-7.541735172E-1,-9.481038451E-1
2.591966829E1,9.842563629E0,-7.278373241E-1,-9.528923035E-1
2.592173729E1,9.849745750E0,-7.254431248E-1,-9.361328483E-1
2.592377187E1,9.837775230E0,-7.182605267E-1,-9.289502501E-1
2.592577760E1,9.806650162E0,-7.038952708E-1,-9.337386489E-1
2.592796452E1,9.799467087E0,-7.086837292E-1,-9.313444495E-1
2.592980006E1,9.794678688E0,-7.086837292E-1,-9.361328483E-1
2.593179968E1,9.787496567E0,-6.895300746E-1,-9.313444495E-1
2.593386849E1,9.768342972E0,-6.871358752E-1,-9.265560508E-1
2.593590302E1,9.761159897E0,-6.919242740E-1,-9.241618514E-1
2.593797187E1,9.753977776E0,-6.799532771E-1,-9.097966552E-1
2.594000683E1,9.744400978E0,-6.631938815E-1,-9.002198577E-1
2.594207556E1,9.751583099E0,-6.607996821E-1,-9.002198577E-1
2.594410995E1,9.732429504E0,-6.727706790E-1,-9.097966552E-1
2.594611491E1,9.732429504E0,-6.631938815E-1,-9.074024558E-1
2.594814591E1,9.730035782E0,-6.631938815E-1,-9.074024558E-1
2.595021476E1,9.725247383E0,-6.655880809E-1,-9.074024558E-1
2.595224960E1,9.734824181E0,-6.703764796E-1,-9.097966552E-1
2.595431837E1,9.727641106E0,-6.727706790E-1,-9.121908545E-1
2.595635314E1,9.720458984E0,-6.631938815E-1,-9.074024558E-1
2.595842187E1,9.732429504E0,-6.919242740E-1,-9.145850539E-1
2.596045645E1,9.722852707E0,-6.943184733E-1,-9.193734527E-1
2.596252491E1,9.732429504E0,-6.751648784E-1,-9.121908545E-1
2.596455964E1,9.734824181E0,-6.967126727E-1,-9.145850539E-1
2.596656506E1,9.737217903E0,-6.871358752E-1,-9.121908545E-1
2.596856752E1,9.722852707E0,-6.919242740E-1,-9.121908545E-1
2.597063629E1,9.744400978E0,-6.871358752E-1,-9.289502501E-1
2.597267049E1,9.744400978E0,-6.895300746E-1,-9.337386489E-1
2.597473945E1,9.734824181E0,-6.943184733E-1,-9.361328483E-1
2.597677418E1,9.763554573E0,-6.799532771E-1,-9.504981041E-1
2.597884306E1,9.777919769E0,-6.607996821E-1,-9.481038451E-1
2.598087737E1,9.780313492E0,-6.584054828E-1,-9.481038451E-1
2.598294668E1,9.789890289E0,-6.512228847E-1,-9.528923035E-1
2.598498099E1,9.775525093E0,-6.392518282E-1,-9.720458984E-1
2.598698676E1,9.785101891E0,-6.392518282E-1,-9.792284966E-1
2.598910602E1,9.789890289E0,-6.129156351E-1,-9.816226959E-1
2.599104656E1,9.785101891E0,-6.009446383E-1,-9.888052940E-1
2.599304622E1,9.785101891E0,-6.009446383E-1,-9.935936928E-1
2.599511533E1,9.787496567E0,-6.105214357E-1,-9.983820915E-1
2.599715037E1,9.773131371E0,-5.913678408E-1,-1.005564690E0
2.599921926E1,9.777919769E0,-5.841852427E-1,-1.005564690E0
2.600125426E1,9.782708168E0,-5.602431893E-1,-1.007958889E0
2.600332329E1,9.787496567E0,-5.626373887E-1,-1.007958889E0
2.600535783E1,9.782708168E0,-5.698199868E-1,-1.000776291E0
2.600736383E1,9.775525093E0,-5.530605912E-1,-9.983820915E-1
2.600948983E1,9.777919769E0,-5.458779931E-1,-1.005564690E0
2.601139476E1,9.773131371E0,-5.506663918E-1,-1.000776291E0
2.601339429E1,9.782708168E0,-5.626373887E-1,-9.888052940E-1
2.601546279E1,9.782708168E0,-5.817909837E-1,-9.720458984E-1
2.601749737E1,9.789890289E0,-5.793967843E-1,-9.672574997E-1
2.601956583E1,9.785101891E0,-5.937620401E-1,-9.528923035E-1
2.602160033E1,9.794678688E0,-6.033388376E-1,-9.481038451E-1
2.602366879E1,9.799467087E0,-6.153098345E-1,-9.552865028E-1
2.602570314E1,9.799467087E0,-6.320692301E-1,-9.576807022E-1
2.602770887E1,9.813833237E0,-6.344634295E-1,-9.552865028E-1
2.602970895E1,9.811438560E0,-6.368576288E-1,-9.552865028E-1
2.603177737E1,9.804255486E0,-6.320692301E-1,-9.504981041E-1
2.603381168E1,9.821015358E0,-6.320692301E-1,-9.528923035E-1
2.603588033E1,9.825803757E0,-6.344634295E-1,-9.433154464E-1
2.603791487E1,9.830592155E0,-6.368576288E-1,-9.433154464E-1
2.603998318E1,9.840168953E0,-6.560112834E-1,-9.433154464E-1
2.604201756E1,9.832986832E0,-6.727706790E-1,-9.337386489E-1
2.604408606E1,9.832986832E0,-6.847416759E-1,-9.289502501E-1
2.604612041E1,9.849745750E0,-6.823474765E-1,-9.457096457E-1
2.604812672E1,9.835380554E0,-6.775590777E-1,-9.457096457E-1
2.605012956E1,9.842563629E0,-6.895300746E-1,-9.504981041E-1
2.605219872E1,9.835380554E0,-6.967126727E-1,-9.457096457E-1
2.605423349E1,9.856928825E0,-6.991068721E-1,-9.385270476E-1
2.605630195E1,9.852140427E0,-7.015010715E-1,-9.313444495E-1
2.605833645E1,9.837775230E0,-7.158663273E-1,-9.337386489E-1
2.606040479E1,9.849745750E0,-7.134721279E-1,-9.385270476E-1
2.606243922E1,9.847352028E0,-7.062895298E-1,-9.409212470E-1
2.606450760E1,9.847352028E0,-6.967126727E-1,-9.504981041E-1
2.606654152E1,9.842563629E0,-6.943184733E-1,-9.552865028E-1
2.606854541E1,9.840168953E0,-6.991068721E-1,-9.504981041E-1
2.607066387E1,9.835380554E0,-7.086837292E-1,-9.528923035E-1
2.607260310E1,9.840168953E0,-7.015010715E-1,-9.624691010E-1
2.607460206E1,9.830592155E0,-7.015010715E-1,-9.552865028E-1
2.607667041E1,9.818621635E0,-7.086837292E-1,-9.720458984E-1
2.607870449E1,9.830592155E0,-7.158663273E-1,-9.720458984E-1
2.608077279E1,9.828198433E0,-7.206547260E-1,-9.840168953E-1
2.608280795E1,9.813833237E0,-7.254431248E-1,-9.840168953E-1
2.608487626E1,9.811438560E0,-7.398083210E-1,-9.720458984E-1
2.608691076E1,9.794678688E0,-7.469909191E-1,-9.744400978E-1
2.608891764E1,9.787496567E0,-7.302315235E-1,-9.744400978E-1
2.609110652E1,9.806650162E0,-7.350199223E-1,-9.840168953E-1
2.609294176E1,9.804255486E0,-7.374141216E-1,-9.744400978E-1
2.609494133E1,9.792284966E0,-7.206547260E-1,-9.648633003E-1
2.609700999E1,9.765948296E0,-7.206547260E-1,-9.720458984E-1
2.609904445E1,9.751583099E0,-7.398083210E-1,-9.672574997E-1
2.610111341E1,9.746794701E0,-7.398083210E-1,-9.576807022E-1
2.610314872E1,9.742006302E0,-7.469909191E-1,-9.648633003E-1
2.610521810E1,9.734824181E0,-7.541735172E-1,-9.457096457E-1
2.610725337E1,9.730035782E0,-7.613561153E-1,-9.361328483E-1
2.610925898E1,9.746794701E0,-7.685387731E-1,-9.385270476E-1
2.611129198E1,9.753977776E0,-7.685387731E-1,-9.433154464E-1
2.611336129E1,9.739612579E0,-7.733271718E-1,-9.385270476E-1
2.611539579E1,9.737217903E0,-7.781155705E-1,-9.385270476E-1
2.611746437E1,9.732429504E0,-7.852981687E-1,-9.361328483E-1
2.611949876E1,9.727641106E0,-7.733271718E-1,-9.313444495E-1
2.612152256E1,9.727641106E0,-7.852981687E-1,-9.385270476E-1
2.612352195E1,9.715670586E0,-8.044517636E-1,-9.385270476E-1
2.612559052E1,9.720458984E0,-8.068459630E-1,-9.289502501E-1
2.612762498E1,9.732429504E0,-8.044517636E-1,-9.361328483E-1
2.612963187E1,9.753977776E0,-8.259995580E-1,-9.481038451E-1
2.613163656E1,9.768342972E0,-8.283938169E-1,-9.409212470E-1
2.613370518E1,9.765948296E0,-8.188169599E-1,-9.361328483E-1
2.613573979E1,9.742006302E0,-8.188169599E-1,-9.409212470E-1
2.613780864E1,9.744400978E0,-8.092401624E-1,-9.433154464E-1
2.613984337E1,9.749189377E0,-8.068459630E-1,-9.457096457E-1
2.614191195E1,9.761159897E0,-8.020575643E-1,-9.361328483E-1
2.614394629E1,9.758766174E0,-8.140285611E-1,-9.409212470E-1
2.614601525E1,9.765948296E0,-8.188169599E-1,-9.457096457E-1
2.614804991E1,9.763554573E0,-8.092401624E-1,-9.289502501E-1
2.615005549E1,9.782708168E0,-8.044517636E-1,-9.241618514E-1
2.615217633E1,9.782708168E0,-7.996633649E-1,-9.289502501E-1
2.615411710E1,9.801861763E0,-8.068459630E-1,-9.217676520E-1
2.615611618E1,9.775525093E0,-8.044517636E-1,-9.217676520E-1
2.615818510E1,9.789890289E0,-7.948749661E-1,-9.313444495E-1
2.616021922E1,9.787496567E0,-7.829039693E-1,-9.313444495E-1
2.616228814E1,9.792284966E0,-7.661445141E-1,-9.265560508E-1
2.616432295E1,9.797073364E0,-7.685387731E-1,-9.265560508E-1
2.616639225E1,9.811438560E0,-7.757213712E-1,-9.097966552E-1
2.616842741E1,9.813833237E0,-7.733271718E-1,-9.121908545E-1
2.617043348E1,9.821015358E0,-7.805097699E-1,-9.121908545E-1
2.617255991E1,9.828198433E0,-7.876923680E-1,-9.074024558E-1
2.617446506E1,9.821015358E0,-7.733271718E-1,-9.050082564E-1
2.617646602E1,9.825803757E0,-7.733271718E-1,-8.978256583E-1
2.617853422E1,9.823410034E0,-7.757213712E-1,-8.954314590E-1
2.618056902E1,9.842563629E0,-7.637503147E-1,-8.882488012E-1
2.618263783E1,9.854534149E0,-7.709329724E-1,-8.906430602E-1
2.618467248E1,9.864110947E0,-7.733271718E-1,-8.906430602E-1
2.618674145E1,9.854534149E0,-7.709329724E-1,-9.002198577E-1
2.618877606E1,9.849745750E0,-7.685387731E-1,-9.026140571E-1
2.619078060E1,9.844957352E0,-7.613561153E-1,-8.978256583E-1
2.619281229E1,9.852140427E0,-7.445967197E-1,-8.978256583E-1
2.619488098E1,9.842563629E0,-7.541735172E-1,-9.050082564E-1
2.619691552E1,9.842563629E0,-7.589619160E-1,-9.074024558E-1
2.619898468E1,9.847352028E0,-7.613561153E-1,-9.026140571E-1
2.620102002E1,9.856928825E0,-7.637503147E-1,-9.074024558E-1
2.620308918E1,9.852140427E0,-7.637503147E-1,-9.145850539E-1
2.620512418E1,9.840168953E0,-7.517793179E-1,-9.265560508E-1
2.620719348E1,9.837775230E0,-7.398083210E-1,-9.481038451E-1
2.620922860E1,9.832986832E0,-7.374141216E-1,-9.457096457E-1
2.621123475E1,9.842563629E0,-7.230489254E-1,-9.457096457E-1
2.621323806E1,9.852140427E0,-7.158663273E-1,-9.600749016E-1
2.621530745E1,9.840168953E0,-7.110779285E-1,-9.648633003E-1
2.621734241E1,9.849745750E0,-7.206547260E-1,-9.672574997E-1
2.621941149E1,9.835380554E0,-7.086837292E-1,-9.696516991E-1
2.622144679E1,9.811438560E0,-7.015010715E-1,-9.864110947E-1
2.622351556E1,9.816226959E0,-7.110779285E-1,-9.840168953E-1
2.622555045E1,9.818621635E0,-6.823474765E-1,-9.911994934E-1
2.622761987E1,9.813833237E0,-6.631938815E-1,-9.935936928E-1
2.622965506E1,9.809044838E0,-6.703764796E-1,-9.983820915E-1
2.623165995E1,9.804255486E0,-6.727706790E-1,-9.911994934E-1
2.623378060E1,9.792284966E0,-6.631938815E-1,-9.911994934E-1
2.623572106E1,9.782708168E0,-6.536170840E-1,-9.959878922E-1
2.623772068E1,9.775525093E0,-6.536170840E-1,-9.935936928E-1
2.623978991E1,9.761159897E0,-6.512228847E-1,-9.959878922E-1
2.624182468E1,9.758766174E0,-6.416460276E-1,-1.005564690E0
2.624389402E1,9.751583099E0,-6.392518282E-1,-1.010353088E0
2.624592887E1,9.749189377E0,-6.296750307E-1,-1.017535686E0
2.624799791E1,9.749189377E0,-6.320692301E-1,-1.022324085E0
2.625003256E1,9.734824181E0,-6.248866320E-1,-1.024718285E0
2.625203910E1,9.746794701E0,-6.344634295E-1,-1.039083481E0
2.625422852E1,9.739612579E0,-6.368576288E-1,-1.036689281E0
2.625606429E1,9.749189377E0,-6.368576288E-1,-1.034295082E0
2.625806364E1,9.770736694E0,-6.200982332E-1,-1.034295082E0
2.626013256E1,9.777919769E0,-6.177040339E-1,-1.027112484E0
2.626216745E1,9.785101891E0,-6.320692301E-1,-1.043871999E0
2.626423629E1,9.787496567E0,-6.440402865E-1,-1.055842996E0
2.626627099E1,9.794678688E0,-6.440402865E-1,-1.058237195E0
2.626833987E1,9.818621635E0,-6.512228847E-1,-1.055842996E0
2.627037475E1,9.821015358E0,-6.464344859E-1,-1.070208192E0
2.627237964E1,9.837775230E0,-6.464344859E-1,-1.060631394E0
2.627441195E1,9.832986832E0,-6.512228847E-1,-1.058237195E0
2.627648087E1,9.840168953E0,-6.416460276E-1,-1.060631394E0
2.627851533E1,9.847352028E0,-6.464344859E-1,-1.072602391E0
2.628058406E1,9.852140427E0,-6.464344859E-1,-1.077390790E0
2.628261879E1,9.852140427E0,-6.584054828E-1,-1.074996591E0
2.628468818E1,9.864110947E0,-6.512228847E-1,-1.074996591E0
2.628672352E1,9.859322548E0,-6.464344859E-1,-1.074996591E0
2.628879264E1,9.856928825E0,-6.560112834E-1,-1.082179189E0
2.629082748E1,9.868899345E0,-6.607996821E-1,-1.103726983E0
2.629283375E1,9.876082420E0,-6.488286853E-1,-1.108515382E0
2.629483745E1,9.897629738E0,-6.488286853E-1,-1.106121182E0
2.629690622E1,9.928754807E0,-6.536170840E-1,-1.086967587E0
2.629894187E1,9.931148529E0,-6.631938815E-1,-1.096544385E0
2.630101079E1,9.926360130E0,-6.751648784E-1,-1.096544385E0
2.630304572E1,9.914389610E0,-6.727706790E-1,-1.094150186E0
2.630511499E1,9.923966408E0,-6.655880809E-1,-1.091755986E0
2.630715041E1,9.933543205E0,-6.799532771E-1,-1.098938584E0
2.630921987E1,9.938331604E0,-6.871358752E-1,-1.106121182E0
2.631125479E1,9.947908401E0,-6.943184733E-1,-1.091755986E0
2.631326068E1,9.947908401E0,-6.871358752E-1,-1.089361787E0
2.631538098E1,9.950302124E0,-6.799532771E-1,-1.082179189E0
2.631732199E1,9.955090523E0,-6.967126727E-1,-1.079784989E0
2.631932202E1,9.959878922E0,-7.015010715E-1,-1.084573388E0
2.632139187E1,9.952696800E0,-6.751648784E-1,-1.094150186E0
2.632342752E1,9.964667320E0,-6.871358752E-1,-1.084573388E0
2.632549698E1,9.969455719E0,-6.847416759E-1,-1.082179189E0
2.632753229E1,9.964667320E0,-6.679822803E-1,-1.077390790E0
2.632960191E1,9.962273598E0,-6.631938815E-1,-1.070208192E0
2.633163683E1,9.969455719E0,-6.679822803E-1,-1.074996591E0
2.633364375E1,9.967061996E0,-6.631938815E-1,-1.055842996E0
2.633576960E1,9.962273598E0,-6.607996821E-1,-1.036689281E0
2.633767491E1,9.947908401E0,-6.655880809E-1,-1.036689281E0
2.633967518E1,9.940725327E0,-6.727706790E-1,-1.031900883E0
2.634174441E1,9.923966408E0,-6.799532771E-1,-1.007958889E0
2.634377964E1,9.933543205E0,-6.871358752E-1,-1.015141487E0
2.634584860E1,9.955090523E0,-6.727706790E-1,-9.959878922E-1
2.634788348E1,9.947908401E0,-6.799532771E-1,-9.840168953E-1
2.634995272E1,9.935936928E0,-6.823474765E-1,-9.768342972E-1
2.635198802E1,9.916783333E0,-6.943184733E-1,-9.481038451E-1
2.635399356E1,9.890447617E0,-6.823474765E-1,-9.361328483E-1
2.635602568E1,9.900024414E0,-6.943184733E-1,-9.313444495E-1
2.635809475E1,9.888052940E0,-6.919242740E-1,-9.241618514E-1
2.636012995E1,9.883264542E0,-7.038952708E-1,-8.882488012E-1
2.636219933E1,9.880870819E0,-7.158663273E-1,-8.714894056E-1
2.636423452E1,9.878476143E0,-7.302315235E-1,-8.738836050E-1
2.636625918E1,9.840168953E0,-7.565677166E-1,-8.547300100E-1
2.636825964E1,9.835380554E0,-7.733271718E-1,-8.427590132E-1
2.637032887E1,9.830592155E0,-7.733271718E-1,-8.355764151E-1
2.637236329E1,9.825803757E0,-7.805097699E-1,-8.212111592E-1
2.637436883E1,9.813833237E0,-7.900865674E-1,-8.116343617E-1
2.637637475E1,9.809044838E0,-7.876923680E-1,-8.068459630E-1
2.637844441E1,9.809044838E0,-8.020575643E-1,-7.972691655E-1
2.638047956E1,9.775525093E0,-8.164227605E-1,-7.852981687E-1
2.638254872E1,9.787496567E0,-8.259995580E-1,-7.781155705E-1
2.638458348E1,9.811438560E0,-8.499416113E-1,-7.805097699E-1
2.638665272E1,9.804255486E0,-8.475474119E-1,-7.757213712E-1
2.638868798E1,9.801861763E0,-8.475474119E-1,-7.685387731E-1
2.639075752E1,9.799467087E0,-8.451532125E-1,-7.613561153E-1
2.639279275E1,9.787496567E0,-8.619126081E-1,-7.469909191E-1
2.639479775E1,9.782708168E0,-8.690952063E-1,-7.422025204E-1
2.639691764E1,9.785101891E0,-8.619126081E-1,-7.565677166E-1
2.639885806E1,9.768342972E0,-8.762778044E-1,-7.565677166E-1
2.640085848E1,9.768342972E0,-8.714894056E-1,-7.541735172E-1
2.640292760E1,9.775525093E0,-8.738836050E-1,-7.589619160E-1
2.640496241E1,9.782708168E0,-8.643068075E-1,-7.517793179E-1
2.640703202E1,9.789890289E0,-8.690952063E-1,-7.517793179E-1
2.640906698E1,9.792284966E0,-8.523358107E-1,-7.493851185E-1
2.641113595E1,9.782708168E0,-8.403648138E-1,-7.374141216E-1
2.641317068E1,9.792284966E0,-8.283938169E-1,-7.493851185E-1
2.641517710E1,9.789890289E0,-8.259995580E-1,-7.517793179E-1
2.641736610E1,9.785101891E0,-8.283938169E-1,-7.589619160E-1
2.641920210E1,9.789890289E0,-8.164227605E-1,-7.517793179E-1
2.642120214E1,9.782708168E0,-8.068459630E-1,-7.565677166E-1
2.642327175E1,9.780313492E0,-8.044517636E-1,-7.613561153E-1
2.642530706E1,9.775525093E0,-7.829039693E-1,-7.541735172E-1
2.642737622E1,9.768342972E0,-7.709329724E-1,-7.469909191E-1
2.642941129E1,9.751583099E0,-7.637503147E-1,-7.350199223E-1
2.643148052E1,9.744400978E0,-7.422025204E-1,-7.493851185E-1
2.643351560E1,9.753977776E0,-7.422025204E-1,-7.517793179E-1
2.643552083E1,9.761159897E0,-7.206547260E-1,-7.565677166E-1
2.643755279E1,9.770736694E0,-6.919242740E-1,-7.685387731E-1
2.643962179E1,9.765948296E0,-6.751648784E-1,-7.781155705E-1
2.644165672E1,9.775525093E0,-6.775590777E-1,-7.781155705E-1
2.644372575E1,9.770736694E0,-6.703764796E-1,-7.781155705E-1
2.644576033E1,9.773131371E0,-6.488286853E-1,-7.876923680E-1
2.644782883E1,9.785101891E0,-6.344634295E-1,-7.996633649E-1
2.644986322E1,9.804255486E0,-6.200982332E-1,-8.092401624E-1
2.645193152E1,9.794678688E0,-6.177040339E-1,-8.116343617E-1
2.645396595E1,9.799467087E0,-6.009446383E-1,-8.307880163E-1
2.645597260E1,9.804255486E0,-5.937620401E-1,-8.523358107E-1
2.645797606E1,9.806650162E0,-5.913678408E-1,-8.523358107E-1
2.646004464E1,9.816226959E0,-5.722141862E-1,-8.427590132E-1
2.646207937E1,9.823410034E0,-5.626373887E-1,-8.690952063E-1
2.646414810E1,9.816226959E0,-5.650315881E-1,-8.667010069E-1
2.646618272E1,9.818621635E0,-5.626373887E-1,-8.690952063E-1
2.646825172E1,9.825803757E0,-5.434837937E-1,-8.834604025E-1
2.647028625E1,9.821015358E0,-5.434837937E-1,-8.882488012E-1
2.647235522E1,9.816226959E0,-5.506663918E-1,-8.858546019E-1
2.647439010E1,9.823410034E0,-5.434837937E-1,-8.906430602E-1
2.647639491E1,9.821015358E0,-5.506663918E-1,-8.978256583E-1
2.647851452E1,9.813833237E0,-5.506663918E-1,-8.930372596E-1
2.648045472E1,9.811438560E0,-5.291185975E-1,-9.097966552E-1
2.648245472E1,9.811438560E0,-5.219359994E-1,-8.954314590E-1
2.648452352E1,9.811438560E0,-5.267243981E-1,-8.882488012E-1
2.648655837E1,9.801861763E0,-5.195417404E-1,-9.074024558E-1
2.648862722E1,9.780313492E0,-5.386953950E-1,-9.026140571E-1
2.649066206E1,9.780313492E0,-5.410895944E-1,-9.002198577E-1
2.649273141E1,9.792284966E0,-5.291185975E-1,-8.978256583E-1
2.649476629E1,9.782708168E0,-5.339069963E-1,-8.906430602E-1
2.649677394E1,9.787496567E0,-5.386953950E-1,-8.858546019E-1
2.649889948E1,9.773131371E0,-5.410895944E-1,-8.906430602E-1
2.650080552E1,9.777919769E0,-5.267243981E-1,-8.882488012E-1
2.650280525E1,9.782708168E0,-5.339069963E-1,-8.882488012E-1
2.650487387E1,9.794678688E0,-5.578489900E-1,-8.834604025E-1
2.650690883E1,9.773131371E0,-5.458779931E-1,-8.810662031E-1
2.650897783E1,9.782708168E0,-5.386953950E-1,-8.834604025E-1
2.651101287E1,9.792284966E0,-5.578489900E-1,-8.834604025E-1
2.651308237E1,9.785101891E0,-5.602431893E-1,-8.834604025E-1
2.651511733E1,9.794678688E0,-5.602431893E-1,-8.643068075E-1
2.651712229E1,9.794678688E0,-5.554547906E-1,-8.619126081E-1
2.651912333E1,9.780313492E0,-5.674257874E-1,-8.475474119E-1
2.652119214E1,9.785101891E0,-5.530605912E-1,-8.619126081E-1
2.652322683E1,9.799467087E0,-5.578489900E-1,-8.595184088E-1
2.652529587E1,9.801861763E0,-5.698199868E-1,-8.499416113E-1
2.652733079E1,9.797073364E0,-5.722141862E-1,-8.355764151E-1
2.652939964E1,9.799467087E0,-5.841852427E-1,-8.307880163E-1
2.653143395E1,9.818621635E0,-5.961562395E-1,-8.331822157E-1
2.653350268E1,9.813833237E0,-5.817909837E-1,-8.379706144E-1
2.653553702E1,9.809044838E0,-5.841852427E-1,-8.283938169E-1
2.653754306E1,9.816226959E0,-5.889736414E-1,-8.188169599E-1
2.653954622E1,9.818621635E0,-5.985504389E-1,-8.020575643E-1
2.654161548E1,9.811438560E0,-6.009446383E-1,-7.972691655E-1
2.654365010E1,9.828198433E0,-6.033388376E-1,-7.996633649E-1
2.654571891E1,9.837775230E0,-5.985504389E-1,-8.020575643E-1
2.654775348E1,9.837775230E0,-6.009446383E-1,-8.020575643E-1
2.654982218E1,9.825803757E0,-6.129156351E-1,-7.876923680E-1
2.655185668E1,9.828198433E0,-6.177040339E-1,-7.972691655E-1
2.655392525E1,9.842563629E0,-6.105214357E-1,-8.092401624E-1
2.655595964E1,9.840168953E0,-6.081272364E-1,-8.188169599E-1
2.655796564E1,9.821015358E0,-6.129156351E-1,-8.379706144E-1
2.656008541E1,9.816226959E0,-6.248866320E-1,-8.451532125E-1
2.656202556E1,9.821015358E0,-6.177040339E-1,-8.499416113E-1
2.656402498E1,9.818621635E0,-6.033388376E-1,-8.690952063E-1
2.656609460E1,9.809044838E0,-6.129156351E-1,-8.882488012E-1
2.656812995E1,9.804255486E0,-6.057330370E-1,-8.954314590E-1
2.657019837E1,9.809044838E0,-5.961562395E-1,-8.930372596E-1
2.657223321E1,9.794678688E0,-5.937620401E-1,-9.121908545E-1
2.657430195E1,9.794678688E0,-6.033388376E-1,-9.169792533E-1
2.657633718E1,9.785101891E0,-6.033388376E-1,-9.169792533E-1
2.657834348E1,9.758766174E0,-6.057330370E-1,-9.313444495E-1
2.658053321E1,9.756371498E0,-6.057330370E-1,-9.385270476E-1
2.658236844E1,9.756371498E0,-6.177040339E-1,-9.457096457E-1
2.658436825E1,9.777919769E0,-6.224924326E-1,-9.457096457E-1
2.658643764E1,9.782708168E0,-6.272808313E-1,-9.481038451E-1
2.658847279E1,9.789890289E0,-6.200982332E-1,-9.385270476E-1
2.659054191E1,9.782708168E0,-6.200982332E-1,-9.481038451E-1
2.659257679E1,9.787496567E0,-6.177040339E-1,-9.552865028E-1
2.659464564E1,9.797073364E0,-6.320692301E-1,-9.504981041E-1
2.659668064E1,9.792284966E0,-6.440402865E-1,-9.672574997E-1
2.659868598E1,9.797073364E0,-6.440402865E-1,-9.672574997E-1
2.660071894E1,9.787496567E0,-6.392518282E-1,-9.600749016E-1
2.660278802E1,9.804255486E0,-6.416460276E-1,-9.433154464E-1
2.660482291E1,9.818621635E0,-6.464344859E-1,-9.481038451E-1
2.660689206E1,9.818621635E0,-6.488286853E-1,-9.409212470E-1
2.660892714E1,9.821015358E0,-6.560112834E-1,-9.385270476E-1
2.661095194E1,9.823410034E0,-6.751648784E-1,-9.241618514E-1
2.661295202E1,9.811438560E0,-6.751648784E-1,-9.217676520E-1
2.661502114E1,9.818621635E0,-6.727706790E-1,-9.121908545E-1
2.661705594E1,9.821015358E0,-6.655880809E-1,-8.906430602E-1
2.661906214E1,9.828198433E0,-6.631938815E-1,-8.906430602E-1
2.662106683E1,9.849745750E0,-6.607996821E-1,-8.858546019E-1
2.662313641E1,9.852140427E0,-6.584054828E-1,-8.714894056E-1
2.662517179E1,9.861717224E0,-6.631938815E-1,-8.714894056E-1
2.662724129E1,9.861717224E0,-6.631938815E-1,-8.643068075E-1
2.662927698E1,9.871294022E0,-6.727706790E-1,-8.523358107E-1
2.663134618E1,9.878476143E0,-6.703764796E-1,-8.427590132E-1
2.663338110E1,9.864110947E0,-6.847416759E-1,-8.379706144E-1
2.663545033E1,9.866505623E0,-6.847416759E-1,-8.236053586E-1
2.663748537E1,9.871294022E0,-6.847416759E-1,-8.212111592E-1
2.663949125E1,9.871294022E0,-6.751648784E-1,-8.283938169E-1
2.664161352E1,9.864110947E0,-6.655880809E-1,-8.116343617E-1
2.664351929E1,9.873687744E0,-6.631938815E-1,-8.044517636E-1
2.664551937E1,9.864110947E0,-6.536170840E-1,-7.948749661E-1
2.664758833E1,9.852140427E0,-6.512228847E-1,-7.972691655E-1
2.664962252E1,9.854534149E0,-6.607996821E-1,-8.068459630E-1
2.665169202E1,9.859322548E0,-6.560112834E-1,-8.068459630E-1
2.665372729E1,9.856928825E0,-6.344634295E-1,-8.044517636E-1
2.665579671E1,9.854534149E0,-6.224924326E-1,-8.068459630E-1
2.665783164E1,9.844957352E0,-6.177040339E-1,-8.092401624E-1
2.665983879E1,9.832986832E0,-6.081272364E-1,-8.212111592E-1
2.666196398E1,9.856928825E0,-6.105214357E-1,-8.403648138E-1
2.666386845E1,9.859322548E0,-6.129156351E-1,-8.379706144E-1
2.666586864E1,9.842563629E0,-5.889736414E-1,-8.379706144E-1
2.666793775E1,9.825803757E0,-5.841852427E-1,-8.331822157E-1
2.666997221E1,9.818621635E0,-5.817909837E-1,-8.307880163E-1
2.667204118E1,9.828198433E0,-5.746083856E-1,-8.331822157E-1
2.667407625E1,9.835380554E0,-5.841852427E-1,-8.427590132E-1
2.667614548E1,9.828198433E0,-5.841852427E-1,-8.355764151E-1
2.667818033E1,9.813833237E0,-5.770025849E-1,-8.427590132E-1
2.668018541E1,9.811438560E0,-5.698199868E-1,-8.403648138E-1
2.668221779E1,9.821015358E0,-5.626373887E-1,-8.451532125E-1
2.668428702E1,9.828198433E0,-5.458779931E-1,-8.499416113E-1
2.668632210E1,9.818621635E0,-5.554547906E-1,-8.595184088E-1
2.668839125E1,9.813833237E0,-5.530605912E-1,-8.571242094E-1
2.669042648E1,9.809044838E0,-5.434837937E-1,-8.595184088E-1
2.669249656E1,9.813833237E0,-5.554547906E-1,-8.643068075E-1
2.669453110E1,9.811438560E0,-5.602431893E-1,-8.643068075E-1
2.669660033E1,9.799467087E0,-5.674257874E-1,-8.619126081E-1
2.669863544E1,9.816226959E0,-5.602431893E-1,-8.714894056E-1
2.670064168E1,9.818621635E0,-5.698199868E-1,-8.762778044E-1
2.670264471E1,9.816226959E0,-5.674257874E-1,-8.667010069E-1
2.670471383E1,9.816226959E0,-5.674257874E-1,-8.810662031E-1
2.670674948E1,9.832986832E0,-5.746083856E-1,-8.930372596E-1
2.670881910E1,9.823410034E0,-5.793967843E-1,-8.978256583E-1
2.671085464E1,9.811438560E0,-5.722141862E-1,-8.834604025E-1
2.671292445E1,9.804255486E0,-5.650315881E-1,-8.786720037E-1
2.671495948E1,9.804255486E0,-5.626373887E-1,-8.810662031E-1
2.671702871E1,9.823410034E0,-5.650315881E-1,-8.882488012E-1
2.671906429E1,9.835380554E0,-5.937620401E-1,-8.978256583E-1
2.672107018E1,9.830592155E0,-6.009446383E-1,-8.954314590E-1
2.672319318E1,9.852140427E0,-6.033388376E-1,-8.858546019E-1
2.672509971E1,9.849745750E0,-5.961562395E-1,-8.906430602E-1
2.672710021E1,9.835380554E0,-5.961562395E-1,-8.858546019E-1
2.672916968E1,9.823410034E0,-5.865794420E-1,-8.810662031E-1
2.673120510E1,9.830592155E0,-6.200982332E-1,-8.738836050E-1
2.673327491E1,9.835380554E0,-6.177040339E-1,-8.714894056E-1
2.673531079E1,9.842563629E0,-5.985504389E-1,-8.762778044E-1
2.673738041E1,9.835380554E0,-6.105214357E-1,-8.714894056E-1
2.673941587E1,9.835380554E0,-6.081272364E-1,-8.690952063E-1
2.674142310E1,9.844957352E0,-6.033388376E-1,-8.619126081E-1
2.674361244E1,9.847352028E0,-5.985504389E-1,-8.499416113E-1
2.674544875E1,9.849745750E0,-6.009446383E-1,-8.571242094E-1
2.674744921E1,9.856928825E0,-5.985504389E-1,-8.451532125E-1
2.674951818E1,9.842563629E0,-6.009446383E-1,-8.331822157E-1
2.675155352E1,9.830592155E0,-6.009446383E-1,-8.355764151E-1
2.675362325E1,9.835380554E0,-6.129156351E-1,-8.212111592E-1
2.675565856E1,9.821015358E0,-6.153098345E-1,-8.164227605E-1
2.675772852E1,9.828198433E0,-6.177040339E-1,-8.188169599E-1
2.675976310E1,9.830592155E0,-6.033388376E-1,-8.259995580E-1
2.676176875E1,9.813833237E0,-5.865794420E-1,-8.331822157E-1
2.676380133E1,9.811438560E0,-5.985504389E-1,-8.236053586E-1
2.676587033E1,9.813833237E0,-5.937620401E-1,-8.188169599E-1
2.676790552E1,9.813833237E0,-6.009446383E-1,-8.092401624E-1
2.676997483E1,9.806650162E0,-5.913678408E-1,-8.068459630E-1
2.677201021E1,9.801861763E0,-6.081272364E-1,-8.092401624E-1
2.677407960E1,9.806650162E0,-6.033388376E-1,-8.188169599E-1
2.677611498E1,9.809044838E0,-5.746083856E-1,-8.236053586E-1
2.677818448E1,9.818621635E0,-5.722141862E-1,-8.307880163E-1
2.678021987E1,9.801861763E0,-5.817909837E-1,-8.451532125E-1
2.678222583E1,9.806650162E0,-5.817909837E-1,-8.523358107E-1
2.678422906E1,9.811438560E0,-5.865794420E-1,-8.619126081E-1
2.678629910E1,9.818621635E0,-5.961562395E-1,-8.690952063E-1
2.678833475E1,9.830592155E0,-6.081272364E-1,-8.595184088E-1
2.679040444E1,9.825803757E0,-6.057330370E-1,-8.667010069E-1
2.679244010E1,9.813833237E0,-6.129156351E-1,-8.643068075E-1
2.679450968E1,9.825803757E0,-6.057330370E-1,-8.643068075E-1
2.679654521E1,9.823410034E0,-6.033388376E-1,-8.595184088E-1
2.679861502E1,9.821015358E0,-6.129156351E-1,-8.619126081E-1
2.680065060E1,9.816226959E0,-5.913678408E-1,-8.619126081E-1
2.680265579E1,9.818621635E0,-6.057330370E-1,-8.571242094E-1
2.680477960E1,9.818621635E0,-6.009446383E-1,-8.523358107E-1
2.680668502E1,9.806650162E0,-6.224924326E-1,-8.451532125E-1
2.680868510E1,9.811438560E0,-6.177040339E-1,-8.499416113E-1
2.681075452E1,9.816226959E0,-6.033388376E-1,-8.523358107E-1
2.681279014E1,9.792284966E0,-6.105214357E-1,-8.499416113E-1
2.681485929E1,9.794678688E0,-6.105214357E-1,-8.475474119E-1
2.681689487E1,9.801861763E0,-6.105214357E-1,-8.451532125E-1
2.681896421E1,9.794678688E0,-6.224924326E-1,-8.451532125E-1
2.682099925E1,9.801861763E0,-6.224924326E-1,-8.523358107E-1
2.682300571E1,9.811438560E0,-6.272808313E-1,-8.595184088E-1
2.682513241E1,9.825803757E0,-6.153098345E-1,-8.523358107E-1
2.682703768E1,9.821015358E0,-6.272808313E-1,-8.451532125E-1
2.682903814E1,9.816226959E0,-6.320692301E-1,-8.475474119E-1
2.683110741E1,9.821015358E0,-6.416460276E-1,-8.523358107E-1
2.683314306E1,9.832986832E0,-6.464344859E-1,-8.547300100E-1
2.683521256E1,9.823410034E0,-6.488286853E-1,-8.499416113E-1
2.683724852E1,9.828198433E0,-6.248866320E-1,-8.403648138E-1
2.683931798E1,9.849745750E0,-6.200982332E-1,-8.331822157E-1
2.684135383E1,9.847352028E0,-6.248866320E-1,-8.331822157E-1
2.684336171E1,9.856928825E0,-6.440402865E-1,-8.307880163E-1
2.684539475E1,9.864110947E0,-6.536170840E-1,-8.427590132E-1
2.684746464E1,9.856928825E0,-6.584054828E-1,-8.427590132E-1
2.684950048E1,9.854534149E0,-6.536170840E-1,-8.355764151E-1
2.685157025E1,9.868899345E0,-6.464344859E-1,-8.379706144E-1
2.685360598E1,9.873687744E0,-6.512228847E-1,-8.283938169E-1
2.685563202E1,9.868899345E0,-6.536170840E-1,-8.259995580E-1
2.685763264E1,9.871294022E0,-6.631938815E-1,-8.379706144E-1
2.685970244E1,9.840168953E0,-6.655880809E-1,-8.259995580E-1
2.686173848E1,9.828198433E0,-6.631938815E-1,-8.259995580E-1
2.686374591E1,9.832986832E0,-6.631938815E-1,-8.307880163E-1
2.686575137E1,9.823410034E0,-6.727706790E-1,-8.355764151E-1
2.686782075E1,9.813833237E0,-6.727706790E-1,-8.331822157E-1
2.686985618E1,9.813833237E0,-6.751648784E-1,-8.379706144E-1
2.687192587E1,9.816226959E0,-6.727706790E-1,-8.307880163E-1
2.687396121E1,9.823410034E0,-6.727706790E-1,-8.379706144E-1
2.687603083E1,9.811438560E0,-6.751648784E-1,-8.355764151E-1
2.687806602E1,9.816226959E0,-6.703764796E-1,-8.283938169E-1
2.688013618E1,9.818621635E0,-6.679822803E-1,-8.283938169E-1
2.688217187E1,9.804255486E0,-6.631938815E-1,-8.259995580E-1
2.688417802E1,9.789890289E0,-6.607996821E-1,-8.140285611E-1
2.688630033E1,9.780313492E0,-6.584054828E-1,-8.140285611E-1
2.688824144E1,9.792284966E0,-6.488286853E-1,-8.164227605E-1
2.689024152E1,9.801861763E0,-6.560112834E-1,-8.283938169E-1
2.689231114E1,9.806650162E0,-6.536170840E-1,-8.283938169E-1
2.689434590E1,9.799467087E0,-6.296750307E-1,-8.307880163E-1
2.689641456E1,9.823410034E0,-6.440402865E-1,-8.427590132E-1
2.689844925E1,9.813833237E0,-6.416460276E-1,-8.451532125E-1
2.690051810E1,9.809044838E0,-6.392518282E-1,-8.475474119E-1
2.690255260E1,9.818621635E0,-6.416460276E-1,-8.595184088E-1
2.690455790E1,9.840168953E0,-6.416460276E-1,-8.643068075E-1
2.690674706E1,9.837775230E0,-6.320692301E-1,-8.738836050E-1
2.690858218E1,9.842563629E0,-6.296750307E-1,-8.738836050E-1
2.691058206E1,9.873687744E0,-6.320692301E-1,-8.690952063E-1
2.691265087E1,9.880870819E0,-6.248866320E-1,-8.667010069E-1
2.691468560E1,9.878476143E0,-6.416460276E-1,-8.762778044E-1
2.691675421E1,9.868899345E0,-6.536170840E-1,-8.738836050E-1
2.691878879E1,9.861717224E0,-6.512228847E-1,-8.738836050E-1
2.692085729E1,9.890447617E0,-6.488286853E-1,-8.667010069E-1
2.692289171E1,9.880870819E0,-6.464344859E-1,-8.619126081E-1
2.692489694E1,9.878476143E0,-6.488286853E-1,-8.571242094E-1
2.692690779E1,9.883264542E0,-6.488286853E-1,-8.595184088E-1
2.692897675E1,9.871294022E0,-6.631938815E-1,-8.619126081E-1
2.693101156E1,9.868899345E0,-6.631938815E-1,-8.547300100E-1
2.693308102E1,9.871294022E0,-6.368576288E-1,-8.427590132E-1
2.693511618E1,9.866505623E0,-6.392518282E-1,-8.331822157E-1
2.693718544E1,9.866505623E0,-6.464344859E-1,-8.331822157E-1
2.693922060E1,9.864110947E0,-6.512228847E-1,-8.307880163E-1
2.694129037E1,9.847352028E0,-6.464344859E-1,-8.355764151E-1
2.694332521E1,9.861717224E0,-6.488286853E-1,-8.355764151E-1
2.694533229E1,9.859322548E0,-6.416460276E-1,-8.403648138E-1
2.694733583E1,9.852140427E0,-6.392518282E-1,-8.355764151E-1
2.694940521E1,9.854534149E0,-6.392518282E-1,-8.379706144E-1
2.695144029E1,9.852140427E0,-6.536170840E-1,-8.236053586E-1
2.695350933E1,9.864110947E0,-6.607996821E-1,-8.259995580E-1
2.695554387E1,9.842563629E0,-6.584054828E-1,-8.236053586E-1
2.695761248E1,9.828198433E0,-6.631938815E-1,-8.259995580E-1
2.695964656E1,9.821015358E0,-6.679822803E-1,-8.307880163E-1
2.696171494E1,9.832986832E0,-6.655880809E-1,-8.236053586E-1
2.696374902E1,9.835380554E0,-6.584054828E-1,-8.188169599E-1
2.696575402E1,9.821015358E0,-6.727706790E-1,-8.236053586E-1
2.696787394E1,9.816226959E0,-6.799532771E-1,-8.283938169E-1
2.696981406E1,9.813833237E0,-6.871358752E-1,-8.379706144E-1
2.697181398E1,9.830592155E0,-6.775590777E-1,-8.427590132E-1
2.697388279E1,9.842563629E0,-6.727706790E-1,-8.355764151E-1
2.697591775E1,9.832986832E0,-6.655880809E-1,-8.331822157E-1
2.697798702E1,9.813833237E0,-6.512228847E-1,-8.236053586E-1
2.698002156E1,9.821015358E0,-6.560112834E-1,-8.188169599E-1
2.698209040E1,9.821015358E0,-6.560112834E-1,-8.140285611E-1
2.698412537E1,9.809044838E0,-6.607996821E-1,-8.092401624E-1
2.698613183E1,9.794678688E0,-6.584054828E-1,-8.164227605E-1
2.698825825E1,9.794678688E0,-6.655880809E-1,-8.164227605E-1
2.699016371E1,9.794678688E0,-6.775590777E-1,-8.188169599E-1
2.699216394E1,9.792284966E0,-6.775590777E-1,-8.164227605E-1
2.699423341E1,9.801861763E0,-6.727706790E-1,-8.188169599E-1
2.699626887E1,9.801861763E0,-6.655880809E-1,-8.283938169E-1
2.699833737E1,9.799467087E0,-6.512228847E-1,-8.379706144E-1
2.700037264E1,9.782708168E0,-6.416460276E-1,-8.236053586E-1
2.700244206E1,9.785101891E0,-6.512228847E-1,-8.164227605E-1
2.700447733E1,9.787496567E0,-6.655880809E-1,-8.164227605E-1
2.700648352E1,9.792284966E0,-6.607996821E-1,-8.236053586E-1
2.700851602E1,9.789890289E0,-6.584054828E-1,-8.307880163E-1
2.701058533E1,9.794678688E0,-6.631938815E-1,-8.427590132E-1
2.701262037E1,9.804255486E0,-6.536170840E-1,-8.475474119E-1
2.701468967E1,9.806650162E0,-6.488286853E-1,-8.475474119E-1
2.701672521E1,9.816226959E0,-6.488286853E-1,-8.355764151E-1
2.701879483E1,9.816226959E0,-6.392518282E-1,-8.403648138E-1
2.702082987E1,9.813833237E0,-6.488286853E-1,-8.355764151E-1
2.702289925E1,9.809044838E0,-6.560112834E-1,-8.355764151E-1
2.702493360E1,9.811438560E0,-6.536170840E-1,-8.451532125E-1
2.702694017E1,9.816226959E0,-6.464344859E-1,-8.475474119E-1
2.702894998E1,9.825803757E0,-6.440402865E-1,-8.331822157E-1
2.703101937E1,9.811438560E0,-6.392518282E-1,-8.379706144E-1
2.703305517E1,9.813833237E0,-6.392518282E-1,-8.475474119E-1
2.703512487E1,9.816226959E0,-6.392518282E-1,-8.379706144E-1
2.703716033E1,9.799467087E0,-6.416460276E-1,-8.355764151E-1
2.703922971E1,9.823410034E0,-6.344634295E-1,-8.331822157E-1
2.704126521E1,9.825803757E0,-6.440402865E-1,-8.236053586E-1
2.704333483E1,9.804255486E0,-6.440402865E-1,-8.283938169E-1
2.704537037E1,9.794678688E0,-6.512228847E-1,-8.355764151E-1
2.704737660E1,9.797073364E0,-6.416460276E-1,-8.403648138E-1
2.704950237E1,9.797073364E0,-6.392518282E-1,-8.283938169E-1
2.705140783E1,9.787496567E0,-6.584054828E-1,-8.212111592E-1
2.705340829E1,9.780313492E0,-6.655880809E-1,-8.259995580E-1
2.705547729E1,9.794678688E0,-6.775590777E-1,-8.259995580E-1
2.705751214E1,9.782708168E0,-6.895300746E-1,-8.259995580E-1
2.705958152E1,9.789890289E0,-6.895300746E-1,-8.259995580E-1
2.706161687E1,9.804255486E0,-6.847416759E-1,-8.259995580E-1
2.706368660E1,9.809044838E0,-6.895300746E-1,-8.212111592E-1
2.706572221E1,9.799467087E0,-6.943184733E-1,-8.236053586E-1
2.706772798E1,9.816226959E0,-6.967126727E-1,-8.236053586E-1
2.706991660E1,9.821015358E0,-7.062895298E-1,-8.475474119E-1
2.707175364E1,9.811438560E0,-7.015010715E-1,-8.547300100E-1
2.707375410E1,9.828198433E0,-7.086837292E-1,-8.403648138E-1
2.707582317E1,9.837775230E0,-7.015010715E-1,-8.379706144E-1
2.707785867E1,9.840168953E0,-7.158663273E-1,-8.403648138E-1
2.707992802E1,9.821015358E0,-7.230489254E-1,-8.355764151E-1
2.708196321E1,9.821015358E0,-7.326257229E-1,-8.307880163E-1
2.708403267E1,9.835380554E0,-7.398083210E-1,-8.283938169E-1
2.708606775E1,9.840168953E0,-7.254431248E-1,-8.283938169E-1
2.708807298E1,9.849745750E0,-7.254431248E-1,-8.379706144E-1
2.709007333E1,9.847352028E0,-7.254431248E-1,-8.379706144E-1
2.709214275E1,9.847352028E0,-7.350199223E-1,-8.307880163E-1
2.709417760E1,9.849745750E0,-7.326257229E-1,-8.188169599E-1
2.709624660E1,9.849745750E0,-7.374141216E-1,-8.092401624E-1
2.709828125E1,9.844957352E0,-7.493851185E-1,-8.068459630E-1
2.710030556E1,9.854534149E0,-7.350199223E-1,-7.924807668E-1
2.710230602E1,9.842563629E0,-7.350199223E-1,-7.829039693E-1
2.710437517E1,9.842563629E0,-7.278373241E-1,-7.781155705E-1
2.710641029E1,9.844957352E0,-7.326257229E-1,-7.757213712E-1
2.710841625E1,9.854534149E0,-7.134721279E-1,-7.829039693E-1
2.711041994E1,9.849745750E0,-7.158663273E-1,-7.757213712E-1
2.711248964E1,9.849745750E0,-7.134721279E-1,-7.661445141E-1
2.711452471E1,9.856928825E0,-7.230489254E-1,-7.589619160E-1
2.711659437E1,9.866505623E0,-7.230489254E-1,-7.565677166E-1
2.711862998E1,9.861717224E0,-7.158663273E-1,-7.565677166E-1
2.712069975E1,9.852140427E0,-7.182605267E-1,-7.757213712E-1
2.712273533E1,9.854534149E0,-7.086837292E-1,-7.757213712E-1
2.712480456E1,9.856928825E0,-7.062895298E-1,-7.972691655E-1
2.712684033E1,9.837775230E0,-6.991068721E-1,-8.116343617E-1
2.712884533E1,9.832986832E0,-7.038952708E-1,-8.164227605E-1
2.713096894E1,9.823410034E0,-7.038952708E-1,-8.212111592E-1
2.713287456E1,9.828198433E0,-7.110779285E-1,-8.307880163E-1
2.713487510E1,9.821015358E0,-7.086837292E-1,-8.379706144E-1
2.713694417E1,9.799467087E0,-7.062895298E-1,-8.451532125E-1
2.713897967E1,9.813833237E0,-7.158663273E-1,-8.451532125E-1
2.714104906E1,9.809044838E0,-7.182605267E-1,-8.499416113E-1
2.714308494E1,9.799467087E0,-7.182605267E-1,-8.547300100E-1
2.714515494E1,9.801861763E0,-7.110779285E-1,-8.643068075E-1
2.714719079E1,9.813833237E0,-7.086837292E-1,-8.643068075E-1
2.714919702E1,9.813833237E0,-7.134721279E-1,-8.619126081E-1
2.715132275E1,9.809044838E0,-7.278373241E-1,-8.834604025E-1
2.715322879E1,9.806650162E0,-7.206547260E-1,-8.762778044E-1
2.715522917E1,9.811438560E0,-7.398083210E-1,-8.858546019E-1
2.715729852E1,9.816226959E0,-7.326257229E-1,-8.954314590E-1
2.715933364E1,9.799467087E0,-7.326257229E-1,-8.858546019E-1
2.716140325E1,9.801861763E0,-7.254431248E-1,-8.738836050E-1
2.716343890E1,9.809044838E0,-7.398083210E-1,-8.595184088E-1
2.716550883E1,9.794678688E0,-7.517793179E-1,-8.690952063E-1
2.716754417E1,9.785101891E0,-7.469909191E-1,-8.690952063E-1
2.716954983E1,9.797073364E0,-7.326257229E-1,-8.523358107E-1
2.717155064E1,9.818621635E0,-7.517793179E-1,-8.475474119E-1
2.717361987E1,9.832986832E0,-7.589619160E-1,-8.379706144E-1
2.717565510E1,9.816226959E0,-7.517793179E-1,-8.307880163E-1
2.717772448E1,9.799467087E0,-7.374141216E-1,-8.140285611E-1
2.717975998E1,9.801861763E0,-7.398083210E-1,-8.164227605E-1
2.718182994E1,9.821015358E0,-7.469909191E-1,-8.044517636E-1
2.718386537E1,9.832986832E0,-7.350199223E-1,-7.996633649E-1
2.718593510E1,9.828198433E0,-7.302315235E-1,-7.972691655E-1
2.718797087E1,9.828198433E0,-7.326257229E-1,-7.829039693E-1
2.718997748E1,9.828198433E0,-7.302315235E-1,-7.852981687E-1
2.719198140E1,9.828198433E0,-7.302315235E-1,-7.781155705E-1
2.719405117E1,9.828198433E0,-7.278373241E-1,-7.829039693E-1
2.719608690E1,9.837775230E0,-7.254431248E-1,-7.637503147E-1
2.719815702E1,9.847352028E0,-7.206547260E-1,-7.541735172E-1
2.720019298E1,9.844957352E0,-7.302315235E-1,-7.493851185E-1
2.720226306E1,9.852140427E0,-7.398083210E-1,-7.469909191E-1
2.720429887E1,9.844957352E0,-7.158663273E-1,-7.374141216E-1
2.720636902E1,9.837775230E0,-7.158663273E-1,-7.350199223E-1
2.720840483E1,9.849745750E0,-7.326257229E-1,-7.374141216E-1
2.721041067E1,9.842563629E0,-7.254431248E-1,-7.445967197E-1
2.721253429E1,9.832986832E0,-7.158663273E-1,-7.422025204E-1
2.721443971E1,9.828198433E0,-7.158663273E-1,-7.422025204E-1
2.721644064E1,9.828198433E0,-7.038952708E-1,-7.445967197E-1
2.721851029E1,9.832986832E0,-7.015010715E-1,-7.493851185E-1
2.722054610E1,9.837775230E0,-6.943184733E-1,-7.589619160E-1
2.722261548E1,9.842563629E0,-6.871358752E-1,-7.589619160E-1
2.722465090E1,9.840168953E0,-6.895300746E-1,-7.565677166E-1
2.722672090E1,9.818621635E0,-6.823474765E-1,-7.565677166E-1
2.722875644E1,9.816226959E0,-6.871358752E-1,-7.685387731E-1
2.723076364E1,9.828198433E0,-6.919242740E-1,-7.709329724E-1
2.723295221E1,9.806650162E0,-6.871358752E-1,-7.757213712E-1
2.723478833E1,9.823410034E0,-6.751648784E-1,-7.685387731E-1
2.723678883E1,9.813833237E0,-6.751648784E-1,-7.757213712E-1
2.723885852E1,9.809044838E0,-6.895300746E-1,-7.829039693E-1
2.724089390E1,9.821015358E0,-6.991068721E-1,-7.900865674E-1
2.724296329E1,9.821015358E0,-7.038952708E-1,-7.876923680E-1
2.724499856E1,9.818621635E0,-7.086837292E-1,-7.805097699E-1
2.724706771E1,9.811438560E0,-6.823474765E-1,-7.876923680E-1
2.724910283E1,9.818621635E0,-6.799532771E-1,-7.996633649E-1
2.725110887E1,9.811438560E0,-6.967126727E-1,-7.996633649E-1
2.725311017E1,9.794678688E0,-7.110779285E-1,-8.044517636E-1
2.725517960E1,9.797073364E0,-7.158663273E-1,-8.140285611E-1
2.725721429E1,9.794678688E0,-7.062895298E-1,-8.116343617E-1
2.725928352E1,9.799467087E0,-7.158663273E-1,-8.044517636E-1
2.726131860E1,9.811438560E0,-7.182605267E-1,-8.020575643E-1
2.726338767E1,9.806650162E0,-7.038952708E-1,-8.044517636E-1
2.726542306E1,9.792284966E0,-6.967126727E-1,-8.044517636E-1
2.726749160E1,9.792284966E0,-7.062895298E-1,-8.068459630E-1
2.726952683E1,9.799467087E0,-6.991068721E-1,-8.116343617E-1
2.727153252E1,9.804255486E0,-6.919242740E-1,-8.236053586E-1
2.727353598E1,9.821015358E0,-7.230489254E-1,-8.188169599E-1
2.727560483E1,9.828198433E0,-7.278373241E-1,-8.212111592E-1
2.727763967E1,9.811438560E0,-7.158663273E-1,-8.188169599E-1
2.727970844E1,9.806650162E0,-7.134721279E-1,-8.188169599E-1
2.728174317E1,9.818621635E0,-7.158663273E-1,-8.236053586E-1
2.728381233E1,9.828198433E0,-7.302315235E-1,-8.379706144E-1
2.728584725E1,9.859322548E0,-7.326257229E-1,-8.355764151E-1
2.728791621E1,9.861717224E0,-7.326257229E-1,-8.331822157E-1
2.728995167E1,9.849745750E0,-7.158663273E-1,-8.236053586E-1
2.729195764E1,9.847352028E0,-7.182605267E-1,-8.379706144E-1
2.729408198E1,9.852140427E0,-7.110779285E-1,-8.331822157E-1
2.729598687E1,9.854534149E0,-7.206547260E-1,-8.236053586E-1
2.729798706E1,9.866505623E0,-7.278373241E-1,-8.140285611E-1
2.730005660E1,9.876082420E0,-7.134721279E-1,-8.188169599E-1
2.730209198E1,9.868899345E0,-7.158663273E-1,-8.236053586E-1
2.730416183E1,9.871294022E0,-7.206547260E-1,-8.236053586E-1
2.730619725E1,9.861717224E0,-7.158663273E-1,-8.355764151E-1
2.730826706E1,9.864110947E0,-7.206547260E-1,-8.307880163E-1
2.731030275E1,9.876082420E0,-7.206547260E-1,-8.164227605E-1
2.731230933E1,9.878476143E0,-7.134721279E-1,-8.164227605E-1
2.731443506E1,9.868899345E0,-7.206547260E-1,-8.140285611E-1
2.731634052E1,9.859322548E0,-7.182605267E-1,-8.092401624E-1
2.731834071E1,9.859322548E0,-6.967126727E-1,-8.020575643E-1
2.732041040E1,9.856928825E0,-6.967126727E-1,-8.068459630E-1
2.732244556E1,9.849745750E0,-6.775590777E-1,-8.044517636E-1
2.732451444E1,9.849745750E0,-6.871358752E-1,-7.924807668E-1
2.732654929E1,9.844957352E0,-6.871358752E-1,-7.972691655E-1
2.732861821E1,9.828198433E0,-6.871358752E-1,-7.996633649E-1
2.733065333E1,9.816226959E0,-6.847416759E-1,-8.044517636E-1
2.733265952E1,9.816226959E0,-6.847416759E-1,-8.068459630E-1
2.733466040E1,9.816226959E0,-6.536170840E-1,-8.068459630E-1
2.733672979E1,9.821015358E0,-6.655880809E-1,-8.044517636E-1
2.733876536E1,9.825803757E0,-6.679822803E-1,-8.068459630E-1
2.734083448E1,9.816226959E0,-6.703764796E-1,-8.044517636E-1
2.734287006E1,9.813833237E0,-6.775590777E-1,-8.092401624E-1
2.734489548E1,9.821015358E0,-6.751648784E-1,-8.116343617E-1
2.734689660E1,9.828198433E0,-6.536170840E-1,-8.188169599E-1
2.734896640E1,9.816226959E0,-6.536170840E-1,-8.212111592E-1
2.735100156E1,9.804255486E0,-6.607996821E-1,-8.164227605E-1
2.735300906E1,9.816226959E0,-6.584054828E-1,-8.140285611E-1
2.735501421E1,9.832986832E0,-6.679822803E-1,-8.212111592E-1
2.735708260E1,9.825803757E0,-6.560112834E-1,-8.236053586E-1
2.735911798E1,9.813833237E0,-6.560112834E-1,-8.331822157E-1
2.736118733E1,9.804255486E0,-6.631938815E-1,-8.355764151E-1
2.736322252E1,9.811438560E0,-6.440402865E-1,-8.403648138E-1
2.736529217E1,9.809044838E0,-6.512228847E-1,-8.403648138E-1
2.736732740E1,9.799467087E0,-6.536170840E-1,-8.427590132E-1
2.736939671E1,9.792284966E0,-6.560112834E-1,-8.307880163E-1
2.737143163E1,9.797073364E0,-6.631938815E-1,-8.355764151E-1
2.737343783E1,9.809044838E0,-6.607996821E-1,-8.331822157E-1
2.737556090E1,9.780313492E0,-6.560112834E-1,-8.379706144E-1
2.737746613E1,9.775525093E0,-6.560112834E-1,-8.427590132E-1
2.737946648E1,9.777919769E0,-6.584054828E-1,-8.307880163E-1
2.738153560E1,9.775525093E0,-6.751648784E-1,-8.355764151E-1
2.738357079E1,9.782708168E0,-6.655880809E-1,-8.283938169E-1
2.738563994E1,9.801861763E0,-6.536170840E-1,-8.140285611E-1
2.738767479E1,9.806650162E0,-6.560112834E-1,-8.212111592E-1
2.738974413E1,9.813833237E0,-6.560112834E-1,-8.236053586E-1
2.739177867E1,9.801861763E0,-6.703764796E-1,-8.212111592E-1
2.739378510E1,9.806650162E0,-6.607996821E-1,-8.092401624E-1
2.739597348E1,9.811438560E0,-6.679822803E-1,-8.116343617E-1
2.739780902E1,9.813833237E0,-6.655880809E-1,-8.116343617E-1
2.739980860E1,9.799467087E0,-6.607996821E-1,-8.116343617E-1
2.740187748E1,9.799467087E0,-6.512228847E-1,-8.164227605E-1
2.740391206E1,9.821015358E0,-6.607996821E-1,-8.140285611E-1
2.740598056E1,9.806650162E0,-6.799532771E-1,-8.164227605E-1
2.740801540E1,9.806650162E0,-6.823474765E-1,-8.164227605E-1
2.741008448E1,9.809044838E0,-6.703764796E-1,-8.092401624E-1
2.741211944E1,9.818621635E0,-6.871358752E-1,-8.068459630E-1
2.741412360E1,9.828198433E0,-6.847416759E-1,-7.948749661E-1
2.741612433E1,9.837775230E0,-6.847416759E-1,-7.900865674E-1
2.741819336E1,9.842563629E0,-6.847416759E-1,-7.829039693E-1
2.742022844E1,9.828198433E0,-6.919242740E-1,-7.757213712E-1
2.742229775E1,9.816226959E0,-6.895300746E-1,-7.709329724E-1
2.742433279E1,9.828198433E0,-6.847416759E-1,-7.733271718E-1
2.742640213E1,9.832986832E0,-6.847416759E-1,-7.637503147E-1
2.742843713E1,9.844957352E0,-6.823474765E-1,-7.613561153E-1
2.743050652E1,9.840168953E0,-6.607996821E-1,-7.565677166E-1
2.743254171E1,9.818621635E0,-6.584054828E-1,-7.517793179E-1
2.743454852E1,9.823410034E0,-6.584054828E-1,-7.541735172E-1
2.743655113E1,9.828198433E0,-6.464344859E-1,-7.589619160E-1
2.743862025E1,9.847352028E0,-6.607996821E-1,-7.517793179E-1
2.744065510E1,9.840168953E0,-6.631938815E-1,-7.422025204E-1
2.744272406E1,9.828198433E0,-6.631938815E-1,-7.517793179E-1
2.744475875E1,9.837775230E0,-6.560112834E-1,-7.589619160E-1
2.744682775E1,9.842563629E0,-6.584054828E-1,-7.637503147E-1
2.744886198E1,9.818621635E0,-6.464344859E-1,-7.565677166E-1
2.745093079E1,9.804255486E0,-6.296750307E-1,-7.541735172E-1
2.745296544E1,9.782708168E0,-6.296750307E-1,-7.350199223E-1
2.745497040E1,9.794678688E0,-6.248866320E-1,-7.374141216E-1
2.745709406E1,9.799467087E0,-6.272808313E-1,-7.517793179E-1
2.745899940E1,9.797073364E0,-6.248866320E-1,-7.493851185E-1
2.746099910E1,9.792284966E0,-6.200982332E-1,-7.589619160E-1
2.746306817E1,9.782708168E0,-6.224924326E-1,-7.517793179E-1
2.746510333E1,9.773131371E0,-6.153098345E-1,-7.493851185E-1
2.746717237E1,9.777919769E0,-6.105214357E-1,-7.517793179E-1
2.746920717E1,9.782708168E0,-5.985504389E-1,-7.422025204E-1
2.747127617E1,9.785101891E0,-6.033388376E-1,-7.254431248E-1
2.747331083E1,9.787496567E0,-6.081272364E-1,-7.326257229E-1
2.747531702E1,9.792284966E0,-5.961562395E-1,-7.326257229E-1
2.747744167E1,9.787496567E0,-6.033388376E-1,-7.398083210E-1
2.747934733E1,9.782708168E0,-5.913678408E-1,-7.398083210E-1
2.748134721E1,9.782708168E0,-5.793967843E-1,-7.350199223E-1
2.748341660E1,9.775525093E0,-5.793967843E-1,-7.517793179E-1
2.748545167E1,9.782708168E0,-5.674257874E-1,-7.517793179E-1
2.748752106E1,9.768342972E0,-5.746083856E-1,-7.517793179E-1
2.748955610E1,9.789890289E0,-5.578489900E-1,-7.493851185E-1
2.749162529E1,9.794678688E0,-5.698199868E-1,-7.445967197E-1
2.749366060E1,9.785101891E0,-5.626373887E-1,-7.398083210E-1
2.749566579E1,9.780313492E0,-5.602431893E-1,-7.445967197E-1
2.749766660E1,9.789890289E0,-5.506663918E-1,-7.517793179E-1
2.749973617E1,9.804255486E0,-5.578489900E-1,-7.661445141E-1
2.750177140E1,9.792284966E0,-5.506663918E-1,-7.637503147E-1
2.750384071E1,9.794678688E0,-5.339069963E-1,-7.685387731E-1
2.750587594E1,9.804255486E0,-5.315127969E-1,-7.661445141E-1
2.750794533E1,9.804255486E0,-5.171475410E-1,-7.685387731E-1
2.750998052E1,9.804255486E0,-5.147533417E-1,-7.661445141E-1
2.751204929E1,9.809044838E0,-5.267243981E-1,-7.661445141E-1
2.751408429E1,9.823410034E0,-5.315127969E-1,-7.733271718E-1
2.751608979E1,9.809044838E0,-5.075707436E-1,-7.805097699E-1
2.751809275E1,9.809044838E0,-5.027823448E-1,-7.852981687E-1
2.752016217E1,9.811438560E0,-5.075707436E-1,-7.972691655E-1
2.752219779E1,9.809044838E0,-4.932055473E-1,-7.972691655E-1
2.752426740E1,9.804255486E0,-4.932055473E-1,-7.972691655E-1
2.752630240E1,9.804255486E0,-4.764461517E-1,-8.020575643E-1
2.752837144E1,9.823410034E0,-4.812345505E-1,-8.212111592E-1
2.753040636E1,9.821015358E0,-4.812345505E-1,-8.236053586E-1
2.753247529E1,9.816226959E0,-4.788403511E-1,-8.140285611E-1
2.753451002E1,9.830592155E0,-4.668693244E-1,-8.140285611E-1
2.753651533E1,9.825803757E0,-4.692635238E-1,-8.140285611E-1
2.753864271E1,9.828198433E0,-4.788403511E-1,-8.283938169E-1
2.754054883E1,9.840168953E0,-4.955997467E-1,-8.355764151E-1
2.754254898E1,9.835380554E0,-5.051765442E-1,-8.379706144E-1
2.754461836E1,9.811438560E0,-4.979939461E-1,-8.403648138E-1
2.754665371E1,9.835380554E0,-4.908113480E-1,-8.643068075E-1
2.754872333E1,9.840168953E0,-4.884171486E-1,-8.690952063E-1
2.755075825E1,9.832986832E0,-4.979939461E-1,-8.714894056E-1
2.755282790E1,9.818621635E0,-5.099649429E-1,-8.595184088E-1
2.755486313E1,9.828198433E0,-5.195417404E-1,-8.690952063E-1
2.755686921E1,9.835380554E0,-5.267243981E-1,-8.714894056E-1
2.755905917E1,9.823410034E0,-5.123591423E-1,-8.858546019E-1
2.756089540E1,9.816226959E0,-5.003881454E-1,-8.882488012E-1
2.756289552E1,9.811438560E0,-5.027823448E-1,-9.050082564E-1
2.756496425E1,9.823410034E0,-5.147533417E-1,-9.121908545E-1
2.756699936E1,9.828198433E0,-5.099649429E-1,-9.241618514E-1
2.756906856E1,9.837775230E0,-5.099649429E-1,-9.289502501E-1
2.757110410E1,9.844957352E0,-5.219359994E-1,-9.313444495E-1
2.757317298E1,9.840168953E0,-5.315127969E-1,-9.289502501E-1
2.757520806E1,9.844957352E0,-5.339069963E-1,-9.217676520E-1
2.757721294E1,9.864110947E0,-5.219359994E-1,-9.265560508E-1
2.757921440E1,9.878476143E0,-5.315127969E-1,-9.313444495E-1
2.758128371E1,9.878476143E0,-5.267243981E-1,-9.361328483E-1
2.758331910E1,9.868899345E0,-5.315127969E-1,-9.337386489E-1
2.758538940E1,9.878476143E0,-5.434837937E-1,-9.217676520E-1
2.758742467E1,9.878476143E0,-5.363011956E-1,-9.145850539E-1
2.758944948E1,9.856928825E0,-5.291185975E-1,-9.217676520E-1
2.759144983E1,9.864110947E0,-5.434837937E-1,-9.193734527E-1
2.759351956E1,9.868899345E0,-5.363011956E-1,-9.169792533E-1
2.759555502E1,9.861717224E0,-5.386953950E-1,-9.193734527E-1
2.759756102E1,9.878476143E0,-5.363011956E-1,-9.241618514E-1
2.759956594E1,9.871294022E0,-5.386953950E-1,-9.217676520E-1
2.760163510E1,9.849745750E0,-5.219359994E-1,-8.978256583E-1
2.760367021E1,9.859322548E0,-5.267243981E-1,-8.978256583E-1
2.760573963E1,9.854534149E0,-5.291185975E-1,-8.906430602E-1
2.760777517E1,9.849745750E0,-5.363011956E-1,-8.906430602E-1
2.760984440E1,9.852140427E0,-5.291185975E-1,-8.954314590E-1
2.761187975E1,9.859322548E0,-5.267243981E-1,-8.954314590E-1
2.761394894E1,9.852140427E0,-5.363011956E-1,-8.978256583E-1
2.761598386E1,9.842563629E0,-5.339069963E-1,-8.954314590E-1
2.761798871E1,9.835380554E0,-5.458779931E-1,-9.026140571E-1
2.762011271E1,9.825803757E0,-5.363011956E-1,-9.074024558E-1
2.762201825E1,9.830592155E0,-5.363011956E-1,-8.978256583E-1
2.762401871E1,9.835380554E0,-5.386953950E-1,-8.930372596E-1
2.762608771E1,9.830592155E0,-5.386953950E-1,-8.906430602E-1
2.762812267E1,9.837775230E0,-5.458779931E-1,-8.954314590E-1
2.763019202E1,9.852140427E0,-5.482721925E-1,-8.906430602E-1
2.763222717E1,9.842563629E0,-5.386953950E-1,-8.930372596E-1
2.763429656E1,9.837775230E0,-5.482721925E-1,-8.954314590E-1
2.763633210E1,9.852140427E0,-5.530605912E-1,-8.930372596E-1
2.763833748E1,9.852140427E0,-5.506663918E-1,-8.882488012E-1
2.764046402E1,9.844957352E0,-5.506663918E-1,-9.026140571E-1
2.764237094E1,9.847352028E0,-5.506663918E-1,-9.097966552E-1
2.764437163E1,9.849745750E0,-5.554547906E-1,-9.074024558E-1
2.764644167E1,9.859322548E0,-5.746083856E-1,-9.074024558E-1
2.764847713E1,9.854534149E0,-5.746083856E-1,-8.954314590E-1
2.765054656E1,9.861717224E0,-5.746083856E-1,-8.834604025E-1
2.765258233E1,9.866505623E0,-5.770025849E-1,-8.714894056E-1
2.765465198E1,9.897629738E0,-5.674257874E-1,-8.714894056E-1
2.765668736E1,9.907206535E0,-5.722141862E-1,-8.786720037E-1
2.765869329E1,9.897629738E0,-5.865794420E-1,-8.834604025E-1
2.766069452E1,9.911994934E0,-5.889736414E-1,-8.810662031E-1
2.766276421E1,9.914389610E0,-5.817909837E-1,-8.786720037E-1
2.766479936E1,9.904812813E0,-5.698199868E-1,-8.643068075E-1
2.766686929E1,9.897629738E0,-5.889736414E-1,-8.667010069E-1
2.766890444E1,9.892841339E0,-5.913678408E-1,-8.619126081E-1
2.767097383E1,9.902418137E0,-5.817909837E-1,-8.571242094E-1
2.767300913E1,9.916783333E0,-6.033388376E-1,-8.283938169E-1
2.767507902E1,9.926360130E0,-5.889736414E-1,-8.355764151E-1
2.767711436E1,9.935936928E0,-5.889736414E-1,-8.523358107E-1
2.767912021E1,9.916783333E0,-5.722141862E-1,-8.475474119E-1
2.768112329E1,9.900024414E0,-5.698199868E-1,-8.475474119E-1
2.768319267E1,9.897629738E0,-5.650315881E-1,-8.499416113E-1
2.768522802E1,9.907206535E0,-5.482721925E-1,-8.523358107E-1
2.768729763E1,9.909601212E0,-5.506663918E-1,-8.667010069E-1
2.768933313E1,9.914389610E0,-5.458779931E-1,-8.690952063E-1
2.769140283E1,9.904812813E0,-5.530605912E-1,-8.595184088E-1
2.769343829E1,9.885659218E0,-5.315127969E-1,-8.595184088E-1
2.769550806E1,9.876082420E0,-5.219359994E-1,-8.571242094E-1
2.769754310E1,9.861717224E0,-5.099649429E-1,-8.690952063E-1
2.769954875E1,9.852140427E0,-5.027823448E-1,-8.643068075E-1
2.770167329E1,9.837775230E0,-5.051765442E-1,-8.834604025E-1
2.770358052E1,9.830592155E0,-5.099649429E-1,-8.930372596E-1
2.770558075E1,9.837775230E0,-4.979939461E-1,-8.954314590E-1
2.770764979E1,9.849745750E0,-5.003881454E-1,-8.930372596E-1
2.770968482E1,9.823410034E0,-4.979939461E-1,-8.858546019E-1
2.771175386E1,9.828198433E0,-5.027823448E-1,-8.858546019E-1
2.771378875E1,9.804255486E0,-5.075707436E-1,-8.978256583E-1
2.771585798E1,9.794678688E0,-5.075707436E-1,-9.121908545E-1
2.771789344E1,9.809044838E0,-5.123591423E-1,-9.121908545E-1
2.771990021E1,9.813833237E0,-5.123591423E-1,-9.121908545E-1
2.772208975E1,9.804255486E0,-5.123591423E-1,-9.121908545E-1
2.772392602E1,9.804255486E0,-5.171475410E-1,-9.097966552E-1
2.772592613E1,9.811438560E0,-5.219359994E-1,-9.145850539E-1
2.772799525E1,9.813833237E0,-5.147533417E-1,-9.289502501E-1
2.773003052E1,9.816226959E0,-5.291185975E-1,-9.313444495E-1
2.773210017E1,9.830592155E0,-5.410895944E-1,-9.313444495E-1
2.773413556E1,9.837775230E0,-5.410895944E-1,-9.289502501E-1
2.773620521E1,9.821015358E0,-5.530605912E-1,-9.289502501E-1
2.773824071E1,9.816226959E0,-5.674257874E-1,-9.217676520E-1
2.774024733E1,9.828198433E0,-5.602431893E-1,-9.145850539E-1
2.774224921E1,9.840168953E0,-5.578489900E-1,-9.050082564E-1
2.774431882E1,9.866505623E0,-5.626373887E-1,-9.050082564E-1
2.774635440E1,9.873687744E0,-5.674257874E-1,-9.050082564E-1
2.774842390E1,9.878476143E0,-5.722141862E-1,-8.834604025E-1
2.775045925E1,9.859322548E0,-5.578489900E-1,-8.667010069E-1
2.775252898E1,9.861717224E0,-5.578489900E-1,-8.619126081E-1
2.775456398E1,9.864110947E0,-5.746083856E-1,-8.499416113E-1
2.775663363E1,9.859322548E0,-5.722141862E-1,-8.379706144E-1
2.775866909E1,9.866505623E0,-5.674257874E-1,-8.427590132E-1
2.776067563E1,9.866505623E0,-5.674257874E-1,-8.427590132E-1
2.776267913E1,9.864110947E0,-5.698199868E-1,-8.188169599E-1
2.776474844E1,9.876082420E0,-5.650315881E-1,-8.164227605E-1
2.776678352E1,9.871294022E0,-5.817909837E-1,-7.972691655E-1
2.776885283E1,9.866505623E0,-5.650315881E-1,-7.900865674E-1
2.777088759E1,9.880870819E0,-5.865794420E-1,-7.924807668E-1
2.777295698E1,9.873687744E0,-5.865794420E-1,-7.876923680E-1
2.777499236E1,9.861717224E0,-5.722141862E-1,-7.757213712E-1
2.777706198E1,9.852140427E0,-5.793967843E-1,-7.829039693E-1
2.777909702E1,9.854534149E0,-5.793967843E-1,-7.876923680E-1
2.778110217E1,9.859322548E0,-5.674257874E-1,-7.996633649E-1
2.778322709E1,9.828198433E0,-5.746083856E-1,-7.876923680E-1
2.778513563E1,9.823410034E0,-5.698199868E-1,-7.805097699E-1
2.778713686E1,9.813833237E0,-5.578489900E-1,-7.709329724E-1
2.778920667E1,9.821015358E0,-5.482721925E-1,-7.661445141E-1
2.779124225E1,9.818621635E0,-5.482721925E-1,-7.637503147E-1
2.779331186E1,9.813833237E0,-5.363011956E-1,-7.661445141E-1
2.779534767E1,9.811438560E0,-5.458779931E-1,-7.661445141E-1
2.779741786E1,9.813833237E0,-5.482721925E-1,-7.589619160E-1
2.779945379E1,9.799467087E0,-5.386953950E-1,-7.757213712E-1
2.780146140E1,9.792284966E0,-5.267243981E-1,-7.757213712E-1
2.780358875E1,9.804255486E0,-5.363011956E-1,-7.733271718E-1
2.780549452E1,9.816226959E0,-5.530605912E-1,-7.781155705E-1
2.780749494E1,9.804255486E0,-5.698199868E-1,-7.852981687E-1
2.780956475E1,9.794678688E0,-5.602431893E-1,-7.924807668E-1
2.781160048E1,9.804255486E0,-5.506663918E-1,-7.876923680E-1
2.781367013E1,9.811438560E0,-5.602431893E-1,-7.948749661E-1
2.781570575E1,9.825803757E0,-5.722141862E-1,-7.876923680E-1
2.781777559E1,9.816226959E0,-5.722141862E-1,-7.996633649E-1
2.781981148E1,9.811438560E0,-5.674257874E-1,-8.236053586E-1
2.782181713E1,9.821015358E0,-5.817909837E-1,-8.259995580E-1
2.782381848E1,9.825803757E0,-5.865794420E-1,-8.283938169E-1
2.782588763E1,9.835380554E0,-5.817909837E-1,-8.236053586E-1
2.782792236E1,9.856928825E0,-5.889736414E-1,-8.259995580E-1
2.782999171E1,9.854534149E0,-5.937620401E-1,-8.283938169E-1
2.783202667E1,9.859322548E0,-5.937620401E-1,-8.403648138E-1
2.783405171E1,9.878476143E0,-5.961562395E-1,-8.427590132E-1
2.783605198E1,9.885659218E0,-5.937620401E-1,-8.451532125E-1
2.783812148E1,9.878476143E0,-6.057330370E-1,-8.451532125E-1
2.784015659E1,9.878476143E0,-6.105214357E-1,-8.451532125E-1
2.784216271E1,9.883264542E0,-6.177040339E-1,-8.547300100E-1
2.784416783E1,9.876082420E0,-6.153098345E-1,-8.643068075E-1
2.784623752E1,9.878476143E0,-6.177040339E-1,-8.523358107E-1
2.784827229E1,9.876082420E0,-6.272808313E-1,-8.547300100E-1
2.785034182E1,9.880870819E0,-6.488286853E-1,-8.595184088E-1
2.785237694E1,9.895236015E0,-6.584054828E-1,-8.571242094E-1
2.785444636E1,9.897629738E0,-6.584054828E-1,-8.547300100E-1
2.785648152E1,9.902418137E0,-6.344634295E-1,-8.451532125E-1
2.785855079E1,9.902418137E0,-6.368576288E-1,-8.307880163E-1
2.786058606E1,9.897629738E0,-6.392518282E-1,-8.283938169E-1
2.786259140E1,9.892841339E0,-6.392518282E-1,-8.403648138E-1
2.786471609E1,9.907206535E0,-6.416460276E-1,-8.307880163E-1
2.786662279E1,9.902418137E0,-6.320692301E-1,-8.331822157E-1
2.786862302E1,9.900024414E0,-6.081272364E-1,-8.212111592E-1
2.787069240E1,9.897629738E0,-6.224924326E-1,-7.996633649E-1
2.787272752E1,9.888052940E0,-6.177040339E-1,-7.900865674E-1
2.787479698E1,9.880870819E0,-6.200982332E-1,-8.020575643E-1
2.787683286E1,9.871294022E0,-6.177040339E-1,-7.996633649E-1
2.787890194E1,9.861717224E0,-6.368576288E-1,-7.924807668E-1
2.788093690E1,9.854534149E0,-6.344634295E-1,-7.852981687E-1
2.788294425E1,9.852140427E0,-6.105214357E-1,-7.829039693E-1
2.788513371E1,9.859322548E0,-6.033388376E-1,-7.924807668E-1
2.788697025E1,9.861717224E0,-6.033388376E-1,-7.876923680E-1
2.788897056E1,9.844957352E0,-5.961562395E-1,-7.900865674E-1
2.789104002E1,9.828198433E0,-5.913678408E-1,-7.900865674E-1
2.789307509E1,9.830592155E0,-6.033388376E-1,-7.924807668E-1
2.789514429E1,9.832986832E0,-6.177040339E-1,-7.972691655E-1
2.789717963E1,9.830592155E0,-5.961562395E-1,-7.924807668E-1
2.789924894E1,9.821015358E0,-5.889736414E-1,-7.924807668E-1
2.790128375E1,9.835380554E0,-5.770025849E-1,-7.972691655E-1
2.790328882E1,9.811438560E0,-5.913678408E-1,-7.900865674E-1
2.790528979E1,9.804255486E0,-5.841852427E-1,-7.900865674E-1
2.790735917E1,9.809044838E0,-5.722141862E-1,-7.852981687E-1
2.790939417E1,9.813833237E0,-5.865794420E-1,-7.948749661E-1
2.791146398E1,9.804255486E0,-5.913678408E-1,-7.924807668E-1
2.791349921E1,9.821015358E0,-5.770025849E-1,-8.020575643E-1
2.791556856E1,9.804255486E0,-5.722141862E-1,-8.020575643E-1
2.791760375E1,9.799467087E0,-5.770025849E-1,-8.020575643E-1
2.791967321E1,9.787496567E0,-5.746083856E-1,-7.876923680E-1
2.792170867E1,9.777919769E0,-5.578489900E-1,-7.900865674E-1
2.792371490E1,9.789890289E0,-5.530605912E-1,-7.900865674E-1
2.792571844E1,9.792284966E0,-5.650315881E-1,-7.996633649E-1
2.792778798E1,9.761159897E0,-5.674257874E-1,-8.092401624E-1
2.792982309E1,9.761159897E0,-5.698199868E-1,-7.924807668E-1
2.793189209E1,9.770736694E0,-5.602431893E-1,-7.829039693E-1
2.793392698E1,9.777919769E0,-5.650315881E-1,-7.829039693E-1
2.793599648E1,9.787496567E0,-5.698199868E-1,-7.924807668E-1
2.793803159E1,9.770736694E0,-5.722141862E-1,-7.948749661E-1
2.794010075E1,9.765948296E0,-5.722141862E-1,-7.852981687E-1
2.794213598E1,9.773131371E0,-5.865794420E-1,-7.948749661E-1
2.794414063E1,9.768342972E0,-5.889736414E-1,-7.852981687E-1
2.794626721E1,9.770736694E0,-5.841852427E-1,-7.733271718E-1
2.794817244E1,9.773131371E0,-6.057330370E-1,-7.805097699E-1
2.795017221E1,9.780313492E0,-6.105214357E-1,-7.757213712E-1
2.795224079E1,9.806650162E0,-5.985504389E-1,-7.852981687E-1
2.795427544E1,9.816226959E0,-5.985504389E-1,-7.948749661E-1
2.795634398E1,9.811438560E0,-5.961562395E-1,-8.068459630E-1
2.795837875E1,9.816226959E0,-5.961562395E-1,-8.092401624E-1
2.796044763E1,9.835380554E0,-5.913678408E-1,-8.092401624E-1
2.796248294E1,9.840168953E0,-5.961562395E-1,-8.188169599E-1
2.796448971E1,9.835380554E0,-6.129156351E-1,-8.140285611E-1
2.796661544E1,9.821015358E0,-6.057330370E-1,-8.140285611E-1
2.796852117E1,9.832986832E0,-6.009446383E-1,-8.140285611E-1
2.797052082E1,9.852140427E0,-5.985504389E-1,-8.236053586E-1
2.797258879E1,9.861717224E0,-6.200982332E-1,-8.283938169E-1
2.797462302E1,9.852140427E0,-6.296750307E-1,-8.331822157E-1
2.797669182E1,9.830592155E0,-6.200982332E-1,-8.355764151E-1
2.797872690E1,9.837775230E0,-6.224924326E-1,-8.307880163E-1
2.798079602E1,9.823410034E0,-6.248866320E-1,-8.283938169E-1
2.798283090E1,9.821015358E0,-6.320692301E-1,-8.236053586E-1
2.798483644E1,9.818621635E0,-6.368576288E-1,-8.044517636E-1
2.798683798E1,9.813833237E0,-6.320692301E-1,-7.948749661E-1
2.798890690E1,9.823410034E0,-6.272808313E-1,-7.900865674E-1
2.799094198E1,9.823410034E0,-6.368576288E-1,-7.948749661E-1
2.799301086E1,9.811438560E0,-6.416460276E-1,-7.805097699E-1
2.799504609E1,9.799467087E0,-6.440402865E-1,-7.781155705E-1
2.799711548E1,9.785101891E0,-6.344634295E-1,-7.541735172E-1
2.799915079E1,9.780313492E0,-6.344634295E-1,-7.493851185E-1
2.800121998E1,9.777919769E0,-6.248866320E-1,-7.517793179E-1
2.800325490E1,9.780313492E0,-6.081272364E-1,-7.493851185E-1
2.800526132E1,9.763554573E0,-6.129156351E-1,-7.350199223E-1
2.800726448E1,9.773131371E0,-6.129156351E-1,-7.302315235E-1
2.800933359E1,9.782708168E0,-6.129156351E-1,-7.374141216E-1
2.801136863E1,9.768342972E0,-6.057330370E-1,-7.326257229E-1
2.801343790E1,9.765948296E0,-6.105214357E-1,-7.278373241E-1
2.801547313E1,9.773131371E0,-5.937620401E-1,-7.302315235E-1
2.801754202E1,9.758766174E0,-5.865794420E-1,-7.350199223E-1
2.801957729E1,9.746794701E0,-5.985504389E-1,-7.254431248E-1
2.802164690E1,9.737217903E0,-6.009446383E-1,-7.206547260E-1
2.802368190E1,9.742006302E0,-5.770025849E-1,-7.278373241E-1
2.802568779E1,9.751583099E0,-5.817909837E-1,-7.374141216E-1
2.802781375E1,9.756371498E0,-5.793967843E-1,-7.398083210E-1
2.802971936E1,9.763554573E0,-5.817909837E-1,-7.445967197E-1
2.803171940E1,9.758766174E0,-5.770025849E-1,-7.613561153E-1
2.803378875E1,9.765948296E0,-5.770025849E-1,-7.685387731E-1
2.803582398E1,9.775525093E0,-5.841852427E-1,-7.829039693E-1
2.803789306E1,9.785101891E0,-5.722141862E-1,-7.709329724E-1
2.803992786E1,9.792284966E0,-5.674257874E-1,-7.709329724E-1
2.804199729E1,9.799467087E0,-5.913678408E-1,-7.685387731E-1
2.804403217E1,9.806650162E0,-6.105214357E-1,-7.852981687E-1
2.804603929E1,9.811438560E0,-6.153098345E-1,-8.020575643E-1
2.804822879E1,9.816226959E0,-6.057330370E-1,-8.020575643E-1
2.805006513E1,9.835380554E0,-5.961562395E-1,-8.140285611E-1
2.805206525E1,9.842563629E0,-5.961562395E-1,-8.164227605E-1
2.805413467E1,9.840168953E0,-5.841852427E-1,-8.140285611E-1
2.805616967E1,9.856928825E0,-5.985504389E-1,-8.236053586E-1
2.805823886E1,9.861717224E0,-6.057330370E-1,-8.259995580E-1
2.806027406E1,9.852140427E0,-6.033388376E-1,-8.236053586E-1
2.806234379E1,9.868899345E0,-6.272808313E-1,-8.188169599E-1
2.806437948E1,9.871294022E0,-6.320692301E-1,-8.164227605E-1
2.806638525E1,9.866505623E0,-6.344634295E-1,-8.212111592E-1
2.806838625E1,9.883264542E0,-6.440402865E-1,-8.188169599E-1
2.807045594E1,9.880870819E0,-6.392518282E-1,-8.212111592E-1
2.807249125E1,9.883264542E0,-6.320692301E-1,-8.236053586E-1
2.807456052E1,9.876082420E0,-6.392518282E-1,-8.164227605E-1
2.807659586E1,9.888052940E0,-6.440402865E-1,-8.116343617E-1
2.807862159E1,9.890447617E0,-6.344634295E-1,-8.164227605E-1
2.808062186E1,9.902418137E0,-6.416460276E-1,-8.116343617E-1
2.808269125E1,9.890447617E0,-6.607996821E-1,-8.188169599E-1
2.808472629E1,9.888052940E0,-6.631938815E-1,-8.188169599E-1
2.808673263E1,9.873687744E0,-6.607996821E-1,-8.068459630E-1
2.808873729E1,9.871294022E0,-6.512228847E-1,-8.164227605E-1
2.809080648E1,9.871294022E0,-6.560112834E-1,-8.164227605E-1
2.809284109E1,9.854534149E0,-6.751648784E-1,-8.020575643E-1
2.809491025E1,9.864110947E0,-6.799532771E-1,-8.068459630E-1
2.809694540E1,9.871294022E0,-6.847416759E-1,-8.116343617E-1
2.809901478E1,9.844957352E0,-6.967126727E-1,-8.212111592E-1
2.810104936E1,9.835380554E0,-6.871358752E-1,-8.116343617E-1
2.810311871E1,9.823410034E0,-6.775590777E-1,-8.068459630E-1
2.810515375E1,9.818621635E0,-6.799532771E-1,-7.948749661E-1
2.810716052E1,9.818621635E0,-6.823474765E-1,-7.948749661E-1
2.810928402E1,9.821015358E0,-6.871358752E-1,-7.996633649E-1
2.811118967E1,9.804255486E0,-6.679822803E-1,-7.900865674E-1
2.811318928E1,9.785101891E0,-6.727706790E-1,-7.829039693E-1
2.811525763E1,9.785101891E0,-6.799532771E-1,-7.781155705E-1
2.811729236E1,9.777919769E0,-6.775590777E-1,-7.781155705E-1
2.811936156E1,9.768342972E0,-6.751648784E-1,-7.733271718E-1
2.812139678E1,9.756371498E0,-6.751648784E-1,-7.637503147E-1
2.812346598E1,9.746794701E0,-6.727706790E-1,-7.637503147E-1
2.812550040E1,9.753977776E0,-6.631938815E-1,-7.661445141E-1
2.812750629E1,9.746794701E0,-6.631938815E-1,-7.589619160E-1
2.812963282E1,9.753977776E0,-6.488286853E-1,-7.661445141E-1
2.813153844E1,9.732429504E0,-6.536170840E-1,-7.709329724E-1
2.813353828E1,9.737217903E0,-6.607996821E-1,-7.709329724E-1
2.813560690E1,9.739612579E0,-6.631938815E-1,-7.781155705E-1
2.813764167E1,9.734824181E0,-6.655880809E-1,-7.876923680E-1
2.813971063E1,9.734824181E0,-6.464344859E-1,-7.948749661E-1
2.814174552E1,9.732429504E0,-6.440402865E-1,-7.900865674E-1
2.814381394E1,9.737217903E0,-6.488286853E-1,-7.805097699E-1
2.814584832E1,9.758766174E0,-6.464344859E-1,-7.876923680E-1
2.814785382E1,9.770736694E0,-6.512228847E-1,-7.948749661E-1
2.814985452E1,9.789890289E0,-6.296750307E-1,-8.044517636E-1
2.815192340E1,9.809044838E0,-6.248866320E-1,-8.164227605E-1
2.815395832E1,9.813833237E0,-6.344634295E-1,-8.188169599E-1
2.815602721E1,9.821015358E0,-6.536170840E-1,-8.307880163E-1
2.815806198E1,9.816226959E0,-6.679822803E-1,-8.283938169E-1
2.816013017E1,9.818621635E0,-6.584054828E-1,-8.379706144E-1
2.816216525E1,9.830592155E0,-6.464344859E-1,-8.451532125E-1
2.816423402E1,9.844957352E0,-6.584054828E-1,-8.427590132E-1
2.816626921E1,9.859322548E0,-6.679822803E-1,-8.427590132E-1
2.816827540E1,9.868899345E0,-6.488286853E-1,-8.475474119E-1
2.817027855E1,9.873687744E0,-6.536170840E-1,-8.547300100E-1
2.817234740E1,9.880870819E0,-6.464344859E-1,-8.643068075E-1
2.817438271E1,9.902418137E0,-6.584054828E-1,-8.690952063E-1
2.817645194E1,9.883264542E0,-6.703764796E-1,-8.667010069E-1
2.817848748E1,9.888052940E0,-6.631938815E-1,-8.643068075E-1
2.818055552E1,9.902418137E0,-6.416460276E-1,-8.595184088E-1
2.818259052E1,9.902418137E0,-6.416460276E-1,-8.547300100E-1
2.818465944E1,9.885659218E0,-6.416460276E-1,-8.475474119E-1
2.818669394E1,9.876082420E0,-6.392518282E-1,-8.427590132E-1
2.818869929E1,9.883264542E0,-6.488286853E-1,-8.523358107E-1
2.819082259E1,9.871294022E0,-6.368576288E-1,-8.283938169E-1
2.819272825E1,9.873687744E0,-6.368576288E-1,-8.355764151E-1
2.819472805E1,9.847352028E0,-6.272808313E-1,-8.236053586E-1
2.819679675E1,9.847352028E0,-6.272808313E-1,-8.283938169E-1
2.819883194E1,9.830592155E0,-6.416460276E-1,-8.212111592E-1
2.820090059E1,9.835380554E0,-6.416460276E-1,-8.092401624E-1
2.820293629E1,9.840168953E0,-6.416460276E-1,-7.972691655E-1
2.820500594E1,9.844957352E0,-6.440402865E-1,-7.924807668E-1
2.820704113E1,9.844957352E0,-6.392518282E-1,-7.948749661E-1
2.820904852E1,9.840168953E0,-6.368576288E-1,-8.020575643E-1
2.821123821E1,9.847352028E0,-6.320692301E-1,-7.948749661E-1
2.821307367E1,9.840168953E0,-6.200982332E-1,-7.924807668E-1
2.821507398E1,9.847352028E0,-6.224924326E-1,-7.876923680E-1
2.821714305E1,9.832986832E0,-6.177040339E-1,-7.948749661E-1
2.821917786E1,9.830592155E0,-6.296750307E-1,-7.948749661E-1
2.822124632E1,9.835380554E0,-6.368576288E-1,-7.972691655E-1
2.822328113E1,9.832986832E0,-6.392518282E-1,-7.900865674E-1
2.822535002E1,9.854534149E0,-6.272808313E-1,-7.805097699E-1
2.822738455E1,9.830592155E0,-6.320692301E-1,-7.733271718E-1
2.822939002E1,9.816226959E0,-6.416460276E-1,-7.781155705E-1
2.823139059E1,9.830592155E0,-6.320692301E-1,-7.876923680E-1
2.823345963E1,9.837775230E0,-6.153098345E-1,-7.709329724E-1
2.823549440E1,9.830592155E0,-6.129156351E-1,-7.661445141E-1
2.823756294E1,9.818621635E0,-6.129156351E-1,-7.781155705E-1
2.823959732E1,9.844957352E0,-6.224924326E-1,-7.829039693E-1
2.824166663E1,9.825803757E0,-6.248866320E-1,-7.852981687E-1
2.824370175E1,9.830592155E0,-6.344634295E-1,-7.805097699E-1
2.824577094E1,9.832986832E0,-6.368576288E-1,-7.829039693E-1
2.824780559E1,9.832986832E0,-6.272808313E-1,-8.020575643E-1
2.824981205E1,9.840168953E0,-6.248866320E-1,-8.044517636E-1
2.825181590E1,9.832986832E0,-6.224924326E-1,-7.996633649E-1
2.825388494E1,9.830592155E0,-6.177040339E-1,-8.164227605E-1
2.825591967E1,9.828198433E0,-6.129156351E-1,-8.236053586E-1
2.825798832E1,9.832986832E0,-6.153098345E-1,-8.331822157E-1
2.826002302E1,9.828198433E0,-6.081272364E-1,-8.403648138E-1
2.826209221E1,9.823410034E0,-6.081272364E-1,-8.499416113E-1
2.826412732E1,9.823410034E0,-6.177040339E-1,-8.619126081E-1
2.826619652E1,9.828198433E0,-6.296750307E-1,-8.571242094E-1
2.826823125E1,9.825803757E0,-6.296750307E-1,-8.547300100E-1
2.827023678E1,9.816226959E0,-6.200982332E-1,-8.451532125E-1
2.827240336E1,9.811438560E0,-6.081272364E-1,-8.499416113E-1
2.827427379E1,9.811438560E0,-6.153098345E-1,-8.547300100E-1
2.827627355E1,9.830592155E0,-6.416460276E-1,-8.523358107E-1
2.827834263E1,9.821015358E0,-6.200982332E-1,-8.451532125E-1
2.828037740E1,9.825803757E0,-6.248866320E-1,-8.475474119E-1
2.828244617E1,9.832986832E0,-6.416460276E-1,-8.427590132E-1
2.828448109E1,9.825803757E0,-6.440402865E-1,-8.451532125E-1
2.828655002E1,9.830592155E0,-6.464344859E-1,-8.451532125E-1
2.828858475E1,9.837775230E0,-6.584054828E-1,-8.475474119E-1
2.829059086E1,9.840168953E0,-6.631938815E-1,-8.379706144E-1
2.829271717E1,9.854534149E0,-6.536170840E-1,-8.307880163E-1
2.829462240E1,9.856928825E0,-6.536170840E-1,-8.283938169E-1
2.829662275E1,9.856928825E0,-6.488286853E-1,-8.331822157E-1
2.829869136E1,9.854534149E0,-6.488286853E-1,-8.283938169E-1
2.830072617E1,9.868899345E0,-6.488286853E-1,-8.307880163E-1
2.830279532E1,9.868899345E0,-6.488286853E-1,-8.403648138E-1
2.830483048E1,9.868899345E0,-6.703764796E-1,-8.523358107E-1
2.830690005E1,9.873687744E0,-6.679822803E-1,-8.475474119E-1
2.830893552E1,9.890447617E0,-6.560112834E-1,-8.307880163E-1
2.831094125E1,9.883264542E0,-6.392518282E-1,-8.259995580E-1
2.831294217E1,9.890447617E0,-6.368576288E-1,-8.331822157E-1
2.831501255E1,9.885659218E0,-6.512228847E-1,-8.355764151E-1
2.831704694E1,9.890447617E0,-6.464344859E-1,-8.212111592E-1
2.831911582E1,9.883264542E0,-6.512228847E-1,-8.116343617E-1
2.832115067E1,9.900024414E0,-6.416460276E-1,-8.020575643E-1
2.832317594E1,9.888052940E0,-6.392518282E-1,-8.092401624E-1
2.832517590E1,9.883264542E0,-6.320692301E-1,-7.948749661E-1
2.832724475E1,9.878476143E0,-6.177040339E-1,-7.900865674E-1
2.832927936E1,9.876082420E0,-6.033388376E-1,-7.829039693E-1
2.833128536E1,9.871294022E0,-6.033388376E-1,-7.757213712E-1
2.833329048E1,9.866505623E0,-5.913678408E-1,-7.757213712E-1
2.833535929E1,9.856928825E0,-5.913678408E-1,-7.852981687E-1
2.833739390E1,9.856928825E0,-5.985504389E-1,-7.900865674E-1
2.833946259E1,9.854534149E0,-6.200982332E-1,-7.876923680E-1
2.834149713E1,9.847352028E0,-6.105214357E-1,-7.900865674E-1
2.834356628E1,9.854534149E0,-5.865794420E-1,-7.924807668E-1
2.834560125E1,9.849745750E0,-5.961562395E-1,-7.852981687E-1
2.834767002E1,9.842563629E0,-5.841852427E-1,-7.781155705E-1
2.834970463E1,9.830592155E0,-5.841852427E-1,-7.900865674E-1
2.835171052E1,9.825803757E0,-5.889736414E-1,-7.948749661E-1
2.835383471E1,9.847352028E0,-6.033388376E-1,-7.924807668E-1
2.835574121E1,9.852140427E0,-6.200982332E-1,-7.852981687E-1
2.835774109E1,9.847352028E0,-6.200982332E-1,-7.805097699E-1
2.835981028E1,9.825803757E0,-6.153098345E-1,-7.685387731E-1
2.836184528E1,9.825803757E0,-6.272808313E-1,-7.733271718E-1
2.836391440E1,9.835380554E0,-6.272808313E-1,-7.757213712E-1
2.836594898E1,9.818621635E0,-6.081272364E-1,-7.805097699E-1
2.836801767E1,9.809044838E0,-6.009446383E-1,-7.733271718E-1
2.837005278E1,9.797073364E0,-6.153098345E-1,-7.733271718E-1
2.837205921E1,9.797073364E0,-6.200982332E-1,-7.613561153E-1
2.837424821E1,9.809044838E0,-6.440402865E-1,-7.757213712E-1
2.837608494E1,9.806650162E0,-6.488286853E-1,-7.733271718E-1
2.837808486E1,9.806650162E0,-6.344634295E-1,-7.709329724E-1
2.838015421E1,9.809044838E0,-6.272808313E-1,-7.829039693E-1
2.838218917E1,9.799467087E0,-6.320692301E-1,-7.829039693E-1
2.838425844E1,9.787496567E0,-6.440402865E-1,-7.757213712E-1
2.838629309E1,9.811438560E0,-6.655880809E-1,-7.805097699E-1
2.838836186E1,9.830592155E0,-6.703764796E-1,-7.805097699E-1
2.839039640E1,9.811438560E0,-6.847416759E-1,-7.733271718E-1
2.839240244E1,9.816226959E0,-6.823474765E-1,-7.757213712E-1
2.839440363E1,9.804255486E0,-6.775590777E-1,-7.876923680E-1
2.839647278E1,9.792284966E0,-6.823474765E-1,-7.972691655E-1
2.839850771E1,9.801861763E0,-6.775590777E-1,-7.876923680E-1
2.840057659E1,9.806650162E0,-6.727706790E-1,-7.805097699E-1
2.840261178E1,9.811438560E0,-6.823474765E-1,-7.829039693E-1
2.840468094E1,9.813833237E0,-6.799532771E-1,-7.876923680E-1
2.840671598E1,9.828198433E0,-6.847416759E-1,-7.757213712E-1
2.840878486E1,9.830592155E0,-6.871358752E-1,-7.805097699E-1
2.841081975E1,9.823410034E0,-6.991068721E-1,-7.709329724E-1
2.841282509E1,9.825803757E0,-6.991068721E-1,-7.709329724E-1
2.841482786E1,9.835380554E0,-6.919242740E-1,-7.709329724E-1
2.841689632E1,9.842563629E0,-7.134721279E-1,-7.589619160E-1
2.841893148E1,9.828198433E0,-6.943184733E-1,-7.709329724E-1
2.842100040E1,9.825803757E0,-6.943184733E-1,-7.733271718E-1
2.842303586E1,9.849745750E0,-6.991068721E-1,-7.757213712E-1
2.842510505E1,9.852140427E0,-6.895300746E-1,-7.876923680E-1
2.842713959E1,9.840168953E0,-6.847416759E-1,-7.852981687E-1
2.842920855E1,9.842563629E0,-6.919242740E-1,-7.709329724E-1
2.843124348E1,9.856928825E0,-6.919242740E-1,-7.685387731E-1
2.843324844E1,9.849745750E0,-7.015010715E-1,-7.709329724E-1
2.843537175E1,9.844957352E0,-7.038952708E-1,-7.781155705E-1
2.843727790E1,9.847352028E0,-6.991068721E-1,-7.924807668E-1
2.843927748E1,9.840168953E0,-6.895300746E-1,-7.900865674E-1
2.844134671E1,9.847352028E0,-6.919242740E-1,-7.924807668E-1
2.844338167E1,9.849745750E0,-6.775590777E-1,-7.924807668E-1
2.844545048E1,9.847352028E0,-6.751648784E-1,-7.972691655E-1
2.844748532E1,9.842563629E0,-6.655880809E-1,-8.068459630E-1
2.844955444E1,9.830592155E0,-6.607996821E-1,-8.188169599E-1
2.845158936E1,9.828198433E0,-6.631938815E-1,-8.140285611E-1
2.845359498E1,9.837775230E0,-6.727706790E-1,-8.116343617E-1
2.845572113E1,9.856928825E0,-6.631938815E-1,-8.236053586E-1
2.845762659E1,9.847352028E0,-6.607996821E-1,-8.212111592E-1
2.845962632E1,9.840168953E0,-6.655880809E-1,-8.164227605E-1
2.846169509E1,9.837775230E0,-6.703764796E-1,-8.188169599E-1
2.846372967E1,9.837775230E0,-6.631938815E-1,-8.140285611E-1
2.846579863E1,9.847352028E0,-6.512228847E-1,-8.188169599E-1
2.846783309E1,9.832986832E0,-6.344634295E-1,-8.068459630E-1
2.846990186E1,9.840168953E0,-6.488286853E-1,-8.020575643E-1
2.847193655E1,9.844957352E0,-6.464344859E-1,-8.068459630E-1
2.847394259E1,9.837775230E0,-6.416460276E-1,-8.068459630E-1
2.847594402E1,9.837775230E0,-6.368576288E-1,-7.996633649E-1
2.847801286E1,9.832986832E0,-6.296750307E-1,-7.996633649E-1
2.848004755E1,9.801861763E0,-6.129156351E-1,-8.068459630E-1
2.848211648E1,9.804255486E0,-6.368576288E-1,-8.044517636E-1
2.848415132E1,9.809044838E0,-6.272808313E-1,-8.020575643E-1
2.848622063E1,9.792284966E0,-6.368576288E-1,-8.068459630E-1
2.848825555E1,9.797073364E0,-6.344634295E-1,-8.068459630E-1
2.849032452E1,9.801861763E0,-6.296750307E-1,-8.164227605E-1
2.849235959E1,9.792284966E0,-6.392518282E-1,-8.140285611E-1
2.849436625E1,9.792284966E0,-6.488286853E-1,-8.020575643E-1
2.849636921E1,9.799467087E0,-6.464344859E-1,-7.948749661E-1
2.849843809E1,9.792284966E0,-6.392518282E-1,-7.829039693E-1
2.850047267E1,9.780313492E0,-6.392518282E-1,-7.852981687E-1
2.850254194E1,9.777919769E0,-6.536170840E-1,-7.876923680E-1
2.850457655E1,9.768342972E0,-6.584054828E-1,-7.900865674E-1
2.850664563E1,9.780313492E0,-6.607996821E-1,-7.996633649E-1
2.850868063E1,9.777919769E0,-6.727706790E-1,-7.948749661E-1
2.851075024E1,9.780313492E0,-6.679822803E-1,-7.876923680E-1
2.851278513E1,9.787496567E0,-6.895300746E-1,-7.781155705E-1
2.851479013E1,9.782708168E0,-6.847416759E-1,-7.829039693E-1
2.851691486E1,9.789890289E0,-6.727706790E-1,-7.852981687E-1
2.851881978E1,9.785101891E0,-6.823474765E-1,-7.948749661E-1
2.852081936E1,9.782708168E0,-6.871358752E-1,-7.852981687E-1
2.852288813E1,9.785101891E0,-6.895300746E-1,-7.876923680E-1
2.852492240E1,9.809044838E0,-6.919242740E-1,-7.709329724E-1
2.852699171E1,9.794678688E0,-7.158663273E-1,-7.781155705E-1
2.852902632E1,9.792284966E0,-7.206547260E-1,-7.733271718E-1
2.853109525E1,9.801861763E0,-7.206547260E-1,-7.709329724E-1
2.853312974E1,9.809044838E0,-7.110779285E-1,-7.805097699E-1
2.853513467E1,9.811438560E0,-7.110779285E-1,-7.781155705E-1
2.853732386E1,9.799467087E0,-7.158663273E-1,-7.709329724E-1
2.853915882E1,9.809044838E0,-6.967126727E-1,-7.757213712E-1
2.854115932E1,9.813833237E0,-7.086837292E-1,-7.805097699E-1
2.854322805E1,9.806650162E0,-7.254431248E-1,-7.709329724E-1
2.854526252E1,9.804255486E0,-7.350199223E-1,-7.733271718E-1
2.854733190E1,9.821015358E0,-7.302315235E-1,-7.757213712E-1
2.854936575E1,9.813833237E0,-7.278373241E-1,-7.852981687E-1
2.855143463E1,9.806650162E0,-7.134721279E-1,-7.876923680E-1
2.855346948E1,9.816226959E0,-7.254431248E-1,-7.900865674E-1
2.855547532E1,9.825803757E0,-7.206547260E-1,-7.876923680E-1
2.855747717E1,9.828198433E0,-7.110779285E-1,-7.805097699E-1
2.855954613E1,9.832986832E0,-7.206547260E-1,-7.637503147E-1
2.856158074E1,9.835380554E0,-7.158663273E-1,-7.709329724E-1
2.856364955E1,9.835380554E0,-7.086837292E-1,-7.924807668E-1
2.856568440E1,9.832986832E0,-7.134721279E-1,-7.924807668E-1
2.856770882E1,9.828198433E0,-7.158663273E-1,-7.996633649E-1
2.856970855E1,9.825803757E0,-7.158663273E-1,-8.020575643E-1
2.857177751E1,9.828198433E0,-6.943184733E-1,-7.996633649E-1
2.857381201E1,9.832986832E0,-6.919242740E-1,-7.996633649E-1
2.857581778E1,9.825803757E0,-6.967126727E-1,-7.924807668E-1
2.857782259E1,9.842563629E0,-6.943184733E-1,-7.829039693E-1
2.857989136E1,9.842563629E0,-6.943184733E-1,-7.805097699E-1
2.858192640E1,9.830592155E0,-7.038952708E-1,-7.972691655E-1
2.858399509E1,9.830592155E0,-6.871358752E-1,-8.020575643E-1
2.858603001E1,9.832986832E0,-6.775590777E-1,-8.068459630E-1
2.858809913E1,9.840168953E0,-6.727706790E-1,-8.044517636E-1
2.859013394E1,9.837775230E0,-6.679822803E-1,-7.948749661E-1
2.859220321E1,9.828198433E0,-6.679822803E-1,-7.972691655E-1
2.859423828E1,9.823410034E0,-6.655880809E-1,-7.972691655E-1
2.859624421E1,9.847352028E0,-6.631938815E-1,-7.972691655E-1
2.859836890E1,9.832986832E0,-6.488286853E-1,-7.876923680E-1
2.860027463E1,9.830592155E0,-6.488286853E-1,-7.876923680E-1
2.860227448E1,9.823410034E0,-6.512228847E-1,-7.996633649E-1
2.860434351E1,9.832986832E0,-6.631938815E-1,-8.044517636E-1
2.860637798E1,9.825803757E0,-6.584054828E-1,-7.948749661E-1
2.860844690E1,9.818621635E0,-6.464344859E-1,-7.948749661E-1
2.861048190E1,9.804255486E0,-6.392518282E-1,-8.164227605E-1
2.861255167E1,9.816226959E0,-6.464344859E-1,-8.188169599E-1
2.861458605E1,9.816226959E0,-6.488286853E-1,-8.164227605E-1
2.861659236E1,9.809044838E0,-6.655880809E-1,-8.092401624E-1
2.861871813E1,9.818621635E0,-6.655880809E-1,-8.116343617E-1
2.862062525E1,9.828198433E0,-6.464344859E-1,-8.116343617E-1
2.862262536E1,9.825803757E0,-6.416460276E-1,-8.116343617E-1
2.862469428E1,9.813833237E0,-6.488286853E-1,-8.044517636E-1
2.862672944E1,9.806650162E0,-6.536170840E-1,-7.972691655E-1
2.862879871E1,9.792284966E0,-6.296750307E-1,-7.996633649E-1
2.863083317E1,9.794678688E0,-6.320692301E-1,-8.020575643E-1
2.863290182E1,9.823410034E0,-6.416460276E-1,-7.948749661E-1
2.863493601E1,9.825803757E0,-6.584054828E-1,-7.876923680E-1
2.863694144E1,9.804255486E0,-6.607996821E-1,-7.852981687E-1
2.863894309E1,9.799467087E0,-6.536170840E-1,-7.876923680E-1
2.864101244E1,9.809044838E0,-6.488286853E-1,-7.900865674E-1
2.864304748E1,9.821015358E0,-6.584054828E-1,-7.805097699E-1
2.864511659E1,9.832986832E0,-6.751648784E-1,-7.757213712E-1
2.864715182E1,9.801861763E0,-6.751648784E-1,-7.996633649E-1
2.864922086E1,9.799467087E0,-6.631938815E-1,-8.044517636E-1
2.865125574E1,9.806650162E0,-6.560112834E-1,-7.996633649E-1
2.865332401E1,9.797073364E0,-6.512228847E-1,-7.852981687E-1
2.865535886E1,9.816226959E0,-6.488286853E-1,-7.829039693E-1
2.865736559E1,9.809044838E0,-6.536170840E-1,-7.852981687E-1
2.865936913E1,9.801861763E0,-6.775590777E-1,-7.876923680E-1
2.866143751E1,9.801861763E0,-6.847416759E-1,-7.924807668E-1
2.866347217E1,9.797073364E0,-6.751648784E-1,-7.924807668E-1
2.866554098E1,9.811438560E0,-6.727706790E-1,-7.948749661E-1
2.866757578E1,9.806650162E0,-6.847416759E-1,-7.948749661E-1
2.866964471E1,9.804255486E0,-6.823474765E-1,-7.972691655E-1
2.867167925E1,9.801861763E0,-6.871358752E-1,-8.020575643E-1
2.867374825E1,9.804255486E0,-6.799532771E-1,-8.020575643E-1
2.867578309E1,9.804255486E0,-6.679822803E-1,-7.948749661E-1
2.867778867E1,9.789890289E0,-6.823474765E-1,-8.044517636E-1
2.867991348E1,9.789890289E0,-6.871358752E-1,-8.068459630E-1
2.868181928E1,9.787496567E0,-6.895300746E-1,-8.068459630E-1
2.868381940E1,9.801861763E0,-7.182605267E-1,-7.972691655E-1
2.868588809E1,9.809044838E0,-7.038952708E-1,-8.092401624E-1
2.868792321E1,9.813833237E0,-6.991068721E-1,-8.092401624E-1
2.868999201E1,9.818621635E0,-7.015010715E-1,-8.092401624E-1
2.869202651E1,9.811438560E0,-6.919242740E-1,-8.068459630E-1
2.869409559E1,9.816226959E0,-7.062895298E-1,-8.140285611E-1
2.869613001E1,9.816226959E0,-7.086837292E-1,-8.236053586E-1
2.869813632E1,9.821015358E0,-7.015010715E-1,-8.212111592E-1
2.870032632E1,9.840168953E0,-7.086837292E-1,-8.283938169E-1
2.870216328E1,9.832986832E0,-7.062895298E-1,-8.259995580E-1
2.870416324E1,9.818621635E0,-6.847416759E-1,-8.259995580E-1
2.870623186E1,9.818621635E0,-6.775590777E-1,-8.331822157E-1
2.870826651E1,9.837775230E0,-6.919242740E-1,-8.307880163E-1
2.871033571E1,9.823410034E0,-6.799532771E-1,-8.355764151E-1
2.871237051E1,9.832986832E0,-6.823474765E-1,-8.331822157E-1
2.871443955E1,9.837775230E0,-6.727706790E-1,-8.283938169E-1
2.871647428E1,9.837775230E0,-6.775590777E-1,-8.379706144E-1
2.871847990E1,9.832986832E0,-6.655880809E-1,-8.331822157E-1
2.872048144E1,9.840168953E0,-6.727706790E-1,-8.212111592E-1
2.872255051E1,9.835380554E0,-6.727706790E-1,-8.164227605E-1
2.872458532E1,9.842563629E0,-6.799532771E-1,-8.116343617E-1
2.872665509E1,9.842563629E0,-6.727706790E-1,-8.116343617E-1
2.872868990E1,9.832986832E0,-6.655880809E-1,-8.259995580E-1
2.873075909E1,9.828198433E0,-6.847416759E-1,-8.116343617E-1
2.873279398E1,9.816226959E0,-6.751648784E-1,-8.092401624E-1
2.873486290E1,9.825803757E0,-6.703764796E-1,-8.140285611E-1
2.873689755E1,9.844957352E0,-6.847416759E-1,-8.116343617E-1
2.873890436E1,9.842563629E0,-6.775590777E-1,-8.116343617E-1
2.874090771E1,9.840168953E0,-6.679822803E-1,-8.140285611E-1
2.874297648E1,9.813833237E0,-6.655880809E-1,-8.068459630E-1
2.874501128E1,9.811438560E0,-6.560112834E-1,-8.020575643E-1
2.874707990E1,9.818621635E0,-6.464344859E-1,-8.140285611E-1
2.874911448E1,9.821015358E0,-6.584054828E-1,-8.331822157E-1
2.875118340E1,9.818621635E0,-6.560112834E-1,-8.212111592E-1
2.875321825E1,9.823410034E0,-6.392518282E-1,-8.188169599E-1
2.875528675E1,9.828198433E0,-6.224924326E-1,-8.140285611E-1
2.875732198E1,9.852140427E0,-6.129156351E-1,-8.068459630E-1
2.875932755E1,9.856928825E0,-6.009446383E-1,-8.092401624E-1
2.876145167E1,9.852140427E0,-5.961562395E-1,-8.188169599E-1
2.876335771E1,9.847352028E0,-6.057330370E-1,-8.212111592E-1
2.876535744E1,9.847352028E0,-6.009446383E-1,-8.212111592E-1
2.876742651E1,9.856928825E0,-6.129156351E-1,-8.116343617E-1
2.876946151E1,9.854534149E0,-6.081272364E-1,-8.068459630E-1
2.877153005E1,9.864110947E0,-6.224924326E-1,-8.020575643E-1
2.877356455E1,9.864110947E0,-6.344634295E-1,-8.236053586E-1
2.877563321E1,9.873687744E0,-6.272808313E-1,-8.140285611E-1
2.877766778E1,9.864110947E0,-6.296750307E-1,-8.092401624E-1
2.877967459E1,9.852140427E0,-6.392518282E-1,-7.996633649E-1
2.878180040E1,9.847352028E0,-6.464344859E-1,-8.116343617E-1
2.878370613E1,9.849745750E0,-6.464344859E-1,-8.092401624E-1
2.878570590E1,9.847352028E0,-6.440402865E-1,-8.188169599E-1
2.878777417E1,9.842563629E0,-6.344634295E-1,-8.116343617E-1
2.878980886E1,9.844957352E0,-6.320692301E-1,-8.140285611E-1
2.879187751E1,9.844957352E0,-6.488286853E-1,-8.020575643E-1
2.879391217E1,9.811438560E0,-6.512228847E-1,-7.876923680E-1
2.879598059E1,9.801861763E0,-6.488286853E-1,-7.876923680E-1
2.879801494E1,9.801861763E0,-6.440402865E-1,-7.876923680E-1
2.880002036E1,9.806650162E0,-6.464344859E-1,-7.876923680E-1
2.880202109E1,9.809044838E0,-6.536170840E-1,-7.852981687E-1
2.880408951E1,9.811438560E0,-6.536170840E-1,-7.709329724E-1
2.880612398E1,9.801861763E0,-6.512228847E-1,-7.709329724E-1
2.880819290E1,9.823410034E0,-6.512228847E-1,-7.757213712E-1
2.881022759E1,9.837775230E0,-6.344634295E-1,-7.852981687E-1
2.881225155E1,9.844957352E0,-6.392518282E-1,-7.781155705E-1
2.881425144E1,9.842563629E0,-6.464344859E-1,-7.829039693E-1
2.881632098E1,9.811438560E0,-6.607996821E-1,-7.829039693E-1
2.881835536E1,9.821015358E0,-6.416460276E-1,-7.876923680E-1
2.882036217E1,9.844957352E0,-6.320692301E-1,-7.972691655E-1
2.882236667E1,9.832986832E0,-6.488286853E-1,-7.948749661E-1
2.882443501E1,9.830592155E0,-6.440402865E-1,-8.020575643E-1
2.882646944E1,9.832986832E0,-6.416460276E-1,-7.924807668E-1
2.882853809E1,9.828198433E0,-6.440402865E-1,-7.972691655E-1
2.883057271E1,9.809044838E0,-6.392518282E-1,-7.924807668E-1
2.883264167E1,9.809044838E0,-6.368576288E-1,-7.924807668E-1
2.883467659E1,9.809044838E0,-6.392518282E-1,-7.900865674E-1
2.883674559E1,9.813833237E0,-6.416460276E-1,-7.996633649E-1
2.883878101E1,9.811438560E0,-6.512228847E-1,-7.876923680E-1
2.884078709E1,9.816226959E0,-6.536170840E-1,-7.876923680E-1
2.884291109E1,9.821015358E0,-6.464344859E-1,-7.972691655E-1
2.884481736E1,9.840168953E0,-6.440402865E-1,-7.900865674E-1
2.884681686E1,9.832986832E0,-6.488286853E-1,-7.948749661E-1
2.884888582E1,9.830592155E0,-6.488286853E-1,-7.900865674E-1
2.885092067E1,9.821015358E0,-6.560112834E-1,-7.852981687E-1
2.885298936E1,9.823410034E0,-6.536170840E-1,-7.876923680E-1
2.885502409E1,9.828198433E0,-6.464344859E-1,-8.020575643E-1
2.885709290E1,9.832986832E0,-6.536170840E-1,-7.948749661E-1
2.885912748E1,9.828198433E0,-6.560112834E-1,-7.924807668E-1
2.886113336E1,9.828198433E0,-6.560112834E-1,-7.876923680E-1
2.886332336E1,9.813833237E0,-6.488286853E-1,-7.757213712E-1
2.886515955E1,9.816226959E0,-6.536170840E-1,-7.685387731E-1
2.886716005E1,9.828198433E0,-6.607996821E-1,-7.685387731E-1
2.886922932E1,9.832986832E0,-6.655880809E-1,-7.589619160E-1
2.887126386E1,9.842563629E0,-6.560112834E-1,-7.541735172E-1
2.887333248E1,9.842563629E0,-6.296750307E-1,-7.541735172E-1
2.887536678E1,9.832986832E0,-6.200982332E-1,-7.589619160E-1
2.887743544E1,9.842563629E0,-6.177040339E-1,-7.469909191E-1
2.887946990E1,9.835380554E0,-6.153098345E-1,-7.469909191E-1
2.888147544E1,9.825803757E0,-6.081272364E-1,-7.374141216E-1
2.888347663E1,9.821015358E0,-6.177040339E-1,-7.350199223E-1
2.888554555E1,9.818621635E0,-6.224924326E-1,-7.374141216E-1
2.888758036E1,9.828198433E0,-6.009446383E-1,-7.302315235E-1
2.888964959E1,9.828198433E0,-6.009446383E-1,-7.230489254E-1
2.889168440E1,9.828198433E0,-5.961562395E-1,-7.230489254E-1
2.889375351E1,9.825803757E0,-5.793967843E-1,-7.278373241E-1
2.889578836E1,9.852140427E0,-5.698199868E-1,-7.230489254E-1
2.889785782E1,9.844957352E0,-5.770025849E-1,-7.278373241E-1
2.889989313E1,9.835380554E0,-5.865794420E-1,-7.278373241E-1
2.890190001E1,9.823410034E0,-5.793967843E-1,-7.398083210E-1
2.890390351E1,9.830592155E0,-5.746083856E-1,-7.398083210E-1
2.890597259E1,9.840168953E0,-5.746083856E-1,-7.278373241E-1
2.890800732E1,9.837775230E0,-5.865794420E-1,-7.254431248E-1
2.891007578E1,9.835380554E0,-5.817909837E-1,-7.350199223E-1
2.891211020E1,9.837775230E0,-5.530605912E-1,-7.302315235E-1
2.891417828E1,9.832986832E0,-5.386953950E-1,-7.278373241E-1
2.891621301E1,9.852140427E0,-5.410895944E-1,-7.278373241E-1
2.891828205E1,9.856928825E0,-5.626373887E-1,-7.254431248E-1
2.892031705E1,9.866505623E0,-5.650315881E-1,-7.374141216E-1
2.892232309E1,9.859322548E0,-5.554547906E-1,-7.350199223E-1
2.892444863E1,9.854534149E0,-5.746083856E-1,-7.302315235E-1
2.892635451E1,9.849745750E0,-5.865794420E-1,-7.326257229E-1
2.892835409E1,9.854534149E0,-5.770025849E-1,-7.326257229E-1
2.893042290E1,9.856928825E0,-5.746083856E-1,-7.445967197E-1
2.893245713E1,9.859322548E0,-5.770025849E-1,-7.326257229E-1
2.893452551E1,9.880870819E0,-5.937620401E-1,-7.517793179E-1
2.893656009E1,9.883264542E0,-5.913678408E-1,-7.517793179E-1
2.893862886E1,9.866505623E0,-5.793967843E-1,-7.613561153E-1
2.894066394E1,9.861717224E0,-5.817909837E-1,-7.781155705E-1
2.894267001E1,9.859322548E0,-5.817909837E-1,-7.805097699E-1
2.894479701E1,9.885659218E0,-5.698199868E-1,-7.852981687E-1
2.894670328E1,9.895236015E0,-5.817909837E-1,-7.805097699E-1
2.894870313E1,9.885659218E0,-6.033388376E-1,-7.852981687E-1
2.895077198E1,9.888052940E0,-6.057330370E-1,-7.972691655E-1
2.895280651E1,9.878476143E0,-6.033388376E-1,-7.948749661E-1
2.895487567E1,9.880870819E0,-6.033388376E-1,-7.948749661E-1
2.895691028E1,9.873687744E0,-6.177040339E-1,-7.852981687E-1
2.895897982E1,9.883264542E0,-6.177040339E-1,-8.068459630E-1
2.896101463E1,9.888052940E0,-6.153098345E-1,-8.116343617E-1
2.896302044E1,9.890447617E0,-6.105214357E-1,-8.092401624E-1
2.896502317E1,9.900024414E0,-6.105214357E-1,-8.068459630E-1
2.896709213E1,9.897629738E0,-6.153098345E-1,-8.044517636E-1
2.896912694E1,9.911994934E0,-6.224924326E-1,-8.164227605E-1
2.897119632E1,9.911994934E0,-6.200982332E-1,-8.164227605E-1
2.897323167E1,9.897629738E0,-6.200982332E-1,-8.140285611E-1
2.897530090E1,9.895236015E0,-6.296750307E-1,-8.116343617E-1
2.897733582E1,9.890447617E0,-6.368576288E-1,-8.116343617E-1
2.897940517E1,9.895236015E0,-6.320692301E-1,-8.188169599E-1
2.898143997E1,9.890447617E0,-6.296750307E-1,-8.164227605E-1
2.898344667E1,9.871294022E0,-6.344634295E-1,-8.116343617E-1
2.898545047E1,9.864110947E0,-6.512228847E-1,-8.164227605E-1
2.898752001E1,9.871294022E0,-6.488286853E-1,-8.140285611E-1
2.898955524E1,9.888052940E0,-6.512228847E-1,-8.092401624E-1
2.899162509E1,9.871294022E0,-6.344634295E-1,-8.020575643E-1
2.899366101E1,9.859322548E0,-6.344634295E-1,-7.996633649E-1
2.899573121E1,9.844957352E0,-6.344634295E-1,-7.852981687E-1
2.899776724E1,9.828198433E0,-6.368576288E-1,-7.876923680E-1
2.899983728E1,9.818621635E0,-6.440402865E-1,-7.924807668E-1
2.900187340E1,9.840168953E0,-6.488286853E-1,-7.900865674E-1
2.900388001E1,9.840168953E0,-6.248866320E-1,-7.972691655E-1
2.900600482E1,9.806650162E0,-6.320692301E-1,-7.972691655E-1
2.900791140E1,9.806650162E0,-6.248866320E-1,-7.900865674E-1
2.900991255E1,9.809044838E0,-6.368576288E-1,-7.900865674E-1
2.901198317E1,9.811438560E0,-6.368576288E-1,-7.996633649E-1
2.901401836E1,9.804255486E0,-6.177040339E-1,-7.972691655E-1
2.901608890E1,9.801861763E0,-6.392518282E-1,-7.972691655E-1
2.901812482E1,9.806650162E0,-6.416460276E-1,-8.092401624E-1
2.902019478E1,9.799467087E0,-6.392518282E-1,-8.116343617E-1
2.902223078E1,9.813833237E0,-6.248866320E-1,-8.116343617E-1
2.902423767E1,9.799467087E0,-6.153098345E-1,-8.188169599E-1
2.902642847E1,9.789890289E0,-6.177040339E-1,-8.140285611E-1
2.902826436E1,9.777919769E0,-6.224924326E-1,-8.164227605E-1
2.903026540E1,9.794678688E0,-6.272808313E-1,-8.212111592E-1
2.903233570E1,9.794678688E0,-6.416460276E-1,-8.212111592E-1
2.903437128E1,9.801861763E0,-6.392518282E-1,-8.068459630E-1
2.903644144E1,9.799467087E0,-6.200982332E-1,-8.020575643E-1
2.903847763E1,9.799467087E0,-6.009446383E-1,-8.068459630E-1
2.904054763E1,9.816226959E0,-6.033388376E-1,-8.092401624E-1
2.904258309E1,9.835380554E0,-5.985504389E-1,-8.092401624E-1
2.904458820E1,9.837775230E0,-5.937620401E-1,-8.116343617E-1
2.904658955E1,9.849745750E0,-6.105214357E-1,-8.164227605E-1
2.904865882E1,9.849745750E0,-5.937620401E-1,-8.116343617E-1
2.905069386E1,9.847352028E0,-5.961562395E-1,-8.092401624E-1
2.905276324E1,9.835380554E0,-5.841852427E-1,-7.972691655E-1
2.905479790E1,9.859322548E0,-5.841852427E-1,-8.068459630E-1
2.905682213E1,9.868899345E0,-5.889736414E-1,-8.116343617E-1
2.905882244E1,9.868899345E0,-5.770025849E-1,-8.116343617E-1
2.906089190E1,9.880870819E0,-5.841852427E-1,-8.164227605E-1
2.906292744E1,9.878476143E0,-5.841852427E-1,-8.116343617E-1
2.906493413E1,9.868899345E0,-5.913678408E-1,-8.140285611E-1
2.906693936E1,9.866505623E0,-5.961562395E-1,-8.212111592E-1
2.906900932E1,9.876082420E0,-5.937620401E-1,-8.331822157E-1
2.907104455E1,9.885659218E0,-5.913678408E-1,-8.403648138E-1
2.907311397E1,9.880870819E0,-5.746083856E-1,-8.427590132E-1
2.907514932E1,9.876082420E0,-5.650315881E-1,-8.403648138E-1
2.907721844E1,9.873687744E0,-5.722141862E-1,-8.451532125E-1
2.907925324E1,9.892841339E0,-5.650315881E-1,-8.451532125E-1
2.908132270E1,9.890447617E0,-5.841852427E-1,-8.547300100E-1
2.908335809E1,9.892841339E0,-5.817909837E-1,-8.547300100E-1
2.908536447E1,9.876082420E0,-5.674257874E-1,-8.499416113E-1
2.908748859E1,9.864110947E0,-5.650315881E-1,-8.403648138E-1
2.908939544E1,9.871294022E0,-5.722141862E-1,-8.475474119E-1
2.909139559E1,9.859322548E0,-5.650315881E-1,-8.499416113E-1
2.909346509E1,9.849745750E0,-5.482721925E-1,-8.451532125E-1
2.909549978E1,9.844957352E0,-5.410895944E-1,-8.403648138E-1
2.909756940E1,9.837775230E0,-5.530605912E-1,-8.307880163E-1
2.909960501E1,9.823410034E0,-5.722141862E-1,-8.236053586E-1
2.910167470E1,9.811438560E0,-5.770025849E-1,-8.140285611E-1
2.910371044E1,9.789890289E0,-5.578489900E-1,-8.068459630E-1
2.910571709E1,9.797073364E0,-5.626373887E-1,-8.068459630E-1
2.910784428E1,9.799467087E0,-5.626373887E-1,-8.020575643E-1
2.910975067E1,9.801861763E0,-5.674257874E-1,-7.829039693E-1
2.911175109E1,9.780313492E0,-5.722141862E-1,-7.852981687E-1
2.911382055E1,9.777919769E0,-5.698199868E-1,-7.805097699E-1
2.911585582E1,9.787496567E0,-5.626373887E-1,-7.661445141E-1
2.911792505E1,9.794678688E0,-5.602431893E-1,-7.613561153E-1
2.911996055E1,9.789890289E0,-5.602431893E-1,-7.613561153E-1
2.912202940E1,9.782708168E0,-5.698199868E-1,-7.541735172E-1
2.912406451E1,9.782708168E0,-5.578489900E-1,-7.398083210E-1
2.912606974E1,9.782708168E0,-5.578489900E-1,-7.278373241E-1
2.912807132E1,9.768342972E0,-5.674257874E-1,-7.278373241E-1
2.913014063E1,9.758766174E0,-5.626373887E-1,-7.278373241E-1
2.913217605E1,9.763554573E0,-5.674257874E-1,-7.158663273E-1
2.913424513E1,9.770736694E0,-5.602431893E-1,-7.158663273E-1
2.913628044E1,9.770736694E0,-5.339069963E-1,-7.158663273E-1
2.913835032E1,9.770736694E0,-5.530605912E-1,-6.991068721E-1
2.914038520E1,9.770736694E0,-5.626373887E-1,-6.943184733E-1
2.914245440E1,9.768342972E0,-5.674257874E-1,-6.991068721E-1
2.914448924E1,9.775525093E0,-5.626373887E-1,-6.967126727E-1
2.914649513E1,9.789890289E0,-5.554547906E-1,-6.919242740E-1
2.914849897E1,9.785101891E0,-5.817909837E-1,-6.967126727E-1
2.915056824E1,9.789890289E0,-5.698199868E-1,-6.895300746E-1
2.915260324E1,9.806650162E0,-5.722141862E-1,-6.895300746E-1
2.915467251E1,9.813833237E0,-5.746083856E-1,-6.919242740E-1
2.915670805E1,9.816226959E0,-5.817909837E-1,-6.943184733E-1
2.915877763E1,9.816226959E0,-5.793967843E-1,-6.943184733E-1
2.916081282E1,9.837775230E0,-5.889736414E-1,-6.967126727E-1
2.916288232E1,9.840168953E0,-5.841852427E-1,-6.871358752E-1
2.916491720E1,9.840168953E0,-5.817909837E-1,-6.871358752E-1
2.916692186E1,9.847352028E0,-5.554547906E-1,-6.943184733E-1
2.916904651E1,9.842563629E0,-5.626373887E-1,-6.991068721E-1
2.917095213E1,9.844957352E0,-5.817909837E-1,-7.062895298E-1
2.917295213E1,9.854534149E0,-5.770025849E-1,-6.895300746E-1
2.917502117E1,9.866505623E0,-5.746083856E-1,-6.799532771E-1
2.917705567E1,9.866505623E0,-5.674257874E-1,-6.943184733E-1
2.917912486E1,9.861717224E0,-5.650315881E-1,-6.943184733E-1
2.918115990E1,9.852140427E0,-5.698199868E-1,-6.895300746E-1
2.918322913E1,9.866505623E0,-5.793967843E-1,-6.871358752E-1
2.918526420E1,9.861717224E0,-5.793967843E-1,-6.919242740E-1
2.918727040E1,9.852140427E0,-5.722141862E-1,-6.967126727E-1
2.918945970E1,9.864110947E0,-5.770025849E-1,-6.871358752E-1
2.919129628E1,9.868899345E0,-5.698199868E-1,-6.919242740E-1
2.919329686E1,9.852140427E0,-5.698199868E-1,-6.799532771E-1
2.919536674E1,9.856928825E0,-5.674257874E-1,-6.847416759E-1
2.919740244E1,9.849745750E0,-5.746083856E-1,-6.847416759E-1
2.919947255E1,9.844957352E0,-6.033388376E-1,-6.679822803E-1
2.920150805E1,9.844957352E0,-5.889736414E-1,-6.847416759E-1
2.920357782E1,9.844957352E0,-5.937620401E-1,-6.823474765E-1
2.920561359E1,9.854534149E0,-5.937620401E-1,-6.775590777E-1
2.920761970E1,9.844957352E0,-5.889736414E-1,-6.751648784E-1
2.920962109E1,9.832986832E0,-5.889736414E-1,-6.703764796E-1
2.921169128E1,9.830592155E0,-5.937620401E-1,-6.751648784E-1
2.921372701E1,9.828198433E0,-6.081272364E-1,-6.823474765E-1
2.921579674E1,9.832986832E0,-6.129156351E-1,-6.895300746E-1
2.921783282E1,9.837775230E0,-6.057330370E-1,-6.919242740E-1
2.921990263E1,9.837775230E0,-6.248866320E-1,-6.919242740E-1
2.922193844E1,9.852140427E0,-6.153098345E-1,-6.895300746E-1
2.922400836E1,9.840168953E0,-6.129156351E-1,-6.871358752E-1
2.922604428E1,9.844957352E0,-6.105214357E-1,-6.847416759E-1
2.922805228E1,9.828198433E0,-6.009446383E-1,-6.919242740E-1
2.923005751E1,9.825803757E0,-5.985504389E-1,-6.919242740E-1
2.923212805E1,9.825803757E0,-5.913678408E-1,-6.775590777E-1
2.923416409E1,9.809044838E0,-6.081272364E-1,-6.943184733E-1
2.923623463E1,9.801861763E0,-6.057330370E-1,-7.038952708E-1
2.923827044E1,9.804255486E0,-6.009446383E-1,-6.967126727E-1
2.924034097E1,9.804255486E0,-6.081272364E-1,-6.871358752E-1
2.924237728E1,9.804255486E0,-5.913678408E-1,-6.919242740E-1
2.924444778E1,9.799467087E0,-5.626373887E-1,-7.086837292E-1
2.924648363E1,9.794678688E0,-5.674257874E-1,-7.206547260E-1
2.924849024E1,9.801861763E0,-5.746083856E-1,-7.254431248E-1
2.925061528E1,9.787496567E0,-5.578489900E-1,-7.110779285E-1
2.925252182E1,9.789890289E0,-5.578489900E-1,-7.086837292E-1
2.925452297E1,9.785101891E0,-5.578489900E-1,-7.110779285E-1
2.925659301E1,9.780313492E0,-5.506663918E-1,-7.134721279E-1
2.925862920E1,9.792284966E0,-5.410895944E-1,-7.086837292E-1
2.926069982E1,9.811438560E0,-5.410895944E-1,-7.134721279E-1
2.926273628E1,9.809044838E0,-5.363011956E-1,-7.062895298E-1
2.926480659E1,9.813833237E0,-5.458779931E-1,-7.015010715E-1
2.926684317E1,9.813833237E0,-5.363011956E-1,-7.086837292E-1
2.926885078E1,9.809044838E0,-5.458779931E-1,-7.158663273E-1
2.927097901E1,9.825803757E0,-5.482721925E-1,-7.182605267E-1
2.927288574E1,9.823410034E0,-5.530605912E-1,-7.158663273E-1
2.927488759E1,9.821015358E0,-5.578489900E-1,-7.086837292E-1
2.927695747E1,9.811438560E0,-5.482721925E-1,-7.038952708E-1
2.927899355E1,9.821015358E0,-5.386953950E-1,-6.991068721E-1
2.928106401E1,9.828198433E0,-5.386953950E-1,-6.943184733E-1
2.928310017E1,9.840168953E0,-5.578489900E-1,-6.967126727E-1
2.928517024E1,9.830592155E0,-5.578489900E-1,-6.919242740E-1
2.928720605E1,9.835380554E0,-5.578489900E-1,-6.847416759E-1
2.928921290E1,9.825803757E0,-5.578489900E-1,-6.847416759E-1
2.929121532E1,9.811438560E0,-5.722141862E-1,-6.823474765E-1
2.929328617E1,9.825803757E0,-5.793967843E-1,-6.823474765E-1
2.929532205E1,9.835380554E0,-5.698199868E-1,-6.847416759E-1
2.929739224E1,9.832986832E0,-5.650315881E-1,-6.871358752E-1
2.929942832E1,9.830592155E0,-5.602431893E-1,-6.895300746E-1
2.930145494E1,9.830592155E0,-5.770025849E-1,-6.967126727E-1
2.930345605E1,9.828198433E0,-5.746083856E-1,-6.919242740E-1
2.930552655E1,9.832986832E0,-5.770025849E-1,-6.943184733E-1
2.930756286E1,9.840168953E0,-5.722141862E-1,-6.943184733E-1
2.930957113E1,9.832986832E0,-5.650315881E-1,-6.943184733E-1
2.931157844E1,9.830592155E0,-5.722141862E-1,-7.015010715E-1
2.931364913E1,9.837775230E0,-5.865794420E-1,-7.062895298E-1
2.931568520E1,9.844957352E0,-5.817909837E-1,-7.182605267E-1
2.931775559E1,9.852140427E0,-5.626373887E-1,-7.038952708E-1
2.931979194E1,9.844957352E0,-5.674257874E-1,-6.943184733E-1
2.932186259E1,9.864110947E0,-5.626373887E-1,-6.967126727E-1
2.932389890E1,9.859322548E0,-5.674257874E-1,-7.038952708E-1
2.932596947E1,9.852140427E0,-5.793967843E-1,-6.943184733E-1
2.932800601E1,9.849745750E0,-5.722141862E-1,-6.919242740E-1
2.933001259E1,9.852140427E0,-5.746083856E-1,-6.799532771E-1
2.933213863E1,9.854534149E0,-5.841852427E-1,-6.799532771E-1
2.933404582E1,9.864110947E0,-5.841852427E-1,-6.871358752E-1
2.933604767E1,9.840168953E0,-5.770025849E-1,-6.751648784E-1
2.933811863E1,9.844957352E0,-5.913678408E-1,-6.775590777E-1
2.934015540E1,9.844957352E0,-5.961562395E-1,-6.584054828E-1
2.934222636E1,9.854534149E0,-6.033388376E-1,-6.560112834E-1
2.934426305E1,9.852140427E0,-5.937620401E-1,-6.536170840E-1
2.934633390E1,9.840168953E0,-5.961562395E-1,-6.464344859E-1
2.934837094E1,9.847352028E0,-6.081272364E-1,-6.320692301E-1
2.935037936E1,9.842563629E0,-6.057330370E-1,-6.320692301E-1
2.935257028E1,9.835380554E0,-6.033388376E-1,-6.392518282E-1
2.935440751E1,9.847352028E0,-6.033388376E-1,-6.368576288E-1
2.935640905E1,9.852140427E0,-6.033388376E-1,-6.344634295E-1
2.935847974E1,9.828198433E0,-5.841852427E-1,-6.296750307E-1
2.936051594E1,9.835380554E0,-5.817909837E-1,-6.392518282E-1
2.936258620E1,9.840168953E0,-5.674257874E-1,-6.416460276E-1
2.936462151E1,9.835380554E0,-5.602431893E-1,-6.560112834E-1
2.936669124E1,9.847352028E0,-5.578489900E-1,-6.703764796E-1
2.936872724E1,9.835380554E0,-5.554547906E-1,-6.871358752E-1
2.937073320E1,9.840168953E0,-5.386953950E-1,-6.823474765E-1
2.937273670E1,9.837775230E0,-5.410895944E-1,-6.823474765E-1
2.937480674E1,9.816226959E0,-5.386953950E-1,-6.895300746E-1
2.937684251E1,9.816226959E0,-5.386953950E-1,-7.015010715E-1
2.937891301E1,9.823410034E0,-5.434837937E-1,-7.038952708E-1
2.938094878E1,9.818621635E0,-5.315127969E-1,-7.206547260E-1
2.938301951E1,9.809044838E0,-5.291185975E-1,-7.254431248E-1
2.938505551E1,9.799467087E0,-5.315127969E-1,-7.326257229E-1
2.938712551E1,9.799467087E0,-5.458779931E-1,-7.422025204E-1
2.938916140E1,9.799467087E0,-5.410895944E-1,-7.422025204E-1
2.939116828E1,9.794678688E0,-5.410895944E-1,-7.541735172E-1
2.939317313E1,9.794678688E0,-5.291185975E-1,-7.685387731E-1
2.939524282E1,9.806650162E0,-5.291185975E-1,-7.685387731E-1
2.939727920E1,9.797073364E0,-5.386953950E-1,-7.637503147E-1
2.939934978E1,9.806650162E0,-5.530605912E-1,-7.517793179E-1
2.940138643E1,9.799467087E0,-5.530605912E-1,-7.517793179E-1
2.940345693E1,9.813833237E0,-5.434837937E-1,-7.589619160E-1
2.940549266E1,9.811438560E0,-5.770025849E-1,-7.589619160E-1
2.940756293E1,9.813833237E0,-5.770025849E-1,-7.637503147E-1
2.940959905E1,9.821015358E0,-5.722141862E-1,-7.661445141E-1
2.941160590E1,9.825803757E0,-5.841852427E-1,-7.589619160E-1
2.941373051E1,9.835380554E0,-5.889736414E-1,-7.589619160E-1
2.941563693E1,9.854534149E0,-5.937620401E-1,-7.589619160E-1
2.941763740E1,9.864110947E0,-5.961562395E-1,-7.422025204E-1
2.941970759E1,9.859322548E0,-6.081272364E-1,-7.350199223E-1
2.942174351E1,9.868899345E0,-5.889736414E-1,-7.302315235E-1
2.942381359E1,9.873687744E0,-6.081272364E-1,-7.326257229E-1
2.942584940E1,9.878476143E0,-6.105214357E-1,-7.302315235E-1
2.942791920E1,9.876082420E0,-6.129156351E-1,-7.230489254E-1
2.942995497E1,9.890447617E0,-6.105214357E-1,-7.110779285E-1
2.943196286E1,9.890447617E0,-6.177040339E-1,-7.038952708E-1
2.943409051E1,9.885659218E0,-6.177040339E-1,-7.038952708E-1
2.943599682E1,9.888052940E0,-6.224924326E-1,-7.015010715E-1
2.943799717E1,9.902418137E0,-6.200982332E-1,-6.919242740E-1
2.944006713E1,9.909601212E0,-6.153098345E-1,-6.847416759E-1
2.944210340E1,9.911994934E0,-6.081272364E-1,-6.751648784E-1
2.944417363E1,9.902418137E0,-6.081272364E-1,-6.751648784E-1
2.944620959E1,9.911994934E0,-6.033388376E-1,-6.775590777E-1
2.944827947E1,9.888052940E0,-6.033388376E-1,-6.727706790E-1
2.945031532E1,9.885659218E0,-6.153098345E-1,-6.655880809E-1
2.945232105E1,9.885659218E0,-6.105214357E-1,-6.631938815E-1
2.945432328E1,9.888052940E0,-6.009446383E-1,-6.440402865E-1
2.945639297E1,9.873687744E0,-6.033388376E-1,-6.392518282E-1
2.945842897E1,9.880870819E0,-6.153098345E-1,-6.440402865E-1
2.946049886E1,9.885659218E0,-6.200982332E-1,-6.392518282E-1
2.946253470E1,9.883264542E0,-6.129156351E-1,-6.368576288E-1
2.946460390E1,9.866505623E0,-6.081272364E-1,-6.368576288E-1
2.946663916E1,9.859322548E0,-5.793967843E-1,-6.392518282E-1
2.946870893E1,9.844957352E0,-5.841852427E-1,-6.416460276E-1
2.947074459E1,9.837775230E0,-5.889736414E-1,-6.464344859E-1
2.947275117E1,9.842563629E0,-5.865794420E-1,-6.464344859E-1
2.947475470E1,9.866505623E0,-5.698199868E-1,-6.440402865E-1
2.947682447E1,9.854534149E0,-5.698199868E-1,-6.440402865E-1
2.947885993E1,9.842563629E0,-5.817909837E-1,-6.416460276E-1
2.948092993E1,9.844957352E0,-5.746083856E-1,-6.416460276E-1
2.948296567E1,9.828198433E0,-5.578489900E-1,-6.488286853E-1
2.948503543E1,9.811438560E0,-5.602431893E-1,-6.560112834E-1
2.948707074E1,9.825803757E0,-5.817909837E-1,-6.607996821E-1
2.948914001E1,9.835380554E0,-5.722141862E-1,-6.607996821E-1
2.949117528E1,9.830592155E0,-5.578489900E-1,-6.703764796E-1
2.949318101E1,9.837775230E0,-5.530605912E-1,-6.823474765E-1
2.949530640E1,9.823410034E0,-5.602431893E-1,-6.799532771E-1
2.949721220E1,9.821015358E0,-5.698199868E-1,-6.847416759E-1
2.949921309E1,9.828198433E0,-5.722141862E-1,-7.015010715E-1
2.950128255E1,9.832986832E0,-5.817909837E-1,-7.015010715E-1
2.950331817E1,9.830592155E0,-5.770025849E-1,-7.038952708E-1
2.950538832E1,9.830592155E0,-5.674257874E-1,-7.158663273E-1
2.950742366E1,9.837775230E0,-5.817909837E-1,-7.158663273E-1
2.950949251E1,9.837775230E0,-5.889736414E-1,-7.230489254E-1
2.951152767E1,9.842563629E0,-5.841852427E-1,-7.134721279E-1
2.951353420E1,9.844957352E0,-5.985504389E-1,-7.062895298E-1
2.951572409E1,9.842563629E0,-6.057330370E-1,-7.110779285E-1
2.951756032E1,9.844957352E0,-6.081272364E-1,-7.182605267E-1
2.951956124E1,9.852140427E0,-5.937620401E-1,-7.134721279E-1
2.952163097E1,9.859322548E0,-6.009446383E-1,-7.062895298E-1
2.952366659E1,9.864110947E0,-6.009446383E-1,-7.015010715E-1
2.952573616E1,9.883264542E0,-6.081272364E-1,-7.110779285E-1
2.952777201E1,9.876082420E0,-6.033388376E-1,-7.158663273E-1
2.952984197E1,9.878476143E0,-6.081272364E-1,-7.086837292E-1
2.953187751E1,9.890447617E0,-5.937620401E-1,-7.158663273E-1
2.953388351E1,9.885659218E0,-6.081272364E-1,-7.134721279E-1
2.953588517E1,9.902418137E0,-6.177040339E-1,-7.110779285E-1
2.953795513E1,9.904812813E0,-6.177040339E-1,-7.062895298E-1
2.953999047E1,9.902418137E0,-6.272808313E-1,-7.015010715E-1
2.954205997E1,9.902418137E0,-6.177040339E-1,-7.086837292E-1
2.954409501E1,9.900024414E0,-6.200982332E-1,-7.015010715E-1
2.954611993E1,9.888052940E0,-6.177040339E-1,-7.038952708E-1
2.954812024E1,9.895236015E0,-6.129156351E-1,-6.991068721E-1
2.955018978E1,9.900024414E0,-6.153098345E-1,-7.062895298E-1
2.955222490E1,9.878476143E0,-6.200982332E-1,-7.062895298E-1
2.955423120E1,9.873687744E0,-6.224924326E-1,-7.062895298E-1
2.955623678E1,9.856928825E0,-6.033388376E-1,-7.086837292E-1
2.955830582E1,9.859322548E0,-6.033388376E-1,-7.134721279E-1
2.956034155E1,9.849745750E0,-6.081272364E-1,-7.158663273E-1
2.956241101E1,9.849745750E0,-6.081272364E-1,-7.086837292E-1
2.956444620E1,9.837775230E0,-6.129156351E-1,-7.062895298E-1
2.956651536E1,9.828198433E0,-6.057330370E-1,-7.086837292E-1
2.956873963E1,9.837775230E0,-5.865794420E-1,-7.062895298E-1
2.957057578E1,9.844957352E0,-5.937620401E-1,-7.062895298E-1
2.957257605E1,9.842563629E0,-5.961562395E-1,-7.015010715E-1
2.957458159E1,9.852140427E0,-5.650315881E-1,-7.158663273E-1
2.957670605E1,9.828198433E0,-5.746083856E-1,-7.302315235E-1
2.957861216E1,9.823410034E0,-5.698199868E-1,-7.278373241E-1
2.958061193E1,9.825803757E0,-5.793967843E-1,-7.230489254E-1
2.958268097E1,9.837775230E0,-5.817909837E-1,-7.086837292E-1
2.958471601E1,9.837775230E0,-5.770025849E-1,-7.110779285E-1
2.958678574E1,9.844957352E0,-5.722141862E-1,-7.278373241E-1
2.958882163E1,9.813833237E0,-5.865794420E-1,-7.278373241E-1
2.959089063E1,9.801861763E0,-5.746083856E-1,-7.182605267E-1
2.959292566E1,9.804255486E0,-5.674257874E-1,-7.110779285E-1
2.959493259E1,9.813833237E0,-5.602431893E-1,-7.182605267E-1
2.959705878E1,9.813833237E0,-5.722141862E-1,-7.158663273E-1
2.959896466E1,9.813833237E0,-5.746083856E-1,-7.158663273E-1
2.960096490E1,9.797073364E0,-5.698199868E-1,-7.134721279E-1
2.960303451E1,9.801861763E0,-5.841852427E-1,-7.182605267E-1
2.960506963E1,9.799467087E0,-5.889736414E-1,-7.158663273E-1
2.960713928E1,9.792284966E0,-5.841852427E-1,-7.182605267E-1
2.960917493E1,9.801861763E0,-5.793967843E-1,-7.158663273E-1
2.961124409E1,9.816226959E0,-5.746083856E-1,-7.086837292E-1
2.961327932E1,9.809044838E0,-5.650315881E-1,-7.158663273E-1
2.961528486E1,9.809044838E0,-5.841852427E-1,-7.158663273E-1
2.961728636E1,9.816226959E0,-5.889736414E-1,-7.182605267E-1
2.961935624E1,9.821015358E0,-6.081272364E-1,-7.254431248E-1
2.962139163E1,9.840168953E0,-6.033388376E-1,-7.230489254E-1
2.962346109E1,9.844957352E0,-5.961562395E-1,-7.230489254E-1
2.962549651E1,9.832986832E0,-6.009446383E-1,-7.398083210E-1
2.962756620E1,9.852140427E0,-6.009446383E-1,-7.302315235E-1
2.962960155E1,9.847352028E0,-6.081272364E-1,-7.350199223E-1
2.963167074E1,9.849745750E0,-6.009446383E-1,-7.350199223E-1
2.963370566E1,9.842563629E0,-6.033388376E-1,-7.158663273E-1
2.963571297E1,9.852140427E0,-6.057330370E-1,-7.158663273E-1
2.963771640E1,9.859322548E0,-6.033388376E-1,-7.158663273E-1
2.963978601E1,9.861717224E0,-6.057330370E-1,-7.302315235E-1
2.964182170E1,9.868899345E0,-5.865794420E-1,-7.374141216E-1
2.964389147E1,9.880870819E0,-5.793967843E-1,-7.302315235E-1
2.964592636E1,9.883264542E0,-5.913678408E-1,-7.230489254E-1
2.964799578E1,9.871294022E0,-6.177040339E-1,-7.110779285E-1
2.965003105E1,9.856928825E0,-6.248866320E-1,-7.062895298E-1
2.965210028E1,9.868899345E0,-6.057330370E-1,-7.110779285E-1
2.965413543E1,9.878476143E0,-6.081272364E-1,-7.062895298E-1
2.965614128E1,9.892841339E0,-6.129156351E-1,-7.110779285E-1
2.965826520E1,9.890447617E0,-6.009446383E-1,-7.086837292E-1
2.966017163E1,9.864110947E0,-6.033388376E-1,-7.038952708E-1
2.966217201E1,9.871294022E0,-5.985504389E-1,-6.967126727E-1
2.966424120E1,9.873687744E0,-5.889736414E-1,-6.943184733E-1
2.966627632E1,9.890447617E0,-5.985504389E-1,-6.991068721E-1
2.966834555E1,9.890447617E0,-6.033388376E-1,-6.991068721E-1
2.967038101E1,9.885659218E0,-6.009446383E-1,-7.062895298E-1
2.967245032E1,9.909601212E0,-5.985504389E-1,-7.015010715E-1
2.967448563E1,9.902418137E0,-5.937620401E-1,-7.015010715E-1
2.967649243E1,9.888052940E0,-5.937620401E-1,-7.086837292E-1
2.967868247E1,9.883264542E0,-5.937620401E-1,-7.182605267E-1
2.968051959E1,9.878476143E0,-5.889736414E-1,-7.206547260E-1
2.968252032E1,9.866505623E0,-6.009446383E-1,-7.182605267E-1
2.968459013E1,9.854534149E0,-6.081272364E-1,-7.206547260E-1
2.968662574E1,9.861717224E0,-5.961562395E-1,-7.254431248E-1
2.968869563E1,9.866505623E0,-5.746083856E-1,-7.230489254E-1
2.969073136E1,9.868899345E0,-5.793967843E-1,-7.469909191E-1
2.969280070E1,9.840168953E0,-5.698199868E-1,-7.374141216E-1
2.969483624E1,9.830592155E0,-5.650315881E-1,-7.326257229E-1
2.969684136E1,9.837775230E0,-5.674257874E-1,-7.422025204E-1
2.969884332E1,9.856928825E0,-5.578489900E-1,-7.493851185E-1
2.970091263E1,9.859322548E0,-5.674257874E-1,-7.469909191E-1
2.970294859E1,9.859322548E0,-5.817909837E-1,-7.565677166E-1
2.970501805E1,9.852140427E0,-5.722141862E-1,-7.637503147E-1
2.970705301E1,9.852140427E0,-5.722141862E-1,-7.685387731E-1
2.970912209E1,9.868899345E0,-5.817909837E-1,-7.709329724E-1
2.971115682E1,9.878476143E0,-5.626373887E-1,-7.852981687E-1
2.971322593E1,9.890447617E0,-5.506663918E-1,-7.781155705E-1
2.971526070E1,9.866505623E0,-5.506663918E-1,-7.829039693E-1
2.971726670E1,9.852140427E0,-5.602431893E-1,-7.757213712E-1
2.971926997E1,9.849745750E0,-5.650315881E-1,-7.876923680E-1
2.972133905E1,9.866505623E0,-5.434837937E-1,-7.948749661E-1
2.972337393E1,9.888052940E0,-5.410895944E-1,-7.948749661E-1
2.972544297E1,9.892841339E0,-5.482721925E-1,-7.996633649E-1
2.972747805E1,9.892841339E0,-5.578489900E-1,-8.044517636E-1
2.972954743E1,9.890447617E0,-5.458779931E-1,-8.068459630E-1
2.973158216E1,9.873687744E0,-5.482721925E-1,-8.140285611E-1
2.973365082E1,9.885659218E0,-5.482721925E-1,-8.164227605E-1
2.973568578E1,9.900024414E0,-5.506663918E-1,-8.427590132E-1
2.973768990E1,9.900024414E0,-5.530605912E-1,-8.547300100E-1
2.973981393E1,9.902418137E0,-5.578489900E-1,-8.547300100E-1
2.974172020E1,9.902418137E0,-5.410895944E-1,-8.571242094E-1
2.974372055E1,9.916783333E0,-5.482721925E-1,-8.690952063E-1
2.974578959E1,9.919178009E0,-5.578489900E-1,-8.714894056E-1
2.974782463E1,9.926360130E0,-5.602431893E-1,-8.738836050E-1
2.974989320E1,9.935936928E0,-5.554547906E-1,-8.690952063E-1
2.975192782E1,9.933543205E0,-5.578489900E-1,-8.667010069E-1
2.975399636E1,9.945513725E0,-5.746083856E-1,-8.547300100E-1
2.975603113E1,9.945513725E0,-5.889736414E-1,-8.571242094E-1
2.975803663E1,9.945513725E0,-5.793967843E-1,-8.475474119E-1
2.976016362E1,9.964667320E0,-5.698199868E-1,-8.331822157E-1
2.976206940E1,9.959878922E0,-5.770025849E-1,-8.427590132E-1
2.976406920E1,9.955090523E0,-5.770025849E-1,-8.403648138E-1
2.976613828E1,9.979032516E0,-5.674257874E-1,-8.331822157E-1
2.976817320E1,9.995792389E0,-5.985504389E-1,-8.355764151E-1
2.977024243E1,1.000058079E1,-6.009446383E-1,-8.427590132E-1
2.977227766E1,1.000058079E1,-6.105214357E-1,-8.786720037E-1
2.977434693E1,1.000776291E1,-6.105214357E-1,-8.810662031E-1
2.977638220E1,1.000536919E1,-6.129156351E-1,-8.834604025E-1
2.977838766E1,1.001973438E1,-6.224924326E-1,-8.762778044E-1
2.978038901E1,1.001973438E1,-6.224924326E-1,-8.714894056E-1
2.978245793E1,1.001255131E1,-6.153098345E-1,-8.571242094E-1
2.978449201E1,1.001255131E1,-6.009446383E-1,-8.140285611E-1
2.978656101E1,9.983820915E0,-5.961562395E-1,-7.852981687E-1
2.978859574E1,1.000058079E1,-5.793967843E-1,-7.661445141E-1
2.979062039E1,9.993397713E0,-5.770025849E-1,-7.469909191E-1
2.979262005E1,9.959878922E0,-5.554547906E-1,-7.254431248E-1
2.979468882E1,9.943120003E0,-5.339069963E-1,-6.967126727E-1
2.979672328E1,9.943120003E0,-5.195417404E-1,-6.799532771E-1
2.979873001E1,9.945513725E0,-4.860229492E-1,-6.392518282E-1
2.980073636E1,9.923966408E0,-4.644751251E-1,-6.081272364E-1
2.980280555E1,9.923966408E0,-4.740519226E-1,-5.889736414E-1
2.980484005E1,9.926360130E0,-4.644751251E-1,-5.530605912E-1
2.980690974E1,9.911994934E0,-4.357447028E-1,-5.195417404E-1
2.980894447E1,9.911994934E0,-4.261679053E-1,-4.955997467E-1
2.981101389E1,9.902418137E0,-4.141969085E-1,-4.572925270E-1
2.981304889E1,9.885659218E0,-4.118026793E-1,-4.070142806E-1
2.981511789E1,9.885659218E0,-4.070142806E-1,-3.782838583E-1
2.981715297E1,9.868899345E0,-3.902548850E-1,-3.495534360E-1
2.981915759E1,9.847352028E0,-3.854664862E-1,-3.136404157E-1
2.982128170E1,9.823410034E0,-3.830722570E-1,-3.016694188E-1
2.982318747E1,9.828198433E0,-3.854664862E-1,-2.801215947E-1
2.982518689E1,9.813833237E0,-3.974374831E-1,-2.561795712E-1
2.982725578E1,9.797073364E0,-3.854664862E-1,-2.418143749E-1
2.982929047E1,9.758766174E0,-3.639186621E-1,-2.298433632E-1
2.983135913E1,9.718064308E0,-3.615244627E-1,-2.298433632E-1
2.983339378E1,9.703699112E0,-3.615244627E-1,-2.298433632E-1
2.983546247E1,9.662998199E0,-3.615244627E-1,-2.154781520E-1
2.983749697E1,9.619902611E0,-3.495534360E-1,-2.130839527E-1
2.983950262E1,9.607931137E0,-3.615244627E-1,-2.130839527E-1
2.984169193E1,9.595960617E0,-3.591302633E-1,-2.178723514E-1
2.984352870E1,9.579200745E0,-3.758896589E-1,-2.226607651E-1
2.984552878E1,9.562441826E0,-3.758896589E-1,-2.202665508E-1
2.984759789E1,9.548076630E0,-3.758896589E-1,-2.298433632E-1
2.984963251E1,9.562441826E0,-3.950432837E-1,-2.394201756E-1
2.985170155E1,9.569623947E0,-4.213795066E-1,-2.418143749E-1
2.985373589E1,9.569623947E0,-4.309563041E-1,-2.466027737E-1
2.985580486E1,9.581595421E0,-4.357447028E-1,-2.537853718E-1
2.985783939E1,9.607931137E0,-4.644751251E-1,-2.753331959E-1
2.985984443E1,9.622296333E0,-4.884171486E-1,-2.920926213E-1
2.986184574E1,9.641449928E0,-4.979939461E-1,-3.112462163E-1
2.986391432E1,9.651026726E0,-5.123591423E-1,-3.375824392E-1
2.986594859E1,9.670180321E0,-5.291185975E-1,-3.423708379E-1
2.986801709E1,9.698910713E0,-5.386953950E-1,-3.758896589E-1
2.987005151E1,9.713275909E0,-5.363011956E-1,-4.070142806E-1
2.987212032E1,9.725247383E0,-5.530605912E-1,-4.141969085E-1
2.987415482E1,9.749189377E0,-5.817909837E-1,-4.477157295E-1
2.987622370E1,9.789890289E0,-6.081272364E-1,-4.812345505E-1
2.987825874E1,9.804255486E0,-6.200982332E-1,-4.932055473E-1
2.988026532E1,9.823410034E0,-6.296750307E-1,-5.195417404E-1
2.988226855E1,9.837775230E0,-6.368576288E-1,-5.434837937E-1
2.988433743E1,9.859322548E0,-6.416460276E-1,-5.506663918E-1
2.988637274E1,9.878476143E0,-6.560112834E-1,-5.650315881E-1
2.988844197E1,9.907206535E0,-6.655880809E-1,-5.746083856E-1
2.989047662E1,9.935936928E0,-6.655880809E-1,-5.793967843E-1
2.989254593E1,9.950302124E0,-6.751648784E-1,-5.722141862E-1
2.989458086E1,9.974244118E0,-6.703764796E-1,-5.722141862E-1
2.989664986E1,9.993397713E0,-6.895300746E-1,-5.698199868E-1
2.989868470E1,1.000536919E1,-6.847416759E-1,-5.698199868E-1
2.990069070E1,1.002931118E1,-6.871358752E-1,-5.746083856E-1
2.990281466E1,1.002691650E1,-6.991068721E-1,-5.698199868E-1
2.990472032E1,1.003409958E1,-7.110779285E-1,-5.578489900E-1
2.990672043E1,1.006282997E1,-7.134721279E-1,-5.530605912E-1
2.990878951E1,1.007958889E1,-7.110779285E-1,-5.339069963E-1
2.991082432E1,1.009156036E1,-7.158663273E-1,-5.267243981E-1
2.991289343E1,1.008677197E1,-7.158663273E-1,-5.267243981E-1
2.991492843E1,1.009156036E1,-7.086837292E-1,-5.291185975E-1
2.991699739E1,1.009395409E1,-7.015010715E-1,-5.339069963E-1
2.991923159E1,1.009156036E1,-6.775590777E-1,-5.363011956E-1
2.992106355E1,1.008198357E1,-6.536170840E-1,-5.410895944E-1
2.992319012E1,1.008437729E1,-6.536170840E-1,-5.506663918E-1
2.992509559E1,1.007480049E1,-6.416460276E-1,-5.626373887E-1
2.992709512E1,1.006282997E1,-6.224924326E-1,-5.817909837E-1
2.992916436E1,1.006282997E1,-6.224924326E-1,-5.793967843E-1
2.993119962E1,1.005564690E1,-6.057330370E-1,-5.770025849E-1
2.993326905E1,1.003409958E1,-5.889736414E-1,-5.985504389E-1
2.993530443E1,1.001973438E1,-5.841852427E-1,-6.081272364E-1
2.993737359E1,1.000297451E1,-5.889736414E-1,-6.224924326E-1
2.993940932E1,1.000297451E1,-5.746083856E-1,-6.488286853E-1
2.994141536E1,9.998186111E0,-5.674257874E-1,-6.631938815E-1
2.994341709E1,9.971850395E0,-5.650315881E-1,-6.655880809E-1
2.994548651E1,9.969455719E0,-5.554547906E-1,-6.703764796E-1
2.994752201E1,9.943120003E0,-5.578489900E-1,-6.607996821E-1
2.994959147E1,9.919178009E0,-5.554547906E-1,-6.679822803E-1
2.995162643E1,9.892841339E0,-5.602431893E-1,-6.727706790E-1
2.995369574E1,9.890447617E0,-5.410895944E-1,-6.751648784E-1
2.995573082E1,9.883264542E0,-5.291185975E-1,-6.775590777E-1
2.995779997E1,9.871294022E0,-5.315127969E-1,-6.775590777E-1
2.995983505E1,9.847352028E0,-5.386953950E-1,-6.847416759E-1
2.996184162E1,9.835380554E0,-5.339069963E-1,-6.751648784E-1
2.996384497E1,9.818621635E0,-5.363011956E-1,-6.751648784E-1
2.996591389E1,9.825803757E0,-5.386953950E-1,-6.655880809E-1
2.996794912E1,9.832986832E0,-5.315127969E-1,-6.607996821E-1
2.997001859E1,9.818621635E0,-5.219359994E-1,-6.584054828E-1
2.997205386E1,9.821015358E0,-5.363011956E-1,-6.464344859E-1
2.997412343E1,9.832986832E0,-5.315127969E-1,-6.368576288E-1
2.997615859E1,9.856928825E0,-5.434837937E-1,-6.272808313E-1
2.997822774E1,9.878476143E0,-5.530605912E-1,-6.296750307E-1
2.998026262E1,9.904812813E0,-5.506663918E-1,-6.296750307E-1
2.998226682E1,9.911994934E0,-5.506663918E-1,-6.129156351E-1
2.998439351E1,9.931148529E0,-5.506663918E-1,-5.889736414E-1
2.998629928E1,9.938331604E0,-5.530605912E-1,-5.793967843E-1
2.998829932E1,9.957485199E0,-5.770025849E-1,-5.554547906E-1
2.999029982E1,9.971850395E0,-5.770025849E-1,-5.410895944E-1
2.999229962E1,9.976638794E0,-5.698199868E-1,-5.315127969E-1
2.999436812E1,9.979032516E0,-5.674257874E-1,-5.099649429E-1
2.999640259E1,9.991003990E0,-5.530605912E-1,-5.003881454E-1
2.999847178E1,1.000297451E1,-5.530605912E-1,-4.548983276E-1
3.000050689E1,1.000776291E1,-5.530605912E-1,-4.405331016E-1
3.000251309E1,1.004128170E1,-5.698199868E-1,-4.333505034E-1
3.000470247E1,1.002931118E1,-5.674257874E-1,-4.261679053E-1
3.000653793E1,1.002452278E1,-5.650315881E-1,-4.165911078E-1
3.000853766E1,1.001494598E1,-5.458779931E-1,-3.758896589E-1
3.001060659E1,1.001015759E1,-5.458779931E-1,-3.543418646E-1
3.001264124E1,1.001015759E1,-5.578489900E-1,-3.447650373E-1
3.001471066E1,9.976638794E0,-5.506663918E-1,-3.351882398E-1
3.001674582E1,9.967061996E0,-5.339069963E-1,-3.327940404E-1
3.001881493E1,9.938331604E0,-5.243301988E-1,-3.232172430E-1
3.002084978E1,9.907206535E0,-5.410895944E-1,-3.088520169E-1
3.002285497E1,9.907206535E0,-5.315127969E-1,-2.801215947E-1
3.002485639E1,9.897629738E0,-5.386953950E-1,-2.753331959E-1
3.002692532E1,9.890447617E0,-5.315127969E-1,-2.801215947E-1
3.002896005E1,9.866505623E0,-5.219359994E-1,-2.705447972E-1
3.003102893E1,9.864110947E0,-5.267243981E-1,-2.753331959E-1
3.003306359E1,9.909601212E0,-5.482721925E-1,-2.777273953E-1
3.003508762E1,9.950302124E0,-5.793967843E-1,-2.920926213E-1
3.003708697E1,9.976638794E0,-6.033388376E-1,-2.896983922E-1
3.003915574E1,9.983820915E0,-6.009446383E-1,-2.968810201E-1
3.004119089E1,9.957485199E0,-6.057330370E-1,-2.968810201E-1
3.004319689E1,9.952696800E0,-6.129156351E-1,-3.016694188E-1
3.004520178E1,9.928754807E0,-6.129156351E-1,-3.088520169E-1
3.004727132E1,9.868899345E0,-5.841852427E-1,-2.920926213E-1
3.004930624E1,9.856928825E0,-5.698199868E-1,-2.896983922E-1
3.005137559E1,9.828198433E0,-5.530605912E-1,-2.920926213E-1
3.005341043E1,9.804255486E0,-5.410895944E-1,-2.849099934E-1
3.005547955E1,9.792284966E0,-5.315127969E-1,-2.753331959E-1
3.005751474E1,9.787496567E0,-5.171475410E-1,-2.633621991E-1
3.005958378E1,9.777919769E0,-5.123591423E-1,-2.609679997E-1
3.006161882E1,9.780313492E0,-5.027823448E-1,-2.681505978E-1
3.006362382E1,9.792284966E0,-5.099649429E-1,-2.681505978E-1
3.006574789E1,9.825803757E0,-5.243301988E-1,-2.609679997E-1
3.006765366E1,9.842563629E0,-5.171475410E-1,-2.609679997E-1
3.006965374E1,9.854534149E0,-5.339069963E-1,-2.585737705E-1
3.007172282E1,9.866505623E0,-5.506663918E-1,-2.609679997E-1
3.007375762E1,9.854534149E0,-5.339069963E-1,-2.513911724E-1
3.007582620E1,9.856928825E0,-5.243301988E-1,-2.561795712E-1
3.007786066E1,9.844957352E0,-5.339069963E-1,-2.585737705E-1
3.007992947E1,9.852140427E0,-5.267243981E-1,-2.729389966E-1
3.008196389E1,9.883264542E0,-5.363011956E-1,-2.801215947E-1
3.008396951E1,9.923966408E0,-5.626373887E-1,-3.016694188E-1
3.008609470E1,9.993397713E0,-5.817909837E-1,-3.208230138E-1
3.008800047E1,1.001733971E1,-5.817909837E-1,-3.232172430E-1
3.008999982E1,1.004367638E1,-5.793967843E-1,-3.375824392E-1
3.009206866E1,1.005564690E1,-5.841852427E-1,-3.399766386E-1
3.009410324E1,1.006043530E1,-5.793967843E-1,-3.471592367E-1
3.009617212E1,1.005085850E1,-5.889736414E-1,-3.711012602E-1
3.009820670E1,1.004367638E1,-5.793967843E-1,-3.854664862E-1
3.010027570E1,1.004128170E1,-5.626373887E-1,-3.878606856E-1
3.010231028E1,1.003888798E1,-5.482721925E-1,-3.878606856E-1
3.010431524E1,1.000058079E1,-5.363011956E-1,-4.070142806E-1
3.010631659E1,9.988609314E0,-5.267243981E-1,-4.046200812E-1
3.010838551E1,9.971850395E0,-5.051765442E-1,-3.998316824E-1
3.011042074E1,9.950302124E0,-4.884171486E-1,-3.806780577E-1
3.011248982E1,9.952696800E0,-4.788403511E-1,-3.806780577E-1
3.011452458E1,9.967061996E0,-4.764461517E-1,-3.830722570E-1
3.011659358E1,9.998186111E0,-4.453215301E-1,-3.758896589E-1
3.011862851E1,1.001255131E1,-4.596867263E-1,-3.734954596E-1
3.012069816E1,1.003888798E1,-4.644751251E-1,-3.711012602E-1
3.012273347E1,1.012747288E1,-4.620809257E-1,-3.950432837E-1
3.012474036E1,1.018732834E1,-4.908113480E-1,-4.046200812E-1
3.012674351E1,1.019211674E1,-4.955997467E-1,-4.094084799E-1
3.012881274E1,1.015141487E1,-4.740519226E-1,-4.046200812E-1
3.013084828E1,1.010353088E1,-4.381389022E-1,-3.782838583E-1
3.013291774E1,1.008198357E1,-4.237737060E-1,-3.615244627E-1
3.013495243E1,1.005325317E1,-3.974374831E-1,-3.375824392E-1
3.013702186E1,1.003409958E1,-3.854664862E-1,-3.399766386E-1
3.013905693E1,1.001973438E1,-3.734954596E-1,-3.495534360E-1
3.014112643E1,1.000776291E1,-3.663128614E-1,-3.543418646E-1
3.014316158E1,9.969455719E0,-3.447650373E-1,-3.711012602E-1
3.014516774E1,9.943120003E0,-3.184288144E-1,-3.711012602E-1
3.014729170E1,9.883264542E0,-2.777273953E-1,-3.567360640E-1
3.014919747E1,9.847352028E0,-2.394201756E-1,-3.423708379E-1
3.015119739E1,9.849745750E0,-2.346317619E-1,-3.375824392E-1
3.015326658E1,9.890447617E0,-2.513911724E-1,-3.303998411E-1
3.015530143E1,9.880870819E0,-2.609679997E-1,-3.351882398E-1
3.015737074E1,9.880870819E0,-2.705447972E-1,-3.280056417E-1
3.015940566E1,9.902418137E0,-2.825157940E-1,-3.471592367E-1
3.016147478E1,9.916783333E0,-2.873041928E-1,-3.471592367E-1
3.016350974E1,9.911994934E0,-2.968810201E-1,-3.687070608E-1
3.016551762E1,9.916783333E0,-3.040636182E-1,-3.806780577E-1
3.016770747E1,9.926360130E0,-2.944868207E-1,-4.070142806E-1
3.016954366E1,9.926360130E0,-2.968810201E-1,-4.165911078E-1
3.017154374E1,9.914389610E0,-3.016694188E-1,-4.165911078E-1
3.017361289E1,9.907206535E0,-3.184288144E-1,-4.141969085E-1
3.017564835E1,9.888052940E0,-3.327940404E-1,-4.022258818E-1
3.017771809E1,9.880870819E0,-3.399766386E-1,-3.974374831E-1
3.017975378E1,9.866505623E0,-3.471592367E-1,-3.902548850E-1
3.018182328E1,9.861717224E0,-3.543418646E-1,-3.711012602E-1
3.018385874E1,9.880870819E0,-3.663128614E-1,-3.687070608E-1
3.018586351E1,9.895236015E0,-3.830722570E-1,-3.471592367E-1
3.018786432E1,9.919178009E0,-3.663128614E-1,-3.327940404E-1
3.018993374E1,9.926360130E0,-3.639186621E-1,-3.208230138E-1
3.019196901E1,9.945513725E0,-3.711012602E-1,-3.160346150E-1
3.019403809E1,9.981427193E0,-3.734954596E-1,-2.992752194E-1
3.019607335E1,1.000297451E1,-3.782838583E-1,-2.920926213E-1
3.019814293E1,1.000058079E1,-3.878606856E-1,-2.873041928E-1
3.020017862E1,1.003170490E1,-3.926490843E-1,-2.849099934E-1
3.020224835E1,1.004607010E1,-4.046200812E-1,-2.801215947E-1
3.020428374E1,1.004128170E1,-4.189853072E-1,-2.801215947E-1
3.020629005E1,1.004607010E1,-4.141969085E-1,-2.873041928E-1
3.020829401E1,1.006043530E1,-4.141969085E-1,-2.825157940E-1
3.021036335E1,1.005325317E1,-4.453215301E-1,-2.825157940E-1
3.021239874E1,1.003888798E1,-4.548983276E-1,-2.825157940E-1
3.021446816E1,1.001733971E1,-4.668693244E-1,-2.705447972E-1
3.021650351E1,1.000776291E1,-4.716577232E-1,-2.681505978E-1
3.021857328E1,1.000776291E1,-4.812345505E-1,-2.537853718E-1
3.022060889E1,1.002931118E1,-5.291185975E-1,-2.442085743E-1
3.022267832E1,1.003888798E1,-5.554547906E-1,-2.346317619E-1
3.022471374E1,1.004128170E1,-5.961562395E-1,-2.059013397E-1
3.022671958E1,1.001494598E1,-6.105214357E-1,-2.011129409E-1
3.022884389E1,1.002212811E1,-6.224924326E-1,-2.082955539E-1
3.023074951E1,1.001494598E1,-6.416460276E-1,-2.202665508E-1
3.023274955E1,1.001015759E1,-6.631938815E-1,-2.418143749E-1
3.023481885E1,9.998186111E0,-6.799532771E-1,-2.466027737E-1
3.023685397E1,9.998186111E0,-6.847416759E-1,-2.537853718E-1
3.023892324E1,1.000297451E1,-7.038952708E-1,-2.561795712E-1
3.024095855E1,1.000776291E1,-7.110779285E-1,-2.633621991E-1
3.024302797E1,1.001015759E1,-7.254431248E-1,-2.609679997E-1
3.024506316E1,1.000297451E1,-7.445967197E-1,-2.585737705E-1
3.024707001E1,1.000058079E1,-7.517793179E-1,-2.729389966E-1
3.024919639E1,9.993397713E0,-7.661445141E-1,-2.777273953E-1
3.025110243E1,9.983820915E0,-7.685387731E-1,-2.537853718E-1
3.025310301E1,9.974244118E0,-7.685387731E-1,-2.442085743E-1
3.025517266E1,9.933543205E0,-7.781155705E-1,-2.202665508E-1
3.025720816E1,9.890447617E0,-7.589619160E-1,-1.747767180E-1
3.025927762E1,9.880870819E0,-7.661445141E-1,-1.508347094E-1
3.026131328E1,9.866505623E0,-7.613561153E-1,-1.268926859E-1
3.026338293E1,9.876082420E0,-7.517793179E-1,-1.101332754E-1
3.026541866E1,9.916783333E0,-7.493851185E-1,-1.101332754E-1
3.026742424E1,9.943120003E0,-7.469909191E-1,-1.101332754E-1
3.026942639E1,9.974244118E0,-7.422025204E-1,-1.125274822E-1
3.027149616E1,9.974244118E0,-7.517793179E-1,-1.101332754E-1
3.027353170E1,9.986215591E0,-7.565677166E-1,-1.005564705E-1
3.027560097E1,9.995792389E0,-7.637503147E-1,-8.140286058E-2
3.027763678E1,1.000058079E1,-7.829039693E-1,-4.070143029E-2
3.027966282E1,1.001015759E1,-7.948749661E-1,-1.675941236E-2
3.028166339E1,1.000776291E1,-8.331822157E-1,2.873042040E-2
3.028373251E1,9.988609314E0,-8.451532125E-1,7.422025502E-2
3.028576808E1,9.964667320E0,-8.523358107E-1,1.077390760E-1
3.028777493E1,9.914389610E0,-8.643068075E-1,1.460463107E-1
3.028978132E1,9.873687744E0,-8.619126081E-1,1.699883193E-1
3.029185147E1,9.852140427E0,-8.547300100E-1,1.747767180E-1
3.029388735E1,9.816226959E0,-8.403648138E-1,1.795651317E-1
3.029595755E1,9.797073364E0,-8.236053586E-1,1.651999205E-1
3.029799324E1,9.789890289E0,-8.212111592E-1,1.580173075E-1
3.030006305E1,9.780313492E0,-8.331822157E-1,1.508347094E-1
3.030209859E1,9.768342972E0,-8.116343617E-1,1.843535304E-1
3.030416824E1,9.744400978E0,-8.236053586E-1,2.250549644E-1
3.030620378E1,9.677363396E0,-8.571242094E-1,3.399766386E-1
3.030820989E1,9.627084732E0,-8.834604025E-1,4.429273009E-1
3.031033466E1,9.557653427E0,-9.002198577E-1,5.195417404E-1
3.031224085E1,9.543288231E0,-8.978256583E-1,5.482721925E-1
3.031424151E1,9.531316757E0,-9.026140571E-1,5.674257874E-1
3.031631178E1,9.545681953E0,-9.097966552E-1,5.722141862E-1
3.031834797E1,9.576807022E0,-9.457096457E-1,5.889736414E-1
3.032041743E1,9.612719536E0,-9.576807022E-1,5.817909837E-1
3.032245278E1,9.615114212E0,-9.672574997E-1,5.578489900E-1
3.032452189E1,9.619902611E0,-9.696516991E-1,5.410895944E-1
3.032655724E1,9.643844604E0,-9.648633003E-1,5.027823448E-1
3.032856366E1,9.672574997E0,-9.648633003E-1,4.788403511E-1
3.033075239E1,9.703699112E0,-9.768342972E-1,4.620809257E-1
3.033258847E1,9.713275909E0,-9.911994934E-1,4.525041282E-1
3.033458893E1,9.722852707E0,-9.959878922E-1,4.836287498E-1
3.033665878E1,9.737217903E0,-1.015141487E0,4.788403511E-1
3.033869459E1,9.749189377E0,-1.053448796E0,4.932055473E-1
3.034076416E1,9.780313492E0,-1.079784989E0,5.171475410E-1
3.034279951E1,9.785101891E0,-1.101332784E0,5.267243981E-1
3.034486912E1,9.794678688E0,-1.144428372E0,5.363011956E-1
3.034690462E1,9.804255486E0,-1.158793569E0,5.458779931E-1
3.034891005E1,9.792284966E0,-1.151610970E0,5.458779931E-1
3.035091082E1,9.749189377E0,-1.151610970E0,5.650315881E-1
3.035298035E1,9.715670586E0,-1.137245774E0,5.530605912E-1
3.035501539E1,9.686940193E0,-1.125274777E0,5.482721925E-1
3.035708478E1,9.672574997E0,-1.132457376E0,5.841852427E-1
3.035912035E1,9.653421402E0,-1.110909581E0,6.105214357E-1
3.036119005E1,9.629479408E0,-1.091755986E0,6.224924326E-1
3.036322605E1,9.593565941E0,-1.065419793E0,6.440402865E-1
3.036529616E1,9.562441826E0,-1.041477680E0,6.775590777E-1
3.036733197E1,9.552865028E0,-1.041477680E0,6.703764796E-1
3.036933851E1,9.550470352E0,-1.007958889E0,6.679822803E-1
3.037134408E1,9.560047150E0,-9.720458984E-1,6.560112834E-1
3.037341370E1,9.574412346E0,-9.528923035E-1,6.368576288E-1
3.037544970E1,9.586383820E0,-9.457096457E-1,6.320692301E-1
3.037751939E1,9.607931137E0,-9.337386489E-1,6.105214357E-1
3.037955508E1,9.660603523E0,-9.121908545E-1,5.841852427E-1
3.038162489E1,9.674968719E0,-9.169792533E-1,5.698199868E-1
3.038366055E1,9.710882187E0,-9.050082564E-1,5.602431893E-1
3.038573012E1,9.753977776E0,-9.074024558E-1,5.626373887E-1
3.038776485E1,9.773131371E0,-9.050082564E-1,5.650315881E-1
3.038977035E1,9.811438560E0,-9.002198577E-1,5.722141862E-1
3.039189432E1,9.837775230E0,-8.882488012E-1,5.793967843E-1
3.039379928E1,9.852140427E0,-8.834604025E-1,5.913678408E-1
3.039579962E1,9.861717224E0,-9.026140571E-1,5.961562395E-1
3.039786878E1,9.852140427E0,-9.074024558E-1,6.272808313E-1
3.039990366E1,9.847352028E0,-9.074024558E-1,6.320692301E-1
3.040197293E1,9.864110947E0,-9.217676520E-1,6.344634295E-1
3.040400801E1,9.880870819E0,-9.169792533E-1,6.009446383E-1
3.040607728E1,9.890447617E0,-9.050082564E-1,5.865794420E-1
3.040811282E1,9.888052940E0,-8.930372596E-1,5.650315881E-1
3.041011989E1,9.907206535E0,-8.954314590E-1,5.578489900E-1
3.041224608E1,9.902418137E0,-8.930372596E-1,5.626373887E-1
3.041415243E1,9.897629738E0,-9.002198577E-1,5.674257874E-1
3.041615282E1,9.856928825E0,-8.906430602E-1,6.177040339E-1
3.041822274E1,9.825803757E0,-8.954314590E-1,6.488286853E-1
3.042025793E1,9.770736694E0,-8.834604025E-1,6.919242740E-1
3.042232739E1,9.710882187E0,-8.834604025E-1,7.541735172E-1
3.042436282E1,9.643844604E0,-8.930372596E-1,8.092401624E-1
3.042643193E1,9.617507935E0,-8.786720037E-1,8.403648138E-1
3.042846747E1,9.591172218E0,-8.643068075E-1,8.643068075E-1
3.043047282E1,9.550470352E0,-8.690952063E-1,8.810662031E-1
3.043247532E1,9.548076630E0,-8.643068075E-1,8.930372596E-1
3.043454497E1,9.531316757E0,-8.547300100E-1,9.050082564E-1
3.043657997E1,9.528923035E0,-8.427590132E-1,9.169792533E-1
3.043865024E1,9.521739960E0,-8.475474119E-1,9.217676520E-1
3.044068601E1,9.538499832E0,-8.331822157E-1,9.169792533E-1
3.044275543E1,9.557653427E0,-8.236053586E-1,9.217676520E-1
3.044479074E1,9.560047150E0,-8.068459630E-1,9.193734527E-1
3.044686066E1,9.593565941E0,-7.972691655E-1,9.145850539E-1
3.044889528E1,9.648633003E0,-8.092401624E-1,9.217676520E-1
3.045090205E1,9.662998199E0,-8.116343617E-1,9.193734527E-1
3.045290597E1,9.713275909E0,-8.140285611E-1,9.026140571E-1
3.045497570E1,9.737217903E0,-8.236053586E-1,8.906430602E-1
3.045701166E1,9.751583099E0,-8.355764151E-1,8.834604025E-1
3.045908124E1,9.780313492E0,-8.259995580E-1,8.810662031E-1
3.046111712E1,9.799467087E0,-8.403648138E-1,8.858546019E-1
3.046318751E1,9.830592155E0,-8.475474119E-1,9.050082564E-1
3.046522339E1,9.835380554E0,-8.619126081E-1,9.217676520E-1
3.046729320E1,9.897629738E0,-8.810662031E-1,9.026140571E-1
3.046932893E1,1.015141487E1,-9.792284966E-1,7.182605267E-1
3.047133543E1,1.031661510E1,-1.043871999E0,5.770025849E-1
3.047346008E1,1.058716011E1,-1.158793569E0,2.968810201E-1
3.047536620E1,1.071884060E1,-1.192312479E0,1.532289088E-1
3.047736662E1,1.069011021E1,-1.194706678E0,1.364694983E-1
3.047943662E1,1.048420906E1,-1.134851575E0,2.489969730E-1
3.048147278E1,1.014662647E1,-9.935936928E-1,4.955997467E-1
3.048354289E1,9.967061996E0,-9.026140571E-1,6.464344859E-1
3.048557889E1,9.636661530E0,-7.182605267E-1,9.744400978E-1
3.048764889E1,9.373299599E0,-5.674257874E-1,1.259350061E0
3.048968485E1,9.296685219E0,-4.884171486E-1,1.364694953E0
3.049169170E1,9.246406555E0,-3.782838583E-1,1.493981838E0
3.049388416E1,9.220070839E0,-3.160346150E-1,1.546654344E0
3.049572047E1,9.253589630E0,-2.992752194E-1,1.539471745E0
3.049772124E1,9.334992409E0,-2.729389966E-1,1.505952835E0
3.049979108E1,9.363722801E0,-2.681505978E-1,1.470039845E0
3.050182735E1,9.373299599E0,-2.873041928E-1,1.462857246E0
3.050389697E1,9.370905876E0,-3.327940404E-1,1.436521053E0
3.050593305E1,9.394847870E0,-3.998316824E-1,1.374271750E0
3.050800328E1,9.421183586E0,-4.309563041E-1,1.350329757E0
3.051003958E1,9.485827446E0,-4.932055473E-1,1.288080573E0
3.051204616E1,9.557653427E0,-5.506663918E-1,1.187524080E0
3.051404916E1,9.591172218E0,-5.817909837E-1,1.142034173E0
3.051611901E1,9.641449928E0,-6.488286853E-1,1.091755986E0
3.051815555E1,9.677363396E0,-7.230489254E-1,1.077390790E0
3.052022520E1,9.706093788E0,-7.900865674E-1,1.067813993E0
3.052226101E1,9.722852707E0,-8.212111592E-1,1.060631394E0
3.052428708E1,9.751583099E0,-8.954314590E-1,1.019929886E0
3.052628797E1,9.856928825E0,-9.433154464E-1,1.055842996E0
3.052835801E1,9.962273598E0,-1.046266198E0,1.079784989E0
3.053039404E1,1.018972206E1,-1.173158884E0,1.110909581E0
3.053240166E1,1.039801788E1,-1.283292055E0,1.127668977E0
3.053440778E1,1.048420906E1,-1.333570361E0,1.118092179E0
3.053647770E1,1.066616821E1,-1.434126854E0,1.110909581E0
3.053851343E1,1.078587818E1,-1.532289028E0,1.120486379E0
3.054058362E1,1.080503273E1,-1.568202138E0,1.115697980E0
3.054261993E1,1.081221485E1,-1.596932530E0,1.091755986E0
3.054468982E1,1.075714779E1,-1.594538331E0,1.055842996E0
3.054672551E1,1.070447540E1,-1.584961534E0,1.039083481E0
3.054879547E1,1.058237171E1,-1.541865945E0,1.003170490E0
3.055083120E1,1.044111347E1,-1.486799240E0,9.888052940E-1
3.055283643E1,1.034055710E1,-1.443703651E0,9.911994934E-1
3.055496135E1,1.015380955E1,-1.352723956E0,9.911994934E-1
3.055686704E1,9.923966408E0,-1.237802267E0,9.816226959E-1
3.055886755E1,9.823410034E0,-1.182735682E0,1.000776291E0
3.056093743E1,9.665391922E0,-1.067813993E0,1.046266198E0
3.056297282E1,9.545681953E0,-9.504981041E-1,1.098938584E0
3.056504205E1,9.461885452E0,-8.786720037E-1,1.106121182E0
3.056707758E1,9.337387085E0,-7.374141216E-1,1.103726983E0
3.056914678E1,9.253589630E0,-6.177040339E-1,1.158793569E0
3.057118232E1,9.267954826E0,-4.908113480E-1,1.213860273E0
3.057318908E1,9.287108421E0,-4.333505034E-1,1.242590666E0
3.057531774E1,9.275136948E0,-3.495534360E-1,1.266532660E0
3.057722493E1,9.258378029E0,-3.064578176E-1,1.292868972E0
3.057922589E1,9.253589630E0,-2.298433632E-1,1.321599364E0
3.058129578E1,9.236829758E0,-1.819593310E-1,1.367089152E0
3.058333131E1,9.193734169E0,-1.412578970E-1,1.398213744E0
3.058540055E1,9.203310966E0,-1.149216816E-1,1.398213744E0
3.058743578E1,9.265560150E0,-1.101332754E-1,1.410184860E0
3.058950505E1,9.260771751E0,-1.244984865E-1,1.414973259E0
3.059153978E1,9.227252960E0,-1.125274822E-1,1.403002143E0
3.059354501E1,9.239224434E0,-1.125274822E-1,1.386242747E0
3.059554635E1,9.323021889E0,-1.628057212E-1,1.412579060E0
3.059761574E1,9.356540680E0,-1.819593310E-1,1.412579060E0
3.059965078E1,9.440337181E0,-2.106897533E-1,1.371877551E0
3.060172001E1,9.521739960E0,-2.298433632E-1,1.326387763E0
3.060375508E1,9.564835548E0,-2.418143749E-1,1.290474772E0
3.060582431E1,9.598354340E0,-2.466027737E-1,1.268926859E0
3.060785970E1,9.576807022E0,-2.513911724E-1,1.235408068E0
3.060992947E1,9.569623947E0,-2.442085743E-1,1.225831270E0
3.061196416E1,9.586383820E0,-2.513911724E-1,1.216254473E0
3.061397078E1,9.591172218E0,-2.657563984E-1,1.228225470E0
3.061597466E1,9.572018623E0,-2.657563984E-1,1.228225470E0
3.061804408E1,9.560047150E0,-2.633621991E-1,1.211466074E0
3.062007962E1,9.588777542E0,-2.585737705E-1,1.199495077E0
3.062214885E1,9.646238327E0,-2.561795712E-1,1.173158884E0
3.062418424E1,9.713275909E0,-2.849099934E-1,1.165976286E0
3.062625366E1,9.935936928E0,-3.591302633E-1,1.137245774E0
3.062828878E1,1.023281765E1,-4.788403511E-1,1.072602391E0
3.063035858E1,1.038604736E1,-5.123591423E-1,1.036689281E0
3.063239355E1,1.048899746E1,-5.506663918E-1,1.000776291E0
3.063439816E1,1.026873112E1,-5.051765442E-1,9.959878922E-1
3.063652208E1,1.010831928E1,-4.620809257E-1,1.012747288E0
3.063842820E1,9.777919769E0,-3.854664862E-1,1.053448796E0
3.064042858E1,9.643844604E0,-3.351882398E-1,1.055842996E0
3.064249851E1,9.667786598E0,-3.208230138E-1,1.048660398E0
3.064453374E1,9.785101891E0,-3.351882398E-1,1.031900883E0
3.064660328E1,9.945513725E0,-3.591302633E-1,1.029506683E0
3.064863835E1,1.001015759E1,-3.782838583E-1,1.031900883E0
3.065070808E1,1.007480049E1,-4.237737060E-1,1.055842996E0
3.065274355E1,1.004846478E1,-4.548983276E-1,1.098938584E0
3.065475005E1,1.002931118E1,-4.572925270E-1,1.106121182E0
3.065694039E1,1.000536919E1,-4.788403511E-1,1.125274777E0
3.065877662E1,1.007719517E1,-5.315127969E-1,1.067813993E0
3.066077666E1,1.009874249E1,-5.698199868E-1,1.036689281E0
3.066284608E1,1.015620327E1,-6.584054828E-1,9.433154464E-1
3.066488131E1,1.017535686E1,-7.062895298E-1,8.595184088E-1
3.066695089E1,1.018493366E1,-7.062895298E-1,8.283938169E-1
3.066898655E1,1.014183807E1,-7.206547260E-1,8.499416113E-1
3.067105601E1,1.006761837E1,-7.158663273E-1,9.050082564E-1
3.067309112E1,1.002212811E1,-6.991068721E-1,1.003170490E0
3.067509666E1,1.000058079E1,-6.607996821E-1,1.048660398E0
3.067709828E1,9.926360130E0,-6.057330370E-1,1.146822572E0
3.067916785E1,9.897629738E0,-5.530605912E-1,1.182735682E0
3.068120258E1,9.842563629E0,-5.386953950E-1,1.242590666E0
3.068327181E1,9.715670586E0,-5.027823448E-1,1.350329757E0
3.068530728E1,9.627084732E0,-4.477157295E-1,1.338358760E0
3.068737685E1,9.598354340E0,-4.189853072E-1,1.314416766E0
3.068941185E1,9.531316757E0,-4.070142806E-1,1.364694953E0
3.069148074E1,9.430760384E0,-3.878606856E-1,1.393425345E0
3.069351570E1,9.380482674E0,-3.711012602E-1,1.383848548E0
3.069552158E1,9.337387085E0,-3.423708379E-1,1.359906554E0
3.069752493E1,9.385271072E0,-3.351882398E-1,1.300051570E0
3.069959435E1,9.406818390E0,-3.375824392E-1,1.300051570E0
3.070162962E1,9.382876396E0,-3.591302633E-1,1.326387763E0
3.070369904E1,9.397241592E0,-3.782838583E-1,1.345541358E0
3.070573401E1,9.404424667E0,-3.758896589E-1,1.292868972E0
3.070780320E1,9.275136948E0,-3.495534360E-1,1.151610970E0
3.070983824E1,9.100360870E0,-3.088520169E-1,9.385270476E-1
3.071190762E1,8.920795441E0,-3.136404157E-1,7.015010715E-1
3.071394278E1,8.808267593E0,-3.687070608E-1,5.961562395E-1
3.071594858E1,8.614337921E0,-4.213795066E-1,4.453215301E-1
3.071807297E1,8.494627953E0,-4.596867263E-1,4.237737060E-1
3.071997912E1,8.530540466E0,-4.620809257E-1,4.788403511E-1
3.072197958E1,8.777143478E0,-4.381389022E-1,7.254431248E-1
3.072404904E1,9.299078941E0,-4.118026793E-1,1.019929886E0
3.072608404E1,9.588777542E0,-3.711012602E-1,1.185129881E0
3.072815362E1,1.001733971E1,-3.543418646E-1,1.577778935E0
3.073018908E1,1.033576870E1,-3.399766386E-1,1.764526606E0
3.073225893E1,1.042674828E1,-3.303998411E-1,1.810016513E0
3.073429524E1,1.054166985E1,-3.591302633E-1,1.874659896E0
3.073632174E1,1.057040024E1,-3.878606856E-1,1.810016513E0
3.073844943E1,1.056321812E1,-4.094084799E-1,1.764526606E0
3.074035524E1,1.049378586E1,-4.620809257E-1,1.692700624E0
3.074235562E1,1.038844109E1,-5.027823448E-1,1.604115129E0
3.074442539E1,1.034774017E1,-5.171475410E-1,1.539471745E0
3.074646128E1,1.027351952E1,-5.243301988E-1,1.448492050E0
3.074853054E1,1.018972206E1,-5.147533417E-1,1.379060149E0
3.075056605E1,1.012268448E1,-5.027823448E-1,1.381454349E0
3.075263643E1,1.003888798E1,-5.075707436E-1,1.422155857E0
3.075467201E1,1.000297451E1,-4.836287498E-1,1.522712231E0
3.075667758E1,9.979032516E0,-4.596867263E-1,1.556231141E0
3.075867935E1,9.933543205E0,-4.189853072E-1,1.589749932E0
3.076074881E1,9.861717224E0,-3.830722570E-1,1.608903527E0
3.076278443E1,9.830592155E0,-3.758896589E-1,1.608903527E0
3.076485397E1,9.753977776E0,-3.663128614E-1,1.623268723E0
3.076688939E1,9.708487511E0,-3.615244627E-1,1.663970232E0
3.076891524E1,9.749189377E0,-3.734954596E-1,1.642422318E0
3.077091608E1,9.761159897E0,-3.878606856E-1,1.563413739E0
3.077298681E1,9.753977776E0,-4.141969085E-1,1.484405041E0
3.077502208E1,9.770736694E0,-4.213795066E-1,1.362300754E0
3.077702908E1,9.744400978E0,-4.285621047E-1,1.314416766E0
3.077903485E1,9.725247383E0,-4.381389022E-1,1.204283476E0
3.078110435E1,9.730035782E0,-4.525041282E-1,1.170764685E0
3.078313978E1,9.725247383E0,-4.668693244E-1,1.177947283E0
3.078520928E1,9.715670586E0,-4.955997467E-1,1.235408068E0
3.078724497E1,9.684545517E0,-4.955997467E-1,1.331176162E0
3.078931485E1,9.665391922E0,-4.908113480E-1,1.369483352E0
3.079135001E1,9.646238327E0,-4.836287498E-1,1.417367458E0
3.079342020E1,9.643844604E0,-4.932055473E-1,1.419761658E0
3.079545585E1,9.631873131E0,-4.596867263E-1,1.426944256E0
3.079746139E1,9.615114212E0,-4.141969085E-1,1.431732655E0
3.079958601E1,9.610325813E0,-4.261679053E-1,1.388636947E0
3.080149301E1,9.593565941E0,-4.213795066E-1,1.376665950E0
3.080349389E1,9.560047150E0,-3.878606856E-1,1.369483352E0
3.080556370E1,9.526528358E0,-3.830722570E-1,1.395819545E0
3.080759974E1,9.509769440E0,-3.830722570E-1,1.426944256E0
3.080966993E1,9.500192642E0,-3.878606856E-1,1.484405041E0
3.081170558E1,9.411606789E0,-4.022258818E-1,1.613691926E0
3.081377520E1,9.301473618E0,-4.189853072E-1,1.716642618E0
3.081581085E1,9.306262016E0,-4.477157295E-1,1.790862918E0
3.081781824E1,9.471462250E0,-4.716577232E-1,1.750161409E0
3.082000762E1,9.564835548E0,-4.836287498E-1,1.711854219E0
3.082184354E1,9.572018623E0,-5.003881454E-1,1.721431017E0
3.082384381E1,9.540893555E0,-5.386953950E-1,1.807622313E0
3.082591351E1,9.524134636E0,-5.626373887E-1,1.872265697E0
3.082794935E1,9.512163162E0,-6.081272364E-1,1.951274395E0
3.083001916E1,9.512163162E0,-6.536170840E-1,1.987187386E0
3.083205508E1,9.509769440E0,-7.326257229E-1,2.025494576E0
3.083412516E1,9.514557838E0,-7.541735172E-1,2.037465572E0
3.083616101E1,9.540893555E0,-7.733271718E-1,2.044648170E0
3.083816689E1,9.562441826E0,-8.379706144E-1,2.056619167E0
3.084016908E1,9.567230225E0,-8.619126081E-1,2.070984364E0
3.084223820E1,9.516951561E0,-8.834604025E-1,2.118868589E0
3.084427297E1,9.516951561E0,-8.930372596E-1,2.221819162E0
3.084634224E1,9.543288231E0,-9.050082564E-1,2.264914751E0
3.084837678E1,9.555258751E0,-9.385270476E-1,2.281674147E0
3.085044593E1,9.533711433E0,-9.720458984E-1,2.286462545E0
3.085248058E1,9.550470352E0,-9.816226959E-1,2.276885748E0
3.085454954E1,9.603142738E0,-1.003170490E0,2.212242365E0
3.085658428E1,9.679757118E0,-1.015141487E0,2.109291792E0
3.085859062E1,9.708487511E0,-1.029506683E0,2.075772762E0
3.086059489E1,9.753977776E0,-1.034295082E0,2.023100376E0
3.086266408E1,9.787496567E0,-1.036689281E0,1.903390408E0
3.086469889E1,9.773131371E0,-1.043871999E0,1.843535304E0
3.086676812E1,9.785101891E0,-1.041477680E0,1.750161409E0
3.086880347E1,9.864110947E0,-1.007958889E0,1.692700624E0
3.087087339E1,9.952696800E0,-1.007958889E0,1.678335428E0
3.087290858E1,9.988609314E0,-1.015141487E0,1.685518026E0
3.087497789E1,1.001733971E1,-1.015141487E0,1.726219416E0
3.087701331E1,1.003409958E1,-1.017535686E0,1.798045516E0
3.087901993E1,1.003409958E1,-1.022324085E0,1.845929503E0
3.088114528E1,1.001733971E1,-1.031900883E0,1.908178806E0
3.088305158E1,1.001973438E1,-1.034295082E0,1.968033791E0
3.088505197E1,1.001733971E1,-1.029506683E0,2.001552582E0
3.088712135E1,1.001973438E1,-1.019929886E0,2.068590164E0
3.088915639E1,1.003170490E1,-1.019929886E0,2.126051188E0
3.089122566E1,1.003170490E1,-1.010353088E0,2.164358377E0
3.089326093E1,9.993397713E0,-9.720458984E-1,2.183511972E0
3.089532951E1,9.981427193E0,-9.552865028E-1,2.183511972E0
3.089736466E1,9.967061996E0,-9.409212470E-1,2.185906172E0
3.089937058E1,9.933543205E0,-8.810662031E-1,2.190694571E0
3.090149758E1,9.890447617E0,-8.164227605E-1,2.200271368E0
3.090340301E1,9.876082420E0,-7.852981687E-1,2.195482969E0
3.090540278E1,9.864110947E0,-7.541735172E-1,2.169146776E0
3.090747154E1,9.849745750E0,-7.350199223E-1,2.159569979E0
3.090950651E1,9.844957352E0,-7.254431248E-1,2.161964178E0
3.091157539E1,9.849745750E0,-7.158663273E-1,2.195482969E0
3.091361004E1,9.813833237E0,-6.823474765E-1,2.233790159E0
3.091567897E1,9.792284966E0,-6.655880809E-1,2.255337954E0
3.091771420E1,9.718064308E0,-6.320692301E-1,2.276885748E0
3.091971970E1,9.679757118E0,-5.817909837E-1,2.252943754E0
3.092172093E1,9.651026726E0,-5.554547906E-1,2.245761156E0
3.092379008E1,9.603142738E0,-5.363011956E-1,2.260126352E0
3.092582554E1,9.569623947E0,-4.955997467E-1,2.310404539E0
3.092789466E1,9.572018623E0,-4.860229492E-1,2.401384354E0
3.092992947E1,9.576807022E0,-4.740519226E-1,2.470816135E0
3.093199893E1,9.552865028E0,-4.932055473E-1,2.571372509E0
3.093403397E1,9.540893555E0,-5.195417404E-1,2.638410330E0
3.093610316E1,9.531316757E0,-5.171475410E-1,2.664746523E0
3.093813808E1,9.516951561E0,-5.386953950E-1,2.710236311E0
3.094014489E1,9.476250648E0,-5.674257874E-1,2.755726099E0
3.094214951E1,9.459490776E0,-5.865794420E-1,2.782062292E0
3.094421793E1,9.346963882E0,-6.200982332E-1,2.858676910E0
3.094625301E1,9.229647636E0,-6.512228847E-1,2.906560898E0
3.094832281E1,9.277531624E0,-6.512228847E-1,2.889801502E0
3.095035878E1,9.435548782E0,-6.751648784E-1,2.834734917E0
3.095242850E1,9.509769440E0,-6.775590777E-1,2.801215887E0
3.095446358E1,9.512163162E0,-7.062895298E-1,2.798821688E0
3.095653343E1,9.457097054E0,-7.685387731E-1,2.791639090E0
3.095856862E1,9.483432770E0,-7.924807668E-1,2.738966703E0
3.096057504E1,9.545681953E0,-8.068459630E-1,2.717418909E0
3.096269993E1,9.672574997E0,-8.164227605E-1,2.659958124E0
3.096460604E1,9.708487511E0,-8.116343617E-1,2.650381327E0
3.096660643E1,9.696516991E0,-8.140285611E-1,2.650381327E0
3.096867581E1,9.627084732E0,-8.164227605E-1,2.659958124E0
3.097071120E1,9.514557838E0,-8.164227605E-1,2.676717520E0
3.097278062E1,9.399636269E0,-8.044517636E-1,2.686294317E0
3.097481604E1,9.363722801E0,-7.517793179E-1,2.686294317E0
3.097688608E1,9.361329079E0,-7.086837292E-1,2.686294317E0
3.097892239E1,9.361329079E0,-6.727706790E-1,2.703053713E0
3.098092916E1,9.366117477E0,-6.607996821E-1,2.729389906E0
3.098312047E1,9.385271072E0,-6.751648784E-1,2.779668093E0
3.098495724E1,9.375694275E0,-6.943184733E-1,2.841917515E0
3.098695777E1,9.368511200E0,-7.110779285E-1,2.880224705E0
3.098902781E1,9.356540680E0,-7.182605267E-1,2.911349297E0
3.099106331E1,9.320627213E0,-7.565677166E-1,2.904166698E0
3.099313308E1,9.277531624E0,-7.685387731E-1,2.904166698E0
3.099516839E1,9.198522568E0,-7.709329724E-1,3.004723072E0
3.099723820E1,9.131484985E0,-7.948749661E-1,3.098097086E0
3.099927354E1,9.095572472E0,-8.092401624E-1,3.131615877E0
3.100127943E1,8.999804497E0,-8.068459630E-1,3.224989653E0
3.100328624E1,8.944737434E0,-7.757213712E-1,3.299209833E0
3.100535508E1,8.923190117E0,-7.733271718E-1,3.327940464E0
3.100739039E1,8.880094528E0,-7.541735172E-1,3.380612850E0
3.100946012E1,8.844181061E0,-7.278373241E-1,3.450044632E0
3.101149558E1,8.822632790E0,-7.110779285E-1,3.452438831E0
3.101352062E1,8.817844391E0,-6.895300746E-1,3.426102638E0
3.101552147E1,8.803479195E0,-6.631938815E-1,3.406949043E0
3.101759050E1,8.803479195E0,-6.536170840E-1,3.421314240E0
3.101962562E1,8.827422142E0,-6.320692301E-1,3.464409828E0
3.102163174E1,8.853757858E0,-6.224924326E-1,3.462015629E0
3.102363197E1,8.877699852E0,-6.272808313E-1,3.459621429E0
3.102570127E1,8.904036522E0,-6.081272364E-1,3.466804028E0
3.102773616E1,8.925583839E0,-6.248866320E-1,3.454833031E0
3.102980516E1,8.925583839E0,-6.129156351E-1,3.469198227E0
3.103184016E1,8.920795441E0,-5.913678408E-1,3.483563423E0
3.103390954E1,8.944737434E0,-5.650315881E-1,3.533841610E0
3.103594485E1,8.980650902E0,-5.650315881E-1,3.560178041E0
3.103801462E1,9.002198219E0,-5.698199868E-1,3.579331636E0
3.104004958E1,9.064447403E0,-5.889736414E-1,3.593696833E0
3.104205570E1,9.102754593E0,-6.081272364E-1,3.588908434E0
3.104418074E1,9.107542992E0,-6.081272364E-1,3.579331636E0
3.104608677E1,9.141061783E0,-6.200982332E-1,3.557783842E0
3.104808708E1,9.160215378E0,-6.200982332E-1,3.512293816E0
3.105015639E1,9.165003777E0,-6.177040339E-1,3.505111217E0
3.105219166E1,9.162610054E0,-6.129156351E-1,3.493140221E0
3.105426124E1,9.162610054E0,-6.224924326E-1,3.490746021E0
3.105629689E1,9.169792175E0,-6.248866320E-1,3.476380825E0
3.105836708E1,9.176975250E0,-6.248866320E-1,3.509899616E0
3.106040304E1,9.179368973E0,-6.631938815E-1,3.533841610E0
3.106241027E1,9.174580574E0,-6.799532771E-1,3.536235809E0
3.106453670E1,9.141061783E0,-6.967126727E-1,3.576937437E0
3.106644297E1,9.119514465E0,-7.086837292E-1,3.600879431E0
3.106844370E1,9.114726067E0,-7.302315235E-1,3.612850428E0
3.107051327E1,9.117119789E0,-7.565677166E-1,3.634398222E0
3.107254897E1,9.090784073E0,-7.541735172E-1,3.691859007E0
3.107461831E1,9.090784073E0,-7.541735172E-1,3.732560396E0
3.107665358E1,9.095572472E0,-7.565677166E-1,3.813963413E0
3.107872304E1,9.109937668E0,-7.948749661E-1,3.857059002E0
3.108075831E1,9.112331390E0,-8.164227605E-1,3.895366192E0
3.108276370E1,9.107542992E0,-8.595184088E-1,3.904942989E0
3.108476504E1,9.117119789E0,-8.810662031E-1,3.912125587E0
3.108683354E1,9.093177795E0,-8.714894056E-1,3.924096584E0
3.108886789E1,9.081207275E0,-8.714894056E-1,3.921702385E0
3.109093743E1,9.052476883E0,-8.571242094E-1,3.904942989E0
3.109297174E1,9.124302864E0,-8.690952063E-1,3.914519787E0
3.109504135E1,9.162610054E0,-8.954314590E-1,3.902548790E0
3.109707612E1,9.179368973E0,-9.050082564E-1,3.861847401E0
3.109914516E1,9.186552048E0,-9.361328483E-1,3.828328609E0
3.110118031E1,9.205705643E0,-9.600749016E-1,3.799597979E0
3.110318704E1,9.224859238E0,-9.911994934E-1,3.737348795E0
3.110519000E1,9.224859238E0,-1.024718285E0,3.665522814E0
3.110725927E1,9.224859238E0,-1.046266198E0,3.634398222E0
3.110929458E1,9.229647636E0,-1.091755986E0,3.586514235E0
3.111136385E1,9.244012833E0,-1.113303781E0,3.545812607E0
3.111339877E1,9.244012833E0,-1.108515382E0,3.529053211E0
3.111546916E1,9.222464561E0,-1.103726983E0,3.531447411E0
3.111750451E1,9.210494041E0,-1.103726983E0,3.536235809E0
3.111957466E1,9.186552048E0,-1.094150186E0,3.562572241E0
3.112161024E1,9.167398453E0,-1.058237195E0,3.584120035E0
3.112361658E1,9.145850182E0,-1.051054597E0,3.627215624E0
3.112574197E1,9.121908188E0,-1.022324085E0,3.632004023E0
3.112764800E1,9.117119789E0,-1.010353088E0,3.627215624E0
3.112964881E1,9.102754593E0,-1.017535686E0,3.639186621E0
3.113171851E1,9.088389397E0,-1.022324085E0,3.639186621E0
3.113375416E1,9.069235802E0,-1.012747288E0,3.639186621E0
3.113582385E1,9.038111687E0,-9.959878922E-1,3.646369219E0
3.113785970E1,8.997409821E0,-9.840168953E-1,3.641580820E0
3.113992954E1,8.975862503E0,-9.816226959E-1,3.634398222E0
3.114196543E1,8.961497307E0,-9.935936928E-1,3.655946016E0
3.114397227E1,8.956708908E0,-1.010353088E0,3.689464808E0
3.114616174E1,8.942343712E0,-1.007958889E0,3.711012602E0
3.114799816E1,8.870517731E0,-1.027112484E0,3.782838583E0
3.114999885E1,8.724471092E0,-1.067813993E0,3.876212597E0
3.115206889E1,8.741230011E0,-1.074996591E0,3.890577793E0
3.115410485E1,8.985439301E0,-1.074996591E0,3.828328609E0
3.115617489E1,9.337387085E0,-1.024718285E0,3.742137194E0
3.115821035E1,9.464279175E0,-9.983820915E-1,3.737348795E0
3.116028020E1,9.574412346E0,-9.888052940E-1,3.790021181E0
3.116231577E1,9.524134636E0,-9.935936928E-1,3.861847401E0
3.116432262E1,9.464279175E0,-9.983820915E-1,3.885789394E0
3.116632489E1,9.325415611E0,-1.003170490E0,3.919308186E0
3.116839439E1,9.172186852E0,-9.911994934E-1,3.921702385E0
3.117042985E1,9.105149269E0,-9.888052940E-1,3.921702385E0
3.117249970E1,9.045293808E0,-1.000776291E0,3.914519787E0
3.117453474E1,9.071630478E0,-1.015141487E0,3.897760391E0
3.117660404E1,9.133879662E0,-1.029506683E0,3.890577793E0
3.117863935E1,9.162610054E0,-1.031900883E0,3.885789394E0
3.118070877E1,9.217676163E0,-1.043871999E0,3.881000996E0
3.118274431E1,9.236829758E0,-1.055842996E0,3.900154591E0
3.118475189E1,9.236829758E0,-1.053448796E0,3.907337189E0
3.118675627E1,9.234436035E0,-1.058237195E0,3.900154591E0
3.118882616E1,9.208099365E0,-1.070208192E0,3.914519787E0
3.119086193E1,9.191340446E0,-1.074996591E0,3.931279182E0
3.119293193E1,9.150638580E0,-1.067813993E0,3.971980572E0
3.119496758E1,9.071630478E0,-1.067813993E0,4.007893562E0
3.119703731E1,9.047688484E0,-1.072602391E0,4.031835556E0
3.119907281E1,8.997409821E0,-1.065419793E0,4.034229755E0
3.120114247E1,8.918401718E0,-1.067813993E0,4.074931145E0
3.120317770E1,8.856152534E0,-1.065419793E0,4.106055737E0
3.120518350E1,8.851364136E0,-1.067813993E0,4.094084740E0
3.120730885E1,9.038111687E0,-1.065419793E0,3.945644379E0
3.120921481E1,9.121908188E0,-1.055842996E0,3.883395195E0
3.121121497E1,9.186552048E0,-1.065419793E0,3.842693806E0
3.121328370E1,9.174580574E0,-1.058237195E0,3.873818398E0
3.121531947E1,9.145850182E0,-1.060631394E0,3.902548790E0
3.121738850E1,9.042900085E0,-1.067813993E0,3.921702385E0
3.121942366E1,8.983044624E0,-1.072602391E0,3.943250179E0
3.122149270E1,8.911218643E0,-1.058237195E0,3.938461781E0
3.122352727E1,8.880094528E0,-1.055842996E0,3.924096584E0
3.122553400E1,8.860940933E0,-1.077390790E0,3.890577793E0
3.122766012E1,8.870517731E0,-1.098938584E0,3.866635799E0
3.122956577E1,8.880094528E0,-1.089361787E0,3.859453201E0
3.123156585E1,8.906430244E0,-1.091755986E0,3.842693806E0
3.123363493E1,8.923190117E0,-1.103726983E0,3.828328609E0
3.123566974E1,8.927978516E0,-1.132457376E0,3.828328609E0
3.123773877E1,8.935160637E0,-1.132457376E0,3.837905407E0
3.123977412E1,8.939949036E0,-1.146822572E0,3.842693806E0
3.124184350E1,8.932766914E0,-1.149216771E0,3.852270603E0
3.124387889E1,8.927978516E0,-1.139639974E0,3.854664803E0
3.124588508E1,8.901641846E0,-1.118092179E0,3.876212597E0
3.124788689E1,8.901641846E0,-1.106121182E0,3.876212597E0
3.124995604E1,8.896853447E0,-1.079784989E0,3.873818398E0
3.125199150E1,8.899248123E0,-1.070208192E0,3.878606796E0
3.125406085E1,8.906430244E0,-1.053448796E0,3.895366192E0
3.125609616E1,8.889671326E0,-1.036689281E0,3.933673382E0
3.125812150E1,8.904036522E0,-1.010353088E0,3.950432777E0
3.126012224E1,8.918401718E0,-9.983820915E-1,3.960009575E0
3.126219177E1,8.949525833E0,-1.024718285E0,3.969586372E0
3.126422708E1,8.975862503E0,-9.983820915E-1,3.983951569E0
3.126623374E1,8.983044624E0,-9.935936928E-1,3.988739967E0
3.126824004E1,9.011775017E0,-1.007958889E0,3.988739967E0
3.127030916E1,9.002198219E0,-1.022324085E0,3.986345768E0
3.127234412E1,9.002198219E0,-1.031900883E0,3.967192173E0
3.127441350E1,9.016563416E0,-1.046266198E0,3.914519787E0
3.127644881E1,9.006986618E0,-1.055842996E0,3.883395195E0
3.127851820E1,8.923190117E0,-1.053448796E0,3.857059002E0
3.128055312E1,8.796297073E0,-1.041477680E0,3.916913986E0
3.128262239E1,8.556877136E0,-1.031900883E0,4.074931145E0
3.128465727E1,8.753201485E0,-1.063025594E0,3.976768970E0
3.128666389E1,8.825027466E0,-1.070208192E0,3.931279182E0
3.128878824E1,9.018958092E0,-1.029506683E0,3.785232782E0
3.129069481E1,9.236829758E0,-9.672574997E-1,3.689464808E0
3.129269516E1,9.325415611E0,-9.361328483E-1,3.696647406E0
3.129476458E1,9.418789864E0,-8.978256583E-1,3.797203779E0
3.129679970E1,9.375694275E0,-8.858546019E-1,3.878606796E0
3.129886912E1,9.327810287E0,-8.762778044E-1,3.895366192E0
3.130090427E1,9.203310966E0,-8.403648138E-1,3.909731388E0
3.130297377E1,9.071630478E0,-8.116343617E-1,3.907337189E0
3.130500874E1,9.009381294E0,-7.972691655E-1,3.909731388E0
3.130701608E1,8.925583839E0,-7.733271718E-1,3.895366192E0
3.130920570E1,8.899248123E0,-7.565677166E-1,3.876212597E0
3.131104112E1,8.901641846E0,-7.661445141E-1,3.857059002E0
3.131304127E1,8.889671326E0,-7.709329724E-1,3.830722809E0
3.131511054E1,8.877699852E0,-7.685387731E-1,3.823540211E0
3.131714554E1,8.884882927E0,-7.613561153E-1,3.821146011E0
3.131921485E1,8.868123055E0,-7.565677166E-1,3.813963413E0
3.132125027E1,8.892065048E0,-7.685387731E-1,3.813963413E0
3.132331935E1,8.911218643E0,-7.613561153E-1,3.828328609E0
3.132535446E1,8.925583839E0,-7.661445141E-1,3.849876404E0
3.132736070E1,8.913613319E0,-7.517793179E-1,3.876212597E0
3.132936174E1,8.911218643E0,-7.565677166E-1,3.902548790E0
3.133143093E1,8.908824921E0,-7.589619160E-1,3.948038578E0
3.133346600E1,8.908824921E0,-7.517793179E-1,3.993528366E0
3.133553493E1,8.906430244E0,-7.469909191E-1,4.010287762E0
3.133757024E1,8.889671326E0,-7.350199223E-1,4.034229755E0
3.133963916E1,8.856152534E0,-7.469909191E-1,4.053383350E0
3.134167389E1,8.832210541E0,-7.422025204E-1,4.091690540E0
3.134374258E1,8.825027466E0,-7.398083210E-1,4.091690540E0
3.134577731E1,8.801085472E0,-7.326257229E-1,4.086902142E0
3.134778500E1,8.774748802E0,-7.326257229E-1,4.096478939E0
3.134978839E1,8.765172005E0,-7.350199223E-1,4.098873138E0
3.135185712E1,8.746018410E0,-7.589619160E-1,4.118026733E0
3.135389216E1,8.736441612E0,-7.685387731E-1,4.129997730E0
3.135596116E1,8.736441612E0,-7.829039693E-1,4.139574528E0
3.135799566E1,8.722076416E0,-7.924807668E-1,4.180276394E0
3.136006435E1,8.348581314E0,-7.326257229E-1,4.292803764E0
3.136209924E1,8.238448143E0,-7.398083210E-1,4.374206543E0
3.136416812E1,8.504204750E0,-8.427590132E-1,4.338293552E0
3.136620254E1,8.911218643E0,-9.864110947E-1,4.256890774E0
3.136820758E1,9.023746490E0,-1.029506683E0,4.228160381E0
3.137033147E1,9.121908188E0,-1.000776291E0,4.132391930E0
3.137223712E1,9.167398453E0,-9.648633003E-1,4.072536945E0
3.137423724E1,9.165003777E0,-9.624691010E-1,4.072536945E0
3.137630616E1,9.136273384E0,-9.600749016E-1,4.084507942E0
3.137834124E1,9.085995674E0,-9.744400978E-1,4.082113743E0
3.138041039E1,9.050082207E0,-9.744400978E-1,4.067748547E0
3.138244527E1,8.975862503E0,-9.840168953E-1,4.043806553E0
3.138451458E1,8.937555313E0,-9.888052940E-1,4.005499363E0
3.138655000E1,8.942343712E0,-1.007958889E0,3.983951569E0
3.138855670E1,8.927978516E0,-1.015141487E0,3.979163170E0
3.139068339E1,8.918401718E0,-1.007958889E0,3.998316765E0
3.139258877E1,8.923190117E0,-1.017535686E0,4.041412354E0
3.139458908E1,8.927978516E0,-1.000776291E0,4.058171749E0
3.139665846E1,8.939949036E0,-9.911994934E-1,4.094084740E0
3.139869354E1,8.935160637E0,-9.696516991E-1,4.101267338E0
3.140076297E1,8.911218643E0,-9.648633003E-1,4.101267338E0
3.140279796E1,8.877699852E0,-9.361328483E-1,4.082113743E0
3.140486747E1,8.841787338E0,-9.002198577E-1,4.070142746E0
3.140690300E1,8.829815865E0,-8.954314590E-1,4.050989151E0
3.140890870E1,8.805873871E0,-9.050082564E-1,4.027047157E0
3.141091020E1,8.796297073E0,-9.145850539E-1,4.024652958E0
3.141297989E1,8.815450668E0,-9.217676520E-1,4.029441357E0
3.141501523E1,8.844181061E0,-9.169792533E-1,4.074931145E0
3.141708485E1,8.844181061E0,-9.313444495E-1,4.129997730E0
3.141912016E1,8.836998940E0,-9.361328483E-1,4.161122322E0
3.142118981E1,8.808267593E0,-9.385270476E-1,4.218583584E0
3.142322531E1,8.808267593E0,-9.337386489E-1,4.249708176E0
3.142529450E1,8.784325600E0,-9.313444495E-1,4.264073372E0
3.142733012E1,8.719682693E0,-9.217676520E-1,4.299986362E0
3.142933716E1,8.650250435E0,-9.050082564E-1,4.333505154E0
3.143134043E1,8.616731644E0,-9.050082564E-1,4.345476151E0
3.143340954E1,8.585607529E0,-9.050082564E-1,4.347870350E0
3.143544520E1,8.578424454E0,-9.097966552E-1,4.367023945E0
3.143751504E1,8.597578049E0,-8.978256583E-1,4.414907932E0
3.143955043E1,8.614337921E0,-8.978256583E-1,4.431667328E0
3.144162000E1,8.638279915E0,-8.714894056E-1,4.448426723E0
3.144365520E1,8.659827232E0,-8.667010069E-1,4.434061527E0
3.144572477E1,8.662221909E0,-8.643068075E-1,4.424484730E0
3.144775993E1,8.664615631E0,-8.714894056E-1,4.376600742E0
3.144976573E1,8.667010307E0,-8.762778044E-1,4.335899353E0
3.145189000E1,8.671798706E0,-8.930372596E-1,4.307168961E0
3.145379547E1,8.659827232E0,-9.026140571E-1,4.276044369E0
3.145579581E1,8.676587105E0,-9.241618514E-1,4.256890774E0
3.145786535E1,8.714894295E0,-9.289502501E-1,4.244919777E0
3.145990077E1,8.803479195E0,-9.074024558E-1,4.204218388E0
3.146197027E1,8.813055992E0,-8.068459630E-1,4.101267338E0
3.146400554E1,8.904036522E0,-7.589619160E-1,4.041412354E0
3.146607500E1,9.251194954E0,-8.978256583E-1,4.137180328E0
3.146811070E1,9.081207275E0,-1.146822572E0,4.343081951E0
3.147011689E1,8.822632790E0,-1.228225470E0,4.378994942E0
3.147230570E1,8.446743965E0,-1.259350061E0,4.278438568E0
3.147414223E1,8.403648376E0,-1.233013868E0,4.161122322E0
3.147614227E1,8.489839554E0,-1.204283476E0,4.106055737E0
3.147821193E1,8.801085472E0,-1.182735682E0,4.072536945E0
3.148024743E1,9.085995674E0,-1.170764685E0,4.082113743E0
3.148231766E1,9.200917244E0,-1.173158884E0,4.096478939E0
3.148435270E1,9.351752281E0,-1.168370485E0,4.122815132E0
3.148642270E1,9.356540680E0,-1.149216771E0,4.127603531E0
3.148845823E1,9.330204010E0,-1.122880578E0,4.139574528E0
3.149046412E1,9.339780807E0,-1.103726983E0,4.146757126E0
3.149246554E1,9.390059471E0,-1.154005170E0,4.185064793E0
3.149453512E1,9.205705643E0,-1.249773264E0,4.209006786E0
3.149657062E1,9.095572472E0,-1.283292055E0,4.180276394E0
3.149864066E1,8.954314232E0,-1.333570361E0,4.077325344E0
3.150067600E1,8.954314232E0,-1.352723956E0,3.964797974E0
3.150270189E1,9.006986618E0,-1.350329757E0,3.919308186E0
3.150470227E1,9.141061783E0,-1.333570361E0,3.873818398E0
3.150677189E1,9.236829758E0,-1.288080573E0,3.873818398E0
3.150880696E1,9.270348549E0,-1.256955862E0,3.881000996E0
3.151081427E1,9.318233490E0,-1.194706678E0,3.921702385E0
3.151281977E1,9.311050415E0,-1.149216771E0,3.986345768E0
3.151488912E1,9.289502144E0,-1.125274777E0,4.019864559E0
3.151692496E1,9.239224434E0,-1.086967587E0,4.086902142E0
3.151899527E1,9.212887764E0,-1.077390790E0,4.144362926E0
3.152103047E1,9.191340446E0,-1.070208192E0,4.161122322E0
3.152310096E1,9.155426979E0,-1.065419793E0,4.170699596E0
3.152513654E1,9.107542992E0,-1.029506683E0,4.153939724E0
3.152720604E1,9.076418877E0,-1.017535686E0,4.151545525E0
3.152924162E1,9.028534889E0,-9.840168953E-1,4.156333923E0
3.153124785E1,8.990227699E0,-9.624691010E-1,4.158728123E0
3.153337293E1,8.932766914E0,-8.978256583E-1,4.161122322E0
3.153527889E1,8.906430244E0,-8.738836050E-1,4.163516521E0
3.153727920E1,8.872911453E0,-8.451532125E-1,4.163516521E0
3.153934946E1,8.868123055E0,-8.331822157E-1,4.163516521E0
3.154138489E1,8.841787338E0,-8.044517636E-1,4.161122322E0
3.154345420E1,8.856152534E0,-8.020575643E-1,4.168305397E0
3.154548958E1,8.865729332E0,-8.116343617E-1,4.173093796E0
3.154755893E1,8.863334656E0,-8.212111592E-1,4.170699596E0
3.154959404E1,8.844181061E0,-8.236053586E-1,4.177882195E0
3.155160085E1,8.853757858E0,-8.451532125E-1,4.175487995E0
3.155372823E1,8.848969460E0,-8.523358107E-1,4.165910721E0
3.155563477E1,8.858546257E0,-8.523358107E-1,4.151545525E0
3.155763489E1,8.868123055E0,-8.619126081E-1,4.127603531E0
3.155970481E1,8.851364136E0,-8.738836050E-1,4.106055737E0
3.156174058E1,8.832210541E0,-8.930372596E-1,4.096478939E0
3.156381035E1,8.832210541E0,-9.050082564E-1,4.082113743E0
3.156584596E1,8.839392662E0,-9.002198577E-1,4.060565948E0
3.156791535E1,8.856152534E0,-9.121908545E-1,4.012681961E0
3.156995089E1,8.904036522E0,-9.265560508E-1,3.974374771E0
3.157195716E1,8.923190117E0,-9.361328483E-1,3.950432777E0
3.157395866E1,8.951920509E0,-9.720458984E-1,3.909731388E0
3.157602812E1,8.966285706E0,-1.000776291E0,3.897760391E0
3.157806358E1,8.973467827E0,-1.027112484E0,3.900154591E0
3.158013296E1,8.990227699E0,-1.077390790E0,3.881000996E0
3.158216785E1,9.004592896E0,-1.106121182E0,3.895366192E0
3.158423689E1,9.002198219E0,-1.115697980E0,3.900154591E0
3.158627185E1,8.992621422E0,-1.134851575E0,3.902548790E0
3.158834062E1,8.985439301E0,-1.156399369E0,3.926490784E0
3.159037596E1,9.011775017E0,-1.161187768E0,3.955221176E0
3.159238370E1,9.016563416E0,-1.168370485E0,3.962403774E0
3.159438723E1,9.040505409E0,-1.194706678E0,3.967192173E0
3.159645666E1,9.066842079E0,-1.182735682E0,3.976768970E0
3.159849158E1,9.076418877E0,-1.189918280E0,3.979163170E0
3.160056058E1,9.102754593E0,-1.182735682E0,3.998316765E0
3.160259581E1,9.119514465E0,-1.192312479E0,4.022258759E0
3.160466473E1,9.138668060E0,-1.194706678E0,4.029441357E0
3.160669935E1,9.157821655E0,-1.216254473E0,4.039018154E0
3.160876850E1,9.148244858E0,-1.228225470E0,4.043806553E0
3.161080296E1,9.145850182E0,-1.221042871E0,4.041412354E0
3.161280831E1,9.136273384E0,-1.211466074E0,4.062960148E0
3.161493200E1,9.126696587E0,-1.211466074E0,4.072536945E0
3.161683716E1,9.124302864E0,-1.211466074E0,4.070142746E0
3.161883696E1,9.093177795E0,-1.197100878E0,4.079719543E0
3.162090527E1,9.085995674E0,-1.194706678E0,4.110844135E0
3.162293977E1,9.088389397E0,-1.192312479E0,4.113238335E0
3.162500793E1,9.078812599E0,-1.197100878E0,4.134786129E0
3.162704254E1,9.069235802E0,-1.197100878E0,4.125209332E0
3.162911216E1,9.059659004E0,-1.194706678E0,4.118026733E0
3.163114727E1,9.033323288E0,-1.165976286E0,4.082113743E0
3.163315308E1,9.014169693E0,-1.161187768E0,4.031835556E0
3.163534258E1,9.002198219E0,-1.139639974E0,3.995922565E0
3.163717885E1,9.004592896E0,-1.134851575E0,3.981557369E0
3.163917904E1,9.033323288E0,-1.142034173E0,3.948038578E0
3.164124900E1,9.040505409E0,-1.142034173E0,3.931279182E0
3.164328470E1,9.006986618E0,-1.137245774E0,3.845088005E0
3.164535385E1,8.973467827E0,-1.115697980E0,3.766079187E0
3.164738908E1,8.951920509E0,-1.106121182E0,3.675099611E0
3.164945800E1,8.927978516E0,-1.055842996E0,3.641580820E0
3.165149316E1,8.889671326E0,-1.051054597E0,3.586514235E0
3.165349931E1,8.896853447E0,-1.039083481E0,3.555389643E0
3.165550046E1,8.906430244E0,-1.031900883E0,3.560178041E0
3.165757016E1,8.935160637E0,-1.031900883E0,3.600879431E0
3.165960546E1,8.968679428E0,-1.079784989E0,3.634398222E0
3.166167485E1,8.980650902E0,-1.101332784E0,3.643975019E0
3.166370989E1,9.026140213E0,-1.122880578E0,3.665522814E0
3.166577896E1,9.014169693E0,-1.130063176E0,3.648763418E0
3.166781389E1,8.999804497E0,-1.139639974E0,3.627215624E0
3.166988362E1,8.963891029E0,-1.127668977E0,3.579331636E0
3.167191912E1,8.939949036E0,-1.132457376E0,3.524264812E0
3.167392562E1,8.942343712E0,-1.125274777E0,3.495534420E0
3.167593043E1,8.918401718E0,-1.094150186E0,3.488351822E0
3.167800008E1,8.937555313E0,-1.115697980E0,3.548206806E0
3.168003546E1,8.959102631E0,-1.130063176E0,3.593696833E0
3.168210543E1,8.987833023E0,-1.139639974E0,3.665522814E0
3.168414085E1,8.983044624E0,-1.144428372E0,3.725377798E0
3.168621120E1,8.966285706E0,-1.130063176E0,3.773261786E0
3.168824704E1,8.973467827E0,-1.094150186E0,3.790021181E0
3.169031677E1,8.968679428E0,-1.091755986E0,3.840299606E0
3.169235246E1,8.949525833E0,-1.089361787E0,3.909731388E0
3.169435696E1,8.951920509E0,-1.084573388E0,3.931279182E0
3.169648173E1,8.968679428E0,-1.103726983E0,3.960009575E0
3.169838866E1,8.966285706E0,-1.101332784E0,3.967192173E0
3.170038916E1,8.963891029E0,-1.101332784E0,3.964797974E0
3.170245885E1,8.901641846E0,-1.110909581E0,3.931279182E0
3.170449416E1,8.858546257E0,-1.122880578E0,3.869029999E0
3.170656350E1,8.848969460E0,-1.113303781E0,3.845088005E0
3.170859846E1,8.829815865E0,-1.101332784E0,3.825934410E0
3.171066804E1,8.851364136E0,-1.108515382E0,3.847482204E0
3.171270327E1,8.872911453E0,-1.132457376E0,3.847482204E0
3.171471062E1,8.927978516E0,-1.163581967E0,3.861847401E0
3.171683720E1,8.997409821E0,-1.194706678E0,3.897760391E0
3.171874370E1,9.052476883E0,-1.218648672E0,3.916913986E0
3.172074420E1,9.109937668E0,-1.280897856E0,3.945644379E0
3.172281416E1,9.143456459E0,-1.309628367E0,3.945644379E0
3.172485000E1,9.143456459E0,-1.345541358E0,3.936067581E0
3.172691973E1,9.155426979E0,-1.381454349E0,3.924096584E0
3.172895481E1,9.165003777E0,-1.379060149E0,3.919308186E0
3.173102473E1,9.157821655E0,-1.371877551E0,3.912125587E0
3.173306027E1,9.162610054E0,-1.355118155E0,3.873818398E0
3.173506631E1,9.136273384E0,-1.338358760E0,3.864241600E0
3.173706785E1,9.129091263E0,-1.331176162E0,3.857059002E0
3.173913746E1,9.157821655E0,-1.290474772E0,3.818751812E0
3.174117308E1,9.186552048E0,-1.256955862E0,3.785232782E0
3.174324312E1,9.186552048E0,-1.242590666E0,3.770867586E0
3.174527854E1,9.186552048E0,-1.197100878E0,3.763684988E0
3.174730423E1,9.155426979E0,-1.177947283E0,3.720589399E0
3.174930543E1,9.143456459E0,-1.180341482E0,3.689464808E0
3.175137492E1,9.136273384E0,-1.175553083E0,3.703830004E0
3.175341035E1,9.124302864E0,-1.187524080E0,3.734954596E0
3.175541735E1,9.133879662E0,-1.206677675E0,3.746925592E0
3.175742343E1,9.148244858E0,-1.211466074E0,3.770867586E0
3.175949293E1,9.200917244E0,-1.249773264E0,3.900154591E0
3.176152839E1,9.301473618E0,-1.254561663E0,4.517858505E0
3.176359831E1,9.157821655E0,-1.175553083E0,4.687847137E0
3.176563396E1,9.428366661E0,-1.256955862E0,4.067748547E0
3.176770377E1,9.399636269E0,-1.343147159E0,3.143586874E0
3.176973946E1,9.279925346E0,-1.335964561E0,2.885013103E0
3.177180896E1,9.126696587E0,-1.386242747E0,2.461239338E0
3.177384412E1,8.930372238E0,-1.398213744E0,2.616862535E0
3.177584973E1,8.851364136E0,-1.383848548E0,2.882618904E0
3.177797431E1,8.750806808E0,-1.331176162E0,3.442862034E0
3.177988070E1,8.860940933E0,-1.359906554E0,3.435679436E0
3.178188050E1,8.932766914E0,-1.383848548E0,3.519476414E0
3.178395000E1,8.987833023E0,-1.326387763E0,3.845088005E0
3.178598512E1,9.078812599E0,-1.273715258E0,4.012681961E0
3.178805481E1,9.107542992E0,-1.242590666E0,4.010287762E0
3.179009062E1,9.121908188E0,-1.187524080E0,3.859453201E0
3.179216035E1,9.097966194E0,-1.163581967E0,3.691859007E0
3.179419550E1,9.038111687E0,-1.161187768E0,3.572149038E0
3.179620212E1,9.011775017E0,-1.158793569E0,3.521870613E0
3.179839300E1,8.983044624E0,-1.149216771E0,3.473986626E0
3.180022939E1,8.978256226E0,-1.144428372E0,3.483563423E0
3.180222973E1,8.983044624E0,-1.134851575E0,3.519476414E0
3.180429939E1,8.985439301E0,-1.125274777E0,3.591302633E0
3.180633489E1,9.023746490E0,-1.130063176E0,3.677493811E0
3.180840400E1,9.040505409E0,-1.142034173E0,3.706224203E0
3.181043912E1,9.078812599E0,-1.139639974E0,3.770867586E0
3.181250846E1,9.093177795E0,-1.134851575E0,3.804386616E0
3.181454319E1,9.076418877E0,-1.144428372E0,3.813963413E0
3.181654835E1,9.054870605E0,-1.139639974E0,3.837905407E0
3.181854873E1,9.054870605E0,-1.154005170E0,3.869029999E0
3.182061800E1,9.069235802E0,-1.158793569E0,3.888183594E0
3.182265327E1,9.071630478E0,-1.168370485E0,3.869029999E0
3.182472246E1,9.059659004E0,-1.151610970E0,3.845088005E0
3.182675758E1,9.057265282E0,-1.149216771E0,3.828328609E0
3.182882666E1,9.042900085E0,-1.151610970E0,3.790021181E0
3.183086192E1,9.050082207E0,-1.165976286E0,3.780444384E0
3.183293127E1,9.059659004E0,-1.168370485E0,3.782838583E0
3.183496650E1,9.069235802E0,-1.206677675E0,3.823540211E0
3.183697316E1,9.059659004E0,-1.213860273E0,3.890577793E0
3.183897666E1,9.054870605E0,-1.230619669E0,3.921702385E0
3.184104600E1,9.069235802E0,-1.261744261E0,3.950432777E0
3.184308131E1,9.028534889E0,-1.285686255E0,3.945644379E0
3.184515062E1,8.999804497E0,-1.297657371E0,3.936067581E0
3.184718550E1,8.990227699E0,-1.326387763E0,3.909731388E0
3.184925469E1,9.002198219E0,-1.347935557E0,3.907337189E0
3.185128942E1,9.023746490E0,-1.374271750E0,3.948038578E0
3.185335893E1,9.018958092E0,-1.388636947E0,3.969586372E0
3.185539443E1,9.004592896E0,-1.410184860E0,4.005499363E0
3.185740096E1,9.004592896E0,-1.441309452E0,4.041412354E0
3.185952569E1,9.006986618E0,-1.446097851E0,4.058171749E0
3.186143146E1,9.014169693E0,-1.470039845E0,4.094084740E0
3.186343173E1,9.021351814E0,-1.482010841E0,4.129997730E0
3.186550112E1,9.023746490E0,-1.498770237E0,4.141968727E0
3.186753608E1,9.028534889E0,-1.515529633E0,4.137180328E0
3.186960573E1,9.023746490E0,-1.520318031E0,4.120420933E0
3.187164108E1,9.023746490E0,-1.525106430E0,4.120420933E0
3.187371096E1,9.011775017E0,-1.527500629E0,4.158728123E0
3.187574689E1,8.992621422E0,-1.527500629E0,4.177882195E0
3.187775377E1,8.985439301E0,-1.517923832E0,4.177882195E0
3.187988027E1,8.951920509E0,-1.527500629E0,4.197035789E0
3.188178593E1,8.949525833E0,-1.498770237E0,4.235342979E0
3.188378639E1,8.954314232E0,-1.493981838E0,4.249708176E0
3.188585573E1,8.951920509E0,-1.501164436E0,4.290409565E0
3.188789150E1,8.947132111E0,-1.503558636E0,4.323928356E0
3.188996096E1,8.939949036E0,-1.503558636E0,4.338293552E0
3.189199643E1,8.894459724E0,-1.513135433E0,4.369418144E0
3.189406581E1,8.894459724E0,-1.493981838E0,4.386177540E0
3.189610085E1,8.906430244E0,-1.496376038E0,4.393360138E0
3.189810581E1,8.913613319E0,-1.484405041E0,4.390965939E0
3.190010639E1,8.920795441E0,-1.489193439E0,4.395754337E0
3.190217535E1,8.939949036E0,-1.482010841E0,4.383783340E0
3.190421019E1,8.954314232E0,-1.467645645E0,4.374206543E0
3.190627908E1,8.973467827E0,-1.453280449E0,4.371812344E0
3.190831385E1,8.992621422E0,-1.443703651E0,4.381389141E0
3.191038281E1,8.997409821E0,-1.455674648E0,4.398148537E0
3.191241819E1,9.009381294E0,-1.458068848E0,4.422090530E0
3.191448800E1,9.045293808E0,-1.443703651E0,4.422090530E0
3.191652381E1,9.042900085E0,-1.443703651E0,4.419696331E0
3.191853035E1,9.054870605E0,-1.458068848E0,4.386177540E0
3.192053458E1,9.071630478E0,-1.443703651E0,4.369418144E0
3.192260389E1,9.085995674E0,-1.431732655E0,4.350264549E0
3.192463904E1,9.100360870E0,-1.419761658E0,4.304774761E0
3.192670869E1,9.138668060E0,-1.400607944E0,4.278438568E0
3.192874362E1,9.141061783E0,-1.391031146E0,4.261679173E0
3.193081289E1,9.138668060E0,-1.374271750E0,4.244919777E0
3.193284789E1,9.119514465E0,-1.362300754E0,4.244919777E0
3.193491716E1,9.124302864E0,-1.347935557E0,4.254496574E0
3.193695200E1,9.117119789E0,-1.323993564E0,4.297592163E0
3.193895773E1,9.097966194E0,-1.321599364E0,4.335899353E0
3.194108166E1,9.059659004E0,-1.302445769E0,4.352658749E0
3.194298777E1,9.033323288E0,-1.302445769E0,4.362235546E0
3.194498816E1,8.983044624E0,-1.300051570E0,4.386177540E0
3.194705827E1,8.971074104E0,-1.295263171E0,4.405331135E0
3.194909385E1,8.961497307E0,-1.314416766E0,4.441244125E0
3.195116366E1,8.956708908E0,-1.304839969E0,4.469974518E0
3.195319900E1,8.951920509E0,-1.321599364E0,4.491522312E0
3.195526858E1,8.937555313E0,-1.328781962E0,4.505887508E0
3.195730427E1,8.935160637E0,-1.304839969E0,4.551377296E0
3.195931073E1,8.956708908E0,-1.285686255E0,4.563348293E0
3.196149973E1,8.973467827E0,-1.268926859E0,4.556165695E0
3.196333516E1,9.078812599E0,-1.194706678E0,4.548983097E0
3.196533539E1,9.282320023E0,-1.027112484E0,4.460397720E0
3.196740466E1,9.418789864E0,-9.552865028E-1,4.405331135E0
3.196943966E1,9.378087997E0,-9.385270476E-1,4.414907932E0
3.197150889E1,9.210494041E0,-1.077390790E0,4.527435303E0
3.197354396E1,9.095572472E0,-1.206677675E0,4.604049683E0
3.197561285E1,8.559270859E0,-1.422155857E0,4.625597477E0
3.197764769E1,8.061277390E0,-1.465251446E0,4.431667328E0
3.197965293E1,7.946355343E0,-1.424550056E0,4.319139957E0
3.198165450E1,7.953537941E0,-1.316810966E0,4.125209332E0
3.198372362E1,8.228871346E0,-1.235408068E0,3.926490784E0
3.198575869E1,8.398859978E0,-1.199495077E0,3.876212597E0
3.198782750E1,8.717288017E0,-1.158793569E0,3.830722809E0
3.198986235E1,8.932766914E0,-1.127668977E0,3.763684988E0
3.199188781E1,8.987833023E0,-1.120486379E0,3.658340216E0
3.199388742E1,9.033323288E0,-1.074996591E0,2.636016130E0
3.199595662E1,9.263166428E0,-1.072602391E0,2.384624958E0
3.199799139E1,9.313444138E0,-1.089361787E0,2.568978310E0
3.199999127E1,9.200917244E0,-1.197100878E0,2.975992680E0
3.200199727E1,8.801085472E0,-1.233013868E0,3.292027235E0
3.200406573E1,8.485051155E0,-1.230619669E0,3.402160645E0
3.200610062E1,8.465897560E0,-1.185129881E0,3.519476414E0
3.200817000E1,8.822632790E0,-1.137245774E0,3.402160645E0
3.201020519E1,9.483432770E0,-1.120486379E0,2.983175278E0
