"t","x","y","z"
1.591116200E-2,-4.214970022E-2,-4.520402849E-1,-4.153883830E-2
1.803904600E-2,-6.108652451E-4,-4.050036669E-1,-6.230825558E-2
1.994516200E-2,9.773843922E-3,-3.836233616E-1,-6.719517708E-2
2.194439300E-2,4.153883830E-2,-3.390302062E-1,-8.491026610E-2
2.401393100E-2,6.108652428E-2,-2.938261926E-1,-8.735372871E-2
2.604954600E-2,6.963863969E-2,-2.742784917E-1,-8.735372871E-2
2.811870000E-2,8.246681094E-2,-2.333505303E-1,-9.224065393E-2
3.015373900E-2,9.101892263E-2,-1.997529417E-1,-8.368854225E-2
3.222366200E-2,9.651670605E-2,-1.826487035E-1,-8.124507964E-2
3.430204600E-2,1.032362282E-1,-1.612684280E-1,-7.819075137E-2
3.632739300E-2,1.105666086E-1,-1.429424733E-1,-6.902777404E-2
3.828412300E-2,1.099557430E-1,-1.374446750E-1,-6.352998316E-2
4.035354600E-2,1.215621829E-1,-1.288925707E-1,-6.047565863E-2
4.238796900E-2,1.313360333E-1,-1.282816976E-1,-5.742133409E-2
4.445689300E-2,1.411098689E-1,-1.307251602E-1,-5.925392732E-2
4.649220000E-2,1.447750628E-1,-1.356120855E-1,-5.803219974E-2
4.856120000E-2,1.569923609E-1,-1.459967941E-1,-5.986479297E-2
5.059612300E-2,1.692096740E-1,-1.600466967E-1,-6.108652428E-2
5.266520000E-2,1.704314053E-1,-1.661553532E-1,-6.536258012E-2
5.474246900E-2,1.802052408E-1,-1.826487035E-1,-6.475171447E-2
5.670093100E-2,1.893682331E-1,-1.973094791E-1,-6.902777404E-2
5.882481600E-2,1.905899495E-1,-2.034181207E-1,-6.841690838E-2
6.073050800E-2,1.979203373E-1,-2.168571651E-1,-6.658431143E-2
6.273004600E-2,2.015855312E-1,-2.284636050E-1,-6.414084882E-2
6.479904600E-2,2.052507252E-1,-2.327396572E-1,-6.475171447E-2
6.683450800E-2,2.083050460E-1,-2.431243658E-1,-5.681046844E-2
6.890285400E-2,2.125810981E-1,-2.535090744E-1,-5.986479297E-2
7.093758500E-2,2.125810981E-1,-2.583959997E-1,-5.803219974E-2
7.300650800E-2,2.125810981E-1,-2.706133127E-1,-5.681046844E-2
7.508400800E-2,2.076941878E-1,-2.846632004E-1,-6.230825558E-2
7.708935400E-2,2.015855312E-1,-2.950479090E-1,-5.925392732E-2
7.916793100E-2,1.887573600E-1,-3.164281845E-1,-5.986479297E-2
8.107381500E-2,1.759291887E-1,-3.353650272E-1,-6.352998316E-2
8.307320000E-2,1.667662114E-1,-3.475823104E-1,-6.047565863E-2
8.514254600E-2,1.484402567E-1,-3.720169365E-1,-6.108652428E-2
8.717693100E-2,1.319468915E-1,-3.982841372E-1,-5.986479297E-2
8.924527700E-2,1.264491081E-1,-4.092797041E-1,-5.986479297E-2
9.127993100E-2,1.123992056E-1,-4.294382632E-1,-5.986479297E-2
9.334966200E-2,9.957103431E-2,-4.483750761E-1,-5.864306539E-2
9.542558500E-2,9.224065393E-2,-4.630358517E-1,-5.986479297E-2
9.738293100E-2,8.796459436E-2,-4.709770977E-1,-5.619960278E-2
9.938304600E-2,8.185594529E-2,-4.783074856E-1,-6.047565863E-2
1.014520460E-1,7.880161703E-2,-4.886921942E-1,-6.291911751E-2
1.034861230E-1,7.513642311E-2,-4.899139404E-1,-6.475171447E-2
1.055548150E-1,6.780604273E-2,-4.923573732E-1,-6.536258012E-2
1.075886610E-1,6.597344577E-2,-4.948008358E-1,-6.719517708E-2
1.096578920E-1,6.047565863E-2,-4.941899776E-1,-6.597344577E-2
1.116919690E-1,5.681046844E-2,-4.941899776E-1,-6.963863969E-2
1.137606230E-1,4.948008433E-2,-4.893030524E-1,-7.574728876E-2
1.158421230E-1,4.642575979E-2,-4.893030524E-1,-7.452555746E-2
1.178465080E-1,3.909537569E-2,-4.825835526E-1,-7.880161703E-2
1.198034310E-1,2.993239649E-2,-4.746423066E-1,-7.880161703E-2
1.218714690E-1,2.809980139E-2,-4.703662395E-1,-8.063421398E-2
1.239059690E-1,2.260201424E-2,-4.618141353E-1,-7.880161703E-2
1.259743150E-1,1.588249579E-2,-4.508185387E-1,-7.757988572E-2
1.280083540E-1,1.160643995E-2,-4.434881806E-1,-8.124507964E-2
1.300767000E-1,7.941247895E-3,-4.306600094E-1,-7.574728876E-2
1.321111610E-1,4.276056774E-3,-4.141666293E-1,-7.452555746E-2
1.341804310E-1,4.276056774E-3,-3.982841372E-1,-7.452555746E-2
1.362627380E-1,3.665191587E-3,-3.915646076E-1,-7.330382615E-2
1.382213920E-1,2.443460980E-3,-3.720169365E-1,-7.269296050E-2
1.403453150E-1,1.832595794E-3,-3.561344445E-1,-7.330382615E-2
1.422507770E-1,2.443460980E-3,-3.481931984E-1,-7.513642311E-2
1.442499690E-1,0.000000000E0,-3.347541690E-1,-7.330382615E-2
1.463195460E-1,1.221730490E-3,-3.176499307E-1,-7.452555746E-2
1.483537770E-1,-6.108652451E-4,-3.109304011E-1,-7.696902007E-2
1.504227770E-1,-2.443460980E-3,-2.999348342E-1,-7.391469181E-2
1.524568150E-1,-6.108652335E-3,-2.895501256E-1,-7.757988572E-2
1.545250070E-1,-6.108652335E-3,-2.864958048E-1,-7.757988572E-2
1.566063920E-1,-8.552113548E-3,-2.755002379E-1,-7.574728876E-2
1.586115070E-1,-1.038470957E-2,-2.724458873E-1,-7.819075137E-2
1.607552000E-1,-1.160643995E-2,-2.687807083E-1,-8.002334833E-2
1.625915070E-1,-1.282817032E-2,-2.657263875E-1,-7.941248268E-2
1.645901610E-1,-1.588249579E-2,-2.663372457E-1,-8.002334833E-2
1.666593920E-1,-1.771509275E-2,-2.657263875E-1,-7.757988572E-2
1.686936610E-1,-1.588249579E-2,-2.663372457E-1,-7.696902007E-2
1.707632770E-1,-1.710422710E-2,-2.681698501E-1,-8.063421398E-2
1.727975840E-1,-1.710422710E-2,-2.687807083E-1,-8.185594529E-2
1.748819300E-1,-1.771509275E-2,-2.736676335E-1,-7.574728876E-2
1.769488920E-1,-1.527163107E-2,-2.767219543E-1,-7.880161703E-2
1.789073150E-1,-1.282817032E-2,-2.797762752E-1,-7.941248268E-2
1.809081230E-1,-1.221730467E-2,-2.864958048E-1,-7.452555746E-2
1.829775460E-1,-1.099557430E-2,-2.919935882E-1,-8.002334833E-2
1.850126230E-1,-1.221730467E-2,-2.956587672E-1,-7.819075137E-2
1.870819300E-1,-1.038470957E-2,-3.036000133E-1,-7.757988572E-2
1.891159300E-1,-1.160643995E-2,-3.115412891E-1,-8.063421398E-2
1.911408530E-1,-1.221730467E-2,-3.152064681E-1,-8.185594529E-2
1.931400840E-1,-1.160643995E-2,-3.237585723E-1,-7.757988572E-2
1.952095070E-1,-1.588249579E-2,-3.280346394E-1,-8.063421398E-2
1.972911610E-1,-1.527163107E-2,-3.329215646E-1,-7.819075137E-2
1.992964300E-1,-1.710422710E-2,-3.371976018E-1,-7.635815442E-2
2.012544300E-1,-1.649336144E-2,-3.433062732E-1,-8.063421398E-2
2.033235070E-1,-1.710422710E-2,-3.481931984E-1,-7.941248268E-2
2.053581230E-1,-1.343903504E-2,-3.524692357E-1,-7.635815442E-2
2.074272380E-1,-1.588249579E-2,-3.591887653E-1,-7.819075137E-2
2.094615840E-1,-1.282817032E-2,-3.640756905E-1,-7.880161703E-2
2.115305840E-1,-1.404990070E-2,-3.671300113E-1,-7.880161703E-2
2.135648920E-1,-1.221730467E-2,-3.732386529E-1,-8.307767659E-2
2.156336610E-1,-9.773843922E-3,-3.811798990E-1,-7.880161703E-2
2.177161610E-1,-9.162978269E-3,-3.842342496E-1,-7.757988572E-2
2.196743920E-1,-9.162978269E-3,-3.897320330E-1,-8.185594529E-2
2.217980460E-1,-7.330383174E-3,-4.007275999E-1,-8.002334833E-2
2.237029300E-1,-7.941247895E-3,-4.043927789E-1,-7.880161703E-2
2.257032000E-1,-9.162978269E-3,-4.135557711E-1,-8.063421398E-2
2.277717760E-1,-9.162978269E-3,-4.245513380E-1,-8.185594529E-2
2.298063920E-1,-7.941247895E-3,-4.294382632E-1,-8.002334833E-2
2.318750070E-1,-1.038470957E-2,-4.392121136E-1,-8.246681094E-2
2.339096990E-1,-1.282817032E-2,-4.495968223E-1,-8.063421398E-2
2.359791230E-1,-1.221730467E-2,-4.550946057E-1,-7.757988572E-2
2.380611230E-1,-1.221730467E-2,-4.667010605E-1,-8.185594529E-2
2.400653920E-1,-1.588249579E-2,-4.752531648E-1,-8.063421398E-2
2.421442380E-1,-1.649336144E-2,-4.819726646E-1,-8.124507964E-2
2.440495070E-1,-2.015855350E-2,-4.929682612E-1,-8.002334833E-2
2.460492760E-1,-2.260201424E-2,-5.057964325E-1,-7.941248268E-2
2.481187380E-1,-2.321287990E-2,-5.057964325E-1,-8.002334833E-2
2.501531990E-1,-2.443460934E-2,-5.155702829E-1,-7.880161703E-2
2.522226990E-1,-2.748893574E-2,-5.229006410E-1,-7.391469181E-2
2.542573150E-1,-2.443460934E-2,-5.247332454E-1,-7.696902007E-2
2.563261990E-1,-2.626720630E-2,-5.277875662E-1,-7.452555746E-2
2.584081990E-1,-2.748893574E-2,-5.326744914E-1,-7.391469181E-2
2.603666220E-1,-2.321287990E-2,-5.357288122E-1,-7.574728876E-2
2.623671220E-1,-2.687807009E-2,-5.338962078E-1,-7.391469181E-2
2.644360840E-1,-2.443460934E-2,-5.381723046E-1,-7.147123665E-2
2.664709690E-1,-2.504547499E-2,-5.363397002E-1,-7.452555746E-2
2.685398530E-1,-2.687807009E-2,-5.338962078E-1,-7.391469181E-2
2.705744300E-1,-2.443460934E-2,-5.338962078E-1,-7.513642311E-2
2.726433150E-1,-2.687807009E-2,-5.351179838E-1,-7.513642311E-2
2.746773920E-1,-2.687807009E-2,-5.338962078E-1,-7.696902007E-2
2.767460840E-1,-2.932153270E-2,-5.345070958E-1,-7.819075137E-2
2.788273920E-1,-2.932153270E-2,-5.363397002E-1,-7.696902007E-2
2.808316220E-1,-2.748893574E-2,-5.363397002E-1,-7.696902007E-2
2.827865070E-1,-2.932153270E-2,-5.375614166E-1,-7.819075137E-2
2.848550450E-1,-2.993239649E-2,-5.400048494E-1,-7.574728876E-2
2.868894690E-1,-2.993239649E-2,-5.406157374E-1,-7.819075137E-2
2.889586610E-1,-3.054326214E-2,-5.442809463E-1,-8.002334833E-2
2.909929680E-1,-3.115412779E-2,-5.479460955E-1,-7.635815442E-2
2.930620070E-1,-2.993239649E-2,-5.510004759E-1,-7.330382615E-2
2.950963530E-1,-2.748893574E-2,-5.583308339E-1,-7.391469181E-2
2.971658530E-1,-2.382374369E-2,-5.607742667E-1,-7.635815442E-2
2.992474680E-1,-2.260201424E-2,-5.644394755E-1,-7.819075137E-2
3.012047760E-1,-2.260201424E-2,-5.705481172E-1,-7.696902007E-2
3.033285070E-1,-2.076941915E-2,-5.760459304E-1,-7.635815442E-2
3.052340450E-1,-1.893682219E-2,-5.797111392E-1,-7.452555746E-2
3.072337760E-1,-1.771509275E-2,-5.919284225E-1,-7.880161703E-2
3.093026610E-1,-1.832595654E-2,-6.047565937E-1,-7.696902007E-2
3.113370450E-1,-2.015855350E-2,-6.218608022E-1,-7.452555746E-2
3.134064680E-1,-2.138028294E-2,-6.298020482E-1,-7.635815442E-2
3.154413910E-1,-2.504547499E-2,-6.524040699E-1,-7.452555746E-2
3.175109680E-1,-2.809980139E-2,-6.780604124E-1,-7.330382615E-2
3.195934300E-1,-2.932153270E-2,-6.878342628E-1,-7.513642311E-2
3.215983150E-1,-3.298672289E-2,-7.153232098E-1,-7.086037099E-2
3.237409300E-1,-3.359758854E-2,-7.422012687E-1,-7.024950534E-2
3.255764300E-1,-3.726277873E-2,-7.550294399E-1,-7.147123665E-2
3.275764680E-1,-4.337143153E-2,-7.831292152E-1,-7.086037099E-2
3.296462380E-1,-4.825835302E-2,-8.124507666E-1,-7.086037099E-2
3.316807380E-1,-5.314527452E-2,-8.277224302E-1,-6.841690838E-2
3.337501990E-1,-5.864306539E-2,-8.539896011E-1,-7.086037099E-2
3.357851610E-1,-6.902777404E-2,-8.827002645E-1,-7.391469181E-2
3.378542760E-1,-7.513642311E-2,-8.943067193E-1,-6.841690838E-2
3.399361610E-1,-8.491026610E-2,-9.211847782E-1,-7.147123665E-2
3.418939300E-1,-9.407325089E-2,-9.492846131E-1,-7.452555746E-2
3.438949680E-1,-9.773843735E-2,-9.621127844E-1,-7.269296050E-2
3.459646610E-1,-1.050688252E-1,-9.896016717E-1,-7.391469181E-2
3.479989680E-1,-1.105666086E-1,-1.015258074E0,-7.574728876E-2
3.500681990E-1,-1.105666086E-1,-1.028697014E0,-8.063421398E-2
3.521023530E-1,-1.154535338E-1,-1.052520871E0,-8.002334833E-2
3.541716220E-1,-1.148426682E-1,-1.075733662E0,-8.491026610E-2
3.562056220E-1,-1.123992056E-1,-1.095281363E0,-8.735372871E-2
3.582743140E-1,-1.136209369E-1,-1.106887817E0,-9.224065393E-2
3.603553140E-1,-1.062905490E-1,-1.129489779E0,-9.590584040E-2
3.623604300E-1,-1.007927656E-1,-1.158200502E0,-1.001819000E-1
3.643170450E-1,-9.529497474E-2,-1.174693823E0,-1.026253626E-1
3.663865070E-1,-8.796459436E-2,-1.208291411E0,-1.105666086E-1
3.684200070E-1,-7.941248268E-2,-1.238223910E0,-1.191187203E-1
3.704889300E-1,-7.574728876E-2,-1.252884626E0,-1.282816976E-1
3.725235070E-1,-7.086037099E-2,-1.277319193E0,-1.319468915E-1
3.745928530E-1,-6.475171447E-2,-1.298699498E0,-1.429424733E-1
3.766272370E-1,-6.291911751E-2,-1.311527729E0,-1.441642046E-1
3.786966220E-1,-5.558873713E-2,-1.324966669E0,-1.569923609E-1
3.807784300E-1,-4.886921868E-2,-1.334129691E0,-1.649336219E-1
3.827358530E-1,-4.153883830E-2,-1.334129691E0,-1.734857261E-1
3.848600450E-1,-3.176499158E-2,-1.336573124E0,-1.826487035E-1
3.867649300E-1,-2.138028294E-2,-1.340238333E0,-1.942551434E-1
3.887642760E-1,-1.649336144E-2,-1.341460109E0,-1.966986060E-1
3.908335830E-1,-4.276056774E-3,-1.339627504E0,-2.040289938E-1
3.928675830E-1,7.941247895E-3,-1.339016676E0,-2.156354338E-1
3.949370070E-1,1.527163107E-2,-1.341460109E0,-2.235766798E-1
3.969714300E-1,2.321287990E-2,-1.344514370E0,-2.302961946E-1
3.990402760E-1,2.809980139E-2,-1.348179579E0,-2.388483137E-1
4.011221990E-1,3.176499158E-2,-1.351844788E0,-2.461786866E-1
4.031270070E-1,2.993239649E-2,-1.353677392E0,-2.504547536E-1
4.052062760E-1,2.626720630E-2,-1.369559884E0,-2.596177161E-1
4.071118140E-1,2.260201424E-2,-1.377501130E0,-2.651155293E-1
4.091111220E-1,1.404990070E-2,-1.399492264E0,-2.712241709E-1
4.111803140E-1,1.221730490E-3,-1.422094345E0,-2.755002379E-1
4.132149300E-1,-6.719517522E-3,-1.432479024E0,-2.828305960E-1
4.152830830E-1,-2.809980139E-2,-1.453248382E0,-2.852740586E-1
4.173172370E-1,-5.436700583E-2,-1.469130874E0,-2.840523422E-1
4.193862370E-1,-7.819075137E-2,-1.471574426E0,-2.828305960E-1
4.214675830E-1,-9.285151958E-2,-1.472796082E0,-2.755002379E-1
4.234201600E-1,-1.172861308E-1,-1.471574426E0,-2.675589919E-1
4.254326990E-1,-1.447750628E-1,-1.469130874E0,-2.547308207E-1
4.275021220E-1,-1.582140923E-1,-1.465465665E0,-2.474004179E-1
4.295366990E-1,-1.795943826E-1,-1.453859329E0,-2.382374406E-1
4.316058910E-1,-2.064724565E-1,-1.441641927E0,-2.241875380E-1
4.336406600E-1,-2.156354338E-1,-1.434922457E0,-2.162462920E-1
4.356658530E-1,-2.333505303E-1,-1.416596532E0,-1.960877478E-1
4.376647760E-1,-2.480112910E-1,-1.390940189E0,-1.789835095E-1
4.397343910E-1,-2.590068579E-1,-1.375668526E0,-1.655444801E-1
4.418162370E-1,-2.706133127E-1,-1.335351467E0,-1.484402567E-1
4.438148140E-1,-2.828305960E-1,-1.291369081E0,-1.252273768E-1
4.457691220E-1,-2.846632004E-1,-1.264491081E0,-1.142318025E-1
4.478376220E-1,-2.932153046E-1,-1.215621829E0,-9.040805697E-2
4.498720450E-1,-2.968805134E-1,-1.161254883E0,-6.902777404E-2
4.519407370E-1,-2.974913716E-1,-1.133765936E0,-5.681046844E-2
4.539753140E-1,-3.029891551E-1,-1.080620646E0,-3.237585723E-2
4.560439290E-1,-3.060434759E-1,-1.031751394E0,-1.343903504E-2
4.580783140E-1,-3.072652221E-1,-1.007316828E0,-4.886921961E-3
4.601459680E-1,-3.054326177E-1,-9.566149712E-1,1.527163107E-2
4.622280830E-1,-3.005456924E-1,-9.053022861E-1,2.871066704E-2
4.641860060E-1,-2.919935882E-1,-8.790351152E-1,3.665191308E-2
4.663093140E-1,-2.877175212E-1,-8.265006542E-1,5.253441259E-2
4.682140830E-1,-2.712241709E-1,-7.690793276E-1,5.497787148E-2
4.702131220E-1,-2.614503205E-1,-7.403686643E-1,5.681046844E-2
4.722816220E-1,-2.443460971E-1,-6.817256212E-1,5.619960278E-2
4.743154680E-1,-2.217440903E-1,-6.218608022E-1,4.886921868E-2
4.763844290E-1,-2.009746730E-1,-5.668829679E-1,4.520402849E-2
4.784184290E-1,-1.887573600E-1,-5.351179838E-1,4.031710699E-2
4.804878520E-1,-1.673770845E-1,-4.819726646E-1,2.871066704E-2
4.825693520E-1,-1.472185254E-1,-4.282165468E-1,1.160643995E-2
4.845741990E-1,-1.417207420E-1,-4.050036669E-1,1.038470957E-2
4.867156220E-1,-1.270599663E-1,-3.585779071E-1,-9.773843922E-3
4.885510450E-1,-1.130100712E-1,-3.152064681E-1,-2.199114859E-2
4.905502750E-1,-1.062905490E-1,-2.944370508E-1,-2.565634064E-2
4.926191220E-1,-1.026253626E-1,-2.559525371E-1,-4.031710699E-2
4.946536980E-1,-9.773843735E-2,-2.199114859E-1,-5.070181563E-2
4.967230450E-1,-9.590584040E-2,-2.058615834E-1,-5.192354694E-2
4.987568910E-1,-9.651670605E-2,-1.747074574E-1,-5.681046844E-2
5.008263520E-1,-9.773843735E-2,-1.417207420E-1,-6.169738993E-2
5.029085450E-1,-1.014036313E-1,-1.282816976E-1,-5.803219974E-2
5.048660830E-1,-1.056796908E-1,-9.834930301E-2,-5.925392732E-2
5.068663140E-1,-1.069014147E-1,-7.086037099E-2,-5.619960278E-2
5.089351220E-1,-1.136209369E-1,-6.108652428E-2,-5.253441259E-2
5.109695450E-1,-1.172861308E-1,-4.153883830E-2,-4.581489414E-2
5.130379290E-1,-1.209513173E-1,-2.138028294E-2,-3.787364438E-2
5.150717750E-1,-1.240056455E-1,-1.404990070E-2,-3.359758854E-2
5.171400830E-1,-1.276708394E-1,-3.665191587E-3,-2.748893574E-2
5.191748910E-1,-1.307251602E-1,6.108652335E-3,-2.015855350E-2
5.212430830E-1,-1.331686229E-1,1.160643995E-2,-1.588249579E-2
5.233246980E-1,-1.356120855E-1,7.941247895E-3,-1.343903504E-2
5.253295830E-1,-1.374446750E-1,8.552113548E-3,-9.162978269E-3
5.272857750E-1,-1.398881376E-1,3.665191587E-3,-5.497787148E-3
5.293542370E-1,-1.404990107E-1,1.221730490E-3,-4.886921961E-3
5.313881600E-1,-1.392772794E-1,-7.941247895E-3,6.108652451E-4
5.334564680E-1,-1.386664063E-1,-2.015855350E-2,0.000000000E0
5.354914290E-1,-1.374446750E-1,-2.504547499E-2,0.000000000E0
5.375605440E-1,-1.386664063E-1,-3.848451003E-2,4.276056774E-3
5.395951980E-1,-1.368338168E-1,-4.886921868E-2,6.108652451E-4
5.416635060E-1,-1.386664063E-1,-5.619960278E-2,-6.108652451E-4
5.437455060E-1,-1.380555481E-1,-7.269296050E-2,1.221730490E-3
5.457034680E-1,-1.350012124E-1,-8.491026610E-2,-4.276056774E-3
5.478258140E-1,-1.356120855E-1,-8.979719132E-2,-3.054326167E-3
5.497313140E-1,-1.368338168E-1,-1.050688252E-1,-1.832595794E-3
5.517307370E-1,-1.356120855E-1,-1.197295859E-1,-4.276056774E-3
5.537991980E-1,-1.374446750E-1,-1.258382350E-1,-6.108652335E-3
5.558340060E-1,-1.356120855E-1,-1.374446750E-1,-9.773843922E-3
5.579031600E-1,-1.380555481E-1,-1.466076523E-1,-1.099557430E-2
5.599371980E-1,-1.368338168E-1,-1.514945775E-1,-1.466076635E-2
5.620068520E-1,-1.380555481E-1,-1.606575549E-1,-1.710422710E-2
5.640885060E-1,-1.380555481E-1,-1.692096740E-1,-1.771509275E-2
5.660941600E-1,-1.398881376E-1,-1.747074574E-1,-2.076941915E-2
5.681736980E-1,-1.398881376E-1,-1.795943826E-1,-2.443460934E-2
5.700797370E-1,-1.398881376E-1,-1.838704348E-1,-2.932153270E-2
5.720794670E-1,-1.374446750E-1,-1.869247705E-1,-2.993239649E-2
5.741486210E-1,-1.337794960E-1,-1.924225539E-1,-3.787364438E-2
5.761837750E-1,-1.313360333E-1,-1.960877478E-1,-3.726277873E-2
5.782526980E-1,-1.264491081E-1,-1.979203373E-1,-4.337143153E-2
5.802868520E-1,-1.258382350E-1,-1.954768747E-1,-4.642575979E-2
5.823717750E-1,-1.227839142E-1,-1.973094791E-1,-4.642575979E-2
5.844396600E-1,-1.136209369E-1,-1.979203373E-1,-5.497787148E-2
5.863967370E-1,-1.154535338E-1,-1.979203373E-1,-5.314527452E-2
5.883978900E-1,-1.038470939E-1,-1.979203373E-1,-5.497787148E-2
5.904664670E-1,-9.651670605E-2,-2.015855312E-1,-6.047565863E-2
5.925006210E-1,-8.979719132E-2,-2.021963894E-1,-5.864306539E-2
5.945695830E-1,-8.552113175E-2,-2.028072625E-1,-5.803219974E-2
5.966036210E-1,-7.635815442E-2,-2.003637999E-1,-6.414084882E-2
5.986725440E-1,-7.208210230E-2,-2.028072625E-1,-6.475171447E-2
6.007070060E-1,-6.536258012E-2,-2.015855312E-1,-6.230825558E-2
6.027758520E-1,-5.864306539E-2,-1.997529417E-1,-6.841690838E-2
6.048580440E-1,-5.131268129E-2,-1.985312104E-1,-6.902777404E-2
6.068645440E-1,-4.642575979E-2,-1.991420686E-1,-6.658431143E-2
6.088208130E-1,-4.092797264E-2,-2.003637999E-1,-6.719517708E-2
6.108901600E-1,-3.726277873E-2,-2.003637999E-1,-6.841690838E-2
6.129246600E-1,-2.871066704E-2,-2.009746730E-1,-6.047565863E-2
6.149941210E-1,-2.015855350E-2,-2.003637999E-1,-6.658431143E-2
6.170284670E-1,-2.199114859E-2,-2.009746730E-1,-6.352998316E-2
6.190976210E-1,-1.649336144E-2,-1.985312104E-1,-6.230825558E-2
6.211331600E-1,-1.221730467E-2,-1.973094791E-1,-6.352998316E-2
6.232023520E-1,-8.552113548E-3,-1.936442852E-1,-5.803219974E-2
6.252849290E-1,-6.108652335E-3,-1.930334121E-1,-5.986479297E-2
6.272435830E-1,-2.443460980E-3,-1.881465018E-1,-5.803219974E-2
6.293676210E-1,0.000000000E0,-1.814269722E-1,-5.619960278E-2
6.312732750E-1,6.108652451E-4,-1.795943826E-1,-5.375614017E-2
6.332724290E-1,4.276056774E-3,-1.728748679E-1,-5.497787148E-2
6.353414290E-1,8.552113548E-3,-1.692096740E-1,-5.131268129E-2
6.373766590E-1,9.162978269E-3,-1.649336219E-1,-5.009094998E-2
6.394455060E-1,1.099557430E-2,-1.606575549E-1,-4.764748737E-2
6.414796980E-1,1.466076635E-2,-1.514945775E-1,-4.703662544E-2
6.435485830E-1,1.466076635E-2,-1.496619880E-1,-4.459316283E-2
6.456311980E-1,1.771509275E-2,-1.423316002E-1,-4.153883830E-2
6.476358900E-1,1.710422710E-2,-1.356120855E-1,-3.848451003E-2
6.497771590E-1,1.832595654E-2,-1.301143020E-1,-3.848451003E-2
6.516123520E-1,1.954768784E-2,-1.178969890E-1,-3.543018550E-2
6.536117360E-1,1.771509275E-2,-1.075122803E-1,-3.665191308E-2
6.556806590E-1,2.076941915E-2,-1.007927656E-1,-3.726277873E-2
6.577147360E-1,1.710422710E-2,-9.040805697E-2,-3.543018550E-2
6.597843130E-1,1.710422710E-2,-8.002334833E-2,-3.665191308E-2
6.618191590E-1,1.466076635E-2,-7.269296050E-2,-3.604105115E-2
6.638881590E-1,1.343903504E-2,-6.352998316E-2,-3.726277873E-2
6.659705440E-1,9.773843922E-3,-5.131268129E-2,-3.848451003E-2
6.679284670E-1,9.773843922E-3,-4.825835302E-2,-3.726277873E-2
6.699282360E-1,6.719517522E-3,-3.787364438E-2,-3.848451003E-2
6.719968130E-1,4.886921961E-3,-2.809980139E-2,-4.031710699E-2
6.740313130E-1,4.886921961E-3,-2.504547499E-2,-3.970624134E-2
6.760999290E-1,2.443460980E-3,-1.893682219E-2,-4.520402849E-2
6.781350820E-1,6.108652451E-4,-1.099557430E-2,-4.337143153E-2
6.801594290E-1,0.000000000E0,-2.443460980E-3,-5.558873713E-2
6.821591590E-1,-1.221730490E-3,1.221730490E-3,-5.192354694E-2
6.842278130E-1,-2.443460980E-3,9.162978269E-3,-5.314527452E-2
6.863095050E-1,-6.108652335E-3,1.710422710E-2,-5.925392732E-2
6.883150050E-1,-4.886921961E-3,2.015855350E-2,-6.108652428E-2
6.902728520E-1,-4.276056774E-3,2.809980139E-2,-6.597344577E-2
6.923420820E-1,-6.719517522E-3,3.543018550E-2,-6.902777404E-2
6.943769280E-1,-5.497787148E-3,3.665191308E-2,-7.024950534E-2
6.964459280E-1,-4.276056774E-3,4.276056588E-2,-7.635815442E-2
6.984804670E-1,-7.330383174E-3,4.459316283E-2,-8.124507964E-2
7.005493900E-1,-5.497787148E-3,4.337143153E-2,-7.819075137E-2
7.025836980E-1,-3.665191587E-3,4.031710699E-2,-8.307767659E-2
7.046529280E-1,-3.665191587E-3,3.726277873E-2,-8.796459436E-2
7.067351980E-1,0.000000000E0,3.543018550E-2,-8.735372871E-2
7.086936590E-1,2.443460980E-3,2.809980139E-2,-8.979719132E-2
7.108165820E-1,1.832595794E-3,1.893682219E-2,-8.735372871E-2
7.127224670E-1,4.886921961E-3,1.343903504E-2,-9.224065393E-2
7.147212750E-1,6.719517522E-3,3.665191587E-3,-9.285151958E-2
7.167911210E-1,1.404990070E-2,-4.886921961E-3,-9.346238524E-2
7.188255050E-1,1.771509275E-2,-9.773843922E-3,-9.040805697E-2
7.208937750E-1,2.260201424E-2,-1.588249579E-2,-9.529497474E-2
7.229281980E-1,2.871066704E-2,-2.504547499E-2,-8.918632567E-2
7.249980050E-1,3.481931984E-2,-3.176499158E-2,-9.346238524E-2
7.270794670E-1,3.848451003E-2,-3.848451003E-2,-8.735372871E-2
7.290844670E-1,5.131268129E-2,-5.070181563E-2,-9.285151958E-2
7.311633900E-1,5.681046844E-2,-6.169738993E-2,-9.162978828E-2
7.330697360E-1,6.169738993E-2,-6.597344577E-2,-9.285151958E-2
7.350698900E-1,6.902777404E-2,-7.330382615E-2,-9.224065393E-2
7.371387360E-1,7.024950534E-2,-7.757988572E-2,-9.285151958E-2
7.391731210E-1,7.941248268E-2,-8.246681094E-2,-9.101892263E-2
7.412428510E-1,8.613199741E-2,-9.162978828E-2,-9.040805697E-2
7.432770050E-1,9.346238524E-2,-9.773843735E-2,-9.285151958E-2
7.453460820E-1,9.712757170E-2,-1.014036313E-1,-9.285151958E-2
7.474284280E-1,1.020144969E-1,-1.099557430E-1,-8.918632567E-2
7.493869670E-1,1.111774743E-1,-1.178969890E-1,-9.040805697E-2
7.513875440E-1,1.105666086E-1,-1.221730486E-1,-8.918632567E-2
7.534567740E-1,1.160643995E-1,-1.295034289E-1,-8.613199741E-2
7.554904670E-1,1.227839142E-1,-1.356120855E-1,-8.735372871E-2
7.575598130E-1,1.252273768E-1,-1.380555481E-1,-8.491026610E-2
7.595943130E-1,1.288925707E-1,-1.404990107E-1,-8.613199741E-2
7.616628900E-1,1.295034289E-1,-1.459967941E-1,-8.124507964E-2
7.636969670E-1,1.301143020E-1,-1.484402567E-1,-8.307767659E-2
7.657656210E-1,1.282816976E-1,-1.545489132E-1,-8.185594529E-2
7.678475440E-1,1.295034289E-1,-1.594358236E-1,-8.002334833E-2
7.698523510E-1,1.258382350E-1,-1.606575549E-1,-8.063421398E-2
7.718093130E-1,1.240056455E-1,-1.631010175E-1,-8.368854225E-2
7.738788130E-1,1.221730486E-1,-1.661553532E-1,-8.307767659E-2
7.759127360E-1,1.209513173E-1,-1.661553532E-1,-8.246681094E-2
7.779818130E-1,1.178969890E-1,-1.679879427E-1,-8.613199741E-2
7.800160440E-1,1.130100712E-1,-1.716531366E-1,-8.185594529E-2
7.820854280E-1,1.081231460E-1,-1.716531366E-1,-8.735372871E-2
7.841208900E-1,1.044579595E-1,-1.716531366E-1,-8.429940045E-2
7.861895050E-1,9.773843735E-2,-1.740965992E-1,-8.368854225E-2
7.882711590E-1,9.224065393E-2,-1.740965992E-1,-8.735372871E-2
7.902291970E-1,8.979719132E-2,-1.753183305E-1,-8.552113175E-2
7.923529280E-1,7.880161703E-2,-1.783726513E-1,-8.613199741E-2
7.942594280E-1,6.719517708E-2,-1.765400618E-1,-8.674286306E-2
7.962587740E-1,6.169738993E-2,-1.789835095E-1,-8.429940045E-2
7.983285820E-1,4.948008433E-2,-1.759291887E-1,-8.368854225E-2
8.003631200E-1,3.726277873E-2,-1.692096740E-1,-8.002334833E-2
8.024319670E-1,3.359758854E-2,-1.692096740E-1,-8.491026610E-2
8.044663130E-1,1.832595654E-2,-1.624901593E-1,-8.307767659E-2
8.065356590E-1,8.552113548E-3,-1.551597714E-1,-8.307767659E-2
8.086184670E-1,6.108652335E-3,-1.508837193E-1,-8.552113175E-2
8.106235430E-1,-7.941247895E-3,-1.447750628E-1,-8.185594529E-2
8.127667740E-1,-1.527163107E-2,-1.368338168E-1,-8.613199741E-2
8.146033130E-1,-2.260201424E-2,-1.337794960E-1,-8.307767659E-2
8.166031590E-1,-3.298672289E-2,-1.288925707E-1,-8.307767659E-2
8.186720050E-1,-4.520402849E-2,-1.233947799E-1,-8.429940045E-2
8.207071590E-1,-4.581489414E-2,-1.185078546E-1,-8.613199741E-2
8.227767740E-1,-5.864306539E-2,-1.117883399E-1,-8.246681094E-2
8.248109280E-1,-6.658431143E-2,-1.075122803E-1,-8.613199741E-2
8.268798510E-1,-6.841690838E-2,-1.026253626E-1,-8.735372871E-2
8.289615050E-1,-7.757988572E-2,-9.834930301E-2,-8.429940045E-2
8.309200430E-1,-8.552113175E-2,-9.346238524E-2,-8.735372871E-2
8.329208130E-1,-8.918632567E-2,-9.101892263E-2,-8.735372871E-2
8.349897740E-1,-9.651670605E-2,-8.735372871E-2,-8.552113175E-2
8.370246590E-1,-1.026253626E-1,-8.857546002E-2,-8.979719132E-2
8.390944660E-1,-1.038470939E-1,-8.674286306E-2,-8.735372871E-2
8.411290820E-1,-1.093448773E-1,-8.796459436E-2,-8.735372871E-2
8.431982360E-1,-1.130100712E-1,-8.735372871E-2,-9.101892263E-2
8.452328130E-1,-1.160643995E-1,-9.162978828E-2,-9.407325089E-2
8.473020050E-1,-1.191187203E-1,-9.285151958E-2,-9.224065393E-2
8.493834660E-1,-1.209513173E-1,-9.529497474E-2,-9.407325089E-2
8.513885050E-1,-1.209513173E-1,-9.773843735E-2,-9.834930301E-2
8.533450050E-1,-1.227839142E-1,-1.007927656E-1,-9.590584040E-2
8.554140820E-1,-1.258382350E-1,-1.069014147E-1,-9.957103431E-2
8.574496590E-1,-1.276708394E-1,-1.117883399E-1,-1.020144969E-1
8.595182360E-1,-1.252273768E-1,-1.166752651E-1,-9.957103431E-2
8.615536200E-1,-1.264491081E-1,-1.191187203E-1,-1.044579595E-1
8.636221970E-1,-1.270599663E-1,-1.240056455E-1,-1.032362282E-1
8.656568890E-1,-1.252273768E-1,-1.258382350E-1,-1.014036313E-1
8.677260050E-1,-1.276708394E-1,-1.307251602E-1,-1.026253626E-1
8.698078510E-1,-1.252273768E-1,-1.386664063E-1,-1.050688252E-1
8.717651590E-1,-1.258382350E-1,-1.417207420E-1,-1.056796908E-1
8.738883510E-1,-1.252273768E-1,-1.496619880E-1,-1.069014147E-1
8.757938890E-1,-1.301143020E-1,-1.539380401E-1,-1.069014147E-1
8.777933510E-1,-1.295034289E-1,-1.557706445E-1,-1.038470939E-1
8.798623120E-1,-1.325577646E-1,-1.600466967E-1,-1.062905490E-1
8.818971200E-1,-1.337794960E-1,-1.624901593E-1,-1.087340117E-1
8.839661970E-1,-1.380555481E-1,-1.649336219E-1,-1.093448773E-1
8.860009660E-1,-1.459967941E-1,-1.685988009E-1,-1.056796908E-1
8.880706200E-1,-1.508837193E-1,-1.734857261E-1,-1.081231460E-1
8.901528120E-1,-1.551597714E-1,-1.802052408E-1,-1.069014147E-1
8.921572740E-1,-1.594358236E-1,-1.832595766E-1,-1.032362282E-1
8.942366970E-1,-1.661553532E-1,-1.918116808E-1,-1.026253626E-1
8.961426970E-1,-1.710422635E-1,-1.942551434E-1,-1.014036313E-1
8.981425050E-1,-1.740965992E-1,-1.985312104E-1,-9.651670605E-2
9.002115430E-1,-1.753183305E-1,-2.003637999E-1,-9.834930301E-2
9.022459280E-1,-1.795943826E-1,-2.034181207E-1,-9.101892263E-2
9.043153890E-1,-1.789835095E-1,-2.040289938E-1,-8.796459436E-2
9.063499280E-1,-1.857030392E-1,-2.070833147E-1,-8.368854225E-2
9.084188510E-1,-1.857030392E-1,-2.070833147E-1,-8.124507964E-2
9.105006970E-1,-1.863138974E-1,-2.058615834E-1,-8.246681094E-2
9.124577350E-1,-1.893682331E-1,-2.040289938E-1,-8.307767659E-2
9.144579660E-1,-1.912008226E-1,-1.966986060E-1,-7.941248268E-2
9.165264660E-1,-1.924225539E-1,-1.924225539E-1,-7.819075137E-2
9.185615430E-1,-1.936442852E-1,-1.881465018E-1,-7.941248268E-2
9.206305430E-1,-1.930334121E-1,-1.789835095E-1,-8.307767659E-2
9.226644660E-1,-1.960877478E-1,-1.765400618E-1,-8.002334833E-2
9.246895430E-1,-1.966986060E-1,-1.704314053E-1,-8.246681094E-2
9.266897740E-1,-1.979203373E-1,-1.631010175E-1,-7.880161703E-2
9.287586200E-1,-1.991420686E-1,-1.618792862E-1,-7.880161703E-2
9.308400810E-1,-2.015855312E-1,-1.551597714E-1,-7.696902007E-2
9.328448510E-1,-1.991420686E-1,-1.496619880E-1,-7.757988572E-2
9.348023890E-1,-1.973094791E-1,-1.459967941E-1,-8.063421398E-2
9.368705810E-1,-1.985312104E-1,-1.423316002E-1,-7.941248268E-2
9.389055810E-1,-1.973094791E-1,-1.362229437E-1,-7.819075137E-2
9.409745430E-1,-1.991420686E-1,-1.337794960E-1,-7.757988572E-2
9.430095810E-1,-1.979203373E-1,-1.307251602E-1,-7.574728876E-2
9.450784280E-1,-1.973094791E-1,-1.227839142E-1,-7.330382615E-2
9.471121970E-1,-1.930334121E-1,-1.178969890E-1,-7.330382615E-2
9.491808890E-1,-1.960877478E-1,-1.142318025E-1,-7.208210230E-2
9.512623120E-1,-1.936442852E-1,-1.081231460E-1,-6.841690838E-2
9.532200040E-1,-1.924225539E-1,-1.032362282E-1,-6.475171447E-2
9.553431200E-1,-1.918116808E-1,-9.957103431E-2,-6.780604273E-2
9.572485040E-1,-1.887573600E-1,-9.162978828E-2,-6.536258012E-2
9.592480430E-1,-1.881465018E-1,-8.429940045E-2,-6.108652428E-2
9.613181580E-1,-1.875356287E-1,-8.002334833E-2,-6.169738993E-2
9.633516200E-1,-1.875356287E-1,-6.963863969E-2,-6.352998316E-2
9.654209270E-1,-1.875356287E-1,-5.253441259E-2,-6.658431143E-2
9.674558120E-1,-1.881465018E-1,-4.276056588E-2,-6.963863969E-2
9.695240810E-1,-1.863138974E-1,-2.809980139E-2,-7.330382615E-2
9.716061580E-1,-1.826487035E-1,-1.404990070E-2,-7.880161703E-2
9.736112740E-1,-1.802052408E-1,-7.941247895E-3,-8.185594529E-2
9.757531200E-1,-1.753183305E-1,4.276056774E-3,-8.613199741E-2
9.775890430E-1,-1.655444801E-1,1.588249579E-2,-9.529497474E-2
9.795884660E-1,-1.618792862E-1,1.649336144E-2,-9.101892263E-2
9.816571200E-1,-1.508837193E-1,2.504547499E-2,-9.346238524E-2
9.836921580E-1,-1.362229437E-1,2.809980139E-2,-9.285151958E-2
9.857609660E-1,-1.295034289E-1,2.932153270E-2,-8.796459436E-2
9.877954270E-1,-1.111774743E-1,3.115412779E-2,-8.307767659E-2
9.898795040E-1,-9.590584040E-2,2.932153270E-2,-7.819075137E-2
9.919465040E-1,-9.040805697E-2,2.809980139E-2,-7.513642311E-2
9.939039660E-1,-7.880161703E-2,2.809980139E-2,-6.414084882E-2
9.959050040E-1,-7.147123665E-2,2.687807009E-2,-6.230825558E-2
9.979738890E-1,-7.208210230E-2,2.199114859E-2,-5.192354694E-2
1.000009120E0,-6.536258012E-2,1.343903504E-2,-4.276056588E-2
1.002079043E0,-6.352998316E-2,2.443460980E-3,-3.176499158E-2
1.004113504E0,-5.925392732E-2,-4.886921961E-3,-2.260201424E-2
1.006182927E0,-5.925392732E-2,-1.160643995E-2,-1.893682219E-2
1.008217658E0,-5.681046844E-2,-1.771509275E-2,-1.038470957E-2
1.010286466E0,-5.558873713E-2,-2.871066704E-2,-4.886921961E-3
1.012368581E0,-5.619960278E-2,-3.420845419E-2,6.108652451E-4
1.014374196E0,-5.925392732E-2,-4.581489414E-2,4.886921961E-3
1.016330889E0,-6.658431143E-2,-5.925392732E-2,7.330383174E-3
1.018400158E0,-6.414084882E-2,-6.475171447E-2,9.773843922E-3
1.020434696E0,-6.597344577E-2,-7.024950534E-2,7.330383174E-3
1.022503658E0,-6.780604273E-2,-7.147123665E-2,3.054326167E-3
1.024539389E0,-6.719517708E-2,-6.780604273E-2,-6.108652451E-4
1.026608389E0,-6.719517708E-2,-6.352998316E-2,-1.099557430E-2
1.028643273E0,-6.169738993E-2,-5.742133409E-2,-2.443460934E-2
1.030712504E0,-5.681046844E-2,-5.375614017E-2,-3.359758854E-2
1.032794696E0,-4.825835302E-2,-4.825835302E-2,-4.581489414E-2
1.034752850E0,-4.092797264E-2,-4.276056588E-2,-6.780604273E-2
1.036877466E0,-3.176499158E-2,-4.214970022E-2,-8.613199741E-2
1.038783619E0,-3.176499158E-2,-4.214970022E-2,-9.468411654E-2
1.040783889E0,-2.199114859E-2,-4.337143153E-2,-1.117883399E-1
1.042853504E0,-1.954768784E-2,-4.398229718E-2,-1.221730486E-1
1.044888427E0,-1.343903504E-2,-4.581489414E-2,-1.398881376E-1
1.046957889E0,-7.330383174E-3,-5.192354694E-2,-1.533271819E-1
1.048992119E0,-4.276056774E-3,-5.375614017E-2,-1.624901593E-1
1.051061773E0,-3.665191587E-3,-5.925392732E-2,-1.795943826E-1
1.053144119E0,-4.276056774E-3,-6.291911751E-2,-1.869247705E-1
1.055149504E0,-3.665191587E-3,-6.780604273E-2,-1.991420686E-1
1.057228658E0,-5.497787148E-3,-7.086037099E-2,-1.997529417E-1
1.059134619E0,-6.719517522E-3,-7.574728876E-2,-2.052507252E-1
1.061134389E0,-6.108652335E-3,-8.124507964E-2,-2.125810981E-1
1.063203504E0,-9.162978269E-3,-8.368854225E-2,-2.083050460E-1
1.065239350E0,-7.941247895E-3,-8.735372871E-2,-2.119702399E-1
1.067308542E0,-9.162978269E-3,-9.040805697E-2,-2.131919712E-1
1.069343312E0,-9.162978269E-3,-9.285151958E-2,-2.156354338E-1
1.071413042E0,-9.773843922E-3,-9.712757170E-2,-2.144137025E-1
1.073494504E0,-1.160643995E-2,-1.032362282E-1,-2.070833147E-1
1.075452389E0,-1.466076635E-2,-1.044579595E-1,-2.034181207E-1
1.077452350E0,-1.160643995E-2,-1.014036313E-1,-2.021963894E-1
1.079520812E0,-1.282817032E-2,-1.001819000E-1,-1.912008226E-1
1.081555235E0,-1.099557430E-2,-9.957103431E-2,-1.893682331E-1
1.083624850E0,-1.160643995E-2,-9.590584040E-2,-1.777617931E-1
1.085659119E0,-1.099557430E-2,-9.285151958E-2,-1.649336219E-1
1.087728465E0,-1.038470957E-2,-9.040805697E-2,-1.563815027E-1
1.089763004E0,-8.552113548E-3,-8.613199741E-2,-1.441642046E-1
1.091832158E0,-6.108652335E-3,-7.696902007E-2,-1.295034289E-1
1.093914427E0,-4.276056774E-3,-6.597344577E-2,-1.130100712E-1
1.095920350E0,-6.108652451E-4,-5.986479297E-2,-1.069014147E-1
1.097877504E0,1.832595794E-3,-4.764748737E-2,-9.224065393E-2
1.099946350E0,3.665191587E-3,-3.970624134E-2,-8.552113175E-2
1.101981427E0,9.773843922E-3,-2.626720630E-2,-7.208210230E-2
1.104051619E0,1.343903504E-2,-1.343903504E-2,-6.291911751E-2
1.106085965E0,2.076941915E-2,-3.054326167E-3,-5.131268129E-2
1.108155735E0,2.321287990E-2,3.054326167E-3,-4.703662544E-2
1.110190581E0,2.871066704E-2,1.221730467E-2,-4.153883830E-2
1.112259504E0,3.420845419E-2,2.443460934E-2,-3.726277873E-2
1.114342273E0,3.787364438E-2,2.748893574E-2,-3.359758854E-2
1.116301081E0,4.520402849E-2,3.909537569E-2,-3.237585723E-2
1.118424542E0,5.253441259E-2,4.825835302E-2,-3.359758854E-2
1.120330119E0,5.803219974E-2,5.436700583E-2,-3.176499158E-2
1.122329965E0,6.719517708E-2,6.291911751E-2,-3.970624134E-2
1.124399465E0,7.941248268E-2,7.208210230E-2,-4.642575979E-2
1.126434235E0,8.368854225E-2,7.574728876E-2,-4.520402849E-2
1.128503004E0,9.346238524E-2,8.063421398E-2,-5.497787148E-2
1.130537350E0,1.056796908E-1,8.674286306E-2,-6.291911751E-2
1.132606927E0,1.117883399E-1,8.979719132E-2,-6.658431143E-2
1.134689273E0,1.240056455E-1,9.285151958E-2,-7.819075137E-2
1.136694696E0,1.356120855E-1,9.651670605E-2,-8.613199741E-2
1.138836311E0,1.484402567E-1,9.896016866E-2,-9.773843735E-2
1.140672427E0,1.502728462E-1,9.834930301E-2,-1.001819000E-1
1.142671388E0,1.631010175E-1,1.014036313E-1,-1.123992056E-1
1.144740581E0,1.667662114E-1,1.020144969E-1,-1.136209369E-1
1.146775350E0,1.771509200E-1,1.044579595E-1,-1.252273768E-1
1.148844927E0,1.850921661E-1,1.038470939E-1,-1.295034289E-1
1.150879542E0,1.905899495E-1,1.056796908E-1,-1.319468915E-1
1.152948811E0,1.973094791E-1,1.056796908E-1,-1.392772794E-1
1.155030119E0,2.009746730E-1,1.062905490E-1,-1.435533315E-1
1.156987196E0,2.040289938E-1,1.062905490E-1,-1.459967941E-1
1.158988234E0,2.089159191E-1,1.081231460E-1,-1.502728462E-1
1.161057465E0,2.125810981E-1,1.105666086E-1,-1.502728462E-1
1.163092042E0,2.125810981E-1,1.142318025E-1,-1.514945775E-1
1.165160811E0,2.150245607E-1,1.154535338E-1,-1.557706445E-1
1.167195581E0,2.144137025E-1,1.178969890E-1,-1.527163088E-1
1.169220619E0,2.089159191E-1,1.215621829E-1,-1.508837193E-1
1.171219734E0,2.107485086E-1,1.233947799E-1,-1.502728462E-1
1.173288311E0,2.083050460E-1,1.282816976E-1,-1.478293836E-1
1.175369965E0,2.046398520E-1,1.319468915E-1,-1.423316002E-1
1.177374927E0,2.040289938E-1,1.362229437E-1,-1.392772794E-1
1.179334196E0,1.979203373E-1,1.386664063E-1,-1.350012124E-1
1.181402350E0,1.924225539E-1,1.429424733E-1,-1.276708394E-1
1.183437157E0,1.936442852E-1,1.435533315E-1,-1.252273768E-1
1.185505157E0,1.875356287E-1,1.459967941E-1,-1.117883399E-1
1.187539773E0,1.795943826E-1,1.466076523E-1,-1.038470939E-1
1.189608580E0,1.765400618E-1,1.484402567E-1,-1.001819000E-1
1.191643734E0,1.704314053E-1,1.508837193E-1,-9.346238524E-2
1.193712888E0,1.631010175E-1,1.557706445E-1,-8.124507964E-2
1.195794465E0,1.600466967E-1,1.576032341E-1,-7.757988572E-2
1.197751311E0,1.545489132E-1,1.606575549E-1,-6.780604273E-2
1.199874119E0,1.478293836E-1,1.637118906E-1,-6.230825558E-2
1.201779657E0,1.478293836E-1,1.667662114E-1,-5.375614017E-2
1.203778927E0,1.417207420E-1,1.692096740E-1,-4.825835302E-2
1.205847927E0,1.356120855E-1,1.698205322E-1,-3.848451003E-2
1.207882657E0,1.343903542E-1,1.692096740E-1,-3.665191308E-2
1.209952465E0,1.307251602E-1,1.722639948E-1,-2.871066704E-2
1.211986350E0,1.295034289E-1,1.716531366E-1,-2.443460934E-2
1.214055580E0,1.270599663E-1,1.692096740E-1,-1.832595654E-2
1.216136234E0,1.264491081E-1,1.679879427E-1,-1.588249579E-2
1.218140503E0,1.252273768E-1,1.655444801E-1,-1.221730467E-2
1.220219311E0,1.246165112E-1,1.612684280E-1,-1.038470957E-2
1.222123580E0,1.276708394E-1,1.588249654E-1,-1.038470957E-2
1.224122773E0,1.246165112E-1,1.502728462E-1,-6.719517522E-3
1.226190850E0,1.233947799E-1,1.398881376E-1,-2.443460980E-3
1.228224965E0,1.258382350E-1,1.362229437E-1,-6.108652335E-3
1.230293426E0,1.233947799E-1,1.209513173E-1,-6.108652335E-3
1.232327273E0,1.240056455E-1,1.069014147E-1,-4.886921961E-3
1.234395619E0,1.246165112E-1,1.007927656E-1,-4.886921961E-3
1.236478311E0,1.240056455E-1,8.307767659E-2,-9.162978269E-3
1.238436580E0,1.215621829E-1,6.719517708E-2,-8.552113548E-3
1.240438003E0,1.209513173E-1,5.681046844E-2,-1.221730467E-2
1.242506888E0,1.233947799E-1,4.092797264E-2,-1.466076635E-2
1.244541926E0,1.215621829E-1,2.321287990E-2,-1.710422710E-2
1.246610888E0,1.215621829E-1,1.282817032E-2,-1.954768784E-2
1.248645042E0,1.191187203E-1,-4.276056774E-3,-2.443460934E-2
1.250714542E0,1.166752651E-1,-2.076941915E-2,-2.260201424E-2
1.252749542E0,1.160643995E-1,-2.993239649E-2,-2.260201424E-2
1.254817811E0,1.142318025E-1,-4.581489414E-2,-2.871066704E-2
1.256899580E0,1.105666086E-1,-6.169738993E-2,-2.809980139E-2
1.258904965E0,1.093448773E-1,-7.330382615E-2,-3.115412779E-2
1.260860926E0,1.075122803E-1,-7.880161703E-2,-3.298672289E-2
1.262929542E0,1.050688252E-1,-8.918632567E-2,-2.932153270E-2
1.264964272E0,9.896016866E-2,-9.224065393E-2,-3.237585723E-2
1.267032734E0,9.529497474E-2,-9.896016866E-2,-3.604105115E-2
1.269066772E0,9.162978828E-2,-1.032362282E-1,-3.359758854E-2
1.271136388E0,8.429940045E-2,-1.069014147E-1,-3.604105115E-2
1.273170042E0,8.246681094E-2,-1.081231460E-1,-3.970624134E-2
1.275239042E0,7.513642311E-2,-1.069014147E-1,-3.543018550E-2
1.277320619E0,7.024950534E-2,-1.056796908E-1,-4.153883830E-2
1.279277888E0,6.841690838E-2,-1.032362282E-1,-4.031710699E-2
1.281401619E0,6.352998316E-2,-9.834930301E-2,-3.909537569E-2
1.283306619E0,5.864306539E-2,-8.979719132E-2,-4.276056588E-2
1.285306080E0,5.803219974E-2,-8.429940045E-2,-4.581489414E-2
1.287374849E0,5.253441259E-2,-7.574728876E-2,-3.970624134E-2
1.289408926E0,5.131268129E-2,-6.414084882E-2,-4.825835302E-2
1.291477465E0,4.764748737E-2,-5.925392732E-2,-4.581489414E-2
1.293512080E0,4.703662544E-2,-4.703662544E-2,-4.276056588E-2
1.295580119E0,4.337143153E-2,-3.481931984E-2,-4.459316283E-2
1.297662118E0,4.520402849E-2,-2.932153270E-2,-4.581489414E-2
1.299666157E0,4.153883830E-2,-1.893682219E-2,-4.031710699E-2
1.301808118E0,3.726277873E-2,-7.330383174E-3,-4.092797264E-2
1.303644003E0,3.665191308E-2,-3.665191587E-3,-3.848451003E-2
1.305643542E0,3.237585723E-2,7.330383174E-3,-3.543018550E-2
1.307711926E0,2.871066704E-2,1.404990070E-2,-3.237585723E-2
1.309746772E0,2.748893574E-2,1.832595654E-2,-3.054326214E-2
1.311815465E0,2.260201424E-2,2.626720630E-2,-2.382374369E-2
1.313849695E0,2.138028294E-2,3.481931984E-2,-2.260201424E-2
1.315918926E0,2.199114859E-2,3.420845419E-2,-1.893682219E-2
1.318001080E0,1.771509275E-2,3.970624134E-2,-1.099557430E-2
1.319958426E0,1.038470957E-2,4.276056588E-2,-1.099557430E-2
1.321959195E0,1.038470957E-2,4.276056588E-2,-1.038470957E-2
1.324028388E0,4.886921961E-3,4.398229718E-2,-1.832595794E-3
1.326062772E0,2.443460980E-3,4.459316283E-2,0.000000000E0
1.328131580E0,-6.108652451E-4,4.092797264E-2,6.719517522E-3
1.330166426E0,-6.108652451E-4,4.031710699E-2,7.941247895E-3
1.332235272E0,-7.330383174E-3,3.420845419E-2,1.099557430E-2
1.334270388E0,-9.162978269E-3,3.054326214E-2,1.221730467E-2
1.336338541E0,-9.773843922E-3,2.626720630E-2,1.771509275E-2
1.338420772E0,-1.160643995E-2,1.954768784E-2,1.588249579E-2
1.340426772E0,-1.160643995E-2,1.038470957E-2,1.832595654E-2
1.342383426E0,-1.466076635E-2,8.552113548E-3,2.138028294E-2
1.344452926E0,-1.710422710E-2,0.000000000E0,2.076941915E-2
1.346487272E0,-2.138028294E-2,-1.099557430E-2,2.443460934E-2
1.348556349E0,-2.015855350E-2,-1.466076635E-2,2.443460934E-2
1.350590772E0,-2.443460934E-2,-2.321287990E-2,2.260201424E-2
1.352660003E0,-2.565634064E-2,-3.176499158E-2,2.321287990E-2
1.354695080E0,-2.687807009E-2,-3.726277873E-2,2.565634064E-2
1.356764311E0,-2.748893574E-2,-4.581489414E-2,2.138028294E-2
1.358847118E0,-2.565634064E-2,-5.619960278E-2,2.504547499E-2
1.360805811E0,-2.504547499E-2,-6.169738993E-2,2.687807009E-2
1.362928849E0,-2.138028294E-2,-6.902777404E-2,2.382374369E-2
1.364833887E0,-1.832595654E-2,-7.880161703E-2,2.321287990E-2
1.366833464E0,-1.649336144E-2,-8.246681094E-2,2.871066704E-2
1.368902464E0,-1.404990070E-2,-8.918632567E-2,2.687807009E-2
1.370937080E0,-1.160643995E-2,-9.712757170E-2,2.993239649E-2
1.373005849E0,-9.773843922E-3,-1.026253626E-1,2.932153270E-2
1.375039618E0,-6.108652335E-3,-1.038470939E-1,2.932153270E-2
1.377108657E0,-2.443460980E-3,-1.093448773E-1,3.115412779E-2
1.379190349E0,6.108652451E-4,-1.166752651E-1,2.993239649E-2
1.381194849E0,4.276056774E-3,-1.185078546E-1,2.809980139E-2
1.383273926E0,4.886921961E-3,-1.209513173E-1,3.298672289E-2
1.385179695E0,8.552113548E-3,-1.246165112E-1,2.809980139E-2
1.387179657E0,8.552113548E-3,-1.227839142E-1,2.809980139E-2
1.389248041E0,1.160643995E-2,-1.227839142E-1,3.054326214E-2
1.391282234E0,1.160643995E-2,-1.209513173E-1,2.687807009E-2
1.393351157E0,1.160643995E-2,-1.203404516E-1,2.748893574E-2
1.395385118E0,1.588249579E-2,-1.148426682E-1,2.687807009E-2
1.397468849E0,1.466076635E-2,-1.117883399E-1,2.626720630E-2
1.399535541E0,1.527163107E-2,-1.099557430E-1,2.565634064E-2
1.401493503E0,1.404990070E-2,-1.026253626E-1,2.809980139E-2
1.403493887E0,1.527163107E-2,-9.529497474E-2,2.443460934E-2
1.405563233E0,1.527163107E-2,-9.346238524E-2,2.687807009E-2
1.407597887E0,1.527163107E-2,-8.429940045E-2,2.809980139E-2
1.409666272E0,1.466076635E-2,-7.696902007E-2,2.809980139E-2
1.411701080E0,1.221730467E-2,-7.391469181E-2,2.687807009E-2
1.413725233E0,1.099557430E-2,-6.230825558E-2,3.115412779E-2
1.415725118E0,1.221730467E-2,-4.948008433E-2,2.932153270E-2
1.417794349E0,1.099557430E-2,-4.520402849E-2,2.626720630E-2
1.419875887E0,1.099557430E-2,-3.237585723E-2,3.054326214E-2
1.421881733E0,1.038470957E-2,-2.015855350E-2,2.932153270E-2
1.423839964E0,1.038470957E-2,-1.527163107E-2,2.993239649E-2
1.425909310E0,8.552113548E-3,-8.552113548E-3,3.298672289E-2
1.427943964E0,7.330383174E-3,-6.108652451E-4,3.054326214E-2
1.430013003E0,4.276056774E-3,9.773843922E-3,3.420845419E-2
1.432047926E0,4.886921961E-3,1.466076635E-2,3.298672289E-2
1.434116733E0,1.832595794E-3,2.260201424E-2,3.237585723E-2
1.436150887E0,-1.221730490E-3,2.993239649E-2,3.298672289E-2
1.438220849E0,-1.221730490E-3,3.359758854E-2,3.359758854E-2
1.440302503E0,-3.054326167E-3,3.970624134E-2,3.420845419E-2
1.442259772E0,-6.719517522E-3,4.825835302E-2,3.359758854E-2
1.444386003E0,-6.108652335E-3,4.948008433E-2,3.359758854E-2
1.446291695E0,-7.941247895E-3,5.681046844E-2,3.115412779E-2
1.448291349E0,-1.099557430E-2,6.230825558E-2,3.054326214E-2
1.450360579E0,-1.221730467E-2,6.597344577E-2,3.115412779E-2
1.452395272E0,-1.588249579E-2,6.841690838E-2,2.871066704E-2
1.454465195E0,-1.466076635E-2,7.147123665E-2,2.871066704E-2
1.456500079E0,-1.527163107E-2,7.208210230E-2,2.748893574E-2
1.458569464E0,-1.710422710E-2,7.452555746E-2,2.626720630E-2
1.460650810E0,-1.771509275E-2,7.696902007E-2,2.382374369E-2
1.462655426E0,-1.649336144E-2,7.819075137E-2,2.199114859E-2
1.464797272E0,-1.893682219E-2,7.880161703E-2,1.893682219E-2
1.466632502E0,-2.076941915E-2,7.757988572E-2,1.771509275E-2
1.468631964E0,-2.321287990E-2,7.696902007E-2,1.893682219E-2
1.470700849E0,-2.260201424E-2,7.696902007E-2,1.649336144E-2
1.472734964E0,-2.199114859E-2,7.696902007E-2,1.099557430E-2
1.474804118E0,-2.138028294E-2,7.819075137E-2,1.221730467E-2
1.476838656E0,-2.443460934E-2,7.574728876E-2,1.099557430E-2
1.478907464E0,-2.382374369E-2,7.452555746E-2,4.886921961E-3
1.480988733E0,-2.199114859E-2,7.391469181E-2,6.719517522E-3
1.482946041E0,-2.076941915E-2,7.696902007E-2,4.276056774E-3
1.484946118E0,-2.138028294E-2,7.269296050E-2,-1.832595794E-3
1.487014887E0,-2.199114859E-2,7.269296050E-2,2.443460980E-3
1.489048925E0,-2.015855350E-2,7.330382615E-2,1.221730490E-3
1.491117925E0,-1.771509275E-2,7.452555746E-2,-7.330383174E-3
1.493152156E0,-1.954768784E-2,7.574728876E-2,1.221730490E-3
1.495220425E0,-1.588249579E-2,7.574728876E-2,0.000000000E0
1.497254387E0,-1.588249579E-2,7.757988572E-2,-7.330383174E-3
1.499323541E0,-1.466076635E-2,7.880161703E-2,-4.886921961E-3
1.501405425E0,-1.282817032E-2,7.880161703E-2,-3.665191587E-3
1.503410233E0,-1.282817032E-2,8.124507964E-2,-5.497787148E-3
1.505365772E0,-9.773843922E-3,8.246681094E-2,-3.054326167E-3
1.507434925E0,-7.941247895E-3,8.491026610E-2,-5.497787148E-3
1.509468618E0,-6.719517522E-3,8.857546002E-2,-9.162978269E-3
1.511538233E0,-5.497787148E-3,9.407325089E-2,-3.054326167E-3
1.513572118E0,-4.886921961E-3,9.590584040E-2,-5.497787148E-3
1.515640848E0,0.000000000E0,1.014036313E-1,-6.719517522E-3
1.517675195E0,1.832595794E-3,1.081231460E-1,-5.497787148E-3
1.519744310E0,-1.832595794E-3,1.099557430E-1,-3.054326167E-3
1.521826195E0,3.054326167E-3,1.191187203E-1,-7.330383174E-3
1.523784233E0,6.719517522E-3,1.258382350E-1,-6.719517522E-3
1.525907925E0,7.941247895E-3,1.325577646E-1,-1.160643995E-2
1.527813041E0,1.160643995E-2,1.362229437E-1,-8.552113548E-3
1.529812848E0,1.221730467E-2,1.435533315E-1,-7.941247895E-3
1.531881464E0,1.282817032E-2,1.466076523E-1,-6.719517522E-3
1.533916425E0,1.466076635E-2,1.521054506E-1,-6.108652335E-3
1.535985964E0,2.076941915E-2,1.631010175E-1,-1.160643995E-2
1.538020310E0,2.076941915E-2,1.716531366E-1,-9.162978269E-3
1.540089464E0,2.199114859E-2,1.759291887E-1,-9.773843922E-3
1.542171041E0,2.260201424E-2,1.850921661E-1,-5.497787148E-3
1.544175156E0,2.321287990E-2,1.948660165E-1,-7.941247895E-3
1.546253848E0,2.748893574E-2,2.021963894E-1,-7.330383174E-3
1.548158964E0,2.687807009E-2,2.113593817E-1,-4.886921961E-3
1.550158348E0,2.443460934E-2,2.211332172E-1,-2.443460980E-3
1.552226848E0,2.871066704E-2,2.247984111E-1,-4.886921961E-3
1.554261656E0,2.687807009E-2,2.357939780E-1,1.221730490E-3
1.556330541E0,2.626720630E-2,2.443460971E-1,-6.108652451E-4
1.558365079E0,2.748893574E-2,2.498438805E-1,-6.108652451E-4
1.560434156E0,2.565634064E-2,2.590068579E-1,-1.221730490E-3
1.562515925E0,2.260201424E-2,2.675589919E-1,6.108652451E-4
1.564473579E0,2.260201424E-2,2.712241709E-1,1.221730490E-3
1.566474117E0,2.199114859E-2,2.803871334E-1,6.108652451E-4
1.568543194E0,2.015855350E-2,2.889392674E-1,-1.832595794E-3
1.570577887E0,1.771509275E-2,2.926044464E-1,-1.221730490E-3
1.572646233E0,1.710422710E-2,2.999348342E-1,-5.497787148E-3
1.574680579E0,1.649336144E-2,3.066543639E-1,-4.276056774E-3
1.576750002E0,1.466076635E-2,3.072652221E-1,-4.886921961E-3
1.578784387E0,1.649336144E-2,3.133738637E-1,-4.276056774E-3
1.580853079E0,1.466076635E-2,3.158173263E-1,-8.552113548E-3
1.582934156E0,1.343903504E-2,3.170390725E-1,-1.160643995E-2
1.584938425E0,1.099557430E-2,3.213151097E-1,-8.552113548E-3
1.586894117E0,6.719517522E-3,3.231477141E-1,-1.038470957E-2
1.588962464E0,5.497787148E-3,3.243694305E-1,-1.343903504E-2
1.590996656E0,4.886921961E-3,3.249803185E-1,-1.343903504E-2
1.593064502E0,1.832595794E-3,3.268128932E-1,-1.466076635E-2
1.595098694E0,-4.276056774E-3,3.268128932E-1,-1.649336144E-2
1.597166156E0,-5.497787148E-3,3.304781020E-1,-1.954768784E-2
1.599200387E0,-9.773843922E-3,3.280346394E-1,-2.015855350E-2
1.601269194E0,-1.466076635E-2,3.316998184E-1,-2.015855350E-2
1.603351310E0,-1.710422710E-2,3.292563558E-1,-2.199114859E-2
1.605308887E0,-1.954768784E-2,3.341432810E-1,-2.565634064E-2
1.607432463E0,-2.504547499E-2,3.310889602E-1,-2.748893574E-2
1.609337502E0,-2.871066704E-2,3.329215646E-1,-2.932153270E-2
1.611337502E0,-3.359758854E-2,3.316998184E-1,-3.237585723E-2
1.613405771E0,-3.604105115E-2,3.298672438E-1,-3.115412779E-2
1.615439963E0,-4.092797264E-2,3.286454976E-1,-2.993239649E-2
1.617508617E0,-4.398229718E-2,3.262020350E-1,-3.543018550E-2
1.619543694E0,-4.948008433E-2,3.207042515E-1,-3.665191308E-2
1.621611848E0,-4.948008433E-2,3.194825351E-1,-3.909537569E-2
1.623694156E0,-5.436700583E-2,3.164281845E-1,-3.665191308E-2
1.625699579E0,-5.925392732E-2,3.121521473E-1,-3.909537569E-2
1.627842463E0,-5.986479297E-2,3.109304011E-1,-3.909537569E-2
1.629679271E0,-6.291911751E-2,3.060434759E-1,-3.909537569E-2
1.631678348E0,-6.291911751E-2,3.042109013E-1,-4.214970022E-2
1.633747310E0,-6.719517708E-2,3.048217595E-1,-4.459316283E-2
1.635781810E0,-6.963863969E-2,3.017674387E-1,-4.337143153E-2
1.637851194E0,-7.269296050E-2,2.987131178E-1,-4.337143153E-2
1.639885809E0,-7.391469181E-2,2.981022298E-1,-4.214970022E-2
1.641954656E0,-7.635815442E-2,2.987131178E-1,-4.459316283E-2
1.644037156E0,-8.063421398E-2,2.981022298E-1,-4.520402849E-2
1.645995502E0,-8.429940045E-2,2.956587672E-1,-4.276056588E-2
1.647996079E0,-8.185594529E-2,2.944370508E-1,-4.581489414E-2
1.650064771E0,-8.735372871E-2,2.938261926E-1,-4.337143153E-2
1.652099386E0,-9.101892263E-2,2.962696552E-1,-4.703662544E-2
1.654168771E0,-9.285151958E-2,2.932153046E-1,-4.520402849E-2
1.656203348E0,-9.468411654E-2,2.968805134E-1,-4.703662544E-2
1.658228309E0,-9.651670605E-2,2.938261926E-1,-4.581489414E-2
1.660227732E0,-9.896016866E-2,2.944370508E-1,-4.520402849E-2
1.662296271E0,-9.834930301E-2,2.950479090E-1,-4.886921868E-2
1.664378309E0,-1.020144969E-1,2.956587672E-1,-4.825835302E-2
1.666384156E0,-1.014036313E-1,2.938261926E-1,-5.131268129E-2
1.668342540E0,-1.020144969E-1,2.913827300E-1,-5.070181563E-2
1.670411271E0,-1.044579595E-1,2.907718420E-1,-4.948008433E-2
1.672445886E0,-1.026253626E-1,2.895501256E-1,-5.436700583E-2
1.674515348E0,-1.050688252E-1,2.901609838E-1,-5.619960278E-2
1.676549809E0,-1.081231460E-1,2.889392674E-1,-5.681046844E-2
1.678619079E0,-1.087340117E-1,2.883284092E-1,-5.803219974E-2
1.680653617E0,-1.069014147E-1,2.871066630E-1,-5.986479297E-2
1.682722886E0,-1.075122803E-1,2.864958048E-1,-5.803219974E-2
1.684804002E0,-1.075122803E-1,2.816088796E-1,-5.864306539E-2
1.686762232E0,-1.075122803E-1,2.797762752E-1,-6.047565863E-2
1.688886617E0,-1.093448773E-1,2.816088796E-1,-5.925392732E-2
1.690793002E0,-1.099557430E-1,2.816088796E-1,-6.230825558E-2
1.692792194E0,-1.099557430E-1,2.803871334E-1,-5.986479297E-2
1.694861617E0,-1.111774743E-1,2.797762752E-1,-5.986479297E-2
1.696895963E0,-1.123992056E-1,2.797762752E-1,-6.230825558E-2
1.698964617E0,-1.123992056E-1,2.809980214E-1,-5.925392732E-2
1.700998886E0,-1.123992056E-1,2.834414840E-1,-6.291911751E-2
1.703068002E0,-1.123992056E-1,2.858849466E-1,-6.047565863E-2
1.705150194E0,-1.154535338E-1,2.864958048E-1,-6.169738993E-2
1.707154925E0,-1.142318025E-1,2.901609838E-1,-6.047565863E-2
1.709234771E0,-1.160643995E-1,2.932153046E-1,-6.108652428E-2
1.711140463E0,-1.136209369E-1,2.962696552E-1,-6.230825558E-2
1.713140425E0,-1.160643995E-1,2.999348342E-1,-6.047565863E-2
1.715209771E0,-1.172861308E-1,3.042109013E-1,-6.047565863E-2
1.717244463E0,-1.154535338E-1,3.084869385E-1,-6.414084882E-2
1.719313425E0,-1.178969890E-1,3.139847219E-1,-6.352998316E-2
1.721348886E0,-1.166752651E-1,3.207042515E-1,-5.925392732E-2
1.723418540E0,-1.221730486E-1,3.237585723E-1,-6.108652428E-2
1.725500501E0,-1.203404516E-1,3.298672438E-1,-6.169738993E-2
1.727458540E0,-1.209513173E-1,3.359758854E-1,-6.047565863E-2
1.729459463E0,-1.203404516E-1,3.396410644E-1,-6.475171447E-2
1.731528617E0,-1.221730486E-1,3.445279896E-1,-6.047565863E-2
1.733563809E0,-1.233947799E-1,3.488040566E-1,-5.864306539E-2
1.735632309E0,-1.258382350E-1,3.506366611E-1,-5.864306539E-2
1.737667732E0,-1.252273768E-1,3.543018401E-1,-5.742133409E-2
1.739737194E0,-1.258382350E-1,3.585779071E-1,-5.681046844E-2
1.741772117E0,-1.282816976E-1,3.604104817E-1,-5.742133409E-2
1.743841194E0,-1.270599663E-1,3.610213697E-1,-5.742133409E-2
1.745923424E0,-1.301143020E-1,3.604104817E-1,-5.131268129E-2
1.747928848E0,-1.301143020E-1,3.628539443E-1,-5.436700583E-2
1.749885617E0,-1.295034289E-1,3.622430861E-1,-5.436700583E-2
1.751955155E0,-1.343903542E-1,3.628539443E-1,-4.948008433E-2
1.753990001E0,-1.350012124E-1,3.628539443E-1,-5.436700583E-2
1.756058463E0,-1.331686229E-1,3.652974069E-1,-5.314527452E-2
1.758093040E0,-1.337794960E-1,3.616322279E-1,-5.009094998E-2
1.760162117E0,-1.380555481E-1,3.610213697E-1,-5.009094998E-2
1.762196155E0,-1.319468915E-1,3.610213697E-1,-5.192354694E-2
1.764265424E0,-1.343903542E-1,3.591887653E-1,-4.581489414E-2
1.766347232E0,-1.313360333E-1,3.573561609E-1,-5.131268129E-2
1.768305117E0,-1.350012124E-1,3.573561609E-1,-5.070181563E-2
1.770429040E0,-1.337794960E-1,3.543018401E-1,-4.276056588E-2
1.772334155E0,-1.295034289E-1,3.555235863E-1,-5.192354694E-2
1.774333117E0,-1.325577646E-1,3.524692357E-1,-5.070181563E-2
1.776402001E0,-1.301143020E-1,3.500257730E-1,-4.948008433E-2
1.778436463E0,-1.295034289E-1,3.494149148E-1,-4.825835302E-2
1.780505001E0,-1.307251602E-1,3.469714522E-1,-4.886921868E-2
1.782539078E0,-1.282816976E-1,3.475823104E-1,-4.825835302E-2
1.784607924E0,-1.246165112E-1,3.439171314E-1,-5.436700583E-2
1.786689924E0,-1.258382350E-1,3.402519524E-1,-5.131268129E-2
1.788694386E0,-1.240056455E-1,3.390302062E-1,-5.192354694E-2
1.790836809E0,-1.233947799E-1,3.341432810E-1,-5.375614017E-2
1.792672040E0,-1.197295859E-1,3.323107064E-1,-5.681046844E-2
1.794671501E0,-1.160643995E-1,3.323107064E-1,-5.436700583E-2
1.796740694E0,-1.178969890E-1,3.292563558E-1,-5.619960278E-2
1.798775809E0,-1.142318025E-1,3.286454976E-1,-5.864306539E-2
1.800845078E0,-1.123992056E-1,3.255911767E-1,-5.864306539E-2
1.802879770E0,-1.081231460E-1,3.207042515E-1,-6.230825558E-2
1.804963309E0,-1.081231460E-1,3.182607889E-1,-5.497787148E-2
1.807031232E0,-1.069014147E-1,3.152064681E-1,-5.864306539E-2
1.808989078E0,-1.032362282E-1,3.115412891E-1,-6.169738993E-2
1.810990809E0,-1.020144969E-1,3.072652221E-1,-5.864306539E-2
1.813059924E0,-1.032362282E-1,3.042109013E-1,-5.864306539E-2
1.815095001E0,-9.773843735E-2,2.999348342E-1,-6.108652428E-2
1.817164117E0,-9.407325089E-2,2.956587672E-1,-5.986479297E-2
1.819198732E0,-9.407325089E-2,2.932153046E-1,-6.047565863E-2
1.821268232E0,-8.735372871E-2,2.895501256E-1,-6.230825558E-2
1.823303155E0,-8.735372871E-2,2.822197378E-1,-6.047565863E-2
1.825372001E0,-8.918632567E-2,2.803871334E-1,-6.230825558E-2
1.827454501E0,-8.613199741E-2,2.748893499E-1,-6.169738993E-2
1.829460424E0,-8.429940045E-2,2.651155293E-1,-6.169738993E-2
1.831417116E0,-8.185594529E-2,2.614503205E-1,-6.108652428E-2
1.833485809E0,-8.002334833E-2,2.528982162E-1,-6.047565863E-2
1.835520309E0,-7.819075137E-2,2.443460971E-1,-5.803219974E-2
1.837589001E0,-7.941248268E-2,2.394591719E-1,-5.558873713E-2
1.839623078E0,-7.391469181E-2,2.315179259E-1,-5.742133409E-2
1.841691770E0,-7.269296050E-2,2.217440903E-1,-5.558873713E-2
1.843725924E0,-6.780604273E-2,2.125810981E-1,-5.192354694E-2
1.845794424E0,-6.780604273E-2,2.070833147E-1,-5.375614017E-2
1.847875770E0,-6.658431143E-2,1.973094791E-1,-5.131268129E-2
1.849833193E0,-6.230825558E-2,1.899790913E-1,-5.009094998E-2
1.851956539E0,-6.414084882E-2,1.838704348E-1,-4.764748737E-2
1.853862155E0,-5.925392732E-2,1.759291887E-1,-4.886921868E-2
1.855863039E0,-5.925392732E-2,1.661553532E-1,-4.214970022E-2
1.857932616E0,-5.925392732E-2,1.649336219E-1,-4.520402849E-2
1.859967539E0,-5.497787148E-2,1.557706445E-1,-4.337143153E-2
1.862036886E0,-5.925392732E-2,1.466076523E-1,-3.787364438E-2
1.864071616E0,-5.558873713E-2,1.423316002E-1,-3.909537569E-2
1.866141193E0,-5.558873713E-2,1.337794960E-1,-3.848451003E-2
1.868222809E0,-5.681046844E-2,1.288925707E-1,-3.481931984E-2
1.870228193E0,-5.497787148E-2,1.246165112E-1,-3.359758854E-2
1.872306962E0,-5.925392732E-2,1.154535338E-1,-3.237585723E-2
1.874212578E0,-5.803219974E-2,1.081231460E-1,-2.993239649E-2
1.876212578E0,-5.558873713E-2,1.050688252E-1,-3.115412779E-2
1.878281501E0,-5.925392732E-2,9.712757170E-2,-2.748893574E-2
1.880316001E0,-5.986479297E-2,8.918632567E-2,-2.871066704E-2
1.882385847E0,-5.925392732E-2,8.491026610E-2,-2.932153270E-2
1.884420193E0,-6.047565863E-2,7.696902007E-2,-2.687807009E-2
1.886489270E0,-6.230825558E-2,7.024950534E-2,-2.565634064E-2
1.888571001E0,-6.414084882E-2,6.536258012E-2,-2.443460934E-2
1.890528539E0,-6.352998316E-2,5.986479297E-2,-2.321287990E-2
1.892528962E0,-6.536258012E-2,5.436700583E-2,-2.199114859E-2
1.894598270E0,-6.597344577E-2,5.131268129E-2,-2.321287990E-2
1.896632309E0,-6.658431143E-2,4.581489414E-2,-2.321287990E-2
1.898701078E0,-6.902777404E-2,4.214970022E-2,-2.199114859E-2
1.900734924E0,-7.086037099E-2,3.726277873E-2,-2.076941915E-2
1.902759539E0,-7.391469181E-2,3.359758854E-2,-2.076941915E-2
1.904758962E0,-7.513642311E-2,3.115412779E-2,-2.199114859E-2
1.906828232E0,-7.757988572E-2,2.504547499E-2,-2.076941915E-2
1.908909770E0,-7.696902007E-2,2.321287990E-2,-2.138028294E-2
1.910914232E0,-8.307767659E-2,1.893682219E-2,-2.199114859E-2
1.912872078E0,-8.552113175E-2,1.527163107E-2,-2.321287990E-2
1.914940924E0,-8.613199741E-2,1.404990070E-2,-2.199114859E-2
1.916975193E0,-8.918632567E-2,7.941247895E-3,-2.199114859E-2
1.919043924E0,-9.590584040E-2,4.886921961E-3,-2.260201424E-2
1.921078385E0,-9.896016866E-2,5.497787148E-3,-1.832595654E-2
1.923146924E0,-1.026253626E-1,-1.832595794E-3,-1.771509275E-2
1.925180347E0,-1.050688252E-1,-4.886921961E-3,-1.649336144E-2
1.927248770E0,-1.099557430E-1,-5.497787148E-3,-1.771509275E-2
1.929330501E0,-1.111774743E-1,-8.552113548E-3,-1.710422710E-2
1.931288655E0,-1.160643995E-1,-1.343903504E-2,-1.832595654E-2
1.933411424E0,-1.172861308E-1,-1.343903504E-2,-1.649336144E-2
1.935316655E0,-1.215621829E-1,-1.527163107E-2,-1.649336144E-2
1.937316039E0,-1.240056455E-1,-1.893682219E-2,-2.138028294E-2
1.939384693E0,-1.252273768E-1,-2.076941915E-2,-2.015855350E-2
1.941418385E0,-1.276708394E-1,-2.138028294E-2,-1.954768784E-2
1.943487501E0,-1.295034289E-1,-2.015855350E-2,-2.199114859E-2
1.945520578E0,-1.319468915E-1,-2.138028294E-2,-2.015855350E-2
1.947589885E0,-1.356120855E-1,-1.954768784E-2,-2.321287990E-2
1.949671654E0,-1.386664063E-1,-1.954768784E-2,-2.748893574E-2
1.951675962E0,-1.404990107E-1,-2.015855350E-2,-2.748893574E-2
1.953819270E0,-1.423316002E-1,-1.771509275E-2,-2.626720630E-2
1.955655347E0,-1.459967941E-1,-2.015855350E-2,-2.748893574E-2
1.957655154E0,-1.466076523E-1,-1.649336144E-2,-2.565634064E-2
1.959724654E0,-1.496619880E-1,-1.893682219E-2,-2.504547499E-2
1.961759539E0,-1.545489132E-1,-1.710422710E-2,-2.809980139E-2
1.963828385E0,-1.576032341E-1,-1.404990070E-2,-2.565634064E-2
1.965863462E0,-1.545489132E-1,-1.588249579E-2,-2.626720630E-2
1.967932654E0,-1.563815027E-1,-1.588249579E-2,-3.054326214E-2
1.970015385E0,-1.551597714E-1,-1.343903504E-2,-2.565634064E-2
1.971973231E0,-1.588249654E-1,-1.282817032E-2,-2.871066704E-2
1.973973193E0,-1.563815027E-1,-1.099557430E-2,-3.115412779E-2
1.976042924E0,-1.600466967E-1,-1.099557430E-2,-2.748893574E-2
1.978077308E0,-1.563815027E-1,-1.038470957E-2,-2.626720630E-2
1.980146193E0,-1.569923609E-1,-9.162978269E-3,-2.932153270E-2
1.982180154E0,-1.563815027E-1,-7.330383174E-3,-3.115412779E-2
1.984249231E0,-1.569923609E-1,-7.330383174E-3,-2.932153270E-2
1.986284231E0,-1.576032341E-1,-8.552113548E-3,-3.237585723E-2
1.988352385E0,-1.551597714E-1,-7.330383174E-3,-3.115412779E-2
1.990434616E0,-1.521054506E-1,-7.330383174E-3,-3.237585723E-2
1.992439347E0,-1.502728462E-1,-5.497787148E-3,-3.359758854E-2
1.994395885E0,-1.490511149E-1,-6.108652335E-3,-3.115412779E-2
1.996464654E0,-1.478293836E-1,-6.719517522E-3,-3.359758854E-2
1.998498270E0,-1.453859210E-1,-7.330383174E-3,-3.420845419E-2
2.000567924E0,-1.459967941E-1,-8.552113548E-3,-3.237585723E-2
2.002602462E0,-1.423316002E-1,-9.162978269E-3,-3.543018550E-2
2.004670808E0,-1.429424733E-1,-1.404990070E-2,-3.420845419E-2
2.006706423E0,-1.423316002E-1,-1.527163107E-2,-3.420845419E-2
2.008775193E0,-1.398881376E-1,-1.832595654E-2,-3.481931984E-2
2.010857539E0,-1.398881376E-1,-2.199114859E-2,-3.420845419E-2
2.012815923E0,-1.392772794E-1,-2.687807009E-2,-3.481931984E-2
2.014940693E0,-1.368338168E-1,-3.420845419E-2,-3.298672289E-2
2.016847154E0,-1.356120855E-1,-3.543018550E-2,-3.420845419E-2
2.018846231E0,-1.337794960E-1,-4.520402849E-2,-3.298672289E-2
2.020915654E0,-1.343903542E-1,-5.009094998E-2,-3.237585723E-2
2.022950770E0,-1.337794960E-1,-5.314527452E-2,-3.298672289E-2
2.025019346E0,-1.350012124E-1,-5.925392732E-2,-3.237585723E-2
2.027054962E0,-1.313360333E-1,-6.902777404E-2,-3.054326214E-2
2.029123116E0,-1.301143020E-1,-7.024950534E-2,-3.359758854E-2
2.031206308E0,-1.307251602E-1,-8.063421398E-2,-3.054326214E-2
2.033211923E0,-1.313360333E-1,-8.918632567E-2,-3.115412779E-2
2.035292500E0,-1.307251602E-1,-9.040805697E-2,-3.298672289E-2
2.037198731E0,-1.319468915E-1,-9.712757170E-2,-3.298672289E-2
2.039198693E0,-1.313360333E-1,-1.056796908E-1,-3.298672289E-2
2.041268116E0,-1.301143020E-1,-1.081231460E-1,-3.237585723E-2
2.043303846E0,-1.301143020E-1,-1.148426682E-1,-2.932153270E-2
2.045372539E0,-1.295034289E-1,-1.209513173E-1,-2.993239649E-2
2.047407269E0,-1.282816976E-1,-1.215621829E-1,-3.481931984E-2
2.049476808E0,-1.313360333E-1,-1.282816976E-1,-2.626720630E-2
2.051558846E0,-1.307251602E-1,-1.319468915E-1,-2.932153270E-2
2.053516962E0,-1.295034289E-1,-1.343903542E-1,-3.176499158E-2
2.055517769E0,-1.252273768E-1,-1.380555481E-1,-2.932153270E-2
2.057587731E0,-1.270599663E-1,-1.417207420E-1,-2.809980139E-2
2.059623231E0,-1.252273768E-1,-1.417207420E-1,-3.237585723E-2
2.061692693E0,-1.240056455E-1,-1.453859210E-1,-2.626720630E-2
2.063726885E0,-1.227839142E-1,-1.441642046E-1,-2.748893574E-2
2.065795923E0,-1.215621829E-1,-1.453859210E-1,-2.748893574E-2
2.067831116E0,-1.221730486E-1,-1.459967941E-1,-2.565634064E-2
2.069900616E0,-1.172861308E-1,-1.459967941E-1,-2.443460934E-2
2.071983039E0,-1.160643995E-1,-1.453859210E-1,-2.626720630E-2
2.073988808E0,-1.160643995E-1,-1.429424733E-1,-2.565634064E-2
2.075945692E0,-1.142318025E-1,-1.386664063E-1,-2.565634064E-2
2.078015577E0,-1.105666086E-1,-1.362229437E-1,-2.565634064E-2
2.080049731E0,-1.117883399E-1,-1.343903542E-1,-2.321287990E-2
2.082119308E0,-1.075122803E-1,-1.307251602E-1,-2.321287990E-2
2.084154154E0,-1.069014147E-1,-1.282816976E-1,-2.076941915E-2
2.086223769E0,-1.062905490E-1,-1.252273768E-1,-2.199114859E-2
2.088257808E0,-1.038470939E-1,-1.203404516E-1,-2.076941915E-2
2.090327115E0,-1.007927656E-1,-1.160643995E-1,-2.138028294E-2
2.092409346E0,-9.773843735E-2,-1.178969890E-1,-2.076941915E-2
2.094368423E0,-9.407325089E-2,-1.123992056E-1,-2.015855350E-2
2.096492231E0,-9.346238524E-2,-1.087340117E-1,-1.832595654E-2
2.098397808E0,-8.918632567E-2,-1.044579595E-1,-2.015855350E-2
2.100396923E0,-8.796459436E-2,-1.001819000E-1,-1.710422710E-2
2.102467154E0,-8.674286306E-2,-9.834930301E-2,-2.015855350E-2
2.104501231E0,-8.185594529E-2,-9.529497474E-2,-2.138028294E-2
2.106570538E0,-7.941248268E-2,-9.040805697E-2,-1.771509275E-2
2.108604769E0,-7.880161703E-2,-8.613199741E-2,-1.710422710E-2
2.110674308E0,-7.452555746E-2,-8.124507964E-2,-1.710422710E-2
2.112755385E0,-7.024950534E-2,-7.941248268E-2,-2.015855350E-2
2.114759923E0,-7.024950534E-2,-7.696902007E-2,-1.710422710E-2
2.116901808E0,-6.536258012E-2,-7.391469181E-2,-1.893682219E-2
2.118737538E0,-6.719517708E-2,-7.269296050E-2,-1.466076635E-2
2.120736654E0,-5.986479297E-2,-6.841690838E-2,-2.015855350E-2
2.122805538E0,-5.742133409E-2,-6.658431143E-2,-1.282817032E-2
2.124839731E0,-5.558873713E-2,-6.536258012E-2,-1.404990070E-2
2.126908692E0,-4.886921868E-2,-6.230825558E-2,-1.771509275E-2
2.128943038E0,-4.520402849E-2,-5.925392732E-2,-1.771509275E-2
2.131011885E0,-4.948008433E-2,-5.925392732E-2,-1.466076635E-2
2.133092731E0,-4.642575979E-2,-5.986479297E-2,-1.710422710E-2
2.135049269E0,-3.909537569E-2,-5.681046844E-2,-1.527163107E-2
2.137049692E0,-3.848451003E-2,-5.742133409E-2,-1.710422710E-2
2.139118654E0,-4.031710699E-2,-5.619960278E-2,-1.588249579E-2
2.141152461E0,-3.604105115E-2,-5.864306539E-2,-1.099557430E-2
2.143221538E0,-3.359758854E-2,-5.742133409E-2,-1.404990070E-2
2.145256308E0,-3.176499158E-2,-5.742133409E-2,-1.282817032E-2
2.147280115E0,-2.871066704E-2,-5.986479297E-2,-1.038470957E-2
2.149280384E0,-2.565634064E-2,-6.047565863E-2,-9.773843922E-3
2.151348577E0,-2.382374369E-2,-6.047565863E-2,-9.162978269E-3
2.153430154E0,-2.076941915E-2,-6.230825558E-2,-9.162978269E-3
2.155434538E0,-2.015855350E-2,-6.414084882E-2,-1.038470957E-2
2.157392038E0,-1.527163107E-2,-6.597344577E-2,-8.552113548E-3
2.159461884E0,-1.343903504E-2,-6.780604273E-2,-7.330383174E-3
2.161497000E0,-1.038470957E-2,-6.658431143E-2,-5.497787148E-3
2.163566000E0,-1.099557430E-2,-6.902777404E-2,-5.497787148E-3
2.165600577E0,-7.330383174E-3,-6.963863969E-2,-4.886921961E-3
2.167670231E0,6.108652451E-4,-7.208210230E-2,-4.276056774E-3
2.169704500E0,2.443460980E-3,-7.330382615E-2,-3.665191587E-3
2.171773807E0,4.276056774E-3,-7.391469181E-2,-3.665191587E-3
2.173855846E0,9.773843922E-3,-7.513642311E-2,-1.832595794E-3
2.175814269E0,1.160643995E-2,-7.330382615E-2,-3.665191587E-3
2.177937077E0,1.588249579E-2,-7.391469181E-2,-1.221730490E-3
2.179842461E0,2.076941915E-2,-7.513642311E-2,-6.108652451E-4
2.181841538E0,2.382374369E-2,-7.513642311E-2,0.000000000E0
2.183910192E0,2.626720630E-2,-7.391469181E-2,-6.108652451E-4
2.185944307E0,3.054326214E-2,-7.086037099E-2,6.108652451E-4
2.188013115E0,3.237585723E-2,-7.086037099E-2,1.832595794E-3
2.190047807E0,3.787364438E-2,-7.024950534E-2,6.108652451E-4
2.192116769E0,4.092797264E-2,-6.902777404E-2,6.108652451E-4
2.194198384E0,4.276056588E-2,-6.841690838E-2,0.000000000E0
2.196204346E0,4.459316283E-2,-6.475171447E-2,6.108652451E-4
2.198284000E0,4.825835302E-2,-6.352998316E-2,1.832595794E-3
2.200189923E0,4.948008433E-2,-6.169738993E-2,3.054326167E-3
2.202189500E0,5.009094998E-2,-5.925392732E-2,-6.108652451E-4
2.204258807E0,5.681046844E-2,-5.742133409E-2,-3.054326167E-3
2.206293269E0,5.803219974E-2,-5.558873713E-2,-1.221730490E-3
2.208361923E0,6.047565863E-2,-5.436700583E-2,1.832595794E-3
2.210396038E0,5.742133409E-2,-5.375614017E-2,1.221730490E-3
2.212479577E0,6.291911751E-2,-5.314527452E-2,0.000000000E0
2.214547000E0,6.658431143E-2,-5.314527452E-2,2.443460980E-3
2.216504692E0,6.719517708E-2,-5.070181563E-2,-6.108652451E-4
2.218504769E0,6.597344577E-2,-4.886921868E-2,-1.221730490E-3
2.220573500E0,7.024950534E-2,-4.825835302E-2,1.832595794E-3
2.222609000E0,7.147123665E-2,-4.948008433E-2,-6.108652451E-4
2.224677269E0,6.963863969E-2,-4.703662544E-2,1.832595794E-3
2.226711423E0,7.147123665E-2,-4.948008433E-2,5.497787148E-3
2.228780500E0,7.086037099E-2,-4.886921868E-2,1.832595794E-3
2.230815384E0,7.452555746E-2,-4.825835302E-2,3.054326167E-3
2.232884115E0,7.330382615E-2,-4.948008433E-2,2.443460980E-3
2.234967000E0,7.574728876E-2,-5.009094998E-2,3.054326167E-3
2.236972307E0,7.574728876E-2,-5.375614017E-2,4.886921961E-3
2.238928846E0,7.635815442E-2,-5.497787148E-2,7.330383174E-3
2.240997423E0,7.880161703E-2,-5.803219974E-2,7.330383174E-3
2.243032461E0,7.941248268E-2,-5.864306539E-2,5.497787148E-3
2.245101307E0,7.941248268E-2,-6.352998316E-2,7.330383174E-3
2.247136499E0,8.002334833E-2,-6.291911751E-2,1.282817032E-2
2.249205807E0,8.307767659E-2,-6.597344577E-2,1.099557430E-2
2.251240576E0,8.185594529E-2,-6.780604273E-2,1.282817032E-2
2.253310115E0,8.246681094E-2,-6.902777404E-2,1.404990070E-2
2.255392230E0,8.246681094E-2,-7.024950534E-2,1.588249579E-2
2.257350230E0,8.368854225E-2,-6.963863969E-2,1.466076635E-2
2.259473884E0,8.613199741E-2,-6.963863969E-2,1.710422710E-2
2.261380269E0,8.796459436E-2,-6.902777404E-2,1.832595654E-2
2.263379576E0,8.552113175E-2,-7.208210230E-2,1.832595654E-2
2.265448730E0,8.918632567E-2,-6.902777404E-2,1.649336144E-2
2.267483461E0,8.979719132E-2,-6.719517708E-2,1.832595654E-2
2.269552153E0,8.857546002E-2,-6.597344577E-2,2.015855350E-2
2.271586769E0,9.040805697E-2,-6.597344577E-2,1.893682219E-2
2.273655884E0,9.224065393E-2,-6.169738993E-2,1.954768784E-2
2.275737922E0,9.285151958E-2,-5.986479297E-2,2.321287990E-2
2.277743499E0,9.407325089E-2,-5.864306539E-2,2.015855350E-2
2.279886807E0,9.468411654E-2,-5.742133409E-2,2.199114859E-2
2.281722576E0,9.651670605E-2,-5.192354694E-2,2.260201424E-2
2.283721999E0,9.773843735E-2,-5.070181563E-2,2.015855350E-2
2.285791692E0,1.001819000E-1,-4.764748737E-2,2.260201424E-2
2.287826115E0,9.957103431E-2,-4.459316283E-2,2.565634064E-2
2.289895230E0,1.014036313E-1,-4.459316283E-2,2.565634064E-2
2.291930307E0,1.026253626E-1,-4.092797264E-2,2.871066704E-2
2.293999153E0,1.038470939E-1,-4.092797264E-2,2.504547499E-2
2.296081807E0,1.062905490E-1,-3.787364438E-2,2.321287990E-2
2.298040038E0,1.038470939E-1,-3.665191308E-2,2.687807009E-2
2.300041307E0,1.062905490E-1,-3.604105115E-2,2.626720630E-2
2.302110384E0,1.087340117E-1,-3.665191308E-2,2.382374369E-2
2.304145115E0,1.075122803E-1,-3.787364438E-2,2.626720630E-2
2.306215307E0,1.093448773E-1,-3.787364438E-2,2.199114859E-2
2.308249615E0,1.087340117E-1,-3.909537569E-2,2.015855350E-2
2.310318076E0,1.117883399E-1,-3.970624134E-2,2.199114859E-2
2.312353192E0,1.099557430E-1,-4.153883830E-2,1.954768784E-2
2.314422115E0,1.136209369E-1,-4.092797264E-2,1.710422710E-2
2.316503961E0,1.123992056E-1,-4.520402849E-2,1.832595654E-2
2.318508384E0,1.105666086E-1,-4.703662544E-2,1.588249579E-2
2.320465884E0,1.130100712E-1,-4.520402849E-2,1.404990070E-2
2.322534730E0,1.142318025E-1,-4.825835302E-2,1.221730467E-2
2.324569268E0,1.130100712E-1,-4.886921868E-2,1.160643995E-2
2.326638499E0,1.142318025E-1,-5.131268129E-2,9.162978269E-3
2.328673691E0,1.154535338E-1,-5.070181563E-2,1.343903504E-2
2.330743038E0,1.117883399E-1,-5.009094998E-2,1.221730467E-2
2.332777768E0,1.148426682E-1,-5.009094998E-2,9.773843922E-3
2.334847461E0,1.185078546E-1,-4.948008433E-2,1.160643995E-2
2.336929845E0,1.154535338E-1,-4.764748737E-2,1.343903504E-2
2.338887115E0,1.166752651E-1,-4.703662544E-2,1.282817032E-2
2.341011422E0,1.185078546E-1,-4.642575979E-2,1.160643995E-2
2.342917807E0,1.197295859E-1,-4.459316283E-2,1.099557430E-2
2.344917730E0,1.185078546E-1,-4.153883830E-2,1.343903504E-2
2.346986614E0,1.203404516E-1,-4.153883830E-2,1.588249579E-2
2.349021345E0,1.203404516E-1,-3.848451003E-2,1.160643995E-2
2.351090730E0,1.197295859E-1,-3.787364438E-2,1.588249579E-2
2.353125576E0,1.172861308E-1,-3.726277873E-2,2.076941915E-2
2.355194807E0,1.197295859E-1,-3.481931984E-2,1.649336144E-2
2.357276999E0,1.203404516E-1,-3.359758854E-2,2.199114859E-2
2.359282499E0,1.221730486E-1,-3.115412779E-2,1.832595654E-2
2.361362422E0,1.178969890E-1,-3.054326214E-2,2.260201424E-2
2.363267499E0,1.209513173E-1,-2.809980139E-2,2.015855350E-2
2.365267076E0,1.203404516E-1,-2.626720630E-2,2.504547499E-2
2.367335961E0,1.221730486E-1,-2.565634064E-2,2.199114859E-2
2.369370268E0,1.221730486E-1,-2.504547499E-2,2.504547499E-2
2.371439422E0,1.215621829E-1,-2.321287990E-2,2.748893574E-2
2.373473884E0,1.240056455E-1,-2.199114859E-2,2.382374369E-2
2.375542653E0,1.270599663E-1,-2.260201424E-2,2.443460934E-2
2.377625114E0,1.270599663E-1,-1.893682219E-2,2.504547499E-2
2.379582230E0,1.258382350E-1,-1.954768784E-2,2.443460934E-2
2.381582730E0,1.282816976E-1,-2.015855350E-2,2.687807009E-2
2.383650614E0,1.295034289E-1,-2.015855350E-2,2.443460934E-2
2.385684960E0,1.282816976E-1,-1.954768784E-2,3.054326214E-2
2.387753807E0,1.313360333E-1,-2.015855350E-2,2.932153270E-2
2.389787768E0,1.313360333E-1,-1.954768784E-2,3.054326214E-2
2.391811614E0,1.325577646E-1,-1.954768784E-2,2.504547499E-2
2.393811345E0,1.368338168E-1,-2.076941915E-2,2.687807009E-2
2.395879576E0,1.325577646E-1,-2.260201424E-2,2.809980139E-2
2.397961076E0,1.356120855E-1,-2.260201424E-2,2.565634064E-2
2.399964999E0,1.362229437E-1,-2.565634064E-2,3.054326214E-2
2.401922999E0,1.350012124E-1,-2.687807009E-2,2.626720630E-2
2.403991037E0,1.362229437E-1,-2.809980139E-2,2.748893574E-2
2.406025614E0,1.374446750E-1,-2.748893574E-2,2.687807009E-2
2.408093807E0,1.374446750E-1,-3.176499158E-2,2.443460934E-2
2.410127653E0,1.386664063E-1,-3.481931984E-2,2.932153270E-2
2.412196537E0,1.380555481E-1,-3.543018550E-2,2.626720630E-2
2.414230883E0,1.398881376E-1,-3.726277873E-2,2.321287990E-2
2.416298999E0,1.417207420E-1,-3.787364438E-2,2.260201424E-2
2.418380999E0,1.398881376E-1,-4.092797264E-2,2.809980139E-2
2.420338037E0,1.404990107E-1,-4.276056588E-2,2.382374369E-2
2.422461345E0,1.392772794E-1,-4.581489414E-2,2.687807009E-2
2.424366383E0,1.404990107E-1,-4.642575979E-2,2.809980139E-2
2.426365306E0,1.398881376E-1,-4.764748737E-2,2.321287990E-2
2.428433614E0,1.417207420E-1,-4.825835302E-2,2.504547499E-2
2.430468614E0,1.392772794E-1,-5.314527452E-2,2.687807009E-2
2.432535730E0,1.417207420E-1,-5.375614017E-2,2.321287990E-2
2.434569037E0,1.459967941E-1,-5.436700583E-2,2.504547499E-2
2.436637691E0,1.423316002E-1,-5.436700583E-2,2.626720630E-2
2.438719076E0,1.423316002E-1,-5.619960278E-2,2.565634064E-2
2.440723653E0,1.441642046E-1,-5.497787148E-2,2.565634064E-2
2.442864883E0,1.453859210E-1,-5.681046844E-2,2.199114859E-2
2.444700268E0,1.447750628E-1,-5.681046844E-2,2.504547499E-2
2.446698653E0,1.466076523E-1,-5.558873713E-2,2.443460934E-2
2.448767076E0,1.472185254E-1,-5.681046844E-2,2.321287990E-2
2.450801306E0,1.466076523E-1,-5.864306539E-2,2.321287990E-2
2.452869883E0,1.472185254E-1,-5.864306539E-2,2.687807009E-2
2.454904460E0,1.484402567E-1,-5.558873713E-2,2.504547499E-2
2.456972883E0,1.490511149E-1,-5.742133409E-2,2.565634064E-2
2.459054768E0,1.478293836E-1,-5.681046844E-2,2.626720630E-2
2.461012422E0,1.502728462E-1,-5.681046844E-2,2.565634064E-2
2.463014614E0,1.466076523E-1,-5.803219974E-2,2.687807009E-2
2.465083653E0,1.453859210E-1,-5.925392732E-2,2.748893574E-2
2.467117614E0,1.484402567E-1,-5.986479297E-2,2.504547499E-2
2.469185999E0,1.447750628E-1,-6.047565863E-2,2.687807009E-2
2.471220614E0,1.459967941E-1,-6.047565863E-2,2.809980139E-2
2.473289652E0,1.472185254E-1,-6.047565863E-2,2.626720630E-2
2.475323960E0,1.472185254E-1,-6.047565863E-2,2.687807009E-2
2.477392691E0,1.466076523E-1,-6.291911751E-2,3.115412779E-2
2.479474845E0,1.459967941E-1,-6.230825558E-2,2.443460934E-2
2.481480114E0,1.478293836E-1,-6.108652428E-2,2.993239649E-2
2.483436037E0,1.478293836E-1,-6.169738993E-2,2.687807009E-2
2.485505691E0,1.472185254E-1,-6.169738993E-2,2.626720630E-2
2.487539460E0,1.490511149E-1,-6.169738993E-2,2.993239649E-2
2.489608614E0,1.472185254E-1,-6.108652428E-2,2.871066704E-2
2.491642268E0,1.472185254E-1,-5.925392732E-2,3.054326214E-2
2.493711345E0,1.472185254E-1,-6.047565863E-2,3.420845419E-2
2.495745768E0,1.484402567E-1,-5.864306539E-2,2.809980139E-2
2.497814537E0,1.472185254E-1,-5.864306539E-2,3.298672289E-2
2.499896614E0,1.496619880E-1,-5.742133409E-2,3.359758854E-2
2.501853306E0,1.484402567E-1,-5.619960278E-2,3.298672289E-2
2.503976575E0,1.490511149E-1,-5.803219974E-2,3.420845419E-2
2.505881960E0,1.514945775E-1,-5.619960278E-2,3.420845419E-2
2.507881114E0,1.514945775E-1,-5.436700583E-2,3.115412779E-2
2.509949345E0,1.533271819E-1,-5.558873713E-2,3.420845419E-2
2.511983498E0,1.551597714E-1,-5.375614017E-2,3.543018550E-2
2.514052460E0,1.588249654E-1,-5.803219974E-2,3.481931984E-2
2.516086229E0,1.563815027E-1,-5.864306539E-2,3.604105115E-2
2.518154922E0,1.563815027E-1,-5.681046844E-2,3.848451003E-2
2.520236422E0,1.606575549E-1,-5.803219974E-2,3.420845419E-2
2.522240460E0,1.612684280E-1,-5.803219974E-2,3.665191308E-2
2.524321922E0,1.631010175E-1,-5.803219974E-2,3.665191308E-2
2.526226883E0,1.631010175E-1,-5.864306539E-2,3.481931984E-2
2.528225998E0,1.655444801E-1,-6.047565863E-2,3.481931984E-2
2.530294537E0,1.612684280E-1,-6.230825558E-2,3.848451003E-2
2.532329537E0,1.655444801E-1,-6.047565863E-2,3.298672289E-2
2.534399345E0,1.661553532E-1,-6.536258012E-2,3.604105115E-2
2.536433729E0,1.661553532E-1,-6.352998316E-2,3.604105115E-2
2.538502883E0,1.649336219E-1,-6.352998316E-2,3.543018550E-2
2.540585037E0,1.643227488E-1,-6.475171447E-2,3.298672289E-2
2.542542614E0,1.661553532E-1,-6.536258012E-2,3.543018550E-2
2.544543614E0,1.643227488E-1,-6.475171447E-2,3.176499158E-2
2.546612460E0,1.637118906E-1,-6.658431143E-2,3.298672289E-2
2.548647152E0,1.624901593E-1,-6.597344577E-2,3.298672289E-2
2.550716268E0,1.631010175E-1,-6.597344577E-2,3.298672289E-2
2.552750383E0,1.612684280E-1,-6.597344577E-2,3.054326214E-2
2.554818768E0,1.588249654E-1,-6.780604273E-2,3.298672289E-2
2.556853229E0,1.606575549E-1,-6.719517708E-2,3.298672289E-2
2.558922152E0,1.563815027E-1,-6.414084882E-2,2.993239649E-2
2.561004306E0,1.588249654E-1,-6.536258012E-2,3.420845419E-2
2.563008921E0,1.545489132E-1,-6.475171447E-2,3.604105115E-2
2.564965037E0,1.521054506E-1,-6.475171447E-2,3.298672289E-2
2.567033998E0,1.521054506E-1,-6.352998316E-2,3.604105115E-2
2.569069229E0,1.521054506E-1,-6.169738993E-2,3.237585723E-2
2.571139191E0,1.502728462E-1,-5.864306539E-2,3.176499158E-2
2.573173460E0,1.472185254E-1,-5.986479297E-2,3.298672289E-2
2.575243575E0,1.496619880E-1,-5.742133409E-2,3.054326214E-2
2.577278267E0,1.453859210E-1,-5.558873713E-2,3.054326214E-2
2.579347614E0,1.447750628E-1,-5.314527452E-2,3.543018550E-2
2.581430037E0,1.435533315E-1,-5.070181563E-2,2.871066704E-2
2.583387460E0,1.404990107E-1,-5.253441259E-2,2.993239649E-2
2.585511267E0,1.417207420E-1,-5.070181563E-2,3.176499158E-2
2.587416960E0,1.386664063E-1,-4.825835302E-2,2.871066704E-2
2.589416883E0,1.362229437E-1,-4.703662544E-2,2.809980139E-2
2.591485306E0,1.368338168E-1,-4.459316283E-2,2.687807009E-2
2.593519729E0,1.337794960E-1,-4.398229718E-2,2.443460934E-2
2.595588114E0,1.343903542E-1,-4.520402849E-2,2.382374369E-2
2.597622421E0,1.319468915E-1,-4.153883830E-2,2.321287990E-2
2.599691575E0,1.325577646E-1,-4.276056588E-2,2.321287990E-2
2.601772998E0,1.301143020E-1,-4.214970022E-2,2.565634064E-2
2.603777190E0,1.258382350E-1,-4.520402849E-2,2.382374369E-2
2.605919229E0,1.258382350E-1,-4.520402849E-2,2.382374369E-2
2.607754344E0,1.227839142E-1,-4.520402849E-2,2.687807009E-2
2.609753883E0,1.215621829E-1,-4.337143153E-2,1.893682219E-2
2.611822421E0,1.197295859E-1,-4.337143153E-2,2.199114859E-2
2.613856767E0,1.203404516E-1,-4.398229718E-2,2.138028294E-2
2.615925575E0,1.172861308E-1,-4.459316283E-2,2.199114859E-2
2.617959613E0,1.160643995E-1,-4.214970022E-2,2.199114859E-2
2.620043652E0,1.136209369E-1,-4.153883830E-2,2.382374369E-2
2.622110344E0,1.136209369E-1,-3.848451003E-2,2.138028294E-2
2.624068075E0,1.105666086E-1,-3.787364438E-2,2.138028294E-2
2.626069037E0,1.130100712E-1,-3.665191308E-2,1.893682219E-2
2.628137998E0,1.087340117E-1,-3.665191308E-2,2.076941915E-2
2.630173383E0,1.075122803E-1,-3.237585723E-2,2.199114859E-2
2.632242421E0,1.081231460E-1,-3.054326214E-2,2.076941915E-2
2.634277767E0,1.044579595E-1,-2.932153270E-2,2.015855350E-2
2.636303575E0,1.032362282E-1,-2.504547499E-2,2.260201424E-2
2.638303229E0,1.038470939E-1,-2.321287990E-2,2.382374369E-2
2.640373306E0,1.020144969E-1,-1.954768784E-2,1.832595654E-2
2.642455306E0,9.957103431E-2,-1.649336144E-2,2.076941915E-2
2.644461613E0,1.001819000E-1,-1.466076635E-2,2.382374369E-2
2.646421613E0,9.712757170E-2,-9.773843922E-3,2.076941915E-2
2.648489883E0,9.712757170E-2,-7.330383174E-3,2.260201424E-2
2.650525113E0,9.712757170E-2,-6.719517522E-3,2.199114859E-2
2.652594190E0,9.529497474E-2,-2.443460980E-3,1.649336144E-2
2.654628575E0,9.407325089E-2,-1.221730490E-3,1.954768784E-2
2.656698652E0,9.224065393E-2,2.443460980E-3,1.771509275E-2
2.658732421E0,9.346238524E-2,4.886921961E-3,1.649336144E-2
2.660801575E0,9.224065393E-2,6.719517522E-3,2.076941915E-2
2.662883921E0,8.918632567E-2,9.773843922E-3,1.954768784E-2
2.664841844E0,8.979719132E-2,9.773843922E-3,1.710422710E-2
2.666966190E0,8.674286306E-2,9.162978269E-3,1.954768784E-2
2.668872613E0,8.613199741E-2,1.099557430E-2,1.832595654E-2
2.670872806E0,8.552113175E-2,9.773843922E-3,1.710422710E-2
2.672942536E0,8.307767659E-2,8.552113548E-3,1.954768784E-2
2.674977498E0,8.246681094E-2,9.162978269E-3,1.954768784E-2
2.677047075E0,8.063421398E-2,6.108652335E-3,1.832595654E-2
2.679081729E0,8.124507964E-2,7.330383174E-3,1.954768784E-2
2.681150998E0,7.880161703E-2,3.054326167E-3,1.527163107E-2
2.683232806E0,8.002334833E-2,1.221730490E-3,1.771509275E-2
2.685237267E0,7.513642311E-2,1.832595794E-3,1.893682219E-2
2.687317267E0,7.574728876E-2,-6.108652451E-4,1.771509275E-2
2.689223075E0,7.391469181E-2,-1.221730490E-3,1.649336144E-2
2.691223382E0,7.391469181E-2,-1.832595794E-3,1.710422710E-2
2.693292613E0,6.902777404E-2,-4.276056774E-3,1.649336144E-2
2.695327575E0,6.902777404E-2,-6.719517522E-3,1.404990070E-2
2.697396498E0,6.902777404E-2,-7.330383174E-3,1.404990070E-2
2.699431382E0,6.780604273E-2,-1.038470957E-2,1.466076635E-2
2.701500921E0,6.475171447E-2,-1.099557430E-2,1.038470957E-2
2.703583613E0,6.414084882E-2,-1.221730467E-2,1.404990070E-2
2.705541305E0,6.169738993E-2,-1.527163107E-2,1.404990070E-2
2.707542267E0,6.475171447E-2,-1.710422710E-2,1.099557430E-2
2.709611690E0,5.925392732E-2,-1.710422710E-2,1.282817032E-2
2.711645921E0,5.681046844E-2,-1.710422710E-2,1.221730467E-2
2.713715459E0,5.803219974E-2,-1.893682219E-2,1.099557430E-2
2.715749728E0,5.803219974E-2,-1.771509275E-2,8.552113548E-3
2.717818228E0,5.619960278E-2,-2.015855350E-2,9.773843922E-3
2.719853036E0,5.375614017E-2,-2.199114859E-2,8.552113548E-3
2.721922036E0,5.314527452E-2,-2.076941915E-2,1.038470957E-2
2.724004459E0,5.070181563E-2,-2.076941915E-2,1.099557430E-2
2.726009998E0,5.009094998E-2,-1.893682219E-2,9.773843922E-3
2.727966575E0,4.886921868E-2,-1.954768784E-2,7.330383174E-3
2.730036305E0,4.886921868E-2,-1.649336144E-2,9.162978269E-3
2.732070613E0,4.642575979E-2,-1.343903504E-2,7.330383174E-3
2.734139613E0,4.581489414E-2,-1.282817032E-2,9.162978269E-3
2.736173690E0,4.520402849E-2,-1.160643995E-2,6.108652335E-3
2.738242651E0,4.520402849E-2,-8.552113548E-3,8.552113548E-3
2.740277382E0,4.642575979E-2,-6.108652335E-3,4.886921961E-3
2.742346459E0,4.337143153E-2,-5.497787148E-3,4.276056774E-3
2.744427882E0,4.398229718E-2,-3.665191587E-3,3.665191587E-3
2.746385651E0,4.276056588E-2,-3.054326167E-3,4.886921961E-3
2.748509228E0,4.031710699E-2,0.000000000E0,4.276056774E-3
2.750414421E0,3.909537569E-2,1.221730490E-3,7.330383174E-3
2.752413805E0,3.848451003E-2,3.665191587E-3,4.886921961E-3
2.754482959E0,3.543018550E-2,3.665191587E-3,1.832595794E-3
2.756517921E0,3.481931984E-2,3.054326167E-3,4.886921961E-3
2.758587113E0,3.176499158E-2,4.886921961E-3,3.665191587E-3
2.760621998E0,3.115412779E-2,6.719517522E-3,7.330383174E-3
2.762691844E0,2.932153270E-2,6.108652335E-3,7.330383174E-3
2.764774921E0,2.748893574E-2,6.719517522E-3,6.108652335E-3
2.766780959E0,2.382374369E-2,5.497787148E-3,6.108652335E-3
2.768923959E0,2.260201424E-2,6.719517522E-3,7.941247895E-3
2.770760151E0,1.771509275E-2,5.497787148E-3,4.276056774E-3
2.772760651E0,2.076941915E-2,6.108652335E-3,6.108652335E-3
2.774830267E0,1.771509275E-2,7.941247895E-3,8.552113548E-3
2.776865344E0,1.343903504E-2,6.108652335E-3,7.330383174E-3
2.778935421E0,1.221730467E-2,5.497787148E-3,7.941247895E-3
2.780970344E0,1.099557430E-2,5.497787148E-3,1.160643995E-2
2.783040190E0,8.552113548E-3,4.276056774E-3,8.552113548E-3
2.785122651E0,7.941247895E-3,7.330383174E-3,8.552113548E-3
2.787080421E0,4.886921961E-3,6.108652335E-3,1.038470957E-2
2.789082036E0,3.665191587E-3,3.054326167E-3,1.038470957E-2
2.791151651E0,4.886921961E-3,6.719517522E-3,8.552113548E-3
2.793186305E0,1.832595794E-3,4.276056774E-3,9.773843922E-3
2.795255844E0,3.054326167E-3,4.276056774E-3,7.330383174E-3
2.797291074E0,-1.832595794E-3,4.886921961E-3,1.038470957E-2
2.799360497E0,-1.832595794E-3,3.665191587E-3,7.941247895E-3
2.801395613E0,-3.665191587E-3,1.221730490E-3,9.773843922E-3
2.803464497E0,-6.108652335E-3,2.443460980E-3,7.330383174E-3
2.805546382E0,-5.497787148E-3,1.832595794E-3,9.773843922E-3
2.807551882E0,-9.162978269E-3,1.221730490E-3,9.773843922E-3
2.809508843E0,-6.108652335E-3,3.054326167E-3,3.054326167E-3
2.811578728E0,-7.941247895E-3,3.665191587E-3,7.941247895E-3
2.813613420E0,-8.552113548E-3,1.221730490E-3,5.497787148E-3
2.815683036E0,-1.099557430E-2,1.221730490E-3,6.108652335E-3
2.817717728E0,-1.282817032E-2,6.108652451E-4,5.497787148E-3
2.819787767E0,-1.282817032E-2,-6.108652451E-4,4.886921961E-3
2.821822613E0,-1.466076635E-2,1.221730490E-3,3.054326167E-3
2.823892690E0,-1.466076635E-2,-2.443460980E-3,5.497787148E-3
2.825974805E0,-1.710422710E-2,-3.054326167E-3,6.719517522E-3
2.827934267E0,-1.649336144E-2,-1.221730490E-3,4.276056774E-3
2.830059420E0,-1.588249579E-2,-1.221730490E-3,4.886921961E-3
2.831964613E0,-1.527163107E-2,-1.221730490E-3,4.276056774E-3
2.833964382E0,-2.015855350E-2,-1.832595794E-3,5.497787148E-3
2.836034036E0,-2.015855350E-2,-1.832595794E-3,7.941247895E-3
2.838068613E0,-2.076941915E-2,0.000000000E0,4.886921961E-3
2.840138574E0,-2.076941915E-2,0.000000000E0,7.941247895E-3
2.842173190E0,-2.015855350E-2,3.054326167E-3,1.038470957E-2
2.844242959E0,-2.076941915E-2,3.665191587E-3,5.497787148E-3
2.846325266E0,-2.015855350E-2,5.497787148E-3,9.162978269E-3
2.848330382E0,-2.015855350E-2,6.719517522E-3,9.773843922E-3
2.850410189E0,-2.260201424E-2,8.552113548E-3,9.773843922E-3
2.852315536E0,-2.076941915E-2,8.552113548E-3,9.162978269E-3
2.854315382E0,-2.321287990E-2,8.552113548E-3,1.282817032E-2
2.856384728E0,-2.199114859E-2,1.221730467E-2,9.773843922E-3
2.858419728E0,-2.199114859E-2,1.221730467E-2,1.343903504E-2
2.860489420E0,-2.565634064E-2,9.773843922E-3,1.404990070E-2
2.862523959E0,-2.748893574E-2,9.773843922E-3,1.404990070E-2
2.864593228E0,-2.504547499E-2,1.099557430E-2,1.221730467E-2
2.866675459E0,-2.809980139E-2,9.773843922E-3,1.527163107E-2
2.868633574E0,-2.687807009E-2,1.099557430E-2,1.099557430E-2
2.870634420E0,-3.115412779E-2,9.773843922E-3,1.404990070E-2
2.872703805E0,-2.932153270E-2,9.162978269E-3,1.404990070E-2
2.874739382E0,-2.932153270E-2,9.162978269E-3,1.038470957E-2
2.876808959E0,-3.237585723E-2,6.719517522E-3,1.160643995E-2
2.878843920E0,-3.359758854E-2,7.330383174E-3,1.282817032E-2
2.880868497E0,-3.359758854E-2,7.941247895E-3,1.099557430E-2
2.882868882E0,-3.481931984E-2,9.773843922E-3,1.221730467E-2
2.884938612E0,-3.359758854E-2,8.552113548E-3,1.221730467E-2
2.887021420E0,-3.543018550E-2,9.162978269E-3,7.330383174E-3
2.889027112E0,-3.420845419E-2,1.160643995E-2,9.773843922E-3
2.890985074E0,-3.665191308E-2,1.221730467E-2,7.330383174E-3
2.893055112E0,-3.481931984E-2,1.282817032E-2,9.162978269E-3
2.895089959E0,-3.420845419E-2,1.466076635E-2,9.162978269E-3
2.897159689E0,-3.420845419E-2,1.527163107E-2,6.108652335E-3
2.899194343E0,-3.665191308E-2,1.771509275E-2,6.719517522E-3
2.901263728E0,-3.604105115E-2,2.015855350E-2,6.719517522E-3
2.903298151E0,-3.665191308E-2,2.260201424E-2,7.941247895E-3
2.905367766E0,-3.970624134E-2,2.260201424E-2,9.162978269E-3
2.907449535E0,-4.031710699E-2,2.504547499E-2,1.038470957E-2
2.909407843E0,-3.909537569E-2,2.871066704E-2,7.941247895E-3
2.911530382E0,-3.848451003E-2,3.054326214E-2,1.099557430E-2
2.913436420E0,-4.276056588E-2,2.932153270E-2,1.343903504E-2
2.915435805E0,-4.092797264E-2,3.237585723E-2,1.038470957E-2
2.917505189E0,-4.092797264E-2,3.115412779E-2,1.099557430E-2
2.919539035E0,-4.031710699E-2,3.481931984E-2,1.221730467E-2
2.921608535E0,-4.153883830E-2,3.420845419E-2,1.282817032E-2
2.923642420E0,-4.153883830E-2,3.481931984E-2,1.221730467E-2
2.925711497E0,-4.153883830E-2,3.481931984E-2,1.221730467E-2
2.927793458E0,-4.092797264E-2,3.604105115E-2,1.343903504E-2
2.929798574E0,-4.214970022E-2,3.543018550E-2,1.221730467E-2
2.931940343E0,-3.970624134E-2,3.481931984E-2,1.466076635E-2
2.933775997E0,-3.970624134E-2,3.298672289E-2,1.221730467E-2
2.935775766E0,-3.970624134E-2,3.359758854E-2,1.282817032E-2
2.937844651E0,-4.276056588E-2,3.298672289E-2,1.343903504E-2
2.939879535E0,-4.153883830E-2,2.809980139E-2,1.099557430E-2
2.941948574E0,-3.909537569E-2,2.748893574E-2,9.162978269E-3
2.943983035E0,-4.276056588E-2,2.626720630E-2,1.343903504E-2
2.946052535E0,-3.970624134E-2,2.504547499E-2,9.773843922E-3
2.948134228E0,-4.214970022E-2,2.260201424E-2,8.552113548E-3
2.950092728E0,-4.092797264E-2,2.138028294E-2,1.282817032E-2
2.952093228E0,-3.970624134E-2,2.015855350E-2,1.099557430E-2
2.954163304E0,-4.092797264E-2,1.893682219E-2,1.160643995E-2
2.956198266E0,-3.970624134E-2,1.710422710E-2,9.773843922E-3
2.958267420E0,-4.398229718E-2,1.588249579E-2,7.330383174E-3
2.960303035E0,-4.337143153E-2,1.588249579E-2,6.108652335E-3
2.962372189E0,-4.092797264E-2,1.588249579E-2,9.162978269E-3
2.964407074E0,-4.276056588E-2,1.527163107E-2,6.719517522E-3
2.966476381E0,-4.153883830E-2,1.466076635E-2,6.108652335E-3
2.968558766E0,-4.153883830E-2,1.466076635E-2,1.038470957E-2
2.970564189E0,-4.153883830E-2,1.404990070E-2,6.719517522E-3
2.972521497E0,-4.337143153E-2,1.466076635E-2,7.330383174E-3
2.974590997E0,-3.970624134E-2,1.649336144E-2,5.497787148E-3
2.976626497E0,-4.276056588E-2,1.527163107E-2,7.330383174E-3
2.978695189E0,-3.909537569E-2,1.771509275E-2,5.497787148E-3
2.980729958E0,-3.848451003E-2,2.015855350E-2,7.941247895E-3
2.982798997E0,-4.092797264E-2,2.138028294E-2,7.330383174E-3
2.984833535E0,-3.909537569E-2,2.260201424E-2,6.108652335E-3
2.986903035E0,-4.398229718E-2,2.504547499E-2,8.552113548E-3
2.988985420E0,-3.787364438E-2,2.687807009E-2,6.108652335E-3
2.990942920E0,-3.481931984E-2,2.993239649E-2,6.108652335E-3
2.993067804E0,-3.787364438E-2,3.237585723E-2,8.552113548E-3
2.994973881E0,-3.481931984E-2,3.359758854E-2,6.108652335E-3
2.996973189E0,-3.298672289E-2,3.787364438E-2,6.108652335E-3
2.999042920E0,-3.054326214E-2,4.214970022E-2,3.665191587E-3
3.001078381E0,-3.176499158E-2,4.276056588E-2,5.497787148E-3
3.003148497E0,-3.054326214E-2,4.459316283E-2,4.276056774E-3
3.005182689E0,-2.993239649E-2,4.764748737E-2,5.497787148E-3
3.007251997E0,-2.748893574E-2,5.009094998E-2,6.108652335E-3
3.009334689E0,-2.443460934E-2,5.192354694E-2,4.276056774E-3
3.011340920E0,-2.504547499E-2,5.375614017E-2,3.665191587E-3
3.013421497E0,-2.504547499E-2,5.497787148E-2,4.886921961E-3
3.015327535E0,-2.504547499E-2,5.619960278E-2,4.886921961E-3
3.017327766E0,-2.321287990E-2,6.108652428E-2,5.497787148E-3
3.019396266E0,-2.138028294E-2,5.742133409E-2,6.108652335E-3
3.021431112E0,-2.260201424E-2,6.047565863E-2,3.665191587E-3
3.023500343E0,-2.260201424E-2,6.047565863E-2,3.665191587E-3
3.025534804E0,-2.321287990E-2,5.681046844E-2,4.276056774E-3
3.027617766E0,-2.199114859E-2,6.169738993E-2,1.832595794E-3
3.029685381E0,-2.138028294E-2,6.047565863E-2,4.276056774E-3
3.031643304E0,-2.382374369E-2,5.803219974E-2,6.108652335E-3
3.033644381E0,-2.260201424E-2,5.864306539E-2,-1.832595794E-3
3.035713689E0,-1.893682219E-2,5.803219974E-2,0.000000000E0
3.037748420E0,-2.565634064E-2,5.253441259E-2,6.108652335E-3
3.039818458E0,-2.382374369E-2,5.192354694E-2,3.054326167E-3
3.041852420E0,-2.199114859E-2,5.009094998E-2,6.108652451E-4
3.043921689E0,-2.382374369E-2,4.764748737E-2,4.276056774E-3
3.045956112E0,-2.076941915E-2,4.703662544E-2,1.832595794E-3
3.048025573E0,-1.954768784E-2,4.520402849E-2,4.886921961E-3
3.050107227E0,-2.015855350E-2,4.214970022E-2,6.108652335E-3
3.052111496E0,-2.076941915E-2,4.031710699E-2,7.330383174E-3
3.054068689E0,-2.015855350E-2,4.153883830E-2,4.276056774E-3
3.056137150E0,-2.076941915E-2,3.787364438E-2,6.719517522E-3
3.058172073E0,-1.832595654E-2,3.848451003E-2,5.497787148E-3
3.060240650E0,-1.832595654E-2,3.726277873E-2,7.941247895E-3
3.062275650E0,-1.893682219E-2,3.543018550E-2,1.038470957E-2
3.064344650E0,-1.771509275E-2,3.665191308E-2,7.330383174E-3
3.066379419E0,-1.771509275E-2,3.604105115E-2,9.773843922E-3
3.068448496E0,-1.710422710E-2,3.237585723E-2,8.552113548E-3
3.070530766E0,-1.893682219E-2,3.176499158E-2,1.221730467E-2
3.072488073E0,-1.710422710E-2,3.237585723E-2,1.160643995E-2
3.074612150E0,-1.588249579E-2,3.237585723E-2,1.160643995E-2
3.076518496E0,-1.649336144E-2,3.176499158E-2,1.343903504E-2
3.078518112E0,-1.527163107E-2,2.932153270E-2,1.282817032E-2
3.080587227E0,-1.710422710E-2,2.871066704E-2,1.282817032E-2
3.082622035E0,-1.649336144E-2,2.809980139E-2,1.404990070E-2
3.084691458E0,-1.527163107E-2,2.565634064E-2,1.282817032E-2
3.086726112E0,-1.771509275E-2,2.626720630E-2,1.343903504E-2
3.088794842E0,-1.710422710E-2,2.687807009E-2,1.099557430E-2
3.090876573E0,-1.466076635E-2,2.443460934E-2,1.099557430E-2
3.092881458E0,-1.404990070E-2,2.565634064E-2,1.404990070E-2
3.095023612E0,-1.160643995E-2,2.321287990E-2,1.038470957E-2
3.096859342E0,-1.466076635E-2,2.382374369E-2,1.221730467E-2
3.098858227E0,-1.221730467E-2,2.443460934E-2,1.160643995E-2
3.100927765E0,-1.404990070E-2,2.382374369E-2,1.099557430E-2
3.102962458E0,-1.282817032E-2,2.443460934E-2,1.160643995E-2
3.105031919E0,-1.221730467E-2,2.565634064E-2,8.552113548E-3
3.107066919E0,-1.282817032E-2,2.443460934E-2,1.099557430E-2
3.109135804E0,-1.099557430E-2,2.565634064E-2,1.160643995E-2
3.111217842E0,-1.038470957E-2,2.626720630E-2,8.552113548E-3
3.113176188E0,-9.162978269E-3,2.748893574E-2,9.773843922E-3
3.115176727E0,-1.038470957E-2,2.687807009E-2,1.038470957E-2
3.117246188E0,-1.038470957E-2,2.993239649E-2,1.099557430E-2
3.119281458E0,-7.941247895E-3,2.871066704E-2,1.343903504E-2
3.121350573E0,-8.552113548E-3,3.115412779E-2,9.773843922E-3
3.123384573E0,-8.552113548E-3,2.993239649E-2,1.221730467E-2
3.125409073E0,-7.941247895E-3,3.115412779E-2,9.773843922E-3
3.127409265E0,-7.330383174E-3,3.359758854E-2,1.221730467E-2
3.129478035E0,-9.162978269E-3,3.054326214E-2,1.160643995E-2
3.131560150E0,-9.773843922E-3,3.420845419E-2,1.038470957E-2
3.133565381E0,-9.773843922E-3,3.115412779E-2,1.160643995E-2
3.135523881E0,-9.162978269E-3,3.359758854E-2,1.282817032E-2
3.137592611E0,-9.773843922E-3,3.420845419E-2,7.941247895E-3
3.139627842E0,-1.099557430E-2,3.359758854E-2,1.527163107E-2
3.141697304E0,-1.099557430E-2,3.481931984E-2,1.282817032E-2
3.143731650E0,-1.160643995E-2,3.420845419E-2,1.466076635E-2
3.145800727E0,-1.099557430E-2,3.420845419E-2,1.282817032E-2
3.147835073E0,-1.099557430E-2,3.176499158E-2,1.466076635E-2
3.149905150E0,-1.527163107E-2,3.176499158E-2,1.588249579E-2
3.151987804E0,-1.282817032E-2,3.176499158E-2,1.527163107E-2
3.153946765E0,-1.282817032E-2,3.359758854E-2,1.404990070E-2
3.156072227E0,-1.343903504E-2,3.115412779E-2,1.282817032E-2
3.157978342E0,-1.404990070E-2,2.993239649E-2,1.466076635E-2
3.159977881E0,-1.466076635E-2,3.054326214E-2,1.527163107E-2
3.162046688E0,-1.466076635E-2,2.993239649E-2,1.343903504E-2
3.164081188E0,-1.343903504E-2,2.993239649E-2,1.221730467E-2
3.166150765E0,-1.649336144E-2,3.054326214E-2,1.343903504E-2
3.168185419E0,-1.649336144E-2,2.748893574E-2,1.343903504E-2
3.170255073E0,-1.588249579E-2,2.748893574E-2,1.343903504E-2
3.172337650E0,-1.649336144E-2,2.626720630E-2,1.160643995E-2
3.174343919E0,-1.710422710E-2,2.626720630E-2,1.404990070E-2
3.176423881E0,-1.710422710E-2,2.687807009E-2,1.160643995E-2
3.178330342E0,-1.649336144E-2,2.626720630E-2,1.649336144E-2
3.180329265E0,-1.588249579E-2,2.443460934E-2,1.343903504E-2
3.182399381E0,-1.893682219E-2,2.138028294E-2,1.404990070E-2
3.184434111E0,-1.710422710E-2,2.443460934E-2,1.221730467E-2
3.186503457E0,-1.771509275E-2,2.321287990E-2,1.466076635E-2
3.188538073E0,-1.404990070E-2,2.076941915E-2,1.466076635E-2
3.190607227E0,-1.649336144E-2,2.321287990E-2,9.162978269E-3
3.192689227E0,-1.832595654E-2,2.138028294E-2,1.221730467E-2
3.194647650E0,-1.710422710E-2,2.199114859E-2,1.282817032E-2
3.196648227E0,-1.588249579E-2,2.199114859E-2,9.773843922E-3
3.198717380E0,-1.710422710E-2,2.138028294E-2,1.282817032E-2
3.200751957E0,-1.588249579E-2,2.015855350E-2,1.221730467E-2
3.202820380E0,-1.649336144E-2,2.260201424E-2,9.773843922E-3
3.204854804E0,-1.649336144E-2,2.199114859E-2,1.282817032E-2
3.206924419E0,-1.527163107E-2,2.138028294E-2,1.343903504E-2
3.208957880E0,-1.710422710E-2,2.199114859E-2,9.162978269E-3
3.211027380E0,-1.771509275E-2,2.321287990E-2,9.162978269E-3
3.213109227E0,-1.893682219E-2,2.199114859E-2,1.160643995E-2
3.215114496E0,-1.893682219E-2,2.321287990E-2,9.773843922E-3
3.217070803E0,-1.710422710E-2,2.260201424E-2,9.773843922E-3
3.219139650E0,-1.832595654E-2,2.382374369E-2,6.719517522E-3
3.221174227E0,-1.832595654E-2,2.504547499E-2,7.330383174E-3
3.223243650E0,-1.893682219E-2,2.565634064E-2,9.773843922E-3
3.225278188E0,-1.893682219E-2,2.748893574E-2,1.099557430E-2
3.227346996E0,-1.893682219E-2,2.565634064E-2,6.719517522E-3
3.229382034E0,-1.710422710E-2,2.748893574E-2,7.330383174E-3
3.231450727E0,-1.954768784E-2,2.687807009E-2,8.552113548E-3
3.233532726E0,-2.138028294E-2,2.748893574E-2,1.282817032E-2
3.235490996E0,-1.771509275E-2,2.871066704E-2,7.330383174E-3
3.237614842E0,-1.832595654E-2,2.932153270E-2,7.941247895E-3
3.239520457E0,-2.015855350E-2,2.871066704E-2,9.162978269E-3
3.241519842E0,-1.893682219E-2,2.687807009E-2,7.941247895E-3
3.243588611E0,-2.076941915E-2,2.687807009E-2,7.941247895E-3
3.245622765E0,-2.076941915E-2,2.565634064E-2,7.941247895E-3
3.247691496E0,-1.771509275E-2,2.626720630E-2,6.719517522E-3
3.249725573E0,-2.076941915E-2,2.443460934E-2,6.108652335E-3
3.251794457E0,-1.832595654E-2,2.321287990E-2,7.330383174E-3
3.253877380E0,-2.015855350E-2,2.321287990E-2,9.773843922E-3
3.255882380E0,-1.771509275E-2,2.443460934E-2,7.330383174E-3
3.258024957E0,-2.076941915E-2,2.382374369E-2,8.552113548E-3
3.259860765E0,-2.015855350E-2,2.321287990E-2,7.941247895E-3
3.261860726E0,-1.893682219E-2,2.199114859E-2,7.941247895E-3
3.263929803E0,-1.954768784E-2,2.382374369E-2,1.099557430E-2
3.265964073E0,-1.893682219E-2,2.260201424E-2,9.162978269E-3
3.268032996E0,-2.015855350E-2,2.382374369E-2,1.099557430E-2
3.270067957E0,-2.015855350E-2,2.015855350E-2,1.099557430E-2
3.272137111E0,-1.893682219E-2,2.076941915E-2,1.038470957E-2
3.274219534E0,-1.832595654E-2,2.138028294E-2,1.221730467E-2
3.276177726E0,-2.138028294E-2,1.771509275E-2,1.343903504E-2
3.278177919E0,-2.015855350E-2,1.954768784E-2,1.160643995E-2
3.280247419E0,-2.015855350E-2,1.893682219E-2,1.221730467E-2
3.282281919E0,-1.649336144E-2,1.588249579E-2,1.527163107E-2
3.284350919E0,-1.893682219E-2,1.404990070E-2,1.466076635E-2
3.286385226E0,-1.588249579E-2,1.221730467E-2,1.527163107E-2
3.288454380E0,-1.649336144E-2,1.282817032E-2,1.343903504E-2
3.290488803E0,-1.588249579E-2,1.466076635E-2,1.588249579E-2
3.292557303E0,-1.710422710E-2,1.221730467E-2,1.710422710E-2
3.294639842E0,-1.710422710E-2,9.162978269E-3,1.649336144E-2
3.296644226E0,-1.527163107E-2,1.282817032E-2,1.221730467E-2
3.298600726E0,-1.282817032E-2,9.773843922E-3,1.710422710E-2
3.300670034E0,-1.282817032E-2,9.162978269E-3,1.282817032E-2
3.302705072E0,-1.221730467E-2,8.552113548E-3,1.160643995E-2
3.304774419E0,-1.221730467E-2,7.941247895E-3,1.771509275E-2
3.306808765E0,-1.282817032E-2,9.773843922E-3,1.343903504E-2
3.308877495E0,-1.160643995E-2,7.330383174E-3,1.466076635E-2
3.310912495E0,-9.773843922E-3,6.719517522E-3,1.343903504E-2
3.312980803E0,-1.160643995E-2,4.276056774E-3,1.343903504E-2
3.315062572E0,-9.773843922E-3,3.665191587E-3,1.649336144E-2
3.317020072E0,-9.773843922E-3,2.443460980E-3,1.527163107E-2
3.319143457E0,-8.552113548E-3,-1.832595794E-3,1.160643995E-2
3.321048534E0,-1.038470957E-2,-1.832595794E-3,1.221730467E-2
3.323047803E0,-1.038470957E-2,-5.497787148E-3,1.282817032E-2
3.325115726E0,-9.162978269E-3,-4.276056774E-3,1.038470957E-2
3.327150380E0,-1.038470957E-2,-8.552113548E-3,1.282817032E-2
3.329219342E0,-9.773843922E-3,-1.221730467E-2,1.404990070E-2
3.331252765E0,-8.552113548E-3,-1.588249579E-2,1.160643995E-2
3.333320995E0,-9.162978269E-3,-1.588249579E-2,1.038470957E-2
3.335402611E0,-9.162978269E-3,-1.771509275E-2,1.404990070E-2
3.337407957E0,-9.162978269E-3,-1.893682219E-2,9.162978269E-3
3.339487418E0,-1.038470957E-2,-2.076941915E-2,1.099557430E-2
3.341392726E0,-8.552113548E-3,-2.321287990E-2,1.038470957E-2
3.343391765E0,-1.160643995E-2,-2.443460934E-2,8.552113548E-3
3.345460726E0,-1.099557430E-2,-2.687807009E-2,1.160643995E-2
3.347495188E0,-7.941247895E-3,-2.748893574E-2,6.108652335E-3
3.349563803E0,-1.038470957E-2,-2.932153270E-2,8.552113548E-3
3.351597918E0,-8.552113548E-3,-2.932153270E-2,1.038470957E-2
3.353666880E0,-9.162978269E-3,-3.054326214E-2,9.773843922E-3
3.355749457E0,-8.552113548E-3,-3.176499158E-2,8.552113548E-3
3.357707034E0,-8.552113548E-3,-3.420845419E-2,7.941247895E-3
3.359707803E0,-8.552113548E-3,-3.481931984E-2,5.497787148E-3
3.361776111E0,-8.552113548E-3,-3.359758854E-2,7.330383174E-3
3.363810226E0,-8.552113548E-3,-3.420845419E-2,3.665191587E-3
3.365878649E0,-7.941247895E-3,-3.543018550E-2,7.941247895E-3
3.367913034E0,-9.162978269E-3,-3.359758854E-2,3.054326167E-3
3.369938188E0,-7.330383174E-3,-3.543018550E-2,1.832595794E-3
3.371937418E0,-8.552113548E-3,-3.298672289E-2,4.886921961E-3
3.374006149E0,-7.941247895E-3,-3.298672289E-2,4.276056774E-3
3.376088072E0,-7.330383174E-3,-3.115412779E-2,5.497787148E-3
3.378092726E0,-7.941247895E-3,-3.115412779E-2,4.276056774E-3
3.380051034E0,-9.162978269E-3,-2.871066704E-2,3.665191587E-3
3.382119764E0,-8.552113548E-3,-3.054326214E-2,4.276056774E-3
3.384154303E0,-7.330383174E-3,-2.993239649E-2,1.832595794E-3
3.386222957E0,-7.941247895E-3,-2.871066704E-2,4.886921961E-3
3.388257495E0,-8.552113548E-3,-2.687807009E-2,5.497787148E-3
3.390326457E0,-7.330383174E-3,-2.748893574E-2,6.108652335E-3
3.392360995E0,-1.038470957E-2,-2.443460934E-2,6.108652335E-3
3.394429918E0,-9.162978269E-3,-2.015855350E-2,6.719517522E-3
3.396511572E0,-6.719517522E-3,-2.076941915E-2,6.719517522E-3
3.398469572E0,-6.108652335E-3,-2.015855350E-2,5.497787148E-3
3.400592072E0,-7.330383174E-3,-1.404990070E-2,7.941247895E-3
3.402496726E0,-6.108652335E-3,-1.527163107E-2,1.038470957E-2
3.404496034E0,-9.162978269E-3,-1.404990070E-2,8.552113548E-3
3.406565264E0,-6.719517522E-3,-1.282817032E-2,1.099557430E-2
3.408599341E0,-4.276056774E-3,-1.343903504E-2,1.282817032E-2
3.410667880E0,-4.886921961E-3,-1.282817032E-2,1.160643995E-2
3.412702418E0,-7.330383174E-3,-1.343903504E-2,1.343903504E-2
3.414771341E0,-7.330383174E-3,-1.343903504E-2,1.282817032E-2
3.416852495E0,-5.497787148E-3,-1.221730467E-2,1.527163107E-2
3.418857687E0,-3.665191587E-3,-1.588249579E-2,1.466076635E-2
3.421000649E0,-6.108652335E-3,-1.893682219E-2,1.404990070E-2
3.422836533E0,-4.886921961E-3,-2.076941915E-2,1.649336144E-2
3.424835572E0,-4.276056774E-3,-2.076941915E-2,1.466076635E-2
3.426905110E0,-5.497787148E-3,-2.321287990E-2,1.466076635E-2
3.428939226E0,-4.276056774E-3,-2.565634064E-2,1.649336144E-2
3.431009187E0,-5.497787148E-3,-2.871066704E-2,1.649336144E-2
3.433042918E0,-3.665191587E-3,-2.748893574E-2,1.099557430E-2
3.435126572E0,-4.886921961E-3,-3.054326214E-2,1.404990070E-2
3.437193033E0,-8.552113548E-3,-3.237585723E-2,1.099557430E-2
3.439150995E0,-5.497787148E-3,-3.298672289E-2,1.282817032E-2
3.441151341E0,-4.886921961E-3,-3.420845419E-2,1.466076635E-2
3.443220456E0,-4.886921961E-3,-3.665191308E-2,1.282817032E-2
3.445254264E0,-6.719517522E-3,-3.604105115E-2,1.160643995E-2
3.447322649E0,-5.497787148E-3,-3.604105115E-2,1.527163107E-2
3.449356841E0,-5.497787148E-3,-3.604105115E-2,9.162978269E-3
3.451425149E0,-5.497787148E-3,-3.787364438E-2,9.773843922E-3
3.453458726E0,-7.330383174E-3,-3.970624134E-2,1.038470957E-2
3.455527341E0,-6.108652335E-3,-3.970624134E-2,8.552113548E-3
3.457608726E0,-6.108652335E-3,-3.848451003E-2,7.941247895E-3
3.459612995E0,-7.330383174E-3,-4.092797264E-2,1.160643995E-2
3.461569341E0,-6.719517522E-3,-3.909537569E-2,9.162978269E-3
3.463638149E0,-6.719517522E-3,-4.153883830E-2,9.162978269E-3
3.465672495E0,-1.038470957E-2,-4.153883830E-2,7.941247895E-3
3.467741072E0,-8.552113548E-3,-4.276056588E-2,6.719517522E-3
3.469774264E0,-8.552113548E-3,-4.459316283E-2,7.941247895E-3
3.471842649E0,-9.773843922E-3,-4.520402849E-2,9.773843922E-3
3.473876264E0,-1.099557430E-2,-4.886921868E-2,7.941247895E-3
3.475944956E0,-9.773843922E-3,-5.070181563E-2,7.330383174E-3
3.478026302E0,-1.160643995E-2,-5.436700583E-2,8.552113548E-3
3.479984802E0,-1.221730467E-2,-5.497787148E-2,5.497787148E-3
3.482110110E0,-1.038470957E-2,-5.619960278E-2,6.719517522E-3
3.484015841E0,-1.221730467E-2,-5.803219974E-2,9.773843922E-3
3.486014495E0,-1.099557430E-2,-5.864306539E-2,3.054326167E-3
3.488083533E0,-1.160643995E-2,-6.047565863E-2,9.162978269E-3
3.490118226E0,-1.038470957E-2,-5.986479297E-2,9.773843922E-3
3.492186572E0,-9.162978269E-3,-6.230825558E-2,6.108652335E-3
3.494220725E0,-1.099557430E-2,-6.291911751E-2,1.221730467E-2
3.496289418E0,-9.162978269E-3,-6.291911751E-2,9.162978269E-3
3.498371610E0,-9.773843922E-3,-6.658431143E-2,1.343903504E-2
3.500377841E0,-7.941247895E-3,-6.536258012E-2,1.588249579E-2
3.502456995E0,-7.941247895E-3,-6.536258012E-2,1.527163107E-2
3.504362918E0,-8.552113548E-3,-6.597344577E-2,1.649336144E-2
3.506362418E0,-1.160643995E-2,-6.597344577E-2,2.138028294E-2
3.508431495E0,-7.941247895E-3,-6.780604273E-2,1.893682219E-2
3.510466495E0,-6.719517522E-3,-6.841690838E-2,1.588249579E-2
3.512535610E0,-5.497787148E-3,-6.902777404E-2,1.893682219E-2
3.514569995E0,-4.886921961E-3,-7.024950534E-2,1.832595654E-2
3.516638379E0,-7.941247895E-3,-7.147123665E-2,1.954768784E-2
3.518720148E0,-7.330383174E-3,-7.147123665E-2,2.199114859E-2
3.520677918E0,-4.886921961E-3,-7.024950534E-2,2.138028294E-2
3.522678533E0,-1.038470957E-2,-7.269296050E-2,2.138028294E-2
3.524747802E0,-7.330383174E-3,-7.330382615E-2,2.260201424E-2
3.526782456E0,-8.552113548E-3,-7.391469181E-2,2.076941915E-2
3.528851148E0,-1.038470957E-2,-7.391469181E-2,1.649336144E-2
3.530885456E0,-9.162978269E-3,-7.635815442E-2,1.893682219E-2
3.532953687E0,-9.162978269E-3,-7.513642311E-2,1.710422710E-2
3.534988610E0,-1.343903504E-2,-7.513642311E-2,1.771509275E-2
3.537056764E0,-1.282817032E-2,-7.696902007E-2,2.015855350E-2
3.539138918E0,-1.466076635E-2,-7.757988572E-2,1.527163107E-2
3.541144533E0,-1.343903504E-2,-7.819075137E-2,1.404990070E-2
3.543100841E0,-1.466076635E-2,-8.124507964E-2,1.527163107E-2
3.545169302E0,-1.221730467E-2,-8.185594529E-2,1.404990070E-2
3.547203764E0,-1.466076635E-2,-8.063421398E-2,1.649336144E-2
3.549272187E0,-1.527163107E-2,-8.185594529E-2,1.649336144E-2
3.551306687E0,-1.710422710E-2,-8.246681094E-2,1.404990070E-2
3.553375841E0,-1.771509275E-2,-8.552113175E-2,1.282817032E-2
3.555410533E0,-1.588249579E-2,-8.491026610E-2,1.038470957E-2
3.557481110E0,-1.893682219E-2,-8.613199741E-2,1.221730467E-2
3.559562879E0,-1.954768784E-2,-8.796459436E-2,1.221730467E-2
3.561521456E0,-1.832595654E-2,-8.979719132E-2,1.038470957E-2
3.563645764E0,-2.138028294E-2,-8.979719132E-2,9.162978269E-3
3.565550918E0,-2.199114859E-2,-9.101892263E-2,9.162978269E-3
3.567550302E0,-2.076941915E-2,-9.224065393E-2,7.941247895E-3
3.569618841E0,-2.138028294E-2,-9.040805697E-2,1.099557430E-2
3.571653341E0,-2.199114859E-2,-9.468411654E-2,8.552113548E-3
3.573721764E0,-2.138028294E-2,-9.468411654E-2,6.719517522E-3
3.575755648E0,-2.321287990E-2,-9.712757170E-2,9.162978269E-3
3.577825379E0,-2.321287990E-2,-9.773843735E-2,9.773843922E-3
3.579906148E0,-2.321287990E-2,-9.773843735E-2,1.038470957E-2
3.581910994E0,-2.382374369E-2,-9.957103431E-2,9.162978269E-3
3.584053610E0,-2.382374369E-2,-1.001819000E-1,9.162978269E-3
3.585889610E0,-2.321287990E-2,-1.001819000E-1,9.162978269E-3
3.587887610E0,-2.321287990E-2,-1.014036313E-1,9.162978269E-3
3.589956841E0,-2.321287990E-2,-1.007927656E-1,1.038470957E-2
3.591990264E0,-2.504547499E-2,-9.957103431E-2,9.773843922E-3
3.594059417E0,-2.626720630E-2,-1.014036313E-1,1.221730467E-2
3.596093648E0,-2.687807009E-2,-9.957103431E-2,9.773843922E-3
3.598162571E0,-2.748893574E-2,-1.001819000E-1,1.343903504E-2
3.600244648E0,-2.382374369E-2,-9.712757170E-2,9.773843922E-3
3.602203110E0,-2.565634064E-2,-9.712757170E-2,1.221730467E-2
3.604204648E0,-2.626720630E-2,-9.590584040E-2,1.160643995E-2
3.606273994E0,-2.443460934E-2,-9.224065393E-2,1.282817032E-2
3.608308148E0,-2.932153270E-2,-9.224065393E-2,1.099557430E-2
3.610377917E0,-2.687807009E-2,-8.979719132E-2,9.773843922E-3
3.612412802E0,-2.748893574E-2,-8.918632567E-2,1.282817032E-2
3.614437764E0,-2.626720630E-2,-8.918632567E-2,1.099557430E-2
3.616437456E0,-2.626720630E-2,-8.491026610E-2,1.038470957E-2
3.618506302E0,-2.748893574E-2,-8.429940045E-2,1.099557430E-2
3.620588610E0,-2.687807009E-2,-8.368854225E-2,9.773843922E-3
3.622593879E0,-2.687807009E-2,-8.307767659E-2,1.282817032E-2
3.624552533E0,-2.504547499E-2,-8.307767659E-2,7.941247895E-3
3.626621494E0,-2.687807009E-2,-8.185594529E-2,6.719517522E-3
3.628655956E0,-2.565634064E-2,-8.185594529E-2,9.162978269E-3
3.630725225E0,-2.871066704E-2,-8.124507964E-2,5.497787148E-3
3.632759302E0,-2.871066704E-2,-8.063421398E-2,8.552113548E-3
3.634828687E0,-2.871066704E-2,-8.063421398E-2,8.552113548E-3
3.636861956E0,-2.748893574E-2,-8.002334833E-2,7.330383174E-3
3.638931648E0,-2.993239649E-2,-7.819075137E-2,5.497787148E-3
3.641013456E0,-3.054326214E-2,-8.063421398E-2,9.773843922E-3
3.642971994E0,-2.871066704E-2,-8.063421398E-2,6.108652335E-3
3.645095571E0,-2.748893574E-2,-8.063421398E-2,3.665191587E-3
3.647000456E0,-2.626720630E-2,-8.246681094E-2,3.665191587E-3
3.648999840E0,-3.298672289E-2,-8.124507964E-2,3.054326167E-3
3.651068494E0,-3.054326214E-2,-8.307767659E-2,1.832595794E-3
3.653102263E0,-3.115412779E-2,-8.307767659E-2,4.276056774E-3
3.655171610E0,-2.809980139E-2,-8.491026610E-2,0.000000000E0
3.657205917E0,-3.237585723E-2,-8.613199741E-2,-1.221730490E-3
3.659273571E0,-3.115412779E-2,-8.613199741E-2,1.221730490E-3
3.661354686E0,-2.871066704E-2,-8.613199741E-2,-1.832595794E-3
3.663359571E0,-2.993239649E-2,-8.307767659E-2,-2.443460980E-3
3.665438571E0,-2.932153270E-2,-8.368854225E-2,6.108652451E-4
3.667344533E0,-2.626720630E-2,-7.819075137E-2,-1.832595794E-3
3.669343494E0,-2.687807009E-2,-8.124507964E-2,0.000000000E0
3.671412379E0,-2.626720630E-2,-7.635815442E-2,-6.108652451E-4
3.673445917E0,-2.260201424E-2,-7.147123665E-2,-2.443460980E-3
3.675514763E0,-2.626720630E-2,-7.086037099E-2,-2.443460980E-3
3.677549225E0,-2.260201424E-2,-6.597344577E-2,1.221730490E-3
3.679617802E0,-2.138028294E-2,-5.986479297E-2,4.886921961E-3
3.681698994E0,-2.076941915E-2,-5.742133409E-2,6.108652451E-4
3.683656802E0,-2.015855350E-2,-5.497787148E-2,3.665191587E-3
3.685657532E0,-1.954768784E-2,-4.948008433E-2,3.665191587E-3
3.687726109E0,-2.076941915E-2,-5.131268129E-2,7.330383174E-3
3.689760648E0,-1.893682219E-2,-4.703662544E-2,5.497787148E-3
3.691829802E0,-1.954768784E-2,-4.398229718E-2,6.108652335E-3
3.693863917E0,-1.649336144E-2,-4.398229718E-2,6.719517522E-3
3.695933263E0,-1.771509275E-2,-4.031710699E-2,7.330383174E-3
3.697967955E0,-1.588249579E-2,-4.031710699E-2,5.497787148E-3
3.700037071E0,-1.710422710E-2,-3.726277873E-2,7.941247895E-3
3.702119879E0,-1.466076635E-2,-3.909537569E-2,6.719517522E-3
3.704125725E0,-1.404990070E-2,-3.665191308E-2,3.665191587E-3
3.706083032E0,-1.527163107E-2,-3.787364438E-2,7.941247895E-3
3.708151994E0,-1.588249579E-2,-3.726277873E-2,2.443460980E-3
3.710186571E0,-1.466076635E-2,-3.726277873E-2,3.054326167E-3
3.712255879E0,-1.160643995E-2,-3.848451003E-2,3.054326167E-3
3.714290763E0,-1.404990070E-2,-4.092797264E-2,2.443460980E-3
3.716359955E0,-1.343903504E-2,-3.909537569E-2,-6.108652451E-4
3.718394840E0,-1.221730467E-2,-4.092797264E-2,3.054326167E-3
3.720464186E0,-1.160643995E-2,-4.092797264E-2,1.832595794E-3
3.722547302E0,-9.773843922E-3,-4.276056588E-2,-2.443460980E-3
3.724505032E0,-1.038470957E-2,-4.214970022E-2,-6.108652451E-4
3.726628225E0,-1.038470957E-2,-4.092797264E-2,-1.832595794E-3
3.728533955E0,-7.941247895E-3,-4.398229718E-2,-1.221730490E-3
3.730533032E0,-9.773843922E-3,-4.092797264E-2,6.108652451E-4
3.732601609E0,-1.038470957E-2,-4.092797264E-2,-3.665191587E-3
3.734635686E0,-9.773843922E-3,-4.276056588E-2,-2.443460980E-3
3.736704917E0,-9.162978269E-3,-4.276056588E-2,-1.221730490E-3
3.738738571E0,-1.099557430E-2,-4.276056588E-2,6.108652451E-4
3.740807148E0,-9.773843922E-3,-4.520402849E-2,-3.665191587E-3
3.742889532E0,-1.038470957E-2,-4.764748737E-2,-1.221730490E-3
3.744894417E0,-1.160643995E-2,-4.642575979E-2,-1.221730490E-3
3.747036417E0,-8.552113548E-3,-4.948008433E-2,-2.443460980E-3
3.748871917E0,-1.038470957E-2,-5.192354694E-2,-2.443460980E-3
3.750871994E0,-8.552113548E-3,-5.192354694E-2,-1.832595794E-3
3.752940878E0,-9.773843922E-3,-5.375614017E-2,-1.832595794E-3
3.754974955E0,-9.162978269E-3,-5.436700583E-2,-3.665191587E-3
3.757043801E0,-7.330383174E-3,-5.558873713E-2,-4.886921961E-3
3.759078840E0,-1.099557430E-2,-5.619960278E-2,-5.497787148E-3
3.761147378E0,-7.941247895E-3,-5.864306539E-2,-3.054326167E-3
3.763229186E0,-1.038470957E-2,-6.047565863E-2,-3.665191587E-3
3.765186109E0,-8.552113548E-3,-5.986479297E-2,-6.108652451E-4
3.767186109E0,-8.552113548E-3,-6.352998316E-2,3.054326167E-3
3.769254571E0,-8.552113548E-3,-6.536258012E-2,-3.054326167E-3
3.771288571E0,-1.099557430E-2,-6.536258012E-2,6.108652451E-4
3.773357878E0,-7.941247895E-3,-6.475171447E-2,-6.108652451E-4
3.775392724E0,-7.941247895E-3,-6.658431143E-2,-1.832595794E-3
3.777461455E0,-8.552113548E-3,-6.963863969E-2,1.221730490E-3
3.779495878E0,-8.552113548E-3,-7.086037099E-2,3.665191587E-3
3.781563917E0,-7.330383174E-3,-7.147123665E-2,-6.108652451E-4
3.783645878E0,-4.886921961E-3,-7.269296050E-2,0.000000000E0
3.785650263E0,-8.552113548E-3,-7.513642311E-2,2.443460980E-3
3.787605686E0,-1.038470957E-2,-7.513642311E-2,0.000000000E0
3.789674647E0,-7.330383174E-3,-7.269296050E-2,2.443460980E-3
3.791709147E0,-7.330383174E-3,-7.330382615E-2,2.443460980E-3
3.793777686E0,-7.330383174E-3,-7.330382615E-2,3.054326167E-3
3.795811724E0,-4.276056774E-3,-7.147123665E-2,1.221730490E-3
3.797880840E0,-4.276056774E-3,-7.208210230E-2,7.941247895E-3
3.799915570E0,-1.832595794E-3,-6.902777404E-2,1.832595794E-3
3.801984301E0,-3.665191587E-3,-6.719517708E-2,6.719517522E-3
3.804066186E0,-3.665191587E-3,-6.719517708E-2,5.497787148E-3
3.806024070E0,-4.886921961E-3,-6.414084882E-2,5.497787148E-3
3.808148840E0,-6.108652451E-4,-6.352998316E-2,8.552113548E-3
3.810054417E0,1.221730490E-3,-6.169738993E-2,8.552113548E-3
3.812053801E0,0.000000000E0,-5.925392732E-2,6.108652335E-3
3.814122686E0,-2.443460980E-3,-5.925392732E-2,1.038470957E-2
3.816157455E0,6.108652451E-4,-5.681046844E-2,9.773843922E-3
3.818226378E0,-1.221730490E-3,-5.436700583E-2,1.099557430E-2
3.820260801E0,-6.108652451E-4,-5.497787148E-2,1.404990070E-2
3.822328993E0,-1.221730490E-3,-5.253441259E-2,1.160643995E-2
3.824409878E0,-1.832595794E-3,-5.314527452E-2,1.221730467E-2
3.826414570E0,-3.054326167E-3,-5.314527452E-2,1.160643995E-2
3.828493647E0,-4.886921961E-3,-5.131268129E-2,1.160643995E-2
3.830399301E0,-4.886921961E-3,-4.948008433E-2,1.282817032E-2
3.832397955E0,-4.276056774E-3,-4.825835302E-2,1.099557430E-2
3.834466570E0,-3.665191587E-3,-4.520402849E-2,1.221730467E-2
3.836500724E0,-5.497787148E-3,-4.642575979E-2,1.160643995E-2
3.838570032E0,-3.054326167E-3,-4.276056588E-2,1.038470957E-2
3.840604186E0,-9.162978269E-3,-4.031710699E-2,1.343903504E-2
3.842688070E0,-8.552113548E-3,-4.031710699E-2,9.162978269E-3
3.844754416E0,-9.773843922E-3,-3.726277873E-2,1.099557430E-2
3.846712763E0,-9.162978269E-3,-3.543018550E-2,7.941247895E-3
3.848712878E0,-9.773843922E-3,-3.359758854E-2,6.719517522E-3
3.850781147E0,-1.343903504E-2,-3.054326214E-2,7.941247895E-3
3.852815186E0,-1.710422710E-2,-2.993239649E-2,5.497787148E-3
3.854883224E0,-1.649336144E-2,-2.626720630E-2,3.665191587E-3
3.856917455E0,-2.076941915E-2,-2.443460934E-2,4.886921961E-3
3.858942224E0,-1.771509275E-2,-2.138028294E-2,6.108652451E-4
3.860941493E0,-2.199114859E-2,-1.710422710E-2,0.000000000E0
3.863009993E0,-2.382374369E-2,-1.466076635E-2,-2.443460980E-3
3.865091763E0,-2.626720630E-2,-1.160643995E-2,-4.886921961E-3
3.867096301E0,-2.871066704E-2,-9.773843922E-3,-2.443460980E-3
3.869054955E0,-2.871066704E-2,-6.719517522E-3,-4.886921961E-3
3.871124301E0,-2.993239649E-2,-7.941247895E-3,-6.719517522E-3
3.873158647E0,-3.054326214E-2,-4.886921961E-3,-9.773843922E-3
3.875227147E0,-3.176499158E-2,-1.832595794E-3,-7.941247895E-3
3.877261993E0,-3.237585723E-2,-2.443460980E-3,-1.038470957E-2
3.879329839E0,-3.176499158E-2,-3.054326167E-3,-1.160643995E-2
3.881363532E0,-3.359758854E-2,-5.497787148E-3,-7.330383174E-3
3.883432416E0,-3.481931984E-2,-6.719517522E-3,-9.773843922E-3
3.885514916E0,-3.420845419E-2,-1.038470957E-2,-8.552113548E-3
3.887473070E0,-3.359758854E-2,-1.404990070E-2,-7.330383174E-3
3.889596186E0,-3.543018550E-2,-1.832595654E-2,-8.552113548E-3
3.891502455E0,-3.726277873E-2,-2.199114859E-2,-8.552113548E-3
3.893501993E0,-3.420845419E-2,-2.565634064E-2,-4.276056774E-3
3.895571570E0,-3.359758854E-2,-3.237585723E-2,-6.108652335E-3
3.897606878E0,-3.481931984E-2,-3.604105115E-2,-4.276056774E-3
3.899675262E0,-3.604105115E-2,-4.337143153E-2,-3.665191587E-3
3.901709570E0,-3.298672289E-2,-5.131268129E-2,-1.832595794E-3
3.903778955E0,-3.237585723E-2,-5.192354694E-2,-3.665191587E-3
3.905860609E0,-3.420845419E-2,-5.986479297E-2,-5.497787148E-3
3.907866070E0,-2.932153270E-2,-6.536258012E-2,-7.941247895E-3
3.910008493E0,-2.871066704E-2,-7.208210230E-2,-6.108652335E-3
3.911844570E0,-2.809980139E-2,-7.635815442E-2,-4.276056774E-3
3.913844724E0,-2.932153270E-2,-8.002334833E-2,-5.497787148E-3
3.915914032E0,-2.626720630E-2,-8.674286306E-2,-6.719517522E-3
3.917949108E0,-2.626720630E-2,-8.857546002E-2,-8.552113548E-3
3.920017685E0,-2.565634064E-2,-9.529497474E-2,-6.719517522E-3
3.922052147E0,-2.443460934E-2,-9.712757170E-2,-8.552113548E-3
3.924120801E0,-2.199114859E-2,-9.834930301E-2,-9.162978269E-3
3.926202801E0,-2.321287990E-2,-1.026253626E-1,-7.330383174E-3
3.928160224E0,-2.199114859E-2,-1.056796908E-1,-1.038470957E-2
3.930160955E0,-1.649336144E-2,-1.056796908E-1,-9.773843922E-3
3.932229262E0,-1.771509275E-2,-1.069014147E-1,-9.162978269E-3
3.934264262E0,-1.527163107E-2,-1.087340117E-1,-1.160643995E-2
3.936333724E0,-1.588249579E-2,-1.105666086E-1,-1.038470957E-2
3.938368685E0,-1.343903504E-2,-1.117883399E-1,-9.773843922E-3
3.940438185E0,-1.404990070E-2,-1.123992056E-1,-1.221730467E-2
3.942473224E0,-1.343903504E-2,-1.148426682E-1,-8.552113548E-3
3.944542762E0,-9.162978269E-3,-1.130100712E-1,-1.221730467E-2
3.946625378E0,-6.108652335E-3,-1.123992056E-1,-1.343903504E-2
3.948631339E0,-7.330383174E-3,-1.136209369E-1,-1.160643995E-2
3.950588224E0,-6.108652335E-3,-1.123992056E-1,-1.099557430E-2
3.952657839E0,-3.665191587E-3,-1.136209369E-1,-1.404990070E-2
3.954693185E0,-3.054326167E-3,-1.081231460E-1,-1.404990070E-2
3.956762993E0,-3.054326167E-3,-1.093448773E-1,-1.404990070E-2
3.958799262E0,-6.108652451E-4,-1.087340117E-1,-1.404990070E-2
3.960867724E0,1.832595794E-3,-1.069014147E-1,-1.832595654E-2
3.962902878E0,1.832595794E-3,-1.056796908E-1,-1.588249579E-2
3.964971531E0,6.108652451E-4,-1.032362282E-1,-1.832595654E-2
3.967054339E0,1.221730490E-3,-1.014036313E-1,-1.527163107E-2
3.969011685E0,6.108652451E-4,-1.001819000E-1,-1.710422710E-2
3.971136301E0,2.443460980E-3,-9.896016866E-2,-1.771509275E-2
3.973043262E0,1.221730490E-3,-9.773843735E-2,-1.527163107E-2
3.975043378E0,6.108652451E-4,-1.001819000E-1,-1.466076635E-2
3.977112339E0,0.000000000E0,-9.834930301E-2,-1.588249579E-2
3.979146801E0,1.221730490E-3,-9.896016866E-2,-1.771509275E-2
3.981216454E0,0.000000000E0,-9.529497474E-2,-1.893682219E-2
3.983251262E0,-6.108652451E-4,-9.407325089E-2,-1.771509275E-2
3.985320762E0,0.000000000E0,-9.346238524E-2,-1.527163107E-2
3.987402262E0,-2.443460980E-3,-9.285151958E-2,-1.466076635E-2
3.989407416E0,-1.221730490E-3,-9.224065393E-2,-1.832595654E-2
3.991487493E0,-2.443460980E-3,-9.101892263E-2,-1.710422710E-2
3.993393685E0,-1.832595794E-3,-8.674286306E-2,-1.710422710E-2
3.995393301E0,-3.665191587E-3,-8.918632567E-2,-1.832595654E-2
3.997462877E0,-1.832595794E-3,-8.674286306E-2,-1.282817032E-2
3.999497800E0,-3.054326167E-3,-8.307767659E-2,-1.832595654E-2
4.001567416E0,0.000000000E0,-8.185594529E-2,-2.199114859E-2
4.003603031E0,-3.665191587E-3,-8.246681094E-2,-1.527163107E-2
4.005673647E0,-1.832595794E-3,-7.941248268E-2,-1.649336144E-2
4.007756647E0,-1.221730490E-3,-7.819075137E-2,-1.343903504E-2
4.009715570E0,3.054326167E-3,-7.513642311E-2,-1.466076635E-2
4.011716724E0,0.000000000E0,-7.696902007E-2,-1.466076635E-2
4.013786993E0,1.221730490E-3,-7.452555746E-2,-1.710422710E-2
4.015822685E0,1.832595794E-3,-7.147123665E-2,-1.466076635E-2
4.017891954E0,4.276056774E-3,-7.208210230E-2,-1.282817032E-2
4.019927454E0,4.276056774E-3,-7.208210230E-2,-1.466076635E-2
4.021997147E0,4.276056774E-3,-7.086037099E-2,-9.162978269E-3
4.024031800E0,6.108652335E-3,-7.024950534E-2,-1.221730467E-2
4.026101108E0,9.162978269E-3,-6.963863969E-2,-1.649336144E-2
4.028183493E0,9.162978269E-3,-7.147123665E-2,-9.162978269E-3
4.030189723E0,7.330383174E-3,-7.208210230E-2,-1.404990070E-2
4.032147377E0,7.941247895E-3,-7.269296050E-2,-1.221730467E-2
4.034216223E0,9.162978269E-3,-7.147123665E-2,-1.038470957E-2
4.036250916E0,1.099557430E-2,-7.391469181E-2,-1.099557430E-2
4.038320300E0,1.160643995E-2,-7.391469181E-2,-1.343903504E-2
4.040354877E0,1.038470957E-2,-7.757988572E-2,-1.221730467E-2
4.042424493E0,9.773843922E-3,-8.002334833E-2,-8.552113548E-3
4.044458416E0,1.282817032E-2,-8.063421398E-2,-1.038470957E-2
4.046527531E0,9.162978269E-3,-8.368854225E-2,-7.941247895E-3
4.048609108E0,9.773843922E-3,-8.735372871E-2,-9.162978269E-3
4.050567300E0,9.773843922E-3,-8.429940045E-2,-1.099557430E-2
4.052691608E0,8.552113548E-3,-9.224065393E-2,-1.099557430E-2
4.054596993E0,1.038470957E-2,-9.162978828E-2,-1.343903504E-2
4.056597070E0,9.162978269E-3,-9.285151958E-2,-1.221730467E-2
4.058666608E0,9.162978269E-3,-9.529497474E-2,-1.282817032E-2
4.060700839E0,7.941247895E-3,-9.712757170E-2,-1.466076635E-2
4.062770185E0,5.497787148E-3,-9.712757170E-2,-1.160643995E-2
4.064804762E0,6.108652335E-3,-9.773843735E-2,-7.941247895E-3
4.066873839E0,6.719517522E-3,-9.834930301E-2,-1.282817032E-2
4.068956877E0,5.497787148E-3,-9.896016866E-2,-1.038470957E-2
4.070964108E0,7.330383174E-3,-9.773843735E-2,-1.221730467E-2
4.073107916E0,6.108652335E-3,-9.651670605E-2,-1.221730467E-2
4.074943839E0,5.497787148E-3,-9.896016866E-2,-1.160643995E-2
4.076943954E0,7.941247895E-3,-9.712757170E-2,-1.099557430E-2
4.079013339E0,6.108652335E-3,-9.590584040E-2,-9.773843922E-3
4.081048685E0,4.886921961E-3,-9.407325089E-2,-8.552113548E-3
4.083118146E0,6.108652335E-3,-9.285151958E-2,-7.941247895E-3
4.085153185E0,8.552113548E-3,-8.979719132E-2,-1.160643995E-2
4.087222069E0,6.108652335E-3,-8.674286306E-2,-6.719517522E-3
4.089304262E0,3.665191587E-3,-8.796459436E-2,-6.719517522E-3
4.091262954E0,4.276056774E-3,-8.491026610E-2,-7.330383174E-3
4.093263723E0,5.497787148E-3,-8.124507964E-2,-6.108652335E-3
4.095332454E0,8.552113548E-3,-7.941248268E-2,-9.162978269E-3
4.097367108E0,7.941247895E-3,-7.696902007E-2,-8.552113548E-3
4.099436569E0,5.497787148E-3,-7.391469181E-2,-4.886921961E-3
4.101470839E0,7.330383174E-3,-7.391469181E-2,-7.941247895E-3
4.103495877E0,8.552113548E-3,-6.963863969E-2,-8.552113548E-3
4.105496108E0,6.108652335E-3,-6.658431143E-2,-6.719517522E-3
4.107565954E0,9.162978269E-3,-6.536258012E-2,-9.773843922E-3
4.109647569E0,1.099557430E-2,-6.047565863E-2,-7.941247895E-3
4.111652685E0,9.162978269E-3,-5.925392732E-2,-8.552113548E-3
4.113611992E0,9.773843922E-3,-5.742133409E-2,-1.160643995E-2
4.115680646E0,9.162978269E-3,-5.131268129E-2,-8.552113548E-3
4.117715992E0,1.221730467E-2,-4.703662544E-2,-1.038470957E-2
4.119785415E0,1.282817032E-2,-4.886921868E-2,-1.099557430E-2
4.121820338E0,1.221730467E-2,-4.214970022E-2,-1.282817032E-2
4.123889569E0,1.099557430E-2,-4.092797264E-2,-1.282817032E-2
4.125924569E0,1.160643995E-2,-3.970624134E-2,-1.343903504E-2
4.127993762E0,1.282817032E-2,-3.604105115E-2,-1.710422710E-2
4.130076377E0,1.221730467E-2,-3.298672289E-2,-1.404990070E-2
4.132034531E0,1.099557430E-2,-2.932153270E-2,-1.649336144E-2
4.134159800E0,1.404990070E-2,-2.993239649E-2,-1.710422710E-2
4.136065992E0,1.160643995E-2,-2.687807009E-2,-1.527163107E-2
4.138066108E0,1.221730467E-2,-2.382374369E-2,-1.832595654E-2
4.140135800E0,1.099557430E-2,-2.565634064E-2,-1.771509275E-2
4.142169954E0,1.099557430E-2,-2.382374369E-2,-1.832595654E-2
4.144239723E0,7.330383174E-3,-2.565634064E-2,-1.771509275E-2
4.146273992E0,8.552113548E-3,-2.321287990E-2,-1.954768784E-2
4.148342608E0,8.552113548E-3,-2.382374369E-2,-1.893682219E-2
4.150424223E0,8.552113548E-3,-2.321287990E-2,-1.954768784E-2
4.152428723E0,4.886921961E-3,-2.382374369E-2,-1.893682219E-2
4.154508338E0,6.108652335E-3,-2.199114859E-2,-1.893682219E-2
4.156413915E0,6.108652335E-3,-2.443460934E-2,-1.954768784E-2
4.158413685E0,6.108652335E-3,-2.321287990E-2,-1.832595654E-2
4.160482261E0,3.665191587E-3,-2.443460934E-2,-1.832595654E-2
4.162516761E0,2.443460980E-3,-2.260201424E-2,-2.015855350E-2
4.164585915E0,3.665191587E-3,-2.321287990E-2,-1.588249579E-2
4.166621877E0,3.054326167E-3,-2.321287990E-2,-1.771509275E-2
4.168690531E0,2.443460980E-3,-2.260201424E-2,-1.893682219E-2
4.170772877E0,6.108652451E-4,-2.076941915E-2,-1.649336144E-2
4.172731377E0,-1.832595794E-3,-2.321287990E-2,-1.404990070E-2
4.174733031E0,-1.832595794E-3,-2.015855350E-2,-2.015855350E-2
4.176802338E0,-3.054326167E-3,-2.138028294E-2,-1.527163107E-2
4.178838723E0,-4.276056774E-3,-1.771509275E-2,-1.710422710E-2
4.180906761E0,-6.108652335E-3,-1.893682219E-2,-1.832595654E-2
4.182941761E0,-7.330383174E-3,-1.893682219E-2,-1.771509275E-2
4.185010492E0,-7.941247895E-3,-1.588249579E-2,-1.954768784E-2
4.187045338E0,-1.099557430E-2,-1.710422710E-2,-1.832595654E-2
4.189114031E0,-1.099557430E-2,-1.404990070E-2,-1.649336144E-2
4.191196877E0,-1.282817032E-2,-1.466076635E-2,-1.649336144E-2
4.193201646E0,-1.649336144E-2,-1.282817032E-2,-1.649336144E-2
4.195158031E0,-1.649336144E-2,-1.282817032E-2,-1.466076635E-2
4.197226838E0,-2.015855350E-2,-1.466076635E-2,-1.527163107E-2
4.199261915E0,-1.771509275E-2,-1.527163107E-2,-1.771509275E-2
4.201331915E0,-2.260201424E-2,-1.832595654E-2,-1.710422710E-2
4.203365992E0,-2.199114859E-2,-1.710422710E-2,-2.015855350E-2
4.205434915E0,-2.382374369E-2,-1.466076635E-2,-1.710422710E-2
4.207469684E0,-2.687807009E-2,-1.649336144E-2,-1.466076635E-2
4.209538954E0,-2.871066704E-2,-1.527163107E-2,-1.649336144E-2
4.211620761E0,-2.871066704E-2,-1.282817032E-2,-1.954768784E-2
4.213578415E0,-3.176499158E-2,-1.404990070E-2,-1.466076635E-2
4.215702492E0,-2.932153270E-2,-1.404990070E-2,-1.710422710E-2
4.217607915E0,-3.420845419E-2,-1.282817032E-2,-1.527163107E-2
4.219606992E0,-3.481931984E-2,-1.282817032E-2,-1.282817032E-2
4.221676146E0,-3.420845419E-2,-1.160643995E-2,-1.710422710E-2
4.223710761E0,-3.726277873E-2,-1.221730467E-2,-1.588249579E-2
4.225779646E0,-3.665191308E-2,-9.773843922E-3,-1.221730467E-2
4.227813300E0,-3.665191308E-2,-8.552113548E-3,-1.221730467E-2
4.229881761E0,-3.848451003E-2,-8.552113548E-3,-1.160643995E-2
4.231963338E0,-3.848451003E-2,-7.941247895E-3,-8.552113548E-3
4.233968492E0,-3.787364438E-2,-5.497787148E-3,-1.221730467E-2
4.236110838E0,-3.787364438E-2,-5.497787148E-3,-1.038470957E-2
4.237946146E0,-3.848451003E-2,-4.886921961E-3,-8.552113548E-3
4.239945492E0,-3.787364438E-2,-2.443460980E-3,-1.221730467E-2
4.242014646E0,-3.970624134E-2,-1.221730490E-3,-9.162978269E-3
4.244049261E0,-3.909537569E-2,1.832595794E-3,-6.719517522E-3
4.246118376E0,-3.970624134E-2,4.276056774E-3,-8.552113548E-3
4.248153069E0,-4.031710699E-2,7.941247895E-3,-4.276056774E-3
4.250236800E0,-4.031710699E-2,1.038470957E-2,-4.276056774E-3
4.252303646E0,-4.031710699E-2,7.941247895E-3,-2.443460980E-3
4.254261761E0,-3.909537569E-2,1.099557430E-2,-4.886921961E-3
4.256262492E0,-4.092797264E-2,1.282817032E-2,-6.108652335E-3
4.258332107E0,-3.848451003E-2,1.404990070E-2,-4.276056774E-3
4.260366684E0,-4.214970022E-2,1.588249579E-2,-3.054326167E-3
4.262435299E0,-4.031710699E-2,1.649336144E-2,-6.719517522E-3
4.264470069E0,-3.970624134E-2,2.138028294E-2,-5.497787148E-3
4.266538607E0,-3.787364438E-2,2.443460934E-2,-3.054326167E-3
4.268573492E0,-3.848451003E-2,2.809980139E-2,-7.941247895E-3
4.270642069E0,-3.787364438E-2,3.543018550E-2,-6.108652335E-3
4.272723876E0,-3.787364438E-2,3.359758854E-2,-1.832595794E-3
4.274728876E0,-3.604105115E-2,3.909537569E-2,-7.941247895E-3
4.276686376E0,-3.787364438E-2,4.459316283E-2,-1.832595794E-3
4.278755530E0,-3.298672289E-2,4.520402849E-2,-4.276056774E-3
4.280790607E0,-3.298672289E-2,4.886921868E-2,-5.497787148E-3
4.282859799E0,-3.298672289E-2,5.070181563E-2,-1.832595794E-3
4.284893415E0,-3.176499158E-2,5.192354694E-2,-3.665191587E-3
4.286962915E0,-3.604105115E-2,5.375614017E-2,-3.665191587E-3
4.288997530E0,-3.298672289E-2,5.558873713E-2,-2.443460980E-3
4.291066646E0,-3.298672289E-2,5.436700583E-2,-3.054326167E-3
4.293147415E0,-3.420845419E-2,5.497787148E-2,-6.108652335E-3
4.295105607E0,-3.237585723E-2,5.375614017E-2,-4.276056774E-3
4.297229492E0,-3.298672289E-2,5.558873713E-2,-4.886921961E-3
4.299134722E0,-2.993239649E-2,5.436700583E-2,-4.886921961E-3
4.301133876E0,-3.298672289E-2,5.436700583E-2,-3.054326167E-3
4.303202569E0,-3.481931984E-2,5.375614017E-2,-6.108652335E-3
4.305236684E0,-3.359758854E-2,5.375614017E-2,-5.497787148E-3
4.307305415E0,-3.176499158E-2,5.314527452E-2,-3.054326167E-3
4.309339492E0,-3.298672289E-2,5.131268129E-2,-2.443460980E-3
4.311408992E0,-3.298672289E-2,5.253441259E-2,-6.108652335E-3
4.313489722E0,-3.298672289E-2,5.192354694E-2,-3.665191587E-3
4.315494992E0,-3.359758854E-2,4.825835302E-2,-4.276056774E-3
4.317574799E0,-3.054326214E-2,4.764748737E-2,-9.162978269E-3
4.319480992E0,-3.237585723E-2,4.581489414E-2,-4.276056774E-3
4.321481222E0,-3.176499158E-2,4.581489414E-2,-6.719517522E-3
4.323550299E0,-3.298672289E-2,4.703662544E-2,-1.038470957E-2
4.325585568E0,-3.237585723E-2,4.214970022E-2,-2.443460980E-3
4.327654838E0,-3.665191308E-2,4.276056588E-2,-4.886921961E-3
4.329689453E0,-3.359758854E-2,4.214970022E-2,-5.497787148E-3
4.331758222E0,-3.298672289E-2,4.398229718E-2,-5.497787148E-3
4.333840068E0,-3.481931984E-2,4.214970022E-2,-5.497787148E-3
4.335797568E0,-3.359758854E-2,4.276056588E-2,-7.330383174E-3
4.337798030E0,-3.481931984E-2,4.214970022E-2,-5.497787148E-3
4.339866492E0,-3.420845419E-2,4.153883830E-2,-4.886921961E-3
4.341901030E0,-3.237585723E-2,4.153883830E-2,-4.886921961E-3
4.343968991E0,-3.543018550E-2,3.970624134E-2,-1.221730490E-3
4.346003030E0,-3.420845419E-2,4.092797264E-2,-4.886921961E-3
4.348027338E0,-3.298672289E-2,4.031710699E-2,-4.276056774E-3
4.350027107E0,-3.298672289E-2,4.153883830E-2,-6.108652335E-3
4.352095722E0,-3.543018550E-2,4.153883830E-2,-3.054326167E-3
4.354177876E0,-3.298672289E-2,4.214970022E-2,-3.054326167E-3
4.356182915E0,-3.298672289E-2,4.337143153E-2,-3.665191587E-3
4.358141184E0,-3.543018550E-2,4.214970022E-2,-6.108652335E-3
4.360209415E0,-3.420845419E-2,4.092797264E-2,-1.832595794E-3
4.362243876E0,-3.359758854E-2,3.970624134E-2,-3.054326167E-3
4.364313261E0,-3.359758854E-2,4.031710699E-2,-5.497787148E-3
4.366346568E0,-3.420845419E-2,4.153883830E-2,-3.054326167E-3
4.368415376E0,-3.359758854E-2,4.153883830E-2,-3.665191587E-3
4.370449799E0,-2.993239649E-2,4.031710699E-2,-7.330383174E-3
4.372518376E0,-3.298672289E-2,3.848451003E-2,-1.221730490E-3
4.374600107E0,-3.176499158E-2,3.848451003E-2,-2.443460980E-3
4.376558761E0,-3.237585723E-2,3.970624134E-2,-6.108652335E-3
4.378682376E0,-2.809980139E-2,4.031710699E-2,-3.054326167E-3
4.380587299E0,-3.115412779E-2,3.909537569E-2,-4.276056774E-3
4.382586799E0,-2.871066704E-2,4.031710699E-2,-6.108652335E-3
4.384654684E0,-2.871066704E-2,4.092797264E-2,-5.497787148E-3
4.386688914E0,-2.809980139E-2,3.909537569E-2,-7.941247895E-3
4.388757068E0,-2.687807009E-2,3.970624134E-2,-5.497787148E-3
4.390790914E0,-2.748893574E-2,3.909537569E-2,-4.276056774E-3
4.392859645E0,-2.443460934E-2,3.970624134E-2,-7.330383174E-3
4.394941799E0,-2.382374369E-2,4.214970022E-2,-1.099557430E-2
4.396947530E0,-2.504547499E-2,3.970624134E-2,-8.552113548E-3
4.399089761E0,-2.076941915E-2,4.031710699E-2,-9.773843922E-3
4.400924876E0,-2.321287990E-2,4.031710699E-2,-9.773843922E-3
4.402924530E0,-2.076941915E-2,4.092797264E-2,-9.162978269E-3
4.404992068E0,-1.710422710E-2,4.153883830E-2,-1.282817032E-2
4.407026184E0,-2.015855350E-2,4.092797264E-2,-9.773843922E-3
4.409094530E0,-1.893682219E-2,4.153883830E-2,-1.343903504E-2
4.411129145E0,-1.893682219E-2,4.092797264E-2,-1.588249579E-2
4.413198068E0,-1.893682219E-2,3.970624134E-2,-1.099557430E-2
4.415280184E0,-2.015855350E-2,3.848451003E-2,-1.099557430E-2
4.417238684E0,-1.832595654E-2,3.909537569E-2,-1.588249579E-2
4.419240491E0,-2.015855350E-2,3.787364438E-2,-1.282817032E-2
4.421310414E0,-1.954768784E-2,4.031710699E-2,-1.771509275E-2
4.423345337E0,-2.076941915E-2,4.031710699E-2,-1.343903504E-2
4.425414530E0,-2.199114859E-2,3.726277873E-2,-1.527163107E-2
4.427450453E0,-1.954768784E-2,3.787364438E-2,-1.771509275E-2
4.429519376E0,-2.199114859E-2,3.604105115E-2,-1.710422710E-2
4.431553683E0,-2.199114859E-2,3.420845419E-2,-1.466076635E-2
4.433622722E0,-2.565634064E-2,3.420845419E-2,-1.710422710E-2
4.435705453E0,-2.504547499E-2,3.237585723E-2,-1.527163107E-2
4.437711722E0,-2.382374369E-2,3.054326214E-2,-1.588249579E-2
4.439668876E0,-2.443460934E-2,3.176499158E-2,-1.710422710E-2
4.441737606E0,-2.748893574E-2,3.237585723E-2,-1.771509275E-2
4.443771799E0,-2.748893574E-2,3.176499158E-2,-1.527163107E-2
4.445840491E0,-2.932153270E-2,3.298672289E-2,-1.832595654E-2
4.447875376E0,-2.565634064E-2,3.298672289E-2,-1.832595654E-2
4.449944568E0,-3.054326214E-2,2.871066704E-2,-1.710422710E-2
4.451978799E0,-2.993239649E-2,2.932153270E-2,-1.771509275E-2
4.454047799E0,-3.176499158E-2,2.748893574E-2,-1.832595654E-2
4.456129222E0,-2.993239649E-2,2.871066704E-2,-2.076941915E-2
4.458087145E0,-3.115412779E-2,2.871066704E-2,-1.832595654E-2
4.460210722E0,-3.359758854E-2,2.748893574E-2,-2.138028294E-2
4.462115722E0,-3.237585723E-2,2.504547499E-2,-2.076941915E-2
4.464115568E0,-3.359758854E-2,2.809980139E-2,-1.893682219E-2
4.466184568E0,-3.665191308E-2,2.504547499E-2,-2.138028294E-2
4.468219068E0,-3.420845419E-2,2.565634064E-2,-1.893682219E-2
4.470287991E0,-3.298672289E-2,2.687807009E-2,-2.260201424E-2
4.472322876E0,-3.298672289E-2,2.687807009E-2,-2.565634064E-2
4.474392414E0,-3.481931984E-2,2.687807009E-2,-2.443460934E-2
4.476475068E0,-3.543018550E-2,2.993239649E-2,-2.382374369E-2
4.478479876E0,-3.604105115E-2,2.748893574E-2,-2.382374369E-2
4.480560645E0,-3.543018550E-2,2.626720630E-2,-2.443460934E-2
4.482467645E0,-3.665191308E-2,2.871066704E-2,-2.138028294E-2
4.484466606E0,-3.481931984E-2,2.809980139E-2,-2.932153270E-2
4.486536106E0,-3.604105115E-2,3.054326214E-2,-2.565634064E-2
4.488571337E0,-3.726277873E-2,2.871066704E-2,-2.504547499E-2
4.490640029E0,-3.543018550E-2,3.054326214E-2,-2.809980139E-2
4.492675452E0,-3.665191308E-2,3.054326214E-2,-2.382374369E-2
4.494744645E0,-3.848451003E-2,3.054326214E-2,-2.321287990E-2
4.496826683E0,-3.787364438E-2,2.993239649E-2,-2.809980139E-2
4.498784337E0,-3.848451003E-2,3.543018550E-2,-2.382374369E-2
4.500786799E0,-3.970624134E-2,3.298672289E-2,-2.382374369E-2
4.502855645E0,-3.970624134E-2,3.543018550E-2,-2.565634064E-2
4.504890222E0,-4.153883830E-2,3.726277873E-2,-2.382374369E-2
4.506959799E0,-3.970624134E-2,3.848451003E-2,-2.382374369E-2
4.508994645E0,-4.092797264E-2,4.031710699E-2,-2.809980139E-2
4.511064183E0,-4.214970022E-2,4.092797264E-2,-2.260201424E-2
4.513098799E0,-4.153883830E-2,3.970624134E-2,-2.443460934E-2
4.515168414E0,-4.153883830E-2,3.970624134E-2,-2.626720630E-2
4.517250760E0,-4.337143153E-2,3.726277873E-2,-2.504547499E-2
4.519256952E0,-4.581489414E-2,3.726277873E-2,-2.565634064E-2
4.521213452E0,-4.703662544E-2,3.604105115E-2,-2.260201424E-2
4.523283145E0,-4.764748737E-2,3.420845419E-2,-2.443460934E-2
4.525318068E0,-4.825835302E-2,3.237585723E-2,-2.871066704E-2
4.527387106E0,-5.131268129E-2,3.115412779E-2,-2.626720630E-2
4.529421991E0,-5.375614017E-2,2.932153270E-2,-2.443460934E-2
4.531490491E0,-5.375614017E-2,2.932153270E-2,-2.443460934E-2
4.533524875E0,-5.681046844E-2,2.748893574E-2,-2.687807009E-2
4.535595606E0,-5.681046844E-2,2.687807009E-2,-2.748893574E-2
4.537676798E0,-5.986479297E-2,2.626720630E-2,-2.932153270E-2
4.539635029E0,-6.230825558E-2,2.443460934E-2,-2.748893574E-2
4.541759068E0,-6.475171447E-2,2.199114859E-2,-2.565634064E-2
4.543664837E0,-6.536258012E-2,2.321287990E-2,-2.809980139E-2
4.545663683E0,-6.597344577E-2,2.199114859E-2,-3.054326214E-2
4.547732645E0,-7.147123665E-2,2.138028294E-2,-2.932153270E-2
4.549767221E0,-7.330382615E-2,2.076941915E-2,-3.176499158E-2
4.551836529E0,-7.452555746E-2,2.076941915E-2,-3.054326214E-2
4.553870952E0,-7.635815442E-2,2.382374369E-2,-3.054326214E-2
4.555941260E0,-7.819075137E-2,2.321287990E-2,-3.237585723E-2
4.558023106E0,-8.185594529E-2,2.565634064E-2,-3.298672289E-2
4.560028183E0,-8.368854225E-2,2.443460934E-2,-3.237585723E-2
4.562170491E0,-8.674286306E-2,2.809980139E-2,-3.054326214E-2
4.564006375E0,-8.857546002E-2,3.054326214E-2,-3.298672289E-2
4.566007183E0,-9.040805697E-2,2.993239649E-2,-3.054326214E-2
4.568075260E0,-9.162978828E-2,3.115412779E-2,-2.993239649E-2
4.570110068E0,-9.590584040E-2,3.298672289E-2,-3.298672289E-2
4.572179106E0,-9.712757170E-2,3.298672289E-2,-2.871066704E-2
4.574213914E0,-9.529497474E-2,3.481931984E-2,-3.115412779E-2
4.576283183E0,-1.026253626E-1,3.543018550E-2,-3.054326214E-2
4.578365568E0,-1.007927656E-1,3.481931984E-2,-3.115412779E-2
4.580323606E0,-1.032362282E-1,3.665191308E-2,-3.115412779E-2
4.582324029E0,-1.020144969E-1,3.848451003E-2,-3.298672289E-2
4.584392606E0,-1.038470939E-1,3.604105115E-2,-3.298672289E-2
4.586426375E0,-1.050688252E-1,3.665191308E-2,-3.176499158E-2
4.588495029E0,-1.069014147E-1,3.726277873E-2,-3.176499158E-2
4.590529337E0,-1.069014147E-1,3.848451003E-2,-3.359758854E-2
4.592554567E0,-1.087340117E-1,3.787364438E-2,-2.871066704E-2
4.594553683E0,-1.087340117E-1,3.848451003E-2,-3.298672289E-2
4.596622875E0,-1.123992056E-1,3.726277873E-2,-3.237585723E-2
4.598704221E0,-1.148426682E-1,3.481931984E-2,-2.932153270E-2
4.600708837E0,-1.130100712E-1,3.543018550E-2,-3.298672289E-2
4.602667337E0,-1.148426682E-1,3.481931984E-2,-3.176499158E-2
4.604736452E0,-1.148426682E-1,3.420845419E-2,-2.932153270E-2
4.606770990E0,-1.148426682E-1,3.481931984E-2,-3.237585723E-2
4.608839337E0,-1.148426682E-1,3.237585723E-2,-2.932153270E-2
4.610874067E0,-1.154535338E-1,3.176499158E-2,-2.809980139E-2
4.612942106E0,-1.148426682E-1,2.993239649E-2,-3.115412779E-2
4.614976375E0,-1.166752651E-1,3.054326214E-2,-2.932153270E-2
4.617045337E0,-1.154535338E-1,2.993239649E-2,-2.748893574E-2
4.619127683E0,-1.136209369E-1,2.871066704E-2,-2.748893574E-2
4.621086067E0,-1.142318025E-1,2.871066704E-2,-2.809980139E-2
4.623210221E0,-1.136209369E-1,2.687807009E-2,-2.565634064E-2
4.625115337E0,-1.123992056E-1,2.626720630E-2,-2.687807009E-2
4.627115106E0,-1.123992056E-1,2.687807009E-2,-3.054326214E-2
4.629184144E0,-1.136209369E-1,2.382374369E-2,-2.260201424E-2
4.631218337E0,-1.105666086E-1,2.443460934E-2,-2.687807009E-2
4.633287529E0,-1.093448773E-1,2.260201424E-2,-2.687807009E-2
4.635322144E0,-1.105666086E-1,2.260201424E-2,-2.382374369E-2
4.637391260E0,-1.069014147E-1,2.015855350E-2,-2.382374369E-2
4.639472798E0,-1.056796908E-1,2.076941915E-2,-2.260201424E-2
4.641477913E0,-1.038470939E-1,2.015855350E-2,-2.260201424E-2
4.643556760E0,-1.020144969E-1,1.710422710E-2,-2.321287990E-2
4.645462067E0,-1.014036313E-1,1.832595654E-2,-2.199114859E-2
4.647461606E0,-1.001819000E-1,1.649336144E-2,-2.015855350E-2
4.649530721E0,-9.957103431E-2,1.710422710E-2,-2.199114859E-2
4.651564721E0,-9.957103431E-2,1.588249579E-2,-2.138028294E-2
4.653633029E0,-9.590584040E-2,1.649336144E-2,-2.015855350E-2
4.655666875E0,-9.529497474E-2,1.649336144E-2,-2.260201424E-2
4.657751221E0,-9.468411654E-2,1.588249579E-2,-1.649336144E-2
4.659817644E0,-9.224065393E-2,1.649336144E-2,-2.076941915E-2
4.661775529E0,-9.224065393E-2,1.832595654E-2,-2.076941915E-2
4.663776490E0,-9.101892263E-2,1.710422710E-2,-2.138028294E-2
4.665845144E0,-8.796459436E-2,1.649336144E-2,-2.138028294E-2
4.667879490E0,-8.491026610E-2,1.710422710E-2,-2.015855350E-2
4.669948298E0,-8.674286306E-2,1.832595654E-2,-2.199114859E-2
4.671982875E0,-8.429940045E-2,2.015855350E-2,-2.076941915E-2
4.674052144E0,-8.491026610E-2,1.954768784E-2,-2.076941915E-2
4.676086413E0,-8.063421398E-2,1.832595654E-2,-2.015855350E-2
4.678155452E0,-8.491026610E-2,2.015855350E-2,-2.015855350E-2
4.680237144E0,-8.002334833E-2,2.199114859E-2,-2.382374369E-2
4.682243029E0,-8.307767659E-2,2.321287990E-2,-1.588249579E-2
4.684199375E0,-8.002334833E-2,2.565634064E-2,-1.832595654E-2
4.686267606E0,-7.880161703E-2,2.626720630E-2,-1.832595654E-2
4.688301875E0,-7.880161703E-2,2.932153270E-2,-1.649336144E-2
4.690371259E0,-7.941248268E-2,2.809980139E-2,-1.282817032E-2
4.692404875E0,-7.757988572E-2,3.176499158E-2,-1.649336144E-2
4.694473759E0,-7.819075137E-2,3.115412779E-2,-1.160643995E-2
4.696508452E0,-7.696902007E-2,3.543018550E-2,-1.710422710E-2
4.698577221E0,-7.819075137E-2,3.726277873E-2,-1.588249579E-2
4.700659221E0,-7.819075137E-2,3.848451003E-2,-1.343903504E-2
4.702617529E0,-7.635815442E-2,4.092797264E-2,-1.404990070E-2
4.704741836E0,-7.819075137E-2,4.337143153E-2,-1.343903504E-2
4.706647644E0,-7.696902007E-2,4.459316283E-2,-1.099557430E-2
4.708646605E0,-7.452555746E-2,4.398229718E-2,-1.038470957E-2
4.710715490E0,-7.391469181E-2,4.581489414E-2,-1.588249579E-2
4.712749798E0,-7.574728876E-2,4.825835302E-2,-1.160643995E-2
4.714818682E0,-7.391469181E-2,4.886921868E-2,-1.221730467E-2
4.716852605E0,-7.147123665E-2,5.070181563E-2,-1.343903504E-2
4.718921413E0,-7.147123665E-2,5.009094998E-2,-1.160643995E-2
4.721002529E0,-7.208210230E-2,5.070181563E-2,-9.773843922E-3
4.723007105E0,-7.086037099E-2,5.192354694E-2,-1.099557430E-2
4.725148144E0,-7.086037099E-2,5.314527452E-2,-1.282817032E-2
4.726983490E0,-7.147123665E-2,5.131268129E-2,-1.282817032E-2
4.728982413E0,-7.330382615E-2,5.253441259E-2,-1.343903504E-2
4.731051836E0,-6.902777404E-2,5.009094998E-2,-1.099557430E-2
4.733085413E0,-6.902777404E-2,4.948008433E-2,-1.527163107E-2
4.735154067E0,-6.841690838E-2,4.703662544E-2,-1.343903504E-2
4.737188759E0,-6.902777404E-2,4.703662544E-2,-1.527163107E-2
4.739257759E0,-6.902777404E-2,4.703662544E-2,-1.404990070E-2
4.741339375E0,-7.024950534E-2,4.520402849E-2,-1.832595654E-2
4.743296567E0,-6.719517708E-2,4.276056588E-2,-1.343903504E-2
4.745296721E0,-6.841690838E-2,4.276056588E-2,-1.649336144E-2
4.747365028E0,-7.086037099E-2,4.031710699E-2,-1.466076635E-2
4.749399221E0,-6.902777404E-2,3.848451003E-2,-1.466076635E-2
4.751468105E0,-6.719517708E-2,3.909537569E-2,-1.527163107E-2
4.753502336E0,-6.963863969E-2,3.604105115E-2,-1.588249579E-2
4.755570990E0,-7.269296050E-2,3.665191308E-2,-1.466076635E-2
4.757605182E0,-7.086037099E-2,3.665191308E-2,-1.282817032E-2
4.759673759E0,-7.269296050E-2,3.543018550E-2,-1.160643995E-2
4.761756298E0,-6.963863969E-2,3.665191308E-2,-1.221730467E-2
4.763761221E0,-7.024950534E-2,3.359758854E-2,-1.404990070E-2
4.765718759E0,-7.024950534E-2,3.543018550E-2,-1.160643995E-2
4.767787105E0,-7.086037099E-2,3.481931984E-2,-8.552113548E-3
4.769821182E0,-7.024950534E-2,3.543018550E-2,-1.160643995E-2
4.771889874E0,-7.147123665E-2,3.237585723E-2,-1.099557430E-2
4.773924605E0,-7.330382615E-2,3.665191308E-2,-9.773843922E-3
4.775994105E0,-7.147123665E-2,3.359758854E-2,-9.773843922E-3
4.778028259E0,-6.963863969E-2,3.359758854E-2,-7.941247895E-3
4.780097644E0,-7.208210230E-2,3.481931984E-2,-1.160643995E-2
4.782179874E0,-6.963863969E-2,3.298672289E-2,-9.773843922E-3
4.784138336E0,-7.024950534E-2,3.420845419E-2,-1.160643995E-2
4.786261797E0,-6.963863969E-2,3.298672289E-2,-8.552113548E-3
4.788168182E0,-7.024950534E-2,3.481931984E-2,-9.773843922E-3
4.790168297E0,-7.330382615E-2,3.420845419E-2,-9.773843922E-3
4.792236836E0,-7.208210230E-2,3.665191308E-2,-1.099557430E-2
4.794271221E0,-7.208210230E-2,3.359758854E-2,-9.773843922E-3
4.796340297E0,-6.963863969E-2,3.481931984E-2,-1.343903504E-2
4.798375721E0,-7.024950534E-2,3.359758854E-2,-1.099557430E-2
4.800444913E0,-6.902777404E-2,3.481931984E-2,-1.221730467E-2
4.802526759E0,-6.963863969E-2,3.481931984E-2,-1.404990070E-2
4.804531451E0,-7.086037099E-2,3.359758854E-2,-9.773843922E-3
4.806610528E0,-7.086037099E-2,3.359758854E-2,-1.282817032E-2
4.808515797E0,-6.963863969E-2,3.176499158E-2,-1.343903504E-2
4.810515374E0,-6.902777404E-2,3.237585723E-2,-1.221730467E-2
4.812584028E0,-6.780604273E-2,3.359758854E-2,-1.466076635E-2
4.814618490E0,-6.841690838E-2,3.237585723E-2,-1.649336144E-2
4.816687374E0,-6.902777404E-2,3.176499158E-2,-1.160643995E-2
4.818722105E0,-6.597344577E-2,3.115412779E-2,-1.099557430E-2
4.820790182E0,-6.658431143E-2,3.115412779E-2,-1.404990070E-2
4.822872644E0,-6.536258012E-2,2.993239649E-2,-1.221730467E-2
4.824830067E0,-6.414084882E-2,3.054326214E-2,-1.160643995E-2
4.826830759E0,-6.475171447E-2,3.054326214E-2,-1.282817032E-2
4.828900105E0,-6.536258012E-2,2.809980139E-2,-1.099557430E-2
4.830933720E0,-6.352998316E-2,2.748893574E-2,-1.466076635E-2
4.833002259E0,-6.230825558E-2,2.932153270E-2,-1.404990070E-2
4.835036836E0,-6.108652428E-2,2.626720630E-2,-1.099557430E-2
4.837060759E0,-6.230825558E-2,2.626720630E-2,-1.404990070E-2
4.839060951E0,-5.986479297E-2,2.443460934E-2,-1.221730467E-2
4.841129297E0,-5.925392732E-2,2.382374369E-2,-1.099557430E-2
4.843210336E0,-5.681046844E-2,2.504547499E-2,-1.160643995E-2
4.845214413E0,-5.619960278E-2,2.626720630E-2,-8.552113548E-3
4.847172028E0,-5.497787148E-2,2.626720630E-2,-7.330383174E-3
4.849240874E0,-5.497787148E-2,2.504547499E-2,-8.552113548E-3
4.851274913E0,-5.314527452E-2,2.382374369E-2,-6.719517522E-3
4.853343413E0,-5.253441259E-2,2.443460934E-2,-7.941247895E-3
4.855377720E0,-5.070181563E-2,2.504547499E-2,-6.719517522E-3
4.857446336E0,-5.131268129E-2,2.687807009E-2,-7.330383174E-3
4.859480528E0,-5.009094998E-2,2.748893574E-2,-7.330383174E-3
4.861548759E0,-4.886921868E-2,2.687807009E-2,-7.941247895E-3
4.863630490E0,-4.825835302E-2,3.054326214E-2,-6.719517522E-3
4.865588528E0,-4.581489414E-2,3.176499158E-2,-8.552113548E-3
4.867711759E0,-4.886921868E-2,3.115412779E-2,-9.162978269E-3
4.869616913E0,-4.459316283E-2,3.298672289E-2,-8.552113548E-3
4.871615836E0,-4.642575979E-2,3.481931984E-2,-7.330383174E-3
4.873684182E0,-4.459316283E-2,3.543018550E-2,-6.719517522E-3
4.875717951E0,-4.459316283E-2,3.665191308E-2,-7.941247895E-3
4.877786220E0,-4.214970022E-2,3.787364438E-2,-9.773843922E-3
4.879820143E0,-4.337143153E-2,3.970624134E-2,-9.162978269E-3
4.881887913E0,-4.337143153E-2,3.909537569E-2,-7.941247895E-3
4.883969028E0,-4.459316283E-2,4.031710699E-2,-7.941247895E-3
4.885974412E0,-4.276056588E-2,4.031710699E-2,-1.343903504E-2
4.888117028E0,-4.153883830E-2,4.031710699E-2,-1.099557430E-2
4.889953336E0,-4.214970022E-2,4.092797264E-2,-1.160643995E-2
4.891952297E0,-4.092797264E-2,3.909537569E-2,-1.038470957E-2
4.894021259E0,-4.459316283E-2,3.970624134E-2,-1.160643995E-2
4.896055489E0,-4.153883830E-2,3.909537569E-2,-9.773843922E-3
4.898124528E0,-4.153883830E-2,3.604105115E-2,-1.160643995E-2
4.900159028E0,-3.970624134E-2,3.604105115E-2,-1.527163107E-2
4.902226989E0,-3.909537569E-2,3.604105115E-2,-1.221730467E-2
4.904308951E0,-3.726277873E-2,3.420845419E-2,-1.527163107E-2
4.906266912E0,-3.909537569E-2,3.298672289E-2,-1.282817032E-2
4.908267143E0,-3.726277873E-2,3.237585723E-2,-1.221730467E-2
4.910335297E0,-3.787364438E-2,3.176499158E-2,-1.282817032E-2
4.912369835E0,-3.909537569E-2,3.054326214E-2,-1.221730467E-2
4.914439028E0,-3.787364438E-2,2.993239649E-2,-1.404990070E-2
4.916472720E0,-3.848451003E-2,2.932153270E-2,-1.099557430E-2
4.918541566E0,-3.787364438E-2,2.932153270E-2,-1.160643995E-2
4.920576066E0,-3.604105115E-2,2.932153270E-2,-1.038470957E-2
4.922644566E0,-3.665191308E-2,2.871066704E-2,-1.282817032E-2
4.924727451E0,-3.481931984E-2,2.809980139E-2,-1.343903504E-2
4.926732335E0,-3.481931984E-2,2.748893574E-2,-8.552113548E-3
4.928687797E0,-3.298672289E-2,2.626720630E-2,-1.038470957E-2
4.930757258E0,-3.237585723E-2,2.687807009E-2,-1.282817032E-2
4.932791335E0,-3.359758854E-2,2.443460934E-2,-1.282817032E-2
4.934860912E0,-3.115412779E-2,2.565634064E-2,-1.099557430E-2
4.936895489E0,-2.993239649E-2,2.748893574E-2,-1.282817032E-2
4.938964335E0,-2.993239649E-2,2.626720630E-2,-1.343903504E-2
4.940998605E0,-2.932153270E-2,2.565634064E-2,-1.221730467E-2
4.943068258E0,-2.993239649E-2,2.565634064E-2,-1.282817032E-2
4.945149335E0,-2.748893574E-2,2.565634064E-2,-1.282817032E-2
4.947106412E0,-2.871066704E-2,2.565634064E-2,-1.527163107E-2
4.949229066E0,-2.687807009E-2,2.443460934E-2,-1.282817032E-2
4.951133412E0,-2.748893574E-2,2.443460934E-2,-1.527163107E-2
4.953131951E0,-2.321287990E-2,2.626720630E-2,-1.649336144E-2
4.955200528E0,-2.871066704E-2,2.199114859E-2,-1.404990070E-2
4.957234720E0,-2.382374369E-2,2.260201424E-2,-1.649336144E-2
4.959302912E0,-2.382374369E-2,2.260201424E-2,-1.588249579E-2
4.961336720E0,-2.382374369E-2,2.199114859E-2,-1.710422710E-2
4.963405489E0,-2.260201424E-2,2.015855350E-2,-1.893682219E-2
4.965486951E0,-2.199114859E-2,1.954768784E-2,-1.832595654E-2
4.967491566E0,-2.199114859E-2,1.893682219E-2,-1.893682219E-2
4.969572181E0,-1.954768784E-2,1.771509275E-2,-2.015855350E-2
4.971477181E0,-2.138028294E-2,1.771509275E-2,-1.954768784E-2
4.973476451E0,-2.260201424E-2,1.527163107E-2,-1.832595654E-2
4.975545258E0,-2.076941915E-2,1.649336144E-2,-1.771509275E-2
4.977579489E0,-2.015855350E-2,1.527163107E-2,-1.893682219E-2
4.979648143E0,-2.076941915E-2,1.343903504E-2,-1.771509275E-2
4.981682028E0,-2.076941915E-2,1.221730467E-2,-1.710422710E-2
4.983750835E0,-2.199114859E-2,9.162978269E-3,-1.588249579E-2
4.985832604E0,-1.954768784E-2,9.162978269E-3,-1.710422710E-2
4.987790066E0,-2.321287990E-2,5.497787148E-3,-1.527163107E-2
4.989790104E0,-2.015855350E-2,6.719517522E-3,-1.649336144E-2
4.991858604E0,-2.260201424E-2,3.665191587E-3,-1.466076635E-2
4.993892374E0,-1.954768784E-2,4.276056774E-3,-1.527163107E-2
4.995960643E0,-1.832595654E-2,1.221730490E-3,-1.282817032E-2
4.997994604E0,-1.893682219E-2,-6.108652451E-4,-1.588249579E-2
5.000063258E0,-1.893682219E-2,-6.108652451E-4,-1.221730467E-2
5.002097412E0,-1.832595654E-2,-2.443460980E-3,-1.343903504E-2
5.004165604E0,-1.710422710E-2,-1.832595794E-3,-1.527163107E-2
5.006246951E0,-1.649336144E-2,-2.443460980E-3,-1.282817032E-2
5.008251412E0,-1.649336144E-2,-4.276056774E-3,-1.527163107E-2
5.010208143E0,-1.649336144E-2,-3.054326167E-3,-1.771509275E-2
5.012277181E0,-1.649336144E-2,-6.108652335E-3,-1.404990070E-2
5.014311758E0,-1.404990070E-2,-4.276056774E-3,-1.832595654E-2
5.016380374E0,-1.466076635E-2,-4.886921961E-3,-1.527163107E-2
5.018414643E0,-1.343903504E-2,-4.886921961E-3,-1.282817032E-2
5.020483450E0,-1.221730467E-2,-3.665191587E-3,-1.404990070E-2
5.022518143E0,-1.160643995E-2,-6.108652335E-3,-1.466076635E-2
5.024586489E0,-1.221730467E-2,-4.276056774E-3,-1.221730467E-2
5.026668758E0,-7.941247895E-3,-4.886921961E-3,-1.343903504E-2
5.028627912E0,-9.162978269E-3,-3.665191587E-3,-1.221730467E-2
5.030752027E0,-7.941247895E-3,-4.886921961E-3,-8.552113548E-3
5.032657027E0,-8.552113548E-3,-1.221730490E-3,-9.773843922E-3
5.034656835E0,-4.886921961E-3,1.832595794E-3,-1.099557430E-2
5.036726758E0,-6.719517522E-3,1.832595794E-3,-6.719517522E-3
5.038761104E0,-5.497787148E-3,2.443460980E-3,-9.162978269E-3
5.040830797E0,-5.497787148E-3,4.886921961E-3,-7.330383174E-3
5.042864758E0,-4.886921961E-3,4.276056774E-3,-7.330383174E-3
5.044934066E0,-4.276056774E-3,7.330383174E-3,-7.330383174E-3
5.047015335E0,-6.108652335E-3,9.773843922E-3,-8.552113548E-3
5.049020027E0,-4.886921961E-3,7.941247895E-3,-4.276056774E-3
5.051162258E0,-3.054326167E-3,7.330383174E-3,-5.497787148E-3
5.052998681E0,-5.497787148E-3,6.719517522E-3,-3.054326167E-3
5.054997758E0,-6.108652335E-3,6.719517522E-3,-1.832595794E-3
5.057066527E0,-3.054326167E-3,4.276056774E-3,-4.886921961E-3
5.059100604E0,-4.276056774E-3,4.276056774E-3,-6.108652335E-3
5.061169720E0,-4.886921961E-3,3.054326167E-3,-5.497787148E-3
5.063203873E0,-6.719517522E-3,0.000000000E0,-4.276056774E-3
5.065288181E0,-6.108652335E-3,-6.108652451E-4,-4.276056774E-3
5.067355219E0,-7.330383174E-3,-3.054326167E-3,-5.497787148E-3
5.069313219E0,-7.330383174E-3,-4.886921961E-3,-6.108652335E-3
5.071314835E0,-8.552113548E-3,-7.941247895E-3,-4.886921961E-3
5.073383912E0,-1.099557430E-2,-8.552113548E-3,-3.054326167E-3
5.075418412E0,-9.162978269E-3,-1.038470957E-2,-1.038470957E-2
5.077488527E0,-1.099557430E-2,-9.162978269E-3,-4.276056774E-3
5.079522912E0,-1.221730467E-2,-1.038470957E-2,-3.054326167E-3
5.081548719E0,-9.773843922E-3,-1.343903504E-2,-8.552113548E-3
5.083548719E0,-9.162978269E-3,-1.343903504E-2,-8.552113548E-3
5.085618258E0,-1.160643995E-2,-1.343903504E-2,-6.719517522E-3
5.087700412E0,-9.773843922E-3,-1.527163107E-2,-7.941247895E-3
5.089705719E0,-1.343903504E-2,-1.527163107E-2,-6.719517522E-3
5.091663989E0,-1.404990070E-2,-1.404990070E-2,-5.497787148E-3
5.093733296E0,-1.221730467E-2,-1.404990070E-2,-1.038470957E-2
5.095768527E0,-1.588249579E-2,-1.282817032E-2,-6.108652335E-3
5.097837604E0,-1.282817032E-2,-1.282817032E-2,-6.108652335E-3
5.099872527E0,-1.404990070E-2,-9.162978269E-3,-7.330383174E-3
5.101941142E0,-1.466076635E-2,-7.941247895E-3,-7.941247895E-3
5.103975681E0,-1.404990070E-2,-7.941247895E-3,-6.719517522E-3
5.106044566E0,-1.404990070E-2,-7.330383174E-3,-7.941247895E-3
5.108126142E0,-1.466076635E-2,-5.497787148E-3,-3.054326167E-3
5.110084027E0,-1.404990070E-2,-3.665191587E-3,-6.108652335E-3
5.112207681E0,-1.343903504E-2,-4.886921961E-3,-8.552113548E-3
5.114112835E0,-1.282817032E-2,-1.832595794E-3,-4.886921961E-3
5.116112219E0,-1.221730467E-2,-1.221730490E-3,-4.276056774E-3
5.118180412E0,-1.404990070E-2,-1.221730490E-3,-4.886921961E-3
5.120215142E0,-1.282817032E-2,6.108652451E-4,-2.443460980E-3
5.122283950E0,-1.221730467E-2,1.221730490E-3,-3.054326167E-3
5.124318835E0,-1.404990070E-2,1.832595794E-3,-1.832595794E-3
5.126387412E0,-1.221730467E-2,1.832595794E-3,-1.832595794E-3
5.128470065E0,-1.160643995E-2,1.221730490E-3,-1.832595794E-3
5.130475604E0,-1.221730467E-2,3.665191587E-3,-1.221730490E-3
5.132555258E0,-1.160643995E-2,2.443460980E-3,-3.054326167E-3
5.134460681E0,-1.404990070E-2,4.276056774E-3,-1.221730490E-3
5.136459912E0,-1.343903504E-2,2.443460980E-3,6.108652451E-4
5.138529488E0,-1.160643995E-2,3.054326167E-3,-3.054326167E-3
5.140563873E0,-1.038470957E-2,3.054326167E-3,-2.443460980E-3
5.142632065E0,-1.282817032E-2,4.886921961E-3,-3.054326167E-3
5.144666104E0,-1.160643995E-2,4.276056774E-3,-3.054326167E-3
5.146735296E0,-9.773843922E-3,1.832595794E-3,0.000000000E0
5.148817411E0,-9.162978269E-3,2.443460980E-3,-1.221730490E-3
5.150774988E0,-1.160643995E-2,4.276056774E-3,-3.054326167E-3
5.152775258E0,-1.038470957E-2,2.443460980E-3,-2.443460980E-3
5.154844142E0,-1.221730467E-2,1.832595794E-3,-1.832595794E-3
5.156878411E0,-9.773843922E-3,1.832595794E-3,-3.665191587E-3
5.158947142E0,-9.162978269E-3,1.221730490E-3,-2.443460980E-3
5.160981104E0,-8.552113548E-3,1.221730490E-3,-1.221730490E-3
5.163050065E0,-9.773843922E-3,3.665191587E-3,-4.276056774E-3
5.165083758E0,-6.108652335E-3,3.665191587E-3,-3.054326167E-3
5.167152873E0,-6.108652335E-3,3.054326167E-3,-3.665191587E-3
5.169234988E0,-8.552113548E-3,6.108652451E-4,-1.221730490E-3
5.171239681E0,-7.330383174E-3,4.276056774E-3,-1.221730490E-3
5.173196296E0,-3.665191587E-3,3.665191587E-3,-3.665191587E-3
5.175265334E0,-4.886921961E-3,3.665191587E-3,-1.832595794E-3
5.177299681E0,-3.054326167E-3,5.497787148E-3,-6.108652451E-4
5.179367527E0,-1.832595794E-3,4.276056774E-3,-4.276056774E-3
5.181402411E0,-6.108652451E-4,5.497787148E-3,-3.054326167E-3
5.183471027E0,6.108652451E-4,5.497787148E-3,-1.221730490E-3
5.185505719E0,0.000000000E0,8.552113548E-3,-6.108652335E-3
5.187574219E0,1.221730490E-3,7.330383174E-3,-6.108652451E-4
5.189656334E0,2.443460980E-3,7.941247895E-3,-3.665191587E-3
5.191613142E0,3.054326167E-3,6.108652335E-3,-2.443460980E-3
5.193736950E0,3.665191587E-3,5.497787148E-3,0.000000000E0
5.195643334E0,4.276056774E-3,5.497787148E-3,1.221730490E-3
5.197642834E0,3.665191587E-3,7.941247895E-3,-3.054326167E-3
5.199711373E0,4.886921961E-3,6.108652335E-3,-6.108652451E-4
5.201745411E0,5.497787148E-3,7.330383174E-3,-2.443460980E-3
5.203814027E0,6.719517522E-3,7.941247895E-3,6.108652451E-4
5.205848257E0,8.552113548E-3,4.886921961E-3,1.221730490E-3
5.207916027E0,9.162978269E-3,7.330383174E-3,-6.108652451E-4
5.209997757E0,8.552113548E-3,7.330383174E-3,6.108652451E-4
5.212002450E0,1.038470957E-2,7.330383174E-3,6.108652451E-4
5.214144104E0,1.038470957E-2,7.330383174E-3,0.000000000E0
5.215980142E0,1.099557430E-2,6.719517522E-3,0.000000000E0
5.217978873E0,9.773843922E-3,7.941247895E-3,1.221730490E-3
5.220047450E0,9.773843922E-3,7.941247895E-3,-1.221730490E-3
5.222081719E0,8.552113548E-3,6.108652335E-3,1.221730490E-3
5.224150065E0,9.773843922E-3,7.330383174E-3,-1.221730490E-3
5.226183911E0,9.162978269E-3,6.719517522E-3,3.054326167E-3
5.228252219E0,1.282817032E-2,6.719517522E-3,0.000000000E0
5.230333988E0,7.941247895E-3,6.719517522E-3,3.054326167E-3
5.232292565E0,4.886921961E-3,6.719517522E-3,1.832595794E-3
5.234292950E0,6.719517522E-3,7.330383174E-3,2.443460980E-3
5.236361027E0,6.108652335E-3,6.108652335E-3,4.886921961E-3
5.238394603E0,7.330383174E-3,6.108652335E-3,1.832595794E-3
5.240463642E0,7.330383174E-3,6.719517522E-3,1.832595794E-3
5.242498142E0,6.108652335E-3,7.330383174E-3,1.221730490E-3
5.244567642E0,6.108652335E-3,6.108652335E-3,1.832595794E-3
5.246601642E0,5.497787148E-3,4.276056774E-3,2.443460980E-3
5.248670834E0,6.108652335E-3,5.497787148E-3,1.221730490E-3
5.250752988E0,6.108652335E-3,3.665191587E-3,3.665191587E-3
5.252757834E0,7.330383174E-3,4.276056774E-3,-1.832595794E-3
5.254714065E0,6.719517522E-3,4.886921961E-3,-1.221730490E-3
5.256782488E0,5.497787148E-3,5.497787148E-3,0.000000000E0
5.258816680E0,5.497787148E-3,5.497787148E-3,6.108652451E-4
5.260884296E0,4.886921961E-3,3.665191587E-3,1.221730490E-3
5.262918180E0,5.497787148E-3,3.054326167E-3,1.832595794E-3
5.264986796E0,6.108652335E-3,5.497787148E-3,1.832595794E-3
5.267021257E0,4.886921961E-3,4.276056774E-3,4.276056774E-3
5.269089680E0,3.054326167E-3,3.054326167E-3,6.108652451E-4
5.271171526E0,5.497787148E-3,3.665191587E-3,0.000000000E0
5.273128719E0,4.276056774E-3,3.054326167E-3,6.108652451E-4
5.275251373E0,7.941247895E-3,2.443460980E-3,1.221730490E-3
5.277156142E0,6.719517522E-3,2.443460980E-3,3.054326167E-3
5.279154488E0,4.886921961E-3,3.054326167E-3,6.108652451E-4
5.281222449E0,7.941247895E-3,2.443460980E-3,2.443460980E-3
5.283255796E0,6.108652335E-3,2.443460980E-3,6.108652335E-3
5.285323565E0,7.330383174E-3,3.665191587E-3,1.221730490E-3
5.287356988E0,9.162978269E-3,4.276056774E-3,6.108652451E-4
5.289425296E0,8.552113548E-3,3.665191587E-3,4.276056774E-3
5.291506180E0,6.719517522E-3,5.497787148E-3,6.108652451E-4
5.293510488E0,9.162978269E-3,5.497787148E-3,2.443460980E-3
5.295589449E0,9.162978269E-3,7.941247895E-3,2.443460980E-3
5.297494065E0,9.162978269E-3,8.552113548E-3,1.221730490E-3
5.299492872E0,6.108652335E-3,7.941247895E-3,1.221730490E-3
5.301561296E0,7.941247895E-3,9.773843922E-3,2.443460980E-3
5.303595219E0,9.773843922E-3,1.160643995E-2,4.276056774E-3
5.305664257E0,9.773843922E-3,1.343903504E-2,1.221730490E-3
5.307697988E0,8.552113548E-3,1.527163107E-2,6.108652451E-4
5.309766219E0,8.552113548E-3,1.527163107E-2,-6.108652451E-4
5.311847872E0,9.162978269E-3,1.649336144E-2,3.665191587E-3
5.313805219E0,6.108652335E-3,1.466076635E-2,2.443460980E-3
5.315805719E0,7.941247895E-3,1.832595654E-2,0.000000000E0
5.317873334E0,7.330383174E-3,1.954768784E-2,3.054326167E-3
5.319906488E0,6.719517522E-3,1.893682219E-2,1.221730490E-3
5.321975334E0,5.497787148E-3,1.954768784E-2,0.000000000E0
5.324009103E0,5.497787148E-3,1.893682219E-2,4.276056774E-3
5.326033526E0,4.276056774E-3,1.954768784E-2,1.832595794E-3
5.328032219E0,5.497787148E-3,1.954768784E-2,-1.221730490E-3
5.330100834E0,6.108652335E-3,1.954768784E-2,1.832595794E-3
5.332182372E0,3.054326167E-3,1.710422710E-2,-1.832595794E-3
5.334187257E0,2.443460980E-3,1.832595654E-2,-1.832595794E-3
5.336146103E0,1.221730490E-3,1.588249579E-2,6.108652451E-4
5.338214795E0,6.108652451E-4,1.588249579E-2,-1.832595794E-3
5.340248757E0,1.832595794E-3,1.527163107E-2,-1.221730490E-3
5.342317718E0,1.832595794E-3,1.404990070E-2,6.108652451E-4
5.344352257E0,1.832595794E-3,1.282817032E-2,-2.443460980E-3
5.346419680E0,-6.108652451E-4,1.282817032E-2,-2.443460980E-3
5.348453911E0,-1.832595794E-3,1.099557430E-2,-3.665191587E-3
5.350521911E0,-4.276056774E-3,6.719517522E-3,-1.832595794E-3
5.352604141E0,-3.665191587E-3,6.108652335E-3,-1.832595794E-3
5.354561757E0,-6.108652335E-3,6.719517522E-3,-1.221730490E-3
5.356685949E0,-3.665191587E-3,4.886921961E-3,-2.443460980E-3
5.358590680E0,-7.330383174E-3,4.886921961E-3,-1.832595794E-3
5.360589718E0,-4.276056774E-3,2.443460980E-3,-4.886921961E-3
5.362658603E0,-7.330383174E-3,0.000000000E0,-3.054326167E-3
5.364691949E0,-8.552113548E-3,1.221730490E-3,-1.221730490E-3
5.366760065E0,-7.941247895E-3,-1.832595794E-3,-3.054326167E-3
5.368794065E0,-9.162978269E-3,-2.443460980E-3,6.108652451E-4
5.370862218E0,-8.552113548E-3,-6.108652335E-3,-2.443460980E-3
5.372943064E0,-1.160643995E-2,-7.330383174E-3,6.108652451E-4
5.374947564E0,-1.038470957E-2,-4.886921961E-3,-1.221730490E-3
5.377090064E0,-1.221730467E-2,-7.330383174E-3,-1.832595794E-3
5.378924911E0,-1.404990070E-2,-7.330383174E-3,-1.221730490E-3
5.380924334E0,-1.466076635E-2,-6.108652335E-3,-6.108652451E-4
5.382992334E0,-1.588249579E-2,-7.941247895E-3,0.000000000E0
5.385026757E0,-1.466076635E-2,-7.941247895E-3,0.000000000E0
5.387095411E0,-1.771509275E-2,-8.552113548E-3,1.832595794E-3
5.389129718E0,-1.710422710E-2,-7.941247895E-3,0.000000000E0
5.391198372E0,-1.771509275E-2,-6.719517522E-3,6.108652451E-4
5.393280872E0,-2.015855350E-2,-6.719517522E-3,1.832595794E-3
5.395238641E0,-1.710422710E-2,-4.886921961E-3,-6.108652451E-4
5.397239603E0,-2.015855350E-2,-6.108652335E-3,1.832595794E-3
5.399307449E0,-2.199114859E-2,-3.665191587E-3,2.443460980E-3
5.401341487E0,-2.199114859E-2,-2.443460980E-3,-6.108652451E-4
5.403410564E0,-2.138028294E-2,-1.832595794E-3,1.221730490E-3
5.405444257E0,-2.382374369E-2,-1.832595794E-3,1.221730490E-3
5.407513372E0,-2.443460934E-2,-6.108652451E-4,6.108652451E-4
5.409547795E0,-2.321287990E-2,0.000000000E0,-6.108652451E-4
5.411616026E0,-2.626720630E-2,1.221730490E-3,3.054326167E-3
5.413697680E0,-2.504547499E-2,3.665191587E-3,-1.832595794E-3
5.415702680E0,-2.504547499E-2,3.665191587E-3,6.108652451E-4
5.417659718E0,-2.504547499E-2,4.276056774E-3,3.054326167E-3
5.419728103E0,-2.748893574E-2,2.443460980E-3,6.108652451E-4
5.421763180E0,-2.748893574E-2,6.108652335E-3,2.443460980E-3
5.423831064E0,-2.687807009E-2,6.108652335E-3,2.443460980E-3
5.425865834E0,-2.748893574E-2,6.719517522E-3,-1.221730490E-3
5.427933949E0,-2.871066704E-2,8.552113548E-3,0.000000000E0
5.429968141E0,-2.809980139E-2,6.719517522E-3,-6.108652451E-4
5.432037680E0,-2.809980139E-2,8.552113548E-3,-2.443460980E-3
5.434117987E0,-2.871066704E-2,8.552113548E-3,6.108652451E-4
5.436076064E0,-3.176499158E-2,8.552113548E-3,0.000000000E0
5.438199564E0,-2.748893574E-2,7.941247895E-3,0.000000000E0
5.440105564E0,-3.054326214E-2,7.330383174E-3,1.832595794E-3
5.442105718E0,-3.115412779E-2,8.552113548E-3,1.221730490E-3
5.444173718E0,-3.176499158E-2,6.719517522E-3,1.221730490E-3
5.446208603E0,-3.054326214E-2,7.941247895E-3,-6.108652451E-4
5.448276795E0,-3.115412779E-2,6.719517522E-3,6.108652335E-3
5.450310872E0,-2.993239649E-2,6.108652335E-3,1.221730490E-3
5.452379833E0,-2.871066704E-2,5.497787148E-3,2.443460980E-3
5.454461487E0,-2.993239649E-2,6.108652335E-3,2.443460980E-3
5.456466756E0,-3.115412779E-2,6.108652335E-3,6.108652451E-4
5.458545295E0,-3.176499158E-2,4.276056774E-3,5.497787148E-3
5.460450333E0,-3.115412779E-2,7.330383174E-3,3.665191587E-3
5.462449333E0,-3.054326214E-2,6.719517522E-3,0.000000000E0
5.464518449E0,-3.054326214E-2,7.330383174E-3,1.221730490E-3
5.466553141E0,-2.932153270E-2,3.665191587E-3,1.221730490E-3
5.468620603E0,-2.871066704E-2,5.497787148E-3,1.832595794E-3
5.470655218E0,-3.054326214E-2,5.497787148E-3,2.443460980E-3
5.472738910E0,-3.054326214E-2,4.886921961E-3,1.221730490E-3
5.474805526E0,-2.626720630E-2,7.941247895E-3,-6.108652451E-4
5.476763372E0,-2.748893574E-2,6.108652335E-3,6.108652451E-4
5.478764026E0,-2.626720630E-2,8.552113548E-3,-6.108652451E-4
5.480833179E0,-2.871066704E-2,4.886921961E-3,1.832595794E-3
5.482866718E0,-2.504547499E-2,5.497787148E-3,0.000000000E0
5.484935795E0,-2.504547499E-2,6.719517522E-3,-1.221730490E-3
5.486969872E0,-2.443460934E-2,5.497787148E-3,6.108652451E-4
5.489039141E0,-2.382374369E-2,6.108652335E-3,6.108652451E-4
5.491072872E0,-2.687807009E-2,3.665191587E-3,-6.108652451E-4
5.493142026E0,-2.626720630E-2,3.054326167E-3,-3.665191587E-3
5.495224179E0,-2.382374369E-2,1.832595794E-3,6.108652451E-4
5.497229602E0,-2.626720630E-2,6.108652451E-4,-6.108652451E-4
5.499186795E0,-2.504547499E-2,1.221730490E-3,-3.054326167E-3
5.501255987E0,-2.504547499E-2,-1.832595794E-3,6.108652451E-4
5.503290102E0,-2.504547499E-2,-3.665191587E-3,-1.832595794E-3
5.505358295E0,-2.504547499E-2,-3.665191587E-3,-4.886921961E-3
5.507392602E0,-2.382374369E-2,-4.886921961E-3,-3.054326167E-3
5.509461256E0,-2.748893574E-2,-5.497787148E-3,-2.443460980E-3
5.511495256E0,-2.687807009E-2,-7.941247895E-3,-2.443460980E-3
5.513564602E0,-2.565634064E-2,-9.162978269E-3,-3.665191587E-3
5.515646949E0,-2.748893574E-2,-9.773843922E-3,-6.108652451E-4
5.517605064E0,-2.748893574E-2,-1.282817032E-2,1.832595794E-3
5.519730602E0,-2.748893574E-2,-1.282817032E-2,6.108652451E-4
5.521635718E0,-2.932153270E-2,-1.343903504E-2,1.221730490E-3
5.523634949E0,-2.932153270E-2,-1.343903504E-2,1.221730490E-3
5.525703833E0,-2.871066704E-2,-1.404990070E-2,1.221730490E-3
5.527738987E0,-2.993239649E-2,-1.588249579E-2,6.108652451E-4
5.529807872E0,-3.115412779E-2,-1.710422710E-2,4.886921961E-3
5.531842256E0,-3.054326214E-2,-1.527163107E-2,2.443460980E-3
5.533910987E0,-3.115412779E-2,-1.710422710E-2,2.443460980E-3
5.535992910E0,-3.115412779E-2,-1.954768784E-2,3.054326167E-3
5.537998602E0,-3.176499158E-2,-1.893682219E-2,6.108652451E-4
5.540140910E0,-3.054326214E-2,-2.015855350E-2,4.886921961E-3
5.541977295E0,-3.115412779E-2,-1.832595654E-2,2.443460980E-3
5.543976448E0,-2.993239649E-2,-2.015855350E-2,0.000000000E0
5.546045718E0,-3.359758854E-2,-1.832595654E-2,6.108652451E-4
5.548080064E0,-3.176499158E-2,-2.076941915E-2,0.000000000E0
5.550149333E0,-3.298672289E-2,-1.893682219E-2,-1.221730490E-3
5.552183948E0,-3.359758854E-2,-2.015855350E-2,1.221730490E-3
5.554253256E0,-3.176499158E-2,-1.893682219E-2,0.000000000E0
5.556335795E0,-3.420845419E-2,-2.015855350E-2,1.832595794E-3
5.558293718E0,-3.237585723E-2,-2.015855350E-2,-1.832595794E-3
5.560295371E0,-3.054326214E-2,-1.893682219E-2,-3.054326167E-3
5.562363948E0,-3.359758854E-2,-1.710422710E-2,-1.832595794E-3
5.564398718E0,-3.237585723E-2,-1.771509275E-2,-1.221730490E-3
5.566466948E0,-3.298672289E-2,-1.710422710E-2,-3.054326167E-3
5.568500756E0,-3.298672289E-2,-1.649336144E-2,-2.443460980E-3
5.570525025E0,-3.237585723E-2,-1.649336144E-2,-3.054326167E-3
5.572524602E0,-3.054326214E-2,-1.588249579E-2,-2.443460980E-3
5.574593987E0,-3.237585723E-2,-1.588249579E-2,-1.832595794E-3
5.576676025E0,-3.298672289E-2,-1.710422710E-2,-2.443460980E-3
5.578680948E0,-3.054326214E-2,-1.588249579E-2,-2.443460980E-3
5.580639794E0,-3.298672289E-2,-1.710422710E-2,-1.832595794E-3
5.582708448E0,-3.298672289E-2,-1.404990070E-2,-1.832595794E-3
5.584742525E0,-3.237585723E-2,-1.282817032E-2,-4.276056774E-3
5.586810871E0,-3.054326214E-2,-9.773843922E-3,-1.221730490E-3
5.588844794E0,-3.115412779E-2,-9.773843922E-3,-1.221730490E-3
5.590913256E0,-2.993239649E-2,-1.160643995E-2,0.000000000E0
5.592947448E0,-3.359758854E-2,-1.160643995E-2,-6.108652451E-4
5.595015833E0,-3.054326214E-2,-9.162978269E-3,1.221730490E-3
5.597095987E0,-3.237585723E-2,-1.099557430E-2,6.108652451E-4
5.599053717E0,-3.115412779E-2,-1.038470957E-2,-1.221730490E-3
5.601176564E0,-3.298672289E-2,-1.038470957E-2,1.221730490E-3
5.603082256E0,-3.359758854E-2,-1.221730467E-2,0.000000000E0
5.605080717E0,-3.420845419E-2,-1.160643995E-2,-6.108652451E-4
5.607149641E0,-3.359758854E-2,-1.466076635E-2,1.221730490E-3
5.609183064E0,-3.420845419E-2,-1.588249579E-2,-1.221730490E-3
5.611251987E0,-3.420845419E-2,-1.649336144E-2,0.000000000E0
5.613286102E0,-3.726277873E-2,-1.771509275E-2,6.108652451E-4
5.615354717E0,-3.543018550E-2,-1.893682219E-2,1.221730490E-3
5.617435602E0,-3.604105115E-2,-1.893682219E-2,0.000000000E0
5.619440217E0,-3.359758854E-2,-2.199114859E-2,6.108652451E-4
5.621519025E0,-3.543018550E-2,-2.321287990E-2,-3.054326167E-3
5.623423717E0,-3.604105115E-2,-2.565634064E-2,1.832595794E-3
5.625422756E0,-3.604105115E-2,-2.321287990E-2,2.443460980E-3
5.627490833E0,-3.604105115E-2,-2.382374369E-2,-3.054326167E-3
5.629524756E0,-3.665191308E-2,-2.687807009E-2,6.108652451E-4
5.631593717E0,-3.481931984E-2,-2.382374369E-2,-1.832595794E-3
5.633628102E0,-3.604105115E-2,-2.382374369E-2,-4.276056774E-3
5.635696563E0,-3.665191308E-2,-2.443460934E-2,1.832595794E-3
5.637777525E0,-3.420845419E-2,-2.321287990E-2,-2.443460980E-3
5.639734910E0,-3.543018550E-2,-2.443460934E-2,-1.832595794E-3
5.641735410E0,-3.543018550E-2,-2.260201424E-2,-6.108652451E-4
5.643803294E0,-3.726277873E-2,-2.015855350E-2,6.108652451E-4
5.645838525E0,-3.481931984E-2,-1.832595654E-2,6.108652451E-4
5.647907294E0,-3.665191308E-2,-1.649336144E-2,-3.054326167E-3
5.649941563E0,-3.604105115E-2,-1.771509275E-2,1.832595794E-3
5.652010217E0,-3.420845419E-2,-1.649336144E-2,-1.832595794E-3
5.654044294E0,-3.604105115E-2,-1.588249579E-2,1.221730490E-3
5.656112833E0,-3.481931984E-2,-1.404990070E-2,1.832595794E-3
5.658194256E0,-3.420845419E-2,-1.160643995E-2,2.443460980E-3
5.660199563E0,-3.359758854E-2,-1.160643995E-2,2.443460980E-3
5.662155794E0,-3.420845419E-2,-9.773843922E-3,3.054326167E-3
5.664224602E0,-3.481931984E-2,-9.773843922E-3,1.221730490E-3
5.666258717E0,-3.481931984E-2,-9.162978269E-3,3.054326167E-3
5.668328602E0,-3.481931984E-2,-7.941247895E-3,3.665191587E-3
5.670362563E0,-3.176499158E-2,-7.330383174E-3,3.665191587E-3
5.672431409E0,-3.543018550E-2,-6.719517522E-3,3.665191587E-3
5.674465525E0,-3.420845419E-2,-6.719517522E-3,3.665191587E-3
5.676534525E0,-3.298672289E-2,-7.330383174E-3,2.443460980E-3
5.678616179E0,-3.237585723E-2,-7.330383174E-3,2.443460980E-3
5.680573986E0,-3.359758854E-2,-9.162978269E-3,4.886921961E-3
5.682697256E0,-3.298672289E-2,-6.719517522E-3,4.886921961E-3
5.684601986E0,-3.298672289E-2,-9.773843922E-3,3.054326167E-3
5.686601525E0,-3.237585723E-2,-9.773843922E-3,1.221730490E-3
5.688669909E0,-3.359758854E-2,-1.160643995E-2,4.276056774E-3
5.690704563E0,-3.420845419E-2,-1.343903504E-2,3.665191587E-3
5.692772909E0,-3.481931984E-2,-1.282817032E-2,4.276056774E-3
5.694806871E0,-3.298672289E-2,-1.343903504E-2,3.665191587E-3
5.696875140E0,-3.176499158E-2,-1.221730467E-2,3.054326167E-3
5.698957063E0,-3.237585723E-2,-1.466076635E-2,4.276056774E-3
5.700962294E0,-3.481931984E-2,-1.282817032E-2,4.886921961E-3
5.703104948E0,-3.298672289E-2,-1.404990070E-2,2.443460980E-3
5.704941025E0,-3.481931984E-2,-1.404990070E-2,3.054326167E-3
5.706940140E0,-3.359758854E-2,-1.343903504E-2,6.108652451E-4
5.709008794E0,-3.420845419E-2,-1.588249579E-2,3.665191587E-3
5.711042640E0,-3.543018550E-2,-1.466076635E-2,4.886921961E-3
5.713112025E0,-3.298672289E-2,-1.466076635E-2,4.886921961E-3
5.715145986E0,-3.481931984E-2,-1.466076635E-2,1.221730490E-3
5.717215140E0,-3.420845419E-2,-1.404990070E-2,5.497787148E-3
5.719297525E0,-3.481931984E-2,-1.466076635E-2,3.665191587E-3
5.721255832E0,-3.298672289E-2,-1.282817032E-2,4.886921961E-3
5.723257217E0,-3.665191308E-2,-1.466076635E-2,4.886921961E-3
5.725326794E0,-3.420845419E-2,-1.221730467E-2,3.054326167E-3
5.727361371E0,-3.298672289E-2,-1.221730467E-2,3.665191587E-3
5.729429794E0,-3.237585723E-2,-1.099557430E-2,1.221730490E-3
5.731463948E0,-3.420845419E-2,-1.099557430E-2,3.665191587E-3
5.733532294E0,-3.298672289E-2,-1.160643995E-2,1.221730490E-3
5.735567025E0,-3.298672289E-2,-8.552113548E-3,2.443460980E-3
5.737635409E0,-3.298672289E-2,-8.552113548E-3,1.832595794E-3
5.739717755E0,-3.237585723E-2,-8.552113548E-3,2.443460980E-3
5.741723025E0,-3.054326214E-2,-6.719517522E-3,2.443460980E-3
5.743680563E0,-3.115412779E-2,-5.497787148E-3,6.108652451E-4
5.745748794E0,-3.298672289E-2,-3.665191587E-3,4.276056774E-3
5.747783525E0,-3.176499158E-2,-3.054326167E-3,3.054326167E-3
5.749852025E0,-3.115412779E-2,-2.443460980E-3,2.443460980E-3
5.751885948E0,-3.176499158E-2,-6.108652451E-4,3.665191587E-3
5.753955101E0,-3.115412779E-2,-1.221730490E-3,2.443460980E-3
5.755989409E0,-2.932153270E-2,1.221730490E-3,3.054326167E-3
5.758058101E0,-3.054326214E-2,1.221730490E-3,3.665191587E-3
5.760139948E0,-3.176499158E-2,4.276056774E-3,2.443460980E-3
5.762098871E0,-2.993239649E-2,3.054326167E-3,4.276056774E-3
5.764222717E0,-2.932153270E-2,3.054326167E-3,1.832595794E-3
5.766128140E0,-2.993239649E-2,2.443460980E-3,2.443460980E-3
5.768127063E0,-2.993239649E-2,5.497787148E-3,-1.832595794E-3
5.770195948E0,-3.054326214E-2,4.276056774E-3,2.443460980E-3
5.772230371E0,-3.054326214E-2,4.886921961E-3,6.108652335E-3
5.774299909E0,-2.748893574E-2,4.886921961E-3,-1.221730490E-3
5.776333486E0,-2.871066704E-2,4.276056774E-3,3.054326167E-3
5.778401986E0,-2.809980139E-2,4.276056774E-3,6.108652451E-4
5.780483563E0,-2.748893574E-2,4.886921961E-3,-1.832595794E-3
5.782487755E0,-2.809980139E-2,3.054326167E-3,3.054326167E-3
5.784566871E0,-2.748893574E-2,5.497787148E-3,1.832595794E-3
5.786471486E0,-2.748893574E-2,6.108652335E-3,0.000000000E0
5.788470948E0,-2.687807009E-2,4.276056774E-3,1.832595794E-3
5.790538448E0,-2.748893574E-2,3.665191587E-3,4.886921961E-3
5.792572871E0,-2.382374369E-2,5.497787148E-3,-1.832595794E-3
5.794641178E0,-2.687807009E-2,5.497787148E-3,3.054326167E-3
5.796675563E0,-2.382374369E-2,6.719517522E-3,1.832595794E-3
5.798743294E0,-2.321287990E-2,6.108652335E-3,1.221730490E-3
5.800824294E0,-2.138028294E-2,8.552113548E-3,2.443460980E-3
5.802781486E0,-2.076941915E-2,6.719517522E-3,1.221730490E-3
5.804782371E0,-2.138028294E-2,6.719517522E-3,4.276056774E-3
5.806851832E0,-2.076941915E-2,7.941247895E-3,4.276056774E-3
5.808886255E0,-2.015855350E-2,7.941247895E-3,3.665191587E-3
5.810953832E0,-1.893682219E-2,7.941247895E-3,2.443460980E-3
5.812988447E0,-1.710422710E-2,6.108652335E-3,5.497787148E-3
5.815012794E0,-1.649336144E-2,6.108652335E-3,5.497787148E-3
5.817012563E0,-1.466076635E-2,4.886921961E-3,2.443460980E-3
5.819081294E0,-1.282817032E-2,4.886921961E-3,4.886921961E-3
5.821162063E0,-1.221730467E-2,4.276056774E-3,7.330383174E-3
5.823166524E0,-1.282817032E-2,6.108652335E-3,4.886921961E-3
5.825124332E0,-1.404990070E-2,4.276056774E-3,7.941247895E-3
5.827193409E0,-1.221730467E-2,4.886921961E-3,8.552113548E-3
5.829227332E0,-9.773843922E-3,4.276056774E-3,6.108652335E-3
5.831296563E0,-1.038470957E-2,4.276056774E-3,7.941247895E-3
5.833330986E0,-9.162978269E-3,6.108652335E-3,6.108652335E-3
5.835399986E0,-6.719517522E-3,5.497787148E-3,5.497787148E-3
5.837434332E0,-6.108652335E-3,4.276056774E-3,4.276056774E-3
5.839503986E0,-6.719517522E-3,4.886921961E-3,8.552113548E-3
5.841585601E0,-7.330383174E-3,4.276056774E-3,2.443460980E-3
5.843543101E0,-5.497787148E-3,2.443460980E-3,3.665191587E-3
5.845666640E0,-6.719517522E-3,3.054326167E-3,5.497787148E-3
5.847572063E0,-5.497787148E-3,2.443460980E-3,2.443460980E-3
5.849571447E0,-4.886921961E-3,0.000000000E0,6.108652451E-4
5.851640293E0,-5.497787148E-3,0.000000000E0,-6.108652451E-4
5.853674755E0,-6.108652335E-3,0.000000000E0,-1.832595794E-3
5.855744716E0,-6.719517522E-3,6.108652451E-4,0.000000000E0
5.857778293E0,-7.330383174E-3,0.000000000E0,-1.832595794E-3
5.859847140E0,-3.665191587E-3,4.886921961E-3,-4.886921961E-3
5.861928563E0,-2.443460980E-3,4.276056774E-3,-4.886921961E-3
5.863933178E0,-3.054326167E-3,8.552113548E-3,-4.276056774E-3
5.866075524E0,-5.497787148E-3,1.099557430E-2,-1.221730490E-3
5.867910640E0,-4.276056774E-3,1.404990070E-2,-1.221730490E-3
5.869910370E0,-3.665191587E-3,1.404990070E-2,6.108652451E-4
5.871978678E0,-3.054326167E-3,1.527163107E-2,1.221730490E-3
5.874012486E0,-3.054326167E-3,1.588249579E-2,6.108652451E-4
5.876081139E0,0.000000000E0,1.649336144E-2,2.443460980E-3
5.878114832E0,-1.221730490E-3,1.588249579E-2,3.054326167E-3
5.880198101E0,-1.832595794E-3,1.588249579E-2,4.886921961E-3
5.882264601E0,-3.665191587E-3,1.466076635E-2,8.552113548E-3
5.884221832E0,-3.054326167E-3,1.160643995E-2,6.108652335E-3
5.886222870E0,-2.443460980E-3,1.221730467E-2,8.552113548E-3
5.888290832E0,-2.443460980E-3,9.162978269E-3,6.719517522E-3
5.890325139E0,-6.108652451E-4,7.330383174E-3,5.497787148E-3
5.892393793E0,-1.832595794E-3,7.941247895E-3,9.162978269E-3
5.894427909E0,-1.832595794E-3,5.497787148E-3,4.886921961E-3
5.896496832E0,-3.054326167E-3,4.886921961E-3,5.497787148E-3
5.898530486E0,6.108652451E-4,2.443460980E-3,5.497787148E-3
5.900599486E0,6.108652451E-4,1.832595794E-3,4.886921961E-3
5.902680332E0,-6.108652451E-4,0.000000000E0,2.443460980E-3
5.904684986E0,-6.108652451E-4,-1.832595794E-3,4.276056774E-3
5.906641216E0,2.443460980E-3,-2.443460980E-3,3.054326167E-3
5.908709947E0,2.443460980E-3,-3.665191587E-3,4.276056774E-3
5.910743524E0,3.054326167E-3,-3.665191587E-3,4.886921961E-3
5.912811755E0,-6.108652451E-4,-2.443460980E-3,4.886921961E-3
5.914845985E0,3.665191587E-3,-6.108652335E-3,4.886921961E-3
5.916914485E0,3.665191587E-3,-4.886921961E-3,3.665191587E-3
5.918948524E0,1.832595794E-3,-4.886921961E-3,6.719517522E-3
5.921017216E0,4.276056774E-3,-4.276056774E-3,5.497787148E-3
5.923098216E0,5.497787148E-3,-4.886921961E-3,6.108652335E-3
5.925055678E0,3.054326167E-3,-7.330383174E-3,6.719517522E-3
5.927178793E0,5.497787148E-3,-4.276056774E-3,4.276056774E-3
5.929083832E0,4.886921961E-3,-4.886921961E-3,5.497787148E-3
5.931083947E0,5.497787148E-3,-3.665191587E-3,5.497787148E-3
5.933151985E0,7.941247895E-3,-1.832595794E-3,4.276056774E-3
5.935186793E0,3.054326167E-3,-3.054326167E-3,7.941247895E-3
5.937255485E0,8.552113548E-3,-3.665191587E-3,4.276056774E-3
5.939289755E0,6.108652335E-3,-1.832595794E-3,4.276056774E-3
5.941358101E0,6.108652335E-3,-3.054326167E-3,9.162978269E-3
5.943440062E0,9.773843922E-3,-4.276056774E-3,4.276056774E-3
5.945444678E0,8.552113548E-3,-3.665191587E-3,5.497787148E-3
5.947524101E0,7.330383174E-3,-3.665191587E-3,7.330383174E-3
5.949430216E0,9.773843922E-3,-3.665191587E-3,6.719517522E-3
5.951429255E0,1.038470957E-2,-4.276056774E-3,5.497787148E-3
5.953498755E0,9.162978269E-3,-4.886921961E-3,9.162978269E-3
5.955533793E0,9.773843922E-3,-3.665191587E-3,4.886921961E-3
5.957603408E0,1.221730467E-2,-4.276056774E-3,4.886921961E-3
5.959638408E0,9.773843922E-3,-5.497787148E-3,9.162978269E-3
5.961707908E0,1.221730467E-2,-4.276056774E-3,3.665191587E-3
5.963789831E0,1.099557430E-2,-4.276056774E-3,7.330383174E-3
5.965747831E0,1.282817032E-2,-1.832595794E-3,6.719517522E-3
5.967748062E0,1.221730467E-2,-3.665191587E-3,5.497787148E-3
5.969817216E0,1.282817032E-2,-3.054326167E-3,7.330383174E-3
5.971852485E0,1.282817032E-2,-3.665191587E-3,6.719517522E-3
5.973921870E0,1.160643995E-2,-1.832595794E-3,7.330383174E-3
5.975957216E0,1.588249579E-2,-1.221730490E-3,7.330383174E-3
5.978026139E0,1.466076635E-2,-6.108652451E-4,8.552113548E-3
5.980060678E0,1.710422710E-2,6.108652451E-4,4.276056774E-3
5.982130024E0,1.404990070E-2,-1.832595794E-3,9.773843922E-3
5.984212408E0,1.466076635E-2,6.108652451E-4,7.941247895E-3
5.986217793E0,1.710422710E-2,-6.108652451E-4,6.108652335E-3
5.988175062E0,1.771509275E-2,0.000000000E0,8.552113548E-3
5.990243754E0,1.710422710E-2,6.108652451E-4,7.941247895E-3
5.992278447E0,1.893682219E-2,-6.108652451E-4,4.886921961E-3
5.994348524E0,1.649336144E-2,-6.108652451E-4,1.099557430E-2
5.996382216E0,1.771509275E-2,-6.108652451E-4,6.719517522E-3
5.998450793E0,1.893682219E-2,-6.108652451E-4,6.719517522E-3
6.000485716E0,1.771509275E-2,-6.108652451E-4,9.162978269E-3
6.002555101E0,2.015855350E-2,1.832595794E-3,6.719517522E-3
6.004636639E0,1.893682219E-2,6.108652451E-4,1.038470957E-2
6.006594639E0,2.076941915E-2,-1.221730490E-3,1.221730467E-2
6.008718947E0,2.260201424E-2,-6.108652451E-4,8.552113548E-3
6.010625793E0,2.015855350E-2,-1.221730490E-3,9.773843922E-3
6.012625754E0,2.076941915E-2,-1.221730490E-3,1.099557430E-2
6.014694639E0,2.138028294E-2,-1.221730490E-3,8.552113548E-3
6.016728908E0,2.199114859E-2,-1.221730490E-3,1.038470957E-2
6.018797947E0,2.138028294E-2,0.000000000E0,1.466076635E-2
6.020832062E0,2.138028294E-2,-1.221730490E-3,1.038470957E-2
6.022900716E0,2.321287990E-2,-6.108652451E-4,1.221730467E-2
6.024982177E0,2.321287990E-2,0.000000000E0,1.160643995E-2
6.026987408E0,2.138028294E-2,-6.108652451E-4,1.038470957E-2
6.029130485E0,2.138028294E-2,-6.108652451E-4,1.038470957E-2
6.030966985E0,2.565634064E-2,1.221730490E-3,1.466076635E-2
6.032967062E0,2.382374369E-2,-1.221730490E-3,1.221730467E-2
6.035035370E0,2.443460934E-2,6.108652451E-4,1.282817032E-2
6.037069985E0,2.504547499E-2,6.108652451E-4,1.343903504E-2
6.039139908E0,2.626720630E-2,-1.221730490E-3,1.038470957E-2
6.041173754E0,2.565634064E-2,-1.832595794E-3,1.099557430E-2
6.043242447E0,2.687807009E-2,-3.054326167E-3,1.221730467E-2
6.045324485E0,2.504547499E-2,-2.443460980E-3,1.160643995E-2
6.047282293E0,2.504547499E-2,-4.886921961E-3,9.162978269E-3
6.049283677E0,2.871066704E-2,-4.276056774E-3,9.773843922E-3
6.051352793E0,2.809980139E-2,-5.497787148E-3,7.330383174E-3
6.053387408E0,2.932153270E-2,-8.552113548E-3,7.941247895E-3
6.055455870E0,2.809980139E-2,-9.162978269E-3,7.941247895E-3
6.057490946E0,2.687807009E-2,-1.221730467E-2,9.773843922E-3
6.059514870E0,2.504547499E-2,-1.282817032E-2,9.773843922E-3
6.061515754E0,2.626720630E-2,-1.649336144E-2,6.719517522E-3
6.063583985E0,2.687807009E-2,-1.649336144E-2,6.719517522E-3
6.065665639E0,2.809980139E-2,-1.893682219E-2,6.108652335E-3
6.067669946E0,2.565634064E-2,-2.199114859E-2,6.108652335E-3
6.069628754E0,2.626720630E-2,-2.260201424E-2,4.886921961E-3
6.071697985E0,2.443460934E-2,-2.687807009E-2,8.552113548E-3
6.073732716E0,2.443460934E-2,-2.932153270E-2,7.330383174E-3
6.075801831E0,2.565634064E-2,-3.115412779E-2,6.108652335E-3
6.077836523E0,2.443460934E-2,-3.115412779E-2,5.497787148E-3
6.079905523E0,2.321287990E-2,-3.481931984E-2,7.330383174E-3
6.081940523E0,2.443460934E-2,-3.604105115E-2,4.276056774E-3
6.084008331E0,2.260201424E-2,-3.848451003E-2,6.719517522E-3
6.086089408E0,2.382374369E-2,-3.848451003E-2,5.497787148E-3
6.088046062E0,2.138028294E-2,-4.092797264E-2,7.330383174E-3
6.090169331E0,2.321287990E-2,-3.909537569E-2,5.497787148E-3
6.092074023E0,2.138028294E-2,-4.031710699E-2,5.497787148E-3
6.094074754E0,1.954768784E-2,-4.276056588E-2,4.886921961E-3
6.096142792E0,1.832595654E-2,-4.459316283E-2,1.038470957E-2
6.098177331E0,2.015855350E-2,-4.214970022E-2,6.719517522E-3
6.100245600E0,2.015855350E-2,-4.276056588E-2,6.719517522E-3
6.102279062E0,1.893682219E-2,-4.459316283E-2,8.552113548E-3
6.104347446E0,1.649336144E-2,-4.276056588E-2,3.054326167E-3
6.106428677E0,2.138028294E-2,-4.337143153E-2,3.054326167E-3
6.108432908E0,2.076941915E-2,-4.337143153E-2,7.330383174E-3
6.110511331E0,2.260201424E-2,-4.337143153E-2,4.276056774E-3
6.112416139E0,2.015855350E-2,-4.153883830E-2,3.054326167E-3
6.114415216E0,2.138028294E-2,-4.092797264E-2,4.886921961E-3
6.116483023E0,2.076941915E-2,-4.031710699E-2,1.832595794E-3
6.118517485E0,2.138028294E-2,-3.848451003E-2,-6.108652451E-4
6.120586062E0,1.954768784E-2,-3.787364438E-2,2.443460980E-3
6.122620677E0,2.076941915E-2,-3.665191308E-2,0.000000000E0
6.124689062E0,2.138028294E-2,-3.359758854E-2,-2.443460980E-3
6.126771331E0,1.893682219E-2,-3.481931984E-2,0.000000000E0
6.128729177E0,2.138028294E-2,-3.359758854E-2,-2.443460980E-3
6.130729715E0,1.954768784E-2,-3.237585723E-2,-2.443460980E-3
6.132798215E0,2.138028294E-2,-3.237585723E-2,-5.497787148E-3
6.134832100E0,2.199114859E-2,-3.420845419E-2,-3.054326167E-3
6.136900215E0,2.260201424E-2,-3.176499158E-2,-2.443460980E-3
6.138935062E0,2.443460934E-2,-3.298672289E-2,-3.665191587E-3
6.141002908E0,2.260201424E-2,-3.115412779E-2,-6.108652335E-3
6.143037023E0,2.687807009E-2,-3.176499158E-2,-6.108652335E-3
6.145104754E0,2.443460934E-2,-2.993239649E-2,-4.886921961E-3
6.147185638E0,2.321287990E-2,-3.115412779E-2,-4.276056774E-3
6.149190100E0,2.382374369E-2,-2.871066704E-2,-5.497787148E-3
6.151146562E0,2.382374369E-2,-2.809980139E-2,-4.886921961E-3
6.153214869E0,2.382374369E-2,-3.054326214E-2,-1.832595794E-3
6.155248869E0,2.565634064E-2,-2.748893574E-2,-3.054326167E-3
6.157317446E0,2.504547499E-2,-2.809980139E-2,-1.832595794E-3
6.159352100E0,2.504547499E-2,-3.237585723E-2,-1.832595794E-3
6.161419946E0,2.565634064E-2,-2.993239649E-2,2.443460980E-3
6.163453831E0,2.687807009E-2,-3.237585723E-2,-1.221730490E-3
6.165522715E0,2.565634064E-2,-3.298672289E-2,-1.221730490E-3
6.167604561E0,2.565634064E-2,-3.359758854E-2,1.221730490E-3
6.169561946E0,2.260201424E-2,-3.726277873E-2,3.054326167E-3
6.171687254E0,2.748893574E-2,-3.726277873E-2,-1.221730490E-3
6.173592869E0,1.893682219E-2,-3.848451003E-2,5.497787148E-3
6.175591985E0,2.382374369E-2,-4.031710699E-2,2.443460980E-3
6.177659484E0,2.382374369E-2,-4.214970022E-2,1.221730490E-3
6.179693254E0,2.260201424E-2,-4.398229718E-2,3.665191587E-3
6.181761331E0,2.443460934E-2,-4.581489414E-2,0.000000000E0
6.183795561E0,2.199114859E-2,-4.581489414E-2,2.443460980E-3
6.185863369E0,2.199114859E-2,-4.886921868E-2,4.276056774E-3
6.187944754E0,2.321287990E-2,-4.948008433E-2,1.221730490E-3
6.189949292E0,1.832595654E-2,-4.948008433E-2,0.000000000E0
6.192091677E0,2.199114859E-2,-4.764748737E-2,6.108652451E-4
6.193927484E0,1.954768784E-2,-5.009094998E-2,-6.108652451E-4
6.195926677E0,2.076941915E-2,-4.825835302E-2,-1.832595794E-3
6.197995638E0,2.138028294E-2,-4.764748737E-2,-2.443460980E-3
6.200030446E0,2.199114859E-2,-4.520402849E-2,1.832595794E-3
6.202098407E0,1.954768784E-2,-4.398229718E-2,-3.665191587E-3
6.204131869E0,1.832595654E-2,-4.398229718E-2,-6.108652451E-4
6.206200292E0,1.893682219E-2,-4.031710699E-2,6.108652451E-4
6.208280792E0,1.893682219E-2,-3.726277873E-2,-6.108652451E-4
6.210237523E0,1.954768784E-2,-3.481931984E-2,6.108652451E-4
6.212238600E0,1.832595654E-2,-3.298672289E-2,0.000000000E0
6.214306792E0,1.710422710E-2,-2.748893574E-2,-1.221730490E-3
6.216341446E0,1.710422710E-2,-2.687807009E-2,1.832595794E-3
6.218409138E0,1.588249579E-2,-2.321287990E-2,3.665191587E-3
6.220443177E0,1.527163107E-2,-1.893682219E-2,-6.108652451E-4
6.222511600E0,1.588249579E-2,-1.588249579E-2,-6.108652451E-4
6.224545061E0,1.282817032E-2,-1.649336144E-2,-6.108652451E-4
6.226613446E0,1.527163107E-2,-1.160643995E-2,-1.832595794E-3
6.228695215E0,1.221730467E-2,-1.160643995E-2,3.054326167E-3
6.230699907E0,1.404990070E-2,-1.099557430E-2,-3.054326167E-3
6.232655984E0,1.466076635E-2,-1.099557430E-2,-1.221730490E-3
6.234725061E0,1.282817032E-2,-1.038470957E-2,3.665191587E-3
6.236758177E0,1.099557430E-2,-1.282817032E-2,1.221730490E-3
6.238827292E0,1.099557430E-2,-1.038470957E-2,-4.276056774E-3
6.240862061E0,7.941247895E-3,-1.404990070E-2,2.443460980E-3
6.242930177E0,1.282817032E-2,-1.160643995E-2,-6.108652451E-4
6.244964600E0,9.773843922E-3,-1.588249579E-2,-6.108652451E-4
6.247033177E0,9.773843922E-3,-1.771509275E-2,3.054326167E-3
6.249114830E0,9.773843922E-3,-1.954768784E-2,-1.832595794E-3
6.251073715E0,7.941247895E-3,-2.199114859E-2,0.000000000E0
6.253197830E0,1.099557430E-2,-2.321287990E-2,2.443460980E-3
6.255103253E0,7.330383174E-3,-2.565634064E-2,3.665191587E-3
6.257102561E0,8.552113548E-3,-2.443460934E-2,2.443460980E-3
6.259170330E0,9.773843922E-3,-2.687807009E-2,2.443460980E-3
6.261204715E0,1.099557430E-2,-2.932153270E-2,0.000000000E0
6.263273330E0,9.162978269E-3,-3.176499158E-2,2.443460980E-3
6.265307330E0,9.162978269E-3,-3.237585723E-2,3.665191587E-3
6.267375907E0,1.160643995E-2,-3.237585723E-2,3.054326167E-3
6.269458215E0,9.773843922E-3,-3.543018550E-2,3.665191587E-3
6.271463292E0,9.773843922E-3,-3.543018550E-2,5.497787148E-3
6.273543369E0,1.160643995E-2,-3.848451003E-2,3.665191587E-3
6.275448061E0,1.038470957E-2,-3.604105115E-2,4.276056774E-3
6.277447946E0,1.221730467E-2,-4.031710699E-2,4.276056774E-3
6.279517176E0,1.221730467E-2,-3.665191308E-2,4.276056774E-3
6.281551023E0,1.343903504E-2,-3.909537569E-2,4.276056774E-3
6.283619330E0,1.282817032E-2,-3.909537569E-2,3.054326167E-3
6.285653792E0,1.588249579E-2,-3.848451003E-2,1.832595794E-3
6.287737215E0,1.343903504E-2,-4.092797264E-2,3.665191587E-3
6.289804215E0,1.710422710E-2,-3.909537569E-2,2.443460980E-3
6.291761792E0,1.954768784E-2,-3.909537569E-2,1.221730490E-3
6.293762638E0,1.588249579E-2,-3.787364438E-2,3.665191587E-3
6.295830715E0,1.710422710E-2,-3.909537569E-2,6.108652451E-4
6.297865407E0,1.954768784E-2,-3.604105115E-2,1.832595794E-3
6.299934253E0,1.893682219E-2,-3.420845419E-2,6.108652451E-4
6.301968292E0,1.954768784E-2,-3.481931984E-2,-6.108652451E-4
6.303993907E0,1.893682219E-2,-3.481931984E-2,3.665191587E-3
6.305993292E0,2.138028294E-2,-3.298672289E-2,-1.221730490E-3
6.308062676E0,2.199114859E-2,-3.176499158E-2,1.832595794E-3
6.310144099E0,2.321287990E-2,-3.237585723E-2,0.000000000E0
6.312149522E0,2.382374369E-2,-3.115412779E-2,-5.497787148E-3
6.314108099E0,2.504547499E-2,-3.237585723E-2,-1.221730490E-3
6.316176292E0,2.504547499E-2,-3.176499158E-2,-1.221730490E-3
6.318211407E0,2.504547499E-2,-3.359758854E-2,-1.832595794E-3
6.320280715E0,2.809980139E-2,-3.237585723E-2,-3.665191587E-3
6.322315099E0,2.809980139E-2,-3.359758854E-2,-2.443460980E-3
6.324384138E0,2.809980139E-2,-3.420845419E-2,-4.276056774E-3
6.326418407E0,2.748893574E-2,-3.237585723E-2,-3.665191587E-3
6.328487715E0,2.748893574E-2,-3.359758854E-2,-5.497787148E-3
6.330569215E0,3.115412779E-2,-3.543018550E-2,-6.719517522E-3
6.332526599E0,3.115412779E-2,-3.543018550E-2,-3.665191587E-3
6.334650022E0,2.993239649E-2,-3.665191308E-2,-5.497787148E-3
6.336556561E0,2.993239649E-2,-3.604105115E-2,-5.497787148E-3
6.338555907E0,2.871066704E-2,-3.726277873E-2,-4.886921961E-3
6.340624599E0,3.054326214E-2,-3.848451003E-2,-7.330383174E-3
6.342659599E0,3.054326214E-2,-3.848451003E-2,-6.719517522E-3
6.344728561E0,3.054326214E-2,-3.848451003E-2,-5.497787148E-3
6.346763407E0,3.298672289E-2,-3.848451003E-2,-7.941247895E-3
6.348832715E0,3.115412779E-2,-3.726277873E-2,-6.108652335E-3
6.350915676E0,3.420845419E-2,-3.726277873E-2,-6.719517522E-3
6.352921522E0,3.298672289E-2,-3.604105115E-2,-7.941247895E-3
6.355064599E0,3.298672289E-2,-3.726277873E-2,-4.886921961E-3
6.356900907E0,3.237585723E-2,-3.909537569E-2,-4.276056774E-3
6.358901138E0,3.481931984E-2,-3.848451003E-2,-7.941247895E-3
6.360970599E0,3.298672289E-2,-3.848451003E-2,-5.497787148E-3
6.363004984E0,3.543018550E-2,-3.909537569E-2,-2.443460980E-3
6.365073138E0,3.420845419E-2,-4.092797264E-2,-4.886921961E-3
6.367108715E0,3.237585723E-2,-4.153883830E-2,-7.330383174E-3
6.369177676E0,3.420845419E-2,-4.214970022E-2,-3.054326167E-3
6.371259638E0,3.543018550E-2,-4.337143153E-2,-5.497787148E-3
6.373217330E0,3.298672289E-2,-4.642575979E-2,-4.276056774E-3
6.375218176E0,3.481931984E-2,-4.642575979E-2,-6.719517522E-3
6.377287291E0,3.176499158E-2,-4.886921868E-2,-5.497787148E-3
6.379321561E0,3.420845419E-2,-5.009094998E-2,-6.108652335E-3
6.381390945E0,3.298672289E-2,-5.009094998E-2,-3.054326167E-3
6.383425522E0,3.298672289E-2,-5.436700583E-2,-4.886921961E-3
6.385494099E0,3.298672289E-2,-5.192354694E-2,-7.330383174E-3
6.387528214E0,3.481931984E-2,-5.314527452E-2,-7.941247895E-3
6.389597214E0,3.420845419E-2,-5.436700583E-2,-3.665191587E-3
6.391679830E0,3.359758854E-2,-5.436700583E-2,-6.719517522E-3
6.393684638E0,3.481931984E-2,-5.314527452E-2,-7.330383174E-3
6.395641099E0,3.420845419E-2,-5.619960278E-2,-8.552113548E-3
6.397710714E0,3.359758854E-2,-5.436700583E-2,-5.497787148E-3
6.399745099E0,3.237585723E-2,-5.681046844E-2,-6.719517522E-3
6.401814137E0,3.481931984E-2,-5.558873713E-2,-8.552113548E-3
6.403849099E0,3.420845419E-2,-5.681046844E-2,-6.108652335E-3
6.405918022E0,3.604105115E-2,-5.497787148E-2,-7.330383174E-3
6.407951407E0,3.543018550E-2,-5.558873713E-2,-7.941247895E-3
6.410021022E0,3.848451003E-2,-5.436700583E-2,-7.330383174E-3
6.412102522E0,3.665191308E-2,-5.314527452E-2,-7.330383174E-3
6.414059868E0,3.543018550E-2,-5.375614017E-2,-6.108652335E-3
6.416183099E0,3.665191308E-2,-5.314527452E-2,-7.330383174E-3
6.418089022E0,3.420845419E-2,-5.497787148E-2,-6.108652335E-3
6.420087791E0,3.665191308E-2,-5.314527452E-2,-8.552113548E-3
6.422156945E0,4.092797264E-2,-5.314527452E-2,-9.773843922E-3
6.424191445E0,3.726277873E-2,-5.253441259E-2,-5.497787148E-3
6.426260022E0,3.665191308E-2,-5.253441259E-2,-6.719517522E-3
6.428293714E0,3.909537569E-2,-5.009094998E-2,-1.038470957E-2
6.430362714E0,3.848451003E-2,-5.070181563E-2,-5.497787148E-3
6.432444445E0,3.848451003E-2,-4.948008433E-2,-9.773843922E-3
6.434448407E0,3.787364438E-2,-4.886921868E-2,-7.330383174E-3
6.436527753E0,3.787364438E-2,-4.948008433E-2,-6.719517522E-3
6.438432714E0,3.848451003E-2,-5.009094998E-2,-3.665191587E-3
6.440431945E0,3.909537569E-2,-4.764748737E-2,-6.719517522E-3
6.442500176E0,3.909537569E-2,-4.764748737E-2,-4.886921961E-3
6.444533830E0,3.848451003E-2,-5.070181563E-2,-4.886921961E-3
6.446602368E0,4.031710699E-2,-4.948008433E-2,-7.941247895E-3
6.448636522E0,3.848451003E-2,-4.948008433E-2,-1.832595794E-3
6.450704830E0,3.848451003E-2,-4.825835302E-2,-3.665191587E-3
6.452787253E0,3.970624134E-2,-4.764748737E-2,-6.108652335E-3
6.454744522E0,3.787364438E-2,-4.948008433E-2,-3.054326167E-3
6.456744560E0,3.665191308E-2,-4.825835302E-2,-6.108652335E-3
6.458812637E0,3.787364438E-2,-4.825835302E-2,-6.108652335E-3
6.460846214E0,3.848451003E-2,-5.070181563E-2,-3.054326167E-3
6.462915060E0,3.543018550E-2,-5.131268129E-2,-4.276056774E-3
6.464949483E0,3.848451003E-2,-5.070181563E-2,-5.497787148E-3
6.467018676E0,3.726277873E-2,-5.070181563E-2,-3.054326167E-3
6.469053022E0,3.665191308E-2,-5.131268129E-2,-6.108652335E-3
6.471120983E0,3.665191308E-2,-5.253441259E-2,-4.276056774E-3
6.473202906E0,3.665191308E-2,-5.375614017E-2,-3.054326167E-3
6.475207983E0,3.848451003E-2,-5.558873713E-2,-3.665191587E-3
6.477164291E0,3.787364438E-2,-5.558873713E-2,-3.054326167E-3
6.479233368E0,3.543018550E-2,-5.803219974E-2,-3.054326167E-3
6.481267714E0,3.726277873E-2,-5.864306539E-2,-7.330383174E-3
6.483335714E0,3.481931984E-2,-5.925392732E-2,-3.665191587E-3
6.485369329E0,3.665191308E-2,-6.108652428E-2,-3.665191587E-3
6.487437445E0,3.604105115E-2,-6.414084882E-2,-3.054326167E-3
6.489471637E0,3.848451003E-2,-6.597344577E-2,-4.886921961E-3
6.491539560E0,3.787364438E-2,-6.658431143E-2,-4.276056774E-3
6.493621060E0,3.848451003E-2,-6.780604273E-2,-5.497787148E-3
6.495578676E0,3.909537569E-2,-7.086037099E-2,-1.221730490E-3
6.497701445E0,3.848451003E-2,-7.086037099E-2,-1.832595794E-3
6.499606252E0,3.787364438E-2,-7.452555746E-2,-3.665191587E-3
6.501605176E0,3.970624134E-2,-7.757988572E-2,-5.497787148E-3
6.503674060E0,3.909537569E-2,-7.696902007E-2,-3.054326167E-3
6.505707906E0,4.031710699E-2,-7.941248268E-2,-4.276056774E-3
6.507776406E0,3.970624134E-2,-8.246681094E-2,-1.832595794E-3
6.509810714E0,3.726277873E-2,-8.124507964E-2,0.000000000E0
6.511879368E0,4.214970022E-2,-8.368854225E-2,-1.832595794E-3
6.513961060E0,4.031710699E-2,-8.674286306E-2,-2.443460980E-3
6.515965983E0,3.787364438E-2,-8.796459436E-2,-1.221730490E-3
6.518108329E0,4.031710699E-2,-8.857546002E-2,-1.832595794E-3
6.519943714E0,3.909537569E-2,-8.979719132E-2,6.108652451E-4
6.521943829E0,3.970624134E-2,-9.040805697E-2,0.000000000E0
6.524012868E0,3.848451003E-2,-8.918632567E-2,-6.108652451E-4
6.526047022E0,3.970624134E-2,-8.918632567E-2,-6.108652451E-4
6.528115868E0,3.909537569E-2,-8.857546002E-2,1.832595794E-3
6.530149483E0,4.031710699E-2,-8.613199741E-2,0.000000000E0
6.532218945E0,3.787364438E-2,-8.491026610E-2,-6.108652451E-4
6.534300906E0,3.848451003E-2,-8.246681094E-2,-6.108652451E-4
6.536258099E0,4.092797264E-2,-7.880161703E-2,-1.832595794E-3
6.538260560E0,3.909537569E-2,-7.696902007E-2,6.108652451E-4
6.540328945E0,3.970624134E-2,-7.452555746E-2,1.221730490E-3
6.542362829E0,3.848451003E-2,-7.208210230E-2,1.221730490E-3
6.544430983E0,3.970624134E-2,-6.902777404E-2,4.886921961E-3
6.546464791E0,3.970624134E-2,-6.841690838E-2,3.665191587E-3
6.548489445E0,4.031710699E-2,-6.902777404E-2,1.832595794E-3
6.550489752E0,3.848451003E-2,-6.780604273E-2,3.054326167E-3
6.552558522E0,3.665191308E-2,-6.902777404E-2,4.276056774E-3
6.554640022E0,3.787364438E-2,-6.841690838E-2,4.276056774E-3
6.556644098E0,3.726277873E-2,-7.024950534E-2,3.665191587E-3
6.558602214E0,3.909537569E-2,-7.147123665E-2,1.221730490E-3
6.560671368E0,3.726277873E-2,-7.086037099E-2,1.221730490E-3
6.562705983E0,4.031710699E-2,-7.208210230E-2,3.054326167E-3
6.564774637E0,3.909537569E-2,-7.330382615E-2,3.054326167E-3
6.566808829E0,3.726277873E-2,-7.635815442E-2,-6.108652451E-4
6.568878098E0,3.604105115E-2,-7.819075137E-2,2.443460980E-3
6.570913175E0,3.665191308E-2,-7.696902007E-2,3.054326167E-3
6.572981560E0,3.909537569E-2,-7.696902007E-2,-3.665191587E-3
6.575063752E0,3.787364438E-2,-7.880161703E-2,1.221730490E-3
6.577021714E0,3.726277873E-2,-7.819075137E-2,-1.221730490E-3
6.579145637E0,3.848451003E-2,-8.063421398E-2,-3.054326167E-3
6.581051252E0,3.543018550E-2,-8.124507964E-2,-1.221730490E-3
6.583050560E0,3.909537569E-2,-8.063421398E-2,-2.443460980E-3
6.585119406E0,3.665191308E-2,-8.185594529E-2,-4.886921961E-3
6.587153214E0,3.848451003E-2,-8.185594529E-2,-2.443460980E-3
6.589221406E0,3.604105115E-2,-8.552113175E-2,-6.108652451E-4
6.591255214E0,3.665191308E-2,-8.307767659E-2,-3.665191587E-3
6.593324868E0,3.604105115E-2,-8.552113175E-2,-3.054326167E-3
6.595404983E0,3.359758854E-2,-8.796459436E-2,-2.443460980E-3
6.597409637E0,3.604105115E-2,-8.857546002E-2,-4.886921961E-3
6.599488598E0,3.604105115E-2,-8.979719132E-2,-6.108652451E-4
6.601393291E0,3.481931984E-2,-9.224065393E-2,-4.276056774E-3
6.603392675E0,3.787364438E-2,-9.285151958E-2,-6.719517522E-3
6.605461291E0,3.726277873E-2,-9.529497474E-2,-1.221730490E-3
6.607496021E0,3.420845419E-2,-9.529497474E-2,-6.108652335E-3
6.609564521E0,3.481931984E-2,-9.712757170E-2,-4.276056774E-3
6.611599367E0,3.543018550E-2,-9.590584040E-2,-4.886921961E-3
6.613668406E0,3.237585723E-2,-9.834930301E-2,-6.719517522E-3
6.615750752E0,3.298672289E-2,-9.651670605E-2,-7.330383174E-3
6.617708252E0,3.604105115E-2,-9.712757170E-2,-6.719517522E-3
6.619709406E0,3.176499158E-2,-9.651670605E-2,-7.330383174E-3
6.621778714E0,3.176499158E-2,-9.773843735E-2,-7.941247895E-3
6.623813367E0,2.809980139E-2,-9.957103431E-2,-5.497787148E-3
6.625882560E0,3.054326214E-2,-9.590584040E-2,-9.773843922E-3
6.627917098E0,2.565634064E-2,-9.590584040E-2,-3.054326167E-3
6.629986560E0,2.687807009E-2,-9.468411654E-2,-5.497787148E-3
6.632021406E0,2.504547499E-2,-9.468411654E-2,-6.719517522E-3
6.634090329E0,2.443460934E-2,-9.285151958E-2,-6.108652335E-3
6.636171829E0,2.260201424E-2,-9.407325089E-2,-2.443460980E-3
6.638176675E0,2.260201424E-2,-9.162978828E-2,-7.330383174E-3
6.640133637E0,1.893682219E-2,-8.857546002E-2,-3.054326167E-3
6.642202175E0,1.832595654E-2,-8.796459436E-2,1.221730490E-3
6.644237598E0,1.527163107E-2,-8.613199741E-2,-3.665191587E-3
6.646306521E0,1.527163107E-2,-8.429940045E-2,-1.221730490E-3
6.648341021E0,1.343903504E-2,-8.429940045E-2,1.221730490E-3
6.650410483E0,1.343903504E-2,-8.124507964E-2,-2.443460980E-3
6.652445137E0,9.773843922E-3,-7.941248268E-2,1.832595794E-3
6.654514329E0,9.162978269E-3,-8.002334833E-2,0.000000000E0
6.656596290E0,7.941247895E-3,-7.819075137E-2,1.221730490E-3
6.658553752E0,7.941247895E-3,-7.696902007E-2,2.443460980E-3
6.660677252E0,6.108652335E-3,-7.574728876E-2,4.276056774E-3
6.662582675E0,9.162978269E-3,-7.574728876E-2,1.832595794E-3
6.664582752E0,6.719517522E-3,-7.574728876E-2,4.276056774E-3
6.666651790E0,7.941247895E-3,-7.391469181E-2,3.054326167E-3
6.668686098E0,7.330383174E-3,-7.452555746E-2,5.497787148E-3
6.670754790E0,8.552113548E-3,-7.452555746E-2,3.665191587E-3
6.672790213E0,6.108652335E-3,-7.574728876E-2,5.497787148E-3
6.674858906E0,7.330383174E-3,-7.574728876E-2,6.108652335E-3
6.676940906E0,7.330383174E-3,-7.757988572E-2,4.886921961E-3
6.678946636E0,7.330383174E-3,-7.635815442E-2,5.497787148E-3
6.681089175E0,8.552113548E-3,-7.696902007E-2,3.054326167E-3
6.682924406E0,1.099557430E-2,-7.819075137E-2,4.886921961E-3
6.684923906E0,1.099557430E-2,-7.574728876E-2,5.497787148E-3
6.686992367E0,1.038470957E-2,-7.757988572E-2,3.665191587E-3
6.689026444E0,1.099557430E-2,-7.635815442E-2,4.886921961E-3
6.691095059E0,1.221730467E-2,-7.941248268E-2,7.330383174E-3
6.693129098E0,1.466076635E-2,-7.635815442E-2,3.054326167E-3
6.695212790E0,1.710422710E-2,-7.757988572E-2,4.886921961E-3
6.697278944E0,1.649336144E-2,-7.819075137E-2,4.276056774E-3
6.699237790E0,1.649336144E-2,-7.819075137E-2,1.221730490E-3
6.701237944E0,1.649336144E-2,-8.124507964E-2,4.276056774E-3
6.703306790E0,2.199114859E-2,-8.002334833E-2,1.832595794E-3
6.705340444E0,1.954768784E-2,-7.757988572E-2,6.108652451E-4
6.707409636E0,2.076941915E-2,-7.941248268E-2,1.832595794E-3
6.709443136E0,2.199114859E-2,-8.002334833E-2,6.108652451E-4
6.711511482E0,2.443460934E-2,-8.185594529E-2,2.443460980E-3
6.713546521E0,2.199114859E-2,-8.124507964E-2,3.054326167E-3
6.715615598E0,2.382374369E-2,-8.124507964E-2,1.221730490E-3
6.717697136E0,2.687807009E-2,-8.307767659E-2,3.665191587E-3
6.719701867E0,2.809980139E-2,-8.185594529E-2,2.443460980E-3
6.721658521E0,2.748893574E-2,-8.307767659E-2,1.832595794E-3
6.723728098E0,2.626720630E-2,-8.307767659E-2,6.108652451E-4
6.725762252E0,2.809980139E-2,-8.674286306E-2,1.832595794E-3
6.727830905E0,2.687807009E-2,-8.552113175E-2,1.832595794E-3
6.729865405E0,2.748893574E-2,-8.674286306E-2,4.886921961E-3
6.731934252E0,2.565634064E-2,-8.674286306E-2,3.054326167E-3
6.733968136E0,2.626720630E-2,-8.429940045E-2,4.886921961E-3
6.736037559E0,2.626720630E-2,-8.674286306E-2,7.330383174E-3
6.738119021E0,2.687807009E-2,-8.613199741E-2,4.886921961E-3
6.740076482E0,2.748893574E-2,-8.613199741E-2,5.497787148E-3
6.742199982E0,2.809980139E-2,-8.674286306E-2,4.886921961E-3
6.744105098E0,2.748893574E-2,-8.552113175E-2,4.276056774E-3
6.746104636E0,2.626720630E-2,-8.674286306E-2,6.719517522E-3
6.748172482E0,2.932153270E-2,-8.429940045E-2,6.108652335E-3
6.750206790E0,2.626720630E-2,-8.613199741E-2,5.497787148E-3
6.752275905E0,2.748893574E-2,-8.429940045E-2,6.108652335E-3
6.754310098E0,2.443460934E-2,-8.368854225E-2,7.941247895E-3
6.756378752E0,2.626720630E-2,-8.063421398E-2,7.330383174E-3
6.758460367E0,2.565634064E-2,-8.246681094E-2,7.330383174E-3
6.760465790E0,2.321287990E-2,-8.246681094E-2,7.330383174E-3
6.762545444E0,2.504547499E-2,-8.246681094E-2,6.719517522E-3
6.764451598E0,2.565634064E-2,-8.246681094E-2,7.330383174E-3
6.766450982E0,2.443460934E-2,-8.185594529E-2,8.552113548E-3
6.768520482E0,2.443460934E-2,-8.063421398E-2,7.941247895E-3
6.770554098E0,2.382374369E-2,-8.307767659E-2,5.497787148E-3
6.772623290E0,2.504547499E-2,-8.185594529E-2,5.497787148E-3
6.774657175E0,2.443460934E-2,-8.002334833E-2,5.497787148E-3
6.776726521E0,2.443460934E-2,-8.246681094E-2,7.941247895E-3
6.778808521E0,2.382374369E-2,-8.185594529E-2,8.552113548E-3
6.780766059E0,2.504547499E-2,-8.491026610E-2,6.719517522E-3
6.782765828E0,2.443460934E-2,-8.491026610E-2,4.886921961E-3
6.784834598E0,2.626720630E-2,-8.918632567E-2,6.108652335E-3
6.786868790E0,2.443460934E-2,-9.101892263E-2,4.276056774E-3
6.788937405E0,2.504547499E-2,-9.224065393E-2,6.108652335E-3
6.790971367E0,2.504547499E-2,-9.651670605E-2,7.330383174E-3
6.792995098E0,2.565634064E-2,-1.014036313E-1,2.443460980E-3
6.794994098E0,2.626720630E-2,-1.020144969E-1,3.054326167E-3
6.797062867E0,2.565634064E-2,-1.050688252E-1,6.108652335E-3
6.799144905E0,2.260201424E-2,-1.093448773E-1,6.719517522E-3
6.801150097E0,2.626720630E-2,-1.105666086E-1,3.665191587E-3
6.803109021E0,2.504547499E-2,-1.148426682E-1,6.108652335E-3
6.805178790E0,2.443460934E-2,-1.160643995E-1,6.719517522E-3
6.807213944E0,2.504547499E-2,-1.172861308E-1,8.552113548E-3
6.809283367E0,2.443460934E-2,-1.191187203E-1,1.038470957E-2
6.811319136E0,2.382374369E-2,-1.185078546E-1,1.343903504E-2
6.813388367E0,2.199114859E-2,-1.197295859E-1,1.099557430E-2
6.815423597E0,2.382374369E-2,-1.209513173E-1,1.343903504E-2
6.817492059E0,2.076941915E-2,-1.227839142E-1,1.466076635E-2
6.819574405E0,1.954768784E-2,-1.227839142E-1,1.588249579E-2
6.821531405E0,1.710422710E-2,-1.233947799E-1,1.893682219E-2
6.823654905E0,1.527163107E-2,-1.221730486E-1,1.954768784E-2
6.825559944E0,1.282817032E-2,-1.233947799E-1,1.893682219E-2
6.827559444E0,1.282817032E-2,-1.227839142E-1,1.954768784E-2
6.829628213E0,6.719517522E-3,-1.240056455E-1,2.382374369E-2
6.831662828E0,7.330383174E-3,-1.233947799E-1,2.260201424E-2
6.833731597E0,6.108652335E-3,-1.252273768E-1,2.138028294E-2
6.835766059E0,3.054326167E-3,-1.270599663E-1,2.443460934E-2
6.837834751E0,2.443460980E-3,-1.288925707E-1,2.076941915E-2
6.839917020E0,-1.221730490E-3,-1.295034289E-1,2.076941915E-2
6.841922213E0,-1.832595794E-3,-1.295034289E-1,2.443460934E-2
6.844065482E0,-6.108652335E-3,-1.313360333E-1,1.954768784E-2
6.845901020E0,-6.719517522E-3,-1.325577646E-1,2.076941915E-2
6.847900905E0,-1.099557430E-2,-1.331686229E-1,2.138028294E-2
6.849969367E0,-1.221730467E-2,-1.343903542E-1,1.588249579E-2
6.852004482E0,-1.404990070E-2,-1.362229437E-1,1.649336144E-2
6.854073136E0,-1.588249579E-2,-1.368338168E-1,1.527163107E-2
6.856107674E0,-1.527163107E-2,-1.362229437E-1,9.773843922E-3
6.858176597E0,-2.260201424E-2,-1.392772794E-1,1.404990070E-2
6.860258174E0,-2.321287990E-2,-1.404990107E-1,1.038470957E-2
6.862215405E0,-2.871066704E-2,-1.392772794E-1,7.330383174E-3
6.864217213E0,-2.871066704E-2,-1.386664063E-1,9.773843922E-3
6.866286328E0,-3.237585723E-2,-1.404990107E-1,5.497787148E-3
6.868321366E0,-3.787364438E-2,-1.404990107E-1,1.832595794E-3
6.870390828E0,-3.848451003E-2,-1.386664063E-1,6.108652335E-3
6.872426020E0,-4.398229718E-2,-1.356120855E-1,0.000000000E0
6.874494866E0,-5.009094998E-2,-1.374446750E-1,1.832595794E-3
6.876529943E0,-5.314527452E-2,-1.380555481E-1,-1.221730490E-3
6.878599290E0,-5.558873713E-2,-1.380555481E-1,-3.054326167E-3
6.880680751E0,-5.803219974E-2,-1.380555481E-1,-3.665191587E-3
6.882687097E0,-6.352998316E-2,-1.380555481E-1,-3.665191587E-3
6.884644482E0,-6.658431143E-2,-1.386664063E-1,-4.886921961E-3
6.886713405E0,-7.024950534E-2,-1.392772794E-1,-7.330383174E-3
6.888747713E0,-7.696902007E-2,-1.404990107E-1,-6.719517522E-3
6.890816789E0,-7.880161703E-2,-1.411098689E-1,-6.108652335E-3
6.892851289E0,-8.185594529E-2,-1.435533315E-1,-1.343903504E-2
6.894920251E0,-8.918632567E-2,-1.447750628E-1,-1.160643995E-2
6.896954674E0,-9.162978828E-2,-1.453859210E-1,-9.773843922E-3
6.899023443E0,-9.651670605E-2,-1.484402567E-1,-1.099557430E-2
6.901105136E0,-1.026253626E-1,-1.508837193E-1,-8.552113548E-3
6.903062828E0,-1.050688252E-1,-1.502728462E-1,-1.160643995E-2
6.905185943E0,-1.069014147E-1,-1.508837193E-1,-1.099557430E-2
6.907091597E0,-1.130100712E-1,-1.527163088E-1,-9.162978269E-3
6.909090982E0,-1.130100712E-1,-1.545489132E-1,-1.099557430E-2
6.911159712E0,-1.178969890E-1,-1.551597714E-1,-1.038470957E-2
6.913194366E0,-1.215621829E-1,-1.557706445E-1,-9.162978269E-3
6.915263212E0,-1.258382350E-1,-1.594358236E-1,-6.719517522E-3
6.917298020E0,-1.288925707E-1,-1.569923609E-1,-6.719517522E-3
6.919366866E0,-1.301143020E-1,-1.582140923E-1,-3.665191587E-3
6.921448943E0,-1.356120855E-1,-1.588249654E-1,-3.054326167E-3
6.923455405E0,-1.374446750E-1,-1.624901593E-1,-6.108652451E-4
6.925535443E0,-1.411098689E-1,-1.618792862E-1,-1.221730490E-3
6.927441135E0,-1.423316002E-1,-1.643227488E-1,1.832595794E-3
6.929440943E0,-1.417207420E-1,-1.618792862E-1,3.665191587E-3
6.931509520E0,-1.435533315E-1,-1.643227488E-1,4.886921961E-3
6.933543982E0,-1.453859210E-1,-1.661553532E-1,8.552113548E-3
6.935612943E0,-1.459967941E-1,-1.704314053E-1,1.099557430E-2
6.937647405E0,-1.459967941E-1,-1.685988009E-1,1.160643995E-2
6.939716520E0,-1.484402567E-1,-1.710422635E-1,1.099557430E-2
6.941797828E0,-1.496619880E-1,-1.692096740E-1,1.466076635E-2
6.943755558E0,-1.508837193E-1,-1.692096740E-1,1.466076635E-2
6.945757135E0,-1.514945775E-1,-1.661553532E-1,2.076941915E-2
6.947825558E0,-1.508837193E-1,-1.679879427E-1,1.954768784E-2
6.949859520E0,-1.502728462E-1,-1.637118906E-1,1.710422710E-2
6.951928751E0,-1.514945775E-1,-1.631010175E-1,1.954768784E-2
6.953963520E0,-1.539380401E-1,-1.612684280E-1,2.199114859E-2
6.956032289E0,-1.533271819E-1,-1.576032341E-1,1.954768784E-2
6.958066597E0,-1.539380401E-1,-1.533271819E-1,2.260201424E-2
6.960135674E0,-1.545489132E-1,-1.539380401E-1,2.565634064E-2
6.962217520E0,-1.508837193E-1,-1.490511149E-1,2.260201424E-2
6.964223520E0,-1.484402567E-1,-1.466076523E-1,2.321287990E-2
6.966180866E0,-1.514945775E-1,-1.466076523E-1,2.321287990E-2
6.968250212E0,-1.478293836E-1,-1.398881376E-1,2.321287990E-2
6.970284366E0,-1.453859210E-1,-1.337794960E-1,2.382374369E-2
6.972353866E0,-1.447750628E-1,-1.288925707E-1,2.443460934E-2
6.974388481E0,-1.453859210E-1,-1.252273768E-1,2.260201424E-2
6.976457289E0,-1.417207420E-1,-1.203404516E-1,2.504547499E-2
6.978491789E0,-1.411098689E-1,-1.160643995E-1,2.321287990E-2
6.980560251E0,-1.411098689E-1,-1.111774743E-1,2.321287990E-2
6.982641712E0,-1.368338168E-1,-1.062905490E-1,2.443460934E-2
6.984598520E0,-1.356120855E-1,-1.007927656E-1,2.565634064E-2
6.986721904E0,-1.350012124E-1,-9.957103431E-2,2.565634064E-2
6.988627481E0,-1.325577646E-1,-9.407325089E-2,2.626720630E-2
6.990626751E0,-1.295034289E-1,-8.979719132E-2,2.687807009E-2
6.992695558E0,-1.307251602E-1,-8.674286306E-2,2.993239649E-2
6.994729520E0,-1.276708394E-1,-8.246681094E-2,2.871066704E-2
6.996798404E0,-1.282816976E-1,-8.063421398E-2,3.298672289E-2
6.998832520E0,-1.246165112E-1,-7.696902007E-2,3.481931984E-2
7.000901135E0,-1.215621829E-1,-7.330382615E-2,3.237585723E-2
7.002982097E0,-1.209513173E-1,-6.841690838E-2,3.359758854E-2
7.004987058E0,-1.203404516E-1,-6.780604273E-2,3.665191308E-2
7.007129943E0,-1.197295859E-1,-6.291911751E-2,3.726277873E-2
7.008965751E0,-1.166752651E-1,-6.169738993E-2,3.909537569E-2
7.010965866E0,-1.191187203E-1,-5.925392732E-2,4.092797264E-2
7.013034404E0,-1.178969890E-1,-5.619960278E-2,4.031710699E-2
7.015068520E0,-1.166752651E-1,-5.497787148E-2,4.276056588E-2
7.017137635E0,-1.166752651E-1,-5.375614017E-2,4.276056588E-2
7.019171943E0,-1.197295859E-1,-5.375614017E-2,4.214970022E-2
7.021240674E0,-1.166752651E-1,-5.131268129E-2,4.520402849E-2
7.023322520E0,-1.178969890E-1,-5.070181563E-2,4.642575979E-2
7.025279635E0,-1.166752651E-1,-5.192354694E-2,4.520402849E-2
7.027280174E0,-1.178969890E-1,-5.009094998E-2,4.642575979E-2
7.029349404E0,-1.166752651E-1,-4.886921868E-2,4.520402849E-2
7.031384097E0,-1.185078546E-1,-5.070181563E-2,4.520402849E-2
7.033453712E0,-1.197295859E-1,-5.070181563E-2,4.764748737E-2
7.035488250E0,-1.209513173E-1,-5.192354694E-2,4.948008433E-2
7.037513404E0,-1.227839142E-1,-5.314527452E-2,4.703662544E-2
7.039512750E0,-1.240056455E-1,-5.436700583E-2,4.886921868E-2
7.041581097E0,-1.240056455E-1,-5.619960278E-2,4.825835302E-2
7.043663020E0,-1.276708394E-1,-5.803219974E-2,4.825835302E-2
7.045668597E0,-1.282816976E-1,-6.108652428E-2,4.825835302E-2
7.047627481E0,-1.301143020E-1,-6.352998316E-2,5.131268129E-2
7.049695712E0,-1.301143020E-1,-6.352998316E-2,4.764748737E-2
7.051730443E0,-1.307251602E-1,-6.536258012E-2,4.764748737E-2
7.053798904E0,-1.337794960E-1,-6.719517708E-2,5.070181563E-2
7.055834020E0,-1.331686229E-1,-6.780604273E-2,4.764748737E-2
7.057902135E0,-1.356120855E-1,-7.208210230E-2,4.825835302E-2
7.059936327E0,-1.374446750E-1,-7.330382615E-2,5.131268129E-2
7.062004789E0,-1.386664063E-1,-7.269296050E-2,4.948008433E-2
7.064086673E0,-1.441642046E-1,-7.452555746E-2,5.131268129E-2
7.066043635E0,-1.411098689E-1,-7.513642311E-2,4.886921868E-2
7.068167366E0,-1.459967941E-1,-7.513642311E-2,5.192354694E-2
7.070073366E0,-1.472185254E-1,-7.513642311E-2,5.070181563E-2
7.072072789E0,-1.508837193E-1,-7.391469181E-2,5.314527452E-2
7.074141096E0,-1.514945775E-1,-7.269296050E-2,5.070181563E-2
7.076175981E0,-1.527163088E-1,-7.147123665E-2,5.375614017E-2
7.078245058E0,-1.569923609E-1,-7.024950534E-2,5.375614017E-2
7.080279327E0,-1.582140923E-1,-7.024950534E-2,5.192354694E-2
7.082348635E0,-1.612684280E-1,-7.086037099E-2,5.375614017E-2
7.084430596E0,-1.637118906E-1,-6.963863969E-2,5.558873713E-2
7.086436327E0,-1.655444801E-1,-6.658431143E-2,5.497787148E-2
7.088515096E0,-1.673770845E-1,-6.780604273E-2,5.803219974E-2
7.090420750E0,-1.704314053E-1,-6.719517708E-2,5.803219974E-2
7.092420173E0,-1.734857261E-1,-6.475171447E-2,5.803219974E-2
7.094489750E0,-1.728748679E-1,-6.475171447E-2,5.925392732E-2
7.096524981E0,-1.753183305E-1,-6.414084882E-2,6.108652428E-2
7.098593250E0,-1.777617931E-1,-6.230825558E-2,6.230825558E-2
7.100627481E0,-1.783726513E-1,-6.414084882E-2,6.352998316E-2
7.102711443E0,-1.808161139E-1,-6.536258012E-2,6.841690838E-2
7.104778481E0,-1.826487035E-1,-6.414084882E-2,6.658431143E-2
7.106736289E0,-1.832595766E-1,-6.780604273E-2,6.902777404E-2
7.108736404E0,-1.832595766E-1,-6.780604273E-2,7.208210230E-2
7.110805289E0,-1.844813079E-1,-7.086037099E-2,7.330382615E-2
7.112839558E0,-1.850921661E-1,-7.086037099E-2,7.391469181E-2
7.114907942E0,-1.869247705E-1,-7.452555746E-2,7.696902007E-2
7.116942096E0,-1.875356287E-1,-7.696902007E-2,7.757988572E-2
7.119010981E0,-1.869247705E-1,-7.696902007E-2,7.696902007E-2
7.121045096E0,-1.863138974E-1,-7.941248268E-2,8.002334833E-2
7.123114096E0,-1.869247705E-1,-8.429940045E-2,8.491026610E-2
7.125195827E0,-1.869247705E-1,-8.185594529E-2,8.307767659E-2
7.127200750E0,-1.832595766E-1,-8.735372871E-2,8.613199741E-2
7.129157827E0,-1.826487035E-1,-9.101892263E-2,8.857546002E-2
7.131226942E0,-1.808161139E-1,-9.285151958E-2,9.040805697E-2
7.133261365E0,-1.777617931E-1,-9.651670605E-2,9.040805697E-2
7.135329750E0,-1.728748679E-1,-9.896016866E-2,9.407325089E-2
7.137363712E0,-1.655444801E-1,-1.020144969E-1,9.529497474E-2
7.139432173E0,-1.667662114E-1,-1.032362282E-1,9.773843735E-2
7.141466519E0,-1.557706445E-1,-1.062905490E-1,9.773843735E-2
7.143533981E0,-1.478293836E-1,-1.111774743E-1,1.020144969E-1
7.145616327E0,-1.423316002E-1,-1.117883399E-1,1.026253626E-1
7.147572635E0,-1.343903542E-1,-1.148426682E-1,1.075122803E-1
7.149696519E0,-1.258382350E-1,-1.166752651E-1,1.062905490E-1
7.151601981E0,-1.185078546E-1,-1.166752651E-1,1.062905490E-1
7.153600096E0,-1.081231460E-1,-1.191187203E-1,1.093448773E-1
7.155668442E0,-9.773843735E-2,-1.172861308E-1,1.123992056E-1
7.157702365E0,-8.796459436E-2,-1.178969890E-1,1.093448773E-1
7.159771212E0,-7.574728876E-2,-1.178969890E-1,1.142318025E-1
7.161805019E0,-6.230825558E-2,-1.197295859E-1,1.160643995E-1
7.163873596E0,-5.192354694E-2,-1.172861308E-1,1.136209369E-1
7.165954750E0,-3.909537569E-2,-1.172861308E-1,1.191187203E-1
7.167959404E0,-2.260201424E-2,-1.160643995E-1,1.185078546E-1
7.170101865E0,-7.941247895E-3,-1.160643995E-1,1.191187203E-1
7.171937442E0,-6.108652451E-4,-1.148426682E-1,1.233947799E-1
7.173937481E0,1.588249579E-2,-1.136209369E-1,1.233947799E-1
7.176005519E0,2.382374369E-2,-1.142318025E-1,1.221730486E-1
7.178040327E0,3.909537569E-2,-1.136209369E-1,1.252273768E-1
7.180110058E0,5.558873713E-2,-1.142318025E-1,1.258382350E-1
7.182144865E0,6.475171447E-2,-1.172861308E-1,1.227839142E-1
7.184213673E0,8.063421398E-2,-1.197295859E-1,1.246165112E-1
7.186295404E0,9.224065393E-2,-1.227839142E-1,1.246165112E-1
7.188252634E0,1.026253626E-1,-1.264491081E-1,1.258382350E-1
7.190252942E0,1.154535338E-1,-1.282816976E-1,1.264491081E-1
7.192322019E0,1.313360333E-1,-1.325577646E-1,1.227839142E-1
7.194356173E0,1.417207420E-1,-1.337794960E-1,1.264491081E-1
7.196425673E0,1.502728462E-1,-1.380555481E-1,1.246165112E-1
7.198459173E0,1.661553532E-1,-1.417207420E-1,1.252273768E-1
7.200528058E0,1.826487035E-1,-1.459967941E-1,1.233947799E-1
7.202561827E0,1.918116808E-1,-1.478293836E-1,1.246165112E-1
7.204630788E0,2.107485086E-1,-1.533271819E-1,1.233947799E-1
7.206712173E0,2.290744632E-1,-1.563815027E-1,1.252273768E-1
7.208716519E0,2.394591719E-1,-1.576032341E-1,1.252273768E-1
7.210672634E0,2.596177161E-1,-1.606575549E-1,1.203404516E-1
7.212741788E0,2.816088796E-1,-1.631010175E-1,1.240056455E-1
7.214776365E0,2.926044464E-1,-1.649336219E-1,1.233947799E-1
7.216844788E0,3.182607889E-1,-1.637118906E-1,1.246165112E-1
7.218880327E0,3.414736688E-1,-1.631010175E-1,1.221730486E-1
7.220949596E0,3.591887653E-1,-1.624901593E-1,1.191187203E-1
7.222984404E0,3.854559660E-1,-1.576032341E-1,1.209513173E-1
7.225053557E0,4.098905921E-1,-1.521054506E-1,1.227839142E-1
7.227135480E0,4.349360466E-1,-1.466076523E-1,1.209513173E-1
7.229092942E0,4.453207552E-1,-1.447750628E-1,1.227839142E-1
7.231216750E0,4.728097022E-1,-1.356120855E-1,1.197295859E-1
7.233123250E0,4.825835526E-1,-1.331686229E-1,1.209513173E-1
7.235121519E0,5.057964325E-1,-1.252273768E-1,1.258382350E-1
7.237190980E0,5.277875662E-1,-1.172861308E-1,1.252273768E-1
7.239226096E0,5.412266254E-1,-1.111774743E-1,1.240056455E-1
7.241294442E0,5.632177591E-1,-1.032362282E-1,1.276708394E-1
7.243328980E0,5.815436840E-1,-9.346238524E-2,1.264491081E-1
7.245398634E0,6.059783101E-1,-8.491026610E-2,1.276708394E-1
7.247480057E0,6.181956530E-1,-8.246681094E-2,1.276708394E-1
7.249485750E0,6.383541822E-1,-7.208210230E-2,1.240056455E-1
7.251566250E0,6.621779203E-1,-6.291911751E-2,1.264491081E-1
7.253472865E0,6.737843752E-1,-5.742133409E-2,1.246165112E-1
7.255472596E0,6.945537925E-1,-4.886921868E-2,1.166752651E-1
7.257541980E0,7.128797174E-1,-3.604105115E-2,1.166752651E-1
7.259576519E0,7.220427394E-1,-3.054326214E-2,1.136209369E-1
7.261645942E0,7.403686643E-1,-1.710422710E-2,1.044579595E-1
7.263680250E0,7.574729323E-1,-6.108652335E-3,1.007927656E-1
7.265748903E0,7.641924024E-1,6.108652451E-4,9.957103431E-2
7.267830903E0,7.776314616E-1,1.099557430E-2,8.857546002E-2
7.269788865E0,7.843509912E-1,1.893682219E-2,8.613199741E-2
7.271789365E0,7.880161405E-1,2.321287990E-2,8.185594529E-2
7.273858365E0,7.929030657E-1,3.115412779E-2,7.208210230E-2
7.275892980E0,7.965682745E-1,4.092797264E-2,6.352998316E-2
7.277961980E0,7.947356701E-1,4.337143153E-2,5.436700583E-2
7.279996403E0,7.886270285E-1,5.009094998E-2,4.459316283E-2
7.282020788E0,7.812966704E-1,5.497787148E-2,3.481931984E-2
7.284019211E0,7.794640660E-1,5.986479297E-2,2.871066704E-2
7.286088442E0,7.696902156E-1,6.475171447E-2,1.343903504E-2
7.288170288E0,7.556403279E-1,6.902777404E-2,2.443460980E-3
7.290176019E0,7.495316267E-1,7.024950534E-2,-4.276056774E-3
7.292134557E0,7.342600226E-1,6.963863969E-2,-1.954768784E-2
7.294202903E0,7.171558142E-1,7.024950534E-2,-2.932153270E-2
7.296237557E0,7.116580009E-1,6.658431143E-2,-3.665191308E-2
7.298306019E0,6.939429045E-1,6.108652428E-2,-5.192354694E-2
7.300340942E0,6.719517708E-1,5.681046844E-2,-5.681046844E-2
7.302410249E0,6.524040699E-1,4.459316283E-2,-7.086037099E-2
7.304443903E0,6.395758986E-1,3.970624134E-2,-7.391469181E-2
7.306512672E0,6.181956530E-1,2.871066704E-2,-7.452555746E-2
7.308594596E0,5.937610269E-1,1.343903504E-2,-7.941248268E-2
7.310552826E0,5.864306092E-1,9.773843922E-3,-8.307767659E-2
7.312676480E0,5.619960427E-1,-6.719517522E-3,-8.185594529E-2
7.314581134E0,5.387831330E-1,-2.138028294E-2,-8.491026610E-2
7.316580442E0,5.247332454E-1,-2.993239649E-2,-8.491026610E-2
7.318649172E0,5.027421117E-1,-4.337143153E-2,-7.330382615E-2
7.320683249E0,4.801400900E-1,-5.864306539E-2,-7.452555746E-2
7.322751865E0,4.654793143E-1,-6.780604273E-2,-7.452555746E-2
7.324785672E0,4.422664344E-1,-8.185594529E-2,-6.352998316E-2
7.326854557E0,4.178318381E-1,-9.834930301E-2,-5.864306539E-2
7.328936288E0,4.074471295E-1,-1.001819000E-1,-5.558873713E-2
7.330942403E0,3.836233616E-1,-1.130100712E-1,-3.970624134E-2
7.333084249E0,3.622430861E-1,-1.240056455E-1,-2.932153270E-2
7.334920480E0,3.500257730E-1,-1.270599663E-1,-2.443460934E-2
7.336920480E0,3.286454976E-1,-1.307251602E-1,-7.330383174E-3
7.338989019E0,3.054326177E-1,-1.313360333E-1,5.497787148E-3
7.341023634E0,2.950479090E-1,-1.295034289E-1,1.588249579E-2
7.343092903E0,2.736676335E-1,-1.252273768E-1,3.787364438E-2
7.345127095E0,2.535090744E-1,-1.172861308E-1,4.886921868E-2
7.347196634E0,2.419026345E-1,-1.105666086E-1,5.803219974E-2
7.349278134E0,2.211332172E-1,-9.834930301E-2,8.124507964E-2
7.351236749E0,2.040289938E-1,-8.002334833E-2,9.712757170E-2
7.353237634E0,1.954768747E-1,-7.086037099E-2,1.056796908E-1
7.355306557E0,1.759291887E-1,-5.192354694E-2,1.270599663E-1
7.357340557E0,1.594358236E-1,-2.748893574E-2,1.423316002E-1
7.359408788E0,1.447750628E-1,-3.665191587E-3,1.557706445E-1
7.361442711E0,1.368338168E-1,8.552113548E-3,1.692096740E-1
7.363511172E0,1.227839142E-1,3.115412779E-2,1.832595766E-1
7.365544980E0,1.062905490E-1,5.375614017E-2,1.985312104E-1
7.367613211E0,1.014036313E-1,6.414084882E-2,2.028072625E-1
7.369694711E0,8.613199741E-2,8.857546002E-2,2.180788964E-1
7.371697980E0,7.208210230E-2,1.099557430E-1,2.290744632E-1
7.373653980E0,6.475171447E-2,1.191187203E-1,2.321287990E-1
7.375722172E0,5.131268129E-2,1.380555481E-1,2.419026345E-1
7.377756288E0,4.276056588E-2,1.563815027E-1,2.449569702E-1
7.379825288E0,3.604105115E-2,1.618792862E-1,2.516764700E-1
7.381859134E0,2.809980139E-2,1.747074574E-1,2.528982162E-1
7.383928172E0,1.893682219E-2,1.850921661E-1,2.608394623E-1
7.385962749E0,1.466076635E-2,1.918116808E-1,2.620611787E-1
7.388031211E0,1.099557430E-2,1.973094791E-1,2.638937831E-1
7.390112864E0,6.108652335E-3,2.015855312E-1,2.651155293E-1
7.392071403E0,4.886921961E-3,2.021963894E-1,2.651155293E-1
7.394194364E0,1.221730490E-3,2.021963894E-1,2.663372457E-1
7.396100057E0,1.221730490E-3,1.979203373E-1,2.681698501E-1
7.398099249E0,1.832595794E-3,1.973094791E-1,2.645046413E-1
7.400168018E0,2.443460980E-3,1.893682331E-1,2.663372457E-1
7.402202595E0,6.719517522E-3,1.832595766E-1,2.596177161E-1
7.404271211E0,1.221730467E-2,1.710422635E-1,2.559525371E-1
7.406304634E0,1.343903504E-2,1.655444801E-1,2.571742535E-1
7.408372749E0,1.771509275E-2,1.563815027E-1,2.553416789E-1
7.410454403E0,2.565634064E-2,1.447750628E-1,2.510656118E-1
7.412461441E0,2.626720630E-2,1.404990107E-1,2.498438805E-1
7.414540249E0,3.481931984E-2,1.331686229E-1,2.467895597E-1
7.416445134E0,4.520402849E-2,1.288925707E-1,2.406809032E-1
7.418444403E0,4.398229718E-2,1.240056455E-1,2.425135076E-1
7.420513172E0,5.253441259E-2,1.221730486E-1,2.296853364E-1
7.422547364E0,5.925392732E-2,1.203404516E-1,2.278527319E-1
7.424615172E0,6.597344577E-2,1.227839142E-1,2.247984111E-1
7.426649749E0,7.208210230E-2,1.215621829E-1,2.174680233E-1
7.428718634E0,7.757988572E-2,1.270599663E-1,2.150245607E-1
7.430800557E0,8.368854225E-2,1.276708394E-1,2.101376504E-1
7.432756980E0,8.735372871E-2,1.319468915E-1,2.003637999E-1
7.434757826E0,9.285151958E-2,1.362229437E-1,1.985312104E-1
7.436826595E0,9.712757170E-2,1.392772794E-1,1.918116808E-1
7.438860634E0,1.020144969E-1,1.435533315E-1,1.850921661E-1
7.440929172E0,1.062905490E-1,1.453859210E-1,1.777617931E-1
7.442963403E0,1.081231460E-1,1.490511149E-1,1.728748679E-1
7.445031441E0,1.117883399E-1,1.496619880E-1,1.667662114E-1
7.447065518E0,1.117883399E-1,1.527163088E-1,1.612684280E-1
7.449134518E0,1.160643995E-1,1.527163088E-1,1.545489132E-1
7.451215557E0,1.166752651E-1,1.502728462E-1,1.496619880E-1
7.453219980E0,1.178969890E-1,1.490511149E-1,1.392772794E-1
7.455176518E0,1.185078546E-1,1.472185254E-1,1.362229437E-1
7.457244633E0,1.154535338E-1,1.417207420E-1,1.295034289E-1
7.459279249E0,1.148426682E-1,1.362229437E-1,1.252273768E-1
7.461348287E0,1.130100712E-1,1.276708394E-1,1.172861308E-1
7.463382980E0,1.154535338E-1,1.252273768E-1,1.117883399E-1
7.465452287E0,1.087340117E-1,1.160643995E-1,1.105666086E-1
7.467486864E0,1.069014147E-1,1.044579595E-1,1.001819000E-1
7.469554864E0,1.062905490E-1,9.529497474E-2,9.773843735E-2
7.471636595E0,1.032362282E-1,8.124507964E-2,9.896016866E-2
7.473594095E0,1.001819000E-1,6.475171447E-2,9.040805697E-2
7.475718095E0,1.026253626E-1,5.497787148E-2,8.979719132E-2
7.477624018E0,9.773843735E-2,3.665191308E-2,8.674286306E-2
7.479623364E0,9.101892263E-2,1.649336144E-2,8.063421398E-2
7.481691941E0,9.162978828E-2,9.773843922E-3,8.246681094E-2
7.483726056E0,9.040805697E-2,-1.038470957E-2,7.941248268E-2
7.485795326E0,9.162978828E-2,-2.626720630E-2,7.635815442E-2
7.487830364E0,8.979719132E-2,-3.665191308E-2,8.002334833E-2
7.489899710E0,8.796459436E-2,-5.558873713E-2,8.002334833E-2
7.491982172E0,8.735372871E-2,-7.208210230E-2,7.941248268E-2
7.493987864E0,8.857546002E-2,-7.941248268E-2,8.002334833E-2
7.496131095E0,8.674286306E-2,-9.346238524E-2,7.635815442E-2
7.497967133E0,8.429940045E-2,-1.069014147E-1,8.368854225E-2
7.499967018E0,8.429940045E-2,-1.117883399E-1,8.735372871E-2
7.502036172E0,8.185594529E-2,-1.246165112E-1,8.674286306E-2
7.504070556E0,8.124507964E-2,-1.337794960E-1,8.918632567E-2
7.506140864E0,7.757988572E-2,-1.362229437E-1,9.407325089E-2
7.508174979E0,7.819075137E-2,-1.429424733E-1,8.918632567E-2
7.510258941E0,7.147123665E-2,-1.490511149E-1,9.407325089E-2
7.512326249E0,7.269296050E-2,-1.514945775E-1,9.651670605E-2
7.514285018E0,6.963863969E-2,-1.533271819E-1,9.590584040E-2
7.516285556E0,6.475171447E-2,-1.533271819E-1,9.957103431E-2
7.518354864E0,6.291911751E-2,-1.502728462E-1,9.896016866E-2
7.520388518E0,6.047565863E-2,-1.472185254E-1,9.957103431E-2
7.522458018E0,5.558873713E-2,-1.435533315E-1,1.020144969E-1
7.524492172E0,5.314527452E-2,-1.368338168E-1,1.032362282E-1
7.526517056E0,4.703662544E-2,-1.331686229E-1,1.038470939E-1
7.528516441E0,4.092797264E-2,-1.252273768E-1,1.062905490E-1
7.530586172E0,4.031710699E-2,-1.136209369E-1,1.026253626E-1
7.532668710E0,3.726277873E-2,-1.105666086E-1,1.026253626E-1
7.534675364E0,3.237585723E-2,-9.590584040E-2,1.038470939E-1
7.536633941E0,2.504547499E-2,-8.185594529E-2,1.007927656E-1
7.538703402E0,2.321287990E-2,-7.635815442E-2,9.957103431E-2
7.540738941E0,1.649336144E-2,-5.986479297E-2,9.773843735E-2
7.542808825E0,1.160643995E-2,-4.276056588E-2,9.407325089E-2
7.544843325E0,9.162978269E-3,-3.665191308E-2,8.918632567E-2
7.546913518E0,4.276056774E-3,-2.321287990E-2,8.735372871E-2
7.548948710E0,-2.443460980E-3,-9.773843922E-3,8.307767659E-2
7.551018364E0,-3.054326167E-3,-4.276056774E-3,8.063421398E-2
7.553100941E0,-9.773843922E-3,8.552113548E-3,7.696902007E-2
7.555058902E0,-1.649336144E-2,1.832595654E-2,7.269296050E-2
7.557185210E0,-2.626720630E-2,2.809980139E-2,6.230825558E-2
7.559090210E0,-2.809980139E-2,3.176499158E-2,6.230825558E-2
7.561089979E0,-3.359758854E-2,3.787364438E-2,5.436700583E-2
7.563159941E0,-3.909537569E-2,4.031710699E-2,5.131268129E-2
7.565194672E0,-4.886921868E-2,4.276056588E-2,4.642575979E-2
7.567264095E0,-5.619960278E-2,4.642575979E-2,4.153883830E-2
7.569298633E0,-6.291911751E-2,4.642575979E-2,3.298672289E-2
7.571368902E0,-6.597344577E-2,4.825835302E-2,2.932153270E-2
7.573450095E0,-6.963863969E-2,5.314527452E-2,2.382374369E-2
7.575456595E0,-7.513642311E-2,5.314527452E-2,1.832595654E-2
7.577537287E0,-7.757988572E-2,5.497787148E-2,1.588249579E-2
7.579443671E0,-8.124507964E-2,5.558873713E-2,1.099557430E-2
7.581443133E0,-8.613199741E-2,5.375614017E-2,4.886921961E-3
7.583512287E0,-9.040805697E-2,5.253441259E-2,6.108652335E-3
7.585546671E0,-9.162978828E-2,5.131268129E-2,1.221730490E-3
7.587616248E0,-9.346238524E-2,4.886921868E-2,-3.665191587E-3
7.589650979E0,-9.590584040E-2,4.764748737E-2,-7.330383174E-3
7.591720748E0,-1.014036313E-1,4.520402849E-2,-5.497787148E-3
7.593802864E0,-1.026253626E-1,4.520402849E-2,-1.343903504E-2
7.595760633E0,-1.050688252E-1,4.214970022E-2,-1.038470957E-2
7.597761787E0,-1.105666086E-1,3.909537569E-2,-1.343903504E-2
7.599830671E0,-1.117883399E-1,3.909537569E-2,-1.710422710E-2
7.601864594E0,-1.160643995E-1,3.726277873E-2,-1.893682219E-2
7.603933171E0,-1.178969890E-1,3.665191308E-2,-1.771509275E-2
7.605967594E0,-1.240056455E-1,3.481931984E-2,-1.771509275E-2
7.608036364E0,-1.246165112E-1,3.359758854E-2,-2.260201424E-2
7.610071402E0,-1.301143020E-1,3.237585723E-2,-2.076941915E-2
7.612140671E0,-1.343903542E-1,3.054326214E-2,-2.260201424E-2
7.614221787E0,-1.417207420E-1,2.565634064E-2,-2.138028294E-2
7.616226056E0,-1.417207420E-1,2.443460934E-2,-2.382374369E-2
7.618182941E0,-1.466076523E-1,2.076941915E-2,-2.504547499E-2
7.620251633E0,-1.521054506E-1,1.771509275E-2,-2.260201424E-2
7.622285787E0,-1.539380401E-1,1.404990070E-2,-2.321287990E-2
7.624354325E0,-1.606575549E-1,8.552113548E-3,-2.138028294E-2
7.626389364E0,-1.637118906E-1,3.665191587E-3,-1.893682219E-2
7.628457633E0,-1.649336219E-1,1.832595794E-3,-1.832595654E-2
7.630491864E0,-1.685988009E-1,-3.054326167E-3,-1.466076635E-2
7.632560748E0,-1.722639948E-1,-9.162978269E-3,-1.404990070E-2
7.634642864E0,-1.728748679E-1,-1.282817032E-2,-1.588249579E-2
7.636600556E0,-1.759291887E-1,-2.138028294E-2,-1.038470957E-2
7.638725556E0,-1.747074574E-1,-2.748893574E-2,-1.343903504E-2
7.640630787E0,-1.740965992E-1,-2.993239649E-2,-1.282817032E-2
7.642630440E0,-1.777617931E-1,-3.726277873E-2,-1.099557430E-2
7.644698710E0,-1.789835095E-1,-4.337143153E-2,-8.552113548E-3
7.646732979E0,-1.789835095E-1,-4.764748737E-2,-9.162978269E-3
7.648801710E0,-1.820378453E-1,-5.131268129E-2,-3.665191587E-3
7.650836210E0,-1.857030392E-1,-5.497787148E-2,-2.443460980E-3
7.652905363E0,-1.857030392E-1,-5.375614017E-2,-6.108652451E-4
7.654987287E0,-1.881465018E-1,-5.314527452E-2,3.054326167E-3
7.656992748E0,-1.930334121E-1,-5.253441259E-2,7.941247895E-3
7.659134940E0,-1.960877478E-1,-5.131268129E-2,1.588249579E-2
7.660970748E0,-1.979203373E-1,-4.825835302E-2,1.710422710E-2
7.662970517E0,-2.028072625E-1,-4.276056588E-2,2.015855350E-2
7.665039633E0,-2.052507252E-1,-4.031710699E-2,2.443460934E-2
7.667074517E0,-2.076941878E-1,-3.359758854E-2,3.054326214E-2
7.669142863E0,-2.101376504E-1,-2.321287990E-2,3.176499158E-2
7.671177056E0,-2.138028294E-1,-1.832595654E-2,3.359758854E-2
7.673246133E0,-2.174680233E-1,-7.330383174E-3,3.787364438E-2
7.675327440E0,-2.205223590E-1,4.276056774E-3,3.848451003E-2
7.677284863E0,-2.260201424E-1,1.893682219E-2,4.092797264E-2
7.679285133E0,-2.278527319E-1,2.626720630E-2,4.153883830E-2
7.681354248E0,-2.296853364E-1,4.214970022E-2,4.520402849E-2
7.683388440E0,-2.364048511E-1,5.986479297E-2,4.642575979E-2
7.685457210E0,-2.376265824E-1,6.902777404E-2,4.581489414E-2
7.687492286E0,-2.412917763E-1,9.101892263E-2,4.886921868E-2
7.689561363E0,-2.437352389E-1,1.105666086E-1,4.886921868E-2
7.691596209E0,-2.480112910E-1,1.197295859E-1,5.314527452E-2
7.693665440E0,-2.498438805E-1,1.435533315E-1,5.742133409E-2
7.695747440E0,-2.559525371E-1,1.649336219E-1,5.925392732E-2
7.697772094E0,-2.583959997E-1,1.734857261E-1,5.803219974E-2
7.699729286E0,-2.632829249E-1,1.948660165E-1,6.597344577E-2
7.701798209E0,-2.651155293E-1,2.150245607E-1,6.475171447E-2
7.703832979E0,-2.681698501E-1,2.241875380E-1,7.452555746E-2
7.705901440E0,-2.718350291E-1,2.419026345E-1,7.696902007E-2
7.707936017E0,-2.755002379E-1,2.553416789E-1,8.491026610E-2
7.710004902E0,-2.779437006E-1,2.632829249E-1,8.979719132E-2
7.712039094E0,-2.803871334E-1,2.755002379E-1,9.468411654E-2
7.714108171E0,-2.858849466E-1,2.816088796E-1,1.026253626E-1
7.716189863E0,-2.858849466E-1,2.864958048E-1,1.087340117E-1
7.718170363E0,-2.907718420E-1,2.871066630E-1,1.117883399E-1
7.720292979E0,-2.913827300E-1,2.871066630E-1,1.240056455E-1
7.722197748E0,-2.919935882E-1,2.828305960E-1,1.313360333E-1
7.724196209E0,-2.962696552E-1,2.816088796E-1,1.343903542E-1
7.726265017E0,-2.962696552E-1,2.755002379E-1,1.472185254E-1
7.728299363E0,-2.932153046E-1,2.651155293E-1,1.569923609E-1
7.730367825E0,-2.901609838E-1,2.571742535E-1,1.606575549E-1
7.732400363E0,-2.871066630E-1,2.443460971E-1,1.753183305E-1
7.734470709E0,-2.822197378E-1,2.266310006E-1,1.905899495E-1
7.736552325E0,-2.767219543E-1,2.168571651E-1,1.973094791E-1
7.738577055E0,-2.663372457E-1,1.979203373E-1,2.095267773E-1
7.740656363E0,-2.553416789E-1,1.747074574E-1,2.339613885E-1
7.742560402E0,-2.461786866E-1,1.637118906E-1,2.461786866E-1
7.744560517E0,-2.290744632E-1,1.404990107E-1,2.645046413E-1
7.746628632E0,-2.095267773E-1,1.142318025E-1,2.938261926E-1
7.748663017E0,-1.960877478E-1,1.014036313E-1,3.029891551E-1
7.750731863E0,-1.747074574E-1,7.696902007E-2,3.262020350E-1
7.752767055E0,-1.514945775E-1,5.253441259E-2,3.549126983E-1
7.754835517E0,-1.411098689E-1,4.092797264E-2,3.738495409E-1
7.756917978E0,-1.123992056E-1,2.199114859E-2,4.056145251E-1
7.758900402E0,-8.613199741E-2,1.038470957E-2,4.422664344E-1
7.760901209E0,-7.269296050E-2,3.054326167E-3,4.587597847E-1
7.762970978E0,-4.520402849E-2,1.221730490E-3,4.941899776E-1
7.765004902E0,-1.710422710E-2,2.443460980E-3,5.308418870E-1
7.767073286E0,9.773843922E-3,1.710422710E-2,5.626068711E-1
7.769107132E0,2.015855350E-2,2.687807009E-2,5.784893632E-1
7.771131940E0,4.642575979E-2,5.436700583E-2,6.072000265E-1
7.773130863E0,6.963863969E-2,9.468411654E-2,6.243042946E-1
7.775199401E0,8.124507964E-2,1.154535338E-1,6.352998614E-1
7.777280825E0,1.001819000E-1,1.655444801E-1,6.499606371E-1
7.779306017E0,1.178969890E-1,2.235766798E-1,6.542366743E-1
7.781264094E0,1.252273768E-1,2.535090744E-1,6.530149579E-1
7.783332401E0,1.380555481E-1,3.109304011E-1,6.511823535E-1
7.785367171E0,1.484402567E-1,3.714060783E-1,6.401867867E-1
7.787434709E0,1.514945775E-1,4.037819207E-1,6.322455406E-1
7.789469324E0,1.563815027E-1,4.599815309E-1,6.157521605E-1
7.791538017E0,1.588249654E-1,5.186246037E-1,5.925393105E-1
7.793571824E0,1.594358236E-1,5.448917747E-1,5.784893632E-1
7.795640555E0,1.539380401E-1,5.943718553E-1,5.534439087E-1
7.797721671E0,1.453859210E-1,6.414085031E-1,5.198463202E-1
7.799703440E0,1.411098689E-1,6.627888083E-1,5.002986193E-1
7.801827863E0,1.240056455E-1,7.018841505E-1,4.660901725E-1
7.803732901E0,9.712757170E-2,7.367035151E-1,4.263839424E-1
7.805732786E0,8.613199741E-2,7.507534027E-1,4.025602043E-1
7.807801594E0,5.253441259E-2,7.733554244E-1,3.628539443E-1
7.809835978E0,1.649336144E-2,7.880161405E-1,3.158173263E-1
7.811904824E0,-4.886921961E-3,7.935139537E-1,2.968805134E-1
7.813939171E0,-5.192354694E-2,7.965682745E-1,2.528982162E-1
7.816007440E0,-1.026253626E-1,7.898487449E-1,2.064724565E-1
7.818088978E0,-1.606575549E-1,7.751879692E-1,1.685988009E-1
7.820112555E0,-1.887573600E-1,7.641924024E-1,1.484402567E-1
7.822254901E0,-2.474004179E-1,7.422012687E-1,1.075122803E-1
7.824090478E0,-3.127630055E-1,7.104362845E-1,7.635815442E-2
7.826089363E0,-3.457497358E-1,6.933320761E-1,5.681046844E-2
7.828157555E0,-4.105014503E-1,6.536257863E-1,2.138028294E-2
7.830191594E0,-4.728097022E-1,6.120869517E-1,-4.886921961E-3
7.832259747E0,-5.051855445E-1,5.894849896E-1,-1.771509275E-2
7.834293632E0,-5.705481172E-1,5.406157374E-1,-4.520402849E-2
7.836361670E0,-6.304129362E-1,4.917465150E-1,-6.780604273E-2
7.838443747E0,-6.615670323E-1,4.685336351E-1,-7.819075137E-2
7.840425094E0,-7.220427394E-1,4.190535545E-1,-1.020144969E-1
7.842425440E0,-7.825183868E-1,3.732386529E-1,-1.166752651E-1
7.844494440E0,-8.106181622E-1,3.500257730E-1,-1.258382350E-1
7.846528401E0,-8.704829812E-1,3.090978265E-1,-1.411098689E-1
7.848597555E0,-9.279043078E-1,2.712241709E-1,-1.521054506E-1
7.850631670E0,-9.578366876E-1,2.559525371E-1,-1.588249654E-1
7.852700017E0,-1.009149432E0,2.315179259E-1,-1.649336219E-1
7.854733786E0,-1.061683774E0,2.131919712E-1,-1.716531366E-1
7.856802017E0,-1.086729288E0,2.058615834E-1,-1.753183305E-1
7.858883747E0,-1.131322384E0,1.912008226E-1,-1.740965992E-1
7.860908709E0,-1.174082994E0,1.881465018E-1,-1.685988009E-1
7.862865632E0,-1.192408919E0,1.863138974E-1,-1.692096740E-1
7.864934324E0,-1.228450060E0,1.887573600E-1,-1.624901593E-1
7.866968017E0,-1.255328059E0,1.936442852E-1,-1.484402567E-1
7.869036632E0,-1.276708364E0,1.997529417E-1,-1.386664063E-1
7.871071401E0,-1.288314819E0,2.003637999E-1,-1.301143020E-1
7.873139055E0,-1.296866894E0,2.046398520E-1,-1.111774743E-1
7.875173632E0,-1.299310327E0,2.046398520E-1,-9.285151958E-2
7.877242170E0,-1.296866894E0,2.021963894E-1,-8.307767659E-2
7.879323901E0,-1.291369081E0,1.948660165E-1,-6.169738993E-2
7.881306978E0,-1.276097536E0,1.808161139E-1,-3.787364438E-2
7.883430324E0,-1.261436701E0,1.753183305E-1,-2.626720630E-2
7.885336363E0,-1.241889000E0,1.557706445E-1,3.665191587E-3
7.887335786E0,-1.208291411E0,1.350012124E-1,2.504547499E-2
7.889404940E0,-1.192408919E0,1.227839142E-1,3.726277873E-2
7.891439747E0,-1.152702689E0,9.468411654E-2,6.169738993E-2
7.893508670E0,-1.109942198E0,5.986479297E-2,8.063421398E-2
7.895543093E0,-1.086729288E0,4.031710699E-2,9.224065393E-2
7.897611555E0,-1.037249207E0,0.000000000E0,1.069014147E-1
7.899693093E0,-9.889908433E-1,-4.398229718E-2,1.215621829E-1
7.901724209E0,-9.327912331E-1,-8.368854225E-2,1.270599663E-1
7.903803939E0,-9.053022861E-1,-1.001819000E-1,1.453859210E-1
7.905709055E0,-8.472700715E-1,-1.270599663E-1,1.508837193E-1
7.907707863E0,-8.210029006E-1,-1.368338168E-1,1.582140923E-1
7.909776401E0,-7.599163651E-1,-1.508837193E-1,1.679879427E-1
7.911810170E0,-7.031059265E-1,-1.563815027E-1,1.753183305E-1
7.913879170E0,-6.450737119E-1,-1.563815027E-1,1.820378453E-1
7.915912209E0,-6.139195561E-1,-1.569923609E-1,1.777617931E-1
7.917995978E0,-5.595525503E-1,-1.600466967E-1,1.808161139E-1
7.920061632E0,-5.076290369E-1,-1.673770845E-1,1.795943826E-1
7.922013093E0,-4.838052690E-1,-1.698205322E-1,1.820378453E-1
7.924012978E0,-4.349360466E-1,-1.789835095E-1,1.747074574E-1
7.926081132E0,-3.860668242E-1,-1.881465018E-1,1.649336219E-1
7.928114670E0,-3.646865487E-1,-1.930334121E-1,1.643227488E-1
7.930182632E0,-3.219259977E-1,-2.003637999E-1,1.447750628E-1
7.932216439E0,-2.852740586E-1,-2.095267773E-1,1.313360333E-1
7.934285670E0,-2.657263875E-1,-2.138028294E-1,1.233947799E-1
7.936318901E0,-2.290744632E-1,-2.211332172E-1,9.957103431E-2
7.938387247E0,-1.948660165E-1,-2.327396572E-1,7.513642311E-2
7.940469055E0,-1.777617931E-1,-2.357939780E-1,6.352998316E-2
7.942499593E0,-1.466076523E-1,-2.461786866E-1,2.993239649E-2
7.944455632E0,-1.148426682E-1,-2.553416789E-1,6.108652335E-3
7.946523247E0,-9.773843735E-2,-2.596177161E-1,-1.221730467E-2
7.948557555E0,-6.719517708E-2,-2.681698501E-1,-4.703662544E-2
7.950625939E0,-3.481931984E-2,-2.779437006E-1,-8.063421398E-2
7.952659901E0,-2.076941915E-2,-2.822197378E-1,-9.773843735E-2
7.954728670E0,1.099557430E-2,-2.895501256E-1,-1.337794960E-1
7.956763439E0,4.031710699E-2,-2.950479090E-1,-1.667662114E-1
7.958831862E0,6.963863969E-2,-3.011565804E-1,-2.052507252E-1
7.960913324E0,8.613199741E-2,-3.005456924E-1,-2.260201424E-1
7.962894824E0,1.172861308E-1,-3.054326177E-1,-2.571742535E-1
7.965018439E0,1.472185254E-1,-3.078760803E-1,-2.913827300E-1
7.966923708E0,1.631010175E-1,-3.090978265E-1,-3.060434759E-1
7.968922747E0,1.948660165E-1,-3.109304011E-1,-3.341432810E-1
7.970990901E0,2.266310006E-1,-3.078760803E-1,-3.677408695E-1
7.973023901E0,2.400700450E-1,-3.097086847E-1,-3.824016452E-1
7.975026785E0,2.718350291E-1,-3.090978265E-1,-4.043927789E-1
7.977025093E0,3.072652221E-1,-3.042109013E-1,-4.318817258E-1
7.979093708E0,3.219259977E-1,-3.011565804E-1,-4.422664344E-1
7.981175285E0,3.555235863E-1,-2.932153046E-1,-4.630358517E-1
7.983179247E0,3.842342496E-1,-2.803871334E-1,-4.801400900E-1
7.985320362E0,4.050036669E-1,-2.742784917E-1,-4.886921942E-1
7.987156555E0,4.300491214E-1,-2.559525371E-1,-5.009095073E-1
7.989155478E0,4.575380683E-1,-2.364048511E-1,-5.088507533E-1
7.991223785E0,4.734205604E-1,-2.278527319E-1,-5.125159621E-1
7.993258170E0,4.978551865E-1,-2.046398520E-1,-5.161811113E-1
7.995327285E0,5.210680366E-1,-1.802052408E-1,-5.216789246E-1
7.997361593E0,5.332853794E-1,-1.673770845E-1,-5.235115290E-1
7.999430016E0,5.534439087E-1,-1.417207420E-1,-5.222898126E-1
8.001511401E0,5.729916096E-1,-1.142318025E-1,-5.186246037E-1
8.003463208E0,5.839871764E-1,-1.007927656E-1,-5.131267905E-1
8.005463324E0,5.968153477E-1,-7.208210230E-2,-5.088507533E-1
8.007531362E0,6.084218025E-1,-4.764748737E-2,-5.021312237E-1
8.009565478E0,6.157521605E-1,-3.543018550E-2,-4.954117239E-1
8.011633170E0,6.236934066E-1,-9.773843922E-3,-4.893030524E-1
8.013667439E0,6.304129362E-1,8.552113548E-3,-4.789183438E-1
8.015692977E0,6.334672570E-1,2.076941915E-2,-4.758640230E-1
8.017691824E0,6.340781450E-1,4.214970022E-2,-4.667010605E-1
8.019760939E0,6.377432942E-1,6.352998316E-2,-4.599815309E-1
8.021841362E0,6.340781450E-1,7.880161703E-2,-4.544837475E-1
8.023872093E0,6.359107494E-1,8.918632567E-2,-4.434881806E-1
8.025829670E0,6.285803318E-1,9.957103431E-2,-4.300491214E-1
8.027898285E0,6.230825782E-1,1.062905490E-1,-4.239404798E-1
8.029932054E0,6.145304441E-1,1.160643995E-1,-4.153883755E-1
8.032001093E0,6.047565937E-1,1.209513173E-1,-4.043927789E-1
8.034034977E0,5.888741016E-1,1.221730486E-1,-3.860668242E-1
8.036103208E0,5.821545720E-1,1.240056455E-1,-3.830125034E-1
8.038137362E0,5.662720799E-1,1.233947799E-1,-3.726277947E-1
8.040206516E0,5.467243791E-1,1.160643995E-1,-3.524692357E-1
8.042287785E0,5.381723046E-1,1.130100712E-1,-3.512475193E-1
8.044239439E0,5.180137157E-1,1.044579595E-1,-3.396410644E-1
8.046361900E0,4.972442985E-1,9.101892263E-2,-3.292563558E-1
8.048267054E0,4.880813360E-1,8.368854225E-2,-3.213151097E-1
8.050265708E0,4.642575979E-1,6.963863969E-2,-3.103195429E-1
8.052334208E0,4.386012554E-1,5.131268129E-2,-2.993239760E-1
8.054367785E0,4.282165468E-1,4.276056588E-2,-2.932153046E-1
8.056436554E0,4.007275999E-1,2.993239649E-2,-2.779437006E-1
8.058470439E0,3.762930036E-1,1.282817032E-2,-2.651155293E-1
8.060539093E0,3.634648323E-1,6.108652335E-3,-2.590068579E-1
8.062619900E0,3.402519524E-1,-4.886921961E-3,-2.449569702E-1
8.064643477E0,3.115412891E-1,-1.649336144E-2,-2.302961946E-1
8.066722708E0,2.981022298E-1,-2.199114859E-2,-2.241875380E-1
8.068629477E0,2.730567753E-1,-3.909537569E-2,-2.113593817E-1
8.070628285E0,2.480112910E-1,-5.803219974E-2,-1.942551434E-1
8.072697016E0,2.339613885E-1,-6.658431143E-2,-1.912008226E-1
8.074730900E0,2.101376504E-1,-8.796459436E-2,-1.765400618E-1
8.076798977E0,1.893682331E-1,-1.093448773E-1,-1.637118906E-1
8.078832400E0,1.765400618E-1,-1.215621829E-1,-1.582140923E-1
8.080900477E0,1.527163088E-1,-1.429424733E-1,-1.466076523E-1
8.082981400E0,1.343903542E-1,-1.661553532E-1,-1.362229437E-1
8.084962131E0,1.142318025E-1,-1.863138974E-1,-1.252273768E-1
8.086962554E0,1.075122803E-1,-1.985312104E-1,-1.178969890E-1
8.089030939E0,9.040805697E-2,-2.180788964E-1,-1.075122803E-1
8.091064939E0,7.574728876E-2,-2.357939780E-1,-9.468411654E-2
8.093133900E0,6.963863969E-2,-2.443460971E-1,-9.285151958E-2
8.095166900E0,5.742133409E-2,-2.608394623E-1,-7.880161703E-2
8.097234900E0,4.825835302E-2,-2.748893499E-1,-7.086037099E-2
8.099269593E0,4.398229718E-2,-2.840523422E-1,-6.841690838E-2
8.101337554E0,3.848451003E-2,-2.999348342E-1,-5.742133409E-2
8.103419323E0,3.298672289E-2,-3.139847219E-1,-4.825835302E-2
8.105443977E0,3.237585723E-2,-3.213151097E-1,-4.337143153E-2
8.107400285E0,2.321287990E-2,-3.329215646E-1,-3.543018550E-2
8.109469054E0,2.260201424E-2,-3.408628106E-1,-2.748893574E-2
8.111503208E0,2.076941915E-2,-3.445279896E-1,-2.199114859E-2
8.113572823E0,2.076941915E-2,-3.488040566E-1,-1.710422710E-2
8.115606169E0,1.710422710E-2,-3.463605940E-1,-7.941247895E-3
8.117674631E0,2.321287990E-2,-3.426954150E-1,-6.108652335E-3
8.119709592E0,1.832595654E-2,-3.365867436E-1,3.665191587E-3
8.121777554E0,1.954768784E-2,-3.262020350E-1,1.221730467E-2
8.123859092E0,2.626720630E-2,-3.133738637E-1,1.466076635E-2
8.125815977E0,2.626720630E-2,-3.097086847E-1,1.771509275E-2
8.127939439E0,3.054326214E-2,-2.962696552E-1,2.015855350E-2
8.129844439E0,3.481931984E-2,-2.828305960E-1,2.565634064E-2
8.131843631E0,3.970624134E-2,-2.761110961E-1,2.443460934E-2
8.133911862E0,3.970624134E-2,-2.620611787E-1,3.115412779E-2
8.135946477E0,5.009094998E-2,-2.449569702E-1,2.687807009E-2
8.138015169E0,5.192354694E-2,-2.382374406E-1,2.932153270E-2
8.140050015E0,5.681046844E-2,-2.211332172E-1,3.237585723E-2
8.142119862E0,6.230825558E-2,-2.046398520E-1,2.687807009E-2
8.144200977E0,6.536258012E-2,-1.954768747E-1,2.626720630E-2
8.146205592E0,7.086037099E-2,-1.789835095E-1,2.565634064E-2
8.148349131E0,7.696902007E-2,-1.606575549E-1,2.138028294E-2
8.150185208E0,8.063421398E-2,-1.514945775E-1,2.138028294E-2
8.152184708E0,8.491026610E-2,-1.325577646E-1,1.710422710E-2
8.154253092E0,9.101892263E-2,-1.142318025E-1,1.404990070E-2
8.156287977E0,9.407325089E-2,-1.038470939E-1,9.773843922E-3
8.158357554E0,9.957103431E-2,-8.674286306E-2,7.941247895E-3
8.160390823E0,1.069014147E-1,-6.475171447E-2,3.665191587E-3
8.162459900E0,1.093448773E-1,-5.070181563E-2,3.665191587E-3
8.164540862E0,1.166752651E-1,-2.993239649E-2,3.054326167E-3
8.166499054E0,1.240056455E-1,-5.497787148E-3,-2.443460980E-3
8.168499823E0,1.258382350E-1,6.108652335E-3,-6.108652451E-4
8.170568669E0,1.325577646E-1,2.993239649E-2,-1.221730490E-3
8.172602785E0,1.417207420E-1,5.314527452E-2,6.108652451E-4
8.174671092E0,1.466076523E-1,6.414084882E-2,-3.665191587E-3
8.176705438E0,1.508837193E-1,8.918632567E-2,-3.054326167E-3
8.178773169E0,1.545489132E-1,1.130100712E-1,-3.054326167E-3
8.180807361E0,1.649336219E-1,1.362229437E-1,-6.719517522E-3
8.182875785E0,1.637118906E-1,1.472185254E-1,-1.221730490E-3
8.184957861E0,1.740965992E-1,1.679879427E-1,-5.497787148E-3
8.186964131E0,1.802052408E-1,1.857030392E-1,-7.941247895E-3
8.188921092E0,1.826487035E-1,1.936442852E-1,-7.941247895E-3
8.190989015E0,1.869247705E-1,2.089159191E-1,-6.719517522E-3
8.193023323E0,1.948660165E-1,2.193006277E-1,-1.160643995E-2
8.195091438E0,1.954768747E-1,2.247984111E-1,-1.038470957E-2
8.197127131E0,2.021963894E-1,2.315179259E-1,-6.108652335E-3
8.199195708E0,2.101376504E-1,2.364048511E-1,-9.162978269E-3
8.201230438E0,2.119702399E-1,2.388483137E-1,-7.330383174E-3
8.203298938E0,2.199114859E-1,2.394591719E-1,-6.719517522E-3
8.205380361E0,2.272418737E-1,2.364048511E-1,-6.108652335E-3
8.207337669E0,2.321287990E-1,2.357939780E-1,-7.330383174E-3
8.209461323E0,2.376265824E-1,2.278527319E-1,1.221730490E-3
8.211366708E0,2.461786866E-1,2.174680233E-1,5.497787148E-3
8.213365092E0,2.522873580E-1,2.131919712E-1,5.497787148E-3
8.215433592E0,2.663372457E-1,2.009746730E-1,1.221730467E-2
8.217467900E0,2.773328125E-1,1.875356287E-1,1.954768784E-2
8.219536669E0,2.852740586E-1,1.826487035E-1,2.504547499E-2
8.221570977E0,2.987131178E-1,1.679879427E-1,3.115412779E-2
8.223639554E0,3.133738637E-1,1.576032341E-1,4.703662544E-2
8.225720131E0,3.255911767E-1,1.411098689E-1,5.619960278E-2
8.227726361E0,3.353650272E-1,1.337794960E-1,5.925392732E-2
8.229804977E0,3.512475193E-1,1.209513173E-1,7.208210230E-2
8.231710400E0,3.573561609E-1,1.130100712E-1,7.757988572E-2
8.233709669E0,3.726277947E-1,9.651670605E-2,8.857546002E-2
8.235778323E0,3.854559660E-1,7.574728876E-2,1.105666086E-1
8.237812092E0,3.970624208E-1,5.619960278E-2,1.227839142E-1
8.239880361E0,4.074471295E-1,4.459316283E-2,1.288925707E-1
8.241914477E0,4.190535545E-1,1.832595654E-2,1.472185254E-1
8.243982400E0,4.318817258E-1,-7.330383174E-3,1.618792862E-1
8.246064438E0,4.398229718E-1,-2.199114859E-2,1.667662114E-1
8.248022207E0,4.495968223E-1,-5.009094998E-2,1.838704348E-1
8.250022669E0,4.612032473E-1,-7.819075137E-2,1.997529417E-1
8.252091592E0,4.667010605E-1,-9.162978828E-2,2.040289938E-1
8.254125592E0,4.770857692E-1,-1.209513173E-1,2.174680233E-1
8.256194015E0,4.844161272E-1,-1.490511149E-1,2.247984111E-1
8.258228207E0,4.911356568E-1,-1.643227488E-1,2.278527319E-1
8.260252707E0,4.972442985E-1,-1.899790913E-1,2.351831198E-1
8.262251246E0,5.015203953E-1,-2.156354338E-1,2.394591719E-1
8.264319707E0,5.027421117E-1,-2.260201424E-1,2.394591719E-1
8.266401130E0,5.045747161E-1,-2.425135076E-1,2.394591719E-1
8.268425977E0,5.088507533E-1,-2.553416789E-1,2.333505303E-1
8.270393130E0,5.045747161E-1,-2.608394623E-1,2.321287990E-1
8.272461477E0,5.057964325E-1,-2.693915665E-1,2.260201424E-1
8.274494476E0,4.960225821E-1,-2.761110961E-1,2.174680233E-1
8.276563284E0,4.911356568E-1,-2.791654170E-1,2.095267773E-1
8.278597784E0,4.801400900E-1,-2.834414840E-1,1.979203373E-1
8.280665553E0,4.648684561E-1,-2.828305960E-1,1.789835095E-1
8.282698630E0,4.495968223E-1,-2.852740586E-1,1.685988009E-1
8.284766900E0,4.373795092E-1,-2.846632004E-1,1.472185254E-1
8.286848323E0,4.141666293E-1,-2.803871334E-1,1.215621829E-1
8.288829669E0,3.897320330E-1,-2.730567753E-1,8.674286306E-2
8.290954323E0,3.738495409E-1,-2.687807083E-1,7.024950534E-2
8.292858553E0,3.445279896E-1,-2.559525371E-1,3.054326214E-2
8.294857515E0,3.145956099E-1,-2.382374406E-1,-1.038470957E-2
8.296925323E0,2.987131178E-1,-2.266310006E-1,-3.604105115E-2
8.298959899E0,2.620611787E-1,-2.083050460E-1,-8.002334833E-2
8.301027938E0,2.241875380E-1,-1.802052408E-1,-1.270599663E-1
8.303063169E0,2.076941878E-1,-1.606575549E-1,-1.545489132E-1
8.305130553E0,1.692096740E-1,-1.246165112E-1,-1.991420686E-1
8.307211861E0,1.368338168E-1,-7.880161703E-2,-2.443460971E-1
8.309234976E0,1.160643995E-1,-5.436700583E-2,-2.645046413E-1
8.311376823E0,8.491026610E-2,1.221730490E-3,-3.060434759E-1
8.313212246E0,4.886921868E-2,6.719517708E-2,-3.402519524E-1
8.315211361E0,3.604105115E-2,1.032362282E-1,-3.543018401E-1
8.317279476E0,8.552113548E-3,1.783726513E-1,-3.793473244E-1
8.319313707E0,-1.282817032E-2,2.565633953E-1,-3.927863538E-1
8.321382092E0,-2.443460934E-2,2.987131178E-1,-3.970624208E-1
8.323415130E0,-4.153883830E-2,3.799581826E-1,-4.001167417E-1
8.325497899E0,-5.009094998E-2,4.618141353E-1,-3.976732790E-1
8.327563015E0,-5.497787148E-2,5.002986193E-1,-3.940080702E-1
8.329544246E0,-5.925392732E-2,5.772676468E-1,-3.811798990E-1
8.331544169E0,-5.497787148E-2,6.481280327E-1,-3.640756905E-1
8.333612630E0,-5.314527452E-2,6.786713004E-1,-3.530801237E-1
8.335646707E0,-4.642575979E-2,7.360926270E-1,-3.268128932E-1
8.337714476E0,-3.604105115E-2,7.831292152E-1,-3.011565804E-1
8.339747745E0,-2.809980139E-2,8.130616546E-1,-2.681698501E-1
8.341815899E0,-2.260201424E-2,8.258898258E-1,-2.528982162E-1
8.343849399E0,-1.099557430E-2,8.362745047E-1,-2.211332172E-1
8.345918092E0,-5.497787148E-3,8.313875794E-1,-1.887573600E-1
8.347998899E0,-1.221730490E-3,8.252789378E-1,-1.740965992E-1
8.350023553E0,1.832595794E-3,7.996225953E-1,-1.447750628E-1
8.351979053E0,2.443460980E-3,7.586946487E-1,-1.178969890E-1
8.354046322E0,-2.443460980E-3,7.342600226E-1,-1.044579595E-1
8.356080515E0,-7.330383174E-3,6.719517708E-1,-8.002334833E-2
8.358148092E0,-2.015855350E-2,5.955936313E-1,-5.803219974E-2
8.360181822E0,-2.809980139E-2,5.534439087E-1,-5.009094998E-2
8.362250438E0,-4.581489414E-2,4.587597847E-1,-3.848451003E-2
8.364284284E0,-6.597344577E-2,3.555235863E-1,-3.237585723E-2
8.366351668E0,-7.941248268E-2,3.017674387E-1,-2.932153270E-2
8.368433053E0,-1.069014147E-1,1.893682331E-1,-2.871066704E-2
8.370416784E0,-1.404990107E-1,7.513642311E-2,-3.481931984E-2
8.372540015E0,-1.765400618E-1,-3.909537569E-2,-4.398229718E-2
8.374444322E0,-1.924225539E-1,-9.529497474E-2,-5.192354694E-2
8.376443745E0,-2.278527319E-1,-2.070833147E-1,-6.597344577E-2
8.378512322E0,-2.443460971E-1,-2.590068579E-1,-8.002334833E-2
8.380545591E0,-2.785545588E-1,-3.646865487E-1,-1.007927656E-1
8.382613861E0,-3.133738637E-1,-4.599815309E-1,-1.295034289E-1
8.384646784E0,-3.402519524E-1,-5.448917747E-1,-1.631010175E-1
8.386715938E0,-3.567453027E-1,-5.845980644E-1,-1.795943826E-1
8.388797438E0,-3.799581826E-1,-6.536257863E-1,-2.162462920E-1
8.390821591E0,-4.043927789E-1,-7.147123218E-1,-2.522873580E-1
8.392899784E0,-4.129449129E-1,-7.385360599E-1,-2.761110961E-1
8.394804284E0,-4.318817258E-1,-7.788531780E-1,-3.164281845E-1
8.396803284E0,-4.502076805E-1,-8.014551997E-1,-3.573561609E-1
8.398872053E0,-4.581489265E-1,-8.112290502E-1,-3.805690408E-1
8.400906245E0,-4.721988440E-1,-8.161159754E-1,-4.251621962E-1
8.402974976E0,-4.850270152E-1,-8.026769161E-1,-4.685336351E-1
8.405008861E0,-4.905247986E-1,-7.922922373E-1,-4.886921942E-1
8.407077438E0,-4.954117239E-1,-7.605272532E-1,-5.320636034E-1
8.409159399E0,-4.996877611E-1,-7.159340382E-1,-5.699372888E-1
8.411143130E0,-4.984660447E-1,-6.890559793E-1,-5.882632136E-1
8.413143514E0,-4.899139404E-1,-6.188064814E-1,-6.261368990E-1
8.415212207E0,-4.789183438E-1,-5.442809463E-1,-6.572909951E-1
8.417246476E0,-4.697553813E-1,-5.033529401E-1,-6.713408828E-1
8.419314630E0,-4.459316432E-1,-4.166100919E-1,-6.933320761E-1
8.421348014E0,-4.135557711E-1,-3.262020350E-1,-7.122688890E-1
8.423416476E0,-3.952298164E-1,-2.767219543E-1,-7.183775306E-1
8.425450745E0,-3.524692357E-1,-1.753183305E-1,-7.275404930E-1
8.427518322E0,-3.017674387E-1,-7.391469181E-2,-7.305948138E-1
8.429600130E0,-2.455678284E-1,3.054326214E-2,-7.202101350E-1
8.431624399E0,-2.150245607E-1,8.002334833E-2,-7.147123218E-1
8.433580322E0,-1.551597714E-1,1.832595766E-1,-6.914994717E-1
8.435648553E0,-8.979719132E-2,2.797762752E-1,-6.609562039E-1
8.437682476E0,-5.742133409E-2,3.274237812E-1,-6.389650702E-1
8.439751437E0,4.276056774E-3,4.166100919E-1,-5.949827433E-1
8.441784514E0,6.658431143E-2,5.015203953E-1,-5.418374538E-1
8.443852899E0,9.773843735E-2,5.418374538E-1,-5.137376785E-1
8.445886822E0,1.551597714E-1,6.188064814E-1,-4.550946057E-1
8.447954937E0,2.089159191E-1,6.860016584E-1,-3.976732790E-1
8.450036476E0,2.370157093E-1,7.202101350E-1,-3.652974069E-1
8.452018207E0,2.901609838E-1,7.782423496E-1,-3.097086847E-1
8.454141668E0,3.384193480E-1,8.271115422E-1,-2.632829249E-1
8.456047053E0,3.616322279E-1,8.503243923E-1,-2.339613885E-1
8.458046514E0,4.098905921E-1,8.845328689E-1,-1.930334121E-1
8.460115976E0,4.550946057E-1,9.065240026E-1,-1.539380401E-1
8.462150360E0,4.770857692E-1,9.132435322E-1,-1.343903542E-1
8.464219591E0,5.235115290E-1,9.242390990E-1,-1.032362282E-1
8.466253976E0,5.687155724E-1,9.217956662E-1,-8.002334833E-2
8.468323130E0,5.907067060E-1,9.199630618E-1,-6.780604273E-2
8.470405207E0,6.316346526E-1,9.022479653E-1,-5.009094998E-2
8.472429360E0,6.688974500E-1,8.729264140E-1,-3.604105115E-2
8.474570591E0,7.037167549E-1,8.338310719E-1,-2.260201424E-2
8.476406514E0,7.183775306E-1,8.087855577E-1,-1.710422710E-2
8.478405437E0,7.440338731E-1,7.562511563E-1,-1.527163107E-2
8.480473706E0,7.629706860E-1,6.933320761E-1,-6.719517522E-3
8.482508091E0,7.727445364E-1,6.621779203E-1,-7.330383174E-3
8.484576053E0,7.788531780E-1,5.894849896E-1,-7.330383174E-3
8.486609860E0,7.776314616E-1,5.100724697E-1,-6.719517522E-3
8.488679053E0,7.751879692E-1,4.703662395E-1,-9.162978269E-3
8.490761053E0,7.635815740E-1,3.903428912E-1,-1.221730467E-2
8.492743130E0,7.446447611E-1,3.066543639E-1,-1.099557430E-2
8.494743206E0,7.324274182E-1,2.651155293E-1,-1.771509275E-2
8.496812245E0,7.067710757E-1,1.875356287E-1,-2.871066704E-2
8.498846360E0,6.731734872E-1,1.123992056E-1,-3.054326214E-2
8.500915245E0,6.566801667E-1,7.452555746E-2,-3.298672289E-2
8.502949129E0,6.151412725E-1,7.330383174E-3,-4.581489414E-2
8.504974206E0,5.736024380E-1,-5.497787148E-2,-5.009094998E-2
8.506972937E0,5.497786999E-1,-8.429940045E-2,-5.436700583E-2
8.509041206E0,5.021312237E-1,-1.356120855E-1,-6.352998316E-2
8.511122976E0,4.520402849E-1,-1.789835095E-1,-6.902777404E-2
8.513147168E0,4.263839424E-1,-1.960877478E-1,-7.208210230E-2
8.515106014E0,3.762930036E-1,-2.284636050E-1,-7.757988572E-2
8.517174091E0,3.213151097E-1,-2.528982162E-1,-8.124507964E-2
8.519208976E0,2.950479090E-1,-2.632829249E-1,-8.185594529E-2
8.521277822E0,2.412917763E-1,-2.755002379E-1,-8.796459436E-2
8.523312168E0,1.924225539E-1,-2.773328125E-1,-9.224065393E-2
8.525381476E0,1.429424733E-1,-2.755002379E-1,-9.834930301E-2
8.527415437E0,1.185078546E-1,-2.718350291E-1,-9.896016866E-2
8.529484283E0,7.086037099E-2,-2.645046413E-1,-1.001819000E-1
8.531566168E0,2.443460934E-2,-2.516764700E-1,-1.032362282E-1
8.533550052E0,3.054326167E-3,-2.486221492E-1,-1.007927656E-1
8.535673552E0,-4.092797264E-2,-2.309070677E-1,-9.834930301E-2
8.537578745E0,-8.307767659E-2,-2.113593817E-1,-9.224065393E-2
8.539578745E0,-1.026253626E-1,-2.028072625E-1,-9.224065393E-2
8.541647937E0,-1.423316002E-1,-1.771509200E-1,-8.613199741E-2
8.543681514E0,-1.832595766E-1,-1.527163088E-1,-7.757988572E-2
8.545750745E0,-2.021963894E-1,-1.429424733E-1,-7.147123665E-2
8.547785399E0,-2.412917763E-1,-1.160643995E-1,-5.925392732E-2
8.549853975E0,-2.809980214E-1,-9.101892263E-2,-5.192354694E-2
8.551935822E0,-3.036000133E-1,-8.002334833E-2,-4.459316283E-2
8.553934091E0,-3.420845270E-1,-5.742133409E-2,-3.115412779E-2
8.556013206E0,-3.836233616E-1,-4.214970022E-2,-1.710422710E-2
8.557917552E0,-4.062253833E-1,-3.176499158E-2,-9.773843922E-3
8.559917168E0,-4.508185387E-1,-1.954768784E-2,7.330383174E-3
8.561985783E0,-4.960225821E-1,-7.941247895E-3,2.809980139E-2
8.564019091E0,-5.192354321E-1,-4.886921961E-3,3.543018550E-2
8.566088552E0,-5.644394755E-1,-6.108652451E-4,5.742133409E-2
8.568122322E0,-6.133087277E-1,-1.221730490E-3,7.696902007E-2
8.570191014E0,-6.389650702E-1,1.221730490E-3,9.101892263E-2
8.572272052E0,-6.878342628E-1,3.054326167E-3,1.093448773E-1
8.574223360E0,-7.409795523E-1,3.665191587E-3,1.307251602E-1
8.576255937E0,-7.672467232E-1,1.832595794E-3,1.417207420E-1
8.578323783E0,-8.185594082E-1,3.665191587E-3,1.594358236E-1
8.580357821E0,-8.729264140E-1,3.665191587E-3,1.802052408E-1
8.582426591E0,-9.291260242E-1,8.552113548E-3,1.979203373E-1
8.584460129E0,-9.566149712E-1,4.886921961E-3,2.095267773E-1
8.586528514E0,-1.009149432E0,1.099557430E-2,2.302961946E-1
8.588562706E0,-1.061683774E0,1.710422710E-2,2.504547536E-1
8.590631591E0,-1.085507512E0,2.199114859E-2,2.620611787E-1
8.592713783E0,-1.133765936E0,3.726277873E-2,2.803871334E-1
8.594738091E0,-1.180802464E0,5.681046844E-2,3.005456924E-1
8.596694937E0,-1.203404546E0,7.086037099E-2,3.078760803E-1
8.598764014E0,-1.244943380E0,1.044579595E-1,3.268128932E-1
8.600798014E0,-1.287703991E0,1.441642046E-1,3.451388776E-1
8.602866052E0,-1.305419087E0,1.673770845E-1,3.518583775E-1
8.604899975E0,-1.342070937E0,2.156354338E-1,3.714060783E-1
8.606968475E0,-1.376279354E0,2.669481039E-1,3.909537494E-1
8.609001937E0,-1.391551018E0,2.944370508E-1,3.988949955E-1
8.611070552E0,-1.419650793E0,3.494149148E-1,4.141666293E-1
8.613152014E0,-1.445307136E0,4.050036669E-1,4.355469346E-1
8.615135283E0,-1.453859329E0,4.355469346E-1,4.392121136E-1
8.617258206E0,-1.478293896E0,4.929682612E-1,4.557054639E-1
8.619163129E0,-1.496008992E0,5.497786999E-1,4.721988440E-1
8.621162321E0,-1.502117634E0,5.778785348E-1,4.776966274E-1
8.623230321E0,-1.518610954E0,6.340781450E-1,4.874704778E-1
8.625264706E0,-1.527163148E0,6.835582256E-1,4.972442985E-1
8.627333629E0,-1.538158655E0,7.312057018E-1,5.027421117E-1
8.629368167E0,-1.541823864E0,7.513642311E-1,5.039638281E-1
8.631436744E0,-1.543656468E0,7.825183868E-1,5.070181489E-1
8.633518475E0,-1.543656468E0,8.063421249E-1,5.021312237E-1
8.635542052E0,-1.544878244E0,8.118399382E-1,5.027421117E-1
8.637685206E0,-1.538769603E0,8.210029006E-1,4.978551865E-1
8.639520514E0,-1.530828357E0,8.173376918E-1,4.874704778E-1
8.641520129E0,-1.527163148E0,8.118399382E-1,4.856378734E-1
8.643589514E0,-1.516167521E0,7.990117669E-1,4.752531648E-1
8.645623667E0,-1.503339410E0,7.806857824E-1,4.642575979E-1
8.647692437E0,-1.497230768E0,7.696902156E-1,4.605923891E-1
8.649727014E0,-1.478904724E0,7.470881939E-1,4.459316432E-1
8.651796167E0,-1.458746195E0,7.232644558E-1,4.343251884E-1
8.653877975E0,-1.450804949E0,7.122688890E-1,4.331034720E-1
8.655831129E0,-1.428813815E0,6.872233748E-1,4.178318381E-1
8.657831860E0,-1.401324868E0,6.603453159E-1,4.043927789E-1
8.659900860E0,-1.387274981E0,6.456845403E-1,3.988949955E-1
8.661934975E0,-1.359175205E0,6.120869517E-1,3.848451078E-1
8.664003437E0,-1.327410221E0,5.723807216E-1,3.726277947E-1
8.666037783E0,-1.312138557E0,5.546656251E-1,3.683517575E-1
8.668107013E0,-1.276708364E0,5.106833577E-1,3.579670191E-1
8.670140821E0,-1.241889000E0,4.636467099E-1,3.488040566E-1
8.672209513E0,-1.200961113E0,4.166100919E-1,3.384193480E-1
8.674291052E0,-1.183856845E0,3.909537494E-1,3.341432810E-1
8.676321975E0,-1.145372391E0,3.359758854E-1,3.262020350E-1
8.678277475E0,-1.104444385E0,2.840523422E-1,3.207042515E-1
8.680346360E0,-1.084896684E0,2.590068579E-1,3.164281845E-1
8.682380783E0,-1.043357849E0,2.113593817E-1,3.048217595E-1
8.684449475E0,-1.004262447E0,1.631010175E-1,2.950479090E-1
8.686484360E0,-9.828822017E-1,1.404990107E-1,2.907718420E-1
8.688552706E0,-9.462302923E-1,1.001819000E-1,2.809980214E-1
8.690586590E0,-9.077457786E-1,5.742133409E-2,2.669481039E-1
8.692654167E0,-8.906415105E-1,3.604105115E-2,2.590068579E-1
8.694735129E0,-8.533787727E-1,-8.552113548E-3,2.486221492E-1
8.696687321E0,-8.222246170E-1,-5.253441259E-2,2.321287990E-1
8.698811283E0,-8.057312369E-1,-7.269296050E-2,2.260201424E-1
8.700716167E0,-7.727445364E-1,-1.142318025E-1,2.138028294E-1
8.702715359E0,-7.440338731E-1,-1.527163088E-1,1.997529417E-1
8.704784283E0,-7.305948138E-1,-1.747074574E-1,1.936442852E-1
8.706818667E0,-7.000515461E-1,-2.119702399E-1,1.802052408E-1
8.708886936E0,-6.737843752E-1,-2.498438805E-1,1.685988009E-1
8.710920706E0,-6.658431292E-1,-2.687807083E-1,1.606575549E-1
8.712988744E0,-6.401867867E-1,-3.029891551E-1,1.496619880E-1
8.715070821E0,-6.236934066E-1,-3.371976018E-1,1.350012124E-1
8.717069436E0,-6.041457057E-1,-3.652974069E-1,1.252273768E-1
8.719149629E0,-5.949827433E-1,-3.762930036E-1,1.203404516E-1
8.721054129E0,-5.827654600E-1,-3.982841372E-1,1.123992056E-1
8.723053821E0,-5.791002512E-1,-4.068362415E-1,1.038470939E-1
8.725121706E0,-5.711590052E-1,-4.159992337E-1,9.224065393E-2
8.727155667E0,-5.644394755E-1,-4.239404798E-1,8.124507964E-2
8.729224436E0,-5.626068711E-1,-4.269948006E-1,7.391469181E-2
8.731258475E0,-5.589417219E-1,-4.233296216E-1,6.841690838E-2
8.733342321E0,-5.607742667E-1,-4.184426963E-1,6.291911751E-2
8.735408782E0,-5.613851547E-1,-4.092797041E-1,5.436700583E-2
8.737360936E0,-5.626068711E-1,-4.019493461E-1,5.070181563E-2
8.739361205E0,-5.644394755E-1,-3.848451078E-1,4.581489414E-2
8.741430205E0,-5.699372888E-1,-3.665191531E-1,4.459316283E-2
8.743463744E0,-5.705481172E-1,-3.549126983E-1,4.092797264E-2
8.745532898E0,-5.791002512E-1,-3.292563558E-1,4.092797264E-2
8.747565744E0,-5.888741016E-1,-2.974913716E-1,4.092797264E-2
8.749590205E0,-5.925393105E-1,-2.791654170E-1,4.092797264E-2
8.751589129E0,-6.035348773E-1,-2.406809032E-1,4.337143153E-2
8.753657052E0,-6.169738770E-1,-1.948660165E-1,4.703662544E-2
8.755738205E0,-6.249151230E-1,-1.698205322E-1,4.764748737E-2
8.757768052E0,-6.377432942E-1,-1.227839142E-1,5.619960278E-2
8.759726090E0,-6.542366743E-1,-7.574728876E-2,6.230825558E-2
8.761794398E0,-6.627888083E-1,-5.619960278E-2,6.841690838E-2
8.763828359E0,-6.792821288E-1,-1.832595654E-2,7.696902007E-2
8.765896667E0,-6.969972253E-1,1.466076635E-2,8.246681094E-2
8.767931128E0,-7.104362845E-1,3.054326214E-2,8.674286306E-2
8.769999398E0,-7.250970602E-1,6.230825558E-2,8.796459436E-2
8.772034013E0,-7.470881939E-1,9.590584040E-2,9.529497474E-2
8.774102821E0,-7.684684992E-1,1.301143020E-1,9.468411654E-2
8.776184744E0,-7.800748944E-1,1.453859210E-1,1.001819000E-1
8.778136667E0,-8.026769161E-1,1.802052408E-1,1.014036313E-1
8.780259744E0,-8.246681094E-1,2.144137025E-1,1.020144969E-1
8.782165936E0,-8.338310719E-1,2.321287990E-1,1.001819000E-1
8.784164475E0,-8.582656980E-1,2.632829249E-1,9.712757170E-2
8.786233628E0,-8.808676600E-1,2.913827300E-1,9.651670605E-2
8.788268128E0,-8.936958313E-1,3.066543639E-1,9.590584040E-2
8.790337551E0,-9.175195694E-1,3.304781020E-1,8.979719132E-2
8.792371551E0,-9.425650835E-1,3.555235863E-1,8.002334833E-2
8.794440590E0,-9.535606503E-1,3.671300113E-1,7.941248268E-2
8.796521782E0,-9.767735004E-1,3.848451078E-1,6.780604273E-2
8.798527051E0,-9.981538057E-1,3.976732790E-1,5.681046844E-2
8.800669398E0,-1.009760261E0,4.056145251E-1,5.253441259E-2
8.802504436E0,-1.031751394E0,4.147774875E-1,3.787364438E-2
8.804504705E0,-1.055575132E0,4.190535545E-1,2.565634064E-2
8.806573974E0,-1.063516378E0,4.202753007E-1,1.771509275E-2
8.808608398E0,-1.083674908E0,4.190535545E-1,6.108652451E-4
8.810677167E0,-1.100168347E0,4.196644127E-1,-1.282817032E-2
8.812711936E0,-1.109942198E0,4.202753007E-1,-2.199114859E-2
8.814779936E0,-1.125213742E0,4.098905921E-1,-4.031710699E-2
8.816861051E0,-1.139874578E0,4.068362415E-1,-5.619960278E-2
8.818819128E0,-1.145372391E0,4.019493461E-1,-6.536258012E-2
8.820819436E0,-1.156978726E0,3.970624208E-1,-8.246681094E-2
8.822888359E0,-1.164919972E0,3.872885704E-1,-1.038470939E-1
8.824922090E0,-1.169806957E0,3.842342496E-1,-1.093448773E-1
8.826991013E0,-1.172250390E0,3.769038618E-1,-1.313360333E-1
8.829025128E0,-1.171639562E0,3.720169365E-1,-1.429424733E-1
8.831093897E0,-1.171639562E0,3.695734739E-1,-1.514945775E-1
8.833128744E0,-1.164919972E0,3.659082949E-1,-1.667662114E-1
8.835198397E0,-1.158200502E0,3.628539443E-1,-1.765400618E-1
8.837279974E0,-1.145983219E0,3.640756905E-1,-1.881465018E-1
8.839278820E0,-1.140485406E0,3.610213697E-1,-1.918116808E-1
8.841234936E0,-1.127046347E0,3.597996235E-1,-1.973094791E-1
8.843302667E0,-1.113607287E0,3.585779071E-1,-2.034181207E-1
8.845336590E0,-1.108109593E0,3.543018401E-1,-2.070833147E-1
8.847405167E0,-1.092227101E0,3.512475193E-1,-2.083050460E-1
8.849438628E0,-1.076955438E0,3.463605940E-1,-2.156354338E-1
8.851507244E0,-1.070235968E0,3.433062732E-1,-2.131919712E-1
8.853541436E0,-1.056185961E0,3.335324228E-1,-2.162462920E-1
8.855609859E0,-1.042136073E0,3.280346394E-1,-2.199114859E-1
8.857691590E0,-1.039692640E0,3.237585723E-1,-2.131919712E-1
8.859643436E0,-1.025642753E0,3.194825351E-1,-2.138028294E-1
8.861767243E0,-1.012814522E0,3.145956099E-1,-2.125810981E-1
8.863672513E0,-1.004262447E0,3.139847219E-1,-2.119702399E-1
8.865671474E0,-9.920451641E-1,3.115412891E-1,-2.083050460E-1
8.867739897E0,-9.773843884E-1,3.042109013E-1,-2.040289938E-1
8.869773551E0,-9.718865752E-1,3.036000133E-1,-2.015855312E-1
8.871842551E0,-9.572258592E-1,2.974913716E-1,-1.973094791E-1
8.873876243E0,-9.407324791E-1,2.926044464E-1,-1.954768747E-1
8.875944859E0,-9.315695167E-1,2.871066630E-1,-1.930334121E-1
8.878025936E0,-9.077457786E-1,2.773328125E-1,-1.918116808E-1
8.880049205E0,-8.888089061E-1,2.657263875E-1,-1.826487035E-1
8.882128051E0,-8.631525636E-1,2.565633953E-1,-1.728748679E-1
8.884032666E0,-8.503243923E-1,2.522873580E-1,-1.710422635E-1
8.886031974E0,-8.252789378E-1,2.406809032E-1,-1.606575549E-1
8.888100513E0,-8.081747293E-1,2.345722616E-1,-1.557706445E-1
8.890134628E0,-7.745771408E-1,2.241875380E-1,-1.423316002E-1
8.892203359E0,-7.422012687E-1,2.144137025E-1,-1.276708394E-1
8.894236820E0,-7.037167549E-1,2.046398520E-1,-1.044579595E-1
8.896305013E0,-6.872233748E-1,1.997529417E-1,-9.407325089E-2
8.898385782E0,-6.469063163E-1,1.948660165E-1,-7.024950534E-2
8.900368820E0,-6.035348773E-1,1.912008226E-1,-3.848451003E-2
8.902368243E0,-5.845980644E-1,1.899790913E-1,-2.260201424E-2
8.904436743E0,-5.369505286E-1,1.912008226E-1,1.160643995E-2
8.906470628E0,-4.941899776E-1,1.924225539E-1,5.070181563E-2
8.908539782E0,-4.679227769E-1,1.954768747E-1,7.086037099E-2
8.910573936E0,-4.214970171E-1,2.052507252E-1,1.142318025E-1
8.912642359E0,-3.781255782E-1,2.217440903E-1,1.600466967E-1
8.914676743E0,-3.573561609E-1,2.315179259E-1,1.814269722E-1
8.916745474E0,-3.139847219E-1,2.596177161E-1,2.254092693E-1
8.918827128E0,-2.724458873E-1,2.956587672E-1,2.681698501E-1
8.920851012E0,-2.541199327E-1,3.176499307E-1,2.901609838E-1
8.922823705E0,-2.186897546E-1,3.659082949E-1,3.268128932E-1
8.924892628E0,-1.826487035E-1,4.221078753E-1,3.579670191E-1
8.926926666E0,-1.655444801E-1,4.502076805E-1,3.714060783E-1
8.928995128E0,-1.374446750E-1,5.112941861E-1,3.970624208E-1
8.931028551E0,-1.087340117E-1,5.705481172E-1,4.251621962E-1
8.933096974E0,-8.674286306E-2,6.298020482E-1,4.367686510E-1
8.935130897E0,-7.696902007E-2,6.585127115E-1,4.440990388E-1
8.937199320E0,-5.742133409E-2,7.134906054E-1,4.538728893E-1
8.939280282E0,-4.337143153E-2,7.635815740E-1,4.557054639E-1
8.941260474E0,-4.031710699E-2,7.880161405E-1,4.563163519E-1
8.943384435E0,-3.481931984E-2,8.246681094E-1,4.605923891E-1
8.945289935E0,-3.054326214E-2,8.576548100E-1,4.447098970E-1
8.947288589E0,-3.176499158E-2,8.723155856E-1,4.447098970E-1
8.949357205E0,-3.665191308E-2,8.924741149E-1,4.392121136E-1
8.951391359E0,-4.825835302E-2,9.040805697E-1,4.159992337E-1
8.953460320E0,-5.925392732E-2,9.010262489E-1,4.123340547E-1
8.955493628E0,-7.757988572E-2,8.985827565E-1,3.946189582E-1
8.957561628E0,-1.001819000E-1,8.869763613E-1,3.677408695E-1
8.959642858E0,-1.142318025E-1,8.796459436E-1,3.543018401E-1
8.961672858E0,-1.453859210E-1,8.503243923E-1,3.298672438E-1
8.963816128E0,-1.753183305E-1,8.142833710E-1,2.968805134E-1
8.965651935E0,-1.924225539E-1,7.941248417E-1,2.809980214E-1
8.967650858E0,-2.254092693E-1,7.434229851E-1,2.467895597E-1
8.969719589E0,-2.590068579E-1,6.823364496E-1,2.095267773E-1
8.971753205E0,-2.767219543E-1,6.493497491E-1,1.942551434E-1
8.973821858E0,-3.072652221E-1,5.723807216E-1,1.588249654E-1
8.975855974E0,-3.341432810E-1,4.844161272E-1,1.215621829E-1
8.977924512E0,-3.573561609E-1,3.866777122E-1,1.081231460E-1
8.980006320E0,-3.720169365E-1,3.359758854E-1,8.491026610E-2
8.981987474E0,-3.921754956E-1,2.278527319E-1,6.291911751E-2
8.983987474E0,-4.135557711E-1,1.722639948E-1,5.925392732E-2
8.986055397E0,-4.214970171E-1,5.986479297E-2,5.436700583E-2
8.988088705E0,-4.367686510E-1,-5.314527452E-2,5.619960278E-2
8.990156897E0,-4.514294267E-1,-1.631010175E-1,7.147123665E-2
8.992190820E0,-4.557054639E-1,-2.144137025E-1,8.002334833E-2
8.994215205E0,-4.691445231E-1,-3.145956099E-1,1.038470939E-1
8.996214012E0,-4.819726646E-1,-4.031710625E-1,1.417207420E-1
8.998282397E0,-4.850270152E-1,-4.422664344E-1,1.643227488E-1
9.000363358E0,-4.954117239E-1,-5.112941861E-1,2.052507252E-1
9.002387743E0,-5.094616413E-1,-5.656611919E-1,2.651155293E-1
9.004345666E0,-5.131267905E-1,-5.852088928E-1,2.950479090E-1
9.006414089E0,-5.235115290E-1,-6.120869517E-1,3.512475193E-1
9.008447166E0,-5.314527750E-1,-6.194173694E-1,4.178318381E-1
9.010515897E0,-5.326744914E-1,-6.194173694E-1,4.502076805E-1
9.012549628E0,-5.369505286E-1,-6.059783101E-1,5.149593949E-1
9.014617743E0,-5.357288122E-1,-5.803219676E-1,5.852088928E-1
9.016652358E0,-5.393940210E-1,-5.619960427E-1,6.194173694E-1
9.018721320E0,-5.320636034E-1,-5.112941861E-1,6.811147332E-1
9.020803243E0,-5.277875662E-1,-4.471533597E-1,7.476990819E-1
9.022785243E0,-5.235115290E-1,-4.111123085E-1,7.825183868E-1
9.024908281E0,-5.143485069E-1,-3.280346394E-1,8.436049223E-1
9.026813435E0,-5.057964325E-1,-2.382374406E-1,9.034696817E-1
9.028812435E0,-5.009095073E-1,-1.899790913E-1,9.303477407E-1
9.030881820E0,-4.941899776E-1,-8.979719132E-2,9.779952765E-1
9.032915551E0,-4.923573732E-1,2.015855350E-2,1.021977544E0
9.034984012E0,-4.960225821E-1,1.325577646E-1,1.053131700E0
9.037018012E0,-4.978551865E-1,1.918116808E-1,1.064127207E0
9.039087012E0,-5.112941861E-1,3.133738637E-1,1.080009699E0
9.041167974E0,-5.283984542E-1,4.410447180E-1,1.084285855E0
9.043192166E0,-5.393940210E-1,5.045747161E-1,1.082453251E0
9.045271397E0,-5.681046844E-1,6.304129362E-1,1.068403363E0
9.047176743E0,-6.035348773E-1,7.519751191E-1,1.039692640E0
9.049175743E0,-6.249151230E-1,8.130616546E-1,1.020755768E0
9.051243820E0,-6.658431292E-1,9.230173826E-1,9.731083512E-1
9.053278050E0,-7.128797174E-1,1.020755768E0,9.101892114E-1
9.055347435E0,-7.385360599E-1,1.066570759E0,8.772025108E-1
9.057381897E0,-7.874053121E-1,1.149648428E0,8.002334833E-1
9.059451012E0,-8.405506015E-1,1.221730471E0,7.104362845E-1
9.061533358E0,-8.662069440E-1,1.249830246E0,6.682865620E-1
9.063516858E0,-9.199630618E-1,1.294423461E0,5.729916096E-1
9.065517897E0,-9.761626720E-1,1.322523236E0,4.746423066E-1
9.067586973E0,-9.999864101E-1,1.331075311E0,4.294382632E-1
9.069621858E0,-1.056185961E0,1.337184072E0,3.329215646E-1
9.071690820E0,-1.109942198E0,1.328631878E0,2.333505303E-1
9.073724820E0,-1.136209369E0,1.315803766E0,1.887573600E-1
9.075793397E0,-1.189965487E0,1.284038782E0,1.020144969E-1
9.077828050E0,-1.244332552E0,1.238223910E0,1.771509275E-2
9.079896050E0,-1.301142931E0,1.182024240E0,-6.169738993E-2
9.081978204E0,-1.328021049E0,1.148426652E0,-9.651670605E-2
9.084002973E0,-1.384831548E0,1.070846796E0,-1.649336219E-1
9.085959973E0,-1.441031098E0,9.853256345E-1,-2.235766798E-1
9.088028781E0,-1.467298269E0,9.370672703E-1,-2.522873580E-1
9.090063589E0,-1.518000126E0,8.368853927E-1,-3.029891551E-1
9.092132243E0,-1.569923639E0,7.269296646E-1,-3.396410644E-1
9.094166550E0,-1.591303945E0,6.707300544E-1,-3.573561609E-1
9.096235166E0,-1.632842779E0,5.546656251E-1,-3.921754956E-1
9.098269512E0,-1.663996935E0,4.331034720E-1,-4.129449129E-1
9.100338589E0,-1.680490255E0,3.714060783E-1,-4.196644127E-1
9.102420396E0,-1.699427128E0,2.474004179E-1,-4.355469346E-1
9.104404627E0,-1.715309620E0,1.240056455E-1,-4.392121136E-1
9.106529050E0,-1.720196486E0,6.658431143E-2,-4.416555762E-1
9.108434666E0,-1.722640038E0,-4.642575979E-2,-4.465425014E-1
9.110434089E0,-1.715920448E0,-1.514945775E-1,-4.367686510E-1
9.112502204E0,-1.711644411E0,-2.003637999E-1,-4.300491214E-1
9.114536589E0,-1.697594523E0,-2.895501256E-1,-4.239404798E-1
9.116605396E0,-1.675603390E0,-3.738495409E-1,-4.019493461E-1
9.118639050E0,-1.664607763E0,-4.105014503E-1,-3.903428912E-1
9.120707742E0,-1.635897160E0,-4.764748812E-1,-3.738495409E-1
9.122788781E0,-1.603521228E0,-5.296201706E-1,-3.457497358E-1
9.124812204E0,-1.561982393E0,-5.705481172E-1,-3.194825351E-1
9.126954666E0,-1.543045640E0,-5.870414972E-1,-3.066543639E-1
9.128790896E0,-1.496619821E0,-6.157521605E-1,-2.724458873E-1
9.130790396E0,-1.470352650E0,-6.249151230E-1,-2.614503205E-1
9.132858319E0,-1.419039965E0,-6.401867867E-1,-2.309070677E-1
9.134892319E0,-1.362840414E0,-6.542366743E-1,-2.064724565E-1
9.136960512E0,-1.306029916E0,-6.554583907E-1,-1.838704348E-1
9.138994819E0,-1.277930140E0,-6.542366743E-1,-1.710422635E-1
9.141078050E0,-1.218065262E0,-6.450737119E-1,-1.502728462E-1
9.143145127E0,-1.156367898E0,-6.279694438E-1,-1.374446750E-1
9.145128358E0,-1.122770309E0,-6.151412725E-1,-1.331686229E-1
9.147128281E0,-1.063516378E0,-5.852088928E-1,-1.178969890E-1
9.149196435E0,-1.001208186E0,-5.497786999E-1,-1.123992056E-1
9.151230127E0,-9.718865752E-1,-5.296201706E-1,-1.099557430E-1
9.153298550E0,-9.126327038E-1,-4.862487316E-1,-1.044579595E-1
9.155332396E0,-8.576548100E-1,-4.337143302E-1,-1.044579595E-1
9.157400435E0,-8.301658630E-1,-4.068362415E-1,-1.032362282E-1
9.159434396E0,-7.782423496E-1,-3.512475193E-1,-9.651670605E-2
9.161502973E0,-7.244861722E-1,-2.901609838E-1,-1.020144969E-1
9.163584935E0,-6.713408828E-1,-2.278527319E-1,-1.056796908E-1
9.165609858E0,-6.481280327E-1,-1.979203373E-1,-1.020144969E-1
9.167566242E0,-6.004805565E-1,-1.404990107E-1,-1.136209369E-1
9.169634704E0,-5.534439087E-1,-8.063421398E-2,-1.209513173E-1
9.171668704E0,-5.296201706E-1,-5.192354694E-2,-1.240056455E-1
9.173737165E0,-4.819726646E-1,3.054326167E-3,-1.362229437E-1
9.175770473E0,-4.355469346E-1,5.131268129E-2,-1.472185254E-1
9.177838858E0,-4.105014503E-1,7.452555746E-2,-1.551597714E-1
9.179872858E0,-3.628539443E-1,1.172861308E-1,-1.685988009E-1
9.181941319E0,-3.115412891E-1,1.502728462E-1,-1.863138974E-1
9.184023204E0,-2.871066630E-1,1.618792862E-1,-1.930334121E-1
9.186005358E0,-2.321287990E-1,1.808161139E-1,-2.113593817E-1
9.188128011E0,-1.783726513E-1,1.930334121E-1,-2.296853364E-1
9.190033127E0,-1.527163088E-1,1.973094791E-1,-2.345722616E-1
9.192032858E0,-1.001819000E-1,1.985312104E-1,-2.571742535E-1
9.194102319E0,-4.642575979E-2,1.973094791E-1,-2.767219543E-1
9.196135665E0,-2.199114859E-2,1.948660165E-1,-2.877175212E-1
9.198203704E0,2.565634064E-2,1.875356287E-1,-3.103195429E-1
9.200237627E0,7.635815442E-2,1.722639948E-1,-3.353650272E-1
9.202307165E0,1.026253626E-1,1.631010175E-1,-3.475823104E-1
9.204388473E0,1.521054506E-1,1.429424733E-1,-3.726277947E-1
9.206420011E0,2.028072625E-1,1.233947799E-1,-3.995058835E-1
9.208498627E0,2.510656118E-1,1.075122803E-1,-4.294382632E-1
9.210403088E0,2.785545588E-1,9.773843735E-2,-4.465425014E-1
9.212402434E0,3.255911767E-1,8.307767659E-2,-4.801400900E-1
9.214471434E0,3.451388776E-1,7.452555746E-2,-4.954117239E-1
9.216506165E0,3.897320330E-1,5.803219974E-2,-5.357288122E-1
9.218575127E0,4.294382632E-1,4.276056588E-2,-5.711590052E-1
9.220609165E0,4.605923891E-1,2.504547499E-2,-6.126978397E-1
9.222677704E0,4.758640230E-1,1.160643995E-2,-6.279694438E-1
9.224759819E0,4.972442985E-1,-9.162978269E-3,-6.591235995E-1
9.226744050E0,5.229006410E-1,-2.993239649E-2,-6.921103001E-1
9.228745050E0,5.277875662E-1,-4.153883830E-2,-7.000515461E-1
9.230813665E0,5.436700583E-1,-6.291911751E-2,-7.244861722E-1
9.232847011E0,5.491678715E-1,-8.368854225E-2,-7.379252315E-1
9.234916973E0,5.528330207E-1,-9.346238524E-2,-7.452555895E-1
9.236951165E0,5.510004759E-1,-1.136209369E-1,-7.525860071E-1
9.238976281E0,5.503895879E-1,-1.319468915E-1,-7.531968355E-1
9.240974588E0,5.485569835E-1,-1.392772794E-1,-7.507534027E-1
9.243043896E0,5.393940210E-1,-1.594358236E-1,-7.464773059E-1
9.245125434E0,5.283984542E-1,-1.783726513E-1,-7.415903807E-1
9.247150588E0,5.235115290E-1,-1.899790913E-1,-7.360926270E-1
9.249109011E0,5.064072609E-1,-2.119702399E-1,-7.220427394E-1
9.251177819E0,4.899139404E-1,-2.376265824E-1,-7.104362845E-1
9.253212742E0,4.807509482E-1,-2.510656118E-1,-7.024950385E-1
9.255281704E0,4.593706727E-1,-2.755002379E-1,-6.866125464E-1
9.257315896E0,4.398229718E-1,-3.011565804E-1,-6.682865620E-1
9.259384973E0,4.263839424E-1,-3.158173263E-1,-6.524040699E-1
9.261420165E0,4.050036669E-1,-3.433062732E-1,-6.371324658E-1
9.263488973E0,3.824016452E-1,-3.732386529E-1,-6.145304441E-1
9.265570934E0,3.579670191E-1,-4.001167417E-1,-5.925393105E-1
9.267554396E0,3.451388776E-1,-4.147774875E-1,-5.815436840E-1
9.269678088E0,3.219259977E-1,-4.422664344E-1,-5.534439087E-1
9.271583434E0,2.938261926E-1,-4.660901725E-1,-5.235115290E-1
9.273583011E0,2.785545588E-1,-4.770857692E-1,-5.070181489E-1
9.275652588E0,2.510656118E-1,-4.984660447E-1,-4.764748812E-1
9.277686357E0,2.247984111E-1,-5.180137157E-1,-4.477642179E-1
9.279755780E0,2.107485086E-1,-5.271766782E-1,-4.306600094E-1
9.281790665E0,1.850921661E-1,-5.412266254E-1,-3.964515328E-1
9.283859396E0,1.551597714E-1,-5.510004759E-1,-3.604104817E-1
9.285940896E0,1.435533315E-1,-5.522221923E-1,-3.451388776E-1
9.287971588E0,1.130100712E-1,-5.546656251E-1,-3.072652221E-1
9.290114011E0,8.674286306E-2,-5.503895879E-1,-2.681698501E-1
9.291949857E0,7.208210230E-2,-5.448917747E-1,-2.492330223E-1
9.293949934E0,4.459316283E-2,-5.290092826E-1,-2.138028294E-1
9.296018857E0,1.771509275E-2,-5.064072609E-1,-1.759291887E-1
9.298053357E0,6.108652451E-4,-4.929682612E-1,-1.588249654E-1
9.300123050E0,-2.382374369E-2,-4.599815309E-1,-1.276708394E-1
9.302157242E0,-5.192354694E-2,-4.257730842E-1,-8.979719132E-2
9.304227203E0,-6.536258012E-2,-4.080579877E-1,-7.819075137E-2
9.306309319E0,-9.040805697E-2,-3.701843321E-1,-5.070181563E-2
9.308262011E0,-1.148426682E-1,-3.310889602E-1,-1.893682219E-2
9.310263242E0,-1.264491081E-1,-3.109304011E-1,-6.719517522E-3
9.312332742E0,-1.466076523E-1,-2.718350291E-1,1.527163107E-2
9.314367319E0,-1.637118906E-1,-2.321287990E-1,3.604105115E-2
9.316436934E0,-1.844813079E-1,-1.960877478E-1,4.520402849E-2
9.318471088E0,-1.893682331E-1,-1.765400618E-1,5.925392732E-2
9.320540434E0,-2.021963894E-1,-1.417207420E-1,7.635815442E-2
9.322574819E0,-2.156354338E-1,-1.075122803E-1,8.918632567E-2
9.324643165E0,-2.186897546E-1,-9.101892263E-2,9.651670605E-2
9.326725780E0,-2.272418737E-1,-6.047565863E-2,1.093448773E-1
9.328757665E0,-2.315179259E-1,-3.115412779E-2,1.148426682E-1
9.330714165E0,-2.370157093E-1,-1.771509275E-2,1.197295859E-1
9.332783165E0,-2.345722616E-1,9.162978269E-3,1.252273768E-1
9.334817780E0,-2.400700450E-1,3.237585723E-2,1.288925707E-1
9.336886049E0,-2.382374406E-1,4.337143153E-2,1.307251602E-1
9.338920280E0,-2.370157093E-1,6.841690838E-2,1.350012124E-1
9.340988588E0,-2.345722616E-1,8.613199741E-2,1.301143020E-1
9.343023819E0,-2.321287990E-1,9.773843735E-2,1.313360333E-1
9.345092703E0,-2.260201424E-1,1.160643995E-1,1.258382350E-1
9.347174088E0,-2.186897546E-1,1.319468915E-1,1.221730486E-1
9.349125472E0,-2.131919712E-1,1.392772794E-1,1.209513173E-1
9.351247434E0,-2.040289938E-1,1.545489132E-1,1.111774743E-1
9.353152549E0,-1.942551434E-1,1.624901593E-1,1.050688252E-1
9.355151126E0,-1.881465018E-1,1.661553532E-1,1.032362282E-1
9.357219626E0,-1.753183305E-1,1.753183305E-1,9.651670605E-2
9.359253895E0,-1.667662114E-1,1.802052408E-1,8.368854225E-2
9.361322511E0,-1.588249654E-1,1.814269722E-1,8.246681094E-2
9.363356626E0,-1.459967941E-1,1.857030392E-1,7.330382615E-2
9.365425549E0,-1.343903542E-1,1.912008226E-1,6.230825558E-2
9.367507972E0,-1.154535338E-1,1.948660165E-1,5.619960278E-2
9.369539318E0,-1.136209369E-1,1.973094791E-1,5.192354694E-2
9.371617818E0,-9.834930301E-2,2.052507252E-1,4.276056588E-2
9.373523742E0,-8.429940045E-2,2.113593817E-1,3.726277873E-2
9.375523395E0,-7.330382615E-2,2.125810981E-1,3.420845419E-2
9.377592511E0,-6.108652428E-2,2.229658216E-1,2.809980139E-2
9.379627511E0,-4.520402849E-2,2.302961946E-1,2.687807009E-2
9.381697165E0,-3.726277873E-2,2.357939780E-1,2.382374369E-2
9.383732395E0,-2.260201424E-2,2.443460971E-1,1.832595654E-2
9.385801549E0,-6.719517522E-3,2.559525371E-1,1.710422710E-2
9.387883741E0,6.108652451E-4,2.614503205E-1,1.649336144E-2
9.389836126E0,1.404990070E-2,2.700024247E-1,1.954768784E-2
9.391837280E0,2.871066704E-2,2.791654170E-1,2.443460934E-2
9.393906280E0,3.604105115E-2,2.822197378E-1,2.382374369E-2
9.395941241E0,5.009094998E-2,2.938261926E-1,3.543018550E-2
9.398010280E0,6.536258012E-2,3.036000133E-1,3.909537569E-2
9.400045011E0,6.902777404E-2,3.103195429E-1,4.459316283E-2
9.402115241E0,8.429940045E-2,3.207042515E-1,5.436700583E-2
9.404149357E0,9.407325089E-2,3.316998184E-1,6.047565863E-2
9.406218011E0,1.056796908E-1,3.347541690E-1,6.291911751E-2
9.408300241E0,1.142318025E-1,3.451388776E-1,7.696902007E-2
9.410325164E0,1.276708394E-1,3.530801237E-1,8.552113175E-2
9.412281972E0,1.356120855E-1,3.567453027E-1,8.979719132E-2
9.414351857E0,1.478293836E-1,3.616322279E-1,1.020144969E-1
9.416386318E0,1.624901593E-1,3.683517575E-1,1.105666086E-1
9.418455934E0,1.753183305E-1,3.677408695E-1,1.264491081E-1
9.420491318E0,1.875356287E-1,3.714060783E-1,1.319468915E-1
9.422560357E0,2.028072625E-1,3.701843321E-1,1.404990107E-1
9.424594934E0,2.180788964E-1,3.707951903E-1,1.521054506E-1
9.426665126E0,2.302961946E-1,3.683517575E-1,1.606575549E-1
9.428746895E0,2.504547536E-1,3.659082949E-1,1.685988009E-1
9.430730549E0,2.718350291E-1,3.628539443E-1,1.808161139E-1
9.432853703E0,2.809980214E-1,3.585779071E-1,1.881465018E-1
9.434759895E0,3.017674387E-1,3.536909819E-1,1.991420686E-1
9.436759780E0,3.219259977E-1,3.445279896E-1,2.138028294E-1
9.438828972E0,3.304781020E-1,3.384193480E-1,2.199114859E-1
9.440864241E0,3.481931984E-1,3.280346394E-1,2.333505303E-1
9.442933241E0,3.695734739E-1,3.127630055E-1,2.431243658E-1
9.444969010E0,3.762930036E-1,3.103195429E-1,2.504547536E-1
9.447037587E0,3.885102868E-1,2.926044464E-1,2.626720667E-1
9.449119857E0,4.025602043E-1,2.779437006E-1,2.755002379E-1
9.451125857E0,4.111123085E-1,2.638937831E-1,2.828305960E-1
9.453267972E0,4.123340547E-1,2.553416789E-1,2.883284092E-1
9.455103703E0,4.214970171E-1,2.370157093E-1,2.950479090E-1
9.457103049E0,4.214970171E-1,2.272418737E-1,3.042109013E-1
9.459172587E0,4.214970171E-1,2.052507252E-1,3.084869385E-1
9.461207472E0,4.196644127E-1,1.795943826E-1,3.115412891E-1
9.463275741E0,4.153883755E-1,1.508837193E-1,3.188716471E-1
9.465309741E0,4.135557711E-1,1.356120855E-1,3.188716471E-1
9.467378433E0,4.043927789E-1,1.056796908E-1,3.231477141E-1
9.469460357E0,3.927863538E-1,7.635815442E-2,3.249803185E-1
9.471418049E0,3.854559660E-1,5.864306539E-2,3.280346394E-1
9.473418087E0,3.683517575E-1,2.504547499E-2,3.280346394E-1
9.475486857E0,3.488040566E-1,-1.527163107E-2,3.341432810E-1
9.477520741E0,3.390302062E-1,-3.359758854E-2,3.329215646E-1
9.479589472E0,3.145956099E-1,-7.391469181E-2,3.371976018E-1
9.481623626E0,2.858849466E-1,-1.191187203E-1,3.347541690E-1
9.483647510E0,2.681698501E-1,-1.435533315E-1,3.365867436E-1
9.485646780E0,2.351831198E-1,-1.979203373E-1,3.329215646E-1
9.487715780E0,1.942551434E-1,-2.510656118E-1,3.310889602E-1
9.489798241E0,1.765400618E-1,-2.748893499E-1,3.255911767E-1
9.491823510E0,1.319468915E-1,-3.243694305E-1,3.158173263E-1
9.493781395E0,8.735372871E-2,-3.677408695E-1,2.981022298E-1
9.495851472E0,6.597344577E-2,-3.897320330E-1,2.877175212E-1
9.497885395E0,1.832595654E-2,-4.324925840E-1,2.590068579E-1
9.499953664E0,-2.871066704E-2,-4.660901725E-1,2.278527319E-1
9.501988741E0,-4.948008433E-2,-4.831944108E-1,2.076941878E-1
9.504057972E0,-9.407325089E-2,-5.100724697E-1,1.637118906E-1
9.506093203E0,-1.350012124E-1,-5.302310586E-1,1.166752651E-1
9.508162972E0,-1.740965992E-1,-5.424483418E-1,6.414084882E-2
9.510244895E0,-1.881465018E-1,-5.436700583E-1,3.237585723E-2
9.512226549E0,-2.168571651E-1,-5.375614166E-1,-1.954768784E-2
9.514369203E0,-2.382374406E-1,-5.174028873E-1,-7.819075137E-2
9.516275472E0,-2.455678284E-1,-5.009095073E-1,-1.044579595E-1
9.518274587E0,-2.547308207E-1,-4.538728893E-1,-1.588249654E-1
9.520344010E0,-2.522873580E-1,-3.872885704E-1,-2.119702399E-1
9.522378549E0,-2.480112910E-1,-3.488040566E-1,-2.333505303E-1
9.524447741E0,-2.370157093E-1,-2.565633953E-1,-2.755002379E-1
9.526482779E0,-2.125810981E-1,-1.490511149E-1,-3.109304011E-1
9.528552279E0,-1.960877478E-1,-8.613199741E-2,-3.280346394E-1
9.530634587E0,-1.673770845E-1,3.848451003E-2,-3.481931984E-1
9.532661356E0,-1.282816976E-1,1.716531366E-1,-3.585779071E-1
9.534740895E0,-1.056796908E-1,2.400700450E-1,-3.634648323E-1
9.536647126E0,-6.352998316E-2,3.720169365E-1,-3.634648323E-1
9.538646664E0,-1.954768784E-2,4.984660447E-1,-3.530801237E-1
9.540716856E0,2.443460980E-3,5.607742667E-1,-3.481931984E-1
9.542751164E0,4.214970022E-2,6.713408828E-1,-3.292563558E-1
9.544820625E0,8.063421398E-2,7.684684992E-1,-3.048217595E-1
9.546855510E0,9.896016866E-2,8.130616546E-1,-2.919935882E-1
9.548940125E0,1.313360333E-1,8.802568316E-1,-2.645046413E-1
9.551007241E0,1.606575549E-1,9.254608750E-1,-2.364048511E-1
9.552988972E0,1.740965992E-1,9.413433671E-1,-2.211332172E-1
9.554989049E0,2.015855312E-1,9.566149712E-1,-1.918116808E-1
9.557057818E0,2.296853364E-1,9.547823668E-1,-1.545489132E-1
9.559092472E0,2.425135076E-1,9.462302923E-1,-1.368338168E-1
9.561161587E0,2.761110961E-1,9.205739498E-1,-1.050688252E-1
9.563196702E0,3.054326177E-1,8.772025108E-1,-5.986479297E-2
9.565265587E0,3.359758854E-1,8.161159754E-1,-2.138028294E-2
9.567300164E0,3.518583775E-1,7.800748944E-1,1.832595794E-3
9.569368779E0,3.762930036E-1,6.896668673E-1,4.581489414E-2
9.571450702E0,3.976732790E-1,5.815436840E-1,8.674286306E-2
9.573475164E0,4.056145251E-1,5.204572082E-1,1.081231460E-1
9.575431356E0,4.178318381E-1,3.811798990E-1,1.453859210E-1
9.577499972E0,4.233296216E-1,2.235766798E-1,1.704314053E-1
9.579534356E0,4.221078753E-1,1.398881376E-1,1.814269722E-1
9.581603472E0,4.117231667E-1,-3.787364438E-2,2.003637999E-1
9.583638241E0,3.933972120E-1,-2.235766798E-1,2.028072625E-1
9.585707625E0,3.824016452E-1,-3.188716471E-1,2.052507252E-1
9.587742202E0,3.549126983E-1,-5.057964325E-1,1.991420686E-1
9.589811510E0,3.213151097E-1,-6.866125464E-1,1.857030392E-1
9.591893895E0,2.901609838E-1,-8.515461683E-1,1.685988009E-1
9.593875818E0,2.730567753E-1,-9.291260242E-1,1.569923609E-1
9.596001164E0,2.406809032E-1,-1.065959811E0,1.282816976E-1
9.597906741E0,2.266310006E-1,-1.123992085E0,1.142318025E-1
9.599905548E0,1.979203373E-1,-1.224173903E0,8.307767659E-2
9.601973856E0,1.753183305E-1,-1.295645237E0,4.398229718E-2
9.604008741E0,1.563815027E-1,-1.333518863E0,1.038470957E-2
9.606077318E0,1.514945775E-1,-1.342070937E0,-1.221730467E-2
9.608111125E0,1.411098689E-1,-1.334129691E0,-5.619960278E-2
9.610179702E0,1.337794960E-1,-1.298088670E0,-9.529497474E-2
9.612260933E0,1.301143020E-1,-1.273653984E0,-1.172861308E-1
9.614284548E0,1.282816976E-1,-1.198517561E0,-1.600466967E-1
9.616425433E0,1.252273768E-1,-1.105666041E0,-1.960877478E-1
9.618260856E0,1.264491081E-1,-1.054964304E0,-2.138028294E-1
9.620260318E0,1.252273768E-1,-9.419541955E-1,-2.455678284E-1
9.622329048E0,1.264491081E-1,-8.258898258E-1,-2.693915665E-1
9.624364010E0,1.233947799E-1,-7.654141784E-1,-2.840523422E-1
9.626432279E0,1.172861308E-1,-6.499606371E-1,-3.023782969E-1
9.628466241E0,1.056796908E-1,-5.357288122E-1,-3.170390725E-1
9.630535510E0,9.957103431E-2,-4.844161272E-1,-3.231477141E-1
9.632617664E0,8.246681094E-2,-3.842342496E-1,-3.371976018E-1
9.634599125E0,6.108652428E-2,-3.011565804E-1,-3.512475193E-1
9.636598702E0,4.642575979E-2,-2.663372457E-1,-3.579670191E-1
9.638667587E0,2.382374369E-2,-2.046398520E-1,-3.671300113E-1
9.640702664E0,-6.719517522E-3,-1.600466967E-1,-3.811798990E-1
9.642772433E0,-1.954768784E-2,-1.411098689E-1,-3.909537494E-1
9.644807202E0,-4.703662544E-2,-1.178969890E-1,-3.988949955E-1
9.646876894E0,-7.147123665E-2,-1.050688252E-1,-4.092797041E-1
9.648911087E0,-9.590584040E-2,-1.056796908E-1,-4.190535545E-1
9.650980587E0,-1.075122803E-1,-1.081231460E-1,-4.239404798E-1
9.653063048E0,-1.295034289E-1,-1.203404516E-1,-4.331034720E-1
9.655088087E0,-1.490511149E-1,-1.313360333E-1,-4.422664344E-1
9.657043702E0,-1.551597714E-1,-1.374446750E-1,-4.453207552E-1
9.659112856E0,-1.722639948E-1,-1.435533315E-1,-4.550946057E-1
9.661147856E0,-1.869247705E-1,-1.404990107E-1,-4.660901725E-1
9.663217048E0,-1.936442852E-1,-1.337794960E-1,-4.697553813E-1
9.665252087E0,-2.040289938E-1,-1.185078546E-1,-4.770857692E-1
9.667321433E0,-2.205223590E-1,-9.529497474E-2,-4.850270152E-1
9.669356048E0,-2.266310006E-1,-8.063421398E-2,-4.856378734E-1
9.671425587E0,-2.412917763E-1,-4.642575979E-2,-4.844161272E-1
9.673508317E0,-2.553416789E-1,-7.330383174E-3,-4.795292318E-1
9.675491087E0,-2.645046413E-1,1.404990070E-2,-4.758640230E-1
9.677615433E0,-2.834414840E-1,6.475171447E-2,-4.624249935E-1
9.679521894E0,-2.974913716E-1,1.203404516E-1,-4.502076805E-1
9.681521933E0,-3.084869385E-1,1.502728462E-1,-4.386012554E-1
9.683591279E0,-3.249803185E-1,2.125810981E-1,-4.190535545E-1
9.685626933E0,-3.396410644E-1,2.816088796E-1,-3.964515328E-1
9.687695740E0,-3.463605940E-1,3.133738637E-1,-3.842342496E-1
9.689731010E0,-3.597996235E-1,3.830125034E-1,-3.561344445E-1
9.691800317E0,-3.677408695E-1,4.557054639E-1,-3.268128932E-1
9.693882471E0,-3.726277947E-1,5.296201706E-1,-2.993239760E-1
9.695907856E0,-3.738495409E-1,5.662720799E-1,-2.858849466E-1
9.697986663E0,-3.701843321E-1,6.377432942E-1,-2.614503205E-1
9.699892548E0,-3.671300113E-1,7.073819637E-1,-2.351831198E-1
9.701892625E0,-3.585779071E-1,7.403686643E-1,-2.272418737E-1
9.703962317E0,-3.488040566E-1,8.045095205E-1,-2.034181207E-1
9.705997663E0,-3.298672438E-1,8.637634516E-1,-1.844813079E-1
9.708066586E0,-3.194825351E-1,8.906415105E-1,-1.777617931E-1
9.710101048E0,-2.962696552E-1,9.358455539E-1,-1.631010175E-1
9.712169740E0,-2.675589919E-1,9.682214260E-1,-1.496619880E-1
9.714252509E0,-2.528982162E-1,9.810495973E-1,-1.429424733E-1
9.716236625E0,-2.223549485E-1,9.932668805E-1,-1.313360333E-1
9.718235971E0,-1.887573600E-1,9.950994849E-1,-1.258382350E-1
9.720305663E0,-1.728748679E-1,9.902125597E-1,-1.215621829E-1
9.722341433E0,-1.380555481E-1,9.724974632E-1,-1.160643995E-1
9.724410356E0,-1.026253626E-1,9.413433671E-1,-1.105666086E-1
9.726444932E0,-8.185594529E-2,9.236282706E-1,-1.111774743E-1
9.728470163E0,-4.276056588E-2,8.796459436E-1,-1.099557430E-1
9.730470548E0,-7.941247895E-3,8.252789378E-1,-1.020144969E-1
9.732540163E0,1.160643995E-2,7.941248417E-1,-1.026253626E-1
9.734623202E0,4.886921868E-2,7.269296646E-1,-1.014036313E-1
9.736648548E0,8.307767659E-2,6.487388611E-1,-9.468411654E-2
9.738605625E0,1.014036313E-1,6.065891981E-1,-9.162978828E-2
9.740675125E0,1.374446750E-1,5.125159621E-1,-9.468411654E-2
9.742709894E0,1.667662114E-1,4.068362415E-1,-8.735372871E-2
9.744779163E0,1.997529417E-1,2.932153046E-1,-8.185594529E-2
9.746814432E0,2.150245607E-1,2.315179259E-1,-8.185594529E-2
9.748883855E0,2.461786866E-1,1.038470939E-1,-7.452555746E-2
9.750918548E0,2.724458873E-1,-2.993239649E-2,-6.841690838E-2
9.752988163E0,2.852740586E-1,-9.957103431E-2,-6.414084882E-2
9.755070355E0,3.115412891E-1,-2.388483137E-1,-5.558873713E-2
9.757051779E0,3.390302062E-1,-3.799581826E-1,-4.825835302E-2
9.759174894E0,3.488040566E-1,-4.483750761E-1,-4.520402849E-2
9.761080779E0,3.756821156E-1,-5.845980644E-1,-3.237585723E-2
9.763080086E0,3.964515328E-1,-7.128797174E-1,-2.199114859E-2
9.765149894E0,4.043927789E-1,-7.764097452E-1,-1.404990070E-2
9.767183432E0,4.245513380E-1,-8.912523985E-1,4.886921961E-3
9.769252817E0,4.343251884E-1,-9.993755221E-1,1.954768784E-2
9.771287548E0,4.410447180E-1,-1.047633886E0,2.565634064E-2
9.773356202E0,4.428772926E-1,-1.134987593E0,4.520402849E-2
9.775438625E0,4.428772926E-1,-1.205847979E0,6.169738993E-2
9.777461971E0,4.398229718E-1,-1.235169530E0,7.269296050E-2
9.779602932E0,4.343251884E-1,-1.279762745E0,9.346238524E-2
9.781438086E0,4.227187634E-1,-1.308473349E0,1.087340117E-1
9.783438163E0,4.159992337E-1,-1.315192819E0,1.209513173E-1
9.785508240E0,4.025602043E-1,-1.318858027E0,1.447750628E-1
9.787543125E0,3.872885704E-1,-1.307251573E0,1.637118906E-1
9.789612701E0,3.738495409E-1,-1.296866894E0,1.747074574E-1
9.791646586E0,3.585779071E-1,-1.265101910E0,1.966986060E-1
9.793717201E0,3.402519524E-1,-1.225395679E0,2.150245607E-1
9.795799240E0,3.182607889E-1,-1.176526427E0,2.400700450E-1
9.797783355E0,3.078760803E-1,-1.149648428E0,2.492330223E-1
9.799783048E0,2.822197378E-1,-1.094059706E0,2.681698501E-1
9.801851509E0,2.577851415E-1,-1.034805775E0,2.889392674E-1
9.803886317E0,2.425135076E-1,-1.001819015E0,2.981022298E-1
9.805955548E0,2.095267773E-1,-9.364564419E-1,3.164281845E-1
9.807990394E0,1.753183305E-1,-8.692612648E-1,3.341432810E-1
9.810058586E0,1.563815027E-1,-8.332201838E-1,3.408628106E-1
9.812092932E0,1.160643995E-1,-7.635815740E-1,3.573561609E-1
9.814162048E0,7.024950534E-2,-6.853908300E-1,3.640756905E-1
9.816243894E0,4.520402849E-2,-6.505714655E-1,3.689626157E-1
9.818268278E0,-4.886921961E-3,-5.748242140E-1,3.775147200E-1
9.820223548E0,-5.619960278E-2,-4.978551865E-1,3.805690408E-1
9.822292509E0,-8.491026610E-2,-4.587597847E-1,3.860668242E-1
9.824327509E0,-1.404990107E-1,-3.793473244E-1,3.860668242E-1
9.826396971E0,-1.997529417E-1,-3.066543639E-1,3.903428912E-1
9.828431240E0,-2.309070677E-1,-2.712241709E-1,3.891211748E-1
9.830500201E0,-2.895501256E-1,-1.954768747E-1,3.830125034E-1
9.832534163E0,-3.549126983E-1,-1.172861308E-1,3.811798990E-1
9.834602509E0,-4.117231667E-1,-3.359758854E-2,3.756821156E-1
9.836685278E0,-4.440990388E-1,8.552113548E-3,3.720169365E-1
9.838666432E0,-4.966334403E-1,9.834930301E-2,3.652974069E-1
9.840789163E0,-5.467243791E-1,1.948660165E-1,3.591887653E-1
9.842694201E0,-5.748242140E-1,2.437352389E-1,3.591887653E-1
9.844693701E0,-6.145304441E-1,3.384193480E-1,3.573561609E-1
9.846763009E0,-6.560692787E-1,4.355469346E-1,3.616322279E-1
9.848796240E0,-6.713408828E-1,4.807509482E-1,3.579670191E-1
9.850865817E0,-7.086036801E-1,5.681046844E-1,3.622430861E-1
9.852900047E0,-7.415903807E-1,6.444628239E-1,3.695734739E-1
9.854969240E0,-7.550294399E-1,6.762278080E-1,3.726277947E-1
9.857051624E0,-7.843509912E-1,7.287622094E-1,3.793473244E-1
9.859077047E0,-8.112290502E-1,7.666358948E-1,3.872885704E-1
9.861155663E0,-8.210029006E-1,7.806857824E-1,3.885102868E-1
9.863060586E0,-8.417723179E-1,7.971791625E-1,3.946189582E-1
9.865059509E0,-8.607091308E-1,7.959573865E-1,3.995058835E-1
9.867128393E0,-8.704829812E-1,7.916813493E-1,4.062253833E-1
9.869162470E0,-8.827002645E-1,7.770205736E-1,4.117231667E-1
9.871231393E0,-8.924741149E-1,7.507534027E-1,4.141666293E-1
9.873265163E0,-8.973610401E-1,7.342600226E-1,4.178318381E-1
9.875333970E0,-9.065240026E-1,6.933320761E-1,4.245513380E-1
9.877415278E0,-9.108000994E-1,6.469063163E-1,4.300491214E-1
9.879397009E0,-9.126327038E-1,6.169738770E-1,4.294382632E-1
9.881396393E0,-9.114109278E-1,5.595525503E-1,4.331034720E-1
9.883465893E0,-9.132435322E-1,4.966334403E-1,4.386012554E-1
9.885499740E0,-9.101892114E-1,4.306600094E-1,4.410447180E-1
9.887568816E0,-9.089674950E-1,3.933972120E-1,4.471533597E-1
9.889602663E0,-9.059131742E-1,3.200933933E-1,4.514294267E-1
9.891671355E0,-9.040805697E-1,2.419026345E-1,4.581489265E-1
9.893705240E0,-8.991936445E-1,2.070833147E-1,4.599815309E-1
9.895773855E0,-8.949176073E-1,1.295034289E-1,4.654793143E-1
9.897856009E0,-8.869763613E-1,5.436700583E-2,4.667010605E-1
9.899882740E0,-8.827002645E-1,1.954768784E-2,4.654793143E-1
9.901838278E0,-8.747590184E-1,-4.886921868E-2,4.624249935E-1
9.903907509E0,-8.613200188E-1,-1.136209369E-1,4.612032473E-1
9.905941355E0,-8.570439219E-1,-1.417207420E-1,4.612032473E-1
9.908010509E0,-8.393288255E-1,-1.997529417E-1,4.538728893E-1
9.910045624E0,-8.203920126E-1,-2.528982162E-1,4.447098970E-1
9.912114470E0,-8.093964458E-1,-2.767219543E-1,4.434881806E-1
9.914149586E0,-7.861835957E-1,-3.237585723E-1,4.355469346E-1
9.916218624E0,-7.574729323E-1,-3.671300113E-1,4.202753007E-1
9.918300893E0,-7.269296646E-1,-4.056145251E-1,4.080579877E-1
9.920253316E0,-7.116580009E-1,-4.208861589E-1,3.970624208E-1
9.922390355E0,-6.780604124E-1,-4.569272101E-1,3.775147200E-1
9.924296009E0,-6.615670323E-1,-4.703662395E-1,3.726277947E-1
9.926296239E0,-6.304129362E-1,-5.009095073E-1,3.506366611E-1
9.928365162E0,-5.980370641E-1,-5.265658498E-1,3.280346394E-1
9.930399162E0,-5.638286471E-1,-5.485569835E-1,3.011565804E-1
9.932468355E0,-5.491678715E-1,-5.546656251E-1,2.895501256E-1
9.934502816E0,-5.180137157E-1,-5.668829679E-1,2.663372457E-1
9.936572086E0,-4.917465150E-1,-5.736024380E-1,2.412917763E-1
9.938653893E0,-4.807509482E-1,-5.760459304E-1,2.296853364E-1
9.940660278E0,-4.575380683E-1,-5.778785348E-1,2.040289938E-1
9.942802547E0,-4.367686510E-1,-5.791002512E-1,1.814269722E-1
9.944638932E0,-4.269948006E-1,-5.736024380E-1,1.649336219E-1
9.946638855E0,-4.086688459E-1,-5.668829679E-1,1.447750628E-1
9.948708316E0,-3.964515328E-1,-5.577199459E-1,1.246165112E-1
9.950742547E0,-3.933972120E-1,-5.558874011E-1,1.166752651E-1
9.952812355E0,-3.878994286E-1,-5.442809463E-1,9.590584040E-2
9.954846816E0,-3.885102868E-1,-5.338962078E-1,7.941248268E-2
9.956930893E0,-3.897320330E-1,-5.259549618E-1,7.391469181E-2
9.958997662E0,-3.964515328E-1,-5.161811113E-1,6.108652428E-2
9.960950470E0,-4.123340547E-1,-5.033529401E-1,4.764748737E-2
9.962950855E0,-4.178318381E-1,-4.972442985E-1,4.520402849E-2
9.965019816E0,-4.373795092E-1,-4.850270152E-1,4.153883830E-2
9.967054393E0,-4.581489265E-1,-4.752531648E-1,3.604105115E-2
9.969124239E0,-4.709770977E-1,-4.709770977E-1,3.359758854E-2
9.971158239E0,-4.941899776E-1,-4.605923891E-1,3.604105115E-2
9.973183124E0,-5.216789246E-1,-4.508185387E-1,3.970624134E-2
9.975182162E0,-5.387831330E-1,-4.477642179E-1,4.031710699E-2
9.977250739E0,-5.668829679E-1,-4.379903674E-1,4.886921868E-2
9.979332624E0,-5.980370641E-1,-4.282165468E-1,5.558873713E-2
9.981363624E0,-6.334672570E-1,-4.166100919E-1,7.086037099E-2
9.983320893E0,-6.499606371E-1,-4.117231667E-1,7.757988572E-2
9.985390124E0,-6.841690540E-1,-3.964515328E-1,8.796459436E-2
9.987424662E0,-7.214318514E-1,-3.811798990E-1,1.044579595E-1
9.989493893E0,-7.391469479E-1,-3.720169365E-1,1.117883399E-1
9.991528739E0,-7.812966704E-1,-3.536909819E-1,1.282816976E-1
9.993597624E0,-8.203920126E-1,-3.347541690E-1,1.441642046E-1
9.995631855E0,-8.429940343E-1,-3.237585723E-1,1.527163088E-1
9.997700701E0,-8.839219809E-1,-3.005456924E-1,1.698205322E-1
9.999782239E0,-9.285151958E-1,-2.773328125E-1,1.832595766E-1
1.000173486E1,-9.511171579E-1,-2.632829249E-1,1.924225539E-1
1.000385882E1,-9.957103729E-1,-2.400700450E-1,2.058615834E-1
1.000576562E1,-1.041525245E0,-2.144137025E-1,2.174680233E-1
1.000776512E1,-1.063516378E0,-2.021963894E-1,2.205223590E-1
1.000983516E1,-1.108720422E0,-1.728748679E-1,2.357939780E-1
1.001186916E1,-1.155757070E0,-1.423316002E-1,2.461786866E-1
1.001393878E1,-1.177137375E0,-1.252273768E-1,2.480112910E-1
1.001597366E1,-1.222952247E0,-9.346238524E-2,2.565633953E-1
1.001804216E1,-1.269377947E0,-6.169738993E-2,2.651155293E-1
1.002012428E1,-1.295645237E0,-4.337143153E-2,2.681698501E-1
1.002215543E1,-1.340849161E0,-1.099557430E-2,2.718350291E-1
1.002423397E1,-1.384220600E0,2.199114859E-2,2.779437006E-1
1.002614043E1,-1.406822681E0,3.848451003E-2,2.791654170E-1
1.002813958E1,-1.450194120E0,7.696902007E-2,2.803871334E-1
1.003020905E1,-1.494176388E0,1.166752651E-1,2.803871334E-1
1.003224320E1,-1.519832730E0,1.331686229E-1,2.828305960E-1
1.003431305E1,-1.563204169E0,1.777617931E-1,2.773328125E-1
1.003634785E1,-1.606575608E0,2.217440903E-1,2.785545588E-1
1.003841743E1,-1.650557876E0,2.645046413E-1,2.700024247E-1
1.004049905E1,-1.671938181E0,2.895501256E-1,2.687807083E-1
1.004245624E1,-1.717753053E0,3.335324228E-1,2.645046413E-1
1.004445866E1,-1.764178872E0,3.793473244E-1,2.535090744E-1
1.004652662E1,-1.788002610E0,4.007275999E-1,2.510656118E-1
1.004856147E1,-1.831984878E0,4.447098970E-1,2.449569702E-1
1.005063070E1,-1.879021525E0,4.886921942E-1,2.302961946E-1
1.005266516E1,-1.904066920E0,5.125159621E-1,2.247984111E-1
1.005473393E1,-1.950492740E0,5.534439087E-1,2.150245607E-1
1.005676793E1,-1.995696783E0,5.937610269E-1,1.948660165E-1
1.005883697E1,-2.017076969E0,6.108652353E-1,1.857030392E-1
1.006091897E1,-2.062281132E0,6.414085031E-1,1.747074574E-1
1.006292405E1,-2.104430676E0,6.719517708E-1,1.557706445E-1
1.006487924E1,-2.124589205E0,6.866125464E-1,1.502728462E-1
1.006694797E1,-2.167349815E0,7.171558142E-1,1.350012124E-1
1.006898201E1,-2.202780008E0,7.476990819E-1,1.136209369E-1
1.007105066E1,-2.223549604E0,7.617489696E-1,1.062905490E-1
1.007308424E1,-2.255925417E0,7.886270285E-1,9.285151958E-2
1.007515305E1,-2.291966438E0,8.161159754E-1,7.086037099E-2
1.007718697E1,-2.322509766E0,8.387179971E-1,5.192354694E-2
1.007925582E1,-2.337170362E0,8.497135639E-1,4.520402849E-2
1.008133728E1,-2.369546175E0,8.662069440E-1,2.626720630E-2
1.008328951E1,-2.392759085E0,8.827002645E-1,8.552113548E-3
1.008541243E1,-2.408641577E0,8.906415105E-1,2.443460980E-3
1.008731770E1,-2.433076382E0,9.034696817E-1,-1.710422710E-2
1.008931697E1,-2.457510948E0,9.126327038E-1,-2.993239649E-2
1.009138535E1,-2.465452194E0,9.156870246E-1,-3.848451003E-2
1.009341889E1,-2.484389067E0,9.230173826E-1,-5.558873713E-2
1.009548766E1,-2.505158424E0,9.266825914E-1,-6.902777404E-2
1.009752251E1,-2.513710499E0,9.272934198E-1,-7.269296050E-2
1.009959112E1,-2.528982162E0,9.321803451E-1,-8.979719132E-2
1.010167216E1,-2.542421103E0,9.291260242E-1,-1.020144969E-1
1.010370212E1,-2.547307968E0,9.272934198E-1,-1.075122803E-1
1.010584355E1,-2.558914423E0,9.266825914E-1,-1.203404516E-1
1.010767943E1,-2.565634012E0,9.224064946E-1,-1.319468915E-1
1.010967985E1,-2.569910049E0,9.211847782E-1,-1.362229437E-1
1.011174893E1,-2.575407982E0,9.156870246E-1,-1.459967941E-1
1.011378378E1,-2.580905676E0,9.108000994E-1,-1.521054506E-1
1.011585224E1,-2.581516504E0,9.071348906E-1,-1.563815027E-1
1.011788697E1,-2.585181713E0,9.004153609E-1,-1.557706445E-1
1.011995582E1,-2.586403370E0,8.955284357E-1,-1.582140923E-1
1.012203762E1,-2.588236094E0,8.912523985E-1,-1.563815027E-1
1.012399039E1,-2.588236094E0,8.845328689E-1,-1.551597714E-1
1.012599112E1,-2.586403370E0,8.753699064E-1,-1.514945775E-1
1.012805974E1,-2.586403370E0,8.710938692E-1,-1.502728462E-1
1.013009370E1,-2.586403370E0,8.643743396E-1,-1.447750628E-1
1.013216259E1,-2.582127333E0,8.582656980E-1,-1.423316002E-1
1.013419662E1,-2.585181713E0,8.509352803E-1,-1.350012124E-1
1.013626547E1,-2.579072952E0,8.423831463E-1,-1.276708394E-1
1.013829951E1,-2.579684019E0,8.344419003E-1,-1.197295859E-1
1.014036843E1,-2.577240467E0,8.283332586E-1,-1.105666086E-1
1.014245070E1,-2.574186087E0,8.252789378E-1,-1.069014147E-1
1.014444966E1,-2.574796915E0,8.203920126E-1,-1.014036313E-1
1.014640535E1,-2.572353601E0,8.155050874E-1,-9.346238524E-2
1.014847405E1,-2.569299221E0,8.148942590E-1,-9.162978828E-2
1.015050882E1,-2.566855669E0,8.100073338E-1,-8.674286306E-2
1.015257801E1,-2.561968803E0,8.100073338E-1,-8.246681094E-2
1.015461212E1,-2.560136318E0,8.087855577E-1,-8.063421398E-2
1.015668139E1,-2.556471109E0,8.069530129E-1,-8.246681094E-2
1.015871578E1,-2.552195072E0,8.032878041E-1,-7.757988572E-2
1.016078489E1,-2.546697140E0,8.002334833E-1,-7.941248268E-2
1.016286712E1,-2.543031931E0,7.971791625E-1,-7.819075137E-2
1.016482493E1,-2.536923409E0,7.935139537E-1,-7.880161703E-2
1.016694901E1,-2.532647371E0,7.922922373E-1,-7.941248268E-2
1.016885520E1,-2.527149439E0,7.898487449E-1,-8.185594529E-2
1.017085420E1,-2.521651745E0,7.861835957E-1,-8.246681094E-2
1.017292316E1,-2.517986536E0,7.837401032E-1,-8.307767659E-2
1.017495785E1,-2.515542984E0,7.782423496E-1,-8.491026610E-2
1.017702682E1,-2.509434462E0,7.745771408E-1,-8.674286306E-2
1.017906085E1,-2.508212805E0,7.696902156E-1,-9.101892263E-2
1.018112947E1,-2.505769253E0,7.617489696E-1,-9.529497474E-2
1.018321178E1,-2.502714872E0,7.489207983E-1,-9.957103431E-2
1.018521758E1,-2.508212805E0,7.360926270E-1,-1.020144969E-1
1.018729605E1,-2.504547596E0,7.269296646E-1,-1.081231460E-1
1.018920105E1,-2.510045290E0,7.122688890E-1,-1.093448773E-1
1.019119993E1,-2.510656118E0,7.055493593E-1,-1.142318025E-1
1.019326770E1,-2.514321327E0,6.890559793E-1,-1.185078546E-1
1.019530216E1,-2.520430088E0,6.682865620E-1,-1.227839142E-1
1.019737128E1,-2.524706125E0,6.475171447E-1,-1.301143020E-1
1.019940489E1,-2.528371334E0,6.346889734E-1,-1.319468915E-1
1.020147393E1,-2.534479856E0,6.078109145E-1,-1.313360333E-1
1.020355551E1,-2.543031931E0,5.742133260E-1,-1.356120855E-1
1.020553782E1,-2.548529863E0,5.558874011E-1,-1.368338168E-1
1.020753712E1,-2.560747147E0,5.210680366E-1,-1.368338168E-1
1.020960612E1,-2.574796915E0,4.746423066E-1,-1.423316002E-1
1.021164051E1,-2.583960056E0,4.538728893E-1,-1.429424733E-1
1.021370885E1,-2.598620653E0,4.050036669E-1,-1.411098689E-1
1.021574351E1,-2.613892317E0,3.561344445E-1,-1.435533315E-1
1.021776832E1,-2.620001078E0,3.316998184E-1,-1.441642046E-1
1.021976739E1,-2.634661913E0,2.822197378E-1,-1.478293836E-1
1.022183785E1,-2.650544405E0,2.266310006E-1,-1.447750628E-1
1.022391943E1,-2.656652927E0,2.021963894E-1,-1.459967941E-1
1.022594447E1,-2.665815830E0,1.478293836E-1,-1.435533315E-1
1.022790128E1,-2.673757076E0,9.407325089E-2,-1.374446750E-1
1.022997008E1,-2.673757076E0,6.719517708E-2,-1.356120855E-1
1.023200435E1,-2.675589800E0,8.552113548E-3,-1.252273768E-1
1.023407316E1,-2.676811457E0,-4.764748737E-2,-1.081231460E-1
1.023610712E1,-2.674978971E0,-7.208210230E-2,-1.014036313E-1
1.023817585E1,-2.669481039E0,-1.295034289E-1,-8.307767659E-2
1.024021070E1,-2.662150621E0,-1.844813079E-1,-5.497787148E-2
1.024227897E1,-2.659096479E0,-2.388483137E-1,-2.565634064E-2
1.024436135E1,-2.655431271E0,-2.663372457E-1,-1.282817032E-2
1.024634601E1,-2.650544405E0,-3.188716471E-1,2.321287990E-2
1.024846866E1,-2.651155233E0,-3.707951903E-1,5.436700583E-2
1.025037420E1,-2.651155233E0,-3.921754956E-1,7.024950534E-2
1.025237362E1,-2.656042099E0,-4.410447180E-1,1.105666086E-1
1.025444316E1,-2.663983345E0,-4.862487316E-1,1.453859210E-1
1.025647747E1,-2.669481039E0,-5.106833577E-1,1.624901593E-1
1.025854697E1,-2.681087494E0,-5.571091175E-1,1.960877478E-1
1.026058185E1,-2.698802710E0,-6.029239893E-1,2.376265824E-1
1.026265047E1,-2.705522060E0,-6.255260110E-1,2.522873580E-1
1.026473278E1,-2.717128515E0,-6.762278080E-1,2.889392674E-1
1.026675674E1,-2.727513313E0,-7.299839854E-1,3.225368559E-1
1.026889885E1,-2.736065388E0,-7.849618196E-1,3.567453027E-1
1.027073451E1,-2.734232903E0,-8.136724830E-1,3.701843321E-1
1.027273405E1,-2.731789351E0,-8.747590184E-1,4.013384581E-1
1.027480382E1,-2.733622074E0,-9.101892114E-1,4.141666293E-1
1.027683812E1,-2.719572067E0,-9.871582389E-1,4.379903674E-1
1.027890758E1,-2.696969986E0,-1.071457624E0,4.605923891E-1
1.028094232E1,-2.681698322E0,-1.115439892E0,4.709770977E-1
1.028301193E1,-2.646268129E0,-1.210734963E0,4.893030524E-1
1.028509451E1,-2.598009825E0,-1.310916781E0,5.039638281E-1
1.028707732E1,-2.531425476E0,-1.364672899E0,5.131267905E-1
1.028907808E1,-2.498438835E0,-1.471574426E0,5.345070958E-1
1.029114774E1,-2.409252644E0,-1.576032281E0,5.552765131E-1
1.029318251E1,-2.304794550E0,-1.667051196E0,5.882632136E-1
1.029525235E1,-2.244929790E0,-1.706757545E0,6.065891981E-1
1.029728755E1,-2.109317780E0,-1.764789701E0,6.499606371E-1
1.029935724E1,-1.960877419E0,-1.788613439E0,6.994407177E-1
1.030139205E1,-1.878410578E0,-1.786780834E0,7.312057018E-1
1.030346158E1,-1.699427128E0,-1.767233133E0,7.977899909E-1
1.030554493E1,-1.512502313E0,-1.714698792E0,8.802568316E-1
1.030757043E1,-1.417818189E0,-1.681101203E0,9.230173826E-1
1.030952712E1,-1.217454433E0,-1.596190929E0,1.010371089E0
1.031159758E1,-1.020755768E0,-1.480126500E0,1.108720422E0
1.031363308E1,-9.291260242E-1,-1.412931323E0,1.158811331E0
1.031570347E1,-7.464773059E-1,-1.244943380E0,1.250441194E0
1.031773851E1,-5.882632136E-1,-1.047633886E0,1.345125318E0
1.031980839E1,-5.149593949E-1,-9.352346659E-1,1.387274981E0
1.032184328E1,-3.909537494E-1,-6.884451509E-1,1.458135366E0
1.032391293E1,-2.913827300E-1,-4.196644127E-1,1.519832730E0
1.032599539E1,-2.211332172E-1,-1.343903542E-1,1.561371565E0
1.032798066E1,-1.973094791E-1,9.773843922E-3,1.574810624E0
1.033011966E1,-1.643227488E-1,3.005456924E-1,1.587638736E0
1.033202574E1,-1.588249654E-1,5.809328556E-1,1.574810624E0
1.033402558E1,-1.661553532E-1,7.147123218E-1,1.561982393E0
1.033609562E1,-1.985312104E-1,9.645562172E-1,1.520443559E0
1.033813055E1,-2.467895597E-1,1.193019867E0,1.452637553E0
1.034019901E1,-2.767219543E-1,1.299310327E0,1.407433510E0
1.034223435E1,-3.549126983E-1,1.475239515E0,1.318247199E0
1.034430382E1,-4.379903674E-1,1.620014668E0,1.204626322E0
1.034638670E1,-4.868595898E-1,1.674992561E0,1.143539786E0
1.034841174E1,-5.876523852E-1,1.755015850E0,1.009149432E0
1.035049085E1,-6.914994717E-1,1.798387289E0,8.546004891E-1
1.035239666E1,-7.440338731E-1,1.805106759E0,7.764097452E-1
1.035439643E1,-8.546004891E-1,1.791056871E0,6.181956530E-1
1.035646578E1,-9.572258592E-1,1.751350641E0,4.477642179E-1
1.035850085E1,-1.008538485E0,1.721418262E0,3.707951903E-1
1.036057058E1,-1.102000952E0,1.649336219E0,2.125810981E-1
1.036260589E1,-1.188132882E0,1.562593341E0,6.291911751E-2
1.036469066E1,-1.230893493E0,1.511280656E0,-9.773843922E-3
1.036675743E1,-1.296866894E0,1.401935697E0,-1.429424733E-1
1.036874189E1,-1.356731653E0,1.277930140E0,-2.614503205E-1
1.037074324E1,-1.381166339E0,1.210734963E0,-3.152064681E-1
1.037281247E1,-1.428813815E0,1.070846796E0,-4.105014503E-1
1.037484793E1,-1.468520045E0,9.254608750E-1,-5.002986193E-1
1.037691724E1,-1.503950238E0,7.757988572E-1,-5.705481172E-1
1.037895193E1,-1.523497939E0,6.994407177E-1,-6.023131609E-1
1.038102112E1,-1.563204169E0,5.510004759E-1,-6.560692787E-1
1.038305628E1,-1.600466967E0,4.050036669E-1,-6.976081133E-1
1.038512516E1,-1.619403720E0,3.341432810E-1,-7.183775306E-1
1.038720693E1,-1.658499122E0,1.960877478E-1,-7.495316267E-1
1.038923162E1,-1.700648785E0,6.841690838E-2,-7.727445364E-1
1.039118728E1,-1.719585657E0,7.330383174E-3,-7.812966704E-1
1.039325662E1,-1.757459283E0,-1.130100712E-1,-7.971791625E-1
1.039529108E1,-1.791667819E0,-2.180788964E-1,-8.075638413E-1
1.039736097E1,-1.809382915E0,-2.675589919E-1,-8.124507666E-1
1.039939593E1,-1.839315295E0,-3.634648323E-1,-8.167268038E-1
1.040146528E1,-1.866193295E0,-4.477642179E-1,-8.161159754E-1
1.040350032E1,-1.877188921E0,-4.850270152E-1,-8.130616546E-1
1.040556897E1,-1.896736622E0,-5.546656251E-1,-8.093964458E-1
1.040765028E1,-1.910175562E0,-6.108652353E-1,-8.032878041E-1
1.040963678E1,-1.919949412E0,-6.615670323E-1,-7.922922373E-1
1.041176012E1,-1.919338584E0,-6.805039048E-1,-7.849618196E-1
1.041366578E1,-1.922392964E0,-7.098253965E-1,-7.660250068E-1
1.041566535E1,-1.922392964E0,-7.232644558E-1,-7.568620443E-1
1.041773443E1,-1.913840771E0,-7.348709106E-1,-7.385360599E-1
1.041976889E1,-1.902234316E0,-7.385360599E-1,-7.134906054E-1
1.042183847E1,-1.890627980E0,-7.299839854E-1,-6.878342628E-1
1.042387312E1,-1.880854130E0,-7.220427394E-1,-6.750060916E-1
1.042594262E1,-1.863139033E0,-7.000515461E-1,-6.438519955E-1
1.042802404E1,-1.844202161E0,-6.713408828E-1,-6.126978397E-1
1.043005058E1,-1.832595706E0,-6.536257863E-1,-5.992587805E-1
1.043219270E1,-1.811826348E0,-6.151412725E-1,-5.589417219E-1
1.043402870E1,-1.786780834E0,-5.711590052E-1,-5.235115290E-1
1.043602885E1,-1.773952723E0,-5.522221923E-1,-5.070181489E-1
1.043809808E1,-1.750739813E0,-5.070181489E-1,-4.654793143E-1
1.044013258E1,-1.723861694E0,-4.593706727E-1,-4.294382632E-1
1.044220155E1,-1.712255239E0,-4.355469346E-1,-4.105014503E-1
1.044423647E1,-1.688431501E0,-3.903428912E-1,-3.707951903E-1
1.044630512E1,-1.663386106E0,-3.451388776E-1,-3.359758854E-1
1.044838678E1,-1.649336219E0,-3.280346394E-1,-3.121521473E-1
1.045033939E1,-1.627955914E0,-2.932153046E-1,-2.791654170E-1
1.045234020E1,-1.604132175E0,-2.645046413E-1,-2.461786866E-1
1.045440943E1,-1.595579982E0,-2.541199327E-1,-2.284636050E-1
1.045644374E1,-1.575421453E0,-2.382374406E-1,-1.966986060E-1
1.045851381E1,-1.555873752E0,-2.296853364E-1,-1.704314053E-1
1.046054812E1,-1.545489073E0,-2.278527319E-1,-1.606575549E-1
1.046257420E1,-1.526552200E0,-2.241875380E-1,-1.368338168E-1
1.046457424E1,-1.513113260E0,-2.254092693E-1,-1.191187203E-1
1.046664397E1,-1.504561067E0,-2.266310006E-1,-1.111774743E-1
1.046872539E1,-1.487456918E0,-2.309070677E-1,-9.712757170E-2
1.047075755E1,-1.475239515E0,-2.357939780E-1,-8.674286306E-2
1.047271574E1,-1.459967971E0,-2.400700450E-1,-8.063421398E-2
1.047478462E1,-1.454470158E0,-2.425135076E-1,-7.086037099E-2
1.047681881E1,-1.441641927E0,-2.437352389E-1,-6.597344577E-2
1.047888731E1,-1.429424644E0,-2.449569702E-1,-5.742133409E-2
1.048092097E1,-1.425759435E0,-2.474004179E-1,-5.436700583E-2
1.048299074E1,-1.413542151E0,-2.443460971E-1,-5.619960278E-2
1.048502478E1,-1.404379249E0,-2.431243658E-1,-4.703662544E-2
1.048709339E1,-1.396438003E0,-2.394591719E-1,-4.886921868E-2
1.048917570E1,-1.387274981E0,-2.333505303E-1,-4.337143153E-2
1.049113304E1,-1.370170712E0,-2.241875380E-1,-4.153883830E-2
1.049325493E1,-1.365283847E0,-2.217440903E-1,-4.031710699E-2
1.049516039E1,-1.351844788E0,-2.095267773E-1,-4.398229718E-2
1.049715935E1,-1.335351467E0,-1.966986060E-1,-3.787364438E-2
1.049922878E1,-1.324355841E0,-1.918116808E-1,-4.031710699E-2
1.050126420E1,-1.307251573E0,-1.808161139E-1,-3.726277873E-2
1.050333285E1,-1.290758252E0,-1.728748679E-1,-3.604105115E-2
1.050536785E1,-1.282817006E0,-1.667662114E-1,-3.604105115E-2
1.050743678E1,-1.264491081E0,-1.582140923E-1,-3.543018550E-2
1.050951866E1,-1.247997642E0,-1.521054506E-1,-3.115412779E-2
1.051152278E1,-1.238223910E0,-1.478293836E-1,-3.054326214E-2
1.051360154E1,-1.218065262E0,-1.447750628E-1,-2.687807009E-2
1.051550808E1,-1.202182770E0,-1.411098689E-1,-2.443460934E-2
1.051750866E1,-1.193019867E0,-1.404990107E-1,-2.382374369E-2
1.051957862E1,-1.176526427E0,-1.350012124E-1,-1.588249579E-2
1.052161335E1,-1.158200502E0,-1.325577646E-1,-1.221730467E-2
1.052368324E1,-1.138041973E0,-1.276708394E-1,-9.773843922E-3
1.052571766E1,-1.127657294E0,-1.282816976E-1,-2.443460980E-3
1.052778697E1,-1.108720422E0,-1.270599663E-1,3.665191587E-3
1.052986904E1,-1.086729288E0,-1.215621829E-1,1.343903504E-2
1.053182758E1,-1.076344609E0,-1.197295859E-1,1.771509275E-2
1.053382812E1,-1.054353356E0,-1.148426682E-1,2.871066704E-2
1.053589704E1,-1.031751394E0,-1.075122803E-1,4.092797264E-2
1.053793135E1,-1.018923283E0,-1.056796908E-1,4.642575979E-2
1.053999997E1,-9.969320893E-1,-9.957103431E-2,6.169738993E-2
1.054203458E1,-9.724974632E-1,-8.918632567E-2,7.391469181E-2
1.054410362E1,-9.633345008E-1,-8.429940045E-2,8.063421398E-2
1.054613658E1,-9.407324791E-1,-7.269296050E-2,9.834930301E-2
1.054820474E1,-9.181304574E-1,-5.986479297E-2,1.123992056E-1
1.055028639E1,-9.046914577E-1,-5.131268129E-2,1.185078546E-1
1.055229012E1,-8.863654733E-1,-3.604105115E-2,1.350012124E-1
1.055424662E1,-8.631525636E-1,-1.527163107E-2,1.533271819E-1
1.055631501E1,-8.552113175E-1,-4.276056774E-3,1.569923609E-1
1.055834985E1,-8.374962807E-1,1.527163107E-2,1.771509200E-1
1.056041908E1,-8.173376918E-1,4.214970022E-2,1.863138974E-1
1.056245347E1,-8.075638413E-1,5.375614017E-2,1.942551434E-1
1.056452278E1,-7.935139537E-1,8.307767659E-2,2.046398520E-1
1.056655716E1,-7.806857824E-1,1.185078546E-1,2.168571651E-1
1.056862597E1,-7.678576112E-1,1.551597714E-1,2.278527319E-1
1.057070743E1,-7.629706860E-1,1.765400618E-1,2.351831198E-1
1.057266493E1,-7.544185519E-1,2.193006277E-1,2.419026345E-1
1.057478912E1,-7.446447611E-1,2.675589919E-1,2.504547536E-1
1.057669439E1,-7.446447611E-1,2.907718420E-1,2.553416789E-1
1.057869354E1,-7.379252315E-1,3.426954150E-1,2.602286041E-1
1.058076193E1,-7.373143435E-1,3.988949955E-1,2.651155293E-1
1.058279597E1,-7.360926270E-1,4.263839424E-1,2.693915665E-1
1.058486424E1,-7.360926270E-1,4.789183438E-1,2.755002379E-1
1.058689747E1,-7.360926270E-1,5.308418870E-1,2.834414840E-1
1.058896589E1,-7.367035151E-1,5.558874011E-1,2.852740586E-1
1.059104681E1,-7.367035151E-1,6.017022729E-1,2.944370508E-1
1.059305051E1,-7.342600226E-1,6.426302195E-1,3.017674387E-1
1.059519220E1,-7.324274182E-1,6.621779203E-1,3.042109013E-1
1.059702801E1,-7.305948138E-1,7.000515461E-1,3.072652221E-1
1.059902697E1,-7.281513810E-1,7.360926270E-1,3.115412891E-1
1.060109597E1,-7.299839854E-1,7.513642311E-1,3.127630055E-1
1.060313004E1,-7.367035151E-1,7.739662528E-1,3.158173263E-1
1.060519889E1,-7.458664775E-1,7.947356701E-1,3.103195429E-1
1.060723347E1,-7.525860071E-1,8.002334833E-1,3.011565804E-1
1.060930212E1,-7.745771408E-1,8.093964458E-1,2.926044464E-1
1.061138362E1,-8.002334833E-1,8.038986921E-1,2.730567753E-1
1.061334108E1,-8.124507666E-1,7.965682745E-1,2.608394623E-1
1.061534581E1,-8.442157507E-1,7.703011036E-1,2.376265824E-1
1.061741370E1,-8.747590184E-1,7.293730974E-1,2.064724565E-1
1.061944770E1,-8.918632865E-1,7.024950385E-1,1.838704348E-1
1.062151654E1,-9.205739498E-1,6.401867867E-1,1.521054506E-1
1.062355097E1,-9.462302923E-1,5.626068711E-1,1.111774743E-1
1.062562001E1,-9.682214260E-1,4.740314186E-1,6.719517708E-2
1.062765451E1,-9.779952765E-1,4.276056588E-1,4.459316283E-2
1.062972404E1,-9.999864101E-1,3.225368559E-1,-9.162978269E-3
1.063180593E1,-1.020144939E0,2.119702399E-1,-5.925392732E-2
1.063383089E1,-1.036027431E0,1.594358236E-1,-8.857546002E-2
1.063578970E1,-1.065959811E0,4.581489414E-2,-1.478293836E-1
1.063785912E1,-1.104444385E0,-6.475171447E-2,-2.101376504E-1
1.063989366E1,-1.123992085E0,-1.130100712E-1,-2.412917763E-1
1.064196239E1,-1.176526427E0,-2.070833147E-1,-3.109304011E-1
1.064399678E1,-1.235780358E0,-2.864958048E-1,-3.775147200E-1
1.064606581E1,-1.269377947E0,-3.164281845E-1,-4.105014503E-1
1.064809981E1,-1.338405728E0,-3.604104817E-1,-4.819726646E-1
1.065016916E1,-1.411709547E0,-3.860668242E-1,-5.448917747E-1
1.065225143E1,-1.452637553E0,-3.885102868E-1,-5.778785348E-1
1.065423420E1,-1.527773976E0,-3.836233616E-1,-6.365215778E-1
1.065638389E1,-1.598634362E0,-3.530801237E-1,-6.908885837E-1
1.065828928E1,-1.633453608E0,-3.341432810E-1,-7.171558142E-1
1.066028985E1,-1.692707539E0,-2.809980214E-1,-7.611380816E-1
1.066235847E1,-1.750739813E0,-2.168571651E-1,-8.020660877E-1
1.066439343E1,-1.773341775E0,-1.802052408E-1,-8.210029006E-1
1.066646239E1,-1.816713214E0,-1.001819000E-1,-8.509352803E-1
1.066849708E1,-1.850921750E0,-1.771509275E-2,-8.790351152E-1
1.067056658E1,-1.875967145E0,7.086037099E-2,-9.022479653E-1
1.067264916E1,-1.885130167E0,1.154535338E-1,-9.132435322E-1
1.067467389E1,-1.891849637E0,2.076941878E-1,-9.279043078E-1
1.067675289E1,-1.889406204E0,3.011565804E-1,-9.382890463E-1
1.067865785E1,-1.884519339E0,3.463605940E-1,-9.419541955E-1
1.068065781E1,-1.866804242E0,4.367686510E-1,-9.450085163E-1
1.068272670E1,-1.836871743E0,5.222898126E-1,-9.401215911E-1
1.068476085E1,-1.821600199E0,5.656611919E-1,-9.376781583E-1
1.068682997E1,-1.778228760E0,6.432411075E-1,-9.254608750E-1
1.068886489E1,-1.728137732E0,7.147123218E-1,-9.053022861E-1
1.069093343E1,-1.699427128E0,7.495316267E-1,-8.918632865E-1
1.069301524E1,-1.637729764E0,8.124507666E-1,-8.686503768E-1
1.069499912E1,-1.569923639E0,8.668177724E-1,-8.313875794E-1
1.069700716E1,-1.533271790E0,8.875871897E-1,-8.148942590E-1
1.069907620E1,-1.456913590E0,9.266825914E-1,-7.696902156E-1
1.070111058E1,-1.375668526E0,9.541715384E-1,-7.202101350E-1
1.070317916E1,-1.335351467E0,9.639453292E-1,-6.957755089E-1
1.070521354E1,-1.249830246E0,9.718865752E-1,-6.426302195E-1
1.070723889E1,-1.163698316E0,9.621127844E-1,-5.778785348E-1
1.070923635E1,-1.118494272E0,9.529497623E-1,-5.430592299E-1
1.071130566E1,-1.027475357E0,9.272934198E-1,-4.819726646E-1
1.071338762E1,-9.346238375E-1,8.906415105E-1,-4.098905921E-1
1.071541235E1,-8.362745047E-1,8.448266387E-1,-3.445279896E-1
1.071736912E1,-7.892379165E-1,8.197811842E-1,-3.139847219E-1
1.071943820E1,-6.933320761E-1,7.660250068E-1,-2.419026345E-1
1.072147328E1,-5.949827433E-1,7.104362845E-1,-1.795943826E-1
1.072354208E1,-5.497786999E-1,6.780604124E-1,-1.453859210E-1
1.072557647E1,-4.575380683E-1,6.157521605E-1,-8.552113175E-2
1.072764512E1,-3.616322279E-1,5.479460955E-1,-3.298672289E-2
1.072968020E1,-3.176499307E-1,5.112941861E-1,-7.941247895E-3
1.073174858E1,-2.321287990E-1,4.386012554E-1,3.909537569E-2
1.073383081E1,-1.447750628E-1,3.652974069E-1,7.880161703E-2
1.073581197E1,-1.044579595E-1,3.292563558E-1,9.224065393E-2
1.073793058E1,-2.626720630E-2,2.553416789E-1,1.252273768E-1
1.073987058E1,4.642575979E-2,1.857030392E-1,1.459967941E-1
1.074186997E1,8.002334833E-2,1.521054506E-1,1.502728462E-1
1.074393958E1,1.447750628E-1,8.857546002E-2,1.606575549E-1
1.074597308E1,2.046398520E-1,2.260201424E-2,1.661553532E-1
1.074804204E1,2.321287990E-1,-6.108652335E-3,1.655444801E-1
1.075007566E1,2.748893499E-1,-6.536258012E-2,1.606575549E-1
1.075214458E1,3.060434759E-1,-1.319468915E-1,1.557706445E-1
1.075422604E1,3.249803185E-1,-2.138028294E-1,1.569923609E-1
1.075624943E1,3.310889602E-1,-2.590068579E-1,1.557706445E-1
1.075839197E1,3.280346394E-1,-3.555235863E-1,1.667662114E-1
1.076022770E1,3.243694305E-1,-4.043927789E-1,1.710422635E-1
1.076222708E1,3.011565804E-1,-5.033529401E-1,1.893682331E-1
1.076429658E1,2.742784917E-1,-6.035348773E-1,2.083050460E-1
1.076633150E1,2.528982162E-1,-6.511823535E-1,2.180788964E-1
1.076840058E1,2.070833147E-1,-7.330383062E-1,2.351831198E-1
1.077043478E1,1.514945775E-1,-7.922922373E-1,2.431243658E-1
1.077251881E1,9.285151958E-2,-8.258898258E-1,2.449569702E-1
1.077458578E1,6.597344577E-2,-8.271115422E-1,2.339613885E-1
1.077653854E1,6.719517522E-3,-8.167268038E-1,2.058615834E-1
1.077856989E1,-3.787364438E-2,-7.831292152E-1,1.551597714E-1
1.078063881E1,-5.497787148E-2,-7.617489696E-1,1.246165112E-1
1.078267331E1,-7.757988572E-2,-7.031059265E-1,5.131268129E-2
1.078474178E1,-7.819075137E-2,-6.401867867E-1,-3.359758854E-2
1.078677600E1,-7.208210230E-2,-6.108652353E-1,-7.757988572E-2
1.078884366E1,-4.703662544E-2,-5.503895879E-1,-1.661553532E-1
1.079087847E1,-4.276056774E-3,-4.954117239E-1,-2.480112910E-1
1.079294708E1,2.138028294E-2,-4.703662395E-1,-2.889392674E-1
1.079502912E1,7.452555746E-2,-4.257730842E-1,-3.579670191E-1
1.079705393E1,1.331686229E-1,-3.854559660E-1,-4.166100919E-1
1.079900928E1,1.612684280E-1,-3.671300113E-1,-4.398229718E-1
1.080107804E1,2.186897546E-1,-3.329215646E-1,-4.770857692E-1
1.080311189E1,2.675589919E-1,-2.981022298E-1,-4.996877611E-1
1.080518066E1,3.072652221E-1,-2.657263875E-1,-5.155702829E-1
1.080721385E1,3.225368559E-1,-2.480112910E-1,-5.186246037E-1
1.080928347E1,3.445279896E-1,-2.156354338E-1,-5.155702829E-1
1.081131739E1,3.524692357E-1,-1.826487035E-1,-5.076290369E-1
1.081338616E1,3.500257730E-1,-1.643227488E-1,-5.009095073E-1
1.081546808E1,3.378084898E-1,-1.288925707E-1,-4.844161272E-1
1.081742097E1,3.121521473E-1,-9.224065393E-2,-4.605923891E-1
1.081954066E1,2.968805134E-1,-7.208210230E-2,-4.495968223E-1
1.082148108E1,2.541199327E-1,-3.359758854E-2,-4.239404798E-1
1.082348054E1,2.021963894E-1,9.162978269E-3,-3.946189582E-1
1.082554977E1,1.722639948E-1,3.054326214E-2,-3.775147200E-1
1.082758381E1,1.050688252E-1,7.513642311E-2,-3.469714522E-1
1.082965239E1,3.359758854E-2,1.172861308E-1,-3.133738637E-1
1.083168658E1,-5.497787148E-3,1.417207420E-1,-2.938261926E-1
1.083375531E1,-7.880161703E-2,1.826487035E-1,-2.608394623E-1
1.083583693E1,-1.545489132E-1,2.217440903E-1,-2.235766798E-1
1.083786816E1,-1.912008226E-1,2.419026345E-1,-2.083050460E-1
1.083994562E1,-2.583959997E-1,2.748893499E-1,-1.728748679E-1
1.084185158E1,-3.237585723E-1,3.017674387E-1,-1.374446750E-1
1.084385104E1,-3.494149148E-1,3.133738637E-1,-1.240056455E-1
1.084591939E1,-4.025602043E-1,3.274237812E-1,-9.285151958E-2
1.084795339E1,-4.459316432E-1,3.359758854E-1,-6.230825558E-2
1.085002250E1,-4.667010605E-1,3.378084898E-1,-4.886921868E-2
1.085205620E1,-4.996877611E-1,3.335324228E-1,-1.893682219E-2
1.085412485E1,-5.253441334E-1,3.243694305E-1,5.497787148E-3
1.085620674E1,-5.491678715E-1,3.078760803E-1,2.748893574E-2
1.085815897E1,-5.577199459E-1,2.999348342E-1,4.459316283E-2
1.086018939E1,-5.705481172E-1,2.809980214E-1,6.414084882E-2
1.086225820E1,-5.815436840E-1,2.571742535E-1,8.491026610E-2
1.086429320E1,-5.827654600E-1,2.461786866E-1,9.346238524E-2
1.086636135E1,-5.815436840E-1,2.229658216E-1,1.081231460E-1
1.086839635E1,-5.772676468E-1,1.985312104E-1,1.221730486E-1
1.087046535E1,-5.742133260E-1,1.881465018E-1,1.276708394E-1
1.087249958E1,-5.577199459E-1,1.606575549E-1,1.337794960E-1
1.087456893E1,-5.412266254E-1,1.362229437E-1,1.392772794E-1
1.087665039E1,-5.314527750E-1,1.264491081E-1,1.423316002E-1
1.087868124E1,-5.064072609E-1,9.896016866E-2,1.441642046E-1
1.088063681E1,-4.801400900E-1,7.757988572E-2,1.404990107E-1
1.088270639E1,-4.636467099E-1,6.414084882E-2,1.392772794E-1
1.088474127E1,-4.294382632E-1,4.276056588E-2,1.337794960E-1
1.088681112E1,-3.903428912E-1,1.588249579E-2,1.270599663E-1
1.088884593E1,-3.695734739E-1,1.832595794E-3,1.233947799E-1
1.089091439E1,-3.286454976E-1,-2.443460934E-2,1.136209369E-1
1.089294954E1,-2.852740586E-1,-5.192354694E-2,9.957103431E-2
1.089501793E1,-2.419026345E-1,-8.246681094E-2,8.857546002E-2
1.089709947E1,-2.186897546E-1,-9.957103431E-2,8.002334833E-2
1.089905293E1,-1.692096740E-1,-1.313360333E-1,5.925392732E-2
1.090117320E1,-1.221730486E-1,-1.649336219E-1,4.642575979E-2
1.090311400E1,-9.834930301E-2,-1.826487035E-1,3.420845419E-2
1.090511393E1,-4.886921868E-2,-2.174680233E-1,9.773843922E-3
1.090718377E1,-1.832595794E-3,-2.492330223E-1,-9.162978269E-3
1.090921793E1,2.260201424E-2,-2.645046413E-1,-2.015855350E-2
1.091128777E1,6.963863969E-2,-2.962696552E-1,-4.581489414E-2
1.091332297E1,1.160643995E-1,-3.249803185E-1,-6.719517708E-2
1.091539231E1,1.411098689E-1,-3.378084898E-1,-8.246681094E-2
1.091747500E1,1.814269722E-1,-3.652974069E-1,-1.038470939E-1
1.091948024E1,2.217440903E-1,-3.891211748E-1,-1.203404516E-1
1.092163427E1,2.388483137E-1,-3.995058835E-1,-1.301143020E-1
1.092347158E1,2.785545588E-1,-4.221078753E-1,-1.496619880E-1
1.092547193E1,3.084869385E-1,-4.471533597E-1,-1.588249654E-1
1.092754124E1,3.219259977E-1,-4.563163519E-1,-1.667662114E-1
1.092957585E1,3.506366611E-1,-4.764748812E-1,-1.789835095E-1
1.093164512E1,3.732386529E-1,-4.911356568E-1,-1.875356287E-1
1.093368008E1,3.830125034E-1,-4.996877611E-1,-1.912008226E-1
1.093574954E1,4.056145251E-1,-5.082398653E-1,-1.973094791E-1
1.093783189E1,4.178318381E-1,-5.161811113E-1,-2.015855312E-1
1.093978981E1,4.245513380E-1,-5.186246037E-1,-2.040289938E-1
1.094182097E1,4.373795092E-1,-5.174028873E-1,-2.083050460E-1
1.094389039E1,4.428772926E-1,-5.137376785E-1,-2.101376504E-1
1.094592481E1,4.489859641E-1,-5.051855445E-1,-2.101376504E-1
1.094799435E1,4.508185387E-1,-4.984660447E-1,-2.101376504E-1
1.095002912E1,4.526511431E-1,-4.850270152E-1,-2.095267773E-1
1.095205431E1,4.465425014E-1,-4.691445231E-1,-2.040289938E-1
1.095405377E1,4.440990388E-1,-4.624249935E-1,-1.985312104E-1
1.095612285E1,4.373795092E-1,-4.386012554E-1,-1.973094791E-1
1.095820520E1,4.300491214E-1,-4.166100919E-1,-1.960877478E-1
1.096020985E1,4.239404798E-1,-4.074471295E-1,-1.881465018E-1
1.096216804E1,4.135557711E-1,-3.854559660E-1,-1.802052408E-1
1.096423685E1,4.001167417E-1,-3.585779071E-1,-1.728748679E-1
1.096627077E1,3.940080702E-1,-3.475823104E-1,-1.679879427E-1
1.096834016E1,3.824016452E-1,-3.207042515E-1,-1.594358236E-1
1.097037501E1,3.652974069E-1,-2.944370508E-1,-1.502728462E-1
1.097244439E1,3.622430861E-1,-2.834414840E-1,-1.441642046E-1
1.097447885E1,3.475823104E-1,-2.577851415E-1,-1.362229437E-1
1.097654820E1,3.335324228E-1,-2.357939780E-1,-1.246165112E-1
1.097863020E1,3.274237812E-1,-2.272418737E-1,-1.185078546E-1
1.098058789E1,3.207042515E-1,-2.076941878E-1,-1.111774743E-1
1.098270674E1,3.029891551E-1,-1.905899495E-1,-9.529497474E-2
1.098464754E1,3.017674387E-1,-1.826487035E-1,-9.590584040E-2
1.098664677E1,2.877175212E-1,-1.722639948E-1,-8.491026610E-2
1.098871616E1,2.773328125E-1,-1.612684280E-1,-7.147123665E-2
1.099075024E1,2.736676335E-1,-1.582140923E-1,-7.024950534E-2
1.099281904E1,2.596177161E-1,-1.551597714E-1,-6.047565863E-2
1.099485393E1,2.498438805E-1,-1.527163088E-1,-4.886921868E-2
1.099692327E1,2.400700450E-1,-1.569923609E-1,-4.153883830E-2
1.099900493E1,2.345722616E-1,-1.576032341E-1,-3.909537569E-2
1.100100981E1,2.247984111E-1,-1.649336219E-1,-2.993239649E-2
1.100308874E1,2.180788964E-1,-1.734857261E-1,-2.626720630E-2
1.100499408E1,2.125810981E-1,-1.783726513E-1,-2.321287990E-2
1.100699358E1,2.028072625E-1,-1.912008226E-1,-1.404990070E-2
1.100906262E1,1.930334121E-1,-2.052507252E-1,-1.282817032E-2
1.101109700E1,1.905899495E-1,-2.131919712E-1,-9.773843922E-3
1.101316577E1,1.832595766E-1,-2.296853364E-1,-2.443460980E-3
1.101519974E1,1.765400618E-1,-2.461786866E-1,-2.443460980E-3
1.101726881E1,1.728748679E-1,-2.553416789E-1,6.108652451E-4
1.101935004E1,1.685988009E-1,-2.748893499E-1,2.443460980E-3
1.102130670E1,1.606575549E-1,-2.919935882E-1,4.276056774E-3
1.102333850E1,1.576032341E-1,-3.036000133E-1,6.108652335E-3
1.102540666E1,1.533271819E-1,-3.207042515E-1,7.941247895E-3
1.102744100E1,1.508837193E-1,-3.390302062E-1,4.276056774E-3
1.102950985E1,1.453859210E-1,-3.475823104E-1,9.162978269E-3
1.103154431E1,1.453859210E-1,-3.659082949E-1,1.099557430E-2
1.103361239E1,1.398881376E-1,-3.830125034E-1,6.719517522E-3
1.103564708E1,1.411098689E-1,-3.927863538E-1,7.330383174E-3
1.103771616E1,1.386664063E-1,-4.068362415E-1,7.941247895E-3
1.103979785E1,1.362229437E-1,-4.276056588E-1,4.276056774E-3
1.104180250E1,1.343903542E-1,-4.434881806E-1,5.497787148E-3
1.104375789E1,1.356120855E-1,-4.508185387E-1,4.886921961E-3
1.104582550E1,1.356120855E-1,-4.685336351E-1,-1.221730490E-3
1.104785997E1,1.356120855E-1,-4.856378734E-1,-1.221730490E-3
1.104992812E1,1.350012124E-1,-4.954117239E-1,1.832595794E-3
1.105196177E1,1.362229437E-1,-5.143485069E-1,-3.054326167E-3
1.105403047E1,1.343903542E-1,-5.351179838E-1,-6.108652451E-4
1.105606458E1,1.374446750E-1,-5.436700583E-1,-1.832595794E-3
1.105813385E1,1.374446750E-1,-5.674937963E-1,-4.886921961E-3
1.106021477E1,1.411098689E-1,-5.900958180E-1,-4.886921961E-3
1.106217200E1,1.392772794E-1,-6.047565937E-1,-1.832595794E-3
1.106429093E1,1.435533315E-1,-6.298020482E-1,-2.443460980E-3
1.106623139E1,1.447750628E-1,-6.554583907E-1,2.443460980E-3
1.106823031E1,1.472185254E-1,-6.725626588E-1,4.886921961E-3
1.107029974E1,1.508837193E-1,-7.012733221E-1,4.886921961E-3
1.107233450E1,1.502728462E-1,-7.263187766E-1,1.099557430E-2
1.107440312E1,1.545489132E-1,-7.391469479E-1,1.221730467E-2
1.107643770E1,1.594358236E-1,-7.611380816E-1,1.588249579E-2
1.107850612E1,1.661553532E-1,-7.831292152E-1,1.954768784E-2
1.108058835E1,1.704314053E-1,-8.026769161E-1,1.954768784E-2
1.108259347E1,1.722639948E-1,-8.106181622E-1,2.138028294E-2
1.108473458E1,1.771509200E-1,-8.277224302E-1,2.260201424E-2
1.108656989E1,1.808161139E-1,-8.350527883E-1,2.504547499E-2
1.108856954E1,1.844813079E-1,-8.460483551E-1,2.748893574E-2
1.109063804E1,1.887573600E-1,-8.582656980E-1,2.687807009E-2
1.109267220E1,1.875356287E-1,-8.637634516E-1,3.176499158E-2
1.109474112E1,1.942551434E-1,-8.704829812E-1,3.054326214E-2
1.109677504E1,1.936442852E-1,-8.747590184E-1,3.420845419E-2
1.109884427E1,1.960877478E-1,-8.765916228E-1,3.420845419E-2
1.110092639E1,1.966986060E-1,-8.790351152E-1,3.481931984E-2
1.110288431E1,1.966986060E-1,-8.863654733E-1,4.092797264E-2
1.110491516E1,1.936442852E-1,-8.918632865E-1,4.520402849E-2
1.110698416E1,1.936442852E-1,-8.949176073E-1,4.520402849E-2
1.110901847E1,1.942551434E-1,-9.046914577E-1,5.375614017E-2
1.111108704E1,1.905899495E-1,-9.108000994E-1,5.803219974E-2
1.111312039E1,1.905899495E-1,-9.150761366E-1,5.925392732E-2
1.111518993E1,1.881465018E-1,-9.236282706E-1,6.597344577E-2
1.111722374E1,1.893682331E-1,-9.303477407E-1,7.391469181E-2
1.111929235E1,1.881465018E-1,-9.327912331E-1,7.696902007E-2
1.112137377E1,1.881465018E-1,-9.401215911E-1,8.368854225E-2
1.112337781E1,1.899790913E-1,-9.462302923E-1,8.857546002E-2
1.112533331E1,1.899790913E-1,-9.535606503E-1,9.101892263E-2
1.112740139E1,1.887573600E-1,-9.663888216E-1,9.896016866E-2
1.112943539E1,1.893682331E-1,-9.816604257E-1,1.062905490E-1
1.113150339E1,1.875356287E-1,-9.920451641E-1,1.093448773E-1
1.113353735E1,1.881465018E-1,-1.006095052E0,1.154535338E-1
1.113560547E1,1.930334121E-1,-1.020755768E0,1.172861308E-1
1.113763939E1,1.893682331E-1,-1.037860036E0,1.221730486E-1
1.113970831E1,1.893682331E-1,-1.044579625E0,1.252273768E-1
1.114179020E1,1.893682331E-1,-1.061683774E0,1.264491081E-1
1.114374747E1,1.881465018E-1,-1.078177214E0,1.301143020E-1
1.114586593E1,1.869247705E-1,-1.090394497E0,1.295034289E-1
1.114780512E1,1.838704348E-1,-1.106887817E0,1.325577646E-1
1.114980458E1,1.832595766E-1,-1.125824690E0,1.362229437E-1
1.115187289E1,1.783726513E-1,-1.137431145E0,1.417207420E-1
1.115390712E1,1.783726513E-1,-1.157589674E0,1.398881376E-1
1.115597577E1,1.734857261E-1,-1.177748203E0,1.441642046E-1
1.115800908E1,1.728748679E-1,-1.189354658E0,1.478293836E-1
1.116007827E1,1.673770845E-1,-1.211956620E0,1.484402567E-1
1.116215954E1,1.649336219E-1,-1.233336926E0,1.545489132E-1
1.116416577E1,1.643227488E-1,-1.243110776E0,1.576032341E-1
1.116624366E1,1.618792862E-1,-1.262658477E0,1.582140923E-1
1.116814904E1,1.563815027E-1,-1.282206178E0,1.618792862E-1
1.117014793E1,1.582140923E-1,-1.293201685E0,1.631010175E-1
1.117221658E1,1.563815027E-1,-1.307862520E0,1.649336219E-1
1.117425124E1,1.563815027E-1,-1.319468975E0,1.685988009E-1
1.117631993E1,1.557706445E-1,-1.326188445E0,1.698205322E-1
1.117835331E1,1.539380401E-1,-1.339627504E0,1.667662114E-1
1.118043766E1,1.527163088E-1,-1.355509996E0,1.710422635E-1
1.118250520E1,1.514945775E-1,-1.365894675E0,1.734857261E-1
1.118446304E1,1.502728462E-1,-1.373835921E0,1.728748679E-1
1.118649331E1,1.484402567E-1,-1.385442376E0,1.759291887E-1
1.118856193E1,1.447750628E-1,-1.391551018E0,1.759291887E-1
1.119059577E1,1.472185254E-1,-1.397659659E0,1.722639948E-1
1.119266412E1,1.435533315E-1,-1.401935697E0,1.722639948E-1
1.119469793E1,1.453859210E-1,-1.403768301E0,1.734857261E-1
1.119672224E1,1.472185254E-1,-1.401324868E0,1.679879427E-1
1.119872070E1,1.441642046E-1,-1.401324868E0,1.740965992E-1
1.120078950E1,1.466076523E-1,-1.395827055E0,1.710422635E-1
1.120287131E1,1.459967941E-1,-1.398270488E0,1.704314053E-1
1.120487493E1,1.496619880E-1,-1.395216227E0,1.728748679E-1
1.120683139E1,1.527163088E-1,-1.392161846E0,1.765400618E-1
1.120889996E1,1.557706445E-1,-1.389718413E0,1.753183305E-1
1.121093366E1,1.600466967E-1,-1.390329242E0,1.789835095E-1
1.121300246E1,1.661553532E-1,-1.389718413E0,1.826487035E-1
1.121503666E1,1.679879427E-1,-1.389107585E0,1.838704348E-1
1.121710470E1,1.747074574E-1,-1.382998943E0,1.863138974E-1
1.121913854E1,1.759291887E-1,-1.378111959E0,1.863138974E-1
1.122120677E1,1.789835095E-1,-1.375057697E0,1.832595766E-1
1.122328820E1,1.832595766E-1,-1.368949056E0,1.844813079E-1
1.122524427E1,1.881465018E-1,-1.362840414E0,1.850921661E-1
1.122736212E1,1.905899495E-1,-1.359786034E0,1.826487035E-1
1.122930197E1,1.936442852E-1,-1.351844788E0,1.820378453E-1
1.123130139E1,1.991420686E-1,-1.345736146E0,1.783726513E-1
1.123336946E1,1.979203373E-1,-1.345125318E0,1.783726513E-1
1.123540316E1,2.076941878E-1,-1.344514370E0,1.771509200E-1
1.123747216E1,2.150245607E-1,-1.345736146E0,1.753183305E-1
1.123950550E1,2.193006277E-1,-1.348179579E0,1.728748679E-1
1.124157566E1,2.266310006E-1,-1.357953429E0,1.759291887E-1
1.124365677E1,2.339613885E-1,-1.366505504E0,1.740965992E-1
1.124568031E1,2.437352389E-1,-1.376279354E0,1.716531366E-1
1.124782154E1,2.480112910E-1,-1.380555511E0,1.740965992E-1
1.124965677E1,2.571742535E-1,-1.387885809E0,1.710422635E-1
1.125165643E1,2.651155293E-1,-1.393994451E0,1.692096740E-1
1.125372512E1,2.706133127E-1,-1.399492264E0,1.673770845E-1
1.125575927E1,2.779437006E-1,-1.410487890E0,1.649336219E-1
1.125782823E1,2.877175212E-1,-1.423926830E0,1.624901593E-1
1.125986258E1,2.919935882E-1,-1.433700681E0,1.643227488E-1
1.126193200E1,3.017674387E-1,-1.445307136E0,1.649336219E-1
1.126401458E1,3.182607889E-1,-1.464244008E0,1.661553532E-1
1.126599712E1,3.255911767E-1,-1.470963478E0,1.667662114E-1
1.126802839E1,3.378084898E-1,-1.488067746E0,1.679879427E-1
1.127009793E1,3.536909819E-1,-1.505782843E0,1.698205322E-1
1.127213258E1,3.659082949E-1,-1.513724089E0,1.679879427E-1
1.127420123E1,3.817907870E-1,-1.533882618E0,1.704314053E-1
1.127623635E1,3.970624208E-1,-1.551597714E0,1.698205322E-1
1.127830593E1,4.074471295E-1,-1.560760736E0,1.740965992E-1
1.128034081E1,4.202753007E-1,-1.576032281E0,1.765400618E-1
1.128240985E1,4.349360466E-1,-1.587027907E0,1.783726513E-1
1.128449196E1,4.477642179E-1,-1.598634362E0,1.789835095E-1
1.128651677E1,4.538728893E-1,-1.601077795E0,1.802052408E-1
1.128847177E1,4.624249935E-1,-1.608408213E0,1.777617931E-1
1.129054100E1,4.709770977E-1,-1.611462474E0,1.789835095E-1
1.129257546E1,4.734205604E-1,-1.615127683E0,1.820378453E-1
1.129464443E1,4.740314186E-1,-1.621236324E0,1.802052408E-1
1.129667962E1,4.740314186E-1,-1.624901533E0,1.814269722E-1
1.129874900E1,4.770857692E-1,-1.628566742E0,1.808161139E-1
1.130078316E1,4.758640230E-1,-1.631621122E0,1.838704348E-1
1.130285258E1,4.709770977E-1,-1.635286212E0,1.863138974E-1
1.130493400E1,4.709770977E-1,-1.632231951E0,1.844813079E-1
1.130691585E1,4.667010605E-1,-1.629177570E0,1.857030392E-1
1.130903462E1,4.587597847E-1,-1.624901533E0,1.875356287E-1
1.131097500E1,4.532620013E-1,-1.620625496E0,1.850921661E-1
1.131297397E1,4.422664344E-1,-1.612073421E0,1.826487035E-1
1.131504358E1,4.288274050E-1,-1.604132175E0,1.832595766E-1
1.131707727E1,4.239404798E-1,-1.598634362E0,1.759291887E-1
1.131914635E1,4.086688459E-1,-1.586417079E0,1.722639948E-1
1.132118070E1,3.915646076E-1,-1.572367191E0,1.710422635E-1
1.132325008E1,3.750712574E-1,-1.557095528E0,1.655444801E-1
1.132533200E1,3.659082949E-1,-1.550375938E0,1.643227488E-1
1.132733466E1,3.494149148E-1,-1.535104394E0,1.661553532E-1
1.132941289E1,3.268128932E-1,-1.522887111E0,1.618792862E-1
1.133131766E1,3.182607889E-1,-1.514945865E0,1.582140923E-1
1.133331743E1,2.962696552E-1,-1.503339410E0,1.582140923E-1
1.133538604E1,2.748893499E-1,-1.492343783E0,1.551597714E-1
1.133741950E1,2.669481039E-1,-1.487456918E0,1.545489132E-1
1.133948843E1,2.406809032E-1,-1.478293896E0,1.588249654E-1
1.134152270E1,2.186897546E-1,-1.466076612E0,1.557706445E-1
1.134359131E1,2.058615834E-1,-1.459967971E0,1.551597714E-1
1.134567346E1,1.838704348E-1,-1.448972344E0,1.606575549E-1
1.134762800E1,1.618792862E-1,-1.431257248E0,1.563815027E-1
1.134965800E1,1.478293836E-1,-1.426370382E0,1.582140923E-1
1.135172662E1,1.282816976E-1,-1.411709547E0,1.624901593E-1
1.135376104E1,1.069014147E-1,-1.399492264E0,1.631010175E-1
1.135582981E1,9.773843735E-2,-1.393994451E0,1.612684280E-1
1.135786416E1,7.452555746E-2,-1.381777167E0,1.722639948E-1
1.135993289E1,5.375614017E-2,-1.368949056E0,1.716531366E-1
1.136196704E1,4.214970022E-2,-1.362840414E0,1.759291887E-1
1.136403516E1,2.321287990E-2,-1.347568750E0,1.802052408E-1
1.136611773E1,4.276056774E-3,-1.332907915E0,1.777617931E-1
1.136812323E1,-5.497787148E-3,-1.328631878E0,1.814269722E-1
1.137007866E1,-2.382374369E-2,-1.318247199E0,1.850921661E-1
1.137214789E1,-3.848451003E-2,-1.306640744E0,1.857030392E-1
1.137418177E1,-5.009094998E-2,-1.303586483E0,1.863138974E-1
1.137625112E1,-6.291911751E-2,-1.296866894E0,1.942551434E-1
1.137828550E1,-7.819075137E-2,-1.291980028E0,1.936442852E-1
1.138035435E1,-9.162978828E-2,-1.288314819E0,1.954768747E-1
1.138238873E1,-9.834930301E-2,-1.287093043E0,1.979203373E-1
1.138445754E1,-1.093448773E-1,-1.288925648E0,1.960877478E-1
1.138653970E1,-1.240056455E-1,-1.290147424E0,1.954768747E-1
1.138852447E1,-1.307251602E-1,-1.289536476E0,1.954768747E-1
1.139064481E1,-1.435533315E-1,-1.296866894E0,1.899790913E-1
1.139258497E1,-1.502728462E-1,-1.303586483E0,1.869247705E-1
1.139458427E1,-1.563815027E-1,-1.310916781E0,1.893682331E-1
1.139665323E1,-1.637118906E-1,-1.321912408E0,1.814269722E-1
1.139868777E1,-1.679879427E-1,-1.340849161E0,1.765400618E-1
1.140075623E1,-1.698205322E-1,-1.349401355E0,1.740965992E-1
1.140279085E1,-1.747074574E-1,-1.365894675E0,1.661553532E-1
1.140485981E1,-1.795943826E-1,-1.387885809E0,1.624901593E-1
1.140694223E1,-1.808161139E-1,-1.398881435E0,1.624901593E-1
1.140896808E1,-1.838704348E-1,-1.426370382E0,1.551597714E-1
1.141110931E1,-1.863138974E-1,-1.453248382E0,1.478293836E-1
1.141294508E1,-1.887573600E-1,-1.470963478E0,1.502728462E-1
1.141494520E1,-1.881465018E-1,-1.503950238E0,1.429424733E-1
1.141701335E1,-1.905899495E-1,-1.541213036E0,1.411098689E-1
1.141904823E1,-1.899790913E-1,-1.557706356E0,1.423316002E-1
1.142111735E1,-1.930334121E-1,-1.592525721E0,1.380555481E-1
1.142315162E1,-1.948660165E-1,-1.623679876E0,1.374446750E-1
1.142522020E1,-2.003637999E-1,-1.651779652E0,1.350012124E-1
1.142730243E1,-2.009746730E-1,-1.660942554E0,1.288925707E-1
1.142928593E1,-2.076941878E-1,-1.679879427E0,1.246165112E-1
1.143131658E1,-2.162462920E-1,-1.698205352E0,1.203404516E-1
1.143338523E1,-2.199114859E-1,-1.706146598E0,1.136209369E-1
1.143541977E1,-2.247984111E-1,-1.725083470E0,1.111774743E-1
1.143748846E1,-2.272418737E-1,-1.748296380E0,1.075122803E-1
1.143952266E1,-2.315179259E-1,-1.758070230E0,1.044579595E-1
1.144154746E1,-2.278527319E-1,-1.777006984E0,1.044579595E-1
1.144354677E1,-2.241875380E-1,-1.796554685E0,1.056796908E-1
1.144561600E1,-2.193006277E-1,-1.806939363E0,1.032362282E-1
1.144769766E1,-2.131919712E-1,-1.824654460E0,1.093448773E-1
1.144972273E1,-2.028072625E-1,-1.841147900E0,1.111774743E-1
1.145168058E1,-1.960877478E-1,-1.847867370E0,1.117883399E-1
1.145375027E1,-1.863138974E-1,-1.858252048E0,1.136209369E-1
1.145578496E1,-1.716531366E-1,-1.861917257E0,1.172861308E-1
1.145785385E1,-1.673770845E-1,-1.860695481E0,1.142318025E-1
1.145988762E1,-1.533271819E-1,-1.859473825E0,1.178969890E-1
1.146195631E1,-1.392772794E-1,-1.852754235E0,1.185078546E-1
1.146399112E1,-1.233947799E-1,-1.840536952E0,1.081231460E-1
1.146606020E1,-1.172861308E-1,-1.835039139E0,1.093448773E-1
1.146814189E1,-1.044579595E-1,-1.820378423E0,1.069014147E-1
1.147010020E1,-8.979719132E-2,-1.798387289E0,1.020144969E-1
1.147221939E1,-8.613199741E-2,-1.788613439E0,9.896016866E-2
1.147415920E1,-7.330382615E-2,-1.766622305E0,9.590584040E-2
1.147615816E1,-5.864306539E-2,-1.736689925E0,8.796459436E-2
1.147822631E1,-5.131268129E-2,-1.725083470E0,8.735372871E-2
1.148025996E1,-4.092797264E-2,-1.695761919E0,8.185594529E-2
1.148232923E1,-2.993239649E-2,-1.664607763E0,7.819075137E-2
1.148436358E1,-2.687807009E-2,-1.648114443E0,7.452555746E-2
1.148643270E1,-1.832595654E-2,-1.615127683E0,6.780604273E-2
1.148851412E1,-1.466076635E-2,-1.581530094E0,6.169738993E-2
1.149051873E1,-1.221730467E-2,-1.566258430E0,5.925392732E-2
1.149259681E1,-8.552113548E-3,-1.529606581E0,4.948008433E-2
1.149450196E1,-1.038470957E-2,-1.494787216E0,3.604105115E-2
1.149650146E1,-1.099557430E-2,-1.479515672E0,3.115412779E-2
1.149857043E1,-1.221730467E-2,-1.442252874E0,1.771509275E-2
1.150060531E1,-1.404990070E-2,-1.405600905E0,4.886921961E-3
1.150267454E1,-1.771509275E-2,-1.387274981E0,-2.443460980E-3
1.150470900E1,-1.832595654E-2,-1.351233959E0,-1.710422710E-2
1.150677831E1,-2.199114859E-2,-1.313971162E0,-3.481931984E-2
1.150885989E1,-2.199114859E-2,-1.297477722E0,-4.092797264E-2
1.151081727E1,-2.871066704E-2,-1.266934514E0,-5.681046844E-2
1.151284804E1,-3.543018550E-2,-1.237002134E0,-6.902777404E-2
1.151491704E1,-3.726277873E-2,-1.218676209E0,-7.452555746E-2
1.151695170E1,-4.520402849E-2,-1.193019867E0,-9.101892263E-2
1.151902096E1,-5.009094998E-2,-1.165530920E0,-1.026253626E-1
1.152105550E1,-5.558873713E-2,-1.141096234E0,-1.130100712E-1
1.152312389E1,-6.169738993E-2,-1.128878951E0,-1.178969890E-1
1.152515735E1,-6.963863969E-2,-1.103833556E0,-1.288925707E-1
1.152722643E1,-7.147123665E-2,-1.083674908E0,-1.386664063E-1
1.152930812E1,-7.635815442E-2,-1.076344609E0,-1.447750628E-1
1.153131458E1,-7.941248268E-2,-1.061683774E0,-1.502728462E-1
1.153327035E1,-8.307767659E-2,-1.048244715E0,-1.557706445E-1
1.153534046E1,-8.002334833E-2,-1.042136073E0,-1.600466967E-1
1.153737458E1,-8.063421398E-2,-1.023810148E0,-1.685988009E-1
1.153944439E1,-8.491026610E-2,-1.007316828E0,-1.771509200E-1
1.154147881E1,-8.307767659E-2,-9.999864101E-1,-1.820378453E-1
1.154354816E1,-7.757988572E-2,-9.883799553E-1,-1.887573600E-1
1.154558308E1,-6.780604273E-2,-9.804387093E-1,-1.905899495E-1
1.154765266E1,-6.108652428E-2,-9.761626720E-1,-1.979203373E-1
1.154973377E1,-5.009094998E-2,-9.676105380E-1,-2.046398520E-1
1.155169193E1,-3.665191308E-2,-9.639453292E-1,-2.131919712E-1
1.155381177E1,-2.321287990E-2,-9.627236128E-1,-2.205223590E-1
1.155575243E1,-1.466076635E-2,-9.608910084E-1,-2.254092693E-1
1.155775277E1,6.108652451E-4,-9.535606503E-1,-2.400700450E-1
1.155982196E1,1.038470957E-2,-9.468411207E-1,-2.419026345E-1
1.156185639E1,2.199114859E-2,-9.364564419E-1,-2.535090744E-1
1.156392562E1,3.604105115E-2,-9.224064946E-1,-2.675589919E-1
1.156596020E1,4.459316283E-2,-9.083566070E-1,-2.840523422E-1
1.156803004E1,4.886921868E-2,-9.016370773E-1,-2.895501256E-1
1.157011273E1,5.314527452E-2,-8.857545853E-1,-3.048217595E-1
1.157211816E1,5.497787148E-2,-8.692612648E-1,-3.219259977E-1
1.157425996E1,5.558873713E-2,-8.607091308E-1,-3.292563558E-1
1.157609616E1,5.375614017E-2,-8.442157507E-1,-3.457497358E-1
1.157809589E1,5.314527452E-2,-8.271115422E-1,-3.604104817E-1
1.158016554E1,5.070181563E-2,-8.142833710E-1,-3.665191531E-1
1.158220023E1,4.581489414E-2,-7.935139537E-1,-3.805690408E-1
1.158426931E1,3.298672289E-2,-7.733554244E-1,-3.976732790E-1
1.158630381E1,2.321287990E-2,-7.617489696E-1,-4.037819207E-1
1.158838816E1,3.054326167E-3,-7.501425147E-1,-4.196644127E-1
1.159045546E1,-1.710422710E-2,-7.360926270E-1,-4.367686510E-1
1.159241350E1,-2.809980139E-2,-7.318165898E-1,-4.489859641E-1
1.159442096E1,-5.619960278E-2,-7.220427394E-1,-4.630358517E-1
1.159649023E1,-8.857546002E-2,-7.183775306E-1,-4.776966274E-1
1.159852516E1,-1.069014147E-1,-7.183775306E-1,-4.868595898E-1
1.160059427E1,-1.404990107E-1,-7.220427394E-1,-5.064072609E-1
1.160262831E1,-1.783726513E-1,-7.293730974E-1,-5.235115290E-1
1.160469689E1,-1.979203373E-1,-7.354817390E-1,-5.345070958E-1
1.160673073E1,-2.388483137E-1,-7.470881939E-1,-5.564982295E-1
1.160879989E1,-2.803871334E-1,-7.574729323E-1,-5.748242140E-1
1.161088150E1,-3.243694305E-1,-7.690793276E-1,-5.943718553E-1
1.161290666E1,-3.463605940E-1,-7.782423496E-1,-6.041457057E-1
1.161486300E1,-3.921754956E-1,-7.874053121E-1,-6.163630486E-1
1.161693216E1,-4.404338300E-1,-7.953465581E-1,-6.316346526E-1
1.161896739E1,-4.630358517E-1,-8.002334833E-1,-6.371324658E-1
1.162103685E1,-5.119050741E-1,-8.063421249E-1,-6.426302195E-1
1.162307100E1,-5.632177591E-1,-8.081747293E-1,-6.493497491E-1
1.162513885E1,-5.839871764E-1,-8.100073338E-1,-6.524040699E-1
1.162717300E1,-6.334672570E-1,-8.161159754E-1,-6.499606371E-1
1.162924212E1,-6.774495840E-1,-8.210029006E-1,-6.524040699E-1
1.163132389E1,-6.957755089E-1,-8.197811842E-1,-6.554583907E-1
1.163330727E1,-7.354817390E-1,-8.161159754E-1,-6.469063163E-1
1.163542862E1,-7.764097452E-1,-8.038986921E-1,-6.456845403E-1
1.163736873E1,-7.910705209E-1,-7.984008789E-1,-6.426302195E-1
1.163936800E1,-8.203920126E-1,-7.806857824E-1,-6.377432942E-1
1.164143750E1,-8.503243923E-1,-7.635815740E-1,-6.273586154E-1
1.164347185E1,-8.668177724E-1,-7.574729323E-1,-6.206390858E-1
1.164554108E1,-8.888089061E-1,-7.379252315E-1,-6.114761233E-1
1.164757504E1,-9.095783234E-1,-7.073819637E-1,-6.010913849E-1
1.164964458E1,-9.272934198E-1,-6.817256212E-1,-5.870414972E-1
1.165172735E1,-9.327912331E-1,-6.707300544E-1,-5.809328556E-1
1.165375289E1,-9.474520087E-1,-6.432411075E-1,-5.662720799E-1
1.165583204E1,-9.553932548E-1,-6.157521605E-1,-5.479460955E-1
1.165773758E1,-9.608910084E-1,-6.017022729E-1,-5.387831330E-1
1.165973750E1,-9.688322544E-1,-5.742133260E-1,-5.167919993E-1
1.166180739E1,-9.724974632E-1,-5.424483418E-1,-4.984660447E-1
1.166384162E1,-9.712757468E-1,-5.277875662E-1,-4.862487316E-1
1.166591089E1,-9.743300676E-1,-4.935791194E-1,-4.642575979E-1
1.166794519E1,-9.743300676E-1,-4.563163519E-1,-4.410447180E-1
1.167001500E1,-9.706648588E-1,-4.367686510E-1,-4.294382632E-1
1.167209650E1,-9.663888216E-1,-3.988949955E-1,-4.074471295E-1
1.167404854E1,-9.584475756E-1,-3.604104817E-1,-3.805690408E-1
1.167608000E1,-9.547823668E-1,-3.408628106E-1,-3.652974069E-1
1.167814950E1,-9.443976879E-1,-2.956587672E-1,-3.347541690E-1
1.168018454E1,-9.297369123E-1,-2.504547536E-1,-3.060434759E-1
1.168225462E1,-9.199630618E-1,-2.272418737E-1,-2.846632004E-1
1.168428977E1,-9.010262489E-1,-1.783726513E-1,-2.455678284E-1
1.168631535E1,-8.759807348E-1,-1.307251602E-1,-2.101376504E-1
1.168831516E1,-8.655960560E-1,-1.069014147E-1,-1.875356287E-1
1.169038389E1,-8.381071091E-1,-5.742133409E-2,-1.472185254E-1
1.169246654E1,-8.106181622E-1,-6.108652335E-3,-1.069014147E-1
1.169446581E1,-7.971791625E-1,2.199114859E-2,-9.162978828E-2
1.169642366E1,-7.678576112E-1,7.696902007E-2,-5.681046844E-2
1.169849277E1,-7.367035151E-1,1.386664063E-1,-2.504547499E-2
1.170052789E1,-7.208209634E-1,1.685988009E-1,-1.099557430E-2
1.170259719E1,-6.866125464E-1,2.327396572E-1,2.199114859E-2
1.170463189E1,-6.542366743E-1,2.999348342E-1,4.276056588E-2
1.170670062E1,-6.255260110E-1,3.640756905E-1,6.780604273E-2
1.170873516E1,-6.072000265E-1,3.995058835E-1,7.330382615E-2
1.171080485E1,-5.784893632E-1,4.642575979E-1,9.224065393E-2
1.171288658E1,-5.479460955E-1,5.296201706E-1,1.075122803E-1
1.171483889E1,-5.314527750E-1,5.632177591E-1,1.130100712E-1
1.171695912E1,-4.990769029E-1,6.267477274E-1,1.209513173E-1
1.171890142E1,-4.679227769E-1,6.963863969E-1,1.270599663E-1
1.172089981E1,-4.514294267E-1,7.324274182E-1,1.295034289E-1
1.172296908E1,-4.208861589E-1,8.051204085E-1,1.288925707E-1
1.172500443E1,-3.909537494E-1,8.765916228E-1,1.331686229E-1
1.172707323E1,-3.738495409E-1,9.132435322E-1,1.288925707E-1
1.172910808E1,-3.439171314E-1,9.877691269E-1,1.264491081E-1
1.173117739E1,-3.121521473E-1,1.066570759E0,1.215621829E-1
1.173325904E1,-2.993239760E-1,1.102000952E0,1.191187203E-1
1.173526104E1,-2.675589919E-1,1.178969979E0,1.099557430E-1
1.173740296E1,-2.412917763E-1,1.256549835E0,1.020144969E-1
1.173923966E1,-2.235766798E-1,1.297477722E0,9.346238524E-2
1.174123966E1,-1.912008226E-1,1.380555511E0,7.941248268E-2
1.174330831E1,-1.637118906E-1,1.460578799E0,6.719517708E-2
1.174534242E1,-1.502728462E-1,1.502117634E0,5.925392732E-2
1.174741196E1,-1.270599663E-1,1.580919266E0,4.214970022E-2
1.174944677E1,-1.050688252E-1,1.663386106E0,2.076941915E-2
1.175151685E1,-9.285151958E-2,1.707368374E0,7.941247895E-3
1.175359900E1,-7.757988572E-2,1.788613439E0,-1.832595654E-2
1.175558262E1,-6.536258012E-2,1.873523712E0,-5.192354694E-2
1.175761450E1,-5.497787148E-2,1.955379605E0,-9.285151958E-2
1.175968331E1,-5.314527452E-2,1.992642403E0,-1.099557430E-1
1.176171773E1,-5.009094998E-2,2.071444035E0,-1.539380401E-1
1.176378654E1,-4.948008433E-2,2.148413181E0,-2.083050460E-1
1.176582104E1,-5.314527452E-2,2.185065031E0,-2.302961946E-1
1.176788931E1,-5.436700583E-2,2.258979559E0,-2.932153046E-1
1.176992323E1,-6.291911751E-2,2.323731422E0,-3.628539443E-1
1.177199189E1,-6.902777404E-2,2.353663683E0,-3.976732790E-1
1.177407300E1,-8.124507964E-2,2.403754711E0,-4.734205604E-1
1.177609712E1,-9.468411654E-2,2.436130524E0,-5.510004759E-1
1.177805231E1,-1.020144969E-1,2.447736979E0,-5.882632136E-1
1.178012077E1,-1.221730486E-1,2.461786985E0,-6.603453159E-1
1.178215477E1,-1.411098689E-1,2.453234911E0,-7.208209634E-1
1.178422419E1,-1.533271819E-1,2.441017628E0,-7.452555895E-1
1.178625827E1,-1.698205322E-1,2.409252644E0,-7.898487449E-1
1.178832708E1,-1.875356287E-1,2.364048481E0,-8.197811842E-1
1.179036173E1,-2.003637999E-1,2.339003086E0,-8.289441466E-1
1.179243081E1,-2.034181207E-1,2.276083946E0,-8.356636763E-1
1.179451162E1,-2.083050460E-1,2.205223560E0,-8.210029006E-1
1.179649504E1,-2.034181207E-1,2.134974003E0,-7.977899909E-1
1.179861492E1,-1.997529417E-1,2.094656944E0,-7.837401032E-1
1.180055531E1,-1.930334121E-1,2.020131350E0,-7.440338731E-1
1.180255523E1,-1.783726513E-1,1.951714516E0,-6.951646209E-1
1.180462462E1,-1.728748679E-1,1.922392964E0,-6.701191664E-1
1.180665962E1,-1.484402567E-1,1.873523712E0,-6.126978397E-1
1.180872685E1,-1.160643995E-1,1.832595706E0,-5.442809463E-1
1.181076139E1,-9.468411654E-2,1.815491557E0,-5.125159621E-1
1.181283023E1,-4.398229718E-2,1.786170006E0,-4.434881806E-1
1.181491223E1,8.552113548E-3,1.770898342E0,-3.701843321E-1
1.181693696E1,3.970624134E-2,1.768454909E0,-3.353650272E-1
1.181901577E1,1.056796908E-1,1.770287514E0,-2.675589919E-1
1.182092139E1,1.820378453E-1,1.770898342E0,-2.028072625E-1
1.182292112E1,2.235766798E-1,1.774563551E0,-1.710422635E-1
1.182499046E1,3.090978265E-1,1.783726573E0,-1.123992056E-1
1.182702585E1,4.031710625E-1,1.788613439E0,-4.948008433E-2
1.182909569E1,4.508185387E-1,1.790446043E0,-1.588249579E-2
1.183113069E1,5.491678715E-1,1.798998117E0,4.092797264E-2
1.183320150E1,6.542366743E-1,1.809993744E0,1.007927656E-1
1.183528292E1,7.580837607E-1,1.820378423E0,1.502728462E-1
1.183726723E1,8.069530129E-1,1.821600199E0,1.722639948E-1
1.183930004E1,9.028588533E-1,1.827097893E0,2.205223590E-1
1.184136869E1,9.865473509E-1,1.834428310E0,2.553416789E-1
1.184340396E1,1.020755768E0,1.832595706E0,2.748893499E-1
1.184547308E1,1.080009699E0,1.840536952E0,3.078760803E-1
1.184750727E1,1.120937705E0,1.852754235E0,3.378084898E-1
1.184957762E1,1.138652802E0,1.860695481E0,3.488040566E-1
1.185161196E1,1.160033107E0,1.877799749E0,3.854559660E-1
1.185368142E1,1.161254883E0,1.895514846E0,4.208861589E-1
1.185576312E1,1.160643935E0,1.905899525E0,4.392121136E-1
1.185778731E1,1.136209369E0,1.923614621E0,4.801400900E-1
1.185974389E1,1.100779176E0,1.941940665E0,5.155702829E-1
1.186181250E1,1.078177214E0,1.952325344E0,5.338962078E-1
1.186384692E1,1.017701507E0,1.976149082E0,5.693264008E-1
1.186591642E1,9.450085163E-1,2.007914066E0,6.004805565E-1
1.186795100E1,9.053022861E-1,2.030516148E0,6.169738770E-1
1.187002008E1,8.203920126E-1,2.081828833E0,6.438519955E-1
1.187205473E1,7.281513810E-1,2.147802114E0,6.664539576E-1
1.187412362E1,6.322455406E-1,2.229658127E0,6.860016584E-1
1.187620581E1,5.870414972E-1,2.276694775E0,6.896668673E-1
1.187818758E1,4.929682612E-1,2.378709316E0,6.951646209E-1
1.188030739E1,3.927863538E-1,2.495995283E0,7.006624341E-1
1.188224746E1,3.488040566E-1,2.561968803E0,6.945537925E-1
1.188424708E1,2.614503205E-1,2.694526672E0,6.878342628E-1
1.188631627E1,1.844813079E-1,2.837469101E0,6.701191664E-1
1.188835069E1,1.453859210E-1,2.914438009E0,6.554583907E-1
1.189041962E1,8.185594529E-2,3.070819616E0,6.230825782E-1
1.189245485E1,2.138028294E-2,3.218038082E0,5.931501389E-1
1.189452385E1,-1.832595794E-3,3.293174505E0,5.748242140E-1
1.189660635E1,-4.153883830E-2,3.436116934E0,5.393940210E-1
1.189863081E1,-7.452555746E-2,3.568063974E0,4.978551865E-1
1.190077354E1,-9.590584040E-2,3.626707077E0,4.807509482E-1
1.190260958E1,-1.014036313E-1,3.737273455E0,4.398229718E-1
1.190460950E1,-1.148426682E-1,3.827070713E0,4.043927789E-1
1.190667935E1,-1.172861308E-1,3.865555286E0,3.903428912E-1
1.190871312E1,-1.185078546E-1,3.926030874E0,3.604104817E-1
1.191078269E1,-1.160643995E-1,3.961461067E0,3.304781020E-1
1.191281596E1,-1.160643995E-1,3.970624208E0,3.207042515E-1
1.191488573E1,-1.130100712E-1,3.969402313E0,3.054326177E-1
1.191696689E1,-1.075122803E-1,3.946800232E0,2.822197378E-1
1.191894873E1,-1.044579595E-1,3.925420046E0,2.730567753E-1
1.192097996E1,-1.044579595E-1,3.867998838E0,2.602286041E-1
1.192304842E1,-1.001819000E-1,3.787364483E0,2.486221492E-1
1.192508242E1,-1.007927656E-1,3.687182665E0,2.406809032E-1
1.192715123E1,-1.007927656E-1,3.627317905E0,2.370157093E-1
1.192918592E1,-1.007927656E-1,3.500257969E0,2.315179259E-1
1.193121123E1,-9.773843735E-2,3.362202406E0,2.278527319E-1
1.193321042E1,-9.529497474E-2,3.285233259E0,2.260201424E-1
1.193527873E1,-9.162978828E-2,3.127629995E0,2.315179259E-1
1.193735969E1,-8.491026610E-2,2.964529037E0,2.321287990E-1
1.193938416E1,-8.124507964E-2,2.880840540E0,2.333505303E-1
1.194134139E1,-7.513642311E-2,2.705522060E0,2.419026345E-1
1.194340996E1,-5.986479297E-2,2.532036543E0,2.449569702E-1
1.194544450E1,-5.558873713E-2,2.448347807E0,2.480112910E-1
1.194751362E1,-3.787364438E-2,2.285246849E0,2.528982162E-1
1.194954792E1,-2.382374369E-2,2.124589205E0,2.626720667E-1
1.195161739E1,-1.527163107E-2,2.043344259E0,2.645046413E-1
1.195365116E1,3.054326167E-3,1.886351824E0,2.773328125E-1
1.195572039E1,2.321287990E-2,1.736689925E0,2.822197378E-1
1.195780173E1,4.092797264E-2,1.592525721E0,2.895501256E-1
1.195978550E1,5.131268129E-2,1.522887111E0,2.993239760E-1
1.196190573E1,7.024950534E-2,1.392772794E0,3.133738637E-1
1.196384546E1,7.574728876E-2,1.328631878E0,3.200933933E-1
1.196584485E1,8.796459436E-2,1.210124016E0,3.347541690E-1
1.196791381E1,9.957103431E-2,1.103833556E0,3.457497358E-1
1.196994804E1,1.050688252E-1,1.012203693E0,3.610213697E-1
1.197201723E1,1.081231460E-1,9.718865752E-1,3.628539443E-1
1.197405173E1,1.056796908E-1,9.040805697E-1,3.762930036E-1
1.197612077E1,1.105666086E-1,8.533787727E-1,3.805690408E-1
1.197820319E1,1.069014147E-1,8.356636763E-1,3.824016452E-1
1.198022781E1,1.050688252E-1,8.081747293E-1,3.836233616E-1
1.198230669E1,9.590584040E-2,7.935139537E-1,3.854559660E-1
1.198421273E1,9.529497474E-2,7.990117669E-1,3.817907870E-1
1.198621238E1,8.735372871E-2,8.142833710E-1,3.744603992E-1
1.198828185E1,7.941248268E-2,8.466592431E-1,3.689626157E-1
1.199031658E1,7.635815442E-2,8.704829812E-1,3.604104817E-1
1.199238577E1,6.780604273E-2,9.303477407E-1,3.439171314E-1
1.199442100E1,5.742133409E-2,1.002429843E0,3.274237812E-1
1.199650592E1,5.619960278E-2,1.047633886E0,3.158173263E-1
1.199857346E1,4.703662544E-2,1.139874578E0,2.913827300E-1
1.200055712E1,4.214970022E-2,1.241278172E0,2.687807083E-1
1.200258892E1,3.970624134E-2,1.297477722E0,2.528982162E-1
1.200465812E1,3.359758854E-2,1.412320495E0,2.266310006E-1
1.200669366E1,3.054326214E-2,1.529606581E0,2.028072625E-1
1.200876285E1,2.687807009E-2,1.651168704E0,1.759291887E-1
1.201079750E1,2.565634064E-2,1.711644411E0,1.624901593E-1
1.201286600E1,2.199114859E-2,1.821600199E0,1.411098689E-1
1.201490058E1,1.649336144E-2,1.929723263E0,1.178969890E-1
1.201696954E1,1.710422710E-2,1.979814291E0,1.075122803E-1
1.201905192E1,1.527163107E-2,2.073887587E0,8.796459436E-2
1.202107581E1,1.466076635E-2,2.161241293E0,6.291911751E-2
1.202303100E1,1.343903504E-2,2.200947523E0,5.436700583E-2
1.202510038E1,1.343903504E-2,2.268753529E0,3.848451003E-2
1.202713477E1,1.404990070E-2,2.324342251E0,2.015855350E-2
1.202920385E1,1.466076635E-2,2.344500780E0,1.343903504E-2
1.203123796E1,1.404990070E-2,2.378709316E0,6.108652451E-4
1.203330658E1,1.588249579E-2,2.397035122E0,-1.282817032E-2
1.203534085E1,1.832595654E-2,2.401922226E0,-1.649336144E-2
1.203740962E1,1.954768784E-2,2.395202637E0,-2.504547499E-2
1.203949081E1,2.260201424E-2,2.371378899E0,-3.481931984E-2
1.204147438E1,2.504547499E-2,2.357328892E0,-3.481931984E-2
1.204359392E1,2.871066704E-2,2.312735796E0,-4.031710699E-2
1.204553512E1,3.420845419E-2,2.257757902E0,-4.825835302E-2
1.204753431E1,3.726277873E-2,2.225382090E0,-5.009094998E-2
1.204960312E1,4.153883830E-2,2.153300047E0,-4.825835302E-2
1.205163739E1,4.825835302E-2,2.072665691E0,-5.314527452E-2
1.205370669E1,5.742133409E-2,1.983479500E0,-5.497787148E-2
1.205574046E1,6.352998316E-2,1.938886285E0,-5.558873713E-2
1.205780888E1,7.024950534E-2,1.841147900E0,-5.497787148E-2
1.205989089E1,8.429940045E-2,1.742187738E0,-5.253441259E-2
1.206191427E1,8.857546002E-2,1.691485882E0,-5.314527452E-2
1.206405531E1,1.044579595E-1,1.590693116E0,-5.314527452E-2
1.206589092E1,1.209513173E-1,1.491122007E0,-5.070181563E-2
1.206789058E1,1.288925707E-1,1.441641927E0,-4.764748737E-2
1.206995950E1,1.447750628E-1,1.347568750E0,-4.948008433E-2
1.207199369E1,1.612684280E-1,1.258382440E0,-4.520402849E-2
1.207406285E1,1.710422635E-1,1.216232657E0,-4.459316283E-2
1.207609754E1,1.893682331E-1,1.133765936E0,-4.276056588E-2
1.207816696E1,2.021963894E-1,1.059240341E0,-4.214970022E-2
1.208024931E1,2.070833147E-1,1.024420977E0,-4.092797264E-2
1.208220158E1,2.199114859E-1,9.608910084E-1,-4.031710699E-2
1.208423273E1,2.254092693E-1,9.022479653E-1,-3.481931984E-2
1.208630138E1,2.278527319E-1,8.802568316E-1,-3.909537569E-2
1.208833604E1,2.302961946E-1,8.332201838E-1,-3.237585723E-2
1.209040596E1,2.290744632E-1,8.008443117E-1,-3.359758854E-2
1.209244023E1,2.290744632E-1,7.861835957E-1,-3.420845419E-2
1.209450981E1,2.235766798E-1,7.629706860E-1,-2.748893574E-2
1.209654485E1,2.199114859E-1,7.476990819E-1,-2.748893574E-2
1.209861396E1,2.138028294E-1,7.360926270E-1,-2.260201424E-2
1.210069592E1,2.052507252E-1,7.318165898E-1,-1.527163107E-2
1.210272681E1,1.960877478E-1,7.305948138E-1,-1.710422710E-2
1.210468258E1,1.899790913E-1,7.330383062E-1,-1.282817032E-2
1.210675138E1,1.844813079E-1,7.348709106E-1,-8.552113548E-3
1.210878619E1,1.710422635E-1,7.428121567E-1,-4.886921961E-3
1.211085558E1,1.606575549E-1,7.501425147E-1,-6.108652451E-4
1.211289065E1,1.551597714E-1,7.562511563E-1,3.665191587E-3
1.211496000E1,1.429424733E-1,7.666358948E-1,9.773843922E-3
1.211699523E1,1.325577646E-1,7.812966704E-1,9.162978269E-3
1.211906450E1,1.227839142E-1,7.898487449E-1,1.282817032E-2
1.212114631E1,1.136209369E-1,8.008443117E-1,1.771509275E-2
1.212309962E1,1.007927656E-1,8.155050874E-1,2.199114859E-2
1.212521950E1,9.468411654E-2,8.185594082E-1,2.443460934E-2
1.212716027E1,8.307767659E-2,8.307767510E-1,2.809980139E-2
1.212916031E1,7.330382615E-2,8.381071091E-1,2.871066704E-2
1.213123000E1,6.780604273E-2,8.405506015E-1,3.237585723E-2
1.213326600E1,5.619960278E-2,8.411614299E-1,3.359758854E-2
1.213533689E1,4.459316283E-2,8.448266387E-1,3.909537569E-2
1.213737165E1,3.481931984E-2,8.466592431E-1,3.665191308E-2
1.213944165E1,3.115412779E-2,8.448266387E-1,3.543018550E-2
1.214152431E1,1.771509275E-2,8.405506015E-1,3.481931984E-2
1.214352358E1,6.719517522E-3,8.313875794E-1,3.726277873E-2
1.214564727E1,4.276056774E-3,8.265006542E-1,3.665191308E-2
1.214751792E1,-6.719517522E-3,8.155050874E-1,3.298672289E-2
1.214951769E1,-1.527163107E-2,8.057312369E-1,3.543018550E-2
1.215158696E1,-2.015855350E-2,7.990117669E-1,3.420845419E-2
1.215362177E1,-2.932153270E-2,7.819074988E-1,2.993239649E-2
1.215569146E1,-3.420845419E-2,7.641924024E-1,3.176499158E-2
1.215772542E1,-4.092797264E-2,7.556403279E-1,3.054326214E-2
1.215979504E1,-4.825835302E-2,7.385360599E-1,2.809980139E-2
1.216187773E1,-5.742133409E-2,7.159340382E-1,2.932153270E-2
1.216383085E1,-6.108652428E-2,7.073819637E-1,2.382374369E-2
1.216586323E1,-6.902777404E-2,6.853908300E-1,2.382374369E-2
1.216793277E1,-7.513642311E-2,6.640105247E-1,2.565634064E-2
1.216996777E1,-8.246681094E-2,6.548475623E-1,2.626720630E-2
1.217203677E1,-8.857546002E-2,6.346889734E-1,2.748893574E-2
1.217407192E1,-9.651670605E-2,6.151412725E-1,2.809980139E-2
1.217609692E1,-1.020144969E-1,6.065891981E-1,2.932153270E-2
1.217809735E1,-1.075122803E-1,5.919284225E-1,3.176499158E-2
1.218016673E1,-1.148426682E-1,5.772676468E-1,3.420845419E-2
1.218224908E1,-1.191187203E-1,5.699372888E-1,3.543018550E-2
1.218424777E1,-1.258382350E-1,5.595525503E-1,3.787364438E-2
1.218620546E1,-1.343903542E-1,5.479460955E-1,4.153883830E-2
1.218827481E1,-1.337794960E-1,5.406157374E-1,4.092797264E-2
1.219030977E1,-1.404990107E-1,5.320636034E-1,4.276056588E-2
1.219237908E1,-1.478293836E-1,5.216789246E-1,5.070181563E-2
1.219441365E1,-1.521054506E-1,5.112941861E-1,4.886921868E-2
1.219648273E1,-1.539380401E-1,5.076290369E-1,4.886921868E-2
1.219851777E1,-1.576032341E-1,4.990769029E-1,5.253441259E-2
1.220058688E1,-1.600466967E-1,4.899139404E-1,4.948008433E-2
1.220266912E1,-1.600466967E-1,4.868595898E-1,5.131268129E-2
1.220462192E1,-1.588249654E-1,4.770857692E-1,5.131268129E-2
1.220674088E1,-1.600466967E-1,4.679227769E-1,4.948008433E-2
1.220868119E1,-1.557706445E-1,4.648684561E-1,5.253441259E-2
1.221068077E1,-1.545489132E-1,4.532620013E-1,4.948008433E-2
1.221275035E1,-1.478293836E-1,4.459316432E-1,4.459316283E-2
1.221478485E1,-1.447750628E-1,4.392121136E-1,4.642575979E-2
1.221685423E1,-1.398881376E-1,4.324925840E-1,4.337143153E-2
1.221888796E1,-1.307251602E-1,4.227187634E-1,3.604105115E-2
1.222095762E1,-1.295034289E-1,4.166100919E-1,4.153883830E-2
1.222303931E1,-1.221730486E-1,4.092797041E-1,3.543018550E-2
1.222504100E1,-1.117883399E-1,4.013384581E-1,2.626720630E-2
1.222718346E1,-1.062905490E-1,3.952298164E-1,2.565634064E-2
1.222901935E1,-1.020144969E-1,3.903428912E-1,2.199114859E-2
1.223101969E1,-9.285151958E-2,3.866777122E-1,1.649336144E-2
1.223308946E1,-9.101892263E-2,3.842342496E-1,1.649336144E-2
1.223512542E1,-8.368854225E-2,3.793473244E-1,1.038470957E-2
1.223719492E1,-7.635815442E-2,3.775147200E-1,5.497787148E-3
1.223922946E1,-7.330382615E-2,3.762930036E-1,3.665191587E-3
1.224129885E1,-6.780604273E-2,3.756821156E-1,6.108652451E-4
1.224338115E1,-5.986479297E-2,3.738495409E-1,-3.665191587E-3
1.224533623E1,-5.864306539E-2,3.738495409E-1,-7.941247895E-3
1.224736781E1,-5.253441259E-2,3.701843321E-1,-7.941247895E-3
1.224943673E1,-4.398229718E-2,3.720169365E-1,-1.710422710E-2
1.225147165E1,-3.665191308E-2,3.695734739E-1,-1.954768784E-2
1.225354073E1,-3.298672289E-2,3.683517575E-1,-1.954768784E-2
1.225557527E1,-2.626720630E-2,3.707951903E-1,-2.199114859E-2
1.225764473E1,-2.015855350E-2,3.695734739E-1,-2.382374369E-2
1.225967965E1,-1.710422710E-2,3.707951903E-1,-2.504547499E-2
1.226174846E1,-1.038470957E-2,3.683517575E-1,-2.687807009E-2
1.226383058E1,-2.443460980E-3,3.683517575E-1,-2.748893574E-2
1.226583581E1,6.108652451E-4,3.683517575E-1,-2.748893574E-2
1.226779173E1,7.330383174E-3,3.652974069E-1,-2.809980139E-2
1.226986065E1,1.649336144E-2,3.616322279E-1,-2.748893574E-2
1.227189519E1,1.954768784E-2,3.604104817E-1,-2.687807009E-2
1.227396400E1,2.687807009E-2,3.506366611E-1,-2.687807009E-2
1.227599827E1,3.298672289E-2,3.433062732E-1,-2.809980139E-2
1.227806719E1,3.848451003E-2,3.384193480E-1,-2.443460934E-2
1.228010196E1,4.642575979E-2,3.280346394E-1,-2.260201424E-2
1.228217073E1,5.497787148E-2,3.152064681E-1,-2.626720630E-2
1.228425254E1,6.047565863E-2,3.011565804E-1,-2.138028294E-2
1.228620985E1,6.475171447E-2,2.950479090E-1,-1.893682219E-2
1.228832962E1,6.963863969E-2,2.803871334E-1,-1.710422710E-2
1.229026935E1,7.696902007E-2,2.663372457E-1,-1.832595654E-2
1.229226885E1,8.002334833E-2,2.559525371E-1,-1.527163107E-2
1.229433754E1,8.491026610E-2,2.406809032E-1,-1.771509275E-2
1.229637227E1,9.040805697E-2,2.260201424E-1,-1.343903504E-2
1.229844142E1,9.529497474E-2,2.168571651E-1,-1.282817032E-2
1.230047588E1,9.590584040E-2,2.021963894E-1,-1.221730467E-2
1.230254515E1,9.957103431E-2,1.869247705E-1,-1.160643995E-2
1.230462719E1,1.007927656E-1,1.771509200E-1,-9.162978269E-3
1.230663242E1,1.014036313E-1,1.667662114E-1,-9.773843922E-3
1.230871158E1,1.032362282E-1,1.533271819E-1,-4.886921961E-3
1.231061796E1,1.062905490E-1,1.484402567E-1,-7.941247895E-3
1.231261777E1,1.056796908E-1,1.398881376E-1,-9.162978269E-3
1.231468815E1,1.026253626E-1,1.295034289E-1,-4.276056774E-3
1.231672315E1,1.020144969E-1,1.233947799E-1,-4.886921961E-3
1.231879319E1,1.001819000E-1,1.160643995E-1,-7.330383174E-3
1.232082835E1,1.001819000E-1,1.123992056E-1,-8.552113548E-3
1.232289800E1,9.224065393E-2,1.069014147E-1,-6.719517522E-3
1.232497977E1,9.224065393E-2,1.026253626E-1,-1.038470957E-2
1.232693696E1,8.674286306E-2,9.773843735E-2,-5.497787148E-3
1.232896846E1,8.307767659E-2,9.834930301E-2,-9.162978269E-3
1.233103746E1,7.880161703E-2,9.712757170E-2,-1.343903504E-2
1.233307165E1,7.269296050E-2,9.896016866E-2,-1.160643995E-2
1.233514031E1,6.658431143E-2,9.773843735E-2,-1.893682219E-2
1.233717500E1,6.414084882E-2,9.834930301E-2,-2.015855350E-2
1.233924400E1,5.803219974E-2,1.007927656E-1,-2.138028294E-2
1.234127854E1,4.948008433E-2,1.032362282E-1,-2.443460934E-2
1.234334696E1,4.581489414E-2,1.044579595E-1,-2.565634064E-2
1.234542812E1,4.153883830E-2,1.087340117E-1,-2.932153270E-2
1.234743258E1,3.115412779E-2,1.111774743E-1,-3.176499158E-2
1.234938754E1,2.748893574E-2,1.130100712E-1,-3.420845419E-2
1.235145608E1,1.832595654E-2,1.166752651E-1,-3.420845419E-2
1.235349000E1,1.160643995E-2,1.203404516E-1,-4.031710699E-2
1.235555846E1,1.038470957E-2,1.233947799E-1,-4.153883830E-2
1.235759335E1,1.221730490E-3,1.264491081E-1,-4.153883830E-2
1.235966219E1,-3.054326167E-3,1.270599663E-1,-4.520402849E-2
1.236169712E1,-7.330383174E-3,1.258382350E-1,-4.825835302E-2
1.236376585E1,-1.404990070E-2,1.252273768E-1,-4.337143153E-2
1.236584746E1,-1.832595654E-2,1.252273768E-1,-4.825835302E-2
1.236780554E1,-2.015855350E-2,1.246165112E-1,-4.886921868E-2
1.236992496E1,-2.382374369E-2,1.240056455E-1,-4.642575979E-2
1.237186512E1,-3.115412779E-2,1.172861308E-1,-4.520402849E-2
1.237386458E1,-3.176499158E-2,1.166752651E-1,-4.581489414E-2
1.237593288E1,-3.543018550E-2,1.117883399E-1,-4.031710699E-2
1.237796681E1,-3.726277873E-2,1.056796908E-1,-4.764748737E-2
1.238003612E1,-3.970624134E-2,9.896016866E-2,-3.909537569E-2
1.238207031E1,-3.909537569E-2,9.529497474E-2,-3.970624134E-2
1.238413900E1,-3.970624134E-2,8.979719132E-2,-4.214970022E-2
1.238622077E1,-4.214970022E-2,7.941248268E-2,-3.787364438E-2
1.238822577E1,-4.214970022E-2,7.147123665E-2,-3.420845419E-2
1.239036754E1,-4.276056588E-2,6.414084882E-2,-3.787364438E-2
1.239220308E1,-4.337143153E-2,5.436700583E-2,-3.115412779E-2
1.239420292E1,-4.276056588E-2,4.825835302E-2,-3.359758854E-2
1.239627177E1,-4.398229718E-2,3.787364438E-2,-3.115412779E-2
1.239830658E1,-4.276056588E-2,2.748893574E-2,-2.748893574E-2
1.240037642E1,-4.153883830E-2,2.260201424E-2,-2.687807009E-2
1.240241119E1,-4.092797264E-2,1.466076635E-2,-2.748893574E-2
1.240449542E1,-3.970624134E-2,4.276056774E-3,-2.382374369E-2
1.240656323E1,-3.909537569E-2,0.000000000E0,-2.199114859E-2
1.240852196E1,-3.848451003E-2,-1.038470957E-2,-2.076941915E-2
1.241055377E1,-3.787364438E-2,-1.832595654E-2,-2.076941915E-2
1.241262304E1,-3.665191308E-2,-2.321287990E-2,-1.832595654E-2
1.241465854E1,-3.543018550E-2,-2.993239649E-2,-1.649336144E-2
1.241672777E1,-3.543018550E-2,-3.726277873E-2,-1.771509275E-2
1.241876323E1,-3.420845419E-2,-4.031710699E-2,-1.832595654E-2
1.242078796E1,-3.298672289E-2,-4.520402849E-2,-1.527163107E-2
1.242278796E1,-3.237585723E-2,-5.070181563E-2,-1.282817032E-2
1.242485731E1,-3.237585723E-2,-5.253441259E-2,-1.466076635E-2
1.242693884E1,-2.871066704E-2,-5.436700583E-2,-1.343903504E-2
1.242894465E1,-2.748893574E-2,-5.925392732E-2,-9.773843922E-3
1.243090296E1,-3.115412779E-2,-5.925392732E-2,-1.038470957E-2
1.243297242E1,-2.626720630E-2,-6.230825558E-2,-7.941247895E-3
1.243500746E1,-2.504547499E-2,-6.414084882E-2,-1.099557430E-2
1.243707696E1,-2.260201424E-2,-6.291911751E-2,-1.038470957E-2
1.243911123E1,-2.015855350E-2,-6.414084882E-2,-1.099557430E-2
1.244118092E1,-1.954768784E-2,-6.414084882E-2,-7.941247895E-3
1.244321542E1,-1.710422710E-2,-6.475171447E-2,-1.282817032E-2
1.244528423E1,-1.588249579E-2,-6.658431143E-2,-7.941247895E-3
1.244736658E1,-1.221730467E-2,-6.658431143E-2,-9.773843922E-3
1.244932581E1,-1.099557430E-2,-6.536258012E-2,-1.221730467E-2
1.245144584E1,-8.552113548E-3,-6.658431143E-2,-1.099557430E-2
1.245338700E1,-7.941247895E-3,-6.475171447E-2,-1.160643995E-2
1.245538661E1,-1.221730490E-3,-6.536258012E-2,-1.404990070E-2
1.245745600E1,-1.221730490E-3,-6.536258012E-2,-1.282817032E-2
1.245949050E1,3.054326167E-3,-6.414084882E-2,-1.527163107E-2
1.246156058E1,6.108652335E-3,-6.291911751E-2,-1.771509275E-2
1.246359500E1,7.941247895E-3,-6.291911751E-2,-1.649336144E-2
1.246566446E1,9.162978269E-3,-6.169738993E-2,-1.649336144E-2
1.246774650E1,1.221730467E-2,-6.169738993E-2,-1.832595654E-2
1.246975204E1,1.282817032E-2,-6.047565863E-2,-1.710422710E-2
1.247183154E1,1.832595654E-2,-6.230825558E-2,-1.954768784E-2
1.247373692E1,2.076941915E-2,-6.108652428E-2,-2.382374369E-2
1.247573627E1,1.954768784E-2,-5.986479297E-2,-2.260201424E-2
1.247780604E1,2.321287990E-2,-5.925392732E-2,-2.504547499E-2
1.247984035E1,2.626720630E-2,-5.925392732E-2,-2.687807009E-2
1.248190915E1,2.565634064E-2,-5.803219974E-2,-2.687807009E-2
1.248394384E1,2.626720630E-2,-6.169738993E-2,-2.626720630E-2
1.248601315E1,2.871066704E-2,-5.925392732E-2,-2.809980139E-2
1.248809508E1,2.993239649E-2,-5.986479297E-2,-2.993239649E-2
1.249005431E1,2.809980139E-2,-5.925392732E-2,-3.054326214E-2
1.249208519E1,2.993239649E-2,-5.925392732E-2,-3.237585723E-2
1.249415438E1,3.054326214E-2,-5.864306539E-2,-3.237585723E-2
1.249618915E1,2.932153270E-2,-5.864306539E-2,-3.481931984E-2
1.249825823E1,2.748893574E-2,-5.925392732E-2,-3.420845419E-2
1.250029258E1,2.809980139E-2,-5.925392732E-2,-3.848451003E-2
1.250236142E1,2.626720630E-2,-5.742133409E-2,-3.970624134E-2
1.250439511E1,2.443460934E-2,-5.803219974E-2,-3.909537569E-2
1.250646477E1,2.321287990E-2,-5.681046844E-2,-4.276056588E-2
1.250854677E1,2.260201424E-2,-5.436700583E-2,-4.031710699E-2
1.251055334E1,2.138028294E-2,-5.375614017E-2,-4.092797264E-2
1.251250927E1,1.710422710E-2,-5.375614017E-2,-3.970624134E-2
1.251457808E1,1.771509275E-2,-4.948008433E-2,-4.031710699E-2
1.251661292E1,1.160643995E-2,-5.253441259E-2,-4.031710699E-2
1.251868146E1,1.038470957E-2,-5.314527452E-2,-3.970624134E-2
1.252071623E1,1.099557430E-2,-5.314527452E-2,-3.787364438E-2
1.252278492E1,9.162978269E-3,-5.375614017E-2,-4.153883830E-2
1.252481992E1,6.108652335E-3,-5.925392732E-2,-3.665191308E-2
1.252688892E1,3.665191587E-3,-6.230825558E-2,-3.665191308E-2
1.252897031E1,2.443460980E-3,-6.475171447E-2,-3.787364438E-2
1.253092827E1,1.832595794E-3,-6.658431143E-2,-3.787364438E-2
1.253304769E1,-2.443460980E-3,-7.208210230E-2,-3.298672289E-2
1.253498892E1,0.000000000E0,-7.574728876E-2,-3.543018550E-2
1.253698877E1,-4.276056774E-3,-8.185594529E-2,-3.481931984E-2
1.253905727E1,-2.443460980E-3,-8.674286306E-2,-3.481931984E-2
1.254109069E1,-2.443460980E-3,-9.040805697E-2,-3.543018550E-2
1.254315958E1,-3.054326167E-3,-9.651670605E-2,-3.298672289E-2
1.254519327E1,-6.108652335E-3,-1.026253626E-1,-3.054326214E-2
1.254726127E1,-4.276056774E-3,-1.050688252E-1,-3.543018550E-2
1.254934300E1,-2.443460980E-3,-1.105666086E-1,-3.298672289E-2
1.255134777E1,-1.832595794E-3,-1.166752651E-1,-3.115412779E-2
1.255348877E1,-2.443460980E-3,-1.197295859E-1,-3.420845419E-2
1.255532423E1,-3.665191587E-3,-1.246165112E-1,-2.993239649E-2
1.255732369E1,-3.054326167E-3,-1.288925707E-1,-2.871066704E-2
1.255939238E1,6.108652451E-4,-1.325577646E-1,-3.359758854E-2
1.256142704E1,1.832595794E-3,-1.368338168E-1,-3.420845419E-2
1.256349538E1,1.832595794E-3,-1.392772794E-1,-2.993239649E-2
1.256553011E1,1.832595794E-3,-1.411098689E-1,-3.176499158E-2
1.256759873E1,4.886921961E-3,-1.441642046E-1,-3.115412779E-2
1.256968054E1,6.719517522E-3,-1.478293836E-1,-3.176499158E-2
1.257163881E1,6.719517522E-3,-1.466076523E-1,-3.237585723E-2
1.257366988E1,7.941247895E-3,-1.508837193E-1,-3.115412779E-2
1.257573819E1,1.038470957E-2,-1.514945775E-1,-2.932153270E-2
1.257777273E1,1.343903504E-2,-1.521054506E-1,-3.237585723E-2
1.257984177E1,1.221730467E-2,-1.551597714E-1,-3.115412779E-2
1.258187669E1,1.527163107E-2,-1.539380401E-1,-3.176499158E-2
1.258394523E1,1.588249579E-2,-1.551597714E-1,-3.054326214E-2
1.258597915E1,1.893682219E-2,-1.569923609E-1,-2.993239649E-2
1.258804719E1,2.015855350E-2,-1.539380401E-1,-3.237585723E-2
1.259012873E1,2.260201424E-2,-1.557706445E-1,-3.237585723E-2
1.259213342E1,2.015855350E-2,-1.569923609E-1,-2.871066704E-2
1.259408835E1,2.138028294E-2,-1.557706445E-1,-2.809980139E-2
1.259615654E1,2.504547499E-2,-1.539380401E-1,-2.993239649E-2
1.259819085E1,2.748893574E-2,-1.521054506E-1,-2.993239649E-2
1.260025896E1,2.260201424E-2,-1.521054506E-1,-2.626720630E-2
1.260229361E1,2.748893574E-2,-1.496619880E-1,-2.993239649E-2
1.260436223E1,2.626720630E-2,-1.484402567E-1,-2.748893574E-2
1.260639565E1,2.687807009E-2,-1.484402567E-1,-2.321287990E-2
1.260846500E1,2.687807009E-2,-1.441642046E-1,-2.443460934E-2
1.261054658E1,2.565634064E-2,-1.447750628E-1,-2.626720630E-2
1.261250327E1,2.687807009E-2,-1.398881376E-1,-2.260201424E-2
1.261462196E1,2.748893574E-2,-1.368338168E-1,-2.382374369E-2
1.261656254E1,2.748893574E-2,-1.368338168E-1,-2.443460934E-2
1.261856100E1,2.871066704E-2,-1.319468915E-1,-1.893682219E-2
1.262063042E1,2.871066704E-2,-1.307251602E-1,-2.015855350E-2
1.262266469E1,3.115412779E-2,-1.295034289E-1,-2.076941915E-2
1.262473327E1,2.871066704E-2,-1.270599663E-1,-1.649336144E-2
1.262676711E1,2.748893574E-2,-1.221730486E-1,-1.588249579E-2
1.262883638E1,2.993239649E-2,-1.185078546E-1,-1.527163107E-2
1.263091773E1,2.871066704E-2,-1.160643995E-1,-1.343903504E-2
1.263292177E1,2.748893574E-2,-1.154535338E-1,-1.527163107E-2
1.263499904E1,2.993239649E-2,-1.130100712E-1,-1.466076635E-2
1.263690404E1,2.993239649E-2,-1.130100712E-1,-1.160643995E-2
1.263890284E1,3.298672289E-2,-1.105666086E-1,-1.771509275E-2
1.264097119E1,3.237585723E-2,-1.087340117E-1,-1.221730467E-2
1.264300527E1,3.115412779E-2,-1.093448773E-1,-1.099557430E-2
1.264507331E1,3.298672289E-2,-1.075122803E-1,-1.282817032E-2
1.264710750E1,3.665191308E-2,-1.056796908E-1,-1.282817032E-2
1.264917654E1,3.237585723E-2,-1.044579595E-1,-1.221730467E-2
1.265125827E1,3.665191308E-2,-1.044579595E-1,-1.466076635E-2
1.265321527E1,3.787364438E-2,-1.020144969E-1,-1.221730467E-2
1.265521442E1,3.848451003E-2,-1.014036313E-1,-1.282817032E-2
1.265728342E1,3.665191308E-2,-1.001819000E-1,-1.282817032E-2
1.265931711E1,3.909537569E-2,-1.001819000E-1,-1.343903504E-2
1.266138508E1,4.031710699E-2,-9.896016866E-2,-1.404990070E-2
1.266341923E1,3.909537569E-2,-9.834930301E-2,-1.404990070E-2
1.266544377E1,4.092797264E-2,-9.651670605E-2,-1.221730467E-2
1.266744284E1,4.153883830E-2,-9.773843735E-2,-1.466076635E-2
1.266951177E1,4.276056588E-2,-9.651670605E-2,-1.282817032E-2
1.267159354E1,4.153883830E-2,-9.590584040E-2,-1.404990070E-2
1.267359896E1,4.092797264E-2,-9.529497474E-2,-1.710422710E-2
1.267555604E1,4.214970022E-2,-9.712757170E-2,-1.527163107E-2
1.267762519E1,4.276056588E-2,-9.529497474E-2,-1.343903504E-2
1.267965977E1,4.092797264E-2,-9.651670605E-2,-1.710422710E-2
1.268172831E1,4.214970022E-2,-9.590584040E-2,-1.527163107E-2
1.268376223E1,4.214970022E-2,-9.712757170E-2,-1.649336144E-2
1.268583069E1,4.214970022E-2,-1.001819000E-1,-1.710422710E-2
1.268786488E1,4.276056588E-2,-9.957103431E-2,-1.527163107E-2
1.268993384E1,4.398229718E-2,-1.032362282E-1,-1.527163107E-2
1.269201558E1,4.337143153E-2,-1.032362282E-1,-1.893682219E-2
1.269397311E1,4.337143153E-2,-1.044579595E-1,-1.710422710E-2
1.269609215E1,4.214970022E-2,-1.062905490E-1,-1.710422710E-2
1.269803281E1,4.214970022E-2,-1.062905490E-1,-1.588249579E-2
1.270003234E1,4.337143153E-2,-1.069014147E-1,-1.649336144E-2
1.270210092E1,4.153883830E-2,-1.087340117E-1,-1.832595654E-2
1.270413542E1,4.459316283E-2,-1.111774743E-1,-1.893682219E-2
1.270620423E1,4.398229718E-2,-1.081231460E-1,-1.954768784E-2
1.270823892E1,4.398229718E-2,-1.105666086E-1,-1.771509275E-2
1.271030708E1,4.276056588E-2,-1.099557430E-1,-1.771509275E-2
1.271238742E1,4.398229718E-2,-1.099557430E-1,-1.710422710E-2
1.271439223E1,4.398229718E-2,-1.081231460E-1,-1.893682219E-2
1.271653381E1,4.398229718E-2,-1.093448773E-1,-2.015855350E-2
1.271836977E1,4.337143153E-2,-1.087340117E-1,-1.954768784E-2
1.272036884E1,4.153883830E-2,-1.081231460E-1,-1.710422710E-2
1.272243742E1,4.337143153E-2,-1.093448773E-1,-1.527163107E-2
1.272447234E1,4.337143153E-2,-1.087340117E-1,-1.771509275E-2
1.272654000E1,4.153883830E-2,-1.081231460E-1,-1.404990070E-2
1.272857419E1,4.337143153E-2,-1.081231460E-1,-1.832595654E-2
1.273064258E1,4.092797264E-2,-1.093448773E-1,-1.649336144E-2
1.273272354E1,4.214970022E-2,-1.062905490E-1,-1.466076635E-2
1.273468027E1,4.031710699E-2,-1.056796908E-1,-1.466076635E-2
1.273671088E1,4.153883830E-2,-1.044579595E-1,-1.404990070E-2
1.273877881E1,4.459316283E-2,-1.032362282E-1,-1.343903504E-2
1.274081204E1,4.276056588E-2,-1.007927656E-1,-1.343903504E-2
1.274288115E1,4.153883830E-2,-9.834930301E-2,-1.588249579E-2
1.274491531E1,4.031710699E-2,-9.651670605E-2,-1.771509275E-2
1.274698411E1,3.909537569E-2,-9.407325089E-2,-1.527163107E-2
1.274901800E1,3.909537569E-2,-9.285151958E-2,-1.649336144E-2
1.275108754E1,3.481931984E-2,-8.918632567E-2,-1.466076635E-2
1.275316892E1,3.359758854E-2,-8.796459436E-2,-1.466076635E-2
1.275517331E1,2.932153270E-2,-8.674286306E-2,-1.221730467E-2
1.275712834E1,3.237585723E-2,-8.552113175E-2,-1.404990070E-2
1.275919681E1,2.626720630E-2,-8.368854225E-2,-1.221730467E-2
1.276123058E1,2.626720630E-2,-8.246681094E-2,-1.160643995E-2
1.276329884E1,2.382374369E-2,-8.002334833E-2,-9.773843922E-3
1.276533265E1,2.199114859E-2,-8.063421398E-2,-8.552113548E-3
1.276740065E1,1.649336144E-2,-7.941248268E-2,-1.038470957E-2
1.276943469E1,1.527163107E-2,-7.880161703E-2,-7.330383174E-3
1.277150323E1,1.282817032E-2,-7.757988572E-2,-7.330383174E-3
1.277358508E1,1.160643995E-2,-7.696902007E-2,-9.162978269E-3
1.277554273E1,9.162978269E-3,-7.696902007E-2,-4.886921961E-3
1.277766134E1,6.108652335E-3,-7.452555746E-2,-3.665191587E-3
1.277960165E1,4.276056774E-3,-7.391469181E-2,-2.443460980E-3
1.278160023E1,3.054326167E-3,-7.330382615E-2,-1.221730490E-3
1.278366881E1,3.665191587E-3,-7.208210230E-2,-3.054326167E-3
1.278570277E1,-6.108652451E-4,-7.147123665E-2,1.221730490E-3
1.278777188E1,-1.221730490E-3,-6.963863969E-2,3.054326167E-3
1.278980681E1,-3.054326167E-3,-6.597344577E-2,2.443460980E-3
1.279187592E1,-4.276056774E-3,-6.352998316E-2,3.054326167E-3
1.279395815E1,-4.886921961E-3,-6.169738993E-2,6.108652335E-3
1.279596388E1,-7.330383174E-3,-5.864306539E-2,5.497787148E-3
1.279804227E1,-8.552113548E-3,-5.864306539E-2,1.038470957E-2
1.279994754E1,-7.330383174E-3,-5.436700583E-2,1.038470957E-2
1.280194765E1,-7.941247895E-3,-5.375614017E-2,1.038470957E-2
1.280401646E1,-9.162978269E-3,-5.253441259E-2,1.160643995E-2
1.280605123E1,-9.773843922E-3,-4.886921868E-2,1.282817032E-2
1.280812015E1,-9.773843922E-3,-4.764748737E-2,1.221730467E-2
1.281015477E1,-9.773843922E-3,-4.642575979E-2,1.221730467E-2
1.281223873E1,-1.038470957E-2,-4.337143153E-2,1.588249579E-2
1.281430596E1,-7.330383174E-3,-4.276056588E-2,1.527163107E-2
1.281626392E1,-7.330383174E-3,-4.031710699E-2,1.710422710E-2
1.281829469E1,-7.330383174E-3,-3.848451003E-2,1.527163107E-2
1.282036454E1,-4.886921961E-3,-3.726277873E-2,1.160643995E-2
1.282239884E1,-1.221730490E-3,-3.481931984E-2,1.404990070E-2
1.282446842E1,-2.443460980E-3,-3.481931984E-2,1.404990070E-2
1.282650384E1,-2.443460980E-3,-3.543018550E-2,1.099557430E-2
1.282857342E1,0.000000000E0,-3.115412779E-2,1.282817032E-2
1.283060846E1,2.443460980E-3,-3.054326214E-2,9.773843922E-3
1.283267784E1,7.941247895E-3,-2.809980139E-2,8.552113548E-3
1.283476050E1,3.665191587E-3,-2.871066704E-2,9.162978269E-3
1.283676565E1,7.330383174E-3,-2.687807009E-2,5.497787148E-3
1.283872092E1,9.162978269E-3,-2.382374369E-2,3.665191587E-3
1.284079027E1,8.552113548E-3,-2.565634064E-2,2.443460980E-3
1.284282461E1,1.099557430E-2,-2.382374369E-2,-6.108652451E-4
1.284489331E1,1.282817032E-2,-2.260201424E-2,-6.108652451E-4
1.284692827E1,1.404990070E-2,-2.260201424E-2,-6.108652451E-4
1.284899715E1,1.527163107E-2,-2.199114859E-2,-4.276056774E-3
1.285103181E1,1.404990070E-2,-2.199114859E-2,-7.330383174E-3
1.285310057E1,1.343903504E-2,-2.076941915E-2,-8.552113548E-3
1.285518288E1,1.649336144E-2,-2.138028294E-2,-7.330383174E-3
1.285714023E1,1.527163107E-2,-2.076941915E-2,-1.160643995E-2
1.285925992E1,1.832595654E-2,-2.076941915E-2,-1.160643995E-2
1.286119980E1,1.649336144E-2,-2.138028294E-2,-1.221730467E-2
1.286319923E1,1.710422710E-2,-2.138028294E-2,-1.282817032E-2
1.286526823E1,1.893682219E-2,-2.199114859E-2,-1.282817032E-2
1.286730250E1,1.710422710E-2,-2.076941915E-2,-1.832595654E-2
1.286937184E1,2.015855350E-2,-2.076941915E-2,-1.527163107E-2
1.287140604E1,1.893682219E-2,-2.260201424E-2,-1.649336144E-2
1.287347500E1,1.832595654E-2,-2.382374369E-2,-1.893682219E-2
1.287555711E1,1.588249579E-2,-2.504547499E-2,-1.466076635E-2
1.287756111E1,1.832595654E-2,-2.565634064E-2,-1.771509275E-2
1.287970246E1,1.771509275E-2,-2.504547499E-2,-2.015855350E-2
1.288153873E1,1.710422710E-2,-2.382374369E-2,-1.710422710E-2
1.288353815E1,1.710422710E-2,-2.504547499E-2,-1.588249579E-2
1.288560600E1,1.771509275E-2,-2.260201424E-2,-1.710422710E-2
1.288763957E1,1.343903504E-2,-2.504547499E-2,-1.527163107E-2
1.288970773E1,1.588249579E-2,-2.504547499E-2,-1.588249579E-2
1.289174188E1,1.527163107E-2,-2.626720630E-2,-1.466076635E-2
1.289381000E1,1.282817032E-2,-2.504547499E-2,-1.099557430E-2
1.289589238E1,1.282817032E-2,-2.382374369E-2,-1.221730467E-2
1.289785030E1,9.773843922E-3,-2.565634064E-2,-9.773843922E-3
1.289988127E1,1.160643995E-2,-2.260201424E-2,-8.552113548E-3
1.290195019E1,9.162978269E-3,-2.382374369E-2,-8.552113548E-3
1.290398450E1,9.162978269E-3,-2.443460934E-2,-9.162978269E-3
1.290605296E1,7.941247895E-3,-2.321287990E-2,-6.108652335E-3
1.290808800E1,9.773843922E-3,-2.321287990E-2,-5.497787148E-3
1.291011219E1,7.941247895E-3,-2.382374369E-2,-4.276056774E-3
1.291211215E1,7.941247895E-3,-2.321287990E-2,-3.054326167E-3
1.291418223E1,4.886921961E-3,-2.321287990E-2,-1.221730490E-3
1.291626434E1,3.665191587E-3,-2.199114859E-2,-3.054326167E-3
1.291826934E1,1.832595794E-3,-2.076941915E-2,0.000000000E0
1.292022700E1,6.108652451E-4,-2.015855350E-2,1.832595794E-3
1.292229588E1,6.108652451E-4,-2.076941915E-2,6.108652451E-4
1.292433019E1,-6.108652451E-4,-2.076941915E-2,3.054326167E-3
1.292639946E1,-1.832595794E-3,-1.893682219E-2,1.221730490E-3
1.292843427E1,-1.832595794E-3,-1.710422710E-2,-6.108652451E-4
1.293050369E1,-1.832595794E-3,-1.649336144E-2,6.108652451E-4
1.293253819E1,-5.497787148E-3,-1.649336144E-2,1.221730490E-3
1.293460792E1,-3.054326167E-3,-1.466076635E-2,-6.108652451E-4
1.293668957E1,-3.665191587E-3,-1.404990070E-2,1.221730490E-3
1.293864742E1,-4.276056774E-3,-1.221730467E-2,1.221730490E-3
1.294076684E1,-4.886921961E-3,-1.099557430E-2,-6.108652451E-4
1.294270830E1,-3.665191587E-3,-9.773843922E-3,-3.054326167E-3
1.294470715E1,-5.497787148E-3,-9.162978269E-3,-3.054326167E-3
1.294677677E1,-4.886921961E-3,-6.108652335E-3,-3.665191587E-3
1.294881107E1,-7.330383174E-3,-5.497787148E-3,-4.276056774E-3
1.295087992E1,-3.665191587E-3,-4.276056774E-3,-6.108652335E-3
1.295291484E1,-7.330383174E-3,-3.054326167E-3,-6.719517522E-3
1.295498404E1,-6.108652335E-3,0.000000000E0,-7.330383174E-3
1.295706646E1,-4.886921961E-3,1.832595794E-3,-1.038470957E-2
1.295907231E1,-4.886921961E-3,4.276056774E-3,-7.941247895E-3
1.296115200E1,-4.276056774E-3,4.276056774E-3,-6.719517522E-3
1.296305773E1,-2.443460980E-3,6.108652335E-3,-7.330383174E-3
1.296505684E1,-2.443460980E-3,9.773843922E-3,-9.162978269E-3
1.296712604E1,-1.832595794E-3,1.282817032E-2,-9.162978269E-3
1.296916042E1,-2.443460980E-3,1.404990070E-2,-1.038470957E-2
1.297122980E1,0.000000000E0,1.832595654E-2,-1.466076635E-2
1.297326454E1,-1.832595794E-3,1.893682219E-2,-9.773843922E-3
1.297533407E1,-1.832595794E-3,2.199114859E-2,-1.404990070E-2
1.297741627E1,-6.108652451E-4,2.443460934E-2,-1.404990070E-2
1.297937388E1,-6.108652451E-4,2.504547499E-2,-1.221730467E-2
1.298140573E1,-1.221730490E-3,2.565634064E-2,-1.343903504E-2
1.298347488E1,1.832595794E-3,2.871066704E-2,-1.588249579E-2
1.298551011E1,2.443460980E-3,2.932153270E-2,-1.160643995E-2
1.298757919E1,1.832595794E-3,3.054326214E-2,-1.404990070E-2
1.298961500E1,0.000000000E0,3.054326214E-2,-1.221730467E-2
1.299168342E1,6.108652451E-4,3.176499158E-2,-1.282817032E-2
1.299371777E1,0.000000000E0,3.054326214E-2,-9.773843922E-3
1.299578623E1,4.276056774E-3,3.054326214E-2,-1.221730467E-2
1.299786827E1,4.276056774E-3,2.809980139E-2,-1.221730467E-2
1.299987292E1,4.886921961E-3,2.687807009E-2,-1.038470957E-2
1.300182807E1,4.886921961E-3,2.626720630E-2,-1.038470957E-2
1.300389684E1,3.054326167E-3,2.443460934E-2,-9.773843922E-3
1.300593157E1,7.941247895E-3,2.443460934E-2,-1.099557430E-2
1.300800019E1,3.665191587E-3,2.199114859E-2,-7.941247895E-3
1.301003504E1,7.330383174E-3,2.260201424E-2,-7.941247895E-3
1.301210377E1,5.497787148E-3,2.076941915E-2,-6.108652335E-3
1.301413800E1,6.108652335E-3,1.954768784E-2,-7.330383174E-3
1.301620700E1,6.719517522E-3,1.954768784E-2,-7.941247895E-3
1.301828850E1,5.497787148E-3,1.832595654E-2,-3.665191587E-3
1.302024746E1,4.886921961E-3,1.954768784E-2,-3.054326167E-3
1.302236638E1,7.330383174E-3,1.893682219E-2,-4.886921961E-3
1.302430773E1,6.719517522E-3,1.954768784E-2,-4.276056774E-3
1.302630700E1,6.108652335E-3,2.015855350E-2,-1.832595794E-3
1.302837715E1,7.330383174E-3,2.199114859E-2,-2.443460980E-3
1.303041119E1,7.941247895E-3,2.138028294E-2,-1.832595794E-3
1.303248104E1,6.719517522E-3,2.138028294E-2,-6.108652451E-4
1.303451519E1,7.941247895E-3,2.321287990E-2,1.832595794E-3
1.303658377E1,6.719517522E-3,2.565634064E-2,2.443460980E-3
1.303866565E1,6.719517522E-3,2.382374369E-2,1.832595794E-3
1.304067050E1,5.497787148E-3,2.565634064E-2,6.108652451E-4
1.304281223E1,7.330383174E-3,2.687807009E-2,1.832595794E-3
1.304464792E1,6.719517522E-3,3.115412779E-2,3.054326167E-3
1.304664734E1,8.552113548E-3,3.298672289E-2,6.108652451E-4
1.304871588E1,7.941247895E-3,3.604105115E-2,4.276056774E-3
1.305075019E1,7.330383174E-3,3.604105115E-2,3.665191587E-3
1.305281961E1,7.941247895E-3,4.337143153E-2,2.443460980E-3
1.305485384E1,5.497787148E-3,4.398229718E-2,2.443460980E-3
1.305692342E1,6.108652335E-3,4.642575979E-2,1.832595794E-3
1.305900584E1,5.497787148E-3,4.948008433E-2,2.443460980E-3
1.306096415E1,4.276056774E-3,5.314527452E-2,3.054326167E-3
1.306299450E1,3.665191587E-3,5.497787148E-2,1.221730490E-3
1.306506300E1,2.443460980E-3,5.742133409E-2,4.276056774E-3
1.306709680E1,2.443460980E-3,5.986479297E-2,2.443460980E-3
1.306916600E1,6.108652451E-4,6.352998316E-2,6.108652451E-4
1.307119992E1,6.108652451E-4,6.536258012E-2,1.832595794E-3
1.307326880E1,0.000000000E0,6.780604273E-2,3.054326167E-3
1.307530300E1,0.000000000E0,6.780604273E-2,-6.108652451E-4
1.307737173E1,-2.443460980E-3,6.963863969E-2,1.221730490E-3
1.307945357E1,-3.665191587E-3,7.147123665E-2,4.276056774E-3
1.308145980E1,-3.054326167E-3,7.330382615E-2,6.108652451E-4
1.308341657E1,-3.665191587E-3,7.513642311E-2,1.221730490E-3
1.308548492E1,-4.276056774E-3,7.452555746E-2,1.221730490E-3
1.308751904E1,-6.108652335E-3,7.880161703E-2,2.443460980E-3
1.308958880E1,-5.497787148E-3,7.513642311E-2,1.832595794E-3
1.309162292E1,-3.054326167E-3,7.757988572E-2,-1.221730490E-3
1.309369188E1,-6.719517522E-3,7.574728876E-2,2.443460980E-3
1.309572646E1,-3.054326167E-3,7.635815442E-2,-1.221730490E-3
1.309779561E1,-3.665191587E-3,7.880161703E-2,1.832595794E-3
1.309987784E1,-3.665191587E-3,7.696902007E-2,-1.221730490E-3
1.310183565E1,-2.443460980E-3,7.880161703E-2,6.108652451E-4
1.310395534E1,-1.221730490E-3,7.757988572E-2,-6.108652451E-4
1.310589673E1,-1.832595794E-3,7.819075137E-2,-6.108652451E-4
1.310789646E1,-1.221730490E-3,7.757988572E-2,-1.221730490E-3
1.310996600E1,-1.832595794E-3,7.757988572E-2,1.221730490E-3
1.311200030E1,6.108652451E-4,7.880161703E-2,-6.108652451E-4
1.311406954E1,0.000000000E0,7.880161703E-2,-3.665191587E-3
1.311610461E1,1.221730490E-3,7.635815442E-2,-1.221730490E-3
1.311817388E1,3.665191587E-3,7.635815442E-2,-2.443460980E-3
1.312025642E1,3.665191587E-3,7.452555746E-2,-1.221730490E-3
1.312226211E1,5.497787148E-3,7.452555746E-2,-2.443460980E-3
1.312434150E1,4.886921961E-3,7.391469181E-2,-3.665191587E-3
1.312624750E1,6.719517522E-3,7.208210230E-2,-2.443460980E-3
1.312824754E1,8.552113548E-3,7.269296050E-2,-3.665191587E-3
1.313031657E1,6.108652335E-3,7.208210230E-2,-3.665191587E-3
1.313235104E1,7.941247895E-3,6.841690838E-2,-1.832595794E-3
1.313442104E1,6.719517522E-3,6.597344577E-2,-2.443460980E-3
1.313645557E1,6.719517522E-3,6.414084882E-2,-5.497787148E-3
1.313852427E1,8.552113548E-3,6.352998316E-2,-6.108652451E-4
1.314060634E1,7.330383174E-3,6.169738993E-2,-2.443460980E-3
1.314256488E1,7.330383174E-3,6.169738993E-2,-2.443460980E-3
1.314459669E1,6.719517522E-3,5.803219974E-2,-3.054326167E-3
1.314666554E1,9.162978269E-3,5.925392732E-2,-4.886921961E-3
1.314870007E1,6.719517522E-3,5.681046844E-2,-5.497787148E-3
1.315076896E1,8.552113548E-3,5.192354694E-2,-6.108652451E-4
1.315280380E1,6.108652335E-3,5.070181563E-2,-3.054326167E-3
1.315482911E1,7.941247895E-3,4.886921868E-2,-4.276056774E-3
1.315682773E1,6.719517522E-3,4.764748737E-2,-4.886921961E-3
1.315889742E1,5.497787148E-3,4.520402849E-2,-1.221730490E-3
1.316097984E1,4.886921961E-3,4.581489414E-2,-4.886921961E-3
1.316298569E1,1.038470957E-2,4.153883830E-2,-3.665191587E-3
1.316494454E1,6.719517522E-3,3.970624134E-2,-3.665191587E-3
1.316701411E1,9.773843922E-3,3.726277873E-2,-3.054326167E-3
1.316904900E1,7.941247895E-3,3.604105115E-2,-4.886921961E-3
1.317111834E1,9.773843922E-3,3.420845419E-2,-7.941247895E-3
1.317315304E1,9.162978269E-3,3.420845419E-2,-5.497787148E-3
1.317522200E1,8.552113548E-3,3.115412779E-2,-3.665191587E-3
1.317725684E1,9.773843922E-3,2.932153270E-2,-7.330383174E-3
1.317932626E1,9.162978269E-3,2.809980139E-2,-7.330383174E-3
1.318140861E1,1.160643995E-2,2.687807009E-2,-6.108652335E-3
1.318336696E1,1.038470957E-2,2.443460934E-2,-7.941247895E-3
1.318549015E1,9.773843922E-3,2.565634064E-2,-7.330383174E-3
1.318739661E1,9.773843922E-3,2.504547499E-2,-6.719517522E-3
1.318939615E1,1.160643995E-2,2.504547499E-2,-6.108652335E-3
1.319146580E1,9.773843922E-3,2.443460934E-2,-6.719517522E-3
1.319350015E1,1.221730467E-2,2.382374369E-2,-6.719517522E-3
1.319556923E1,1.282817032E-2,2.626720630E-2,-9.773843922E-3
1.319760346E1,1.404990070E-2,2.626720630E-2,-7.941247895E-3
1.319967311E1,9.162978269E-3,2.932153270E-2,-5.497787148E-3
1.320175507E1,1.038470957E-2,2.748893574E-2,-6.108652335E-3
1.320376019E1,1.099557430E-2,2.932153270E-2,-8.552113548E-3
1.320590300E1,9.773843922E-3,2.993239649E-2,-8.552113548E-3
1.320773904E1,1.099557430E-2,3.420845419E-2,-9.773843922E-3
1.320973830E1,8.552113548E-3,3.176499158E-2,-8.552113548E-3
1.321180796E1,7.941247895E-3,3.359758854E-2,-4.276056774E-3
1.321384311E1,8.552113548E-3,3.298672289E-2,-1.038470957E-2
1.321591188E1,7.330383174E-3,3.481931984E-2,-4.886921961E-3
1.321794626E1,7.941247895E-3,3.604105115E-2,-4.276056774E-3
1.322003038E1,8.552113548E-3,3.543018550E-2,-6.719517522E-3
1.322209711E1,4.886921961E-3,3.665191308E-2,-2.443460980E-3
1.322405538E1,6.108652335E-3,3.543018550E-2,-2.443460980E-3
1.322608704E1,5.497787148E-3,3.848451003E-2,-7.330383174E-3
1.322815607E1,3.054326167E-3,3.909537569E-2,-4.276056774E-3
1.323019069E1,1.832595794E-3,3.848451003E-2,-4.276056774E-3
1.323225976E1,3.665191587E-3,3.909537569E-2,-3.054326167E-3
1.323429446E1,3.054326167E-3,3.726277873E-2,0.000000000E0
1.323636380E1,2.443460980E-3,3.665191308E-2,-2.443460980E-3
1.323839826E1,3.054326167E-3,3.543018550E-2,-4.276056774E-3
1.324046765E1,3.054326167E-3,3.665191308E-2,-1.832595794E-3
1.324255000E1,2.443460980E-3,3.543018550E-2,-3.054326167E-3
1.324455538E1,2.443460980E-3,3.420845419E-2,-3.665191587E-3
1.324651265E1,3.665191587E-3,3.298672289E-2,-6.108652451E-4
1.324858203E1,4.886921961E-3,3.359758854E-2,-1.832595794E-3
1.325061611E1,3.665191587E-3,3.237585723E-2,-3.054326167E-3
1.325268488E1,5.497787148E-3,3.115412779E-2,-1.832595794E-3
1.325471950E1,3.054326167E-3,2.993239649E-2,-2.443460980E-3
1.325678800E1,6.108652335E-3,2.809980139E-2,-1.832595794E-3
1.325882273E1,6.108652335E-3,2.748893574E-2,-3.054326167E-3
1.326089226E1,7.330383174E-3,2.626720630E-2,-1.832595794E-3
1.326297450E1,7.941247895E-3,2.565634064E-2,-3.665191587E-3
1.326493373E1,9.162978269E-3,2.321287990E-2,-4.886921961E-3
1.326705527E1,7.330383174E-3,2.260201424E-2,-6.108652335E-3
1.326899665E1,8.552113548E-3,2.138028294E-2,-6.108652335E-3
1.327099592E1,9.162978269E-3,2.076941915E-2,-3.054326167E-3
1.327306496E1,8.552113548E-3,2.076941915E-2,-6.719517522E-3
1.327509919E1,7.330383174E-3,1.771509275E-2,-6.719517522E-3
1.327716807E1,5.497787148E-3,1.832595654E-2,-5.497787148E-3
1.327920280E1,6.108652335E-3,1.466076635E-2,-4.886921961E-3
1.328127173E1,4.886921961E-3,1.282817032E-2,-4.886921961E-3
1.328335323E1,3.665191587E-3,1.221730467E-2,-4.886921961E-3
1.328535846E1,4.276056774E-3,1.099557430E-2,-7.330383174E-3
1.328743826E1,2.443460980E-3,1.099557430E-2,-4.886921961E-3
1.328934407E1,3.054326167E-3,7.941247895E-3,-3.054326167E-3
1.329134353E1,1.832595794E-3,6.719517522E-3,-4.886921961E-3
1.329341219E1,1.221730490E-3,7.941247895E-3,-3.665191587E-3
1.329544638E1,0.000000000E0,6.108652335E-3,-6.108652451E-4
1.329751503E1,1.221730490E-3,4.886921961E-3,-4.276056774E-3
1.329954873E1,0.000000000E0,4.276056774E-3,-2.443460980E-3
1.330161784E1,-1.221730490E-3,4.276056774E-3,1.832595794E-3
1.330369926E1,-2.443460980E-3,6.108652335E-3,-3.054326167E-3
1.330565738E1,-1.832595794E-3,4.886921961E-3,-6.108652451E-4
1.330765600E1,-3.665191587E-3,3.665191587E-3,-1.832595794E-3
1.330972450E1,-3.665191587E-3,7.330383174E-3,-1.832595794E-3
1.331175807E1,-1.832595794E-3,8.552113548E-3,-2.443460980E-3
1.331382703E1,-1.832595794E-3,8.552113548E-3,-3.665191587E-3
1.331586115E1,-4.276056774E-3,1.221730467E-2,-2.443460980E-3
1.331793015E1,-2.443460980E-3,1.343903504E-2,-4.276056774E-3
1.331996450E1,-4.886921961E-3,1.466076635E-2,-4.886921961E-3
1.332203319E1,-3.665191587E-3,1.527163107E-2,-3.665191587E-3
1.332411450E1,-4.276056774E-3,1.771509275E-2,-3.054326167E-3
1.332611930E1,-3.054326167E-3,1.832595654E-2,-4.886921961E-3
1.332807588E1,-3.665191587E-3,1.954768784E-2,-4.886921961E-3
1.333014457E1,-1.832595794E-3,1.954768784E-2,-8.552113548E-3
1.333217827E1,-1.832595794E-3,2.138028294E-2,-7.330383174E-3
1.333424753E1,-1.221730490E-3,2.015855350E-2,-4.886921961E-3
1.333628196E1,-2.443460980E-3,2.138028294E-2,-7.941247895E-3
1.333835042E1,-2.443460980E-3,2.199114859E-2,-4.886921961E-3
1.334038473E1,-6.108652451E-4,2.199114859E-2,-8.552113548E-3
1.334245288E1,-1.221730490E-3,2.626720630E-2,-7.330383174E-3
1.334453442E1,-1.832595794E-3,2.504547499E-2,-7.330383174E-3
1.334649226E1,-3.054326167E-3,2.443460934E-2,-6.719517522E-3
1.334861200E1,-1.832595794E-3,2.443460934E-2,-7.330383174E-3
1.335055265E1,-3.054326167E-3,2.748893574E-2,-8.552113548E-3
1.335255192E1,-2.443460980E-3,2.809980139E-2,-1.099557430E-2
1.335462165E1,-6.108652451E-4,2.871066704E-2,-9.162978269E-3
1.335665627E1,-1.832595794E-3,3.054326214E-2,-7.941247895E-3
1.335872473E1,-3.665191587E-3,2.932153270E-2,-6.719517522E-3
1.336075919E1,-1.832595794E-3,2.871066704E-2,-7.941247895E-3
1.336282827E1,0.000000000E0,2.687807009E-2,-7.330383174E-3
1.336491003E1,-1.832595794E-3,2.687807009E-2,-6.108652335E-3
1.336691484E1,-2.443460980E-3,2.687807009E-2,-8.552113548E-3
1.336905796E1,-4.886921961E-3,2.504547499E-2,-8.552113548E-3
1.337089327E1,-6.108652335E-3,2.504547499E-2,-7.330383174E-3
1.337289280E1,-1.832595794E-3,2.199114859E-2,-6.108652335E-3
1.337496161E1,-3.054326167E-3,2.015855350E-2,-3.665191587E-3
1.337699561E1,-4.276056774E-3,1.954768784E-2,-2.443460980E-3
1.337906461E1,-3.054326167E-3,1.710422710E-2,-3.054326167E-3
1.338109834E1,-4.276056774E-3,1.466076635E-2,-3.054326167E-3
1.338316834E1,-3.665191587E-3,1.527163107E-2,-1.221730490E-3
1.338525007E1,-4.276056774E-3,1.527163107E-2,-1.221730490E-3
1.338720784E1,-1.221730490E-3,1.404990070E-2,-6.108652451E-4
1.338924011E1,-3.054326167E-3,1.404990070E-2,6.108652451E-4
1.339130884E1,-6.108652451E-4,1.343903504E-2,-1.832595794E-3
1.339334342E1,-1.832595794E-3,1.343903504E-2,-1.221730490E-3
1.339541242E1,-6.108652451E-4,1.527163107E-2,-1.832595794E-3
1.339744757E1,-3.665191587E-3,1.404990070E-2,2.443460980E-3
1.339947280E1,-2.443460980E-3,1.588249579E-2,-1.221730490E-3
1.340147300E1,-4.886921961E-3,1.466076635E-2,3.665191587E-3
1.340354157E1,-2.443460980E-3,1.343903504E-2,3.054326167E-3
1.340562384E1,-6.108652335E-3,1.343903504E-2,6.108652451E-4
1.340762934E1,-1.832595794E-3,1.588249579E-2,1.832595794E-3
1.340958857E1,-3.054326167E-3,1.649336144E-2,2.443460980E-3
1.341165692E1,-1.221730490E-3,1.954768784E-2,0.000000000E0
1.341369126E1,-4.276056774E-3,1.832595654E-2,-1.221730490E-3
1.341575961E1,-1.832595794E-3,1.954768784E-2,0.000000000E0
1.341779384E1,-6.108652451E-4,2.015855350E-2,-3.665191587E-3
1.341986292E1,-1.832595794E-3,2.015855350E-2,-2.443460980E-3
1.342189792E1,-1.832595794E-3,1.771509275E-2,-1.221730490E-3
1.342396657E1,0.000000000E0,1.954768784E-2,-4.276056774E-3
1.342604861E1,0.000000000E0,1.954768784E-2,-7.941247895E-3
1.342800707E1,-6.108652451E-4,1.832595654E-2,-3.665191587E-3
1.343012761E1,1.221730490E-3,2.015855350E-2,-7.330383174E-3
1.343206884E1,6.108652451E-4,1.771509275E-2,-6.719517522E-3
1.343406784E1,2.443460980E-3,1.649336144E-2,-9.162978269E-3
1.343613769E1,2.443460980E-3,1.771509275E-2,-9.773843922E-3
1.343817269E1,1.221730490E-3,1.466076635E-2,-1.099557430E-2
1.344024134E1,3.054326167E-3,1.466076635E-2,-9.162978269E-3
1.344227611E1,1.221730490E-3,1.221730467E-2,-8.552113548E-3
1.344434546E1,4.276056774E-3,1.221730467E-2,-1.038470957E-2
1.344642742E1,0.000000000E0,9.773843922E-3,-1.038470957E-2
1.344843323E1,3.665191587E-3,9.162978269E-3,-1.099557430E-2
1.345051292E1,1.832595794E-3,9.773843922E-3,-1.099557430E-2
1.345241850E1,6.108652451E-4,7.941247895E-3,-1.038470957E-2
1.345441873E1,-6.108652451E-4,5.497787148E-3,-1.160643995E-2
1.345648807E1,-6.108652451E-4,6.719517522E-3,-7.330383174E-3
1.345852300E1,6.108652451E-4,4.886921961E-3,-9.162978269E-3
1.346059219E1,1.832595794E-3,4.886921961E-3,-8.552113548E-3
1.346262615E1,-1.221730490E-3,1.832595794E-3,-8.552113548E-3
1.346469561E1,-3.665191587E-3,2.443460980E-3,-8.552113548E-3
1.346677726E1,-4.886921961E-3,-6.108652451E-4,-7.941247895E-3
1.346873511E1,-3.054326167E-3,-1.832595794E-3,-7.330383174E-3
1.347076584E1,-2.443460980E-3,-3.054326167E-3,-2.443460980E-3
1.347283473E1,-2.443460980E-3,-3.665191587E-3,-8.552113548E-3
1.347486953E1,-3.665191587E-3,-6.108652335E-3,-3.665191587E-3
1.347693811E1,-3.665191587E-3,-7.330383174E-3,-4.276056774E-3
1.347897242E1,-3.054326167E-3,-5.497787148E-3,-4.276056774E-3
1.348104107E1,-3.665191587E-3,-4.886921961E-3,-6.108652451E-4
1.348307550E1,-3.054326167E-3,-6.719517522E-3,-4.886921961E-3
1.348514480E1,-3.665191587E-3,-7.330383174E-3,-1.832595794E-3
1.348722734E1,-3.665191587E-3,-7.941247895E-3,6.108652451E-4
1.348923276E1,-1.832595794E-3,-6.719517522E-3,-6.108652451E-4
1.349118957E1,-4.886921961E-3,-7.330383174E-3,-6.108652451E-4
1.349325807E1,-1.832595794E-3,-4.276056774E-3,1.221730490E-3
1.349529265E1,-2.443460980E-3,-6.719517522E-3,0.000000000E0
1.349736215E1,-3.665191587E-3,-5.497787148E-3,-6.108652451E-4
1.349939653E1,-1.221730490E-3,-6.108652335E-3,1.221730490E-3
1.350146523E1,-1.221730490E-3,-6.108652335E-3,1.832595794E-3
1.350349942E1,0.000000000E0,-6.108652335E-3,6.108652451E-4
1.350556811E1,6.108652451E-4,-6.719517522E-3,3.054326167E-3
1.350764953E1,-6.108652451E-4,-5.497787148E-3,-1.221730490E-3
1.350960669E1,1.832595794E-3,-6.719517522E-3,-6.108652451E-4
1.351172642E1,1.832595794E-3,-4.276056774E-3,1.832595794E-3
1.351366638E1,0.000000000E0,-3.665191587E-3,-1.832595794E-3
1.351566500E1,0.000000000E0,-7.330383174E-3,-1.221730490E-3
1.351773280E1,6.108652451E-4,-6.108652335E-3,-2.443460980E-3
1.351976730E1,3.054326167E-3,-5.497787148E-3,-5.497787148E-3
1.352183603E1,-6.108652451E-4,-7.941247895E-3,-2.443460980E-3
1.352387069E1,2.443460980E-3,-7.941247895E-3,-5.497787148E-3
1.352593838E1,1.832595794E-3,-8.552113548E-3,-7.330383174E-3
1.352802057E1,0.000000000E0,-9.773843922E-3,-7.330383174E-3
1.353002592E1,-6.108652451E-4,-8.552113548E-3,-3.054326167E-3
1.353216930E1,-1.221730490E-3,-1.038470957E-2,-9.162978269E-3
1.353400523E1,-3.054326167E-3,-1.160643995E-2,-6.719517522E-3
1.353600515E1,-2.443460980E-3,-1.099557430E-2,-9.162978269E-3
1.353807392E1,-3.054326167E-3,-1.221730467E-2,-1.160643995E-2
1.354010857E1,-3.665191587E-3,-1.404990070E-2,-1.221730467E-2
1.354217796E1,-4.276056774E-3,-1.343903504E-2,-1.160643995E-2
1.354421246E1,-4.276056774E-3,-1.466076635E-2,-1.343903504E-2
1.354628219E1,-3.054326167E-3,-1.466076635E-2,-1.466076635E-2
1.354836415E1,-4.886921961E-3,-1.588249579E-2,-1.466076635E-2
1.355032115E1,-4.886921961E-3,-1.588249579E-2,-1.710422710E-2
1.355235319E1,-4.886921961E-3,-1.466076635E-2,-1.466076635E-2
1.355442200E1,-6.719517522E-3,-1.527163107E-2,-1.466076635E-2
1.355645592E1,-8.552113548E-3,-1.404990070E-2,-1.771509275E-2
1.355852480E1,-7.941247895E-3,-1.404990070E-2,-1.588249579E-2
1.356055876E1,-7.941247895E-3,-1.221730467E-2,-1.588249579E-2
1.356262730E1,-1.282817032E-2,-1.282817032E-2,-1.710422710E-2
1.356466057E1,-1.038470957E-2,-1.282817032E-2,-1.710422710E-2
1.356672842E1,-1.343903504E-2,-1.282817032E-2,-1.710422710E-2
1.356880957E1,-1.099557430E-2,-1.343903504E-2,-1.832595654E-2
1.357081484E1,-1.282817032E-2,-1.099557430E-2,-2.015855350E-2
1.357277157E1,-1.282817032E-2,-1.160643995E-2,-1.710422710E-2
1.357484011E1,-1.038470957E-2,-1.038470957E-2,-1.710422710E-2
1.357687419E1,-1.160643995E-2,-1.038470957E-2,-1.771509275E-2
1.357894284E1,-1.404990070E-2,-1.038470957E-2,-1.954768784E-2
1.358097684E1,-1.527163107E-2,-1.038470957E-2,-1.771509275E-2
1.358304469E1,-1.343903504E-2,-9.773843922E-3,-1.893682219E-2
1.358507850E1,-1.466076635E-2,-9.162978269E-3,-2.076941915E-2
1.358714715E1,-1.527163107E-2,-1.099557430E-2,-1.710422710E-2
1.358922730E1,-1.710422710E-2,-9.773843922E-3,-1.771509275E-2
1.359118511E1,-1.343903504E-2,-1.038470957E-2,-2.321287990E-2
1.359330396E1,-1.771509275E-2,-1.221730467E-2,-2.260201424E-2
1.359524276E1,-1.588249579E-2,-9.773843922E-3,-1.954768784E-2
1.359724184E1,-1.343903504E-2,-1.221730467E-2,-2.260201424E-2
1.359931000E1,-1.404990070E-2,-1.343903504E-2,-2.443460934E-2
1.360134330E1,-1.527163107E-2,-1.527163107E-2,-1.832595654E-2
1.360341165E1,-1.588249579E-2,-1.710422710E-2,-2.199114859E-2
1.360544588E1,-1.466076635E-2,-1.771509275E-2,-1.954768784E-2
1.360751419E1,-1.466076635E-2,-1.954768784E-2,-1.832595654E-2
1.360959561E1,-1.527163107E-2,-2.138028294E-2,-2.138028294E-2
1.361160092E1,-1.282817032E-2,-2.504547499E-2,-1.771509275E-2
1.361367950E1,-1.282817032E-2,-2.443460934E-2,-2.076941915E-2
1.361558438E1,-1.282817032E-2,-2.504547499E-2,-1.954768784E-2
1.361758353E1,-1.160643995E-2,-2.687807009E-2,-1.954768784E-2
1.361965180E1,-1.282817032E-2,-2.932153270E-2,-1.588249579E-2
1.362168538E1,-1.221730467E-2,-2.932153270E-2,-1.771509275E-2
1.362375426E1,-7.941247895E-3,-2.993239649E-2,-1.343903504E-2
1.362578830E1,-1.038470957E-2,-3.176499158E-2,-1.466076635E-2
1.362787253E1,-9.162978269E-3,-3.359758854E-2,-1.771509275E-2
1.362993950E1,-8.552113548E-3,-3.176499158E-2,-1.649336144E-2
1.363189769E1,-9.162978269E-3,-3.298672289E-2,-1.588249579E-2
1.363392938E1,-4.886921961E-3,-3.115412779E-2,-1.649336144E-2
1.363599907E1,-6.108652335E-3,-3.298672289E-2,-1.404990070E-2
1.363803434E1,-7.330383174E-3,-3.359758854E-2,-1.466076635E-2
1.364010384E1,-6.108652335E-3,-3.054326214E-2,-1.527163107E-2
1.364213872E1,-7.330383174E-3,-3.298672289E-2,-1.099557430E-2
1.364416369E1,-4.886921961E-3,-2.809980139E-2,-9.773843922E-3
1.364616380E1,-4.276056774E-3,-3.115412779E-2,-1.343903504E-2
1.364823311E1,-6.108652335E-3,-2.748893574E-2,-9.162978269E-3
1.365031503E1,-4.276056774E-3,-2.809980139E-2,-1.099557430E-2
1.365232088E1,-4.276056774E-3,-2.382374369E-2,-1.160643995E-2
1.365427949E1,-3.054326167E-3,-2.321287990E-2,-9.162978269E-3
1.365634911E1,-2.443460980E-3,-2.138028294E-2,-7.941247895E-3
1.365838388E1,-2.443460980E-3,-2.015855350E-2,-1.160643995E-2
1.366045296E1,-4.276056774E-3,-1.832595654E-2,-7.330383174E-3
1.366248842E1,-3.665191587E-3,-1.588249579E-2,-7.941247895E-3
1.366455803E1,-3.665191587E-3,-1.282817032E-2,-8.552113548E-3
1.366659346E1,-4.886921961E-3,-1.038470957E-2,-8.552113548E-3
1.366866265E1,-4.886921961E-3,-9.773843922E-3,-1.038470957E-2
1.367074461E1,-5.497787148E-3,-7.941247895E-3,-9.773843922E-3
1.367270361E1,-4.276056774E-3,-5.497787148E-3,-1.038470957E-2
1.367482788E1,-1.221730490E-3,-2.443460980E-3,-1.466076635E-2
1.367673326E1,-4.886921961E-3,-4.886921961E-3,-9.773843922E-3
1.367873315E1,-4.886921961E-3,-1.221730490E-3,-1.038470957E-2
1.368080303E1,-4.886921961E-3,-1.832595794E-3,-1.404990070E-2
1.368283738E1,-4.886921961E-3,-2.443460980E-3,-1.404990070E-2
1.368490676E1,-7.941247895E-3,-3.665191587E-3,-9.773843922E-3
1.368694276E1,-6.719517522E-3,-6.719517522E-3,-1.160643995E-2
1.368901142E1,-7.330383174E-3,-4.276056774E-3,-1.404990070E-2
1.369109388E1,-7.941247895E-3,-7.941247895E-3,-7.941247895E-3
1.369309965E1,-7.330383174E-3,-8.552113548E-3,-1.404990070E-2
1.369524380E1,-7.330383174E-3,-1.099557430E-2,-1.343903504E-2
1.369707992E1,-7.330383174E-3,-1.160643995E-2,-1.221730467E-2
1.369907896E1,-1.038470957E-2,-1.343903504E-2,-1.282817032E-2
1.370114857E1,-7.941247895E-3,-1.527163107E-2,-1.527163107E-2
1.370318319E1,-8.552113548E-3,-1.710422710E-2,-1.038470957E-2
1.370525234E1,-1.038470957E-2,-2.076941915E-2,-9.773843922E-3
1.370728753E1,-7.941247895E-3,-2.076941915E-2,-1.099557430E-2
1.370935630E1,-1.038470957E-2,-2.321287990E-2,-7.330383174E-3
1.371143834E1,-9.162978269E-3,-2.565634064E-2,-1.038470957E-2
1.371339592E1,-6.719517522E-3,-2.626720630E-2,-1.282817032E-2
1.371542788E1,-6.719517522E-3,-2.809980139E-2,-1.038470957E-2
1.371749738E1,-9.162978269E-3,-3.176499158E-2,-1.038470957E-2
1.371953199E1,-8.552113548E-3,-3.420845419E-2,-6.719517522E-3
1.372160153E1,-7.330383174E-3,-3.420845419E-2,-9.162978269E-3
1.372363611E1,-7.941247895E-3,-3.543018550E-2,-1.099557430E-2
1.372570507E1,-7.330383174E-3,-3.665191308E-2,-8.552113548E-3
1.372773922E1,-5.497787148E-3,-3.909537569E-2,-7.941247895E-3
1.372980803E1,-5.497787148E-3,-3.970624134E-2,-9.773843922E-3
1.373189073E1,-6.108652335E-3,-3.909537569E-2,-1.038470957E-2
1.373389572E1,-4.886921961E-3,-4.031710699E-2,-9.773843922E-3
1.373585246E1,-4.886921961E-3,-4.031710699E-2,-1.038470957E-2
1.373792111E1,-4.276056774E-3,-4.031710699E-2,-1.221730467E-2
1.373995607E1,-4.886921961E-3,-4.214970022E-2,-9.773843922E-3
1.374202530E1,-2.443460980E-3,-4.153883830E-2,-9.773843922E-3
1.374406092E1,-2.443460980E-3,-4.092797264E-2,-1.160643995E-2
1.374612922E1,-3.665191587E-3,-4.031710699E-2,-1.038470957E-2
1.374816361E1,-4.276056774E-3,-4.031710699E-2,-1.038470957E-2
1.375023288E1,-3.054326167E-3,-4.092797264E-2,-1.099557430E-2
1.375231434E1,-1.832595794E-3,-3.970624134E-2,-9.162978269E-3
1.375427138E1,-1.221730490E-3,-3.970624134E-2,-1.282817032E-2
1.375639026E1,0.000000000E0,-4.153883830E-2,-1.160643995E-2
1.375833038E1,-3.054326167E-3,-4.153883830E-2,-8.552113548E-3
1.376032930E1,-2.443460980E-3,-3.909537569E-2,-7.941247895E-3
1.376239799E1,-3.054326167E-3,-3.909537569E-2,-8.552113548E-3
1.376443315E1,-1.832595794E-3,-3.909537569E-2,-1.221730467E-2
1.376650119E1,-1.832595794E-3,-3.726277873E-2,-9.773843922E-3
1.376853615E1,-1.832595794E-3,-3.726277873E-2,-7.330383174E-3
1.377060499E1,-6.108652451E-4,-3.665191308E-2,-9.773843922E-3
1.377268730E1,-5.497787148E-3,-3.543018550E-2,-9.773843922E-3
1.377469265E1,-2.443460980E-3,-3.481931984E-2,-4.276056774E-3
1.377677199E1,-1.221730490E-3,-3.298672289E-2,-6.719517522E-3
1.377867838E1,0.000000000E0,-3.237585723E-2,-7.330383174E-3
1.378067799E1,-1.221730490E-3,-2.993239649E-2,-4.886921961E-3
1.378274703E1,-1.221730490E-3,-2.748893574E-2,-7.941247895E-3
1.378478153E1,-1.221730490E-3,-2.748893574E-2,-5.497787148E-3
1.378685111E1,-1.221730490E-3,-2.504547499E-2,-4.276056774E-3
1.378888588E1,-6.108652451E-4,-2.443460934E-2,-6.108652451E-4
1.379095542E1,1.221730490E-3,-2.138028294E-2,-4.276056774E-3
1.379303753E1,2.443460980E-3,-2.076941915E-2,-2.443460980E-3
1.379499646E1,1.832595794E-3,-2.199114859E-2,-3.665191587E-3
1.379702807E1,6.108652451E-4,-1.893682219E-2,-2.443460980E-3
1.379909730E1,4.886921961E-3,-1.710422710E-2,-1.832595794E-3
1.380113311E1,3.665191587E-3,-1.649336144E-2,-4.276056774E-3
1.380320280E1,7.330383174E-3,-1.404990070E-2,-6.719517522E-3
1.380523799E1,8.552113548E-3,-1.404990070E-2,-1.832595794E-3
1.380730672E1,8.552113548E-3,-1.221730467E-2,-4.276056774E-3
1.380934230E1,9.162978269E-3,-1.160643995E-2,-6.108652451E-4
1.381141153E1,8.552113548E-3,-1.160643995E-2,-3.054326167E-3
1.381349480E1,9.162978269E-3,-1.038470957E-2,-4.276056774E-3
1.381549969E1,1.099557430E-2,-6.719517522E-3,-4.276056774E-3
1.381745499E1,1.282817032E-2,-8.552113548E-3,-6.108652335E-3
1.381952346E1,1.099557430E-2,-7.941247895E-3,-6.108652335E-3
1.382155819E1,1.404990070E-2,-5.497787148E-3,-5.497787148E-3
1.382362761E1,1.404990070E-2,-6.108652335E-3,-6.108652335E-3
1.382566180E1,1.771509275E-2,-4.886921961E-3,-8.552113548E-3
1.382773142E1,1.649336144E-2,-4.886921961E-3,-6.108652335E-3
1.382976626E1,1.649336144E-2,-5.497787148E-3,-8.552113548E-3
1.383183580E1,1.710422710E-2,-6.108652335E-3,-1.038470957E-2
1.383391919E1,1.649336144E-2,-7.941247895E-3,-9.773843922E-3
1.383587811E1,1.588249579E-2,-5.497787148E-3,-9.162978269E-3
1.383799796E1,1.710422710E-2,-4.886921961E-3,-1.038470957E-2
1.383993876E1,1.710422710E-2,-7.941247895E-3,-9.162978269E-3
1.384193819E1,1.771509275E-2,-7.941247895E-3,-1.160643995E-2
1.384400803E1,1.893682219E-2,-8.552113548E-3,-1.466076635E-2
1.384604315E1,1.893682219E-2,-1.099557430E-2,-9.773843922E-3
1.384811261E1,1.954768784E-2,-1.099557430E-2,-1.221730467E-2
1.385014730E1,1.893682219E-2,-1.404990070E-2,-1.038470957E-2
1.385221661E1,2.015855350E-2,-1.221730467E-2,-1.588249579E-2
1.385429869E1,1.771509275E-2,-1.588249579E-2,-1.527163107E-2
1.385630407E1,2.199114859E-2,-1.527163107E-2,-1.588249579E-2
1.385844669E1,1.893682219E-2,-1.649336144E-2,-1.404990070E-2
1.386028249E1,1.954768784E-2,-1.893682219E-2,-1.466076635E-2
1.386228153E1,2.138028294E-2,-1.893682219E-2,-1.710422710E-2
1.386435084E1,2.199114859E-2,-2.076941915E-2,-1.466076635E-2
1.386638499E1,2.076941915E-2,-2.138028294E-2,-1.954768784E-2
1.386845353E1,2.076941915E-2,-2.138028294E-2,-2.076941915E-2
1.387048730E1,2.138028294E-2,-2.382374369E-2,-1.710422710E-2
1.387255603E1,2.076941915E-2,-2.504547499E-2,-2.138028294E-2
1.387463788E1,2.199114859E-2,-2.565634064E-2,-1.893682219E-2
1.387659572E1,2.076941915E-2,-2.748893574E-2,-1.588249579E-2
1.387862699E1,2.015855350E-2,-2.993239649E-2,-2.138028294E-2
1.388069553E1,2.138028294E-2,-3.176499158E-2,-1.893682219E-2
1.388273003E1,2.138028294E-2,-3.176499158E-2,-2.015855350E-2
1.388479884E1,2.199114859E-2,-3.481931984E-2,-2.015855350E-2
1.388683303E1,2.076941915E-2,-3.604105115E-2,-1.832595654E-2
1.388885788E1,1.893682219E-2,-3.726277873E-2,-1.710422710E-2
1.389085696E1,2.199114859E-2,-4.031710699E-2,-2.015855350E-2
1.389292596E1,2.015855350E-2,-4.520402849E-2,-1.771509275E-2
1.389500796E1,2.015855350E-2,-4.581489414E-2,-1.710422710E-2
1.389701257E1,2.076941915E-2,-4.703662544E-2,-2.199114859E-2
1.389897142E1,1.588249579E-2,-4.642575979E-2,-1.466076635E-2
1.390103884E1,1.527163107E-2,-4.886921868E-2,-1.649336144E-2
1.390307399E1,1.771509275E-2,-5.131268129E-2,-1.527163107E-2
1.390514219E1,1.832595654E-2,-5.070181563E-2,-1.466076635E-2
1.390717680E1,1.588249579E-2,-5.131268129E-2,-1.343903504E-2
1.390924592E1,1.343903504E-2,-5.253441259E-2,-9.773843922E-3
1.391127988E1,1.527163107E-2,-5.192354694E-2,-9.162978269E-3
1.391334907E1,1.466076635E-2,-5.253441259E-2,-7.941247895E-3
1.391543157E1,1.404990070E-2,-5.009094998E-2,-4.886921961E-3
1.391738942E1,1.343903504E-2,-4.764748737E-2,-3.665191587E-3
1.391950846E1,1.221730467E-2,-4.642575979E-2,-1.832595794E-3
1.392144872E1,1.343903504E-2,-4.153883830E-2,-4.276056774E-3
1.392344780E1,1.466076635E-2,-3.970624134E-2,-1.832595794E-3
1.392551626E1,1.404990070E-2,-3.970624134E-2,0.000000000E0
1.392755034E1,1.282817032E-2,-3.481931984E-2,1.221730490E-3
1.392961926E1,1.282817032E-2,-2.871066704E-2,2.443460980E-3
1.393165346E1,1.221730467E-2,-2.687807009E-2,4.276056774E-3
1.393372307E1,1.404990070E-2,-2.199114859E-2,3.054326167E-3
1.393580542E1,1.404990070E-2,-1.588249579E-2,2.443460980E-3
1.393781076E1,1.160643995E-2,-1.282817032E-2,4.276056774E-3
1.393989065E1,1.343903504E-2,-8.552113548E-3,2.443460980E-3
1.394179684E1,1.404990070E-2,-1.832595794E-3,6.108652335E-3
1.394379642E1,1.404990070E-2,-1.221730490E-3,6.108652335E-3
1.394586526E1,1.282817032E-2,3.665191587E-3,3.665191587E-3
1.394790007E1,1.588249579E-2,7.941247895E-3,3.665191587E-3
1.394996857E1,1.343903504E-2,9.773843922E-3,7.330383174E-3
1.395200265E1,1.466076635E-2,1.160643995E-2,2.443460980E-3
1.395407219E1,1.282817032E-2,1.588249579E-2,5.497787148E-3
1.395615303E1,1.343903504E-2,1.832595654E-2,4.276056774E-3
1.395811003E1,1.282817032E-2,1.954768784E-2,6.108652335E-3
1.396014222E1,1.160643995E-2,1.954768784E-2,5.497787148E-3
1.396221169E1,1.404990070E-2,2.382374369E-2,4.276056774E-3
1.396424649E1,1.221730467E-2,2.504547499E-2,7.941247895E-3
1.396631580E1,1.099557430E-2,2.443460934E-2,9.162978269E-3
1.396835103E1,1.221730467E-2,2.626720630E-2,5.497787148E-3
1.397042026E1,1.160643995E-2,2.626720630E-2,7.330383174E-3
1.397245546E1,1.038470957E-2,2.443460934E-2,7.330383174E-3
1.397452449E1,8.552113548E-3,2.260201424E-2,4.886921961E-3
1.397660672E1,7.941247895E-3,2.260201424E-2,6.108652335E-3
1.397861246E1,6.719517522E-3,1.954768784E-2,8.552113548E-3
1.398056976E1,6.108652335E-3,1.649336144E-2,7.330383174E-3
1.398263961E1,5.497787148E-3,1.466076635E-2,1.099557430E-2
1.398467472E1,6.108652335E-3,1.221730467E-2,8.552113548E-3
1.398674372E1,7.330383174E-3,9.162978269E-3,5.497787148E-3
1.398877853E1,4.886921961E-3,6.108652335E-3,7.941247895E-3
1.399084938E1,1.832595794E-3,6.108652451E-4,6.108652335E-3
1.399288380E1,3.054326167E-3,-1.221730490E-3,4.276056774E-3
1.399495372E1,1.832595794E-3,-6.719517522E-3,7.330383174E-3
1.399703603E1,3.054326167E-3,-8.552113548E-3,6.108652335E-3
1.399899453E1,1.832595794E-3,-1.160643995E-2,4.276056774E-3
1.400111399E1,-6.108652451E-4,-1.466076635E-2,8.552113548E-3
1.400305522E1,2.443460980E-3,-1.771509275E-2,6.108652335E-3
1.400505472E1,4.276056774E-3,-1.954768784E-2,4.276056774E-3
1.400712449E1,6.108652451E-4,-2.015855350E-2,6.108652335E-3
1.400915968E1,6.108652451E-4,-2.199114859E-2,7.330383174E-3
1.401122946E1,0.000000000E0,-2.443460934E-2,3.665191587E-3
1.401326453E1,1.832595794E-3,-2.382374369E-2,5.497787148E-3
1.401533399E1,6.108652451E-4,-2.382374369E-2,4.276056774E-3
1.401741630E1,6.108652451E-4,-2.321287990E-2,3.665191587E-3
1.401942115E1,1.221730490E-3,-2.504547499E-2,6.108652335E-3
1.402156484E1,2.443460980E-3,-2.443460934E-2,6.108652335E-3
1.402340130E1,0.000000000E0,-2.565634064E-2,3.665191587E-3
1.402540034E1,2.443460980E-3,-2.199114859E-2,6.108652335E-3
1.402746946E1,3.665191587E-3,-2.260201424E-2,3.665191587E-3
1.402950411E1,2.443460980E-3,-2.015855350E-2,1.832595794E-3
1.403157276E1,3.665191587E-3,-1.832595654E-2,3.665191587E-3
1.403360711E1,1.832595794E-3,-1.771509275E-2,4.886921961E-3
1.403569080E1,3.665191587E-3,-1.649336144E-2,3.665191587E-3
1.403775772E1,2.443460980E-3,-1.588249579E-2,4.276056774E-3
1.403971599E1,3.665191587E-3,-1.404990070E-2,6.108652335E-3
1.404174803E1,4.886921961E-3,-1.221730467E-2,3.054326167E-3
1.404381680E1,4.276056774E-3,-1.221730467E-2,4.886921961E-3
1.404585134E1,5.497787148E-3,-1.038470957E-2,6.719517522E-3
1.404791953E1,4.276056774E-3,-1.038470957E-2,2.443460980E-3
1.404995407E1,5.497787148E-3,-9.162978269E-3,6.108652335E-3
1.405202276E1,6.108652335E-3,-8.552113548E-3,6.719517522E-3
1.405405738E1,8.552113548E-3,-7.941247895E-3,3.665191587E-3
1.405612592E1,6.108652335E-3,-6.719517522E-3,5.497787148E-3
1.405820803E1,7.330383174E-3,-6.719517522E-3,5.497787148E-3
1.406021207E1,7.941247895E-3,-6.108652335E-3,4.886921961E-3
1.406216726E1,6.108652335E-3,-6.108652335E-3,7.941247895E-3
1.406423488E1,7.330383174E-3,-7.330383174E-3,1.038470957E-2
1.406626818E1,7.330383174E-3,-7.941247895E-3,7.330383174E-3
1.406833749E1,8.552113548E-3,-7.941247895E-3,8.552113548E-3
1.407037161E1,8.552113548E-3,-7.941247895E-3,8.552113548E-3
1.407243988E1,7.941247895E-3,-9.162978269E-3,4.886921961E-3
1.407447434E1,8.552113548E-3,-9.773843922E-3,8.552113548E-3
1.407654322E1,7.330383174E-3,-1.099557430E-2,9.773843922E-3
1.407862542E1,7.330383174E-3,-1.282817032E-2,9.162978269E-3
1.408058211E1,7.330383174E-3,-1.404990070E-2,8.552113548E-3
1.408270184E1,1.038470957E-2,-1.404990070E-2,7.941247895E-3
1.408464307E1,7.941247895E-3,-1.771509275E-2,9.162978269E-3
1.408664195E1,1.038470957E-2,-1.710422710E-2,1.038470957E-2
1.408871072E1,7.330383174E-3,-2.076941915E-2,9.773843922E-3
1.409074488E1,7.330383174E-3,-2.076941915E-2,1.160643995E-2
1.409281253E1,7.941247895E-3,-2.138028294E-2,8.552113548E-3
1.409484707E1,9.773843922E-3,-2.321287990E-2,7.330383174E-3
1.409691530E1,8.552113548E-3,-2.321287990E-2,9.773843922E-3
1.409899626E1,7.330383174E-3,-2.626720630E-2,9.773843922E-3
1.410100253E1,1.038470957E-2,-2.443460934E-2,7.941247895E-3
1.410308230E1,6.108652335E-3,-2.443460934E-2,8.552113548E-3
1.410498784E1,6.719517522E-3,-2.382374369E-2,1.038470957E-2
1.410698768E1,4.886921961E-3,-2.260201424E-2,9.773843922E-3
1.410905611E1,6.108652335E-3,-2.382374369E-2,6.108652335E-3
1.411109103E1,5.497787148E-3,-2.260201424E-2,7.330383174E-3
1.411316076E1,6.719517522E-3,-2.076941915E-2,5.497787148E-3
1.411519507E1,9.773843922E-3,-1.954768784E-2,6.108652335E-3
1.411726295E1,6.108652335E-3,-1.832595654E-2,7.941247895E-3
1.411934426E1,6.719517522E-3,-1.893682219E-2,5.497787148E-3
1.412130088E1,6.108652335E-3,-1.588249579E-2,5.497787148E-3
1.412333234E1,7.330383174E-3,-1.649336144E-2,6.719517522E-3
1.412540038E1,6.719517522E-3,-1.404990070E-2,4.276056774E-3
1.412743445E1,3.665191587E-3,-1.343903504E-2,3.665191587E-3
1.412950353E1,4.886921961E-3,-1.221730467E-2,0.000000000E0
1.413153722E1,6.719517522E-3,-1.221730467E-2,3.054326167E-3
1.413356168E1,6.108652335E-3,-1.282817032E-2,2.443460980E-3
1.413556111E1,6.719517522E-3,-1.099557430E-2,1.221730490E-3
1.413763003E1,4.886921961E-3,-1.038470957E-2,-1.832595794E-3
1.413971222E1,3.665191587E-3,-1.099557430E-2,3.054326167E-3
1.414171784E1,3.054326167E-3,-1.221730467E-2,1.832595794E-3
1.414367653E1,2.443460980E-3,-1.466076635E-2,0.000000000E0
1.414574580E1,2.443460980E-3,-1.466076635E-2,1.221730490E-3
1.414778018E1,4.276056774E-3,-1.527163107E-2,6.108652451E-4
1.414984918E1,3.054326167E-3,-1.893682219E-2,0.000000000E0
1.415188357E1,3.665191587E-3,-2.015855350E-2,-6.108652451E-4
1.415395272E1,4.276056774E-3,-2.076941915E-2,-6.108652451E-4
1.415598707E1,4.886921961E-3,-2.138028294E-2,-4.886921961E-3
1.415805665E1,6.108652335E-3,-2.321287990E-2,-3.665191587E-3
1.416013834E1,6.719517522E-3,-2.748893574E-2,-2.443460980E-3
1.416209611E1,5.497787148E-3,-2.809980139E-2,-2.443460980E-3
1.416421511E1,3.665191587E-3,-3.176499158E-2,-4.886921961E-3
1.416615472E1,5.497787148E-3,-3.298672289E-2,-2.443460980E-3
1.416815380E1,7.330383174E-3,-3.176499158E-2,-4.886921961E-3
1.417022265E1,5.497787148E-3,-3.543018550E-2,-3.054326167E-3
1.417225684E1,5.497787148E-3,-3.787364438E-2,-4.886921961E-3
1.417432553E1,7.941247895E-3,-3.909537569E-2,-6.108652335E-3
1.417636053E1,7.941247895E-3,-4.092797264E-2,-4.886921961E-3
1.417842930E1,7.330383174E-3,-4.398229718E-2,-3.665191587E-3
1.418051061E1,7.330383174E-3,-4.337143153E-2,-7.941247895E-3
1.418251492E1,7.941247895E-3,-4.581489414E-2,-5.497787148E-3
1.418470703E1,7.941247895E-3,-4.703662544E-2,-5.497787148E-3
1.418650765E1,7.941247895E-3,-4.764748737E-2,-7.941247895E-3
1.418850715E1,9.162978269E-3,-4.948008433E-2,-4.276056774E-3
1.419057645E1,6.108652335E-3,-5.009094998E-2,-2.443460980E-3
1.419261080E1,9.773843922E-3,-4.948008433E-2,-6.719517522E-3
1.419467984E1,1.038470957E-2,-5.009094998E-2,-3.054326167E-3
1.419671376E1,9.162978269E-3,-5.192354694E-2,-1.221730490E-3
1.419878269E1,1.038470957E-2,-5.131268129E-2,-3.665191587E-3
1.420086384E1,1.038470957E-2,-5.070181563E-2,-4.276056774E-3
1.420282149E1,1.038470957E-2,-4.886921868E-2,-1.832595794E-3
1.420482288E1,1.038470957E-2,-4.825835302E-2,-5.497787148E-3
1.420689134E1,9.773843922E-3,-4.764748737E-2,-6.108652451E-4
1.420892499E1,8.552113548E-3,-4.642575979E-2,-6.108652451E-4
1.421099334E1,9.162978269E-3,-4.581489414E-2,-6.108652451E-4
1.421302757E1,9.773843922E-3,-4.642575979E-2,-1.221730490E-3
1.421509672E1,9.162978269E-3,-4.703662544E-2,6.108652451E-4
1.421713030E1,9.162978269E-3,-4.459316283E-2,-1.221730490E-3
1.421919957E1,7.330383174E-3,-4.459316283E-2,1.221730490E-3
1.422128092E1,8.552113548E-3,-4.214970022E-2,1.221730490E-3
1.422328549E1,6.108652335E-3,-4.337143153E-2,6.108652451E-4
1.422524084E1,6.108652335E-3,-4.520402849E-2,3.054326167E-3
1.422730888E1,7.941247895E-3,-4.459316283E-2,6.108652451E-4
1.422934276E1,7.330383174E-3,-4.337143153E-2,6.108652451E-4
1.423141134E1,7.941247895E-3,-4.581489414E-2,3.054326167E-3
1.423344576E1,7.330383174E-3,-4.764748737E-2,2.443460980E-3
1.423551542E1,6.108652335E-3,-4.459316283E-2,1.832595794E-3
1.423754915E1,7.330383174E-3,-4.459316283E-2,3.665191587E-3
1.423961826E1,6.108652335E-3,-4.581489414E-2,1.221730490E-3
1.424170030E1,4.276056774E-3,-4.886921868E-2,1.832595794E-3
1.424365757E1,5.497787148E-3,-4.825835302E-2,2.443460980E-3
1.424577984E1,4.886921961E-3,-4.825835302E-2,-6.108652451E-4
1.424768507E1,4.886921961E-3,-5.009094998E-2,-6.108652451E-4
1.424968476E1,3.054326167E-3,-5.131268129E-2,4.276056774E-3
1.425175307E1,6.719517522E-3,-5.253441259E-2,-6.108652451E-4
1.425378768E1,3.665191587E-3,-5.497787148E-2,-6.108652451E-4
1.425585649E1,3.665191587E-3,-5.558873713E-2,1.221730490E-3
1.425789122E1,3.665191587E-3,-5.436700583E-2,6.108652451E-4
1.425995995E1,1.221730490E-3,-5.742133409E-2,3.054326167E-3
1.426204142E1,4.276056774E-3,-5.803219974E-2,1.832595794E-3
1.426404615E1,4.886921961E-3,-5.864306539E-2,-1.221730490E-3
1.426612588E1,5.497787148E-3,-5.864306539E-2,-1.221730490E-3
1.426803245E1,4.276056774E-3,-5.803219974E-2,0.000000000E0
1.427003118E1,4.276056774E-3,-5.925392732E-2,-3.054326167E-3
1.427210015E1,3.665191587E-3,-5.986479297E-2,-1.221730490E-3
1.427413507E1,4.886921961E-3,-5.986479297E-2,-1.832595794E-3
1.427620480E1,2.443460980E-3,-6.108652428E-2,-2.443460980E-3
1.427823907E1,4.886921961E-3,-6.169738993E-2,-3.054326167E-3
1.428030842E1,4.886921961E-3,-6.108652428E-2,0.000000000E0
1.428239026E1,4.886921961E-3,-5.986479297E-2,-4.276056774E-3
1.428434834E1,6.719517522E-3,-6.291911751E-2,-3.665191587E-3
1.428634849E1,7.330383174E-3,-6.291911751E-2,-3.054326167E-3
1.428841734E1,5.497787148E-3,-6.047565863E-2,-2.443460980E-3
1.429045188E1,5.497787148E-3,-6.169738993E-2,-1.832595794E-3
1.429252103E1,6.719517522E-3,-5.986479297E-2,-4.276056774E-3
1.429455622E1,7.330383174E-3,-6.047565863E-2,-2.443460980E-3
1.429662561E1,6.719517522E-3,-5.986479297E-2,-6.719517522E-3
1.429865926E1,8.552113548E-3,-6.108652428E-2,-3.665191587E-3
1.430072822E1,9.773843922E-3,-5.742133409E-2,-4.276056774E-3
1.430281026E1,1.099557430E-2,-5.925392732E-2,-5.497787148E-3
1.430481515E1,1.343903504E-2,-5.681046844E-2,-6.108652451E-4
1.430677068E1,1.099557430E-2,-5.619960278E-2,-4.276056774E-3
1.430884003E1,1.282817032E-2,-5.436700583E-2,-6.108652335E-3
1.431087445E1,9.162978269E-3,-5.375614017E-2,-3.054326167E-3
1.431294318E1,1.160643995E-2,-5.192354694E-2,-5.497787148E-3
1.431497811E1,1.160643995E-2,-5.192354694E-2,-3.665191587E-3
1.431704730E1,1.099557430E-2,-4.825835302E-2,-4.276056774E-3
1.431908261E1,1.099557430E-2,-4.764748737E-2,-5.497787148E-3
1.432115057E1,1.221730467E-2,-4.398229718E-2,-5.497787148E-3
1.432323318E1,1.282817032E-2,-4.337143153E-2,-3.665191587E-3
1.432519099E1,8.552113548E-3,-4.031710699E-2,-4.276056774E-3
1.432731415E1,9.773843922E-3,-3.848451003E-2,-2.443460980E-3
1.432921942E1,9.773843922E-3,-3.726277873E-2,-4.276056774E-3
1.433121857E1,7.941247895E-3,-3.665191308E-2,-5.497787148E-3
1.433328742E1,7.330383174E-3,-3.359758854E-2,-4.886921961E-3
1.433532242E1,6.108652335E-3,-2.993239649E-2,-3.665191587E-3
1.433739099E1,7.330383174E-3,-3.054326214E-2,-3.054326167E-3
1.433942518E1,7.330383174E-3,-2.565634064E-2,-3.665191587E-3
1.434149453E1,6.108652335E-3,-2.626720630E-2,-4.276056774E-3
1.434357692E1,4.886921961E-3,-2.443460934E-2,-4.276056774E-3
1.434558261E1,4.886921961E-3,-2.321287990E-2,-3.665191587E-3
1.434772534E1,3.665191587E-3,-1.954768784E-2,-5.497787148E-3
1.434956161E1,3.054326167E-3,-2.260201424E-2,-1.221730490E-3
1.435156107E1,3.665191587E-3,-1.832595654E-2,-3.054326167E-3
1.435363095E1,6.108652451E-4,-1.649336144E-2,-3.665191587E-3
1.435566545E1,1.221730490E-3,-1.404990070E-2,-2.443460980E-3
1.435773472E1,6.108652451E-4,-1.466076635E-2,-3.054326167E-3
1.435976972E1,-2.443460980E-3,-1.343903504E-2,-1.221730490E-3
1.436183899E1,6.108652451E-4,-1.221730467E-2,-3.665191587E-3
1.436392103E1,-1.221730490E-3,-1.282817032E-2,-1.221730490E-3
1.436587903E1,-1.221730490E-3,-1.099557430E-2,-3.665191587E-3
1.436787957E1,-1.832595794E-3,-9.162978269E-3,-1.832595794E-3
1.436994849E1,-1.832595794E-3,-9.773843922E-3,-4.276056774E-3
1.437198334E1,-3.054326167E-3,-9.162978269E-3,-3.054326167E-3
1.437405199E1,-4.276056774E-3,-9.162978269E-3,1.221730490E-3
1.437608730E1,-3.665191587E-3,-1.038470957E-2,-3.054326167E-3
1.437811184E1,-3.665191587E-3,-9.162978269E-3,-3.054326167E-3
1.438011115E1,-4.886921961E-3,-9.162978269E-3,-1.221730490E-3
1.438217980E1,-4.276056774E-3,-9.162978269E-3,-4.276056774E-3
1.438426134E1,-4.276056774E-3,-8.552113548E-3,-2.443460980E-3
1.438626522E1,-3.665191587E-3,-7.941247895E-3,-3.665191587E-3
1.438822245E1,-4.276056774E-3,-1.038470957E-2,6.108652451E-4
1.439029088E1,-6.108652335E-3,-8.552113548E-3,-3.665191587E-3
1.439232538E1,-6.719517522E-3,-9.162978269E-3,-2.443460980E-3
1.439439422E1,-3.665191587E-3,-1.038470957E-2,-1.221730490E-3
1.439642872E1,-4.886921961E-3,-8.552113548E-3,-1.221730490E-3
1.439849714E1,-3.665191587E-3,-4.276056774E-3,-4.276056774E-3
1.440053222E1,-5.497787148E-3,-8.552113548E-3,-3.665191587E-3
1.440260122E1,-4.276056774E-3,-8.552113548E-3,-3.054326167E-3
1.440468380E1,-4.886921961E-3,-6.719517522E-3,-2.443460980E-3
1.440664211E1,-5.497787148E-3,-7.330383174E-3,0.000000000E0
1.440876472E1,-3.054326167E-3,-7.330383174E-3,-5.497787148E-3
1.441067034E1,-2.443460980E-3,-6.719517522E-3,-6.108652335E-3
1.441266999E1,-4.276056774E-3,-6.719517522E-3,-1.221730490E-3
1.441473934E1,-2.443460980E-3,-5.497787148E-3,-5.497787148E-3
1.441677407E1,-3.665191587E-3,-6.108652335E-3,-2.443460980E-3
1.441884326E1,-1.832595794E-3,-3.665191587E-3,-1.832595794E-3
1.442087768E1,-1.832595794E-3,-4.886921961E-3,-4.276056774E-3
1.442294788E1,-2.443460980E-3,-6.108652335E-3,-3.054326167E-3
1.442502945E1,-2.443460980E-3,-5.497787148E-3,-3.054326167E-3
1.442703522E1,0.000000000E0,-6.108652335E-3,-3.665191587E-3
1.442911557E1,0.000000000E0,-4.886921961E-3,-1.832595794E-3
1.443102199E1,2.443460980E-3,-4.886921961E-3,-2.443460980E-3
1.443302184E1,0.000000000E0,-4.886921961E-3,-1.832595794E-3
1.443509099E1,1.832595794E-3,-3.054326167E-3,-1.832595794E-3
1.443712603E1,0.000000000E0,-2.443460980E-3,-6.108652451E-4
1.443919499E1,1.832595794E-3,-3.665191587E-3,-1.221730490E-3
1.444123007E1,3.665191587E-3,-2.443460980E-3,-1.221730490E-3
1.444331326E1,2.443460980E-3,-3.054326167E-3,-1.832595794E-3
1.444538018E1,4.276056774E-3,-3.054326167E-3,-3.665191587E-3
1.444733861E1,3.665191587E-3,-1.221730490E-3,0.000000000E0
1.444933968E1,2.443460980E-3,-1.832595794E-3,0.000000000E0
1.445140895E1,3.054326167E-3,-6.108652451E-4,0.000000000E0
1.445344345E1,2.443460980E-3,-1.221730490E-3,1.832595794E-3
1.445551315E1,2.443460980E-3,-3.054326167E-3,1.832595794E-3
1.445754849E1,1.832595794E-3,-2.443460980E-3,3.665191587E-3
1.445961803E1,1.832595794E-3,-1.221730490E-3,3.054326167E-3
1.446165322E1,3.054326167E-3,-1.221730490E-3,0.000000000E0
1.446372203E1,1.221730490E-3,-6.108652451E-4,2.443460980E-3
1.446580445E1,-1.832595794E-3,-3.054326167E-3,8.552113548E-3
1.446780972E1,-6.108652451E-4,-2.443460980E-3,2.443460980E-3
1.446976572E1,-1.832595794E-3,-4.276056774E-3,4.276056774E-3
1.447183449E1,-6.108652451E-4,-2.443460980E-3,6.108652335E-3
1.447386922E1,-3.054326167E-3,-1.832595794E-3,5.497787148E-3
1.447593826E1,-6.108652335E-3,-3.054326167E-3,3.054326167E-3
1.447797268E1,-3.665191587E-3,-2.443460980E-3,7.330383174E-3
1.448004188E1,-3.665191587E-3,-2.443460980E-3,6.108652335E-3
1.448207630E1,-3.054326167E-3,-1.221730490E-3,1.221730490E-3
1.448414538E1,-4.276056774E-3,-3.665191587E-3,3.665191587E-3
1.448622745E1,-5.497787148E-3,-4.886921961E-3,3.054326167E-3
1.448818426E1,-6.719517522E-3,-3.665191587E-3,1.221730490E-3
1.449030776E1,-7.330383174E-3,-1.221730490E-3,3.665191587E-3
1.449221368E1,-6.719517522E-3,-1.221730490E-3,1.832595794E-3
1.449421303E1,-6.719517522E-3,-2.443460980E-3,6.108652451E-4
1.449628184E1,-6.719517522E-3,-1.832595794E-3,1.832595794E-3
1.449831641E1,-4.276056774E-3,0.000000000E0,-2.443460980E-3
1.450038588E1,-6.108652335E-3,-1.221730490E-3,-1.832595794E-3
1.450242088E1,-5.497787148E-3,-1.221730490E-3,-3.054326167E-3
1.450449007E1,-4.276056774E-3,1.221730490E-3,-6.108652335E-3
1.450657357E1,-3.054326167E-3,-6.108652451E-4,-9.162978269E-3
1.450857934E1,-6.108652335E-3,-1.221730490E-3,-6.719517522E-3
1.451072207E1,-4.886921961E-3,-1.832595794E-3,-7.941247895E-3
1.451255826E1,-3.054326167E-3,-1.832595794E-3,-9.773843922E-3
1.451455911E1,-4.276056774E-3,-1.832595794E-3,-6.108652335E-3
1.451662822E1,-2.443460980E-3,-1.221730490E-3,-1.221730467E-2
1.451866388E1,-3.665191587E-3,-1.832595794E-3,-1.038470957E-2
1.452073330E1,-6.719517522E-3,-1.832595794E-3,-9.162978269E-3
1.452276811E1,-2.443460980E-3,-5.497787148E-3,-1.160643995E-2
1.452483722E1,-5.497787148E-3,-6.719517522E-3,-1.343903504E-2
1.452692014E1,-2.443460980E-3,-6.719517522E-3,-9.773843922E-3
1.452887818E1,-3.054326167E-3,-9.773843922E-3,-1.343903504E-2
1.453087911E1,-2.443460980E-3,-1.099557430E-2,-1.099557430E-2
1.453294857E1,-2.443460980E-3,-1.282817032E-2,-9.162978269E-3
1.453498361E1,-3.665191587E-3,-1.466076635E-2,-1.160643995E-2
1.453705230E1,-2.443460980E-3,-1.527163107E-2,-7.330383174E-3
1.453908691E1,-6.108652451E-4,-1.832595654E-2,-7.941247895E-3
1.454115622E1,-1.221730490E-3,-1.710422710E-2,-8.552113548E-3
1.454319091E1,-1.832595794E-3,-2.015855350E-2,-8.552113548E-3
1.454525965E1,-1.832595794E-3,-2.199114859E-2,-6.719517522E-3
1.454734195E1,-3.054326167E-3,-2.260201424E-2,-5.497787148E-3
1.454934711E1,-1.832595794E-3,-2.443460934E-2,-4.886921961E-3
1.455130245E1,6.108652451E-4,-2.626720630E-2,-3.054326167E-3
1.455337207E1,0.000000000E0,-2.260201424E-2,-7.941247895E-3
1.455540699E1,-1.221730490E-3,-2.504547499E-2,-3.665191587E-3
1.455747591E1,2.443460980E-3,-2.504547499E-2,-6.108652451E-4
1.455951003E1,3.054326167E-3,-2.504547499E-2,-4.886921961E-3
1.456157918E1,2.443460980E-3,-2.199114859E-2,-2.443460980E-3
1.456361380E1,0.000000000E0,-2.260201424E-2,-6.108652451E-4
1.456568222E1,6.108652451E-4,-2.015855350E-2,-3.054326167E-3
1.456776438E1,1.221730490E-3,-1.710422710E-2,1.832595794E-3
1.456972203E1,2.443460980E-3,-1.527163107E-2,-2.443460980E-3
1.457184376E1,2.443460980E-3,-1.282817032E-2,-4.276056774E-3
1.457374961E1,3.054326167E-3,-1.160643995E-2,-1.221730490E-3
1.457574961E1,4.276056774E-3,-7.941247895E-3,-3.054326167E-3
1.457781841E1,3.665191587E-3,-7.330383174E-3,-2.443460980E-3
1.457985361E1,6.108652335E-3,-3.665191587E-3,-1.832595794E-3
1.458192291E1,6.719517522E-3,-3.054326167E-3,-3.665191587E-3
1.458395849E1,6.719517522E-3,0.000000000E0,-3.054326167E-3
1.458602741E1,6.719517522E-3,3.054326167E-3,-3.054326167E-3
1.458811076E1,5.497787148E-3,3.054326167E-3,-3.054326167E-3
1.459011591E1,6.108652335E-3,5.497787148E-3,-1.221730490E-3
1.459219584E1,4.886921961E-3,1.160643995E-2,-4.886921961E-3
1.459410234E1,8.552113548E-3,1.099557430E-2,-6.108652335E-3
1.459610291E1,8.552113548E-3,1.404990070E-2,-3.665191587E-3
1.459817307E1,7.330383174E-3,1.466076635E-2,-4.886921961E-3
1.460020876E1,7.330383174E-3,1.710422710E-2,-4.886921961E-3
1.460227872E1,7.330383174E-3,1.954768784E-2,-6.108652335E-3
1.460431418E1,6.108652335E-3,2.138028294E-2,-7.330383174E-3
1.460638499E1,5.497787148E-3,2.199114859E-2,-6.108652335E-3
1.460846680E1,6.719517522E-3,2.504547499E-2,-7.330383174E-3
1.461042526E1,7.330383174E-3,2.382374369E-2,-7.941247895E-3
1.461242595E1,6.108652335E-3,2.443460934E-2,-5.497787148E-3
1.461449580E1,6.719517522E-3,2.443460934E-2,-5.497787148E-3
1.461653007E1,4.886921961E-3,2.321287990E-2,-6.719517522E-3
1.461859938E1,6.108652335E-3,2.076941915E-2,-4.886921961E-3
1.462063434E1,4.886921961E-3,2.076941915E-2,-3.665191587E-3
1.462265961E1,5.497787148E-3,1.771509275E-2,-7.941247895E-3
1.462465938E1,4.886921961E-3,1.710422710E-2,-3.054326167E-3
1.462672880E1,3.054326167E-3,1.527163107E-2,-4.276056774E-3
1.462881114E1,3.665191587E-3,1.527163107E-2,-4.886921961E-3
1.463081691E1,5.497787148E-3,1.038470957E-2,-6.108652451E-4
1.463277414E1,2.443460980E-3,1.282817032E-2,-2.443460980E-3
1.463484388E1,4.276056774E-3,9.162978269E-3,-8.552113548E-3
1.463687865E1,3.054326167E-3,8.552113548E-3,-1.221730490E-3
1.463894765E1,3.665191587E-3,8.552113548E-3,-2.443460980E-3
1.464098214E1,3.054326167E-3,6.719517522E-3,-7.330383174E-3
1.464305118E1,4.886921961E-3,7.330383174E-3,-1.832595794E-3
1.464508618E1,2.443460980E-3,7.941247895E-3,-2.443460980E-3
1.464715499E1,3.665191587E-3,7.330383174E-3,-4.886921961E-3
1.464923722E1,5.497787148E-3,7.330383174E-3,-4.276056774E-3
1.465119672E1,4.276056774E-3,7.330383174E-3,-4.276056774E-3
1.465332007E1,3.054326167E-3,9.773843922E-3,-4.276056774E-3
1.465522576E1,3.054326167E-3,7.330383174E-3,-3.054326167E-3
1.465722530E1,4.886921961E-3,7.941247895E-3,-3.665191587E-3
1.465929418E1,4.886921961E-3,1.160643995E-2,-6.719517522E-3
1.466132868E1,1.832595794E-3,1.099557430E-2,-3.665191587E-3
1.466339734E1,2.443460980E-3,1.160643995E-2,-2.443460980E-3
1.466543145E1,2.443460980E-3,1.221730467E-2,-5.497787148E-3
1.466750068E1,3.054326167E-3,1.404990070E-2,-1.221730490E-3
1.466958253E1,3.054326167E-3,1.404990070E-2,-3.665191587E-3
1.467158838E1,3.665191587E-3,1.343903504E-2,-6.108652335E-3
1.467373141E1,2.443460980E-3,1.649336144E-2,-3.665191587E-3
1.467556676E1,4.276056774E-3,1.588249579E-2,-4.886921961E-3
1.467756661E1,5.497787148E-3,1.588249579E-2,-4.276056774E-3
1.467963572E1,7.330383174E-3,1.649336144E-2,-6.108652335E-3
1.468167026E1,4.886921961E-3,1.832595654E-2,-3.665191587E-3
1.468373988E1,4.276056774E-3,1.771509275E-2,-2.443460980E-3
1.468577384E1,6.719517522E-3,1.710422710E-2,-6.719517522E-3
1.468784264E1,3.665191587E-3,1.710422710E-2,-4.276056774E-3
1.468992522E1,6.108652335E-3,1.832595654E-2,-9.162978269E-3
1.469188314E1,6.108652335E-3,1.893682219E-2,-5.497787148E-3
1.469388911E1,6.108652335E-3,1.954768784E-2,-6.108652335E-3
1.469595722E1,6.719517522E-3,1.893682219E-2,-6.108652335E-3
1.469799122E1,7.941247895E-3,1.954768784E-2,-6.719517522E-3
1.470005964E1,7.330383174E-3,2.015855350E-2,-5.497787148E-3
1.470209391E1,7.330383174E-3,1.771509275E-2,-4.886921961E-3
1.470416253E1,7.330383174E-3,1.832595654E-2,-6.719517522E-3
1.470619757E1,4.886921961E-3,1.832595654E-2,-5.497787148E-3
1.470826576E1,6.719517522E-3,2.015855350E-2,-4.886921961E-3
1.471034784E1,7.330383174E-3,1.710422710E-2,-6.719517522E-3
1.471235253E1,4.886921961E-3,1.771509275E-2,-4.886921961E-3
1.471430934E1,6.108652335E-3,1.771509275E-2,-7.330383174E-3
1.471637864E1,4.276056774E-3,1.710422710E-2,-1.221730490E-3
1.471841322E1,4.276056774E-3,1.588249579E-2,-5.497787148E-3
1.472048280E1,4.276056774E-3,1.527163107E-2,-3.665191587E-3
1.472251799E1,2.443460980E-3,1.588249579E-2,-4.276056774E-3
1.472458776E1,7.330383174E-3,1.588249579E-2,-6.719517522E-3
1.472662341E1,4.276056774E-3,1.466076635E-2,-3.665191587E-3
1.472869295E1,5.497787148E-3,1.527163107E-2,-1.832595794E-3
1.473077488E1,7.330383174E-3,1.404990070E-2,-3.054326167E-3
1.473273314E1,4.886921961E-3,1.404990070E-2,-1.832595794E-3
1.473485653E1,6.108652335E-3,1.343903504E-2,-2.443460980E-3
1.473676203E1,6.108652335E-3,1.221730467E-2,-3.665191587E-3
1.473876180E1,4.886921961E-3,1.282817032E-2,1.221730490E-3
1.474083149E1,3.665191587E-3,1.404990070E-2,3.665191587E-3
1.474286641E1,4.276056774E-3,1.221730467E-2,-6.108652451E-4
1.474493591E1,4.886921961E-3,1.404990070E-2,6.108652451E-4
1.474697153E1,6.108652335E-3,1.343903504E-2,3.054326167E-3
1.474904003E1,7.330383174E-3,1.343903504E-2,6.108652451E-4
1.475112276E1,3.665191587E-3,1.343903504E-2,3.054326167E-3
1.475312845E1,9.773843922E-3,1.282817032E-2,-1.221730490E-3
1.475520864E1,6.108652335E-3,1.221730467E-2,1.221730490E-3
1.475711464E1,8.552113548E-3,1.343903504E-2,1.221730490E-3
1.475911495E1,6.719517522E-3,1.099557430E-2,1.221730490E-3
1.476118372E1,6.719517522E-3,1.099557430E-2,-1.221730490E-3
1.476321914E1,5.497787148E-3,1.099557430E-2,2.443460980E-3
1.476528888E1,6.719517522E-3,9.773843922E-3,0.000000000E0
1.476732368E1,6.108652335E-3,8.552113548E-3,6.108652451E-4
1.476939245E1,4.886921961E-3,7.941247895E-3,-6.108652451E-4
1.477147507E1,3.665191587E-3,5.497787148E-3,0.000000000E0
1.477343299E1,5.497787148E-3,6.108652335E-3,0.000000000E0
1.477543303E1,4.276056774E-3,3.665191587E-3,-1.832595794E-3
1.477750199E1,2.443460980E-3,4.276056774E-3,-6.108652451E-4
1.477953714E1,4.886921961E-3,3.054326167E-3,6.108652451E-4
1.478160611E1,3.665191587E-3,1.832595794E-3,0.000000000E0
1.478364022E1,3.665191587E-3,1.221730490E-3,-1.832595794E-3
1.478570926E1,1.832595794E-3,-6.108652451E-4,-6.108652451E-4
1.478774380E1,4.276056774E-3,-1.221730490E-3,-1.832595794E-3
1.478981403E1,1.832595794E-3,-4.886921961E-3,6.108652451E-4
1.479189564E1,6.108652451E-4,-1.221730490E-3,-1.832595794E-3
1.479390126E1,3.054326167E-3,-2.443460980E-3,-5.497787148E-3
1.479585757E1,3.054326167E-3,-4.886921961E-3,-3.665191587E-3
1.479792618E1,1.221730490E-3,-6.719517522E-3,-4.886921961E-3
1.479996091E1,3.054326167E-3,-6.108652335E-3,-5.497787148E-3
1.480203014E1,3.665191587E-3,-4.886921961E-3,-7.330383174E-3
1.480406511E1,1.832595794E-3,-6.108652335E-3,-4.276056774E-3
1.480613438E1,3.054326167E-3,-5.497787148E-3,-4.886921961E-3
1.480816891E1,1.221730490E-3,-7.330383174E-3,-7.941247895E-3
1.481023803E1,3.054326167E-3,-5.497787148E-3,-8.552113548E-3
1.481232030E1,3.054326167E-3,-4.276056774E-3,-6.108652335E-3
1.481427764E1,3.054326167E-3,-1.832595794E-3,-7.330383174E-3
1.481640218E1,6.108652451E-4,-1.221730490E-3,-7.330383174E-3
1.481830753E1,3.054326167E-3,0.000000000E0,-9.162978269E-3
1.482030784E1,-6.108652451E-4,6.108652451E-4,-7.330383174E-3
1.482237699E1,3.054326167E-3,3.054326167E-3,-8.552113548E-3
1.482441184E1,2.443460980E-3,3.665191587E-3,-6.719517522E-3
1.482648138E1,3.054326167E-3,6.719517522E-3,-6.108652335E-3
1.482851576E1,1.221730490E-3,7.941247895E-3,-6.108652335E-3
1.483058430E1,4.276056774E-3,9.162978269E-3,-5.497787148E-3
1.483266722E1,3.665191587E-3,1.404990070E-2,-9.162978269E-3
1.483467149E1,3.665191587E-3,1.466076635E-2,-6.108652335E-3
1.483681407E1,1.832595794E-3,1.527163107E-2,-4.276056774E-3
1.483864991E1,1.832595794E-3,1.710422710E-2,-4.886921961E-3
1.484064895E1,3.054326167E-3,1.893682219E-2,-7.330383174E-3
1.484271834E1,4.276056774E-3,2.015855350E-2,-7.941247895E-3
1.484475253E1,2.443460980E-3,2.076941915E-2,-7.330383174E-3
1.484682118E1,1.832595794E-3,2.321287990E-2,-5.497787148E-3
1.484885580E1,3.665191587E-3,2.321287990E-2,-7.330383174E-3
1.485094061E1,6.108652451E-4,2.382374369E-2,-3.665191587E-3
1.485300791E1,5.497787148E-3,2.626720630E-2,-9.162978269E-3
1.485496549E1,1.832595794E-3,2.504547499E-2,-3.665191587E-3
1.485696637E1,2.443460980E-3,2.382374369E-2,-3.054326167E-3
1.485903510E1,3.054326167E-3,2.565634064E-2,-4.886921961E-3
1.486106949E1,2.443460980E-3,2.565634064E-2,-4.886921961E-3
1.486313830E1,1.832595794E-3,2.687807009E-2,-4.886921961E-3
1.486517295E1,4.276056774E-3,2.443460934E-2,-5.497787148E-3
1.486719776E1,1.221730490E-3,2.626720630E-2,-4.276056774E-3
1.486919714E1,4.276056774E-3,2.382374369E-2,-2.443460980E-3
1.487126614E1,3.054326167E-3,2.687807009E-2,-7.330383174E-3
1.487334776E1,3.665191587E-3,2.565634064E-2,-6.108652335E-3
1.487535234E1,2.443460980E-3,2.443460934E-2,-4.886921961E-3
1.487731114E1,2.443460980E-3,2.138028294E-2,-4.886921961E-3
1.487938034E1,2.443460980E-3,2.382374369E-2,-4.886921961E-3
1.488141503E1,2.443460980E-3,2.382374369E-2,-4.886921961E-3
1.488348453E1,3.665191587E-3,2.382374369E-2,-7.330383174E-3
1.488551914E1,4.276056774E-3,2.260201424E-2,-6.108652335E-3
1.488758799E1,3.054326167E-3,2.260201424E-2,-6.719517522E-3
1.488962318E1,1.221730490E-3,2.076941915E-2,-6.719517522E-3
1.489169280E1,4.886921961E-3,2.260201424E-2,-3.665191587E-3
1.489377584E1,4.276056774E-3,2.260201424E-2,-6.719517522E-3
1.489573337E1,4.276056774E-3,2.076941915E-2,-5.497787148E-3
1.489785760E1,4.886921961E-3,2.076941915E-2,-3.054326167E-3
1.489976376E1,2.443460980E-3,2.199114859E-2,-4.886921961E-3
1.490176341E1,5.497787148E-3,2.199114859E-2,-5.497787148E-3
1.490383249E1,5.497787148E-3,2.076941915E-2,-4.276056774E-3
1.490586768E1,2.443460980E-3,2.015855350E-2,-4.886921961E-3
1.490793691E1,5.497787148E-3,2.076941915E-2,-6.108652335E-3
1.490997153E1,4.276056774E-3,1.954768784E-2,-2.443460980E-3
1.491204045E1,3.054326167E-3,2.015855350E-2,-6.108652335E-3
1.491412226E1,2.443460980E-3,1.893682219E-2,-3.665191587E-3
1.491612722E1,1.221730490E-3,1.710422710E-2,-1.221730490E-3
1.491820722E1,2.443460980E-3,1.771509275E-2,-5.497787148E-3
1.492011191E1,4.276056774E-3,1.710422710E-2,-6.108652335E-3
1.492211203E1,3.665191587E-3,1.771509275E-2,-1.221730490E-3
1.492418107E1,3.665191587E-3,1.771509275E-2,-1.221730490E-3
1.492621599E1,3.054326167E-3,1.588249579E-2,-6.108652335E-3
1.492828484E1,1.832595794E-3,1.404990070E-2,-1.832595794E-3
1.493031987E1,2.443460980E-3,1.466076635E-2,-5.497787148E-3
1.493238887E1,1.832595794E-3,1.404990070E-2,-3.665191587E-3
1.493447137E1,-1.832595794E-3,1.282817032E-2,-6.108652451E-4
1.493642949E1,-1.221730490E-3,1.099557430E-2,-1.221730490E-3
1.493843014E1,1.221730490E-3,9.773843922E-3,-4.276056774E-3
1.494049980E1,1.221730490E-3,9.773843922E-3,-2.443460980E-3
1.494253495E1,-1.832595794E-3,6.719517522E-3,-3.665191587E-3
1.494460364E1,0.000000000E0,6.719517522E-3,-5.497787148E-3
1.494663784E1,-1.832595794E-3,5.497787148E-3,6.108652451E-4
1.494870737E1,-3.665191587E-3,5.497787148E-3,-4.276056774E-3
1.495074191E1,-1.221730490E-3,3.665191587E-3,-4.276056774E-3
1.495281145E1,-3.054326167E-3,4.276056774E-3,-1.832595794E-3
1.495489387E1,-3.665191587E-3,4.276056774E-3,-4.886921961E-3
1.495689895E1,-5.497787148E-3,4.276056774E-3,-4.276056774E-3
1.495885549E1,-4.886921961E-3,4.276056774E-3,-1.221730490E-3
1.496092537E1,-4.276056774E-3,6.719517522E-3,-3.665191587E-3
1.496296003E1,-4.886921961E-3,6.719517522E-3,-6.719517522E-3
1.496502914E1,-3.665191587E-3,7.330383174E-3,-1.832595794E-3
1.496706414E1,-6.719517522E-3,7.941247895E-3,6.108652451E-4
1.496913318E1,-5.497787148E-3,1.038470957E-2,-4.276056774E-3
1.497116772E1,-7.941247895E-3,1.099557430E-2,2.443460980E-3
1.497323710E1,-7.941247895E-3,1.160643995E-2,-3.054326167E-3
1.497531961E1,-6.108652335E-3,1.282817032E-2,-2.443460980E-3
1.497727857E1,-4.276056774E-3,1.466076635E-2,6.108652451E-4
1.497940176E1,-4.276056774E-3,1.588249579E-2,-3.054326167E-3
1.498130672E1,-4.886921961E-3,1.771509275E-2,-4.276056774E-3
1.498330695E1,-5.497787148E-3,1.832595654E-2,3.665191587E-3
1.498537507E1,-3.054326167E-3,2.015855350E-2,-6.108652451E-4
1.498740972E1,-4.276056774E-3,2.076941915E-2,-2.443460980E-3
1.498947860E1,-4.276056774E-3,2.199114859E-2,0.000000000E0
1.499151314E1,-6.108652451E-4,2.260201424E-2,-3.665191587E-3
1.499358237E1,-1.221730490E-3,2.382374369E-2,-1.832595794E-3
1.499566445E1,-2.443460980E-3,2.382374369E-2,2.443460980E-3
1.499766918E1,-2.443460980E-3,2.565634064E-2,-6.108652451E-4
1.499981137E1,-1.221730490E-3,2.687807009E-2,1.221730490E-3
1.500164722E1,0.000000000E0,2.871066704E-2,-2.443460980E-3
1.500364722E1,-6.108652451E-4,2.687807009E-2,6.108652451E-4
1.500571580E1,1.221730490E-3,2.748893574E-2,6.108652451E-4
1.500775018E1,0.000000000E0,2.993239649E-2,2.443460980E-3
1.500981984E1,6.108652451E-4,2.871066704E-2,0.000000000E0
1.501185407E1,6.108652451E-4,2.932153270E-2,2.443460980E-3
1.501392357E1,3.054326167E-3,2.809980139E-2,-6.108652451E-4
1.501600526E1,1.832595794E-3,2.748893574E-2,-6.108652451E-4
1.501796268E1,1.221730490E-3,2.809980139E-2,3.054326167E-3
1.501996272E1,6.108652451E-4,2.504547499E-2,1.832595794E-3
1.502203137E1,3.665191587E-3,2.687807009E-2,-6.108652451E-4
1.502406684E1,4.886921961E-3,2.443460934E-2,6.108652451E-4
1.502613595E1,2.443460980E-3,2.382374369E-2,0.000000000E0
1.502816999E1,4.276056774E-3,2.199114859E-2,0.000000000E0
1.503023853E1,3.054326167E-3,2.321287990E-2,-2.443460980E-3
1.503227295E1,3.054326167E-3,2.076941915E-2,-3.054326167E-3
1.503434253E1,3.054326167E-3,2.138028294E-2,-3.665191587E-3
1.503642472E1,2.443460980E-3,1.832595654E-2,0.000000000E0
1.503843003E1,0.000000000E0,1.771509275E-2,-3.054326167E-3
1.504038618E1,0.000000000E0,1.527163107E-2,-1.832595794E-3
1.504245503E1,6.108652451E-4,1.649336144E-2,-1.832595794E-3
1.504448968E1,1.832595794E-3,1.404990070E-2,-4.886921961E-3
1.504655891E1,0.000000000E0,1.466076635E-2,-6.108652335E-3
1.504859384E1,-6.108652451E-4,1.221730467E-2,-1.221730490E-3
1.505066307E1,1.221730490E-3,1.282817032E-2,-5.497787148E-3
1.505269776E1,-1.221730490E-3,9.162978269E-3,-6.719517522E-3
1.505476630E1,0.000000000E0,1.160643995E-2,-2.443460980E-3
1.505684810E1,-1.832595794E-3,8.552113548E-3,-3.665191587E-3
1.505880549E1,0.000000000E0,1.038470957E-2,-7.330383174E-3
1.506092868E1,-1.832595794E-3,9.773843922E-3,-4.886921961E-3
1.506283484E1,-6.108652451E-4,9.773843922E-3,-6.719517522E-3
1.506483460E1,-1.832595794E-3,7.941247895E-3,-6.108652335E-3
1.506690380E1,-2.443460980E-3,9.773843922E-3,-7.330383174E-3
1.506893764E1,-1.832595794E-3,8.552113548E-3,-3.665191587E-3
1.507100637E1,-2.443460980E-3,1.038470957E-2,-6.719517522E-3
1.507304087E1,0.000000000E0,1.038470957E-2,-6.719517522E-3
1.507511014E1,-6.108652451E-4,1.160643995E-2,-8.552113548E-3
1.507719187E1,-1.832595794E-3,1.282817032E-2,-7.941247895E-3
1.507919687E1,6.108652451E-4,1.404990070E-2,-9.773843922E-3
1.508127630E1,6.108652451E-4,1.282817032E-2,-6.719517522E-3
1.508318310E1,0.000000000E0,1.282817032E-2,-5.497787148E-3
1.508518330E1,0.000000000E0,1.282817032E-2,-8.552113548E-3
1.508725272E1,1.221730490E-3,1.527163107E-2,-7.330383174E-3
1.508928814E1,0.000000000E0,1.404990070E-2,-4.886921961E-3
1.509135764E1,2.443460980E-3,1.282817032E-2,-6.719517522E-3
1.509339195E1,2.443460980E-3,1.404990070E-2,-3.665191587E-3
1.509546134E1,6.108652451E-4,1.466076635E-2,-6.719517522E-3
1.509754349E1,2.443460980E-3,1.588249579E-2,-6.719517522E-3
1.509950137E1,6.108652451E-4,1.466076635E-2,-6.108652335E-3
1.510150249E1,3.665191587E-3,1.404990070E-2,-6.108652335E-3
1.510357149E1,1.221730490E-3,1.160643995E-2,-5.497787148E-3
1.510560576E1,6.108652451E-4,1.221730467E-2,-6.108652451E-4
1.510767503E1,1.832595794E-3,1.343903504E-2,-3.665191587E-3
1.510970953E1,4.886921961E-3,1.099557430E-2,-1.832595794E-3
1.511173468E1,1.832595794E-3,1.099557430E-2,-2.443460980E-3
1.511373437E1,1.221730490E-3,1.099557430E-2,-1.221730490E-3
1.511580295E1,1.221730490E-3,1.038470957E-2,-1.832595794E-3
1.511788537E1,3.054326167E-3,1.038470957E-2,-2.443460980E-3
1.511989091E1,4.276056774E-3,9.773843922E-3,-1.221730490E-3
1.512184980E1,2.443460980E-3,1.038470957E-2,-6.108652451E-4
1.512391926E1,1.221730490E-3,7.941247895E-3,1.221730490E-3
1.512595341E1,6.108652335E-3,1.160643995E-2,6.108652451E-4
1.512802318E1,2.443460980E-3,9.773843922E-3,0.000000000E0
1.513005834E1,3.054326167E-3,1.099557430E-2,0.000000000E0
1.513212745E1,1.221730490E-3,1.099557430E-2,2.443460980E-3
1.513416160E1,4.276056774E-3,1.282817032E-2,0.000000000E0
1.513623099E1,1.832595794E-3,1.221730467E-2,3.054326167E-3
1.513831422E1,1.221730490E-3,1.221730467E-2,-6.108652451E-4
1.514027291E1,2.443460980E-3,1.160643995E-2,1.832595794E-3
1.514239699E1,1.832595794E-3,1.282817032E-2,6.108652451E-4
1.514430253E1,3.665191587E-3,1.343903504E-2,-2.443460980E-3
1.514630237E1,1.221730490E-3,1.404990070E-2,-1.221730490E-3
1.514837187E1,2.443460980E-3,1.282817032E-2,-1.221730490E-3
1.515040645E1,4.276056774E-3,1.404990070E-2,-1.832595794E-3
1.515247514E1,2.443460980E-3,1.221730467E-2,-2.443460980E-3
1.515451007E1,4.276056774E-3,1.038470957E-2,-3.054326167E-3
1.515657953E1,4.276056774E-3,9.773843922E-3,-6.108652335E-3
1.515866218E1,3.054326167E-3,1.038470957E-2,-3.665191587E-3
1.516066757E1,1.832595794E-3,7.941247895E-3,-4.276056774E-3
1.516281084E1,1.832595794E-3,6.108652335E-3,-6.719517522E-3
1.516464707E1,-1.221730490E-3,5.497787148E-3,-5.497787148E-3
1.516664707E1,2.443460980E-3,3.665191587E-3,-8.552113548E-3
1.516871734E1,3.054326167E-3,3.054326167E-3,-9.162978269E-3
1.517075264E1,0.000000000E0,1.221730490E-3,-8.552113548E-3
1.517282176E1,1.832595794E-3,-3.054326167E-3,-1.099557430E-2
1.517485687E1,-6.108652451E-4,-6.108652335E-3,-7.941247895E-3
1.517692634E1,-6.108652451E-4,-7.941247895E-3,-1.038470957E-2
1.517900899E1,1.221730490E-3,-9.162978269E-3,-7.941247895E-3
1.518096726E1,-4.276056774E-3,-1.160643995E-2,-1.282817032E-2
1.518296864E1,-2.443460980E-3,-1.527163107E-2,-9.773843922E-3
1.518503768E1,-6.108652335E-3,-1.527163107E-2,-8.552113548E-3
1.518707257E1,-1.221730490E-3,-1.710422710E-2,-9.773843922E-3
1.518914157E1,-3.054326167E-3,-2.138028294E-2,-1.038470957E-2
1.519117634E1,-4.276056774E-3,-2.015855350E-2,-1.160643995E-2
1.519324468E1,-3.665191587E-3,-2.138028294E-2,-1.099557430E-2
1.519527987E1,-4.276056774E-3,-2.321287990E-2,-6.108652335E-3
1.519734880E1,-6.719517522E-3,-2.321287990E-2,-9.773843922E-3
1.519943110E1,-3.665191587E-3,-2.138028294E-2,-7.941247895E-3
1.520143626E1,-4.886921961E-3,-2.076941915E-2,-7.941247895E-3
1.520339326E1,-4.276056774E-3,-1.954768784E-2,-9.162978269E-3
1.520546326E1,-4.886921961E-3,-1.649336144E-2,-1.160643995E-2
1.520749745E1,-4.886921961E-3,-1.466076635E-2,-7.941247895E-3
1.520956707E1,-4.276056774E-3,-1.404990070E-2,-9.773843922E-3
1.521160164E1,-4.886921961E-3,-1.160643995E-2,-1.160643995E-2
1.521367107E1,-1.832595794E-3,-8.552113548E-3,-7.330383174E-3
1.521570553E1,-3.054326167E-3,-4.276056774E-3,-9.773843922E-3
1.521777534E1,-6.108652451E-4,-5.497787148E-3,-8.552113548E-3
1.521985714E1,-2.443460980E-3,-3.665191587E-3,-7.941247895E-3
1.522181564E1,-1.832595794E-3,-1.221730490E-3,-1.099557430E-2
1.522393845E1,1.832595794E-3,2.443460980E-3,-7.941247895E-3
1.522584426E1,1.221730490E-3,4.886921961E-3,-8.552113548E-3
1.522784376E1,6.108652451E-4,3.665191587E-3,-1.099557430E-2
1.522991299E1,6.108652451E-4,7.941247895E-3,-1.099557430E-2
1.523194749E1,6.108652451E-4,9.162978269E-3,-8.552113548E-3
1.523401672E1,5.497787148E-3,9.162978269E-3,-1.038470957E-2
1.523605210E1,6.108652451E-4,1.282817032E-2,-9.773843922E-3
1.523812118E1,2.443460980E-3,1.282817032E-2,-7.941247895E-3
1.524020337E1,2.443460980E-3,1.466076635E-2,-7.941247895E-3
1.524220895E1,2.443460980E-3,1.527163107E-2,-7.330383174E-3
1.524428960E1,6.108652451E-4,1.588249579E-2,-7.330383174E-3
1.524619587E1,2.443460980E-3,1.404990070E-2,-7.941247895E-3
1.524819534E1,3.054326167E-3,1.404990070E-2,-5.497787148E-3
1.525026468E1,1.221730490E-3,1.466076635E-2,-6.719517522E-3
1.525230010E1,4.886921961E-3,1.282817032E-2,-7.330383174E-3
1.525436933E1,2.443460980E-3,1.038470957E-2,-1.832595794E-3
1.525640357E1,2.443460980E-3,1.038470957E-2,-5.497787148E-3
1.525848841E1,1.832595794E-3,1.099557430E-2,-3.665191587E-3
1.526055491E1,2.443460980E-3,7.330383174E-3,0.000000000E0
1.526251207E1,2.443460980E-3,6.108652335E-3,-6.108652451E-4
1.526451376E1,2.443460980E-3,4.886921961E-3,-4.276056774E-3
1.526658322E1,3.054326167E-3,4.886921961E-3,1.221730490E-3
1.526861741E1,3.665191587E-3,1.832595794E-3,6.108652451E-4
1.527068676E1,4.276056774E-3,6.108652451E-4,-3.054326167E-3
1.527272130E1,3.665191587E-3,-6.108652451E-4,2.443460980E-3
1.527479068E1,2.443460980E-3,-1.221730490E-3,-6.108652451E-4
1.527682518E1,2.443460980E-3,-6.108652451E-4,-6.108652451E-4
1.527889426E1,3.665191587E-3,-2.443460980E-3,2.443460980E-3
1.528097583E1,4.886921961E-3,-3.054326167E-3,1.221730490E-3
1.528298130E1,5.497787148E-3,0.000000000E0,-2.443460980E-3
1.528493795E1,1.832595794E-3,6.108652451E-4,-6.108652451E-4
1.528700695E1,2.443460980E-3,-1.832595794E-3,6.108652451E-4
1.528904107E1,3.054326167E-3,6.108652451E-4,-6.108652451E-4
1.529111037E1,3.054326167E-3,-6.108652451E-4,1.221730490E-3
1.529314522E1,2.443460980E-3,1.832595794E-3,0.000000000E0
1.529521441E1,1.221730490E-3,3.665191587E-3,-6.108652451E-4
1.529724864E1,2.443460980E-3,5.497787148E-3,1.221730490E-3
1.529931756E1,1.221730490E-3,8.552113548E-3,-1.221730490E-3
1.530139949E1,1.221730490E-3,6.719517522E-3,-2.443460980E-3
1.530335756E1,-6.108652451E-4,8.552113548E-3,-2.443460980E-3
1.530548083E1,-1.832595794E-3,9.162978269E-3,-4.886921961E-3
1.530738595E1,-1.832595794E-3,1.282817032E-2,-3.054326167E-3
1.530938503E1,0.000000000E0,1.099557430E-2,-5.497787148E-3
1.531145383E1,-1.221730490E-3,1.343903504E-2,-3.665191587E-3
1.531348768E1,-6.108652451E-4,1.466076635E-2,-6.719517522E-3
1.531555603E1,6.108652451E-4,1.282817032E-2,-6.108652335E-3
1.531759076E1,-6.108652451E-4,1.649336144E-2,-9.162978269E-3
1.531965968E1,-6.108652451E-4,1.527163107E-2,-9.773843922E-3
1.532174183E1,-1.221730490E-3,1.527163107E-2,-7.330383174E-3
1.532374633E1,6.108652451E-4,1.527163107E-2,-9.773843922E-3
1.532588880E1,-6.108652451E-4,1.771509275E-2,-9.773843922E-3
1.532772437E1,-2.443460980E-3,1.588249579E-2,-7.941247895E-3
1.532972410E1,-1.221730490E-3,1.466076635E-2,-1.099557430E-2
1.533179287E1,1.221730490E-3,1.527163107E-2,-9.162978269E-3
1.533382799E1,0.000000000E0,1.527163107E-2,-1.099557430E-2
1.533589633E1,0.000000000E0,1.404990070E-2,-9.162978269E-3
1.533793103E1,0.000000000E0,1.282817032E-2,-1.038470957E-2
1.534000095E1,6.108652451E-4,1.160643995E-2,-9.162978269E-3
1.534208249E1,0.000000000E0,1.221730467E-2,-1.038470957E-2
1.534404068E1,3.054326167E-3,9.162978269E-3,-1.038470957E-2
1.534604049E1,3.054326167E-3,9.773843922E-3,-9.773843922E-3
1.534810922E1,3.665191587E-3,9.162978269E-3,-1.099557430E-2
1.535014333E1,1.221730490E-3,6.719517522E-3,-7.941247895E-3
1.535221199E1,3.665191587E-3,6.108652335E-3,-6.719517522E-3
1.535424710E1,2.443460980E-3,6.108652335E-3,-7.941247895E-3
1.535627176E1,6.108652451E-4,4.276056774E-3,-7.941247895E-3
1.535827114E1,2.443460980E-3,4.886921961E-3,-4.886921961E-3
1.536034010E1,2.443460980E-3,2.443460980E-3,-5.497787148E-3
1.536242191E1,1.832595794E-3,1.221730490E-3,-3.054326167E-3
1.536442614E1,2.443460980E-3,6.108652451E-4,-3.665191587E-3
1.536638433E1,-6.108652451E-4,6.108652451E-4,-6.108652451E-4
1.536845260E1,1.832595794E-3,2.443460980E-3,-4.276056774E-3
1.537048737E1,3.054326167E-3,0.000000000E0,-3.054326167E-3
1.537255630E1,2.443460980E-3,-1.832595794E-3,-6.108652451E-4
1.537459049E1,1.832595794E-3,-3.665191587E-3,-1.221730490E-3
1.537665960E1,1.832595794E-3,-1.221730490E-3,-6.108652451E-4
1.537869364E1,0.000000000E0,-1.832595794E-3,3.054326167E-3
1.538076160E1,2.443460980E-3,-1.221730490E-3,1.832595794E-3
1.538284353E1,1.221730490E-3,6.108652451E-4,6.108652451E-4
1.538480103E1,1.221730490E-3,-6.108652451E-4,1.832595794E-3
1.538692464E1,1.832595794E-3,0.000000000E0,3.054326167E-3
1.538883076E1,6.108652451E-4,-6.108652451E-4,2.443460980E-3
1.539083053E1,3.054326167E-3,6.108652451E-4,3.665191587E-3
1.539289941E1,6.108652451E-4,6.108652451E-4,4.276056774E-3
1.539493291E1,6.108652451E-4,0.000000000E0,0.000000000E0
1.539700187E1,1.221730490E-3,2.443460980E-3,6.108652451E-4
1.539903595E1,1.221730490E-3,1.832595794E-3,2.443460980E-3
1.540110456E1,1.832595794E-3,1.832595794E-3,3.054326167E-3
1.540318549E1,1.221730490E-3,-1.221730490E-3,6.108652451E-4
1.540519007E1,2.443460980E-3,1.221730490E-3,-1.221730490E-3
1.540726883E1,-6.108652451E-4,0.000000000E0,3.665191587E-3
1.540917349E1,-1.221730490E-3,-1.832595794E-3,2.443460980E-3
1.541117195E1,0.000000000E0,-1.221730490E-3,6.108652451E-4
1.541324118E1,0.000000000E0,0.000000000E0,0.000000000E0
1.541527468E1,6.108652451E-4,-2.443460980E-3,0.000000000E0
1.541734280E1,-1.832595794E-3,-3.665191587E-3,0.000000000E0
1.541937680E1,2.443460980E-3,-1.832595794E-3,1.832595794E-3
1.542144537E1,-1.832595794E-3,-4.886921961E-3,0.000000000E0
1.542352626E1,-1.221730490E-3,-3.665191587E-3,-1.832595794E-3
1.542548276E1,-6.108652451E-4,-4.886921961E-3,-2.443460980E-3
1.542748268E1,-1.221730490E-3,-6.719517522E-3,-2.443460980E-3
1.542955168E1,6.108652451E-4,-6.108652335E-3,-3.665191587E-3
1.543158607E1,-1.832595794E-3,-5.497787148E-3,-3.054326167E-3
1.543365418E1,-6.108652451E-4,-6.108652335E-3,-3.054326167E-3
1.543568799E1,-1.221730490E-3,-6.108652335E-3,-2.443460980E-3
1.543775664E1,0.000000000E0,-6.108652335E-3,-5.497787148E-3
1.543979030E1,-6.108652451E-4,-6.108652335E-3,-4.886921961E-3
1.544185930E1,-1.221730490E-3,-4.886921961E-3,-7.330383174E-3
1.544394122E1,6.108652451E-4,-3.054326167E-3,-3.665191587E-3
1.544594583E1,-1.832595794E-3,-4.276056774E-3,-1.221730490E-3
1.544790218E1,-1.221730490E-3,-4.276056774E-3,-3.054326167E-3
1.544997149E1,0.000000000E0,-4.886921961E-3,-3.054326167E-3
1.545200568E1,6.108652451E-4,-2.443460980E-3,-2.443460980E-3
1.545407453E1,-3.054326167E-3,-2.443460980E-3,-4.276056774E-3
1.545610941E1,-1.832595794E-3,6.108652451E-4,-3.665191587E-3
1.545817830E1,1.832595794E-3,-1.221730490E-3,-3.665191587E-3
1.546021291E1,0.000000000E0,-1.221730490E-3,-3.665191587E-3
1.546228272E1,0.000000000E0,-6.108652451E-4,-2.443460980E-3
1.546436506E1,-6.108652451E-4,1.832595794E-3,0.000000000E0
1.546632276E1,-6.108652451E-4,2.443460980E-3,-1.221730490E-3
1.546844822E1,-3.665191587E-3,2.443460980E-3,-3.665191587E-3
1.547035353E1,-1.221730490E-3,6.719517522E-3,-6.108652451E-4
1.547235276E1,1.221730490E-3,5.497787148E-3,-4.276056774E-3
1.547442180E1,-1.221730490E-3,8.552113548E-3,-3.054326167E-3
1.547645637E1,1.832595794E-3,6.719517522E-3,-4.276056774E-3
1.547852572E1,6.108652451E-4,7.330383174E-3,-1.221730490E-3
1.548056026E1,-6.108652451E-4,7.941247895E-3,0.000000000E0
1.548262945E1,-6.108652451E-4,1.038470957E-2,0.000000000E0
1.548471180E1,-1.832595794E-3,7.941247895E-3,-2.443460980E-3
1.548671645E1,-6.108652451E-4,7.941247895E-3,-2.443460980E-3
1.548885895E1,-1.221730490E-3,9.162978269E-3,-1.832595794E-3
1.549069568E1,-1.832595794E-3,1.160643995E-2,-1.832595794E-3
1.549269568E1,-1.832595794E-3,1.038470957E-2,-1.221730490E-3
1.549476426E1,-2.443460980E-3,9.162978269E-3,1.832595794E-3
1.549679849E1,-2.443460980E-3,7.941247895E-3,0.000000000E0
1.549886764E1,-3.665191587E-3,8.552113548E-3,1.221730490E-3
1.550090206E1,-2.443460980E-3,6.719517522E-3,6.108652451E-4
1.550297137E1,-3.054326167E-3,8.552113548E-3,-6.108652451E-4
1.550505349E1,-3.054326167E-3,7.330383174E-3,1.221730490E-3
1.550701149E1,-1.832595794E-3,4.886921961E-3,6.108652451E-4
1.550901230E1,-3.054326167E-3,6.719517522E-3,0.000000000E0
1.551108272E1,-4.886921961E-3,4.886921961E-3,1.221730490E-3
1.551311699E1,-3.665191587E-3,3.665191587E-3,1.221730490E-3
1.551518737E1,-4.276056774E-3,3.665191587E-3,3.054326167E-3
1.551722237E1,-2.443460980E-3,3.054326167E-3,0.000000000E0
1.551929180E1,-2.443460980E-3,3.665191587E-3,0.000000000E0
1.552132637E1,-3.054326167E-3,6.108652451E-4,0.000000000E0
1.552339580E1,-3.665191587E-3,1.221730490E-3,6.108652451E-4
1.552547791E1,-3.054326167E-3,0.000000000E0,3.665191587E-3
1.552748218E1,-2.443460980E-3,-2.443460980E-3,-1.221730490E-3
1.552943949E1,-4.276056774E-3,-6.108652451E-4,0.000000000E0
1.553150887E1,-4.886921961E-3,-4.886921961E-3,3.665191587E-3
1.553354310E1,-3.665191587E-3,-4.886921961E-3,2.443460980E-3
1.553561233E1,0.000000000E0,-6.108652335E-3,6.108652451E-4
1.553764714E1,-4.886921961E-3,-5.497787148E-3,1.221730490E-3
1.553971672E1,-1.221730490E-3,-3.665191587E-3,6.108652451E-4
1.554175091E1,-2.443460980E-3,-3.054326167E-3,1.832595794E-3
1.554382018E1,-3.054326167E-3,-4.886921961E-3,6.108652451E-4
1.554590287E1,-1.221730490E-3,-2.443460980E-3,-2.443460980E-3
1.554786160E1,-6.108652451E-4,-3.665191587E-3,-1.221730490E-3
1.554998503E1,-2.443460980E-3,-1.832595794E-3,6.108652451E-4
1.555189041E1,-6.108652451E-4,-3.054326167E-3,-3.054326167E-3
1.555389083E1,-6.108652451E-4,-4.276056774E-3,-1.221730490E-3
1.555595903E1,-3.054326167E-3,-3.665191587E-3,1.832595794E-3
1.555799372E1,-1.832595794E-3,-2.443460980E-3,-1.221730490E-3
1.556006249E1,-1.832595794E-3,-1.221730490E-3,-1.221730490E-3
1.556209687E1,-1.221730490E-3,-6.108652451E-4,3.665191587E-3
1.556416514E1,-1.221730490E-3,1.221730490E-3,-5.497787148E-3
1.556624760E1,1.221730490E-3,6.108652451E-4,-6.108652451E-4
1.556825237E1,-2.443460980E-3,2.443460980E-3,-2.443460980E-3
1.557033141E1,-1.221730490E-3,3.054326167E-3,-5.497787148E-3
1.557223641E1,6.108652451E-4,2.443460980E-3,-3.054326167E-3
1.557423633E1,-1.832595794E-3,4.276056774E-3,-1.221730490E-3
1.557630506E1,-2.443460980E-3,5.497787148E-3,-4.886921961E-3
1.557833914E1,0.000000000E0,6.108652335E-3,-2.443460980E-3
1.558040830E1,-1.832595794E-3,4.886921961E-3,-1.832595794E-3
1.558244280E1,-3.665191587E-3,4.886921961E-3,-3.665191587E-3
1.558451160E1,-2.443460980E-3,4.276056774E-3,-3.054326167E-3
1.558659437E1,0.000000000E0,6.719517522E-3,-3.665191587E-3
1.558855226E1,0.000000000E0,5.497787148E-3,-3.665191587E-3
1.559055283E1,-3.054326167E-3,7.330383174E-3,6.108652451E-4
1.559262164E1,-3.054326167E-3,3.665191587E-3,3.054326167E-3
1.559465641E1,-3.665191587E-3,5.497787148E-3,-2.443460980E-3
1.559672606E1,-3.054326167E-3,3.665191587E-3,-6.108652451E-4
1.559876083E1,-3.665191587E-3,3.054326167E-3,6.108652451E-4
1.560078522E1,-3.665191587E-3,4.886921961E-3,-3.665191587E-3
1.560278503E1,-2.443460980E-3,6.108652451E-4,1.221730490E-3
1.560485341E1,-4.886921961E-3,3.054326167E-3,-6.108652451E-4
1.560693591E1,-3.665191587E-3,2.443460980E-3,0.000000000E0
1.560894103E1,-4.886921961E-3,1.832595794E-3,1.832595794E-3
1.561089933E1,-2.443460980E-3,1.221730490E-3,-6.108652451E-4
1.561296860E1,-3.054326167E-3,1.832595794E-3,-1.221730490E-3
1.561500360E1,-4.276056774E-3,2.443460980E-3,3.054326167E-3
1.561707276E1,-1.832595794E-3,3.054326167E-3,-2.443460980E-3
1.561910764E1,-3.665191587E-3,1.832595794E-3,-6.108652451E-4
1.562117580E1,-4.276056774E-3,1.221730490E-3,3.054326167E-3
1.562321103E1,-3.665191587E-3,3.665191587E-3,-1.221730490E-3
1.562528052E1,-4.886921961E-3,1.832595794E-3,3.054326167E-3
1.562736264E1,-1.832595794E-3,1.221730490E-3,4.276056774E-3
1.562931972E1,-1.832595794E-3,2.443460980E-3,-2.443460980E-3
1.563144195E1,-5.497787148E-3,3.054326167E-3,2.443460980E-3
1.563334622E1,-3.665191587E-3,4.276056774E-3,1.832595794E-3
1.563534595E1,-3.665191587E-3,1.221730490E-3,4.886921961E-3
1.563741572E1,-3.054326167E-3,3.665191587E-3,2.443460980E-3
1.563945033E1,-4.886921961E-3,2.443460980E-3,6.108652335E-3
1.564151910E1,-4.276056774E-3,4.886921961E-3,3.054326167E-3
1.564355318E1,-6.108652451E-4,6.108652335E-3,3.054326167E-3
1.564562260E1,0.000000000E0,3.054326167E-3,3.665191587E-3
1.564770483E1,-1.221730490E-3,4.886921961E-3,1.832595794E-3
1.564970999E1,-1.832595794E-3,5.497787148E-3,1.832595794E-3
1.565185260E1,-1.832595794E-3,3.665191587E-3,3.665191587E-3
1.565368818E1,-3.054326167E-3,3.054326167E-3,1.832595794E-3
1.565568691E1,-3.665191587E-3,5.497787148E-3,2.443460980E-3
1.565775702E1,-3.665191587E-3,3.665191587E-3,3.054326167E-3
1.565979095E1,-3.054326167E-3,5.497787148E-3,1.221730490E-3
1.566185910E1,-6.108652451E-4,4.276056774E-3,2.443460980E-3
1.566389368E1,-6.108652451E-4,2.443460980E-3,4.276056774E-3
1.566597818E1,-1.832595794E-3,4.886921961E-3,0.000000000E0
1.566804433E1,-3.665191587E-3,3.054326167E-3,1.221730490E-3
1.567000141E1,-1.832595794E-3,3.054326167E-3,1.221730490E-3
1.567200183E1,-2.443460980E-3,3.665191587E-3,-6.108652451E-4
1.567407137E1,-3.054326167E-3,1.832595794E-3,0.000000000E0
1.567610618E1,-1.221730490E-3,3.054326167E-3,-1.221730490E-3
1.567817491E1,-1.221730490E-3,6.108652451E-4,1.221730490E-3
1.568020952E1,-2.443460980E-3,2.443460980E-3,-1.221730490E-3
1.568227868E1,-1.221730490E-3,0.000000000E0,-1.832595794E-3
1.568431256E1,-1.832595794E-3,0.000000000E0,1.221730490E-3
1.568638183E1,-1.832595794E-3,0.000000000E0,-6.108652451E-4
1.568846318E1,-1.221730490E-3,6.108652451E-4,-6.108652451E-4
1.569046818E1,-2.443460980E-3,-1.221730490E-3,-6.108652451E-4
1.569242487E1,-3.054326167E-3,0.000000000E0,6.108652451E-4
1.569449349E1,-2.443460980E-3,-1.832595794E-3,-4.276056774E-3
1.569652814E1,-3.054326167E-3,-3.054326167E-3,0.000000000E0
1.569859741E1,-1.832595794E-3,-2.443460980E-3,-2.443460980E-3
1.570063164E1,-1.832595794E-3,-2.443460980E-3,-2.443460980E-3
1.570270045E1,-4.886921961E-3,-4.276056774E-3,-2.443460980E-3
1.570473426E1,-3.054326167E-3,-4.276056774E-3,-3.665191587E-3
1.570680287E1,-1.221730490E-3,-3.054326167E-3,-4.276056774E-3
1.570888429E1,-6.108652451E-4,-4.886921961E-3,-2.443460980E-3
1.571084137E1,-6.108652451E-4,-3.665191587E-3,-3.054326167E-3
1.571296599E1,6.108652451E-4,-3.665191587E-3,-3.054326167E-3
1.571487129E1,-6.108652451E-4,-4.276056774E-3,-6.108652451E-4
1.571687053E1,6.108652451E-4,-3.054326167E-3,-5.497787148E-3
1.571893883E1,1.221730490E-3,-1.221730490E-3,-6.719517522E-3
1.572097256E1,0.000000000E0,-3.665191587E-3,-1.221730490E-3
1.572304172E1,6.108652451E-4,-1.832595794E-3,-6.719517522E-3
1.572507564E1,0.000000000E0,-3.665191587E-3,-6.108652335E-3
1.572714368E1,2.443460980E-3,-1.832595794E-3,-3.054326167E-3
1.572922453E1,2.443460980E-3,-1.832595794E-3,-3.665191587E-3
1.573122891E1,1.832595794E-3,-6.108652451E-4,-6.719517522E-3
1.573330718E1,1.832595794E-3,-6.108652451E-4,-4.276056774E-3
1.573521341E1,0.000000000E0,1.832595794E-3,-1.832595794E-3
1.573721279E1,2.443460980E-3,3.054326167E-3,-2.443460980E-3
1.573928318E1,3.665191587E-3,4.276056774E-3,-4.276056774E-3
1.574131660E1,3.665191587E-3,4.886921961E-3,-1.221730490E-3
1.574338537E1,1.221730490E-3,4.886921961E-3,-1.832595794E-3
1.574541956E1,4.276056774E-3,8.552113548E-3,-3.665191587E-3
1.574748906E1,6.108652451E-4,6.719517522E-3,-1.221730490E-3
1.574957133E1,1.832595794E-3,7.941247895E-3,0.000000000E0
1.575153133E1,6.108652451E-4,7.330383174E-3,1.221730490E-3
1.575353291E1,3.054326167E-3,9.773843922E-3,0.000000000E0
1.575560249E1,3.665191587E-3,1.038470957E-2,-1.221730490E-3
1.575763660E1,-6.108652451E-4,1.099557430E-2,1.221730490E-3
1.575970637E1,1.221730490E-3,9.773843922E-3,3.054326167E-3
1.576174179E1,0.000000000E0,1.160643995E-2,1.832595794E-3
1.576381026E1,-6.108652451E-4,1.282817032E-2,3.054326167E-3
1.576584487E1,1.221730490E-3,1.160643995E-2,3.054326167E-3
1.576791314E1,-3.054326167E-3,1.221730467E-2,4.886921961E-3
1.576999506E1,0.000000000E0,1.343903504E-2,6.108652451E-4
1.577200010E1,-3.054326167E-3,1.466076635E-2,3.054326167E-3
1.577395572E1,-2.443460980E-3,1.404990070E-2,3.665191587E-3
1.577602499E1,0.000000000E0,1.466076635E-2,3.054326167E-3
1.577805933E1,6.108652451E-4,1.282817032E-2,4.886921961E-3
1.578012868E1,-1.221730490E-3,1.466076635E-2,4.886921961E-3
1.578216368E1,-6.108652451E-4,1.771509275E-2,3.054326167E-3
1.578423252E1,-1.832595794E-3,1.649336144E-2,1.832595794E-3
1.578626837E1,-6.108652451E-4,1.466076635E-2,6.108652335E-3
1.578833687E1,0.000000000E0,1.282817032E-2,2.443460980E-3
1.579041872E1,1.832595794E-3,1.282817032E-2,1.832595794E-3
1.579237618E1,-1.221730490E-3,1.160643995E-2,2.443460980E-3
1.579449964E1,0.000000000E0,1.038470957E-2,3.054326167E-3
1.579640572E1,6.108652451E-4,1.160643995E-2,2.443460980E-3
1.579840602E1,1.221730490E-3,1.038470957E-2,0.000000000E0
1.580047399E1,2.443460980E-3,9.162978269E-3,1.832595794E-3
1.580250891E1,-1.221730490E-3,1.038470957E-2,3.054326167E-3
1.580457737E1,0.000000000E0,7.330383174E-3,6.108652451E-4
1.580661118E1,-1.221730490E-3,7.330383174E-3,1.221730490E-3
1.580868037E1,3.665191587E-3,6.108652335E-3,0.000000000E0
1.581076264E1,1.221730490E-3,3.665191587E-3,-3.665191587E-3
1.581276726E1,6.108652451E-4,3.054326167E-3,6.108652451E-4
1.581491018E1,0.000000000E0,6.108652451E-4,-2.443460980E-3
1.581674595E1,6.108652451E-4,-1.832595794E-3,-2.443460980E-3
1.581874414E1,2.443460980E-3,-3.054326167E-3,-1.832595794E-3
1.582081445E1,2.443460980E-3,-2.443460980E-3,-3.665191587E-3
1.582284868E1,1.832595794E-3,-6.108652335E-3,-5.497787148E-3
1.582491802E1,1.221730490E-3,-9.773843922E-3,-3.665191587E-3
1.582695218E1,0.000000000E0,-9.162978269E-3,-4.886921961E-3
1.582902172E1,1.221730490E-3,-1.221730467E-2,-6.108652335E-3
1.583110395E1,-1.832595794E-3,-1.466076635E-2,-1.832595794E-3
1.583306195E1,-1.221730490E-3,-1.527163107E-2,-5.497787148E-3
1.583506249E1,-1.832595794E-3,-1.710422710E-2,-5.497787148E-3
1.583713099E1,6.108652451E-4,-1.893682219E-2,-6.108652335E-3
1.583916579E1,-1.221730490E-3,-1.893682219E-2,-4.276056774E-3
1.584123460E1,-2.443460980E-3,-2.015855350E-2,-1.832595794E-3
1.584326883E1,-1.832595794E-3,-1.954768784E-2,-4.276056774E-3
1.584529391E1,-3.054326167E-3,-2.076941915E-2,-3.054326167E-3
1.584729376E1,-3.665191587E-3,-2.076941915E-2,-3.665191587E-3
1.584936179E1,-3.054326167E-3,-2.015855350E-2,-3.054326167E-3
1.585144387E1,-3.054326167E-3,-1.954768784E-2,-2.443460980E-3
1.585344926E1,-3.665191587E-3,-1.771509275E-2,-1.221730490E-3
1.585540768E1,-4.886921961E-3,-1.710422710E-2,-1.221730490E-3
1.585747729E1,-3.665191587E-3,-1.282817032E-2,-1.832595794E-3
1.585951183E1,-1.221730490E-3,-1.404990070E-2,-3.054326167E-3
1.586158076E1,-2.443460980E-3,-9.773843922E-3,-1.832595794E-3
1.586361449E1,-3.054326167E-3,-6.108652335E-3,-6.108652451E-4
1.586568295E1,-4.276056774E-3,-6.108652335E-3,0.000000000E0
1.586771695E1,-2.443460980E-3,-2.443460980E-3,-3.054326167E-3
1.586978533E1,-6.108652451E-4,1.221730490E-3,-3.054326167E-3
1.587186652E1,-2.443460980E-3,1.221730490E-3,-3.054326167E-3
1.587382445E1,-1.221730490E-3,5.497787148E-3,-2.443460980E-3
1.587594756E1,-1.832595794E-3,8.552113548E-3,-3.054326167E-3
1.587785310E1,-6.108652451E-4,8.552113548E-3,-1.221730490E-3
1.587985152E1,6.108652451E-4,9.773843922E-3,-3.054326167E-3
1.588192076E1,0.000000000E0,1.404990070E-2,-1.832595794E-3
1.588395476E1,6.108652451E-4,1.404990070E-2,-1.221730490E-3
1.588602352E1,3.054326167E-3,1.649336144E-2,-4.886921961E-3
1.588805818E1,0.000000000E0,1.832595654E-2,-6.108652451E-4
1.589012764E1,1.832595794E-3,2.076941915E-2,-6.108652451E-4
1.589220860E1,1.221730490E-3,2.138028294E-2,-2.443460980E-3
1.589421437E1,2.443460980E-3,2.138028294E-2,6.108652451E-4
1.589629379E1,3.054326167E-3,2.382374369E-2,-3.054326167E-3
1.589819910E1,6.108652451E-4,2.443460934E-2,6.108652451E-4
1.590019860E1,3.665191587E-3,2.443460934E-2,-3.054326167E-3
1.590226718E1,1.221730490E-3,2.382374369E-2,-6.108652451E-4
1.590430133E1,4.276056774E-3,2.443460934E-2,-2.443460980E-3
1.590636914E1,3.054326167E-3,2.443460934E-2,1.832595794E-3
1.590840299E1,1.832595794E-3,1.954768784E-2,-6.108652451E-4
1.591047137E1,1.221730490E-3,1.832595654E-2,-6.108652451E-4
1.591255233E1,3.665191587E-3,1.954768784E-2,1.832595794E-3
1.591451014E1,4.886921961E-3,1.343903504E-2,3.054326167E-3
1.591651014E1,4.886921961E-3,1.466076635E-2,2.443460980E-3
1.591857837E1,3.665191587E-3,1.099557430E-2,1.832595794E-3
1.592061218E1,4.886921961E-3,6.108652335E-3,4.276056774E-3
1.592268149E1,2.443460980E-3,7.330383174E-3,3.665191587E-3
1.592471549E1,5.497787148E-3,5.497787148E-3,7.330383174E-3
1.592678449E1,4.886921961E-3,3.665191587E-3,5.497787148E-3
1.592881883E1,5.497787148E-3,6.108652451E-4,3.054326167E-3
1.593088710E1,2.443460980E-3,6.108652451E-4,7.330383174E-3
1.593296864E1,3.665191587E-3,-6.108652451E-4,5.497787148E-3
1.593497333E1,3.054326167E-3,-6.108652451E-4,4.886921961E-3
1.593692976E1,4.276056774E-3,-6.108652451E-4,7.941247895E-3
1.593899895E1,0.000000000E0,-2.443460980E-3,6.719517522E-3
1.594103356E1,4.886921961E-3,-6.108652451E-4,4.276056774E-3
1.594310299E1,4.276056774E-3,6.108652451E-4,4.886921961E-3
1.594513749E1,1.832595794E-3,0.000000000E0,5.497787148E-3
1.594720718E1,1.832595794E-3,-1.221730490E-3,2.443460980E-3
1.594924256E1,3.054326167E-3,1.221730490E-3,7.330383174E-3
1.595131133E1,1.221730490E-3,6.108652451E-4,3.665191587E-3
1.595339383E1,0.000000000E0,1.221730490E-3,6.719517522E-3
1.595535199E1,6.108652451E-4,3.054326167E-3,5.497787148E-3
1.595747629E1,1.221730490E-3,4.276056774E-3,1.832595794E-3
1.595938168E1,6.108652451E-4,5.497787148E-3,3.665191587E-3
1.596138102E1,-6.108652451E-4,7.941247895E-3,2.443460980E-3
1.596344999E1,-1.221730490E-3,6.719517522E-3,1.221730490E-3
1.596548468E1,0.000000000E0,8.552113548E-3,-6.108652451E-4
1.596755306E1,-6.108652451E-4,1.038470957E-2,3.665191587E-3
1.596958749E1,-6.108652451E-4,9.773843922E-3,-3.665191587E-3
1.597165668E1,-1.832595794E-3,1.221730467E-2,-1.221730490E-3
1.597373887E1,-3.665191587E-3,1.343903504E-2,6.108652451E-4
1.597574360E1,-6.108652451E-4,1.160643995E-2,-3.665191587E-3
1.597788568E1,6.108652451E-4,1.221730467E-2,-1.832595794E-3
1.597972176E1,6.108652451E-4,1.343903504E-2,-2.443460980E-3
1.598172049E1,0.000000000E0,1.343903504E-2,-5.497787148E-3
1.598378976E1,0.000000000E0,1.221730467E-2,-3.054326167E-3
1.598582495E1,0.000000000E0,1.160643995E-2,-3.054326167E-3
1.598789487E1,-3.054326167E-3,1.099557430E-2,-5.497787148E-3
1.598992922E1,-1.221730490E-3,1.099557430E-2,-2.443460980E-3
1.599199802E1,3.054326167E-3,9.773843922E-3,-4.276056774E-3
1.599408049E1,6.108652451E-4,9.773843922E-3,-6.719517522E-3
1.599603818E1,2.443460980E-3,7.941247895E-3,-4.886921961E-3
1.599804010E1,6.108652451E-4,7.330383174E-3,-3.665191587E-3
1.600010864E1,3.054326167E-3,6.719517522E-3,-7.330383174E-3
1.600214410E1,6.108652451E-4,6.719517522E-3,-2.443460980E-3
1.600421248E1,3.054326167E-3,4.886921961E-3,-3.665191587E-3
1.600624687E1,1.221730490E-3,3.665191587E-3,-4.276056774E-3
1.600831668E1,1.832595794E-3,2.443460980E-3,-1.221730490E-3
1.601035122E1,1.221730490E-3,0.000000000E0,-2.443460980E-3
1.601241983E1,3.665191587E-3,1.832595794E-3,-1.832595794E-3
1.601450126E1,3.054326167E-3,-1.221730490E-3,6.108652451E-4
1.601650560E1,3.665191587E-3,0.000000000E0,-1.832595794E-3
1.601846218E1,3.054326167E-3,-2.443460980E-3,-6.108652451E-4
1.602053079E1,1.221730490E-3,-4.276056774E-3,2.443460980E-3
1.602256479E1,2.443460980E-3,-3.665191587E-3,-1.221730490E-3
1.602463437E1,3.665191587E-3,-4.886921961E-3,-1.832595794E-3
1.602666845E1,1.832595794E-3,-3.665191587E-3,5.497787148E-3
1.602873779E1,6.108652451E-4,-4.276056774E-3,6.108652451E-4
1.603077156E1,6.108652451E-4,-3.665191587E-3,2.443460980E-3
1.603284033E1,1.221730490E-3,-4.276056774E-3,7.330383174E-3
1.603492264E1,1.221730490E-3,-3.054326167E-3,3.665191587E-3
1.603687999E1,0.000000000E0,-3.665191587E-3,4.276056774E-3
1.603900229E1,1.832595794E-3,-3.665191587E-3,7.941247895E-3
1.604090733E1,1.832595794E-3,-3.054326167E-3,4.276056774E-3
1.604290722E1,-1.221730490E-3,-1.221730490E-3,4.886921961E-3
1.604497564E1,0.000000000E0,0.000000000E0,5.497787148E-3
1.604701029E1,-6.108652451E-4,0.000000000E0,3.665191587E-3
1.604907891E1,-1.221730490E-3,0.000000000E0,6.108652335E-3
1.605111318E1,0.000000000E0,0.000000000E0,8.552113548E-3
1.605318233E1,6.108652451E-4,-1.221730490E-3,4.276056774E-3
1.605526426E1,6.108652451E-4,6.108652451E-4,1.221730490E-3
1.605726906E1,6.108652451E-4,-1.832595794E-3,6.108652335E-3
1.605934779E1,-6.108652451E-4,-1.832595794E-3,3.054326167E-3
1.606125360E1,-1.832595794E-3,-1.221730490E-3,4.276056774E-3
1.606325264E1,-3.665191587E-3,-2.443460980E-3,0.000000000E0
1.606532149E1,-2.443460980E-3,-1.832595794E-3,-1.221730490E-3
1.606735599E1,-6.108652451E-4,-3.665191587E-3,2.443460980E-3
1.606942475E1,-3.054326167E-3,-3.665191587E-3,1.221730490E-3
1.607145956E1,-1.221730490E-3,-4.276056774E-3,1.221730490E-3
1.607354298E1,-3.054326167E-3,-4.276056774E-3,0.000000000E0
1.607560933E1,-2.443460980E-3,-6.108652335E-3,2.443460980E-3
1.607756629E1,-3.665191587E-3,-4.886921961E-3,-1.832595794E-3
1.607956614E1,-4.276056774E-3,-7.941247895E-3,-1.832595794E-3
1.608163456E1,-3.054326167E-3,-7.941247895E-3,-6.108652451E-4
1.608366952E1,-1.832595794E-3,-8.552113548E-3,-3.054326167E-3
1.608573883E1,-3.665191587E-3,-1.099557430E-2,-6.108652451E-4
1.608777341E1,-2.443460980E-3,-8.552113548E-3,-2.443460980E-3
1.608979795E1,-1.832595794E-3,-1.099557430E-2,-1.221730490E-3
1.609179699E1,-6.108652451E-4,-1.282817032E-2,-3.054326167E-3
1.609386606E1,-1.221730490E-3,-9.773843922E-3,0.000000000E0
1.609594810E1,-3.054326167E-3,-1.160643995E-2,-1.221730490E-3
1.609795272E1,-6.108652451E-4,-9.773843922E-3,-4.276056774E-3
1.609991148E1,0.000000000E0,-1.160643995E-2,-6.108652451E-4
1.610198052E1,-2.443460980E-3,-1.282817032E-2,-3.665191587E-3
1.610401529E1,6.108652451E-4,-1.221730467E-2,-4.276056774E-3
1.610608379E1,0.000000000E0,-1.282817032E-2,-1.221730490E-3
1.610811814E1,-3.665191587E-3,-1.404990070E-2,-1.832595794E-3
1.611018783E1,3.054326167E-3,-1.221730467E-2,-2.443460980E-3
1.611222152E1,-6.108652451E-4,-1.466076635E-2,6.108652451E-4
1.611428999E1,0.000000000E0,-1.038470957E-2,-1.832595794E-3
1.611637133E1,2.443460980E-3,-1.038470957E-2,-2.443460980E-3
1.611832860E1,6.108652451E-4,-9.162978269E-3,2.443460980E-3
1.612045268E1,6.108652451E-4,-1.038470957E-2,0.000000000E0
1.612235852E1,-1.221730490E-3,-1.038470957E-2,-1.221730490E-3
1.612435895E1,6.108652451E-4,-7.941247895E-3,2.443460980E-3
1.612642822E1,6.108652451E-4,-5.497787148E-3,1.832595794E-3
1.612846372E1,6.108652451E-4,-7.941247895E-3,0.000000000E0
1.613053299E1,1.832595794E-3,-3.665191587E-3,1.221730490E-3
1.613256779E1,0.000000000E0,-3.054326167E-3,-6.108652451E-4
1.613463710E1,1.221730490E-3,-1.221730490E-3,-1.221730490E-3
1.613671956E1,0.000000000E0,-1.832595794E-3,-6.108652451E-4
1.613872387E1,1.832595794E-3,-6.108652451E-4,-1.221730490E-3
1.614086637E1,0.000000000E0,1.832595794E-3,-1.832595794E-3
1.614270256E1,6.108652451E-4,1.221730490E-3,1.221730490E-3
1.614470179E1,6.108652451E-4,1.832595794E-3,-6.108652451E-4
1.614677129E1,-6.108652451E-4,1.832595794E-3,-1.221730490E-3
1.614880591E1,0.000000000E0,0.000000000E0,3.054326167E-3
1.615087452E1,0.000000000E0,1.832595794E-3,-3.665191587E-3
1.615290848E1,6.108652451E-4,3.054326167E-3,6.108652451E-4
1.615497775E1,-6.108652451E-4,2.443460980E-3,-1.221730490E-3
1.615705948E1,-6.108652451E-4,2.443460980E-3,1.832595794E-3
1.615901625E1,1.221730490E-3,2.443460980E-3,2.443460980E-3
1.616101675E1,-2.443460980E-3,3.665191587E-3,1.832595794E-3
1.616308552E1,-3.054326167E-3,3.665191587E-3,1.221730490E-3
1.616512010E1,-6.108652451E-4,2.443460980E-3,2.443460980E-3
1.616718825E1,-1.832595794E-3,3.054326167E-3,3.665191587E-3
1.616922322E1,-3.054326167E-3,2.443460980E-3,-6.108652451E-4
1.617129125E1,-3.054326167E-3,2.443460980E-3,2.443460980E-3
1.617332525E1,-4.886921961E-3,1.221730490E-3,1.221730490E-3
1.617539364E1,-4.276056774E-3,-6.108652451E-4,1.221730490E-3
1.617747572E1,-6.108652451E-4,-6.108652451E-4,6.108652451E-4
1.617948079E1,-5.497787148E-3,-1.221730490E-3,3.054326167E-3
1.618143672E1,-3.054326167E-3,-1.832595794E-3,2.443460980E-3
1.618350541E1,-2.443460980E-3,-1.832595794E-3,3.054326167E-3
1.618553925E1,-6.108652451E-4,-1.832595794E-3,-6.108652451E-4
1.618760810E1,-2.443460980E-3,-4.276056774E-3,0.000000000E0
1.618964264E1,-3.054326167E-3,-3.054326167E-3,1.832595794E-3
1.619171222E1,-1.832595794E-3,-5.497787148E-3,2.443460980E-3
1.619374675E1,-3.054326167E-3,-4.886921961E-3,2.443460980E-3
1.619581564E1,-2.443460980E-3,-4.886921961E-3,4.276056774E-3
1.619789783E1,-3.054326167E-3,-4.886921961E-3,6.108652451E-4
1.619985637E1,-3.054326167E-3,-5.497787148E-3,6.108652451E-4
1.620198083E1,-1.221730490E-3,-5.497787148E-3,1.832595794E-3
1.620388641E1,-4.886921961E-3,-3.665191587E-3,6.108652451E-4
1.620588525E1,-3.054326167E-3,-4.886921961E-3,1.221730490E-3
1.620795414E1,6.108652451E-4,-4.276056774E-3,2.443460980E-3
1.620998764E1,-1.221730490E-3,-4.276056774E-3,-1.832595794E-3
1.621205629E1,0.000000000E0,-3.665191587E-3,0.000000000E0
1.621409018E1,-6.108652451E-4,-4.886921961E-3,6.108652451E-4
1.621615941E1,-6.108652451E-4,-3.054326167E-3,-6.108652451E-4
1.621824122E1,-6.108652451E-4,-2.443460980E-3,-6.108652451E-4
1.622024591E1,-6.108652451E-4,-6.108652451E-4,-2.443460980E-3
1.622232456E1,6.108652451E-4,1.221730490E-3,-4.886921961E-3
1.622422952E1,6.108652451E-4,-1.221730490E-3,-6.108652451E-4
1.622622879E1,-6.108652451E-4,-1.221730490E-3,-1.832595794E-3
1.622829806E1,0.000000000E0,0.000000000E0,-1.832595794E-3
1.623033314E1,-6.108652451E-4,0.000000000E0,-6.108652451E-4
1.623240148E1,-1.221730490E-3,2.443460980E-3,0.000000000E0
1.623443587E1,-1.832595794E-3,1.832595794E-3,-2.443460980E-3
1.623650549E1,6.108652451E-4,1.221730490E-3,-1.832595794E-3
1.623858729E1,-1.832595794E-3,6.108652451E-4,-2.443460980E-3
1.624054702E1,-1.221730490E-3,1.221730490E-3,-4.886921961E-3
1.624254929E1,-6.108652451E-4,3.665191587E-3,-1.832595794E-3
1.624461772E1,-1.221730490E-3,2.443460980E-3,-1.832595794E-3
1.624665195E1,-6.108652451E-4,4.276056774E-3,-6.108652335E-3
1.624872168E1,-6.108652451E-4,3.665191587E-3,1.221730490E-3
1.625075672E1,-6.108652451E-4,3.665191587E-3,-4.886921961E-3
1.625282537E1,-6.108652451E-4,2.443460980E-3,-3.665191587E-3
1.625485975E1,-1.221730490E-3,3.054326167E-3,6.108652451E-4
1.625692906E1,-3.054326167E-3,3.054326167E-3,-3.665191587E-3
1.625901164E1,-2.443460980E-3,1.832595794E-3,1.832595794E-3
1.626101691E1,-6.108652335E-3,1.221730490E-3,1.832595794E-3
1.626297325E1,-4.276056774E-3,2.443460980E-3,0.000000000E0
1.626504268E1,-6.108652335E-3,6.108652451E-4,-1.221730490E-3
1.626707729E1,-4.886921961E-3,2.443460980E-3,1.221730490E-3
1.626914710E1,-2.443460980E-3,1.832595794E-3,0.000000000E0
1.627118129E1,-3.665191587E-3,2.443460980E-3,0.000000000E0
1.627325033E1,-3.054326167E-3,6.108652451E-4,3.665191587E-3
1.627528502E1,-3.054326167E-3,6.108652451E-4,1.832595794E-3
1.627735387E1,-3.054326167E-3,1.832595794E-3,6.108652451E-4
1.627943622E1,-3.665191587E-3,1.832595794E-3,4.276056774E-3
1.628139364E1,-3.665191587E-3,1.832595794E-3,-1.832595794E-3
1.628351702E1,-6.719517522E-3,1.221730490E-3,6.108652451E-4
1.628542283E1,-2.443460980E-3,1.832595794E-3,3.054326167E-3
1.628742314E1,-3.054326167E-3,1.221730490E-3,6.108652451E-4
1.628949237E1,-3.665191587E-3,2.443460980E-3,6.108652451E-4
1.629152772E1,-4.276056774E-3,0.000000000E0,3.665191587E-3
1.629359814E1,-1.221730490E-3,-1.221730490E-3,6.108652335E-3
1.629563237E1,-3.665191587E-3,1.832595794E-3,6.108652451E-4
1.629770160E1,-4.886921961E-3,1.221730490E-3,2.443460980E-3
1.629978452E1,-3.054326167E-3,1.832595794E-3,1.832595794E-3
1.630178956E1,0.000000000E0,2.443460980E-3,1.221730490E-3
1.630393225E1,-3.054326167E-3,1.832595794E-3,3.665191587E-3
1.630576918E1,-2.443460980E-3,3.665191587E-3,3.054326167E-3
1.630776941E1,-4.886921961E-3,2.443460980E-3,1.221730490E-3
1.630983960E1,-2.443460980E-3,3.665191587E-3,6.108652451E-4
1.631187341E1,-3.054326167E-3,4.886921961E-3,-2.443460980E-3
1.631394329E1,-4.886921961E-3,5.497787148E-3,1.832595794E-3
1.631597764E1,-3.665191587E-3,4.276056774E-3,-6.108652451E-4
1.631804772E1,-3.054326167E-3,6.108652335E-3,-1.221730490E-3
1.632012968E1,-4.886921961E-3,6.108652335E-3,-1.832595794E-3
1.632208818E1,-5.497787148E-3,7.330383174E-3,-1.221730490E-3
1.632408914E1,-4.276056774E-3,6.719517522E-3,-1.221730490E-3
1.632615825E1,-3.054326167E-3,6.719517522E-3,-2.443460980E-3
1.632819279E1,-3.054326167E-3,7.330383174E-3,-2.443460980E-3
1.633026102E1,-1.832595794E-3,7.941247895E-3,6.108652451E-4
1.633229587E1,-1.832595794E-3,6.719517522E-3,-2.443460980E-3
1.633432187E1,-3.665191587E-3,7.330383174E-3,-1.832595794E-3
1.633632060E1,-3.665191587E-3,6.108652335E-3,-6.108652451E-4
1.633838983E1,-4.276056774E-3,5.497787148E-3,-1.832595794E-3
1.634047233E1,-4.276056774E-3,5.497787148E-3,-1.832595794E-3
1.634247718E1,-4.276056774E-3,6.719517522E-3,0.000000000E0
1.634443652E1,-4.886921961E-3,7.330383174E-3,-1.832595794E-3
1.634650587E1,-3.054326167E-3,6.719517522E-3,-1.832595794E-3
1.634854075E1,-4.886921961E-3,3.665191587E-3,-6.108652451E-4
1.635061075E1,-4.276056774E-3,5.497787148E-3,-4.886921961E-3
1.635264495E1,-4.886921961E-3,4.886921961E-3,-1.832595794E-3
1.635471437E1,-4.276056774E-3,5.497787148E-3,6.108652451E-4
1.635674937E1,-2.443460980E-3,3.665191587E-3,-1.832595794E-3
1.635881883E1,-2.443460980E-3,2.443460980E-3,0.000000000E0
1.636090260E1,-4.276056774E-3,4.276056774E-3,-1.832595794E-3
1.636285975E1,-3.054326167E-3,5.497787148E-3,-3.054326167E-3
1.636498345E1,-3.054326167E-3,4.276056774E-3,1.221730490E-3
1.636688922E1,6.108652451E-4,3.665191587E-3,0.000000000E0
1.636888887E1,0.000000000E0,2.443460980E-3,-1.832595794E-3
1.637095841E1,-2.443460980E-3,3.054326167E-3,4.886921961E-3
1.637299368E1,0.000000000E0,2.443460980E-3,0.000000000E0
1.637506291E1,-4.886921961E-3,2.443460980E-3,0.000000000E0
1.637709695E1,-6.108652451E-4,4.276056774E-3,-1.221730490E-3
1.637916595E1,-3.054326167E-3,6.108652451E-4,-2.443460980E-3
1.638124833E1,-1.832595794E-3,1.832595794E-3,-6.108652451E-4
1.638325306E1,-3.665191587E-3,6.108652451E-4,2.443460980E-3
1.638533310E1,-1.832595794E-3,2.443460980E-3,-1.221730490E-3
1.638723914E1,-1.832595794E-3,3.054326167E-3,-6.108652451E-4
1.638923718E1,-1.221730490E-3,3.665191587E-3,1.221730490E-3
1.639130810E1,-6.108652451E-4,1.832595794E-3,-1.221730490E-3
1.639334252E1,-2.443460980E-3,1.832595794E-3,6.108652451E-4
1.639541133E1,-2.443460980E-3,3.665191587E-3,5.497787148E-3
1.639744606E1,-1.221730490E-3,3.665191587E-3,6.108652451E-4
1.639951622E1,-6.108652451E-4,3.054326167E-3,1.221730490E-3
1.640159883E1,-1.832595794E-3,4.886921961E-3,4.276056774E-3
1.640355798E1,0.000000000E0,4.886921961E-3,-1.221730490E-3
1.640555952E1,-1.832595794E-3,4.886921961E-3,2.443460980E-3
1.640762887E1,0.000000000E0,6.719517522E-3,4.886921961E-3
1.640966433E1,-1.221730490E-3,6.719517522E-3,0.000000000E0
1.641173325E1,0.000000000E0,5.497787148E-3,3.054326167E-3
1.641376856E1,-2.443460980E-3,6.108652335E-3,4.886921961E-3
1.641583687E1,-3.054326167E-3,7.330383174E-3,1.221730490E-3
1.641787122E1,-1.221730490E-3,7.330383174E-3,1.221730490E-3
1.641994006E1,-2.443460980E-3,7.941247895E-3,5.497787148E-3
1.642202244E1,0.000000000E0,5.497787148E-3,3.665191587E-3
1.642402768E1,-2.443460980E-3,4.886921961E-3,7.941247895E-3
1.642598502E1,6.108652451E-4,6.108652335E-3,3.665191587E-3
1.642805410E1,-6.108652451E-4,4.886921961E-3,6.719517522E-3
1.643008995E1,-6.108652451E-4,7.330383174E-3,4.276056774E-3
1.643215848E1,6.108652451E-4,6.108652335E-3,3.665191587E-3
1.643419364E1,0.000000000E0,6.719517522E-3,4.276056774E-3
1.643626348E1,-6.108652451E-4,7.330383174E-3,6.108652335E-3
1.643829810E1,6.108652451E-4,7.330383174E-3,4.886921961E-3
1.644036756E1,-1.832595794E-3,6.719517522E-3,4.276056774E-3
1.644245068E1,6.108652451E-4,6.719517522E-3,3.054326167E-3
1.644440944E1,1.221730490E-3,6.108652335E-3,2.443460980E-3
1.644653337E1,1.221730490E-3,7.941247895E-3,4.276056774E-3
1.644843933E1,6.108652451E-4,4.886921961E-3,1.832595794E-3
1.645043806E1,1.221730490E-3,4.886921961E-3,3.665191587E-3
1.645250714E1,1.832595794E-3,6.108652335E-3,3.054326167E-3
1.645454075E1,0.000000000E0,3.665191587E-3,3.665191587E-3
1.645661041E1,1.832595794E-3,5.497787148E-3,2.443460980E-3
1.645864498E1,1.221730490E-3,3.665191587E-3,1.221730490E-3
1.646071356E1,1.832595794E-3,3.665191587E-3,2.443460980E-3
1.646279583E1,4.276056774E-3,5.497787148E-3,-1.832595794E-3
1.646480137E1,1.832595794E-3,3.054326167E-3,0.000000000E0
1.646694356E1,2.443460980E-3,-6.108652451E-4,-1.221730490E-3
1.646877864E1,1.832595794E-3,6.108652451E-4,-2.443460980E-3
1.647077898E1,3.665191587E-3,6.108652451E-4,-3.054326167E-3
1.647284741E1,3.665191587E-3,0.000000000E0,-1.221730490E-3
1.647488248E1,1.832595794E-3,-1.221730490E-3,-3.665191587E-3
1.647695156E1,1.221730490E-3,-1.221730490E-3,-1.221730490E-3
1.647898556E1,-1.221730490E-3,-4.886921961E-3,-3.665191587E-3
1.648106871E1,0.000000000E0,-4.886921961E-3,-4.276056774E-3
1.648313598E1,-1.221730490E-3,-6.719517522E-3,-2.443460980E-3
1.648509341E1,-2.443460980E-3,-8.552113548E-3,-1.832595794E-3
1.648709402E1,-2.443460980E-3,-7.330383174E-3,-5.497787148E-3
1.648916325E1,-3.054326167E-3,-1.038470957E-2,-2.443460980E-3
1.649119802E1,-1.221730490E-3,-7.941247895E-3,-4.276056774E-3
1.649326695E1,-4.276056774E-3,-9.773843922E-3,-2.443460980E-3
1.649530210E1,-4.886921961E-3,-1.221730467E-2,-6.108652451E-4
1.649737171E1,-5.497787148E-3,-1.160643995E-2,-3.054326167E-3
1.649940679E1,-3.665191587E-3,-1.404990070E-2,-1.832595794E-3
1.650147652E1,-5.497787148E-3,-1.221730467E-2,-6.108652451E-4
1.650355856E1,-6.108652335E-3,-1.404990070E-2,-1.832595794E-3
1.650556448E1,-5.497787148E-3,-1.282817032E-2,0.000000000E0
1.650752121E1,-4.276056774E-3,-1.466076635E-2,0.000000000E0
1.650959044E1,-3.665191587E-3,-1.404990070E-2,-1.832595794E-3
1.651162491E1,-4.276056774E-3,-1.466076635E-2,6.108652451E-4
1.651369479E1,-5.497787148E-3,-1.221730467E-2,5.497787148E-3
1.651572887E1,-6.719517522E-3,-8.552113548E-3,-6.108652451E-4
1.651779794E1,-3.665191587E-3,-9.162978269E-3,6.108652451E-4
1.651983206E1,-2.443460980E-3,-7.330383174E-3,2.443460980E-3
1.652190191E1,-3.665191587E-3,-7.941247895E-3,-3.054326167E-3
1.652398345E1,-1.832595794E-3,-4.276056774E-3,1.221730490E-3
1.652594168E1,-1.221730490E-3,-2.443460980E-3,-2.443460980E-3
1.652806583E1,-6.108652451E-4,-3.054326167E-3,-1.221730490E-3
1.652997202E1,-3.665191587E-3,-6.108652451E-4,3.054326167E-3
1.653197121E1,6.108652451E-4,2.443460980E-3,-3.054326167E-3
1.653404041E1,0.000000000E0,1.221730490E-3,-6.108652451E-4
1.653607491E1,-1.221730490E-3,4.276056774E-3,6.108652451E-4
1.653814360E1,0.000000000E0,4.276056774E-3,-2.443460980E-3
1.654017775E1,1.832595794E-3,7.941247895E-3,-3.665191587E-3
1.654224644E1,2.443460980E-3,7.941247895E-3,-1.221730490E-3
1.654432841E1,3.054326167E-3,7.941247895E-3,-4.886921961E-3
1.654633294E1,3.054326167E-3,1.160643995E-2,-5.497787148E-3
1.654841229E1,2.443460980E-3,1.160643995E-2,-1.221730490E-3
1.655031721E1,4.886921961E-3,1.343903504E-2,-6.108652335E-3
1.655231721E1,3.665191587E-3,1.221730467E-2,-1.832595794E-3
1.655438664E1,3.665191587E-3,1.343903504E-2,-1.221730490E-3
1.655642060E1,4.276056774E-3,1.466076635E-2,-1.221730490E-3
1.655848983E1,2.443460980E-3,1.343903504E-2,-1.221730490E-3
1.656052479E1,3.665191587E-3,1.710422710E-2,-3.054326167E-3
1.656259429E1,5.497787148E-3,1.649336144E-2,-5.497787148E-3
1.656467675E1,2.443460980E-3,1.466076635E-2,-1.221730490E-3
1.656663368E1,4.276056774E-3,1.588249579E-2,-1.832595794E-3
1.656863510E1,6.108652335E-3,1.588249579E-2,-5.497787148E-3
1.657070402E1,3.054326167E-3,1.527163107E-2,1.832595794E-3
1.657273887E1,4.276056774E-3,1.160643995E-2,1.221730490E-3
1.657480829E1,6.108652335E-3,1.160643995E-2,0.000000000E0
1.657684295E1,4.276056774E-3,1.099557430E-2,1.832595794E-3
1.657886852E1,3.665191587E-3,1.099557430E-2,2.443460980E-3
1.658086829E1,4.886921961E-3,7.330383174E-3,4.276056774E-3
1.658293791E1,6.108652335E-3,4.886921961E-3,5.497787148E-3
1.658501944E1,6.108652335E-3,4.276056774E-3,1.832595794E-3
1.658702371E1,6.108652335E-3,2.443460980E-3,3.054326167E-3
1.658898160E1,6.719517522E-3,0.000000000E0,4.276056774E-3
1.659105110E1,4.886921961E-3,6.108652451E-4,4.276056774E-3
1.659308541E1,6.108652335E-3,6.108652451E-4,2.443460980E-3
1.659515491E1,6.719517522E-3,-6.108652451E-4,1.221730490E-3
1.659718925E1,6.108652335E-3,-6.108652451E-4,5.497787148E-3
1.659925864E1,3.054326167E-3,-1.221730490E-3,4.276056774E-3
1.660129352E1,1.221730490E-3,6.108652451E-4,6.108652335E-3
1.660336306E1,2.443460980E-3,6.108652451E-4,4.276056774E-3
1.660544544E1,3.665191587E-3,1.221730490E-3,3.665191587E-3
1.660740352E1,3.054326167E-3,1.832595794E-3,4.886921961E-3
1.660952764E1,1.221730490E-3,3.054326167E-3,2.443460980E-3
1.661143321E1,1.221730490E-3,3.054326167E-3,1.221730490E-3
1.661343321E1,0.000000000E0,3.665191587E-3,1.221730490E-3
1.661550244E1,0.000000000E0,5.497787148E-3,1.221730490E-3
1.661753733E1,-1.221730490E-3,4.276056774E-3,0.000000000E0
1.661960656E1,-6.108652451E-4,6.719517522E-3,1.221730490E-3
1.662164160E1,1.221730490E-3,6.719517522E-3,6.108652451E-4
1.662371129E1,-2.443460980E-3,6.719517522E-3,-1.221730490E-3
1.662579271E1,-3.665191587E-3,7.330383174E-3,1.221730490E-3
1.662779775E1,-6.108652451E-4,7.941247895E-3,-1.221730490E-3
1.662994045E1,-1.221730490E-3,8.552113548E-3,-3.665191587E-3
1.663177668E1,-4.886921961E-3,6.108652335E-3,-3.665191587E-3
1.663377629E1,-1.832595794E-3,4.886921961E-3,-3.665191587E-3
1.663584671E1,-4.276056774E-3,7.330383174E-3,-5.497787148E-3
1.663788075E1,-2.443460980E-3,4.276056774E-3,-4.276056774E-3
1.663995006E1,-3.665191587E-3,3.054326167E-3,-6.108652335E-3
1.664198521E1,0.000000000E0,3.665191587E-3,-9.773843922E-3
1.664405379E1,-1.221730490E-3,0.000000000E0,-8.552113548E-3
1.664613606E1,-1.221730490E-3,-6.108652451E-4,-6.719517522E-3
1.664809364E1,6.108652451E-4,-3.054326167E-3,-9.773843922E-3
1.665009425E1,-1.832595794E-3,-4.886921961E-3,-7.941247895E-3
1.665216302E1,-1.221730490E-3,-5.497787148E-3,-5.497787148E-3
1.665419741E1,1.832595794E-3,-6.108652335E-3,-8.552113548E-3
1.665626629E1,2.443460980E-3,-1.099557430E-2,-6.108652335E-3
1.665830029E1,3.054326167E-3,-1.160643995E-2,-7.941247895E-3
1.666036944E1,1.832595794E-3,-1.343903504E-2,-7.330383174E-3
1.666240356E1,6.108652451E-4,-1.588249579E-2,-5.497787148E-3
1.666447302E1,3.665191587E-3,-1.771509275E-2,-5.497787148E-3
1.666655518E1,3.054326167E-3,-2.076941915E-2,-7.941247895E-3
1.666855891E1,4.276056774E-3,-2.260201424E-2,-6.719517522E-3
1.667051525E1,4.886921961E-3,-2.626720630E-2,-2.443460980E-3
1.667258452E1,4.276056774E-3,-2.565634064E-2,-4.276056774E-3
1.667461868E1,3.665191587E-3,-2.932153270E-2,-4.886921961E-3
1.667668887E1,4.276056774E-3,-2.993239649E-2,-1.832595794E-3
1.667872210E1,4.276056774E-3,-3.115412779E-2,-3.054326167E-3
1.668079060E1,4.276056774E-3,-3.298672289E-2,-4.276056774E-3
1.668282487E1,3.665191587E-3,-3.359758854E-2,0.000000000E0
1.668489321E1,3.054326167E-3,-3.604105115E-2,-1.832595794E-3
1.668697471E1,6.108652335E-3,-3.543018550E-2,-1.832595794E-3
1.668893237E1,4.886921961E-3,-3.481931984E-2,1.221730490E-3
1.669105694E1,3.665191587E-3,-3.604105115E-2,-6.108652451E-4
1.669296233E1,3.665191587E-3,-3.604105115E-2,0.000000000E0
1.669496118E1,4.276056774E-3,-3.848451003E-2,1.832595794E-3
1.669702971E1,4.276056774E-3,-3.604105115E-2,-6.108652451E-4
1.669906371E1,4.276056774E-3,-3.604105115E-2,1.221730490E-3
1.670113298E1,6.108652335E-3,-3.665191308E-2,1.221730490E-3
1.670316721E1,4.276056774E-3,-3.726277873E-2,1.221730490E-3
1.670523656E1,7.330383174E-3,-3.604105115E-2,1.832595794E-3
1.670731791E1,3.665191587E-3,-3.604105115E-2,-2.443460980E-3
1.670932302E1,4.886921961E-3,-3.481931984E-2,4.886921961E-3
1.671140264E1,4.276056774E-3,-3.543018550E-2,1.832595794E-3
1.671330810E1,5.497787148E-3,-3.665191308E-2,0.000000000E0
1.671530794E1,6.719517522E-3,-3.604105115E-2,2.443460980E-3
1.671737733E1,3.665191587E-3,-3.970624134E-2,1.832595794E-3
1.671941168E1,4.276056774E-3,-3.787364438E-2,6.108652451E-4
1.672148137E1,3.054326167E-3,-3.848451003E-2,3.665191587E-3
1.672351487E1,3.054326167E-3,-3.787364438E-2,6.108652451E-4
1.672558398E1,6.719517522E-3,-3.726277873E-2,-6.108652451E-4
1.672766564E1,4.886921961E-3,-3.909537569E-2,2.443460980E-3
1.672962333E1,4.276056774E-3,-3.787364438E-2,1.221730490E-3
1.673162660E1,3.665191587E-3,-3.970624134E-2,0.000000000E0
1.673369579E1,6.108652451E-4,-4.031710699E-2,6.108652451E-4
1.673573041E1,3.054326167E-3,-4.153883830E-2,2.443460980E-3
1.673779933E1,1.221730490E-3,-4.092797264E-2,0.000000000E0
1.673983448E1,3.665191587E-3,-4.276056588E-2,0.000000000E0
1.674190294E1,3.665191587E-3,-4.214970022E-2,6.108652451E-4
1.674393898E1,1.832595794E-3,-4.276056588E-2,2.443460980E-3
1.674600714E1,3.054326167E-3,-4.398229718E-2,6.108652451E-4
1.674808968E1,1.832595794E-3,-4.398229718E-2,-6.108652451E-4
1.675009518E1,4.276056774E-3,-4.398229718E-2,0.000000000E0
1.675205210E1,4.276056774E-3,-4.398229718E-2,-3.665191587E-3
1.675412160E1,3.054326167E-3,-4.214970022E-2,-3.665191587E-3
1.675615644E1,1.832595794E-3,-4.153883830E-2,6.108652451E-4
1.675822621E1,3.665191587E-3,-4.214970022E-2,-3.054326167E-3
1.676026129E1,1.832595794E-3,-3.909537569E-2,-2.443460980E-3
1.676232964E1,3.054326167E-3,-4.031710699E-2,-3.054326167E-3
1.676436414E1,1.832595794E-3,-3.665191308E-2,-4.886921961E-3
1.676643360E1,-6.108652451E-4,-3.543018550E-2,0.000000000E0
1.676851552E1,3.665191587E-3,-3.604105115E-2,-4.886921961E-3
1.677047271E1,6.108652451E-4,-3.237585723E-2,-4.886921961E-3
1.677259568E1,1.832595794E-3,-3.298672289E-2,-4.886921961E-3
1.677450106E1,0.000000000E0,-3.237585723E-2,-2.443460980E-3
1.677650079E1,6.108652451E-4,-2.748893574E-2,-4.276056774E-3
1.677857044E1,6.108652451E-4,-2.565634064E-2,-4.886921961E-3
1.678060456E1,-6.108652451E-4,-2.443460934E-2,-5.497787148E-3
1.678267371E1,1.221730490E-3,-2.076941915E-2,-4.886921961E-3
1.678470737E1,1.221730490E-3,-1.832595654E-2,-4.886921961E-3
1.678677614E1,2.443460980E-3,-1.649336144E-2,-5.497787148E-3
1.678885818E1,-1.221730490E-3,-1.527163107E-2,-1.221730490E-3
1.679086268E1,2.443460980E-3,-1.466076635E-2,-5.497787148E-3
1.679300418E1,6.108652451E-4,-1.160643995E-2,-6.108652451E-4
1.679483933E1,2.443460980E-3,-9.773843922E-3,-2.443460980E-3
1.679683856E1,6.108652451E-4,-6.108652335E-3,-3.665191587E-3
1.679890741E1,-6.108652451E-4,-4.276056774E-3,6.108652451E-4
1.680094156E1,1.832595794E-3,-7.330383174E-3,0.000000000E0
1.680301052E1,3.054326167E-3,-3.665191587E-3,-1.221730490E-3
1.680504440E1,1.832595794E-3,-3.665191587E-3,1.832595794E-3
1.680711337E1,0.000000000E0,-3.665191587E-3,6.108652451E-4
1.680919502E1,4.276056774E-3,-2.443460980E-3,-1.221730490E-3
1.681115252E1,1.832595794E-3,-3.054326167E-3,3.054326167E-3
1.681315206E1,1.221730490E-3,-4.276056774E-3,3.665191587E-3
1.681522044E1,1.221730490E-3,-3.054326167E-3,3.054326167E-3
1.681725510E1,2.443460980E-3,-3.665191587E-3,3.665191587E-3
1.681932368E1,1.832595794E-3,-3.054326167E-3,4.886921961E-3
1.682135825E1,2.443460980E-3,-6.719517522E-3,3.665191587E-3
1.682338271E1,6.108652451E-4,-6.719517522E-3,4.276056774E-3
1.682538194E1,2.443460980E-3,-4.886921961E-3,3.665191587E-3
1.682745121E1,1.221730490E-3,-5.497787148E-3,1.221730490E-3
1.682953364E1,1.221730490E-3,-7.941247895E-3,4.276056774E-3
1.683153875E1,1.221730490E-3,-7.941247895E-3,4.276056774E-3
1.683349733E1,2.443460980E-3,-9.162978269E-3,4.276056774E-3
1.683556721E1,1.221730490E-3,-1.099557430E-2,4.886921961E-3
1.683760133E1,0.000000000E0,-1.160643995E-2,3.054326167E-3
1.683966983E1,6.108652451E-4,-1.160643995E-2,1.832595794E-3
1.684170425E1,-6.108652451E-4,-1.160643995E-2,3.665191587E-3
1.684377287E1,-1.832595794E-3,-1.221730467E-2,4.276056774E-3
1.684580737E1,0.000000000E0,-1.282817032E-2,0.000000000E0
1.684787594E1,6.108652451E-4,-1.160643995E-2,3.665191587E-3
1.684995841E1,-6.108652451E-4,-1.527163107E-2,6.108652451E-4
1.685191629E1,-3.054326167E-3,-1.343903504E-2,4.276056774E-3
1.685403998E1,-3.054326167E-3,-1.343903504E-2,3.054326167E-3
1.685594529E1,-1.221730490E-3,-1.343903504E-2,-3.054326167E-3
1.685794471E1,-3.054326167E-3,-1.160643995E-2,-6.108652451E-4
1.686001421E1,-1.221730490E-3,-1.160643995E-2,0.000000000E0
1.686204879E1,-4.276056774E-3,-9.162978269E-3,-4.276056774E-3
1.686411821E1,-3.665191587E-3,-9.162978269E-3,-1.221730490E-3
1.686615314E1,-4.886921961E-3,-8.552113548E-3,-6.108652451E-4
1.686822271E1,-3.054326167E-3,-7.941247895E-3,-3.665191587E-3
1.687030537E1,-3.665191587E-3,-7.330383174E-3,-3.054326167E-3
1.687231052E1,-4.276056774E-3,-3.665191587E-3,-6.108652451E-4
1.687438948E1,-4.886921961E-3,-3.054326167E-3,-4.886921961E-3
1.687629621E1,-3.054326167E-3,-3.665191587E-3,-4.886921961E-3
1.687829514E1,-5.497787148E-3,-1.221730490E-3,-4.886921961E-3
1.688036471E1,-4.276056774E-3,0.000000000E0,-4.276056774E-3
1.688239952E1,-4.886921961E-3,-1.221730490E-3,-2.443460980E-3
1.688446910E1,-4.276056774E-3,-1.221730490E-3,-4.276056774E-3
1.688650310E1,-3.054326167E-3,6.108652451E-4,-4.886921961E-3
1.688858679E1,-6.719517522E-3,6.108652451E-4,-4.276056774E-3
1.689065317E1,-4.276056774E-3,1.832595794E-3,-1.832595794E-3
1.689261075E1,-3.665191587E-3,-1.221730490E-3,-1.832595794E-3
1.689461156E1,-4.276056774E-3,2.443460980E-3,-3.054326167E-3
1.689668025E1,-3.054326167E-3,0.000000000E0,-2.443460980E-3
1.689871506E1,-4.276056774E-3,0.000000000E0,-3.665191587E-3
1.690078406E1,0.000000000E0,-1.221730490E-3,-3.054326167E-3
1.690281733E1,-1.832595794E-3,-1.221730490E-3,-6.108652451E-4
1.690488687E1,0.000000000E0,6.108652451E-4,-3.665191587E-3
1.690692156E1,-1.221730490E-3,-1.221730490E-3,0.000000000E0
1.690899102E1,-2.443460980E-3,0.000000000E0,0.000000000E0
1.691107317E1,-1.221730490E-3,-1.221730490E-3,0.000000000E0
1.691307787E1,-6.108652451E-4,-4.886921961E-3,2.443460980E-3
1.691503325E1,1.832595794E-3,-6.108652335E-3,2.443460980E-3
1.691710152E1,1.832595794E-3,-4.886921961E-3,0.000000000E0
1.691913748E1,-1.221730490E-3,-5.497787148E-3,4.276056774E-3
1.692120571E1,3.665191587E-3,-5.497787148E-3,2.443460980E-3
1.692324052E1,3.054326167E-3,-6.108652335E-3,3.054326167E-3
1.692530975E1,4.886921961E-3,-6.719517522E-3,1.832595794E-3
1.692734398E1,5.497787148E-3,-7.330383174E-3,4.276056774E-3
1.692941317E1,4.276056774E-3,-9.162978269E-3,4.886921961E-3
1.693149556E1,3.665191587E-3,-1.099557430E-2,6.108652335E-3
1.693345264E1,5.497787148E-3,-1.099557430E-2,5.497787148E-3
1.693557533E1,4.276056774E-3,-1.038470957E-2,3.665191587E-3
1.693747998E1,5.497787148E-3,-1.282817032E-2,5.497787148E-3
1.693947944E1,5.497787148E-3,-1.343903504E-2,7.330383174E-3
1.694154875E1,7.330383174E-3,-1.404990070E-2,6.719517522E-3
1.694358290E1,6.108652335E-3,-1.588249579E-2,8.552113548E-3
1.694565244E1,4.886921961E-3,-1.527163107E-2,6.108652335E-3
1.694768690E1,5.497787148E-3,-1.466076635E-2,4.276056774E-3
1.694975644E1,5.497787148E-3,-1.404990070E-2,4.886921961E-3
1.695183864E1,7.330383174E-3,-1.710422710E-2,8.552113548E-3
1.695384398E1,6.719517522E-3,-1.527163107E-2,3.054326167E-3
1.695598614E1,6.108652335E-3,-1.588249579E-2,6.719517522E-3
1.695782233E1,6.108652335E-3,-1.527163107E-2,6.719517522E-3
1.695982214E1,5.497787148E-3,-1.466076635E-2,6.108652335E-3
1.696189140E1,3.665191587E-3,-1.466076635E-2,6.108652335E-3
1.696392621E1,7.330383174E-3,-1.282817032E-2,2.443460980E-3
1.696599521E1,4.886921961E-3,-1.343903504E-2,3.665191587E-3
1.696802983E1,6.108652335E-3,-1.404990070E-2,4.276056774E-3
1.697009871E1,1.221730490E-3,-1.527163107E-2,3.665191587E-3
1.697218079E1,5.497787148E-3,-1.466076635E-2,3.054326167E-3
1.697413771E1,6.108652451E-4,-1.588249579E-2,3.054326167E-3
1.697613779E1,3.665191587E-3,-1.466076635E-2,-6.108652451E-4
1.697820667E1,4.276056774E-3,-1.404990070E-2,-1.221730490E-3
1.698024094E1,1.832595794E-3,-1.527163107E-2,1.221730490E-3
1.698231010E1,2.443460980E-3,-1.588249579E-2,0.000000000E0
1.698434502E1,1.832595794E-3,-1.710422710E-2,-1.221730490E-3
1.698641375E1,0.000000000E0,-1.771509275E-2,0.000000000E0
1.698844783E1,1.221730490E-3,-2.015855350E-2,-3.665191587E-3
1.699051721E1,0.000000000E0,-2.015855350E-2,-4.276056774E-3
1.699259948E1,0.000000000E0,-2.138028294E-2,-3.054326167E-3
1.699460467E1,-6.108652451E-4,-2.260201424E-2,-3.665191587E-3
1.699656140E1,0.000000000E0,-2.321287990E-2,-5.497787148E-3
1.699863102E1,-1.832595794E-3,-2.443460934E-2,-2.443460980E-3
1.700066556E1,-2.443460980E-3,-2.871066704E-2,-4.276056774E-3
1.700273537E1,-2.443460980E-3,-2.993239649E-2,-3.054326167E-3
1.700476929E1,-6.108652451E-4,-3.176499158E-2,-4.276056774E-3
1.700683933E1,6.108652451E-4,-3.115412779E-2,-6.108652335E-3
1.700887275E1,-2.443460980E-3,-3.481931984E-2,-3.054326167E-3
1.701094302E1,-1.832595794E-3,-3.420845419E-2,-4.276056774E-3
1.701302552E1,-1.221730490E-3,-3.665191308E-2,-5.497787148E-3
1.701498498E1,-6.108652451E-4,-3.543018550E-2,-6.108652335E-3
1.701710987E1,0.000000000E0,-3.481931984E-2,-6.719517522E-3
1.701901664E1,-2.443460980E-3,-3.726277873E-2,-7.330383174E-3
1.702101660E1,-1.832595794E-3,-3.970624134E-2,-5.497787148E-3
1.702308683E1,0.000000000E0,-3.909537569E-2,-8.552113548E-3
1.702512140E1,6.108652451E-4,-4.092797264E-2,-9.773843922E-3
1.702719252E1,-6.108652451E-4,-4.214970022E-2,-5.497787148E-3
1.702922687E1,1.832595794E-3,-4.153883830E-2,-5.497787148E-3
1.703129660E1,1.221730490E-3,-4.214970022E-2,-7.941247895E-3
1.703337864E1,4.276056774E-3,-4.214970022E-2,-7.330383174E-3
1.703538452E1,3.054326167E-3,-4.276056588E-2,-6.719517522E-3
1.703746394E1,4.276056774E-3,-4.276056588E-2,-7.330383174E-3
1.703936964E1,3.665191587E-3,-4.459316283E-2,-8.552113548E-3
1.704136902E1,4.886921961E-3,-4.276056588E-2,-4.276056774E-3
1.704343871E1,6.108652335E-3,-4.276056588E-2,-9.773843922E-3
1.704547314E1,4.276056774E-3,-4.398229718E-2,-4.276056774E-3
1.704754225E1,6.719517522E-3,-4.398229718E-2,-8.552113548E-3
1.704957767E1,6.719517522E-3,-4.398229718E-2,-4.886921961E-3
1.705164679E1,6.108652335E-3,-4.642575979E-2,-6.108652335E-3
1.705372925E1,8.552113548E-3,-4.520402849E-2,-5.497787148E-3
1.705568764E1,7.330383174E-3,-4.459316283E-2,-7.330383174E-3
1.705768837E1,8.552113548E-3,-4.398229718E-2,-6.108652335E-3
1.705975810E1,8.552113548E-3,-4.581489414E-2,-4.886921961E-3
1.706179264E1,6.719517522E-3,-4.337143153E-2,-4.276056774E-3
1.706386241E1,7.330383174E-3,-4.459316283E-2,-3.054326167E-3
1.706589694E1,8.552113548E-3,-4.337143153E-2,-3.665191587E-3
1.706792229E1,7.330383174E-3,-4.398229718E-2,-1.832595794E-3
1.706992179E1,7.941247895E-3,-4.337143153E-2,6.108652451E-4
1.707199137E1,7.941247895E-3,-4.398229718E-2,-6.108652451E-4
1.707407364E1,6.108652335E-3,-4.214970022E-2,-1.832595794E-3
1.707607852E1,7.330383174E-3,-4.031710699E-2,6.108652451E-4
1.707803744E1,9.162978269E-3,-4.092797264E-2,2.443460980E-3
1.708010656E1,7.330383174E-3,-4.276056588E-2,-6.108652451E-4
1.708214094E1,8.552113548E-3,-3.909537569E-2,0.000000000E0
1.708421060E1,7.941247895E-3,-3.787364438E-2,0.000000000E0
1.708624556E1,6.719517522E-3,-3.787364438E-2,3.054326167E-3
1.708831483E1,6.719517522E-3,-3.787364438E-2,1.221730490E-3
1.709034998E1,4.886921961E-3,-3.665191308E-2,2.443460980E-3
1.709241937E1,6.108652335E-3,-3.604105115E-2,3.665191587E-3
1.709450152E1,4.276056774E-3,-3.298672289E-2,-1.221730490E-3
1.709645937E1,5.497787148E-3,-3.298672289E-2,6.108652451E-4
1.709858237E1,6.108652335E-3,-2.871066704E-2,6.108652451E-4
1.710048875E1,3.665191587E-3,-2.932153270E-2,0.000000000E0
1.710248879E1,3.665191587E-3,-2.809980139E-2,6.108652451E-4
1.710455802E1,4.276056774E-3,-2.871066704E-2,0.000000000E0
1.710659190E1,3.665191587E-3,-2.565634064E-2,-1.221730490E-3
1.710866140E1,4.276056774E-3,-2.687807009E-2,-1.832595794E-3
1.711069548E1,5.497787148E-3,-2.382374369E-2,-1.832595794E-3
1.711276440E1,3.054326167E-3,-2.260201424E-2,-2.443460980E-3
1.711484679E1,3.665191587E-3,-2.199114859E-2,-3.665191587E-3
1.711685175E1,4.276056774E-3,-2.138028294E-2,-2.443460980E-3
1.711899433E1,1.832595794E-3,-2.138028294E-2,-6.108652451E-4
1.712082971E1,2.443460980E-3,-2.015855350E-2,-4.276056774E-3
1.712282875E1,4.276056774E-3,-2.015855350E-2,-4.886921961E-3
1.712489733E1,3.054326167E-3,-2.015855350E-2,-4.886921961E-3
1.712693237E1,3.665191587E-3,-2.260201424E-2,-5.497787148E-3
1.712900075E1,1.832595794E-3,-2.321287990E-2,-6.719517522E-3
1.713103529E1,3.665191587E-3,-2.199114859E-2,-7.941247895E-3
1.713310452E1,1.221730490E-3,-2.382374369E-2,-6.108652335E-3
1.713518606E1,2.443460980E-3,-2.504547499E-2,-7.941247895E-3
1.713714414E1,-6.108652451E-4,-2.748893574E-2,-4.886921961E-3
1.713914433E1,-1.221730490E-3,-2.871066704E-2,-4.276056774E-3
1.714121306E1,1.832595794E-3,-3.115412779E-2,-6.108652335E-3
1.714324737E1,-1.832595794E-3,-3.298672289E-2,-4.276056774E-3
1.714531629E1,-1.221730490E-3,-3.359758854E-2,-3.665191587E-3
1.714735083E1,0.000000000E0,-3.543018550E-2,-5.497787148E-3
1.714941956E1,6.108652451E-4,-3.543018550E-2,-4.886921961E-3
1.715145352E1,-6.108652451E-4,-3.909537569E-2,-4.276056774E-3
1.715352240E1,0.000000000E0,-3.909537569E-2,-3.665191587E-3
1.715560387E1,1.221730490E-3,-4.214970022E-2,-1.221730490E-3
1.715760806E1,1.221730490E-3,-4.337143153E-2,-2.443460980E-3
1.715956429E1,0.000000000E0,-4.337143153E-2,-2.443460980E-3
1.716163264E1,1.221730490E-3,-4.581489414E-2,-2.443460980E-3
1.716366721E1,6.108652451E-4,-4.581489414E-2,-2.443460980E-3
1.716573560E1,6.108652451E-4,-4.764748737E-2,-2.443460980E-3
1.716777052E1,3.665191587E-3,-4.703662544E-2,-1.221730490E-3
1.716983929E1,6.108652451E-4,-4.642575979E-2,0.000000000E0
1.717187329E1,6.108652451E-4,-4.520402849E-2,0.000000000E0
1.717394210E1,3.054326167E-3,-4.825835302E-2,0.000000000E0
1.717602448E1,4.276056774E-3,-4.520402849E-2,-1.221730490E-3
1.717798210E1,3.665191587E-3,-4.520402849E-2,0.000000000E0
1.718010587E1,3.054326167E-3,-4.276056588E-2,-3.054326167E-3
1.718201137E1,4.886921961E-3,-4.459316283E-2,1.221730490E-3
1.718401102E1,3.665191587E-3,-4.337143153E-2,-6.108652451E-4
1.718608010E1,4.886921961E-3,-4.214970022E-2,1.221730490E-3
1.718811494E1,5.497787148E-3,-4.214970022E-2,1.221730490E-3
1.719018364E1,4.886921961E-3,-4.153883830E-2,-1.221730490E-3
1.719221837E1,7.941247895E-3,-4.153883830E-2,-6.108652451E-4
1.719428744E1,2.443460980E-3,-4.092797264E-2,3.665191587E-3
1.719636925E1,3.665191587E-3,-4.153883830E-2,-2.443460980E-3
1.719837364E1,6.719517522E-3,-4.153883830E-2,3.665191587E-3
1.720045283E1,3.665191587E-3,-4.214970022E-2,1.832595794E-3
1.720235802E1,6.108652335E-3,-3.970624134E-2,-6.108652451E-4
1.720435771E1,4.276056774E-3,-3.909537569E-2,0.000000000E0
1.720642675E1,3.665191587E-3,-3.970624134E-2,4.276056774E-3
1.720846129E1,4.886921961E-3,-3.970624134E-2,-1.832595794E-3
1.721053064E1,4.276056774E-3,-3.726277873E-2,0.000000000E0
1.721256486E1,5.497787148E-3,-3.481931984E-2,-1.832595794E-3
1.721463444E1,4.886921961E-3,-3.787364438E-2,-3.665191587E-3
1.721671679E1,6.108652335E-3,-3.787364438E-2,0.000000000E0
1.721867417E1,4.886921961E-3,-3.848451003E-2,-6.108652451E-4
1.722067514E1,4.886921961E-3,-3.604105115E-2,-6.108652335E-3
1.722274390E1,4.886921961E-3,-3.543018550E-2,-6.108652451E-4
1.722477840E1,5.497787148E-3,-3.726277873E-2,-2.443460980E-3
1.722684725E1,6.108652335E-3,-3.909537569E-2,-3.665191587E-3
1.722888125E1,6.719517522E-3,-3.909537569E-2,-1.832595794E-3
1.723095067E1,4.276056774E-3,-3.787364438E-2,-1.221730490E-3
1.723298475E1,6.108652335E-3,-4.092797264E-2,-4.886921961E-3
1.723505360E1,4.886921961E-3,-4.031710699E-2,-4.276056774E-3
1.723713494E1,6.719517522E-3,-4.214970022E-2,-3.054326167E-3
1.723914006E1,5.497787148E-3,-4.031710699E-2,-1.221730490E-3
1.724109679E1,6.719517522E-3,-4.153883830E-2,-3.665191587E-3
1.724316636E1,5.497787148E-3,-4.398229718E-2,-6.108652451E-4
1.724520098E1,6.108652335E-3,-4.031710699E-2,-3.665191587E-3
1.724727021E1,6.108652335E-3,-4.276056588E-2,-3.054326167E-3
1.724930436E1,6.108652335E-3,-4.337143153E-2,-1.832595794E-3
1.725137337E1,7.941247895E-3,-4.214970022E-2,-3.054326167E-3
1.725340729E1,6.719517522E-3,-4.031710699E-2,1.832595794E-3
1.725547544E1,5.497787148E-3,-3.726277873E-2,-6.108652451E-4
1.725755671E1,7.330383174E-3,-3.726277873E-2,6.108652451E-4
1.725951425E1,7.330383174E-3,-3.665191308E-2,6.108652451E-4
1.726163944E1,4.886921961E-3,-3.420845419E-2,-6.108652451E-4
1.726354467E1,6.108652335E-3,-3.298672289E-2,3.054326167E-3
1.726554421E1,6.108652335E-3,-3.054326214E-2,-1.832595794E-3
1.726761267E1,4.276056774E-3,-2.809980139E-2,1.832595794E-3
1.726964640E1,5.497787148E-3,-2.932153270E-2,3.054326167E-3
1.727171544E1,5.497787148E-3,-2.565634064E-2,3.665191587E-3
1.727374948E1,7.941247895E-3,-2.199114859E-2,6.108652451E-4
1.727581817E1,5.497787148E-3,-1.954768784E-2,7.330383174E-3
1.727789979E1,4.276056774E-3,-1.893682219E-2,4.886921961E-3
1.727990452E1,5.497787148E-3,-1.710422710E-2,1.832595794E-3
1.728204690E1,5.497787148E-3,-1.282817032E-2,4.886921961E-3
1.728388236E1,6.108652335E-3,-1.282817032E-2,4.886921961E-3
1.728588198E1,6.719517522E-3,-1.038470957E-2,6.108652451E-4
1.728795102E1,4.276056774E-3,-1.038470957E-2,4.276056774E-3
1.728998456E1,7.330383174E-3,-1.038470957E-2,1.221730490E-3
1.729205275E1,4.886921961E-3,-7.941247895E-3,4.276056774E-3
1.729408671E1,9.162978269E-3,-7.330383174E-3,3.054326167E-3
1.729616979E1,7.941247895E-3,-6.719517522E-3,2.443460980E-3
1.729823686E1,6.719517522E-3,-5.497787148E-3,2.443460980E-3
1.730019552E1,7.330383174E-3,-7.941247895E-3,2.443460980E-3
1.730219617E1,6.719517522E-3,-6.719517522E-3,1.832595794E-3
1.730426494E1,8.552113548E-3,-7.941247895E-3,1.832595794E-3
1.730629894E1,6.719517522E-3,-9.162978269E-3,3.665191587E-3
1.730836836E1,7.941247895E-3,-7.330383174E-3,1.221730490E-3
1.731040267E1,9.773843922E-3,-6.108652335E-3,1.832595794E-3
1.731242802E1,1.099557430E-2,-8.552113548E-3,2.443460980E-3
1.731442690E1,9.773843922E-3,-1.038470957E-2,2.443460980E-3
1.731649660E1,9.773843922E-3,-1.099557430E-2,-3.054326167E-3
1.731857825E1,8.552113548E-3,-1.038470957E-2,2.443460980E-3
1.732058344E1,7.941247895E-3,-1.160643995E-2,1.832595794E-3
1.732254206E1,8.552113548E-3,-1.343903504E-2,-2.443460980E-3
1.732461079E1,9.773843922E-3,-1.160643995E-2,3.665191587E-3
1.732664498E1,8.552113548E-3,-1.527163107E-2,0.000000000E0
1.732871406E1,8.552113548E-3,-1.588249579E-2,-1.221730490E-3
1.733074871E1,9.773843922E-3,-1.343903504E-2,6.108652451E-4
1.733281717E1,9.773843922E-3,-1.588249579E-2,-1.221730490E-3
1.733485163E1,9.773843922E-3,-1.466076635E-2,0.000000000E0
1.733691948E1,7.941247895E-3,-1.710422710E-2,4.276056774E-3
1.733900179E1,7.941247895E-3,-1.527163107E-2,6.108652451E-4
1.734095952E1,6.719517522E-3,-1.527163107E-2,0.000000000E0
1.734308348E1,7.330383174E-3,-1.649336144E-2,6.108652335E-3
1.734498848E1,5.497787148E-3,-1.404990070E-2,3.665191587E-3
1.734698860E1,7.330383174E-3,-1.282817032E-2,3.054326167E-3
1.734905694E1,4.886921961E-3,-1.282817032E-2,7.941247895E-3
1.735109156E1,1.832595794E-3,-9.773843922E-3,3.665191587E-3
1.735316083E1,1.832595794E-3,-1.099557430E-2,6.108652335E-3
1.735519536E1,2.443460980E-3,-7.941247895E-3,7.330383174E-3
1.735726475E1,1.832595794E-3,-7.941247895E-3,7.330383174E-3
1.735934694E1,6.108652451E-4,-6.719517522E-3,8.552113548E-3
1.736135229E1,0.000000000E0,-4.886921961E-3,1.038470957E-2
1.736343156E1,2.443460980E-3,-4.886921961E-3,7.330383174E-3
1.736533733E1,1.221730490E-3,-3.054326167E-3,7.330383174E-3
1.736733752E1,-6.108652451E-4,-3.054326167E-3,1.099557430E-2
1.736940640E1,0.000000000E0,-3.665191587E-3,7.941247895E-3
1.737144033E1,0.000000000E0,-3.665191587E-3,1.038470957E-2
1.737350875E1,1.221730490E-3,-3.054326167E-3,8.552113548E-3
1.737554317E1,1.832595794E-3,-3.665191587E-3,7.330383174E-3
1.737761229E1,1.221730490E-3,-3.665191587E-3,5.497787148E-3
1.737969479E1,-1.221730490E-3,-4.276056774E-3,9.773843922E-3
1.738165260E1,-1.832595794E-3,-3.054326167E-3,7.941247895E-3
1.738365279E1,0.000000000E0,-2.443460980E-3,6.108652335E-3
1.738572267E1,-1.221730490E-3,-2.443460980E-3,7.330383174E-3
1.738775721E1,0.000000000E0,-3.665191587E-3,9.162978269E-3
1.738982786E1,0.000000000E0,-3.054326167E-3,4.886921961E-3
1.739186117E1,-1.221730490E-3,-5.497787148E-3,4.276056774E-3
1.739393040E1,-1.221730490E-3,-4.886921961E-3,6.719517522E-3
1.739596452E1,1.832595794E-3,-3.054326167E-3,4.276056774E-3
1.739803394E1,-3.054326167E-3,-6.108652335E-3,7.330383174E-3
1.740011479E1,0.000000000E0,-3.665191587E-3,5.497787148E-3
1.740211963E1,-6.108652451E-4,-4.886921961E-3,3.665191587E-3
1.740407660E1,1.221730490E-3,-4.276056774E-3,4.886921961E-3
1.740614471E1,0.000000000E0,-3.665191587E-3,4.276056774E-3
1.740817902E1,-1.221730490E-3,-6.719517522E-3,2.443460980E-3
1.741024821E1,0.000000000E0,-4.886921961E-3,6.108652451E-4
1.741228263E1,-1.221730490E-3,-5.497787148E-3,2.443460980E-3
1.741435133E1,0.000000000E0,-1.832595794E-3,3.665191587E-3
1.741638621E1,0.000000000E0,-1.221730490E-3,2.443460980E-3
1.741845617E1,0.000000000E0,-1.832595794E-3,3.054326167E-3
1.742053871E1,-1.221730490E-3,-6.108652451E-4,1.221730490E-3
1.742249594E1,-6.108652451E-4,1.221730490E-3,2.443460980E-3
1.742462021E1,-6.108652451E-4,3.054326167E-3,1.221730490E-3
1.742652517E1,-1.221730490E-3,3.054326167E-3,1.221730490E-3
1.742852510E1,-1.832595794E-3,3.054326167E-3,6.108652451E-4
1.743059394E1,-6.108652451E-4,6.108652335E-3,6.108652451E-4
1.743262875E1,0.000000000E0,9.162978269E-3,1.832595794E-3
1.743469752E1,0.000000000E0,9.773843922E-3,6.108652451E-4
1.743673236E1,6.108652451E-4,1.099557430E-2,0.000000000E0
1.743880094E1,6.108652451E-4,1.099557430E-2,3.665191587E-3
1.744088236E1,0.000000000E0,1.099557430E-2,6.108652451E-4
1.744288721E1,-1.221730490E-3,1.404990070E-2,3.665191587E-3
1.744502871E1,1.832595794E-3,1.588249579E-2,2.443460980E-3
1.744686513E1,0.000000000E0,1.404990070E-2,3.665191587E-3
1.744886417E1,1.221730490E-3,1.527163107E-2,1.221730490E-3
1.745093279E1,-1.832595794E-3,1.588249579E-2,4.276056774E-3
1.745296752E1,-1.221730490E-3,1.588249579E-2,1.832595794E-3
1.745503656E1,6.108652451E-4,1.588249579E-2,4.276056774E-3
1.745707010E1,-1.221730490E-3,1.832595654E-2,3.054326167E-3
1.745913963E1,-6.108652451E-4,1.771509275E-2,3.665191587E-3
1.746122052E1,-1.832595794E-3,1.710422710E-2,3.665191587E-3
1.746317844E1,-1.832595794E-3,1.771509275E-2,3.665191587E-3
1.746517887E1,-1.221730490E-3,1.771509275E-2,4.886921961E-3
1.746724771E1,-6.108652451E-4,1.954768784E-2,3.054326167E-3
1.746928198E1,-6.108652451E-4,1.832595654E-2,6.108652335E-3
1.747135075E1,-6.108652451E-4,1.771509275E-2,5.497787148E-3
1.747338498E1,-1.832595794E-3,1.954768784E-2,3.054326167E-3
1.747545386E1,-4.886921961E-3,1.832595654E-2,6.108652335E-3
1.747748767E1,-4.276056774E-3,1.771509275E-2,5.497787148E-3
1.747955656E1,-4.276056774E-3,1.710422710E-2,3.665191587E-3
1.748163913E1,-1.832595794E-3,2.076941915E-2,6.719517522E-3
1.748364394E1,-2.443460980E-3,1.893682219E-2,4.886921961E-3
1.748560052E1,-1.832595794E-3,1.832595654E-2,4.886921961E-3
1.748766967E1,-3.054326167E-3,1.893682219E-2,7.941247895E-3
1.748970433E1,-3.054326167E-3,1.771509275E-2,4.886921961E-3
1.749177363E1,-5.497787148E-3,1.527163107E-2,6.108652335E-3
1.749380798E1,-1.832595794E-3,1.710422710E-2,7.330383174E-3
1.749587733E1,-2.443460980E-3,1.649336144E-2,2.443460980E-3
1.749791136E1,-4.276056774E-3,1.466076635E-2,3.665191587E-3
1.749998060E1,-3.665191587E-3,1.466076635E-2,6.108652335E-3
1.750206225E1,-4.886921961E-3,1.404990070E-2,4.886921961E-3
1.750401979E1,-4.276056774E-3,1.466076635E-2,7.941247895E-3
1.750614260E1,-3.665191587E-3,1.404990070E-2,9.773843922E-3
1.750804829E1,-2.443460980E-3,1.343903504E-2,3.665191587E-3
1.751004744E1,-4.276056774E-3,1.160643995E-2,7.330383174E-3
1.751211598E1,-3.665191587E-3,1.160643995E-2,8.552113548E-3
1.751415006E1,-2.443460980E-3,1.099557430E-2,2.443460980E-3
1.751621871E1,-3.054326167E-3,1.160643995E-2,7.330383174E-3
1.751825321E1,-2.443460980E-3,1.099557430E-2,5.497787148E-3
1.752032221E1,-2.443460980E-3,9.773843922E-3,-6.108652451E-4
1.752240421E1,-4.276056774E-3,6.719517522E-3,5.497787148E-3
1.752440952E1,-1.221730490E-3,8.552113548E-3,1.221730490E-3
1.752648936E1,-1.221730490E-3,9.162978269E-3,-6.108652451E-4
1.752839552E1,-1.832595794E-3,6.108652335E-3,3.054326167E-3
1.753039513E1,0.000000000E0,6.719517522E-3,2.443460980E-3
1.753246456E1,-2.443460980E-3,6.108652335E-3,1.832595794E-3
1.753450006E1,-3.054326167E-3,6.108652335E-3,1.832595794E-3
1.753656975E1,-3.054326167E-3,5.497787148E-3,6.108652451E-4
1.753860475E1,-2.443460980E-3,4.276056774E-3,1.832595794E-3
1.754067360E1,-1.221730490E-3,5.497787148E-3,-2.443460980E-3
1.754275536E1,-6.108652451E-4,3.665191587E-3,-1.221730490E-3
1.754471325E1,-1.221730490E-3,4.276056774E-3,-1.221730490E-3
1.754671425E1,-1.221730490E-3,4.276056774E-3,0.000000000E0
1.754878256E1,-1.221730490E-3,1.832595794E-3,-1.221730490E-3
1.755081721E1,-3.054326167E-3,2.443460980E-3,-3.054326167E-3
1.755288594E1,1.832595794E-3,3.054326167E-3,-3.054326167E-3
1.755492002E1,6.108652451E-4,2.443460980E-3,-3.054326167E-3
1.755694494E1,-1.221730490E-3,2.443460980E-3,-1.832595794E-3
1.755894440E1,6.108652451E-4,3.054326167E-3,0.000000000E0
1.756101263E1,-2.443460980E-3,1.221730490E-3,-1.221730490E-3
1.756309448E1,-2.443460980E-3,1.832595794E-3,-6.108652451E-4
1.756510063E1,0.000000000E0,2.443460980E-3,-6.108652451E-4
1.756705852E1,-1.221730490E-3,3.665191587E-3,-1.221730490E-3
1.756912756E1,6.108652451E-4,2.443460980E-3,-1.221730490E-3
1.757116290E1,-6.108652451E-4,2.443460980E-3,-6.108652451E-4
1.757323213E1,0.000000000E0,4.276056774E-3,0.000000000E0
1.757526694E1,-1.832595794E-3,3.054326167E-3,1.832595794E-3
1.757733690E1,6.108652451E-4,3.054326167E-3,0.000000000E0
1.757937106E1,1.832595794E-3,3.054326167E-3,0.000000000E0
1.758143998E1,-1.221730490E-3,3.665191587E-3,1.221730490E-3
1.758352202E1,1.221730490E-3,3.665191587E-3,3.054326167E-3
1.758547940E1,0.000000000E0,4.276056774E-3,1.832595794E-3
1.758760271E1,0.000000000E0,4.886921961E-3,2.443460980E-3
1.758950852E1,1.221730490E-3,3.054326167E-3,1.832595794E-3
1.759150863E1,6.108652451E-4,5.497787148E-3,3.054326167E-3
1.759357713E1,2.443460980E-3,4.276056774E-3,6.108652451E-4
1.759561106E1,6.108652451E-4,4.886921961E-3,5.497787148E-3
1.759768044E1,-1.221730490E-3,4.276056774E-3,3.665191587E-3
1.759971475E1,-2.443460980E-3,6.719517522E-3,2.443460980E-3
1.760178356E1,0.000000000E0,6.719517522E-3,3.665191587E-3
1.760386602E1,0.000000000E0,6.108652335E-3,3.665191587E-3
1.760587329E1,0.000000000E0,7.941247895E-3,1.832595794E-3
1.760801663E1,-1.221730490E-3,8.552113548E-3,3.054326167E-3
1.760985202E1,-2.443460980E-3,8.552113548E-3,5.497787148E-3
1.761185132E1,-2.443460980E-3,9.773843922E-3,4.276056774E-3
1.761392013E1,-3.054326167E-3,8.552113548E-3,3.054326167E-3
1.761595486E1,-2.443460980E-3,1.221730467E-2,4.276056774E-3
1.761802394E1,-3.054326167E-3,1.160643995E-2,1.832595794E-3
1.762005740E1,-1.832595794E-3,1.343903504E-2,1.832595794E-3
1.762212683E1,-3.665191587E-3,1.466076635E-2,6.719517522E-3
1.762420933E1,-3.054326167E-3,1.527163107E-2,5.497787148E-3
1.762616667E1,-3.665191587E-3,1.466076635E-2,3.054326167E-3
1.762816732E1,-4.276056774E-3,1.527163107E-2,3.665191587E-3
1.763023556E1,-6.108652335E-3,1.710422710E-2,3.054326167E-3
1.763227021E1,-1.832595794E-3,2.015855350E-2,-1.832595794E-3
1.763433933E1,-3.054326167E-3,2.138028294E-2,4.886921961E-3
1.763637382E1,-6.108652335E-3,2.076941915E-2,3.054326167E-3
1.763844221E1,-3.665191587E-3,2.076941915E-2,6.108652451E-4
1.764047629E1,-5.497787148E-3,2.138028294E-2,1.221730490E-3
1.764254594E1,-4.276056774E-3,2.321287990E-2,1.832595794E-3
1.764462794E1,-4.276056774E-3,2.443460934E-2,0.000000000E0
1.764663379E1,-2.443460980E-3,2.443460934E-2,1.832595794E-3
1.764859040E1,-2.443460980E-3,2.443460934E-2,2.443460980E-3
1.765065982E1,-2.443460980E-3,2.504547499E-2,1.221730490E-3
1.765269460E1,-1.221730490E-3,2.504547499E-2,1.832595794E-3
1.765476348E1,-1.221730490E-3,2.626720630E-2,-1.832595794E-3
1.765679813E1,-1.832595794E-3,2.687807009E-2,3.054326167E-3
1.765886806E1,-6.108652451E-4,2.748893574E-2,2.443460980E-3
1.766090256E1,1.221730490E-3,2.809980139E-2,2.443460980E-3
1.766297225E1,6.108652451E-4,2.993239649E-2,1.221730490E-3
1.766505456E1,6.108652451E-4,3.054326214E-2,-1.221730490E-3
1.766701279E1,0.000000000E0,2.871066704E-2,-6.108652451E-4
1.766913725E1,-6.108652451E-4,2.932153270E-2,3.054326167E-3
1.767104371E1,0.000000000E0,2.993239649E-2,1.221730490E-3
1.767304333E1,1.221730490E-3,2.993239649E-2,-6.108652451E-4
1.767511352E1,6.108652451E-4,3.054326214E-2,1.832595794E-3
1.767714798E1,-6.108652451E-4,2.993239649E-2,1.832595794E-3
1.767921725E1,1.221730490E-3,3.054326214E-2,-2.443460980E-3
1.768156271E1,-6.108652451E-4,3.054326214E-2,-6.108652451E-4
1.768325909E1,1.832595794E-3,3.176499158E-2,-1.221730490E-3
1.768530694E1,0.000000000E0,3.054326214E-2,1.832595794E-3
1.768731221E1,1.832595794E-3,3.115412779E-2,-3.665191587E-3
1.768939213E1,1.221730490E-3,2.932153270E-2,1.221730490E-3
1.769129779E1,0.000000000E0,2.932153270E-2,1.221730490E-3
1.769329813E1,0.000000000E0,2.871066704E-2,1.832595794E-3
1.769536729E1,0.000000000E0,2.871066704E-2,3.054326167E-3
1.769740236E1,0.000000000E0,2.748893574E-2,3.665191587E-3
1.769947190E1,-1.221730490E-3,2.809980139E-2,4.886921961E-3
1.770150717E1,0.000000000E0,2.871066704E-2,2.443460980E-3
1.770359182E1,1.832595794E-3,2.687807009E-2,5.497787148E-3
1.770565898E1,-3.665191587E-3,2.382374369E-2,6.719517522E-3
1.770761690E1,-1.221730490E-3,2.504547499E-2,4.886921961E-3
1.770961817E1,1.221730490E-3,2.382374369E-2,1.221730490E-3
1.771168648E1,0.000000000E0,2.565634064E-2,5.497787148E-3
1.771372125E1,-1.221730490E-3,2.321287990E-2,7.941247895E-3
1.771578956E1,-1.221730490E-3,2.199114859E-2,4.276056774E-3
1.771782421E1,-3.054326167E-3,2.321287990E-2,7.941247895E-3
1.771989252E1,-3.054326167E-3,2.138028294E-2,4.886921961E-3
1.772192698E1,-1.221730490E-3,2.138028294E-2,1.221730490E-3
1.772399659E1,-1.221730490E-3,2.076941915E-2,6.108652335E-3
1.772607909E1,-6.108652451E-4,2.015855350E-2,4.276056774E-3
1.772808406E1,6.108652451E-4,2.076941915E-2,2.443460980E-3
1.773004090E1,-1.832595794E-3,1.710422710E-2,4.886921961E-3
1.773210963E1,0.000000000E0,1.710422710E-2,4.276056774E-3
1.773414444E1,1.832595794E-3,1.710422710E-2,0.000000000E0
1.773621390E1,0.000000000E0,1.527163107E-2,6.108652335E-3
1.773824809E1,6.108652451E-4,1.404990070E-2,1.221730490E-3
1.774031729E1,2.443460980E-3,1.527163107E-2,-1.832595794E-3
1.774235152E1,1.832595794E-3,1.404990070E-2,3.665191587E-3
1.774442086E1,1.221730490E-3,1.221730467E-2,-1.221730490E-3
1.774650329E1,0.000000000E0,1.160643995E-2,3.665191587E-3
1.774846036E1,1.221730490E-3,1.221730467E-2,0.000000000E0
1.775058648E1,0.000000000E0,9.162978269E-3,-1.832595794E-3
1.775249156E1,6.108652451E-4,7.941247895E-3,-2.443460980E-3
1.775449094E1,-1.832595794E-3,7.330383174E-3,1.832595794E-3
1.775655959E1,-6.108652451E-4,4.886921961E-3,-1.832595794E-3
1.775859417E1,-6.108652451E-4,6.108652335E-3,-3.054326167E-3
1.776066306E1,1.832595794E-3,1.832595794E-3,0.000000000E0
1.776269694E1,-6.108652451E-4,1.832595794E-3,-2.443460980E-3
1.776476663E1,-1.221730490E-3,0.000000000E0,-4.886921961E-3
1.776684840E1,-1.832595794E-3,0.000000000E0,-2.443460980E-3
1.776885271E1,-6.108652451E-4,-2.443460980E-3,-3.054326167E-3
1.777099509E1,-4.886921961E-3,-3.054326167E-3,-1.832595794E-3
1.777283006E1,-2.443460980E-3,-2.443460980E-3,-6.108652451E-4
1.777483006E1,-3.665191587E-3,-4.276056774E-3,-3.665191587E-3
1.777689836E1,-1.832595794E-3,-3.054326167E-3,-3.665191587E-3
1.777893244E1,-3.665191587E-3,-2.443460980E-3,1.221730490E-3
1.778100144E1,-4.886921961E-3,-3.054326167E-3,-6.108652451E-4
1.778303606E1,-4.276056774E-3,-6.108652451E-4,-3.665191587E-3
1.778510386E1,-4.276056774E-3,1.221730490E-3,0.000000000E0
1.778718598E1,-3.054326167E-3,6.108652451E-4,-6.108652451E-4
1.778914402E1,-3.665191587E-3,1.221730490E-3,0.000000000E0
1.779114432E1,-4.276056774E-3,5.497787148E-3,1.832595794E-3
1.779321267E1,-1.832595794E-3,6.108652335E-3,-6.108652451E-4
1.779524729E1,-1.221730490E-3,7.941247895E-3,0.000000000E0
1.779731675E1,-6.108652451E-4,1.038470957E-2,0.000000000E0
1.779935067E1,-2.443460980E-3,1.221730467E-2,0.000000000E0
1.780137502E1,0.000000000E0,1.466076635E-2,-6.108652451E-4
1.780337536E1,-1.832595794E-3,1.588249579E-2,-1.832595794E-3
1.780544444E1,1.832595794E-3,1.649336144E-2,0.000000000E0
1.780752559E1,0.000000000E0,2.076941915E-2,-1.832595794E-3
1.780953044E1,1.221730490E-3,2.015855350E-2,-1.221730490E-3
1.781148909E1,1.832595794E-3,2.138028294E-2,0.000000000E0
1.781355840E1,0.000000000E0,2.015855350E-2,0.000000000E0
1.781559282E1,1.221730490E-3,2.382374369E-2,-1.832595794E-3
1.781766156E1,3.054326167E-3,2.504547499E-2,-6.108652451E-4
1.781969579E1,3.054326167E-3,2.687807009E-2,0.000000000E0
1.782176413E1,3.054326167E-3,2.626720630E-2,-1.832595794E-3
1.782379906E1,1.832595794E-3,2.871066704E-2,-1.832595794E-3
1.782586798E1,2.443460980E-3,2.993239649E-2,-6.108652451E-4
1.782795025E1,3.665191587E-3,3.054326214E-2,-1.221730490E-3
1.782990825E1,1.221730490E-3,2.993239649E-2,6.108652451E-4
1.783203190E1,5.497787148E-3,3.237585723E-2,-3.054326167E-3
1.783393744E1,3.665191587E-3,3.298672289E-2,-6.108652451E-4
1.783593652E1,5.497787148E-3,3.420845419E-2,0.000000000E0
1.783800536E1,5.497787148E-3,3.237585723E-2,1.832595794E-3
1.784003967E1,4.276056774E-3,3.359758854E-2,1.221730490E-3
1.784210844E1,5.497787148E-3,3.420845419E-2,1.832595794E-3
1.784414248E1,3.054326167E-3,3.359758854E-2,1.221730490E-3
1.784621109E1,2.443460980E-3,3.176499158E-2,0.000000000E0
1.784829198E1,2.443460980E-3,2.993239649E-2,2.443460980E-3
1.785029579E1,3.665191587E-3,2.871066704E-2,6.108652451E-4
1.785237463E1,2.443460980E-3,2.748893574E-2,3.665191587E-3
1.785427967E1,3.665191587E-3,2.565634064E-2,5.497787148E-3
1.785627886E1,1.832595794E-3,2.504547499E-2,2.443460980E-3
1.785834729E1,3.054326167E-3,2.199114859E-2,5.497787148E-3
1.786038148E1,3.665191587E-3,2.138028294E-2,2.443460980E-3
1.786245021E1,3.054326167E-3,1.954768784E-2,2.443460980E-3
1.786448521E1,3.054326167E-3,1.588249579E-2,4.886921961E-3
1.786655386E1,3.665191587E-3,1.527163107E-2,7.330383174E-3
1.786863579E1,4.276056774E-3,1.343903504E-2,2.443460980E-3
1.787059344E1,2.443460980E-3,1.343903504E-2,6.719517522E-3
1.787259436E1,3.054326167E-3,1.404990070E-2,4.886921961E-3
1.787466286E1,3.054326167E-3,1.221730467E-2,1.832595794E-3
1.787669663E1,2.443460980E-3,1.404990070E-2,1.221730490E-3
1.787876467E1,3.054326167E-3,1.099557430E-2,3.665191587E-3
1.788079829E1,2.443460980E-3,1.343903504E-2,1.832595794E-3
1.788286671E1,6.108652451E-4,1.221730467E-2,4.276056774E-3
1.788490048E1,6.108652451E-4,1.282817032E-2,1.221730490E-3
1.788696959E1,-2.443460980E-3,1.282817032E-2,1.221730490E-3
1.788905067E1,1.832595794E-3,1.282817032E-2,1.832595794E-3
1.789105552E1,6.108652451E-4,1.343903504E-2,1.832595794E-3
1.789301213E1,-6.108652451E-4,1.343903504E-2,3.054326167E-3
1.789508059E1,1.221730490E-3,1.527163107E-2,6.108652451E-4
1.789711436E1,-1.221730490E-3,1.527163107E-2,-6.108652451E-4
1.789918263E1,-2.443460980E-3,1.771509275E-2,-2.443460980E-3
1.790121621E1,-1.832595794E-3,1.710422710E-2,0.000000000E0
1.790328494E1,-2.443460980E-3,1.893682219E-2,2.443460980E-3
1.790531936E1,6.108652451E-4,2.015855350E-2,-4.276056774E-3
1.790738721E1,6.108652451E-4,1.893682219E-2,0.000000000E0
1.790946844E1,0.000000000E0,1.954768784E-2,-3.054326167E-3
1.791142494E1,-6.108652451E-4,2.015855350E-2,-3.054326167E-3
1.791354702E1,6.108652451E-4,2.015855350E-2,-1.832595794E-3
1.791545167E1,1.221730490E-3,1.893682219E-2,-3.665191587E-3
1.791745052E1,6.108652451E-4,1.954768784E-2,-7.941247895E-3
1.791951863E1,0.000000000E0,2.076941915E-2,-4.276056774E-3
1.792155198E1,6.108652451E-4,2.138028294E-2,-3.054326167E-3
1.792362036E1,1.221730490E-3,1.954768784E-2,-9.162978269E-3
1.792565494E1,0.000000000E0,2.015855350E-2,-6.719517522E-3
1.792772317E1,2.443460980E-3,1.832595654E-2,-4.886921961E-3
1.792980502E1,-6.108652451E-4,1.893682219E-2,-7.941247895E-3
1.793181021E1,2.443460980E-3,2.015855350E-2,-1.038470957E-2
1.793395344E1,0.000000000E0,1.771509275E-2,-6.108652335E-3
1.793578882E1,1.832595794E-3,1.771509275E-2,-6.719517522E-3
1.793778909E1,2.443460980E-3,1.649336144E-2,-7.941247895E-3
1.793985786E1,6.108652451E-4,1.771509275E-2,-6.108652335E-3
1.794189290E1,1.832595794E-3,1.527163107E-2,-8.552113548E-3
1.794396159E1,1.221730490E-3,1.527163107E-2,-6.108652335E-3
1.794599632E1,0.000000000E0,1.466076635E-2,-5.497787148E-3
1.794806513E1,2.443460980E-3,1.343903504E-2,-5.497787148E-3
1.795014717E1,1.221730490E-3,1.282817032E-2,-4.276056774E-3
1.795210444E1,1.221730490E-3,1.343903504E-2,-1.832595794E-3
1.795410579E1,6.108652451E-4,1.099557430E-2,-3.054326167E-3
1.795617432E1,1.832595794E-3,1.221730467E-2,-2.443460980E-3
1.795820867E1,6.108652451E-4,1.343903504E-2,-3.054326167E-3
1.796027740E1,1.221730490E-3,1.038470957E-2,1.221730490E-3
1.796231236E1,0.000000000E0,1.038470957E-2,0.000000000E0
1.796438179E1,6.108652451E-4,9.773843922E-3,6.108652451E-4
1.796641621E1,1.832595794E-3,1.038470957E-2,-6.108652451E-4
1.796848406E1,3.054326167E-3,1.160643995E-2,1.832595794E-3
1.797056629E1,6.108652451E-4,1.099557430E-2,6.108652451E-4
1.797257152E1,-6.108652451E-4,1.160643995E-2,1.832595794E-3
1.797452821E1,1.221730490E-3,1.343903504E-2,4.276056774E-3
1.797659686E1,-1.221730490E-3,1.160643995E-2,3.665191587E-3
1.797863052E1,6.108652451E-4,1.588249579E-2,3.054326167E-3
1.798069902E1,0.000000000E0,1.282817032E-2,5.497787148E-3
1.798273409E1,-2.443460980E-3,1.466076635E-2,5.497787148E-3
1.798480244E1,-1.832595794E-3,1.466076635E-2,3.665191587E-3
1.798683652E1,-6.108652451E-4,1.588249579E-2,7.941247895E-3
1.798890529E1,-1.832595794E-3,1.404990070E-2,7.330383174E-3
1.799098802E1,1.221730490E-3,1.282817032E-2,3.054326167E-3
1.799294532E1,-1.221730490E-3,1.221730467E-2,6.719517522E-3
1.799506894E1,-1.832595794E-3,1.527163107E-2,3.054326167E-3
1.799697402E1,0.000000000E0,1.221730467E-2,4.886921961E-3
1.799897298E1,-2.443460980E-3,1.038470957E-2,4.276056774E-3
1.800104159E1,-3.054326167E-3,9.773843922E-3,6.108652335E-3
1.800307563E1,-3.665191587E-3,9.773843922E-3,4.276056774E-3
1.800514406E1,-4.886921961E-3,8.552113548E-3,6.108652335E-3
1.800717779E1,-4.886921961E-3,7.941247895E-3,4.886921961E-3
1.800924602E1,-5.497787148E-3,6.108652335E-3,2.443460980E-3
1.801132771E1,-4.886921961E-3,4.886921961E-3,1.221730490E-3
1.801333140E1,-3.665191587E-3,6.108652335E-3,1.221730490E-3
1.801540967E1,-3.665191587E-3,4.886921961E-3,0.000000000E0
1.801731432E1,-4.886921961E-3,1.832595794E-3,-1.832595794E-3
1.801931236E1,-6.719517522E-3,1.832595794E-3,-3.054326167E-3
1.802138036E1,-4.276056774E-3,1.221730490E-3,-6.719517522E-3
1.802341425E1,-3.665191587E-3,-6.108652451E-4,-3.665191587E-3
1.802548229E1,-4.886921961E-3,-6.108652451E-4,-3.665191587E-3
1.802751656E1,-4.276056774E-3,-6.108652451E-4,-6.108652335E-3
1.802958440E1,-4.886921961E-3,-1.832595794E-3,-4.886921961E-3
1.803166567E1,-3.665191587E-3,1.221730490E-3,-8.552113548E-3
1.803362321E1,-1.832595794E-3,-1.221730490E-3,-7.941247895E-3
1.803562413E1,-2.443460980E-3,-1.832595794E-3,-4.886921961E-3
1.803769298E1,-4.276056774E-3,-2.443460980E-3,-7.941247895E-3
1.803972644E1,-2.443460980E-3,-1.832595794E-3,-7.941247895E-3
1.804179544E1,-1.832595794E-3,-6.108652451E-4,-7.941247895E-3
1.804382986E1,-1.221730490E-3,-2.443460980E-3,-7.941247895E-3
1.804585413E1,-1.221730490E-3,-1.221730490E-3,-7.330383174E-3
1.804785359E1,-1.832595794E-3,6.108652451E-4,-8.552113548E-3
1.804992232E1,-1.832595794E-3,2.443460980E-3,-7.941247895E-3
1.805200378E1,-4.276056774E-3,1.832595794E-3,-6.108652335E-3
1.805400809E1,-2.443460980E-3,3.665191587E-3,-6.108652335E-3
1.805596598E1,-3.054326167E-3,5.497787148E-3,-5.497787148E-3
1.805803336E1,-3.665191587E-3,4.276056774E-3,-6.719517522E-3
1.806006794E1,-1.221730490E-3,4.886921961E-3,-6.108652335E-3
1.806213644E1,-1.221730490E-3,5.497787148E-3,-9.773843922E-3
1.806417048E1,-4.276056774E-3,9.162978269E-3,-9.162978269E-3
1.806623832E1,-6.108652451E-4,9.162978269E-3,-4.276056774E-3
1.806827217E1,-1.221730490E-3,8.552113548E-3,-7.330383174E-3
1.807034159E1,-1.221730490E-3,9.773843922E-3,-6.719517522E-3
1.807242236E1,-1.221730490E-3,1.160643995E-2,-7.941247895E-3
1.807437955E1,6.108652451E-4,1.160643995E-2,-9.773843922E-3
1.807650321E1,-6.108652451E-4,1.099557430E-2,-4.886921961E-3
1.807840909E1,-1.221730490E-3,1.466076635E-2,-1.832595794E-3
1.808040802E1,0.000000000E0,1.404990070E-2,-4.276056774E-3
1.808247675E1,-1.832595794E-3,1.221730467E-2,-6.719517522E-3
1.808451067E1,0.000000000E0,1.343903504E-2,-4.276056774E-3
1.808657952E1,1.221730490E-3,1.527163107E-2,-6.108652335E-3
1.808861398E1,-6.108652451E-4,1.466076635E-2,-4.276056774E-3
1.809068252E1,0.000000000E0,1.588249579E-2,-6.719517522E-3
1.809276444E1,-6.108652451E-4,1.527163107E-2,-4.276056774E-3
1.809476948E1,6.108652451E-4,1.527163107E-2,-1.832595794E-3
1.809691155E1,-3.054326167E-3,1.466076635E-2,1.221730490E-3
1.809874690E1,-1.832595794E-3,1.588249579E-2,-3.665191587E-3
1.810074728E1,-6.108652451E-4,1.649336144E-2,-1.832595794E-3
1.810281602E1,1.832595794E-3,1.404990070E-2,6.108652451E-4
1.810485032E1,0.000000000E0,1.588249579E-2,-3.054326167E-3
1.810691825E1,6.108652451E-4,1.527163107E-2,-6.108652451E-4
1.810895236E1,0.000000000E0,1.527163107E-2,1.832595794E-3
1.811103594E1,-3.665191587E-3,1.527163107E-2,-1.832595794E-3
1.811310167E1,-6.108652451E-4,1.588249579E-2,1.221730490E-3
1.811505828E1,-3.054326167E-3,1.527163107E-2,1.832595794E-3
1.811705863E1,-3.665191587E-3,1.527163107E-2,6.108652451E-4
1.811912775E1,-6.108652451E-4,1.649336144E-2,-6.108652451E-4
1.812116205E1,-3.054326167E-3,1.343903504E-2,0.000000000E0
1.812323017E1,-5.497787148E-3,1.343903504E-2,-6.108652451E-4
1.812526440E1,-4.276056774E-3,1.282817032E-2,0.000000000E0
1.812733255E1,-4.276056774E-3,1.343903504E-2,2.443460980E-3
1.812936667E1,-3.054326167E-3,1.404990070E-2,1.221730490E-3
1.813143605E1,-4.886921961E-3,1.099557430E-2,3.054326167E-3
1.813351755E1,-7.330383174E-3,1.343903504E-2,3.665191587E-3
1.813552390E1,-6.108652335E-3,1.221730467E-2,1.832595794E-3
1.813748040E1,-2.443460980E-3,1.160643995E-2,1.221730490E-3
1.813954925E1,-6.108652335E-3,1.282817032E-2,3.054326167E-3
1.814158317E1,-4.886921961E-3,1.221730467E-2,-6.108652451E-4
1.814365228E1,-4.276056774E-3,1.343903504E-2,1.832595794E-3
1.814568667E1,-4.276056774E-3,1.160643995E-2,-6.108652451E-4
1.814775540E1,-4.276056774E-3,1.099557430E-2,-6.108652451E-4
1.814978905E1,-4.276056774E-3,1.160643995E-2,-6.108652451E-4
1.815185775E1,-6.108652335E-3,1.221730467E-2,-6.108652451E-4
1.815393936E1,-5.497787148E-3,1.038470957E-2,0.000000000E0
1.815589694E1,-6.108652335E-3,9.773843922E-3,-6.108652451E-4
1.815801917E1,-6.108652335E-3,7.941247895E-3,6.108652451E-4
1.815992440E1,-4.886921961E-3,9.773843922E-3,-3.665191587E-3
1.816192375E1,-3.054326167E-3,9.162978269E-3,-2.443460980E-3
1.816399278E1,-6.108652335E-3,7.941247895E-3,-6.108652451E-4
1.816602636E1,-4.886921961E-3,6.719517522E-3,-2.443460980E-3
1.816809521E1,-6.719517522E-3,6.719517522E-3,-1.832595794E-3
1.817012886E1,-4.886921961E-3,7.330383174E-3,-3.665191587E-3
1.817219740E1,-4.276056774E-3,7.330383174E-3,-1.832595794E-3
1.817427848E1,-6.108652335E-3,7.941247895E-3,-6.108652451E-4
1.817628275E1,-4.886921961E-3,6.719517522E-3,-2.443460980E-3
1.817836225E1,-4.886921961E-3,9.162978269E-3,-3.054326167E-3
1.818026778E1,-6.108652335E-3,6.108652335E-3,-1.832595794E-3
1.818226709E1,-5.497787148E-3,7.941247895E-3,-4.886921961E-3
1.818433521E1,-6.719517522E-3,7.330383174E-3,-3.665191587E-3
1.818636963E1,-5.497787148E-3,7.330383174E-3,-2.443460980E-3
1.818843836E1,-4.276056774E-3,8.552113548E-3,-5.497787148E-3
1.819047298E1,-6.108652335E-3,7.941247895E-3,-3.665191587E-3
1.819254128E1,-7.941247895E-3,6.719517522E-3,-4.276056774E-3
1.819462332E1,-6.108652335E-3,8.552113548E-3,-5.497787148E-3
1.819658098E1,-6.108652335E-3,8.552113548E-3,-6.719517522E-3
1.819858198E1,-6.719517522E-3,9.773843922E-3,-1.221730490E-3
1.820065032E1,-6.108652335E-3,7.941247895E-3,-4.276056774E-3
1.820268532E1,-1.832595794E-3,7.941247895E-3,-4.886921961E-3
1.820475378E1,-4.886921961E-3,9.162978269E-3,-4.886921961E-3
1.820678836E1,-6.108652335E-3,9.162978269E-3,-3.665191587E-3
1.820885759E1,-4.276056774E-3,9.773843922E-3,-4.276056774E-3
1.821089252E1,-7.330383174E-3,7.330383174E-3,-6.108652451E-4
1.821296144E1,-6.108652335E-3,7.941247895E-3,-2.443460980E-3
1.821504359E1,-2.443460980E-3,6.108652335E-3,-1.221730490E-3
1.821704871E1,-3.665191587E-3,6.108652335E-3,-6.108652451E-4
1.821900640E1,-4.276056774E-3,6.719517522E-3,-3.054326167E-3
1.822107517E1,-5.497787148E-3,5.497787148E-3,0.000000000E0
1.822310940E1,-4.886921961E-3,7.941247895E-3,-1.221730490E-3
1.822517798E1,-5.497787148E-3,6.108652335E-3,-1.221730490E-3
1.822721294E1,-3.665191587E-3,4.886921961E-3,1.832595794E-3
1.822928090E1,-3.054326167E-3,4.886921961E-3,-6.108652451E-4
1.823131479E1,-2.443460980E-3,4.276056774E-3,1.221730490E-3
1.823338325E1,-3.054326167E-3,4.276056774E-3,-2.443460980E-3
1.823546490E1,-4.886921961E-3,1.832595794E-3,2.443460980E-3
1.823742213E1,-4.276056774E-3,1.221730490E-3,-6.108652451E-4
1.823954571E1,-2.443460980E-3,1.221730490E-3,1.221730490E-3
1.824145098E1,-4.276056774E-3,1.832595794E-3,0.000000000E0
1.824345067E1,-3.054326167E-3,2.443460980E-3,6.108652451E-4
1.824551909E1,-4.276056774E-3,0.000000000E0,1.221730490E-3
1.824755459E1,-2.443460980E-3,6.108652451E-4,1.832595794E-3
1.824962398E1,-5.497787148E-3,0.000000000E0,1.832595794E-3
1.825165825E1,-4.886921961E-3,-6.108652451E-4,0.000000000E0
1.825372702E1,-5.497787148E-3,-1.832595794E-3,2.443460980E-3
1.825580936E1,-3.665191587E-3,-2.443460980E-3,0.000000000E0
1.825781440E1,-4.276056774E-3,-3.054326167E-3,1.832595794E-3
1.825995736E1,-3.054326167E-3,-1.832595794E-3,1.221730490E-3
1.826179321E1,-2.443460980E-3,-3.054326167E-3,6.108652451E-4
1.826379355E1,-1.832595794E-3,-3.054326167E-3,6.108652451E-4
1.826586321E1,-3.665191587E-3,-4.276056774E-3,-6.108652451E-4
1.826789694E1,-4.276056774E-3,-3.054326167E-3,1.832595794E-3
1.826996625E1,-1.221730490E-3,-4.276056774E-3,6.108652451E-4
1.827200040E1,-1.832595794E-3,-3.665191587E-3,6.108652451E-4
1.827406955E1,-4.276056774E-3,-4.276056774E-3,-1.221730490E-3
1.827615155E1,-1.832595794E-3,-3.054326167E-3,-6.108652451E-4
1.827810921E1,-4.276056774E-3,-2.443460980E-3,-6.108652451E-4
1.828011040E1,-2.443460980E-3,-4.886921961E-3,6.108652451E-4
1.828217971E1,-2.443460980E-3,-4.276056774E-3,-1.832595794E-3
1.828421409E1,-1.832595794E-3,-2.443460980E-3,6.108652451E-4
1.828628321E1,-4.276056774E-3,-3.054326167E-3,1.221730490E-3
1.828831813E1,-1.221730490E-3,-2.443460980E-3,0.000000000E0
1.829034363E1,-3.054326167E-3,-6.108652451E-4,-6.108652451E-4
1.829234290E1,0.000000000E0,6.108652451E-4,-6.108652451E-4
1.829441202E1,-1.221730490E-3,-6.108652451E-4,-3.054326167E-3
1.829649413E1,-1.221730490E-3,0.000000000E0,-6.108652451E-4
1.829849932E1,1.832595794E-3,1.221730490E-3,-2.443460980E-3
1.830045817E1,-1.832595794E-3,6.108652451E-4,-3.054326167E-3
1.830252782E1,1.832595794E-3,3.054326167E-3,-1.832595794E-3
1.830456271E1,0.000000000E0,3.054326167E-3,-6.108652451E-4
1.830663228E1,-1.832595794E-3,4.886921961E-3,-6.108652451E-4
1.830866817E1,0.000000000E0,5.497787148E-3,-1.832595794E-3
1.831073763E1,-6.108652451E-4,6.108652335E-3,-1.221730490E-3
1.831277290E1,1.221730490E-3,6.719517522E-3,-6.108652335E-3
1.831484259E1,6.108652451E-4,5.497787148E-3,-3.054326167E-3
1.831692575E1,-6.108652451E-4,6.719517522E-3,-3.665191587E-3
1.831888398E1,-1.832595794E-3,6.719517522E-3,-1.221730490E-3
1.832100798E1,-6.108652451E-4,9.162978269E-3,-6.108652451E-4
1.832291336E1,-6.108652451E-4,8.552113548E-3,1.221730490E-3
1.832491336E1,1.221730490E-3,1.038470957E-2,1.221730490E-3
1.832698298E1,0.000000000E0,9.162978269E-3,6.108652451E-4
1.832901778E1,-1.221730490E-3,7.330383174E-3,1.832595794E-3
1.833108686E1,-6.108652451E-4,9.162978269E-3,6.108652451E-4
1.833312171E1,0.000000000E0,9.773843922E-3,1.221730490E-3
1.833519117E1,-6.108652451E-4,9.162978269E-3,1.832595794E-3
1.833727294E1,-1.221730490E-3,1.038470957E-2,2.443460980E-3
1.833927840E1,-6.108652451E-4,8.552113548E-3,4.886921961E-3
1.834135813E1,6.108652451E-4,9.162978269E-3,1.221730490E-3
1.834326378E1,0.000000000E0,1.160643995E-2,2.443460980E-3
1.834526348E1,-2.443460980E-3,9.773843922E-3,4.276056774E-3
1.834733298E1,0.000000000E0,1.160643995E-2,2.443460980E-3
1.834936694E1,0.000000000E0,9.773843922E-3,3.054326167E-3
1.835143690E1,-6.108652451E-4,1.038470957E-2,8.552113548E-3
1.835347121E1,-3.665191587E-3,9.162978269E-3,9.162978269E-3
1.835554090E1,1.221730490E-3,1.038470957E-2,6.108652335E-3
1.835762305E1,0.000000000E0,1.099557430E-2,7.941247895E-3
1.835958094E1,6.108652451E-4,9.162978269E-3,4.886921961E-3
1.836158244E1,-1.832595794E-3,7.330383174E-3,4.886921961E-3
1.836365152E1,1.221730490E-3,7.941247895E-3,7.941247895E-3
1.836568625E1,1.221730490E-3,9.162978269E-3,4.276056774E-3
1.836775528E1,1.221730490E-3,4.886921961E-3,7.330383174E-3
1.836978975E1,1.832595794E-3,4.276056774E-3,7.330383174E-3
1.837185905E1,0.000000000E0,3.665191587E-3,3.665191587E-3
1.837389378E1,1.221730490E-3,1.832595794E-3,3.665191587E-3
1.837596282E1,-1.832595794E-3,6.108652451E-4,9.773843922E-3
1.837804463E1,-1.221730490E-3,-1.832595794E-3,6.108652335E-3
1.838004890E1,0.000000000E0,-3.665191587E-3,6.108652335E-3
1.838200617E1,-1.221730490E-3,-5.497787148E-3,6.719517522E-3
1.838407505E1,-3.665191587E-3,-9.773843922E-3,5.497787148E-3
1.838610932E1,-2.443460980E-3,-1.099557430E-2,6.108652335E-3
1.838817786E1,-1.832595794E-3,-1.221730467E-2,7.330383174E-3
1.839021167E1,-3.054326167E-3,-1.343903504E-2,1.832595794E-3
1.839228052E1,-4.886921961E-3,-1.832595654E-2,7.941247895E-3
1.839431444E1,-7.330383174E-3,-1.954768784E-2,7.941247895E-3
1.839638302E1,-4.886921961E-3,-2.260201424E-2,4.886921961E-3
1.839846394E1,-6.719517522E-3,-2.504547499E-2,2.443460980E-3
1.840042121E1,-4.276056774E-3,-2.382374369E-2,6.719517522E-3
1.840254467E1,-7.941247895E-3,-2.626720630E-2,4.276056774E-3
1.840444986E1,-8.552113548E-3,-2.993239649E-2,5.497787148E-3
1.840644882E1,-6.108652335E-3,-2.809980139E-2,3.665191587E-3
1.840851682E1,-7.941247895E-3,-3.115412779E-2,4.886921961E-3
1.841055071E1,-6.108652335E-3,-2.993239649E-2,2.443460980E-3
1.841261975E1,-8.552113548E-3,-2.748893574E-2,6.719517522E-3
1.841465471E1,-7.330383174E-3,-2.871066704E-2,3.665191587E-3
1.841672386E1,-9.162978269E-3,-2.809980139E-2,4.276056774E-3
1.841880567E1,-6.719517522E-3,-2.565634064E-2,2.443460980E-3
1.842081102E1,-8.552113548E-3,-2.504547499E-2,3.665191587E-3
1.842295402E1,-4.886921961E-3,-2.138028294E-2,2.443460980E-3
1.842479036E1,-7.330383174E-3,-1.893682219E-2,2.443460980E-3
1.842678998E1,-6.719517522E-3,-1.710422710E-2,2.443460980E-3
1.842885886E1,-4.886921961E-3,-1.282817032E-2,3.665191587E-3
1.843089363E1,-4.276056774E-3,-1.099557430E-2,3.665191587E-3
1.843296317E1,-1.832595794E-3,-8.552113548E-3,2.443460980E-3
1.843499817E1,-3.054326167E-3,-6.108652335E-3,3.054326167E-3
1.843706763E1,-1.832595794E-3,-3.665191587E-3,6.108652451E-4
1.843915052E1,-1.832595794E-3,-1.221730490E-3,-2.443460980E-3
1.844110867E1,-1.221730490E-3,2.443460980E-3,-6.108652451E-4
1.844310963E1,0.000000000E0,6.719517522E-3,-1.832595794E-3
1.844517925E1,1.832595794E-3,6.719517522E-3,-1.221730490E-3
1.844721444E1,6.108652451E-4,8.552113548E-3,1.832595794E-3
1.844928409E1,3.665191587E-3,1.160643995E-2,-1.221730490E-3
1.845132005E1,2.443460980E-3,1.099557430E-2,-3.665191587E-3
1.845338975E1,2.443460980E-3,1.649336144E-2,-1.832595794E-3
1.845542440E1,3.665191587E-3,1.710422710E-2,-3.054326167E-3
1.845749398E1,3.054326167E-3,1.832595654E-2,6.108652451E-4
1.845957586E1,4.886921961E-3,1.832595654E-2,6.108652451E-4
1.846158298E1,3.665191587E-3,2.015855350E-2,1.221730490E-3
1.846354002E1,4.276056774E-3,1.954768784E-2,-6.108652451E-4
1.846560936E1,3.054326167E-3,2.199114859E-2,3.054326167E-3
1.846764425E1,4.886921961E-3,1.954768784E-2,-6.108652451E-4
1.846971367E1,4.276056774E-3,2.015855350E-2,3.665191587E-3
1.847174813E1,3.665191587E-3,1.649336144E-2,3.054326167E-3
1.847381736E1,2.443460980E-3,1.527163107E-2,3.054326167E-3
1.847585305E1,4.886921961E-3,1.160643995E-2,6.719517522E-3
1.847792209E1,0.000000000E0,9.773843922E-3,7.330383174E-3
1.848000440E1,2.443460980E-3,1.099557430E-2,5.497787148E-3
1.848196255E1,4.886921961E-3,5.497787148E-3,8.552113548E-3
1.848408617E1,1.221730490E-3,5.497787148E-3,6.719517522E-3
1.848599201E1,1.221730490E-3,1.832595794E-3,8.552113548E-3
1.848799190E1,0.000000000E0,-6.108652451E-4,9.773843922E-3
1.849006117E1,3.665191587E-3,6.108652451E-4,7.330383174E-3
1.849209632E1,2.443460980E-3,-3.665191587E-3,9.162978269E-3
1.849416528E1,4.276056774E-3,-3.665191587E-3,9.162978269E-3
1.849619986E1,3.665191587E-3,-6.719517522E-3,1.038470957E-2
1.849826928E1,6.108652451E-4,-5.497787148E-3,1.221730467E-2
1.850035301E1,1.832595794E-3,-4.886921961E-3,8.552113548E-3
1.850235871E1,4.886921961E-3,-6.108652335E-3,7.330383174E-3
1.850443959E1,0.000000000E0,-6.108652335E-3,1.038470957E-2
1.850634613E1,1.832595794E-3,-6.719517522E-3,8.552113548E-3
1.850834598E1,2.443460980E-3,-6.719517522E-3,6.719517522E-3
1.851041601E1,1.832595794E-3,-5.497787148E-3,7.941247895E-3
1.851245078E1,2.443460980E-3,-5.497787148E-3,6.108652335E-3
1.851452036E1,2.443460980E-3,-3.665191587E-3,5.497787148E-3
1.851655559E1,3.665191587E-3,-4.886921961E-3,5.497787148E-3
1.851864059E1,-6.108652451E-4,-5.497787148E-3,7.330383174E-3
1.852070840E1,1.832595794E-3,-3.665191587E-3,2.443460980E-3
1.852266609E1,4.276056774E-3,-2.443460980E-3,4.886921961E-3
1.852466928E1,-6.108652451E-4,-4.886921961E-3,4.276056774E-3
1.852673821E1,0.000000000E0,-4.276056774E-3,3.054326167E-3
1.852877332E1,1.221730490E-3,-3.054326167E-3,2.443460980E-3
1.853084355E1,6.108652451E-4,-1.832595794E-3,-6.108652451E-4
1.853287871E1,0.000000000E0,-3.054326167E-3,1.221730490E-3
1.853490409E1,2.443460980E-3,-3.054326167E-3,6.108652451E-4
1.853690425E1,1.832595794E-3,-2.443460980E-3,1.221730490E-3
1.853897401E1,2.443460980E-3,-3.665191587E-3,-3.054326167E-3
1.854105613E1,1.832595794E-3,-3.665191587E-3,1.221730490E-3
1.854306217E1,1.832595794E-3,-3.054326167E-3,-2.443460980E-3
1.854502225E1,3.054326167E-3,-4.886921961E-3,-3.054326167E-3
1.854709140E1,3.054326167E-3,-3.665191587E-3,-1.832595794E-3
1.854912605E1,4.276056774E-3,-3.665191587E-3,-3.665191587E-3
1.855119667E1,3.054326167E-3,-4.886921961E-3,-3.665191587E-3
1.855323125E1,6.108652451E-4,-3.665191587E-3,-1.221730490E-3
1.855530067E1,1.832595794E-3,-5.497787148E-3,-3.665191587E-3
1.855733567E1,3.054326167E-3,-4.886921961E-3,-4.886921961E-3
1.855940455E1,4.276056774E-3,-7.330383174E-3,-2.443460980E-3
1.856148755E1,3.665191587E-3,-4.886921961E-3,-3.054326167E-3
1.856344648E1,3.054326167E-3,-7.941247895E-3,-3.054326167E-3
1.856557055E1,3.054326167E-3,-7.941247895E-3,-3.054326167E-3
1.856747786E1,4.276056774E-3,-9.162978269E-3,-1.221730490E-3
1.856947724E1,4.886921961E-3,-9.162978269E-3,-1.832595794E-3
1.857154601E1,4.886921961E-3,-1.282817032E-2,-3.665191587E-3
1.857358098E1,5.497787148E-3,-1.099557430E-2,0.000000000E0
1.857565009E1,4.276056774E-3,-1.282817032E-2,1.221730490E-3
1.857768559E1,4.886921961E-3,-1.527163107E-2,-6.108652451E-4
1.857975486E1,4.886921961E-3,-1.710422710E-2,-6.108652451E-4
1.858183840E1,4.886921961E-3,-1.588249579E-2,0.000000000E0
1.858384363E1,3.054326167E-3,-1.710422710E-2,1.221730490E-3
1.858598786E1,4.276056774E-3,-1.893682219E-2,1.832595794E-3
1.858782374E1,4.886921961E-3,-2.015855350E-2,6.108652451E-4
1.858982428E1,4.276056774E-3,-1.893682219E-2,1.221730490E-3
1.859189425E1,4.276056774E-3,-2.015855350E-2,2.443460980E-3
1.859392932E1,4.886921961E-3,-2.076941915E-2,1.832595794E-3
1.859599844E1,4.276056774E-3,-1.954768784E-2,5.497787148E-3
1.859803317E1,3.054326167E-3,-2.076941915E-2,5.497787148E-3
1.860010332E1,1.221730490E-3,-2.015855350E-2,5.497787148E-3
1.860218598E1,6.108652451E-4,-2.199114859E-2,6.108652335E-3
1.860414428E1,6.108652451E-4,-2.076941915E-2,7.330383174E-3
1.860614524E1,1.832595794E-3,-1.771509275E-2,5.497787148E-3
1.860821474E1,6.108652451E-4,-1.954768784E-2,6.719517522E-3
1.861024971E1,3.054326167E-3,-1.954768784E-2,4.276056774E-3
1.861231948E1,0.000000000E0,-2.015855350E-2,6.108652335E-3
1.861435463E1,6.108652451E-4,-2.076941915E-2,6.108652335E-3
1.861642444E1,-6.108652451E-4,-2.015855350E-2,7.941247895E-3
1.861845963E1,-6.108652451E-4,-2.138028294E-2,4.886921961E-3
1.862052898E1,-1.221730490E-3,-2.260201424E-2,7.941247895E-3
1.862261201E1,1.221730490E-3,-2.138028294E-2,4.276056774E-3
1.862461678E1,-3.665191587E-3,-2.076941915E-2,5.497787148E-3
1.862657340E1,-2.443460980E-3,-2.260201424E-2,4.276056774E-3
1.862864194E1,-2.443460980E-3,-2.076941915E-2,4.886921961E-3
1.863067713E1,-3.054326167E-3,-2.260201424E-2,1.221730490E-3
1.863274598E1,-2.443460980E-3,-2.504547499E-2,2.443460980E-3
1.863477982E1,-3.665191587E-3,-2.443460934E-2,4.276056774E-3
1.863684848E1,-3.054326167E-3,-2.504547499E-2,6.108652451E-4
1.863888351E1,-3.054326167E-3,-2.382374369E-2,3.665191587E-3
1.864095251E1,-3.054326167E-3,-2.443460934E-2,-6.108652451E-4
1.864303478E1,-2.443460980E-3,-2.382374369E-2,-6.108652451E-4
1.864499328E1,-1.221730490E-3,-2.443460934E-2,0.000000000E0
1.864711744E1,-3.054326167E-3,-2.626720630E-2,1.221730490E-3
1.864902332E1,-3.665191587E-3,-2.626720630E-2,3.054326167E-3
1.865102328E1,-1.832595794E-3,-2.565634064E-2,-6.108652451E-4
1.865309236E1,-4.276056774E-3,-2.382374369E-2,-1.221730490E-3
1.865512763E1,-1.832595794E-3,-2.382374369E-2,-1.832595794E-3
1.865719805E1,-3.665191587E-3,-2.565634064E-2,-1.221730490E-3
1.865923282E1,-3.054326167E-3,-2.321287990E-2,-3.665191587E-3
1.866130282E1,-4.276056774E-3,-2.321287990E-2,-6.108652335E-3
1.866338509E1,-3.665191587E-3,-2.260201424E-2,6.108652451E-4
1.866539021E1,-3.054326167E-3,-2.443460934E-2,-6.108652335E-3
1.866747136E1,-3.665191587E-3,-2.321287990E-2,-2.443460980E-3
1.866937682E1,-3.665191587E-3,-2.321287990E-2,-2.443460980E-3
1.867137651E1,-3.665191587E-3,-2.260201424E-2,-7.941247895E-3
1.867344563E1,-3.665191587E-3,-2.260201424E-2,-4.276056774E-3
1.867548063E1,-5.497787148E-3,-2.382374369E-2,-4.886921961E-3
1.867754967E1,-3.665191587E-3,-2.443460934E-2,-6.719517522E-3
1.867958498E1,-4.886921961E-3,-2.260201424E-2,-6.108652335E-3
1.868165432E1,-6.108652335E-3,-2.260201424E-2,-6.719517522E-3
1.868373713E1,-3.054326167E-3,-2.199114859E-2,-6.719517522E-3
1.868569532E1,-4.276056774E-3,-2.138028294E-2,-5.497787148E-3
1.868769651E1,-3.054326167E-3,-2.260201424E-2,-4.886921961E-3
1.868976609E1,-4.276056774E-3,-2.321287990E-2,-4.886921961E-3
1.869180063E1,-6.108652335E-3,-2.199114859E-2,-3.665191587E-3
1.869386951E1,-3.665191587E-3,-2.382374369E-2,-6.719517522E-3
1.869590432E1,-2.443460980E-3,-2.321287990E-2,-9.162978269E-3
1.869797374E1,-4.276056774E-3,-2.504547499E-2,-7.941247895E-3
1.870000851E1,-3.665191587E-3,-2.321287990E-2,-8.552113548E-3
1.870207955E1,-3.665191587E-3,-2.626720630E-2,-7.941247895E-3
1.870416051E1,-1.221730490E-3,-2.687807009E-2,-8.552113548E-3
1.870616648E1,-3.665191587E-3,-2.687807009E-2,-5.497787148E-3
1.870812390E1,-1.832595794E-3,-2.932153270E-2,-6.719517522E-3
1.871019305E1,-1.832595794E-3,-3.054326214E-2,-7.941247895E-3
1.871222763E1,-6.108652451E-4,-3.115412779E-2,-6.719517522E-3
1.871429732E1,-1.832595794E-3,-3.237585723E-2,-7.330383174E-3
1.871633244E1,6.108652451E-4,-3.420845419E-2,-6.719517522E-3
1.871840124E1,-6.108652451E-4,-3.604105115E-2,-6.719517522E-3
1.872043594E1,-1.832595794E-3,-3.481931984E-2,-5.497787148E-3
1.872250559E1,0.000000000E0,-3.665191308E-2,-7.330383174E-3
1.872458767E1,-1.832595794E-3,-4.031710699E-2,-4.276056774E-3
1.872654528E1,-6.108652451E-4,-3.787364438E-2,-6.719517522E-3
1.872866978E1,-4.276056774E-3,-4.153883830E-2,-3.665191587E-3
1.873057521E1,-3.054326167E-3,-4.214970022E-2,-7.330383174E-3
1.873257482E1,-6.108652451E-4,-4.459316283E-2,-6.719517522E-3
1.873464409E1,-3.665191587E-3,-4.398229718E-2,-4.886921961E-3
1.873667851E1,-2.443460980E-3,-4.520402849E-2,-4.886921961E-3
1.873874801E1,-3.665191587E-3,-4.642575979E-2,-3.665191587E-3
1.874078236E1,-3.054326167E-3,-4.703662544E-2,-3.665191587E-3
1.874285151E1,-3.665191587E-3,-4.642575979E-2,-3.054326167E-3
1.874493336E1,-3.665191587E-3,-4.825835302E-2,-3.665191587E-3
1.874693917E1,-3.665191587E-3,-4.886921868E-2,-1.832595794E-3
1.874908198E1,-3.665191587E-3,-4.948008433E-2,-3.665191587E-3
1.875091821E1,-4.276056774E-3,-4.948008433E-2,-1.832595794E-3
1.875291848E1,-4.886921961E-3,-5.070181563E-2,-4.276056774E-3
1.875498813E1,-6.719517522E-3,-5.009094998E-2,-1.832595794E-3
1.875702367E1,-8.552113548E-3,-5.009094998E-2,-6.108652451E-4
1.875909290E1,-7.330383174E-3,-4.948008433E-2,-4.886921961E-3
1.876112801E1,-8.552113548E-3,-5.253441259E-2,-1.832595794E-3
1.876319771E1,-6.719517522E-3,-5.131268129E-2,-1.832595794E-3
1.876528048E1,-9.773843922E-3,-5.192354694E-2,-3.665191587E-3
1.876723824E1,-1.038470957E-2,-5.192354694E-2,-3.054326167E-3
1.876924194E1,-1.160643995E-2,-5.253441259E-2,-1.832595794E-3
1.877131128E1,-1.404990070E-2,-5.375614017E-2,-3.054326167E-3
1.877334705E1,-1.466076635E-2,-5.375614017E-2,-1.221730490E-3
1.877541628E1,-1.588249579E-2,-5.436700583E-2,6.108652451E-4
1.877745209E1,-1.466076635E-2,-5.497787148E-2,-6.108652451E-4
1.877947936E1,-1.710422710E-2,-5.619960278E-2,-1.221730490E-3
1.878147909E1,-1.710422710E-2,-5.558873713E-2,-1.221730490E-3
1.878354917E1,-1.954768784E-2,-5.925392732E-2,1.221730490E-3
1.878563240E1,-2.015855350E-2,-5.803219974E-2,0.000000000E0
1.878763759E1,-1.832595654E-2,-6.047565863E-2,6.108652451E-4
1.878959563E1,-2.076941915E-2,-6.352998316E-2,2.443460980E-3
1.879166498E1,-2.138028294E-2,-6.597344577E-2,4.886921961E-3
1.879370040E1,-2.138028294E-2,-6.841690838E-2,4.276056774E-3
1.879577051E1,-2.138028294E-2,-6.902777404E-2,3.054326167E-3
1.879780548E1,-2.260201424E-2,-6.963863969E-2,2.443460980E-3
1.879987524E1,-2.321287990E-2,-7.574728876E-2,7.330383174E-3
1.880191028E1,-2.321287990E-2,-7.819075137E-2,7.941247895E-3
1.880397955E1,-2.199114859E-2,-7.941248268E-2,7.941247895E-3
1.880606274E1,-2.443460934E-2,-8.124507964E-2,9.162978269E-3
1.880802013E1,-2.076941915E-2,-8.185594529E-2,6.719517522E-3
1.881014378E1,-2.321287990E-2,-8.552113175E-2,9.162978269E-3
1.881204982E1,-2.076941915E-2,-8.674286306E-2,9.162978269E-3
1.881404986E1,-2.260201424E-2,-8.735372871E-2,9.162978269E-3
1.881611871E1,-1.771509275E-2,-8.735372871E-2,4.276056774E-3
1.881815398E1,-2.076941915E-2,-8.979719132E-2,9.773843922E-3
1.882022263E1,-2.076941915E-2,-9.101892263E-2,7.941247895E-3
1.882225774E1,-1.832595654E-2,-9.162978828E-2,7.941247895E-3
1.882432763E1,-1.771509275E-2,-9.346238524E-2,1.038470957E-2
1.882640932E1,-1.404990070E-2,-9.346238524E-2,6.108652335E-3
1.882841509E1,-1.466076635E-2,-9.346238524E-2,8.552113548E-3
1.883049501E1,-1.404990070E-2,-9.346238524E-2,1.038470957E-2
1.883240128E1,-1.221730467E-2,-9.224065393E-2,8.552113548E-3
1.883440017E1,-1.160643995E-2,-9.346238524E-2,4.886921961E-3
1.883646951E1,-1.160643995E-2,-9.162978828E-2,1.099557430E-2
1.883850409E1,-1.038470957E-2,-9.285151958E-2,4.886921961E-3
1.884057317E1,-9.162978269E-3,-9.224065393E-2,5.497787148E-3
1.884260798E1,-8.552113548E-3,-9.040805697E-2,7.941247895E-3
1.884467678E1,-9.773843922E-3,-8.979719132E-2,6.108652335E-3
1.884675901E1,-5.497787148E-3,-8.857546002E-2,4.276056774E-3
1.884871682E1,-7.330383174E-3,-8.735372871E-2,4.886921961E-3
1.885071759E1,-6.719517522E-3,-8.796459436E-2,3.054326167E-3
1.885278682E1,-7.330383174E-3,-8.674286306E-2,4.276056774E-3
1.885482178E1,-6.108652335E-3,-8.613199741E-2,6.719517522E-3
1.885689067E1,-6.108652335E-3,-8.491026610E-2,1.221730490E-3
1.885892563E1,-5.497787148E-3,-8.491026610E-2,3.054326167E-3
1.886099467E1,-4.886921961E-3,-8.552113175E-2,5.497787148E-3
1.886302951E1,-4.886921961E-3,-8.246681094E-2,6.108652451E-4
1.886509901E1,-3.665191587E-3,-8.429940045E-2,0.000000000E0
1.886718136E1,-5.497787148E-3,-8.307767659E-2,3.054326167E-3
1.886918613E1,-6.108652335E-3,-8.368854225E-2,-6.108652451E-4
1.887114413E1,-7.941247895E-3,-8.368854225E-2,1.221730490E-3
1.887321355E1,-4.886921961E-3,-8.429940045E-2,1.832595794E-3
1.887524874E1,-4.886921961E-3,-8.246681094E-2,-6.108652451E-4
1.887731774E1,-8.552113548E-3,-8.491026610E-2,0.000000000E0
1.887935248E1,-7.330383174E-3,-8.552113175E-2,2.443460980E-3
1.888142244E1,-6.719517522E-3,-8.613199741E-2,-3.054326167E-3
1.888345778E1,-7.941247895E-3,-8.674286306E-2,-1.221730490E-3
1.888552690E1,-7.941247895E-3,-8.796459436E-2,1.832595794E-3
1.888760936E1,-1.038470957E-2,-8.918632567E-2,-1.832595794E-3
1.888956794E1,-9.773843922E-3,-9.285151958E-2,-1.221730490E-3
1.889169263E1,-9.162978269E-3,-9.224065393E-2,1.221730490E-3
1.889359805E1,-1.038470957E-2,-9.529497474E-2,0.000000000E0
1.889559817E1,-1.099557430E-2,-9.773843735E-2,3.665191587E-3
1.889766740E1,-1.160643995E-2,-9.957103431E-2,1.221730490E-3
1.889970155E1,-1.160643995E-2,-1.014036313E-1,-1.221730490E-3
1.890177105E1,-1.282817032E-2,-1.056796908E-1,0.000000000E0
1.890380544E1,-1.466076635E-2,-1.075122803E-1,1.221730490E-3
1.890587551E1,-1.343903504E-2,-1.087340117E-1,6.108652451E-4
1.890795747E1,-1.527163107E-2,-1.123992056E-1,1.221730490E-3
1.890996405E1,-1.588249579E-2,-1.166752651E-1,3.054326167E-3
1.891210655E1,-1.893682219E-2,-1.154535338E-1,1.832595794E-3
1.891394263E1,-1.954768784E-2,-1.221730486E-1,2.443460980E-3
1.891594228E1,-1.710422710E-2,-1.227839142E-1,6.108652335E-3
1.891801174E1,-1.771509275E-2,-1.252273768E-1,-6.108652451E-4
1.892004694E1,-2.076941915E-2,-1.295034289E-1,6.108652335E-3
1.892211613E1,-1.771509275E-2,-1.295034289E-1,6.108652335E-3
1.892415124E1,-1.893682219E-2,-1.337794960E-1,4.276056774E-3
1.892623517E1,-2.015855350E-2,-1.368338168E-1,4.886921961E-3
1.892830217E1,-2.321287990E-2,-1.398881376E-1,6.108652335E-3
1.893026001E1,-2.015855350E-2,-1.417207420E-1,6.108652335E-3
1.893226059E1,-2.076941915E-2,-1.417207420E-1,5.497787148E-3
1.893432974E1,-1.954768784E-2,-1.459967941E-1,7.941247895E-3
1.893636544E1,-2.015855350E-2,-1.478293836E-1,5.497787148E-3
1.893843497E1,-2.015855350E-2,-1.496619880E-1,7.330383174E-3
1.894047074E1,-2.138028294E-2,-1.521054506E-1,6.719517522E-3
1.894253990E1,-1.954768784E-2,-1.527163088E-1,5.497787148E-3
1.894457470E1,-1.832595654E-2,-1.545489132E-1,8.552113548E-3
1.894664386E1,-1.588249579E-2,-1.569923609E-1,6.108652335E-3
1.894872594E1,-1.954768784E-2,-1.588249654E-1,8.552113548E-3
1.895073090E1,-1.527163107E-2,-1.612684280E-1,1.038470957E-2
1.895268755E1,-1.527163107E-2,-1.618792862E-1,8.552113548E-3
1.895475694E1,-1.649336144E-2,-1.637118906E-1,9.773843922E-3
1.895679236E1,-1.588249579E-2,-1.624901593E-1,1.038470957E-2
1.895886128E1,-1.404990070E-2,-1.661553532E-1,9.773843922E-3
1.896089632E1,-1.282817032E-2,-1.649336219E-1,8.552113548E-3
1.896296651E1,-1.343903504E-2,-1.685988009E-1,9.162978269E-3
1.896500063E1,-1.099557430E-2,-1.685988009E-1,6.719517522E-3
1.896706986E1,-9.162978269E-3,-1.698205322E-1,7.941247895E-3
1.896915240E1,-8.552113548E-3,-1.722639948E-1,9.773843922E-3
1.897111070E1,-9.773843922E-3,-1.716531366E-1,8.552113548E-3
1.897323440E1,-9.773843922E-3,-1.716531366E-1,8.552113548E-3
1.897513994E1,-9.773843922E-3,-1.728748679E-1,9.162978269E-3
1.897713971E1,-7.941247895E-3,-1.728748679E-1,5.497787148E-3
1.897920886E1,-7.330383174E-3,-1.740965992E-1,7.330383174E-3
1.898124397E1,-6.108652335E-3,-1.734857261E-1,4.276056774E-3
1.898324428E1,-4.276056774E-3,-1.753183305E-1,3.054326167E-3
1.898524428E1,-5.497787148E-3,-1.710422635E-1,6.108652335E-3
1.898731286E1,-4.886921961E-3,-1.753183305E-1,3.665191587E-3
1.898939559E1,-4.886921961E-3,-1.740965992E-1,3.054326167E-3
1.899140109E1,-4.276056774E-3,-1.765400618E-1,3.665191587E-3
1.899348113E1,-2.443460980E-3,-1.765400618E-1,-6.108652451E-4
1.899538709E1,-5.497787148E-3,-1.777617931E-1,0.000000000E0
1.899738736E1,-6.108652335E-3,-1.795943826E-1,0.000000000E0
1.899945597E1,-7.941247895E-3,-1.820378453E-1,1.832595794E-3
1.900149117E1,-7.330383174E-3,-1.832595766E-1,-3.665191587E-3
1.900356047E1,-9.162978269E-3,-1.881465018E-1,-4.276056774E-3
1.900559536E1,-1.282817032E-2,-1.887573600E-1,-1.832595794E-3
1.900766513E1,-1.466076635E-2,-1.942551434E-1,-2.443460980E-3
1.900974694E1,-1.588249579E-2,-1.985312104E-1,-7.941247895E-3
1.901170497E1,-1.710422710E-2,-1.997529417E-1,-4.886921961E-3
1.901370636E1,-1.771509275E-2,-2.058615834E-1,-7.941247895E-3
1.901577644E1,-1.832595654E-2,-2.113593817E-1,-7.330383174E-3
1.901781174E1,-2.015855350E-2,-2.150245607E-1,-7.330383174E-3
1.901988190E1,-2.565634064E-2,-2.223549485E-1,-6.108652335E-3
1.902191705E1,-2.626720630E-2,-2.302961946E-1,-7.941247895E-3
1.902394297E1,-2.687807009E-2,-2.345722616E-1,-7.941247895E-3
1.902594305E1,-2.932153270E-2,-2.419026345E-1,-7.941247895E-3
1.902801255E1,-3.115412779E-2,-2.480112910E-1,-8.552113548E-3
1.903009590E1,-3.115412779E-2,-2.498438805E-1,-9.162978269E-3
1.903210205E1,-3.176499158E-2,-2.602286041E-1,-8.552113548E-3
1.903406136E1,-3.604105115E-2,-2.675589919E-1,-6.108652335E-3
1.903613021E1,-3.481931984E-2,-2.687807083E-1,-6.719517522E-3
1.903816570E1,-3.420845419E-2,-2.767219543E-1,-1.038470957E-2
1.904023567E1,-3.848451003E-2,-2.834414840E-1,-6.719517522E-3
1.904227078E1,-3.604105115E-2,-2.828305960E-1,-7.941247895E-3
1.904434051E1,-3.604105115E-2,-2.901609838E-1,-7.941247895E-3
1.904637540E1,-3.909537569E-2,-2.962696552E-1,-5.497787148E-3
1.904844451E1,-3.970624134E-2,-3.005456924E-1,-4.886921961E-3
1.905052705E1,-3.848451003E-2,-3.017674387E-1,-6.719517522E-3
1.905248470E1,-3.848451003E-2,-3.048217595E-1,-9.162978269E-3
1.905461009E1,-4.031710699E-2,-3.084869385E-1,-3.665191587E-3
1.905651663E1,-3.848451003E-2,-3.097086847E-1,-7.330383174E-3
1.905851620E1,-4.092797264E-2,-3.127630055E-1,-1.832595794E-3
1.906058597E1,-3.848451003E-2,-3.139847219E-1,-6.108652335E-3
1.906262082E1,-3.787364438E-2,-3.182607889E-1,-5.497787148E-3
1.906469059E1,-3.665191308E-2,-3.200933933E-1,-5.497787148E-3
1.906672563E1,-3.543018550E-2,-3.219259977E-1,-8.552113548E-3
1.906879582E1,-3.543018550E-2,-3.219259977E-1,-1.099557430E-2
1.907087824E1,-3.359758854E-2,-3.262020350E-1,-6.108652335E-3
1.907288363E1,-3.481931984E-2,-3.292563558E-1,-7.941247895E-3
1.907502647E1,-3.298672289E-2,-3.298672438E-1,-1.099557430E-2
1.907686274E1,-3.420845419E-2,-3.323107064E-1,-1.282817032E-2
1.907886282E1,-3.176499158E-2,-3.353650272E-1,-1.404990070E-2
1.908093236E1,-3.298672289E-2,-3.371976018E-1,-1.343903504E-2
1.908296767E1,-3.237585723E-2,-3.396410644E-1,-1.343903504E-2
1.908503728E1,-3.176499158E-2,-3.451388776E-1,-1.466076635E-2
1.908707194E1,-2.993239649E-2,-3.469714522E-1,-1.404990070E-2
1.908914201E1,-3.115412779E-2,-3.506366611E-1,-1.710422710E-2
1.909122494E1,-2.993239649E-2,-3.536909819E-1,-1.954768784E-2
1.909318444E1,-2.871066704E-2,-3.573561609E-1,-2.260201424E-2
1.909518644E1,-3.176499158E-2,-3.622430861E-1,-2.076941915E-2
1.909725605E1,-3.176499158E-2,-3.701843321E-1,-2.382374369E-2
1.909929205E1,-3.298672289E-2,-3.677408695E-1,-2.504547499E-2
1.910136155E1,-3.787364438E-2,-3.775147200E-1,-2.504547499E-2
1.910339659E1,-3.848451003E-2,-3.824016452E-1,-2.687807009E-2
1.910546582E1,-3.909537569E-2,-3.897320330E-1,-3.298672289E-2
1.910750082E1,-4.276056588E-2,-3.927863538E-1,-3.176499158E-2
1.910957013E1,-4.398229718E-2,-4.007275999E-1,-3.298672289E-2
1.911165159E1,-4.459316283E-2,-4.068362415E-1,-3.909537569E-2
1.911365632E1,-4.948008433E-2,-4.111123085E-1,-3.726277873E-2
1.911561351E1,-4.886921868E-2,-4.221078753E-1,-4.092797264E-2
1.911768217E1,-5.375614017E-2,-4.282165468E-1,-4.276056588E-2
1.911971709E1,-5.375614017E-2,-4.343251884E-1,-4.581489414E-2
1.912178644E1,-5.803219974E-2,-4.440990388E-1,-4.825835302E-2
1.912382109E1,-6.169738993E-2,-4.557054639E-1,-5.314527452E-2
1.912588940E1,-6.108652428E-2,-4.581489265E-1,-5.436700583E-2
1.912792413E1,-6.536258012E-2,-4.679227769E-1,-5.681046844E-2
1.912999244E1,-6.536258012E-2,-4.776966274E-1,-6.414084882E-2
1.913207432E1,-7.147123665E-2,-4.825835526E-1,-6.047565863E-2
1.913403270E1,-7.269296050E-2,-4.929682612E-1,-6.963863969E-2
1.913615720E1,-7.391469181E-2,-5.009095073E-1,-7.452555746E-2
1.913806255E1,-7.513642311E-2,-5.039638281E-1,-7.574728876E-2
1.914006120E1,-7.574728876E-2,-5.137376785E-1,-8.063421398E-2
1.914213128E1,-7.880161703E-2,-5.222898126E-1,-8.796459436E-2
1.914416624E1,-8.185594529E-2,-5.247332454E-1,-8.796459436E-2
1.914623547E1,-8.124507964E-2,-5.332853794E-1,-9.040805697E-2
1.914827028E1,-8.185594529E-2,-5.436700583E-1,-9.896016866E-2
1.915033901E1,-8.368854225E-2,-5.479460955E-1,-9.957103431E-2
1.915242047E1,-8.491026610E-2,-5.510004759E-1,-1.056796908E-1
1.915442494E1,-8.674286306E-2,-5.571091175E-1,-1.105666086E-1
1.915650490E1,-8.735372871E-2,-5.644394755E-1,-1.160643995E-1
1.915840940E1,-8.979719132E-2,-5.674937963E-1,-1.160643995E-1
1.916040905E1,-8.979719132E-2,-5.754350424E-1,-1.233947799E-1
1.916247805E1,-9.346238524E-2,-5.803219676E-1,-1.233947799E-1
1.916451244E1,-9.285151958E-2,-5.839871764E-1,-1.276708394E-1
1.916658251E1,-9.468411654E-2,-5.900958180E-1,-1.325577646E-1
1.916861674E1,-9.590584040E-2,-5.962044597E-1,-1.313360333E-1
1.917068647E1,-9.590584040E-2,-5.992587805E-1,-1.343903542E-1
1.917276844E1,-9.957103431E-2,-6.072000265E-1,-1.356120855E-1
1.917472697E1,-1.014036313E-1,-6.139195561E-1,-1.362229437E-1
1.917672755E1,-1.007927656E-1,-6.169738770E-1,-1.411098689E-1
1.917879682E1,-1.007927656E-1,-6.230825782E-1,-1.404990107E-1
1.918083128E1,-1.044579595E-1,-6.298020482E-1,-1.404990107E-1
1.918290090E1,-1.032362282E-1,-6.316346526E-1,-1.417207420E-1
1.918493659E1,-1.062905490E-1,-6.407976151E-1,-1.398881376E-1
1.918700505E1,-1.032362282E-1,-6.481280327E-1,-1.374446750E-1
1.918903990E1,-1.044579595E-1,-6.517932415E-1,-1.380555481E-1
1.919110870E1,-1.026253626E-1,-6.585127115E-1,-1.337794960E-1
1.919319144E1,-1.007927656E-1,-6.664539576E-1,-1.331686229E-1
1.919519759E1,-1.014036313E-1,-6.731734872E-1,-1.331686229E-1
1.919715374E1,-1.014036313E-1,-6.786713004E-1,-1.319468915E-1
1.919922340E1,-9.957103431E-2,-6.841690540E-1,-1.282816976E-1
1.920125720E1,-9.957103431E-2,-6.908885837E-1,-1.270599663E-1
1.920332586E1,-9.651670605E-2,-6.927211881E-1,-1.276708394E-1
1.920536074E1,-9.529497474E-2,-7.006624341E-1,-1.203404516E-1
1.920742986E1,-9.407325089E-2,-7.055493593E-1,-1.215621829E-1
1.920946513E1,-9.285151958E-2,-7.104362845E-1,-1.209513173E-1
1.921153328E1,-8.979719132E-2,-7.147123218E-1,-1.178969890E-1
1.921361490E1,-8.857546002E-2,-7.214318514E-1,-1.166752651E-1
1.921557278E1,-8.796459436E-2,-7.220427394E-1,-1.148426682E-1
1.921769636E1,-8.613199741E-2,-7.263187766E-1,-1.148426682E-1
1.921960201E1,-8.124507964E-2,-7.287622094E-1,-1.123992056E-1
1.922160186E1,-7.880161703E-2,-7.342600226E-1,-1.099557430E-1
1.922367178E1,-7.574728876E-2,-7.360926270E-1,-1.117883399E-1
1.922570705E1,-7.574728876E-2,-7.409795523E-1,-1.099557430E-1
1.922777628E1,-7.208210230E-2,-7.403686643E-1,-1.081231460E-1
1.922981174E1,-6.963863969E-2,-7.446447611E-1,-1.075122803E-1
1.923188128E1,-6.658431143E-2,-7.452555895E-1,-1.105666086E-1
1.923396378E1,-6.780604273E-2,-7.476990819E-1,-1.069014147E-1
1.923596878E1,-6.780604273E-2,-7.495316267E-1,-1.044579595E-1
1.923811244E1,-6.108652428E-2,-7.507534027E-1,-1.044579595E-1
1.923994863E1,-6.047565863E-2,-7.525860071E-1,-1.020144969E-1
1.924194855E1,-5.925392732E-2,-7.531968355E-1,-9.957103431E-2
1.924401863E1,-5.803219974E-2,-7.568620443E-1,-1.032362282E-1
1.924605436E1,-5.742133409E-2,-7.599163651E-1,-9.773843735E-2
1.924812309E1,-5.436700583E-2,-7.617489696E-1,-9.896016866E-2
1.925015855E1,-5.436700583E-2,-7.635815740E-1,-9.712757170E-2
1.925222866E1,-5.253441259E-2,-7.678576112E-1,-9.407325089E-2
1.925431097E1,-5.070181563E-2,-7.709119320E-1,-9.468411654E-2
1.925626928E1,-5.131268129E-2,-7.794640660E-1,-9.285151958E-2
1.925827078E1,-4.764748737E-2,-7.837401032E-1,-9.040805697E-2
1.926033955E1,-4.703662544E-2,-7.892379165E-1,-9.040805697E-2
1.926237478E1,-4.642575979E-2,-7.996225953E-1,-9.101892263E-2
1.926444444E1,-4.520402849E-2,-8.057312369E-1,-8.918632567E-2
1.926647986E1,-4.459316283E-2,-8.124507666E-1,-9.040805697E-2
1.926850563E1,-4.398229718E-2,-8.222246170E-1,-9.101892263E-2
1.927050628E1,-4.214970022E-2,-8.313875794E-1,-9.224065393E-2
1.927257620E1,-3.909537569E-2,-8.356636763E-1,-9.162978828E-2
1.927465813E1,-3.848451003E-2,-8.491026759E-1,-9.468411654E-2
1.927666294E1,-3.604105115E-2,-8.588765264E-1,-9.712757170E-2
1.927862355E1,-3.543018550E-2,-8.674286604E-1,-9.773843735E-2
1.928069213E1,-3.359758854E-2,-8.814785480E-1,-9.957103431E-2
1.928272690E1,-3.115412779E-2,-8.949176073E-1,-9.957103431E-2
1.928479555E1,-2.932153270E-2,-9.028588533E-1,-1.020144969E-1
1.928683078E1,-2.871066704E-2,-9.175195694E-1,-1.050688252E-1
1.928889974E1,-2.443460934E-2,-9.309586287E-1,-1.075122803E-1
1.929093474E1,-2.565634064E-2,-9.413433671E-1,-1.105666086E-1
1.929300355E1,-2.076941915E-2,-9.566149712E-1,-1.136209369E-1
1.929508536E1,-1.954768784E-2,-9.731083512E-1,-1.123992056E-1
1.929704359E1,-1.771509275E-2,-9.834930301E-1,-1.148426682E-1
1.929916790E1,-1.221730467E-2,-1.000597239E0,-1.203404516E-1
1.930107370E1,-1.099557430E-2,-1.022588372E0,-1.185078546E-1
1.930307401E1,-6.108652335E-3,-1.032362223E0,-1.209513173E-1
1.930514347E1,-7.330383174E-3,-1.052520871E0,-1.233947799E-1
1.930717801E1,0.000000000E0,-1.071457624E0,-1.276708394E-1
1.930924682E1,4.886921961E-3,-1.094059706E0,-1.288925707E-1
1.931128132E1,7.941247895E-3,-1.106276989E0,-1.295034289E-1
1.931335036E1,1.099557430E-2,-1.126435518E0,-1.319468915E-1
1.931543270E1,1.282817032E-2,-1.149648428E0,-1.288925707E-1
1.931743763E1,1.649336144E-2,-1.160643935E0,-1.307251602E-1
1.931951847E1,2.015855350E-2,-1.186300278E0,-1.288925707E-1
1.932142436E1,2.382374369E-2,-1.209513187E0,-1.282816976E-1
1.932342378E1,2.748893574E-2,-1.219897866E0,-1.319468915E-1
1.932549251E1,3.054326214E-2,-1.240667343E0,-1.319468915E-1
1.932752682E1,3.543018550E-2,-1.266934514E0,-1.282816976E-1
1.932959620E1,3.665191308E-2,-1.276708364E0,-1.307251602E-1
1.933163086E1,4.153883830E-2,-1.298699498E0,-1.313360333E-1
1.933371486E1,4.459316283E-2,-1.323134065E0,-1.301143020E-1
1.933578186E1,4.337143153E-2,-1.332907915E0,-1.313360333E-1
1.933773897E1,4.703662544E-2,-1.351844788E0,-1.337794960E-1
1.933974005E1,4.581489414E-2,-1.373835921E0,-1.319468915E-1
1.934180913E1,4.764748737E-2,-1.380555511E0,-1.368338168E-1
1.934384440E1,4.276056588E-2,-1.396438003E0,-1.368338168E-1
1.934591332E1,4.276056588E-2,-1.413542151E0,-1.368338168E-1
1.934794747E1,3.970624134E-2,-1.422705173E0,-1.404990107E-1
1.935001724E1,3.848451003E-2,-1.439198494E0,-1.466076523E-1
1.935205117E1,3.420845419E-2,-1.453859329E0,-1.453859210E-1
1.935412066E1,2.871066704E-2,-1.467298269E0,-1.490511149E-1
1.935620266E1,2.443460934E-2,-1.473407030E0,-1.508837193E-1
1.935820824E1,2.138028294E-2,-1.487456918E0,-1.490511149E-1
1.936016493E1,2.138028294E-2,-1.493565559E0,-1.539380401E-1
1.936223447E1,1.221730467E-2,-1.508226275E0,-1.576032341E-1
1.936426978E1,4.886921961E-3,-1.524719596E0,-1.569923609E-1
1.936633947E1,-2.443460980E-3,-1.536936998E0,-1.643227488E-1
1.936837497E1,-7.330383174E-3,-1.544267297E0,-1.624901593E-1
1.937044466E1,-1.343903504E-2,-1.559538960E0,-1.643227488E-1
1.937247936E1,-2.260201424E-2,-1.572978020E0,-1.667662114E-1
1.937454990E1,-2.626720630E-2,-1.580308437E0,-1.667662114E-1
1.937663228E1,-3.298672289E-2,-1.594358325E0,-1.698205322E-1
1.937859005E1,-4.031710699E-2,-1.610240817E0,-1.685988009E-1
1.938071424E1,-4.276056588E-2,-1.616349459E0,-1.679879427E-1
1.938262040E1,-4.886921868E-2,-1.627955914E0,-1.722639948E-1
1.938461974E1,-5.681046844E-2,-1.645671010E0,-1.722639948E-1
1.938668901E1,-5.925392732E-2,-1.653001308E0,-1.704314053E-1
1.938872332E1,-6.475171447E-2,-1.670716405E0,-1.673770845E-1
1.939079270E1,-6.841690838E-2,-1.687209845E0,-1.685988009E-1
1.939282751E1,-7.269296050E-2,-1.695151091E0,-1.655444801E-1
1.939489743E1,-7.757988572E-2,-1.713477015E0,-1.606575549E-1
1.939697966E1,-8.063421398E-2,-1.733024716E0,-1.624901593E-1
1.939898501E1,-8.002334833E-2,-1.744020224E0,-1.643227488E-1
1.940112770E1,-8.491026610E-2,-1.766622305E0,-1.582140923E-1
1.940296355E1,-8.918632567E-2,-1.786170006E0,-1.576032341E-1
1.940496417E1,-8.857546002E-2,-1.800219893E0,-1.533271819E-1
1.940703386E1,-9.040805697E-2,-1.820378423E0,-1.521054506E-1
1.940906917E1,-9.529497474E-2,-1.841758728E0,-1.508837193E-1
1.941113855E1,-9.468411654E-2,-1.853365183E0,-1.484402567E-1
1.941317382E1,-9.834930301E-2,-1.877799749E0,-1.447750628E-1
1.941524278E1,-1.020144969E-1,-1.900401831E0,-1.429424733E-1
1.941732474E1,-1.026253626E-1,-1.927279830E0,-1.423316002E-1
1.941928209E1,-1.032362282E-1,-1.941940665E0,-1.392772794E-1
1.942128259E1,-1.032362282E-1,-1.969429493E0,-1.380555481E-1
1.942335243E1,-1.062905490E-1,-1.998751044E0,-1.343903542E-1
1.942538701E1,-1.062905490E-1,-2.014633656E0,-1.350012124E-1
1.942745716E1,-1.075122803E-1,-2.043955088E0,-1.343903542E-1
1.942949132E1,-1.075122803E-1,-2.076941729E0,-1.319468915E-1
1.943156043E1,-1.123992056E-1,-2.090380907E0,-1.276708394E-1
1.943359493E1,-1.148426682E-1,-2.125200272E0,-1.295034289E-1
1.943566417E1,-1.197295859E-1,-2.157576084E0,-1.258382350E-1
1.943774566E1,-1.178969890E-1,-2.173458576E0,-1.276708394E-1
1.943975032E1,-1.233947799E-1,-2.205223560E0,-1.295034289E-1
1.944170709E1,-1.270599663E-1,-2.238210201E0,-1.264491081E-1
1.944377601E1,-1.270599663E-1,-2.259590626E0,-1.288925707E-1
1.944581070E1,-1.331686229E-1,-2.295631647E0,-1.325577646E-1
1.944788016E1,-1.392772794E-1,-2.332283497E0,-1.313360333E-1
1.944991501E1,-1.423316002E-1,-2.350609541E0,-1.313360333E-1
1.945198413E1,-1.502728462E-1,-2.392759085E0,-1.374446750E-1
1.945401832E1,-1.606575549E-1,-2.428800106E0,-1.350012124E-1
1.945608728E1,-1.679879427E-1,-2.469117403E0,-1.386664063E-1
1.945816943E1,-1.728748679E-1,-2.488665104E0,-1.429424733E-1
1.946012732E1,-1.826487035E-1,-2.530814648E0,-1.404990107E-1
1.946225247E1,-1.924225539E-1,-2.568077564E0,-1.453859210E-1
1.946415851E1,-1.979203373E-1,-2.590068579E0,-1.459967941E-1
1.946615901E1,-2.058615834E-1,-2.623666286E0,-1.411098689E-1
1.946822947E1,-2.162462920E-1,-2.659707308E0,-1.478293836E-1
1.947026420E1,-2.217440903E-1,-2.679865837E0,-1.466076523E-1
1.947233374E1,-2.333505303E-1,-2.712852478E0,-1.441642046E-1
1.947436890E1,-2.449569702E-1,-2.744617462E0,-1.484402567E-1
1.947643851E1,-2.504547536E-1,-2.759889126E0,-1.472185254E-1
1.947852113E1,-2.565633953E-1,-2.789210796E0,-1.466076523E-1
1.948052728E1,-2.706133127E-1,-2.816699743E0,-1.472185254E-1
1.948260755E1,-2.748893499E-1,-2.830749512E0,-1.484402567E-1
1.948451409E1,-2.834414840E-1,-2.853351593E0,-1.453859210E-1
1.948651390E1,-2.938261926E-1,-2.875953674E0,-1.472185254E-1
1.948858343E1,-2.968805134E-1,-2.886949062E0,-1.490511149E-1
1.949061909E1,-3.066543639E-1,-2.909551144E0,-1.478293836E-1
1.949268897E1,-3.176499307E-1,-2.935207605E0,-1.496619880E-1
1.949472447E1,-3.231477141E-1,-2.944981337E0,-1.466076523E-1
1.949679436E1,-3.286454976E-1,-2.962696552E0,-1.441642046E-1
1.949887778E1,-3.426954150E-1,-2.982855082E0,-1.411098689E-1
1.950083713E1,-3.469714522E-1,-2.990185261E0,-1.423316002E-1
1.950283901E1,-3.591887653E-1,-3.010344028E0,-1.392772794E-1
1.950490886E1,-3.695734739E-1,-3.028669834E0,-1.374446750E-1
1.950694440E1,-3.756821156E-1,-3.034778595E0,-1.368338168E-1
1.950901505E1,-3.885102868E-1,-3.047606707E0,-1.288925707E-1
1.951105097E1,-3.988949955E-1,-3.061656713E0,-1.270599663E-1
1.951307816E1,-4.105014503E-1,-3.075706482E0,-1.142318025E-1
1.951507843E1,-4.184426963E-1,-3.083036900E0,-1.069014147E-1
1.951714805E1,-4.318817258E-1,-3.097697735E0,-1.032362282E-1
1.951923136E1,-4.477642179E-1,-3.116634369E0,-9.224065393E-2
1.952123720E1,-4.575380683E-1,-3.127629995E0,-8.796459436E-2
1.952319651E1,-4.770857692E-1,-3.151453733E0,-7.452555746E-2
1.952526616E1,-4.978551865E-1,-3.185662270E0,-5.925392732E-2
1.952730174E1,-5.082398653E-1,-3.203377247E0,-5.375614017E-2
1.952937132E1,-5.271766782E-1,-3.236974955E0,-4.398229718E-2
1.953140640E1,-5.503895879E-1,-3.274848461E0,-2.626720630E-2
1.953347705E1,-5.613851547E-1,-3.293785334E0,-1.832595654E-2
1.953551178E1,-5.870414972E-1,-3.337767601E0,-6.719517522E-3
1.953758151E1,-6.072000265E-1,-3.384804249E0,8.552113548E-3
1.953966443E1,-6.206390858E-1,-3.411682367E0,2.138028294E-2
1.954161943E1,-6.499606371E-1,-3.464827776E0,3.420845419E-2
1.954374424E1,-6.737843752E-1,-3.519194603E0,5.253441259E-2
1.954565055E1,-6.884451509E-1,-3.550959587E0,6.230825558E-2
1.954765040E1,-7.214318514E-1,-3.613878727E0,7.941248268E-2
1.954971913E1,-7.593054771E-1,-3.676797867E0,1.032362282E-1
1.955175390E1,-7.770205736E-1,-3.710395575E0,1.117883399E-1
1.955382293E1,-8.136724830E-1,-3.773314714E0,1.325577646E-1
1.955585743E1,-8.527678847E-1,-3.841120720E0,1.545489132E-1
1.955792643E1,-8.668177724E-1,-3.871663809E0,1.655444801E-1
1.956000855E1,-9.028588533E-1,-3.938248158E0,1.863138974E-1
1.956204059E1,-9.334021211E-1,-4.006665230E0,2.083050460E-1
1.956418343E1,-9.572258592E-1,-4.070806026E0,2.254092693E-1
1.956601932E1,-9.718865752E-1,-4.104403496E0,2.357939780E-1
1.956801943E1,-9.981538057E-1,-4.167933464E0,2.565633953E-1
1.957008863E1,-1.021977544E0,-4.227798462E0,2.736676335E-1
1.957212305E1,-1.036027431E0,-4.252233028E0,2.822197378E-1
1.957419247E1,-1.060462117E0,-4.302323818E0,2.938261926E-1
1.957622751E1,-1.081231475E0,-4.341419220E0,3.036000133E-1
1.957829659E1,-1.092227101E0,-4.361577988E0,3.072652221E-1
1.958037963E1,-1.111774802E0,-4.395175457E0,3.164281845E-1
1.958233224E1,-1.122159481E0,-4.426940441E0,3.237585723E-1
1.958433351E1,-1.121548533E0,-4.441601276E0,3.243694305E-1
1.958640278E1,-1.121548533E0,-4.463592529E0,3.292563558E-1
1.958843740E1,-1.108109593E0,-4.485583305E0,3.262020350E-1
1.959050774E1,-1.097113967E0,-4.492302895E0,3.225368559E-1
1.959254174E1,-1.070846796E0,-4.497800827E0,3.188716471E-1
1.959461005E1,-1.042747021E0,-4.486805439E0,3.054326177E-1
1.959664474E1,-1.029918790E0,-4.476420403E0,2.968805134E-1
1.959871390E1,-1.008538485E0,-4.439157963E0,2.864958048E-1
1.960079601E1,-9.871582389E-1,-4.377460480E0,2.700024247E-1
1.960282047E1,-9.773843884E-1,-4.348749638E0,2.596177161E-1
1.960477632E1,-9.541715384E-1,-4.277889252E0,2.504547536E-1
1.960684559E1,-9.242390990E-1,-4.194200993E0,2.247984111E-1
1.960888028E1,-9.101892114E-1,-4.148996830E0,2.150245607E-1
1.961095005E1,-8.778133392E-1,-4.070195198E0,1.973094791E-1
1.961298386E1,-8.350527883E-1,-3.987117529E0,1.698205322E-1
1.961505382E1,-7.886270285E-1,-3.902817965E0,1.429424733E-1
1.961708836E1,-7.593054771E-1,-3.864944458E0,1.288925707E-1
1.961915740E1,-7.067710757E-1,-3.777590752E0,1.026253626E-1
1.962123970E1,-6.554583907E-1,-3.682906628E0,8.002334833E-2
1.962322351E1,-6.322455406E-1,-3.634037256E0,6.597344577E-2
1.962534693E1,-5.839871764E-1,-3.537520647E0,4.214970022E-2
1.962725282E1,-5.393940210E-1,-3.444058180E0,1.588249579E-2
1.962925282E1,-5.198463202E-1,-3.393967390E0,1.099557430E-2
1.963132136E1,-4.795292318E-1,-3.297450542E0,-1.160643995E-2
1.963335590E1,-4.373795092E-1,-3.212540388E0,-3.420845419E-2
1.963542478E1,-4.141666293E-1,-3.172223330E0,-4.948008433E-2
1.963746012E1,-3.677408695E-1,-3.086091280E0,-7.819075137E-2
1.963952866E1,-3.262020350E-1,-2.996904850E0,-9.896016866E-2
1.964161097E1,-3.072652221E-1,-2.951700926E0,-1.075122803E-1
1.964363640E1,-2.577851415E-1,-2.863125324E0,-1.380555481E-1
1.964571640E1,-2.205223590E-1,-2.769663095E0,-1.624901593E-1
1.964762212E1,-2.021963894E-1,-2.723237276E0,-1.716531366E-1
1.964962316E1,-1.661553532E-1,-2.631607533E0,-2.028072625E-1
1.965169274E1,-1.270599663E-1,-2.536923409E0,-2.309070677E-1
1.965372790E1,-1.099557430E-1,-2.492941141E0,-2.474004179E-1
1.965579632E1,-7.208210230E-2,-2.402533054E0,-2.834414840E-1
1.965783066E1,-3.970624134E-2,-2.301740170E0,-3.127630055E-1
1.965990047E1,-1.343903504E-2,-2.194838762E0,-3.463605940E-1
1.966198274E1,-4.886921961E-3,-2.142304420E0,-3.616322279E-1
1.966396440E1,1.893682219E-2,-2.036624670E0,-3.854559660E-1
1.966596620E1,3.970624134E-2,-1.928501606E0,-4.202753007E-1
1.966803574E1,4.886921868E-2,-1.872912884E0,-4.361577928E-1
1.967007078E1,6.658431143E-2,-1.760513663E0,-4.624249935E-1
1.967214036E1,7.452555746E-2,-1.648725271E0,-4.844161272E-1
1.967417497E1,8.063421398E-2,-1.589471340E0,-4.972442985E-1
1.967624582E1,8.857546002E-2,-1.468520045E0,-5.094616413E-1
1.967828024E1,9.590584040E-2,-1.355509996E0,-5.167919993E-1
1.968034959E1,9.896016866E-2,-1.297477722E0,-5.229006410E-1
1.968243259E1,1.075122803E-1,-1.182635069E0,-5.290092826E-1
1.968445774E1,1.178969890E-1,-1.070235968E0,-5.314527750E-1
1.968641509E1,1.197295859E-1,-1.013425469E0,-5.290092826E-1
1.968848389E1,1.313360333E-1,-9.016370773E-1,-5.210680366E-1
1.969051893E1,1.423316002E-1,-7.929030657E-1,-5.167919993E-1
1.969258847E1,1.447750628E-1,-7.397578359E-1,-5.180137157E-1
1.969462393E1,1.582140923E-1,-6.310238242E-1,-5.131267905E-1
1.969669339E1,1.716531366E-1,-5.253441334E-1,-5.119050741E-1
1.969872839E1,1.814269722E-1,-4.166100919E-1,-5.033529401E-1
1.970079751E1,1.869247705E-1,-3.689626157E-1,-4.954117239E-1
1.970287974E1,1.954768747E-1,-2.687807083E-1,-4.923573732E-1
1.970486416E1,2.101376504E-1,-1.624901593E-1,-4.874704778E-1
1.970698724E1,2.156354338E-1,-1.069014147E-1,-4.905247986E-1
1.970889305E1,2.272418737E-1,-1.221730490E-3,-4.905247986E-1
1.971089262E1,2.388483137E-1,1.130100712E-1,-4.929682612E-1
1.971296220E1,2.486221492E-1,1.655444801E-1,-4.966334403E-1
1.971499655E1,2.651155293E-1,2.742784917E-1,-5.015203953E-1
1.971706609E1,2.871066630E-1,3.811798990E-1,-5.015203953E-1
1.971910082E1,3.011565804E-1,4.349360466E-1,-4.984660447E-1
1.972117066E1,3.243694305E-1,5.406157374E-1,-5.015203953E-1
1.972325328E1,3.573561609E-1,6.493497491E-1,-5.149593949E-1
1.972527759E1,3.695734739E-1,7.073819637E-1,-5.186246037E-1
1.972742066E1,3.988949955E-1,8.130616546E-1,-5.259549618E-1
1.972925582E1,4.343251884E-1,9.162978530E-1,-5.296201706E-1
1.973125609E1,4.489859641E-1,9.669997096E-1,-5.332853794E-1
1.973332497E1,4.856378734E-1,1.069014192E0,-5.351179838E-1
1.973536036E1,5.198463202E-1,1.171028733E0,-5.497786999E-1
1.973743074E1,5.345070958E-1,1.224173903E0,-5.558874011E-1
1.973946455E1,5.711590052E-1,1.310305953E0,-5.595525503E-1
1.974154886E1,6.084218025E-1,1.398270488E0,-5.736024380E-1
1.974361620E1,6.469063163E-1,1.483180761E0,-5.858197808E-1
1.974560051E1,6.652322412E-1,1.523497939E0,-5.968153477E-1
1.974760243E1,7.012733221E-1,1.602299571E0,-6.151412725E-1
1.974967078E1,7.470881939E-1,1.683544636E0,-6.352998614E-1
1.975170574E1,7.690793276E-1,1.723861694E0,-6.377432942E-1
1.975377362E1,8.161159754E-1,1.788613439E0,-6.511823535E-1
1.975580805E1,8.680394888E-1,1.853365183E0,-6.743952036E-1
1.975783274E1,8.900306821E-1,1.886351824E0,-6.823364496E-1
1.975983182E1,9.450085163E-1,1.944384098E0,-7.073819637E-1
1.976190109E1,9.969320893E-1,2.001805305E0,-7.287622094E-1
1.976398255E1,1.029307961E0,2.027461767E0,-7.397578359E-1
1.976600728E1,1.084285855E0,2.076941729E0,-7.538077235E-1
1.976796570E1,1.144150615E0,2.122756720E0,-7.672467232E-1
1.977003505E1,1.171639562E0,2.139250040E0,-7.739662528E-1
1.977207070E1,1.232115149E0,2.173458576E0,-7.929030657E-1
1.977413986E1,1.291980028E0,2.210721254E0,-8.142833710E-1
1.977617478E1,1.323745012E0,2.228436470E0,-8.142833710E-1
1.977824432E1,1.384831548E0,2.255314589E0,-8.197811842E-1
1.978027886E1,1.447750688E0,2.286468506E0,-8.265006542E-1
1.978234847E1,1.477683067E0,2.296853304E0,-8.277224302E-1
1.978443070E1,1.534493446E0,2.324953079E0,-8.429940343E-1
1.978641282E1,1.590082288E0,2.350609541E0,-8.460483551E-1
1.978853912E1,1.644449234E0,2.370768070E0,-8.442157507E-1
1.979044528E1,1.670105577E0,2.382985353E0,-8.399397135E-1
1.979244512E1,1.722029090E0,2.406198263E0,-8.344419003E-1
1.979451470E1,1.740965962E0,2.415361166E0,-8.326093554E-1
1.979654882E1,1.779450417E0,2.429411173E0,-8.283332586E-1
1.979861897E1,1.821600199E0,2.447126150E0,-8.240572214E-1
1.980065324E1,1.853976011E0,2.464841366E0,-8.173376918E-1
1.980272274E1,1.873523712E0,2.472782612E0,-8.167268038E-1
1.980480501E1,1.901012659E0,2.491108418E0,-8.112290502E-1
1.980683082E1,1.929112434E0,2.506990910E0,-8.057312369E-1
1.980891016E1,1.940718889E0,2.516154051E0,-8.038986921E-1
1.981081589E1,1.959044814E0,2.529592991E0,-7.941248417E-1
1.981281489E1,1.974927306E0,2.537534237E0,-7.757988572E-1
1.981488401E1,1.983479500E0,2.546086311E0,-7.678576112E-1
1.981691855E1,1.996307611E0,2.555860281E0,-7.599163651E-1
1.981898793E1,2.001194477E0,2.557692766E0,-7.397578359E-1
1.982102309E1,2.003027201E0,2.559525490E0,-7.330383062E-1
1.982309220E1,1.999972820E0,2.555249214E0,-7.189884186E-1
1.982517459E1,1.992031574E0,2.548529863E0,-7.018841505E-1
1.982715670E1,1.985312104E0,2.544253826E0,-6.982190013E-1
1.982915697E1,1.970040441E0,2.532036543E0,-6.805039048E-1
1.983122697E1,1.948660135E0,2.517986536E0,-6.560692787E-1
1.983326255E1,1.937664509E0,2.510045290E0,-6.487388611E-1
1.983533116E1,1.905288696E0,2.487443209E0,-6.249151230E-1
1.983736601E1,1.871080279E0,2.462397814E0,-6.029239893E-1
1.983943516E1,1.853365183E0,2.445904493E0,-5.937610269E-1
1.984147012E1,1.814269781E0,2.412306786E0,-5.729916096E-1
1.984353912E1,1.769065738E0,2.373822451E0,-5.436700583E-1
1.984562174E1,1.722029090E0,2.324342251E0,-5.241223574E-1
1.984762055E1,1.700037956E0,2.299296856E0,-5.112941861E-1
1.984957670E1,1.644449234E0,2.242486238E0,-4.825835526E-1
1.985164586E1,1.591303945E0,2.184454203E0,-4.599815309E-1
1.985368028E1,1.560149789E0,2.158186913E0,-4.489859641E-1
1.985575036E1,1.502728462E0,2.098932981E0,-4.245513380E-1
1.985778566E1,1.443474531E0,2.037235498E0,-4.037819207E-1
1.985985536E1,1.414153099E0,2.006692410E0,-3.927863538E-1
1.986189024E1,1.354288220E0,1.948049307E0,-3.720169365E-1
1.986395936E1,1.293201685E0,1.882686734E0,-3.536909819E-1
1.986604143E1,1.262047648E0,1.850310802E0,-3.469714522E-1
1.986799362E1,1.197906733E0,1.782504797E0,-3.310889602E-1
1.987011732E1,1.134376764E0,1.711644411E0,-3.194825351E-1
1.987202270E1,1.104444385E0,1.674992561E0,-3.127630055E-1
1.987402170E1,1.039692640E0,1.600466967E0,-3.005456924E-1
1.987609113E1,9.761626720E-1,1.530217409E0,-2.938261926E-1
1.987812597E1,9.443976879E-1,1.493565559E0,-2.852740586E-1
1.988019528E1,8.845328689E-1,1.422705173E0,-2.791654170E-1
1.988223036E1,8.289441466E-1,1.361007810E0,-2.761110961E-1
1.988429897E1,7.990117669E-1,1.330464482E0,-2.736676335E-1
1.988638109E1,7.452555895E-1,1.269988894E0,-2.669481039E-1
1.988840559E1,6.933320761E-1,1.214400053E0,-2.681698501E-1
1.989054909E1,6.444628239E-1,1.158811331E0,-2.632829249E-1
1.989238536E1,6.188064814E-1,1.134987593E0,-2.620611787E-1
1.989438543E1,5.778785348E-1,1.091005325E0,-2.657263875E-1
1.989645528E1,5.540547967E-1,1.071457624E0,-2.651155293E-1
1.989848951E1,5.137376785E-1,1.034805775E0,-2.638937831E-1
1.990055824E1,4.813618064E-1,1.006095052E0,-2.761110961E-1
1.990259243E1,4.465425014E-1,9.853256345E-1,-2.809980214E-1
1.990466216E1,4.337143302E-1,9.804387093E-1,-2.871066630E-1
1.990674424E1,4.062253833E-1,9.731083512E-1,-2.987131178E-1
1.990872678E1,3.872885704E-1,9.779952765E-1,-3.133738637E-1
1.991072855E1,3.726277947E-1,9.804387093E-1,-3.145956099E-1
1.991279751E1,3.610213697E-1,9.999864101E-1,-3.347541690E-1
1.991483197E1,3.445279896E-1,1.025031924E0,-3.488040566E-1
1.991690143E1,3.426954150E-1,1.040914416E0,-3.579670191E-1
1.991893605E1,3.371976018E-1,1.072068453E0,-3.775147200E-1
1.992100547E1,3.341432810E-1,1.107498646E0,-3.946189582E-1
1.992303997E1,3.378084898E-1,1.128878951E0,-4.031710625E-1
1.992511005E1,3.426954150E-1,1.171639562E0,-4.269948006E-1
1.992719274E1,3.530801237E-1,1.216843605E0,-4.447098970E-1
1.992921782E1,3.561344445E-1,1.237612963E0,-4.495968223E-1
1.993117536E1,3.714060783E-1,1.290147424E0,-4.697553813E-1
1.993324439E1,3.866777122E-1,1.345736146E0,-4.789183438E-1
1.993527962E1,3.940080702E-1,1.375057697E0,-4.838052690E-1
1.993734836E1,4.092797041E-1,1.436144233E0,-4.966334403E-1
1.993938309E1,4.269948006E-1,1.499063253E0,-5.002986193E-1
1.994145243E1,4.453207552E-1,1.568701982E0,-5.051855445E-1
1.994348628E1,4.538728893E-1,1.604132175E0,-5.088507533E-1
1.994555624E1,4.654793143E-1,1.670716405E0,-5.100724697E-1
1.994763897E1,4.850270152E-1,1.733024716E0,-5.100724697E-1
1.994959182E1,4.948008358E-1,1.766011477E0,-5.094616413E-1
1.995171639E1,5.149593949E-1,1.824043632E0,-5.076290369E-1
1.995362220E1,5.351179838E-1,1.881464958E0,-5.033529401E-1
1.995562174E1,5.424483418E-1,1.907121301E0,-5.027421117E-1
1.995769124E1,5.668829679E-1,1.954768777E0,-4.954117239E-1
1.995972612E1,5.870414972E-1,2.001805305E0,-4.917465150E-1
1.996179539E1,6.023131609E-1,2.024407387E0,-4.886921942E-1
1.996382966E1,6.255260110E-1,2.063502789E0,-4.807509482E-1
1.996589912E1,6.481280327E-1,2.098322153E0,-4.697553813E-1
1.996798124E1,6.603453159E-1,2.114204645E0,-4.667010605E-1
1.996997947E1,6.866125464E-1,2.142304420E0,-4.587597847E-1
1.997205966E1,7.128797174E-1,2.164295673E0,-4.502076805E-1
1.997396536E1,7.275404930E-1,2.172236919E0,-4.434881806E-1
1.997596447E1,7.519751191E-1,2.187508345E0,-4.386012554E-1
1.997803432E1,7.812966704E-1,2.194227934E0,-4.318817258E-1
1.998006905E1,7.935139537E-1,2.194838762E0,-4.282165468E-1
1.998213816E1,8.216137290E-1,2.196671486E0,-4.221078753E-1
1.998417282E1,8.497135639E-1,2.196060658E0,-4.135557711E-1
1.998624247E1,8.619308472E-1,2.194227934E0,-4.098905921E-1
1.998832455E1,8.894197941E-1,2.190562725E0,-4.074471295E-1
1.999027720E1,9.156870246E-1,2.189341068E0,-4.031710625E-1
1.999227836E1,9.260717034E-1,2.186897516E0,-4.001167417E-1
1.999434686E1,9.529497623E-1,2.183843136E0,-3.976732790E-1
1.999638097E1,9.731083512E-1,2.178345442E0,-3.891211748E-1
1.999845005E1,9.914342761E-1,2.176512957E0,-3.915646076E-1
2.000048355E1,1.001208186E0,2.175901890E0,-3.897320330E-1
2.000250909E1,1.014647126E0,2.171015024E0,-3.842342496E-1
2.000450778E1,1.030529618E0,2.167349815E0,-3.842342496E-1
2.000657655E1,1.034805775E0,2.165517330E0,-3.811798990E-1
2.000865812E1,1.044579625E0,2.155743361E0,-3.750712574E-1
2.001066236E1,1.052520871E0,2.149024010E0,-3.750712574E-1
2.001262012E1,1.056185961E0,2.145969629E0,-3.707951903E-1
2.001468924E1,1.061072946E0,2.142304420E0,-3.652974069E-1
2.001672409E1,1.067181587E0,2.140471935E0,-3.640756905E-1
2.001879332E1,1.066570759E0,2.138028383E0,-3.616322279E-1
2.002082770E1,1.065348983E0,2.136806726E0,-3.622430861E-1
2.002289686E1,1.067181587E0,2.134974003E0,-3.573561609E-1
2.002493047E1,1.065348983E0,2.134363174E0,-3.567453027E-1
2.002699959E1,1.065348983E0,2.134363174E0,-3.543018401E-1
2.002908136E1,1.064127207E0,2.132530689E0,-3.530801237E-1
2.003103905E1,1.063516378E0,2.130697966E0,-3.500257730E-1
2.003316224E1,1.061072946E0,2.128865480E0,-3.494149148E-1
2.003506793E1,1.056185961E0,2.128254414E0,-3.488040566E-1
2.003706824E1,1.058629513E0,2.130087137E0,-3.481931984E-1
2.003913689E1,1.054964304E0,2.134974003E0,-3.494149148E-1
2.004117136E1,1.048244715E0,2.141693592E0,-3.524692357E-1
2.004323982E1,1.043968678E0,2.146580458E0,-3.530801237E-1
2.004527462E1,1.038470864E0,2.153300047E0,-3.561344445E-1
2.004734401E1,1.032362223E0,2.156354427E0,-3.677408695E-1
2.004942593E1,1.027475357E0,2.151467323E0,-3.720169365E-1
2.005143001E1,1.025031924E0,2.144747972E0,-3.756821156E-1
2.005357239E1,1.020144939E0,2.138028383E0,-3.848451078E-1
2.005540828E1,1.014647126E0,2.133752346E0,-3.878994286E-1
2.005740751E1,1.014647126E0,2.123978376E0,-3.988949955E-1
2.005947655E1,1.006095052E0,2.112371922E0,-4.062253833E-1
2.006151101E1,1.001819015E0,2.102598190E0,-4.123340547E-1
2.006358036E1,9.963212013E-1,2.100154638E0,-4.166100919E-1
2.006561505E1,9.889908433E-1,2.094046116E0,-4.239404798E-1
2.006768470E1,9.828822017E-1,2.091602564E0,-4.294382632E-1
2.006976632E1,9.773843884E-1,2.092213392E0,-4.306600094E-1
2.007172443E1,9.706648588E-1,2.086715698E0,-4.324925840E-1
2.007372539E1,9.627236128E-1,2.084882975E0,-4.398229718E-1
2.007579447E1,9.590584636E-1,2.083661318E0,-4.404338300E-1
2.007782951E1,9.523389339E-1,2.079996109E0,-4.453207552E-1
2.007989912E1,9.419541955E-1,2.078163624E0,-4.447098970E-1
2.008193436E1,9.401215911E-1,2.077552795E0,-4.459316432E-1
2.008400412E1,9.321803451E-1,2.074498415E0,-4.465425014E-1
2.008603955E1,9.266825914E-1,2.075109243E0,-4.434881806E-1
2.008810909E1,9.260717034E-1,2.072665691E0,-4.477642179E-1
2.009019193E1,9.199630618E-1,2.076330900E0,-4.447098970E-1
2.009219774E1,9.138544202E-1,2.078163624E0,-4.404338300E-1
2.009415432E1,9.132435322E-1,2.081828833E0,-4.410447180E-1
2.009622358E1,9.077457786E-1,2.084882975E0,-4.386012554E-1
2.009825874E1,9.046914577E-1,2.090380907E0,-4.361577928E-1
2.010032789E1,8.973610401E-1,2.092824221E0,-4.306600094E-1
2.010236285E1,8.936958313E-1,2.095878601E0,-4.269948006E-1
2.010443224E1,8.900306821E-1,2.100765467E0,-4.251621962E-1
2.010646728E1,8.839219809E-1,2.104430676E0,-4.184426963E-1
2.010853658E1,8.796459436E-1,2.109317780E0,-4.166100919E-1
2.011061828E1,8.735373020E-1,2.109928608E0,-4.147774875E-1
2.011260101E1,8.668177724E-1,2.111761093E0,-4.129449129E-1
2.011472428E1,8.643743396E-1,2.116037130E0,-4.111123085E-1
2.011663032E1,8.539896011E-1,2.115426302E0,-4.080579877E-1
2.011862974E1,8.472700715E-1,2.116037130E0,-4.037819207E-1
2.012069920E1,8.417723179E-1,2.114204645E0,-4.013384581E-1
2.012273278E1,8.344419003E-1,2.113593817E0,-4.007275999E-1
2.012480182E1,8.258898258E-1,2.105041742E0,-3.915646076E-1
2.012683647E1,8.197811842E-1,2.103209019E0,-3.933972120E-1
2.012890524E1,8.106181622E-1,2.094046116E0,-3.921754956E-1
2.013098809E1,8.026769161E-1,2.083661318E0,-3.854559660E-1
2.013301274E1,7.990117669E-1,2.079996109E0,-3.842342496E-1
2.013509343E1,7.880161405E-1,2.066557169E0,-3.805690408E-1
2.013699897E1,7.788531780E-1,2.052507162E0,-3.781255782E-1
2.013899924E1,7.757988572E-1,2.041511536E0,-3.744603992E-1
2.014106912E1,7.623597980E-1,2.020131350E0,-3.714060783E-1
2.014310282E1,7.562511563E-1,1.994475007E0,-3.689626157E-1
2.014517170E1,7.525860071E-1,1.980425119E0,-3.659082949E-1
2.014720705E1,7.446447611E-1,1.951714516E0,-3.646865487E-1
2.014929139E1,7.391469479E-1,1.919949412E0,-3.591887653E-1
2.015135820E1,7.324274182E-1,1.883908391E0,-3.536909819E-1
2.015334189E1,7.312057018E-1,1.866804242E0,-3.567453027E-1
2.015534243E1,7.250970602E-1,1.826487064E0,-3.518583775E-1
2.015741108E1,7.202101350E-1,1.781283021E0,-3.500257730E-1
2.015944505E1,7.183775306E-1,1.762346268E0,-3.512475193E-1
2.016151420E1,7.104362845E-1,1.717753053E0,-3.445279896E-1
2.016354774E1,7.049384713E-1,1.677435994E0,-3.457497358E-1
2.016561674E1,7.018841505E-1,1.655444860E0,-3.439171314E-1
2.016765085E1,6.951646209E-1,1.620014668E0,-3.402519524E-1
2.016971978E1,6.860016584E-1,1.589471340E0,-3.359758854E-1
2.017180259E1,6.835582256E-1,1.573588848E0,-3.347541690E-1
2.017382666E1,6.786713004E-1,1.545489073E0,-3.329215646E-1
2.017578274E1,6.707300544E-1,1.521054506E0,-3.304781020E-1
2.017785232E1,6.676757336E-1,1.510669708E0,-3.310889602E-1
2.017988512E1,6.627888083E-1,1.496619821E0,-3.310889602E-1
2.018195424E1,6.566801667E-1,1.485624313E0,-3.268128932E-1
2.018398943E1,6.505714655E-1,1.480737329E0,-3.243694305E-1
2.018605847E1,6.450737119E-1,1.479515672E0,-3.255911767E-1
2.018809228E1,6.359107494E-1,1.479515672E0,-3.237585723E-1
2.019016151E1,6.267477274E-1,1.487456918E0,-3.262020350E-1
2.019224382E1,6.218608022E-1,1.495398164E0,-3.262020350E-1
2.019422551E1,6.102544069E-1,1.511891484E0,-3.231477141E-1
2.019635028E1,6.047565937E-1,1.535715222E0,-3.255911767E-1
2.019825551E1,5.980370641E-1,1.547932506E0,-3.219259977E-1
2.020025601E1,5.900958180E-1,1.578475833E0,-3.225368559E-1
2.020232620E1,5.809328556E-1,1.611462474E0,-3.207042515E-1
2.020436008E1,5.729916096E-1,1.627955914E0,-3.207042515E-1
2.020642982E1,5.644394755E-1,1.668883801E0,-3.164281845E-1
2.020846466E1,5.546656251E-1,1.715309620E0,-3.139847219E-1
2.021053401E1,5.491678715E-1,1.734857321E0,-3.121521473E-1
2.021261601E1,5.412266254E-1,1.783726573E0,-3.060434759E-1
2.021463943E1,5.296201706E-1,1.827708840E0,-3.048217595E-1
2.021678335E1,5.192354321E-1,1.874745488E0,-2.981022298E-1
2.021862085E1,5.112941861E-1,1.898569226E0,-2.919935882E-1
2.022062028E1,5.021312237E-1,1.945605755E0,-2.877175212E-1
2.022268958E1,4.893030524E-1,1.966986060E0,-2.852740586E-1
2.022472412E1,4.813618064E-1,2.014022827E0,-2.803871334E-1
2.022679339E1,4.673119187E-1,2.053729057E0,-2.730567753E-1
2.022882835E1,4.630358517E-1,2.072054863E0,-2.681698501E-1
2.023089782E1,4.538728893E-1,2.108095884E0,-2.596177161E-1
2.023297924E1,4.434881806E-1,2.136806726E0,-2.522873580E-1
2.023496374E1,4.447098970E-1,2.147802114E0,-2.480112910E-1
2.023696493E1,4.355469346E-1,2.167960644E0,-2.419026345E-1
2.023903432E1,4.306600094E-1,2.178956270E0,-2.327396572E-1
2.024106947E1,4.269948006E-1,2.185065031E0,-2.217440903E-1
2.024313862E1,4.257730842E-1,2.185675859E0,-2.193006277E-1
2.024517251E1,4.276056588E-1,2.181399822E0,-2.101376504E-1
2.024719632E1,4.239404798E-1,2.169793367E0,-2.021963894E-1
2.024919539E1,4.251621962E-1,2.162462950E0,-1.997529417E-1
2.025126585E1,4.251621962E-1,2.139860868E0,-1.942551434E-1
2.025334601E1,4.276056588E-1,2.113593817E0,-1.875356287E-1
2.025537305E1,4.276056588E-1,2.095267773E0,-1.838704348E-1
2.025733339E1,4.300491214E-1,2.050674677E0,-1.832595766E-1
2.025940239E1,4.337143302E-1,2.005470514E0,-1.740965992E-1
2.026143662E1,4.337143302E-1,1.977370739E0,-1.747074574E-1
2.026350474E1,4.337143302E-1,1.922392964E0,-1.716531366E-1
2.026553943E1,4.355469346E-1,1.863139033E0,-1.685988009E-1
2.026760874E1,4.349360466E-1,1.830763102E0,-1.643227488E-1
2.026964301E1,4.343251884E-1,1.767233133E0,-1.649336219E-1
2.027171185E1,4.324925840E-1,1.698205352E0,-1.606575549E-1
2.027379428E1,4.294382632E-1,1.664607763E0,-1.600466967E-1
2.027577847E1,4.288274050E-1,1.593747377E0,-1.624901593E-1
2.027790239E1,4.288274050E-1,1.517389297E0,-1.576032341E-1
2.027980774E1,4.257730842E-1,1.476461291E0,-1.582140923E-1
2.028180755E1,4.233296216E-1,1.390329242E0,-1.539380401E-1
2.028387678E1,4.202753007E-1,1.305419087E0,-1.527163088E-1
2.028591193E1,4.202753007E-1,1.260215044E0,-1.490511149E-1
2.028798116E1,4.184426963E-1,1.164309144E0,-1.453859210E-1
2.029001562E1,4.153883755E-1,1.065959811E0,-1.368338168E-1
2.029208551E1,4.129449129E-1,9.669997096E-1,-1.331686229E-1
2.029416789E1,4.135557711E-1,9.175195694E-1,-1.313360333E-1
2.029619301E1,4.153883755E-1,8.179485798E-1,-1.221730486E-1
2.029827382E1,4.141666293E-1,7.183775306E-1,-1.136209369E-1
2.030018008E1,4.147774875E-1,6.664539576E-1,-1.081231460E-1
2.030218005E1,4.147774875E-1,5.662720799E-1,-1.026253626E-1
2.030424878E1,4.166100919E-1,4.697553813E-1,-9.529497474E-2
2.030628335E1,4.159992337E-1,4.190535545E-1,-9.162978828E-2
2.030835212E1,4.202753007E-1,3.231477141E-1,-8.368854225E-2
2.031038655E1,4.196644127E-1,2.205223590E-1,-7.513642311E-2
2.031245558E1,4.239404798E-1,1.747074574E-1,-7.391469181E-2
2.031453739E1,4.276056588E-1,6.963863969E-2,-6.780604273E-2
2.031652162E1,4.306600094E-1,-3.359758854E-2,-6.291911751E-2
2.031852228E1,4.312708676E-1,-8.491026610E-2,-6.291911751E-2
2.032059155E1,4.355469346E-1,-1.802052408E-1,-6.169738993E-2
2.032262539E1,4.428772926E-1,-2.712241709E-1,-6.169738993E-2
2.032469408E1,4.434881806E-1,-3.084869385E-1,-6.597344577E-2
2.032672874E1,4.520402849E-1,-3.817907870E-1,-7.269296050E-2
2.032879674E1,4.654793143E-1,-4.410447180E-1,-7.819075137E-2
2.033083097E1,4.764748812E-1,-4.856378734E-1,-8.368854225E-2
2.033289935E1,4.831944108E-1,-5.039638281E-1,-9.896016866E-2
2.033498151E1,5.002986193E-1,-5.259549618E-1,-1.093448773E-1
2.033700616E1,5.192354321E-1,-5.320636034E-1,-1.227839142E-1
2.033896220E1,5.265658498E-1,-5.302310586E-1,-1.252273768E-1
2.034103124E1,5.473352671E-1,-5.119050741E-1,-1.356120855E-1
2.034306482E1,5.681046844E-1,-4.807509482E-1,-1.466076523E-1
2.034513335E1,5.772676468E-1,-4.605923891E-1,-1.533271819E-1
2.034716755E1,5.998696685E-1,-4.092797041E-1,-1.631010175E-1
2.034923628E1,6.230825782E-1,-3.494149148E-1,-1.679879427E-1
2.035127085E1,6.328563690E-1,-3.139847219E-1,-1.685988009E-1
2.035334047E1,6.572909951E-1,-2.431243658E-1,-1.728748679E-1
2.035542282E1,6.805039048E-1,-1.704314053E-1,-1.698205322E-1
2.035740485E1,6.927211881E-1,-1.319468915E-1,-1.716531366E-1
2.035952851E1,7.159340382E-1,-4.948008433E-2,-1.679879427E-1
2.036143551E1,7.336491346E-1,4.031710699E-2,-1.582140923E-1
2.036343558E1,7.428121567E-1,8.368854225E-2,-1.557706445E-1
2.036550451E1,7.611380816E-1,1.710422635E-1,-1.392772794E-1
2.036753970E1,7.751879692E-1,2.528982162E-1,-1.221730486E-1
2.036960885E1,7.825183868E-1,2.932153046E-1,-1.117883399E-1
2.037164343E1,7.965682745E-1,3.671300113E-1,-8.674286306E-2
2.037371208E1,8.063421249E-1,4.379903674E-1,-5.925392732E-2
2.037579470E1,8.112290502E-1,5.070181489E-1,-2.748893574E-2
2.037782008E1,8.148942590E-1,5.412266254E-1,-7.330383174E-3
2.037996258E1,8.173376918E-1,6.114761233E-1,3.115412779E-2
2.038179843E1,8.185594082E-1,6.841690540E-1,7.452555746E-2
2.038379843E1,8.185594082E-1,7.214318514E-1,9.957103431E-2
2.038586716E1,8.173376918E-1,8.045095205E-1,1.478293836E-1
2.038790212E1,8.130616546E-1,8.955284357E-1,1.954768747E-1
2.038997089E1,8.136724830E-1,9.443976879E-1,2.180788964E-1
2.039200512E1,8.093964458E-1,1.052520871E0,2.675589919E-1
2.039407420E1,8.075638413E-1,1.165530920E0,3.042109013E-1
2.039615643E1,8.057312369E-1,1.221730471E0,3.213151097E-1
2.039813751E1,8.008443117E-1,1.326799273E0,3.512475193E-1
2.040014151E1,7.965682745E-1,1.423316002E0,3.756821156E-1
2.040220978E1,7.977899909E-1,1.464854836E0,3.799581826E-1
2.040424451E1,7.904596329E-1,1.534493446E0,3.982841372E-1
2.040631362E1,7.880161405E-1,1.588249683E0,4.031710625E-1
2.040834839E1,7.849618196E-1,1.609019041E0,4.043927789E-1
2.041041835E1,7.825183868E-1,1.632842779E0,4.043927789E-1
2.041245220E1,7.776314616E-1,1.636507988E0,4.019493461E-1
2.041452174E1,7.751879692E-1,1.634675384E0,4.013384581E-1
2.041660366E1,7.709119320E-1,1.614516854E0,3.885102868E-1
2.041862955E1,7.660250068E-1,1.579086661E0,3.793473244E-1
2.042058689E1,7.641924024E-1,1.554041147E0,3.720169365E-1
2.042265532E1,7.593054771E-1,1.497841597E0,3.604104817E-1
2.042469039E1,7.556403279E-1,1.430035591E0,3.426954150E-1
2.042675889E1,7.495316267E-1,1.350012183E0,3.243694305E-1
2.042879343E1,7.525860071E-1,1.305419087E0,3.103195429E-1
2.043086266E1,7.495316267E-1,1.213789225E0,2.889392674E-1
2.043289674E1,7.483099103E-1,1.114829063E0,2.632829249E-1
2.043496570E1,7.495316267E-1,1.067181587E0,2.486221492E-1
2.043704816E1,7.531968355E-1,9.657779336E-1,2.241875380E-1
2.043903285E1,7.550294399E-1,8.686503768E-1,1.979203373E-1
2.044115574E1,7.580837607E-1,8.234463334E-1,1.808161139E-1
2.044306166E1,7.629706860E-1,7.312057018E-1,1.563815027E-1
2.044506089E1,7.690793276E-1,6.432411075E-1,1.319468915E-1
2.044712993E1,7.715228200E-1,6.029239893E-1,1.203404516E-1
2.044916520E1,7.770205736E-1,5.198463202E-1,9.651670605E-2
2.045123532E1,7.788531780E-1,4.404338300E-1,7.696902007E-2
2.045327093E1,7.800748944E-1,4.025602043E-1,7.024950534E-2
2.045533939E1,7.831292152E-1,3.255911767E-1,5.864306539E-2
2.045742155E1,7.831292152E-1,2.541199327E-1,4.948008433E-2
2.045944758E1,7.782423496E-1,1.912008226E-1,4.092797264E-2
2.046152801E1,7.825183868E-1,1.612684280E-1,3.726277873E-2
2.046343354E1,7.776314616E-1,1.056796908E-1,3.420845419E-2
2.046543351E1,7.770205736E-1,8.063421398E-2,3.115412779E-2
2.046750243E1,7.751879692E-1,3.359758854E-2,3.054326214E-2
2.046953712E1,7.696902156E-1,-7.330383174E-3,2.687807009E-2
2.047160662E1,7.648032904E-1,-4.337143153E-2,2.809980139E-2
2.047364089E1,7.654141784E-1,-6.047565863E-2,2.504547499E-2
2.047571004E1,7.580837607E-1,-8.735372871E-2,2.809980139E-2
2.047779235E1,7.501425147E-1,-1.148426682E-1,3.115412779E-2
2.047974501E1,7.458664775E-1,-1.240056455E-1,2.993239649E-2
2.048174589E1,7.354817390E-1,-1.423316002E-1,3.054326214E-2
2.048381489E1,7.281513810E-1,-1.588249654E-1,3.481931984E-2
2.048584897E1,7.257078886E-1,-1.612684280E-1,3.298672289E-2
2.048791755E1,7.153232098E-1,-1.710422635E-1,3.115412779E-2
2.048995304E1,7.043276429E-1,-1.734857261E-1,3.481931984E-2
2.049197797E1,6.988298297E-1,-1.734857261E-1,3.420845419E-2
2.049397747E1,6.884451509E-1,-1.728748679E-1,2.932153270E-2
2.049604735E1,6.786713004E-1,-1.698205322E-1,2.993239649E-2
2.049812924E1,6.701191664E-1,-1.673770845E-1,2.748893574E-2
2.050013312E1,6.597344875E-1,-1.667662114E-1,2.321287990E-2
2.050209181E1,6.487388611E-1,-1.612684280E-1,1.649336144E-2
2.050416047E1,6.450737119E-1,-1.618792862E-1,1.404990070E-2
2.050619554E1,6.304129362E-1,-1.576032341E-1,2.443460980E-3
2.050826447E1,6.206390858E-1,-1.551597714E-1,-7.330383174E-3
2.051029958E1,6.126978397E-1,-1.527163088E-1,-1.404990070E-2
2.051236835E1,5.986479521E-1,-1.545489132E-1,-2.565634064E-2
2.051440308E1,5.888741016E-1,-1.514945775E-1,-3.909537569E-2
2.051647297E1,5.760459304E-1,-1.533271819E-1,-5.619960278E-2
2.051855497E1,5.687155724E-1,-1.521054506E-1,-6.536258012E-2
2.052051139E1,5.546656251E-1,-1.551597714E-1,-7.696902007E-2
2.052263643E1,5.418374538E-1,-1.618792862E-1,-9.285151958E-2
2.052454374E1,5.375614166E-1,-1.637118906E-1,-1.026253626E-1
2.052654324E1,5.253441334E-1,-1.710422635E-1,-1.148426682E-1
2.052861224E1,5.125159621E-1,-1.777617931E-1,-1.288925707E-1
2.053064708E1,5.064072609E-1,-1.814269722E-1,-1.337794960E-1
2.053271624E1,4.929682612E-1,-1.918116808E-1,-1.453859210E-1
2.053475058E1,4.838052690E-1,-2.028072625E-1,-1.539380401E-1
2.053681997E1,4.746423066E-1,-2.052507252E-1,-1.576032341E-1
2.053890220E1,4.654793143E-1,-2.138028294E-1,-1.655444801E-1
2.054090770E1,4.508185387E-1,-2.229658216E-1,-1.710422635E-1
2.054305004E1,4.447098970E-1,-2.284636050E-1,-1.740965992E-1
2.054488628E1,4.306600094E-1,-2.364048511E-1,-1.759291887E-1
2.054688574E1,4.159992337E-1,-2.443460971E-1,-1.783726513E-1
2.054895512E1,4.068362415E-1,-2.474004179E-1,-1.783726513E-1
2.055099005E1,3.903428912E-1,-2.480112910E-1,-1.789835095E-1
2.055305858E1,3.726277947E-1,-2.516764700E-1,-1.734857261E-1
2.055509285E1,3.665191531E-1,-2.486221492E-1,-1.740965992E-1
2.055717708E1,3.488040566E-1,-2.400700450E-1,-1.667662114E-1
2.055924347E1,3.329215646E-1,-2.284636050E-1,-1.618792862E-1
2.056120097E1,3.225368559E-1,-2.235766798E-1,-1.612684280E-1
2.056320178E1,3.054326177E-1,-2.119702399E-1,-1.466076523E-1
2.056527062E1,2.877175212E-1,-1.985312104E-1,-1.404990107E-1
2.056730543E1,2.822197378E-1,-1.912008226E-1,-1.374446750E-1
2.056937416E1,2.700024247E-1,-1.777617931E-1,-1.233947799E-1
2.057140989E1,2.596177161E-1,-1.655444801E-1,-1.148426682E-1
2.057347808E1,2.547308207E-1,-1.594358236E-1,-1.062905490E-1
2.057551274E1,2.480112910E-1,-1.441642046E-1,-9.407325089E-2
2.057758258E1,2.443460971E-1,-1.288925707E-1,-7.819075137E-2
2.057966454E1,2.449569702E-1,-1.142318025E-1,-6.352998316E-2
2.058166978E1,2.455678284E-1,-1.044579595E-1,-5.742133409E-2
2.058362697E1,2.474004179E-1,-8.857546002E-2,-4.031710699E-2
2.058569651E1,2.577851415E-1,-7.147123665E-2,-2.443460934E-2
2.058773128E1,2.620611787E-1,-6.536258012E-2,-1.893682219E-2
2.058980055E1,2.706133127E-1,-4.948008433E-2,6.108652451E-4
2.059183581E1,2.858849466E-1,-3.665191308E-2,1.954768784E-2
2.059390497E1,2.895501256E-1,-2.809980139E-2,2.504547499E-2
2.059593951E1,3.084869385E-1,-1.710422710E-2,4.214970022E-2
2.059800958E1,3.280346394E-1,-6.108652335E-3,5.803219974E-2
2.060009170E1,3.384193480E-1,-1.221730490E-3,6.841690838E-2
2.060204989E1,3.591887653E-1,7.941247895E-3,8.307767659E-2
2.060417416E1,3.793473244E-1,1.282817032E-2,1.032362282E-1
2.060607997E1,3.909537494E-1,1.404990070E-2,1.069014147E-1
2.060807993E1,4.135557711E-1,1.710422710E-2,1.221730486E-1
2.061014951E1,4.361577928E-1,1.771509275E-2,1.362229437E-1
2.061218393E1,4.465425014E-1,1.954768784E-2,1.435533315E-1
2.061425235E1,4.697553813E-1,2.199114859E-2,1.496619880E-1
2.061628712E1,4.893030524E-1,1.954768784E-2,1.624901593E-1
2.061835597E1,4.990769029E-1,2.138028294E-2,1.631010175E-1
2.062043785E1,5.210680366E-1,1.771509275E-2,1.643227488E-1
2.062244228E1,5.430592299E-1,1.527163107E-2,1.728748679E-1
2.062452039E1,5.613851547E-1,9.162978269E-3,1.716531366E-1
2.062642497E1,5.711590052E-1,6.719517522E-3,1.722639948E-1
2.062842462E1,5.913175344E-1,0.000000000E0,1.771509200E-1
2.063049374E1,5.968153477E-1,-5.497787148E-3,1.716531366E-1
2.063252812E1,6.139195561E-1,-1.404990070E-2,1.698205322E-1
2.063459670E1,6.273586154E-1,-2.809980139E-2,1.747074574E-1
2.063663116E1,6.365215778E-1,-4.581489414E-2,1.716531366E-1
2.063870035E1,6.426302195E-1,-5.558873713E-2,1.692096740E-1
2.064078201E1,6.487388611E-1,-7.880161703E-2,1.734857261E-1
2.064273985E1,6.530149579E-1,-1.056796908E-1,1.655444801E-1
2.064474070E1,6.511823535E-1,-1.191187203E-1,1.673770845E-1
2.064680974E1,6.530149579E-1,-1.502728462E-1,1.667662114E-1
2.064884420E1,6.542366743E-1,-1.850921661E-1,1.582140923E-1
2.065091358E1,6.517932415E-1,-2.009746730E-1,1.582140923E-1
2.065294812E1,6.462954283E-1,-2.333505303E-1,1.600466967E-1
2.065501697E1,6.456845403E-1,-2.675589919E-1,1.521054506E-1
2.065705116E1,6.438519955E-1,-2.816088796E-1,1.539380401E-1
2.065911978E1,6.426302195E-1,-3.097086847E-1,1.557706445E-1
2.066120170E1,6.383541822E-1,-3.323107064E-1,1.502728462E-1
2.066320631E1,6.383541822E-1,-3.439171314E-1,1.490511149E-1
2.066517031E1,6.365215778E-1,-3.616322279E-1,1.514945775E-1
2.066723931E1,6.359107494E-1,-3.769038618E-1,1.496619880E-1
2.066927347E1,6.377432942E-1,-3.830125034E-1,1.545489132E-1
2.067134208E1,6.346889734E-1,-3.940080702E-1,1.576032341E-1
2.067337705E1,6.377432942E-1,-4.013384581E-1,1.533271819E-1
2.067544601E1,6.377432942E-1,-4.098905921E-1,1.594358236E-1
2.067748051E1,6.377432942E-1,-4.141666293E-1,1.600466967E-1
2.067954916E1,6.371324658E-1,-4.184426963E-1,1.557706445E-1
2.068163074E1,6.371324658E-1,-4.239404798E-1,1.624901593E-1
2.068358951E1,6.346889734E-1,-4.294382632E-1,1.588249654E-1
2.068571328E1,6.310238242E-1,-4.306600094E-1,1.569923609E-1
2.068761912E1,6.267477274E-1,-4.294382632E-1,1.606575549E-1
2.068961866E1,6.218608022E-1,-4.306600094E-1,1.569923609E-1
2.069168712E1,6.169738770E-1,-4.294382632E-1,1.508837193E-1
2.069372204E1,6.090326309E-1,-4.257730842E-1,1.527163088E-1
2.069579104E1,6.047565937E-1,-4.233296216E-1,1.502728462E-1
2.069782585E1,5.955936313E-1,-4.190535545E-1,1.466076523E-1
2.069989481E1,5.858197808E-1,-4.098905921E-1,1.466076523E-1
2.070197689E1,5.791002512E-1,-4.031710625E-1,1.429424733E-1
2.070398193E1,5.650503635E-1,-3.903428912E-1,1.404990107E-1
2.070612489E1,5.577199459E-1,-3.744603992E-1,1.380555481E-1
2.070796058E1,5.510004759E-1,-3.683517575E-1,1.356120855E-1
2.070996043E1,5.406157374E-1,-3.530801237E-1,1.301143020E-1
2.071202966E1,5.308418870E-1,-3.359758854E-1,1.295034289E-1
2.071406451E1,5.247332454E-1,-3.286454976E-1,1.252273768E-1
2.071613312E1,5.161811113E-1,-3.115412891E-1,1.197295859E-1
2.071816781E1,5.064072609E-1,-2.938261926E-1,1.203404516E-1
2.072023708E1,4.990769029E-1,-2.858849466E-1,1.203404516E-1
2.072231935E1,4.911356568E-1,-2.669481039E-1,1.166752651E-1
2.072427758E1,4.825835526E-1,-2.528982162E-1,1.154535338E-1
2.072627854E1,4.789183438E-1,-2.419026345E-1,1.148426682E-1
2.072834747E1,4.691445231E-1,-2.260201424E-1,1.130100712E-1
2.073038208E1,4.618141353E-1,-2.089159191E-1,1.130100712E-1
2.073245135E1,4.538728893E-1,-1.918116808E-1,1.136209369E-1
2.073448701E1,4.526511431E-1,-1.838704348E-1,1.142318025E-1
2.073651262E1,4.489859641E-1,-1.698205322E-1,1.105666086E-1
2.073851251E1,4.422664344E-1,-1.557706445E-1,1.123992056E-1
2.074058154E1,4.416555762E-1,-1.478293836E-1,1.111774743E-1
2.074266370E1,4.379903674E-1,-1.362229437E-1,1.136209369E-1
2.074466978E1,4.306600094E-1,-1.276708394E-1,1.130100712E-1
2.074662858E1,4.318817258E-1,-1.258382350E-1,1.099557430E-1
2.074869770E1,4.288274050E-1,-1.209513173E-1,1.111774743E-1
2.075073270E1,4.263839424E-1,-1.209513173E-1,1.075122803E-1
2.075280166E1,4.239404798E-1,-1.215621829E-1,1.087340117E-1
2.075483635E1,4.202753007E-1,-1.227839142E-1,1.026253626E-1
2.075690524E1,4.202753007E-1,-1.276708394E-1,1.001819000E-1
2.075894054E1,4.184426963E-1,-1.288925707E-1,9.957103431E-2
2.076100901E1,4.178318381E-1,-1.362229437E-1,9.468411654E-2
2.076309085E1,4.159992337E-1,-1.423316002E-1,9.285151958E-2
2.076504758E1,4.147774875E-1,-1.472185254E-1,9.162978828E-2
2.076717054E1,4.111123085E-1,-1.539380401E-1,8.552113175E-2
2.076907647E1,4.068362415E-1,-1.643227488E-1,8.307767659E-2
2.077107539E1,4.068362415E-1,-1.679879427E-1,8.002334833E-2
2.077314385E1,4.037819207E-1,-1.759291887E-1,7.757988572E-2
2.077517835E1,4.001167417E-1,-1.838704348E-1,7.391469181E-2
2.077724778E1,3.988949955E-1,-1.869247705E-1,7.086037099E-2
2.077928270E1,3.946189582E-1,-1.954768747E-1,7.086037099E-2
2.078134989E1,3.933972120E-1,-2.021963894E-1,6.536258012E-2
2.078343158E1,3.915646076E-1,-2.119702399E-1,6.414084882E-2
2.078543754E1,3.885102868E-1,-2.119702399E-1,6.169738993E-2
2.078751674E1,3.860668242E-1,-2.205223590E-1,5.558873713E-2
2.078942397E1,3.830125034E-1,-2.260201424E-1,5.436700583E-2
2.079142431E1,3.805690408E-1,-2.339613885E-1,5.131268129E-2
2.079349285E1,3.787364662E-1,-2.419026345E-1,4.337143153E-2
2.079552724E1,3.769038618E-1,-2.474004179E-1,4.337143153E-2
2.079759678E1,3.762930036E-1,-2.528982162E-1,4.214970022E-2
2.079963151E1,3.738495409E-1,-2.577851415E-1,3.420845419E-2
2.080170074E1,3.714060783E-1,-2.632829249E-1,2.993239649E-2
2.080378278E1,3.689626157E-1,-2.663372457E-1,2.932153270E-2
2.080574201E1,3.689626157E-1,-2.687807083E-1,2.138028294E-2
2.080775785E1,3.659082949E-1,-2.718350291E-1,1.954768784E-2
2.080982654E1,3.652974069E-1,-2.724458873E-1,1.832595654E-2
2.081186174E1,3.646865487E-1,-2.718350291E-1,8.552113548E-3
2.081393047E1,3.628539443E-1,-2.718350291E-1,7.330383174E-3
2.081596520E1,3.604104817E-1,-2.748893499E-1,4.886921961E-3
2.081803497E1,3.604104817E-1,-2.687807083E-1,-3.665191587E-3
2.082006981E1,3.573561609E-1,-2.669481039E-1,-4.886921961E-3
2.082213912E1,3.555235863E-1,-2.657263875E-1,-6.719517522E-3
2.082422085E1,3.549126983E-1,-2.645046413E-1,-1.282817032E-2
2.082622685E1,3.518583775E-1,-2.577851415E-1,-2.076941915E-2
2.082821316E1,3.518583775E-1,-2.559525371E-1,-2.138028294E-2
2.083028174E1,3.457497358E-1,-2.486221492E-1,-2.748893574E-2
2.083231701E1,3.433062732E-1,-2.449569702E-1,-3.237585723E-2
2.083438666E1,3.365867436E-1,-2.388483137E-1,-3.543018550E-2
2.083642135E1,3.347541690E-1,-2.382374406E-1,-3.909537569E-2
2.083849047E1,3.274237812E-1,-2.333505303E-1,-4.520402849E-2
2.084052508E1,3.237585723E-1,-2.290744632E-1,-4.825835302E-2
2.084259447E1,3.207042515E-1,-2.272418737E-1,-5.314527452E-2
2.084467658E1,3.176499307E-1,-2.211332172E-1,-5.619960278E-2
2.084663500E1,3.109304011E-1,-2.156354338E-1,-5.803219974E-2
2.084875897E1,3.072652221E-1,-2.125810981E-1,-6.108652428E-2
2.085066478E1,3.042109013E-1,-2.052507252E-1,-6.230825558E-2
2.085266478E1,3.005456924E-1,-2.040289938E-1,-6.658431143E-2
2.085473450E1,2.974913716E-1,-2.009746730E-1,-7.086037099E-2
2.085676920E1,2.919935882E-1,-1.966986060E-1,-7.513642311E-2
2.085883874E1,2.901609838E-1,-1.948660165E-1,-7.880161703E-2
2.086087312E1,2.864958048E-1,-1.936442852E-1,-8.002334833E-2
2.086294274E1,2.846632004E-1,-1.930334121E-1,-8.491026610E-2
2.086502404E1,2.797762752E-1,-1.875356287E-1,-8.552113175E-2
2.086702970E1,2.773328125E-1,-1.869247705E-1,-8.796459436E-2
2.086917220E1,2.767219543E-1,-1.875356287E-1,-9.162978828E-2
2.087100828E1,2.724458873E-1,-1.887573600E-1,-9.468411654E-2
2.087300747E1,2.718350291E-1,-1.893682331E-1,-9.285151958E-2
2.087507662E1,2.675589919E-1,-1.918116808E-1,-9.712757170E-2
2.087711135E1,2.638937831E-1,-1.942551434E-1,-9.896016866E-2
2.087918066E1,2.608394623E-1,-1.960877478E-1,-9.896016866E-2
2.088121578E1,2.571742535E-1,-2.003637999E-1,-1.007927656E-1
2.088328431E1,2.541199327E-1,-2.046398520E-1,-9.957103431E-2
2.088536681E1,2.498438805E-1,-2.107485086E-1,-1.014036313E-1
2.088732520E1,2.486221492E-1,-2.138028294E-1,-1.020144969E-1
2.088932781E1,2.461786866E-1,-2.205223590E-1,-1.032362282E-1
2.089139700E1,2.406809032E-1,-2.290744632E-1,-1.026253626E-1
2.089343270E1,2.394591719E-1,-2.345722616E-1,-1.050688252E-1
2.089550220E1,2.370157093E-1,-2.449569702E-1,-9.896016866E-2
2.089753708E1,2.364048511E-1,-2.528982162E-1,-1.014036313E-1
2.089960643E1,2.370157093E-1,-2.583959997E-1,-1.020144969E-1
2.090164127E1,2.357939780E-1,-2.687807083E-1,-1.020144969E-1
2.090371035E1,2.327396572E-1,-2.767219543E-1,-9.834930301E-2
2.090579216E1,2.351831198E-1,-2.822197378E-1,-9.590584040E-2
2.090779762E1,2.327396572E-1,-2.901609838E-1,-9.468411654E-2
2.090975331E1,2.351831198E-1,-2.974913716E-1,-8.979719132E-2
2.091182200E1,2.364048511E-1,-3.023782969E-1,-8.979719132E-2
2.091385662E1,2.382374406E-1,-3.097086847E-1,-8.735372871E-2
2.091592597E1,2.406809032E-1,-3.194825351E-1,-8.246681094E-2
2.091796024E1,2.449569702E-1,-3.213151097E-1,-8.491026610E-2
2.092002920E1,2.504547536E-1,-3.292563558E-1,-7.941248268E-2
2.092206385E1,2.559525371E-1,-3.347541690E-1,-7.635815442E-2
2.092413308E1,2.565633953E-1,-3.396410644E-1,-7.269296050E-2
2.092621497E1,2.632829249E-1,-3.457497358E-1,-6.719517708E-2
2.092817274E1,2.681698501E-1,-3.506366611E-1,-6.169738993E-2
2.093029670E1,2.767219543E-1,-3.555235863E-1,-5.497787148E-2
2.093220208E1,2.828305960E-1,-3.567453027E-1,-5.436700583E-2
2.093420208E1,2.895501256E-1,-3.622430861E-1,-5.009094998E-2
2.093627124E1,2.981022298E-1,-3.634648323E-1,-4.520402849E-2
2.093830666E1,3.036000133E-1,-3.659082949E-1,-4.214970022E-2
2.094037589E1,3.145956099E-1,-3.701843321E-1,-3.298672289E-2
2.094241035E1,3.237585723E-1,-3.732386529E-1,-2.626720630E-2
2.094447962E1,3.292563558E-1,-3.738495409E-1,-2.443460934E-2
2.094656197E1,3.384193480E-1,-3.744603992E-1,-1.771509275E-2
2.094856835E1,3.469714522E-1,-3.726277947E-1,-1.710422710E-2
2.095065004E1,3.518583775E-1,-3.726277947E-1,-1.527163107E-2
2.095255600E1,3.579670191E-1,-3.701843321E-1,-1.160643995E-2
2.095455604E1,3.652974069E-1,-3.677408695E-1,-6.108652335E-3
2.095662504E1,3.695734739E-1,-3.659082949E-1,-4.276056774E-3
2.095866074E1,3.744603992E-1,-3.597996235E-1,-5.497787148E-3
2.096073035E1,3.830125034E-1,-3.579670191E-1,-6.108652335E-3
2.096276512E1,3.836233616E-1,-3.543018401E-1,-4.276056774E-3
2.096484927E1,3.903428912E-1,-3.494149148E-1,-1.038470957E-2
2.096691681E1,3.940080702E-1,-3.420845270E-1,-1.038470957E-2
2.096887443E1,3.995058835E-1,-3.390302062E-1,-1.160643995E-2
2.097087658E1,4.031710625E-1,-3.323107064E-1,-1.466076635E-2
2.097294450E1,4.050036669E-1,-3.249803185E-1,-1.893682219E-2
2.097497916E1,4.062253833E-1,-3.207042515E-1,-2.138028294E-2
2.097704931E1,4.117231667E-1,-3.127630055E-1,-2.626720630E-2
2.097908358E1,4.129449129E-1,-3.029891551E-1,-3.237585723E-2
2.098111081E1,4.141666293E-1,-3.005456924E-1,-3.665191308E-2
2.098310989E1,4.178318381E-1,-2.895501256E-1,-4.214970022E-2
2.098517793E1,4.196644127E-1,-2.803871334E-1,-4.581489414E-2
2.098726058E1,4.190535545E-1,-2.693915665E-1,-5.253441259E-2
2.098926581E1,4.208861589E-1,-2.675589919E-1,-5.375614017E-2
2.099122585E1,4.245513380E-1,-2.547308207E-1,-6.352998316E-2
2.099329497E1,4.245513380E-1,-2.504547536E-1,-6.841690838E-2
2.099532950E1,4.257730842E-1,-2.394591719E-1,-7.086037099E-2
2.099739839E1,4.251621962E-1,-2.309070677E-1,-7.696902007E-2
2.099943285E1,4.263839424E-1,-2.223549485E-1,-8.185594529E-2
2.100150201E1,4.263839424E-1,-2.205223590E-1,-8.613199741E-2
2.100353685E1,4.257730842E-1,-2.131919712E-1,-9.162978828E-2
2.100560570E1,4.245513380E-1,-2.064724565E-1,-9.651670605E-2
2.100768812E1,4.269948006E-1,-2.021963894E-1,-9.712757170E-2
2.100964612E1,4.227187634E-1,-1.991420686E-1,-1.020144969E-1
2.101177054E1,4.245513380E-1,-1.960877478E-1,-1.056796908E-1
2.101367654E1,4.245513380E-1,-1.936442852E-1,-1.044579595E-1
2.101567612E1,4.221078753E-1,-1.918116808E-1,-1.099557430E-1
2.101774539E1,4.196644127E-1,-1.875356287E-1,-1.130100712E-1
2.101978008E1,4.196644127E-1,-1.863138974E-1,-1.123992056E-1
2.102185016E1,4.172209501E-1,-1.863138974E-1,-1.111774743E-1
2.102388504E1,4.141666293E-1,-1.869247705E-1,-1.123992056E-1
2.102595516E1,4.153883755E-1,-1.857030392E-1,-1.117883399E-1
2.102803804E1,4.147774875E-1,-1.814269722E-1,-1.099557430E-1
2.103004454E1,4.141666293E-1,-1.795943826E-1,-1.105666086E-1
2.103218893E1,4.135557711E-1,-1.771509200E-1,-1.081231460E-1
2.103402516E1,4.147774875E-1,-1.753183305E-1,-1.081231460E-1
2.103602697E1,4.147774875E-1,-1.710422635E-1,-1.038470939E-1
2.103809666E1,4.159992337E-1,-1.698205322E-1,-1.044579595E-1
2.104013143E1,4.172209501E-1,-1.655444801E-1,-1.026253626E-1
2.104220212E1,4.166100919E-1,-1.624901593E-1,-1.020144969E-1
2.104423654E1,4.153883755E-1,-1.588249654E-1,-1.020144969E-1
2.104630674E1,4.190535545E-1,-1.539380401E-1,-1.020144969E-1
2.104838862E1,4.208861589E-1,-1.502728462E-1,-9.896016866E-2
2.105034739E1,4.202753007E-1,-1.423316002E-1,-9.834930301E-2
2.105234997E1,4.227187634E-1,-1.380555481E-1,-1.001819000E-1
2.105441962E1,4.239404798E-1,-1.319468915E-1,-9.896016866E-2
2.105645481E1,4.227187634E-1,-1.276708394E-1,-9.712757170E-2
2.105852408E1,4.269948006E-1,-1.221730486E-1,-9.834930301E-2
2.106055900E1,4.269948006E-1,-1.154535338E-1,-9.712757170E-2
2.106262781E1,4.282165468E-1,-1.087340117E-1,-1.001819000E-1
2.106466274E1,4.263839424E-1,-1.062905490E-1,-9.957103431E-2
2.106673304E1,4.294382632E-1,-9.773843735E-2,-9.896016866E-2
2.106881477E1,4.300491214E-1,-9.101892263E-2,-1.001819000E-1
2.107082016E1,4.324925840E-1,-8.735372871E-2,-1.007927656E-1
2.107277654E1,4.306600094E-1,-8.124507964E-2,-9.957103431E-2
2.107484570E1,4.349360466E-1,-7.452555746E-2,-1.007927656E-1
2.107688124E1,4.324925840E-1,-7.147123665E-2,-1.014036313E-1
2.107895050E1,4.312708676E-1,-6.658431143E-2,-9.834930301E-2
2.108098497E1,4.312708676E-1,-6.169738993E-2,-9.834930301E-2
2.108305397E1,4.324925840E-1,-5.986479297E-2,-9.773843735E-2
2.108508839E1,4.294382632E-1,-5.497787148E-2,-9.529497474E-2
2.108715785E1,4.251621962E-1,-5.131268129E-2,-8.918632567E-2
2.108924047E1,4.251621962E-1,-4.520402849E-2,-9.285151958E-2
2.109119958E1,4.227187634E-1,-4.337143153E-2,-8.491026610E-2
2.109332439E1,4.196644127E-1,-4.092797264E-2,-8.246681094E-2
2.109523120E1,4.172209501E-1,-3.604105115E-2,-7.819075137E-2
2.109723085E1,4.123340547E-1,-3.420845419E-2,-7.391469181E-2
2.109929997E1,4.068362415E-1,-2.871066704E-2,-7.024950534E-2
2.110133524E1,3.976732790E-1,-2.626720630E-2,-6.841690838E-2
2.110340470E1,3.970624208E-1,-2.565634064E-2,-6.414084882E-2
2.110544000E1,3.897320330E-1,-2.260201424E-2,-5.864306539E-2
2.110750920E1,3.817907870E-1,-1.343903504E-2,-6.230825558E-2
2.110959158E1,3.793473244E-1,-1.588249579E-2,-5.681046844E-2
2.111159754E1,3.714060783E-1,-1.282817032E-2,-5.314527452E-2
2.111367947E1,3.671300113E-1,-1.343903504E-2,-5.192354694E-2
2.111558658E1,3.659082949E-1,-1.649336144E-2,-5.070181563E-2
2.111758570E1,3.659082949E-1,-1.588249579E-2,-4.764748737E-2
2.111965550E1,3.610213697E-1,-2.076941915E-2,-4.520402849E-2
2.112169031E1,3.604104817E-1,-2.382374369E-2,-4.703662544E-2
2.112376020E1,3.585779071E-1,-3.298672289E-2,-4.337143153E-2
2.112579389E1,3.585779071E-1,-4.459316283E-2,-4.398229718E-2
2.112786327E1,3.585779071E-1,-5.314527452E-2,-4.459316283E-2
2.112994539E1,3.597996235E-1,-6.719517708E-2,-4.214970022E-2
2.113190316E1,3.591887653E-1,-8.368854225E-2,-4.153883830E-2
2.113390527E1,3.604104817E-1,-9.346238524E-2,-4.153883830E-2
2.113597470E1,3.659082949E-1,-1.136209369E-1,-4.092797264E-2
2.113800985E1,3.726277947E-1,-1.441642046E-1,-4.153883830E-2
2.114007889E1,3.732386529E-1,-1.612684280E-1,-3.970624134E-2
2.114211331E1,3.854559660E-1,-1.979203373E-1,-3.787364438E-2
2.114418285E1,3.976732790E-1,-2.382374406E-1,-3.176499158E-2
2.114621954E1,4.159992337E-1,-2.809980214E-1,-2.260201424E-2
2.114828820E1,4.257730842E-1,-3.072652221E-1,-1.160643995E-2
2.115037089E1,4.514294267E-1,-3.628539443E-1,3.665191587E-3
2.115240231E1,4.850270152E-1,-4.233296216E-1,2.015855350E-2
2.115435831E1,5.033529401E-1,-4.563163519E-1,3.298672289E-2
2.115642735E1,5.418374538E-1,-5.290092826E-1,6.658431143E-2
2.115846258E1,5.888741016E-1,-6.078109145E-1,1.032362282E-1
2.116053162E1,6.126978397E-1,-6.469063163E-1,1.282816976E-1
2.116256677E1,6.688974500E-1,-7.220427394E-1,1.734857261E-1
2.116463485E1,7.275404930E-1,-7.916813493E-1,2.254092693E-1
2.116666885E1,7.605272532E-1,-8.234463334E-1,2.602286041E-1
2.116873820E1,8.332201838E-1,-8.851437569E-1,3.164281845E-1
2.117082100E1,9.095783234E-1,-9.303477407E-1,3.848451078E-1
2.117280277E1,9.474520087E-1,-9.480628371E-1,4.214970171E-1
2.117492693E1,1.032362223E0,-9.676105380E-1,4.899139404E-1
2.117683289E1,1.115439892E0,-9.712757468E-1,5.626068711E-1
2.117883254E1,1.158200502E0,-9.657779336E-1,5.980370641E-1
2.118090193E1,1.244943380E0,-9.370672703E-1,6.633996367E-1
2.118293647E1,1.328631878E0,-8.894197941E-1,7.318165898E-1
2.118500508E1,1.406211853E0,-8.167268038E-1,7.904596329E-1
2.118703947E1,1.441641927E0,-7.690793276E-1,8.142833710E-1
2.118910862E1,1.501506805E0,-6.585127115E-1,8.607091308E-1
2.119119077E1,1.549154282E0,-5.253441334E-1,8.936958313E-1
2.119321497E1,1.566869378E0,-4.550946057E-1,9.095783234E-1
2.119535697E1,1.587027907E0,-2.993239760E-1,9.242390990E-1
2.119719331E1,1.593136549E0,-1.356120855E-1,9.285151958E-1
2.119919347E1,1.583973527E0,-5.253441259E-2,9.285151958E-1
2.120126297E1,1.560149789E0,1.172861308E-1,9.150761366E-1
2.120329831E1,1.518610954E0,2.828305960E-1,8.918632865E-1
2.120536785E1,1.494176388E0,3.652974069E-1,8.759807348E-1
2.120740285E1,1.429424644E0,5.192354321E-1,8.362745047E-1
2.120947243E1,1.358564258E0,6.609562039E-1,7.861835957E-1
2.121155531E1,1.314581990E0,7.238753438E-1,7.574729323E-1
2.121353777E1,1.226617455E0,8.374962807E-1,6.969972253E-1
2.121553900E1,1.128268123E0,9.260717034E-1,6.298020482E-1
2.121760920E1,1.080009699E0,9.608910084E-1,5.894849896E-1
2.121964358E1,9.773843884E-1,1.018312335E0,5.149593949E-1
2.122171331E1,8.735373020E-1,1.050688267E0,4.373795092E-1
2.122374793E1,8.228355050E-1,1.058629513E0,3.927863538E-1
2.122577274E1,7.189884186E-1,1.061683774E0,3.207042515E-1
2.122777224E1,6.200281978E-1,1.050077319E0,2.443460971E-1
2.122984308E1,5.717698932E-1,1.037249207E0,2.058615834E-1
2.123192585E1,4.746423066E-1,1.007927656E0,1.411098689E-1
2.123395104E1,3.817907870E-1,9.676105380E-1,7.819075137E-2
2.123590947E1,3.353650272E-1,9.425650835E-1,4.948008433E-2
2.123797908E1,2.480112910E-1,8.888089061E-1,-6.108652451E-4
2.124001358E1,1.600466967E-1,8.234463334E-1,-4.337143153E-2
2.124208343E1,7.452555746E-2,7.501425147E-1,-8.429940045E-2
2.124411866E1,3.420845419E-2,7.110471725E-1,-9.896016866E-2
2.124618808E1,-4.948008433E-2,6.267477274E-1,-1.258382350E-1
2.124822235E1,-1.258382350E-1,5.400048494E-1,-1.514945775E-1
2.125029131E1,-1.655444801E-1,4.960225821E-1,-1.563815027E-1
2.125237420E1,-2.370157093E-1,4.080579877E-1,-1.734857261E-1
2.125435866E1,-3.054326177E-1,3.194825351E-1,-1.802052408E-1
2.125648312E1,-3.384193480E-1,2.773328125E-1,-1.826487035E-1
2.125838858E1,-3.995058835E-1,1.912008226E-1,-1.808161139E-1
2.126038889E1,-4.569272101E-1,1.130100712E-1,-1.765400618E-1
2.126245797E1,-4.831944108E-1,7.574728876E-2,-1.716531366E-1
2.126449300E1,-5.351179838E-1,1.221730467E-2,-1.643227488E-1
2.126656166E1,-5.839871764E-1,-3.848451003E-2,-1.502728462E-1
2.126859589E1,-6.053674817E-1,-5.864306539E-2,-1.404990107E-1
2.127066593E1,-6.432411075E-1,-9.040805697E-2,-1.233947799E-1
2.127274977E1,-6.835582256E-1,-1.093448773E-1,-1.038470939E-1
2.127477493E1,-6.994407177E-1,-1.178969890E-1,-9.346238524E-2
2.127685489E1,-7.360926270E-1,-1.178969890E-1,-7.452555746E-2
2.127876154E1,-7.666358948E-1,-1.093448773E-1,-5.558873713E-2
2.128076135E1,-7.825183868E-1,-1.038470939E-1,-4.031710699E-2
2.128283135E1,-8.118399382E-1,-8.368854225E-2,-2.443460934E-2
2.128486600E1,-8.436049223E-1,-5.864306539E-2,-3.665191587E-3
2.128693531E1,-8.710938692E-1,-2.932153270E-2,1.343903504E-2
2.128896974E1,-8.851437569E-1,-1.343903504E-2,1.771509275E-2
2.129103897E1,-9.144652486E-1,2.015855350E-2,3.481931984E-2
2.129312139E1,-9.413433671E-1,5.925392732E-2,4.214970022E-2
2.129507408E1,-9.517280459E-1,7.757988572E-2,4.214970022E-2
2.129707500E1,-9.798278809E-1,1.148426682E-1,4.703662544E-2
2.129914385E1,-1.003040791E0,1.545489132E-1,4.337143153E-2
2.130117858E1,-1.010982037E0,1.716531366E-1,3.787364438E-2
2.130324743E1,-1.032973170E0,2.040289938E-1,3.237585723E-2
2.130528193E1,-1.047633886E0,2.321287990E-1,1.649336144E-2
2.130735073E1,-1.051909924E0,2.419026345E-1,5.497787148E-3
2.130938639E1,-1.058629513E0,2.590068579E-1,-1.832595654E-2
2.131145543E1,-1.059240341E0,2.700024247E-1,-4.581489414E-2
2.131353781E1,-1.060462117E0,2.761110961E-1,-6.169738993E-2
2.131556893E1,-1.053742528E0,2.773328125E-1,-9.590584040E-2
2.131752527E1,-1.043357849E0,2.779437006E-1,-1.343903542E-1
2.131959450E1,-1.034805775E0,2.748893499E-1,-1.527163088E-1
2.132162927E1,-1.015868902E0,2.632829249E-1,-1.942551434E-1
2.132369827E1,-9.920451641E-1,2.486221492E-1,-2.357939780E-1
2.132573285E1,-9.798278809E-1,2.388483137E-1,-2.571742535E-1
2.132780266E1,-9.529497623E-1,2.186897546E-1,-2.944370508E-1
2.132983712E1,-9.181304574E-1,1.954768747E-1,-3.408628106E-1
2.133190596E1,-8.851437569E-1,1.655444801E-1,-3.842342496E-1
2.133398758E1,-8.655960560E-1,1.502728462E-1,-4.025602043E-1
2.133594093E1,-8.289441466E-1,1.166752651E-1,-4.416555762E-1
2.133806423E1,-7.904596329E-1,8.552113175E-2,-4.795292318E-1
2.133996973E1,-7.709119320E-1,6.780604273E-2,-4.960225821E-1
2.134196947E1,-7.281513810E-1,3.420845419E-2,-5.302310586E-1
2.134403870E1,-6.841690540E-1,-2.443460980E-3,-5.613851547E-1
2.134607350E1,-6.640105247E-1,-2.015855350E-2,-5.784893632E-1
2.134814262E1,-6.175847650E-1,-5.070181563E-2,-6.102544069E-1
2.135017785E1,-5.748242140E-1,-8.307767659E-2,-6.365215778E-1
2.135224770E1,-5.522221923E-1,-9.773843735E-2,-6.481280327E-1
2.135432977E1,-5.082398653E-1,-1.221730486E-1,-6.756169796E-1
2.135636081E1,-4.605923891E-1,-1.459967941E-1,-6.994407177E-1
2.135850289E1,-4.141666293E-1,-1.563815027E-1,-7.104362845E-1
2.136033916E1,-3.903428912E-1,-1.710422635E-1,-7.324274182E-1
2.136233950E1,-3.402519524E-1,-1.789835095E-1,-7.556403279E-1
2.136440889E1,-3.176499307E-1,-1.826487035E-1,-7.617489696E-1
2.136644354E1,-2.700024247E-1,-1.802052408E-1,-7.788531780E-1
2.136851266E1,-2.241875380E-1,-1.759291887E-1,-7.965682745E-1
2.137054700E1,-1.991420686E-1,-1.710422635E-1,-7.977899909E-1
2.137263196E1,-1.502728462E-1,-1.576032341E-1,-8.057312369E-1
2.137469935E1,-1.001819000E-1,-1.380555481E-1,-8.130616546E-1
2.137665089E1,-7.696902007E-2,-1.270599663E-1,-8.148942590E-1
2.137865162E1,-3.054326214E-2,-1.007927656E-1,-8.179485798E-1
2.138072070E1,1.466076635E-2,-7.269296050E-2,-8.161159754E-1
2.138275493E1,3.970624134E-2,-5.558873713E-2,-8.148942590E-1
2.138482381E1,8.307767659E-2,-2.382374369E-2,-8.100073338E-1
2.138685770E1,1.252273768E-1,1.282817032E-2,-8.045095205E-1
2.138892623E1,1.612684280E-1,5.192354694E-2,-7.941248417E-1
2.139096008E1,1.826487035E-1,7.147123665E-2,-7.886270285E-1
2.139302850E1,2.150245607E-1,1.099557430E-1,-7.727445364E-1
2.139511035E1,2.474004179E-1,1.514945775E-1,-7.574729323E-1
2.139713493E1,2.590068579E-1,1.734857261E-1,-7.495316267E-1
2.139909100E1,2.877175212E-1,2.119702399E-1,-7.342600226E-1
2.140115962E1,3.090978265E-1,2.486221492E-1,-7.128797174E-1
2.140319339E1,3.182607889E-1,2.669481039E-1,-7.061602473E-1
2.140526254E1,3.329215646E-1,2.962696552E-1,-6.792821288E-1
2.140729627E1,3.475823104E-1,3.243694305E-1,-6.585127115E-1
2.140936473E1,3.500257730E-1,3.396410644E-1,-6.481280327E-1
2.141139889E1,3.555235863E-1,3.634648323E-1,-6.224716902E-1
2.141346781E1,3.573561609E-1,3.860668242E-1,-5.998696685E-1
2.141555012E1,3.524692357E-1,4.068362415E-1,-5.772676468E-1
2.141753173E1,3.518583775E-1,4.129449129E-1,-5.638286471E-1
2.141965508E1,3.457497358E-1,4.276056588E-1,-5.400048494E-1
2.142156031E1,3.390302062E-1,4.343251884E-1,-5.296201706E-1
2.142355939E1,3.249803185E-1,4.428772926E-1,-5.027421117E-1
2.142562789E1,3.121521473E-1,4.538728893E-1,-4.813618064E-1
2.142766231E1,2.981022298E-1,4.538728893E-1,-4.721988440E-1
2.142973120E1,2.895501256E-1,4.538728893E-1,-4.447098970E-1
2.143176535E1,2.730567753E-1,4.495968223E-1,-4.288274050E-1
2.143383446E1,2.547308207E-1,4.386012554E-1,-4.025602043E-1
2.143591623E1,2.461786866E-1,4.306600094E-1,-3.952298164E-1
2.143794081E1,2.260201424E-1,4.068362415E-1,-3.732386529E-1
2.144002046E1,2.095267773E-1,3.817907870E-1,-3.543018401E-1
2.144192608E1,1.985312104E-1,3.671300113E-1,-3.414736688E-1
2.144392508E1,1.777617931E-1,3.323107064E-1,-3.237585723E-1
2.144599431E1,1.569923609E-1,2.926044464E-1,-3.072652221E-1
2.144802812E1,1.490511149E-1,2.736676335E-1,-2.956587672E-1
2.145009658E1,1.258382350E-1,2.284636050E-1,-2.761110961E-1
2.145213050E1,1.044579595E-1,1.808161139E-1,-2.626720667E-1
2.145419970E1,9.285151958E-2,1.563815027E-1,-2.559525371E-1
2.145628166E1,7.147123665E-2,1.038470939E-1,-2.382374406E-1
2.145826266E1,5.253441259E-2,5.192354694E-2,-2.247984111E-1
2.146026323E1,4.398229718E-2,2.565634064E-2,-2.199114859E-1
2.146233250E1,2.260201424E-2,-2.993239649E-2,-2.021963894E-1
2.146436639E1,6.719517522E-3,-8.307767659E-2,-1.954768747E-1
2.146643516E1,-3.665191587E-3,-1.093448773E-1,-1.863138974E-1
2.146846908E1,-1.893682219E-2,-1.649336219E-1,-1.734857261E-1
2.147049346E1,-3.543018550E-2,-2.193006277E-1,-1.673770845E-1
2.147249262E1,-3.848451003E-2,-2.419026345E-1,-1.631010175E-1
2.147456204E1,-5.558873713E-2,-2.956587672E-1,-1.466076523E-1
2.147664393E1,-6.475171447E-2,-3.414736688E-1,-1.423316002E-1
2.147866820E1,-7.208210230E-2,-3.848451078E-1,-1.331686229E-1
2.148062616E1,-7.941248268E-2,-4.062253833E-1,-1.301143020E-1
2.148269446E1,-8.491026610E-2,-4.447098970E-1,-1.246165112E-1
2.148472843E1,-8.735372871E-2,-4.776966274E-1,-1.185078546E-1
2.148679654E1,-9.224065393E-2,-4.941899776E-1,-1.136209369E-1
2.148882935E1,-9.224065393E-2,-5.174028873E-1,-1.099557430E-1
2.149089889E1,-8.796459436E-2,-5.369505286E-1,-1.032362282E-1
2.149293216E1,-8.857546002E-2,-5.467243791E-1,-1.020144969E-1
2.149500054E1,-8.796459436E-2,-5.607742667E-1,-9.651670605E-2
2.149708158E1,-8.063421398E-2,-5.711590052E-1,-9.224065393E-2
2.149906293E1,-7.880161703E-2,-5.748242140E-1,-8.918632567E-2
2.150118816E1,-6.902777404E-2,-5.766568184E-1,-8.307767659E-2
2.150309320E1,-6.291911751E-2,-5.736024380E-1,-7.635815442E-2
2.150509258E1,-6.047565863E-2,-5.687155724E-1,-7.269296050E-2
2.150716204E1,-5.070181563E-2,-5.619960427E-1,-6.597344577E-2
2.150919666E1,-4.153883830E-2,-5.467243791E-1,-5.619960278E-2
2.151126500E1,-3.237585723E-2,-5.363397002E-1,-5.497787148E-2
2.151329881E1,-2.321287990E-2,-5.131267905E-1,-4.520402849E-2
2.151536796E1,-1.527163107E-2,-4.856378734E-1,-2.993239649E-2
2.151744977E1,-6.108652335E-3,-4.557054639E-1,-2.321287990E-2
2.151947989E1,6.108652451E-4,-4.392121136E-1,-1.466076635E-2
2.152162216E1,1.160643995E-2,-4.037819207E-1,-1.221730490E-3
2.152345816E1,1.771509275E-2,-3.854559660E-1,4.886921961E-3
2.152545785E1,2.687807009E-2,-3.445279896E-1,1.466076635E-2
2.152752704E1,3.787364438E-2,-3.029891551E-1,2.504547499E-2
2.152956177E1,4.459316283E-2,-2.816088796E-1,2.993239649E-2
2.153163050E1,5.558873713E-2,-2.376265824E-1,3.970624134E-2
2.153366458E1,6.597344577E-2,-1.954768747E-1,4.948008433E-2
2.153573373E1,7.757988572E-2,-1.521054506E-1,5.681046844E-2
2.153781627E1,8.246681094E-2,-1.307251602E-1,6.291911751E-2
2.153976758E1,9.590584040E-2,-9.285151958E-2,6.780604273E-2
2.154176789E1,1.075122803E-1,-5.192354694E-2,7.269296050E-2
2.154383666E1,1.117883399E-1,-3.298672289E-2,7.819075137E-2
2.154587008E1,1.258382350E-1,7.330383174E-3,8.185594529E-2
2.154793870E1,1.319468915E-1,4.398229718E-2,8.429940045E-2
2.154997266E1,1.380555481E-1,6.352998316E-2,8.491026610E-2
2.155204073E1,1.484402567E-1,9.712757170E-2,8.796459436E-2
2.155407570E1,1.569923609E-1,1.319468915E-1,8.857546002E-2
2.155614435E1,1.576032341E-1,1.459967941E-1,8.979719132E-2
2.155822666E1,1.655444801E-1,1.740965992E-1,8.918632567E-2
2.156025785E1,1.692096740E-1,2.009746730E-1,8.979719132E-2
2.156221462E1,1.710422635E-1,2.083050460E-1,9.040805697E-2
2.156428396E1,1.710422635E-1,2.284636050E-1,8.979719132E-2
2.156631835E1,1.704314053E-1,2.498438805E-1,8.979719132E-2
2.156838743E1,1.716531366E-1,2.553416789E-1,8.857546002E-2
2.157042135E1,1.692096740E-1,2.687807083E-1,8.552113175E-2
2.157248958E1,1.649336219E-1,2.809980214E-1,8.368854225E-2
2.157452331E1,1.649336219E-1,2.919935882E-1,7.819075137E-2
2.157659166E1,1.594358236E-1,2.981022298E-1,7.757988572E-2
2.157867362E1,1.569923609E-1,3.060434759E-1,7.269296050E-2
2.158063146E1,1.521054506E-1,3.115412891E-1,7.208210230E-2
2.158275596E1,1.527163088E-1,3.152064681E-1,6.719517708E-2
2.158466108E1,1.484402567E-1,3.182607889E-1,6.108652428E-2
2.158666070E1,1.429424733E-1,3.213151097E-1,5.864306539E-2
2.158872962E1,1.417207420E-1,3.225368559E-1,5.314527452E-2
2.159076423E1,1.368338168E-1,3.225368559E-1,5.192354694E-2
2.159283316E1,1.301143020E-1,3.207042515E-1,4.764748737E-2
2.159486700E1,1.276708394E-1,3.225368559E-1,4.520402849E-2
2.159693673E1,1.233947799E-1,3.213151097E-1,4.092797264E-2
2.159901846E1,1.185078546E-1,3.200933933E-1,4.031710699E-2
2.160102331E1,1.172861308E-1,3.200933933E-1,3.909537569E-2
2.160310266E1,1.123992056E-1,3.200933933E-1,3.604105115E-2
2.160500835E1,1.044579595E-1,3.182607889E-1,3.909537569E-2
2.160700754E1,1.038470939E-1,3.188716471E-1,4.153883830E-2
2.160907573E1,9.896016866E-2,3.182607889E-1,3.604105115E-2
2.161111016E1,9.285151958E-2,3.182607889E-1,4.031710699E-2
2.161317854E1,9.040805697E-2,3.152064681E-1,4.398229718E-2
2.161521289E1,8.735372871E-2,3.170390725E-1,4.214970022E-2
2.161728143E1,7.941248268E-2,3.188716471E-1,4.825835302E-2
2.161936385E1,7.269296050E-2,3.188716471E-1,5.070181563E-2
2.162132166E1,7.024950534E-2,3.200933933E-1,5.497787148E-2
2.162333673E1,6.475171447E-2,3.219259977E-1,6.352998316E-2
2.162540558E1,6.169738993E-2,3.231477141E-1,6.475171447E-2
2.162744054E1,5.742133409E-2,3.237585723E-1,6.658431143E-2
2.162950962E1,5.131268129E-2,3.255911767E-1,7.696902007E-2
2.163154435E1,4.703662544E-2,3.292563558E-1,8.002334833E-2
2.163361377E1,4.337143153E-2,3.304781020E-1,7.880161703E-2
2.163564854E1,3.970624134E-2,3.335324228E-1,8.491026610E-2
2.163771804E1,3.420845419E-2,3.359758854E-1,8.979719132E-2
2.163980039E1,3.237585723E-2,3.359758854E-1,9.101892263E-2
2.164180554E1,2.932153270E-2,3.353650272E-1,9.773843735E-2
2.164376235E1,2.443460934E-2,3.371976018E-1,9.773843735E-2
2.164583131E1,2.138028294E-2,3.359758854E-1,1.020144969E-1
2.164786646E1,1.771509275E-2,3.341432810E-1,1.099557430E-1
2.164993566E1,1.221730467E-2,3.280346394E-1,1.111774743E-1
2.165197104E1,1.099557430E-2,3.237585723E-1,1.130100712E-1
2.165403981E1,5.497787148E-3,3.152064681E-1,1.123992056E-1
2.165607427E1,0.000000000E0,3.029891551E-1,1.136209369E-1
2.165814346E1,-1.221730490E-3,2.974913716E-1,1.148426682E-1
2.166022546E1,-7.941247895E-3,2.785545588E-1,1.148426682E-1
2.166218389E1,-1.160643995E-2,2.620611787E-1,1.130100712E-1
2.166430804E1,-1.527163107E-2,2.412917763E-1,1.130100712E-1
2.166621377E1,-1.771509275E-2,2.290744632E-1,1.130100712E-1
2.166821416E1,-2.076941915E-2,2.064724565E-1,1.130100712E-1
2.167028316E1,-2.015855350E-2,1.973094791E-1,1.087340117E-1
2.167231877E1,-2.504547499E-2,1.747074574E-1,1.075122803E-1
2.167438827E1,-2.626720630E-2,1.539380401E-1,9.957103431E-2
2.167642327E1,-2.565634064E-2,1.343903542E-1,9.407325089E-2
2.167849250E1,-2.871066704E-2,1.258382350E-1,9.529497474E-2
2.168057412E1,-2.504547499E-2,1.093448773E-1,9.040805697E-2
2.168257973E1,-1.954768784E-2,9.529497474E-2,8.063421398E-2
2.168472277E1,-1.527163107E-2,8.674286306E-2,8.124507964E-2
2.168655850E1,-8.552113548E-3,7.147123665E-2,7.574728876E-2
2.168855835E1,1.221730490E-3,5.986479297E-2,7.024950534E-2
2.169062723E1,6.719517522E-3,5.192354694E-2,6.963863969E-2
2.169266150E1,1.893682219E-2,4.459316283E-2,6.902777404E-2
2.169473070E1,3.604105115E-2,3.726277873E-2,6.536258012E-2
2.169676454E1,4.459316283E-2,3.481931984E-2,6.414084882E-2
2.169883446E1,6.230825558E-2,3.604105115E-2,6.291911751E-2
2.170091539E1,8.063421398E-2,3.359758854E-2,6.536258012E-2
2.170287292E1,8.613199741E-2,3.604105115E-2,6.780604273E-2
2.170487427E1,1.026253626E-1,3.909537569E-2,7.330382615E-2
2.170694354E1,1.117883399E-1,4.398229718E-2,8.185594529E-2
2.170897912E1,1.166752651E-1,4.214970022E-2,8.491026610E-2
2.171104781E1,1.240056455E-1,4.642575979E-2,9.957103431E-2
2.171308227E1,1.264491081E-1,4.276056588E-2,1.111774743E-1
2.171510762E1,1.282816976E-1,4.214970022E-2,1.191187203E-1
2.171710700E1,1.233947799E-1,3.726277873E-2,1.362229437E-1
2.171917654E1,1.172861308E-1,3.176499158E-2,1.484402567E-1
2.172125877E1,1.087340117E-1,2.871066704E-2,1.576032341E-1
2.172326346E1,9.407325089E-2,2.443460934E-2,1.728748679E-1
2.172522243E1,7.208210230E-2,2.260201424E-2,1.820378453E-1
2.172729142E1,5.986479297E-2,2.382374369E-2,1.863138974E-1
2.172932681E1,3.543018550E-2,2.687807009E-2,1.954768747E-1
2.173139608E1,4.276056774E-3,3.481931984E-2,1.936442852E-1
2.173343162E1,-2.321287990E-2,4.886921868E-2,1.936442852E-1
2.173550108E1,-3.726277873E-2,5.681046844E-2,1.887573600E-1
2.173753639E1,-6.780604273E-2,7.147123665E-2,1.820378453E-1
2.173960558E1,-9.346238524E-2,9.224065393E-2,1.710422635E-1
2.174168823E1,-1.081231460E-1,1.007927656E-1,1.643227488E-1
2.174367069E1,-1.319468915E-1,1.258382350E-1,1.429424733E-1
2.174579462E1,-1.490511149E-1,1.508837193E-1,1.301143020E-1
2.174769989E1,-1.600466967E-1,1.618792862E-1,1.191187203E-1
2.174969939E1,-1.747074574E-1,1.887573600E-1,9.468411654E-2
2.175176827E1,-1.844813079E-1,2.186897546E-1,7.819075137E-2
2.175380223E1,-1.850921661E-1,2.327396572E-1,6.169738993E-2
2.175587173E1,-1.863138974E-1,2.626720667E-1,3.665191308E-2
2.175790627E1,-1.802052408E-1,2.932153046E-1,1.893682219E-2
2.175997558E1,-1.777617931E-1,3.072652221E-1,6.719517522E-3
2.176205735E1,-1.631010175E-1,3.341432810E-1,-1.893682219E-2
2.176408269E1,-1.453859210E-1,3.555235863E-1,-3.237585723E-2
2.176616162E1,-1.331686229E-1,3.659082949E-1,-4.214970022E-2
2.176806785E1,-1.007927656E-1,3.854559660E-1,-5.986479297E-2
2.177006700E1,-6.414084882E-2,3.988949955E-1,-7.024950534E-2
2.177213696E1,-4.459316283E-2,4.019493461E-1,-7.880161703E-2
2.177417162E1,-1.221730490E-3,4.129449129E-1,-8.429940045E-2
2.177624150E1,4.520402849E-2,4.196644127E-1,-8.491026610E-2
2.177827639E1,7.024950534E-2,4.214970171E-1,-8.552113175E-2
2.178036208E1,1.258382350E-1,4.208861589E-1,-8.429940045E-2
2.178242908E1,1.795943826E-1,4.178318381E-1,-7.208210230E-2
2.178441300E1,2.370157093E-1,4.141666293E-1,-6.536258012E-2
2.178641496E1,2.638937831E-1,4.098905921E-1,-5.803219974E-2
2.178848300E1,3.213151097E-1,4.043927789E-1,-4.398229718E-2
2.179051800E1,3.769038618E-1,3.933972120E-1,-2.626720630E-2
2.179258785E1,4.013384581E-1,3.872885704E-1,-2.138028294E-2
2.179462254E1,4.550946057E-1,3.695734739E-1,3.665191587E-3
2.179669169E1,5.045747161E-1,3.506366611E-1,1.893682219E-2
2.179872619E1,5.271766782E-1,3.378084898E-1,3.115412779E-2
2.180079531E1,5.729916096E-1,3.127630055E-1,5.375614017E-2
2.180287712E1,6.181956530E-1,2.822197378E-1,7.147123665E-2
2.180490093E1,6.371324658E-1,2.638937831E-1,8.246681094E-2
2.180685816E1,6.743952036E-1,2.284636050E-1,1.044579595E-1
2.180892689E1,7.092145681E-1,1.899790913E-1,1.258382350E-1
2.181096096E1,7.244861722E-1,1.692096740E-1,1.337794960E-1
2.181302985E1,7.483099103E-1,1.240056455E-1,1.514945775E-1
2.181506439E1,7.654141784E-1,6.902777404E-2,1.673770845E-1
2.181713408E1,7.696902156E-1,3.909537569E-2,1.710422635E-1
2.181916823E1,7.696902156E-1,-2.993239649E-2,1.808161139E-1
2.182123746E1,7.593054771E-1,-1.075122803E-1,1.814269722E-1
2.182331885E1,7.397578359E-1,-1.948660165E-1,1.777617931E-1
2.182527123E1,7.287622094E-1,-2.376265824E-1,1.722639948E-1
2.182739800E1,6.927211881E-1,-3.365867436E-1,1.557706445E-1
2.182930319E1,6.517932415E-1,-4.367686510E-1,1.319468915E-1
2.183130277E1,6.255260110E-1,-4.899139404E-1,1.178969890E-1
2.183337185E1,5.760459304E-1,-5.888741016E-1,7.696902007E-2
2.183540639E1,5.241223574E-1,-6.896668673E-1,3.848451003E-2
2.183747546E1,4.923573732E-1,-7.391469479E-1,1.466076635E-2
2.183951069E1,4.349360466E-1,-8.350527883E-1,-3.604105115E-2
2.184158019E1,3.720169365E-1,-9.236282706E-1,-8.552113175E-2
2.184366158E1,3.426954150E-1,-9.682214260E-1,-1.117883399E-1
2.184568535E1,2.785545588E-1,-1.051299095E0,-1.661553532E-1
2.184782727E1,2.113593817E-1,-1.134376764E0,-2.138028294E-1
2.184966196E1,1.771509200E-1,-1.170417786E0,-2.443460971E-1
2.185166166E1,1.105666086E-1,-1.249219418E0,-2.956587672E-1
2.185373100E1,3.970624134E-2,-1.333518863E0,-3.463605940E-1
2.185576592E1,5.497787148E-3,-1.369559884E0,-3.720169365E-1
2.185783542E1,-6.719517708E-2,-1.445307136E0,-4.221078753E-1
2.185987004E1,-1.404990107E-1,-1.517389297E0,-4.709770977E-1
2.186193873E1,-1.783726513E-1,-1.552208543E0,-4.948008358E-1
2.186402050E1,-2.559525371E-1,-1.619403720E0,-5.430592299E-1
2.186600239E1,-3.384193480E-1,-1.674992561E0,-5.900958180E-1
2.186800262E1,-3.811798990E-1,-1.698816299E0,-6.108652353E-1
2.187007223E1,-4.685336351E-1,-1.733024716E0,-6.585127115E-1
2.187210685E1,-5.558874011E-1,-1.745852828E0,-7.006624341E-1
2.187417692E1,-6.450737119E-1,-1.734857321E0,-7.476990819E-1
2.187621027E1,-6.914994717E-1,-1.717753053E0,-7.666358948E-1
2.187827981E1,-7.812966704E-1,-1.662164330E0,-8.014551997E-1
2.188031442E1,-8.723155856E-1,-1.587027907E0,-8.405506015E-1
2.188238400E1,-9.138544202E-1,-1.547321677E0,-8.637634516E-1
2.188446616E1,-9.975429177E-1,-1.456302762E0,-8.985827565E-1
2.188649223E1,-1.072068453E0,-1.352455616E0,-9.358455539E-1
2.188844896E1,-1.104444385E0,-1.293201685E0,-9.560040832E-1
2.189051823E1,-1.158811331E0,-1.168585181E0,-9.841039181E-1
2.189255266E1,-1.198517561E0,-1.028697014E0,-1.006095052E0
2.189462246E1,-1.212567568E0,-9.566149712E-1,-1.017701507E0
2.189665708E1,-1.229671717E0,-7.947356701E-1,-1.020755768E0
2.189872623E1,-1.227839112E0,-6.267477274E-1,-1.012814522E0
2.190076035E1,-1.222952247E0,-5.424483418E-1,-9.999864101E-1
2.190282908E1,-1.206458807E0,-3.652974069E-1,-9.615018964E-1
2.190491089E1,-1.177137375E0,-1.820378453E-1,-9.132435322E-1
2.190689196E1,-1.161254883E0,-8.857546002E-2,-8.839219809E-1
2.190901542E1,-1.123992085E0,9.712757170E-2,-8.081747293E-1
2.191092150E1,-1.082453251E0,2.761110961E-1,-7.354817390E-1
2.191292131E1,-1.061683774E0,3.652974069E-1,-6.976081133E-1
2.191499008E1,-1.018312335E0,5.418374538E-1,-6.084218025E-1
2.191702454E1,-9.706648588E-1,7.122688890E-1,-5.332853794E-1
2.191909408E1,-9.279043078E-1,8.698720932E-1,-4.520402849E-1
2.192112896E1,-9.071348906E-1,9.437867999E-1,-4.105014503E-1
2.192319881E1,-8.619308472E-1,1.084285855E0,-3.439171314E-1
2.192528139E1,-8.167268038E-1,1.208902359E0,-2.791654170E-1
2.192730623E1,-7.935139537E-1,1.264491081E0,-2.455678284E-1
2.192938658E1,-7.476990819E-1,1.369559884E0,-1.960877478E-1
2.193129235E1,-6.939429045E-1,1.461800575E0,-1.472185254E-1
2.193329200E1,-6.670648456E-1,1.502117634E0,-1.264491081E-1
2.193536146E1,-6.108652353E-1,1.574810624E0,-8.491026610E-2
2.193739623E1,-5.528330207E-1,1.634675384E0,-4.948008433E-2
2.193946566E1,-5.180137157E-1,1.660331726E0,-3.115412779E-2
2.194150012E1,-4.563163519E-1,1.696372747E0,4.276056774E-3
2.194357012E1,-3.872885704E-1,1.712866187E0,3.604105115E-2
2.194565269E1,-3.536909819E-1,1.715309620E0,5.192354694E-2
2.194763562E1,-2.846632004E-1,1.700037956E0,8.185594529E-2
2.194963708E1,-2.168571651E-1,1.667051196E0,1.117883399E-1
2.195170819E1,-1.820378453E-1,1.645060062E0,1.246165112E-1
2.195374246E1,-1.160643995E-1,1.577864885E0,1.514945775E-1
2.195581181E1,-5.375614017E-2,1.485013366E0,1.777617931E-1
2.195784719E1,-2.443460934E-2,1.428813815E0,1.918116808E-1
2.195987250E1,2.809980139E-2,1.309084177E0,2.168571651E-1
2.196187212E1,7.757988572E-2,1.177748203E0,2.376265824E-1
2.196394231E1,9.529497474E-2,1.106276989E0,2.498438805E-1
2.196602508E1,1.313360333E-1,9.578366876E-1,2.712241709E-1
2.196805085E1,1.582140923E-1,8.020660877E-1,2.907718420E-1
2.197000939E1,1.710422635E-1,7.214318514E-1,3.017674387E-1
2.197207835E1,1.924225539E-1,5.595525503E-1,3.078760803E-1
2.197411319E1,2.021963894E-1,3.982841372E-1,3.133738637E-1
2.197618304E1,2.101376504E-1,2.388483137E-1,3.121521473E-1
2.197821896E1,2.095267773E-1,1.606575549E-1,3.072652221E-1
2.198028800E1,2.089159191E-1,6.108652335E-3,2.974913716E-1
2.198232223E1,2.015855312E-1,-1.404990107E-1,2.846632004E-1
2.198439304E1,1.985312104E-1,-2.119702399E-1,2.730567753E-1
2.198647412E1,1.875356287E-1,-3.481931984E-1,2.522873580E-1
2.198845589E1,1.740965992E-1,-4.728097022E-1,2.321287990E-1
2.199058042E1,1.698205322E-1,-5.302310586E-1,2.186897546E-1
2.199248669E1,1.533271819E-1,-6.328563690E-1,1.973094791E-1
2.199448642E1,1.331686229E-1,-7.177666426E-1,1.802052408E-1
2.199655512E1,1.240056455E-1,-7.556403279E-1,1.685988009E-1
2.199858966E1,9.896016866E-2,-8.173376918E-1,1.569923609E-1
2.200065823E1,7.513642311E-2,-8.594874144E-1,1.496619880E-1
2.200269200E1,6.169738993E-2,-8.759807348E-1,1.466076523E-1
2.200476142E1,3.298672289E-2,-8.943067193E-1,1.398881376E-1
2.200684316E1,7.330383174E-3,-9.022479653E-1,1.404990107E-1
2.200886762E1,-2.076941915E-2,-8.936958313E-1,1.417207420E-1
2.201101081E1,-3.726277873E-2,-8.881980777E-1,1.417207420E-1
2.201284696E1,-6.414084882E-2,-8.710938692E-1,1.527163088E-1
2.201484631E1,-7.880161703E-2,-8.588765264E-1,1.563815027E-1
2.201691527E1,-1.069014147E-1,-8.313875794E-1,1.710422635E-1
2.201895012E1,-1.356120855E-1,-8.038986921E-1,1.863138974E-1
2.202101900E1,-1.612684280E-1,-7.696902156E-1,2.015855312E-1
2.202305385E1,-1.771509200E-1,-7.531968355E-1,2.144137025E-1
2.202512389E1,-2.113593817E-1,-7.165449262E-1,2.364048511E-1
2.202720531E1,-2.437352389E-1,-6.743952036E-1,2.614503205E-1
2.202918700E1,-2.602286041E-1,-6.560692787E-1,2.718350291E-1
2.203118823E1,-2.981022298E-1,-6.108652353E-1,2.968805134E-1
2.203325742E1,-3.365867436E-1,-5.583308339E-1,3.243694305E-1
2.203529216E1,-3.536909819E-1,-5.320636034E-1,3.390302062E-1
2.203736212E1,-3.982841372E-1,-4.746423066E-1,3.665191531E-1
2.203939666E1,-4.428772926E-1,-4.159992337E-1,3.909537494E-1
2.204146558E1,-4.673119187E-1,-3.860668242E-1,4.068362415E-1
2.204350081E1,-5.186246037E-1,-3.255911767E-1,4.355469346E-1
2.204556973E1,-5.687155724E-1,-2.645046413E-1,4.618141353E-1
2.204765212E1,-5.962044597E-1,-2.339613885E-1,4.746423066E-1
2.204967762E1,-6.572909951E-1,-1.814269722E-1,4.996877611E-1
2.205163373E1,-7.165449262E-1,-1.276708394E-1,5.222898126E-1
2.205370323E1,-7.513642311E-1,-1.026253626E-1,5.332853794E-1
2.205573781E1,-8.155050874E-1,-5.619960278E-2,5.503895879E-1
2.205780623E1,-8.863654733E-1,-2.015855350E-2,5.619960427E-1
2.205984066E1,-9.639453292E-1,1.160643995E-2,5.815436840E-1
2.206190946E1,-1.003040791E0,2.199114859E-2,5.919284225E-1
2.206394354E1,-1.083064079E0,4.214970022E-2,6.078109145E-1
2.206601212E1,-1.160643935E0,6.047565863E-2,6.298020482E-1
2.206809388E1,-1.200961113E0,6.902777404E-2,6.377432942E-1
2.207007585E1,-1.279151797E0,9.162978828E-2,6.572909951E-1
2.207219988E1,-1.354899168E0,1.185078546E-1,6.798930168E-1
2.207410558E1,-1.393383622E0,1.307251602E-1,6.908885837E-1
2.207610473E1,-1.473407030E0,1.594358236E-1,7.086036801E-1
2.207817335E1,-1.550375938E0,1.893682331E-1,7.281513810E-1
2.208020812E1,-1.590082288E0,2.052507252E-1,7.367035151E-1
2.208227638E1,-1.666440368E0,2.364048511E-1,7.501425147E-1
2.208431016E1,-1.741576791E0,2.669481039E-1,7.654141784E-1
2.208637912E1,-1.775785327E0,2.877175212E-1,7.696902156E-1
2.208846123E1,-1.841758728E0,3.249803185E-1,7.812966704E-1
2.209048642E1,-1.907121301E0,3.640756905E-1,7.904596329E-1
2.209256631E1,-1.965153456E0,4.062253833E-1,7.971791625E-1
2.209447239E1,-1.987144589E0,4.257730842E-1,7.996225953E-1
2.209647254E1,-2.034181356E0,4.667010605E-1,8.063421249E-1
2.209854208E1,-2.053117990E0,4.850270152E-1,8.051204085E-1
2.210057673E1,-2.086104870E0,5.186246037E-1,8.069530129E-1
2.210264616E1,-2.112982988E0,5.522221923E-1,8.087855577E-1
2.210468054E1,-2.122756720E0,5.644394755E-1,8.087855577E-1
2.210674962E1,-2.135584831E0,5.815436840E-1,8.057312369E-1
2.210883077E1,-2.141693592E0,5.943718553E-1,8.100073338E-1
2.211081212E1,-2.142915249E0,6.017022729E-1,8.075638413E-1
2.211281196E1,-2.141082764E0,5.986479521E-1,8.087855577E-1
2.211488146E1,-2.129476309E0,5.949827433E-1,8.106181622E-1
2.211691558E1,-2.116037130E0,5.900958180E-1,8.148942590E-1
2.211898369E1,-2.106874228E0,5.827654600E-1,8.112290502E-1
2.212101788E1,-2.083661318E0,5.699372888E-1,8.148942590E-1
2.212308712E1,-2.057394028E0,5.467243791E-1,8.222246170E-1
2.212512169E1,-2.041511536E0,5.363397002E-1,8.240572214E-1
2.212719004E1,-2.015244484E0,5.045747161E-1,8.350527883E-1
2.212927246E1,-1.979814291E0,4.679227769E-1,8.436049223E-1
2.213129750E1,-1.963931799E0,4.416555762E-1,8.509352803E-1
2.213325389E1,-1.924836397E0,3.860668242E-1,8.655960560E-1
2.213532273E1,-1.884519339E0,3.262020350E-1,8.735373020E-1
2.213735746E1,-1.864971638E0,2.950479090E-1,8.814785480E-1
2.213942731E1,-1.820989251E0,2.327396572E-1,8.900306821E-1
2.214146208E1,-1.777617812E0,1.631010175E-1,8.979719281E-1
2.214353088E1,-1.729359508E0,1.062905490E-1,8.991936445E-1
2.214556588E1,-1.702481389E0,7.330382615E-2,8.998045325E-1
2.214763550E1,-1.651168704E0,1.710422710E-2,8.985827565E-1
2.214971831E1,-1.596801758E0,-4.092797264E-2,8.924741149E-1
2.215170042E1,-1.573588848E0,-7.024950534E-2,8.900306821E-1
2.215382400E1,-1.514334917E0,-1.246165112E-1,8.784242272E-1
2.215572946E1,-1.457524419E0,-1.802052408E-1,8.643743396E-1
2.215772908E1,-1.431868076E0,-2.076941878E-1,8.588765264E-1
2.215979846E1,-1.376279354E0,-2.608394623E-1,8.338310719E-1
2.216183296E1,-1.323134065E0,-3.176499307E-1,8.112290502E-1
2.216390265E1,-1.295645237E0,-3.426954150E-1,7.971791625E-1
2.216593708E1,-1.243110776E0,-3.933972120E-1,7.654141784E-1
2.216800612E1,-1.197906733E0,-4.440990388E-1,7.324274182E-1
2.217008823E1,-1.174693823E0,-4.691445231E-1,7.110471725E-1
2.217211831E1,-1.134987593E0,-5.149593949E-1,6.725626588E-1
2.217426112E1,-1.097113967E0,-5.595525503E-1,6.236934066E-1
2.217609646E1,-1.079398870E0,-5.784893632E-1,6.004805565E-1
2.217809596E1,-1.050077319E0,-6.163630486E-1,5.522221923E-1
2.218016527E1,-1.018923283E0,-6.530149579E-1,4.984660447E-1
2.218219938E1,-1.007316828E0,-6.664539576E-1,4.703662395E-1
2.218426915E1,-9.810495973E-1,-6.945537925E-1,4.147774875E-1
2.218630408E1,-9.572258592E-1,-7.159340382E-1,3.591887653E-1
2.218838785E1,-9.450085163E-1,-7.238753438E-1,3.292563558E-1
2.219045473E1,-9.193521738E-1,-7.422012687E-1,2.748893499E-1
2.219240723E1,-8.967501521E-1,-7.556403279E-1,2.235766798E-1
2.219440842E1,-8.881980777E-1,-7.611380816E-1,1.973094791E-1
2.219647727E1,-8.625417352E-1,-7.672467232E-1,1.490511149E-1
2.219851162E1,-8.429940343E-1,-7.721336484E-1,1.069014147E-1
2.220058081E1,-8.234463334E-1,-7.678576112E-1,6.475171447E-2
2.220261519E1,-8.136724830E-1,-7.672467232E-1,4.825835302E-2
2.220463962E1,-7.953465581E-1,-7.593054771E-1,1.404990070E-2
2.220663819E1,-7.794640660E-1,-7.489207983E-1,-2.015855350E-2
2.220870735E1,-7.757988572E-1,-7.391469479E-1,-3.543018550E-2
2.221078915E1,-7.623597980E-1,-7.220427394E-1,-6.230825558E-2
2.221282062E1,-7.531968355E-1,-6.963863969E-1,-8.246681094E-2
2.221477854E1,-7.489207983E-1,-6.811147332E-1,-9.529497474E-2
2.221684812E1,-7.397578359E-1,-6.462954283E-1,-1.154535338E-1
2.221888281E1,-7.324274182E-1,-6.072000265E-1,-1.264491081E-1
2.222095208E1,-7.318165898E-1,-5.845980644E-1,-1.282816976E-1
2.222298665E1,-7.269296646E-1,-5.351179838E-1,-1.362229437E-1
2.222505519E1,-7.220427394E-1,-4.807509482E-1,-1.350012124E-1
2.222709069E1,-7.244861722E-1,-4.544837475E-1,-1.307251602E-1
2.222916004E1,-7.220427394E-1,-3.988949955E-1,-1.215621829E-1
2.223124227E1,-7.208209634E-1,-3.512475193E-1,-1.130100712E-1
2.223319435E1,-7.220427394E-1,-3.286454976E-1,-1.044579595E-1
2.223531769E1,-7.244861722E-1,-2.858849466E-1,-9.468411654E-2
2.223722319E1,-7.287622094E-1,-2.467895597E-1,-7.757988572E-2
2.223922292E1,-7.336491346E-1,-2.254092693E-1,-6.414084882E-2
2.224129242E1,-7.415903807E-1,-1.869247705E-1,-4.948008433E-2
2.224332708E1,-7.489207983E-1,-1.490511149E-1,-2.687807009E-2
2.224539596E1,-7.562511563E-1,-1.295034289E-1,-1.710422710E-2
2.224743012E1,-7.672467232E-1,-8.796459436E-2,7.330383174E-3
2.224949942E1,-7.812966704E-1,-4.825835302E-2,3.420845419E-2
2.225158239E1,-7.953465581E-1,-4.276056774E-3,5.681046844E-2
2.225361419E1,-8.038986921E-1,1.832595654E-2,7.086037099E-2
2.225569500E1,-8.210029006E-1,5.864306539E-2,9.957103431E-2
2.225759973E1,-8.344419003E-1,1.026253626E-1,1.246165112E-1
2.225960027E1,-8.417723179E-1,1.233947799E-1,1.386664063E-1
2.226166965E1,-8.558222055E-1,1.643227488E-1,1.612684280E-1
2.226370388E1,-8.704829812E-1,2.064724565E-1,1.826487035E-1
2.226577292E1,-8.778133392E-1,2.241875380E-1,1.924225539E-1
2.226780750E1,-8.888089061E-1,2.596177161E-1,2.076941878E-1
2.226987731E1,-8.991936445E-1,2.926044464E-1,2.199114859E-1
2.227195942E1,-9.077457786E-1,3.097086847E-1,2.241875380E-1
2.227391204E1,-9.175195694E-1,3.353650272E-1,2.309070677E-1
2.227591312E1,-9.230173826E-1,3.555235863E-1,2.327396572E-1
2.227798208E1,-9.291260242E-1,3.652974069E-1,2.296853364E-1
2.228001646E1,-9.340129495E-1,3.781255782E-1,2.278527319E-1
2.228208508E1,-9.425650835E-1,3.848451078E-1,2.211332172E-1
2.228412027E1,-9.450085163E-1,3.848451078E-1,2.193006277E-1
2.228618900E1,-9.486737251E-1,3.866777122E-1,2.101376504E-1
2.228822392E1,-9.474520087E-1,3.842342496E-1,1.942551434E-1
2.229029269E1,-9.511171579E-1,3.817907870E-1,1.905899495E-1
2.229237538E1,-9.474520087E-1,3.769038618E-1,1.759291887E-1
2.229438038E1,-9.431759119E-1,3.677408695E-1,1.618792862E-1
2.229633638E1,-9.401215911E-1,3.628539443E-1,1.521054506E-1
2.229840508E1,-9.297369123E-1,3.524692357E-1,1.386664063E-1
2.230043938E1,-9.150761366E-1,3.390302062E-1,1.209513173E-1
2.230250788E1,-8.979719281E-1,3.243694305E-1,1.032362282E-1
2.230454254E1,-8.863654733E-1,3.176499307E-1,9.468411654E-2
2.230661165E1,-8.631525636E-1,3.017674387E-1,7.696902007E-2
2.230864562E1,-8.338310719E-1,2.901609838E-1,5.558873713E-2
2.231071465E1,-8.185594082E-1,2.852740586E-1,4.825835302E-2
2.231279658E1,-7.855727077E-1,2.736676335E-1,3.359758854E-2
2.231474877E1,-7.434229851E-1,2.645046413E-1,9.162978269E-3
2.231687227E1,-7.269296646E-1,2.583959997E-1,9.162978269E-3
2.231877842E1,-6.835582256E-1,2.553416789E-1,-5.497787148E-3
2.232077800E1,-6.401867867E-1,2.535090744E-1,-1.282817032E-2
2.232284712E1,-6.181956530E-1,2.522873580E-1,-1.649336144E-2
2.232488096E1,-5.717698932E-1,2.504547536E-1,-1.832595654E-2
2.232694962E1,-5.290092826E-1,2.498438805E-1,-1.954768784E-2
2.232898454E1,-5.064072609E-1,2.492330223E-1,-1.404990070E-2
2.233105396E1,-4.624249935E-1,2.553416789E-1,-7.330383174E-3
2.233313612E1,-4.172209501E-1,2.608394623E-1,-6.108652451E-4
2.233516627E1,-3.946189582E-1,2.620611787E-1,4.886921961E-3
2.233732615E1,-3.488040566E-1,2.663372457E-1,1.771509275E-2
2.233916250E1,-3.072652221E-1,2.712241709E-1,3.604105115E-2
2.234116196E1,-2.877175212E-1,2.761110961E-1,4.703662544E-2
2.234323115E1,-2.467895597E-1,2.791654170E-1,6.597344577E-2
2.234526569E1,-2.058615834E-1,2.834414840E-1,8.552113175E-2
2.234733496E1,-1.887573600E-1,2.852740586E-1,9.712757170E-2
2.234936954E1,-1.502728462E-1,2.816088796E-1,1.172861308E-1
2.235143912E1,-1.166752651E-1,2.791654170E-1,1.386664063E-1
2.235352108E1,-8.368854225E-2,2.767219543E-1,1.582140923E-1
2.235550304E1,-6.658431143E-2,2.706133127E-1,1.685988009E-1
2.235750531E1,-3.970624134E-2,2.681698501E-1,1.893682331E-1
2.235957454E1,-1.527163107E-2,2.669481039E-1,2.125810981E-1
2.236160892E1,-4.886921961E-3,2.669481039E-1,2.205223590E-1
2.236367838E1,1.710422710E-2,2.663372457E-1,2.443460971E-1
2.236571246E1,3.420845419E-2,2.693915665E-1,2.638937831E-1
2.236778150E1,4.214970022E-2,2.736676335E-1,2.712241709E-1
2.236981627E1,5.314527452E-2,2.809980214E-1,2.901609838E-1
2.237188400E1,6.536258012E-2,2.907718420E-1,3.090978265E-1
2.237396646E1,6.719517708E-2,2.968805134E-1,3.164281845E-1
2.237599112E1,7.330382615E-2,3.097086847E-1,3.353650272E-1
2.237794708E1,7.635815442E-2,3.243694305E-1,3.445279896E-1
2.238001608E1,7.391469181E-2,3.329215646E-1,3.518583775E-1
2.238205058E1,7.330382615E-2,3.530801237E-1,3.634648323E-1
2.238412054E1,6.475171447E-2,3.775147200E-1,3.707951903E-1
2.238615512E1,5.925392732E-2,3.909537494E-1,3.720169365E-1
2.238822442E1,4.764748737E-2,4.208861589E-1,3.750712574E-1
2.239025958E1,2.871066704E-2,4.593706727E-1,3.738495409E-1
2.239232888E1,7.330383174E-3,4.929682612E-1,3.726277947E-1
2.239441162E1,-4.886921961E-3,5.094616413E-1,3.671300113E-1
2.239639592E1,-3.665191308E-2,5.448917747E-1,3.604104817E-1
2.239851900E1,-6.719517708E-2,5.791002512E-1,3.469714522E-1
2.240042477E1,-8.613199741E-2,5.937610269E-1,3.390302062E-1
2.240242373E1,-1.276708394E-1,6.200281978E-1,3.207042515E-1
2.240449288E1,-1.710422635E-1,6.438519955E-1,2.962696552E-1
2.240652712E1,-1.973094791E-1,6.511823535E-1,2.858849466E-1
2.240859654E1,-2.492330223E-1,6.640105247E-1,2.596177161E-1
2.241063150E1,-3.023782969E-1,6.731734872E-1,2.321287990E-1
2.241269973E1,-3.304781020E-1,6.750060916E-1,2.144137025E-1
2.241478131E1,-3.891211748E-1,6.750060916E-1,1.802052408E-1
2.241680596E1,-4.538728893E-1,6.682865620E-1,1.453859210E-1
2.241888550E1,-4.825835526E-1,6.640105247E-1,1.301143020E-1
2.242079127E1,-5.442809463E-1,6.487388611E-1,9.162978828E-2
2.242279054E1,-6.084218025E-1,6.175847650E-1,5.803219974E-2
2.242485923E1,-6.371324658E-1,6.010913849E-1,4.214970022E-2
2.242689327E1,-6.914994717E-1,5.516113043E-1,9.773843922E-3
2.242896227E1,-7.434229851E-1,4.862487316E-1,-2.015855350E-2
2.243099612E1,-7.684684992E-1,4.483750761E-1,-3.359758854E-2
2.243306500E1,-8.087855577E-1,3.536909819E-1,-5.681046844E-2
2.243514665E1,-8.509352803E-1,2.388483137E-1,-7.513642311E-2
2.243713019E1,-8.662069440E-1,1.783726513E-1,-8.002334833E-2
2.243913019E1,-8.943067193E-1,3.787364438E-2,-8.735372871E-2
2.244119946E1,-9.187413454E-1,-1.130100712E-1,-8.613199741E-2
2.244323346E1,-9.401215911E-1,-2.706133127E-1,-7.391469181E-2
2.244530285E1,-9.498954415E-1,-3.512475193E-1,-6.230825558E-2
2.244733769E1,-9.627236128E-1,-5.082398653E-1,-3.543018550E-2
2.244936238E1,-9.706648588E-1,-6.554583907E-1,1.038470957E-2
2.245136215E1,-9.712757468E-1,-7.232644558E-1,3.237585723E-2
2.245343100E1,-9.755517840E-1,-8.484918475E-1,9.590584040E-2
2.245551358E1,-9.731083512E-1,-9.492846131E-1,1.679879427E-1
2.245753838E1,-9.700540304E-1,-9.975429177E-1,2.107485086E-1
2.245949592E1,-9.663888216E-1,-1.071457624E0,3.011565804E-1
2.246156512E1,-9.523389339E-1,-1.119105101E0,3.940080702E-1
2.246359996E1,-9.480628371E-1,-1.134376764E0,4.416555762E-1
2.246566881E1,-9.352346659E-1,-1.145983219E0,5.400048494E-1
2.246770362E1,-9.187413454E-1,-1.123381138E0,6.420193911E-1
2.246977300E1,-9.114109278E-1,-1.099557400E0,6.890559793E-1
2.247180719E1,-8.930850029E-1,-1.031751394E0,7.849618196E-1
2.247387642E1,-8.772025108E-1,-9.364564419E-1,8.784242272E-1
2.247595877E1,-8.729264140E-1,-8.802568316E-1,9.169087410E-1
2.247794169E1,-8.607091308E-1,-7.483099103E-1,9.963212013E-1
2.248006377E1,-8.503243923E-1,-5.986479521E-1,1.062905550E0
2.248196935E1,-8.454375267E-1,-5.155702829E-1,1.092837930E0
2.248396850E1,-8.381071091E-1,-3.365867436E-1,1.142318010E0
2.248603742E1,-8.362745047E-1,-1.368338168E-1,1.176526427E0
2.248807196E1,-8.350527883E-1,-3.298672289E-2,1.189354658E0
2.249014158E1,-8.387179971E-1,1.838704348E-1,1.207069755E0
2.249217596E1,-8.472700715E-1,4.159992337E-1,1.214400053E0
2.249424550E1,-8.619308472E-1,6.505714655E-1,1.202182770E0
2.249632823E1,-8.704829812E-1,7.666358948E-1,1.190576315E0
2.249835254E1,-8.985827565E-1,1.002429843E0,1.154535294E0
2.250049504E1,-9.340129495E-1,1.230893493E0,1.105666041E0
2.250233127E1,-9.529497623E-1,1.346346974E0,1.071457624E0
2.250433169E1,-1.004873276E0,1.565647602E0,9.938777685E-1
2.250640223E1,-1.061683774E0,1.770898342E0,8.991936445E-1
2.250843754E1,-1.094670534E0,1.863139033E0,8.478809595E-1
2.251050765E1,-1.161865711E0,2.031126976E0,7.305948138E-1
2.251254365E1,-1.237002134E0,2.162462950E0,6.047565937E-1
2.251461385E1,-1.275486588E0,2.218051672E0,5.424483418E-1
2.251669711E1,-1.345125318E0,2.304794550E0,4.123340547E-1
2.251868184E1,-1.410487890E0,2.354885578E0,2.889392674E-1
2.252068273E1,-1.439809442E0,2.366492033E0,2.290744632E-1
2.252275258E1,-1.497841597E0,2.364659309E0,1.130100712E-1
2.252478773E1,-1.543045640E0,2.329229116E0,5.497787148E-3
2.252685758E1,-1.565647602E0,2.298686028E0,-3.787364438E-2
2.252889269E1,-1.601688623E0,2.221106052E0,-1.313360333E-1
2.253096277E1,-1.632842779E0,2.120313168E0,-2.028072625E-1
2.253299827E1,-1.657277465E0,2.001805305E0,-2.657263875E-1
2.253506861E1,-1.668272972E0,1.937664509E0,-2.944370508E-1
2.253715069E1,-1.688431501E0,1.795332909E0,-3.329215646E-1
2.253917623E1,-1.706146598E0,1.640784025E0,-3.646865487E-1
2.254113242E1,-1.711644411E0,1.557706356E0,-3.793473244E-1
2.254320150E1,-1.723250866E0,1.382998943E0,-3.946189582E-1
2.254523611E1,-1.731802940E0,1.193019867E0,-4.043927789E-1
2.254730573E1,-1.731802940E0,1.092227101E0,-4.050036669E-1
2.254934077E1,-1.735468149E0,8.912523985E-1,-4.001167417E-1
2.255140988E1,-1.734857321E0,6.878342628E-1,-3.915646076E-1
2.255344492E1,-1.732413888E0,5.852088928E-1,-3.860668242E-1
2.255551469E1,-1.723861694E0,3.836233616E-1,-3.640756905E-1
2.255759727E1,-1.707979202E0,1.924225539E-1,-3.512475193E-1
2.255954973E1,-1.701259732E0,1.026253626E-1,-3.390302062E-1
2.256167504E1,-1.679879427E0,-7.024950534E-2,-3.145956099E-1
2.256358242E1,-1.654833913E0,-2.235766798E-1,-2.913827300E-1
2.256558296E1,-1.641394973E0,-2.938261926E-1,-2.779437006E-1
2.256765223E1,-1.610851645E0,-4.214970171E-1,-2.492330223E-1
2.256968781E1,-1.576643229E0,-5.290092826E-1,-2.241875380E-1
2.257175746E1,-1.559538960E0,-5.766568184E-1,-2.076941878E-1
2.257379269E1,-1.522887111E0,-6.475171447E-1,-1.808161139E-1
2.257586231E1,-1.485013366E0,-6.933320761E-1,-1.582140923E-1
2.257794461E1,-1.446528912E0,-7.122688890E-1,-1.295034289E-1
2.257997258E1,-1.425759435E0,-7.141014934E-1,-1.172861308E-1
2.258205250E1,-1.388496757E0,-6.982190013E-1,-9.896016866E-2
2.258395873E1,-1.347568750E0,-6.658431292E-1,-7.941248268E-2
2.258595881E1,-1.331075311E0,-6.438519955E-1,-6.780604273E-2
2.258802819E1,-1.292590857E0,-5.900958180E-1,-5.253441259E-2
2.259006161E1,-1.255938888E0,-5.283984542E-1,-3.665191308E-2
2.259213131E1,-1.238223910E0,-4.941899776E-1,-2.932153270E-2
2.259416554E1,-1.200961113E0,-4.245513380E-1,-2.015855350E-2
2.259625023E1,-1.166752577E0,-3.457497358E-1,-7.330383174E-3
2.259831661E1,-1.149037480E0,-3.066543639E-1,0.000000000E0
2.260026915E1,-1.112996459E0,-2.235766798E-1,3.665191587E-3
2.260226908E1,-1.075733662E0,-1.404990107E-1,1.404990070E-2
2.260433815E1,-1.060462117E0,-9.834930301E-2,1.588249579E-2
2.260637288E1,-1.026864529E0,-1.160643995E-2,7.941247895E-3
2.260844200E1,-9.944885969E-1,6.902777404E-2,1.282817032E-2
2.261047588E1,-9.749409556E-1,1.081231460E-1,1.221730467E-2
2.261254469E1,-9.382890463E-1,1.795943826E-1,-6.108652451E-4
2.261457854E1,-9.004153609E-1,2.443460971E-1,-1.343903504E-2
2.261664788E1,-8.808676600E-1,2.718350291E-1,-1.771509275E-2
2.261872896E1,-8.387179971E-1,3.268128932E-1,-3.604105115E-2
2.262075942E1,-7.965682745E-1,3.701843321E-1,-4.886921868E-2
2.262271465E1,-7.715228200E-1,3.915646076E-1,-5.925392732E-2
2.262478377E1,-7.244861722E-1,4.257730842E-1,-8.552113175E-2
2.262681796E1,-6.731734872E-1,4.502076805E-1,-1.093448773E-1
2.262888738E1,-6.200281978E-1,4.715879560E-1,-1.356120855E-1
2.263092181E1,-5.962044597E-1,4.789183438E-1,-1.508837193E-1
2.263299042E1,-5.418374538E-1,4.880813360E-1,-1.734857261E-1
2.263502442E1,-4.844161272E-1,4.874704778E-1,-2.028072625E-1
2.263709385E1,-4.544837475E-1,4.868595898E-1,-2.193006277E-1
2.263917619E1,-3.970624208E-1,4.825835526E-1,-2.455678284E-1
2.264112884E1,-3.451388776E-1,4.746423066E-1,-2.742784917E-1
2.264325254E1,-3.188716471E-1,4.721988440E-1,-2.871066630E-1
2.264515854E1,-2.669481039E-1,4.630358517E-1,-3.145956099E-1
2.264715785E1,-2.150245607E-1,4.502076805E-1,-3.396410644E-1
2.264922785E1,-1.912008226E-1,4.440990388E-1,-3.530801237E-1
2.265126296E1,-1.423316002E-1,4.269948006E-1,-3.824016452E-1
2.265333258E1,-9.651670605E-2,4.111123085E-1,-4.050036669E-1
2.265536792E1,-7.330382615E-2,4.019493461E-1,-4.184426963E-1
2.265743704E1,-2.993239649E-2,3.830125034E-1,-4.440990388E-1
2.265951919E1,1.099557430E-2,3.628539443E-1,-4.667010605E-1
2.266154311E1,3.359758854E-2,3.524692357E-1,-4.838052690E-1
2.266368615E1,7.513642311E-2,3.255911767E-1,-5.100724697E-1
2.266552231E1,1.221730486E-1,2.968805134E-1,-5.387831330E-1
2.266752281E1,1.398881376E-1,2.797762752E-1,-5.485569835E-1
2.266959200E1,1.802052408E-1,2.425135076E-1,-5.754350424E-1
2.267162711E1,2.217440903E-1,2.076941878E-1,-6.004805565E-1
2.267369592E1,2.388483137E-1,1.887573600E-1,-6.145304441E-1
2.267573015E1,2.748893499E-1,1.576032341E-1,-6.389650702E-1
2.267779938E1,3.029891551E-1,1.252273768E-1,-6.554583907E-1
2.267988146E1,3.316998184E-1,9.590584040E-2,-6.786713004E-1
2.268186504E1,3.433062732E-1,8.002334833E-2,-6.860016584E-1
2.268386404E1,3.652974069E-1,4.886921868E-2,-6.988298297E-1
2.268593319E1,3.836233616E-1,1.527163107E-2,-7.110471725E-1
2.268796754E1,3.915646076E-1,-3.665191587E-3,-7.189884186E-1
2.269003581E1,4.031710625E-1,-3.848451003E-2,-7.257078886E-1
2.269207204E1,4.105014503E-1,-7.513642311E-2,-7.342600226E-1
2.269409769E1,4.135557711E-1,-9.529497474E-2,-7.342600226E-1
2.269609742E1,4.172209501E-1,-1.325577646E-1,-7.299839854E-1
2.269816673E1,4.184426963E-1,-1.679879427E-1,-7.250970602E-1
2.270024892E1,4.178318381E-1,-1.869247705E-1,-7.226535678E-1
2.270227350E1,4.178318381E-1,-2.205223590E-1,-7.122688890E-1
2.270423158E1,4.166100919E-1,-2.516764700E-1,-7.012733221E-1
2.270630065E1,4.129449129E-1,-2.663372457E-1,-6.933320761E-1
2.270833554E1,4.092797041E-1,-2.956587672E-1,-6.713408828E-1
2.271040454E1,4.031710625E-1,-3.268128932E-1,-6.536257863E-1
2.271243946E1,3.976732790E-1,-3.408628106E-1,-6.395758986E-1
2.271450861E1,3.885102868E-1,-3.652974069E-1,-6.139195561E-1
2.271654284E1,3.769038618E-1,-3.921754956E-1,-5.864306092E-1
2.271861231E1,3.689626157E-1,-4.031710625E-1,-5.772676468E-1
2.272069488E1,3.549126983E-1,-4.214970171E-1,-5.424483418E-1
2.272267846E1,3.371976018E-1,-4.410447180E-1,-5.131267905E-1
2.272480073E1,3.207042515E-1,-4.563163519E-1,-4.807509482E-1
2.272670634E1,3.090978265E-1,-4.636467099E-1,-4.642575979E-1
2.272870496E1,2.883284092E-1,-4.728097022E-1,-4.294382632E-1
2.273077477E1,2.675589919E-1,-4.783074856E-1,-3.946189582E-1
2.273280908E1,2.571742535E-1,-4.789183438E-1,-3.781255782E-1
2.273487792E1,2.351831198E-1,-4.783074856E-1,-3.439171314E-1
2.273691238E1,2.107485086E-1,-4.746423066E-1,-3.121521473E-1
2.273898165E1,1.997529417E-1,-4.691445231E-1,-2.950479090E-1
2.274106373E1,1.747074574E-1,-4.544837475E-1,-2.590068579E-1
2.274308873E1,1.502728462E-1,-4.337143302E-1,-2.254092693E-1
2.274516684E1,1.380555481E-1,-4.221078753E-1,-2.083050460E-1
2.274707196E1,1.154535338E-1,-3.940080702E-1,-1.765400618E-1
2.274907104E1,8.613199741E-2,-3.597996235E-1,-1.459967941E-1
2.275114081E1,7.330382615E-2,-3.396410644E-1,-1.301143020E-1
2.275317600E1,4.153883830E-2,-2.987131178E-1,-1.044579595E-1
2.275524500E1,1.282817032E-2,-2.547308207E-1,-7.880161703E-2
2.275727992E1,-3.665191587E-3,-2.296853364E-1,-7.024950534E-2
2.275934958E1,-3.543018550E-2,-1.808161139E-1,-4.764748737E-2
2.276143184E1,-6.780604273E-2,-1.282816976E-1,-2.809980139E-2
2.276338469E1,-8.613199741E-2,-1.056796908E-1,-1.954768784E-2
2.276538454E1,-1.197295859E-1,-5.131268129E-2,-1.832595794E-3
2.276745300E1,-1.527163088E-1,-1.221730490E-3,7.330383174E-3
2.276948777E1,-1.704314053E-1,2.565634064E-2,1.588249579E-2
2.277155734E1,-2.046398520E-1,7.147123665E-2,3.115412779E-2
2.277359188E1,-2.302961946E-1,1.166752651E-1,3.909537569E-2
2.277566173E1,-2.596177161E-1,1.618792862E-1,4.764748737E-2
2.277769684E1,-2.718350291E-1,1.844813079E-1,5.436700583E-2
2.277976623E1,-2.999348342E-1,2.241875380E-1,6.108652428E-2
2.278184854E1,-3.200933933E-1,2.632829249E-1,6.536258012E-2
2.278388054E1,-3.329215646E-1,2.822197378E-1,7.086037099E-2
2.278583665E1,-3.494149148E-1,3.170390725E-1,7.147123665E-2
2.278790658E1,-3.628539443E-1,3.475823104E-1,7.635815442E-2
2.278994188E1,-3.720169365E-1,3.628539443E-1,8.063421398E-2
2.279201115E1,-3.811798990E-1,3.903428912E-1,7.635815442E-2
2.279404696E1,-3.891211748E-1,4.129449129E-1,8.552113175E-2
2.279611604E1,-3.909537494E-1,4.233296216E-1,8.674286306E-2
2.279815069E1,-3.915646076E-1,4.404338300E-1,8.491026610E-2
2.280022027E1,-3.903428912E-1,4.538728893E-1,8.796459436E-2
2.280230292E1,-3.891211748E-1,4.599815309E-1,8.857546002E-2
2.280425608E1,-3.811798990E-1,4.697553813E-1,8.613199741E-2
2.280637938E1,-3.726277947E-1,4.746423066E-1,8.796459436E-2
2.280828569E1,-3.677408695E-1,4.752531648E-1,8.674286306E-2
2.281028546E1,-3.524692357E-1,4.776966274E-1,8.674286306E-2
2.281235546E1,-3.365867436E-1,4.776966274E-1,8.796459436E-2
2.281438984E1,-3.292563558E-1,4.776966274E-1,8.735372871E-2
2.281645834E1,-3.109304011E-1,4.789183438E-1,8.307767659E-2
2.281849304E1,-2.932153046E-1,4.770857692E-1,8.429940045E-2
2.282056223E1,-2.706133127E-1,4.721988440E-1,7.941248268E-2
2.282264415E1,-2.559525371E-1,4.740314186E-1,7.574728876E-2
2.282467461E1,-2.333505303E-1,4.685336351E-1,7.391469181E-2
2.282681623E1,-2.083050460E-1,4.624249935E-1,6.841690838E-2
2.282865265E1,-1.918116808E-1,4.593706727E-1,6.047565863E-2
2.283065211E1,-1.655444801E-1,4.489859641E-1,5.864306539E-2
2.283272050E1,-1.374446750E-1,4.355469346E-1,5.009094998E-2
2.283475523E1,-1.227839142E-1,4.306600094E-1,4.337143153E-2
2.283682404E1,-9.101892263E-2,4.159992337E-1,3.481931984E-2
2.283885838E1,-6.169738993E-2,4.007275999E-1,2.809980139E-2
2.284092742E1,-4.642575979E-2,3.927863538E-1,1.954768784E-2
2.284300884E1,-1.954768784E-2,3.762930036E-1,1.038470957E-2
2.284496100E1,6.108652335E-3,3.567453027E-1,-4.276056774E-3
2.284696327E1,2.015855350E-2,3.475823104E-1,-9.773843922E-3
2.284903250E1,4.825835302E-2,3.323107064E-1,-1.893682219E-2
2.285106684E1,7.757988572E-2,3.176499307E-1,-3.359758854E-2
2.285313604E1,8.735372871E-2,3.097086847E-1,-3.726277873E-2
2.285517134E1,1.178969890E-1,2.956587672E-1,-4.825835302E-2
2.285723973E1,1.472185254E-1,2.816088796E-1,-5.681046844E-2
2.285927431E1,1.569923609E-1,2.748893499E-1,-5.986479297E-2
2.286134334E1,1.869247705E-1,2.681698501E-1,-6.414084882E-2
2.286342588E1,2.168571651E-1,2.559525371E-1,-7.086037099E-2
2.286542446E1,2.321287990E-1,2.522873580E-1,-7.330382615E-2
2.286738061E1,2.583959997E-1,2.400700450E-1,-7.086037099E-2
2.286944992E1,2.871066630E-1,2.339613885E-1,-7.086037099E-2
2.287148446E1,2.999348342E-1,2.302961946E-1,-7.086037099E-2
2.287355373E1,3.237585723E-1,2.284636050E-1,-5.803219974E-2
2.287558873E1,3.463605940E-1,2.260201424E-1,-4.948008433E-2
2.287765731E1,3.652974069E-1,2.302961946E-1,-3.726277873E-2
2.287969261E1,3.720169365E-1,2.345722616E-1,-2.748893574E-2
2.288176119E1,3.860668242E-1,2.382374406E-1,-1.404990070E-2
2.288384311E1,3.952298164E-1,2.474004179E-1,1.099557430E-2
2.288580096E1,4.001167417E-1,2.510656118E-1,2.076941915E-2
2.288792442E1,4.050036669E-1,2.602286041E-1,3.970624134E-2
2.288982988E1,4.068362415E-1,2.687807083E-1,6.047565863E-2
2.289183077E1,4.086688459E-1,2.718350291E-1,7.208210230E-2
2.289390130E1,4.043927789E-1,2.761110961E-1,9.101892263E-2
2.289593623E1,4.001167417E-1,2.797762752E-1,1.166752651E-1
2.289800627E1,3.952298164E-1,2.779437006E-1,1.282816976E-1
2.290004158E1,3.885102868E-1,2.748893499E-1,1.496619880E-1
2.290211127E1,3.750712574E-1,2.681698501E-1,1.795943826E-1
2.290419419E1,3.695734739E-1,2.632829249E-1,1.924225539E-1
2.290622758E1,3.555235863E-1,2.480112910E-1,2.186897546E-1
2.290832354E1,3.365867436E-1,2.315179259E-1,2.510656118E-1
2.291023023E1,3.292563558E-1,2.229658216E-1,2.614503205E-1
2.291222946E1,3.078760803E-1,1.991420686E-1,2.944370508E-1
2.291429892E1,2.877175212E-1,1.765400618E-1,3.237585723E-1
2.291633346E1,2.767219543E-1,1.618792862E-1,3.341432810E-1
2.291840269E1,2.492330223E-1,1.276708394E-1,3.567453027E-1
2.292043819E1,2.211332172E-1,8.796459436E-2,3.732386529E-1
2.292250746E1,1.893682331E-1,3.970624134E-2,3.817907870E-1
2.292458954E1,1.740965992E-1,1.282817032E-2,3.830125034E-1
2.292657207E1,1.398881376E-1,-4.214970022E-2,3.799581826E-1
2.292857269E1,1.001819000E-1,-9.651670605E-2,3.604104817E-1
2.293064180E1,8.185594529E-2,-1.227839142E-1,3.488040566E-1
2.293267657E1,4.153883830E-2,-1.716531366E-1,3.274237812E-1
2.293474604E1,-1.221730490E-3,-2.113593817E-1,2.895501256E-1
2.293678146E1,-2.199114859E-2,-2.284636050E-1,2.700024247E-1
2.293880746E1,-6.352998316E-2,-2.565633953E-1,2.290744632E-1
2.294080711E1,-1.026253626E-1,-2.755002379E-1,1.789835095E-1
2.294287604E1,-1.227839142E-1,-2.791654170E-1,1.569923609E-1
2.294495796E1,-1.569923609E-1,-2.767219543E-1,1.069014147E-1
2.294698404E1,-1.844813079E-1,-2.651155293E-1,5.619960278E-2
2.294894327E1,-2.003637999E-1,-2.528982162E-1,3.237585723E-2
2.295101257E1,-2.199114859E-1,-2.223549485E-1,-1.588249579E-2
2.295304757E1,-2.296853364E-1,-1.832595766E-1,-6.047565863E-2
2.295511681E1,-2.351831198E-1,-1.557706445E-1,-8.124507964E-2
2.295715142E1,-2.339613885E-1,-1.014036313E-1,-1.178969890E-1
2.295922054E1,-2.315179259E-1,-3.787364438E-2,-1.576032341E-1
2.296125504E1,-2.290744632E-1,-4.886921961E-3,-1.692096740E-1
2.296332481E1,-2.162462920E-1,6.536258012E-2,-1.991420686E-1
2.296540646E1,-2.046398520E-1,1.362229437E-1,-2.247984111E-1
2.296738904E1,-1.912008226E-1,2.034181207E-1,-2.498438805E-1
2.296951138E1,-1.869247705E-1,2.351831198E-1,-2.571742535E-1
2.297141784E1,-1.783726513E-1,2.962696552E-1,-2.834414840E-1
2.297341792E1,-1.747074574E-1,3.207042515E-1,-2.913827300E-1
2.297548750E1,-1.716531366E-1,3.597996235E-1,-3.109304011E-1
2.297752323E1,-1.740965992E-1,3.891211748E-1,-3.365867436E-1
2.297959315E1,-1.789835095E-1,4.037819207E-1,-3.591887653E-1
2.298162761E1,-1.863138974E-1,4.062253833E-1,-3.707951903E-1
2.298369750E1,-1.960877478E-1,3.988949955E-1,-4.050036669E-1
2.298577950E1,-2.089159191E-1,3.707951903E-1,-4.379903674E-1
2.298780323E1,-2.131919712E-1,3.549126983E-1,-4.550946057E-1
2.298994519E1,-2.272418737E-1,3.029891551E-1,-4.984660447E-1
2.299178080E1,-2.345722616E-1,2.406809032E-1,-5.387831330E-1
2.299378054E1,-2.376265824E-1,2.034181207E-1,-5.626068711E-1
2.299584988E1,-2.419026345E-1,1.221730486E-1,-6.096435189E-1
2.299788473E1,-2.455678284E-1,2.809980139E-2,-6.591235995E-1
2.299995373E1,-2.474004179E-1,-2.015855350E-2,-6.835582256E-1
2.300198823E1,-2.486221492E-1,-1.209513173E-1,-7.312057018E-1
2.300407192E1,-2.480112910E-1,-2.254092693E-1,-7.709119320E-1
2.300613861E1,-2.498438805E-1,-2.755002379E-1,-7.867944241E-1
2.300812284E1,-2.510656118E-1,-3.762930036E-1,-8.240572214E-1
2.301012238E1,-2.583959997E-1,-4.734205604E-1,-8.484918475E-1
2.301219088E1,-2.596177161E-1,-5.186246037E-1,-8.649851680E-1
2.301422584E1,-2.700024247E-1,-6.078109145E-1,-8.839219809E-1
2.301629431E1,-2.822197378E-1,-6.872233748E-1,-8.949176073E-1
2.301832854E1,-2.932153046E-1,-7.525860071E-1,-9.132435322E-1
2.302039673E1,-2.993239760E-1,-7.800748944E-1,-9.156870246E-1
2.302243057E1,-3.133738637E-1,-8.167268038E-1,-9.181304574E-1
2.302449896E1,-3.237585723E-1,-8.374962807E-1,-9.248499870E-1
2.302658069E1,-3.262020350E-1,-8.374962807E-1,-9.297369123E-1
2.302860531E1,-3.335324228E-1,-8.277224302E-1,-9.272934198E-1
2.303056023E1,-3.353650272E-1,-7.996225953E-1,-9.291260242E-1
2.303262892E1,-3.347541690E-1,-7.800748944E-1,-9.279043078E-1
2.303466392E1,-3.292563558E-1,-7.287622094E-1,-9.230173826E-1
2.303673181E1,-3.170390725E-1,-6.646214128E-1,-9.230173826E-1
2.303876615E1,-3.109304011E-1,-6.291912198E-1,-9.211847782E-1
2.304083461E1,-2.938261926E-1,-5.510004759E-1,-9.211847782E-1
2.304286854E1,-2.742784917E-1,-4.685336351E-1,-9.199630618E-1
2.304493696E1,-2.626720667E-1,-4.233296216E-1,-9.162978530E-1
2.304701954E1,-2.364048511E-1,-3.310889602E-1,-9.181304574E-1
2.304900077E1,-2.083050460E-1,-2.364048511E-1,-9.150761366E-1
2.305112307E1,-1.747074574E-1,-1.362229437E-1,-9.114109278E-1
2.305302873E1,-1.563815027E-1,-8.491026610E-2,-9.132435322E-1
2.305502888E1,-1.185078546E-1,2.199114859E-2,-9.089674950E-1
2.305709742E1,-9.896016866E-2,7.635815442E-2,-9.071348906E-1
2.305913211E1,-5.009094998E-2,1.881465018E-1,-8.998045325E-1
2.306120138E1,-1.221730490E-3,3.011565804E-1,-8.869763613E-1
2.306323523E1,5.131268129E-2,4.159992337E-1,-8.655960560E-1
2.306530457E1,7.635815442E-2,4.697553813E-1,-8.515461683E-1
2.306738669E1,1.288925707E-1,5.729916096E-1,-8.179485798E-1
2.306941177E1,1.802052408E-1,6.743952036E-1,-7.733554244E-1
2.307149011E1,1.997529417E-1,7.177666426E-1,-7.483099103E-1
2.307339615E1,2.443460971E-1,7.984008789E-1,-6.896668673E-1
2.307539600E1,2.785545588E-1,8.674286604E-1,-6.236934066E-1
2.307746527E1,2.938261926E-1,8.955284357E-1,-5.864306092E-1
2.307949911E1,3.127630055E-1,9.480628371E-1,-5.125159621E-1
2.308156838E1,3.274237812E-1,9.865473509E-1,-4.337143302E-1
2.308360300E1,3.298672438E-1,1.004262447E0,-3.927863538E-1
2.308567192E1,3.316998184E-1,1.029918790E0,-3.127630055E-1
2.308775434E1,3.286454976E-1,1.047023058E0,-2.382374406E-1
2.308973723E1,3.225368559E-1,1.050688267E0,-1.948660165E-1
2.309173842E1,3.152064681E-1,1.057407737E0,-1.233947799E-1
2.309380788E1,3.023782969E-1,1.054353356E0,-5.619960278E-2
2.309584265E1,2.932153046E-1,1.048855662E0,-2.321287990E-2
2.309791223E1,2.803871334E-1,1.030529618E0,3.420845419E-2
2.309994788E1,2.645046413E-1,9.944885969E-1,8.491026610E-2
2.310201765E1,2.522873580E-1,9.724974632E-1,1.111774743E-1
2.310405184E1,2.394591719E-1,9.248499870E-1,1.484402567E-1
2.310612227E1,2.193006277E-1,8.680394888E-1,1.814269722E-1
2.310820446E1,2.040289938E-1,8.038986921E-1,2.058615834E-1
2.311023588E1,1.960877478E-1,7.696902156E-1,2.168571651E-1
2.311219192E1,1.820378453E-1,7.024950385E-1,2.284636050E-1
2.311426138E1,1.661553532E-1,6.291912198E-1,2.431243658E-1
2.311629619E1,1.582140923E-1,5.913175344E-1,2.461786866E-1
2.311836607E1,1.398881376E-1,5.180137157E-1,2.467895597E-1
2.312040054E1,1.270599663E-1,4.459316432E-1,2.431243658E-1
2.312247042E1,1.185078546E-1,4.117231667E-1,2.455678284E-1
2.312450534E1,1.001819000E-1,3.414736688E-1,2.357939780E-1
2.312657538E1,7.941248268E-2,2.681698501E-1,2.284636050E-1
2.312865846E1,6.841690838E-2,2.321287990E-1,2.223549485E-1
2.313061161E1,4.520402849E-2,1.624901593E-1,2.138028294E-1
2.313273546E1,2.321287990E-2,9.896016866E-2,2.009746730E-1
2.313464092E1,1.221730467E-2,6.902777404E-2,1.936442852E-1
2.313664073E1,-1.588249579E-2,7.330383174E-3,1.881465018E-1
2.313871015E1,-4.092797264E-2,-4.703662544E-2,1.765400618E-1
2.314074554E1,-5.803219974E-2,-7.147123665E-2,1.722639948E-1
2.314281396E1,-8.857546002E-2,-1.093448773E-1,1.661553532E-1
2.314484911E1,-1.178969890E-1,-1.325577646E-1,1.606575549E-1
2.314691880E1,-1.325577646E-1,-1.404990107E-1,1.612684280E-1
2.314900157E1,-1.649336219E-1,-1.514945775E-1,1.576032341E-1
2.315103254E1,-1.985312104E-1,-1.588249654E-1,1.582140923E-1
2.315317561E1,-2.333505303E-1,-1.582140923E-1,1.582140923E-1
2.315501223E1,-2.516764700E-1,-1.545489132E-1,1.624901593E-1
2.315701250E1,-2.877175212E-1,-1.435533315E-1,1.716531366E-1
2.315908196E1,-3.262020350E-1,-1.264491081E-1,1.850921661E-1
2.316111661E1,-3.463605940E-1,-1.130100712E-1,1.924225539E-1
2.316318615E1,-3.903428912E-1,-9.040805697E-2,2.150245607E-1
2.316522107E1,-4.306600094E-1,-6.047565863E-2,2.364048511E-1
2.316729115E1,-4.557054639E-1,-4.825835302E-2,2.510656118E-1
2.316937384E1,-4.978551865E-1,-2.138028294E-2,2.767219543E-1
2.317132596E1,-5.424483418E-1,6.719517522E-3,3.090978265E-1
2.317332688E1,-5.656611919E-1,1.893682219E-2,3.262020350E-1
2.317539604E1,-6.108652353E-1,4.581489414E-2,3.622430861E-1
2.317743080E1,-6.548475623E-1,7.208210230E-2,4.013384581E-1
2.317950034E1,-6.762278080E-1,8.552113175E-2,4.214970171E-1
2.318153469E1,-7.195992470E-1,1.154535338E-1,4.654793143E-1
2.318355992E1,-7.611380816E-1,1.411098689E-1,5.094616413E-1
2.318555973E1,-7.806857824E-1,1.569923609E-1,5.265658498E-1
2.318762907E1,-8.203920126E-1,1.832595766E-1,5.681046844E-1
2.318971177E1,-8.613200188E-1,2.028072625E-1,6.090326309E-1
2.319171084E1,-8.802568316E-1,2.119702399E-1,6.249151230E-1
2.319366923E1,-9.187413454E-1,2.217440903E-1,6.566801667E-1
2.319573873E1,-9.621127844E-1,2.278527319E-1,6.847799420E-1
2.319777423E1,-9.810495973E-1,2.278527319E-1,6.982190013E-1
2.319984380E1,-1.021366715E0,2.247984111E-1,7.141014934E-1
2.320187850E1,-1.059851170E0,2.168571651E-1,7.263187766E-1
2.320394688E1,-1.079398870E0,2.101376504E-1,7.330383062E-1
2.320598165E1,-1.116050839E0,1.997529417E-1,7.324274182E-1
2.320805100E1,-1.150870085E0,1.869247705E-1,7.312057018E-1
2.321013319E1,-1.186911225E0,1.753183305E-1,7.232644558E-1
2.321209115E1,-1.205847979E0,1.698205322E-1,7.232644558E-1
2.321421407E1,-1.243110776E0,1.563815027E-1,7.128797174E-1
2.321612038E1,-1.276097536E0,1.435533315E-1,6.933320761E-1
2.321812038E1,-1.290758252E0,1.398881376E-1,6.872233748E-1
2.322018911E1,-1.321912408E0,1.307251602E-1,6.695083380E-1
2.322222354E1,-1.348179579E0,1.264491081E-1,6.481280327E-1
2.322429207E1,-1.358564258E0,1.240056455E-1,6.407976151E-1
2.322632634E1,-1.381777167E0,1.191187203E-1,6.218608022E-1
2.322839542E1,-1.400103092E0,1.148426682E-1,6.053674817E-1
2.323047738E1,-1.408655286E0,1.136209369E-1,5.974262357E-1
2.323250254E1,-1.423926830E0,1.093448773E-1,5.858197808E-1
2.323458127E1,-1.431868076E0,1.087340117E-1,5.681046844E-1
2.323648696E1,-1.431257248E0,1.105666086E-1,5.632177591E-1
2.323848627E1,-1.437365890E0,1.123992056E-1,5.522221923E-1
2.324055607E1,-1.432479024E0,1.178969890E-1,5.357288122E-1
2.324258942E1,-1.428813815E0,1.172861308E-1,5.308418870E-1
2.324465919E1,-1.422094345E0,1.191187203E-1,5.198463202E-1
2.324669415E1,-1.406822681E0,1.178969890E-1,5.070181489E-1
2.324876334E1,-1.397048831E0,1.160643995E-1,5.033529401E-1
2.325084615E1,-1.376279354E0,1.056796908E-1,4.935791194E-1
2.325283096E1,-1.352455616E0,8.796459436E-2,4.880813360E-1
2.325483242E1,-1.340849161E0,7.696902007E-2,4.850270152E-1
2.325690169E1,-1.313360333E0,5.192354694E-2,4.776966274E-1
2.325893673E1,-1.286482215E0,2.565634064E-2,4.728097022E-1
2.326100526E1,-1.255938888E0,-4.276056774E-3,4.648684561E-1
2.326304077E1,-1.240056396E0,-1.954768784E-2,4.612032473E-1
2.326510965E1,-1.207680583E0,-5.192354694E-2,4.544837475E-1
2.326714427E1,-1.174693823E0,-8.185594529E-2,4.434881806E-1
2.326921454E1,-1.158200502E0,-9.407325089E-2,4.404338300E-1
2.327129723E1,-1.120326877E0,-1.191187203E-1,4.331034720E-1
2.327332277E1,-1.080620646E0,-1.411098689E-1,4.221078753E-1
2.327527904E1,-1.060462117E0,-1.490511149E-1,4.184426963E-1
2.327734907E1,-1.017090678E0,-1.667662114E-1,4.098905921E-1
2.327938365E1,-9.724974632E-1,-1.863138974E-1,4.001167417E-1
2.328145357E1,-9.462302923E-1,-1.954768747E-1,3.952298164E-1
2.328348869E1,-9.004153609E-1,-2.150245607E-1,3.891211748E-1
2.328555823E1,-8.576548100E-1,-2.357939780E-1,3.805690408E-1
2.328759400E1,-8.301658630E-1,-2.443460971E-1,3.762930036E-1
2.328966323E1,-7.874053121E-1,-2.638937831E-1,3.720169365E-1
2.329174576E1,-7.446447611E-1,-2.797762752E-1,3.646865487E-1
2.329372842E1,-7.208209634E-1,-2.895501256E-1,3.616322279E-1
2.329585157E1,-6.805039048E-1,-3.084869385E-1,3.500257730E-1
2.329775815E1,-6.475171447E-1,-3.316998184E-1,3.408628106E-1
2.329975773E1,-6.298020482E-1,-3.463605940E-1,3.298672438E-1
2.330182707E1,-5.955936313E-1,-3.756821156E-1,3.133738637E-1
2.330386104E1,-5.681046844E-1,-4.111123085E-1,2.932153046E-1
2.330593034E1,-5.381723046E-1,-4.428772926E-1,2.712241709E-1
2.330796450E1,-5.241223574E-1,-4.575380683E-1,2.571742535E-1
2.331003380E1,-5.009095073E-1,-4.880813360E-1,2.284636050E-1
2.331211630E1,-4.776966274E-1,-5.112941861E-1,1.997529417E-1
2.331414076E1,-4.709770977E-1,-5.204572082E-1,1.857030392E-1
2.331628384E1,-4.502076805E-1,-5.296201706E-1,1.539380401E-1
2.331812015E1,-4.331034720E-1,-5.326744914E-1,1.227839142E-1
2.332012073E1,-4.233296216E-1,-5.320636034E-1,1.081231460E-1
2.332219038E1,-4.056145251E-1,-5.247332454E-1,7.452555746E-2
2.332422530E1,-3.897320330E-1,-5.082398653E-1,4.703662544E-2
2.332629550E1,-3.842342496E-1,-4.935791194E-1,3.359758854E-2
2.332833100E1,-3.683517575E-1,-4.691445231E-1,8.552113548E-3
2.333040088E1,-3.555235863E-1,-4.337143302E-1,-1.588249579E-2
2.333248380E1,-3.500257730E-1,-4.166100919E-1,-2.565634064E-2
2.333443680E1,-3.396410644E-1,-3.732386529E-1,-4.948008433E-2
2.333643630E1,-3.310889602E-1,-3.255911767E-1,-6.597344577E-2
2.333850688E1,-3.304781020E-1,-3.023782969E-1,-7.757988572E-2
2.334054180E1,-3.237585723E-1,-2.486221492E-1,-9.712757170E-2
2.334261127E1,-3.249803185E-1,-1.954768747E-1,-1.062905490E-1
2.334464615E1,-3.274237812E-1,-1.667662114E-1,-1.099557430E-1
2.334671611E1,-3.310889602E-1,-1.099557430E-1,-1.276708394E-1
2.334875088E1,-3.390302062E-1,-5.314527452E-2,-1.356120855E-1
2.335082065E1,-3.481931984E-1,6.108652335E-3,-1.508837193E-1
2.335290319E1,-3.543018401E-1,3.237585723E-2,-1.551597714E-1
2.335493580E1,-3.677408695E-1,8.796459436E-2,-1.655444801E-1
2.335689242E1,-3.897320330E-1,1.417207420E-1,-1.753183305E-1
2.335896234E1,-3.995058835E-1,1.685988009E-1,-1.808161139E-1
2.336099765E1,-4.214970171E-1,2.223549485E-1,-1.850921661E-1
2.336306734E1,-4.465425014E-1,2.724458873E-1,-1.875356287E-1
2.336510157E1,-4.587597847E-1,2.962696552E-1,-1.924225539E-1
2.336717192E1,-4.862487316E-1,3.371976018E-1,-1.924225539E-1
2.336920661E1,-5.149593949E-1,3.756821156E-1,-1.918116808E-1
2.337127692E1,-5.308418870E-1,3.940080702E-1,-1.924225539E-1
2.337335961E1,-5.632177591E-1,4.282165468E-1,-1.857030392E-1
2.337531234E1,-5.931501389E-1,4.593706727E-1,-1.832595766E-1
2.337743634E1,-6.114761233E-1,4.734205604E-1,-1.814269722E-1
2.337934392E1,-6.438519955E-1,5.033529401E-1,-1.765400618E-1
2.338134450E1,-6.756169796E-1,5.296201706E-1,-1.710422635E-1
2.338341373E1,-6.914994717E-1,5.424483418E-1,-1.679879427E-1
2.338544907E1,-7.232644558E-1,5.656611919E-1,-1.563815027E-1
2.338751850E1,-7.544185519E-1,5.833762884E-1,-1.490511149E-1
2.338955361E1,-7.696902156E-1,5.919284225E-1,-1.484402567E-1
2.339162377E1,-7.965682745E-1,6.059783101E-1,-1.411098689E-1
2.339370657E1,-8.258898258E-1,6.126978397E-1,-1.295034289E-1
2.339573865E1,-8.527678847E-1,6.145304441E-1,-1.252273768E-1
2.339781896E1,-8.631525636E-1,6.139195561E-1,-1.215621829E-1
2.339972496E1,-8.869763613E-1,6.102544069E-1,-1.142318025E-1
2.340172603E1,-9.046914577E-1,5.980370641E-1,-1.117883399E-1
2.340379611E1,-9.138544202E-1,5.894849896E-1,-1.105666086E-1
2.340583103E1,-9.303477407E-1,5.687155724E-1,-1.130100712E-1
2.340790073E1,-9.450085163E-1,5.430592299E-1,-1.154535338E-1
2.340993573E1,-9.492846131E-1,5.314527750E-1,-1.142318025E-1
2.341202007E1,-9.602801800E-1,4.984660447E-1,-1.191187203E-1
2.341408780E1,-9.676105380E-1,4.654793143E-1,-1.252273768E-1
2.341604019E1,-9.706648588E-1,4.471533597E-1,-1.307251602E-1
2.341804038E1,-9.718865752E-1,4.159992337E-1,-1.343903542E-1
2.342011007E1,-9.712757468E-1,3.842342496E-1,-1.411098689E-1
2.342214450E1,-9.676105380E-1,3.726277947E-1,-1.441642046E-1
2.342421388E1,-9.651671052E-1,3.451388776E-1,-1.447750628E-1
2.342624911E1,-9.584475756E-1,3.219259977E-1,-1.423316002E-1
2.342827476E1,-9.566149712E-1,3.072652221E-1,-1.417207420E-1
2.343027480E1,-9.492846131E-1,2.822197378E-1,-1.343903542E-1
2.343234426E1,-9.456194043E-1,2.614503205E-1,-1.307251602E-1
2.343442700E1,-9.431759119E-1,2.504547536E-1,-1.240056455E-1
2.343645861E1,-9.388998747E-1,2.302961946E-1,-1.136209369E-1
2.343843296E1,-9.327912331E-1,2.076941878E-1,-9.896016866E-2
2.344050288E1,-9.315695167E-1,1.979203373E-1,-9.651670605E-2
2.344253803E1,-9.236282706E-1,1.759291887E-1,-8.552113175E-2
2.344460788E1,-9.175195694E-1,1.557706445E-1,-6.841690838E-2
2.344664300E1,-9.108000994E-1,1.350012124E-1,-5.864306539E-2
2.344871234E1,-9.053022861E-1,1.258382350E-1,-5.070181563E-2
2.345074734E1,-8.961393237E-1,1.050688252E-1,-3.359758854E-2
2.345281669E1,-8.827002645E-1,8.552113175E-2,-2.199114859E-2
2.345489900E1,-8.778133392E-1,7.330382615E-2,-1.160643995E-2
2.345688169E1,-8.594874144E-1,5.009094998E-2,-6.108652451E-4
2.345900488E1,-8.387179971E-1,2.748893574E-2,1.282817032E-2
2.346091011E1,-8.277224302E-1,1.649336144E-2,2.260201424E-2
2.346290957E1,-8.014551997E-1,-1.038470957E-2,3.665191308E-2
2.346497900E1,-7.690793276E-1,-3.848451003E-2,4.581489414E-2
2.346701484E1,-7.507534027E-1,-5.070181563E-2,5.558873713E-2
2.346908530E1,-7.092145681E-1,-8.002334833E-2,6.780604273E-2
2.347112000E1,-6.609562039E-1,-1.038470939E-1,7.941248268E-2
2.347318992E1,-6.340781450E-1,-1.154535338E-1,8.796459436E-2
2.347527319E1,-5.729916096E-1,-1.362229437E-1,1.014036313E-1
2.347729892E1,-5.094616413E-1,-1.514945775E-1,1.166752651E-1
2.347944142E1,-4.373795092E-1,-1.612684280E-1,1.331686229E-1
2.348127792E1,-3.970624208E-1,-1.637118906E-1,1.404990107E-1
2.348327869E1,-3.194825351E-1,-1.624901593E-1,1.618792862E-1
2.348534792E1,-2.816088796E-1,-1.631010175E-1,1.728748679E-1
2.348738315E1,-2.015855312E-1,-1.453859210E-1,1.985312104E-1
2.348945292E1,-1.258382350E-1,-1.246165112E-1,2.186897546E-1
2.349148838E1,-8.307767659E-2,-1.117883399E-1,2.296853364E-1
2.349355803E1,-1.588249579E-2,-8.246681094E-2,2.596177161E-1
2.349564142E1,4.703662544E-2,-4.764748737E-2,2.816088796E-1
2.349762626E1,1.117883399E-1,-4.886921961E-3,3.115412891E-1
2.349962688E1,1.374446750E-1,1.466076635E-2,3.286454976E-1
2.350169715E1,1.832595766E-1,5.925392732E-2,3.469714522E-1
2.350373319E1,2.254092693E-1,1.026253626E-1,3.738495409E-1
2.350580292E1,2.419026345E-1,1.252273768E-1,3.805690408E-1
2.350783830E1,2.736676335E-1,1.667662114E-1,3.952298164E-1
2.350990938E1,2.968805134E-1,2.058615834E-1,4.074471295E-1
2.351194515E1,3.029891551E-1,2.229658216E-1,4.117231667E-1
2.351401526E1,3.127630055E-1,2.498438805E-1,4.129449129E-1
2.351609850E1,3.194825351E-1,2.706133127E-1,4.117231667E-1
2.351813184E1,3.152064681E-1,2.803871334E-1,4.111123085E-1
2.352008846E1,3.127630055E-1,2.919935882E-1,3.964515328E-1
2.352215880E1,3.029891551E-1,2.950479090E-1,3.787364662E-1
2.352419403E1,2.956587672E-1,2.932153046E-1,3.720169365E-1
2.352626334E1,2.791654170E-1,2.864958048E-1,3.469714522E-1
2.352829873E1,2.626720667E-1,2.687807083E-1,3.268128932E-1
2.353036930E1,2.461786866E-1,2.376265824E-1,2.987131178E-1
2.353240457E1,2.394591719E-1,2.186897546E-1,2.864958048E-1
2.353447450E1,2.266310006E-1,1.734857261E-1,2.669481039E-1
2.353655673E1,2.131919712E-1,1.178969890E-1,2.400700450E-1
2.353854146E1,2.125810981E-1,8.429940045E-2,2.321287990E-1
2.354066442E1,2.064724565E-1,1.038470957E-2,2.199114859E-1
2.354256953E1,2.028072625E-1,-7.391469181E-2,2.070833147E-1
2.354456969E1,2.040289938E-1,-1.227839142E-1,2.021963894E-1
2.354663911E1,2.034181207E-1,-2.254092693E-1,2.040289938E-1
2.354867430E1,2.070833147E-1,-3.286454976E-1,2.058615834E-1
2.355074400E1,2.070833147E-1,-3.824016452E-1,2.101376504E-1
2.355277950E1,2.113593817E-1,-4.905247986E-1,2.284636050E-1
2.355484969E1,2.156354338E-1,-5.998696685E-1,2.498438805E-1
2.355693211E1,2.174680233E-1,-6.536257863E-1,2.632829249E-1
2.355895792E1,2.254092693E-1,-7.568620443E-1,3.005456924E-1
2.356103669E1,2.309070677E-1,-8.454375267E-1,3.426954150E-1
2.356294357E1,2.351831198E-1,-8.845328689E-1,3.665191531E-1
2.356494346E1,2.449569702E-1,-9.535606503E-1,4.196644127E-1
2.356701315E1,2.547308207E-1,-1.001208186E0,4.776966274E-1
2.356904811E1,2.614503205E-1,-1.016479731E0,5.076290369E-1
2.357111861E1,2.809980214E-1,-1.032362223E0,5.742133260E-1
2.357315338E1,2.944370508E-1,-1.028697014E0,6.414085031E-1
2.357522334E1,3.109304011E-1,-9.999864101E-1,6.719517708E-1
2.357730638E1,3.182607889E-1,-9.779952765E-1,7.422012687E-1
2.357929146E1,3.329215646E-1,-9.181304574E-1,8.081747293E-1
2.358129200E1,3.390302062E-1,-8.405506015E-1,8.344419003E-1
2.358336223E1,3.445279896E-1,-7.910705209E-1,8.967501521E-1
2.358539819E1,3.420845270E-1,-6.829473376E-1,9.450085163E-1
2.358746803E1,3.310889602E-1,-5.546656251E-1,9.871582389E-1
2.358950392E1,3.219259977E-1,-4.825835526E-1,1.009760261E0
2.359157361E1,2.987131178E-1,-3.262020350E-1,1.041525245E0
2.359360888E1,2.632829249E-1,-1.527163088E-1,1.061072946E0
2.359567900E1,2.461786866E-1,-6.414084882E-2,1.070846796E0
2.359776207E1,1.997529417E-1,1.258382350E-1,1.078177214E0
2.359978769E1,1.496619880E-1,3.237585723E-1,1.075122833E0
2.360174450E1,1.246165112E-1,4.251621962E-1,1.069014192E0
2.360381419E1,6.841690838E-2,6.285803318E-1,1.048244715E0
2.360584992E1,4.886921961E-3,8.332201838E-1,1.020144939E0
2.360791950E1,-2.382374369E-2,9.321803451E-1,1.004873276E0
2.360995511E1,-8.613199741E-2,1.131933331E0,9.615018964E-1
2.361202450E1,-1.490511149E-1,1.321912408E0,9.095783234E-1
2.361406003E1,-2.150245607E-1,1.495398164E0,8.564330935E-1
2.361612976E1,-2.480112910E-1,1.571145415E0,8.240572214E-1
2.361821303E1,-3.115412891E-1,1.704924941E0,7.599163651E-1
2.362019503E1,-3.793473244E-1,1.805717707E0,6.927211881E-1
2.362231842E1,-4.129449129E-1,1.846645594E0,6.585127115E-1
2.362422403E1,-4.764748812E-1,1.907121301E0,5.888741016E-1
2.362622480E1,-5.412266254E-1,1.940108061E0,5.180137157E-1
2.362829461E1,-5.717698932E-1,1.946827531E0,4.819726646E-1
2.363033007E1,-6.267477274E-1,1.934610248E0,4.105014503E-1
2.363240007E1,-6.798930168E-1,1.902234316E0,3.396410644E-1
2.363443565E1,-7.049384713E-1,1.880243182E0,3.036000133E-1
2.363650603E1,-7.495316267E-1,1.813048005E0,2.376265824E-1
2.363858926E1,-7.910705209E-1,1.723861694E0,1.728748679E-1
2.364061369E1,-8.093964458E-1,1.670716405E0,1.411098689E-1
2.364275684E1,-8.442157507E-1,1.551597714E0,8.368854225E-2
2.364459380E1,-8.765916228E-1,1.412931323E0,2.748893574E-2
2.364659334E1,-8.906415105E-1,1.335962296E0,-3.054326167E-3
2.364866276E1,-9.187413454E-1,1.177748203E0,-4.886921868E-2
2.365069796E1,-9.407324791E-1,1.007316828E0,-9.834930301E-2
2.365276723E1,-9.560040832E-1,9.193521738E-1,-1.227839142E-1
2.365480169E1,-9.798278809E-1,7.409795523E-1,-1.594358236E-1
2.365687057E1,-1.003651619E0,5.589417219E-1,-1.948660165E-1
2.365895419E1,-1.024420977E0,3.787364662E-1,-2.211332172E-1
2.366093834E1,-1.032973170E0,2.919935882E-1,-2.370157093E-1
2.366293822E1,-1.054353356E0,1.154535338E-1,-2.547308207E-1
2.366500700E1,-1.068403363E0,3.176499158E-2,-2.620611787E-1
2.366704234E1,-1.072679400E0,-1.252273768E-1,-2.779437006E-1
2.366911153E1,-1.078177214E0,-2.724458873E-1,-2.834414840E-1
2.367114603E1,-1.079398870E0,-4.056145251E-1,-2.852740586E-1
2.367317107E1,-1.081231475E0,-4.685336351E-1,-2.852740586E-1
2.367517126E1,-1.073901057E0,-5.778785348E-1,-2.773328125E-1
2.367724003E1,-1.058629513E0,-6.688974500E-1,-2.700024247E-1
2.367932203E1,-1.049466491E0,-7.061602473E-1,-2.626720667E-1
2.368134723E1,-1.027475357E0,-7.623597980E-1,-2.443460971E-1
2.368330550E1,-1.000597239E0,-7.965682745E-1,-2.272418737E-1
2.368537565E1,-9.847147465E-1,-8.038986921E-1,-2.174680233E-1
2.368741057E1,-9.535606503E-1,-8.063421249E-1,-1.918116808E-1
2.368948019E1,-9.193521738E-1,-7.898487449E-1,-1.728748679E-1
2.369151530E1,-9.034696817E-1,-7.709119320E-1,-1.624901593E-1
2.369358496E1,-8.649851680E-1,-7.250970602E-1,-1.423316002E-1
2.369562019E1,-8.271115422E-1,-6.591235995E-1,-1.252273768E-1
2.369768919E1,-8.087855577E-1,-6.212499738E-1,-1.191187203E-1
2.369977203E1,-7.703011036E-1,-5.345070958E-1,-1.044579595E-1
2.370172469E1,-7.305948138E-1,-4.398229718E-1,-9.224065393E-2
2.370384811E1,-6.860016584E-1,-3.396410644E-1,-8.613199741E-2
2.370575453E1,-6.670648456E-1,-2.858849466E-1,-8.002334833E-2
2.370775430E1,-6.249151230E-1,-1.820378453E-1,-7.024950534E-2
2.370982319E1,-6.017022729E-1,-1.282816976E-1,-6.536258012E-2
2.371185761E1,-5.564982295E-1,-2.443460934E-2,-6.352998316E-2
2.371392723E1,-5.125159621E-1,8.002334833E-2,-5.803219974E-2
2.371596184E1,-4.880813360E-1,1.288925707E-1,-5.681046844E-2
2.371803107E1,-4.453207552E-1,2.247984111E-1,-4.825835302E-2
2.372011369E1,-4.001167417E-1,3.133738637E-1,-4.825835302E-2
2.372213923E1,-3.567453027E-1,3.915646076E-1,-4.459316283E-2
2.372421953E1,-3.353650272E-1,4.245513380E-1,-4.398229718E-2
2.372612549E1,-2.901609838E-1,4.899139404E-1,-4.214970022E-2
2.372812542E1,-2.455678284E-1,5.412266254E-1,-4.642575979E-2
2.373019438E1,-2.241875380E-1,5.656611919E-1,-5.009094998E-2
2.373222911E1,-1.734857261E-1,6.047565937E-1,-5.619960278E-2
2.373429903E1,-1.246165112E-1,6.359107494E-1,-6.475171447E-2
2.373633299E1,-9.529497474E-2,6.493497491E-1,-7.208210230E-2
2.373840261E1,-4.276056588E-2,6.664539576E-1,-8.429940045E-2
2.374048453E1,1.649336144E-2,6.786713004E-1,-1.007927656E-1
2.374243661E1,4.520402849E-2,6.798930168E-1,-1.093448773E-1
2.374443680E1,1.093448773E-1,6.847799420E-1,-1.307251602E-1
2.374650615E1,1.734857261E-1,6.786713004E-1,-1.514945775E-1
2.374854122E1,2.113593817E-1,6.737843752E-1,-1.649336219E-1
2.375061080E1,2.822197378E-1,6.591235995E-1,-1.905899495E-1
2.375264576E1,3.585779071E-1,6.444628239E-1,-2.162462920E-1
2.375471526E1,3.970624208E-1,6.340781450E-1,-2.333505303E-1
2.375675003E1,4.776966274E-1,6.102544069E-1,-2.602286041E-1
2.375881922E1,5.558874011E-1,5.809328556E-1,-2.907718420E-1
2.376090076E1,6.352998614E-1,5.473352671E-1,-3.219259977E-1
2.376293199E1,6.731734872E-1,5.283984542E-1,-3.365867436E-1
2.376488811E1,7.513642311E-1,4.905247986E-1,-3.689626157E-1
2.376695719E1,8.265006542E-1,4.557054639E-1,-4.007275999E-1
2.376899169E1,8.619308472E-1,4.404338300E-1,-4.135557711E-1
2.377106099E1,9.297369123E-1,4.074471295E-1,-4.386012554E-1
2.377309553E1,9.950994849E-1,3.707951903E-1,-4.636467099E-1
2.377516449E1,1.028697014E0,3.555235863E-1,-4.740314186E-1
2.377719969E1,1.090394497E0,3.182607889E-1,-4.899139404E-1
2.377926853E1,1.149648428E0,2.773328125E-1,-5.076290369E-1
2.378135076E1,1.182024240E0,2.541199327E-1,-5.149593949E-1
2.378333269E1,1.233947754E0,2.095267773E-1,-5.204572082E-1
2.378545588E1,1.288314819E0,1.643227488E-1,-5.283984542E-1
2.378736192E1,1.315803766E0,1.386664063E-1,-5.283984542E-1
2.378936165E1,1.363451242E0,9.101892263E-2,-5.338962078E-1
2.379143165E1,1.408044338E0,4.031710699E-2,-5.357288122E-1
2.379346642E1,1.425759435E0,1.527163107E-2,-5.357288122E-1
2.379553526E1,1.459967971E0,-4.031710699E-2,-5.290092826E-1
2.379757065E1,1.486235142E0,-9.285151958E-2,-5.241223574E-1
2.379963911E1,1.496619821E0,-1.172861308E-1,-5.222898126E-1
2.380172157E1,1.513113260E0,-1.661553532E-1,-5.149593949E-1
2.380374573E1,1.519832730E0,-2.162462920E-1,-5.119050741E-1
2.380588788E1,1.522276163E0,-2.700024247E-1,-5.051855445E-1
2.380772384E1,1.521665335E0,-2.981022298E-1,-5.002986193E-1
2.380972380E1,1.517389297E0,-3.543018401E-1,-4.948008358E-1
2.381179326E1,1.513113260E0,-3.830125034E-1,-4.935791194E-1
2.381382846E1,1.501506805E0,-4.422664344E-1,-4.856378734E-1
2.381589826E1,1.487456918E0,-4.978551865E-1,-4.801400900E-1
2.381793307E1,1.470963478E0,-5.497786999E-1,-4.752531648E-1
2.382001703E1,1.459357023E0,-5.705481172E-1,-4.715879560E-1
2.382208515E1,1.440420270E0,-6.194173694E-1,-4.715879560E-1
2.382406942E1,1.413542151E0,-6.621779203E-1,-4.618141353E-1
2.382607046E1,1.399492264E0,-6.780604124E-1,-4.599815309E-1
2.382813961E1,1.370170712E0,-7.116580009E-1,-4.587597847E-1
2.383017492E1,1.340238333E0,-7.415903807E-1,-4.526511431E-1
2.383224469E1,1.324966669E0,-7.513642311E-1,-4.520402849E-1
2.383427942E1,1.292590857E0,-7.715228200E-1,-4.440990388E-1
2.383634861E1,1.258382440E0,-7.874053121E-1,-4.349360466E-1
2.383838349E1,1.241889000E0,-7.935139537E-1,-4.312708676E-1
2.384045288E1,1.205237150E0,-8.026769161E-1,-4.208861589E-1
2.384253572E1,1.169806957E0,-8.057312369E-1,-4.105014503E-1
2.384456149E1,1.152091861E0,-8.093964458E-1,-4.037819207E-1
2.384651796E1,1.113607287E0,-8.057312369E-1,-3.903428912E-1
2.384858742E1,1.075733662E0,-7.977899909E-1,-3.793473244E-1
2.385062280E1,1.056185961E0,-7.916813493E-1,-3.720169365E-1
2.385269226E1,1.016479731E0,-7.776314616E-1,-3.585779071E-1
2.385472757E1,9.749409556E-1,-7.605272532E-1,-3.439171314E-1
2.385679669E1,9.352346659E-1,-7.397578359E-1,-3.255911767E-1
2.385883188E1,9.095783234E-1,-7.263187766E-1,-3.182607889E-1
2.386090119E1,8.686503768E-1,-6.976081133E-1,-2.968805134E-1
2.386298403E1,8.228355050E-1,-6.615670323E-1,-2.767219543E-1
2.386496865E1,8.008443117E-1,-6.420193911E-1,-2.712241709E-1
2.386709396E1,7.574729323E-1,-5.974262357E-1,-2.480112910E-1
2.386900007E1,7.171558142E-1,-5.534439087E-1,-2.260201424E-1
2.387100046E1,6.927211881E-1,-5.283984542E-1,-2.131919712E-1
2.387307111E1,6.517932415E-1,-4.783074856E-1,-1.887573600E-1
2.387510634E1,6.108652353E-1,-4.269948006E-1,-1.673770845E-1
2.387717538E1,5.943718553E-1,-4.013384581E-1,-1.576032341E-1
2.387921088E1,5.473352671E-1,-3.488040566E-1,-1.325577646E-1
2.388128099E1,5.070181489E-1,-2.962696552E-1,-1.123992056E-1
2.388336376E1,4.856378734E-1,-2.675589919E-1,-1.026253626E-1
2.388539549E1,4.447098970E-1,-2.162462920E-1,-7.696902007E-2
2.388747576E1,4.056145251E-1,-1.612684280E-1,-6.169738993E-2
2.388938176E1,3.866777122E-1,-1.368338168E-1,-5.314527452E-2
2.389138249E1,3.463605940E-1,-8.613199741E-2,-3.298672289E-2
2.389345242E1,3.109304011E-1,-3.420845419E-2,-1.954768784E-2
2.389548784E1,2.926044464E-1,-1.038470957E-2,-1.221730467E-2
2.389755796E1,2.626720667E-1,3.481931984E-2,-1.221730490E-3
2.389959284E1,2.302961946E-1,7.269296050E-2,9.773843922E-3
2.390166203E1,2.034181207E-1,1.093448773E-1,2.015855350E-2
2.390374507E1,1.899790913E-1,1.258382350E-1,2.321287990E-2
2.390569826E1,1.673770845E-1,1.545489132E-1,3.298672289E-2
2.390769838E1,1.490511149E-1,1.789835095E-1,4.642575979E-2
2.390976834E1,1.374446750E-1,1.899790913E-1,5.253441259E-2
2.391180369E1,1.215621829E-1,2.046398520E-1,5.925392732E-2
2.391387319E1,1.093448773E-1,2.186897546E-1,6.719517708E-2
2.391590865E1,1.026253626E-1,2.223549485E-1,7.147123665E-2
2.391793426E1,9.529497474E-2,2.266310006E-1,7.635815442E-2
2.391993442E1,9.101892263E-2,2.260201424E-1,8.002334833E-2
2.392200396E1,8.613199741E-2,2.217440903E-1,8.368854225E-2
2.392408603E1,8.368854225E-2,2.174680233E-1,8.735372871E-2
2.392611769E1,8.368854225E-2,2.076941878E-1,8.674286306E-2
2.392807576E1,7.880161703E-2,2.015855312E-1,8.796459436E-2
2.393014515E1,8.002334833E-2,1.899790913E-1,8.796459436E-2
2.393218011E1,7.819075137E-2,1.740965992E-1,8.491026610E-2
2.393424984E1,8.246681094E-2,1.667662114E-1,8.307767659E-2
2.393628511E1,8.552113175E-2,1.563815027E-1,8.185594529E-2
2.393835453E1,8.857546002E-2,1.466076523E-1,7.330382615E-2
2.394038938E1,9.224065393E-2,1.380555481E-1,6.841690838E-2
2.394245826E1,9.712757170E-2,1.288925707E-1,6.414084882E-2
2.394454107E1,1.062905490E-1,1.178969890E-1,5.681046844E-2
2.394649411E1,1.142318025E-1,1.111774743E-1,5.558873713E-2
2.394861719E1,1.172861308E-1,1.032362282E-1,4.642575979E-2
2.395052319E1,1.246165112E-1,9.346238524E-2,3.604105115E-2
2.395252346E1,1.270599663E-1,8.918632567E-2,3.237585723E-2
2.395459196E1,1.319468915E-1,8.246681094E-2,2.199114859E-2
2.395662661E1,1.337794960E-1,7.635815442E-2,6.108652335E-3
2.395869611E1,1.337794960E-1,6.902777404E-2,-4.886921961E-3
2.396073103E1,1.374446750E-1,6.780604273E-2,-7.941247895E-3
2.396280057E1,1.423316002E-1,6.475171447E-2,-2.199114859E-2
2.396488257E1,1.502728462E-1,6.352998316E-2,-2.993239649E-2
2.396691622E1,1.545489132E-1,6.230825558E-2,-3.604105115E-2
2.396905938E1,1.618792862E-1,6.536258012E-2,-4.459316283E-2
2.397089572E1,1.765400618E-1,7.086037099E-2,-5.070181563E-2
2.397289553E1,1.826487035E-1,7.208210230E-2,-5.375614017E-2
2.397496526E1,1.985312104E-1,8.185594529E-2,-6.169738993E-2
2.397700019E1,2.205223590E-1,9.407325089E-2,-6.352998316E-2
2.397906957E1,2.296853364E-1,1.032362282E-1,-6.414084882E-2
2.398110365E1,2.504547536E-1,1.185078546E-1,-6.719517708E-2
2.398317330E1,2.742784917E-1,1.362229437E-1,-6.536258012E-2
2.398525503E1,2.871066630E-1,1.453859210E-1,-6.352998316E-2
2.398721338E1,3.084869385E-1,1.643227488E-1,-6.352998316E-2
2.398921365E1,3.335324228E-1,1.844813079E-1,-5.742133409E-2
2.399128307E1,3.408628106E-1,1.954768747E-1,-5.497787148E-2
2.399331653E1,3.622430861E-1,2.186897546E-1,-4.398229718E-2
2.399538561E1,3.836233616E-1,2.388483137E-1,-3.176499158E-2
2.399742026E1,3.903428912E-1,2.522873580E-1,-2.504547499E-2
2.399948922E1,4.056145251E-1,2.718350291E-1,-8.552113548E-3
2.400152434E1,4.221078753E-1,2.913827300E-1,9.162978269E-3
2.400359384E1,4.300491214E-1,3.084869385E-1,3.115412779E-2
2.400567669E1,4.306600094E-1,3.121521473E-1,4.398229718E-2
2.400768234E1,4.324925840E-1,3.176499307E-1,7.024950534E-2
2.400963865E1,4.294382632E-1,3.176499307E-1,9.896016866E-2
2.401170788E1,4.282165468E-1,3.139847219E-1,1.099557430E-1
2.401374342E1,4.178318381E-1,3.011565804E-1,1.380555481E-1
2.401581299E1,4.050036669E-1,2.852740586E-1,1.685988009E-1
2.401784811E1,3.940080702E-1,2.718350291E-1,1.814269722E-1
2.401991738E1,3.787364662E-1,2.461786866E-1,2.095267773E-1
2.402195257E1,3.524692357E-1,2.107485086E-1,2.370157093E-1
2.402402172E1,3.426954150E-1,1.930334121E-1,2.480112910E-1
2.402610430E1,3.121521473E-1,1.539380401E-1,2.730567753E-1
2.402806276E1,2.846632004E-1,1.142318025E-1,2.883284092E-1
2.403018669E1,2.663372457E-1,9.285151958E-2,2.987131178E-1
2.403209261E1,2.327396572E-1,5.497787148E-2,3.054326177E-1
2.403409242E1,1.985312104E-1,1.466076635E-2,3.072652221E-1
2.403616138E1,1.777617931E-1,-6.108652335E-3,3.036000133E-1
2.403819576E1,1.392772794E-1,-5.070181563E-2,2.926044464E-1
2.404026511E1,9.712757170E-2,-9.468411654E-2,2.748893499E-1
2.404230019E1,7.941248268E-2,-1.166752651E-1,2.590068579E-1
2.404437026E1,3.481931984E-2,-1.594358236E-1,2.290744632E-1
2.404645242E1,-4.886921961E-3,-2.046398520E-1,1.912008226E-1
2.404847853E1,-4.825835302E-2,-2.437352389E-1,1.478293836E-1
2.405060534E1,-6.658431143E-2,-2.608394623E-1,1.288925707E-1
2.405247646E1,-1.062905490E-1,-2.846632004E-1,8.491026610E-2
2.405447665E1,-1.276708394E-1,-2.962696552E-1,6.536258012E-2
2.405654576E1,-1.643227488E-1,-2.993239760E-1,1.832595654E-2
2.405858080E1,-1.997529417E-1,-2.889392674E-1,-2.321287990E-2
2.406064972E1,-2.370157093E-1,-2.663372457E-1,-6.536258012E-2
2.406268488E1,-2.516764700E-1,-2.522873580E-1,-8.674286306E-2
2.406475476E1,-2.828305960E-1,-2.138028294E-1,-1.270599663E-1
2.406683803E1,-3.127630055E-1,-1.643227488E-1,-1.600466967E-1
2.406882103E1,-3.249803185E-1,-1.374446750E-1,-1.771509200E-1
2.407084899E1,-3.475823104E-1,-7.941248268E-2,-2.089159191E-1
2.407291761E1,-3.659082949E-1,-1.588249579E-2,-2.394591719E-1
2.407495307E1,-3.769038618E-1,1.954768784E-2,-2.541199327E-1
2.407702230E1,-3.909537494E-1,8.674286306E-2,-2.822197378E-1
2.407905792E1,-4.050036669E-1,1.527163088E-1,-3.042109013E-1
2.408112734E1,-4.135557711E-1,1.850921661E-1,-3.194825351E-1
2.408316257E1,-4.239404798E-1,2.431243658E-1,-3.451388776E-1
2.408523249E1,-4.355469346E-1,2.907718420E-1,-3.652974069E-1
2.408731542E1,-4.447098970E-1,3.316998184E-1,-3.848451078E-1
2.408934030E1,-4.502076805E-1,3.488040566E-1,-3.940080702E-1
2.409129761E1,-4.618141353E-1,3.750712574E-1,-4.123340547E-1
2.409336726E1,-4.697553813E-1,3.915646076E-1,-4.306600094E-1
2.409540230E1,-4.758640230E-1,3.940080702E-1,-4.349360466E-1
2.409747257E1,-4.819726646E-1,3.946189582E-1,-4.428772926E-1
2.409950769E1,-4.893030524E-1,3.848451078E-1,-4.587597847E-1
2.410157730E1,-4.954117239E-1,3.799581826E-1,-4.618141353E-1
2.410361288E1,-5.057964325E-1,3.549126983E-1,-4.673119187E-1
2.410568242E1,-5.088507533E-1,3.255911767E-1,-4.752531648E-1
2.410776534E1,-5.137376785E-1,3.090978265E-1,-4.776966274E-1
2.410975042E1,-5.198463202E-1,2.675589919E-1,-4.807509482E-1
2.411188476E1,-5.216789246E-1,2.199114859E-1,-4.941899776E-1
2.411379142E1,-5.247332454E-1,1.924225539E-1,-4.978551865E-1
2.411579161E1,-5.283984542E-1,1.356120855E-1,-5.051855445E-1
2.411786161E1,-5.320636034E-1,7.208210230E-2,-5.216789246E-1
2.411989738E1,-5.302310586E-1,3.848451003E-2,-5.259549618E-1
2.412196692E1,-5.302310586E-1,-3.054326214E-2,-5.418374538E-1
2.412400245E1,-5.290092826E-1,-1.044579595E-1,-5.656611919E-1
2.412607218E1,-5.247332454E-1,-1.826487035E-1,-5.839871764E-1
2.412815542E1,-5.229006410E-1,-2.266310006E-1,-5.968153477E-1
2.413018003E1,-5.174028873E-1,-3.115412891E-1,-6.267477274E-1
2.413232369E1,-5.112941861E-1,-4.062253833E-1,-6.493497491E-1
2.413416003E1,-5.106833577E-1,-4.569272101E-1,-6.664539576E-1
2.413616045E1,-5.009095073E-1,-5.564982295E-1,-7.006624341E-1
2.413823038E1,-4.923573732E-1,-6.621779203E-1,-7.373143435E-1
2.414026634E1,-4.886921942E-1,-7.159340382E-1,-7.525860071E-1
2.414233576E1,-4.813618064E-1,-8.246681094E-1,-7.922922373E-1
2.414437149E1,-4.654793143E-1,-9.297369123E-1,-8.332201838E-1
2.414644080E1,-4.605923891E-1,-9.798278809E-1,-8.576548100E-1
2.414852315E1,-4.434881806E-1,-1.078788042E0,-9.059131742E-1
2.415050518E1,-4.196644127E-1,-1.162476540E0,-9.541715384E-1
2.415253734E1,-4.037819207E-1,-1.197906733E0,-9.786061049E-1
2.415460676E1,-3.683517575E-1,-1.255938888E0,-1.029918790E0
2.415664215E1,-3.219259977E-1,-1.285260439E0,-1.074512005E0
2.415871161E1,-2.919935882E-1,-1.288314819E0,-1.102611780E0
2.416074669E1,-2.321287990E-1,-1.275486588E0,-1.144761443E0
2.416277265E1,-1.618792862E-1,-1.232115149E0,-1.179580808E0
2.416477257E1,-1.252273768E-1,-1.199739337E0,-1.195463300E0
2.416684211E1,-4.581489414E-2,-1.120326877E0,-1.221119642E0
2.416892468E1,3.543018550E-2,-1.025031924E0,-1.233336926E0
2.417095084E1,7.819075137E-2,-9.694431424E-1,-1.238834739E0
2.417290911E1,1.637118906E-1,-8.429940343E-1,-1.236391306E0
2.417498026E1,2.437352389E-1,-7.055493593E-1,-1.219897866E0
2.417701469E1,2.883284092E-1,-6.298020482E-1,-1.208902359E0
2.417908457E1,3.634648323E-1,-4.758640230E-1,-1.172861218E0
2.418111926E1,4.422664344E-1,-3.139847219E-1,-1.122770309E0
2.418318918E1,5.155702829E-1,-1.478293836E-1,-1.063516378E0
2.418522422E1,5.516113043E-1,-6.536258012E-2,-1.028697014E0
2.418729426E1,6.212499738E-1,1.062905490E-1,-9.468411207E-1
2.418937734E1,6.878342628E-1,2.724458873E-1,-8.588765264E-1
2.419136026E1,7.263187766E-1,3.573561609E-1,-8.155050874E-1
2.419348030E1,7.898487449E-1,5.155702829E-1,-7.159340382E-1
2.419542099E1,8.582656980E-1,6.615670323E-1,-6.145304441E-1
2.419742138E1,8.906415105E-1,7.275404930E-1,-5.607742667E-1
2.419949134E1,9.541715384E-1,8.472700715E-1,-4.593706727E-1
2.420152638E1,1.012814522E0,9.474520087E-1,-3.543018401E-1
2.420359645E1,1.042747021E0,9.883799553E-1,-3.023782969E-1
2.420563176E1,1.098335743E0,1.058629513E0,-2.089159191E-1
2.420770180E1,1.145983219E0,1.105055213E0,-1.136209369E-1
2.420978511E1,1.191798091E0,1.122770309E0,-7.024950534E-2
2.421181195E1,1.210124016E0,1.138041973E0,1.221730467E-2
2.421389268E1,1.244332552E0,1.138041973E0,8.674286306E-2
2.421579934E1,1.258382440E0,1.128878951E0,1.221730486E-1
2.421780011E1,1.279151797E0,1.092837930E0,1.887573600E-1
2.421987045E1,1.294423461E0,1.032973170E0,2.431243658E-1
2.422190572E1,1.299310327E0,9.957103729E-1,2.675589919E-1
2.422397626E1,1.307251573E0,9.059131742E-1,3.115412891E-1
2.422601226E1,1.304197311E0,8.008443117E-1,3.518583775E-1
2.422809749E1,1.300532103E0,6.829473376E-1,3.811798990E-1
2.423016545E1,1.295645237E0,6.194173694E-1,3.921754956E-1
2.423214995E1,1.275486588E0,4.789183438E-1,4.221078753E-1
2.423418157E1,1.254717231E0,3.341432810E-1,4.349360466E-1
2.423625176E1,1.244332552E0,2.571742535E-1,4.398229718E-1
2.423828753E1,1.214400053E0,1.075122803E-1,4.526511431E-1
2.424035711E1,1.180191636E0,-4.703662544E-2,4.569272101E-1
2.424239257E1,1.162476540E0,-1.252273768E-1,4.569272101E-1
2.424446242E1,1.123381138E0,-2.767219543E-1,4.544837475E-1
2.424649803E1,1.081231475E0,-4.245513380E-1,4.440990388E-1
2.424856772E1,1.058018565E0,-4.960225821E-1,4.386012554E-1
2.425064995E1,1.011592865E0,-6.298020482E-1,4.196644127E-1
2.425267607E1,9.615018964E-1,-7.519751191E-1,3.940080702E-1
2.425463203E1,9.346238375E-1,-8.087855577E-1,3.756821156E-1
2.425670130E1,8.765916228E-1,-9.114109278E-1,3.439171314E-1
2.425873642E1,8.155050874E-1,-9.993755221E-1,3.048217595E-1
2.426080584E1,7.476990819E-1,-1.071457624E0,2.614503205E-1
2.426284161E1,7.141014934E-1,-1.102000952E0,2.394591719E-1
2.426490999E1,6.401867867E-1,-1.151481032E0,1.948660165E-1
2.426694549E1,5.632177591E-1,-1.189965487E0,1.484402567E-1
2.426901453E1,5.241223574E-1,-1.203404546E0,1.252273768E-1
2.427109695E1,4.428772926E-1,-1.219287038E0,8.429940045E-2
2.427307915E1,3.665191531E-1,-1.224173903E0,4.214970022E-2
2.427519938E1,3.274237812E-1,-1.218676209E0,2.382374369E-2
2.427714045E1,2.541199327E-1,-1.196684957E0,-1.160643995E-2
2.427914030E1,1.820378453E-1,-1.164309144E0,-3.726277873E-2
2.428120984E1,1.478293836E-1,-1.142318010E0,-5.803219974E-2
2.428324595E1,8.002334833E-2,-1.092227101E0,-7.941248268E-2
2.428531538E1,1.343903504E-2,-1.036027431E0,-9.590584040E-2
2.428735111E1,-1.893682219E-2,-1.002429843E0,-1.123992056E-1
2.428942138E1,-7.819075137E-2,-9.437867999E-1,-1.258382350E-1
2.429150519E1,-1.386664063E-1,-8.790351152E-1,-1.398881376E-1
2.429352976E1,-1.954768747E-1,-8.142833710E-1,-1.533271819E-1
2.429567303E1,-2.278527319E-1,-7.831292152E-1,-1.539380401E-1
2.429751003E1,-2.809980214E-1,-7.189884186E-1,-1.594358236E-1
2.429951049E1,-3.048217595E-1,-6.829473376E-1,-1.612684280E-1
2.430158103E1,-3.573561609E-1,-6.200281978E-1,-1.618792862E-1
2.430361668E1,-4.074471295E-1,-5.540547967E-1,-1.545489132E-1
2.430568684E1,-4.569272101E-1,-4.905247986E-1,-1.502728462E-1
2.430772195E1,-4.783074856E-1,-4.587597847E-1,-1.466076523E-1
2.430979176E1,-5.216789246E-1,-4.025602043E-1,-1.313360333E-1
2.431187572E1,-5.638286471E-1,-3.500257730E-1,-1.130100712E-1
2.431386072E1,-5.827654600E-1,-3.255911767E-1,-1.044579595E-1
2.431589238E1,-6.163630486E-1,-2.828305960E-1,-8.002334833E-2
2.431796199E1,-6.493497491E-1,-2.431243658E-1,-5.314527452E-2
2.431999772E1,-6.621779203E-1,-2.266310006E-1,-3.543018550E-2
2.432206730E1,-6.872233748E-1,-1.905899495E-1,-1.221730490E-3
2.432410326E1,-7.049384713E-1,-1.576032341E-1,3.543018550E-2
2.432617253E1,-7.122688890E-1,-1.404990107E-1,5.803219974E-2
2.432820799E1,-7.263187766E-1,-9.957103431E-2,9.773843735E-2
2.433027742E1,-7.342600226E-1,-5.803219974E-2,1.447750628E-1
2.433236065E1,-7.446447611E-1,-5.497787148E-3,1.905899495E-1
2.433438542E1,-7.501425147E-1,1.649336144E-2,2.193006277E-1
2.433634199E1,-7.568620443E-1,6.963863969E-2,2.669481039E-1
2.433841180E1,-7.678576112E-1,1.215621829E-1,3.127630055E-1
2.434044684E1,-7.696902156E-1,1.472185254E-1,3.329215646E-1
2.434251626E1,-7.751879692E-1,2.028072625E-1,3.781255782E-1
2.434455142E1,-7.794640660E-1,2.559525371E-1,4.196644127E-1
2.434662088E1,-7.812966704E-1,2.822197378E-1,4.373795092E-1
2.434865695E1,-7.812966704E-1,3.365867436E-1,4.789183438E-1
2.435072645E1,-7.782423496E-1,3.793473244E-1,5.088507533E-1
2.435281011E1,-7.757988572E-1,4.025602043E-1,5.241223574E-1
2.435479526E1,-7.690793276E-1,4.392121136E-1,5.510004759E-1
2.435691626E1,-7.635815740E-1,4.667010605E-1,5.754350424E-1
2.435885788E1,-7.599163651E-1,4.783074856E-1,5.833762884E-1
2.436085822E1,-7.519751191E-1,4.941899776E-1,6.029239893E-1
2.436292792E1,-7.452555895E-1,5.088507533E-1,6.096435189E-1
2.436496365E1,-7.415903807E-1,5.125159621E-1,6.151412725E-1
2.436703334E1,-7.336491346E-1,5.167919993E-1,6.236934066E-1
2.436906838E1,-7.275404930E-1,5.204572082E-1,6.206390858E-1
2.437113811E1,-7.263187766E-1,5.186246037E-1,6.181956530E-1
2.437321999E1,-7.153232098E-1,5.125159621E-1,6.175847650E-1
2.437524718E1,-6.945537925E-1,5.009095073E-1,6.053674817E-1
2.437732592E1,-6.670648456E-1,4.783074856E-1,5.980370641E-1
2.437923349E1,-6.505714655E-1,4.648684561E-1,5.913175344E-1
2.438123361E1,-6.114761233E-1,4.355469346E-1,5.742133260E-1
2.438330342E1,-5.674937963E-1,4.080579877E-1,5.522221923E-1
2.438533868E1,-5.497786999E-1,3.933972120E-1,5.393940210E-1
2.438740822E1,-5.082398653E-1,3.530801237E-1,5.125159621E-1
2.438944345E1,-4.685336351E-1,3.011565804E-1,4.899139404E-1
2.439151322E1,-4.495968223E-1,2.724458873E-1,4.770857692E-1
2.439359603E1,-4.117231667E-1,2.058615834E-1,4.550946057E-1
2.439554861E1,-3.750712574E-1,1.337794960E-1,4.404338300E-1
2.439757999E1,-3.591887653E-1,9.957103431E-2,4.337143302E-1
2.439964934E1,-3.225368559E-1,2.993239649E-2,4.098905921E-1
2.440168422E1,-2.828305960E-1,-4.520402849E-2,3.878994286E-1
2.440375353E1,-2.657263875E-1,-8.246681094E-2,3.781255782E-1
2.440578915E1,-2.223549485E-1,-1.631010175E-1,3.561344445E-1
2.440781530E1,-1.814269722E-1,-2.486221492E-1,3.353650272E-1
2.440981526E1,-1.606575549E-1,-2.895501256E-1,3.237585723E-1
2.441188568E1,-1.166752651E-1,-3.714060783E-1,3.011565804E-1
2.441396826E1,-7.024950534E-2,-4.465425014E-1,2.797762752E-1
2.441600061E1,-4.703662544E-2,-4.819726646E-1,2.651155293E-1
2.441795957E1,0.000000000E0,-5.485569835E-1,2.406809032E-1
2.442002945E1,4.886921868E-2,-6.084218025E-1,2.144137025E-1
2.442206492E1,7.147123665E-2,-6.371324658E-1,1.985312104E-1
2.442413503E1,1.130100712E-1,-6.878342628E-1,1.734857261E-1
2.442617011E1,1.514945775E-1,-7.330383062E-1,1.508837193E-1
2.442823999E1,1.850921661E-1,-7.696902156E-1,1.270599663E-1
2.443027649E1,1.997529417E-1,-7.861835957E-1,1.160643995E-1
2.443234592E1,2.223549485E-1,-8.167268038E-1,9.957103431E-2
2.443442892E1,2.419026345E-1,-8.411614299E-1,8.063421398E-2
2.443638199E1,2.492330223E-1,-8.491026759E-1,7.391469181E-2
2.443850265E1,2.583959997E-1,-8.631525636E-1,5.558873713E-2
2.444044399E1,2.614503205E-1,-8.680394888E-1,3.665191308E-2
2.444244492E1,2.596177161E-1,-8.649851680E-1,2.993239649E-2
2.444451468E1,2.590068579E-1,-8.558222055E-1,1.404990070E-2
2.444655022E1,2.504547536E-1,-8.405506015E-1,-6.108652335E-3
2.444862030E1,2.449569702E-1,-8.289441466E-1,-1.649336144E-2
2.445065588E1,2.302961946E-1,-8.032878041E-1,-3.665191308E-2
2.445272626E1,2.107485086E-1,-7.703011036E-1,-6.047565863E-2
2.445480899E1,1.979203373E-1,-7.507534027E-1,-7.208210230E-2
2.445683415E1,1.679879427E-1,-7.024950385E-1,-9.346238524E-2
2.445897634E1,1.380555481E-1,-6.462954283E-1,-1.209513173E-1
2.446081299E1,1.221730486E-1,-6.139195561E-1,-1.362229437E-1
2.446281411E1,8.552113175E-2,-5.424483418E-1,-1.588249654E-1
2.446488392E1,4.214970022E-2,-4.642575979E-1,-1.844813079E-1
2.446691907E1,2.015855350E-2,-4.221078753E-1,-1.985312104E-1
2.446898934E1,-2.504547499E-2,-3.310889602E-1,-2.199114859E-1
2.447102495E1,-7.391469181E-2,-2.400700450E-1,-2.406809032E-1
2.447309492E1,-1.233947799E-1,-1.447750628E-1,-2.553416789E-1
2.447517792E1,-1.472185254E-1,-9.529497474E-2,-2.571742535E-1
2.447713134E1,-1.948660165E-1,1.832595794E-3,-2.700024247E-1
2.447916338E1,-2.461786866E-1,9.590584040E-2,-2.748893499E-1
2.448123280E1,-2.700024247E-1,1.435533315E-1,-2.712241709E-1
2.448326934E1,-3.188716471E-1,2.364048511E-1,-2.651155293E-1
2.448533880E1,-3.659082949E-1,3.298672438E-1,-2.565633953E-1
2.448737457E1,-3.921754956E-1,3.750712574E-1,-2.480112910E-1
2.448944426E1,-4.392121136E-1,4.642575979E-1,-2.364048511E-1
2.449148007E1,-4.850270152E-1,5.497786999E-1,-2.186897546E-1
2.449355042E1,-5.070181489E-1,5.858197808E-1,-2.089159191E-1
2.449563376E1,-5.540547967E-1,6.627888083E-1,-1.893682331E-1
2.449766695E1,-5.968153477E-1,7.342600226E-1,-1.667662114E-1
2.449962376E1,-6.151412725E-1,7.666358948E-1,-1.582140923E-1
2.450169442E1,-6.554583907E-1,8.265006542E-1,-1.337794960E-1
2.450372988E1,-6.969972253E-1,8.772025108E-1,-1.056796908E-1
2.450580018E1,-7.147123218E-1,9.016370773E-1,-9.529497474E-2
2.450783599E1,-7.538077235E-1,9.358455539E-1,-7.574728876E-2
2.450990530E1,-7.910705209E-1,9.657779336E-1,-5.070181563E-2
2.451194065E1,-8.265006542E-1,9.871582389E-1,-3.054326214E-2
2.451401130E1,-8.484918475E-1,9.944885969E-1,-1.954768784E-2
2.451609403E1,-8.863654733E-1,1.012203693E0,-4.886921961E-3
2.451807695E1,-9.303477407E-1,1.019534111E0,9.162978269E-3
2.452019711E1,-9.523389339E-1,1.020755768E0,1.343903504E-2
2.452213834E1,-9.975429177E-1,1.018923283E0,2.260201424E-2
2.452413822E1,-1.045190454E0,1.012814522E0,2.321287990E-2
2.452620830E1,-1.065348983E0,1.007927656E0,2.260201424E-2
2.452824341E1,-1.116661668E0,9.889908433E-1,2.015855350E-2
2.453031357E1,-1.164919972E0,9.645562172E-1,1.343903504E-2
2.453234853E1,-1.190576315E0,9.492846131E-1,8.552113548E-3
2.453441738E1,-1.234558702E0,9.083566070E-1,0.000000000E0
2.453650145E1,-1.272432327E0,8.558222055E-1,-1.343903504E-2
2.453852722E1,-1.291369081E0,8.295549750E-1,-2.015855350E-2
2.454060730E1,-1.323745012E0,7.648032904E-1,-2.565634064E-2
2.454251391E1,-1.354288220E0,6.982190013E-1,-3.665191308E-2
2.454451449E1,-1.367116451E0,6.621779203E-1,-4.092797264E-2
2.454658472E1,-1.397659659E0,5.858197808E-1,-4.703662544E-2
2.454862022E1,-1.421483397E0,5.064072609E-1,-5.619960278E-2
2.455069007E1,-1.427592039E0,4.642575979E-1,-5.558873713E-2
2.455272588E1,-1.438587666E0,3.744603992E-1,-6.108652428E-2
2.455479622E1,-1.439809442E0,2.858849466E-1,-5.803219974E-2
2.455687968E1,-1.431257248E0,1.875356287E-1,-4.886921868E-2
2.455886311E1,-1.423316002E0,1.380555481E-1,-4.031710699E-2
2.456089553E1,-1.394605398E0,3.543018550E-2,-2.748893574E-2
2.456296530E1,-1.357953429E0,-7.513642311E-2,3.054326167E-3
2.456500165E1,-1.335962296E0,-1.362229437E-1,2.199114859E-2
2.456707195E1,-1.281595230E0,-2.608394623E-1,5.742133409E-2
2.456910803E1,-1.218676209E0,-3.946189582E-1,1.081231460E-1
2.457117880E1,-1.178969979E0,-4.660901725E-1,1.331686229E-1
2.457321453E1,-1.099557400E0,-6.145304441E-1,1.881465018E-1
2.457528472E1,-1.006705880E0,-7.678576112E-1,2.553416789E-1
2.457736726E1,-9.541715384E-1,-8.478809595E-1,2.895501256E-1
2.457939249E1,-8.417723179E-1,-1.005484223E0,3.591887653E-1
2.458134930E1,-7.159340382E-1,-1.161865711E0,4.355469346E-1
2.458341799E1,-6.487388611E-1,-1.237612963E0,4.770857692E-1
2.458545322E1,-5.045747161E-1,-1.381166339E0,5.558874011E-1
2.458752322E1,-3.445279896E-1,-1.505782843E0,6.420193911E-1
2.458955811E1,-1.734857261E-1,-1.605353832E0,7.281513810E-1
2.459162757E1,-8.796459436E-2,-1.645060062E0,7.678576112E-1
2.459366276E1,9.224065393E-2,-1.695761919E0,8.484918475E-1
2.459573176E1,2.712241709E-1,-1.700037956E0,9.205739498E-1
2.459781384E1,3.610213697E-1,-1.682322860E0,9.492846131E-1
2.459979784E1,5.302310586E-1,-1.607797384E0,9.999864101E-1
2.460196249E1,6.866125464E-1,-1.486235142E0,1.031751394E0
2.460383345E1,7.574729323E-1,-1.404990077E0,1.036638379E0
2.460583318E1,8.881980777E-1,-1.215621829E0,1.037860036E0
2.460790268E1,9.950994849E-1,-9.963212013E-1,1.016479731E0
2.460993811E1,1.043357849E0,-8.772025108E-1,9.993755221E-1
2.461200780E1,1.122770309E0,-6.224716902E-1,9.529497623E-1
2.461404241E1,1.177748203E0,-3.567453027E-1,8.912523985E-1
2.461611234E1,1.197295904E0,-2.260201424E-1,8.576548100E-1
2.461819538E1,1.225395679E0,4.153883830E-2,7.806857824E-1
2.462022011E1,1.240056396E0,3.060434759E-1,6.945537925E-1
2.462236314E1,1.237612963E0,5.571091175E-1,6.078109145E-1
2.462419895E1,1.231504321E0,6.780604124E-1,5.607742667E-1
2.462619903E1,1.208902359E0,9.040805697E-1,4.679227769E-1
2.462826884E1,1.196074128E0,1.010982037E0,4.190535545E-1
2.463030465E1,1.159422278E0,1.209513187E0,3.274237812E-1
2.463237380E1,1.117883444E0,1.384220600E0,2.345722616E-1
2.463440972E1,1.091005325E0,1.463633180E0,1.881465018E-1
2.463649461E1,1.039081812E0,1.598023534E0,1.032362282E-1
2.463856157E1,9.767735004E-1,1.703703165E0,2.015855350E-2
2.464054645E1,9.126327038E-1,1.785559058E0,-5.436700583E-2
2.464257745E1,8.802568316E-1,1.814880610E0,-9.101892263E-2
2.464464661E1,8.118399382E-1,1.853976011E0,-1.612684280E-1
2.464668211E1,7.452555895E-1,1.862528086E0,-2.223549485E-1
2.464875211E1,7.086036801E-1,1.856419444E0,-2.510656118E-1
2.465078761E1,6.383541822E-1,1.820378423E0,-3.036000133E-1
2.465281345E1,5.699372888E-1,1.755015850E0,-3.481931984E-1
2.465481353E1,5.338962078E-1,1.714087844E0,-3.634648323E-1
2.465688311E1,4.642575979E-1,1.611462474E0,-4.050036669E-1
2.465896568E1,3.952298164E-1,1.483180761E0,-4.306600094E-1
2.466099015E1,3.634648323E-1,1.413542151E0,-4.440990388E-1
2.466294864E1,2.981022298E-1,1.258993268E0,-4.673119187E-1
2.466501749E1,2.370157093E-1,1.091005325E0,-4.844161272E-1
2.466705372E1,2.021963894E-1,1.004262447E0,-4.886921942E-1
2.466912330E1,1.435533315E-1,8.295549750E-1,-5.021312237E-1
2.467115872E1,8.124507964E-2,6.585127115E-1,-5.070181489E-1
2.467322780E1,5.375614017E-2,5.705481172E-1,-5.088507533E-1
2.467526311E1,-3.054326167E-3,4.025602043E-1,-5.106833577E-1
2.467733199E1,-6.169738993E-2,2.400700450E-1,-5.057964325E-1
2.467941526E1,-1.166752651E-1,8.857546002E-2,-4.948008358E-1
2.468139764E1,-1.429424733E-1,1.404990070E-2,-4.923573732E-1
2.468351661E1,-1.936442852E-1,-1.276708394E-1,-4.770857692E-1
2.468545826E1,-2.419026345E-1,-2.590068579E-1,-4.618141353E-1
2.468745799E1,-2.645046413E-1,-3.213151097E-1,-4.526511431E-1
2.468952776E1,-3.115412891E-1,-4.361577928E-1,-4.343251884E-1
2.469156380E1,-3.488040566E-1,-5.393940210E-1,-4.031710625E-1
2.469363365E1,-3.671300113E-1,-5.876523852E-1,-3.909537494E-1
2.469566968E1,-3.964515328E-1,-6.688974500E-1,-3.634648323E-1
2.469773941E1,-4.227187634E-1,-7.422012687E-1,-3.249803185E-1
2.469982268E1,-4.312708676E-1,-7.684684992E-1,-3.097086847E-1
2.470185161E1,-4.447098970E-1,-8.197811842E-1,-2.700024247E-1
2.470393161E1,-4.465425014E-1,-8.552113175E-1,-2.284636050E-1
2.470583784E1,-4.483750761E-1,-8.680394888E-1,-2.052507252E-1
2.470783807E1,-4.404338300E-1,-8.802568316E-1,-1.679879427E-1
2.470990761E1,-4.288274050E-1,-8.839219809E-1,-1.197295859E-1
2.471194372E1,-4.221078753E-1,-8.784242272E-1,-9.773843735E-2
2.471401307E1,-4.050036669E-1,-8.619308472E-1,-5.497787148E-2
2.471604864E1,-3.866777122E-1,-8.338310719E-1,-6.719517522E-3
2.471811880E1,-3.793473244E-1,-8.155050874E-1,1.588249579E-2
2.472020118E1,-3.591887653E-1,-7.703011036E-1,5.253441259E-2
2.472215472E1,-3.408628106E-1,-7.159340382E-1,9.407325089E-2
2.472418711E1,-3.286454976E-1,-6.866125464E-1,1.087340117E-1
2.472625657E1,-3.090978265E-1,-6.188064814E-1,1.417207420E-1
2.472829126E1,-2.858849466E-1,-5.461135507E-1,1.710422635E-1
2.473036084E1,-2.620611787E-1,-4.703662395E-1,1.893682331E-1
2.473239530E1,-2.504547536E-1,-4.288274050E-1,2.021963894E-1
2.473446564E1,-2.241875380E-1,-3.506366611E-1,2.180788964E-1
2.473650057E1,-1.979203373E-1,-2.730567753E-1,2.278527319E-1
2.473857114E1,-1.820378453E-1,-2.364048511E-1,2.284636050E-1
2.474065364E1,-1.539380401E-1,-1.624901593E-1,2.339613885E-1
2.474267903E1,-1.191187203E-1,-8.979719132E-2,2.296853364E-1
2.474463507E1,-1.032362282E-1,-5.131268129E-2,2.266310006E-1
2.474670449E1,-6.719517708E-2,2.076941915E-2,2.235766798E-1
2.474873953E1,-3.359758854E-2,8.918632567E-2,2.064724565E-1
2.475080911E1,-1.954768784E-2,1.246165112E-1,1.966986060E-1
2.475284376E1,1.527163107E-2,1.844813079E-1,1.777617931E-1
2.475491318E1,4.948008433E-2,2.443460971E-1,1.502728462E-1
2.475694864E1,6.352998316E-2,2.706133127E-1,1.386664063E-1
2.475901803E1,9.407325089E-2,3.188716471E-1,1.087340117E-1
2.476110103E1,1.221730486E-1,3.628539443E-1,7.330382615E-2
2.476308491E1,1.453859210E-1,3.988949955E-1,3.970624134E-2
2.476520538E1,1.594358236E-1,4.178318381E-1,2.199114859E-2
2.476714680E1,1.820378453E-1,4.453207552E-1,-2.138028294E-2
2.476914653E1,1.997529417E-1,4.679227769E-1,-5.619960278E-2
2.477121653E1,2.064724565E-1,4.752531648E-1,-7.452555746E-2
2.477325180E1,2.217440903E-1,4.923573732E-1,-1.160643995E-1
2.477532149E1,2.315179259E-1,5.033529401E-1,-1.508837193E-1
2.477735676E1,2.376265824E-1,5.057964325E-1,-1.679879427E-1
2.477942645E1,2.467895597E-1,5.045747161E-1,-2.040289938E-1
2.478150861E1,2.565633953E-1,4.990769029E-1,-2.321287990E-1
2.478353314E1,2.577851415E-1,4.929682612E-1,-2.467895597E-1
2.478567668E1,2.675589919E-1,4.770857692E-1,-2.718350291E-1
2.478751288E1,2.730567753E-1,4.526511431E-1,-2.938261926E-1
2.478951295E1,2.755002379E-1,4.398229718E-1,-3.029891551E-1
2.479158364E1,2.828305960E-1,4.062253833E-1,-3.225368559E-1
2.479361791E1,2.883284092E-1,3.689626157E-1,-3.335324228E-1
2.479568768E1,2.913827300E-1,3.506366611E-1,-3.378084898E-1
2.479772318E1,2.981022298E-1,3.072652221E-1,-3.433062732E-1
2.479979272E1,3.011565804E-1,2.645046413E-1,-3.469714522E-1
2.480187499E1,3.029891551E-1,2.406809032E-1,-3.488040566E-1
2.480385714E1,3.097086847E-1,1.912008226E-1,-3.469714522E-1
2.480588861E1,3.139847219E-1,1.404990107E-1,-3.445279896E-1
2.480795814E1,3.200933933E-1,8.246681094E-2,-3.420845270E-1
2.480999322E1,3.176499307E-1,5.558873713E-2,-3.359758854E-1
2.481206268E1,3.268128932E-1,-4.276056774E-3,-3.268128932E-1
2.481409795E1,3.353650272E-1,-6.963863969E-2,-3.188716471E-1
2.481616730E1,3.371976018E-1,-1.007927656E-1,-3.109304011E-1
2.481820280E1,3.475823104E-1,-1.655444801E-1,-2.987131178E-1
2.482027188E1,3.573561609E-1,-2.284636050E-1,-2.834414840E-1
2.482235430E1,3.610213697E-1,-2.571742535E-1,-2.730567753E-1
2.482437922E1,3.732386529E-1,-3.145956099E-1,-2.528982162E-1
2.482633557E1,3.872885704E-1,-3.610213697E-1,-2.321287990E-1
2.482840438E1,3.921754956E-1,-3.830125034E-1,-2.199114859E-1
2.483043953E1,4.019493461E-1,-4.214970171E-1,-1.942551434E-1
2.483250922E1,4.159992337E-1,-4.520402849E-1,-1.679879427E-1
2.483454468E1,4.208861589E-1,-4.642575979E-1,-1.557706445E-1
2.483661361E1,4.337143302E-1,-4.850270152E-1,-1.282816976E-1
2.483864880E1,4.465425014E-1,-4.954117239E-1,-1.020144969E-1
2.484071776E1,4.581489265E-1,-4.990769029E-1,-7.330382615E-2
2.484280011E1,4.605923891E-1,-4.972442985E-1,-6.230825558E-2
2.484478438E1,4.746423066E-1,-4.905247986E-1,-3.726277873E-2
2.484690453E1,4.874704778E-1,-4.831944108E-1,-1.404990070E-2
2.484884507E1,4.929682612E-1,-4.758640230E-1,-1.832595794E-3
2.485084557E1,5.064072609E-1,-4.599815309E-1,2.138028294E-2
2.485291511E1,5.137376785E-1,-4.440990388E-1,4.337143153E-2
2.485495107E1,5.174028873E-1,-4.318817258E-1,5.681046844E-2
2.485701991E1,5.296201706E-1,-4.129449129E-1,7.574728876E-2
2.485905557E1,5.393940210E-1,-3.915646076E-1,9.773843735E-2
2.486112511E1,5.442809463E-1,-3.775147200E-1,1.081231460E-1
2.486320799E1,5.503895879E-1,-3.536909819E-1,1.301143020E-1
2.486521395E1,5.601634383E-1,-3.274237812E-1,1.459967941E-1
2.486729449E1,5.632177591E-1,-3.139847219E-1,1.569923609E-1
2.486920103E1,5.687155724E-1,-2.883284092E-1,1.759291887E-1
2.487120103E1,5.803219676E-1,-2.663372457E-1,1.869247705E-1
2.487327064E1,5.833762884E-1,-2.541199327E-1,1.973094791E-1
2.487530634E1,5.955936313E-1,-2.327396572E-1,2.064724565E-1
2.487737614E1,6.065891981E-1,-2.119702399E-1,2.174680233E-1
2.487941238E1,6.090326309E-1,-2.028072625E-1,2.247984111E-1
2.488148257E1,6.206390858E-1,-1.881465018E-1,2.351831198E-1
2.488356549E1,6.279694438E-1,-1.777617931E-1,2.412917763E-1
2.488552372E1,6.365215778E-1,-1.692096740E-1,2.419026345E-1
2.488752380E1,6.475171447E-1,-1.624901593E-1,2.474004179E-1
2.488959322E1,6.597344875E-1,-1.582140923E-1,2.498438805E-1
2.489162818E1,6.682865620E-1,-1.576032341E-1,2.492330223E-1
2.489369841E1,6.805039048E-1,-1.600466967E-1,2.480112910E-1
2.489573334E1,6.969972253E-1,-1.618792862E-1,2.461786866E-1
2.489775891E1,7.092145681E-1,-1.679879427E-1,2.437352389E-1
2.489975868E1,7.189884186E-1,-1.710422635E-1,2.382374406E-1
2.490182810E1,7.318165898E-1,-1.783726513E-1,2.296853364E-1
2.490391022E1,7.434229851E-1,-1.863138974E-1,2.211332172E-1
2.490594184E1,7.556403279E-1,-1.936442852E-1,2.138028294E-1
2.490789934E1,7.678576112E-1,-2.015855312E-1,2.064724565E-1
2.490996922E1,7.770205736E-1,-2.107485086E-1,1.942551434E-1
2.491200318E1,7.843509912E-1,-2.174680233E-1,1.850921661E-1
2.491407299E1,7.929030657E-1,-2.235766798E-1,1.747074574E-1
2.491610788E1,8.026769161E-1,-2.321287990E-1,1.594358236E-1
2.491817760E1,8.075638413E-1,-2.315179259E-1,1.514945775E-1
2.492021276E1,8.130616546E-1,-2.339613885E-1,1.411098689E-1
2.492228188E1,8.216137290E-1,-2.321287990E-1,1.307251602E-1
2.492436445E1,8.277224302E-1,-2.266310006E-1,1.246165112E-1
2.492632307E1,8.374962807E-1,-2.144137025E-1,1.191187203E-1
2.492844191E1,8.503243923E-1,-1.991420686E-1,1.105666086E-1
2.493038241E1,8.558222055E-1,-1.899790913E-1,1.148426682E-1
2.493238260E1,8.637634516E-1,-1.667662114E-1,1.105666086E-1
2.493445222E1,8.625417352E-1,-1.441642046E-1,1.111774743E-1
2.493648749E1,8.570439219E-1,-1.307251602E-1,1.111774743E-1
2.493855695E1,8.478809595E-1,-1.038470939E-1,1.099557430E-1
2.494059234E1,8.289441466E-1,-7.086037099E-2,1.105666086E-1
2.494266199E1,8.087855577E-1,-3.909537569E-2,1.111774743E-1
2.494474491E1,7.953465581E-1,-2.015855350E-2,1.123992056E-1
2.494677726E1,7.690793276E-1,1.038470957E-2,1.069014147E-1
2.494892026E1,7.422012687E-1,4.153883830E-2,1.038470939E-1
2.495075676E1,7.318165898E-1,5.681046844E-2,9.957103431E-2
2.495275714E1,7.073819637E-1,7.696902007E-2,8.735372871E-2
2.495482737E1,6.872233748E-1,9.407325089E-2,7.696902007E-2
2.495686314E1,6.762278080E-1,9.712757170E-2,6.902777404E-2
2.495893318E1,6.603453159E-1,9.896016866E-2,5.070181563E-2
2.496096799E1,6.469063163E-1,8.979719132E-2,3.726277873E-2
2.496303822E1,6.420193911E-1,8.002334833E-2,2.871066704E-2
2.496512118E1,6.310238242E-1,5.619960278E-2,7.941247895E-3
2.496710395E1,6.230825782E-1,2.199114859E-2,-6.108652335E-3
2.496913649E1,6.175847650E-1,4.276056774E-3,-1.832595654E-2
2.497120695E1,6.059783101E-1,-3.543018550E-2,-3.970624134E-2
2.497324280E1,5.876523852E-1,-7.574728876E-2,-5.497787148E-2
2.497531295E1,5.760459304E-1,-9.468411654E-2,-6.597344577E-2
2.497734861E1,5.473352671E-1,-1.276708394E-1,-9.162978828E-2
2.497941810E1,5.131267905E-1,-1.533271819E-1,-1.099557430E-1
2.498145395E1,4.667010605E-1,-1.728748679E-1,-1.227839142E-1
2.498352311E1,4.386012554E-1,-1.783726513E-1,-1.545489132E-1
2.498560645E1,3.842342496E-1,-1.838704348E-1,-1.795943826E-1
2.498763295E1,3.200933933E-1,-1.777617931E-1,-2.131919712E-1
2.498959749E1,2.840523422E-1,-1.716531366E-1,-2.327396572E-1
2.499166780E1,2.131919712E-1,-1.576032341E-1,-2.675589919E-1
2.499370426E1,1.392772794E-1,-1.374446750E-1,-3.060434759E-1
2.499577495E1,9.896016866E-2,-1.288925707E-1,-3.237585723E-1
2.499781007E1,2.809980139E-2,-1.056796908E-1,-3.567453027E-1
2.499987957E1,-4.886921868E-2,-7.880161703E-2,-3.878994286E-1
2.500191534E1,-8.429940045E-2,-6.475171447E-2,-4.043927789E-1
2.500398614E1,-1.539380401E-1,-3.115412779E-2,-4.245513380E-1
2.500606891E1,-2.162462920E-1,6.108652335E-3,-4.477642179E-1
2.500805134E1,-2.467895597E-1,2.076941915E-2,-4.557054639E-1
2.501017157E1,-3.036000133E-1,6.047565863E-2,-4.618141353E-1
2.501211310E1,-3.567453027E-1,1.007927656E-1,-4.703662395E-1
2.501411410E1,-3.817907870E-1,1.227839142E-1,-4.746423066E-1
2.501618361E1,-4.300491214E-1,1.631010175E-1,-4.697553813E-1
2.501821937E1,-4.740314186E-1,2.052507252E-1,-4.685336351E-1
2.502028903E1,-5.155702829E-1,2.449569702E-1,-4.593706727E-1
2.502232430E1,-5.357288122E-1,2.638937831E-1,-4.550946057E-1
2.502439487E1,-5.711590052E-1,3.048217595E-1,-4.447098970E-1
2.502647772E1,-6.047565937E-1,3.433062732E-1,-4.306600094E-1
2.502850353E1,-6.194173694E-1,3.634648323E-1,-4.227187634E-1
2.503058257E1,-6.499606371E-1,3.995058835E-1,-4.117231667E-1
2.503248818E1,-6.725626588E-1,4.331034720E-1,-3.872885704E-1
2.503448845E1,-6.817256212E-1,4.495968223E-1,-3.781255782E-1
2.503655834E1,-6.969972253E-1,4.758640230E-1,-3.616322279E-1
2.503859291E1,-7.079927921E-1,4.972442985E-1,-3.378084898E-1
2.504066310E1,-7.128797174E-1,5.057964325E-1,-3.243694305E-1
2.504269903E1,-7.147123218E-1,5.174028873E-1,-3.036000133E-1
2.504478314E1,-7.116580009E-1,5.241223574E-1,-2.791654170E-1
2.504685099E1,-7.073819637E-1,5.229006410E-1,-2.687807083E-1
2.504883345E1,-6.982190013E-1,5.167919993E-1,-2.486221492E-1
2.505086472E1,-6.853908300E-1,5.039638281E-1,-2.260201424E-1
2.505293434E1,-6.750060916E-1,4.935791194E-1,-2.119702399E-1
2.505496891E1,-6.542366743E-1,4.673119187E-1,-1.893682331E-1
2.505703845E1,-6.304129362E-1,4.386012554E-1,-1.710422635E-1
2.505907295E1,-6.175847650E-1,4.208861589E-1,-1.569923609E-1
2.506114226E1,-5.882632136E-1,3.836233616E-1,-1.392772794E-1
2.506317661E1,-5.595525503E-1,3.457497358E-1,-1.142318025E-1
2.506524661E1,-5.271766782E-1,3.048217595E-1,-9.651670605E-2
2.506732899E1,-5.100724697E-1,2.871066630E-1,-8.735372871E-2
2.506935484E1,-4.764748812E-1,2.449569702E-1,-7.024950534E-2
2.507130999E1,-4.416555762E-1,2.034181207E-1,-5.070181563E-2
2.507337934E1,-4.233296216E-1,1.838704348E-1,-4.764748737E-2
2.507541395E1,-3.866777122E-1,1.398881376E-1,-3.359758854E-2
2.507748307E1,-3.518583775E-1,9.957103431E-2,-1.832595654E-2
2.507951834E1,-3.365867436E-1,8.002334833E-2,-1.160643995E-2
2.508158761E1,-2.999348342E-1,4.031710699E-2,-1.832595794E-3
2.508362230E1,-2.620611787E-1,1.221730490E-3,9.773843922E-3
2.508569211E1,-2.455678284E-1,-1.893682219E-2,1.343903504E-2
2.508777449E1,-2.119702399E-1,-5.619960278E-2,2.382374369E-2
2.508975684E1,-1.747074574E-1,-9.285151958E-2,2.748893574E-2
2.509187668E1,-1.453859210E-1,-1.325577646E-1,3.481931984E-2
2.509381764E1,-1.264491081E-1,-1.514945775E-1,3.970624134E-2
2.509581811E1,-1.014036313E-1,-1.881465018E-1,4.214970022E-2
2.509788730E1,-8.613199741E-2,-2.095267773E-1,4.337143153E-2
2.509992349E1,-6.169738993E-2,-2.492330223E-1,4.398229718E-2
2.510199257E1,-3.909537569E-2,-2.889392674E-1,4.520402849E-2
2.510402826E1,-2.321287990E-2,-3.255911767E-1,3.909537569E-2
2.510609814E1,-1.649336144E-2,-3.445279896E-1,4.092797264E-2
2.510818003E1,-5.497787148E-3,-3.811798990E-1,3.543018550E-2
2.511020399E1,1.832595794E-3,-4.141666293E-1,2.748893574E-2
2.511234564E1,7.941247895E-3,-4.324925840E-1,2.565634064E-2
2.511418164E1,1.038470957E-2,-4.654793143E-1,2.199114859E-2
2.511618087E1,1.282817032E-2,-4.917465150E-1,9.773843922E-3
2.511825007E1,1.343903504E-2,-5.027421117E-1,7.941247895E-3
2.512028461E1,1.466076635E-2,-5.235115290E-1,3.054326167E-3
2.512235422E1,1.343903504E-2,-5.387831330E-1,-5.497787148E-3
2.512438884E1,9.773843922E-3,-5.461135507E-1,-7.941247895E-3
2.512645830E1,6.108652335E-3,-5.552765131E-1,-1.649336144E-2
2.512854018E1,2.443460980E-3,-5.632177591E-1,-2.382374369E-2
2.513052195E1,-1.221730490E-3,-5.644394755E-1,-2.565634064E-2
2.513255210E1,-5.497787148E-3,-5.626068711E-1,-3.115412779E-2
2.513462060E1,-1.282817032E-2,-5.564982295E-1,-3.665191308E-2
2.513665487E1,-2.076941915E-2,-5.546656251E-1,-3.481931984E-2
2.513872360E1,-2.871066704E-2,-5.436700583E-1,-3.909537569E-2
2.514075772E1,-3.665191308E-2,-5.302310586E-1,-4.092797264E-2
2.514278303E1,-4.459316283E-2,-5.210680366E-1,-3.848451003E-2
2.514478153E1,-5.436700583E-2,-5.009095073E-1,-4.092797264E-2
2.514685007E1,-6.841690838E-2,-4.807509482E-1,-3.726277873E-2
2.514893207E1,-8.185594529E-2,-4.514294267E-1,-3.359758854E-2
2.515096376E1,-8.918632567E-2,-4.367686510E-1,-3.359758854E-2
2.515292187E1,-1.038470939E-1,-4.062253833E-1,-2.932153270E-2
2.515499030E1,-1.191187203E-1,-3.671300113E-1,-2.443460934E-2
2.515702495E1,-1.258382350E-1,-3.518583775E-1,-2.382374369E-2
2.515909457E1,-1.435533315E-1,-3.152064681E-1,-1.588249579E-2
2.516112903E1,-1.582140923E-1,-2.809980214E-1,-1.160643995E-2
2.516319818E1,-1.655444801E-1,-2.657263875E-1,-7.330383174E-3
2.516523241E1,-1.795943826E-1,-2.351831198E-1,-3.054326167E-3
2.516730134E1,-1.948660165E-1,-2.070833147E-1,1.221730490E-3
2.516938264E1,-2.015855312E-1,-1.930334121E-1,7.330383174E-3
2.517133534E1,-2.144137025E-1,-1.685988009E-1,1.404990070E-2
2.517345472E1,-2.266310006E-1,-1.435533315E-1,2.199114859E-2
2.517539526E1,-2.302961946E-1,-1.288925707E-1,2.565634064E-2
2.517739476E1,-2.419026345E-1,-1.038470939E-1,3.604105115E-2
2.517946395E1,-2.522873580E-1,-7.330382615E-2,4.520402849E-2
2.518149864E1,-2.577851415E-1,-5.864306539E-2,5.131268129E-2
2.518356699E1,-2.681698501E-1,-2.809980139E-2,6.291911751E-2
2.518560180E1,-2.755002379E-1,5.497787148E-3,7.513642311E-2
2.518767049E1,-2.785545588E-1,2.199114859E-2,8.185594529E-2
2.518975287E1,-2.864958048E-1,5.314527452E-2,9.285151958E-2
2.519175860E1,-2.956587672E-1,8.552113175E-2,1.099557430E-1
2.519383726E1,-3.023782969E-1,1.142318025E-1,1.240056455E-1
2.519574222E1,-3.072652221E-1,1.301143020E-1,1.301143020E-1
2.519774187E1,-3.145956099E-1,1.545489132E-1,1.447750628E-1
2.519981110E1,-3.207042515E-1,1.661553532E-1,1.502728462E-1
2.520184584E1,-3.292563558E-1,1.838704348E-1,1.594358236E-1
2.520391464E1,-3.420845270E-1,1.960877478E-1,1.685988009E-1
2.520594868E1,-3.567453027E-1,2.046398520E-1,1.826487035E-1
2.520801841E1,-3.640756905E-1,2.070833147E-1,1.869247705E-1
2.521009972E1,-3.817907870E-1,2.046398520E-1,1.930334121E-1
2.521205730E1,-3.982841372E-1,1.997529417E-1,2.015855312E-1
2.521408826E1,-4.056145251E-1,1.936442852E-1,1.997529417E-1
2.521615726E1,-4.269948006E-1,1.802052408E-1,2.076941878E-1
2.521819249E1,-4.489859641E-1,1.569923609E-1,2.101376504E-1
2.522026122E1,-4.599815309E-1,1.441642046E-1,2.083050460E-1
2.522229580E1,-4.831944108E-1,1.160643995E-1,2.083050460E-1
2.522436495E1,-5.088507533E-1,8.246681094E-2,2.046398520E-1
2.522639926E1,-5.186246037E-1,6.475171447E-2,2.021963894E-1
2.522846880E1,-5.448917747E-1,2.504547499E-2,1.924225539E-1
2.523055045E1,-5.711590052E-1,-1.527163107E-2,1.881465018E-1
2.523255537E1,-5.845980644E-1,-3.481931984E-2,1.789835095E-1
2.523451076E1,-6.120869517E-1,-8.002334833E-2,1.673770845E-1
2.523657957E1,-6.383541822E-1,-1.227839142E-1,1.563815027E-1
2.523861484E1,-6.517932415E-1,-1.417207420E-1,1.453859210E-1
2.524068345E1,-6.768386960E-1,-1.789835095E-1,1.313360333E-1
2.524271780E1,-7.000515461E-1,-2.150245607E-1,1.160643995E-1
2.524478607E1,-7.238753438E-1,-2.486221492E-1,1.001819000E-1
2.524682010E1,-7.330383062E-1,-2.632829249E-1,9.224065393E-2
2.524888895E1,-7.550294399E-1,-2.901609838E-1,7.452555746E-2
2.525097068E1,-7.739662528E-1,-3.133738637E-1,5.681046844E-2
2.525292803E1,-7.825183868E-1,-3.243694305E-1,5.070181563E-2
2.525504903E1,-7.941248417E-1,-3.420845270E-1,3.237585723E-2
2.525698926E1,-8.093964458E-1,-3.555235863E-1,2.076941915E-2
2.525898880E1,-8.148942590E-1,-3.567453027E-1,1.282817032E-2
2.526105791E1,-8.252789378E-1,-3.646865487E-1,-6.108652451E-4
2.526309222E1,-8.332201838E-1,-3.610213697E-1,-1.343903504E-2
2.526516095E1,-8.356636763E-1,-3.634648323E-1,-1.466076635E-2
2.526719568E1,-8.429940343E-1,-3.530801237E-1,-2.565634064E-2
2.526926507E1,-8.417723179E-1,-3.396410644E-1,-3.481931984E-2
2.527134710E1,-8.460483551E-1,-3.298672438E-1,-3.909537569E-2
2.527335295E1,-8.411614299E-1,-3.145956099E-1,-4.642575979E-2
2.527549568E1,-8.387179971E-1,-2.932153046E-1,-4.825835302E-2
2.527733141E1,-8.362745047E-1,-2.828305960E-1,-4.948008433E-2
2.527933191E1,-8.283332586E-1,-2.553416789E-1,-5.131268129E-2
2.528140106E1,-8.167268038E-1,-2.260201424E-1,-5.131268129E-2
2.528343634E1,-8.130616546E-1,-2.107485086E-1,-4.642575979E-2
2.528550591E1,-7.977899909E-1,-1.789835095E-1,-4.825835302E-2
2.528754049E1,-7.812966704E-1,-1.441642046E-1,-4.214970022E-2
2.528960999E1,-7.721336484E-1,-1.252273768E-1,-3.909537569E-2
2.529169330E1,-7.538077235E-1,-8.796459436E-2,-3.420845419E-2
2.529365095E1,-7.312057018E-1,-5.009094998E-2,-2.260201424E-2
2.529568268E1,-7.244861722E-1,-3.359758854E-2,-1.710422710E-2
2.529775210E1,-6.969972253E-1,3.054326167E-3,-1.099557430E-2
2.529978687E1,-6.731734872E-1,3.359758854E-2,-1.832595794E-3
2.530185687E1,-6.481280327E-1,6.108652428E-2,1.282817032E-2
2.530389191E1,-6.340781450E-1,7.696902007E-2,1.710422710E-2
2.530596072E1,-6.047565937E-1,1.038470939E-1,2.809980139E-2
2.530799603E1,-5.766568184E-1,1.270599663E-1,3.787364438E-2
2.531006472E1,-5.613851547E-1,1.392772794E-1,4.092797264E-2
2.531214745E1,-5.290092826E-1,1.576032341E-1,5.253441259E-2
2.531414653E1,-4.972442985E-1,1.765400618E-1,6.169738993E-2
2.531610334E1,-4.838052690E-1,1.814269722E-1,6.352998316E-2
2.531817299E1,-4.502076805E-1,1.948660165E-1,7.147123665E-2
2.532020853E1,-4.196644127E-1,2.052507252E-1,7.819075137E-2
2.532227803E1,-4.007275999E-1,2.107485086E-1,7.819075137E-2
2.532431260E1,-3.720169365E-1,2.150245607E-1,8.674286306E-2
2.532638234E1,-3.390302062E-1,2.174680233E-1,8.857546002E-2
2.532841695E1,-3.262020350E-1,2.174680233E-1,8.979719132E-2
2.533048676E1,-2.913827300E-1,2.180788964E-1,8.979719132E-2
2.533256933E1,-2.645046413E-1,2.144137025E-1,8.979719132E-2
2.533452276E1,-2.327396572E-1,2.101376504E-1,8.979719132E-2
2.533664341E1,-2.217440903E-1,2.021963894E-1,9.101892263E-2
2.533858445E1,-1.942551434E-1,1.948660165E-1,8.674286306E-2
2.534058483E1,-1.771509200E-1,1.905899495E-1,8.063421398E-2
2.534265453E1,-1.527163088E-1,1.832595766E-1,7.452555746E-2
2.534469003E1,-1.307251602E-1,1.740965992E-1,7.147123665E-2
2.534675903E1,-1.081231460E-1,1.637118906E-1,6.414084882E-2
2.534879433E1,-9.529497474E-2,1.588249654E-1,5.986479297E-2
2.535086395E1,-7.513642311E-2,1.521054506E-1,5.070181563E-2
2.535294676E1,-5.925392732E-2,1.459967941E-1,3.848451003E-2
2.535495326E1,-5.009094998E-2,1.435533315E-1,3.543018550E-2
2.535703307E1,-3.543018550E-2,1.411098689E-1,2.199114859E-2
2.535893914E1,-1.954768784E-2,1.386664063E-1,1.160643995E-2
2.536093872E1,-1.588249579E-2,1.380555481E-1,3.665191587E-3
2.536300895E1,-3.665191587E-3,1.368338168E-1,-1.038470957E-2
2.536504333E1,7.330383174E-3,1.380555481E-1,-2.199114859E-2
2.536711253E1,7.941247895E-3,1.356120855E-1,-2.748893574E-2
2.536914783E1,1.771509275E-2,1.343903542E-1,-4.092797264E-2
2.537121726E1,2.504547499E-2,1.307251602E-1,-5.681046844E-2
2.537330037E1,2.626720630E-2,1.288925707E-1,-6.047565863E-2
2.537525891E1,3.176499158E-2,1.270599663E-1,-7.513642311E-2
2.537728983E1,3.543018550E-2,1.227839142E-1,-8.552113175E-2
2.537936010E1,3.359758854E-2,1.191187203E-1,-8.796459436E-2
2.538139407E1,4.031710699E-2,1.154535338E-1,-1.026253626E-1
2.538346418E1,3.970624134E-2,1.099557430E-1,-1.099557430E-1
2.538549872E1,4.337143153E-2,1.026253626E-1,-1.221730486E-1
2.538752510E1,4.276056588E-2,9.834930301E-2,-1.270599663E-1
2.538952557E1,4.642575979E-2,8.979719132E-2,-1.331686229E-1
2.539159576E1,4.276056588E-2,8.063421398E-2,-1.417207420E-1
2.539367910E1,4.520402849E-2,7.757988572E-2,-1.478293836E-1
2.539568507E1,4.459316283E-2,6.658431143E-2,-1.545489132E-1
2.539764453E1,4.703662544E-2,5.497787148E-2,-1.631010175E-1
2.539971426E1,4.764748737E-2,5.192354694E-2,-1.655444801E-1
2.540174910E1,4.642575979E-2,3.848451003E-2,-1.685988009E-1
2.540381864E1,4.642575979E-2,2.626720630E-2,-1.777617931E-1
2.540585360E1,4.825835302E-2,1.893682219E-2,-1.795943826E-1
2.540792241E1,5.009094998E-2,6.108652335E-3,-1.844813079E-1
2.540995799E1,5.192354694E-2,-7.330383174E-3,-1.924225539E-1
2.541202737E1,5.131268129E-2,-1.588249579E-2,-1.918116808E-1
2.541410964E1,5.436700583E-2,-2.993239649E-2,-1.924225539E-1
2.541606683E1,5.558873713E-2,-4.581489414E-2,-1.948660165E-1
2.541818572E1,5.681046844E-2,-5.314527452E-2,-1.954768747E-1
2.542012610E1,5.986479297E-2,-7.086037099E-2,-1.881465018E-1
2.542212626E1,6.291911751E-2,-8.918632567E-2,-1.881465018E-1
2.542419556E1,6.352998316E-2,-9.834930301E-2,-1.863138974E-1
2.542623022E1,6.963863969E-2,-1.166752651E-1,-1.783726513E-1
2.542829953E1,7.696902007E-2,-1.325577646E-1,-1.759291887E-1
2.543033372E1,7.757988572E-2,-1.435533315E-1,-1.704314053E-1
2.543240276E1,8.491026610E-2,-1.612684280E-1,-1.606575549E-1
2.543448541E1,8.979719132E-2,-1.820378453E-1,-1.521054506E-1
2.543649064E1,9.468411654E-2,-1.997529417E-1,-1.392772794E-1
2.543863349E1,1.020144969E-1,-2.095267773E-1,-1.362229437E-1
2.544046887E1,1.087340117E-1,-2.266310006E-1,-1.258382350E-1
2.544246876E1,1.117883399E-1,-2.364048511E-1,-1.166752651E-1
2.544453741E1,1.191187203E-1,-2.547308207E-1,-1.007927656E-1
2.544657206E1,1.295034289E-1,-2.700024247E-1,-8.796459436E-2
2.544864172E1,1.374446750E-1,-2.895501256E-1,-7.086037099E-2
2.545067618E1,1.441642046E-1,-2.962696552E-1,-6.169738993E-2
2.545276068E1,1.533271819E-1,-3.090978265E-1,-4.581489414E-2
2.545482676E1,1.618792862E-1,-3.207042515E-1,-2.626720630E-2
2.545678587E1,1.692096740E-1,-3.262020350E-1,-1.832595654E-2
2.545881680E1,1.783726513E-1,-3.341432810E-1,0.000000000E0
2.546088595E1,1.887573600E-1,-3.378084898E-1,1.588249579E-2
2.546292068E1,1.948660165E-1,-3.353650272E-1,2.382374369E-2
2.546499060E1,2.058615834E-1,-3.353650272E-1,3.726277873E-2
2.546702549E1,2.156354338E-1,-3.274237812E-1,5.436700583E-2
2.546909460E1,2.199114859E-1,-3.200933933E-1,6.169738993E-2
2.547113033E1,2.321287990E-1,-3.054326177E-1,7.513642311E-2
2.547319922E1,2.394591719E-1,-2.840523422E-1,8.857546002E-2
2.547528249E1,2.528982162E-1,-2.590068579E-1,9.651670605E-2
2.547728772E1,2.577851415E-1,-2.425135076E-1,9.957103431E-2
2.547924337E1,2.651155293E-1,-2.150245607E-1,1.105666086E-1
2.548131333E1,2.700024247E-1,-1.991420686E-1,1.142318025E-1
2.548334791E1,2.742784917E-1,-1.667662114E-1,1.203404516E-1
2.548541845E1,2.809980214E-1,-1.337794960E-1,1.215621829E-1
2.548745376E1,2.846632004E-1,-1.014036313E-1,1.270599663E-1
2.548952357E1,2.895501256E-1,-8.246681094E-2,1.252273768E-1
2.549155899E1,2.913827300E-1,-5.253441259E-2,1.276708394E-1
2.549362868E1,2.956587672E-1,-1.893682219E-2,1.270599663E-1
2.549571064E1,2.950479090E-1,-5.497787148E-3,1.252273768E-1
2.549766930E1,2.956587672E-1,2.382374369E-2,1.233947799E-1
2.549978987E1,2.950479090E-1,5.375614017E-2,1.203404516E-1
2.550173106E1,2.944370508E-1,6.352998316E-2,1.160643995E-1
2.550373130E1,2.932153046E-1,8.674286306E-2,1.130100712E-1
2.550580126E1,2.883284092E-1,1.087340117E-1,1.069014147E-1
2.550783656E1,2.858849466E-1,1.160643995E-1,1.007927656E-1
2.550990622E1,2.809980214E-1,1.319468915E-1,9.407325089E-2
2.551194126E1,2.767219543E-1,1.435533315E-1,9.040805697E-2
2.551401030E1,2.718350291E-1,1.478293836E-1,8.368854225E-2
2.551609372E1,2.681698501E-1,1.569923609E-1,7.391469181E-2
2.551809960E1,2.602286041E-1,1.606575549E-1,6.902777404E-2
2.552017860E1,2.522873580E-1,1.594358236E-1,5.803219974E-2
2.552208422E1,2.474004179E-1,1.594358236E-1,5.253441259E-2
2.552408395E1,2.388483137E-1,1.557706445E-1,4.825835302E-2
2.552615314E1,2.315179259E-1,1.551597714E-1,4.337143153E-2
2.552818791E1,2.235766798E-1,1.466076523E-1,3.420845419E-2
2.553025730E1,2.162462920E-1,1.368338168E-1,2.809980139E-2
2.553229260E1,2.052507252E-1,1.313360333E-1,2.443460934E-2
2.553436226E1,1.991420686E-1,1.191187203E-1,1.832595654E-2
2.553644445E1,1.881465018E-1,1.038470939E-1,1.038470957E-2
2.553840341E1,1.765400618E-1,8.796459436E-2,4.886921961E-3
2.554043522E1,1.716531366E-1,8.185594529E-2,7.330383174E-3
2.554250503E1,1.618792862E-1,6.291911751E-2,-1.221730490E-3
2.554454076E1,1.490511149E-1,4.520402849E-2,-3.054326167E-3
2.554661122E1,1.435533315E-1,3.481931984E-2,-6.108652335E-3
2.554864641E1,1.307251602E-1,1.710422710E-2,-6.719517522E-3
2.555071641E1,1.203404516E-1,-2.443460980E-3,-9.162978269E-3
2.555275156E1,1.148426682E-1,-1.221730467E-2,-8.552113548E-3
2.555482183E1,1.007927656E-1,-3.176499158E-2,-9.773843922E-3
2.555690476E1,9.224065393E-2,-4.825835302E-2,-7.941247895E-3
2.555891037E1,8.735372871E-2,-5.803219974E-2,-6.108652335E-3
2.556086695E1,7.696902007E-2,-7.330382615E-2,-9.162978269E-3
2.556293664E1,6.536258012E-2,-8.979719132E-2,-6.719517522E-3
2.556497187E1,5.986479297E-2,-9.590584040E-2,-4.886921961E-3
2.556704160E1,4.948008433E-2,-1.081231460E-1,-2.443460980E-3
2.556907622E1,4.153883830E-2,-1.197295859E-1,-1.832595794E-3
2.557114503E1,3.237585723E-2,-1.282816976E-1,-1.221730490E-3
2.557317922E1,2.993239649E-2,-1.325577646E-1,6.108652451E-4
2.557524891E1,2.443460934E-2,-1.374446750E-1,3.054326167E-3
2.557733014E1,1.771509275E-2,-1.429424733E-1,7.941247895E-3
2.557928806E1,1.404990070E-2,-1.441642046E-1,6.719517522E-3
2.558140891E1,1.038470957E-2,-1.459967941E-1,7.941247895E-3
2.558335010E1,4.886921961E-3,-1.466076523E-1,1.221730467E-2
2.558534980E1,3.665191587E-3,-1.472185254E-1,1.343903504E-2
2.558741914E1,-6.108652451E-4,-1.453859210E-1,1.771509275E-2
2.558945472E1,-4.886921961E-3,-1.417207420E-1,2.076941915E-2
2.559152472E1,-6.108652335E-3,-1.374446750E-1,2.260201424E-2
2.559355987E1,-7.941247895E-3,-1.307251602E-1,2.748893574E-2
2.559563010E1,-1.099557430E-2,-1.233947799E-1,3.298672289E-2
2.559771268E1,-1.160643995E-2,-1.185078546E-1,3.237585723E-2
2.559971926E1,-1.527163107E-2,-1.050688252E-1,3.848451003E-2
2.560186160E1,-1.771509275E-2,-9.468411654E-2,3.787364438E-2
2.560369953E1,-1.466076635E-2,-9.101892263E-2,4.031710699E-2
2.560569933E1,-1.588249579E-2,-7.696902007E-2,4.214970022E-2
2.560776910E1,-1.649336144E-2,-6.352998316E-2,4.520402849E-2
2.560980487E1,-1.771509275E-2,-5.986479297E-2,4.459316283E-2
2.561187453E1,-1.710422710E-2,-4.520402849E-2,4.764748737E-2
2.561390868E1,-1.832595654E-2,-3.481931984E-2,4.764748737E-2
2.561597745E1,-1.771509275E-2,-3.176499158E-2,4.398229718E-2
2.561806099E1,-1.710422710E-2,-1.893682219E-2,4.642575979E-2
2.562001976E1,-1.527163107E-2,-1.038470957E-2,4.581489414E-2
2.562205145E1,-1.588249579E-2,-4.886921961E-3,4.581489414E-2
2.562412176E1,-1.588249579E-2,4.886921961E-3,4.459316283E-2
2.562615583E1,-1.588249579E-2,1.099557430E-2,4.581489414E-2
2.562822606E1,-1.404990070E-2,1.771509275E-2,4.276056588E-2
2.563026153E1,-1.099557430E-2,2.199114859E-2,4.276056588E-2
2.563228722E1,-8.552113548E-3,2.871066704E-2,4.153883830E-2
2.563428756E1,-6.108652335E-3,3.481931984E-2,3.787364438E-2
2.563635706E1,-4.886921961E-3,3.665191308E-2,3.787364438E-2
2.563844018E1,-2.443460980E-3,4.276056588E-2,3.909537569E-2
2.564044687E1,-1.832595794E-3,4.459316283E-2,3.604105115E-2
2.564240472E1,0.000000000E0,4.642575979E-2,3.298672289E-2
2.564447487E1,3.054326167E-3,4.948008433E-2,2.871066704E-2
2.564651033E1,5.497787148E-3,5.131268129E-2,2.687807009E-2
2.564858022E1,8.552113548E-3,5.009094998E-2,2.687807009E-2
2.565061545E1,9.162978269E-3,5.131268129E-2,2.138028294E-2
2.565268549E1,1.099557430E-2,4.825835302E-2,1.771509275E-2
2.565472130E1,1.160643995E-2,4.948008433E-2,1.893682219E-2
2.565679072E1,1.466076635E-2,4.581489414E-2,1.649336144E-2
2.565887372E1,1.893682219E-2,4.031710699E-2,7.330383174E-3
2.566083206E1,1.893682219E-2,3.970624134E-2,8.552113548E-3
2.566295141E1,2.321287990E-2,3.298672289E-2,1.160643995E-2
2.566489233E1,2.504547499E-2,2.932153270E-2,4.886921961E-3
2.566689326E1,2.748893574E-2,2.687807009E-2,4.886921961E-3
2.566896206E1,3.176499158E-2,1.710422710E-2,4.276056774E-3
2.567099822E1,3.665191308E-2,1.221730467E-2,-6.108652451E-4
2.567306868E1,4.153883830E-2,4.886921961E-3,1.832595794E-3
2.567510291E1,4.214970022E-2,-6.108652451E-4,0.000000000E0
2.567717183E1,4.764748737E-2,-7.330383174E-3,-6.108652451E-4
2.567925437E1,5.497787148E-2,-1.771509275E-2,-1.221730490E-3
2.568125995E1,5.558873713E-2,-2.138028294E-2,6.108652451E-4
2.568333933E1,6.414084882E-2,-2.993239649E-2,-6.108652451E-4
2.568524572E1,7.024950534E-2,-4.031710699E-2,5.497787148E-3
2.568724556E1,7.391469181E-2,-4.459316283E-2,6.108652335E-3
2.568931572E1,7.941248268E-2,-5.253441259E-2,4.276056774E-3
2.569135076E1,8.979719132E-2,-6.291911751E-2,6.108652335E-3
2.569342045E1,9.346238524E-2,-6.902777404E-2,7.941247895E-3
2.569545576E1,1.056796908E-1,-7.513642311E-2,1.099557430E-2
2.569752545E1,1.123992056E-1,-8.429940045E-2,1.466076635E-2
2.569960806E1,1.136209369E-1,-8.857546002E-2,2.015855350E-2
2.570156668E1,1.221730486E-1,-9.834930301E-2,1.832595654E-2
2.570359841E1,1.331686229E-1,-1.062905490E-1,2.504547499E-2
2.570566876E1,1.386664063E-1,-1.099557430E-1,2.443460934E-2
2.570770322E1,1.447750628E-1,-1.148426682E-1,2.809980139E-2
2.570977291E1,1.514945775E-1,-1.233947799E-1,3.298672289E-2
2.571180833E1,1.588249654E-1,-1.240056455E-1,2.993239649E-2
2.571387787E1,1.643227488E-1,-1.276708394E-1,3.298672289E-2
2.571591303E1,1.692096740E-1,-1.307251602E-1,3.481931984E-2
2.571798206E1,1.783726513E-1,-1.319468915E-1,3.604105115E-2
2.572006452E1,1.789835095E-1,-1.331686229E-1,3.726277873E-2
2.572206960E1,1.857030392E-1,-1.343903542E-1,4.031710699E-2
2.572402545E1,1.863138974E-1,-1.313360333E-1,4.092797264E-2
2.572609468E1,1.875356287E-1,-1.313360333E-1,3.970624134E-2
2.572812926E1,1.912008226E-1,-1.295034289E-1,3.970624134E-2
2.573019822E1,1.948660165E-1,-1.258382350E-1,3.726277873E-2
2.573223333E1,1.912008226E-1,-1.258382350E-1,3.848451003E-2
2.573430230E1,1.948660165E-1,-1.215621829E-1,3.909537569E-2
2.573633672E1,1.979203373E-1,-1.178969890E-1,3.665191308E-2
2.573840572E1,1.942551434E-1,-1.148426682E-1,3.726277873E-2
2.574048826E1,1.966986060E-1,-1.111774743E-1,3.665191308E-2
2.574244618E1,1.985312104E-1,-1.069014147E-1,3.543018550E-2
2.574456599E1,1.948660165E-1,-1.026253626E-1,3.543018550E-2
2.574650656E1,1.930334121E-1,-1.001819000E-1,3.604105115E-2
2.574850622E1,1.936442852E-1,-9.407325089E-2,3.298672289E-2
2.575057518E1,1.930334121E-1,-9.162978828E-2,3.237585723E-2
2.575261029E1,1.912008226E-1,-8.613199741E-2,3.298672289E-2
2.575468029E1,1.905899495E-1,-8.124507964E-2,2.871066704E-2
2.575671545E1,1.887573600E-1,-7.757988572E-2,2.993239649E-2
2.575878418E1,1.850921661E-1,-7.208210230E-2,3.176499158E-2
2.576086579E1,1.832595766E-1,-6.719517708E-2,2.626720630E-2
2.576287056E1,1.814269722E-1,-6.169738993E-2,2.809980139E-2
2.576501237E1,1.777617931E-1,-6.047565863E-2,2.748893574E-2
2.576684833E1,1.753183305E-1,-5.619960278E-2,2.565634064E-2
2.576884806E1,1.734857261E-1,-5.314527452E-2,2.565634064E-2
2.577091691E1,1.692096740E-1,-4.825835302E-2,2.626720630E-2
2.577295102E1,1.673770845E-1,-4.459316283E-2,2.138028294E-2
2.577502026E1,1.637118906E-1,-4.092797264E-2,2.076941915E-2
2.577705483E1,1.606575549E-1,-3.665191308E-2,2.076941915E-2
2.577912472E1,1.600466967E-1,-3.481931984E-2,2.015855350E-2
2.578120691E1,1.514945775E-1,-3.176499158E-2,2.138028294E-2
2.578316552E1,1.539380401E-1,-2.871066704E-2,1.893682219E-2
2.578519703E1,1.472185254E-1,-2.626720630E-2,1.771509275E-2
2.578726645E1,1.392772794E-1,-2.321287990E-2,1.710422710E-2
2.578930068E1,1.392772794E-1,-2.382374369E-2,1.710422710E-2
2.579136968E1,1.343903542E-1,-2.138028294E-2,1.527163107E-2
2.579340460E1,1.288925707E-1,-1.954768784E-2,1.282817032E-2
2.579547383E1,1.264491081E-1,-1.832595654E-2,1.221730467E-2
2.579750849E1,1.215621829E-1,-1.771509275E-2,1.160643995E-2
2.579957737E1,1.160643995E-1,-1.771509275E-2,1.343903504E-2
2.580165979E1,1.142318025E-1,-1.710422710E-2,1.282817032E-2
2.580366449E1,1.123992056E-1,-2.015855350E-2,1.160643995E-2
2.580562122E1,1.056796908E-1,-1.893682219E-2,1.160643995E-2
2.580769026E1,1.044579595E-1,-2.138028294E-2,1.404990070E-2
2.580972518E1,1.007927656E-1,-2.015855350E-2,1.160643995E-2
2.581179445E1,9.712757170E-2,-2.504547499E-2,1.099557430E-2
2.581382933E1,9.590584040E-2,-2.504547499E-2,1.282817032E-2
2.581589860E1,9.590584040E-2,-2.748893574E-2,1.160643995E-2
2.581793306E1,9.407325089E-2,-2.748893574E-2,1.588249579E-2
2.582000268E1,9.407325089E-2,-3.176499158E-2,1.282817032E-2
2.582208476E1,9.285151958E-2,-3.237585723E-2,1.466076635E-2
2.582404299E1,9.529497474E-2,-3.420845419E-2,1.221730467E-2
2.582616318E1,9.162978828E-2,-3.726277873E-2,1.527163107E-2
2.582810522E1,9.224065393E-2,-4.031710699E-2,1.588249579E-2
2.583010510E1,9.468411654E-2,-4.214970022E-2,1.710422710E-2
2.583217564E1,9.651670605E-2,-4.276056588E-2,1.893682219E-2
2.583421037E1,9.651670605E-2,-4.398229718E-2,1.832595654E-2
2.583628014E1,9.896016866E-2,-4.886921868E-2,1.771509275E-2
2.583831537E1,9.957103431E-2,-4.825835302E-2,2.260201424E-2
2.584038549E1,9.896016866E-2,-4.825835302E-2,2.382374369E-2
2.584246729E1,1.014036313E-1,-5.070181563E-2,2.138028294E-2
2.584447310E1,1.001819000E-1,-5.009094998E-2,2.626720630E-2
2.584655172E1,1.032362282E-1,-5.070181563E-2,2.565634064E-2
2.584845818E1,1.056796908E-1,-5.009094998E-2,2.199114859E-2
2.585045814E1,1.044579595E-1,-5.253441259E-2,2.932153270E-2
2.585252753E1,1.075122803E-1,-5.253441259E-2,2.993239649E-2
2.585456214E1,1.075122803E-1,-5.192354694E-2,2.809980139E-2
2.585663137E1,1.075122803E-1,-5.192354694E-2,3.115412779E-2
2.585866576E1,1.093448773E-1,-5.131268129E-2,3.176499158E-2
2.586075014E1,1.093448773E-1,-5.192354694E-2,3.176499158E-2
2.586281653E1,1.111774743E-1,-5.314527452E-2,3.176499158E-2
2.586477476E1,1.123992056E-1,-5.131268129E-2,3.237585723E-2
2.586680545E1,1.117883399E-1,-5.070181563E-2,3.359758854E-2
2.586887464E1,1.111774743E-1,-5.192354694E-2,3.665191308E-2
2.587090876E1,1.117883399E-1,-4.948008433E-2,3.787364438E-2
2.587297795E1,1.093448773E-1,-5.070181563E-2,3.665191308E-2
2.587501206E1,1.117883399E-1,-4.764748737E-2,3.848451003E-2
2.587703668E1,1.123992056E-1,-4.642575979E-2,4.031710699E-2
2.587903637E1,1.130100712E-1,-4.703662544E-2,3.604105115E-2
2.588110491E1,1.130100712E-1,-4.520402849E-2,3.848451003E-2
2.588318702E1,1.130100712E-1,-4.581489414E-2,3.787364438E-2
2.588519129E1,1.130100712E-1,-4.459316283E-2,3.726277873E-2
2.588714899E1,1.130100712E-1,-4.337143153E-2,3.970624134E-2
2.588921795E1,1.136209369E-1,-4.092797264E-2,3.848451003E-2
2.589125249E1,1.123992056E-1,-3.909537569E-2,3.665191308E-2
2.589332156E1,1.136209369E-1,-3.787364438E-2,3.604105115E-2
2.589535572E1,1.148426682E-1,-3.543018550E-2,3.481931984E-2
2.589742518E1,1.154535338E-1,-3.420845419E-2,3.237585723E-2
2.589946018E1,1.130100712E-1,-3.176499158E-2,3.420845419E-2
2.590152895E1,1.111774743E-1,-2.993239649E-2,3.481931984E-2
2.590361083E1,1.130100712E-1,-2.565634064E-2,2.993239649E-2
2.590556922E1,1.105666086E-1,-2.504547499E-2,3.420845419E-2
2.590769103E1,1.105666086E-1,-2.504547499E-2,2.993239649E-2
2.590963176E1,1.099557430E-1,-2.443460934E-2,2.993239649E-2
2.591163172E1,1.081231460E-1,-2.076941915E-2,2.871066704E-2
2.591370068E1,1.087340117E-1,-1.954768784E-2,2.626720630E-2
2.591573545E1,1.069014147E-1,-1.832595654E-2,2.871066704E-2
2.591780495E1,1.044579595E-1,-1.649336144E-2,2.748893574E-2
2.591983872E1,1.032362282E-1,-1.343903504E-2,2.565634064E-2
2.592190826E1,1.014036313E-1,-1.160643995E-2,2.443460934E-2
2.592398968E1,1.001819000E-1,-9.773843922E-3,2.504547499E-2
2.592599437E1,1.014036313E-1,-9.773843922E-3,2.321287990E-2
2.592813479E1,9.590584040E-2,-9.162978269E-3,2.565634064E-2
2.592997014E1,9.773843735E-2,-7.330383174E-3,2.504547499E-2
2.593196999E1,9.285151958E-2,-6.719517522E-3,2.321287990E-2
2.593403879E1,9.162978828E-2,-7.941247895E-3,2.199114859E-2
2.593607341E1,9.224065393E-2,-6.719517522E-3,2.382374369E-2
2.593814206E1,9.040805697E-2,-6.108652335E-3,1.954768784E-2
2.594017718E1,8.735372871E-2,-6.719517522E-3,2.138028294E-2
2.594224599E1,8.918632567E-2,-4.276056774E-3,2.321287990E-2
2.594432760E1,8.674286306E-2,-5.497787148E-3,2.199114859E-2
2.594628545E1,8.246681094E-2,-9.162978269E-3,2.199114859E-2
2.594831618E1,8.246681094E-2,-9.773843922E-3,2.321287990E-2
2.595038487E1,8.002334833E-2,-1.160643995E-2,2.382374369E-2
2.595241979E1,7.757988572E-2,-1.221730467E-2,2.687807009E-2
2.595448872E1,7.819075137E-2,-1.404990070E-2,2.809980139E-2
2.595652329E1,7.452555746E-2,-1.527163107E-2,2.382374369E-2
2.595859229E1,7.269296050E-2,-1.710422710E-2,2.993239649E-2
2.596062687E1,7.147123665E-2,-1.771509275E-2,2.871066704E-2
2.596269499E1,7.208210230E-2,-1.832595654E-2,2.932153270E-2
2.596477722E1,6.841690838E-2,-2.138028294E-2,2.748893574E-2
2.596678191E1,6.719517708E-2,-2.199114859E-2,2.993239649E-2
2.596873814E1,6.414084882E-2,-2.382374369E-2,3.115412779E-2
2.597080676E1,6.414084882E-2,-2.382374369E-2,3.115412779E-2
2.597284045E1,6.047565863E-2,-2.504547499E-2,2.932153270E-2
2.597490999E1,6.169738993E-2,-2.565634064E-2,2.809980139E-2
2.597694464E1,5.864306539E-2,-2.565634064E-2,3.054326214E-2
2.597901345E1,5.864306539E-2,-2.565634064E-2,2.932153270E-2
2.598104752E1,5.497787148E-2,-2.565634064E-2,2.809980139E-2
2.598311737E1,5.253441259E-2,-2.382374369E-2,3.176499158E-2
2.598519906E1,5.070181563E-2,-2.321287990E-2,3.054326214E-2
2.598715722E1,4.825835302E-2,-2.260201424E-2,2.932153270E-2
2.598927618E1,4.948008433E-2,-1.893682219E-2,2.993239649E-2
2.599121764E1,4.642575979E-2,-1.588249579E-2,2.809980139E-2
2.599321676E1,4.398229718E-2,-1.588249579E-2,3.237585723E-2
2.599528591E1,4.031710699E-2,-1.160643995E-2,3.176499158E-2
2.599732060E1,3.848451003E-2,-9.162978269E-3,2.687807009E-2
2.599939006E1,4.153883830E-2,-7.330383174E-3,2.687807009E-2
2.600142472E1,3.543018550E-2,-2.443460980E-3,2.748893574E-2
2.600349364E1,3.420845419E-2,3.665191587E-3,2.687807009E-2
2.600557560E1,3.176499158E-2,8.552113548E-3,3.115412779E-2
2.600758060E1,3.298672289E-2,1.221730467E-2,2.871066704E-2
2.600966033E1,3.176499158E-2,1.710422710E-2,2.809980139E-2
2.601156483E1,2.871066704E-2,2.382374369E-2,2.871066704E-2
2.601356441E1,2.687807009E-2,2.260201424E-2,2.871066704E-2
2.601563329E1,2.443460934E-2,2.626720630E-2,2.748893574E-2
2.601766756E1,2.565634064E-2,3.054326214E-2,2.687807009E-2
2.601973626E1,2.382374369E-2,3.237585723E-2,2.626720630E-2
2.602177087E1,2.199114859E-2,3.481931984E-2,2.687807009E-2
2.602383910E1,2.015855350E-2,3.543018550E-2,2.687807009E-2
2.602592091E1,1.893682219E-2,3.665191308E-2,2.687807009E-2
2.602787949E1,1.588249579E-2,3.481931984E-2,2.443460934E-2
2.602987926E1,1.282817032E-2,3.420845419E-2,2.565634064E-2
2.603194806E1,1.466076635E-2,3.298672289E-2,2.382374369E-2
2.603398191E1,8.552113548E-3,2.993239649E-2,2.321287990E-2
2.603605083E1,7.330383174E-3,3.115412779E-2,2.382374369E-2
2.603808522E1,6.108652335E-3,2.871066704E-2,2.626720630E-2
2.604015399E1,4.276056774E-3,2.565634064E-2,1.954768784E-2
2.604218764E1,-6.108652451E-4,2.504547499E-2,2.138028294E-2
2.604425652E1,0.000000000E0,2.321287990E-2,2.138028294E-2
2.604633837E1,-3.665191587E-3,2.015855350E-2,1.588249579E-2
2.604834364E1,-5.497787148E-3,1.649336144E-2,1.832595654E-2
2.605030002E1,-7.330383174E-3,1.771509275E-2,1.771509275E-2
2.605236906E1,-9.773843922E-3,1.649336144E-2,1.588249579E-2
2.605440376E1,-1.221730467E-2,1.588249579E-2,1.771509275E-2
2.605647245E1,-1.404990070E-2,1.343903504E-2,1.160643995E-2
2.605850714E1,-1.588249579E-2,1.343903504E-2,1.282817032E-2
2.606057526E1,-1.588249579E-2,1.466076635E-2,1.832595654E-2
2.606260945E1,-1.893682219E-2,1.588249579E-2,1.038470957E-2
2.606467829E1,-2.076941915E-2,1.649336144E-2,1.343903504E-2
2.606675902E1,-2.076941915E-2,1.771509275E-2,1.527163107E-2
2.606871602E1,-2.382374369E-2,2.015855350E-2,1.527163107E-2
2.607083383E1,-2.321287990E-2,2.076941915E-2,1.282817032E-2
2.607277310E1,-2.321287990E-2,2.382374369E-2,1.466076635E-2
2.607477237E1,-2.687807009E-2,2.504547499E-2,1.527163107E-2
2.607684056E1,-2.871066704E-2,2.626720630E-2,1.282817032E-2
2.607887456E1,-2.993239649E-2,2.932153270E-2,1.832595654E-2
2.608094322E1,-3.115412779E-2,3.359758854E-2,1.527163107E-2
2.608297864E1,-3.054326214E-2,3.176499158E-2,1.466076635E-2
2.608504683E1,-2.993239649E-2,3.420845419E-2,1.893682219E-2
2.608712868E1,-3.176499158E-2,3.726277873E-2,1.771509275E-2
2.608913460E1,-3.237585723E-2,3.665191308E-2,1.527163107E-2
2.609127660E1,-3.176499158E-2,3.909537569E-2,1.588249579E-2
2.609311283E1,-3.054326214E-2,3.909537569E-2,1.282817032E-2
2.609511183E1,-3.237585723E-2,4.031710699E-2,1.282817032E-2
2.609718033E1,-2.993239649E-2,3.787364438E-2,1.649336144E-2
2.609921468E1,-3.115412779E-2,3.665191308E-2,1.221730467E-2
2.610128410E1,-2.809980139E-2,3.543018550E-2,1.221730467E-2
2.610331902E1,-3.176499158E-2,3.604105115E-2,1.343903504E-2
2.610538829E1,-2.809980139E-2,3.298672289E-2,1.282817032E-2
2.610747133E1,-2.993239649E-2,3.176499158E-2,1.221730467E-2
2.610942937E1,-2.626720630E-2,3.115412779E-2,1.160643995E-2
2.611146202E1,-2.687807009E-2,2.809980139E-2,1.282817032E-2
2.611353198E1,-2.687807009E-2,2.626720630E-2,1.404990070E-2
2.611556622E1,-2.748893574E-2,2.504547499E-2,1.160643995E-2
2.611763537E1,-2.504547499E-2,2.321287990E-2,1.282817032E-2
2.611966860E1,-2.626720630E-2,1.954768784E-2,9.773843922E-3
2.612169299E1,-2.443460934E-2,1.710422710E-2,1.038470957E-2
2.612369218E1,-2.321287990E-2,1.710422710E-2,8.552113548E-3
2.612576122E1,-2.321287990E-2,1.343903504E-2,7.941247895E-3
2.612784291E1,-2.260201424E-2,1.160643995E-2,8.552113548E-3
2.612984864E1,-2.321287990E-2,1.038470957E-2,6.719517522E-3
2.613180706E1,-2.199114859E-2,9.162978269E-3,6.108652335E-3
2.613387587E1,-2.260201424E-2,7.330383174E-3,6.719517522E-3
2.613591041E1,-2.076941915E-2,6.719517522E-3,2.443460980E-3
2.613797906E1,-2.015855350E-2,5.497787148E-3,4.276056774E-3
2.614001372E1,-1.771509275E-2,5.497787148E-3,3.665191587E-3
2.614208252E1,-1.710422710E-2,2.443460980E-3,3.054326167E-3
2.614411668E1,-1.649336144E-2,2.443460980E-3,3.665191587E-3
2.614618625E1,-1.832595654E-2,3.054326167E-3,0.000000000E0
2.614826791E1,-1.527163107E-2,2.443460980E-3,6.108652451E-4
2.615022614E1,-1.404990070E-2,3.665191587E-3,1.221730490E-3
2.615234664E1,-1.343903504E-2,1.832595794E-3,-6.108652451E-4
2.615428756E1,-1.099557430E-2,2.443460980E-3,-6.108652451E-4
2.615628610E1,-7.941247895E-3,3.665191587E-3,-3.054326167E-3
2.615835575E1,-1.160643995E-2,3.054326167E-3,0.000000000E0
2.616038952E1,-9.773843922E-3,1.221730490E-3,0.000000000E0
2.616245845E1,-5.497787148E-3,2.443460980E-3,-6.108652451E-4
2.616449322E1,-3.054326167E-3,1.221730490E-3,-1.832595794E-3
2.616656299E1,-4.276056774E-3,2.443460980E-3,-2.443460980E-3
2.616864514E1,-3.054326167E-3,6.108652451E-4,-3.054326167E-3
2.617065037E1,-1.221730490E-3,3.054326167E-3,-2.443460980E-3
2.617272979E1,-1.832595794E-3,2.443460980E-3,-6.108652451E-4
2.617463560E1,1.221730490E-3,3.665191587E-3,-6.108652451E-4
2.617663610E1,6.108652451E-4,5.497787148E-3,-3.054326167E-3
2.617870502E1,3.054326167E-3,3.054326167E-3,-1.832595794E-3
2.618073929E1,3.054326167E-3,6.719517522E-3,-2.443460980E-3
2.618280841E1,5.497787148E-3,9.162978269E-3,-1.832595794E-3
2.618484225E1,6.108652335E-3,7.330383174E-3,-4.276056774E-3
2.618691183E1,5.497787148E-3,9.773843922E-3,-6.108652451E-4
2.618899364E1,7.330383174E-3,9.773843922E-3,-1.832595794E-3
2.619095122E1,6.108652335E-3,1.099557430E-2,-3.054326167E-3
2.619298222E1,7.330383174E-3,1.160643995E-2,-1.221730490E-3
2.619505156E1,7.330383174E-3,1.466076635E-2,-2.443460980E-3
2.619708572E1,1.038470957E-2,1.527163107E-2,-4.886921961E-3
2.619915529E1,9.162978269E-3,1.710422710E-2,-5.497787148E-3
2.620119029E1,7.941247895E-3,1.832595654E-2,-3.665191587E-3
2.620325999E1,6.108652335E-3,1.832595654E-2,-4.886921961E-3
2.620529445E1,6.108652335E-3,1.954768784E-2,-7.330383174E-3
2.620736425E1,5.497787148E-3,1.954768784E-2,-5.497787148E-3
2.620944629E1,5.497787148E-3,1.954768784E-2,-7.330383174E-3
2.621145183E1,4.886921961E-3,2.015855350E-2,-7.330383174E-3
2.621340833E1,4.276056774E-3,2.076941915E-2,-7.330383174E-3
2.621547799E1,3.054326167E-3,2.015855350E-2,-9.773843922E-3
2.621751245E1,3.665191587E-3,1.832595654E-2,-1.160643995E-2
2.621958214E1,1.832595794E-3,1.832595654E-2,-1.038470957E-2
2.622161710E1,2.443460980E-3,1.527163107E-2,-1.527163107E-2
2.622368622E1,0.000000000E0,1.404990070E-2,-1.221730467E-2
2.622572072E1,0.000000000E0,1.404990070E-2,-9.773843922E-3
2.622779060E1,-1.221730490E-3,1.282817032E-2,-1.282817032E-2
2.622987264E1,-1.221730490E-3,1.343903504E-2,-1.282817032E-2
2.623183060E1,6.108652451E-4,9.162978269E-3,-1.343903504E-2
2.623395083E1,-6.108652451E-4,9.162978269E-3,-1.466076635E-2
2.623589145E1,-2.443460980E-3,7.941247895E-3,-1.404990070E-2
2.623789110E1,-4.886921961E-3,7.941247895E-3,-7.330383174E-3
2.623996014E1,-4.276056774E-3,5.497787148E-3,-1.282817032E-2
2.624199522E1,-3.054326167E-3,6.108652335E-3,-1.160643995E-2
2.624406429E1,-4.886921961E-3,3.054326167E-3,-9.162978269E-3
2.624609910E1,-4.886921961E-3,2.443460980E-3,-1.038470957E-2
2.624816814E1,-6.719517522E-3,2.443460980E-3,-6.719517522E-3
2.625025018E1,-6.719517522E-3,1.221730490E-3,-4.276056774E-3
2.625225610E1,-7.941247895E-3,0.000000000E0,-5.497787148E-3
2.625439872E1,-1.038470957E-2,0.000000000E0,-3.665191587E-3
2.625623491E1,-6.719517522E-3,6.108652451E-4,-4.886921961E-3
2.625823410E1,-9.773843922E-3,0.000000000E0,-4.276056774E-3
2.626030325E1,-1.099557430E-2,1.832595794E-3,-1.832595794E-3
2.626233787E1,-1.160643995E-2,1.832595794E-3,-1.832595794E-3
2.626440691E1,-1.404990070E-2,2.443460980E-3,-1.221730490E-3
2.626644129E1,-1.649336144E-2,3.054326167E-3,1.221730490E-3
2.626852529E1,-1.404990070E-2,4.886921961E-3,-1.221730490E-3
2.627059229E1,-1.832595654E-2,6.719517522E-3,-1.221730490E-3
2.627255010E1,-1.588249579E-2,9.162978269E-3,6.108652451E-4
2.627458222E1,-1.588249579E-2,1.221730467E-2,-1.221730490E-3
2.627665122E1,-1.649336144E-2,1.343903504E-2,-1.832595794E-3
2.627868545E1,-1.893682219E-2,1.710422710E-2,0.000000000E0
2.628075456E1,-1.771509275E-2,1.771509275E-2,-1.221730490E-3
2.628278906E1,-2.199114859E-2,1.954768784E-2,1.832595794E-3
2.628485879E1,-2.138028294E-2,2.260201424E-2,1.832595794E-3
2.628689387E1,-2.260201424E-2,2.565634064E-2,-1.221730490E-3
2.628896310E1,-2.321287990E-2,2.748893574E-2,3.665191587E-3
2.629104556E1,-2.504547499E-2,3.054326214E-2,-6.108652451E-4
2.629305095E1,-2.687807009E-2,3.359758854E-2,-1.221730490E-3
2.629500764E1,-2.504547499E-2,3.420845419E-2,0.000000000E0
2.629707679E1,-2.809980139E-2,3.543018550E-2,1.221730490E-3
2.629911210E1,-2.932153270E-2,3.726277873E-2,-6.108652451E-4
2.630118125E1,-2.932153270E-2,3.970624134E-2,-6.108652451E-4
2.630321575E1,-3.054326214E-2,4.214970022E-2,2.443460980E-3
2.630528598E1,-2.993239649E-2,4.276056588E-2,0.000000000E0
2.630732075E1,-3.115412779E-2,4.520402849E-2,1.832595794E-3
2.630939060E1,-3.237585723E-2,4.581489414E-2,-2.443460980E-3
2.631147264E1,-3.298672289E-2,4.642575979E-2,-1.221730490E-3
2.631343129E1,-3.481931984E-2,4.764748737E-2,-1.832595794E-3
2.631555141E1,-3.237585723E-2,4.825835302E-2,-3.665191587E-3
2.631749241E1,-3.481931984E-2,4.825835302E-2,-3.054326167E-3
2.631949237E1,-3.420845419E-2,4.886921868E-2,-6.108652335E-3
2.632156229E1,-3.543018550E-2,4.703662544E-2,-6.108652335E-3
2.632359837E1,-3.726277873E-2,4.703662544E-2,-6.719517522E-3
2.632566775E1,-3.665191308E-2,4.825835302E-2,-5.497787148E-3
2.632770287E1,-3.848451003E-2,4.886921868E-2,-9.773843922E-3
2.632977198E1,-3.909537569E-2,4.825835302E-2,-8.552113548E-3
2.633185475E1,-3.726277873E-2,5.009094998E-2,-1.160643995E-2
2.633386056E1,-3.848451003E-2,4.886921868E-2,-1.343903504E-2
2.633593999E1,-4.092797264E-2,5.070181563E-2,-1.404990070E-2
2.633784533E1,-3.787364438E-2,5.314527452E-2,-1.649336144E-2
2.633984564E1,-3.909537569E-2,5.192354694E-2,-1.710422710E-2
2.634191525E1,-3.909537569E-2,5.192354694E-2,-1.832595654E-2
2.634394987E1,-4.092797264E-2,5.253441259E-2,-1.710422710E-2
2.634601918E1,-3.848451003E-2,5.314527452E-2,-1.832595654E-2
2.634805418E1,-3.970624134E-2,5.497787148E-2,-1.832595654E-2
2.635012333E1,-3.726277873E-2,5.436700583E-2,-1.771509275E-2
2.635220595E1,-4.031710699E-2,5.681046844E-2,-1.954768784E-2
2.635416402E1,-3.909537569E-2,5.681046844E-2,-1.893682219E-2
2.635619598E1,-3.604105115E-2,5.986479297E-2,-1.832595654E-2
2.635826533E1,-3.665191308E-2,6.108652428E-2,-1.954768784E-2
2.636030022E1,-3.420845419E-2,6.108652428E-2,-2.138028294E-2
2.636236945E1,-3.604105115E-2,6.536258012E-2,-1.832595654E-2
2.636440475E1,-3.054326214E-2,6.536258012E-2,-2.260201424E-2
2.636642964E1,-2.809980139E-2,6.780604273E-2,-2.076941915E-2
2.636842987E1,-2.565634064E-2,6.902777404E-2,-2.138028294E-2
2.637049941E1,-2.626720630E-2,7.086037099E-2,-1.893682219E-2
2.637258102E1,-2.382374369E-2,7.391469181E-2,-1.832595654E-2
2.637458560E1,-2.015855350E-2,7.452555746E-2,-1.832595654E-2
2.637654522E1,-1.771509275E-2,7.513642311E-2,-1.832595654E-2
2.637861487E1,-1.404990070E-2,7.819075137E-2,-1.771509275E-2
2.638064991E1,-9.773843922E-3,8.002334833E-2,-1.710422710E-2
2.638271941E1,-1.160643995E-2,8.002334833E-2,-1.710422710E-2
2.638475475E1,-6.108652335E-3,8.185594529E-2,-1.588249579E-2
2.638682322E1,-3.665191587E-3,8.307767659E-2,-1.527163107E-2
2.638885883E1,-2.443460980E-3,8.491026610E-2,-1.527163107E-2
2.639092795E1,6.108652451E-4,8.552113175E-2,-1.527163107E-2
2.639301029E1,4.276056774E-3,8.613199741E-2,-1.466076635E-2
2.639496798E1,6.108652335E-3,8.552113175E-2,-1.343903504E-2
2.639708760E1,9.162978269E-3,8.429940045E-2,-1.099557430E-2
2.639902852E1,1.038470957E-2,8.429940045E-2,-1.466076635E-2
2.640102895E1,1.343903504E-2,8.368854225E-2,-1.710422710E-2
2.640309775E1,1.527163107E-2,8.307767659E-2,-1.649336144E-2
2.640513252E1,1.588249579E-2,7.941248268E-2,-1.404990070E-2
2.640720272E1,1.893682219E-2,7.880161703E-2,-1.527163107E-2
2.640923725E1,2.015855350E-2,7.757988572E-2,-1.343903504E-2
2.641130645E1,2.321287990E-2,7.452555746E-2,-1.466076635E-2
2.641338845E1,2.504547499E-2,7.330382615E-2,-1.649336144E-2
2.641539372E1,2.748893574E-2,7.208210230E-2,-1.771509275E-2
2.641753672E1,2.687807009E-2,6.841690838E-2,-1.893682219E-2
2.641937241E1,2.687807009E-2,6.352998316E-2,-1.771509275E-2
2.642137229E1,2.993239649E-2,6.414084882E-2,-2.015855350E-2
2.642344287E1,3.359758854E-2,6.047565863E-2,-2.199114859E-2
2.642547702E1,3.359758854E-2,5.619960278E-2,-2.260201424E-2
2.642754687E1,3.420845419E-2,5.497787148E-2,-2.076941915E-2
2.642958172E1,3.359758854E-2,5.070181563E-2,-1.832595654E-2
2.643165118E1,3.543018550E-2,4.825835302E-2,-2.199114859E-2
2.643373314E1,3.481931984E-2,4.520402849E-2,-2.199114859E-2
2.643569145E1,3.665191308E-2,4.337143153E-2,-2.199114859E-2
2.643772314E1,3.787364438E-2,4.153883830E-2,-2.199114859E-2
2.643979256E1,3.909537569E-2,4.031710699E-2,-2.504547499E-2
2.644182702E1,4.031710699E-2,3.665191308E-2,-2.504547499E-2
2.644389660E1,4.031710699E-2,3.481931984E-2,-2.443460934E-2
2.644593056E1,4.337143153E-2,3.665191308E-2,-2.626720630E-2
2.644799914E1,4.153883830E-2,3.359758854E-2,-2.687807009E-2
2.645003329E1,4.276056588E-2,3.176499158E-2,-2.443460934E-2
2.645210210E1,4.153883830E-2,3.237585723E-2,-2.321287990E-2
2.645418395E1,3.970624134E-2,3.298672289E-2,-2.382374369E-2
2.645618948E1,4.092797264E-2,3.176499158E-2,-2.382374369E-2
2.645814610E1,4.092797264E-2,3.237585723E-2,-2.565634064E-2
2.646021514E1,4.398229718E-2,3.481931984E-2,-2.382374369E-2
2.646224952E1,4.398229718E-2,3.543018550E-2,-2.504547499E-2
2.646431829E1,4.092797264E-2,3.543018550E-2,-2.260201424E-2
2.646635306E1,4.153883830E-2,3.481931984E-2,-2.015855350E-2
2.646842225E1,4.092797264E-2,3.604105115E-2,-2.382374369E-2
2.647045664E1,4.276056588E-2,3.909537569E-2,-2.321287990E-2
2.647252579E1,4.153883830E-2,4.153883830E-2,-2.260201424E-2
2.647460775E1,4.092797264E-2,4.214970022E-2,-2.015855350E-2
2.647656533E1,3.970624134E-2,4.276056588E-2,-1.893682219E-2
2.647868448E1,4.031710699E-2,4.520402849E-2,-2.015855350E-2
2.648062537E1,3.848451003E-2,4.825835302E-2,-2.260201424E-2
2.648262525E1,3.787364438E-2,4.703662544E-2,-1.588249579E-2
2.648469448E1,3.726277873E-2,4.948008433E-2,-1.649336144E-2
2.648672891E1,3.787364438E-2,5.009094998E-2,-2.015855350E-2
2.648879768E1,3.420845419E-2,5.009094998E-2,-1.832595654E-2
2.649083241E1,3.237585723E-2,4.948008433E-2,-1.588249579E-2
2.649290175E1,3.420845419E-2,5.070181563E-2,-1.588249579E-2
2.649498483E1,3.359758854E-2,5.070181563E-2,-1.649336144E-2
2.649699083E1,2.993239649E-2,4.886921868E-2,-1.771509275E-2
2.649907006E1,2.993239649E-2,5.009094998E-2,-1.404990070E-2
2.650097583E1,2.871066704E-2,4.764748737E-2,-1.588249579E-2
2.650297548E1,3.054326214E-2,4.520402849E-2,-1.466076635E-2
2.650504406E1,2.871066704E-2,4.459316283E-2,-1.404990070E-2
2.650707887E1,2.626720630E-2,4.276056588E-2,-1.527163107E-2
2.650914806E1,2.809980139E-2,3.970624134E-2,-1.221730467E-2
2.651118329E1,2.260201424E-2,3.787364438E-2,-1.221730467E-2
2.651325314E1,2.199114859E-2,3.543018550E-2,-1.099557430E-2
2.651533522E1,1.954768784E-2,3.176499158E-2,-9.162978269E-3
2.651729268E1,1.893682219E-2,3.054326214E-2,-1.038470957E-2
2.651929368E1,1.954768784E-2,2.809980139E-2,-1.038470957E-2
2.652136260E1,1.588249579E-2,2.443460934E-2,-9.773843922E-3
2.652339706E1,1.588249579E-2,2.199114859E-2,-1.038470957E-2
2.652546629E1,1.527163107E-2,1.893682219E-2,-9.162978269E-3
2.652750083E1,1.466076635E-2,1.527163107E-2,-1.343903504E-2
2.652957037E1,1.343903504E-2,1.282817032E-2,-9.773843922E-3
2.653160402E1,1.466076635E-2,1.099557430E-2,-1.221730467E-2
2.653367325E1,1.527163107E-2,6.719517522E-3,-1.282817032E-2
2.653575518E1,1.160643995E-2,3.054326167E-3,-1.282817032E-2
2.653775979E1,1.221730467E-2,3.054326167E-3,-1.466076635E-2
2.653971668E1,1.038470957E-2,6.108652451E-4,-1.588249579E-2
2.654178587E1,1.160643995E-2,-2.443460980E-3,-1.710422710E-2
2.654382041E1,1.160643995E-2,-2.443460980E-3,-1.343903504E-2
2.654588933E1,1.160643995E-2,-3.054326167E-3,-1.404990070E-2
2.654792371E1,1.221730467E-2,-7.941247895E-3,-1.649336144E-2
2.654999271E1,1.038470957E-2,-6.108652335E-3,-1.649336144E-2
2.655202660E1,9.162978269E-3,-6.108652335E-3,-1.649336144E-2
2.655409560E1,1.343903504E-2,-7.941247895E-3,-1.649336144E-2
2.655617798E1,1.099557430E-2,-7.941247895E-3,-1.527163107E-2
2.655813568E1,1.282817032E-2,-9.162978269E-3,-1.710422710E-2
2.656025560E1,1.343903504E-2,-9.162978269E-3,-1.771509275E-2
2.656219621E1,1.466076635E-2,-7.941247895E-3,-2.015855350E-2
2.656419514E1,1.343903504E-2,-8.552113548E-3,-2.076941915E-2
2.656626533E1,1.649336144E-2,-4.886921961E-3,-2.138028294E-2
2.656830041E1,1.527163107E-2,-2.443460980E-3,-1.954768784E-2
2.657036883E1,1.710422710E-2,-1.832595794E-3,-2.076941915E-2
2.657240333E1,1.954768784E-2,0.000000000E0,-2.015855350E-2
2.657447275E1,1.710422710E-2,1.221730490E-3,-1.893682219E-2
2.657655502E1,1.710422710E-2,2.443460980E-3,-1.649336144E-2
2.657856044E1,1.893682219E-2,8.552113548E-3,-1.771509275E-2
2.658070348E1,1.832595654E-2,8.552113548E-3,-1.649336144E-2
2.658253883E1,2.015855350E-2,1.160643995E-2,-1.466076635E-2
2.658453898E1,2.199114859E-2,1.282817032E-2,-1.832595654E-2
2.658660794E1,2.260201424E-2,1.588249579E-2,-1.771509275E-2
2.658864314E1,2.015855350E-2,1.588249579E-2,-1.160643995E-2
2.659071248E1,2.382374369E-2,1.832595654E-2,-1.343903504E-2
2.659274706E1,2.321287990E-2,1.893682219E-2,-1.282817032E-2
2.659481602E1,2.260201424E-2,1.893682219E-2,-1.282817032E-2
2.659689795E1,2.199114859E-2,1.771509275E-2,-1.343903504E-2
2.659885668E1,2.321287990E-2,1.832595654E-2,-7.941247895E-3
2.660088933E1,2.321287990E-2,1.893682219E-2,-1.221730467E-2
2.660295868E1,2.443460934E-2,1.832595654E-2,-1.038470957E-2
2.660499306E1,2.199114859E-2,1.588249579E-2,-7.330383174E-3
2.660706206E1,2.321287990E-2,1.771509275E-2,-1.160643995E-2
2.660909721E1,2.382374369E-2,1.710422710E-2,-5.497787148E-3
2.661112229E1,2.382374369E-2,1.649336144E-2,-6.719517522E-3
2.661312229E1,2.565634064E-2,1.771509275E-2,-7.330383174E-3
2.661519187E1,2.504547499E-2,1.588249579E-2,-6.108652335E-3
2.661727356E1,2.504547499E-2,1.588249579E-2,-5.497787148E-3
2.661927887E1,2.443460934E-2,1.527163107E-2,-6.719517522E-3
2.662123737E1,2.626720630E-2,1.710422710E-2,-6.719517522E-3
2.662330695E1,2.626720630E-2,1.893682219E-2,-5.497787148E-3
2.662534206E1,2.748893574E-2,1.832595654E-2,-7.941247895E-3
2.662741171E1,2.809980139E-2,1.832595654E-2,-5.497787148E-3
2.662944760E1,2.687807009E-2,1.771509275E-2,-1.832595794E-3
2.663151691E1,2.626720630E-2,1.832595654E-2,-6.719517522E-3
2.663355121E1,2.932153270E-2,2.015855350E-2,-5.497787148E-3
2.663562048E1,3.054326214E-2,2.199114859E-2,-4.276056774E-3
2.663770352E1,2.871066704E-2,2.138028294E-2,-4.886921961E-3
2.663966191E1,2.932153270E-2,2.321287990E-2,-3.665191587E-3
2.664178368E1,3.237585723E-2,2.382374369E-2,-6.719517522E-3
2.664368975E1,3.176499158E-2,2.443460934E-2,-4.886921961E-3
2.664568968E1,3.115412779E-2,2.504547499E-2,-5.497787148E-3
2.664775833E1,3.054326214E-2,2.565634064E-2,-5.497787148E-3
2.664979291E1,3.237585723E-2,2.687807009E-2,-6.719517522E-3
2.665186260E1,3.176499158E-2,2.687807009E-2,-3.665191587E-3
2.665389737E1,3.237585723E-2,2.687807009E-2,-6.719517522E-3
2.665596710E1,3.237585723E-2,2.626720630E-2,-7.330383174E-3
2.665804937E1,3.176499158E-2,2.687807009E-2,-4.886921961E-3
2.666005552E1,3.359758854E-2,2.626720630E-2,-7.330383174E-3
2.666213375E1,2.932153270E-2,2.443460934E-2,-4.886921961E-3
2.666403856E1,3.176499158E-2,2.260201424E-2,-6.108652335E-3
2.666603898E1,3.054326214E-2,2.504547499E-2,-6.108652335E-3
2.666810864E1,3.054326214E-2,2.138028294E-2,-7.941247895E-3
2.667014237E1,3.054326214E-2,2.260201424E-2,-6.108652335E-3
2.667221175E1,2.993239649E-2,2.076941915E-2,-8.552113548E-3
2.667424687E1,2.871066704E-2,1.954768784E-2,-7.941247895E-3
2.667633087E1,3.054326214E-2,1.893682219E-2,-5.497787148E-3
2.667839798E1,2.687807009E-2,1.771509275E-2,-5.497787148E-3
2.668035598E1,3.054326214E-2,1.527163107E-2,-6.719517522E-3
2.668238868E1,2.748893574E-2,1.527163107E-2,-4.276056774E-3
2.668445771E1,2.748893574E-2,1.343903504E-2,-4.276056774E-3
2.668649233E1,2.871066704E-2,1.160643995E-2,-6.719517522E-3
2.668856156E1,2.687807009E-2,1.099557430E-2,-4.886921961E-3
2.669059698E1,2.809980139E-2,1.160643995E-2,-5.497787148E-3
2.669266691E1,2.443460934E-2,7.941247895E-3,-4.886921961E-3
2.669470164E1,2.504547499E-2,9.162978269E-3,-3.054326167E-3
2.669677068E1,2.687807009E-2,8.552113548E-3,-7.330383174E-3
2.669885325E1,2.443460934E-2,9.162978269E-3,-4.276056774E-3
2.670085818E1,2.321287990E-2,1.038470957E-2,-3.665191587E-3
2.670281510E1,2.076941915E-2,8.552113548E-3,-4.276056774E-3
2.670488406E1,2.015855350E-2,9.773843922E-3,-2.443460980E-3
2.670691987E1,2.076941915E-2,7.941247895E-3,-4.886921961E-3
2.670898979E1,2.076941915E-2,7.941247895E-3,-3.054326167E-3
2.671102537E1,1.893682219E-2,1.038470957E-2,-2.443460980E-3
2.671309475E1,1.893682219E-2,9.773843922E-3,-1.221730490E-3
2.671512987E1,1.771509275E-2,1.160643995E-2,-3.665191587E-3
2.671719941E1,1.649336144E-2,1.160643995E-2,-1.221730490E-3
2.671928206E1,1.343903504E-2,1.160643995E-2,-1.221730490E-3
2.672124102E1,1.710422710E-2,1.160643995E-2,-3.054326167E-3
2.672336364E1,1.221730467E-2,1.404990070E-2,2.443460980E-3
2.672526991E1,1.160643995E-2,1.404990070E-2,-1.832595794E-3
2.672727068E1,1.282817032E-2,1.649336144E-2,-3.665191587E-3
2.672933998E1,9.773843922E-3,1.527163107E-2,-6.108652451E-4
2.673137544E1,7.330383174E-3,1.588249579E-2,-1.221730490E-3
2.673344533E1,8.552113548E-3,1.710422710E-2,-3.665191587E-3
2.673548187E1,7.941247895E-3,1.649336144E-2,-1.221730490E-3
2.673755102E1,7.941247895E-3,1.649336144E-2,-4.886921961E-3
2.673963371E1,4.276056774E-3,1.832595654E-2,-1.221730490E-3
2.674163968E1,5.497787148E-3,1.771509275E-2,0.000000000E0
2.674378275E1,3.665191587E-3,1.649336144E-2,-4.886921961E-3
2.674561941E1,3.665191587E-3,1.649336144E-2,-3.665191587E-3
2.674761918E1,4.276056774E-3,1.710422710E-2,0.000000000E0
2.674968879E1,1.221730490E-3,1.466076635E-2,-3.665191587E-3
2.675172379E1,3.665191587E-3,1.466076635E-2,-3.054326167E-3
2.675379352E1,1.832595794E-3,1.343903504E-2,-2.443460980E-3
2.675582929E1,1.832595794E-3,1.160643995E-2,-3.054326167E-3
2.675789918E1,-1.832595794E-3,1.160643995E-2,-2.443460980E-3
2.675998094E1,-1.221730490E-3,8.552113548E-3,0.000000000E0
2.676193921E1,-1.221730490E-3,7.330383174E-3,-3.665191587E-3
2.676397141E1,0.000000000E0,5.497787148E-3,1.832595794E-3
2.676604079E1,-1.832595794E-3,4.276056774E-3,1.221730490E-3
2.676807598E1,6.108652451E-4,4.276056774E-3,-3.054326167E-3
2.677014498E1,-3.054326167E-3,1.832595794E-3,6.108652451E-4
2.677218060E1,-4.276056774E-3,2.443460980E-3,3.054326167E-3
2.677425006E1,-2.443460980E-3,1.221730490E-3,-3.665191587E-3
2.677628556E1,-6.719517522E-3,0.000000000E0,2.443460980E-3
2.677835491E1,-3.665191587E-3,0.000000000E0,0.000000000E0
2.678043783E1,-6.719517522E-3,-6.108652451E-4,-6.108652451E-4
2.678244256E1,-7.330383174E-3,-2.443460980E-3,1.832595794E-3
2.678439906E1,-8.552113548E-3,-1.221730490E-3,3.054326167E-3
2.678646956E1,-7.941247895E-3,-1.832595794E-3,-2.443460980E-3
2.678850483E1,-1.282817032E-2,-6.108652335E-3,1.832595794E-3
2.679057491E1,-1.221730467E-2,-1.832595794E-3,0.000000000E0
2.679261064E1,-1.221730467E-2,-3.665191587E-3,-6.108652451E-4
2.679468002E1,-1.343903504E-2,-3.665191587E-3,3.665191587E-3
2.679671537E1,-1.771509275E-2,-2.443460980E-3,-3.665191587E-3
2.679878560E1,-1.588249579E-2,-1.832595794E-3,-3.054326167E-3
2.680086829E1,-1.649336144E-2,-1.832595794E-3,6.108652451E-4
2.680282718E1,-1.588249579E-2,-1.832595794E-3,-3.665191587E-3
2.680494941E1,-1.893682219E-2,-2.443460980E-3,-3.665191587E-3
2.680685579E1,-1.893682219E-2,-4.276056774E-3,1.832595794E-3
2.680885602E1,-1.771509275E-2,-2.443460980E-3,-3.054326167E-3
2.681092502E1,-1.893682219E-2,-2.443460980E-3,-3.665191587E-3
2.681296060E1,-1.771509275E-2,-2.443460980E-3,1.221730490E-3
2.681502971E1,-1.649336144E-2,-2.443460980E-3,-4.276056774E-3
2.681706487E1,-1.771509275E-2,-5.497787148E-3,-4.276056774E-3
2.681913464E1,-1.893682219E-2,-3.054326167E-3,1.221730490E-3
2.682121733E1,-1.771509275E-2,-3.054326167E-3,-3.054326167E-3
2.682322279E1,-1.771509275E-2,-5.497787148E-3,-2.443460980E-3
2.682530221E1,-1.771509275E-2,-6.719517522E-3,6.108652451E-4
2.682720837E1,-1.771509275E-2,-4.276056774E-3,-1.221730490E-3
2.682920879E1,-1.710422710E-2,-4.276056774E-3,-3.054326167E-3
2.683127806E1,-1.710422710E-2,-5.497787148E-3,3.665191587E-3
2.683331364E1,-1.832595654E-2,-6.719517522E-3,-6.108652451E-4
2.683538333E1,-1.649336144E-2,-4.276056774E-3,-3.054326167E-3
2.683741887E1,-1.527163107E-2,-4.886921961E-3,2.443460980E-3
2.683948837E1,-1.466076635E-2,-3.665191587E-3,0.000000000E0
2.684157218E1,-1.404990070E-2,-2.443460980E-3,-6.108652451E-4
2.684353252E1,-1.282817032E-2,-6.108652451E-4,6.108652451E-4
2.684556529E1,-1.282817032E-2,1.221730490E-3,-3.054326167E-3
2.684763521E1,-1.282817032E-2,1.221730490E-3,3.054326167E-3
2.684967106E1,-1.099557430E-2,3.054326167E-3,-6.108652451E-4
2.685174064E1,-1.038470957E-2,6.108652335E-3,-4.276056774E-3
2.685377664E1,-9.162978269E-3,7.330383174E-3,-1.832595794E-3
2.685580244E1,-1.038470957E-2,7.941247895E-3,0.000000000E0
2.685780318E1,-7.941247895E-3,1.221730467E-2,-1.221730490E-3
2.685987314E1,-8.552113548E-3,1.282817032E-2,-2.443460980E-3
2.686195679E1,-6.108652335E-3,1.588249579E-2,-4.886921961E-3
2.686396248E1,-7.330383174E-3,1.649336144E-2,-1.221730490E-3
2.686592156E1,-6.108652335E-3,1.771509275E-2,-3.054326167E-3
2.686799114E1,-5.497787148E-3,1.893682219E-2,-2.443460980E-3
2.687002702E1,-6.108652335E-3,1.954768784E-2,-1.832595794E-3
2.687209648E1,-4.886921961E-3,2.199114859E-2,-3.054326167E-3
2.687413168E1,-4.886921961E-3,2.260201424E-2,-2.443460980E-3
2.687620141E1,-4.276056774E-3,2.199114859E-2,-2.443460980E-3
2.687823602E1,-4.886921961E-3,2.138028294E-2,-2.443460980E-3
2.688030714E1,-4.886921961E-3,1.832595654E-2,0.000000000E0
2.688238971E1,-3.665191587E-3,1.832595654E-2,-1.832595794E-3
2.688434921E1,0.000000000E0,1.771509275E-2,-2.443460980E-3
2.688647060E1,-2.443460980E-3,1.710422710E-2,-1.221730490E-3
2.688841218E1,-6.108652451E-4,1.649336144E-2,-5.497787148E-3
2.689041168E1,-6.108652451E-4,1.527163107E-2,-1.221730490E-3
2.689248183E1,-6.108652451E-4,1.343903504E-2,6.108652451E-4
2.689451629E1,-3.054326167E-3,1.282817032E-2,-3.665191587E-3
2.689658506E1,0.000000000E0,1.160643995E-2,-1.832595794E-3
2.689861937E1,6.108652451E-4,1.038470957E-2,-1.832595794E-3
2.690068829E1,6.108652451E-4,9.162978269E-3,-1.221730490E-3
2.690277018E1,0.000000000E0,7.330383174E-3,1.221730490E-3
2.690477479E1,-6.108652451E-4,5.497787148E-3,-1.221730490E-3
2.690691714E1,-1.221730490E-3,4.886921961E-3,0.000000000E0
2.690875264E1,6.108652451E-4,5.497787148E-3,0.000000000E0
2.691075260E1,1.221730490E-3,4.276056774E-3,-6.108652451E-4
2.691282098E1,-1.832595794E-3,3.665191587E-3,-1.221730490E-3
2.691485564E1,6.108652451E-4,3.665191587E-3,0.000000000E0
2.691692441E1,-1.221730490E-3,4.886921961E-3,6.108652451E-4
2.691895921E1,-3.054326167E-3,5.497787148E-3,-1.221730490E-3
2.692102794E1,-4.276056774E-3,4.886921961E-3,2.443460980E-3
2.692310937E1,0.000000000E0,4.886921961E-3,-1.221730490E-3
2.692506771E1,-6.108652451E-4,6.719517522E-3,-1.832595794E-3
2.692707825E1,-3.054326167E-3,4.886921961E-3,3.054326167E-3
2.692914725E1,-1.221730490E-3,9.162978269E-3,-1.221730490E-3
2.693118187E1,-1.221730490E-3,7.941247895E-3,1.221730490E-3
2.693325175E1,-6.108652451E-4,9.773843922E-3,1.221730490E-3
2.693528629E1,-1.221730490E-3,9.162978269E-3,1.832595794E-3
2.693735583E1,1.832595794E-3,1.038470957E-2,3.665191587E-3
2.693939129E1,-6.108652451E-4,1.038470957E-2,3.054326167E-3
2.694146075E1,1.221730490E-3,1.221730467E-2,2.443460980E-3
2.694354325E1,1.221730490E-3,1.343903504E-2,1.832595794E-3
2.694554921E1,6.108652451E-4,1.282817032E-2,4.276056774E-3
2.694750652E1,4.886921961E-3,1.404990070E-2,1.221730490E-3
2.694957552E1,6.108652451E-4,1.588249579E-2,3.665191587E-3
2.695161056E1,3.054326167E-3,1.649336144E-2,3.665191587E-3
2.695367956E1,3.665191587E-3,1.710422710E-2,4.886921961E-3
2.695571444E1,0.000000000E0,1.588249579E-2,7.330383174E-3
2.695778302E1,3.054326167E-3,1.893682219E-2,7.330383174E-3
2.695981687E1,4.276056774E-3,1.954768784E-2,5.497787148E-3
2.696188533E1,2.443460980E-3,1.954768784E-2,6.719517522E-3
2.696396702E1,2.443460980E-3,1.893682219E-2,7.330383174E-3
2.696592460E1,4.886921961E-3,1.893682219E-2,4.276056774E-3
2.696804421E1,1.221730490E-3,1.710422710E-2,7.330383174E-3
2.696998460E1,6.108652451E-4,1.588249579E-2,8.552113548E-3
2.697198406E1,3.054326167E-3,1.710422710E-2,3.665191587E-3
2.697405341E1,3.665191587E-3,1.710422710E-2,7.941247895E-3
2.697608848E1,4.886921961E-3,1.404990070E-2,6.719517522E-3
2.697815756E1,4.276056774E-3,1.649336144E-2,5.497787148E-3
2.698019156E1,3.665191587E-3,1.343903504E-2,7.330383174E-3
2.698226121E1,3.665191587E-3,1.343903504E-2,4.886921961E-3
2.698434337E1,2.443460980E-3,1.282817032E-2,5.497787148E-3
2.698634860E1,6.108652451E-4,1.160643995E-2,7.330383174E-3
2.698842833E1,1.221730490E-3,1.221730467E-2,5.497787148E-3
2.699033444E1,-6.108652451E-4,1.038470957E-2,4.276056774E-3
2.699233448E1,1.221730490E-3,8.552113548E-3,4.276056774E-3
2.699440371E1,2.443460980E-3,8.552113548E-3,4.886921961E-3
2.699643887E1,-1.832595794E-3,8.552113548E-3,8.552113548E-3
2.699850779E1,1.221730490E-3,9.162978269E-3,4.886921961E-3
2.700054287E1,6.108652451E-4,8.552113548E-3,6.719517522E-3
2.700261248E1,-1.221730490E-3,7.330383174E-3,8.552113548E-3
2.700469556E1,-1.221730490E-3,5.497787148E-3,7.330383174E-3
2.700665398E1,-2.443460980E-3,6.719517522E-3,6.719517522E-3
2.700868641E1,-3.054326167E-3,8.552113548E-3,7.941247895E-3
2.701075556E1,-4.276056774E-3,7.330383174E-3,8.552113548E-3
2.701279064E1,-3.054326167E-3,9.162978269E-3,4.886921961E-3
2.701486025E1,-6.719517522E-3,1.099557430E-2,8.552113548E-3
2.701689556E1,-6.719517522E-3,7.941247895E-3,7.941247895E-3
2.701896529E1,-7.330383174E-3,8.552113548E-3,7.941247895E-3
2.702100037E1,-7.941247895E-3,9.162978269E-3,7.941247895E-3
2.702306975E1,-7.941247895E-3,9.773843922E-3,7.941247895E-3
2.702515171E1,-7.941247895E-3,9.162978269E-3,7.941247895E-3
2.702715691E1,-6.108652335E-3,9.773843922E-3,1.221730467E-2
2.702912006E1,-1.160643995E-2,1.038470957E-2,9.773843922E-3
2.703118975E1,-8.552113548E-3,1.038470957E-2,6.719517522E-3
2.703322521E1,-8.552113548E-3,9.162978269E-3,9.162978269E-3
2.703529544E1,-9.162978269E-3,9.773843922E-3,1.221730467E-2
2.703733033E1,-8.552113548E-3,1.099557430E-2,9.773843922E-3
2.703940033E1,-9.162978269E-3,9.773843922E-3,1.099557430E-2
2.704143579E1,-7.330383174E-3,9.162978269E-3,1.160643995E-2
2.704350537E1,-8.552113548E-3,9.773843922E-3,1.038470957E-2
2.704558864E1,-7.330383174E-3,9.162978269E-3,1.099557430E-2
2.704754710E1,-7.330383174E-3,9.773843922E-3,1.343903504E-2
2.704967283E1,-7.330383174E-3,9.162978269E-3,1.221730467E-2
2.705157856E1,-7.330383174E-3,8.552113548E-3,1.404990070E-2
2.705357898E1,-7.941247895E-3,9.773843922E-3,1.221730467E-2
2.705564790E1,-6.719517522E-3,9.773843922E-3,1.404990070E-2
2.705768252E1,-6.719517522E-3,6.108652335E-3,1.466076635E-2
2.705975233E1,-6.108652335E-3,5.497787148E-3,1.527163107E-2
2.706178714E1,-8.552113548E-3,7.941247895E-3,1.527163107E-2
2.706385694E1,-7.330383174E-3,4.886921961E-3,1.404990070E-2
2.706593979E1,-7.330383174E-3,3.665191587E-3,1.343903504E-2
2.706794487E1,-7.330383174E-3,3.054326167E-3,1.404990070E-2
2.707008725E1,-5.497787148E-3,2.443460980E-3,1.221730467E-2
2.707192387E1,-6.719517522E-3,2.443460980E-3,1.160643995E-2
2.707392456E1,-6.719517522E-3,1.221730490E-3,1.649336144E-2
2.707599352E1,-6.719517522E-3,0.000000000E0,1.221730467E-2
2.707802917E1,-7.941247895E-3,1.832595794E-3,1.221730467E-2
2.708009894E1,-9.162978269E-3,-1.221730490E-3,1.771509275E-2
2.708213356E1,-6.719517522E-3,-6.108652451E-4,1.343903504E-2
2.708421833E1,-9.162978269E-3,-3.054326167E-3,1.649336144E-2
2.708628602E1,-6.719517522E-3,-4.886921961E-3,1.466076635E-2
2.708824321E1,-7.330383174E-3,-3.054326167E-3,1.160643995E-2
2.709024375E1,-7.941247895E-3,-4.886921961E-3,1.588249579E-2
2.709231290E1,-1.038470957E-2,-4.886921961E-3,1.832595654E-2
2.709434783E1,-9.162978269E-3,-5.497787148E-3,1.466076635E-2
2.709641729E1,-7.330383174E-3,-7.941247895E-3,1.527163107E-2
2.709845144E1,-6.108652335E-3,-6.108652335E-3,1.710422710E-2
2.710047560E1,-6.108652335E-3,-5.497787148E-3,1.466076635E-2
2.710247640E1,-4.276056774E-3,-9.773843922E-3,1.282817032E-2
2.710454567E1,-6.108652335E-3,-8.552113548E-3,1.649336144E-2
2.710662806E1,-1.221730490E-3,-9.162978269E-3,1.099557430E-2
2.710863279E1,-7.330383174E-3,-8.552113548E-3,1.649336144E-2
2.711059021E1,-4.276056774E-3,-8.552113548E-3,1.466076635E-2
2.711266002E1,-1.832595794E-3,-8.552113548E-3,1.343903504E-2
2.711469467E1,1.832595794E-3,-1.038470957E-2,1.649336144E-2
2.711676417E1,-6.108652451E-4,-9.162978269E-3,1.221730467E-2
2.711880079E1,6.108652451E-4,-7.941247895E-3,1.160643995E-2
2.712087006E1,3.665191587E-3,-7.941247895E-3,1.282817032E-2
2.712290587E1,4.886921961E-3,-9.162978269E-3,1.038470957E-2
2.712497517E1,4.886921961E-3,-7.330383174E-3,1.160643995E-2
2.712705798E1,6.719517522E-3,-9.162978269E-3,1.221730467E-2
2.712901621E1,7.941247895E-3,-7.941247895E-3,1.282817032E-2
2.713113937E1,8.552113548E-3,-7.941247895E-3,9.773843922E-3
2.713304498E1,9.773843922E-3,-5.497787148E-3,9.773843922E-3
2.713504541E1,1.099557430E-2,-5.497787148E-3,1.099557430E-2
2.713711467E1,1.099557430E-2,-4.886921961E-3,9.773843922E-3
2.713914990E1,1.099557430E-2,-3.665191587E-3,9.162978269E-3
2.714121960E1,1.343903504E-2,0.000000000E0,1.038470957E-2
2.714325544E1,1.343903504E-2,-1.832595794E-3,1.099557430E-2
2.714532540E1,1.404990070E-2,1.221730490E-3,9.773843922E-3
2.714740864E1,1.282817032E-2,2.443460980E-3,9.773843922E-3
2.714941344E1,1.466076635E-2,4.276056774E-3,1.038470957E-2
2.715149317E1,1.343903504E-2,3.054326167E-3,1.221730467E-2
2.715339906E1,1.282817032E-2,4.276056774E-3,1.282817032E-2
2.715539975E1,1.343903504E-2,4.276056774E-3,1.221730467E-2
2.715746875E1,1.404990070E-2,6.108652335E-3,9.773843922E-3
2.715950394E1,1.221730467E-2,3.665191587E-3,1.038470957E-2
2.716157402E1,1.099557430E-2,2.443460980E-3,1.038470957E-2
2.716360925E1,9.773843922E-3,1.221730490E-3,7.941247895E-3
2.716567917E1,1.282817032E-2,-1.221730490E-3,8.552113548E-3
2.716776217E1,1.160643995E-2,-1.832595794E-3,1.404990070E-2
2.716972067E1,1.343903504E-2,-4.276056774E-3,9.162978269E-3
2.717172129E1,1.099557430E-2,-7.941247895E-3,9.773843922E-3
2.717379044E1,1.038470957E-2,-7.330383174E-3,7.941247895E-3
2.717582544E1,1.160643995E-2,-8.552113548E-3,1.038470957E-2
2.717789494E1,1.221730467E-2,-9.162978269E-3,1.038470957E-2
2.717993044E1,1.343903504E-2,-1.038470957E-2,6.719517522E-3
2.718200040E1,1.221730467E-2,-1.404990070E-2,6.719517522E-3
2.718403544E1,1.282817032E-2,-1.404990070E-2,9.773843922E-3
2.718610571E1,1.404990070E-2,-1.343903504E-2,6.719517522E-3
2.718818887E1,1.588249579E-2,-1.160643995E-2,7.941247895E-3
2.719019464E1,1.588249579E-2,-1.160643995E-2,7.330383174E-3
2.719215156E1,1.527163107E-2,-8.552113548E-3,9.162978269E-3
2.719422171E1,1.771509275E-2,-9.773843922E-3,6.719517522E-3
2.719625744E1,1.649336144E-2,-8.552113548E-3,8.552113548E-3
2.719832783E1,2.015855350E-2,-7.330383174E-3,7.330383174E-3
2.720036356E1,1.832595654E-2,-8.552113548E-3,8.552113548E-3
2.720243352E1,1.893682219E-2,-6.108652335E-3,9.162978269E-3
2.720446929E1,2.015855350E-2,-8.552113548E-3,1.038470957E-2
2.720653948E1,1.649336144E-2,-6.108652335E-3,1.221730467E-2
2.720862256E1,2.076941915E-2,-3.054326167E-3,7.330383174E-3
2.721058129E1,2.260201424E-2,-1.832595794E-3,8.552113548E-3
2.721270425E1,2.138028294E-2,-2.443460980E-3,1.160643995E-2
2.721461037E1,1.893682219E-2,6.108652451E-4,9.773843922E-3
2.721661133E1,2.260201424E-2,6.108652451E-4,7.330383174E-3
2.721868075E1,2.199114859E-2,0.000000000E0,7.941247895E-3
2.722071664E1,2.076941915E-2,1.832595794E-3,8.552113548E-3
2.722278594E1,2.015855350E-2,1.221730490E-3,7.941247895E-3
2.722482117E1,2.138028294E-2,6.108652451E-4,7.941247895E-3
2.722689121E1,2.199114859E-2,1.221730490E-3,7.330383174E-3
2.722897490E1,2.199114859E-2,2.443460980E-3,7.941247895E-3
2.723098052E1,1.832595654E-2,6.108652451E-4,7.330383174E-3
2.723312233E1,1.832595654E-2,1.221730490E-3,7.941247895E-3
2.723495860E1,1.588249579E-2,-6.108652451E-4,5.497787148E-3
2.723695890E1,1.527163107E-2,-1.832595794E-3,4.886921961E-3
2.723902906E1,1.893682219E-2,0.000000000E0,5.497787148E-3
2.724106467E1,1.649336144E-2,-1.221730490E-3,6.719517522E-3
2.724313375E1,1.404990070E-2,-3.665191587E-3,4.886921961E-3
2.724516887E1,1.527163107E-2,-3.054326167E-3,4.276056774E-3
2.724723833E1,1.588249579E-2,-5.497787148E-3,1.832595794E-3
2.724932071E1,1.099557430E-2,-5.497787148E-3,3.665191587E-3
2.725127967E1,1.282817032E-2,-7.330383174E-3,2.443460980E-3
2.725328029E1,1.221730467E-2,-9.773843922E-3,3.054326167E-3
2.725534990E1,1.221730467E-2,-9.773843922E-3,1.221730490E-3
2.725738464E1,1.343903504E-2,-9.773843922E-3,2.443460980E-3
2.725945383E1,9.162978269E-3,-1.221730467E-2,1.832595794E-3
2.726148890E1,1.099557430E-2,-1.221730467E-2,-6.108652451E-4
2.726355817E1,9.162978269E-3,-1.221730467E-2,-1.221730490E-3
2.726559344E1,1.038470957E-2,-1.343903504E-2,3.054326167E-3
2.726766252E1,1.099557430E-2,-1.404990070E-2,0.000000000E0
2.726974456E1,1.038470957E-2,-1.282817032E-2,-1.221730490E-3
2.727174948E1,1.099557430E-2,-1.588249579E-2,3.054326167E-3
2.727370625E1,1.038470957E-2,-1.404990070E-2,1.832595794E-3
2.727577529E1,1.099557430E-2,-1.466076635E-2,-6.108652451E-4
2.727780998E1,8.552113548E-3,-1.343903504E-2,2.443460980E-3
2.727987860E1,1.160643995E-2,-1.527163107E-2,6.108652451E-4
2.728191352E1,1.038470957E-2,-1.221730467E-2,-6.108652451E-4
2.728398294E1,1.038470957E-2,-1.160643995E-2,2.443460980E-3
2.728601717E1,1.221730467E-2,-1.099557430E-2,0.000000000E0
2.728808652E1,1.282817032E-2,-1.160643995E-2,-1.221730490E-3
2.729016975E1,1.221730467E-2,-1.099557430E-2,2.443460980E-3
2.729212833E1,9.773843922E-3,-7.330383174E-3,1.832595794E-3
2.729425217E1,1.282817032E-2,-7.330383174E-3,-1.221730490E-3
2.729615694E1,1.404990070E-2,-5.497787148E-3,6.108652451E-4
2.729815717E1,1.221730467E-2,-6.108652335E-3,-6.108652451E-4
2.730022756E1,1.404990070E-2,-5.497787148E-3,-4.276056774E-3
2.730226275E1,1.282817032E-2,-3.665191587E-3,6.108652451E-4
2.730433244E1,1.466076635E-2,-3.665191587E-3,-2.443460980E-3
2.730636783E1,1.527163107E-2,-1.221730490E-3,-5.497787148E-3
2.730843748E1,1.466076635E-2,-1.832595794E-3,0.000000000E0
2.731052006E1,1.343903504E-2,-1.832595794E-3,-3.054326167E-3
2.731252594E1,1.466076635E-2,-6.108652451E-4,-4.276056774E-3
2.731460510E1,1.588249579E-2,-6.108652451E-4,0.000000000E0
2.731651102E1,1.221730467E-2,-6.108652451E-4,-6.108652335E-3
2.731851094E1,1.588249579E-2,-6.108652451E-4,-3.054326167E-3
2.732058094E1,1.832595654E-2,-1.832595794E-3,-3.054326167E-3
2.732261579E1,1.954768784E-2,-1.221730490E-3,-9.162978269E-3
2.732468498E1,1.527163107E-2,-2.443460980E-3,-6.719517522E-3
2.732671937E1,1.649336144E-2,-3.054326167E-3,-3.665191587E-3
2.732878856E1,1.954768784E-2,-4.886921961E-3,-5.497787148E-3
2.733087117E1,1.893682219E-2,-3.054326167E-3,-7.941247895E-3
2.733282998E1,1.771509275E-2,-6.719517522E-3,-2.443460980E-3
2.733483098E1,1.893682219E-2,-8.552113548E-3,-5.497787148E-3
2.733689994E1,1.771509275E-2,-9.162978269E-3,-6.108652335E-3
2.733893564E1,1.832595654E-2,-1.038470957E-2,-4.886921961E-3
2.734100464E1,1.832595654E-2,-1.221730467E-2,-3.054326167E-3
2.734304036E1,1.893682219E-2,-1.099557430E-2,-6.719517522E-3
2.734506602E1,1.710422710E-2,-1.466076635E-2,-3.665191587E-3
2.734706690E1,2.015855350E-2,-1.466076635E-2,-9.162978269E-3
2.734913660E1,1.832595654E-2,-1.527163107E-2,-6.108652335E-3
2.735121994E1,1.771509275E-2,-1.588249579E-2,-5.497787148E-3
2.735322652E1,1.954768784E-2,-1.771509275E-2,-7.330383174E-3
2.735518479E1,1.527163107E-2,-1.710422710E-2,-3.665191587E-3
2.735725294E1,1.588249579E-2,-1.771509275E-2,-4.276056774E-3
2.735928840E1,1.710422710E-2,-1.649336144E-2,-6.108652335E-3
2.736135775E1,1.710422710E-2,-1.771509275E-2,-4.886921961E-3
2.736339286E1,1.710422710E-2,-1.710422710E-2,-5.497787148E-3
2.736546302E1,1.466076635E-2,-1.710422710E-2,-3.665191587E-3
2.736749752E1,1.527163107E-2,-1.588249579E-2,-3.665191587E-3
2.736956710E1,1.404990070E-2,-1.527163107E-2,-6.108652335E-3
2.737164956E1,1.527163107E-2,-1.588249579E-2,-1.832595794E-3
2.737360840E1,1.527163107E-2,-1.527163107E-2,-4.276056774E-3
2.737573113E1,1.282817032E-2,-1.466076635E-2,-3.665191587E-3
2.737763644E1,1.343903504E-2,-1.343903504E-2,-4.886921961E-3
2.737963675E1,1.404990070E-2,-1.527163107E-2,-4.886921961E-3
2.738170567E1,9.773843922E-3,-1.527163107E-2,-3.054326167E-3
2.738374086E1,1.282817032E-2,-1.404990070E-2,-2.443460980E-3
2.738580987E1,1.221730467E-2,-1.404990070E-2,-3.665191587E-3
2.738784460E1,8.552113548E-3,-1.404990070E-2,-2.443460980E-3
2.738991463E1,1.038470957E-2,-1.404990070E-2,-2.443460980E-3
2.739199640E1,1.038470957E-2,-1.343903504E-2,-6.719517522E-3
2.739400187E1,9.773843922E-3,-1.588249579E-2,-3.054326167E-3
2.739614352E1,7.941247895E-3,-1.832595654E-2,-1.832595794E-3
2.739797925E1,9.162978269E-3,-1.771509275E-2,-3.054326167E-3
2.739997906E1,6.108652335E-3,-1.771509275E-2,-3.054326167E-3
2.740204806E1,5.497787148E-3,-2.076941915E-2,0.000000000E0
2.740408244E1,6.719517522E-3,-1.893682219E-2,-3.665191587E-3
2.740615110E1,6.108652335E-3,-2.138028294E-2,-1.221730490E-3
2.740818586E1,3.665191587E-3,-1.893682219E-2,-4.886921961E-3
2.741025513E1,1.832595794E-3,-2.015855350E-2,-3.665191587E-3
2.741233729E1,3.054326167E-3,-2.199114859E-2,-3.054326167E-3
2.741429448E1,3.054326167E-3,-2.199114859E-2,-6.719517522E-3
2.741629471E1,6.108652451E-4,-2.076941915E-2,-2.443460980E-3
2.741836363E1,0.000000000E0,-2.199114859E-2,-2.443460980E-3
2.742039883E1,-6.108652451E-4,-2.076941915E-2,-3.054326167E-3
2.742246825E1,-6.108652451E-4,-2.199114859E-2,-3.665191587E-3
2.742450294E1,-1.221730490E-3,-2.138028294E-2,-3.665191587E-3
2.742657348E1,-4.276056774E-3,-2.260201424E-2,-3.054326167E-3
2.742860752E1,-3.054326167E-3,-2.138028294E-2,-1.832595794E-3
2.743067667E1,-3.054326167E-3,-2.321287990E-2,-5.497787148E-3
2.743275921E1,-6.108652335E-3,-2.138028294E-2,-7.941247895E-3
2.743476533E1,-5.497787148E-3,-2.076941915E-2,-6.108652335E-3
2.743672121E1,-8.552113548E-3,-2.260201424E-2,-4.886921961E-3
2.743879079E1,-9.162978269E-3,-2.260201424E-2,-6.108652335E-3
2.744082537E1,-9.162978269E-3,-2.199114859E-2,-9.162978269E-3
2.744289436E1,-1.282817032E-2,-2.260201424E-2,-6.108652335E-3
2.744492902E1,-1.160643995E-2,-2.199114859E-2,-6.719517522E-3
2.744699806E1,-1.282817032E-2,-2.260201424E-2,-9.773843922E-3
2.744903213E1,-1.404990070E-2,-2.260201424E-2,-7.330383174E-3
2.745110117E1,-1.588249579E-2,-2.565634064E-2,-1.099557430E-2
2.745318302E1,-1.588249579E-2,-2.565634064E-2,-1.160643995E-2
2.745514094E1,-2.076941915E-2,-2.626720630E-2,-7.941247895E-3
2.745726448E1,-2.138028294E-2,-2.626720630E-2,-1.099557430E-2
2.745916983E1,-2.199114859E-2,-2.748893574E-2,-1.282817032E-2
2.746116929E1,-2.443460934E-2,-2.809980139E-2,-1.099557430E-2
2.746323848E1,-2.199114859E-2,-2.932153270E-2,-1.038470957E-2
2.746527367E1,-2.382374369E-2,-3.115412779E-2,-1.099557430E-2
2.746734233E1,-2.626720630E-2,-3.420845419E-2,-1.282817032E-2
2.746937752E1,-2.748893574E-2,-3.604105115E-2,-1.282817032E-2
2.747144706E1,-2.871066704E-2,-3.909537569E-2,-1.343903504E-2
2.747352883E1,-3.054326214E-2,-3.909537569E-2,-1.343903504E-2
2.747553340E1,-3.298672289E-2,-4.276056588E-2,-1.160643995E-2
2.747761202E1,-3.481931984E-2,-4.337143153E-2,-1.160643995E-2
2.747951779E1,-3.665191308E-2,-4.398229718E-2,-1.588249579E-2
2.748151775E1,-3.787364438E-2,-4.764748737E-2,-1.221730467E-2
2.748358733E1,-4.092797264E-2,-4.886921868E-2,-1.649336144E-2
2.748562206E1,-4.214970022E-2,-5.131268129E-2,-1.282817032E-2
2.748769175E1,-4.214970022E-2,-5.375614017E-2,-1.466076635E-2
2.748972606E1,-4.520402849E-2,-5.192354694E-2,-1.588249579E-2
2.749181067E1,-4.520402849E-2,-5.619960278E-2,-1.588249579E-2
2.749387840E1,-4.703662544E-2,-5.619960278E-2,-1.588249579E-2
2.749583679E1,-5.131268129E-2,-5.681046844E-2,-1.588249579E-2
2.749783717E1,-5.131268129E-2,-5.864306539E-2,-1.649336144E-2
2.749990675E1,-5.497787148E-2,-5.742133409E-2,-1.649336144E-2
2.750194190E1,-5.619960278E-2,-5.864306539E-2,-1.588249579E-2
2.750401144E1,-5.619960278E-2,-5.864306539E-2,-2.260201424E-2
2.750604656E1,-5.742133409E-2,-5.925392732E-2,-1.832595654E-2
2.750811606E1,-5.986479297E-2,-5.925392732E-2,-1.893682219E-2
2.751015102E1,-5.986479297E-2,-5.925392732E-2,-2.015855350E-2
2.751221971E1,-6.047565863E-2,-5.681046844E-2,-2.199114859E-2
2.751430175E1,-6.230825558E-2,-5.558873713E-2,-2.015855350E-2
2.751630683E1,-6.597344577E-2,-5.681046844E-2,-2.260201424E-2
2.751826310E1,-6.597344577E-2,-5.619960278E-2,-2.076941915E-2
2.752033317E1,-6.780604273E-2,-5.497787148E-2,-1.771509275E-2
2.752236794E1,-7.024950534E-2,-5.314527452E-2,-2.076941915E-2
2.752443783E1,-7.024950534E-2,-5.253441259E-2,-2.076941915E-2
2.752647271E1,-7.147123665E-2,-5.253441259E-2,-1.832595654E-2
2.752854190E1,-7.513642311E-2,-5.375614017E-2,-1.832595654E-2
2.753057671E1,-7.147123665E-2,-5.375614017E-2,-2.138028294E-2
2.753264571E1,-7.391469181E-2,-5.253441259E-2,-1.954768784E-2
2.753472783E1,-7.757988572E-2,-5.131268129E-2,-2.015855350E-2
2.753668594E1,-7.880161703E-2,-5.131268129E-2,-1.954768784E-2
2.753881344E1,-7.819075137E-2,-5.070181563E-2,-1.588249579E-2
2.754071936E1,-7.941248268E-2,-4.948008433E-2,-1.832595654E-2
2.754271921E1,-8.063421398E-2,-5.009094998E-2,-1.832595654E-2
2.754478894E1,-8.368854225E-2,-4.948008433E-2,-1.527163107E-2
2.754682402E1,-8.307767659E-2,-4.886921868E-2,-1.893682219E-2
2.754889340E1,-8.491026610E-2,-4.948008433E-2,-1.404990070E-2
2.755092898E1,-8.613199741E-2,-4.886921868E-2,-1.466076635E-2
2.755299817E1,-8.613199741E-2,-4.886921868E-2,-1.588249579E-2
2.755508113E1,-8.796459436E-2,-4.825835302E-2,-1.282817032E-2
2.755708610E1,-9.040805697E-2,-4.642575979E-2,-1.404990070E-2
2.755922944E1,-9.040805697E-2,-4.642575979E-2,-1.466076635E-2
2.756106602E1,-9.224065393E-2,-4.459316283E-2,-1.282817032E-2
2.756306590E1,-9.346238524E-2,-4.337143153E-2,-1.282817032E-2
2.756513483E1,-9.590584040E-2,-4.398229718E-2,-1.282817032E-2
2.756716983E1,-9.712757170E-2,-4.337143153E-2,-9.773843922E-3
2.756923910E1,-9.651670605E-2,-4.276056588E-2,-1.160643995E-2
2.757127498E1,-1.014036313E-1,-4.398229718E-2,-1.588249579E-2
2.757334336E1,-1.032362282E-1,-4.337143153E-2,-1.099557430E-2
2.757542560E1,-1.001819000E-1,-4.031710699E-2,-1.160643995E-2
2.757738333E1,-1.044579595E-1,-4.153883830E-2,-1.221730467E-2
2.757938479E1,-1.056796908E-1,-3.848451003E-2,-1.343903504E-2
2.758145406E1,-1.026253626E-1,-3.787364438E-2,-1.343903504E-2
2.758348952E1,-1.075122803E-1,-3.543018550E-2,-1.710422710E-2
2.758555998E1,-1.081231460E-1,-3.481931984E-2,-1.404990070E-2
2.758759521E1,-1.105666086E-1,-3.298672289E-2,-1.404990070E-2
2.758961998E1,-1.117883399E-1,-3.298672289E-2,-1.771509275E-2
2.759162017E1,-1.099557430E-1,-2.748893574E-2,-1.832595654E-2
2.759369021E1,-1.105666086E-1,-2.871066704E-2,-1.527163107E-2
2.759577286E1,-1.117883399E-1,-2.626720630E-2,-2.015855350E-2
2.759777760E1,-1.130100712E-1,-2.687807009E-2,-1.404990070E-2
2.759973629E1,-1.105666086E-1,-2.504547499E-2,-1.588249579E-2
2.760180567E1,-1.111774743E-1,-2.504547499E-2,-2.015855350E-2
2.760384048E1,-1.105666086E-1,-2.321287990E-2,-1.710422710E-2
2.760591036E1,-1.111774743E-1,-2.199114859E-2,-1.588249579E-2
2.760794544E1,-1.069014147E-1,-2.015855350E-2,-1.893682219E-2
2.761001517E1,-1.069014147E-1,-2.076941915E-2,-1.527163107E-2
2.761205021E1,-1.081231460E-1,-1.832595654E-2,-1.466076635E-2
2.761411940E1,-1.075122803E-1,-1.954768784E-2,-1.832595654E-2
2.761620175E1,-1.081231460E-1,-1.710422710E-2,-1.038470957E-2
2.761815913E1,-1.044579595E-1,-1.710422710E-2,-1.282817032E-2
2.762028298E1,-1.044579595E-1,-1.649336144E-2,-1.588249579E-2
2.762218867E1,-1.020144969E-1,-1.527163107E-2,-7.941247895E-3
2.762418910E1,-1.007927656E-1,-1.466076635E-2,-1.221730467E-2
2.762625810E1,-1.020144969E-1,-1.404990070E-2,-1.160643995E-2
2.762829310E1,-1.020144969E-1,-1.282817032E-2,-7.330383174E-3
2.763036229E1,-1.026253626E-1,-1.221730467E-2,-7.941247895E-3
2.763239744E1,-9.834930301E-2,-1.160643995E-2,-7.330383174E-3
2.763446713E1,-9.834930301E-2,-1.038470957E-2,-4.886921961E-3
2.763654983E1,-9.834930301E-2,-1.160643995E-2,-1.832595794E-3
2.763855413E1,-9.712757170E-2,-1.221730467E-2,-6.108652335E-3
2.764063456E1,-9.590584040E-2,-1.099557430E-2,-6.108652451E-4
2.764254136E1,-9.651670605E-2,-1.099557430E-2,-6.108652451E-4
2.764454263E1,-9.773843735E-2,-1.099557430E-2,1.221730490E-3
2.764661206E1,-9.590584040E-2,-9.162978269E-3,6.108652451E-4
2.764864725E1,-9.590584040E-2,-1.099557430E-2,1.832595794E-3
2.765071721E1,-9.468411654E-2,-9.773843922E-3,0.000000000E0
2.765275302E1,-9.468411654E-2,-9.162978269E-3,4.886921961E-3
2.765482213E1,-9.651670605E-2,-8.552113548E-3,6.108652335E-3
2.765690521E1,-9.712757170E-2,-7.330383174E-3,7.941247895E-3
2.765886367E1,-9.590584040E-2,-7.330383174E-3,9.773843922E-3
2.766086452E1,-9.468411654E-2,-7.330383174E-3,6.719517522E-3
2.766293463E1,-9.529497474E-2,-7.941247895E-3,7.941247895E-3
2.766496910E1,-9.468411654E-2,-7.941247895E-3,8.552113548E-3
2.766703967E1,-9.712757170E-2,-6.108652335E-3,8.552113548E-3
2.766907490E1,-9.529497474E-2,-5.497787148E-3,7.330383174E-3
2.767114444E1,-9.346238524E-2,-5.497787148E-3,9.773843922E-3
2.767317956E1,-9.407325089E-2,-6.719517522E-3,1.099557430E-2
2.767524971E1,-9.468411654E-2,-5.497787148E-3,8.552113548E-3
2.767733202E1,-9.590584040E-2,-3.665191587E-3,9.773843922E-3
2.767933683E1,-9.529497474E-2,-4.886921961E-3,7.330383174E-3
2.768129394E1,-9.590584040E-2,-1.221730490E-3,7.941247895E-3
2.768336329E1,-9.407325089E-2,6.108652451E-4,5.497787148E-3
2.768539852E1,-9.590584040E-2,2.443460980E-3,6.719517522E-3
2.768746840E1,-9.712757170E-2,2.443460980E-3,1.832595794E-3
2.768950333E1,-9.712757170E-2,1.832595794E-3,1.221730490E-3
2.769157325E1,-9.712757170E-2,1.221730490E-3,1.832595794E-3
2.769360875E1,-9.468411654E-2,4.886921961E-3,6.108652451E-4
2.769567863E1,-9.651670605E-2,6.719517522E-3,1.832595794E-3
2.769776083E1,-9.590584040E-2,5.497787148E-3,3.054326167E-3
2.769971960E1,-9.346238524E-2,7.941247895E-3,0.000000000E0
2.770184406E1,-9.407325089E-2,1.038470957E-2,2.443460980E-3
2.770375094E1,-9.529497474E-2,1.038470957E-2,1.832595794E-3
2.770575129E1,-9.285151958E-2,1.038470957E-2,1.832595794E-3
2.770782013E1,-9.407325089E-2,1.466076635E-2,0.000000000E0
2.770985525E1,-9.162978828E-2,1.466076635E-2,3.054326167E-3
2.771192413E1,-9.101892263E-2,1.832595654E-2,-6.108652451E-4
2.771395898E1,-9.101892263E-2,2.076941915E-2,4.276056774E-3
2.771602840E1,-9.224065393E-2,1.954768784E-2,5.497787148E-3
2.771811148E1,-9.346238524E-2,2.504547499E-2,1.832595794E-3
2.772011698E1,-8.918632567E-2,2.199114859E-2,7.941247895E-3
2.772226032E1,-9.162978828E-2,2.504547499E-2,4.886921961E-3
2.772409660E1,-9.285151958E-2,2.504547499E-2,6.108652335E-3
2.772609694E1,-9.407325089E-2,2.443460934E-2,9.162978269E-3
2.772816556E1,-9.224065393E-2,2.565634064E-2,7.330383174E-3
2.773020079E1,-9.468411654E-2,2.626720630E-2,6.719517522E-3
2.773227040E1,-9.468411654E-2,2.687807009E-2,9.162978269E-3
2.773430586E1,-9.346238524E-2,2.687807009E-2,9.773843922E-3
2.773637602E1,-9.468411654E-2,2.932153270E-2,9.773843922E-3
2.773845898E1,-9.712757170E-2,2.871066704E-2,9.773843922E-3
2.774041802E1,-9.773843735E-2,2.993239649E-2,9.773843922E-3
2.774241956E1,-9.896016866E-2,2.871066704E-2,1.038470957E-2
2.774448948E1,-9.896016866E-2,2.932153270E-2,7.330383174E-3
2.774652460E1,-1.001819000E-1,3.054326214E-2,7.941247895E-3
2.774859413E1,-1.014036313E-1,3.115412779E-2,1.221730467E-2
2.775062971E1,-1.038470939E-1,3.054326214E-2,8.552113548E-3
2.775269940E1,-1.026253626E-1,3.237585723E-2,1.038470957E-2
2.775473386E1,-1.038470939E-1,3.237585723E-2,1.221730467E-2
2.775680409E1,-1.050688252E-1,3.481931984E-2,7.941247895E-3
2.775888682E1,-1.026253626E-1,3.787364438E-2,9.773843922E-3
2.776089236E1,-1.062905490E-1,3.726277873E-2,1.099557430E-2
2.776284940E1,-1.056796908E-1,3.970624134E-2,4.886921961E-3
2.776491867E1,-1.056796908E-1,4.031710699E-2,9.773843922E-3
2.776695379E1,-1.081231460E-1,4.153883830E-2,1.038470957E-2
2.776902325E1,-1.069014147E-1,4.459316283E-2,4.886921961E-3
2.777105756E1,-1.062905490E-1,4.581489414E-2,1.221730467E-2
2.777312763E1,-1.087340117E-1,4.459316283E-2,1.099557430E-2
2.777516229E1,-1.050688252E-1,4.642575979E-2,1.832595794E-3
2.777723248E1,-1.044579595E-1,4.948008433E-2,9.162978269E-3
2.777931452E1,-1.087340117E-1,5.070181563E-2,9.162978269E-3
2.778127309E1,-1.075122803E-1,4.886921868E-2,4.886921961E-3
2.778339798E1,-1.069014147E-1,5.009094998E-2,9.773843922E-3
2.778530613E1,-1.117883399E-1,4.825835302E-2,1.038470957E-2
2.778730736E1,-1.117883399E-1,4.948008433E-2,2.443460980E-3
2.778937694E1,-1.099557430E-1,4.886921868E-2,8.552113548E-3
2.779141267E1,-1.099557430E-1,5.009094998E-2,1.038470957E-2
2.779348233E1,-1.093448773E-1,5.009094998E-2,7.330383174E-3
2.779551798E1,-1.087340117E-1,4.948008433E-2,1.099557430E-2
2.779758790E1,-1.069014147E-1,4.642575979E-2,6.108652335E-3
2.779967217E1,-1.062905490E-1,4.764748737E-2,4.276056774E-3
2.780167817E1,-1.081231460E-1,4.642575979E-2,1.099557430E-2
2.780375902E1,-1.056796908E-1,4.398229718E-2,6.719517522E-3
2.780566490E1,-1.032362282E-1,4.581489414E-2,6.719517522E-3
2.780766521E1,-1.007927656E-1,4.398229718E-2,7.941247895E-3
2.780973509E1,-1.007927656E-1,4.276056588E-2,1.038470957E-2
2.781177056E1,-1.001819000E-1,4.153883830E-2,4.276056774E-3
2.781384075E1,-1.001819000E-1,4.031710699E-2,1.038470957E-2
2.781587629E1,-9.896016866E-2,4.031710699E-2,6.719517522E-3
2.781794609E1,-9.834930301E-2,3.848451003E-2,9.162978269E-3
2.782002909E1,-9.468411654E-2,3.848451003E-2,1.038470957E-2
2.782198759E1,-9.590584040E-2,3.543018550E-2,1.099557430E-2
2.782398902E1,-9.407325089E-2,3.665191308E-2,8.552113548E-3
2.782605809E1,-9.346238524E-2,3.481931984E-2,1.343903504E-2
2.782809321E1,-8.979719132E-2,3.604105115E-2,5.497787148E-3
2.783016267E1,-9.040805697E-2,3.604105115E-2,8.552113548E-3
2.783219713E1,-8.918632567E-2,3.543018550E-2,1.221730467E-2
2.783422221E1,-8.979719132E-2,3.604105115E-2,7.941247895E-3
2.783622221E1,-8.857546002E-2,3.604105115E-2,9.162978269E-3
2.783829202E1,-8.796459436E-2,3.848451003E-2,1.160643995E-2
2.784037406E1,-8.491026610E-2,3.970624134E-2,7.941247895E-3
2.784237959E1,-8.552113175E-2,4.031710699E-2,1.099557430E-2
2.784433786E1,-8.246681094E-2,4.337143153E-2,9.773843922E-3
2.784640794E1,-8.491026610E-2,4.276056588E-2,9.162978269E-3
2.784844283E1,-8.429940045E-2,4.337143153E-2,9.773843922E-3
2.785051271E1,-8.246681094E-2,4.764748737E-2,7.941247895E-3
2.785254713E1,-8.002334833E-2,4.948008433E-2,9.162978269E-3
2.785461682E1,-8.002334833E-2,5.253441259E-2,7.941247895E-3
2.785665179E1,-7.880161703E-2,5.314527452E-2,7.941247895E-3
2.785872152E1,-7.635815442E-2,5.619960278E-2,8.552113548E-3
2.786080356E1,-7.880161703E-2,5.925392732E-2,9.773843922E-3
2.786276206E1,-7.819075137E-2,6.047565863E-2,6.719517522E-3
2.786488644E1,-7.269296050E-2,6.291911751E-2,9.773843922E-3
2.786679290E1,-7.452555746E-2,6.475171447E-2,8.552113548E-3
2.786879298E1,-7.269296050E-2,6.597344577E-2,6.108652335E-3
2.787086263E1,-7.513642311E-2,6.597344577E-2,7.941247895E-3
2.787289748E1,-7.024950534E-2,7.024950534E-2,7.330383174E-3
2.787496744E1,-6.963863969E-2,6.902777404E-2,9.162978269E-3
2.787700306E1,-6.963863969E-2,7.024950534E-2,6.108652335E-3
2.787907206E1,-6.780604273E-2,7.147123665E-2,9.773843922E-3
2.788115486E1,-6.719517708E-2,7.147123665E-2,7.330383174E-3
2.788316075E1,-6.536258012E-2,7.208210230E-2,8.552113548E-3
2.788530382E1,-6.597344577E-2,7.086037099E-2,9.162978269E-3
2.788714094E1,-6.291911751E-2,7.024950534E-2,9.773843922E-3
2.788914102E1,-6.230825558E-2,6.902777404E-2,9.773843922E-3
2.789121090E1,-6.230825558E-2,6.902777404E-2,9.773843922E-3
2.789324586E1,-6.169738993E-2,6.841690838E-2,1.099557430E-2
2.789531456E1,-5.925392732E-2,6.658431143E-2,9.162978269E-3
2.789735009E1,-5.864306539E-2,6.414084882E-2,1.038470957E-2
2.789943444E1,-5.619960278E-2,6.352998316E-2,1.038470957E-2
2.790150152E1,-5.619960278E-2,6.108652428E-2,1.099557430E-2
2.790345940E1,-5.436700583E-2,5.864306539E-2,9.773843922E-3
2.790545998E1,-5.314527452E-2,5.803219974E-2,1.221730467E-2
2.790752952E1,-5.558873713E-2,5.681046844E-2,1.160643995E-2
2.790956417E1,-5.619960278E-2,5.497787148E-2,9.773843922E-3
2.791163452E1,-5.436700583E-2,5.070181563E-2,1.282817032E-2
2.791366925E1,-5.558873713E-2,5.009094998E-2,1.038470957E-2
2.791573890E1,-5.742133409E-2,4.825835302E-2,9.162978269E-3
2.791777406E1,-5.497787148E-2,4.764748737E-2,9.773843922E-3
2.791984356E1,-5.436700583E-2,4.642575979E-2,9.162978269E-3
2.792192675E1,-5.558873713E-2,4.459316283E-2,6.719517522E-3
2.792393179E1,-5.497787148E-2,4.337143153E-2,9.773843922E-3
2.792588879E1,-5.436700583E-2,4.153883830E-2,1.160643995E-2
2.792795833E1,-5.436700583E-2,3.909537569E-2,6.719517522E-3
2.792999336E1,-5.558873713E-2,3.909537569E-2,9.162978269E-3
2.793206294E1,-5.558873713E-2,3.726277873E-2,7.941247895E-3
2.793409748E1,-5.436700583E-2,3.787364438E-2,6.108652335E-3
2.793616682E1,-5.070181563E-2,3.909537569E-2,1.038470957E-2
2.793820182E1,-5.253441259E-2,3.665191308E-2,7.941247895E-3
2.794027113E1,-5.192354694E-2,3.604105115E-2,8.552113548E-3
2.794235375E1,-4.948008433E-2,3.543018550E-2,7.941247895E-3
2.794431129E1,-4.948008433E-2,3.481931984E-2,1.038470957E-2
2.794643725E1,-4.520402849E-2,3.420845419E-2,9.773843922E-3
2.794834309E1,-4.153883830E-2,3.543018550E-2,8.552113548E-3
2.795034259E1,-4.276056588E-2,3.298672289E-2,8.552113548E-3
2.795241121E1,-3.970624134E-2,3.481931984E-2,1.099557430E-2
2.795444556E1,-3.726277873E-2,3.420845419E-2,9.773843922E-3
2.795651456E1,-3.481931984E-2,3.481931984E-2,1.221730467E-2
2.795854894E1,-3.359758854E-2,3.481931984E-2,1.160643995E-2
2.796061817E1,-2.993239649E-2,3.481931984E-2,1.099557430E-2
2.796270059E1,-3.237585723E-2,3.543018550E-2,1.282817032E-2
2.796470663E1,-2.871066704E-2,3.665191308E-2,1.038470957E-2
2.796678556E1,-2.809980139E-2,3.909537569E-2,1.099557430E-2
2.796869167E1,-2.626720630E-2,4.031710699E-2,1.038470957E-2
2.797069121E1,-2.932153270E-2,4.031710699E-2,1.038470957E-2
2.797275944E1,-2.748893574E-2,4.153883830E-2,1.221730467E-2
2.797479325E1,-2.748893574E-2,4.214970022E-2,8.552113548E-3
2.797686225E1,-2.687807009E-2,4.214970022E-2,6.719517522E-3
2.797889744E1,-2.748893574E-2,4.214970022E-2,7.941247895E-3
2.798096648E1,-3.054326214E-2,4.153883830E-2,9.162978269E-3
2.798304882E1,-2.871066704E-2,4.337143153E-2,7.330383174E-3
2.798500702E1,-3.054326214E-2,4.337143153E-2,8.552113548E-3
2.798700821E1,-3.359758854E-2,4.214970022E-2,1.099557430E-2
2.798907706E1,-3.420845419E-2,4.214970022E-2,7.941247895E-3
2.799111256E1,-3.543018550E-2,4.031710699E-2,9.773843922E-3
2.799318148E1,-3.726277873E-2,3.909537569E-2,8.552113548E-3
2.799521667E1,-3.726277873E-2,3.787364438E-2,7.941247895E-3
2.799728579E1,-3.726277873E-2,3.726277873E-2,8.552113548E-3
2.799932117E1,-3.787364438E-2,3.481931984E-2,6.108652335E-3
2.800139052E1,-3.726277873E-2,3.176499158E-2,4.886921961E-3
2.800347279E1,-3.970624134E-2,3.176499158E-2,6.719517522E-3
2.800547829E1,-4.092797264E-2,2.687807009E-2,9.162978269E-3
2.800743459E1,-4.031710699E-2,2.687807009E-2,4.886921961E-3
2.800950409E1,-4.092797264E-2,2.382374369E-2,9.773843922E-3
2.801153902E1,-3.970624134E-2,2.321287990E-2,5.497787148E-3
2.801360875E1,-3.787364438E-2,1.954768784E-2,3.665191587E-3
2.801564325E1,-3.970624134E-2,1.954768784E-2,9.162978269E-3
2.801771279E1,-3.970624134E-2,1.527163107E-2,6.108652335E-3
2.801974767E1,-3.665191308E-2,1.343903504E-2,6.108652335E-3
2.802181748E1,-3.848451003E-2,1.221730467E-2,7.941247895E-3
2.802389998E1,-3.665191308E-2,9.773843922E-3,6.719517522E-3
2.802585959E1,-3.665191308E-2,8.552113548E-3,5.497787148E-3
2.802798425E1,-3.481931984E-2,3.665191587E-3,6.719517522E-3
2.802988956E1,-3.115412779E-2,2.443460980E-3,7.330383174E-3
2.803188982E1,-3.176499158E-2,-1.832595794E-3,6.108652335E-3
2.803395898E1,-3.054326214E-2,-6.108652451E-4,6.108652335E-3
2.803599471E1,-2.871066704E-2,-3.054326167E-3,6.108652335E-3
2.803806379E1,-2.809980139E-2,-6.719517522E-3,3.665191587E-3
2.804009809E1,-2.687807009E-2,-6.719517522E-3,6.108652335E-3
2.804216782E1,-2.565634064E-2,-9.773843922E-3,5.497787148E-3
2.804424994E1,-2.504547499E-2,-1.038470957E-2,4.276056774E-3
2.804625609E1,-2.504547499E-2,-1.160643995E-2,4.886921961E-3
2.804839975E1,-2.382374369E-2,-1.221730467E-2,6.108652335E-3
2.805023552E1,-2.015855350E-2,-1.649336144E-2,4.886921961E-3
2.805223571E1,-2.076941915E-2,-1.404990070E-2,5.497787148E-3
2.805430548E1,-2.138028294E-2,-1.282817032E-2,3.665191587E-3
2.805633994E1,-1.954768784E-2,-1.466076635E-2,6.108652335E-3
2.805840948E1,-1.649336144E-2,-1.343903504E-2,4.886921961E-3
2.806044421E1,-1.527163107E-2,-1.282817032E-2,4.276056774E-3
2.806251436E1,-1.710422710E-2,-1.160643995E-2,2.443460980E-3
2.806459698E1,-1.282817032E-2,-1.221730467E-2,6.719517522E-3
2.806655563E1,-1.099557430E-2,-1.160643995E-2,4.276056774E-3
2.806855682E1,-1.160643995E-2,-7.330383174E-3,1.832595794E-3
2.807062694E1,-1.099557430E-2,-9.162978269E-3,5.497787148E-3
2.807266163E1,-8.552113548E-3,-7.330383174E-3,3.054326167E-3
2.807473102E1,-1.099557430E-2,-4.276056774E-3,3.665191587E-3
2.807676632E1,-9.773843922E-3,-1.221730490E-3,4.886921961E-3
2.807879221E1,-6.719517522E-3,-2.443460980E-3,3.054326167E-3
2.808079206E1,-6.719517522E-3,6.108652451E-4,3.665191587E-3
2.808286167E1,-5.497787148E-3,3.054326167E-3,6.719517522E-3
2.808494398E1,-3.665191587E-3,3.054326167E-3,4.886921961E-3
2.808694929E1,-3.054326167E-3,4.276056774E-3,4.886921961E-3
2.808890744E1,-2.443460980E-3,7.941247895E-3,3.665191587E-3
2.809097671E1,-1.832595794E-3,6.719517522E-3,6.719517522E-3
2.809301179E1,-1.832595794E-3,9.162978269E-3,4.886921961E-3
2.809508086E1,-2.443460980E-3,8.552113548E-3,6.108652335E-3
2.809711582E1,-6.108652451E-4,9.773843922E-3,3.054326167E-3
2.809918532E1,-6.108652451E-4,7.941247895E-3,6.719517522E-3
2.810122009E1,6.108652451E-4,9.773843922E-3,6.108652335E-3
2.810328975E1,-3.665191587E-3,7.330383174E-3,6.108652335E-3
2.810537202E1,1.832595794E-3,7.330383174E-3,3.054326167E-3
2.810733106E1,1.832595794E-3,5.497787148E-3,1.221730490E-3
2.810945440E1,1.832595794E-3,3.665191587E-3,4.276056774E-3
2.811135986E1,3.665191587E-3,4.276056774E-3,3.054326167E-3
2.811335978E1,3.054326167E-3,1.221730490E-3,4.886921961E-3
2.811542786E1,3.054326167E-3,0.000000000E0,3.054326167E-3
2.811746229E1,3.054326167E-3,-2.443460980E-3,2.443460980E-3
2.811953190E1,1.221730490E-3,-4.886921961E-3,4.276056774E-3
2.812156736E1,4.276056774E-3,-6.719517522E-3,4.276056774E-3
2.812363652E1,4.276056774E-3,-9.162978269E-3,7.330383174E-3
2.812571725E1,7.330383174E-3,-1.221730467E-2,1.832595794E-3
2.812772344E1,6.108652335E-3,-1.466076635E-2,5.497787148E-3
2.812980325E1,4.886921961E-3,-1.527163107E-2,4.276056774E-3
2.813170878E1,6.108652335E-3,-2.015855350E-2,4.886921961E-3
2.813370840E1,9.162978269E-3,-2.504547499E-2,7.941247895E-3
2.813577771E1,7.941247895E-3,-2.504547499E-2,3.054326167E-3
2.813781182E1,1.038470957E-2,-2.871066704E-2,2.443460980E-3
2.813988106E1,9.773843922E-3,-2.871066704E-2,9.773843922E-3
2.814191590E1,1.038470957E-2,-2.932153270E-2,5.497787148E-3
2.814398432E1,8.552113548E-3,-3.237585723E-2,5.497787148E-3
2.814606632E1,1.282817032E-2,-3.543018550E-2,7.941247895E-3
2.814802409E1,1.160643995E-2,-3.543018550E-2,7.941247895E-3
2.815002494E1,1.466076635E-2,-3.298672289E-2,4.886921961E-3
2.815209390E1,1.527163107E-2,-3.359758854E-2,1.038470957E-2
2.815412867E1,1.710422710E-2,-3.481931984E-2,6.719517522E-3
2.815619748E1,1.649336144E-2,-3.298672289E-2,4.886921961E-3
2.815823217E1,1.832595654E-2,-3.420845419E-2,9.773843922E-3
2.816030082E1,1.954768784E-2,-3.115412779E-2,4.276056774E-3
2.816233536E1,2.321287990E-2,-2.993239649E-2,7.330383174E-3
2.816440444E1,2.199114859E-2,-2.993239649E-2,7.941247895E-3
2.816648698E1,2.260201424E-2,-2.626720630E-2,2.443460980E-3
2.816849221E1,2.382374369E-2,-2.626720630E-2,4.276056774E-3
2.817044940E1,2.382374369E-2,-2.199114859E-2,4.276056774E-3
2.817251786E1,2.626720630E-2,-2.138028294E-2,6.108652451E-4
2.817455305E1,2.504547499E-2,-2.015855350E-2,3.054326167E-3
2.817662248E1,2.748893574E-2,-1.832595654E-2,5.497787148E-3
2.817865802E1,2.504547499E-2,-1.404990070E-2,6.108652451E-4
2.818072567E1,2.687807009E-2,-1.282817032E-2,4.276056774E-3
2.818276102E1,2.871066704E-2,-1.221730467E-2,4.886921961E-3
2.818482975E1,2.748893574E-2,-9.773843922E-3,-1.221730490E-3
2.818691186E1,2.748893574E-2,-7.330383174E-3,1.221730490E-3
2.818886940E1,2.504547499E-2,-7.941247895E-3,6.108652335E-3
2.819099302E1,2.626720630E-2,-6.108652335E-3,1.832595794E-3
2.819289852E1,2.565634064E-2,-6.719517522E-3,4.276056774E-3
2.819489855E1,2.626720630E-2,-6.108652335E-3,3.054326167E-3
2.819696740E1,2.565634064E-2,-7.330383174E-3,1.221730490E-3
2.819900232E1,2.565634064E-2,-6.108652335E-3,0.000000000E0
2.820107121E1,2.443460934E-2,-7.330383174E-3,4.886921961E-3
2.820310679E1,2.382374369E-2,-7.330383174E-3,-6.108652451E-4
2.820517632E1,2.260201424E-2,-9.162978269E-3,2.443460980E-3
2.820725898E1,2.382374369E-2,-1.160643995E-2,6.108652335E-3
2.820926540E1,2.443460934E-2,-1.282817032E-2,6.108652451E-4
2.821140867E1,2.321287990E-2,-1.710422710E-2,6.719517522E-3
2.821324398E1,2.382374369E-2,-1.588249579E-2,6.108652335E-3
2.821524467E1,2.565634064E-2,-2.015855350E-2,-6.108652451E-4
2.821731344E1,2.443460934E-2,-2.138028294E-2,4.276056774E-3
2.821934825E1,2.260201424E-2,-2.260201424E-2,6.108652335E-3
2.822141694E1,2.504547499E-2,-2.260201424E-2,2.443460980E-3
2.822345132E1,2.260201424E-2,-2.565634064E-2,5.497787148E-3
2.822552032E1,2.260201424E-2,-2.687807009E-2,7.330383174E-3
2.822760232E1,2.260201424E-2,-2.871066704E-2,7.330383174E-3
2.822956067E1,2.504547499E-2,-3.176499158E-2,1.099557430E-2
2.823156128E1,2.565634064E-2,-3.237585723E-2,5.497787148E-3
2.823363013E1,2.382374369E-2,-3.237585723E-2,2.443460980E-3
2.823566482E1,2.504547499E-2,-3.359758854E-2,8.552113548E-3
2.823773317E1,2.504547499E-2,-3.604105115E-2,7.941247895E-3
2.823976778E1,2.809980139E-2,-3.543018550E-2,3.665191587E-3
2.824183721E1,2.626720630E-2,-3.665191308E-2,9.162978269E-3
2.824387221E1,2.748893574E-2,-3.726277873E-2,7.941247895E-3
2.824594128E1,2.504547499E-2,-3.665191308E-2,5.497787148E-3
2.824802367E1,2.504547499E-2,-3.665191308E-2,5.497787148E-3
2.825002898E1,2.382374369E-2,-3.604105115E-2,6.108652335E-3
2.825198575E1,2.443460934E-2,-3.665191308E-2,4.886921961E-3
2.825405525E1,2.504547499E-2,-3.481931984E-2,6.719517522E-3
2.825608990E1,2.748893574E-2,-3.359758854E-2,3.665191587E-3
2.825815844E1,2.443460934E-2,-3.298672289E-2,3.665191587E-3
2.826019317E1,2.443460934E-2,-3.237585723E-2,3.665191587E-3
2.826226282E1,2.687807009E-2,-3.237585723E-2,3.054326167E-3
2.826429763E1,2.382374369E-2,-2.993239649E-2,6.108652451E-4
2.826636709E1,2.504547499E-2,-2.871066704E-2,2.443460980E-3
2.826844925E1,2.748893574E-2,-2.443460934E-2,1.832595794E-3
2.827040744E1,2.565634064E-2,-2.443460934E-2,4.886921961E-3
2.827257367E1,2.809980139E-2,-2.260201424E-2,3.054326167E-3
2.827444413E1,2.809980139E-2,-1.832595654E-2,4.886921961E-3
2.827644413E1,2.687807009E-2,-1.832595654E-2,1.832595794E-3
2.827851325E1,2.932153270E-2,-1.466076635E-2,2.443460980E-3
2.828054794E1,2.993239649E-2,-1.343903504E-2,3.054326167E-3
2.828261667E1,2.871066704E-2,-1.160643995E-2,3.054326167E-3
2.828465132E1,3.054326214E-2,-9.773843922E-3,6.108652335E-3
2.828672067E1,2.809980139E-2,-4.886921961E-3,1.221730490E-3
2.828880263E1,3.054326214E-2,-6.719517522E-3,3.665191587E-3
2.829080763E1,2.932153270E-2,-7.330383174E-3,4.886921961E-3
2.829288740E1,3.054326214E-2,-5.497787148E-3,2.443460980E-3
2.829479302E1,2.687807009E-2,-6.719517522E-3,3.665191587E-3
2.829679309E1,2.871066704E-2,-2.443460980E-3,6.719517522E-3
2.829886167E1,2.809980139E-2,-4.276056774E-3,7.941247895E-3
2.830089671E1,3.054326214E-2,-3.054326167E-3,3.054326167E-3
2.830296582E1,3.054326214E-2,-2.443460980E-3,3.054326167E-3
2.830500078E1,2.748893574E-2,-3.054326167E-3,5.497787148E-3
2.830708548E1,2.871066704E-2,-3.054326167E-3,7.330383174E-3
2.830915328E1,2.993239649E-2,-3.054326167E-3,4.886921961E-3
2.831111190E1,2.809980139E-2,-3.054326167E-3,5.497787148E-3
2.831311267E1,2.687807009E-2,-1.221730490E-3,3.054326167E-3
2.831518282E1,2.809980139E-2,0.000000000E0,2.443460980E-3
2.831721736E1,2.871066704E-2,-1.221730490E-3,3.665191587E-3
2.831928640E1,2.504547499E-2,6.108652451E-4,5.497787148E-3
2.832132078E1,2.626720630E-2,3.054326167E-3,1.832595794E-3
2.832334659E1,2.443460934E-2,3.054326167E-3,1.832595794E-3
2.832534617E1,2.626720630E-2,4.886921961E-3,3.054326167E-3
2.832741540E1,2.382374369E-2,6.719517522E-3,2.443460980E-3
2.832949705E1,2.748893574E-2,9.773843922E-3,3.665191587E-3
2.833150236E1,2.687807009E-2,1.160643995E-2,3.054326167E-3
2.833346071E1,2.260201424E-2,1.282817032E-2,4.276056774E-3
2.833552998E1,2.260201424E-2,1.588249579E-2,5.497787148E-3
2.833756405E1,2.321287990E-2,1.649336144E-2,7.330383174E-3
2.833963298E1,2.443460934E-2,1.771509275E-2,8.552113548E-3
2.834166732E1,2.321287990E-2,2.015855350E-2,6.108652335E-3
2.834373671E1,2.321287990E-2,2.076941915E-2,6.719517522E-3
2.834577159E1,2.138028294E-2,2.260201424E-2,8.552113548E-3
2.834784082E1,2.321287990E-2,2.199114859E-2,7.330383174E-3
2.834992267E1,2.382374369E-2,2.382374369E-2,9.162978269E-3
2.835188082E1,2.260201424E-2,2.687807009E-2,9.773843922E-3
2.835400513E1,2.199114859E-2,2.443460934E-2,7.941247895E-3
2.835591159E1,2.443460934E-2,2.382374369E-2,6.719517522E-3
2.835791167E1,2.260201424E-2,2.626720630E-2,1.038470957E-2
2.835998063E1,2.321287990E-2,2.382374369E-2,5.497787148E-3
2.836201575E1,1.954768784E-2,2.076941915E-2,8.552113548E-3
2.836408490E1,2.015855350E-2,2.199114859E-2,6.719517522E-3
2.836611936E1,2.138028294E-2,1.954768784E-2,2.443460980E-3
2.836818821E1,1.832595654E-2,1.649336144E-2,9.162978269E-3
2.837027082E1,1.771509275E-2,1.588249579E-2,6.108652335E-3
2.837227594E1,2.015855350E-2,1.588249579E-2,4.886921961E-3
2.837441848E1,1.893682219E-2,1.221730467E-2,7.330383174E-3
2.837625536E1,1.710422710E-2,1.099557430E-2,9.162978269E-3
2.837825532E1,1.588249579E-2,7.941247895E-3,7.330383174E-3
2.838032455E1,1.771509275E-2,7.330383174E-3,6.108652335E-3
2.838235952E1,1.710422710E-2,7.941247895E-3,7.330383174E-3
2.838442902E1,1.771509275E-2,4.886921961E-3,2.443460980E-3
2.838646325E1,1.343903504E-2,2.443460980E-3,8.552113548E-3
2.838853244E1,1.466076635E-2,1.832595794E-3,7.330383174E-3
2.839061452E1,1.404990070E-2,6.108652451E-4,6.108652335E-3
2.839257298E1,1.527163107E-2,-6.108652451E-4,7.941247895E-3
2.839457386E1,1.466076635E-2,-2.443460980E-3,4.886921961E-3
2.839664313E1,1.282817032E-2,-3.054326167E-3,6.108652335E-3
2.839867848E1,1.221730467E-2,-5.497787148E-3,8.552113548E-3
2.840074713E1,1.343903504E-2,-4.886921961E-3,6.108652335E-3
2.840278236E1,1.404990070E-2,-5.497787148E-3,5.497787148E-3
2.840485148E1,1.404990070E-2,-4.276056774E-3,7.941247895E-3
2.840688613E1,1.099557430E-2,-6.108652335E-3,8.552113548E-3
2.840895567E1,1.343903504E-2,-5.497787148E-3,4.886921961E-3
2.841103748E1,1.466076635E-2,-5.497787148E-3,7.330383174E-3
2.841304205E1,1.832595654E-2,-4.276056774E-3,4.886921961E-3
2.841499813E1,1.710422710E-2,-7.330383174E-3,4.886921961E-3
2.841706690E1,1.893682219E-2,-5.497787148E-3,5.497787148E-3
2.841910171E1,1.893682219E-2,-6.108652335E-3,6.108652335E-3
2.842117086E1,2.199114859E-2,-6.108652335E-3,3.665191587E-3
2.842320640E1,2.199114859E-2,-5.497787148E-3,4.886921961E-3
2.842527575E1,2.260201424E-2,-5.497787148E-3,6.719517522E-3
2.842730998E1,2.321287990E-2,-4.276056774E-3,3.054326167E-3
2.842937909E1,2.504547499E-2,-2.443460980E-3,3.665191587E-3
2.843146140E1,2.565634064E-2,-3.054326167E-3,9.162978269E-3
2.843341882E1,2.748893574E-2,-1.221730490E-3,3.665191587E-3
2.843554221E1,2.626720630E-2,-6.108652451E-4,7.941247895E-3
2.843744840E1,2.748893574E-2,-6.108652451E-4,8.552113548E-3
2.843944771E1,2.871066704E-2,-1.221730490E-3,4.886921961E-3
2.844151717E1,2.871066704E-2,0.000000000E0,6.719517522E-3
2.844355175E1,2.809980139E-2,6.108652451E-4,1.099557430E-2
2.844562121E1,3.054326214E-2,1.832595794E-3,5.497787148E-3
2.844765559E1,2.871066704E-2,3.054326167E-3,7.941247895E-3
2.844972494E1,2.871066704E-2,4.276056774E-3,6.108652335E-3
2.845180728E1,2.809980139E-2,1.832595794E-3,6.108652335E-3
2.845381194E1,2.748893574E-2,3.665191587E-3,5.497787148E-3
2.845589136E1,2.932153270E-2,4.886921961E-3,5.497787148E-3
2.845779705E1,2.626720630E-2,3.665191587E-3,3.665191587E-3
2.845979678E1,2.687807009E-2,3.054326167E-3,6.108652335E-3
2.846186598E1,2.748893574E-2,4.276056774E-3,4.276056774E-3
2.846389978E1,2.443460934E-2,3.054326167E-3,4.276056774E-3
2.846596917E1,2.626720630E-2,3.054326167E-3,6.108652335E-3
2.846800328E1,2.321287990E-2,4.886921961E-3,5.497787148E-3
2.847007267E1,2.382374369E-2,6.108652335E-3,1.832595794E-3
2.847215502E1,2.260201424E-2,4.276056774E-3,4.276056774E-3
2.847411282E1,1.954768784E-2,2.443460980E-3,3.054326167E-3
2.847611398E1,2.076941915E-2,3.665191587E-3,2.443460980E-3
2.847818352E1,2.260201424E-2,5.497787148E-3,2.443460980E-3
2.848021790E1,2.015855350E-2,3.665191587E-3,3.665191587E-3
2.848228644E1,2.076941915E-2,3.054326167E-3,6.108652451E-4
2.848432194E1,2.015855350E-2,1.221730490E-3,4.276056774E-3
2.848639128E1,1.893682219E-2,1.221730490E-3,3.054326167E-3
2.848842602E1,1.771509275E-2,3.054326167E-3,2.443460980E-3
2.849049517E1,1.893682219E-2,0.000000000E0,3.054326167E-3
2.849257759E1,1.771509275E-2,0.000000000E0,3.054326167E-3
2.849458298E1,1.832595654E-2,0.000000000E0,4.276056774E-3
2.849653967E1,1.710422710E-2,-1.221730490E-3,3.665191587E-3
2.849860848E1,1.649336144E-2,-6.108652451E-4,0.000000000E0
2.850064305E1,1.710422710E-2,-1.832595794E-3,0.000000000E0
2.850271240E1,1.588249579E-2,-4.276056774E-3,3.054326167E-3
2.850474690E1,1.466076635E-2,-3.665191587E-3,3.054326167E-3
2.850681628E1,1.527163107E-2,-6.719517522E-3,0.000000000E0
2.850885094E1,1.527163107E-2,-8.552113548E-3,2.443460980E-3
2.851092052E1,1.466076635E-2,-7.330383174E-3,4.276056774E-3
2.851300317E1,1.343903504E-2,-1.099557430E-2,3.054326167E-3
2.851496102E1,1.466076635E-2,-1.466076635E-2,6.719517522E-3
2.851708517E1,1.466076635E-2,-1.466076635E-2,4.886921961E-3
2.851899044E1,1.404990070E-2,-1.343903504E-2,2.443460980E-3
2.852098994E1,1.404990070E-2,-1.527163107E-2,6.719517522E-3
2.852305836E1,1.343903504E-2,-1.343903504E-2,2.443460980E-3
2.852509278E1,1.466076635E-2,-1.588249579E-2,6.108652335E-3
2.852716232E1,1.588249579E-2,-1.649336144E-2,7.330383174E-3
2.852919671E1,1.588249579E-2,-1.832595654E-2,4.886921961E-3
2.853126594E1,1.649336144E-2,-1.832595654E-2,4.276056774E-3
2.853334736E1,1.466076635E-2,-1.588249579E-2,4.886921961E-3
2.853535167E1,1.527163107E-2,-1.771509275E-2,6.719517522E-3
2.853749421E1,1.466076635E-2,-1.832595654E-2,7.941247895E-3
2.853932936E1,1.527163107E-2,-1.649336144E-2,3.665191587E-3
2.854132975E1,1.588249579E-2,-1.710422710E-2,7.330383174E-3
2.854339909E1,1.710422710E-2,-1.710422710E-2,3.665191587E-3
2.854543305E1,1.588249579E-2,-1.588249579E-2,1.221730490E-3
2.854750275E1,1.649336144E-2,-1.588249579E-2,6.108652335E-3
2.854953605E1,1.466076635E-2,-1.649336144E-2,8.552113548E-3
2.855160524E1,1.649336144E-2,-1.588249579E-2,3.665191587E-3
2.855368725E1,1.466076635E-2,-1.527163107E-2,4.886921961E-3
2.855564709E1,1.466076635E-2,-1.343903504E-2,4.886921961E-3
2.855764740E1,1.466076635E-2,-1.527163107E-2,6.108652451E-4
2.855971659E1,1.649336144E-2,-1.404990070E-2,3.054326167E-3
2.856175098E1,1.221730467E-2,-1.343903504E-2,1.832595794E-3
2.856381975E1,1.588249579E-2,-1.160643995E-2,0.000000000E0
2.856585482E1,1.466076635E-2,-1.160643995E-2,3.665191587E-3
2.856787936E1,1.710422710E-2,-1.221730467E-2,0.000000000E0
2.856987867E1,1.404990070E-2,-1.221730467E-2,0.000000000E0
2.857194794E1,1.343903504E-2,-1.160643995E-2,1.832595794E-3
2.857402998E1,1.343903504E-2,-1.099557430E-2,0.000000000E0
2.857603448E1,1.343903504E-2,-1.221730467E-2,1.221730490E-3
2.857799328E1,1.282817032E-2,-1.038470957E-2,6.108652451E-4
2.858006209E1,1.343903504E-2,-8.552113548E-3,6.108652451E-4
2.858209728E1,1.221730467E-2,-1.038470957E-2,0.000000000E0
2.858416575E1,1.343903504E-2,-9.162978269E-3,-3.054326167E-3
2.858620036E1,1.466076635E-2,-9.773843922E-3,-4.276056774E-3
2.858826963E1,1.282817032E-2,-9.162978269E-3,-3.054326167E-3
2.859030436E1,1.282817032E-2,-1.038470957E-2,-1.832595794E-3
2.859237386E1,1.038470957E-2,-9.773843922E-3,-1.221730490E-3
2.859445605E1,1.282817032E-2,-1.160643995E-2,-6.108652451E-4
2.859641540E1,1.282817032E-2,-1.038470957E-2,-6.108652335E-3
2.859853948E1,1.221730467E-2,-9.162978269E-3,-1.221730490E-3
2.860044532E1,1.282817032E-2,-9.162978269E-3,-4.886921961E-3
2.860244521E1,9.773843922E-3,-9.162978269E-3,-2.443460980E-3
2.860451405E1,9.162978269E-3,-1.099557430E-2,-1.221730490E-3
2.860654832E1,1.160643995E-2,-9.773843922E-3,-1.832595794E-3
2.860861744E1,7.941247895E-3,-1.099557430E-2,-6.108652451E-4
2.861065244E1,1.160643995E-2,-1.160643995E-2,-3.054326167E-3
2.861272201E1,8.552113548E-3,-1.038470957E-2,-1.832595794E-3
2.861480375E1,7.941247895E-3,-1.221730467E-2,-6.108652451E-4
2.861680936E1,7.330383174E-3,-9.773843922E-3,0.000000000E0
2.861888844E1,7.941247895E-3,-1.160643995E-2,6.108652451E-4
2.862079536E1,5.497787148E-3,-1.160643995E-2,-2.443460980E-3
2.862279555E1,4.276056774E-3,-1.343903504E-2,1.832595794E-3
2.862486494E1,7.941247895E-3,-1.160643995E-2,-1.221730490E-3
2.862689959E1,6.108652335E-3,-1.099557430E-2,-6.108652451E-4
2.862896905E1,4.276056774E-3,-9.773843922E-3,6.108652451E-4
2.863100355E1,1.221730490E-3,-1.038470957E-2,-6.108652451E-4
2.863307290E1,1.221730490E-3,-1.038470957E-2,-1.832595794E-3
2.863515374E1,2.443460980E-3,-1.099557430E-2,-1.221730490E-3
2.863711209E1,1.832595794E-3,-1.099557430E-2,-1.221730490E-3
2.863911309E1,6.108652451E-4,-8.552113548E-3,0.000000000E0
2.864118301E1,-6.108652451E-4,-9.773843922E-3,0.000000000E0
2.864321790E1,1.832595794E-3,-1.038470957E-2,-2.443460980E-3
2.864528701E1,6.108652451E-4,-9.773843922E-3,-6.108652451E-4
2.864732186E1,0.000000000E0,-8.552113548E-3,-1.221730490E-3
2.864939124E1,-1.221730490E-3,-8.552113548E-3,-1.221730490E-3
2.865142617E1,-1.221730490E-3,-9.773843922E-3,-6.108652451E-4
2.865349513E1,-6.108652451E-4,-7.941247895E-3,-2.443460980E-3
2.865557694E1,-3.665191587E-3,-7.330383174E-3,0.000000000E0
2.865758263E1,-3.054326167E-3,-9.162978269E-3,0.000000000E0
2.865953967E1,-2.443460980E-3,-6.108652335E-3,0.000000000E0
2.866160790E1,-3.665191587E-3,-5.497787148E-3,6.108652451E-4
2.866364255E1,-3.665191587E-3,-5.497787148E-3,-6.108652451E-4
2.866571132E1,-1.832595794E-3,-4.886921961E-3,-3.054326167E-3
2.866774586E1,-2.443460980E-3,-3.054326167E-3,-1.221730490E-3
2.866981521E1,-2.443460980E-3,-3.665191587E-3,-1.221730490E-3
2.867184940E1,-3.665191587E-3,-3.665191587E-3,-1.221730490E-3
2.867391855E1,-4.276056774E-3,-2.443460980E-3,-1.221730490E-3
2.867600098E1,-4.886921961E-3,-4.276056774E-3,-3.665191587E-3
2.867795913E1,-5.497787148E-3,-2.443460980E-3,-4.276056774E-3
2.868008394E1,-4.886921961E-3,-1.832595794E-3,0.000000000E0
2.868198971E1,-5.497787148E-3,-2.443460980E-3,-2.443460980E-3
2.868398978E1,-5.497787148E-3,-1.221730490E-3,-4.276056774E-3
2.868605871E1,-9.162978269E-3,-2.443460980E-3,0.000000000E0
2.868809336E1,-6.108652335E-3,-1.832595794E-3,-1.221730490E-3
2.869016251E1,-6.719517522E-3,-3.054326167E-3,-1.832595794E-3
2.869219671E1,-5.497787148E-3,-3.054326167E-3,-3.665191587E-3
2.869426582E1,-3.665191587E-3,-2.443460980E-3,-3.054326167E-3
2.869634798E1,-5.497787148E-3,-1.832595794E-3,-3.054326167E-3
2.869835367E1,-3.665191587E-3,-2.443460980E-3,-3.054326167E-3
2.870049682E1,-6.719517522E-3,-3.054326167E-3,-2.443460980E-3
2.870233355E1,-5.497787148E-3,-2.443460980E-3,-4.276056774E-3
2.870433382E1,-7.330383174E-3,-2.443460980E-3,-4.276056774E-3
2.870640259E1,-6.108652335E-3,-2.443460980E-3,-1.832595794E-3
2.870843674E1,-6.108652335E-3,-1.832595794E-3,-3.054326167E-3
2.871050640E1,-5.497787148E-3,-1.832595794E-3,-1.832595794E-3
2.871254086E1,-4.886921961E-3,0.000000000E0,-6.108652335E-3
2.871462505E1,-6.108652335E-3,2.443460980E-3,-3.665191587E-3
2.871669217E1,-6.108652335E-3,1.832595794E-3,-3.665191587E-3
2.871865059E1,-3.665191587E-3,1.221730490E-3,-3.054326167E-3
2.872065194E1,-4.276056774E-3,2.443460980E-3,-2.443460980E-3
2.872272117E1,-4.276056774E-3,2.443460980E-3,-5.497787148E-3
2.872475582E1,-3.665191587E-3,5.497787148E-3,-4.276056774E-3
2.872682551E1,-3.665191587E-3,3.665191587E-3,-3.054326167E-3
2.872886013E1,-6.108652451E-4,4.886921961E-3,-4.886921961E-3
2.873092959E1,-4.886921961E-3,6.719517522E-3,-4.886921961E-3
2.873296421E1,-2.443460980E-3,5.497787148E-3,-4.886921961E-3
2.873503321E1,-3.665191587E-3,7.330383174E-3,-5.497787148E-3
2.873711536E1,-5.497787148E-3,9.773843922E-3,-3.665191587E-3
2.873912090E1,-4.276056774E-3,9.162978269E-3,-4.886921961E-3
2.874107828E1,-3.054326167E-3,9.162978269E-3,-6.108652335E-3
2.874314713E1,-3.665191587E-3,1.099557430E-2,-7.330383174E-3
2.874518167E1,-1.221730490E-3,9.162978269E-3,-7.330383174E-3
2.874725051E1,-6.108652451E-4,1.343903504E-2,-9.773843922E-3
2.874928501E1,-3.665191587E-3,1.160643995E-2,-7.330383174E-3
2.875135382E1,-3.665191587E-3,1.099557430E-2,-6.108652335E-3
2.875338855E1,-3.054326167E-3,1.099557430E-2,-9.773843922E-3
2.875545732E1,-6.108652335E-3,1.038470957E-2,-6.719517522E-3
2.875753994E1,-4.276056774E-3,1.160643995E-2,-6.719517522E-3
2.875949832E1,-7.330383174E-3,1.038470957E-2,-7.330383174E-3
2.876162232E1,-7.330383174E-3,1.099557430E-2,-4.886921961E-3
2.876352863E1,-7.941247895E-3,1.160643995E-2,-6.719517522E-3
2.876552767E1,-8.552113548E-3,1.038470957E-2,-5.497787148E-3
2.876759678E1,-7.330383174E-3,1.099557430E-2,-5.497787148E-3
2.876963205E1,-6.108652335E-3,1.221730467E-2,-6.108652335E-3
2.877170067E1,-7.330383174E-3,1.160643995E-2,-4.276056774E-3
2.877373474E1,-7.330383174E-3,1.221730467E-2,-4.886921961E-3
2.877580409E1,-6.108652335E-3,1.282817032E-2,-6.108652335E-3
2.877788582E1,-1.221730467E-2,1.160643995E-2,-4.276056774E-3
2.877989163E1,-1.221730467E-2,1.099557430E-2,-3.054326167E-3
2.878197067E1,-1.038470957E-2,1.038470957E-2,-5.497787148E-3
2.878387640E1,-9.773843922E-3,1.099557430E-2,-6.108652335E-3
2.878587578E1,-7.941247895E-3,1.099557430E-2,-3.665191587E-3
2.878794474E1,-7.330383174E-3,8.552113548E-3,-5.497787148E-3
2.878997913E1,-1.099557430E-2,1.099557430E-2,-1.832595794E-3
2.879204817E1,-6.719517522E-3,7.941247895E-3,-4.276056774E-3
2.879408290E1,-7.941247895E-3,7.330383174E-3,-7.941247895E-3
2.879615109E1,-9.162978269E-3,4.886921961E-3,-6.108652335E-3
2.879823274E1,-7.941247895E-3,6.719517522E-3,-7.941247895E-3
2.880019109E1,-8.552113548E-3,7.330383174E-3,-9.162978269E-3
2.880219140E1,-6.719517522E-3,6.108652335E-3,-6.719517522E-3
2.880425974E1,-7.941247895E-3,4.886921961E-3,-9.162978269E-3
2.880629436E1,-7.941247895E-3,5.497787148E-3,-7.941247895E-3
2.880836332E1,-7.941247895E-3,7.330383174E-3,-6.719517522E-3
2.881039771E1,-8.552113548E-3,6.108652335E-3,-9.162978269E-3
2.881242209E1,-7.330383174E-3,6.719517522E-3,-1.038470957E-2
2.881442155E1,-7.330383174E-3,8.552113548E-3,-1.038470957E-2
2.881649171E1,-4.276056774E-3,7.941247895E-3,-1.160643995E-2
2.881857348E1,-6.719517522E-3,7.330383174E-3,-1.343903504E-2
2.882057867E1,-7.330383174E-3,9.162978269E-3,-1.160643995E-2
2.882253698E1,-5.497787148E-3,8.552113548E-3,-1.221730467E-2
2.882460559E1,-6.108652335E-3,1.221730467E-2,-1.099557430E-2
2.882663971E1,-4.276056774E-3,1.221730467E-2,-8.552113548E-3
2.882870836E1,-3.054326167E-3,1.343903504E-2,-1.221730467E-2
2.883074278E1,-5.497787148E-3,1.343903504E-2,-9.773843922E-3
2.883281190E1,-2.443460980E-3,1.893682219E-2,-1.160643995E-2
2.883484721E1,0.000000000E0,1.771509275E-2,-1.160643995E-2
2.883691559E1,-3.054326167E-3,2.076941915E-2,-1.282817032E-2
2.883899886E1,-2.443460980E-3,2.138028294E-2,-9.162978269E-3
2.884095705E1,-3.054326167E-3,2.321287990E-2,-1.099557430E-2
2.884308171E1,-3.665191587E-3,2.443460934E-2,-1.527163107E-2
2.884498782E1,-2.443460980E-3,2.626720630E-2,-9.773843922E-3
2.884698748E1,-1.221730490E-3,2.504547499E-2,-1.221730467E-2
2.884905640E1,-1.221730490E-3,2.565634064E-2,-1.099557430E-2
2.885109082E1,-1.832595794E-3,2.504547499E-2,-1.099557430E-2
2.885315986E1,-2.443460980E-3,2.382374369E-2,-7.330383174E-3
2.885519440E1,-4.276056774E-3,2.382374369E-2,-7.941247895E-3
2.885726321E1,-3.665191587E-3,2.076941915E-2,-8.552113548E-3
2.885934509E1,-3.665191587E-3,2.076941915E-2,-9.773843922E-3
2.886135051E1,-3.054326167E-3,2.076941915E-2,-1.160643995E-2
2.886349401E1,-5.497787148E-3,2.138028294E-2,-4.886921961E-3
2.886532971E1,-6.719517522E-3,1.893682219E-2,-1.160643995E-2
2.886733113E1,-5.497787148E-3,1.771509275E-2,-1.038470957E-2
2.886939994E1,-6.108652335E-3,1.832595654E-2,-1.160643995E-2
2.887143428E1,-7.330383174E-3,1.588249579E-2,-1.038470957E-2
2.887350301E1,-9.162978269E-3,1.588249579E-2,-1.221730467E-2
2.887553721E1,-9.773843922E-3,1.527163107E-2,-1.038470957E-2
2.887760598E1,-1.160643995E-2,1.527163107E-2,-1.221730467E-2
2.887968786E1,-1.038470957E-2,1.527163107E-2,-1.221730467E-2
2.888164621E1,-1.099557430E-2,1.527163107E-2,-1.099557430E-2
2.888364682E1,-9.162978269E-3,1.527163107E-2,-1.221730467E-2
2.888571594E1,-1.099557430E-2,1.527163107E-2,-1.099557430E-2
2.888775078E1,-1.221730467E-2,1.649336144E-2,-1.099557430E-2
2.888982001E1,-1.282817032E-2,1.588249579E-2,-1.221730467E-2
2.889185451E1,-1.343903504E-2,1.649336144E-2,-1.160643995E-2
2.889392390E1,-1.221730467E-2,1.710422710E-2,-1.221730467E-2
2.889595882E1,-1.404990070E-2,1.771509275E-2,-1.282817032E-2
2.889802844E1,-1.343903504E-2,1.771509275E-2,-1.099557430E-2
2.890011121E1,-1.649336144E-2,1.527163107E-2,-9.773843922E-3
2.890211709E1,-1.527163107E-2,2.015855350E-2,-1.038470957E-2
2.890407359E1,-1.527163107E-2,1.893682219E-2,-1.038470957E-2
2.890614317E1,-1.466076635E-2,1.954768784E-2,-1.099557430E-2
2.890817774E1,-1.771509275E-2,2.076941915E-2,-9.773843922E-3
2.891024640E1,-1.710422710E-2,2.138028294E-2,-1.099557430E-2
2.891228067E1,-2.015855350E-2,2.138028294E-2,-1.160643995E-2
2.891434894E1,-1.893682219E-2,2.015855350E-2,-1.038470957E-2
2.891638367E1,-2.076941915E-2,1.893682219E-2,-8.552113548E-3
2.891845217E1,-2.015855350E-2,1.954768784E-2,-9.162978269E-3
2.892053528E1,-2.138028294E-2,2.138028294E-2,-9.773843922E-3
2.892249378E1,-2.199114859E-2,2.076941915E-2,-1.038470957E-2
2.892461890E1,-2.382374369E-2,1.893682219E-2,-8.552113548E-3
2.892652513E1,-2.382374369E-2,2.076941915E-2,-9.773843922E-3
2.892852444E1,-2.626720630E-2,1.893682219E-2,-7.941247895E-3
2.893059348E1,-2.687807009E-2,1.893682219E-2,-6.719517522E-3
2.893262728E1,-2.687807009E-2,1.954768784E-2,-7.330383174E-3
2.893469620E1,-2.626720630E-2,1.893682219E-2,-6.719517522E-3
2.893673017E1,-2.748893574E-2,2.015855350E-2,-7.330383174E-3
2.893879940E1,-2.626720630E-2,2.076941915E-2,-7.330383174E-3
2.894088186E1,-2.809980139E-2,2.076941915E-2,-4.886921961E-3
2.894288686E1,-2.809980139E-2,1.954768784E-2,-6.108652335E-3
2.894496778E1,-2.871066704E-2,2.015855350E-2,-4.886921961E-3
2.894687409E1,-3.054326214E-2,2.015855350E-2,-7.941247895E-3
2.894887328E1,-2.871066704E-2,2.260201424E-2,-7.941247895E-3
2.895094217E1,-2.626720630E-2,2.443460934E-2,-7.330383174E-3
2.895297674E1,-2.626720630E-2,2.382374369E-2,-7.330383174E-3
2.895504655E1,-2.809980139E-2,2.382374369E-2,-8.552113548E-3
2.895708048E1,-2.748893574E-2,2.443460934E-2,-6.719517522E-3
2.895915059E1,-2.626720630E-2,2.504547499E-2,-7.941247895E-3
2.896123251E1,-2.565634064E-2,2.809980139E-2,-8.552113548E-3
2.896319101E1,-2.748893574E-2,2.809980139E-2,-9.162978269E-3
2.896519378E1,-2.687807009E-2,3.115412779E-2,-1.160643995E-2
2.896726255E1,-2.565634064E-2,3.054326214E-2,-1.099557430E-2
2.896929732E1,-2.687807009E-2,3.481931984E-2,-1.038470957E-2
2.897136705E1,-2.626720630E-2,3.665191308E-2,-1.160643995E-2
2.897340217E1,-2.382374369E-2,3.970624134E-2,-1.099557430E-2
2.897547190E1,-2.748893574E-2,3.909537569E-2,-1.038470957E-2
2.897750620E1,-2.565634064E-2,4.459316283E-2,-1.221730467E-2
2.897957563E1,-2.382374369E-2,4.825835302E-2,-1.282817032E-2
2.898165794E1,-2.199114859E-2,4.703662544E-2,-1.282817032E-2
2.898366370E1,-2.443460934E-2,4.764748737E-2,-1.038470957E-2
2.898562071E1,-2.138028294E-2,5.253441259E-2,-1.099557430E-2
2.898769067E1,-2.260201424E-2,5.253441259E-2,-1.038470957E-2
2.898972574E1,-2.015855350E-2,5.497787148E-2,-8.552113548E-3
2.899179563E1,-1.893682219E-2,5.681046844E-2,-1.221730467E-2
2.899383144E1,-1.710422710E-2,5.619960278E-2,-8.552113548E-3
2.899590194E1,-1.771509275E-2,5.742133409E-2,-7.330383174E-3
2.899793771E1,-1.771509275E-2,5.742133409E-2,-9.773843922E-3
2.900000794E1,-1.649336144E-2,5.742133409E-2,-7.330383174E-3
2.900209132E1,-1.404990070E-2,5.619960278E-2,-6.719517522E-3
2.900405070E1,-1.527163107E-2,5.803219974E-2,-7.330383174E-3
2.900617544E1,-1.282817032E-2,5.436700583E-2,-4.276056774E-3
2.900808194E1,-1.404990070E-2,5.375614017E-2,-5.497787148E-3
2.901008344E1,-1.221730467E-2,5.192354694E-2,-8.552113548E-3
2.901215378E1,-1.160643995E-2,5.192354694E-2,-5.497787148E-3
2.901418886E1,-1.343903504E-2,4.948008433E-2,-4.276056774E-3
2.901625940E1,-1.221730467E-2,4.886921868E-2,-8.552113548E-3
2.901829517E1,-9.773843922E-3,4.581489414E-2,-6.108652335E-3
2.902036547E1,-1.160643995E-2,4.459316283E-2,-7.330383174E-3
2.902244840E1,-1.099557430E-2,4.214970022E-2,-1.038470957E-2
2.902445486E1,-9.162978269E-3,4.459316283E-2,-5.497787148E-3
2.902659863E1,-9.773843922E-3,4.214970022E-2,-7.330383174E-3
2.902843490E1,-9.162978269E-3,4.092797264E-2,-8.552113548E-3
2.903043567E1,-1.099557430E-2,4.092797264E-2,-1.038470957E-2
2.903250644E1,-1.160643995E-2,3.726277873E-2,-5.497787148E-3
2.903454174E1,-9.773843922E-3,3.909537569E-2,-9.162978269E-3
2.903661263E1,-9.162978269E-3,3.970624134E-2,-6.719517522E-3
2.903864809E1,-8.552113548E-3,3.848451003E-2,-9.162978269E-3
2.904071844E1,-9.773843922E-3,3.970624134E-2,-9.162978269E-3
2.904280063E1,-1.038470957E-2,4.031710699E-2,-6.719517522E-3
2.904475905E1,-1.099557430E-2,3.848451003E-2,-1.099557430E-2
2.904676001E1,-1.221730467E-2,4.031710699E-2,-9.773843922E-3
2.904882913E1,-9.162978269E-3,4.153883830E-2,-1.038470957E-2
2.905086409E1,-1.099557430E-2,4.153883830E-2,-1.038470957E-2
2.905293378E1,-1.099557430E-2,4.337143153E-2,-9.773843922E-3
2.905496813E1,-1.038470957E-2,4.459316283E-2,-9.773843922E-3
2.905699274E1,-1.038470957E-2,4.459316283E-2,-9.162978269E-3
2.905899290E1,-9.162978269E-3,4.459316283E-2,-1.160643995E-2
2.906106255E1,-9.162978269E-3,4.459316283E-2,-8.552113548E-3
2.906314532E1,-1.099557430E-2,4.703662544E-2,-1.160643995E-2
2.906515117E1,-9.162978269E-3,4.581489414E-2,-1.038470957E-2
2.906710994E1,-7.941247895E-3,4.459316283E-2,-1.038470957E-2
2.906917959E1,-1.038470957E-2,4.520402849E-2,-1.160643995E-2
2.907121513E1,-9.773843922E-3,4.581489414E-2,-1.160643995E-2
2.907328497E1,-8.552113548E-3,4.520402849E-2,-9.773843922E-3
2.907532044E1,-1.038470957E-2,4.520402849E-2,-9.773843922E-3
2.907738917E1,-1.038470957E-2,4.337143153E-2,-1.038470957E-2
2.907942367E1,-6.108652335E-3,4.764748737E-2,-9.162978269E-3
2.908149317E1,-6.108652335E-3,4.642575979E-2,-1.221730467E-2
2.908357613E1,-7.941247895E-3,4.703662544E-2,-1.160643995E-2
2.908553513E1,-1.038470957E-2,4.703662544E-2,-1.038470957E-2
2.908765901E1,-9.773843922E-3,5.009094998E-2,-1.282817032E-2
2.908956571E1,-8.552113548E-3,5.009094998E-2,-1.343903504E-2
2.909156570E1,-8.552113548E-3,4.948008433E-2,-1.038470957E-2
2.909363559E1,-1.038470957E-2,4.886921868E-2,-1.466076635E-2
2.909567047E1,-8.552113548E-3,4.825835302E-2,-1.160643995E-2
2.909773994E1,-8.552113548E-3,5.192354694E-2,-9.773843922E-3
2.909977532E1,-1.160643995E-2,5.192354694E-2,-1.160643995E-2
2.910184540E1,-9.773843922E-3,5.192354694E-2,-1.282817032E-2
2.910392813E1,-8.552113548E-3,5.314527452E-2,-1.099557430E-2
2.910593409E1,-9.162978269E-3,5.192354694E-2,-1.221730467E-2
2.910801478E1,-1.099557430E-2,5.192354694E-2,-9.773843922E-3
2.910992132E1,-1.038470957E-2,5.253441259E-2,-1.099557430E-2
2.911192159E1,-1.160643995E-2,5.070181563E-2,-1.466076635E-2
2.911399082E1,-1.221730467E-2,5.070181563E-2,-1.404990070E-2
2.911602605E1,-1.221730467E-2,4.764748737E-2,-8.552113548E-3
2.911809590E1,-1.221730467E-2,4.825835302E-2,-1.771509275E-2
2.912013086E1,-1.404990070E-2,4.703662544E-2,-8.552113548E-3
2.912221509E1,-1.466076635E-2,4.459316283E-2,-7.941247895E-3
2.912428251E1,-1.404990070E-2,4.031710699E-2,-1.527163107E-2
2.912624036E1,-1.404990070E-2,4.092797264E-2,-1.221730467E-2
2.912824167E1,-1.649336144E-2,3.970624134E-2,-4.276056774E-3
2.913031120E1,-1.527163107E-2,3.909537569E-2,-1.038470957E-2
2.913234651E1,-1.771509275E-2,3.359758854E-2,-7.330383174E-3
2.913441555E1,-1.893682219E-2,3.237585723E-2,-6.719517522E-3
2.913645074E1,-1.832595654E-2,3.054326214E-2,-1.099557430E-2
2.913852067E1,-1.832595654E-2,2.809980139E-2,-6.719517522E-3
2.914055613E1,-2.138028294E-2,2.687807009E-2,-4.886921961E-3
2.914262482E1,-2.199114859E-2,2.443460934E-2,-7.330383174E-3
2.914470690E1,-2.321287990E-2,2.382374369E-2,-6.108652335E-3
2.914671220E1,-2.199114859E-2,2.199114859E-2,-4.886921961E-3
2.914866944E1,-2.015855350E-2,2.076941915E-2,-8.552113548E-3
2.915073890E1,-2.321287990E-2,1.771509275E-2,-2.443460980E-3
2.915277367E1,-2.443460934E-2,1.832595654E-2,-5.497787148E-3
2.915484274E1,-2.138028294E-2,1.710422710E-2,-9.162978269E-3
2.915687805E1,-2.260201424E-2,1.527163107E-2,-5.497787148E-3
2.915894847E1,-2.321287990E-2,1.527163107E-2,-5.497787148E-3
2.916098305E1,-2.199114859E-2,1.343903504E-2,-4.886921961E-3
2.916305290E1,-2.626720630E-2,1.160643995E-2,-1.221730490E-3
2.916513494E1,-2.321287990E-2,1.343903504E-2,-6.719517522E-3
2.916709274E1,-2.199114859E-2,1.466076635E-2,-6.719517522E-3
2.916921694E1,-2.626720630E-2,1.282817032E-2,-3.665191587E-3
2.917112278E1,-2.382374369E-2,1.343903504E-2,-7.330383174E-3
2.917312259E1,-2.504547499E-2,1.343903504E-2,-6.108652335E-3
2.917519136E1,-2.260201424E-2,1.038470957E-2,-4.886921961E-3
2.917722597E1,-2.138028294E-2,1.221730467E-2,-6.108652335E-3
2.917929555E1,-2.321287990E-2,1.221730467E-2,-7.941247895E-3
2.918133032E1,-2.321287990E-2,1.221730467E-2,-4.276056774E-3
2.918339974E1,-2.138028294E-2,1.038470957E-2,-4.276056774E-3
2.918548213E1,-2.015855350E-2,1.282817032E-2,-7.941247895E-3
2.918748720E1,-1.771509275E-2,1.282817032E-2,-4.886921961E-3
2.918963017E1,-1.710422710E-2,1.404990070E-2,-7.330383174E-3
2.919146709E1,-2.076941915E-2,1.282817032E-2,-8.552113548E-3
2.919346740E1,-1.588249579E-2,1.343903504E-2,-6.719517522E-3
2.919553770E1,-1.771509275E-2,1.343903504E-2,-8.552113548E-3
2.919757286E1,-1.466076635E-2,1.282817032E-2,-1.038470957E-2
2.919964320E1,-1.527163107E-2,1.343903504E-2,-7.941247895E-3
2.920167824E1,-1.099557430E-2,1.282817032E-2,-7.330383174E-3
2.920374851E1,-1.527163107E-2,1.343903504E-2,-8.552113548E-3
2.920583128E1,-1.343903504E-2,1.282817032E-2,-5.497787148E-3
2.920779024E1,-1.282817032E-2,1.588249579E-2,-5.497787148E-3
2.920979132E1,-1.160643995E-2,1.527163107E-2,-9.773843922E-3
2.921186213E1,-1.099557430E-2,1.588249579E-2,-5.497787148E-3
2.921389740E1,-1.099557430E-2,1.404990070E-2,-6.108652335E-3
2.921596759E1,-9.773843922E-3,1.649336144E-2,-8.552113548E-3
2.921800332E1,-7.941247895E-3,1.527163107E-2,-6.108652335E-3
2.922007324E1,-7.330383174E-3,1.649336144E-2,-5.497787148E-3
2.922210901E1,-9.162978269E-3,1.588249579E-2,-7.330383174E-3
2.922417959E1,-6.719517522E-3,1.893682219E-2,-4.276056774E-3
2.922626251E1,-6.719517522E-3,1.771509275E-2,-7.941247895E-3
2.922826947E1,-6.108652335E-3,1.893682219E-2,-5.497787148E-3
2.923022851E1,-6.108652335E-3,1.649336144E-2,-4.886921961E-3
2.923229878E1,-8.552113548E-3,1.649336144E-2,-4.886921961E-3
2.923433474E1,-8.552113548E-3,1.710422710E-2,-6.719517522E-3
2.923640551E1,-6.108652335E-3,1.649336144E-2,-3.665191587E-3
2.923844086E1,-7.330383174E-3,1.710422710E-2,-6.108652335E-3
2.924051194E1,-9.773843922E-3,1.404990070E-2,-3.665191587E-3
2.924254770E1,-7.941247895E-3,1.221730467E-2,-3.054326167E-3
2.924461824E1,-9.162978269E-3,1.160643995E-2,-6.719517522E-3
2.924670167E1,-9.773843922E-3,1.160643995E-2,-6.108652335E-3
2.924866120E1,-1.099557430E-2,9.773843922E-3,-3.054326167E-3
2.925078570E1,-1.038470957E-2,9.162978269E-3,-3.665191587E-3
2.925269224E1,-7.941247895E-3,7.941247895E-3,-3.054326167E-3
2.925469336E1,-1.221730467E-2,7.330383174E-3,0.000000000E0
2.925676378E1,-1.160643995E-2,6.108652335E-3,-3.054326167E-3
2.925879982E1,-1.282817032E-2,3.665191587E-3,-3.665191587E-3
2.926087036E1,-9.162978269E-3,1.832595794E-3,-2.443460980E-3
2.926290674E1,-1.160643995E-2,2.443460980E-3,-3.054326167E-3
2.926497697E1,-1.282817032E-2,3.054326167E-3,-2.443460980E-3
2.926706140E1,-1.221730467E-2,6.108652451E-4,-3.054326167E-3
2.926906824E1,-1.466076635E-2,-6.108652451E-4,-6.108652335E-3
2.927114944E1,-1.221730467E-2,-6.108652451E-4,-3.054326167E-3
2.927305655E1,-1.282817032E-2,-4.276056774E-3,-4.886921961E-3
2.927505840E1,-1.527163107E-2,-2.443460980E-3,-2.443460980E-3
2.927712809E1,-1.404990070E-2,-3.054326167E-3,-1.221730490E-3
2.927916413E1,-1.160643995E-2,-4.276056774E-3,-5.497787148E-3
2.928123474E1,-1.343903504E-2,-5.497787148E-3,-5.497787148E-3
2.928327067E1,-1.282817032E-2,-7.330383174E-3,0.000000000E0
2.928534097E1,-1.466076635E-2,-6.108652335E-3,-1.221730490E-3
2.928742440E1,-1.160643995E-2,-7.330383174E-3,-5.497787148E-3
2.928938363E1,-1.038470957E-2,-7.941247895E-3,1.221730490E-3
2.929138574E1,-9.773843922E-3,-6.719517522E-3,-5.497787148E-3
2.929345713E1,-7.941247895E-3,-9.773843922E-3,-1.221730490E-3
2.929549286E1,-8.552113548E-3,-9.773843922E-3,-1.221730490E-3
2.929756278E1,-1.160643995E-2,-9.162978269E-3,6.108652451E-4
2.929959863E1,-9.773843922E-3,-9.162978269E-3,-2.443460980E-3
2.930162578E1,-9.773843922E-3,-9.773843922E-3,-1.221730490E-3
2.930362667E1,-1.038470957E-2,-9.162978269E-3,-1.221730490E-3
2.930569716E1,-9.773843922E-3,-8.552113548E-3,-2.443460980E-3
2.930778113E1,-8.552113548E-3,-1.160643995E-2,-3.665191587E-3
2.930978828E1,-9.773843922E-3,-1.038470957E-2,1.221730490E-3
2.931174909E1,-1.099557430E-2,-1.221730467E-2,-6.108652451E-4
2.931382013E1,-1.282817032E-2,-1.282817032E-2,2.443460980E-3
2.931585528E1,-1.282817032E-2,-1.160643995E-2,-6.108652451E-4
2.931792590E1,-1.099557430E-2,-1.221730467E-2,0.000000000E0
2.931996251E1,-1.466076635E-2,-1.221730467E-2,-6.108652451E-4
2.932203332E1,-1.527163107E-2,-1.160643995E-2,3.054326167E-3
2.932406947E1,-1.527163107E-2,-1.588249579E-2,2.443460980E-3
2.932614009E1,-1.527163107E-2,-1.343903504E-2,-6.108652451E-4
2.932822428E1,-1.527163107E-2,-1.466076635E-2,6.108652451E-4
2.933018344E1,-1.466076635E-2,-1.588249579E-2,4.276056774E-3
2.933230920E1,-1.710422710E-2,-1.649336144E-2,3.665191587E-3
2.933421659E1,-1.588249579E-2,-1.588249579E-2,1.832595794E-3
2.933621797E1,-1.893682219E-2,-1.710422710E-2,3.665191587E-3
2.933828932E1,-1.466076635E-2,-1.771509275E-2,3.665191587E-3
2.934032605E1,-1.771509275E-2,-2.015855350E-2,1.832595794E-3
2.934239694E1,-1.710422710E-2,-1.954768784E-2,0.000000000E0
2.934443370E1,-1.710422710E-2,-2.015855350E-2,4.276056774E-3
2.934650463E1,-1.771509275E-2,-2.199114859E-2,6.108652451E-4
2.934858932E1,-1.588249579E-2,-2.321287990E-2,1.832595794E-3
2.935059628E1,-1.649336144E-2,-2.382374369E-2,6.108652451E-4
2.935274063E1,-1.832595654E-2,-2.443460934E-2,0.000000000E0
2.935457824E1,-1.588249579E-2,-2.260201424E-2,6.108652451E-4
2.935657966E1,-1.710422710E-2,-2.382374369E-2,2.443460980E-3
2.935865009E1,-1.710422710E-2,-2.443460934E-2,1.221730490E-3
2.936068651E1,-1.954768784E-2,-2.443460934E-2,1.221730490E-3
2.936275694E1,-1.771509275E-2,-2.321287990E-2,0.000000000E0
2.936479194E1,-1.466076635E-2,-2.321287990E-2,-4.886921961E-3
2.936686174E1,-1.527163107E-2,-2.504547499E-2,-3.665191587E-3
2.936894517E1,-1.588249579E-2,-2.199114859E-2,6.108652451E-4
2.937090393E1,-1.466076635E-2,-2.443460934E-2,-2.443460980E-3
2.937290701E1,-1.527163107E-2,-2.138028294E-2,-3.665191587E-3
2.937497743E1,-1.282817032E-2,-2.382374369E-2,-1.832595794E-3
2.937701293E1,-1.527163107E-2,-2.321287990E-2,-3.665191587E-3
2.937908382E1,-1.404990070E-2,-2.138028294E-2,-3.665191587E-3
2.938111940E1,-1.404990070E-2,-1.893682219E-2,-5.497787148E-3
2.938319020E1,-1.466076635E-2,-1.954768784E-2,-1.221730490E-3
2.938522609E1,-1.527163107E-2,-1.893682219E-2,-3.665191587E-3
2.938729636E1,-1.466076635E-2,-1.466076635E-2,-3.054326167E-3
2.938937936E1,-1.160643995E-2,-1.771509275E-2,-2.443460980E-3
2.939138536E1,-1.466076635E-2,-1.588249579E-2,-1.832595794E-3
2.939334367E1,-1.221730467E-2,-1.404990070E-2,0.000000000E0
2.939541355E1,-1.221730467E-2,-1.466076635E-2,-1.221730490E-3
2.939744943E1,-1.221730467E-2,-1.221730467E-2,0.000000000E0
2.939952047E1,-1.221730467E-2,-1.343903504E-2,0.000000000E0
2.940155697E1,-1.343903504E-2,-1.160643995E-2,2.443460980E-3
2.940362763E1,-1.282817032E-2,-1.404990070E-2,6.108652451E-4
2.940566336E1,-1.404990070E-2,-1.527163107E-2,3.665191587E-3
2.940773367E1,-1.282817032E-2,-1.649336144E-2,2.443460980E-3
2.940981705E1,-1.404990070E-2,-1.771509275E-2,3.054326167E-3
2.941177620E1,-1.221730467E-2,-1.893682219E-2,0.000000000E0
2.941390113E1,-1.343903504E-2,-1.954768784E-2,1.832595794E-3
2.941580751E1,-1.099557430E-2,-1.832595654E-2,3.665191587E-3
2.941780766E1,-1.404990070E-2,-2.199114859E-2,3.054326167E-3
2.941987832E1,-1.466076635E-2,-2.260201424E-2,4.276056774E-3
2.942191401E1,-1.404990070E-2,-2.138028294E-2,3.054326167E-3
2.942398401E1,-1.404990070E-2,-2.199114859E-2,1.832595794E-3
2.942601978E1,-1.099557430E-2,-2.015855350E-2,3.054326167E-3
2.942808990E1,-1.527163107E-2,-2.015855350E-2,3.054326167E-3
2.943017282E1,-1.038470957E-2,-2.138028294E-2,2.443460980E-3
2.943217982E1,-1.099557430E-2,-2.076941915E-2,1.832595794E-3
2.943426093E1,-1.221730467E-2,-1.893682219E-2,4.276056774E-3
2.943616728E1,-1.099557430E-2,-1.893682219E-2,2.443460980E-3
2.943816755E1,-1.160643995E-2,-1.649336144E-2,5.497787148E-3
2.944023766E1,-1.038470957E-2,-1.588249579E-2,3.054326167E-3
2.944227382E1,-1.099557430E-2,-1.282817032E-2,0.000000000E0
2.944434401E1,-1.282817032E-2,-1.221730467E-2,6.719517522E-3
2.944638059E1,-1.343903504E-2,-9.162978269E-3,6.719517522E-3
2.944844978E1,-9.773843922E-3,-7.330383174E-3,4.276056774E-3
2.945053297E1,-8.552113548E-3,-6.719517522E-3,6.108652335E-3
2.945249170E1,-7.330383174E-3,-3.054326167E-3,3.665191587E-3
2.945449378E1,-5.497787148E-3,-1.221730490E-3,6.108652451E-4
2.945656343E1,-8.552113548E-3,-1.221730490E-3,4.276056774E-3
2.945859955E1,-6.719517522E-3,6.108652451E-4,1.221730490E-3
2.946066932E1,-7.330383174E-3,2.443460980E-3,4.276056774E-3
2.946270482E1,-6.719517522E-3,2.443460980E-3,4.886921961E-3
2.946477432E1,-4.886921961E-3,2.443460980E-3,4.276056774E-3
2.946680924E1,-5.497787148E-3,4.276056774E-3,3.665191587E-3
2.946887936E1,-7.330383174E-3,3.665191587E-3,6.108652335E-3
2.947096240E1,-3.665191587E-3,4.276056774E-3,4.886921961E-3
2.947296828E1,-4.886921961E-3,3.054326167E-3,4.886921961E-3
2.947492513E1,-4.276056774E-3,4.886921961E-3,5.497787148E-3
2.947699490E1,-3.665191587E-3,4.276056774E-3,6.108652335E-3
2.947903047E1,-3.665191587E-3,1.832595794E-3,9.162978269E-3
2.948110055E1,-1.832595794E-3,3.665191587E-3,4.886921961E-3
2.948313609E1,-1.832595794E-3,1.221730490E-3,6.719517522E-3
2.948520616E1,-1.221730490E-3,1.221730490E-3,6.719517522E-3
2.948724116E1,0.000000000E0,0.000000000E0,4.276056774E-3
2.948931066E1,-2.443460980E-3,-1.832595794E-3,7.330383174E-3
2.949139336E1,0.000000000E0,-4.886921961E-3,6.108652335E-3
2.949335213E1,-1.221730490E-3,-6.108652335E-3,6.108652335E-3
2.949547659E1,0.000000000E0,-4.886921961E-3,3.054326167E-3
2.949738255E1,0.000000000E0,-8.552113548E-3,5.497787148E-3
2.949938355E1,6.108652451E-4,-6.719517522E-3,3.054326167E-3
2.950145343E1,6.108652451E-4,-7.941247895E-3,5.497787148E-3
2.950348870E1,2.443460980E-3,-8.552113548E-3,3.665191587E-3
2.950555897E1,0.000000000E0,-7.330383174E-3,7.330383174E-3
2.950759428E1,-1.221730490E-3,-9.162978269E-3,7.941247895E-3
2.950966347E1,2.443460980E-3,-1.099557430E-2,6.108652335E-3
2.951174559E1,3.054326167E-3,-9.773843922E-3,7.330383174E-3
2.951375128E1,6.108652451E-4,-9.162978269E-3,4.276056774E-3
2.951589463E1,4.276056774E-3,-8.552113548E-3,5.497787148E-3
2.951773101E1,2.443460980E-3,-6.108652335E-3,6.719517522E-3
2.951973163E1,4.886921961E-3,-5.497787148E-3,7.941247895E-3
2.952180166E1,3.665191587E-3,-4.276056774E-3,4.886921961E-3
2.952383674E1,4.276056774E-3,-3.665191587E-3,9.162978269E-3
2.952590674E1,3.665191587E-3,-2.443460980E-3,5.497787148E-3
2.952794270E1,5.497787148E-3,1.221730490E-3,7.941247895E-3
2.953002770E1,6.719517522E-3,2.443460980E-3,8.552113548E-3
2.953209570E1,5.497787148E-3,5.497787148E-3,8.552113548E-3
2.953405420E1,4.886921961E-3,7.941247895E-3,7.941247895E-3
2.953605567E1,4.886921961E-3,7.330383174E-3,7.941247895E-3
2.953812601E1,7.330383174E-3,9.162978269E-3,5.497787148E-3
2.954016128E1,9.162978269E-3,1.343903504E-2,8.552113548E-3
2.954223063E1,7.330383174E-3,1.282817032E-2,5.497787148E-3
2.954426528E1,8.552113548E-3,1.527163107E-2,7.330383174E-3
2.954629063E1,9.162978269E-3,1.893682219E-2,7.330383174E-3
2.954829051E1,9.773843922E-3,1.954768784E-2,8.552113548E-3
2.955035993E1,1.038470957E-2,2.138028294E-2,7.941247895E-3
2.955244278E1,1.160643995E-2,2.138028294E-2,9.773843922E-3
2.955444820E1,1.038470957E-2,2.382374369E-2,6.719517522E-3
2.955640690E1,1.160643995E-2,2.199114859E-2,7.941247895E-3
2.955847640E1,1.221730467E-2,2.382374369E-2,7.941247895E-3
2.956051174E1,1.343903504E-2,2.260201424E-2,6.719517522E-3
2.956258155E1,1.527163107E-2,2.260201424E-2,6.719517522E-3
2.956461667E1,1.404990070E-2,2.321287990E-2,6.719517522E-3
2.956668578E1,1.404990070E-2,2.321287990E-2,3.665191587E-3
2.956890959E1,1.282817032E-2,2.076941915E-2,6.108652335E-3
2.957074640E1,1.343903504E-2,2.260201424E-2,7.941247895E-3
2.957279405E1,1.588249579E-2,2.076941915E-2,3.665191587E-3
2.957475216E1,1.466076635E-2,2.138028294E-2,4.276056774E-3
2.957687643E1,1.343903504E-2,2.138028294E-2,7.941247895E-3
2.957878270E1,1.221730467E-2,1.893682219E-2,3.665191587E-3
2.958078240E1,1.404990070E-2,1.771509275E-2,7.941247895E-3
2.958285155E1,1.221730467E-2,1.649336144E-2,7.330383174E-3
2.958488651E1,1.466076635E-2,1.710422710E-2,4.276056774E-3
2.958695659E1,1.221730467E-2,1.588249579E-2,5.497787148E-3
2.958899186E1,1.404990070E-2,1.466076635E-2,3.054326167E-3
2.959106101E1,1.221730467E-2,1.404990070E-2,6.108652451E-4
2.959314363E1,1.221730467E-2,1.404990070E-2,3.665191587E-3
2.959514955E1,1.527163107E-2,1.282817032E-2,3.665191587E-3
2.959722913E1,1.404990070E-2,1.404990070E-2,2.443460980E-3
2.959913486E1,1.466076635E-2,1.527163107E-2,1.221730490E-3
2.960113540E1,1.160643995E-2,1.527163107E-2,3.054326167E-3
2.960320513E1,1.160643995E-2,1.466076635E-2,-6.108652451E-4
2.960524032E1,1.343903504E-2,1.466076635E-2,6.108652451E-4
2.960730963E1,1.221730467E-2,1.466076635E-2,4.276056774E-3
2.960934543E1,1.221730467E-2,1.588249579E-2,0.000000000E0
2.961141493E1,1.466076635E-2,1.466076635E-2,6.108652451E-4
2.961349755E1,1.343903504E-2,1.466076635E-2,4.886921961E-3
2.961545551E1,1.404990070E-2,1.527163107E-2,2.443460980E-3
2.961745651E1,1.160643995E-2,1.343903504E-2,1.832595794E-3
2.961952663E1,1.221730467E-2,1.527163107E-2,3.665191587E-3
2.962156220E1,1.527163107E-2,1.466076635E-2,1.221730490E-3
2.962363170E1,1.466076635E-2,1.404990070E-2,4.886921961E-3
2.962566724E1,1.282817032E-2,1.527163107E-2,5.497787148E-3
2.962773690E1,1.466076635E-2,1.527163107E-2,1.832595794E-3
2.962977201E1,1.404990070E-2,1.527163107E-2,4.276056774E-3
2.963184159E1,1.160643995E-2,1.404990070E-2,7.941247895E-3
2.963392405E1,1.343903504E-2,1.588249579E-2,1.832595794E-3
2.963592986E1,1.343903504E-2,1.527163107E-2,3.665191587E-3
2.963788674E1,1.343903504E-2,1.710422710E-2,3.054326167E-3
2.963995651E1,1.466076635E-2,1.771509275E-2,-6.108652451E-4
2.964199193E1,1.588249579E-2,1.771509275E-2,5.497787148E-3
2.964406243E1,1.282817032E-2,1.588249579E-2,5.497787148E-3
2.964609678E1,1.588249579E-2,2.076941915E-2,0.000000000E0
2.964816640E1,1.466076635E-2,2.199114859E-2,3.665191587E-3
2.965020136E1,1.404990070E-2,2.076941915E-2,2.443460980E-3
2.965227078E1,1.588249579E-2,2.138028294E-2,2.443460980E-3
2.965435340E1,1.649336144E-2,2.321287990E-2,4.276056774E-3
2.965631190E1,1.527163107E-2,2.382374369E-2,4.276056774E-3
2.965843555E1,1.588249579E-2,2.565634064E-2,0.000000000E0
2.966034243E1,1.710422710E-2,2.565634064E-2,-1.221730490E-3
2.966234236E1,1.588249579E-2,2.687807009E-2,0.000000000E0
2.966441193E1,1.588249579E-2,2.626720630E-2,1.221730490E-3
2.966644659E1,1.527163107E-2,2.565634064E-2,0.000000000E0
2.966851597E1,1.771509275E-2,2.748893574E-2,6.108652451E-4
2.967055166E1,1.649336144E-2,2.748893574E-2,1.832595794E-3
2.967262109E1,1.771509275E-2,2.932153270E-2,-1.832595794E-3
2.967470359E1,1.588249579E-2,2.871066704E-2,1.221730490E-3
2.967670947E1,2.015855350E-2,2.871066704E-2,-1.832595794E-3
2.967885332E1,1.710422710E-2,3.115412779E-2,-6.108652451E-4
2.968069001E1,1.649336144E-2,3.054326214E-2,-1.221730490E-3
2.968269059E1,1.527163107E-2,2.809980139E-2,-1.221730490E-3
2.968476063E1,1.710422710E-2,2.809980139E-2,-6.108652451E-4
2.968679636E1,1.466076635E-2,3.176499158E-2,6.108652451E-4
2.968886593E1,1.588249579E-2,3.115412779E-2,-3.054326167E-3
2.969090193E1,1.527163107E-2,3.054326214E-2,6.108652451E-4
2.969297155E1,1.466076635E-2,2.932153270E-2,-6.108652451E-4
2.969505401E1,1.282817032E-2,2.993239649E-2,6.108652451E-4
2.969701205E1,1.160643995E-2,3.298672289E-2,-1.832595794E-3
2.969901386E1,1.099557430E-2,3.237585723E-2,6.108652451E-4
2.970108328E1,1.282817032E-2,3.115412779E-2,6.108652451E-4
2.970311882E1,9.162978269E-3,3.237585723E-2,0.000000000E0
2.970518863E1,9.162978269E-3,3.481931984E-2,0.000000000E0
2.970722332E1,9.162978269E-3,3.237585723E-2,6.108652451E-4
2.970929266E1,7.941247895E-3,3.298672289E-2,-1.832595794E-3
2.971132705E1,7.330383174E-3,3.604105115E-2,-1.832595794E-3
2.971339640E1,4.276056774E-3,3.481931984E-2,6.108652451E-4
2.971547840E1,4.276056774E-3,3.359758854E-2,-1.832595794E-3
2.971748366E1,2.443460980E-3,3.543018550E-2,-1.221730490E-3
2.971944059E1,3.054326167E-3,3.604105115E-2,1.832595794E-3
2.972150966E1,-1.832595794E-3,3.787364438E-2,1.832595794E-3
2.972354428E1,-1.832595794E-3,3.726277873E-2,-3.054326167E-3
2.972561370E1,-4.276056774E-3,3.787364438E-2,0.000000000E0
2.972764851E1,-6.108652335E-3,3.787364438E-2,6.108652451E-4
2.972971809E1,-7.330383174E-3,3.970624134E-2,-6.108652451E-4
2.973175232E1,-7.941247895E-3,4.153883830E-2,-1.221730490E-3
2.973382147E1,-1.160643995E-2,4.214970022E-2,-2.443460980E-3
2.973590355E1,-1.404990070E-2,4.459316283E-2,-1.221730490E-3
2.973786055E1,-1.588249579E-2,4.581489414E-2,-6.108652451E-4
2.973998420E1,-1.710422710E-2,4.825835302E-2,-1.221730490E-3
2.974189066E1,-2.260201424E-2,5.253441259E-2,-1.221730490E-3
2.974389090E1,-2.382374369E-2,5.558873713E-2,-2.443460980E-3
2.974595993E1,-2.626720630E-2,5.619960278E-2,-1.221730490E-3
2.974799520E1,-3.054326214E-2,5.681046844E-2,-2.443460980E-3
2.975006370E1,-3.665191308E-2,5.986479297E-2,-3.054326167E-3
2.975209813E1,-3.726277873E-2,6.047565863E-2,-3.054326167E-3
2.975416670E1,-4.031710699E-2,6.230825558E-2,-4.276056774E-3
2.975624859E1,-4.214970022E-2,6.475171447E-2,-6.719517522E-3
2.975825378E1,-4.581489414E-2,6.352998316E-2,-3.665191587E-3
2.976033386E1,-4.459316283E-2,6.291911751E-2,-1.832595794E-3
2.976224005E1,-4.825835302E-2,6.780604273E-2,-6.719517522E-3
2.976423947E1,-5.253441259E-2,6.719517708E-2,-6.719517522E-3
2.976630893E1,-5.314527452E-2,7.147123665E-2,-7.330383174E-3
2.976834332E1,-5.619960278E-2,7.391469181E-2,-7.941247895E-3
2.977041286E1,-5.986479297E-2,7.941248268E-2,-1.588249579E-2
2.977244851E1,-6.597344577E-2,8.002334833E-2,-1.404990070E-2
2.977451755E1,-6.780604273E-2,8.796459436E-2,-1.527163107E-2
2.977659997E1,-7.452555746E-2,9.162978828E-2,-1.954768784E-2
2.977855816E1,-7.574728876E-2,9.529497474E-2,-2.626720630E-2
2.978055932E1,-8.063421398E-2,9.529497474E-2,-2.871066704E-2
2.978262843E1,-8.674286306E-2,9.590584040E-2,-3.054326214E-2
2.978466263E1,-8.979719132E-2,9.651670605E-2,-3.054326214E-2
2.978673147E1,-9.651670605E-2,9.590584040E-2,-3.176499158E-2
2.978876605E1,-9.773843735E-2,9.651670605E-2,-3.359758854E-2
2.979079093E1,-1.007927656E-1,9.590584040E-2,-3.237585723E-2
2.979279066E1,-1.062905490E-1,9.529497474E-2,-3.543018550E-2
2.979485901E1,-1.087340117E-1,9.651670605E-2,-3.481931984E-2
2.979694105E1,-1.105666086E-1,9.712757170E-2,-3.604105115E-2
2.979894697E1,-1.148426682E-1,1.007927656E-1,-3.176499158E-2
2.980090682E1,-1.185078546E-1,9.957103431E-2,-3.359758854E-2
2.980297616E1,-1.221730486E-1,9.834930301E-2,-3.176499158E-2
2.980501047E1,-1.215621829E-1,9.957103431E-2,-3.604105115E-2
2.980708047E1,-1.246165112E-1,1.007927656E-1,-3.665191308E-2
2.980911463E1,-1.258382350E-1,9.896016866E-2,-3.665191308E-2
2.981118451E1,-1.282816976E-1,9.834930301E-2,-3.298672289E-2
2.981321932E1,-1.313360333E-1,9.712757170E-2,-3.359758854E-2
2.981528816E1,-1.301143020E-1,9.957103431E-2,-3.665191308E-2
2.981737047E1,-1.343903542E-1,9.712757170E-2,-3.359758854E-2
2.981932847E1,-1.343903542E-1,9.712757170E-2,-3.604105115E-2
2.982145205E1,-1.374446750E-1,9.346238524E-2,-3.543018550E-2
2.982335786E1,-1.368338168E-1,9.468411654E-2,-3.543018550E-2
2.982535709E1,-1.398881376E-1,9.529497474E-2,-3.604105115E-2
2.982742601E1,-1.417207420E-1,9.407325089E-2,-3.665191308E-2
2.982946112E1,-1.404990107E-1,9.468411654E-2,-3.420845419E-2
2.983152962E1,-1.435533315E-1,9.407325089E-2,-3.481931984E-2
2.983356413E1,-1.435533315E-1,9.346238524E-2,-3.481931984E-2
2.983563305E1,-1.453859210E-1,9.407325089E-2,-3.176499158E-2
2.983771466E1,-1.466076523E-1,9.040805697E-2,-3.237585723E-2
2.983971955E1,-1.453859210E-1,9.162978828E-2,-3.115412779E-2
2.984186278E1,-1.447750628E-1,9.224065393E-2,-3.054326214E-2
2.984369936E1,-1.453859210E-1,8.979719132E-2,-2.871066704E-2
2.984569901E1,-1.466076523E-1,8.491026610E-2,-2.993239649E-2
2.984776878E1,-1.478293836E-1,8.491026610E-2,-2.932153270E-2
2.984980263E1,-1.490511149E-1,7.941248268E-2,-2.932153270E-2
2.985187228E1,-1.472185254E-1,7.452555746E-2,-2.871066704E-2
2.985390651E1,-1.472185254E-1,7.086037099E-2,-2.687807009E-2
2.985597555E1,-1.496619880E-1,6.536258012E-2,-2.687807009E-2
2.985805682E1,-1.502728462E-1,5.742133409E-2,-2.687807009E-2
2.986001505E1,-1.496619880E-1,5.497787148E-2,-2.504547499E-2
2.986201601E1,-1.490511149E-1,4.948008433E-2,-3.054326214E-2
2.986408486E1,-1.496619880E-1,4.276056588E-2,-3.054326214E-2
2.986611893E1,-1.502728462E-1,3.909537569E-2,-2.748893574E-2
2.986818747E1,-1.514945775E-1,3.359758854E-2,-3.115412779E-2
2.987022212E1,-1.508837193E-1,2.748893574E-2,-2.932153270E-2
2.987229101E1,-1.466076523E-1,2.626720630E-2,-3.054326214E-2
2.987432509E1,-1.508837193E-1,1.893682219E-2,-3.115412779E-2
2.987639436E1,-1.484402567E-1,1.527163107E-2,-3.359758854E-2
2.987847655E1,-1.472185254E-1,1.099557430E-2,-3.237585723E-2
2.988048228E1,-1.478293836E-1,8.552113548E-3,-3.115412779E-2
2.988243901E1,-1.459967941E-1,5.497787148E-3,-3.176499158E-2
2.988450805E1,-1.423316002E-1,3.054326167E-3,-2.932153270E-2
2.988654324E1,-1.423316002E-1,2.443460980E-3,-3.115412779E-2
2.988861239E1,-1.398881376E-1,6.108652451E-4,-2.809980139E-2
2.989064697E1,-1.374446750E-1,0.000000000E0,-2.443460934E-2
2.989271651E1,-1.343903542E-1,1.832595794E-3,-2.565634064E-2
2.989475101E1,-1.313360333E-1,7.941247895E-3,-2.138028294E-2
2.989681997E1,-1.252273768E-1,1.160643995E-2,-2.015855350E-2
2.989890259E1,-1.209513173E-1,1.343903504E-2,-2.199114859E-2
2.990086128E1,-1.191187203E-1,1.771509275E-2,-1.832595654E-2
2.990298497E1,-1.136209369E-1,2.504547499E-2,-1.404990070E-2
2.990489089E1,-1.081231460E-1,2.932153270E-2,-1.588249579E-2
2.990689063E1,-1.032362282E-1,3.604105115E-2,-1.221730467E-2
2.990896001E1,-9.407325089E-2,4.398229718E-2,-1.221730467E-2
2.991099439E1,-9.285151958E-2,4.886921868E-2,-9.773843922E-3
2.991306386E1,-8.552113175E-2,5.681046844E-2,-7.941247895E-3
2.991509863E1,-8.063421398E-2,6.780604273E-2,-5.497787148E-3
2.991716809E1,-7.696902007E-2,7.208210230E-2,-6.719517522E-3
2.991944920E1,-7.086037099E-2,8.002334833E-2,-6.719517522E-3
2.992128097E1,-6.475171447E-2,8.796459436E-2,-1.221730490E-3
2.992336039E1,-5.436700583E-2,9.896016866E-2,-5.497787148E-3
2.992526620E1,-5.314527452E-2,1.044579595E-1,-3.054326167E-3
2.992726539E1,-4.581489414E-2,1.142318025E-1,1.221730490E-3
2.992933497E1,-4.459316283E-2,1.166752651E-1,1.221730490E-3
2.993137024E1,-3.787364438E-2,1.233947799E-1,-1.221730490E-3
2.993343936E1,-3.298672289E-2,1.288925707E-1,7.330383174E-3
2.993547455E1,-2.504547499E-2,1.337794960E-1,3.665191587E-3
2.993755928E1,-2.015855350E-2,1.350012124E-1,5.497787148E-3
2.993962716E1,-1.588249579E-2,1.356120855E-1,5.497787148E-3
2.994158597E1,-1.099557430E-2,1.368338168E-1,6.108652335E-3
2.994358747E1,-7.330383174E-3,1.374446750E-1,7.941247895E-3
2.994565709E1,-4.276056774E-3,1.356120855E-1,1.282817032E-2
2.994769224E1,2.443460980E-3,1.362229437E-1,9.773843922E-3
2.994976201E1,5.497787148E-3,1.343903542E-1,1.038470957E-2
2.995179686E1,1.038470957E-2,1.343903542E-1,1.771509275E-2
2.995386643E1,1.588249579E-2,1.350012124E-1,1.466076635E-2
2.995590120E1,1.832595654E-2,1.337794960E-1,1.466076635E-2
2.995797066E1,2.015855350E-2,1.331686229E-1,2.199114859E-2
2.996005270E1,2.687807009E-2,1.301143020E-1,2.138028294E-2
2.996205862E1,2.932153270E-2,1.319468915E-1,2.138028294E-2
2.996401543E1,3.298672289E-2,1.307251602E-1,2.565634064E-2
2.996608424E1,3.543018550E-2,1.288925707E-1,2.626720630E-2
2.996811943E1,3.787364438E-2,1.295034289E-1,2.809980139E-2
2.997018920E1,4.337143153E-2,1.246165112E-1,2.809980139E-2
2.997222428E1,4.825835302E-2,1.215621829E-1,2.871066704E-2
2.997429416E1,4.886921868E-2,1.215621829E-1,3.176499158E-2
2.997632912E1,5.070181563E-2,1.209513173E-1,2.932153270E-2
2.997839839E1,5.436700583E-2,1.172861308E-1,2.748893574E-2
2.998048009E1,5.558873713E-2,1.160643995E-1,3.298672289E-2
2.998243759E1,5.803219974E-2,1.160643995E-1,2.871066704E-2
2.998456382E1,5.986479297E-2,1.142318025E-1,2.687807009E-2
2.998646993E1,6.291911751E-2,1.136209369E-1,2.932153270E-2
2.998846966E1,6.291911751E-2,1.148426682E-1,3.115412779E-2
2.999047039E1,6.719517708E-2,1.123992056E-1,2.565634064E-2
2.999246962E1,7.086037099E-2,1.166752651E-1,2.687807009E-2
2.999453870E1,7.086037099E-2,1.178969890E-1,3.054326214E-2
2.999657293E1,7.513642311E-2,1.233947799E-1,2.382374369E-2
2.999864236E1,7.880161703E-2,1.240056455E-1,2.932153270E-2
3.000072470E1,7.696902007E-2,1.240056455E-1,2.748893574E-2
3.000273005E1,8.185594529E-2,1.307251602E-1,2.199114859E-2
3.000487266E1,8.185594529E-2,1.356120855E-1,2.626720630E-2
3.000670843E1,8.918632567E-2,1.374446750E-1,2.382374369E-2
3.000870797E1,9.224065393E-2,1.447750628E-1,2.076941915E-2
3.001077728E1,9.590584040E-2,1.484402567E-1,2.565634064E-2
3.001281178E1,9.651670605E-2,1.545489132E-1,2.504547499E-2
3.001488132E1,1.026253626E-1,1.624901593E-1,2.260201424E-2
3.001691578E1,1.044579595E-1,1.692096740E-1,2.809980139E-2
3.001898547E1,1.087340117E-1,1.734857261E-1,2.748893574E-2
3.002106770E1,1.130100712E-1,1.808161139E-1,2.504547499E-2
3.002302578E1,1.178969890E-1,1.875356287E-1,2.871066704E-2
3.002502709E1,1.178969890E-1,1.899790913E-1,3.176499158E-2
3.002709582E1,1.264491081E-1,1.960877478E-1,2.748893574E-2
3.002913039E1,1.282816976E-1,1.997529417E-1,3.237585723E-2
3.003119939E1,1.301143020E-1,1.997529417E-1,3.237585723E-2
3.003323393E1,1.350012124E-1,1.997529417E-1,2.871066704E-2
3.003525816E1,1.374446750E-1,1.942551434E-1,3.115412779E-2
3.003725762E1,1.368338168E-1,1.918116808E-1,2.993239649E-2
3.003932620E1,1.398881376E-1,1.869247705E-1,2.138028294E-2
3.004140862E1,1.368338168E-1,1.814269722E-1,2.443460934E-2
3.004341382E1,1.398881376E-1,1.826487035E-1,2.015855350E-2
3.004537224E1,1.417207420E-1,1.808161139E-1,1.771509275E-2
3.004744178E1,1.423316002E-1,1.838704348E-1,2.015855350E-2
3.004947643E1,1.441642046E-1,1.912008226E-1,1.893682219E-2
3.005154620E1,1.472185254E-1,1.966986060E-1,1.466076635E-2
3.005358074E1,1.508837193E-1,2.046398520E-1,2.321287990E-2
3.005564966E1,1.533271819E-1,2.131919712E-1,2.260201424E-2
3.005768486E1,1.545489132E-1,2.168571651E-1,2.199114859E-2
3.005975466E1,1.600466967E-1,2.235766798E-1,1.954768784E-2
3.006183636E1,1.631010175E-1,2.278527319E-1,2.199114859E-2
3.006379424E1,1.624901593E-1,2.266310006E-1,2.260201424E-2
3.006591824E1,1.673770845E-1,2.272418737E-1,2.321287990E-2
3.006782432E1,1.655444801E-1,2.254092693E-1,2.076941915E-2
3.006982401E1,1.661553532E-1,2.260201424E-1,2.138028294E-2
3.007189347E1,1.673770845E-1,2.241875380E-1,2.199114859E-2
3.007392801E1,1.667662114E-1,2.205223590E-1,2.382374369E-2
3.007599705E1,1.704314053E-1,2.205223590E-1,1.893682219E-2
3.007803143E1,1.710422635E-1,2.199114859E-1,2.138028294E-2
3.008010020E1,1.685988009E-1,2.180788964E-1,2.748893574E-2
3.008218162E1,1.734857261E-1,2.168571651E-1,2.015855350E-2
3.008418601E1,1.722639948E-1,2.113593817E-1,1.893682219E-2
3.008626539E1,1.722639948E-1,2.083050460E-1,1.771509275E-2
3.008817089E1,1.679879427E-1,2.046398520E-1,1.527163107E-2
3.009017009E1,1.704314053E-1,1.979203373E-1,1.160643995E-2
3.009223912E1,1.692096740E-1,1.954768747E-1,7.330383174E-3
3.009427370E1,1.692096740E-1,1.936442852E-1,6.719517522E-3
3.009634289E1,1.667662114E-1,1.899790913E-1,4.886921961E-3
3.009837759E1,1.685988009E-1,1.936442852E-1,1.221730490E-3
3.010044632E1,1.667662114E-1,1.948660165E-1,-3.665191587E-3
3.010252793E1,1.667662114E-1,1.954768747E-1,-1.832595794E-3
3.010448620E1,1.667662114E-1,1.997529417E-1,-3.665191587E-3
3.010648705E1,1.649336219E-1,2.015855312E-1,-4.276056774E-3
3.010855612E1,1.637118906E-1,2.083050460E-1,-4.276056774E-3
3.011059086E1,1.637118906E-1,2.150245607E-1,-3.054326167E-3
3.011266016E1,1.631010175E-1,2.205223590E-1,-4.276056774E-3
3.011469486E1,1.643227488E-1,2.223549485E-1,-4.276056774E-3
3.011676412E1,1.612684280E-1,2.211332172E-1,-4.276056774E-3
3.011879916E1,1.569923609E-1,2.229658216E-1,-7.330383174E-3
3.012086874E1,1.551597714E-1,2.211332172E-1,-7.330383174E-3
3.012295105E1,1.521054506E-1,2.138028294E-1,-1.099557430E-2
3.012495674E1,1.441642046E-1,2.083050460E-1,-1.771509275E-2
3.012691416E1,1.423316002E-1,2.070833147E-1,-2.138028294E-2
3.012898286E1,1.380555481E-1,2.083050460E-1,-2.443460934E-2
3.013101905E1,1.337794960E-1,2.168571651E-1,-2.809980139E-2
3.013308820E1,1.350012124E-1,2.241875380E-1,-3.176499158E-2
3.013512282E1,1.319468915E-1,2.357939780E-1,-3.237585723E-2
3.013719247E1,1.313360333E-1,2.467895597E-1,-3.848451003E-2
3.013922712E1,1.301143020E-1,2.504547536E-1,-3.970624134E-2
3.014129682E1,1.264491081E-1,2.602286041E-1,-3.543018550E-2
3.014338016E1,1.252273768E-1,2.712241709E-1,-3.970624134E-2
3.014533809E1,1.227839142E-1,2.791654170E-1,-3.787364438E-2
3.014746201E1,1.215621829E-1,2.864958048E-1,-3.726277873E-2
3.014936836E1,1.209513173E-1,2.895501256E-1,-3.420845419E-2
3.015136770E1,1.221730486E-1,2.907718420E-1,-3.298672289E-2
3.015343720E1,1.185078546E-1,2.901609838E-1,-3.054326214E-2
3.015547189E1,1.130100712E-1,2.907718420E-1,-2.748893574E-2
3.015754128E1,1.087340117E-1,2.907718420E-1,-2.504547499E-2
3.015957574E1,1.081231460E-1,2.938261926E-1,-2.626720630E-2
3.016164559E1,1.020144969E-1,2.932153046E-1,-2.626720630E-2
3.016372824E1,9.529497474E-2,2.883284092E-1,-2.748893574E-2
3.016573451E1,9.346238524E-2,2.895501256E-1,-2.748893574E-2
3.016787797E1,8.613199741E-2,2.889392674E-1,-3.054326214E-2
3.016971397E1,7.757988572E-2,2.871066630E-1,-3.115412779E-2
3.017171439E1,7.696902007E-2,2.846632004E-1,-3.359758854E-2
3.017378366E1,6.780604273E-2,2.858849466E-1,-3.481931984E-2
3.017581882E1,6.230825558E-2,2.864958048E-1,-3.481931984E-2
3.017788862E1,5.864306539E-2,2.864958048E-1,-3.848451003E-2
3.017992432E1,5.131268129E-2,2.852740586E-1,-3.481931984E-2
3.018199389E1,4.825835302E-2,2.803871334E-1,-3.665191308E-2
3.018407647E1,4.153883830E-2,2.797762752E-1,-3.420845419E-2
3.018603405E1,3.665191308E-2,2.767219543E-1,-3.237585723E-2
3.018803458E1,3.115412779E-2,2.712241709E-1,-3.420845419E-2
3.019010432E1,2.565634064E-2,2.700024247E-1,-3.237585723E-2
3.019213908E1,2.076941915E-2,2.687807083E-1,-3.481931984E-2
3.019420870E1,1.649336144E-2,2.700024247E-1,-3.665191308E-2
3.019624355E1,1.282817032E-2,2.687807083E-1,-3.543018550E-2
3.019831301E1,5.497787148E-3,2.687807083E-1,-3.848451003E-2
3.020034912E1,6.108652451E-4,2.693915665E-1,-4.092797264E-2
3.020241901E1,-3.054326167E-3,2.700024247E-1,-4.276056588E-2
3.020450132E1,-8.552113548E-3,2.706133127E-1,-4.520402849E-2
3.020650716E1,-1.343903504E-2,2.724458873E-1,-4.214970022E-2
3.020846432E1,-1.954768784E-2,2.767219543E-1,-4.642575979E-2
3.021053374E1,-2.321287990E-2,2.773328125E-1,-4.703662544E-2
3.021256924E1,-3.054326214E-2,2.840523422E-1,-4.581489414E-2
3.021463882E1,-3.543018550E-2,2.907718420E-1,-4.703662544E-2
3.021667370E1,-3.726277873E-2,2.919935882E-1,-4.764748737E-2
3.021874370E1,-4.520402849E-2,2.974913716E-1,-4.642575979E-2
3.022077935E1,-4.948008433E-2,3.036000133E-1,-5.070181563E-2
3.022284882E1,-5.253441259E-2,3.066543639E-1,-5.375614017E-2
3.022493112E1,-5.619960278E-2,3.115412891E-1,-5.558873713E-2
3.022688989E1,-5.986479297E-2,3.182607889E-1,-5.558873713E-2
3.022901432E1,-6.047565863E-2,3.231477141E-1,-5.497787148E-2
3.023092012E1,-6.352998316E-2,3.292563558E-1,-5.864306539E-2
3.023291962E1,-6.536258012E-2,3.371976018E-1,-5.925392732E-2
3.023498951E1,-6.719517708E-2,3.402519524E-1,-5.803219974E-2
3.023702443E1,-6.841690838E-2,3.475823104E-1,-6.169738993E-2
3.023909355E1,-6.902777404E-2,3.543018401E-1,-6.536258012E-2
3.024112882E1,-7.147123665E-2,3.579670191E-1,-6.536258012E-2
3.024319847E1,-6.963863969E-2,3.640756905E-1,-7.024950534E-2
3.024528089E1,-6.963863969E-2,3.683517575E-1,-7.269296050E-2
3.024728709E1,-7.208210230E-2,3.695734739E-1,-7.330382615E-2
3.024936678E1,-7.391469181E-2,3.671300113E-1,-7.513642311E-2
3.025127328E1,-7.513642311E-2,3.714060783E-1,-7.513642311E-2
3.025327355E1,-7.330382615E-2,3.707951903E-1,-7.269296050E-2
3.025534309E1,-7.574728876E-2,3.683517575E-1,-7.330382615E-2
3.025737866E1,-7.147123665E-2,3.677408695E-1,-6.780604273E-2
3.025944832E1,-6.963863969E-2,3.646865487E-1,-6.169738993E-2
3.026148355E1,-6.658431143E-2,3.622430861E-1,-6.047565863E-2
3.026355366E1,-6.291911751E-2,3.567453027E-1,-5.192354694E-2
3.026563620E1,-6.230825558E-2,3.530801237E-1,-4.214970022E-2
3.026759501E1,-6.169738993E-2,3.524692357E-1,-4.153883830E-2
3.026959685E1,-5.681046844E-2,3.573561609E-1,-4.031710699E-2
3.027166678E1,-5.925392732E-2,3.610213697E-1,-3.787364438E-2
3.027370220E1,-5.864306539E-2,3.640756905E-1,-3.604105115E-2
3.027577116E1,-5.864306539E-2,3.720169365E-1,-3.787364438E-2
3.027780724E1,-5.742133409E-2,3.744603992E-1,-3.970624134E-2
3.027983408E1,-5.681046844E-2,3.781255782E-1,-3.970624134E-2
3.028183362E1,-5.192354694E-2,3.842342496E-1,-4.153883830E-2
3.028390278E1,-5.009094998E-2,3.878994286E-1,-4.459316283E-2
3.028598570E1,-4.642575979E-2,3.872885704E-1,-4.276056588E-2
3.028799197E1,-4.459316283E-2,3.866777122E-1,-4.031710699E-2
3.028995135E1,-3.787364438E-2,3.885102868E-1,-4.031710699E-2
3.029202197E1,-3.420845419E-2,3.891211748E-1,-3.848451003E-2
3.029405762E1,-3.115412779E-2,3.891211748E-1,-3.298672289E-2
3.029612816E1,-2.809980139E-2,3.921754956E-1,-3.298672289E-2
3.029816378E1,-2.809980139E-2,3.940080702E-1,-3.237585723E-2
3.030023374E1,-2.809980139E-2,3.988949955E-1,-3.481931984E-2
3.030226885E1,-2.321287990E-2,4.068362415E-1,-3.604105115E-2
3.030433893E1,-2.015855350E-2,4.043927789E-1,-3.237585723E-2
3.030642151E1,-1.343903504E-2,3.976732790E-1,-2.687807009E-2
3.030838039E1,1.221730490E-3,3.842342496E-1,-1.466076635E-2
3.031050501E1,1.466076635E-2,3.762930036E-1,0.000000000E0
3.031241174E1,2.504547499E-2,3.732386529E-1,7.330383174E-3
3.031441193E1,4.581489414E-2,3.683517575E-1,2.321287990E-2
3.031648259E1,6.414084882E-2,3.659082949E-1,3.543018550E-2
3.031851866E1,7.513642311E-2,3.634648323E-1,4.459316283E-2
3.032058805E1,9.773843735E-2,3.659082949E-1,5.314527452E-2
3.032262343E1,1.130100712E-1,3.646865487E-1,6.352998316E-2
3.032469224E1,1.258382350E-1,3.659082949E-1,6.902777404E-2
3.032677524E1,1.411098689E-1,3.701843321E-1,7.880161703E-2
3.032878039E1,1.569923609E-1,3.738495409E-1,8.429940045E-2
3.033092243E1,1.606575549E-1,3.750712574E-1,8.918632567E-2
3.033275866E1,1.716531366E-1,3.769038618E-1,9.162978828E-2
3.033475908E1,1.844813079E-1,3.799581826E-1,9.468411654E-2
3.033682932E1,1.869247705E-1,3.787364662E-1,9.712757170E-2
3.033886509E1,1.985312104E-1,3.793473244E-1,1.020144969E-1
3.034093459E1,2.119702399E-1,3.866777122E-1,1.020144969E-1
3.034296997E1,2.144137025E-1,3.854559660E-1,1.038470939E-1
3.034505432E1,2.309070677E-1,3.903428912E-1,1.032362282E-1
3.034712270E1,2.437352389E-1,3.915646076E-1,1.075122803E-1
3.034908043E1,2.480112910E-1,3.909537494E-1,1.062905490E-1
3.035108135E1,2.596177161E-1,3.903428912E-1,1.099557430E-1
3.035315097E1,2.706133127E-1,3.854559660E-1,1.123992056E-1
3.035518674E1,2.730567753E-1,3.842342496E-1,1.154535338E-1
3.035725520E1,2.785545588E-1,3.775147200E-1,1.227839142E-1
3.035929089E1,2.901609838E-1,3.683517575E-1,1.288925707E-1
3.036136074E1,2.974913716E-1,3.536909819E-1,1.350012124E-1
3.036339666E1,3.017674387E-1,3.494149148E-1,1.386664063E-1
3.036546666E1,3.084869385E-1,3.323107064E-1,1.502728462E-1
3.036754947E1,3.152064681E-1,3.213151097E-1,1.600466967E-1
3.036955524E1,3.139847219E-1,3.139847219E-1,1.655444801E-1
3.037151428E1,3.194825351E-1,3.060434759E-1,1.753183305E-1
3.037358397E1,3.219259977E-1,2.981022298E-1,1.826487035E-1
3.037562005E1,3.243694305E-1,2.932153046E-1,1.893682331E-1
3.037768970E1,3.286454976E-1,2.871066630E-1,1.954768747E-1
3.037972574E1,3.304781020E-1,2.846632004E-1,2.009746730E-1
3.038179585E1,3.329215646E-1,2.871066630E-1,2.046398520E-1
3.038383132E1,3.359758854E-1,2.895501256E-1,2.095267773E-1
3.038590078E1,3.439171314E-1,2.968805134E-1,2.089159191E-1
3.038798270E1,3.475823104E-1,3.042109013E-1,2.168571651E-1
3.038994082E1,3.506366611E-1,3.078760803E-1,2.168571651E-1
3.039206443E1,3.573561609E-1,3.176499307E-1,2.168571651E-1
3.039397005E1,3.610213697E-1,3.219259977E-1,2.156354338E-1
3.039597008E1,3.695734739E-1,3.365867436E-1,2.150245607E-1
3.039803943E1,3.756821156E-1,3.512475193E-1,2.119702399E-1
3.040007420E1,3.793473244E-1,3.561344445E-1,2.113593817E-1
3.040214351E1,3.885102868E-1,3.659082949E-1,2.095267773E-1
3.040417843E1,3.927863538E-1,3.756821156E-1,2.009746730E-1
3.040624778E1,3.946189582E-1,3.854559660E-1,1.930334121E-1
3.040833097E1,3.964515328E-1,3.909537494E-1,1.875356287E-1
3.041033655E1,3.915646076E-1,3.988949955E-1,1.777617931E-1
3.041241670E1,3.915646076E-1,4.043927789E-1,1.673770845E-1
3.041432266E1,3.903428912E-1,4.050036669E-1,1.618792862E-1
3.041632297E1,3.878994286E-1,4.007275999E-1,1.521054506E-1
3.041839320E1,3.866777122E-1,3.964515328E-1,1.441642046E-1
3.042042843E1,3.878994286E-1,3.927863538E-1,1.392772794E-1
3.042249805E1,3.860668242E-1,3.830125034E-1,1.356120855E-1
3.042453305E1,3.854559660E-1,3.707951903E-1,1.313360333E-1
3.042660251E1,3.860668242E-1,3.640756905E-1,1.337794960E-1
3.042868532E1,3.897320330E-1,3.506366611E-1,1.307251602E-1
3.043064347E1,3.940080702E-1,3.371976018E-1,1.343903542E-1
3.043264597E1,3.940080702E-1,3.298672438E-1,1.350012124E-1
3.043471555E1,4.001167417E-1,3.176499307E-1,1.386664063E-1
3.043674997E1,4.019493461E-1,3.048217595E-1,1.386664063E-1
3.043882101E1,4.025602043E-1,3.011565804E-1,1.423316002E-1
3.044085628E1,4.056145251E-1,2.919935882E-1,1.453859210E-1
3.044292616E1,4.105014503E-1,2.840523422E-1,1.490511149E-1
3.044496120E1,4.105014503E-1,2.809980214E-1,1.496619880E-1
3.044703166E1,4.123340547E-1,2.755002379E-1,1.514945775E-1
3.044911297E1,4.135557711E-1,2.712241709E-1,1.514945775E-1
3.045111932E1,4.166100919E-1,2.706133127E-1,1.521054506E-1
3.045307616E1,4.159992337E-1,2.712241709E-1,1.496619880E-1
3.045514643E1,4.172209501E-1,2.742784917E-1,1.435533315E-1
3.045718220E1,4.159992337E-1,2.761110961E-1,1.380555481E-1
3.045925182E1,4.141666293E-1,2.779437006E-1,1.350012124E-1
3.046128739E1,4.129449129E-1,2.809980214E-1,1.270599663E-1
3.046335820E1,4.123340547E-1,2.840523422E-1,1.221730486E-1
3.046539366E1,4.117231667E-1,2.864958048E-1,1.191187203E-1
3.046746374E1,4.105014503E-1,2.901609838E-1,1.099557430E-1
3.046954682E1,4.043927789E-1,3.017674387E-1,9.896016866E-2
3.047150620E1,3.964515328E-1,3.139847219E-1,8.613199741E-2
3.047363043E1,3.830125034E-1,3.457497358E-1,6.047565863E-2
3.047553658E1,3.677408695E-1,3.811798990E-1,3.359758854E-2
3.047753701E1,3.604104817E-1,3.982841372E-1,2.076941915E-2
3.047960732E1,3.494149148E-1,4.312708676E-1,7.330383174E-3
3.048164358E1,3.475823104E-1,4.538728893E-1,4.276056774E-3
3.048371382E1,3.481931984E-1,4.593706727E-1,6.719517522E-3
3.048574920E1,3.597996235E-1,4.618141353E-1,1.649336144E-2
3.048781935E1,3.726277947E-1,4.489859641E-1,3.909537569E-2
3.048990266E1,3.921754956E-1,4.312708676E-1,5.497787148E-2
3.049190962E1,4.019493461E-1,4.153883755E-1,6.475171447E-2
3.049405443E1,4.172209501E-1,3.872885704E-1,8.552113175E-2
3.049589143E1,4.251621962E-1,3.738495409E-1,8.857546002E-2
3.049789166E1,4.337143302E-1,3.408628106E-1,9.896016866E-2
3.049996158E1,4.434881806E-1,3.090978265E-1,1.032362282E-1
3.050199820E1,4.489859641E-1,2.919935882E-1,1.032362282E-1
3.050406743E1,4.502076805E-1,2.553416789E-1,1.099557430E-1
3.050610347E1,4.514294267E-1,2.217440903E-1,1.154535338E-1
3.050817401E1,4.532620013E-1,1.912008226E-1,1.123992056E-1
3.051025728E1,4.520402849E-1,1.795943826E-1,1.111774743E-1
3.051221697E1,4.477642179E-1,1.545489132E-1,1.130100712E-1
3.051421943E1,4.434881806E-1,1.411098689E-1,1.075122803E-1
3.051628916E1,4.404338300E-1,1.343903542E-1,1.056796908E-1
3.051832608E1,4.349360466E-1,1.270599663E-1,1.001819000E-1
3.052039593E1,4.306600094E-1,1.215621829E-1,9.346238524E-2
3.052243104E1,4.300491214E-1,1.215621829E-1,9.224065393E-2
3.052445758E1,4.245513380E-1,1.215621829E-1,8.674286306E-2
3.052645851E1,4.172209501E-1,1.233947799E-1,8.124507964E-2
3.052852847E1,4.141666293E-1,1.227839142E-1,7.574728876E-2
3.053061193E1,4.092797041E-1,1.203404516E-1,6.414084882E-2
3.053261855E1,4.031710625E-1,1.172861308E-1,4.886921868E-2
3.053457847E1,3.964515328E-1,1.154535338E-1,3.665191308E-2
3.053664858E1,3.897320330E-1,1.123992056E-1,1.527163107E-2
3.053868435E1,3.799581826E-1,1.130100712E-1,-1.282817032E-2
3.054075412E1,3.769038618E-1,1.123992056E-1,-2.504547499E-2
3.054279028E1,3.659082949E-1,1.130100712E-1,-5.253441259E-2
3.054486020E1,3.567453027E-1,1.197295859E-1,-7.941248268E-2
3.054689601E1,3.506366611E-1,1.215621829E-1,-8.613199741E-2
3.054896585E1,3.402519524E-1,1.337794960E-1,-1.026253626E-1
3.055104889E1,3.280346394E-1,1.466076523E-1,-1.166752651E-1
3.055300728E1,3.243694305E-1,1.667662114E-1,-1.240056455E-1
3.055513155E1,3.213151097E-1,1.795943826E-1,-1.264491081E-1
3.055703778E1,3.200933933E-1,2.021963894E-1,-1.252273768E-1
3.055903847E1,3.182607889E-1,2.144137025E-1,-1.227839142E-1
3.056110828E1,3.188716471E-1,2.357939780E-1,-1.136209369E-1
3.056314328E1,3.182607889E-1,2.553416789E-1,-1.026253626E-1
3.056521224E1,3.243694305E-1,2.700024247E-1,-8.307767659E-2
3.056724828E1,3.280346394E-1,2.809980214E-1,-7.941248268E-2
3.056931751E1,3.347541690E-1,2.981022298E-1,-6.414084882E-2
3.057140074E1,3.439171314E-1,3.060434759E-1,-4.948008433E-2
3.057340601E1,3.475823104E-1,3.103195429E-1,-4.276056588E-2
3.057548831E1,3.567453027E-1,3.152064681E-1,-2.748893574E-2
3.057739535E1,3.659082949E-1,3.170390725E-1,-1.588249579E-2
3.057939620E1,3.707951903E-1,3.188716471E-1,-9.773843922E-3
3.058146589E1,3.793473244E-1,3.194825351E-1,-6.108652451E-4
3.058350181E1,3.885102868E-1,3.237585723E-1,1.282817032E-2
3.058557116E1,3.915646076E-1,3.194825351E-1,2.138028294E-2
3.058760628E1,3.982841372E-1,3.170390725E-1,2.687807009E-2
3.058967555E1,4.031710625E-1,3.139847219E-1,3.543018550E-2
3.059175720E1,4.031710625E-1,3.109304011E-1,4.092797264E-2
3.059371539E1,4.074471295E-1,3.042109013E-1,5.070181563E-2
3.059571681E1,4.080579877E-1,2.907718420E-1,5.681046844E-2
3.059778639E1,4.074471295E-1,2.797762752E-1,6.047565863E-2
3.059982120E1,4.019493461E-1,2.571742535E-1,6.230825558E-2
3.060189058E1,3.988949955E-1,2.400700450E-1,6.780604273E-2
3.060392528E1,3.958406746E-1,2.302961946E-1,7.086037099E-2
3.060599493E1,3.915646076E-1,2.186897546E-1,7.024950534E-2
3.060803016E1,3.860668242E-1,2.144137025E-1,7.269296050E-2
3.061010008E1,3.787364662E-1,2.101376504E-1,7.086037099E-2
3.061218204E1,3.762930036E-1,2.089159191E-1,7.391469181E-2
3.061418781E1,3.720169365E-1,2.125810981E-1,7.941248268E-2
3.061614508E1,3.646865487E-1,2.156354338E-1,8.246681094E-2
3.061821470E1,3.628539443E-1,2.193006277E-1,8.429940045E-2
3.062025001E1,3.567453027E-1,2.260201424E-1,9.040805697E-2
3.062231893E1,3.530801237E-1,2.296853364E-1,9.162978828E-2
3.062435478E1,3.488040566E-1,2.309070677E-1,9.224065393E-2
3.062642412E1,3.451388776E-1,2.309070677E-1,8.735372871E-2
3.062845893E1,3.329215646E-1,2.266310006E-1,7.208210230E-2
3.063052893E1,3.310889602E-1,2.266310006E-1,6.108652428E-2
3.063261101E1,3.182607889E-1,2.260201424E-1,4.764748737E-2
3.063456870E1,3.072652221E-1,2.327396572E-1,3.787364438E-2
3.063669235E1,3.066543639E-1,2.382374406E-1,3.237585723E-2
3.063859854E1,2.987131178E-1,2.553416789E-1,3.848451003E-2
3.064060001E1,2.926044464E-1,2.742784917E-1,4.398229718E-2
3.064266874E1,2.901609838E-1,2.816088796E-1,4.703662544E-2
3.064470374E1,2.846632004E-1,2.852740586E-1,5.009094998E-2
3.064677420E1,2.785545588E-1,2.919935882E-1,4.642575979E-2
3.064880862E1,2.730567753E-1,2.926044464E-1,4.520402849E-2
3.065087881E1,2.657263875E-1,2.919935882E-1,4.153883830E-2
3.065296062E1,2.577851415E-1,2.901609838E-1,3.726277873E-2
3.065496739E1,2.541199327E-1,2.938261926E-1,2.871066704E-2
3.065711066E1,2.461786866E-1,2.926044464E-1,3.115412779E-2
3.065894708E1,2.400700450E-1,2.864958048E-1,2.504547499E-2
3.066094716E1,2.351831198E-1,2.828305960E-1,2.199114859E-2
3.066301678E1,2.199114859E-1,2.730567753E-1,1.649336144E-2
3.066505197E1,2.028072625E-1,2.620611787E-1,5.497787148E-3
3.066712139E1,1.832595766E-1,2.498438805E-1,0.000000000E0
3.066915708E1,1.753183305E-1,2.461786866E-1,-1.832595794E-3
3.067122662E1,1.594358236E-1,2.419026345E-1,-1.832595794E-3
3.067330878E1,1.484402567E-1,2.486221492E-1,-1.282817032E-2
3.067526739E1,1.478293836E-1,2.510656118E-1,-1.404990070E-2
3.067726862E1,1.417207420E-1,2.602286041E-1,-1.282817032E-2
3.067933839E1,1.380555481E-1,2.706133127E-1,-1.527163107E-2
3.068137278E1,1.411098689E-1,2.785545588E-1,-1.710422710E-2
3.068344243E1,1.441642046E-1,2.950479090E-1,-1.404990070E-2
3.068547781E1,1.447750628E-1,3.066543639E-1,-9.162978269E-3
3.068754758E1,1.472185254E-1,3.115412891E-1,-4.886921961E-3
3.068958197E1,1.490511149E-1,3.225368559E-1,2.443460980E-3
3.069165104E1,1.502728462E-1,3.310889602E-1,7.330383174E-3
3.069373312E1,1.557706445E-1,3.347541690E-1,1.282817032E-2
3.069573839E1,1.545489132E-1,3.390302062E-1,2.626720630E-2
3.069769547E1,1.527163088E-1,3.390302062E-1,3.237585723E-2
3.069976501E1,1.484402567E-1,3.378084898E-1,3.848451003E-2
3.070179978E1,1.472185254E-1,3.371976018E-1,4.276056588E-2
3.070386943E1,1.447750628E-1,3.316998184E-1,4.642575979E-2
3.070590458E1,1.362229437E-1,3.292563558E-1,5.253441259E-2
3.070797397E1,1.288925707E-1,3.304781020E-1,5.375614017E-2
3.071000843E1,1.111774743E-1,3.390302062E-1,6.658431143E-2
3.071207801E1,9.285151958E-2,3.530801237E-1,8.002334833E-2
3.071416078E1,8.124507964E-2,3.579670191E-1,8.735372871E-2
3.071611916E1,5.192354694E-2,3.738495409E-1,1.075122803E-1
3.071824335E1,2.871066704E-2,3.940080702E-1,1.319468915E-1
3.072014985E1,1.466076635E-2,4.019493461E-1,1.404990107E-1
3.072214993E1,-1.221730490E-3,4.043927789E-1,1.514945775E-1
3.072421947E1,-1.343903504E-2,3.909537494E-1,1.472185254E-1
3.072625435E1,-1.466076635E-2,3.805690408E-1,1.404990107E-1
3.072832401E1,-9.162978269E-3,3.597996235E-1,1.197295859E-1
3.073035939E1,-6.108652335E-3,3.378084898E-1,9.773843735E-2
3.073242955E1,-6.108652451E-4,3.280346394E-1,8.246681094E-2
3.073451305E1,5.497787148E-3,3.109304011E-1,6.108652428E-2
3.073653893E1,8.552113548E-3,2.938261926E-1,3.726277873E-2
3.073861981E1,8.552113548E-3,2.822197378E-1,2.871066704E-2
3.074052585E1,4.276056774E-3,2.681698501E-1,1.099557430E-2
3.074252608E1,-4.276056774E-3,2.559525371E-1,4.886921961E-3
3.074459601E1,-2.443460980E-3,2.504547536E-1,-1.832595794E-3
3.074663139E1,-1.343903504E-2,2.431243658E-1,-1.038470957E-2
3.074870097E1,-2.382374369E-2,2.406809032E-1,-1.160643995E-2
3.075073593E1,-2.932153270E-2,2.412917763E-1,-1.038470957E-2
3.075282181E1,-3.604105115E-2,2.467895597E-1,-1.466076635E-2
3.075488947E1,-3.970624134E-2,2.565633953E-1,-9.773843922E-3
3.075684812E1,-3.909537569E-2,2.651155293E-1,-8.552113548E-3
3.075884962E1,-3.481931984E-2,2.736676335E-1,-1.038470957E-2
3.076091920E1,-3.543018550E-2,2.816088796E-1,-5.497787148E-3
3.076295470E1,-3.054326214E-2,2.919935882E-1,-6.108652451E-4
3.076502466E1,-2.993239649E-2,2.968805134E-1,3.054326167E-3
3.076705974E1,-2.626720630E-2,3.109304011E-1,1.160643995E-2
3.076908551E1,-2.565634064E-2,3.188716471E-1,1.282817032E-2
3.077108662E1,-2.748893574E-2,3.200933933E-1,1.649336144E-2
3.077315735E1,-2.871066704E-2,3.262020350E-1,2.199114859E-2
3.077523997E1,-3.665191308E-2,3.286454976E-1,2.199114859E-2
3.077724635E1,-4.276056588E-2,3.316998184E-1,2.565634064E-2
3.077920497E1,-5.314527452E-2,3.384193480E-1,2.871066704E-2
3.078127497E1,-6.841690838E-2,3.445279896E-1,3.176499158E-2
3.078331008E1,-7.452555746E-2,3.488040566E-1,3.604105115E-2
3.078538093E1,-8.429940045E-2,3.561344445E-1,3.115412779E-2
3.078741558E1,-9.224065393E-2,3.634648323E-1,3.604105115E-2
3.078948551E1,-9.529497474E-2,3.701843321E-1,3.543018550E-2
3.079152028E1,-1.007927656E-1,3.793473244E-1,4.092797264E-2
3.079359062E1,-1.050688252E-1,3.909537494E-1,4.031710699E-2
3.079567339E1,-1.075122803E-1,4.056145251E-1,4.337143153E-2
3.079763201E1,-1.117883399E-1,4.135557711E-1,4.459316283E-2
3.079975643E1,-1.178969890E-1,4.276056588E-1,4.825835302E-2
3.080166362E1,-1.185078546E-1,4.367686510E-1,4.764748737E-2
3.080366428E1,-1.227839142E-1,4.557054639E-1,5.131268129E-2
3.080573424E1,-1.307251602E-1,4.758640230E-1,5.558873713E-2
3.080777020E1,-1.319468915E-1,4.862487316E-1,5.375614017E-2
3.080984047E1,-1.362229437E-1,5.064072609E-1,6.108652428E-2
3.081187597E1,-1.343903542E-1,5.308418870E-1,6.841690838E-2
3.081394554E1,-1.282816976E-1,5.589417219E-1,8.002334833E-2
3.081602878E1,-1.258382350E-1,5.705481172E-1,8.124507964E-2
3.081803512E1,-1.258382350E-1,5.791002512E-1,8.552113175E-2
3.082017785E1,-1.331686229E-1,5.760459304E-1,8.552113175E-2
3.082201412E1,-1.331686229E-1,5.760459304E-1,8.307767659E-2
3.082401401E1,-1.368338168E-1,5.711590052E-1,8.307767659E-2
3.082608428E1,-1.411098689E-1,5.693264008E-1,7.941248268E-2
3.082811974E1,-1.398881376E-1,5.656611919E-1,7.330382615E-2
3.083018947E1,-1.429424733E-1,5.571091175E-1,7.513642311E-2
3.083222566E1,-1.484402567E-1,5.430592299E-1,7.208210230E-2
3.083429585E1,-1.484402567E-1,5.406157374E-1,6.780604273E-2
3.083637854E1,-1.551597714E-1,5.290092826E-1,6.902777404E-2
3.083833797E1,-1.588249654E-1,5.155702829E-1,5.864306539E-2
3.084034024E1,-1.624901593E-1,5.051855445E-1,5.742133409E-2
3.084240878E1,-1.655444801E-1,4.886921942E-1,5.253441259E-2
3.084444389E1,-1.679879427E-1,4.728097022E-1,4.276056588E-2
3.084651216E1,-1.710422635E-1,4.612032473E-1,4.031710699E-2
3.084854747E1,-1.710422635E-1,4.416555762E-1,3.604105115E-2
3.085061685E1,-1.716531366E-1,4.239404798E-1,2.871066704E-2
3.085265081E1,-1.728748679E-1,4.159992337E-1,2.260201424E-2
3.085472008E1,-1.771509200E-1,4.013384581E-1,1.954768784E-2
3.085680197E1,-1.850921661E-1,3.872885704E-1,1.160643995E-2
3.085880754E1,-1.912008226E-1,3.842342496E-1,1.832595794E-3
3.086076470E1,-1.985312104E-1,3.842342496E-1,1.832595794E-3
3.086283420E1,-2.089159191E-1,3.897320330E-1,-7.941247895E-3
3.086486889E1,-2.205223590E-1,3.940080702E-1,-9.773843922E-3
3.086693897E1,-2.266310006E-1,4.019493461E-1,-1.221730467E-2
3.086897393E1,-2.406809032E-1,4.153883755E-1,-1.771509275E-2
3.087104412E1,-2.535090744E-1,4.312708676E-1,-2.199114859E-2
3.087307889E1,-2.602286041E-1,4.386012554E-1,-2.382374369E-2
3.087514839E1,-2.693915665E-1,4.581489265E-1,-3.787364438E-2
3.087723128E1,-2.742784917E-1,4.801400900E-1,-4.031710699E-2
3.087919070E1,-2.773328125E-1,4.911356568E-1,-4.214970022E-2
3.088131578E1,-2.785545588E-1,5.149593949E-1,-4.948008433E-2
3.088322208E1,-2.773328125E-1,5.369505286E-1,-5.497787148E-2
3.088522239E1,-2.797762752E-1,5.510004759E-1,-5.497787148E-2
3.088729278E1,-2.779437006E-1,5.705481172E-1,-6.169738993E-2
3.088932662E1,-2.736676335E-1,5.937610269E-1,-6.658431143E-2
3.089139639E1,-2.681698501E-1,6.065891981E-1,-6.841690838E-2
3.089343147E1,-2.638937831E-1,6.304129362E-1,-7.208210230E-2
3.089549993E1,-2.614503205E-1,6.493497491E-1,-6.963863969E-2
3.089758220E1,-2.590068579E-1,6.695083380E-1,-7.574728876E-2
3.089958762E1,-2.577851415E-1,6.792821288E-1,-7.635815442E-2
3.090166774E1,-2.571742535E-1,6.976081133E-1,-7.391469181E-2
3.090357366E1,-2.571742535E-1,7.073819637E-1,-7.269296050E-2
3.090557293E1,-2.559525371E-1,7.244861722E-1,-7.696902007E-2
3.090764154E1,-2.583959997E-1,7.409795523E-1,-7.208210230E-2
3.090967697E1,-2.577851415E-1,7.495316267E-1,-7.269296050E-2
3.091174593E1,-2.590068579E-1,7.648032904E-1,-7.635815442E-2
3.091378051E1,-2.620611787E-1,7.782423496E-1,-7.208210230E-2
3.091584935E1,-2.620611787E-1,7.904596329E-1,-7.391469181E-2
3.091793154E1,-2.620611787E-1,7.971791625E-1,-7.391469181E-2
3.091989028E1,-2.657263875E-1,8.075638413E-1,-6.597344577E-2
3.092189108E1,-2.700024247E-1,8.173376918E-1,-6.352998316E-2
3.092396054E1,-2.724458873E-1,8.228355050E-1,-6.108652428E-2
3.092599585E1,-2.736676335E-1,8.319984674E-1,-5.253441259E-2
3.092806620E1,-2.718350291E-1,8.411614299E-1,-4.886921868E-2
3.093009978E1,-2.730567753E-1,8.411614299E-1,-4.825835302E-2
3.093216947E1,-2.687807083E-1,8.454375267E-1,-4.153883830E-2
3.093420478E1,-2.669481039E-1,8.472700715E-1,-3.726277873E-2
3.093627362E1,-2.632829249E-1,8.454375267E-1,-3.604105115E-2
3.093835616E1,-2.620611787E-1,8.423831463E-1,-3.054326214E-2
3.094036174E1,-2.559525371E-1,8.387179971E-1,-3.054326214E-2
3.094232054E1,-2.541199327E-1,8.362745047E-1,-2.748893574E-2
3.094438904E1,-2.492330223E-1,8.368853927E-1,-2.015855350E-2
3.094642370E1,-2.431243658E-1,8.417723179E-1,-1.466076635E-2
3.094849335E1,-2.370157093E-1,8.442157507E-1,-1.099557430E-2
3.095052928E1,-2.364048511E-1,8.423831463E-1,-8.552113548E-3
3.095259974E1,-2.327396572E-1,8.460483551E-1,-1.160643995E-2
3.095463381E1,-2.315179259E-1,8.521569967E-1,-1.588249579E-2
3.095670389E1,-2.296853364E-1,8.588765264E-1,-1.221730467E-2
3.095878643E1,-2.296853364E-1,8.686503768E-1,-1.771509275E-2
3.096074566E1,-2.351831198E-1,8.753699064E-1,-2.076941915E-2
3.096287028E1,-2.364048511E-1,8.802568316E-1,-2.382374369E-2
3.096477624E1,-2.406809032E-1,8.863654733E-1,-3.665191308E-2
3.096677697E1,-2.455678284E-1,8.979719281E-1,-4.398229718E-2
3.096884635E1,-2.480112910E-1,9.022479653E-1,-4.703662544E-2
3.097088143E1,-2.535090744E-1,9.114109278E-1,-5.009094998E-2
3.097295112E1,-2.571742535E-1,9.242390990E-1,-5.009094998E-2
3.097498662E1,-2.596177161E-1,9.279043078E-1,-5.070181563E-2
3.097705804E1,-2.638937831E-1,9.334021211E-1,-4.276056588E-2
3.097914043E1,-2.700024247E-1,9.474520087E-1,-4.337143153E-2
3.098114654E1,-2.755002379E-1,9.480628371E-1,-3.970624134E-2
3.098329108E1,-2.767219543E-1,9.535606503E-1,-3.970624134E-2
3.098512785E1,-2.816088796E-1,9.547823668E-1,-3.604105115E-2
3.098712812E1,-2.840523422E-1,9.553932548E-1,-3.665191308E-2
3.098919877E1,-2.858849466E-1,9.517280459E-1,-3.176499158E-2
3.099123343E1,-2.895501256E-1,9.511171579E-1,-2.932153270E-2
3.099330366E1,-2.938261926E-1,9.511171579E-1,-2.932153270E-2
3.099533885E1,-2.932153046E-1,9.437867999E-1,-2.382374369E-2
3.099740874E1,-2.944370508E-1,9.334021211E-1,-2.015855350E-2
3.099949154E1,-2.956587672E-1,9.175195694E-1,-1.771509275E-2
3.100145016E1,-2.974913716E-1,9.053022861E-1,-1.343903504E-2
3.100345697E1,-2.938261926E-1,8.827002645E-1,-9.162978269E-3
3.100552558E1,-2.950479090E-1,8.710938692E-1,-1.099557430E-2
3.100756074E1,-2.950479090E-1,8.442157507E-1,0.000000000E0
3.100963077E1,-2.926044464E-1,8.216137290E-1,5.497787148E-3
3.101166604E1,-2.919935882E-1,7.935139537E-1,7.941247895E-3
3.101369081E1,-2.901609838E-1,7.794640660E-1,1.221730467E-2
3.101569185E1,-2.895501256E-1,7.538077235E-1,1.649336144E-2
3.101776100E1,-2.901609838E-1,7.269296646E-1,2.015855350E-2
3.101984354E1,-2.901609838E-1,7.153232098E-1,2.260201424E-2
3.102184874E1,-2.883284092E-1,6.933320761E-1,2.382374369E-2
3.102380177E1,-2.840523422E-1,6.743952036E-1,2.565634064E-2
3.102587181E1,-2.852740586E-1,6.676757336E-1,2.748893574E-2
3.102790681E1,-2.828305960E-1,6.554583907E-1,3.054326214E-2
3.102997593E1,-2.791654170E-1,6.450737119E-1,3.420845419E-2
3.103201020E1,-2.730567753E-1,6.401867867E-1,3.298672289E-2
3.103407997E1,-2.693915665E-1,6.273586154E-1,3.481931984E-2
3.103611512E1,-2.602286041E-1,6.139195561E-1,3.970624134E-2
3.103818527E1,-2.583959997E-1,6.059783101E-1,3.909537569E-2
3.104026758E1,-2.498438805E-1,5.913175344E-1,4.459316283E-2
3.104222651E1,-2.425135076E-1,5.754350424E-1,4.764748737E-2
3.104435120E1,-2.394591719E-1,5.668829679E-1,4.764748737E-2
3.104625739E1,-2.327396572E-1,5.546656251E-1,5.009094998E-2
3.104825754E1,-2.278527319E-1,5.442809463E-1,5.192354694E-2
3.105032689E1,-2.211332172E-1,5.412266254E-1,5.375614017E-2
3.105236216E1,-2.193006277E-1,5.332853794E-1,5.681046844E-2
3.105443197E1,-2.144137025E-1,5.259549618E-1,5.803219974E-2
3.105646766E1,-2.125810981E-1,5.222898126E-1,5.925392732E-2
3.105853754E1,-2.083050460E-1,5.161811113E-1,5.986479297E-2
3.106062085E1,-2.034181207E-1,5.070181489E-1,6.475171447E-2
3.106262701E1,-1.960877478E-1,4.917465150E-1,6.658431143E-2
3.106470727E1,-1.985312104E-1,4.856378734E-1,6.963863969E-2
3.106661320E1,-1.905899495E-1,4.685336351E-1,7.391469181E-2
3.106861424E1,-1.887573600E-1,4.587597847E-1,7.635815442E-2
3.107068370E1,-1.826487035E-1,4.434881806E-1,7.635815442E-2
3.107271951E1,-1.759291887E-1,4.245513380E-1,8.124507964E-2
3.107478854E1,-1.685988009E-1,4.074471295E-1,8.491026610E-2
3.107682435E1,-1.624901593E-1,3.958406746E-1,8.491026610E-2
3.107889408E1,-1.521054506E-1,3.744603992E-1,8.491026610E-2
3.108097604E1,-1.417207420E-1,3.549126983E-1,8.613199741E-2
3.108293431E1,-1.356120855E-1,3.420845270E-1,8.613199741E-2
3.108493554E1,-1.203404516E-1,3.255911767E-1,8.307767659E-2
3.108700397E1,-1.130100712E-1,3.054326177E-1,8.674286306E-2
3.108903816E1,-1.062905490E-1,2.962696552E-1,8.613199741E-2
3.109110785E1,-9.529497474E-2,2.791654170E-1,8.857546002E-2
3.109314151E1,-8.735372871E-2,2.626720667E-1,8.491026610E-2
3.109521231E1,-8.368854225E-2,2.522873580E-1,8.307767659E-2
3.109724639E1,-7.513642311E-2,2.443460971E-1,7.941248268E-2
3.109931577E1,-6.780604273E-2,2.345722616E-1,7.452555746E-2
3.110139839E1,-6.352998316E-2,2.309070677E-1,7.269296050E-2
3.110340385E1,-6.169738993E-2,2.254092693E-1,6.658431143E-2
3.110536047E1,-5.986479297E-2,2.235766798E-1,6.414084882E-2
3.110742997E1,-6.108652428E-2,2.217440903E-1,6.047565863E-2
3.110946431E1,-5.925392732E-2,2.235766798E-1,5.619960278E-2
3.111153393E1,-6.291911751E-2,2.266310006E-1,5.192354694E-2
3.111356904E1,-6.536258012E-2,2.284636050E-1,5.070181563E-2
3.111563989E1,-6.780604273E-2,2.266310006E-1,4.948008433E-2
3.111767493E1,-6.902777404E-2,2.296853364E-1,4.031710699E-2
3.111974504E1,-7.086037099E-2,2.254092693E-1,4.337143153E-2
3.112182835E1,-7.086037099E-2,2.235766798E-1,4.276056588E-2
3.112378724E1,-7.391469181E-2,2.180788964E-1,4.092797264E-2
3.112591227E1,-7.513642311E-2,2.113593817E-1,4.214970022E-2
3.112781881E1,-7.635815442E-2,2.083050460E-1,4.398229718E-2
3.112981924E1,-7.757988572E-2,2.046398520E-1,4.398229718E-2
3.113188889E1,-7.574728876E-2,1.991420686E-1,4.642575979E-2
3.113392501E1,-7.330382615E-2,2.015855312E-1,4.642575979E-2
3.113599427E1,-7.513642311E-2,2.009746730E-1,5.070181563E-2
3.113803024E1,-7.513642311E-2,2.064724565E-1,5.803219974E-2
3.114010039E1,-7.086037099E-2,2.101376504E-1,5.681046844E-2
3.114218331E1,-7.024950534E-2,2.174680233E-1,6.475171447E-2
3.114418900E1,-6.658431143E-2,2.278527319E-1,7.330382615E-2
3.114633204E1,-6.169738993E-2,2.419026345E-1,7.880161703E-2
3.114816881E1,-5.864306539E-2,2.486221492E-1,8.735372871E-2
3.115016943E1,-4.948008433E-2,2.669481039E-1,1.032362282E-1
3.115223943E1,-4.398229718E-2,2.761110961E-1,1.081231460E-1
3.115427508E1,-4.276056588E-2,2.779437006E-1,1.130100712E-1
3.115634562E1,-4.092797264E-2,2.681698501E-1,1.081231460E-1
3.115838081E1,-4.153883830E-2,2.596177161E-1,1.032362282E-1
3.116046608E1,-3.909537569E-2,2.449569702E-1,8.796459436E-2
3.116253385E1,-3.787364438E-2,2.357939780E-1,7.819075137E-2
3.116449343E1,-3.176499158E-2,2.302961946E-1,7.208210230E-2
3.116649508E1,-2.443460934E-2,2.290744632E-1,6.414084882E-2
3.116856500E1,-1.771509275E-2,2.284636050E-1,6.169738993E-2
3.117060054E1,-9.773843922E-3,2.333505303E-1,6.414084882E-2
3.117267077E1,-6.719517522E-3,2.339613885E-1,6.597344577E-2
3.117470531E1,6.108652451E-4,2.412917763E-1,6.352998316E-2
3.117677470E1,1.038470957E-2,2.449569702E-1,6.658431143E-2
3.117880962E1,1.221730467E-2,2.461786866E-1,6.536258012E-2
3.118087939E1,1.771509275E-2,2.510656118E-1,6.230825558E-2
3.118296254E1,2.504547499E-2,2.547308207E-1,5.986479297E-2
3.118496924E1,2.748893574E-2,2.547308207E-1,5.803219974E-2
3.118692639E1,3.604105115E-2,2.583959997E-1,5.314527452E-2
3.118899635E1,4.153883830E-2,2.559525371E-1,5.192354694E-2
3.119103247E1,4.337143153E-2,2.559525371E-1,4.825835302E-2
3.119310231E1,5.070181563E-2,2.541199327E-1,5.314527452E-2
3.119513793E1,5.864306539E-2,2.565633953E-1,5.314527452E-2
3.119720766E1,6.352998316E-2,2.535090744E-1,5.253441259E-2
3.119924304E1,7.330382615E-2,2.510656118E-1,5.619960278E-2
3.120131320E1,8.185594529E-2,2.467895597E-1,5.925392732E-2
3.120339562E1,9.101892263E-2,2.486221492E-1,6.658431143E-2
3.120535470E1,9.407325089E-2,2.486221492E-1,7.147123665E-2
3.120747916E1,9.712757170E-2,2.339613885E-1,7.269296050E-2
3.120938581E1,9.468411654E-2,2.229658216E-1,7.024950534E-2
3.121138531E1,9.407325089E-2,2.021963894E-1,6.169738993E-2
3.121345424E1,9.346238524E-2,1.832595766E-1,5.192354694E-2
3.121548974E1,9.224065393E-2,1.673770845E-1,4.825835302E-2
3.121755916E1,9.651670605E-2,1.624901593E-1,4.948008433E-2
3.121959400E1,9.834930301E-2,1.533271819E-1,4.581489414E-2
3.122166308E1,1.069014147E-1,1.496619880E-1,4.764748737E-2
3.122374524E1,1.020144969E-1,1.472185254E-1,4.703662544E-2
3.122575077E1,1.075122803E-1,1.435533315E-1,5.009094998E-2
3.122783039E1,1.081231460E-1,1.386664063E-1,4.948008433E-2
3.122973631E1,1.069014147E-1,1.380555481E-1,5.253441259E-2
3.123173624E1,1.087340117E-1,1.362229437E-1,5.375614017E-2
3.123380539E1,1.105666086E-1,1.325577646E-1,5.436700583E-2
3.123583997E1,1.087340117E-1,1.307251602E-1,5.619960278E-2
3.123790943E1,1.081231460E-1,1.301143020E-1,5.803219974E-2
3.123994431E1,1.099557430E-1,1.313360333E-1,5.619960278E-2
3.124201447E1,1.093448773E-1,1.276708394E-1,5.925392732E-2
3.124409712E1,1.087340117E-1,1.258382350E-1,6.047565863E-2
3.124605570E1,1.123992056E-1,1.258382350E-1,6.108652428E-2
3.124805716E1,1.105666086E-1,1.246165112E-1,6.291911751E-2
3.125012674E1,1.117883399E-1,1.233947799E-1,6.719517708E-2
3.125216181E1,1.142318025E-1,1.203404516E-1,6.475171447E-2
3.125423170E1,1.142318025E-1,1.185078546E-1,6.841690838E-2
3.125626639E1,1.178969890E-1,1.160643995E-1,6.902777404E-2
3.125829216E1,1.191187203E-1,1.154535338E-1,6.902777404E-2
3.126029254E1,1.221730486E-1,1.111774743E-1,6.841690838E-2
3.126236250E1,1.252273768E-1,1.075122803E-1,6.658431143E-2
3.126444481E1,1.307251602E-1,1.020144969E-1,6.475171447E-2
3.126645077E1,1.331686229E-1,9.773843735E-2,6.536258012E-2
3.126841020E1,1.368338168E-1,9.529497474E-2,6.475171447E-2
3.127047962E1,1.380555481E-1,9.407325089E-2,6.230825558E-2
3.127251462E1,1.423316002E-1,9.590584040E-2,6.352998316E-2
3.127458412E1,1.411098689E-1,9.529497474E-2,6.414084882E-2
3.127661970E1,1.417207420E-1,1.014036313E-1,6.352998316E-2
3.127868897E1,1.447750628E-1,1.099557430E-1,6.414084882E-2
3.128072366E1,1.441642046E-1,1.191187203E-1,6.963863969E-2
3.128279300E1,1.514945775E-1,1.459967941E-1,8.796459436E-2
3.128487539E1,1.545489132E-1,1.606575549E-1,9.407325089E-2
3.128683458E1,1.533271819E-1,1.661553532E-1,9.346238524E-2
3.128895885E1,1.472185254E-1,1.649336219E-1,9.407325089E-2
3.129086562E1,1.362229437E-1,1.502728462E-1,8.796459436E-2
3.129286554E1,1.343903542E-1,1.429424733E-1,8.491026610E-2
3.129493516E1,1.295034289E-1,1.307251602E-1,7.147123665E-2
3.129696997E1,1.307251602E-1,1.295034289E-1,5.986479297E-2
3.129903970E1,1.301143020E-1,1.288925707E-1,5.803219974E-2
3.130107450E1,1.337794960E-1,1.337794960E-1,5.070181563E-2
3.130314450E1,1.337794960E-1,1.362229437E-1,4.886921868E-2
3.130522693E1,1.337794960E-1,1.368338168E-1,5.375614017E-2
3.130723300E1,1.337794960E-1,1.374446750E-1,5.558873713E-2
3.130937597E1,1.307251602E-1,1.380555481E-1,6.475171447E-2
3.131121197E1,1.331686229E-1,1.380555481E-1,6.414084882E-2
3.131321150E1,1.252273768E-1,1.386664063E-1,7.086037099E-2
3.131528120E1,1.258382350E-1,1.429424733E-1,7.391469181E-2
3.131731600E1,1.246165112E-1,1.429424733E-1,7.513642311E-2
3.131938524E1,1.209513173E-1,1.447750628E-1,8.002334833E-2
3.132142027E1,1.166752651E-1,1.472185254E-1,8.552113175E-2
3.132348985E1,1.148426682E-1,1.478293836E-1,8.613199741E-2
3.132557243E1,1.099557430E-1,1.478293836E-1,8.857546002E-2
3.132753143E1,1.075122803E-1,1.466076523E-1,8.857546002E-2
3.132953193E1,1.050688252E-1,1.441642046E-1,9.101892263E-2
3.133160181E1,1.056796908E-1,1.398881376E-1,9.468411654E-2
3.133363658E1,1.062905490E-1,1.343903542E-1,9.590584040E-2
3.133570554E1,1.038470939E-1,1.246165112E-1,9.773843735E-2
3.133774066E1,1.038470939E-1,1.154535338E-1,9.712757170E-2
3.133980970E1,1.056796908E-1,1.026253626E-1,1.014036313E-1
3.134184458E1,1.032362282E-1,8.674286306E-2,1.026253626E-1
3.134391300E1,1.075122803E-1,7.880161703E-2,1.020144969E-1
3.134599546E1,1.056796908E-1,6.169738993E-2,1.038470939E-1
3.134800204E1,1.026253626E-1,4.703662544E-2,1.099557430E-1
3.134995904E1,1.026253626E-1,4.214970022E-2,1.105666086E-1
3.135202747E1,1.032362282E-1,2.993239649E-2,1.148426682E-1
3.135406304E1,1.026253626E-1,2.260201424E-2,1.191187203E-1
3.135613174E1,1.050688252E-1,1.893682219E-2,1.203404516E-1
3.135816608E1,1.038470939E-1,1.710422710E-2,1.233947799E-1
3.136023520E1,1.117883399E-1,2.871066704E-2,1.380555481E-1
3.136226958E1,1.148426682E-1,3.481931984E-2,1.466076523E-1
3.136433839E1,1.215621829E-1,3.481931984E-2,1.582140923E-1
3.136642054E1,1.191187203E-1,1.771509275E-2,1.508837193E-1
3.136837800E1,1.172861308E-1,-3.054326167E-3,1.447750628E-1
3.137050189E1,1.148426682E-1,-1.282817032E-2,1.392772794E-1
3.137240762E1,1.093448773E-1,-2.382374369E-2,1.295034289E-1
3.137440812E1,1.093448773E-1,-2.015855350E-2,1.246165112E-1
3.137647689E1,1.075122803E-1,-1.649336144E-2,1.191187203E-1
3.137851170E1,1.075122803E-1,3.665191587E-3,1.093448773E-1
3.138058089E1,1.056796908E-1,2.260201424E-2,1.148426682E-1
3.138261550E1,1.062905490E-1,3.054326214E-2,1.154535338E-1
3.138468508E1,1.020144969E-1,4.398229718E-2,1.148426682E-1
3.138676796E1,9.590584040E-2,5.436700583E-2,1.185078546E-1
3.138877339E1,9.346238524E-2,5.803219974E-2,1.178969890E-1
3.139085343E1,9.040805697E-2,6.291911751E-2,1.185078546E-1
3.139275958E1,8.674286306E-2,6.719517708E-2,1.215621829E-1
3.139475931E1,8.552113175E-2,6.536258012E-2,1.258382350E-1
3.139682904E1,8.307767659E-2,6.597344577E-2,1.221730486E-1
3.139886389E1,8.185594529E-2,6.536258012E-2,1.233947799E-1
3.140093358E1,8.307767659E-2,6.536258012E-2,1.246165112E-1
3.140296820E1,8.063421398E-2,6.414084882E-2,1.270599663E-1
3.140503820E1,7.819075137E-2,6.597344577E-2,1.319468915E-1
3.140712073E1,7.757988572E-2,6.780604273E-2,1.337794960E-1
3.140907923E1,7.757988572E-2,7.452555746E-2,1.368338168E-1
3.141108062E1,7.269296050E-2,7.941248268E-2,1.429424733E-1
3.141315050E1,7.452555746E-2,8.246681094E-2,1.429424733E-1
3.141518523E1,7.208210230E-2,8.613199741E-2,1.459967941E-1
3.141725550E1,7.024950534E-2,8.246681094E-2,1.496619880E-1
3.141929066E1,7.330382615E-2,8.429940045E-2,1.496619880E-1
3.142135996E1,7.208210230E-2,7.941248268E-2,1.539380401E-1
3.142339562E1,7.574728876E-2,7.269296050E-2,1.569923609E-1
3.142546500E1,7.574728876E-2,6.291911751E-2,1.588249654E-1
3.142754843E1,8.063421398E-2,5.925392732E-2,1.606575549E-1
3.142955396E1,8.307767659E-2,4.459316283E-2,1.661553532E-1
3.143151054E1,8.857546002E-2,3.054326214E-2,1.685988009E-1
3.143358000E1,8.674286306E-2,2.138028294E-2,1.747074574E-1
3.143561497E1,8.918632567E-2,2.443460980E-3,1.777617931E-1
3.143768577E1,9.529497474E-2,-2.260201424E-2,1.765400618E-1
3.143972062E1,9.590584040E-2,-3.543018550E-2,1.771509200E-1
3.144179073E1,1.020144969E-1,-6.658431143E-2,1.783726513E-1
3.144382566E1,1.044579595E-1,-1.001819000E-1,1.753183305E-1
3.144589504E1,1.069014147E-1,-1.160643995E-1,1.716531366E-1
3.144797785E1,1.056796908E-1,-1.478293836E-1,1.716531366E-1
3.144993646E1,1.069014147E-1,-1.795943826E-1,1.667662114E-1
3.145206023E1,1.062905490E-1,-2.040289938E-1,1.637118906E-1
3.145396581E1,1.050688252E-1,-2.113593817E-1,1.618792862E-1
3.145596604E1,9.896016866E-2,-2.296853364E-1,1.576032341E-1
3.145803600E1,1.014036313E-1,-2.370157093E-1,1.557706445E-1
3.146007104E1,9.957103431E-2,-2.480112910E-1,1.484402567E-1
3.146214070E1,9.407325089E-2,-2.626720667E-1,1.380555481E-1
3.146417554E1,8.491026610E-2,-2.755002379E-1,1.337794960E-1
3.146624581E1,8.063421398E-2,-2.981022298E-1,1.099557430E-1
3.146832854E1,8.368854225E-2,-3.005456924E-1,9.773843735E-2
3.147033377E1,8.918632567E-2,-2.858849466E-1,1.007927656E-1
3.147247577E1,9.040805697E-2,-2.785545588E-1,1.087340117E-1
3.147431246E1,8.796459436E-2,-2.663372457E-1,1.178969890E-1
3.147631270E1,8.429940045E-2,-2.602286041E-1,1.252273768E-1
3.147838273E1,7.941248268E-2,-2.486221492E-1,1.252273768E-1
3.148041785E1,7.391469181E-2,-2.425135076E-1,1.136209369E-1
3.148248831E1,6.841690838E-2,-2.370157093E-1,1.007927656E-1
3.148452300E1,6.658431143E-2,-2.376265824E-1,9.773843735E-2
3.148659339E1,6.230825558E-2,-2.345722616E-1,8.185594529E-2
3.148867604E1,6.047565863E-2,-2.333505303E-1,7.086037099E-2
3.149063485E1,5.864306539E-2,-2.339613885E-1,6.841690838E-2
3.149263539E1,5.925392732E-2,-2.290744632E-1,5.497787148E-2
3.149470566E1,5.986479297E-2,-2.125810981E-1,5.131268129E-2
3.149674100E1,6.230825558E-2,-2.009746730E-1,5.192354694E-2
3.149881162E1,6.230825558E-2,-1.722639948E-1,6.108652428E-2
3.150084681E1,5.925392732E-2,-1.447750628E-1,6.597344577E-2
3.150287289E1,5.436700583E-2,-1.282816976E-1,7.208210230E-2
3.150487247E1,5.070181563E-2,-9.590584040E-2,7.452555746E-2
3.150694250E1,4.337143153E-2,-6.658431143E-2,7.574728876E-2
3.150902477E1,4.153883830E-2,-5.192354694E-2,7.452555746E-2
3.151103120E1,3.543018550E-2,-2.871066704E-2,7.513642311E-2
3.151298993E1,3.420845419E-2,-7.941247895E-3,7.452555746E-2
3.151506012E1,3.237585723E-2,-1.832595794E-3,7.574728876E-2
3.151709546E1,3.237585723E-2,6.719517522E-3,7.513642311E-2
3.151916581E1,3.543018550E-2,1.282817032E-2,7.880161703E-2
3.152120097E1,3.604105115E-2,1.282817032E-2,8.124507964E-2
3.152327208E1,4.031710699E-2,1.038470957E-2,7.941248268E-2
3.152530627E1,3.970624134E-2,1.099557430E-2,8.368854225E-2
3.152737627E1,4.276056588E-2,9.773843922E-3,8.491026610E-2
3.152945981E1,4.214970022E-2,9.773843922E-3,8.613199741E-2
3.153141835E1,4.153883830E-2,4.886921961E-3,8.857546002E-2
3.153354320E1,4.337143153E-2,1.832595794E-3,9.224065393E-2
3.153544962E1,4.092797264E-2,0.000000000E0,9.285151958E-2
3.153744893E1,4.214970022E-2,-3.054326167E-3,9.712757170E-2
3.153951962E1,4.031710699E-2,-6.719517522E-3,1.014036313E-1
3.154155531E1,4.153883830E-2,-7.941247895E-3,1.026253626E-1
3.154362531E1,4.031710699E-2,-1.038470957E-2,1.069014147E-1
3.154566012E1,4.276056588E-2,-1.160643995E-2,1.069014147E-1
3.154772900E1,4.337143153E-2,-1.282817032E-2,1.069014147E-1
3.154981223E1,4.276056588E-2,-1.588249579E-2,1.075122803E-1
3.155181785E1,4.092797264E-2,-2.076941915E-2,1.075122803E-1
3.155389877E1,4.153883830E-2,-2.260201424E-2,1.062905490E-1
3.155580531E1,4.031710699E-2,-2.565634064E-2,1.062905490E-1
3.155780531E1,3.970624134E-2,-2.932153270E-2,1.038470939E-1
3.155987508E1,3.787364438E-2,-3.115412779E-2,1.062905490E-1
3.156191104E1,3.726277873E-2,-3.481931984E-2,1.056796908E-1
3.156398093E1,3.665191308E-2,-3.665191308E-2,1.032362282E-1
3.156601623E1,3.420845419E-2,-3.909537569E-2,1.069014147E-1
3.156810108E1,3.481931984E-2,-3.909537569E-2,9.957103431E-2
3.157016881E1,3.054326214E-2,-4.214970022E-2,1.001819000E-1
3.157212770E1,2.382374369E-2,-3.970624134E-2,9.957103431E-2
3.157412877E1,1.954768784E-2,-4.398229718E-2,9.651670605E-2
3.157619846E1,1.282817032E-2,-4.642575979E-2,9.407325089E-2
3.157823404E1,1.221730467E-2,-4.581489414E-2,9.040805697E-2
3.158030347E1,5.497787148E-3,-4.886921868E-2,8.552113175E-2
3.158233820E1,1.221730490E-3,-5.192354694E-2,8.002334833E-2
3.158440762E1,-6.108652451E-4,-5.497787148E-2,7.635815442E-2
3.158644239E1,-2.443460980E-3,-5.681046844E-2,7.391469181E-2
3.158851131E1,-7.330383174E-3,-6.230825558E-2,6.780604273E-2
3.159059377E1,-6.108652335E-3,-6.352998316E-2,6.597344577E-2
3.159260070E1,-1.038470957E-2,-6.902777404E-2,6.658431143E-2
3.159455746E1,-9.162978269E-3,-7.513642311E-2,5.986479297E-2
3.159662712E1,-9.773843922E-3,-7.880161703E-2,5.436700583E-2
3.159866289E1,-1.160643995E-2,-8.124507964E-2,5.375614017E-2
3.160073131E1,-1.099557430E-2,-8.735372871E-2,5.131268129E-2
3.160276593E1,-8.552113548E-3,-9.346238524E-2,4.398229718E-2
3.160483527E1,-6.719517522E-3,-9.773843735E-2,3.970624134E-2
3.160686977E1,-3.665191587E-3,-1.044579595E-1,3.665191308E-2
3.160893877E1,-1.832595794E-3,-1.087340117E-1,2.932153270E-2
3.161102085E1,6.108652451E-4,-1.148426682E-1,2.443460934E-2
3.161297870E1,1.221730490E-3,-1.185078546E-1,2.260201424E-2
3.161510200E1,4.276056774E-3,-1.233947799E-1,1.832595654E-2
3.161700800E1,4.886921961E-3,-1.276708394E-1,1.893682219E-2
3.161900731E1,9.162978269E-3,-1.307251602E-1,1.404990070E-2
3.162107604E1,1.710422710E-2,-1.374446750E-1,1.282817032E-2
3.162311073E1,1.710422710E-2,-1.411098689E-1,1.221730467E-2
3.162517866E1,2.260201424E-2,-1.496619880E-1,9.773843922E-3
3.162721285E1,2.626720630E-2,-1.576032341E-1,9.162978269E-3
3.162928300E1,3.115412779E-2,-1.649336219E-1,7.330383174E-3
3.163136500E1,3.054326214E-2,-1.667662114E-1,8.552113548E-3
3.163336981E1,3.176499158E-2,-1.716531366E-1,6.719517522E-3
3.163551254E1,3.359758854E-2,-1.722639948E-1,9.773843922E-3
3.163734931E1,3.298672289E-2,-1.698205322E-1,8.552113548E-3
3.163934931E1,3.298672289E-2,-1.673770845E-1,8.552113548E-3
3.164141954E1,3.115412779E-2,-1.631010175E-1,9.162978269E-3
3.164345512E1,2.687807009E-2,-1.582140923E-1,1.221730467E-2
3.164552443E1,2.382374369E-2,-1.502728462E-1,1.099557430E-2
3.164755916E1,1.466076635E-2,-1.356120855E-1,1.710422710E-2
3.164962854E1,1.160643995E-2,-1.288925707E-1,1.954768784E-2
3.165171112E1,4.276056774E-3,-1.099557430E-1,2.687807009E-2
3.165366989E1,-7.941247895E-3,-9.285151958E-2,3.481931984E-2
3.165567146E1,-1.038470957E-2,-8.368854225E-2,4.092797264E-2
3.165774081E1,-2.015855350E-2,-7.147123665E-2,4.581489414E-2
3.165977593E1,-2.443460934E-2,-6.047565863E-2,4.886921868E-2
3.166184543E1,-2.932153270E-2,-5.375614017E-2,5.192354694E-2
3.166388043E1,-3.359758854E-2,-4.520402849E-2,5.314527452E-2
3.166594931E1,-3.970624134E-2,-3.970624134E-2,5.619960278E-2
3.166798427E1,-4.214970022E-2,-3.665191308E-2,5.619960278E-2
3.167005377E1,-4.948008433E-2,-3.237585723E-2,5.803219974E-2
3.167213708E1,-5.619960278E-2,-2.687807009E-2,5.986479297E-2
3.167414250E1,-6.597344577E-2,-2.260201424E-2,6.230825558E-2
3.167610077E1,-7.330382615E-2,-2.321287990E-2,6.475171447E-2
3.167817100E1,-7.635815442E-2,-2.138028294E-2,6.047565863E-2
3.168020573E1,-8.368854225E-2,-2.321287990E-2,5.986479297E-2
3.168227623E1,-8.674286306E-2,-2.260201424E-2,6.108652428E-2
3.168431166E1,-8.552113175E-2,-2.504547499E-2,5.803219974E-2
3.168638189E1,-8.735372871E-2,-2.932153270E-2,5.681046844E-2
3.168841716E1,-8.735372871E-2,-3.176499158E-2,5.619960278E-2
3.169048720E1,-8.552113175E-2,-3.665191308E-2,5.742133409E-2
3.169257035E1,-8.185594529E-2,-4.459316283E-2,5.803219974E-2
3.169452766E1,-7.880161703E-2,-4.581489414E-2,5.314527452E-2
3.169665220E1,-7.391469181E-2,-5.558873713E-2,5.192354694E-2
3.169855912E1,-6.841690838E-2,-6.108652428E-2,5.192354694E-2
3.170055962E1,-6.597344577E-2,-6.475171447E-2,5.131268129E-2
3.170262985E1,-6.352998316E-2,-6.963863969E-2,5.009094998E-2
3.170466443E1,-6.352998316E-2,-6.780604273E-2,5.558873713E-2
3.170673404E1,-6.230825558E-2,-6.536258012E-2,5.619960278E-2
3.170876873E1,-6.230825558E-2,-5.925392732E-2,5.925392732E-2
3.171083866E1,-6.169738993E-2,-5.375614017E-2,6.047565863E-2
3.171292093E1,-5.925392732E-2,-4.886921868E-2,6.475171447E-2
3.171492773E1,-6.169738993E-2,-4.337143153E-2,6.475171447E-2
3.171700746E1,-5.742133409E-2,-3.604105115E-2,6.414084882E-2
3.171891412E1,-5.497787148E-2,-3.359758854E-2,6.414084882E-2
3.172091416E1,-5.253441259E-2,-2.932153270E-2,5.864306539E-2
3.172298466E1,-5.192354694E-2,-2.809980139E-2,5.314527452E-2
3.172502054E1,-5.131268129E-2,-2.993239649E-2,5.375614017E-2
3.172709046E1,-4.948008433E-2,-3.237585723E-2,5.192354694E-2
3.172912539E1,-4.581489414E-2,-3.848451003E-2,4.153883830E-2
3.173119546E1,-4.581489414E-2,-4.153883830E-2,4.153883830E-2
3.173327820E1,-4.581489414E-2,-4.092797264E-2,3.909537569E-2
3.173523704E1,-4.581489414E-2,-4.153883830E-2,3.604105115E-2
3.173723823E1,-4.581489414E-2,-3.543018550E-2,3.787364438E-2
3.173930827E1,-4.642575979E-2,-3.420845419E-2,3.848451003E-2
3.174134320E1,-4.825835302E-2,-2.871066704E-2,3.604105115E-2
3.174341381E1,-5.253441259E-2,-2.321287990E-2,3.298672289E-2
3.174544904E1,-5.375614017E-2,-2.015855350E-2,3.359758854E-2
3.174747481E1,-5.742133409E-2,-1.343903504E-2,3.054326214E-2
3.174947593E1,-6.169738993E-2,-1.038470957E-2,3.420845419E-2
3.175154508E1,-6.291911751E-2,-1.038470957E-2,3.359758854E-2
3.175362831E1,-6.597344577E-2,-7.330383174E-3,3.298672289E-2
3.175563462E1,-6.536258012E-2,-1.832595794E-3,3.298672289E-2
3.175759431E1,-6.780604273E-2,-6.108652451E-4,3.481931984E-2
3.175966346E1,-6.597344577E-2,1.221730490E-3,3.298672289E-2
3.176169892E1,-3.726277873E-2,-7.330383174E-3,2.626720630E-2
3.176376900E1,-3.543018550E-2,1.832595654E-2,2.932153270E-2
3.176580393E1,-2.015855350E-2,1.649336144E-2,2.199114859E-2
3.176787427E1,-5.497787148E-2,2.076941915E-2,1.588249579E-2
3.176990985E1,-7.513642311E-2,2.443460934E-2,1.404990070E-2
3.177197946E1,-1.038470939E-1,7.086037099E-2,1.710422710E-2
3.177406146E1,-1.337794960E-1,1.117883399E-1,2.199114859E-2
3.177602027E1,-1.472185254E-1,1.288925707E-1,3.054326214E-2
3.177814516E1,-1.484402567E-1,1.301143020E-1,3.481931984E-2
3.178005135E1,-1.533271819E-1,1.282816976E-1,5.131268129E-2
3.178205135E1,-1.539380401E-1,1.246165112E-1,5.131268129E-2
3.178412077E1,-1.496619880E-1,1.038470939E-1,4.825835302E-2
3.178615596E1,-1.435533315E-1,8.002334833E-2,5.253441259E-2
3.178822554E1,-1.362229437E-1,5.925392732E-2,5.131268129E-2
3.179026096E1,-1.343903542E-1,4.948008433E-2,4.520402849E-2
3.179233116E1,-1.392772794E-1,3.909537569E-2,5.009094998E-2
3.179441331E1,-1.441642046E-1,3.543018550E-2,4.276056588E-2
3.179641939E1,-1.502728462E-1,3.420845419E-2,4.520402849E-2
3.179856296E1,-1.569923609E-1,3.420845419E-2,4.825835302E-2
3.180040008E1,-1.661553532E-1,3.665191308E-2,4.642575979E-2
3.180240004E1,-1.704314053E-1,3.848451003E-2,4.581489414E-2
3.180446985E1,-1.747074574E-1,4.214970022E-2,4.886921868E-2
3.180650527E1,-1.783726513E-1,5.192354694E-2,4.520402849E-2
3.180857408E1,-1.789835095E-1,5.619960278E-2,4.520402849E-2
3.181060935E1,-1.795943826E-1,6.475171447E-2,4.520402849E-2
3.181267904E1,-1.802052408E-1,7.513642311E-2,4.214970022E-2
3.181476092E1,-1.777617931E-1,7.880161703E-2,4.031710699E-2
3.181671862E1,-1.771509200E-1,8.368854225E-2,4.886921868E-2
3.181871916E1,-1.765400618E-1,9.162978828E-2,4.520402849E-2
3.182078812E1,-1.759291887E-1,9.468411654E-2,4.886921868E-2
3.182282385E1,-1.771509200E-1,1.044579595E-1,4.825835302E-2
3.182489327E1,-1.771509200E-1,1.117883399E-1,5.253441259E-2
3.182692793E1,-1.753183305E-1,1.172861308E-1,5.192354694E-2
3.182899719E1,-1.808161139E-1,1.319468915E-1,5.742133409E-2
3.183103212E1,-1.857030392E-1,1.453859210E-1,5.436700583E-2
3.183310135E1,-1.863138974E-1,1.576032341E-1,5.864306539E-2
3.183518427E1,-1.918116808E-1,1.606575549E-1,5.742133409E-2
3.183719031E1,-1.948660165E-1,1.685988009E-1,5.925392732E-2
3.183914700E1,-1.936442852E-1,1.734857261E-1,5.864306539E-2
3.184121654E1,-1.979203373E-1,1.753183305E-1,6.169738993E-2
3.184325181E1,-1.979203373E-1,1.795943826E-1,5.619960278E-2
3.184532104E1,-1.991420686E-1,1.814269722E-1,5.742133409E-2
3.184735612E1,-2.021963894E-1,1.832595766E-1,5.742133409E-2
3.184942543E1,-2.021963894E-1,1.857030392E-1,5.253441259E-2
3.185145954E1,-2.046398520E-1,1.863138974E-1,5.497787148E-2
3.185352954E1,-2.040289938E-1,1.875356287E-1,5.314527452E-2
3.185561277E1,-2.046398520E-1,1.863138974E-1,5.253441259E-2
3.185757158E1,-2.040289938E-1,1.850921661E-1,4.825835302E-2
3.185969589E1,-2.015855312E-1,1.832595766E-1,4.886921868E-2
3.186160177E1,-1.991420686E-1,1.808161139E-1,4.520402849E-2
3.186360219E1,-1.936442852E-1,1.753183305E-1,4.092797264E-2
3.186567181E1,-1.905899495E-1,1.759291887E-1,3.848451003E-2
3.186770631E1,-1.850921661E-1,1.679879427E-1,3.726277873E-2
3.186977642E1,-1.795943826E-1,1.612684280E-1,3.054326214E-2
3.187181104E1,-1.777617931E-1,1.551597714E-1,2.809980139E-2
3.187388162E1,-1.728748679E-1,1.466076523E-1,2.565634064E-2
3.187596466E1,-1.679879427E-1,1.356120855E-1,1.954768784E-2
3.187797073E1,-1.588249654E-1,1.246165112E-1,1.466076635E-2
3.188005096E1,-1.551597714E-1,1.178969890E-1,1.710422710E-2
3.188195635E1,-1.502728462E-1,1.026253626E-1,1.282817032E-2
3.188395673E1,-1.435533315E-1,9.651670605E-2,9.773843922E-3
3.188602616E1,-1.331686229E-1,7.941248268E-2,9.162978269E-3
3.188806219E1,-1.221730486E-1,6.658431143E-2,3.054326167E-3
3.189013123E1,-1.093448773E-1,5.375614017E-2,0.000000000E0
3.189216696E1,-1.026253626E-1,4.398229718E-2,1.221730490E-3
3.189423631E1,-8.979719132E-2,3.298672289E-2,0.000000000E0
3.189631842E1,-7.880161703E-2,2.015855350E-2,-6.719517522E-3
3.189827619E1,-7.208210230E-2,1.527163107E-2,-6.108652335E-3
3.190027673E1,-5.864306539E-2,6.108652335E-3,-7.941247895E-3
3.190234596E1,-4.642575979E-2,-4.276056774E-3,-9.773843922E-3
3.190438043E1,-4.276056588E-2,-6.108652335E-3,-1.343903504E-2
3.190644985E1,-3.054326214E-2,-1.466076635E-2,-1.466076635E-2
3.190848396E1,-2.076941915E-2,-1.954768784E-2,-1.649336144E-2
3.191055335E1,-1.343903504E-2,-2.076941915E-2,-1.954768784E-2
3.191258858E1,-3.665191587E-3,-2.687807009E-2,-2.260201424E-2
3.191465869E1,6.719517522E-3,-3.054326214E-2,-2.626720630E-2
3.191674146E1,1.527163107E-2,-3.298672289E-2,-2.809980139E-2
3.191874739E1,2.138028294E-2,-3.604105115E-2,-2.871066704E-2
3.192070512E1,2.871066704E-2,-3.970624134E-2,-3.115412779E-2
3.192277427E1,3.481931984E-2,-4.337143153E-2,-3.298672289E-2
3.192480916E1,4.153883830E-2,-5.192354694E-2,-3.848451003E-2
3.192687904E1,4.459316283E-2,-6.352998316E-2,-4.276056588E-2
3.192891381E1,4.703662544E-2,-7.513642311E-2,-4.703662544E-2
3.193098327E1,5.131268129E-2,-8.491026610E-2,-4.886921868E-2
3.193301827E1,5.497787148E-2,-9.834930301E-2,-5.375614017E-2
3.193508789E1,5.742133409E-2,-1.142318025E-1,-5.864306539E-2
3.193716989E1,6.291911751E-2,-1.227839142E-1,-6.108652428E-2
3.193912827E1,7.147123665E-2,-1.398881376E-1,-6.536258012E-2
3.194125216E1,7.696902007E-2,-1.569923609E-1,-6.841690838E-2
3.194315862E1,8.002334833E-2,-1.643227488E-1,-7.086037099E-2
3.194515877E1,8.918632567E-2,-1.820378453E-1,-7.024950534E-2
3.194722866E1,1.014036313E-1,-1.942551434E-1,-7.635815442E-2
3.194926435E1,1.087340117E-1,-2.028072625E-1,-7.757988572E-2
3.195133404E1,1.197295859E-1,-2.186897546E-1,-7.941248268E-2
3.195336946E1,1.343903542E-1,-2.370157093E-1,-8.063421398E-2
3.195543896E1,1.417207420E-1,-2.412917763E-1,-7.819075137E-2
3.195752246E1,1.576032341E-1,-2.541199327E-1,-8.124507964E-2
3.195952773E1,1.716531366E-1,-2.675589919E-1,-8.124507964E-2
3.196166996E1,1.966986060E-1,-2.797762752E-1,-8.307767659E-2
3.196350581E1,1.930334121E-1,-2.852740586E-1,-8.552113175E-2
3.196550593E1,2.046398520E-1,-3.133738637E-1,-9.651670605E-2
3.196757508E1,2.089159191E-1,-3.323107064E-1,-1.050688252E-1
3.196961016E1,2.150245607E-1,-3.756821156E-1,-1.209513173E-1
3.197167931E1,2.321287990E-1,-4.068362415E-1,-1.325577646E-1
3.197371400E1,2.364048511E-1,-4.153883755E-1,-1.288925707E-1
3.197579850E1,2.565633953E-1,-4.153883755E-1,-1.178969890E-1
3.197786589E1,2.724458873E-1,-3.970624208E-1,-8.735372871E-2
3.197982377E1,2.785545588E-1,-3.885102868E-1,-6.658431143E-2
3.198182500E1,2.840523422E-1,-3.683517575E-1,-3.481931984E-2
3.198389443E1,2.834414840E-1,-3.543018401E-1,-1.404990070E-2
3.198592908E1,2.785545588E-1,-3.414736688E-1,-3.665191587E-3
3.198799777E1,2.791654170E-1,-3.390302062E-1,-3.054326167E-3
3.199003281E1,2.748893499E-1,-3.341432810E-1,0.000000000E0
3.199205827E1,2.718350291E-1,-2.987131178E-1,0.000000000E0
3.199405800E1,2.467895597E-1,-3.054326177E-1,6.108652451E-4
3.199612696E1,1.912008226E-1,-3.011565804E-1,-7.330383174E-3
3.199820950E1,1.698205322E-1,-3.005456924E-1,-1.099557430E-2
3.200020850E1,1.606575549E-1,-3.005456924E-1,-1.527163107E-2
3.200216781E1,1.533271819E-1,-2.895501256E-1,-3.665191587E-3
3.200423604E1,1.545489132E-1,-2.858849466E-1,2.015855350E-2
3.200627154E1,1.551597714E-1,-2.822197378E-1,2.748893574E-2
3.200834042E1,1.557706445E-1,-2.785545588E-1,4.214970022E-2
3.201037562E1,1.441642046E-1,-2.577851415E-1,3.420845419E-2
