"t","x","y","z"
7.410260000E-3,9.265560150E0,-1.400607944E0,2.559401512E0
9.514067000E-3,9.289502144E0,-1.280897856E0,2.901772499E0
1.154879800E-2,9.361329079E0,-1.223437071E0,3.007117271E0
1.359641400E-2,9.454702377E0,-1.187524080E0,2.947262287E0
1.559683700E-2,9.469067574E0,-1.165976286E0,2.894589901E0
1.766595200E-2,9.488221169E0,-1.161187768E0,2.803610086E0
1.970068300E-2,9.464279175E0,-1.185129881E0,2.729389906E0
2.177002900E-2,9.437943459E0,-1.180341482E0,2.703053713E0
2.380491300E-2,9.361329079E0,-1.192312479E0,2.662352324E0
2.587468300E-2,9.313444138E0,-1.244984865E0,2.626439333E0
2.791006700E-2,9.315838814E0,-1.273715258E0,2.600103140E0
2.993464400E-2,9.356540680E0,-1.345541358E0,2.568978310E0
3.196622100E-2,9.402029991E0,-1.426944256E0,2.561795712E0
3.403464400E-2,9.423578262E0,-1.462857246E0,2.571372509E0
3.606891300E-2,9.461885452E0,-1.527500629E0,2.600103140E0
3.813772100E-2,9.488221169E0,-1.561019540E0,2.628833532E0
4.017249000E-2,9.485827446E0,-1.580173135E0,2.647987127E0
4.219787500E-2,9.526528358E0,-1.611297727E0,2.683900118E0
4.419745200E-2,9.567230225E0,-1.613691926E0,2.707842112E0
4.626595200E-2,9.564835548E0,-1.628057122E0,2.719813108E0
4.830064400E-2,9.564835548E0,-1.623268723E0,2.734178305E0
5.030026000E-2,9.536105156E0,-1.611297727E0,2.755726099E0
5.246833600E-2,9.485827446E0,-1.589749932E0,2.774879694E0
5.434637500E-2,9.449913979E0,-1.575384736E0,2.791639090E0
5.634614400E-2,9.406818390E0,-1.553836942E0,2.837129116E0
5.841483600E-2,9.411606789E0,-1.541865945E0,2.853888512E0
6.044952900E-2,9.423578262E0,-1.510741234E0,2.861071110E0
6.251818300E-2,9.445125580E0,-1.498770237E0,2.858676910E0
6.455275900E-2,9.485827446E0,-1.525106430E0,2.839523315E0
6.662187500E-2,9.493009567E0,-1.529894829E0,2.825158119E0
6.865679800E-2,9.488221169E0,-1.544260144E0,2.796427488E0
7.069006700E-2,9.485827446E0,-1.565807939E0,2.779668093E0
7.277537500E-2,9.488221169E0,-1.582567334E0,2.772485495E0
7.473329800E-2,9.473855972E0,-1.611297727E0,2.770091295E0
7.673249000E-2,9.452308655E0,-1.620874524E0,2.772485495E0
7.880141300E-2,9.449913979E0,-1.625662923E0,2.777273893E0
8.083595200E-2,9.449913979E0,-1.620874524E0,2.791639090E0
8.290525900E-2,9.454702377E0,-1.608903527E0,2.806004286E0
8.494018200E-2,9.449913979E0,-1.618480325E0,2.803610086E0
8.700906700E-2,9.440337181E0,-1.616086125E0,2.789244890E0
8.904379800E-2,9.404424667E0,-1.613691926E0,2.762908697E0
9.107437500E-2,9.394847870E0,-1.608903527E0,2.741360903E0
9.307522100E-2,9.392453194E0,-1.584961534E0,2.717418909E0
9.514425900E-2,9.375694275E0,-1.596932530E0,2.710236311E0
9.717887500E-2,9.361329079E0,-1.584961534E0,2.700659513E0
9.924810500E-2,9.349357605E0,-1.592144132E0,2.695871115E0
1.012821440E-1,9.349357605E0,-1.589749932E0,2.698265314E0
1.033507210E-1,9.344569206E0,-1.599326730E0,2.717418909E0
1.053848360E-1,9.342175484E0,-1.604115129E0,2.731784105E0
1.074527980E-1,9.351752281E0,-1.592144132E0,2.760514498E0
1.094867210E-1,9.363722801E0,-1.582567334E0,2.758120298E0
1.114859900E-1,9.366117477E0,-1.589749932E0,2.772485495E0
1.135155290E-1,9.380482674E0,-1.565807939E0,2.803610086E0
1.155839520E-1,9.373299599E0,-1.549048543E0,2.822763920E0
1.176178750E-1,9.361329079E0,-1.539471745E0,2.820369720E0
1.196857980E-1,9.349357605E0,-1.532289028E0,2.813186884E0
1.217198360E-1,9.363722801E0,-1.517923832E0,2.806004286E0
1.237879130E-1,9.361329079E0,-1.515529633E0,2.796427488E0
1.258224130E-1,9.342175484E0,-1.505952835E0,2.875436306E0
1.278900280E-1,9.397241592E0,-1.489193439E0,2.992752075E0
1.299246050E-1,9.390059471E0,-1.462857246E0,2.992752075E0
1.319272590E-1,9.346963882E0,-1.417367458E0,2.937685490E0
1.340190670E-1,9.301473618E0,-1.403002143E0,2.724601507E0
1.359719510E-1,9.282320023E0,-1.398213744E0,2.674323320E0
1.379713750E-1,9.282320023E0,-1.398213744E0,2.650381327E0
1.400398360E-1,9.255983353E0,-1.412579060E0,2.762908697E0
1.420739900E-1,9.255983353E0,-1.412579060E0,2.810792685E0
1.441421050E-1,9.270348549E0,-1.410184860E0,2.861071110E0
1.461762590E-1,9.299078941E0,-1.403002143E0,2.904166698E0
1.482449130E-1,9.289502144E0,-1.374271750E0,2.911349297E0
1.502802980E-1,9.270348549E0,-1.362300754E0,2.911349297E0
1.522792210E-1,9.246406555E0,-1.352723956E0,2.899378300E0
1.543655670E-1,9.232041359E0,-1.338358760E0,2.899378300E0
1.563271820E-1,9.220070839E0,-1.338358760E0,2.906560898E0
1.583267210E-1,9.198522568E0,-1.323993564E0,2.906560898E0
1.603961050E-1,9.198522568E0,-1.331176162E0,2.892195702E0
1.624308740E-1,9.184157372E0,-1.333570361E0,2.896984100E0
1.645000670E-1,9.169792175E0,-1.309628367E0,2.875436306E0
1.665349130E-1,9.169792175E0,-1.283292055E0,2.865859509E0
1.686039510E-1,9.181763649E0,-1.295263171E0,2.858676910E0
1.706391820E-1,9.193734169E0,-1.316810966E0,2.851494312E0
1.726424900E-1,9.210494041E0,-1.321599364E0,2.832340717E0
1.746452980E-1,9.217676163E0,-1.328781962E0,2.834734917E0
1.767140280E-1,9.227252960E0,-1.331176162E0,2.841917515E0
1.787484510E-1,9.232041359E0,-1.357512355E0,2.846705914E0
1.808175280E-1,9.229647636E0,-1.364694953E0,2.851494312E0
1.828521440E-1,9.229647636E0,-1.352723956E0,2.844311714E0
1.849211440E-1,9.236829758E0,-1.371877551E0,2.837129116E0
1.869552970E-1,9.248801231E0,-1.371877551E0,2.839523315E0
1.890239130E-1,9.265560150E0,-1.386242747E0,2.834734917E0
1.910580670E-1,9.258378029E0,-1.393425345E0,2.837129116E0
1.930572970E-1,9.255983353E0,-1.400607944E0,2.834734917E0
1.950884130E-1,9.263166428E0,-1.388636947E0,2.861071110E0
1.971569130E-1,9.279925346E0,-1.393425345E0,2.873042107E0
1.991912200E-1,9.311050415E0,-1.393425345E0,2.870647907E0
2.012595670E-1,9.323021889E0,-1.388636947E0,2.868253708E0
2.032948740E-1,9.339780807E0,-1.386242747E0,2.865859509E0
2.053631440E-1,9.346963882E0,-1.412579060E0,2.849100113E0
2.073968740E-1,9.344569206E0,-1.407790542E0,2.841917515E0
2.094659130E-1,9.354146004E0,-1.417367458E0,2.839523315E0
2.115003740E-1,9.375694275E0,-1.422155857E0,2.853888512E0
2.135029900E-1,9.387664795E0,-1.431732655E0,2.858676910E0
2.155950670E-1,9.390059471E0,-1.443703651E0,2.863465309E0
2.175473360E-1,9.392453194E0,-1.453280449E0,2.885013103E0
2.195465280E-1,9.387664795E0,-1.443703651E0,2.887407303E0
2.216154510E-1,9.397241592E0,-1.414973259E0,2.896984100E0
2.236500670E-1,9.402029991E0,-1.410184860E0,2.925714493E0
2.257187590E-1,9.404424667E0,-1.414973259E0,2.930502892E0
2.277532200E-1,9.402029991E0,-1.414973259E0,2.947262287E0
2.298219130E-1,9.409213066E0,-1.410184860E0,2.952050686E0
2.318561050E-1,9.414001465E0,-1.400607944E0,2.944868088E0
2.338555670E-1,9.421183586E0,-1.395819545E0,2.918531895E0
2.359404510E-1,9.404424667E0,-1.379060149E0,2.904166698E0
2.379022200E-1,9.406818390E0,-1.364694953E0,2.904166698E0
2.399015280E-1,9.402029991E0,-1.359906554E0,2.887407303E0
2.419701430E-1,9.409213066E0,-1.345541358E0,2.889801502E0
2.440046430E-1,9.425971985E0,-1.333570361E0,2.885013103E0
2.460730660E-1,9.433155060E0,-1.309628367E0,2.868253708E0
2.481071430E-1,9.416395187E0,-1.295263171E0,2.863465309E0
2.501752200E-1,9.394847870E0,-1.295263171E0,2.868253708E0
2.522090280E-1,9.390059471E0,-1.290474772E0,2.863465309E0
2.542382200E-1,9.378087997E0,-1.285686255E0,2.858676910E0
2.562397970E-1,9.375694275E0,-1.256955862E0,2.885013103E0
2.583082200E-1,9.370905876E0,-1.249773264E0,2.954444885E0
2.603428740E-1,9.354146004E0,-1.235408068E0,3.124433279E0
2.624112200E-1,9.342175484E0,-1.206677675E0,3.280056238E0
2.644451430E-1,9.323021889E0,-1.197100878E0,3.332728863E0
2.665132590E-1,9.289502144E0,-1.173158884E0,3.387795448E0
2.685472590E-1,9.291896820E0,-1.369483352E0,4.668693542E0
2.706155280E-1,9.119514465E0,-1.592144132E0,5.315127850E0
2.726498360E-1,9.291896820E0,-1.872265697E0,5.743690014E0
2.746753360E-1,9.287108421E0,-1.817199111E0,4.850652695E0
2.767064890E-1,9.361329079E0,-1.740584612E0,4.692635536E0
2.787753740E-1,9.155426979E0,-1.450886250E0,3.849876404E0
2.808097200E-1,9.078812599E0,-1.211466074E0,3.521870613E0
2.828783740E-1,8.896853447E0,-1.072602391E0,2.983175278E0
2.849129510E-1,8.894459724E0,-9.074024558E-1,2.966415882E0
2.869374120E-1,8.875306129E0,-7.757213712E-1,2.667140722E0
2.889371430E-1,8.932766914E0,-7.613561153E-1,2.636016130E0
2.910058360E-1,8.973467827E0,-7.134721279E-1,2.609679937E0
2.930404890E-1,9.042900085E0,-7.015010715E-1,2.657563925E0
2.951098360E-1,9.131484985E0,-6.919242740E-1,2.566584110E0
2.972802970E-1,9.165003777E0,-6.847416759E-1,2.547430515E0
2.991977970E-1,9.217676163E0,-6.655880809E-1,2.511517525E0
3.011969890E-1,9.282320023E0,-6.584054828E-1,2.480392933E0
3.032656820E-1,9.287108421E0,-6.560112834E-1,2.458845139E0
3.052999120E-1,9.337387085E0,-6.224924326E-1,2.525882721E0
3.073689120E-1,9.346963882E0,-6.320692301E-1,2.446874142E0
3.094044890E-1,9.358934402E0,-6.320692301E-1,2.353500366E0
3.114732970E-1,9.437943459E0,-6.224924326E-1,2.343923569E0
3.135081820E-1,9.440337181E0,-6.081272364E-1,2.308010340E0
3.155309120E-1,9.452308655E0,-6.009446383E-1,2.214636564E0
3.176166050E-1,9.519346237E0,-6.009446383E-1,2.238578558E0
3.195781820E-1,9.500192642E0,-5.841852427E-1,2.183511972E0
3.215777580E-1,9.502586365E0,-5.817909837E-1,2.205059767E0
3.236464510E-1,9.473855972E0,-5.578489900E-1,2.224213362E0
3.256807200E-1,9.454702377E0,-5.434837937E-1,2.195482969E0
3.277491820E-1,9.437943459E0,-5.363011956E-1,2.118868589E0
3.297836430E-1,9.445125580E0,-5.195417404E-1,2.109291792E0
3.318522970E-1,9.416395187E0,-4.908113480E-1,2.049436569E0
3.338870280E-1,9.440337181E0,-5.027823448E-1,2.018311977E0
3.359551820E-1,9.418789864E0,-5.099649429E-1,1.922544003E0
3.379932200E-1,9.416395187E0,-5.123591423E-1,1.817199111E0
3.400620660E-1,9.392453194E0,-5.027823448E-1,1.759738207E0
3.420965660E-1,9.361329079E0,-4.908113480E-1,1.675941229E0
3.441652580E-1,9.387664795E0,-5.051765442E-1,1.685518026E0
3.462001810E-1,9.390059471E0,-5.291185975E-1,1.704671621E0
3.482688740E-1,9.390059471E0,-5.386953950E-1,1.702277422E0
3.503035660E-1,9.404424667E0,-5.674257874E-1,1.668758631E0
3.523722580E-1,9.461885452E0,-6.057330370E-1,1.596932530E0
3.544067580E-1,9.466673851E0,-6.224924326E-1,1.522712231E0
3.564331430E-1,9.514557838E0,-6.751648784E-1,1.503558636E0
3.584642970E-1,9.538499832E0,-6.919242740E-1,1.436521053E0
3.605338350E-1,9.600749016E0,-7.230489254E-1,1.498770237E0
3.625686040E-1,9.593565941E0,-7.374141216E-1,1.489193439E0
3.646375280E-1,9.574412346E0,-7.948749661E-1,1.381454349E0
3.666724890E-1,9.557653427E0,-8.403648138E-1,1.304839969E0
3.687415660E-1,9.555258751E0,-8.427590132E-1,1.280897856E0
3.707770660E-1,9.562441826E0,-8.523358107E-1,1.209071875E0
3.728464120E-1,9.612719536E0,-8.499416113E-1,1.204283476E0
3.748818350E-1,9.639056206E0,-8.619126081E-1,1.256955862E0
3.768854120E-1,9.696516991E0,-8.762778044E-1,1.438915253E0
3.789774890E-1,9.749189377E0,-9.026140571E-1,1.656787634E0
3.809311040E-1,9.773131371E0,-9.169792533E-1,1.766920805E0
3.829317970E-1,9.801861763E0,-9.433154464E-1,1.948880196E0
3.850014120E-1,9.832986832E0,-9.504981041E-1,2.104503393E0
3.870371810E-1,9.847352028E0,-9.624691010E-1,2.164358377E0
3.891065660E-1,9.854534149E0,-9.911994934E-1,2.238578558E0
3.911416810E-1,9.847352028E0,-1.034295082E0,2.274491549E0
3.932107970E-1,9.844957352E0,-1.053448796E0,2.267308950E0
3.952462970E-1,9.828198433E0,-1.086967587E0,2.229001760E0
3.972783350E-1,9.801861763E0,-1.101332784E0,2.154781580E0
3.993657580E-1,9.785101891E0,-1.130063176E0,2.087743998E0
4.013280660E-1,9.758766174E0,-1.149216771E0,2.047042370E0
4.033285270E-1,9.765948296E0,-1.163581967E0,1.958456993E0
4.053974890E-1,9.787496567E0,-1.161187768E0,1.898601890E0
4.074324500E-1,9.794678688E0,-1.173158884E0,1.879448295E0
4.095018350E-1,9.806650162E0,-1.192312479E0,1.853112102E0
4.115368350E-1,9.818621635E0,-1.194706678E0,1.817199111E0
4.136058740E-1,9.821015358E0,-1.199495077E0,1.810016513E0
4.156407970E-1,9.821015358E0,-1.199495077E0,1.795651317E0
4.176718350E-1,9.830592155E0,-1.228225470E0,1.771709204E0
4.196734120E-1,9.821015358E0,-1.237802267E0,1.771709204E0
4.217424120E-1,9.811438560E0,-1.264138460E0,1.752555609E0
4.237770270E-1,9.825803757E0,-1.273715258E0,1.728613615E0
4.258461810E-1,9.818621635E0,-1.271321058E0,1.707065821E0
4.278804500E-1,9.828198433E0,-1.285686255E0,1.699883223E0
4.299489890E-1,9.861717224E0,-1.295263171E0,1.707065821E0
4.319831040E-1,9.892841339E0,-1.312022567E0,1.719036818E0
4.340517580E-1,9.931148529E0,-1.357512355E0,1.766920805E0
4.360862200E-1,9.959878922E0,-1.369483352E0,1.795651317E0
4.381176810E-1,9.955090523E0,-1.369483352E0,1.793257117E0
4.401485660E-1,9.923966408E0,-1.359906554E0,1.807622313E0
4.422176040E-1,9.892841339E0,-1.316810966E0,1.814804912E0
4.442526040E-1,9.878476143E0,-1.314416766E0,1.814804912E0
4.463215660E-1,9.876082420E0,-1.307234168E0,1.824381709E0
4.483567960E-1,9.866505623E0,-1.285686255E0,1.817199111E0
4.504261430E-1,9.844957352E0,-1.264138460E0,1.833958507E0
4.524612960E-1,9.837775230E0,-1.268926859E0,1.845929503E0
4.545304890E-1,9.866505623E0,-1.297657371E0,1.956062794E0
4.565662200E-1,1.004607010E1,-1.335964561E0,2.102109194E0
4.585699120E-1,1.007240677E1,-1.355118155E0,2.138022184E0
4.606622960E-1,1.006761837E1,-1.362300754E0,2.161964178E0
4.626163730E-1,1.001733971E1,-1.338358760E0,2.147598982E0
4.646167580E-1,9.993397713E0,-1.331176162E0,2.130839586E0
4.666862190E-1,9.964667320E0,-1.300051570E0,2.063801765E0
4.687210660E-1,9.919178009E0,-1.237802267E0,1.968033791E0
4.707901810E-1,9.895236015E0,-1.201889277E0,1.927332401E0
4.728249120E-1,9.859322548E0,-1.139639974E0,1.853112102E0
4.748938350E-1,9.799467087E0,-1.070208192E0,1.783680320E0
4.769286810E-1,9.763554573E0,-1.024718285E0,1.754949808E0
4.789284120E-1,9.753977776E0,-9.552865028E-1,1.678335428E0
4.810125270E-1,9.758766174E0,-9.026140571E-1,1.623268723E0
4.829746810E-1,9.770736694E0,-8.786720037E-1,1.601720929E0
4.849747190E-1,9.789890289E0,-8.762778044E-1,1.587355733E0
4.870436420E-1,9.821015358E0,-8.403648138E-1,1.534683347E0
4.890783350E-1,9.821015358E0,-8.283938169E-1,1.498770237E0
4.911472960E-1,9.797073364E0,-8.044517636E-1,1.470039845E0
4.931820660E-1,9.780313492E0,-7.829039693E-1,1.465251446E0
4.952512190E-1,9.775525093E0,-7.445967197E-1,1.467645645E0
4.972862960E-1,9.777919769E0,-7.326257229E-1,1.467645645E0
4.992887190E-1,9.787496567E0,-7.110779285E-1,1.472434044E0
5.012914500E-1,9.756371498E0,-6.655880809E-1,1.474828243E0
5.033604890E-1,9.744400978E0,-6.536170840E-1,1.470039845E0
5.053954120E-1,9.739612579E0,-6.296750307E-1,1.405396342E0
5.074644890E-1,9.753977776E0,-5.626373887E-1,1.144428372E0
5.094993350E-1,9.732429504E0,-5.291185975E-1,9.648633003E-1
5.115687960E-1,9.662998199E0,-5.243301988E-1,9.169792533E-1
5.136037960E-1,9.583989143E0,-5.410895944E-1,1.048660398E0
5.156727190E-1,9.557653427E0,-5.626373887E-1,1.137245774E0
5.177078730E-1,9.528923035E0,-5.937620401E-1,1.295263171E0
5.197075270E-1,9.533711433E0,-6.081272364E-1,1.448492050E0
5.217396810E-1,9.545681953E0,-6.200982332E-1,1.505952835E0
5.238083350E-1,9.560047150E0,-6.584054828E-1,1.580173135E0
5.258432190E-1,9.538499832E0,-6.799532771E-1,1.599326730E0
5.279128730E-1,9.519346237E0,-7.038952708E-1,1.606509328E0
5.299479120E-1,9.466673851E0,-7.445967197E-1,1.611297727E0
5.319725650E-1,9.466673851E0,-7.613561153E-1,1.647210717E0
5.339726420E-1,9.481039047E0,-7.685387731E-1,1.656787634E0
5.360418350E-1,9.471462250E0,-7.613561153E-1,1.666364431E0
5.380767960E-1,9.481039047E0,-7.733271718E-1,1.666364431E0
5.400798350E-1,9.521739960E0,-7.852981687E-1,1.711854219E0
5.422501420E-1,9.552865028E0,-8.403648138E-1,1.738190413E0
5.441345650E-1,9.603142738E0,-8.667010069E-1,1.795651317E0
5.461344500E-1,9.622296333E0,-8.738836050E-1,1.829170108E0
5.482027960E-1,9.631873131E0,-9.002198577E-1,1.831564307E0
5.502374880E-1,9.636661530E0,-9.241618514E-1,1.793257117E0
5.523064880E-1,9.655815125E0,-9.720458984E-1,1.747767210E0
5.543416420E-1,9.667786598E0,-9.888052940E-1,1.714248419E0
5.564106420E-1,9.698910713E0,-1.065419793E0,1.620874524E0
5.584454110E-1,9.718064308E0,-1.139639974E0,1.491587639E0
5.604454110E-1,9.742006302E0,-1.185129881E0,1.407790542E0
5.625315650E-1,9.775525093E0,-1.285686255E0,1.189918280E0
5.644938340E-1,9.765948296E0,-1.381454349E0,8.978256583E-1
5.664936810E-1,9.758766174E0,-1.446097851E0,7.374141216E-1
5.685622960E-1,9.775525093E0,-1.553836942E0,2.825157940E-1
5.705967580E-1,9.751583099E0,-1.594538331E0,-2.011129409E-1
5.726652580E-1,9.739612579E0,-1.570596337E0,-4.165911078E-1
5.747000270E-1,9.753977776E0,-1.522712231E0,-2.561795712E-1
5.767684880E-1,9.768342972E0,-1.482010841E0,4.525041282E-1
5.788032190E-1,9.749189377E0,-1.446097851E0,8.068459630E-1
5.808325270E-1,9.753977776E0,-1.364694953E0,1.486799240E0
5.828338340E-1,9.785101891E0,-1.290474772E0,1.996764183E0
5.849026810E-1,9.804255486E0,-1.244984865E0,2.185906172E0
5.869375270E-1,9.823410034E0,-1.192312479E0,2.403778553E0
5.890067570E-1,9.835380554E0,-1.185129881E0,2.430114746E0
5.910413730E-1,9.837775230E0,-1.156399369E0,2.319981337E0
5.931100650E-1,9.837775230E0,-1.103726983E0,2.217030764E0
5.951447960E-1,9.821015358E0,-1.043871999E0,1.960851192E0
5.972137190E-1,9.830592155E0,-9.959878922E-1,1.690306425E0
5.992490270E-1,9.842563629E0,-9.816226959E-1,1.568202138E0
6.012813730E-1,9.847352028E0,-9.504981041E-1,1.374271750E0
6.033134500E-1,9.892841339E0,-9.145850539E-1,1.230619669E0
6.053826420E-1,9.919178009E0,-8.978256583E-1,1.185129881E0
6.074179880E-1,9.959878922E0,-8.547300100E-1,1.118092179E0
6.094876420E-1,9.993397713E0,-8.068459630E-1,1.101332784E0
6.115231800E-1,1.001733971E1,-7.948749661E-1,1.106121182E0
6.135923340E-1,1.005804157E1,-7.685387731E-1,1.146822572E0
6.156274500E-1,1.004846478E1,-7.685387731E-1,1.180341482E0
6.176968340E-1,1.002691650E1,-7.709329724E-1,1.197100878E0
6.197316800E-1,1.000776291E1,-7.757213712E-1,1.218648672E0
6.217342960E-1,9.976638794E0,-7.685387731E-1,1.194706678E0
6.238247570E-1,9.952696800E0,-7.565677166E-1,1.151610970E0
6.257777570E-1,9.935936928E0,-7.422025204E-1,1.115697980E0
6.277772190E-1,9.916783333E0,-7.398083210E-1,1.048660398E0
6.298464500E-1,9.876082420E0,-7.350199223E-1,1.019929886E0
6.318809500E-1,9.856928825E0,-7.302315235E-1,9.696516991E-1
6.339500270E-1,9.854534149E0,-7.254431248E-1,9.457096457E-1
6.359844500E-1,9.811438560E0,-7.134721279E-1,9.457096457E-1
6.380534110E-1,9.794678688E0,-7.086837292E-1,9.504981041E-1
6.400881420E-1,9.765948296E0,-7.230489254E-1,9.648633003E-1
6.421191030E-1,9.725247383E0,-7.230489254E-1,9.696516991E-1
6.442042190E-1,9.686940193E0,-7.158663273E-1,9.768342972E-1
6.461666030E-1,9.655815125E0,-6.991068721E-1,9.935936928E-1
6.481661800E-1,9.634267807E0,-6.943184733E-1,1.015141487E0
6.502345260E-1,9.629479408E0,-6.967126727E-1,1.012747288E0
6.522690260E-1,9.615114212E0,-6.703764796E-1,1.015141487E0
6.543377960E-1,9.595960617E0,-6.560112834E-1,1.046266198E0
6.563722190E-1,9.586383820E0,-6.655880809E-1,1.063025594E0
6.584408340E-1,9.564835548E0,-6.943184733E-1,1.113303781E0
6.604746420E-1,9.579200745E0,-7.254431248E-1,1.170764685E0
6.624764110E-1,9.583989143E0,-7.374141216E-1,1.199495077E0
6.644794880E-1,9.574412346E0,-7.805097699E-1,1.259350061E0
6.665481420E-1,9.583989143E0,-8.331822157E-1,1.316810966E0
6.685823340E-1,9.574412346E0,-8.643068075E-1,1.343147159E0
6.706506030E-1,9.550470352E0,-9.313444495E-1,1.391031146E0
6.726849490E-1,9.543288231E0,-9.433154464E-1,1.412579060E0
6.747537190E-1,9.540893555E0,-9.481038451E-1,1.441309452E0
6.767883340E-1,9.545681953E0,-9.816226959E-1,1.443703651E0
6.788571800E-1,9.552865028E0,-1.031900883E0,1.431732655E0
6.808916420E-1,9.552865028E0,-1.063025594E0,1.431732655E0
6.829233720E-1,9.562441826E0,-1.074996591E0,1.419761658E0
6.849545260E-1,9.562441826E0,-1.101332784E0,1.410184860E0
6.870231030E-1,9.555258751E0,-1.122880578E0,1.371877551E0
6.890576030E-1,9.564835548E0,-1.139639974E0,1.359906554E0
6.911263720E-1,9.564835548E0,-1.149216771E0,1.340752959E0
6.931605650E-1,9.586383820E0,-1.168370485E0,1.319205165E0
6.952294880E-1,9.598354340E0,-1.187524080E0,1.302445769E0
6.972641800E-1,9.636661530E0,-1.189918280E0,1.271321058E0
6.993332570E-1,9.670180321E0,-1.209071875E0,1.223437071E0
7.013679490E-1,9.691728592E0,-1.209071875E0,1.199495077E0
7.033700650E-1,9.742006302E0,-1.211466074E0,1.146822572E0
7.054617950E-1,9.785101891E0,-1.204283476E0,1.115697980E0
7.074147190E-1,9.811438560E0,-1.206677675E0,1.091755986E0
7.094145260E-1,9.849745750E0,-1.199495077E0,1.053448796E0
7.114842950E-1,9.883264542E0,-1.180341482E0,1.015141487E0
7.135190650E-1,9.897629738E0,-1.173158884E0,1.000776291E0
7.155882950E-1,9.916783333E0,-1.137245774E0,9.744400978E-1
7.176232570E-1,9.916783333E0,-1.137245774E0,9.337386489E-1
7.196919880E-1,9.928754807E0,-1.103726983E0,9.217676520E-1
7.217267950E-1,9.921571732E0,-1.079784989E0,9.265560508E-1
7.237265260E-1,9.911994934E0,-1.046266198E0,9.026140571E-1
7.258142950E-1,9.900024414E0,-1.015141487E0,8.834604025E-1
7.277765650E-1,9.904812813E0,-1.003170490E0,8.882488012E-1
7.297764880E-1,9.909601212E0,-9.792284966E-1,8.810662031E-1
7.318456420E-1,9.866505623E0,-9.337386489E-1,8.667010069E-1
7.338805260E-1,9.852140427E0,-9.193734527E-1,8.738836050E-1
7.359496420E-1,9.821015358E0,-8.906430602E-1,9.050082564E-1
7.379847570E-1,9.799467087E0,-8.379706144E-1,9.313444495E-1
7.400537570E-1,9.787496567E0,-8.140285611E-1,9.504981041E-1
7.420890650E-1,9.785101891E0,-7.829039693E-1,9.744400978E-1
7.441188720E-1,9.753977776E0,-7.517793179E-1,1.007958889E0
7.461196800E-1,9.744400978E0,-7.374141216E-1,1.024718285E0
7.481883340E-1,9.725247383E0,-6.919242740E-1,1.065419793E0
7.502229490E-1,9.706093788E0,-6.584054828E-1,1.079784989E0
7.522916800E-1,9.696516991E0,-6.464344859E-1,1.089361787E0
7.543259490E-1,9.698910713E0,-6.153098345E-1,1.106121182E0
7.563944880E-1,9.684545517E0,-5.817909837E-1,1.127668977E0
7.584290260E-1,9.679757118E0,-5.650315881E-1,1.134851575E0
7.604974880E-1,9.677363396E0,-5.410895944E-1,1.154005170E0
7.625321800E-1,9.674968719E0,-5.195417404E-1,1.149216771E0
7.645319110E-1,9.679757118E0,-5.027823448E-1,1.142034173E0
7.665630640E-1,9.696516991E0,-4.740519226E-1,1.142034173E0
7.686314880E-1,9.715670586E0,-4.620809257E-1,1.106121182E0
7.706655640E-1,9.734824181E0,-4.309563041E-1,1.082179189E0
7.727343340E-1,9.739612579E0,-4.309563041E-1,1.074996591E0
7.747685640E-1,9.730035782E0,-4.237737060E-1,1.058237195E0
7.767936030E-1,9.746794701E0,-4.237737060E-1,1.048660398E0
7.787929880E-1,9.742006302E0,-4.189853072E-1,1.041477680E0
7.808615260E-1,9.746794701E0,-4.213795066E-1,1.017535686E0
7.828957570E-1,9.780313492E0,-4.141969085E-1,9.888052940E-1
7.848984110E-1,9.785101891E0,-4.070142806E-1,9.792284966E-1
7.870675640E-1,9.818621635E0,-4.141969085E-1,9.552865028E-1
7.889505260E-1,9.847352028E0,-4.118026793E-1,9.481038451E-1
7.909499870E-1,9.837775230E0,-4.189853072E-1,9.433154464E-1
7.930187570E-1,9.854534149E0,-3.950432837E-1,9.457096457E-1
7.950534110E-1,9.880870819E0,-3.902548850E-1,9.313444495E-1
7.971219110E-1,9.909601212E0,-3.830722570E-1,9.217676520E-1
7.991567180E-1,9.967061996E0,-3.734954596E-1,9.145850539E-1
8.012253340E-1,9.962273598E0,-3.830722570E-1,8.882488012E-1
8.032600260E-1,9.943120003E0,-3.878606856E-1,8.858546019E-1
8.052912950E-1,9.938331604E0,-3.974374831E-1,9.002198577E-1
8.073755260E-1,9.959878922E0,-4.118026793E-1,9.050082564E-1
8.093372570E-1,9.976638794E0,-4.094084799E-1,9.145850539E-1
8.113364100E-1,9.979032516E0,-4.070142806E-1,9.145850539E-1
8.134049490E-1,9.995792389E0,-3.950432837E-1,8.906430602E-1
8.154388720E-1,1.000297451E1,-3.878606856E-1,8.810662031E-1
8.175072950E-1,1.000776291E1,-3.830722570E-1,8.547300100E-1
8.195416800E-1,1.000776291E1,-3.734954596E-1,8.092401624E-1
8.216101800E-1,1.000058079E1,-3.495534360E-1,7.565677166E-1
8.236443720E-1,1.000297451E1,-3.303998411E-1,7.398083210E-1
8.256463330E-1,9.976638794E0,-3.232172430E-1,7.206547260E-1
8.276493720E-1,9.955090523E0,-2.801215947E-1,7.110779285E-1
8.297175260E-1,9.964667320E0,-2.537853718E-1,7.134721279E-1
8.317517950E-1,9.928754807E0,-2.394201756E-1,7.206547260E-1
8.338204490E-1,9.885659218E0,-2.130839527E-1,7.326257229E-1
8.358550640E-1,9.856928825E0,-1.939303428E-1,7.445967197E-1
8.379237570E-1,9.821015358E0,-1.747767180E-1,7.733271718E-1
8.399579870E-1,9.789890289E0,-1.316810995E-1,8.116343617E-1
8.420266800E-1,9.777919769E0,-1.101332754E-1,8.259995580E-1
8.440612180E-1,9.720458984E0,-8.858546615E-2,8.667010069E-1
8.460938720E-1,9.674968719E0,-5.985504389E-2,8.978256583E-1
8.481246800E-1,9.665391922E0,-6.224924326E-2,9.121908545E-1
8.501933330E-1,9.655815125E0,-5.746084079E-2,9.816226959E-1
8.522278330E-1,9.622296333E0,-5.267243832E-2,1.024718285E0
8.542963720E-1,9.588777542E0,-5.267243832E-2,1.039083481E0
8.563308720E-1,9.583989143E0,-4.309562966E-2,1.077390790E0
8.583994490E-1,9.593565941E0,-5.027823523E-2,1.101332784E0
8.604337950E-1,9.572018623E0,-7.182604820E-2,1.134851575E0
8.625024100E-1,9.572018623E0,-7.182604820E-2,1.151610970E0
8.645377180E-1,9.593565941E0,-8.140286058E-2,1.163581967E0
8.665396790E-1,9.595960617E0,-1.005564705E-1,1.170764685E0
8.686311410E-1,9.605537415E0,-1.101332754E-1,1.170764685E0
8.705843330E-1,9.603142738E0,-1.316810995E-1,1.168370485E0
8.725835640E-1,9.610325813E0,-1.484405100E-1,1.156399369E0
8.746522180E-1,9.617507935E0,-1.580173075E-1,1.144428372E0
8.766862950E-1,9.629479408E0,-1.915361285E-1,1.113303781E0
8.787543330E-1,9.655815125E0,-2.106897533E-1,1.067813993E0
8.807882180E-1,9.682151794E0,-2.202665508E-1,1.039083481E0
8.828562950E-1,9.694122314E0,-2.394201756E-1,9.672574997E-1
8.848901410E-1,9.703699112E0,-2.609679997E-1,9.097966552E-1
8.869213720E-1,9.686940193E0,-2.777273953E-1,8.786720037E-1
8.890063720E-1,9.698910713E0,-2.968810201E-1,8.116343617E-1
8.909683330E-1,9.722852707E0,-3.256114423E-1,7.374141216E-1
8.929672180E-1,9.720458984E0,-3.471592367E-1,7.015010715E-1
8.950355260E-1,9.694122314E0,-3.782838583E-1,6.320692301E-1
8.970698330E-1,9.689333916E0,-4.070142806E-1,5.650315881E-1
8.991376410E-1,9.696516991E0,-4.261679053E-1,5.243301988E-1
9.011719870E-1,9.694122314E0,-4.405331016E-1,4.453215301E-1
9.032401790E-1,9.691728592E0,-4.692635238E-1,3.926490843E-1
9.052746410E-1,9.694122314E0,-4.979939461E-1,3.303998411E-1
9.073035640E-1,9.701305389E0,-5.291185975E-1,2.992752194E-1
9.093037560E-1,9.694122314E0,-5.770025849E-1,2.298433632E-1
9.113721410E-1,9.684545517E0,-6.153098345E-1,1.771709323E-1
9.134061020E-1,9.674968719E0,-6.296750307E-1,1.604115069E-1
9.154741020E-1,9.655815125E0,-6.775590777E-1,1.197100878E-1
9.175081410E-1,9.672574997E0,-7.206547260E-1,1.005564705E-1
9.195763330E-1,9.674968719E0,-7.469909191E-1,9.576806426E-2
9.216102560E-1,9.662998199E0,-7.948749661E-1,1.029506698E-1
9.236786020E-1,9.658209801E0,-8.475474119E-1,1.077390760E-1
9.257128330E-1,9.662998199E0,-9.026140571E-1,1.149216816E-1
9.277114100E-1,9.689333916E0,-9.648633003E-1,1.197100878E-1
9.297415250E-1,9.694122314E0,-1.034295082E0,1.556231081E-1
9.318096410E-1,9.701305389E0,-1.072602391E0,1.651999205E-1
9.338437180E-1,9.718064308E0,-1.154005170E0,1.843535304E-1
9.359120250E-1,9.720458984E0,-1.206677675E0,2.202665508E-1
9.379460250E-1,9.727641106E0,-1.235408068E0,2.418143749E-1
9.400143720E-1,9.756371498E0,-1.283292055E0,2.609679997E-1
9.420482950E-1,9.799467087E0,-1.347935557E0,2.729389966E-1
9.441167950E-1,9.849745750E0,-1.381454349E0,2.657563984E-1
9.461512950E-1,9.868899345E0,-1.388636947E0,2.681505978E-1
9.481532560E-1,9.909601212E0,-1.436521053E0,2.346317619E-1
9.502439100E-1,9.976638794E0,-1.460463047E0,1.963245422E-1
9.521966790E-1,1.000058079E1,-1.484405041E0,1.747767180E-1
9.541961020E-1,1.002931118E1,-1.513135433E0,1.221042871E-1
9.562647180E-1,1.003888798E1,-1.541865945E0,6.224924326E-2
9.582992950E-1,1.004367638E1,-1.546654344E0,3.112462163E-2
9.603679480E-1,1.005325317E1,-1.553836942E0,-1.675941236E-2
9.624022560E-1,1.005804157E1,-1.563413739E0,-4.548983276E-2
9.644705640E-1,1.006522369E1,-1.563413739E0,-5.506663769E-2
9.665046410E-1,1.007001209E1,-1.568202138E0,-6.464344263E-2
9.685039100E-1,1.006282997E1,-1.565807939E0,-4.788403213E-2
9.705900640E-1,1.005564690E1,-1.570596337E0,-3.112462163E-2
9.725513330E-1,1.004607010E1,-1.553836942E0,-2.394201700E-3
9.745511410E-1,1.005085850E1,-1.551442742E0,3.830722719E-2
9.766200640E-1,1.004607010E1,-1.544260144E0,5.985504389E-2
9.786547180E-1,1.003170490E1,-1.513135433E0,1.053448766E-1
9.807234870E-1,1.001255131E1,-1.455674648E0,1.532289088E-1
9.827581410E-1,1.000776291E1,-1.426944256E0,1.867477298E-1
9.848269870E-1,9.969455719E0,-1.347935557E0,2.537853718E-1
9.868611790E-1,9.926360130E0,-1.271321058E0,3.016694188E-1
9.888629480E-1,9.914389610E0,-1.218648672E0,3.280056417E-1
9.908665250E-1,9.911994934E0,-1.122880578E0,3.663128614E-1
9.929347940E-1,9.885659218E0,-1.019929886E0,4.046200812E-1
9.949689480E-1,9.873687744E0,-9.792284966E-1,4.165911078E-1
9.970374870E-1,9.847352028E0,-8.834604025E-1,4.381389022E-1
9.990717170E-1,9.823410034E0,-7.972691655E-1,4.572925270E-1
1.001140217E0,9.799467087E0,-7.110779285E-1,4.644751251E-1
1.003174525E0,9.792284966E0,-6.727706790E-1,4.525041282E-1
1.005243179E0,9.782708168E0,-5.889736414E-1,4.381389022E-1
1.007277679E0,9.787496567E0,-5.171475410E-1,4.022258818E-1
1.009277140E0,9.785101891E0,-4.788403511E-1,3.734954596E-1
1.011308448E0,9.775525093E0,-4.022258818E-1,2.825157940E-1
1.013377179E0,9.761159897E0,-3.591302633E-1,1.819593310E-1
1.015411717E0,9.761159897E0,-3.375824392E-1,1.316810995E-1
1.017480756E0,9.782708168E0,-2.681505978E-1,4.788403213E-2
1.019515448E0,9.799467087E0,-2.298433632E-1,-5.027823523E-2
1.021539410E0,9.804255486E0,-2.202665508E-1,-9.576806426E-2
1.023538679E0,9.825803757E0,-1.771709323E-1,-1.747767180E-1
1.025606948E0,9.871294022E0,-1.747767180E-1,-2.298433632E-1
1.027642179E0,9.878476143E0,-1.747767180E-1,-2.561795712E-1
1.029644063E0,9.907206535E0,-1.819593310E-1,-3.136404157E-1
1.031814256E0,9.897629738E0,-2.059013397E-1,-3.543418646E-1
1.033696602E0,9.921571732E0,-2.154781520E-1,-3.806780577E-1
1.035695333E0,9.947908401E0,-2.322375625E-1,-4.094084799E-1
1.037763987E0,9.955090523E0,-2.729389966E-1,-4.333505034E-1
1.039797833E0,9.959878922E0,-2.896983922E-1,-4.405331016E-1
1.041866794E0,9.983820915E0,-3.184288144E-1,-4.357447028E-1
1.043900871E0,9.995792389E0,-3.734954596E-1,-4.309563041E-1
1.045969333E0,1.001733971E1,-3.902548850E-1,-4.285621047E-1
1.048003563E0,1.002452278E1,-4.357447028E-1,-4.237737060E-1
1.050002948E0,1.002212811E1,-4.932055473E-1,-4.309563041E-1
1.052088563E0,1.000776291E1,-5.195417404E-1,-4.165911078E-1
1.054049833E0,1.000058079E1,-5.746083856E-1,-4.213795066E-1
1.056049448E0,9.983820915E0,-5.985504389E-1,-4.453215301E-1
1.058119294E0,9.976638794E0,-6.224924326E-1,-4.596867263E-1
1.060153486E0,9.974244118E0,-6.584054828E-1,-4.740519226E-1
1.062222256E0,9.962273598E0,-6.727706790E-1,-4.788403511E-1
1.064257025E0,9.938331604E0,-7.015010715E-1,-4.908113480E-1
1.066325448E0,9.933543205E0,-7.158663273E-1,-5.003881454E-1
1.068360179E0,9.904812813E0,-7.278373241E-1,-5.171475410E-1
1.070389486E0,9.876082420E0,-7.469909191E-1,-5.267243981E-1
1.072390794E0,9.873687744E0,-7.613561153E-1,-5.363011956E-1
1.074459679E0,9.864110947E0,-7.972691655E-1,-5.650315881E-1
1.076494217E0,9.859322548E0,-8.212111592E-1,-6.009446383E-1
1.078562871E0,9.852140427E0,-8.259995580E-1,-6.081272364E-1
1.080597294E0,9.832986832E0,-8.499416113E-1,-6.153098345E-1
1.082666102E0,9.847352028E0,-8.786720037E-1,-6.200982332E-1
1.084700640E0,9.844957352E0,-8.882488012E-1,-6.248866320E-1
1.086769409E0,9.852140427E0,-8.954314590E-1,-6.416460276E-1
1.088803832E0,9.849745750E0,-8.930372596E-1,-6.440402865E-1
1.090836294E0,9.854534149E0,-8.954314590E-1,-6.440402865E-1
1.092866679E0,9.866505623E0,-9.145850539E-1,-6.416460276E-1
1.094935371E0,9.861717224E0,-9.074024558E-1,-6.416460276E-1
1.096969832E0,9.840168953E0,-9.097966552E-1,-6.392518282E-1
1.099038486E0,9.852140427E0,-8.954314590E-1,-6.320692301E-1
1.101073256E0,9.859322548E0,-9.121908545E-1,-6.464344859E-1
1.103142025E0,9.868899345E0,-9.074024558E-1,-6.631938815E-1
1.105176640E0,9.868899345E0,-9.074024558E-1,-6.655880809E-1
1.107244679E0,9.880870819E0,-8.906430602E-1,-6.703764796E-1
1.109279025E0,9.880870819E0,-8.762778044E-1,-6.799532771E-1
1.111281448E0,9.873687744E0,-8.810662031E-1,-6.895300746E-1
1.113372871E0,9.888052940E0,-8.523358107E-1,-7.038952708E-1
1.115325909E0,9.909601212E0,-8.188169599E-1,-7.230489254E-1
1.117325448E0,9.902418137E0,-8.068459630E-1,-7.326257229E-1
1.119394255E0,9.907206535E0,-7.637503147E-1,-7.565677166E-1
1.121428717E0,9.907206535E0,-7.326257229E-1,-7.757213712E-1
1.123497063E0,9.907206535E0,-7.206547260E-1,-7.852981687E-1
1.125531063E0,9.902418137E0,-6.991068721E-1,-8.068459630E-1
1.127599525E0,9.883264542E0,-6.584054828E-1,-8.212111592E-1
1.129633909E0,9.868899345E0,-6.488286853E-1,-8.355764151E-1
1.131633217E0,9.852140427E0,-6.392518282E-1,-8.475474119E-1
1.133718255E0,9.837775230E0,-6.129156351E-1,-8.690952063E-1
1.135680525E0,9.842563629E0,-5.985504389E-1,-8.810662031E-1
1.137680140E0,9.832986832E0,-5.722141862E-1,-8.978256583E-1
1.139748755E0,9.828198433E0,-5.434837937E-1,-9.074024558E-1
1.141783909E0,9.828198433E0,-5.410895944E-1,-9.217676520E-1
1.143852063E0,9.825803757E0,-5.075707436E-1,-9.409212470E-1
1.145886832E0,9.832986832E0,-5.027823448E-1,-9.385270476E-1
1.147954948E0,9.842563629E0,-4.860229492E-1,-9.600749016E-1
1.149988986E0,9.842563629E0,-4.740519226E-1,-9.768342972E-1
1.151991486E0,9.852140427E0,-4.620809257E-1,-9.911994934E-1
1.153994640E0,9.854534149E0,-4.381389022E-1,-9.959878922E-1
1.156063332E0,9.873687744E0,-4.429273009E-1,-1.003170490E0
1.158097601E0,9.911994934E0,-4.357447028E-1,-9.911994934E-1
1.160165986E0,9.938331604E0,-4.381389022E-1,-9.744400978E-1
1.162200601E0,9.950302124E0,-4.429273009E-1,-9.768342972E-1
1.164269409E0,9.993397713E0,-4.357447028E-1,-9.911994934E-1
1.166304101E0,1.000297451E1,-4.189853072E-1,-1.010353088E0
1.168372794E0,1.000776291E1,-4.309563041E-1,-1.015141487E0
1.170407409E0,1.003409958E1,-4.309563041E-1,-1.024718285E0
1.172407140E0,1.006522369E1,-4.309563041E-1,-1.048660398E0
1.174438640E0,1.006761837E1,-4.357447028E-1,-1.051054597E0
1.176507601E0,1.007958889E1,-4.189853072E-1,-1.063025594E0
1.178542140E0,1.009634876E1,-4.165911078E-1,-1.086967587E0
1.180611063E0,1.009634876E1,-4.094084799E-1,-1.101332784E0
1.182645678E0,1.011071396E1,-3.926490843E-1,-1.130063176E0
1.184714063E0,1.010592556E1,-3.806780577E-1,-1.168370485E0
1.186748294E0,1.011071396E1,-3.663128614E-1,-1.187524080E0
1.188817140E0,1.010592556E1,-3.615244627E-1,-1.201889277E0
1.190851947E0,1.012747288E1,-3.423708379E-1,-1.235408068E0
1.192854640E0,1.013465595E1,-3.423708379E-1,-1.264138460E0
1.194946178E0,1.014662647E1,-3.351882398E-1,-1.266532660E0
1.196899255E0,1.014183807E1,-3.088520169E-1,-1.278503656E0
1.198899371E0,1.013944435E1,-3.016694188E-1,-1.319205165E0
1.200968178E0,1.013944435E1,-2.849099934E-1,-1.326387763E0
1.203003332E0,1.012029076E1,-2.777273953E-1,-1.335964561E0
1.205072524E0,1.011310768E1,-2.801215947E-1,-1.343147159E0
1.207107870E0,1.011789608E1,-2.873041928E-1,-1.355118155E0
1.209176947E0,1.010353088E1,-2.825157940E-1,-1.352723956E0
1.211211294E0,1.009395409E1,-2.968810201E-1,-1.355118155E0
1.213243063E0,1.008437729E1,-2.944868207E-1,-1.355118155E0
1.215328101E0,1.007240677E1,-2.873041928E-1,-1.326387763E0
1.217290370E0,1.007240677E1,-2.825157940E-1,-1.321599364E0
1.219290101E0,1.007719517E1,-2.801215947E-1,-1.309628367E0
1.221358794E0,1.005085850E1,-2.561795712E-1,-1.283292055E0
1.223393640E0,1.003649330E1,-2.657563984E-1,-1.254561663E0
1.225462909E0,1.004128170E1,-2.561795712E-1,-1.237802267E0
1.227498063E0,1.003649330E1,-2.537853718E-1,-1.223437071E0
1.229566909E0,1.003170490E1,-2.466027737E-1,-1.194706678E0
1.231601524E0,1.002931118E1,-2.489969730E-1,-1.187524080E0
1.233631063E0,1.004607010E1,-2.466027737E-1,-1.182735682E0
1.235631755E0,1.003888798E1,-2.370259613E-1,-1.158793569E0
1.237700293E0,1.003409958E1,-2.274491638E-1,-1.158793569E0
1.239734524E0,1.003888798E1,-2.178723514E-1,-1.146822572E0
1.241803486E0,1.005325317E1,-1.891419291E-1,-1.113303781E0
1.243837986E0,1.003409958E1,-1.651999205E-1,-1.089361787E0
1.245907216E0,1.002212811E1,-1.604115069E-1,-1.084573388E0
1.247941524E0,1.000297451E1,-1.364694983E-1,-1.072602391E0
1.250010716E0,9.981427193E0,-1.340752989E-1,-1.074996591E0
1.252045793E0,9.974244118E0,-1.364694983E-1,-1.074996591E0
1.254077409E0,9.964667320E0,-1.221042871E-1,-1.072602391E0
1.256108447E0,9.955090523E0,-1.125274822E-1,-1.077390790E0
1.258177563E0,9.964667320E0,-1.173158810E-1,-1.082179189E0
1.260212101E0,9.950302124E0,-1.125274822E-1,-1.079784989E0
1.262281447E0,9.926360130E0,-7.661445439E-2,-1.070208192E0
1.264315293E0,9.914389610E0,-6.943184882E-2,-1.072602391E0
1.266339563E0,9.914389610E0,-8.858546615E-2,-1.063025594E0
1.268339255E0,9.900024414E0,-9.816227108E-2,-1.053448796E0
1.270408139E0,9.897629738E0,-9.097966552E-2,-1.063025594E0
1.272442639E0,9.880870819E0,-9.576806426E-2,-1.063025594E0
1.274444332E0,9.873687744E0,-9.576806426E-2,-1.060631394E0
1.276612986E0,9.876082420E0,-1.077390760E-1,-1.063025594E0
1.278495639E0,9.873687744E0,-1.197100878E-1,-1.058237195E0
1.280494909E0,9.866505623E0,-1.388636976E-1,-1.058237195E0
1.282563370E0,9.864110947E0,-1.460463107E-1,-1.058237195E0
1.284597255E0,9.861717224E0,-1.628057212E-1,-1.051054597E0
1.286665832E0,9.854534149E0,-1.771709323E-1,-1.053448796E0
1.288700139E0,9.852140427E0,-2.011129409E-1,-1.034295082E0
1.290768755E0,9.859322548E0,-2.130839527E-1,-1.041477680E0
1.292802947E0,9.864110947E0,-2.418143749E-1,-1.039083481E0
1.294802101E0,9.868899345E0,-2.585737705E-1,-1.015141487E0
1.296887793E0,9.861717224E0,-2.849099934E-1,-1.005564690E0
1.298849447E0,9.847352028E0,-3.256114423E-1,-9.864110947E-1
1.300848947E0,9.840168953E0,-3.447650373E-1,-9.840168953E-1
1.302917486E0,9.837775230E0,-3.639186621E-1,-9.696516991E-1
1.304952024E0,9.835380554E0,-3.758896589E-1,-9.433154464E-1
1.307020793E0,9.837775230E0,-4.141969085E-1,-9.265560508E-1
1.309055524E0,9.825803757E0,-4.237737060E-1,-9.121908545E-1
1.311124562E0,9.794678688E0,-4.620809257E-1,-8.882488012E-1
1.313159062E0,9.792284966E0,-5.075707436E-1,-8.762778044E-1
1.315161985E0,9.787496567E0,-5.315127969E-1,-8.714894056E-1
1.317164409E0,9.780313492E0,-5.722141862E-1,-8.499416113E-1
1.319233216E0,9.770736694E0,-5.841852427E-1,-8.451532125E-1
1.321268178E0,9.770736694E0,-5.961562395E-1,-8.427590132E-1
1.323337024E0,9.770736694E0,-6.129156351E-1,-8.403648138E-1
1.325371562E0,9.753977776E0,-6.177040339E-1,-8.379706144E-1
1.327440332E0,9.746794701E0,-6.224924326E-1,-8.283938169E-1
1.329474562E0,9.751583099E0,-6.703764796E-1,-8.188169599E-1
1.331542716E0,9.758766174E0,-6.871358752E-1,-8.044517636E-1
1.333576793E0,9.744400978E0,-6.919242740E-1,-8.044517636E-1
1.335609447E0,9.739612579E0,-7.015010715E-1,-7.972691655E-1
1.337640139E0,9.739612579E0,-7.158663273E-1,-7.948749661E-1
1.339708870E0,9.746794701E0,-6.991068721E-1,-7.972691655E-1
1.341743524E0,9.753977776E0,-7.038952708E-1,-7.924807668E-1
1.343811793E0,9.756371498E0,-7.182605267E-1,-7.948749661E-1
1.345846062E0,9.768342972E0,-7.278373241E-1,-8.116343617E-1
1.347914178E0,9.761159897E0,-7.230489254E-1,-8.140285611E-1
1.349948793E0,9.753977776E0,-7.110779285E-1,-7.996633649E-1
1.352017524E0,9.751583099E0,-7.206547260E-1,-7.996633649E-1
1.354052408E0,9.749189377E0,-7.110779285E-1,-7.996633649E-1
1.356055524E0,9.744400978E0,-7.110779285E-1,-7.852981687E-1
1.358146293E0,9.737217903E0,-6.967126727E-1,-7.996633649E-1
1.360099331E0,9.739612579E0,-6.943184733E-1,-7.996633649E-1
1.362098831E0,9.734824181E0,-6.655880809E-1,-7.996633649E-1
1.364167139E0,9.732429504E0,-6.607996821E-1,-7.948749661E-1
1.366201485E0,9.739612579E0,-6.512228847E-1,-7.900865674E-1
1.368269985E0,9.751583099E0,-6.488286853E-1,-7.781155705E-1
1.370304293E0,9.751583099E0,-6.440402865E-1,-7.757213712E-1
1.372373447E0,9.773131371E0,-6.272808313E-1,-7.781155705E-1
1.374407331E0,9.765948296E0,-5.865794420E-1,-7.829039693E-1
1.376438601E0,9.753977776E0,-5.841852427E-1,-7.972691655E-1
1.378524639E0,9.773131371E0,-5.793967843E-1,-8.116343617E-1
1.380486447E0,9.770736694E0,-5.698199868E-1,-8.164227605E-1
1.382485754E0,9.773131371E0,-5.578489900E-1,-8.355764151E-1
1.384553870E0,9.792284966E0,-5.578489900E-1,-8.619126081E-1
1.386588139E0,9.794678688E0,-5.530605912E-1,-8.690952063E-1
1.388656485E0,9.794678688E0,-5.506663918E-1,-8.786720037E-1
1.390690485E0,9.789890289E0,-5.530605912E-1,-9.002198577E-1
1.392758793E0,9.777919769E0,-5.386953950E-1,-9.026140571E-1
1.394793062E0,9.768342972E0,-5.243301988E-1,-9.121908545E-1
1.396821716E0,9.763554573E0,-5.123591423E-1,-9.409212470E-1
1.398822062E0,9.763554573E0,-5.147533417E-1,-9.361328483E-1
1.400890062E0,9.756371498E0,-5.123591423E-1,-9.313444495E-1
1.402924024E0,9.751583099E0,-5.027823448E-1,-9.457096457E-1
1.404992370E0,9.753977776E0,-5.051765442E-1,-9.457096457E-1
1.407026447E0,9.763554573E0,-5.315127969E-1,-9.504981041E-1
1.409094716E0,9.780313492E0,-5.195417404E-1,-9.481038451E-1
1.411128870E0,9.787496567E0,-5.219359994E-1,-9.457096457E-1
1.413197331E0,9.770736694E0,-5.410895944E-1,-9.361328483E-1
1.415231600E0,9.775525093E0,-5.554547906E-1,-9.265560508E-1
1.417262485E0,9.804255486E0,-5.482721925E-1,-9.169792533E-1
1.419293024E0,9.809044838E0,-5.602431893E-1,-9.097966552E-1
1.421361139E0,9.818621635E0,-5.746083856E-1,-9.050082564E-1
1.423394754E0,9.816226959E0,-5.985504389E-1,-9.050082564E-1
1.425462947E0,9.828198433E0,-6.009446383E-1,-9.169792533E-1
1.427496793E0,9.847352028E0,-6.033388376E-1,-9.217676520E-1
1.429564793E0,9.852140427E0,-6.105214357E-1,-9.145850539E-1
1.431598716E0,9.861717224E0,-6.033388376E-1,-9.169792533E-1
1.433666600E0,9.883264542E0,-6.081272364E-1,-9.169792533E-1
1.435700293E0,9.876082420E0,-6.224924326E-1,-9.265560508E-1
1.437702062E0,9.883264542E0,-6.224924326E-1,-9.289502501E-1
1.439792408E0,9.897629738E0,-6.153098345E-1,-9.265560508E-1
1.441744331E0,9.902418137E0,-6.129156351E-1,-9.337386489E-1
1.443743139E0,9.919178009E0,-6.081272364E-1,-9.313444495E-1
1.445811177E0,9.923966408E0,-5.985504389E-1,-9.409212470E-1
1.447844600E0,9.928754807E0,-5.985504389E-1,-9.481038451E-1
1.449912293E0,9.931148529E0,-5.961562395E-1,-9.504981041E-1
1.451946062E0,9.916783333E0,-5.985504389E-1,-9.696516991E-1
1.454014100E0,9.892841339E0,-5.889736414E-1,-9.768342972E-1
1.456047639E0,9.888052940E0,-5.841852427E-1,-9.864110947E-1
1.458077716E0,9.897629738E0,-5.674257874E-1,-1.003170490E0
1.460163831E0,9.880870819E0,-5.602431893E-1,-1.022324085E0
1.462126023E0,9.878476143E0,-5.626373887E-1,-1.034295082E0
1.464125254E0,9.883264542E0,-5.674257874E-1,-1.046266198E0
1.466193177E0,9.880870819E0,-5.410895944E-1,-1.063025594E0
1.468227485E0,9.883264542E0,-5.386953950E-1,-1.079784989E0
1.470295523E0,9.876082420E0,-5.267243981E-1,-1.082179189E0
1.472329639E0,9.859322548E0,-5.267243981E-1,-1.091755986E0
1.474397869E0,9.856928825E0,-5.267243981E-1,-1.096544385E0
1.476431869E0,9.861717224E0,-5.315127969E-1,-1.103726983E0
1.478434293E0,9.852140427E0,-5.171475410E-1,-1.122880578E0
1.480437177E0,9.859322548E0,-4.908113480E-1,-1.125274777E0
1.482505408E0,9.866505623E0,-4.955997467E-1,-1.130063176E0
1.484539446E0,9.861717224E0,-5.099649429E-1,-1.130063176E0
1.486607562E0,9.868899345E0,-4.932055473E-1,-1.144428372E0
1.488642292E0,9.878476143E0,-4.884171486E-1,-1.142034173E0
1.490710446E0,9.890447617E0,-4.788403511E-1,-1.139639974E0
1.492744716E0,9.880870819E0,-4.692635238E-1,-1.149216771E0
1.494813446E0,9.878476143E0,-4.644751251E-1,-1.151610970E0
1.496847792E0,9.895236015E0,-4.596867263E-1,-1.156399369E0
1.498879177E0,9.888052940E0,-4.357447028E-1,-1.177947283E0
1.500910177E0,9.890447617E0,-4.357447028E-1,-1.170764685E0
1.502978946E0,9.876082420E0,-4.405331016E-1,-1.165976286E0
1.505013408E0,9.878476143E0,-4.309563041E-1,-1.163581967E0
1.507081562E0,9.859322548E0,-4.429273009E-1,-1.158793569E0
1.509115562E0,9.854534149E0,-4.357447028E-1,-1.161187768E0
1.511139215E0,9.847352028E0,-4.165911078E-1,-1.151610970E0
1.513138985E0,9.832986832E0,-4.141969085E-1,-1.149216771E0
1.515207369E0,9.823410034E0,-4.261679053E-1,-1.146822572E0
1.517241792E0,9.813833237E0,-4.094084799E-1,-1.139639974E0
1.519244254E0,9.825803757E0,-4.285621047E-1,-1.132457376E0
1.521413715E0,9.828198433E0,-4.309563041E-1,-1.134851575E0
1.523297792E0,9.809044838E0,-4.357447028E-1,-1.118092179E0
1.525297715E0,9.782708168E0,-4.357447028E-1,-1.122880578E0
1.527366446E0,9.773131371E0,-4.477157295E-1,-1.122880578E0
1.529401023E0,9.775525093E0,-4.501099288E-1,-1.118092179E0
1.531469754E0,9.773131371E0,-4.477157295E-1,-1.108515382E0
1.533504446E0,9.756371498E0,-4.572925270E-1,-1.103726983E0
1.535572831E0,9.758766174E0,-4.692635238E-1,-1.106121182E0
1.537607638E0,9.763554573E0,-4.979939461E-1,-1.089361787E0
1.539638869E0,9.756371498E0,-4.979939461E-1,-1.089361787E0
1.541723100E0,9.727641106E0,-5.315127969E-1,-1.079784989E0
1.543684369E0,9.718064308E0,-5.267243981E-1,-1.063025594E0
1.545683523E0,9.722852707E0,-5.195417404E-1,-1.058237195E0
1.547751561E0,9.725247383E0,-5.291185975E-1,-1.048660398E0
1.549786061E0,9.727641106E0,-5.363011956E-1,-1.043871999E0
1.551854485E0,9.720458984E0,-5.434837937E-1,-1.034295082E0
1.553888792E0,9.725247383E0,-5.482721925E-1,-1.029506683E0
1.555957754E0,9.727641106E0,-5.770025849E-1,-1.019929886E0
1.557992254E0,9.763554573E0,-5.865794420E-1,-1.010353088E0
1.560021561E0,9.763554573E0,-5.913678408E-1,-9.888052940E-1
1.562022754E0,9.775525093E0,-5.793967843E-1,-9.672574997E-1
1.564091369E0,9.775525093E0,-5.746083856E-1,-9.481038451E-1
1.566125446E0,9.780313492E0,-5.817909837E-1,-9.265560508E-1
1.568193831E0,9.801861763E0,-5.937620401E-1,-9.074024558E-1
1.570228484E0,9.794678688E0,-5.889736414E-1,-9.074024558E-1
1.572297254E0,9.799467087E0,-5.913678408E-1,-9.050082564E-1
1.574331484E0,9.825803757E0,-6.105214357E-1,-8.930372596E-1
1.576400177E0,9.840168953E0,-6.057330370E-1,-8.714894056E-1
1.578434869E0,9.842563629E0,-6.009446383E-1,-8.738836050E-1
1.580466254E0,9.856928825E0,-6.105214357E-1,-8.738836050E-1
1.582497292E0,9.868899345E0,-6.200982332E-1,-8.595184088E-1
1.584566484E0,9.888052940E0,-6.368576288E-1,-8.619126081E-1
1.586601446E0,9.900024414E0,-6.464344859E-1,-8.690952063E-1
1.588670446E0,9.880870819E0,-6.464344859E-1,-8.810662031E-1
1.590705407E0,9.876082420E0,-6.392518282E-1,-8.810662031E-1
1.592774138E0,9.876082420E0,-6.368576288E-1,-9.026140571E-1
1.594808215E0,9.892841339E0,-6.416460276E-1,-9.097966552E-1
1.596876677E0,9.866505623E0,-6.512228847E-1,-9.145850539E-1
1.598910984E0,9.849745750E0,-6.440402865E-1,-9.169792533E-1
1.600913792E0,9.859322548E0,-6.464344859E-1,-9.241618514E-1
1.603005061E0,9.852140427E0,-6.703764796E-1,-9.361328483E-1
1.604957177E0,9.835380554E0,-6.655880809E-1,-9.457096457E-1
1.606956869E0,9.823410034E0,-6.488286853E-1,-9.576807022E-1
1.609024946E0,9.799467087E0,-6.703764796E-1,-9.528923035E-1
1.611058984E0,9.797073364E0,-6.703764796E-1,-9.481038451E-1
1.613127177E0,9.785101891E0,-6.799532771E-1,-9.481038451E-1
1.615161446E0,9.785101891E0,-6.727706790E-1,-9.385270476E-1
1.617229754E0,9.792284966E0,-6.655880809E-1,-9.337386489E-1
1.619263638E0,9.785101891E0,-6.871358752E-1,-9.361328483E-1
1.621295061E0,9.785101891E0,-6.967126727E-1,-9.409212470E-1
1.623379792E0,9.777919769E0,-6.895300746E-1,-9.313444495E-1
1.625341023E0,9.773131371E0,-6.919242740E-1,-9.074024558E-1
1.627340830E0,9.770736694E0,-7.038952708E-1,-9.026140571E-1
1.629409484E0,9.765948296E0,-6.991068721E-1,-8.858546019E-1
1.631443830E0,9.770736694E0,-6.943184733E-1,-8.810662031E-1
1.633512292E0,9.763554573E0,-7.038952708E-1,-8.762778044E-1
1.635545984E0,9.768342972E0,-7.134721279E-1,-8.667010069E-1
1.637614292E0,9.775525093E0,-7.134721279E-1,-8.595184088E-1
1.639648869E0,9.770736694E0,-6.991068721E-1,-8.475474119E-1
1.641651561E0,9.787496567E0,-6.943184733E-1,-8.379706144E-1
1.643654600E0,9.794678688E0,-6.871358752E-1,-8.236053586E-1
1.645722792E0,9.768342972E0,-6.871358752E-1,-7.948749661E-1
1.647756215E0,9.777919769E0,-6.799532771E-1,-7.805097699E-1
1.649823946E0,9.809044838E0,-6.799532771E-1,-7.757213712E-1
1.651858176E0,9.799467087E0,-7.062895298E-1,-7.422025204E-1
1.653926253E0,9.785101891E0,-7.158663273E-1,-7.374141216E-1
1.655960061E0,9.789890289E0,-7.182605267E-1,-7.230489254E-1
1.658028330E0,9.801861763E0,-7.110779285E-1,-7.015010715E-1
1.660062253E0,9.801861763E0,-7.038952708E-1,-7.015010715E-1
1.662093292E0,9.797073364E0,-6.943184733E-1,-6.967126727E-1
1.664123638E0,9.794678688E0,-6.799532771E-1,-6.895300746E-1
1.666192023E0,9.785101891E0,-6.871358752E-1,-6.775590777E-1
1.668226023E0,9.792284966E0,-6.847416759E-1,-6.751648784E-1
1.670294099E0,9.804255486E0,-6.847416759E-1,-6.679822803E-1
1.672328599E0,9.809044838E0,-6.895300746E-1,-6.631938815E-1
1.674397215E0,9.806650162E0,-6.943184733E-1,-6.584054828E-1
1.676431753E0,9.830592155E0,-6.991068721E-1,-6.584054828E-1
1.678500484E0,9.818621635E0,-7.015010715E-1,-6.727706790E-1
1.680535061E0,9.825803757E0,-6.943184733E-1,-6.775590777E-1
1.682536830E0,9.823410034E0,-6.775590777E-1,-6.727706790E-1
1.684627792E0,9.823410034E0,-6.799532771E-1,-6.799532771E-1
1.686580023E0,9.840168953E0,-6.919242740E-1,-6.895300746E-1
1.688579330E0,9.840168953E0,-6.871358752E-1,-6.943184733E-1
1.690647484E0,9.842563629E0,-6.919242740E-1,-6.967126727E-1
1.692681676E0,9.849745750E0,-6.943184733E-1,-7.038952708E-1
1.694749830E0,9.847352028E0,-7.015010715E-1,-7.182605267E-1
1.696784099E0,9.852140427E0,-6.871358752E-1,-7.326257229E-1
1.698852099E0,9.847352028E0,-6.991068721E-1,-7.230489254E-1
1.700886138E0,9.844957352E0,-7.038952708E-1,-7.230489254E-1
1.702917215E0,9.837775230E0,-7.015010715E-1,-7.278373241E-1
1.705002484E0,9.818621635E0,-7.134721279E-1,-7.230489254E-1
1.706964446E0,9.821015358E0,-7.134721279E-1,-7.230489254E-1
1.708964407E0,9.830592155E0,-7.158663273E-1,-7.469909191E-1
1.711031715E0,9.828198433E0,-7.230489254E-1,-7.374141216E-1
1.713065907E0,9.816226959E0,-7.158663273E-1,-7.302315235E-1
1.715133984E0,9.821015358E0,-7.326257229E-1,-7.230489254E-1
1.717167599E0,9.818621635E0,-7.445967197E-1,-7.302315235E-1
1.719236061E0,9.823410034E0,-7.493851185E-1,-7.302315235E-1
1.721270061E0,9.835380554E0,-7.493851185E-1,-7.230489254E-1
1.723299715E0,9.837775230E0,-7.757213712E-1,-7.206547260E-1
1.725300599E0,9.840168953E0,-7.757213712E-1,-7.158663273E-1
1.727368945E0,9.847352028E0,-7.637503147E-1,-7.134721279E-1
1.729403330E0,9.847352028E0,-7.517793179E-1,-7.182605267E-1
1.731472022E0,9.842563629E0,-7.517793179E-1,-7.182605267E-1
1.733506330E0,9.837775230E0,-7.709329724E-1,-7.062895298E-1
1.735575022E0,9.830592155E0,-7.541735172E-1,-7.086837292E-1
1.737609522E0,9.830592155E0,-7.709329724E-1,-7.158663273E-1
1.739678176E0,9.832986832E0,-7.685387731E-1,-7.182605267E-1
1.741712638E0,9.830592155E0,-7.517793179E-1,-7.206547260E-1
1.743744022E0,9.825803757E0,-7.541735172E-1,-7.206547260E-1
1.745743868E0,9.835380554E0,-7.589619160E-1,-7.230489254E-1
1.747812407E0,9.825803757E0,-7.685387731E-1,-7.110779285E-1
1.749846907E0,9.825803757E0,-7.637503147E-1,-7.278373241E-1
1.751915522E0,9.828198433E0,-7.541735172E-1,-7.278373241E-1
1.753949676E0,9.813833237E0,-7.517793179E-1,-7.182605267E-1
1.755974138E0,9.816226959E0,-7.541735172E-1,-7.278373241E-1
1.757973599E0,9.809044838E0,-7.469909191E-1,-7.230489254E-1
1.760042061E0,9.806650162E0,-7.565677166E-1,-7.278373241E-1
1.762076291E0,9.797073364E0,-7.374141216E-1,-7.302315235E-1
1.764078291E0,9.801861763E0,-7.350199223E-1,-7.350199223E-1
1.766247138E0,9.801861763E0,-7.350199223E-1,-7.445967197E-1
1.768130215E0,9.804255486E0,-7.422025204E-1,-7.445967197E-1
1.770129753E0,9.804255486E0,-7.302315235E-1,-7.541735172E-1
1.772198061E0,9.804255486E0,-7.086837292E-1,-7.517793179E-1
1.774232061E0,9.782708168E0,-6.871358752E-1,-7.517793179E-1
1.776300753E0,9.787496567E0,-6.871358752E-1,-7.517793179E-1
1.778335138E0,9.806650162E0,-6.943184733E-1,-7.589619160E-1
1.780404061E0,9.809044838E0,-6.895300746E-1,-7.637503147E-1
1.782438599E0,9.806650162E0,-6.775590777E-1,-7.565677166E-1
1.784470599E0,9.816226959E0,-6.727706790E-1,-7.517793179E-1
1.786555868E0,9.821015358E0,-6.655880809E-1,-7.541735172E-1
1.788517253E0,9.835380554E0,-6.655880809E-1,-7.517793179E-1
1.790516907E0,9.842563629E0,-6.679822803E-1,-7.517793179E-1
1.792585176E0,9.842563629E0,-6.584054828E-1,-7.661445141E-1
1.794620099E0,9.842563629E0,-6.512228847E-1,-7.709329724E-1
1.796688599E0,9.842563629E0,-6.200982332E-1,-7.733271718E-1
1.798722830E0,9.861717224E0,-6.177040339E-1,-7.709329724E-1
1.800791445E0,9.847352028E0,-6.296750307E-1,-7.757213712E-1
1.802825753E0,9.835380554E0,-6.344634295E-1,-7.805097699E-1
1.804828445E0,9.844957352E0,-6.224924326E-1,-7.661445141E-1
1.806831445E0,9.854534149E0,-6.464344859E-1,-7.589619160E-1
1.808900099E0,9.861717224E0,-6.392518282E-1,-7.613561153E-1
1.810934445E0,9.878476143E0,-6.224924326E-1,-7.541735172E-1
1.813002791E0,9.873687744E0,-6.224924326E-1,-7.589619160E-1
1.815037137E0,9.871294022E0,-6.105214357E-1,-7.637503147E-1
1.817105560E0,9.873687744E0,-6.105214357E-1,-7.517793179E-1
1.819139945E0,9.864110947E0,-6.105214357E-1,-7.469909191E-1
1.821208791E0,9.861717224E0,-6.081272364E-1,-7.398083210E-1
1.823243560E0,9.866505623E0,-6.200982332E-1,-7.326257229E-1
1.825274984E0,9.861717224E0,-6.200982332E-1,-7.278373241E-1
1.827305484E0,9.849745750E0,-6.224924326E-1,-7.254431248E-1
1.829373676E0,9.847352028E0,-6.105214357E-1,-7.182605267E-1
1.831408368E0,9.842563629E0,-6.344634295E-1,-6.967126727E-1
1.833476830E0,9.859322548E0,-6.416460276E-1,-6.823474765E-1
1.835511214E0,9.861717224E0,-6.368576288E-1,-6.751648784E-1
1.837579676E0,9.854534149E0,-6.440402865E-1,-6.727706790E-1
1.839614099E0,9.830592155E0,-6.607996821E-1,-6.679822803E-1
1.841683176E0,9.825803757E0,-6.607996821E-1,-6.607996821E-1
1.843717676E0,9.828198433E0,-6.512228847E-1,-6.584054828E-1
1.845720368E0,9.830592155E0,-6.607996821E-1,-6.440402865E-1
1.847812599E0,9.828198433E0,-6.799532771E-1,-6.344634295E-1
1.849765099E0,9.813833237E0,-6.871358752E-1,-6.416460276E-1
1.851764906E0,9.801861763E0,-6.871358752E-1,-6.368576288E-1
1.853833906E0,9.799467087E0,-6.847416759E-1,-6.368576288E-1
1.855868560E0,9.775525093E0,-6.991068721E-1,-6.392518282E-1
1.857937676E0,9.765948296E0,-6.991068721E-1,-6.368576288E-1
1.859972406E0,9.773131371E0,-7.015010715E-1,-6.368576288E-1
1.862041560E0,9.782708168E0,-7.158663273E-1,-6.368576288E-1
1.864076060E0,9.775525093E0,-7.182605267E-1,-6.344634295E-1
1.866106560E0,9.770736694E0,-7.278373241E-1,-6.320692301E-1
1.868192176E0,9.761159897E0,-7.374141216E-1,-6.272808313E-1
1.870154599E0,9.758766174E0,-7.302315235E-1,-6.368576288E-1
1.872153560E0,9.761159897E0,-7.350199223E-1,-6.392518282E-1
1.874222445E0,9.763554573E0,-7.374141216E-1,-6.512228847E-1
1.876256983E0,9.787496567E0,-7.374141216E-1,-6.560112834E-1
1.878325791E0,9.789890289E0,-7.374141216E-1,-6.919242740E-1
1.880360483E0,9.792284966E0,-7.302315235E-1,-7.015010715E-1
1.882429637E0,9.809044838E0,-7.158663273E-1,-7.230489254E-1
1.884464599E0,9.797073364E0,-7.038952708E-1,-7.350199223E-1
1.886494099E0,9.792284966E0,-6.943184733E-1,-7.398083210E-1
1.888495253E0,9.811438560E0,-6.967126727E-1,-7.422025204E-1
1.890563676E0,9.832986832E0,-7.158663273E-1,-7.589619160E-1
1.892597983E0,9.830592155E0,-7.182605267E-1,-7.565677166E-1
1.894666214E0,9.813833237E0,-7.062895298E-1,-7.565677166E-1
1.896700445E0,9.806650162E0,-6.823474765E-1,-7.709329724E-1
1.898768829E0,9.809044838E0,-6.727706790E-1,-7.709329724E-1
1.900804060E0,9.801861763E0,-6.799532771E-1,-7.781155705E-1
1.902872637E0,9.801861763E0,-6.751648784E-1,-7.709329724E-1
1.904907176E0,9.804255486E0,-6.703764796E-1,-7.685387731E-1
1.906907099E0,9.811438560E0,-6.727706790E-1,-7.661445141E-1
1.908937829E0,9.801861763E0,-6.607996821E-1,-7.613561153E-1
1.911006983E0,9.813833237E0,-6.631938815E-1,-7.685387731E-1
1.913041445E0,9.821015358E0,-6.727706790E-1,-7.757213712E-1
1.915109906E0,9.809044838E0,-6.751648784E-1,-7.637503147E-1
1.917144406E0,9.828198433E0,-6.727706790E-1,-7.661445141E-1
1.919213252E0,9.832986832E0,-6.703764796E-1,-7.541735172E-1
1.921248060E0,9.835380554E0,-6.919242740E-1,-7.493851185E-1
1.923316829E0,9.847352028E0,-6.991068721E-1,-7.469909191E-1
1.925351175E0,9.840168953E0,-6.943184733E-1,-7.374141216E-1
1.927353522E0,9.835380554E0,-6.799532771E-1,-7.158663273E-1
1.929444291E0,9.864110947E0,-6.799532771E-1,-7.206547260E-1
1.931397060E0,9.873687744E0,-6.751648784E-1,-7.158663273E-1
1.933396675E0,9.876082420E0,-6.703764796E-1,-6.991068721E-1
1.935465137E0,9.892841339E0,-6.655880809E-1,-6.967126727E-1
1.937499483E0,9.890447617E0,-6.488286853E-1,-6.895300746E-1
1.939568098E0,9.878476143E0,-6.560112834E-1,-6.655880809E-1
1.941602522E0,9.871294022E0,-6.703764796E-1,-6.536170840E-1
1.943671368E0,9.864110947E0,-6.655880809E-1,-6.488286853E-1
1.945706137E0,9.868899345E0,-6.560112834E-1,-6.440402865E-1
1.947737406E0,9.859322548E0,-6.344634295E-1,-6.464344859E-1
1.949822829E0,9.840168953E0,-6.272808313E-1,-6.488286853E-1
1.951784868E0,9.828198433E0,-6.272808313E-1,-6.320692301E-1
1.953784791E0,9.844957352E0,-6.296750307E-1,-6.272808313E-1
1.955853560E0,9.852140427E0,-6.272808313E-1,-6.344634295E-1
1.957887945E0,9.835380554E0,-6.320692301E-1,-6.392518282E-1
1.959956868E0,9.835380554E0,-6.320692301E-1,-6.296750307E-1
1.961991252E0,9.849745750E0,-6.272808313E-1,-6.224924326E-1
1.964059175E0,9.847352028E0,-6.200982332E-1,-6.392518282E-1
1.966093829E0,9.840168953E0,-6.153098345E-1,-6.272808313E-1
1.968096521E0,9.835380554E0,-6.057330370E-1,-6.248866320E-1
1.970100214E0,9.830592155E0,-5.961562395E-1,-6.296750307E-1
1.972168752E0,9.823410034E0,-6.129156351E-1,-6.416460276E-1
1.974202791E0,9.821015358E0,-6.081272364E-1,-6.560112834E-1
1.976272060E0,9.818621635E0,-5.961562395E-1,-6.560112834E-1
1.978306637E0,9.813833237E0,-5.841852427E-1,-6.631938815E-1
1.980375752E0,9.813833237E0,-5.722141862E-1,-6.751648784E-1
1.982410329E0,9.797073364E0,-5.793967843E-1,-6.799532771E-1
1.984479868E0,9.813833237E0,-5.817909837E-1,-6.871358752E-1
1.986514675E0,9.809044838E0,-5.770025849E-1,-7.062895298E-1
1.988548291E0,9.811438560E0,-5.746083856E-1,-7.134721279E-1
1.990548675E0,9.797073364E0,-5.674257874E-1,-7.230489254E-1
1.992616521E0,9.794678688E0,-5.650315881E-1,-7.206547260E-1
1.994651175E0,9.794678688E0,-5.506663918E-1,-7.254431248E-1
1.996719714E0,9.780313492E0,-5.650315881E-1,-7.278373241E-1
1.998753829E0,9.797073364E0,-5.410895944E-1,-7.350199223E-1
2.000778637E0,9.801861763E0,-5.195417404E-1,-7.302315235E-1
2.002777714E0,9.792284966E0,-5.267243981E-1,-7.302315235E-1
2.004846060E0,9.794678688E0,-5.267243981E-1,-7.398083210E-1
2.006879983E0,9.797073364E0,-5.363011956E-1,-7.422025204E-1
2.008882060E0,9.797073364E0,-5.410895944E-1,-7.565677166E-1
2.011051444E0,9.821015358E0,-5.363011956E-1,-7.613561153E-1
2.012901675E0,9.813833237E0,-5.410895944E-1,-7.613561153E-1
2.014901175E0,9.801861763E0,-5.315127969E-1,-7.589619160E-1
2.016969867E0,9.818621635E0,-5.434837937E-1,-7.589619160E-1
2.019004406E0,9.818621635E0,-5.482721925E-1,-7.613561153E-1
2.021072483E0,9.818621635E0,-5.530605912E-1,-7.637503147E-1
2.023107290E0,9.830592155E0,-5.746083856E-1,-7.613561153E-1
2.025175983E0,9.844957352E0,-5.865794420E-1,-7.781155705E-1
2.027210290E0,9.840168953E0,-5.889736414E-1,-7.805097699E-1
2.029209983E0,9.849745750E0,-5.913678408E-1,-7.948749661E-1
2.031295329E0,9.856928825E0,-5.985504389E-1,-8.068459630E-1
2.033256867E0,9.859322548E0,-6.009446383E-1,-8.020575643E-1
2.035256137E0,9.890447617E0,-6.105214357E-1,-8.068459630E-1
2.037324598E0,9.900024414E0,-6.200982332E-1,-8.164227605E-1
2.039359021E0,9.907206535E0,-6.344634295E-1,-8.188169599E-1
2.041427675E0,9.907206535E0,-6.584054828E-1,-8.212111592E-1
2.043462137E0,9.916783333E0,-6.655880809E-1,-8.451532125E-1
2.045530598E0,9.911994934E0,-6.655880809E-1,-8.403648138E-1
2.047565213E0,9.904812813E0,-6.847416759E-1,-8.259995580E-1
2.049594752E0,9.900024414E0,-6.871358752E-1,-8.212111592E-1
2.051595675E0,9.900024414E0,-6.895300746E-1,-8.236053586E-1
2.053664713E0,9.890447617E0,-6.895300746E-1,-8.188169599E-1
2.055698713E0,9.892841339E0,-7.015010715E-1,-8.283938169E-1
2.057767406E0,9.900024414E0,-6.991068721E-1,-8.355764151E-1
2.059801252E0,9.902418137E0,-6.991068721E-1,-8.259995580E-1
2.061869521E0,9.890447617E0,-7.038952708E-1,-8.259995580E-1
2.063903636E0,9.885659218E0,-7.110779285E-1,-8.092401624E-1
2.065971790E0,9.868899345E0,-6.967126727E-1,-8.068459630E-1
2.068006098E0,9.859322548E0,-6.919242740E-1,-7.876923680E-1
2.070037175E0,9.835380554E0,-6.895300746E-1,-7.685387731E-1
2.072068290E0,9.830592155E0,-6.847416759E-1,-7.637503147E-1
2.074136098E0,9.828198433E0,-6.703764796E-1,-7.541735172E-1
2.076170406E0,9.842563629E0,-6.679822803E-1,-7.374141216E-1
2.078237790E0,9.844957352E0,-6.703764796E-1,-7.302315235E-1
2.080272021E0,9.823410034E0,-6.775590777E-1,-7.374141216E-1
2.082340367E0,9.821015358E0,-6.703764796E-1,-7.302315235E-1
2.084375098E0,9.804255486E0,-6.655880809E-1,-7.230489254E-1
2.086443636E0,9.799467087E0,-6.416460276E-1,-7.206547260E-1
2.088477944E0,9.825803757E0,-6.440402865E-1,-7.230489254E-1
2.090480867E0,9.825803757E0,-6.416460276E-1,-7.254431248E-1
2.092571790E0,9.830592155E0,-6.129156351E-1,-7.182605267E-1
2.094524290E0,9.830592155E0,-6.105214357E-1,-7.086837292E-1
2.096523559E0,9.830592155E0,-6.081272364E-1,-7.086837292E-1
2.098592290E0,9.828198433E0,-6.105214357E-1,-7.134721279E-1
2.100627059E0,9.837775230E0,-6.033388376E-1,-7.230489254E-1
2.102695790E0,9.835380554E0,-6.105214357E-1,-7.182605267E-1
2.104730406E0,9.847352028E0,-6.081272364E-1,-7.302315235E-1
2.106799098E0,9.828198433E0,-5.937620401E-1,-7.398083210E-1
2.108833098E0,9.830592155E0,-5.937620401E-1,-7.398083210E-1
2.110863829E0,9.835380554E0,-5.961562395E-1,-7.374141216E-1
2.112950290E0,9.823410034E0,-6.153098345E-1,-7.422025204E-1
2.114912559E0,9.811438560E0,-5.985504389E-1,-7.302315235E-1
2.116912021E0,9.799467087E0,-5.770025849E-1,-7.302315235E-1
2.118981021E0,9.792284966E0,-5.817909837E-1,-7.445967197E-1
2.121015636E0,9.801861763E0,-5.817909837E-1,-7.541735172E-1
2.123084559E0,9.794678688E0,-5.865794420E-1,-7.613561153E-1
2.125119059E0,9.804255486E0,-5.793967843E-1,-7.517793179E-1
2.127188059E0,9.797073364E0,-5.793967843E-1,-7.517793179E-1
2.129222829E0,9.797073364E0,-5.865794420E-1,-7.517793179E-1
2.131225021E0,9.809044838E0,-6.033388376E-1,-7.757213712E-1
2.133228405E0,9.809044838E0,-6.081272364E-1,-7.757213712E-1
2.135297290E0,9.809044838E0,-6.081272364E-1,-7.661445141E-1
2.137331982E0,9.825803757E0,-6.105214357E-1,-7.709329724E-1
2.139400982E0,9.801861763E0,-6.129156351E-1,-7.685387731E-1
2.141435444E0,9.801861763E0,-6.105214357E-1,-7.709329724E-1
2.143504559E0,9.809044838E0,-6.153098345E-1,-7.637503147E-1
2.145539290E0,9.816226959E0,-6.081272364E-1,-7.637503147E-1
2.147608136E0,9.816226959E0,-6.153098345E-1,-7.709329724E-1
2.149642252E0,9.813833237E0,-6.129156351E-1,-7.876923680E-1
2.151641482E0,9.828198433E0,-6.272808313E-1,-7.900865674E-1
2.153672559E0,9.837775230E0,-6.464344859E-1,-7.924807668E-1
2.155741021E0,9.830592155E0,-6.560112834E-1,-7.781155705E-1
2.157775636E0,9.842563629E0,-6.560112834E-1,-7.805097699E-1
2.159844098E0,9.825803757E0,-6.607996821E-1,-7.781155705E-1
2.161878175E0,9.821015358E0,-6.703764796E-1,-7.781155705E-1
2.163946444E0,9.840168953E0,-6.679822803E-1,-7.709329724E-1
2.165980790E0,9.837775230E0,-6.679822803E-1,-7.829039693E-1
2.168049021E0,9.837775230E0,-6.751648784E-1,-7.852981687E-1
2.170083059E0,9.844957352E0,-6.943184733E-1,-7.900865674E-1
2.172084828E0,9.844957352E0,-7.015010715E-1,-7.829039693E-1
2.174175905E0,9.844957352E0,-7.134721279E-1,-7.805097699E-1
2.176128251E0,9.847352028E0,-7.206547260E-1,-7.805097699E-1
2.178127559E0,9.842563629E0,-7.206547260E-1,-7.805097699E-1
2.180196405E0,9.847352028E0,-7.158663273E-1,-7.829039693E-1
2.182231136E0,9.864110947E0,-7.206547260E-1,-7.829039693E-1
2.184299751E0,9.856928825E0,-7.422025204E-1,-7.972691655E-1
2.186333636E0,9.864110947E0,-7.469909191E-1,-8.020575643E-1
2.188402213E0,9.844957352E0,-7.254431248E-1,-8.020575643E-1
2.190436867E0,9.852140427E0,-7.374141216E-1,-8.236053586E-1
2.192468251E0,9.854534149E0,-7.398083210E-1,-8.307880163E-1
2.194553290E0,9.847352028E0,-7.254431248E-1,-8.164227605E-1
2.196515790E0,9.847352028E0,-7.230489254E-1,-8.020575643E-1
2.198515636E0,9.844957352E0,-7.206547260E-1,-8.044517636E-1
2.200584674E0,9.842563629E0,-7.158663273E-1,-8.188169599E-1
2.202618636E0,9.856928825E0,-7.086837292E-1,-8.259995580E-1
2.204687790E0,9.844957352E0,-7.086837292E-1,-8.236053586E-1
2.206722636E0,9.861717224E0,-7.134721279E-1,-8.236053586E-1
2.208791328E0,9.866505623E0,-7.182605267E-1,-8.236053586E-1
2.210825867E0,9.856928825E0,-7.062895298E-1,-8.164227605E-1
2.212855482E0,9.866505623E0,-6.967126727E-1,-8.140285611E-1
2.214857020E0,9.871294022E0,-6.943184733E-1,-8.164227605E-1
2.216925213E0,9.885659218E0,-6.895300746E-1,-7.996633649E-1
2.218960136E0,9.885659218E0,-6.727706790E-1,-7.924807668E-1
2.221029213E0,9.892841339E0,-6.751648784E-1,-7.876923680E-1
2.223064636E0,9.907206535E0,-6.727706790E-1,-7.829039693E-1
2.225133405E0,9.904812813E0,-6.679822803E-1,-7.733271718E-1
2.227168136E0,9.907206535E0,-6.799532771E-1,-7.589619160E-1
2.229237251E0,9.911994934E0,-6.560112834E-1,-7.565677166E-1
2.231272251E0,9.900024414E0,-6.607996821E-1,-7.445967197E-1
2.233303828E0,9.909601212E0,-6.560112834E-1,-7.038952708E-1
2.235335136E0,9.911994934E0,-6.416460276E-1,-7.062895298E-1
2.237404136E0,9.909601212E0,-6.344634295E-1,-7.038952708E-1
2.239438943E0,9.892841339E0,-6.248866320E-1,-7.086837292E-1
2.241508328E0,9.888052940E0,-6.153098345E-1,-6.991068721E-1
2.243543213E0,9.890447617E0,-6.272808313E-1,-6.919242740E-1
2.245567751E0,9.883264542E0,-6.224924326E-1,-6.847416759E-1
2.247567713E0,9.868899345E0,-6.081272364E-1,-6.775590777E-1
2.249636405E0,9.854534149E0,-6.009446383E-1,-6.799532771E-1
2.251671136E0,9.856928825E0,-5.889736414E-1,-6.775590777E-1
2.253673328E0,9.864110947E0,-5.889736414E-1,-6.847416759E-1
2.255842443E0,9.856928825E0,-5.889736414E-1,-6.895300746E-1
2.257726520E0,9.856928825E0,-5.817909837E-1,-6.895300746E-1
2.259726290E0,9.844957352E0,-5.698199868E-1,-6.847416759E-1
2.261795443E0,9.844957352E0,-5.650315881E-1,-6.871358752E-1
2.263830828E0,9.835380554E0,-5.626373887E-1,-6.967126727E-1
2.265899597E0,9.830592155E0,-5.578489900E-1,-7.062895298E-1
2.267934290E0,9.837775230E0,-5.746083856E-1,-7.110779285E-1
2.270003174E0,9.837775230E0,-5.770025849E-1,-7.134721279E-1
2.272038328E0,9.830592155E0,-5.793967843E-1,-7.206547260E-1
2.274069674E0,9.823410034E0,-5.674257874E-1,-7.422025204E-1
2.276156866E0,9.823410034E0,-5.626373887E-1,-7.445967197E-1
2.278119751E0,9.830592155E0,-5.650315881E-1,-7.493851185E-1
2.280119713E0,9.842563629E0,-5.770025849E-1,-7.613561153E-1
2.282188405E0,9.842563629E0,-5.889736414E-1,-7.589619160E-1
2.284223213E0,9.832986832E0,-5.817909837E-1,-7.517793179E-1
2.286291982E0,9.806650162E0,-5.722141862E-1,-7.493851185E-1
2.288326866E0,9.804255486E0,-5.626373887E-1,-7.469909191E-1
2.290395482E0,9.794678688E0,-5.770025849E-1,-7.541735172E-1
2.292430213E0,9.813833237E0,-6.105214357E-1,-7.445967197E-1
2.294433520E0,9.818621635E0,-6.177040339E-1,-7.374141216E-1
2.296436866E0,9.818621635E0,-6.224924326E-1,-7.230489254E-1
2.298505943E0,9.813833237E0,-6.272808313E-1,-7.422025204E-1
2.300540866E0,9.825803757E0,-6.344634295E-1,-7.254431248E-1
2.302609366E0,9.830592155E0,-6.368576288E-1,-7.086837292E-1
2.304643982E0,9.821015358E0,-6.679822803E-1,-6.943184733E-1
2.306713020E0,9.830592155E0,-6.775590777E-1,-6.919242740E-1
2.308747212E0,9.830592155E0,-6.655880809E-1,-6.871358752E-1
2.310815674E0,9.816226959E0,-6.703764796E-1,-6.679822803E-1
2.312849712E0,9.835380554E0,-6.991068721E-1,-6.560112834E-1
2.314880597E0,9.840168953E0,-6.919242740E-1,-6.512228847E-1
2.316912405E0,9.825803757E0,-6.847416759E-1,-6.344634295E-1
2.318979982E0,9.806650162E0,-6.871358752E-1,-6.344634295E-1
2.321014174E0,9.811438560E0,-6.895300746E-1,-6.392518282E-1
2.323082866E0,9.825803757E0,-6.847416759E-1,-6.296750307E-1
2.325117520E0,9.813833237E0,-6.847416759E-1,-6.224924326E-1
2.327186251E0,9.818621635E0,-6.823474765E-1,-6.224924326E-1
2.329220905E0,9.811438560E0,-6.847416759E-1,-6.129156351E-1
2.331289520E0,9.809044838E0,-6.871358752E-1,-6.248866320E-1
2.333323866E0,9.813833237E0,-6.991068721E-1,-6.081272364E-1
2.335326020E0,9.806650162E0,-6.919242740E-1,-6.057330370E-1
2.337416674E0,9.797073364E0,-6.799532771E-1,-6.105214357E-1
2.339369212E0,9.789890289E0,-6.799532771E-1,-6.177040339E-1
2.341368251E0,9.789890289E0,-6.775590777E-1,-6.200982332E-1
2.343436558E0,9.794678688E0,-6.703764796E-1,-6.057330370E-1
2.345470674E0,9.780313492E0,-6.560112834E-1,-5.841852427E-1
2.347539328E0,9.777919769E0,-6.607996821E-1,-5.746083856E-1
2.349573405E0,9.763554573E0,-6.584054828E-1,-5.602431893E-1
2.351641866E0,9.756371498E0,-6.416460276E-1,-5.434837937E-1
2.353675520E0,9.753977776E0,-6.320692301E-1,-5.482721925E-1
2.355706905E0,9.761159897E0,-6.248866320E-1,-5.578489900E-1
2.357792289E0,9.730035782E0,-6.320692301E-1,-5.315127969E-1
2.359753635E0,9.725247383E0,-6.344634295E-1,-5.219359994E-1
2.361752751E0,9.715670586E0,-6.177040339E-1,-5.147533417E-1
2.363820828E0,9.708487511E0,-6.200982332E-1,-5.099649429E-1
2.365854751E0,9.708487511E0,-6.153098345E-1,-5.195417404E-1
2.367922135E0,9.715670586E0,-6.153098345E-1,-5.243301988E-1
2.369956558E0,9.694122314E0,-6.177040339E-1,-5.219359994E-1
2.372025212E0,9.708487511E0,-6.105214357E-1,-5.267243981E-1
2.374059366E0,9.730035782E0,-6.033388376E-1,-5.530605912E-1
2.376088866E0,9.720458984E0,-6.033388376E-1,-5.722141862E-1
2.378088789E0,9.734824181E0,-6.105214357E-1,-5.841852427E-1
2.380156674E0,9.753977776E0,-6.153098345E-1,-5.961562395E-1
2.382190866E0,9.746794701E0,-6.105214357E-1,-6.177040339E-1
2.384259481E0,9.753977776E0,-6.057330370E-1,-6.488286853E-1
2.386293828E0,9.746794701E0,-6.081272364E-1,-6.584054828E-1
2.388362212E0,9.775525093E0,-6.129156351E-1,-6.871358752E-1
2.390396135E0,9.765948296E0,-6.057330370E-1,-7.038952708E-1
2.392464174E0,9.763554573E0,-6.057330370E-1,-7.182605267E-1
2.394498058E0,9.761159897E0,-6.057330370E-1,-7.350199223E-1
2.396529481E0,9.777919769E0,-6.272808313E-1,-7.589619160E-1
2.398561097E0,9.775525093E0,-6.320692301E-1,-7.733271718E-1
2.400629597E0,9.773131371E0,-6.248866320E-1,-7.876923680E-1
2.402664212E0,9.775525093E0,-6.440402865E-1,-7.972691655E-1
2.404732789E0,9.792284966E0,-6.392518282E-1,-8.068459630E-1
2.406766712E0,9.823410034E0,-6.488286853E-1,-8.212111592E-1
2.408835097E0,9.837775230E0,-6.488286853E-1,-8.212111592E-1
2.410869212E0,9.832986832E0,-6.584054828E-1,-8.331822157E-1
2.412937981E0,9.825803757E0,-6.560112834E-1,-8.403648138E-1
2.414972712E0,9.830592155E0,-6.631938815E-1,-8.475474119E-1
2.416975481E0,9.840168953E0,-6.560112834E-1,-8.547300100E-1
2.419066866E0,9.859322548E0,-6.655880809E-1,-8.595184088E-1
2.421018558E0,9.854534149E0,-6.751648784E-1,-8.571242094E-1
2.423018212E0,9.854534149E0,-6.823474765E-1,-8.571242094E-1
2.425086904E0,9.885659218E0,-6.823474765E-1,-8.475474119E-1
2.427121520E0,9.914389610E0,-7.062895298E-1,-8.403648138E-1
2.429190212E0,9.909601212E0,-7.134721279E-1,-8.259995580E-1
2.431224558E0,9.916783333E0,-7.086837292E-1,-8.212111592E-1
2.433293827E0,9.923966408E0,-7.278373241E-1,-8.044517636E-1
2.435328404E0,9.940725327E0,-7.350199223E-1,-7.709329724E-1
2.437359404E0,9.945513725E0,-7.278373241E-1,-7.637503147E-1
2.439444327E0,9.940725327E0,-7.158663273E-1,-7.589619160E-1
2.441405135E0,9.950302124E0,-7.326257229E-1,-7.517793179E-1
2.443404750E0,9.947908401E0,-7.374141216E-1,-7.374141216E-1
2.445473250E0,9.947908401E0,-7.469909191E-1,-7.422025204E-1
2.447507789E0,9.971850395E0,-7.445967197E-1,-7.254431248E-1
2.449576789E0,9.969455719E0,-7.398083210E-1,-7.206547260E-1
2.451612020E0,9.967061996E0,-7.182605267E-1,-7.086837292E-1
2.453681135E0,9.974244118E0,-7.206547260E-1,-7.182605267E-1
2.455715943E0,9.974244118E0,-7.182605267E-1,-7.254431248E-1
2.457718558E0,9.964667320E0,-7.110779285E-1,-7.230489254E-1
2.459722404E0,9.952696800E0,-6.943184733E-1,-7.230489254E-1
2.461791827E0,9.952696800E0,-6.943184733E-1,-7.278373241E-1
2.463827020E0,9.952696800E0,-6.871358752E-1,-7.350199223E-1
2.465896827E0,9.931148529E0,-6.775590777E-1,-7.469909191E-1
2.467932212E0,9.911994934E0,-6.751648784E-1,-7.517793179E-1
2.470001481E0,9.895236015E0,-6.512228847E-1,-7.637503147E-1
2.472036327E0,9.892841339E0,-6.464344859E-1,-7.733271718E-1
2.474105481E0,9.871294022E0,-6.153098345E-1,-7.757213712E-1
2.476140712E0,9.873687744E0,-6.177040339E-1,-7.733271718E-1
2.478172250E0,9.856928825E0,-6.177040339E-1,-7.757213712E-1
2.480204135E0,9.825803757E0,-5.913678408E-1,-7.852981687E-1
2.482272904E0,9.828198433E0,-5.865794420E-1,-7.876923680E-1
2.484307250E0,9.821015358E0,-5.650315881E-1,-7.876923680E-1
2.486376096E0,9.794678688E0,-5.482721925E-1,-7.829039693E-1
2.488410327E0,9.794678688E0,-5.458779931E-1,-7.781155705E-1
2.490434481E0,9.794678688E0,-5.339069963E-1,-7.733271718E-1
2.492434366E0,9.775525093E0,-5.267243981E-1,-7.685387731E-1
2.494503289E0,9.777919769E0,-5.219359994E-1,-7.661445141E-1
2.496537904E0,9.801861763E0,-5.075707436E-1,-7.661445141E-1
2.498540635E0,9.785101891E0,-5.099649429E-1,-7.685387731E-1
2.500708942E0,9.785101891E0,-5.075707436E-1,-7.757213712E-1
2.502591981E0,9.789890289E0,-4.908113480E-1,-7.709329724E-1
2.504591596E0,9.785101891E0,-4.836287498E-1,-7.805097699E-1
2.506660673E0,9.780313492E0,-4.884171486E-1,-7.852981687E-1
2.508695289E0,9.782708168E0,-4.740519226E-1,-7.972691655E-1
2.510763866E0,9.780313492E0,-4.812345505E-1,-8.020575643E-1
2.512798327E0,9.777919769E0,-4.884171486E-1,-8.092401624E-1
2.514866596E0,9.773131371E0,-4.812345505E-1,-8.164227605E-1
2.516900789E0,9.773131371E0,-4.740519226E-1,-8.212111592E-1
2.518932212E0,9.780313492E0,-4.836287498E-1,-8.307880163E-1
2.521017289E0,9.794678688E0,-4.932055473E-1,-8.379706144E-1
2.522979519E0,9.818621635E0,-4.836287498E-1,-8.475474119E-1
2.524978942E0,9.818621635E0,-4.860229492E-1,-8.451532125E-1
2.527047250E0,9.818621635E0,-4.836287498E-1,-8.451532125E-1
2.529080827E0,9.832986832E0,-4.860229492E-1,-8.475474119E-1
2.531149519E0,9.837775230E0,-5.075707436E-1,-8.667010069E-1
2.533183596E0,9.847352028E0,-5.099649429E-1,-8.690952063E-1
2.535251712E0,9.856928825E0,-5.291185975E-1,-8.619126081E-1
2.537285904E0,9.873687744E0,-5.530605912E-1,-8.786720037E-1
2.539314788E0,9.878476143E0,-5.554547906E-1,-8.882488012E-1
2.541315750E0,9.895236015E0,-5.578489900E-1,-8.858546019E-1
2.543384327E0,9.926360130E0,-5.817909837E-1,-8.786720037E-1
2.545418596E0,9.928754807E0,-5.793967843E-1,-8.786720037E-1
2.547486442E0,9.935936928E0,-5.865794420E-1,-8.834604025E-1
2.549520596E0,9.926360130E0,-5.817909837E-1,-8.786720037E-1
2.551589365E0,9.928754807E0,-5.770025849E-1,-8.714894056E-1
2.553624212E0,9.933543205E0,-6.057330370E-1,-8.619126081E-1
2.555692327E0,9.950302124E0,-5.913678408E-1,-8.714894056E-1
2.557727019E0,9.943120003E0,-5.913678408E-1,-8.762778044E-1
2.559726365E0,9.945513725E0,-6.105214357E-1,-8.834604025E-1
2.561757711E0,9.947908401E0,-6.296750307E-1,-8.906430602E-1
2.563825788E0,9.955090523E0,-6.177040339E-1,-8.882488012E-1
2.565860865E0,9.962273598E0,-6.081272364E-1,-8.882488012E-1
2.567929442E0,9.964667320E0,-6.272808313E-1,-8.834604025E-1
2.569963711E0,9.955090523E0,-6.057330370E-1,-8.786720037E-1
2.572032635E0,9.952696800E0,-6.057330370E-1,-8.834604025E-1
2.574066981E0,9.947908401E0,-6.081272364E-1,-8.690952063E-1
2.576135365E0,9.931148529E0,-6.177040339E-1,-8.643068075E-1
2.578169788E0,9.919178009E0,-6.129156351E-1,-8.714894056E-1
2.580172788E0,9.921571732E0,-6.224924326E-1,-8.786720037E-1
2.582265058E0,9.914389610E0,-6.200982332E-1,-8.667010069E-1
2.584217904E0,9.919178009E0,-6.248866320E-1,-8.643068075E-1
2.586217750E0,9.916783333E0,-5.961562395E-1,-8.595184088E-1
2.588286865E0,9.907206535E0,-5.961562395E-1,-8.643068075E-1
2.590321558E0,9.890447617E0,-5.985504389E-1,-8.690952063E-1
2.592390134E0,9.859322548E0,-6.033388376E-1,-8.714894056E-1
2.594424596E0,9.849745750E0,-6.105214357E-1,-8.714894056E-1
2.596493288E0,9.849745750E0,-6.033388376E-1,-8.786720037E-1
2.598527673E0,9.849745750E0,-5.961562395E-1,-8.882488012E-1
2.600560211E0,9.847352028E0,-6.081272364E-1,-8.810662031E-1
2.602645288E0,9.830592155E0,-6.177040339E-1,-8.762778044E-1
2.604607634E0,9.837775230E0,-5.985504389E-1,-8.762778044E-1
2.606606981E0,9.821015358E0,-6.009446383E-1,-8.906430602E-1
2.608675481E0,9.813833237E0,-6.153098345E-1,-8.978256583E-1
2.610709519E0,9.794678688E0,-6.153098345E-1,-8.954314590E-1
2.612777634E0,9.797073364E0,-6.248866320E-1,-9.097966552E-1
2.614812211E0,9.806650162E0,-6.081272364E-1,-9.217676520E-1
2.616880596E0,9.799467087E0,-6.033388376E-1,-9.217676520E-1
2.618914442E0,9.775525093E0,-6.105214357E-1,-9.145850539E-1
2.620916980E0,9.789890289E0,-6.200982332E-1,-9.217676520E-1
2.622919596E0,9.794678688E0,-6.177040339E-1,-9.145850539E-1
2.624987788E0,9.799467087E0,-6.105214357E-1,-9.121908545E-1
2.627021711E0,9.809044838E0,-6.296750307E-1,-9.026140571E-1
2.629090019E0,9.813833237E0,-6.416460276E-1,-9.026140571E-1
2.631124211E0,9.809044838E0,-6.272808313E-1,-9.097966552E-1
2.633193365E0,9.823410034E0,-6.248866320E-1,-9.097966552E-1
2.635227711E0,9.828198433E0,-6.272808313E-1,-9.074024558E-1
2.637296673E0,9.842563629E0,-6.536170840E-1,-8.930372596E-1
2.639331788E0,9.849745750E0,-6.560112834E-1,-8.906430602E-1
2.641363327E0,9.859322548E0,-6.488286853E-1,-8.786720037E-1
2.643395673E0,9.852140427E0,-6.512228847E-1,-8.762778044E-1
2.645464903E0,9.873687744E0,-6.584054828E-1,-8.738836050E-1
2.647499327E0,9.878476143E0,-6.440402865E-1,-8.595184088E-1
2.649569057E0,9.871294022E0,-6.464344859E-1,-8.595184088E-1
2.651603788E0,9.902418137E0,-6.416460276E-1,-8.475474119E-1
2.653672865E0,9.895236015E0,-6.440402865E-1,-8.355764151E-1
2.655707327E0,9.895236015E0,-6.488286853E-1,-8.403648138E-1
2.657776903E0,9.900024414E0,-6.488286853E-1,-8.355764151E-1
2.659811634E0,9.892841339E0,-6.344634295E-1,-8.259995580E-1
2.661814173E0,9.900024414E0,-6.392518282E-1,-8.259995580E-1
2.663905596E0,9.890447617E0,-6.560112834E-1,-8.236053586E-1
2.665858134E0,9.888052940E0,-6.703764796E-1,-8.259995580E-1
2.667857865E0,9.876082420E0,-6.679822803E-1,-8.307880163E-1
2.669926750E0,9.852140427E0,-6.488286853E-1,-8.427590132E-1
2.671961288E0,9.842563629E0,-6.416460276E-1,-8.236053586E-1
2.674029750E0,9.837775230E0,-6.440402865E-1,-8.236053586E-1
2.676063942E0,9.825803757E0,-6.416460276E-1,-8.140285611E-1
2.678132557E0,9.821015358E0,-6.344634295E-1,-8.283938169E-1
2.680166942E0,9.823410034E0,-6.368576288E-1,-8.212111592E-1
2.682198519E0,9.842563629E0,-6.440402865E-1,-8.164227605E-1
2.684283903E0,9.830592155E0,-6.488286853E-1,-8.020575643E-1
2.686245403E0,9.825803757E0,-6.464344859E-1,-8.020575643E-1
2.688244942E0,9.823410034E0,-6.512228847E-1,-8.068459630E-1
2.690313173E0,9.840168953E0,-6.440402865E-1,-7.948749661E-1
2.692347442E0,9.840168953E0,-6.368576288E-1,-7.948749661E-1
2.694415903E0,9.823410034E0,-6.536170840E-1,-7.829039693E-1
2.696450326E0,9.830592155E0,-6.320692301E-1,-7.829039693E-1
2.698518865E0,9.849745750E0,-6.416460276E-1,-7.733271718E-1
2.700553365E0,9.840168953E0,-6.296750307E-1,-7.685387731E-1
2.702582634E0,9.806650162E0,-6.153098345E-1,-7.781155705E-1
2.704584249E0,9.806650162E0,-6.177040339E-1,-7.589619160E-1
2.706652788E0,9.794678688E0,-6.081272364E-1,-7.565677166E-1
2.708686980E0,9.787496567E0,-6.057330370E-1,-7.422025204E-1
2.710755672E0,9.806650162E0,-6.009446383E-1,-7.350199223E-1
2.712790019E0,9.806650162E0,-5.889736414E-1,-7.374141216E-1
2.714858749E0,9.775525093E0,-5.865794420E-1,-7.254431248E-1
2.716893249E0,9.775525093E0,-5.841852427E-1,-7.254431248E-1
2.718961711E0,9.780313492E0,-5.841852427E-1,-7.158663273E-1
2.720996288E0,9.761159897E0,-5.578489900E-1,-7.015010715E-1
2.723027403E0,9.770736694E0,-5.602431893E-1,-7.086837292E-1
2.725058480E0,9.768342972E0,-5.578489900E-1,-7.110779285E-1
2.727127095E0,9.768342972E0,-5.530605912E-1,-7.086837292E-1
2.729161288E0,9.765948296E0,-5.626373887E-1,-7.158663273E-1
2.731229788E0,9.775525093E0,-5.506663918E-1,-7.134721279E-1
2.733264365E0,9.780313492E0,-5.698199868E-1,-7.158663273E-1
2.735289865E0,9.775525093E0,-5.746083856E-1,-7.086837292E-1
2.737289595E0,9.775525093E0,-5.770025849E-1,-7.086837292E-1
2.739358403E0,9.780313492E0,-5.746083856E-1,-7.062895298E-1
2.741393211E0,9.773131371E0,-5.554547906E-1,-7.062895298E-1
2.743395365E0,9.756371498E0,-5.339069963E-1,-7.015010715E-1
2.745564826E0,9.768342972E0,-5.386953950E-1,-7.038952708E-1
2.747446980E0,9.765948296E0,-5.315127969E-1,-7.134721279E-1
2.749446672E0,9.777919769E0,-5.315127969E-1,-7.206547260E-1
2.751514903E0,9.777919769E0,-5.195417404E-1,-7.230489254E-1
2.753549403E0,9.777919769E0,-5.386953950E-1,-7.302315235E-1
2.755617788E0,9.763554573E0,-5.363011956E-1,-7.206547260E-1
2.757651595E0,9.751583099E0,-5.363011956E-1,-7.230489254E-1
2.759720211E0,9.765948296E0,-5.315127969E-1,-7.469909191E-1
2.761754518E0,9.780313492E0,-5.434837937E-1,-7.541735172E-1
2.763753865E0,9.782708168E0,-5.458779931E-1,-7.565677166E-1
2.765841249E0,9.785101891E0,-5.506663918E-1,-7.733271718E-1
2.767803326E0,9.777919769E0,-5.746083856E-1,-7.805097699E-1
2.769803403E0,9.785101891E0,-5.674257874E-1,-7.805097699E-1
2.771872326E0,9.797073364E0,-5.602431893E-1,-7.900865674E-1
2.773907172E0,9.797073364E0,-5.746083856E-1,-7.948749661E-1
2.775975903E0,9.797073364E0,-5.746083856E-1,-8.068459630E-1
2.778010480E0,9.799467087E0,-5.698199868E-1,-8.140285611E-1
2.780078903E0,9.823410034E0,-5.793967843E-1,-8.212111592E-1
2.782113326E0,9.813833237E0,-5.746083856E-1,-8.236053586E-1
2.784115941E0,9.830592155E0,-5.674257874E-1,-8.236053586E-1
2.786118249E0,9.854534149E0,-5.889736414E-1,-8.331822157E-1
2.788187326E0,9.861717224E0,-5.913678408E-1,-8.403648138E-1
2.790222172E0,9.854534149E0,-5.841852427E-1,-8.379706144E-1
2.792291249E0,9.847352028E0,-5.889736414E-1,-8.451532125E-1
2.794326249E0,9.876082420E0,-6.081272364E-1,-8.379706144E-1
2.796395518E0,9.885659218E0,-6.081272364E-1,-8.451532125E-1
2.798430711E0,9.897629738E0,-6.081272364E-1,-8.475474119E-1
2.800499826E0,9.871294022E0,-6.392518282E-1,-8.595184088E-1
2.802534557E0,9.873687744E0,-6.392518282E-1,-8.571242094E-1
2.804566749E0,9.876082420E0,-6.488286853E-1,-8.451532125E-1
2.806598134E0,9.888052940E0,-6.488286853E-1,-8.427590132E-1
2.808667287E0,9.892841339E0,-6.296750307E-1,-8.379706144E-1
2.810702364E0,9.880870819E0,-6.081272364E-1,-8.523358107E-1
2.812771903E0,9.885659218E0,-6.105214357E-1,-8.331822157E-1
2.814806634E0,9.902418137E0,-6.224924326E-1,-8.307880163E-1
2.816875903E0,9.897629738E0,-6.320692301E-1,-8.331822157E-1
2.818911326E0,9.864110947E0,-6.248866320E-1,-8.283938169E-1
2.820981057E0,9.861717224E0,-6.224924326E-1,-8.379706144E-1
2.823016441E0,9.864110947E0,-6.296750307E-1,-8.403648138E-1
2.825020249E0,9.854534149E0,-6.033388376E-1,-8.403648138E-1
2.827112210E0,9.835380554E0,-6.057330370E-1,-8.331822157E-1
2.829064826E0,9.840168953E0,-6.057330370E-1,-8.283938169E-1
2.831064057E0,9.823410034E0,-5.889736414E-1,-8.188169599E-1
2.833132364E0,9.813833237E0,-5.865794420E-1,-8.259995580E-1
2.835167480E0,9.821015358E0,-5.913678408E-1,-8.212111592E-1
2.837236672E0,9.813833237E0,-5.770025849E-1,-8.236053586E-1
2.839271018E0,9.806650162E0,-5.746083856E-1,-8.259995580E-1
2.841339980E0,9.809044838E0,-5.722141862E-1,-8.283938169E-1
2.843374749E0,9.811438560E0,-5.674257874E-1,-8.236053586E-1
2.845406326E0,9.811438560E0,-5.578489900E-1,-8.164227605E-1
2.847492633E0,9.804255486E0,-5.578489900E-1,-8.259995580E-1
2.849453480E0,9.782708168E0,-5.626373887E-1,-8.283938169E-1
2.851452826E0,9.775525093E0,-5.458779931E-1,-8.164227605E-1
2.853521210E0,9.773131371E0,-5.434837937E-1,-8.140285611E-1
2.855555518E0,9.765948296E0,-5.554547906E-1,-8.140285611E-1
2.857623787E0,9.761159897E0,-5.578489900E-1,-8.164227605E-1
2.859657864E0,9.773131371E0,-5.578489900E-1,-8.092401624E-1
2.861726133E0,9.782708168E0,-5.602431893E-1,-7.948749661E-1
2.863760403E0,9.758766174E0,-5.434837937E-1,-7.900865674E-1
2.865789710E0,9.756371498E0,-5.506663918E-1,-7.852981687E-1
2.867791056E0,9.775525093E0,-5.506663918E-1,-7.924807668E-1
2.869860210E0,9.751583099E0,-5.458779931E-1,-7.733271718E-1
2.871894672E0,9.756371498E0,-5.506663918E-1,-7.661445141E-1
2.873963210E0,9.770736694E0,-5.698199868E-1,-7.805097699E-1
2.875997980E0,9.777919769E0,-5.793967843E-1,-7.781155705E-1
2.878065787E0,9.789890289E0,-5.746083856E-1,-7.781155705E-1
2.880100249E0,9.787496567E0,-5.674257874E-1,-7.757213712E-1
2.882167364E0,9.794678688E0,-5.626373887E-1,-7.829039693E-1
2.884201364E0,9.794678688E0,-5.746083856E-1,-7.948749661E-1
2.886232864E0,9.811438560E0,-5.746083856E-1,-8.020575643E-1
2.888264249E0,9.823410034E0,-5.746083856E-1,-8.307880163E-1
2.890332441E0,9.844957352E0,-5.770025849E-1,-8.427590132E-1
2.892366403E0,9.847352028E0,-5.722141862E-1,-8.451532125E-1
2.894434672E0,9.854534149E0,-5.698199868E-1,-8.643068075E-1
2.896468518E0,9.856928825E0,-6.009446383E-1,-8.786720037E-1
2.898537018E0,9.854534149E0,-5.985504389E-1,-8.906430602E-1
2.900571633E0,9.835380554E0,-5.770025849E-1,-9.097966552E-1
2.902639902E0,9.832986832E0,-5.817909837E-1,-9.097966552E-1
2.904674210E0,9.835380554E0,-5.841852427E-1,-9.074024558E-1
2.906676556E0,9.837775230E0,-5.937620401E-1,-9.193734527E-1
2.908767441E0,9.854534149E0,-5.937620401E-1,-9.241618514E-1
2.910720364E0,9.840168953E0,-6.033388376E-1,-9.313444495E-1
2.912719287E0,9.854534149E0,-6.057330370E-1,-9.313444495E-1
2.914787864E0,9.864110947E0,-6.081272364E-1,-9.241618514E-1
2.916821941E0,9.864110947E0,-6.105214357E-1,-9.217676520E-1
2.918890325E0,9.868899345E0,-6.153098345E-1,-9.241618514E-1
2.920924749E0,9.861717224E0,-6.248866320E-1,-9.097966552E-1
2.922993364E0,9.878476143E0,-6.224924326E-1,-9.074024558E-1
2.925027787E0,9.873687744E0,-6.320692301E-1,-9.097966552E-1
2.927058941E0,9.876082420E0,-6.631938815E-1,-9.026140571E-1
2.929143633E0,9.878476143E0,-6.560112834E-1,-8.690952063E-1
2.931106056E0,9.883264542E0,-6.607996821E-1,-8.571242094E-1
2.933105595E0,9.897629738E0,-6.607996821E-1,-8.379706144E-1
2.935174133E0,9.909601212E0,-6.655880809E-1,-8.092401624E-1
2.937208556E0,9.904812813E0,-6.655880809E-1,-8.116343617E-1
2.939277056E0,9.888052940E0,-6.607996821E-1,-8.092401624E-1
2.941311787E0,9.888052940E0,-6.584054828E-1,-7.972691655E-1
2.943380248E0,9.873687744E0,-6.631938815E-1,-7.924807668E-1
2.945414364E0,9.871294022E0,-6.631938815E-1,-7.829039693E-1
2.947417402E0,9.868899345E0,-6.679822803E-1,-7.829039693E-1
2.949419787E0,9.866505623E0,-6.703764796E-1,-7.709329724E-1
2.951488018E0,9.868899345E0,-6.655880809E-1,-7.445967197E-1
2.953521787E0,9.856928825E0,-6.631938815E-1,-7.541735172E-1
2.955590479E0,9.852140427E0,-6.560112834E-1,-7.541735172E-1
2.957625056E0,9.825803757E0,-6.488286853E-1,-7.565677166E-1
2.959693710E0,9.821015358E0,-6.344634295E-1,-7.445967197E-1
2.961727595E0,9.823410034E0,-6.416460276E-1,-7.398083210E-1
2.963795748E0,9.821015358E0,-6.536170840E-1,-7.517793179E-1
2.965830287E0,9.806650162E0,-6.440402865E-1,-7.493851185E-1
2.967828748E0,9.787496567E0,-6.488286853E-1,-7.469909191E-1
2.969859941E0,9.780313492E0,-6.416460276E-1,-7.445967197E-1
2.971928018E0,9.765948296E0,-6.368576288E-1,-7.422025204E-1
2.973962133E0,9.768342972E0,-6.296750307E-1,-7.517793179E-1
2.976030364E0,9.770736694E0,-6.320692301E-1,-7.637503147E-1
2.978064902E0,9.789890289E0,-6.248866320E-1,-7.613561153E-1
2.980090056E0,9.777919769E0,-6.320692301E-1,-7.589619160E-1
2.982089133E0,9.775525093E0,-6.296750307E-1,-7.589619160E-1
2.984157671E0,9.782708168E0,-6.272808313E-1,-7.517793179E-1
2.986192671E0,9.792284966E0,-6.320692301E-1,-7.565677166E-1
2.988195056E0,9.785101891E0,-6.416460276E-1,-7.517793179E-1
2.990364094E0,9.787496567E0,-6.536170840E-1,-7.541735172E-1
2.992246979E0,9.785101891E0,-6.440402865E-1,-7.637503147E-1
2.994246171E0,9.782708168E0,-6.368576288E-1,-7.661445141E-1
2.996314402E0,9.789890289E0,-6.392518282E-1,-7.637503147E-1
2.998348441E0,9.799467087E0,-6.416460276E-1,-7.589619160E-1
3.000417402E0,9.801861763E0,-6.536170840E-1,-7.709329724E-1
3.002451517E0,9.818621635E0,-6.607996821E-1,-7.757213712E-1
3.004520056E0,9.840168953E0,-6.584054828E-1,-7.876923680E-1
3.006554094E0,9.828198433E0,-6.536170840E-1,-7.900865674E-1
3.008585748E0,9.813833237E0,-6.536170840E-1,-7.852981687E-1
3.010671364E0,9.828198433E0,-6.368576288E-1,-7.996633649E-1
3.012634017E0,9.837775230E0,-6.440402865E-1,-8.068459630E-1
3.014633556E0,9.859322548E0,-6.727706790E-1,-8.020575643E-1
3.016701979E0,9.873687744E0,-6.703764796E-1,-8.116343617E-1
3.018736287E0,9.876082420E0,-6.775590777E-1,-8.164227605E-1
3.020804402E0,9.871294022E0,-6.775590777E-1,-8.164227605E-1
3.022839056E0,9.866505623E0,-6.679822803E-1,-8.259995580E-1
3.024907517E0,9.861717224E0,-6.823474765E-1,-8.236053586E-1
3.026941556E0,9.868899345E0,-6.871358752E-1,-8.188169599E-1
3.028970825E0,9.880870819E0,-6.823474765E-1,-8.259995580E-1
3.030971056E0,9.890447617E0,-6.775590777E-1,-8.212111592E-1
3.033039287E0,9.902418137E0,-6.655880809E-1,-8.307880163E-1
3.035073210E0,9.911994934E0,-6.703764796E-1,-8.379706144E-1
3.037141517E0,9.909601212E0,-6.799532771E-1,-8.259995580E-1
3.039175633E0,9.911994934E0,-6.775590777E-1,-8.212111592E-1
3.041243825E0,9.914389610E0,-6.799532771E-1,-8.236053586E-1
3.043277825E0,9.907206535E0,-6.703764796E-1,-8.116343617E-1
3.045346287E0,9.902418137E0,-6.775590777E-1,-8.140285611E-1
3.047380479E0,9.914389610E0,-6.823474765E-1,-8.164227605E-1
3.049411017E0,9.926360130E0,-6.751648784E-1,-8.188169599E-1
3.051442017E0,9.923966408E0,-6.679822803E-1,-8.164227605E-1
3.053510748E0,9.909601212E0,-6.871358752E-1,-8.020575643E-1
3.055545171E0,9.895236015E0,-6.943184733E-1,-7.948749661E-1
3.057613825E0,9.873687744E0,-7.015010715E-1,-7.900865674E-1
3.059648210E0,9.868899345E0,-7.182605267E-1,-7.805097699E-1
3.061716786E0,9.866505623E0,-7.015010715E-1,-7.876923680E-1
3.063751402E0,9.864110947E0,-7.134721279E-1,-7.733271718E-1
3.065820248E0,9.854534149E0,-7.038952708E-1,-7.733271718E-1
3.067854979E0,9.832986832E0,-6.871358752E-1,-7.733271718E-1
3.069857633E0,9.816226959E0,-6.919242740E-1,-7.709329724E-1
3.071949056E0,9.813833237E0,-6.847416759E-1,-7.685387731E-1
3.073903017E0,9.804255486E0,-6.751648784E-1,-7.565677166E-1
3.075902940E0,9.809044838E0,-6.799532771E-1,-7.613561153E-1
3.077971710E0,9.811438560E0,-6.799532771E-1,-7.637503147E-1
3.080006056E0,9.797073364E0,-6.871358752E-1,-7.685387731E-1
3.082074556E0,9.792284966E0,-6.799532771E-1,-7.613561153E-1
3.084109325E0,9.799467087E0,-6.799532771E-1,-7.613561153E-1
3.086177594E0,9.804255486E0,-6.703764796E-1,-7.637503147E-1
3.088212248E0,9.785101891E0,-6.584054828E-1,-7.565677166E-1
3.090244094E0,9.785101891E0,-6.584054828E-1,-7.637503147E-1
3.092329171E0,9.804255486E0,-6.560112834E-1,-7.781155705E-1
3.094290017E0,9.785101891E0,-6.512228847E-1,-7.685387731E-1
3.096289863E0,9.780313492E0,-6.488286853E-1,-7.661445141E-1
3.098358286E0,9.799467087E0,-6.392518282E-1,-7.709329724E-1
3.100392402E0,9.804255486E0,-6.464344859E-1,-7.781155705E-1
3.102460286E0,9.797073364E0,-6.392518282E-1,-7.805097699E-1
3.104494671E0,9.797073364E0,-6.488286853E-1,-7.876923680E-1
3.106563056E0,9.811438560E0,-6.416460276E-1,-7.948749661E-1
3.108597209E0,9.809044838E0,-6.536170840E-1,-8.044517636E-1
3.110599632E0,9.806650162E0,-6.488286853E-1,-8.020575643E-1
3.112602940E0,9.811438560E0,-6.416460276E-1,-7.972691655E-1
3.114671709E0,9.809044838E0,-6.607996821E-1,-8.044517636E-1
3.116705979E0,9.809044838E0,-6.655880809E-1,-8.068459630E-1
3.118775017E0,9.806650162E0,-6.775590777E-1,-8.092401624E-1
3.120809171E0,9.787496567E0,-6.751648784E-1,-8.116343617E-1
3.122878017E0,9.794678688E0,-6.727706790E-1,-8.188169599E-1
3.124912094E0,9.811438560E0,-6.703764796E-1,-8.092401624E-1
3.126980248E0,9.816226959E0,-6.679822803E-1,-8.020575643E-1
3.129015440E0,9.809044838E0,-6.751648784E-1,-7.996633649E-1
3.131046479E0,9.823410034E0,-7.062895298E-1,-7.924807668E-1
3.133077594E0,9.825803757E0,-6.991068721E-1,-7.876923680E-1
3.135146363E0,9.825803757E0,-7.015010715E-1,-7.805097699E-1
3.137180440E0,9.823410034E0,-7.110779285E-1,-7.709329724E-1
3.139248555E0,9.811438560E0,-6.991068721E-1,-7.876923680E-1
3.141282632E0,9.821015358E0,-6.943184733E-1,-7.852981687E-1
3.143350863E0,9.830592155E0,-6.775590777E-1,-7.709329724E-1
3.145385286E0,9.847352028E0,-6.895300746E-1,-7.685387731E-1
3.147453709E0,9.852140427E0,-6.991068721E-1,-7.709329724E-1
3.149488402E0,9.837775230E0,-6.991068721E-1,-7.733271718E-1
3.151490478E0,9.837775230E0,-7.110779285E-1,-7.469909191E-1
3.153581748E0,9.840168953E0,-7.086837292E-1,-7.589619160E-1
3.155534555E0,9.828198433E0,-7.015010715E-1,-7.685387731E-1
3.157533902E0,9.828198433E0,-6.871358752E-1,-7.589619160E-1
3.159602440E0,9.830592155E0,-6.991068721E-1,-7.541735172E-1
3.161636978E0,9.832986832E0,-7.015010715E-1,-7.589619160E-1
3.163705363E0,9.849745750E0,-7.038952708E-1,-7.517793179E-1
3.165740094E0,9.837775230E0,-6.895300746E-1,-7.565677166E-1
3.167808632E0,9.830592155E0,-6.895300746E-1,-7.637503147E-1
3.169843440E0,9.832986832E0,-6.991068721E-1,-7.541735172E-1
3.171874709E0,9.854534149E0,-7.015010715E-1,-7.613561153E-1
3.173960748E0,9.849745750E0,-6.991068721E-1,-7.661445141E-1
3.175922363E0,9.849745750E0,-6.871358752E-1,-7.709329724E-1
3.177922209E0,9.844957352E0,-6.919242740E-1,-7.685387731E-1
3.179991094E0,9.840168953E0,-6.919242740E-1,-7.637503147E-1
3.182025824E0,9.840168953E0,-6.991068721E-1,-7.637503147E-1
3.184094094E0,9.849745750E0,-6.847416759E-1,-7.589619160E-1
3.186129324E0,9.856928825E0,-6.751648784E-1,-7.637503147E-1
3.188197440E0,9.859322548E0,-6.751648784E-1,-7.685387731E-1
3.190231978E0,9.861717224E0,-6.727706790E-1,-7.709329724E-1
3.192262209E0,9.873687744E0,-6.775590777E-1,-7.733271718E-1
3.194262055E0,9.866505623E0,-6.847416759E-1,-7.852981687E-1
3.196330555E0,9.854534149E0,-6.943184733E-1,-7.805097699E-1
3.198365132E0,9.856928825E0,-6.871358752E-1,-7.757213712E-1
3.200433401E0,9.842563629E0,-6.847416759E-1,-7.733271718E-1
3.202468171E0,9.852140427E0,-6.895300746E-1,-7.661445141E-1
3.204536824E0,9.852140427E0,-7.086837292E-1,-7.781155705E-1
3.206571363E0,9.859322548E0,-7.038952708E-1,-7.757213712E-1
3.208640901E0,9.852140427E0,-6.823474765E-1,-7.685387731E-1
3.210675247E0,9.859322548E0,-6.703764796E-1,-7.757213712E-1
3.212706786E0,9.859322548E0,-6.751648784E-1,-7.781155705E-1
3.214738094E0,9.844957352E0,-6.751648784E-1,-7.685387731E-1
3.216806863E0,9.832986832E0,-6.919242740E-1,-7.661445141E-1
3.218841286E0,9.844957352E0,-7.038952708E-1,-7.709329724E-1
3.220910017E0,9.852140427E0,-6.919242740E-1,-7.757213712E-1
3.222944363E0,9.837775230E0,-7.086837292E-1,-7.733271718E-1
3.224969786E0,9.835380554E0,-7.134721279E-1,-7.781155705E-1
3.226968901E0,9.825803757E0,-6.967126727E-1,-7.733271718E-1
3.229037594E0,9.828198433E0,-6.967126727E-1,-7.589619160E-1
3.231072363E0,9.828198433E0,-6.967126727E-1,-7.589619160E-1
3.233075247E0,9.823410034E0,-7.086837292E-1,-7.589619160E-1
3.235244478E0,9.818621635E0,-7.038952708E-1,-7.637503147E-1
3.237128247E0,9.813833237E0,-6.991068721E-1,-7.661445141E-1
3.239127632E0,9.818621635E0,-7.015010715E-1,-7.589619160E-1
3.241196363E0,9.813833237E0,-7.038952708E-1,-7.469909191E-1
3.243230401E0,9.799467087E0,-7.134721279E-1,-7.422025204E-1
3.245298786E0,9.799467087E0,-7.062895298E-1,-7.445967197E-1
3.247332824E0,9.799467087E0,-6.943184733E-1,-7.422025204E-1
3.249401555E0,9.821015358E0,-6.967126727E-1,-7.302315235E-1
3.251435670E0,9.818621635E0,-7.038952708E-1,-7.350199223E-1
3.253466555E0,9.825803757E0,-7.015010715E-1,-7.158663273E-1
3.255555824E0,9.825803757E0,-6.823474765E-1,-7.302315235E-1
3.257508363E0,9.821015358E0,-6.703764796E-1,-7.350199223E-1
3.259508055E0,9.801861763E0,-6.751648784E-1,-7.302315235E-1
3.261577132E0,9.809044838E0,-6.775590777E-1,-7.469909191E-1
3.263611940E0,9.809044838E0,-6.871358752E-1,-7.541735172E-1
3.265680747E0,9.821015358E0,-6.871358752E-1,-7.541735172E-1
3.267715401E0,9.835380554E0,-6.895300746E-1,-7.589619160E-1
3.269784709E0,9.832986832E0,-6.871358752E-1,-7.613561153E-1
3.271819363E0,9.825803757E0,-6.775590777E-1,-7.589619160E-1
3.273822401E0,9.823410034E0,-6.871358752E-1,-7.613561153E-1
3.275826901E0,9.825803757E0,-6.871358752E-1,-7.589619160E-1
3.277896016E0,9.816226959E0,-6.919242740E-1,-7.661445141E-1
3.279931093E0,9.821015358E0,-6.895300746E-1,-7.613561153E-1
3.282000555E0,9.828198433E0,-6.991068721E-1,-7.589619160E-1
3.284035516E0,9.840168953E0,-6.991068721E-1,-7.589619160E-1
3.286104939E0,9.840168953E0,-7.086837292E-1,-7.493851185E-1
3.288139747E0,9.842563629E0,-7.038952708E-1,-7.493851185E-1
3.290208824E0,9.856928825E0,-6.847416759E-1,-7.493851185E-1
3.292243709E0,9.864110947E0,-6.847416759E-1,-7.445967197E-1
3.294276324E0,9.852140427E0,-6.799532771E-1,-7.517793179E-1
3.296308209E0,9.842563629E0,-6.943184733E-1,-7.493851185E-1
3.298377247E0,9.849745750E0,-7.134721279E-1,-7.493851185E-1
3.300412209E0,9.866505623E0,-7.062895298E-1,-7.350199223E-1
3.302481632E0,9.871294022E0,-7.086837292E-1,-7.398083210E-1
3.304516247E0,9.849745750E0,-7.062895298E-1,-7.469909191E-1
3.306584709E0,9.828198433E0,-7.134721279E-1,-7.517793179E-1
3.308619478E0,9.832986832E0,-7.038952708E-1,-7.493851185E-1
3.310688247E0,9.847352028E0,-7.086837292E-1,-7.517793179E-1
3.312722901E0,9.832986832E0,-7.110779285E-1,-7.541735172E-1
3.314725132E0,9.835380554E0,-7.134721279E-1,-7.565677166E-1
3.316817093E0,9.825803757E0,-7.182605267E-1,-7.589619160E-1
3.318769439E0,9.832986832E0,-7.326257229E-1,-7.493851185E-1
3.320769324E0,9.804255486E0,-7.278373241E-1,-7.374141216E-1
3.322838747E0,9.806650162E0,-7.158663273E-1,-7.350199223E-1
3.324873862E0,9.813833237E0,-7.182605267E-1,-7.326257229E-1
3.326942824E0,9.818621635E0,-7.158663273E-1,-7.374141216E-1
3.328977939E0,9.806650162E0,-6.991068721E-1,-7.326257229E-1
3.331046901E0,9.794678688E0,-7.038952708E-1,-7.326257229E-1
3.333081901E0,9.765948296E0,-6.895300746E-1,-7.182605267E-1
3.335081439E0,9.777919769E0,-6.991068721E-1,-7.134721279E-1
3.337167516E0,9.792284966E0,-7.182605267E-1,-7.230489254E-1
3.339129901E0,9.806650162E0,-7.206547260E-1,-7.350199223E-1
3.341129824E0,9.809044838E0,-7.182605267E-1,-7.350199223E-1
3.343198978E0,9.789890289E0,-7.110779285E-1,-7.326257229E-1
3.345234093E0,9.792284966E0,-7.158663273E-1,-7.350199223E-1
3.347303016E0,9.797073364E0,-7.158663273E-1,-7.350199223E-1
3.349337862E0,9.794678688E0,-7.230489254E-1,-7.302315235E-1
3.351406901E0,9.794678688E0,-7.350199223E-1,-7.326257229E-1
3.353441516E0,9.801861763E0,-7.254431248E-1,-7.302315235E-1
3.355470978E0,9.804255486E0,-7.182605267E-1,-7.302315235E-1
3.357471862E0,9.818621635E0,-7.278373241E-1,-7.254431248E-1
3.359540978E0,9.823410034E0,-7.326257229E-1,-7.254431248E-1
3.361575670E0,9.830592155E0,-7.350199223E-1,-7.254431248E-1
3.363644670E0,9.849745750E0,-7.469909191E-1,-7.110779285E-1
3.365679478E0,9.849745750E0,-7.398083210E-1,-7.062895298E-1
3.367748055E0,9.852140427E0,-7.422025204E-1,-7.015010715E-1
3.369782824E0,9.849745750E0,-7.493851185E-1,-7.086837292E-1
3.371851555E0,9.847352028E0,-7.350199223E-1,-6.991068721E-1
3.373886439E0,9.852140427E0,-7.302315235E-1,-6.967126727E-1
3.375917747E0,9.859322548E0,-7.350199223E-1,-6.943184733E-1
3.377949016E0,9.861717224E0,-7.182605267E-1,-6.823474765E-1
3.380017785E0,9.861717224E0,-7.182605267E-1,-6.775590777E-1
3.382052593E0,9.878476143E0,-7.206547260E-1,-6.847416759E-1
3.384121401E0,9.876082420E0,-7.278373241E-1,-7.015010715E-1
3.386155939E0,9.880870819E0,-7.302315235E-1,-7.110779285E-1
3.388225439E0,9.866505623E0,-7.278373241E-1,-7.182605267E-1
3.390260401E0,9.880870819E0,-7.158663273E-1,-7.302315235E-1
3.392329362E0,9.890447617E0,-7.038952708E-1,-7.469909191E-1
3.394363978E0,9.900024414E0,-6.967126727E-1,-7.565677166E-1
3.396367093E0,9.885659218E0,-7.015010715E-1,-7.733271718E-1
3.398458939E0,9.864110947E0,-6.871358752E-1,-7.805097699E-1
3.400411901E0,9.852140427E0,-6.799532771E-1,-7.996633649E-1
3.402412439E0,9.856928825E0,-6.584054828E-1,-8.116343617E-1
3.404481016E0,9.852140427E0,-6.655880809E-1,-8.212111592E-1
3.406515670E0,9.844957352E0,-6.584054828E-1,-8.427590132E-1
3.408584477E0,9.849745750E0,-6.679822803E-1,-8.355764151E-1
3.410619708E0,9.844957352E0,-6.727706790E-1,-8.499416113E-1
3.412688939E0,9.828198433E0,-6.536170840E-1,-8.714894056E-1
3.414723593E0,9.823410034E0,-6.512228847E-1,-8.714894056E-1
3.416755670E0,9.809044838E0,-6.464344859E-1,-8.810662031E-1
3.418841401E0,9.809044838E0,-6.392518282E-1,-8.834604025E-1
3.420803824E0,9.821015358E0,-6.368576288E-1,-8.643068075E-1
3.422803939E0,9.816226959E0,-6.416460276E-1,-8.571242094E-1
3.424872900E0,9.818621635E0,-6.512228847E-1,-8.571242094E-1
3.426907900E0,9.811438560E0,-6.607996821E-1,-8.475474119E-1
3.428976708E0,9.811438560E0,-6.679822803E-1,-8.451532125E-1
3.431012131E0,9.813833237E0,-6.727706790E-1,-8.403648138E-1
3.433081862E0,9.816226959E0,-6.871358752E-1,-8.451532125E-1
3.435117285E0,9.832986832E0,-7.062895298E-1,-8.212111592E-1
3.437120400E0,9.844957352E0,-7.015010715E-1,-8.092401624E-1
3.439124631E0,9.844957352E0,-6.847416759E-1,-7.996633649E-1
3.441193747E0,9.849745750E0,-7.038952708E-1,-7.781155705E-1
3.443228516E0,9.854534149E0,-7.134721279E-1,-7.733271718E-1
3.445297362E0,9.861717224E0,-7.230489254E-1,-7.661445141E-1
3.447332247E0,9.856928825E0,-7.158663273E-1,-7.589619160E-1
3.449401593E0,9.856928825E0,-7.230489254E-1,-7.469909191E-1
3.451436439E0,9.859322548E0,-7.302315235E-1,-7.469909191E-1
3.453505477E0,9.861717224E0,-7.278373241E-1,-7.565677166E-1
3.455540823E0,9.859322548E0,-7.230489254E-1,-7.541735172E-1
3.457572747E0,9.842563629E0,-7.206547260E-1,-7.493851185E-1
3.459604785E0,9.844957352E0,-7.278373241E-1,-7.445967197E-1
3.461673785E0,9.847352028E0,-7.374141216E-1,-7.493851185E-1
3.463708746E0,9.852140427E0,-7.445967197E-1,-7.422025204E-1
3.465778400E0,9.856928825E0,-7.278373241E-1,-7.541735172E-1
3.467813285E0,9.856928825E0,-7.422025204E-1,-7.589619160E-1
3.469838016E0,9.861717224E0,-7.374141216E-1,-7.565677166E-1
3.471837631E0,9.883264542E0,-7.302315235E-1,-7.661445141E-1
3.473906246E0,9.871294022E0,-7.278373241E-1,-7.781155705E-1
3.475941554E0,9.868899345E0,-7.230489254E-1,-7.805097699E-1
3.477944593E0,9.866505623E0,-7.206547260E-1,-7.876923680E-1
3.480114131E0,9.861717224E0,-7.302315235E-1,-8.140285611E-1
3.481997593E0,9.859322548E0,-7.326257229E-1,-8.140285611E-1
3.483997746E0,9.854534149E0,-7.110779285E-1,-8.236053586E-1
3.486067131E0,9.866505623E0,-7.086837292E-1,-8.331822157E-1
3.488102400E0,9.856928825E0,-7.086837292E-1,-8.307880163E-1
3.490171977E0,9.849745750E0,-7.086837292E-1,-8.403648138E-1
3.492207169E0,9.861717224E0,-7.110779285E-1,-8.427590132E-1
3.494276439E0,9.866505623E0,-7.158663273E-1,-8.451532125E-1
3.496311439E0,9.859322548E0,-6.991068721E-1,-8.499416113E-1
3.498342785E0,9.864110947E0,-6.895300746E-1,-8.523358107E-1
3.500427823E0,9.866505623E0,-6.751648784E-1,-8.595184088E-1
3.502389708E0,9.866505623E0,-6.584054828E-1,-8.714894056E-1
3.504389631E0,9.868899345E0,-6.679822803E-1,-8.714894056E-1
3.506458708E0,9.876082420E0,-6.679822803E-1,-8.762778044E-1
3.508493823E0,9.892841339E0,-6.703764796E-1,-8.690952063E-1
3.510563439E0,9.907206535E0,-6.512228847E-1,-8.595184088E-1
3.512598439E0,9.907206535E0,-6.488286853E-1,-8.643068075E-1
3.514668092E0,9.909601212E0,-6.536170840E-1,-8.619126081E-1
3.516703323E0,9.911994934E0,-6.560112834E-1,-8.475474119E-1
3.518734285E0,9.921571732E0,-6.512228847E-1,-8.499416113E-1
3.520736246E0,9.926360130E0,-6.440402865E-1,-8.475474119E-1
3.522805708E0,9.904812813E0,-6.440402865E-1,-8.547300100E-1
3.524840631E0,9.923966408E0,-6.416460276E-1,-8.475474119E-1
3.526910015E0,9.916783333E0,-6.344634295E-1,-8.427590132E-1
3.528945323E0,9.916783333E0,-6.344634295E-1,-8.403648138E-1
3.531014785E0,9.923966408E0,-6.416460276E-1,-8.427590132E-1
3.533050169E0,9.923966408E0,-6.392518282E-1,-8.451532125E-1
3.535119785E0,9.911994934E0,-6.512228847E-1,-8.523358107E-1
3.537155477E0,9.890447617E0,-6.488286853E-1,-8.547300100E-1
3.539188708E0,9.876082420E0,-6.416460276E-1,-8.643068075E-1
3.541220515E0,9.871294022E0,-6.512228847E-1,-8.643068075E-1
3.543290246E0,9.854534149E0,-6.440402865E-1,-8.714894056E-1
3.545325900E0,9.859322548E0,-6.416460276E-1,-8.714894056E-1
3.547395438E0,9.861717224E0,-6.512228847E-1,-8.643068075E-1
3.549430862E0,9.856928825E0,-6.560112834E-1,-8.619126081E-1
3.551500938E0,9.844957352E0,-6.607996821E-1,-8.547300100E-1
3.553536477E0,9.840168953E0,-6.679822803E-1,-8.499416113E-1
3.555606054E0,9.825803757E0,-6.607996821E-1,-8.379706144E-1
3.557641554E0,9.789890289E0,-6.584054828E-1,-8.379706144E-1
3.559644785E0,9.792284966E0,-6.655880809E-1,-8.451532125E-1
3.561737438E0,9.801861763E0,-6.584054828E-1,-8.403648138E-1
3.563690708E0,9.801861763E0,-6.607996821E-1,-8.355764151E-1
3.565690631E0,9.799467087E0,-6.727706790E-1,-8.427590132E-1
3.567759708E0,9.773131371E0,-6.847416759E-1,-8.523358107E-1
3.569794708E0,9.773131371E0,-6.967126727E-1,-8.499416113E-1
3.571863477E0,9.777919769E0,-7.086837292E-1,-8.427590132E-1
3.573898323E0,9.780313492E0,-7.038952708E-1,-8.379706144E-1
3.575967592E0,9.792284966E0,-6.847416759E-1,-8.331822157E-1
3.578003208E0,9.797073364E0,-6.823474765E-1,-8.331822157E-1
3.580035592E0,9.782708168E0,-6.823474765E-1,-8.259995580E-1
3.582120554E0,9.775525093E0,-6.871358752E-1,-8.188169599E-1
3.584083708E0,9.785101891E0,-6.943184733E-1,-8.140285611E-1
3.586084515E0,9.792284966E0,-6.895300746E-1,-8.259995580E-1
3.588154515E0,9.789890289E0,-6.847416759E-1,-8.331822157E-1
3.590190015E0,9.789890289E0,-6.871358752E-1,-8.259995580E-1
3.592259592E0,9.799467087E0,-6.895300746E-1,-8.068459630E-1
3.594294784E0,9.811438560E0,-6.775590777E-1,-7.972691655E-1
3.596364708E0,9.825803757E0,-7.038952708E-1,-7.972691655E-1
3.598400438E0,9.823410034E0,-6.943184733E-1,-8.092401624E-1
3.600403438E0,9.830592155E0,-6.847416759E-1,-7.996633649E-1
3.602407169E0,9.821015358E0,-6.967126727E-1,-7.924807668E-1
3.604476746E0,9.813833237E0,-6.967126727E-1,-7.852981687E-1
3.606511707E0,9.825803757E0,-6.943184733E-1,-7.972691655E-1
3.608581207E0,9.816226959E0,-6.943184733E-1,-7.972691655E-1
3.610616400E0,9.821015358E0,-6.895300746E-1,-7.924807668E-1
3.612685861E0,9.821015358E0,-6.823474765E-1,-7.900865674E-1
3.614720977E0,9.828198433E0,-6.919242740E-1,-7.709329724E-1
3.616790207E0,9.837775230E0,-6.799532771E-1,-7.685387731E-1
3.618825515E0,9.837775230E0,-6.823474765E-1,-7.661445141E-1
3.620857861E0,9.840168953E0,-6.775590777E-1,-7.565677166E-1
3.622889707E0,9.832986832E0,-6.727706790E-1,-7.445967197E-1
3.624959092E0,9.837775230E0,-6.751648784E-1,-7.422025204E-1
3.626994054E0,9.859322548E0,-6.943184733E-1,-7.374141216E-1
3.629063592E0,9.835380554E0,-6.919242740E-1,-7.374141216E-1
3.631099092E0,9.837775230E0,-6.823474765E-1,-7.278373241E-1
3.633168707E0,9.844957352E0,-6.703764796E-1,-7.302315235E-1
3.635204130E0,9.837775230E0,-6.703764796E-1,-7.254431248E-1
3.637274400E0,9.837775230E0,-6.799532771E-1,-7.158663273E-1
3.639309746E0,9.840168953E0,-6.871358752E-1,-7.038952708E-1
3.641313169E0,9.835380554E0,-6.871358752E-1,-6.967126727E-1
3.643405438E0,9.823410034E0,-7.015010715E-1,-6.919242740E-1
3.645359284E0,9.813833237E0,-7.015010715E-1,-6.823474765E-1
3.647359477E0,9.811438560E0,-6.943184733E-1,-6.631938815E-1
3.649429284E0,9.816226959E0,-6.967126727E-1,-6.727706790E-1
3.651464861E0,9.816226959E0,-6.823474765E-1,-6.775590777E-1
3.653534630E0,9.809044838E0,-6.751648784E-1,-6.655880809E-1
3.655570400E0,9.797073364E0,-6.703764796E-1,-6.631938815E-1
3.657639553E0,9.823410034E0,-6.895300746E-1,-6.607996821E-1
3.659674823E0,9.832986832E0,-6.751648784E-1,-6.679822803E-1
3.661706938E0,9.832986832E0,-6.679822803E-1,-6.607996821E-1
3.663793592E0,9.821015358E0,-6.703764796E-1,-6.440402865E-1
3.665756015E0,9.825803757E0,-6.751648784E-1,-6.392518282E-1
3.667756438E0,9.813833237E0,-6.727706790E-1,-6.392518282E-1
3.669826169E0,9.806650162E0,-6.703764796E-1,-6.320692301E-1
3.671861707E0,9.801861763E0,-6.631938815E-1,-6.368576288E-1
3.673931284E0,9.787496567E0,-6.655880809E-1,-6.344634295E-1
3.675967246E0,9.768342972E0,-6.607996821E-1,-6.272808313E-1
3.678036823E0,9.765948296E0,-6.727706790E-1,-6.344634295E-1
3.680072092E0,9.765948296E0,-6.727706790E-1,-6.440402865E-1
3.682102823E0,9.765948296E0,-6.703764796E-1,-6.560112834E-1
3.684105207E0,9.763554573E0,-6.512228847E-1,-6.488286853E-1
3.686175284E0,9.777919769E0,-6.560112834E-1,-6.512228847E-1
3.688211092E0,9.780313492E0,-6.727706790E-1,-6.488286853E-1
3.690280823E0,9.782708168E0,-6.679822803E-1,-6.512228847E-1
3.692316246E0,9.765948296E0,-6.727706790E-1,-6.584054828E-1
3.694385823E0,9.768342972E0,-6.727706790E-1,-6.584054828E-1
3.696420861E0,9.787496567E0,-6.584054828E-1,-6.655880809E-1
3.698490169E0,9.782708168E0,-6.536170840E-1,-6.727706790E-1
3.700525476E0,9.794678688E0,-6.536170840E-1,-6.727706790E-1
3.702558438E0,9.799467087E0,-6.823474765E-1,-6.751648784E-1
3.704590899E0,9.804255486E0,-6.823474765E-1,-6.943184733E-1
3.706659976E0,9.806650162E0,-6.895300746E-1,-6.991068721E-1
3.708695399E0,9.806650162E0,-6.967126727E-1,-7.038952708E-1
3.710764592E0,9.809044838E0,-6.679822803E-1,-7.062895298E-1
3.712800399E0,9.809044838E0,-6.703764796E-1,-7.110779285E-1
3.714825630E0,9.813833237E0,-6.799532771E-1,-7.158663273E-1
3.716825861E0,9.823410034E0,-6.919242740E-1,-7.302315235E-1
3.718895015E0,9.816226959E0,-6.895300746E-1,-7.445967197E-1
3.720930092E0,9.825803757E0,-6.943184733E-1,-7.469909191E-1
3.722932746E0,9.842563629E0,-6.991068721E-1,-7.517793179E-1
3.725101553E0,9.842563629E0,-6.847416759E-1,-7.661445141E-1
3.726984976E0,9.852140427E0,-6.895300746E-1,-7.589619160E-1
3.728984861E0,9.864110947E0,-6.991068721E-1,-7.517793179E-1
3.731054092E0,9.864110947E0,-6.943184733E-1,-7.685387731E-1
3.733089245E0,9.859322548E0,-6.871358752E-1,-7.757213712E-1
3.735158938E0,9.864110947E0,-7.182605267E-1,-7.757213712E-1
3.737194284E0,9.866505623E0,-7.086837292E-1,-7.757213712E-1
3.739262822E0,9.873687744E0,-7.182605267E-1,-7.852981687E-1
3.741297438E0,9.888052940E0,-7.086837292E-1,-7.900865674E-1
3.743331130E0,9.895236015E0,-7.158663273E-1,-7.972691655E-1
3.745416399E0,9.902418137E0,-7.134721279E-1,-8.020575643E-1
3.747378707E0,9.933543205E0,-7.230489254E-1,-8.068459630E-1
3.749378092E0,9.933543205E0,-7.158663273E-1,-7.996633649E-1
3.751446938E0,9.928754807E0,-7.134721279E-1,-7.900865674E-1
3.753481399E0,9.933543205E0,-6.943184733E-1,-7.900865674E-1
3.755549899E0,9.928754807E0,-6.967126727E-1,-7.876923680E-1
3.757584515E0,9.928754807E0,-6.871358752E-1,-7.972691655E-1
3.759653515E0,9.909601212E0,-6.919242740E-1,-8.092401624E-1
3.761688399E0,9.900024414E0,-6.871358752E-1,-8.236053586E-1
3.763691592E0,9.878476143E0,-6.871358752E-1,-8.236053586E-1
3.765695361E0,9.864110947E0,-6.679822803E-1,-8.307880163E-1
3.767764399E0,9.856928825E0,-6.655880809E-1,-8.236053586E-1
3.769799245E0,9.847352028E0,-6.607996821E-1,-8.307880163E-1
3.771868207E0,9.847352028E0,-6.512228847E-1,-8.259995580E-1
3.773902784E0,9.856928825E0,-6.607996821E-1,-8.355764151E-1
3.775971707E0,9.861717224E0,-6.584054828E-1,-8.236053586E-1
3.778006745E0,9.856928825E0,-6.655880809E-1,-8.188169599E-1
3.780075784E0,9.844957352E0,-6.775590777E-1,-8.259995580E-1
3.782110707E0,9.837775230E0,-6.536170840E-1,-8.188169599E-1
3.784143015E0,9.849745750E0,-6.512228847E-1,-8.044517636E-1
3.786156053E0,9.856928825E0,-6.512228847E-1,-8.092401624E-1
3.788225476E0,9.852140427E0,-6.655880809E-1,-8.116343617E-1
3.790260707E0,9.844957352E0,-6.727706790E-1,-8.020575643E-1
3.792329899E0,9.828198433E0,-6.727706790E-1,-7.996633649E-1
3.794365091E0,9.830592155E0,-6.799532771E-1,-7.996633649E-1
3.796434514E0,9.837775230E0,-6.799532771E-1,-8.068459630E-1
3.798469476E0,9.842563629E0,-6.679822803E-1,-8.044517636E-1
3.800538822E0,9.828198433E0,-6.991068721E-1,-8.020575643E-1
3.802574014E0,9.821015358E0,-7.062895298E-1,-7.852981687E-1
3.804576399E0,9.823410034E0,-6.919242740E-1,-7.852981687E-1
3.806663668E0,9.837775230E0,-6.991068721E-1,-7.900865674E-1
3.808625937E0,9.842563629E0,-6.943184733E-1,-7.805097699E-1
3.810626130E0,9.840168953E0,-6.823474765E-1,-7.876923680E-1
3.812695361E0,9.821015358E0,-6.871358752E-1,-7.900865674E-1
3.814730668E0,9.835380554E0,-7.062895298E-1,-7.685387731E-1
3.816800168E0,9.835380554E0,-7.134721279E-1,-7.709329724E-1
3.818835014E0,9.823410034E0,-7.110779285E-1,-7.661445141E-1
3.820904053E0,9.806650162E0,-7.158663273E-1,-7.445967197E-1
3.822938591E0,9.806650162E0,-7.134721279E-1,-7.469909191E-1
3.824972207E0,9.801861763E0,-7.134721279E-1,-7.350199223E-1
3.827056745E0,9.813833237E0,-7.254431248E-1,-7.398083210E-1
3.829018745E0,9.806650162E0,-7.182605267E-1,-7.326257229E-1
3.831018745E0,9.799467087E0,-7.278373241E-1,-7.230489254E-1
3.833087822E0,9.789890289E0,-7.350199223E-1,-7.158663273E-1
3.835122976E0,9.782708168E0,-7.445967197E-1,-7.182605267E-1
3.837192284E0,9.782708168E0,-7.422025204E-1,-7.062895298E-1
3.839226976E0,9.794678688E0,-7.445967197E-1,-7.182605267E-1
3.841296091E0,9.816226959E0,-7.445967197E-1,-7.230489254E-1
3.843330860E0,9.818621635E0,-7.517793179E-1,-7.062895298E-1
3.845360322E0,9.825803757E0,-7.374141216E-1,-6.943184733E-1
3.847361245E0,9.828198433E0,-7.398083210E-1,-6.871358752E-1
3.849430014E0,9.816226959E0,-7.254431248E-1,-6.847416759E-1
3.851464745E0,9.809044838E0,-7.086837292E-1,-6.751648784E-1
3.853533283E0,9.809044838E0,-7.206547260E-1,-6.823474765E-1
3.855567783E0,9.809044838E0,-7.302315235E-1,-6.895300746E-1
3.857636283E0,9.792284966E0,-7.350199223E-1,-6.727706790E-1
3.859670399E0,9.758766174E0,-7.422025204E-1,-6.679822803E-1
3.861738937E0,9.756371498E0,-7.350199223E-1,-6.631938815E-1
3.863773053E0,9.780313492E0,-7.278373241E-1,-6.560112834E-1
3.865804130E0,9.780313492E0,-7.254431248E-1,-6.631938815E-1
3.867834245E0,9.777919769E0,-7.182605267E-1,-6.584054828E-1
3.869903476E0,9.773131371E0,-7.182605267E-1,-6.488286853E-1
3.871938091E0,9.761159897E0,-7.110779285E-1,-6.488286853E-1
3.874007360E0,9.761159897E0,-7.158663273E-1,-6.488286853E-1
3.876042322E0,9.770736694E0,-7.086837292E-1,-6.368576288E-1
3.878110899E0,9.763554573E0,-7.134721279E-1,-6.344634295E-1
3.880145899E0,9.758766174E0,-7.182605267E-1,-6.392518282E-1
3.882215053E0,9.749189377E0,-7.134721279E-1,-6.272808313E-1
3.884249476E0,9.761159897E0,-7.015010715E-1,-6.224924326E-1
3.886253399E0,9.789890289E0,-6.919242740E-1,-6.320692301E-1
3.888345091E0,9.804255486E0,-6.799532771E-1,-6.392518282E-1
3.890297937E0,9.789890289E0,-6.679822803E-1,-6.368576288E-1
3.892298399E0,9.797073364E0,-6.751648784E-1,-6.416460276E-1
3.894367591E0,9.806650162E0,-6.584054828E-1,-6.655880809E-1
3.896403053E0,9.780313492E0,-6.560112834E-1,-6.560112834E-1
3.898472822E0,9.773131371E0,-6.416460276E-1,-6.584054828E-1
3.900508168E0,9.768342972E0,-6.368576288E-1,-6.679822803E-1
3.902577514E0,9.777919769E0,-6.392518282E-1,-6.895300746E-1
3.904612822E0,9.763554573E0,-6.344634295E-1,-7.015010715E-1
3.906644745E0,9.751583099E0,-6.440402865E-1,-7.086837292E-1
3.908731091E0,9.744400978E0,-6.536170840E-1,-7.206547260E-1
3.910692899E0,9.732429504E0,-6.344634295E-1,-7.493851185E-1
3.912692629E0,9.732429504E0,-6.224924326E-1,-7.541735172E-1
3.914761860E0,9.734824181E0,-6.344634295E-1,-7.637503147E-1
3.916796783E0,9.746794701E0,-6.344634295E-1,-7.565677166E-1
3.918865745E0,9.746794701E0,-6.344634295E-1,-7.565677166E-1
3.920900783E0,9.768342972E0,-6.272808313E-1,-7.733271718E-1
3.922969783E0,9.780313492E0,-6.320692301E-1,-7.829039693E-1
3.925005014E0,9.780313492E0,-6.320692301E-1,-7.852981687E-1
3.927008475E0,9.785101891E0,-6.584054828E-1,-7.805097699E-1
3.929012322E0,9.765948296E0,-6.584054828E-1,-7.709329724E-1
3.931080975E0,9.763554573E0,-6.488286853E-1,-7.733271718E-1
3.933115552E0,9.777919769E0,-6.703764796E-1,-7.469909191E-1
3.935184629E0,9.797073364E0,-6.847416759E-1,-7.374141216E-1
3.937219399E0,9.785101891E0,-6.967126727E-1,-7.302315235E-1
3.939288514E0,9.787496567E0,-6.751648784E-1,-7.254431248E-1
3.941323322E0,9.821015358E0,-6.919242740E-1,-7.158663273E-1
3.943392360E0,9.825803757E0,-6.991068721E-1,-7.062895298E-1
3.945426822E0,9.837775230E0,-6.943184733E-1,-7.038952708E-1
3.947457629E0,9.847352028E0,-6.895300746E-1,-7.062895298E-1
3.949488398E0,9.849745750E0,-6.703764796E-1,-6.991068721E-1
3.951556668E0,9.835380554E0,-6.775590777E-1,-7.086837292E-1
3.953590591E0,9.844957352E0,-6.751648784E-1,-7.110779285E-1
3.955658398E0,9.840168953E0,-6.823474765E-1,-7.038952708E-1
3.957693206E0,9.842563629E0,-6.799532771E-1,-6.967126727E-1
3.959717668E0,9.832986832E0,-6.967126727E-1,-6.943184733E-1
3.961717552E0,9.832986832E0,-6.991068721E-1,-7.110779285E-1
3.963786898E0,9.830592155E0,-6.919242740E-1,-7.134721279E-1
3.965822514E0,9.825803757E0,-6.727706790E-1,-7.182605267E-1
3.967825629E0,9.816226959E0,-6.703764796E-1,-7.158663273E-1
3.969995975E0,9.825803757E0,-6.799532771E-1,-7.230489254E-1
3.971879745E0,9.832986832E0,-7.038952708E-1,-7.182605267E-1
3.973880129E0,9.837775230E0,-7.086837292E-1,-7.374141216E-1
3.975949091E0,9.840168953E0,-6.991068721E-1,-7.398083210E-1
3.977983898E0,9.840168953E0,-6.943184733E-1,-7.350199223E-1
3.980053052E0,9.852140427E0,-6.967126727E-1,-7.422025204E-1
3.982088360E0,9.849745750E0,-6.871358752E-1,-7.493851185E-1
3.984157745E0,9.859322548E0,-6.751648784E-1,-7.541735172E-1
3.986192591E0,9.849745750E0,-6.727706790E-1,-7.613561153E-1
3.988224014E0,9.847352028E0,-6.967126727E-1,-7.637503147E-1
3.990310437E0,9.849745750E0,-6.871358752E-1,-7.613561153E-1
3.992272321E0,9.844957352E0,-6.775590777E-1,-7.613561153E-1
3.994272629E0,9.818621635E0,-6.871358752E-1,-7.685387731E-1
3.996341744E0,9.806650162E0,-6.871358752E-1,-7.709329724E-1
3.998376283E0,9.818621635E0,-6.895300746E-1,-7.948749661E-1
4.000445360E0,9.835380554E0,-6.727706790E-1,-8.044517636E-1
4.002480168E0,9.856928825E0,-6.631938815E-1,-8.164227605E-1
4.004549091E0,9.892841339E0,-6.607996821E-1,-8.116343617E-1
4.006584244E0,9.902418137E0,-6.631938815E-1,-8.259995580E-1
4.008614591E0,9.895236015E0,-6.823474765E-1,-8.236053586E-1
4.010616360E0,9.883264542E0,-6.847416759E-1,-8.164227605E-1
4.012685860E0,9.880870819E0,-6.631938815E-1,-8.092401624E-1
4.014720937E0,9.868899345E0,-6.703764796E-1,-8.164227605E-1
4.016790514E0,9.868899345E0,-6.943184733E-1,-8.212111592E-1
4.018825475E0,9.876082420E0,-6.919242740E-1,-8.236053586E-1
4.020893975E0,9.876082420E0,-6.895300746E-1,-8.212111592E-1
4.022928552E0,9.880870819E0,-6.823474765E-1,-8.068459630E-1
4.024997321E0,9.873687744E0,-6.847416759E-1,-8.044517636E-1
4.027032398E0,9.885659218E0,-6.943184733E-1,-8.092401624E-1
4.029065937E0,9.888052940E0,-6.943184733E-1,-8.140285611E-1
4.031098014E0,9.897629738E0,-6.799532771E-1,-8.068459630E-1
4.033167475E0,9.895236015E0,-6.895300746E-1,-7.996633649E-1
4.035202706E0,9.900024414E0,-6.919242740E-1,-7.924807668E-1
4.037272052E0,9.902418137E0,-6.991068721E-1,-7.948749661E-1
4.039306783E0,9.900024414E0,-6.895300746E-1,-7.757213712E-1
4.041375744E0,9.902418137E0,-6.895300746E-1,-7.757213712E-1
4.043410129E0,9.914389610E0,-6.991068721E-1,-7.661445141E-1
4.045478744E0,9.926360130E0,-7.015010715E-1,-7.589619160E-1
4.047513283E0,9.923966408E0,-7.086837292E-1,-7.565677166E-1
4.049515552E0,9.907206535E0,-6.991068721E-1,-7.637503147E-1
4.051607667E0,9.880870819E0,-7.110779285E-1,-7.541735172E-1
4.053561129E0,9.878476143E0,-7.110779285E-1,-7.469909191E-1
4.055561052E0,9.892841339E0,-7.062895298E-1,-7.445967197E-1
4.057630206E0,9.902418137E0,-7.134721279E-1,-7.445967197E-1
4.059665244E0,9.892841339E0,-6.991068721E-1,-7.326257229E-1
4.061733860E0,9.861717224E0,-7.015010715E-1,-7.086837292E-1
4.063768398E0,9.876082420E0,-7.206547260E-1,-7.254431248E-1
4.065837898E0,9.880870819E0,-7.254431248E-1,-7.230489254E-1
4.067873398E0,9.868899345E0,-7.302315235E-1,-7.015010715E-1
4.069904360E0,9.842563629E0,-7.062895298E-1,-6.919242740E-1
4.071990167E0,9.832986832E0,-7.062895298E-1,-6.871358752E-1
4.073952898E0,9.844957352E0,-7.015010715E-1,-6.943184733E-1
4.075953129E0,9.859322548E0,-7.062895298E-1,-7.015010715E-1
4.078022283E0,9.844957352E0,-6.847416759E-1,-6.967126727E-1
4.080057360E0,9.832986832E0,-6.823474765E-1,-6.919242740E-1
4.082126283E0,9.840168953E0,-6.847416759E-1,-6.775590777E-1
4.084161129E0,9.837775230E0,-6.919242740E-1,-6.727706790E-1
4.086230244E0,9.832986832E0,-6.919242740E-1,-6.727706790E-1
4.088264975E0,9.854534149E0,-6.823474765E-1,-6.607996821E-1
4.090268359E0,9.825803757E0,-6.847416759E-1,-6.679822803E-1
4.092271667E0,9.821015358E0,-6.799532771E-1,-6.679822803E-1
4.094340783E0,9.823410034E0,-6.871358752E-1,-6.703764796E-1
4.096375398E0,9.828198433E0,-6.727706790E-1,-6.679822803E-1
4.098444090E0,9.823410034E0,-6.679822803E-1,-6.679822803E-1
4.100478783E0,9.837775230E0,-6.727706790E-1,-6.751648784E-1
4.102547167E0,9.823410034E0,-6.679822803E-1,-6.727706790E-1
4.104581783E0,9.821015358E0,-6.560112834E-1,-6.727706790E-1
4.106650667E0,9.818621635E0,-6.392518282E-1,-6.799532771E-1
4.108685475E0,9.801861763E0,-6.416460276E-1,-6.823474765E-1
4.110717052E0,9.818621635E0,-6.368576288E-1,-6.871358752E-1
4.112748936E0,9.821015358E0,-6.440402865E-1,-6.943184733E-1
4.114817898E0,9.821015358E0,-6.320692301E-1,-7.015010715E-1
4.116853013E0,9.821015358E0,-6.464344859E-1,-6.991068721E-1
4.118922244E0,9.813833237E0,-6.464344859E-1,-6.967126727E-1
4.120957436E0,9.816226959E0,-6.416460276E-1,-7.015010715E-1
4.123027090E0,9.837775230E0,-6.488286853E-1,-7.110779285E-1
4.125062090E0,9.849745750E0,-6.488286853E-1,-7.110779285E-1
4.127131782E0,9.832986832E0,-6.679822803E-1,-7.110779285E-1
4.129167282E0,9.830592155E0,-6.703764796E-1,-7.206547260E-1
4.131170398E0,9.818621635E0,-6.751648784E-1,-7.206547260E-1
4.133261398E0,9.830592155E0,-6.823474765E-1,-7.182605267E-1
4.135214821E0,9.837775230E0,-6.799532771E-1,-7.086837292E-1
4.137214513E0,9.837775230E0,-6.871358752E-1,-7.134721279E-1
4.139284013E0,9.828198433E0,-6.991068721E-1,-7.062895298E-1
4.141319359E0,9.830592155E0,-6.919242740E-1,-7.015010715E-1
4.143388436E0,9.828198433E0,-6.895300746E-1,-7.038952708E-1
4.145423205E0,9.811438560E0,-6.871358752E-1,-7.086837292E-1
4.147492398E0,9.806650162E0,-7.110779285E-1,-6.991068721E-1
4.149527321E0,9.811438560E0,-7.158663273E-1,-7.015010715E-1
4.151559321E0,9.835380554E0,-7.110779285E-1,-7.110779285E-1
4.153644898E0,9.823410034E0,-7.134721279E-1,-7.230489254E-1
4.155607359E0,9.825803757E0,-7.182605267E-1,-7.326257229E-1
4.157606859E0,9.823410034E0,-7.230489254E-1,-7.350199223E-1
4.159675628E0,9.837775230E0,-7.254431248E-1,-7.206547260E-1
4.161710513E0,9.837775230E0,-7.302315235E-1,-7.158663273E-1
4.163779821E0,9.847352028E0,-7.374141216E-1,-7.110779285E-1
4.165814859E0,9.844957352E0,-7.637503147E-1,-7.182605267E-1
4.167883821E0,9.849745750E0,-7.541735172E-1,-7.110779285E-1
4.169918359E0,9.861717224E0,-7.541735172E-1,-7.110779285E-1
4.171947859E0,9.868899345E0,-7.398083210E-1,-7.158663273E-1
4.173949705E0,9.866505623E0,-7.589619160E-1,-7.158663273E-1
4.176019205E0,9.864110947E0,-7.589619160E-1,-7.038952708E-1
4.178053282E0,9.854534149E0,-7.637503147E-1,-7.134721279E-1
4.180121936E0,9.835380554E0,-7.517793179E-1,-7.278373241E-1
4.182156782E0,9.823410034E0,-7.589619160E-1,-7.302315235E-1
4.184225359E0,9.818621635E0,-7.565677166E-1,-7.230489254E-1
4.186260128E0,9.813833237E0,-7.541735172E-1,-7.278373241E-1
4.188328744E0,9.816226959E0,-7.589619160E-1,-7.302315235E-1
4.190363205E0,9.828198433E0,-7.469909191E-1,-7.302315235E-1
4.192394859E0,9.813833237E0,-7.182605267E-1,-7.350199223E-1
4.194426667E0,9.816226959E0,-7.158663273E-1,-7.350199223E-1
4.196495667E0,9.813833237E0,-7.278373241E-1,-7.398083210E-1
4.198530628E0,9.821015358E0,-7.230489254E-1,-7.398083210E-1
4.200599898E0,9.797073364E0,-7.254431248E-1,-7.469909191E-1
4.202634513E0,9.794678688E0,-7.206547260E-1,-7.565677166E-1
4.204659859E0,9.792284966E0,-7.302315235E-1,-7.685387731E-1
4.206659628E0,9.799467087E0,-7.134721279E-1,-7.781155705E-1
4.208729205E0,9.799467087E0,-7.038952708E-1,-7.852981687E-1
4.210763244E0,9.806650162E0,-6.991068721E-1,-7.924807668E-1
4.212766090E0,9.809044838E0,-6.751648784E-1,-7.924807668E-1
4.214934782E0,9.818621635E0,-6.727706790E-1,-8.020575643E-1
4.216818090E0,9.799467087E0,-6.703764796E-1,-8.020575643E-1
4.218817705E0,9.782708168E0,-6.584054828E-1,-8.116343617E-1
4.220886705E0,9.792284966E0,-6.679822803E-1,-8.116343617E-1
4.222921821E0,9.823410034E0,-6.751648784E-1,-8.259995580E-1
4.224990705E0,9.823410034E0,-6.536170840E-1,-8.331822157E-1
4.227025551E0,9.816226959E0,-6.536170840E-1,-8.379706144E-1
4.229094359E0,9.837775230E0,-6.464344859E-1,-8.475474119E-1
4.231128820E0,9.854534149E0,-6.440402865E-1,-8.547300100E-1
4.233128859E0,9.849745750E0,-6.464344859E-1,-8.571242094E-1
4.235215167E0,9.854534149E0,-6.416460276E-1,-8.762778044E-1
4.237177974E0,9.852140427E0,-6.368576288E-1,-8.786720037E-1
4.239178167E0,9.849745750E0,-6.296750307E-1,-8.786720037E-1
4.241247128E0,9.868899345E0,-6.296750307E-1,-8.810662031E-1
4.243281897E0,9.866505623E0,-6.392518282E-1,-8.858546019E-1
4.245351051E0,9.849745750E0,-6.392518282E-1,-8.882488012E-1
4.247385782E0,9.856928825E0,-6.296750307E-1,-8.930372596E-1
4.249454320E0,9.861717224E0,-6.272808313E-1,-8.906430602E-1
4.251488974E0,9.888052940E0,-6.224924326E-1,-9.026140571E-1
4.253492090E0,9.892841339E0,-6.248866320E-1,-8.978256583E-1
4.255496705E0,9.888052940E0,-6.440402865E-1,-8.858546019E-1
4.257565705E0,9.876082420E0,-6.416460276E-1,-8.786720037E-1
4.259600359E0,9.873687744E0,-6.392518282E-1,-8.810662031E-1
4.261669013E0,9.866505623E0,-6.584054828E-1,-8.762778044E-1
4.263703936E0,9.885659218E0,-6.440402865E-1,-8.834604025E-1
4.265772090E0,9.885659218E0,-6.440402865E-1,-8.786720037E-1
4.267806051E0,9.866505623E0,-6.560112834E-1,-8.690952063E-1
4.269875359E0,9.852140427E0,-6.607996821E-1,-8.690952063E-1
4.271958090E0,9.856928825E0,-6.631938815E-1,-8.762778044E-1
4.273919936E0,9.861717224E0,-6.607996821E-1,-8.786720037E-1
4.275951205E0,9.854534149E0,-6.775590777E-1,-8.858546019E-1
4.278020551E0,9.864110947E0,-6.679822803E-1,-8.858546019E-1
4.280056051E0,9.847352028E0,-6.703764796E-1,-8.834604025E-1
4.282055974E0,9.856928825E0,-6.991068721E-1,-8.810662031E-1
4.284056128E0,9.854534149E0,-7.015010715E-1,-8.810662031E-1
4.286125590E0,9.849745750E0,-6.895300746E-1,-8.762778044E-1
4.289302282E0,9.876082420E0,-6.871358752E-1,-8.954314590E-1
4.291208166E0,9.880870819E0,-6.943184733E-1,-9.002198577E-1
4.293208666E0,9.890447617E0,-6.991068721E-1,-9.193734527E-1
4.295211705E0,9.890447617E0,-6.871358752E-1,-9.121908545E-1
4.297303551E0,9.883264542E0,-6.847416759E-1,-9.217676520E-1
4.299257089E0,9.890447617E0,-6.871358752E-1,-9.265560508E-1
4.301257551E0,9.892841339E0,-6.919242740E-1,-9.265560508E-1
4.303327166E0,9.904812813E0,-6.895300746E-1,-9.289502501E-1
4.305362551E0,9.909601212E0,-6.991068721E-1,-9.409212470E-1
4.307432051E0,9.897629738E0,-6.919242740E-1,-9.433154464E-1
4.309467436E0,9.897629738E0,-6.967126727E-1,-9.457096457E-1
4.311536897E0,9.914389610E0,-7.062895298E-1,-9.361328483E-1
4.313572089E0,9.902418137E0,-7.254431248E-1,-9.289502501E-1
4.315603666E0,9.888052940E0,-7.182605267E-1,-9.265560508E-1
4.317690128E0,9.885659218E0,-7.182605267E-1,-9.361328483E-1
4.319653128E0,9.878476143E0,-7.254431248E-1,-9.217676520E-1
4.321653551E0,9.878476143E0,-7.206547260E-1,-9.265560508E-1
4.323722743E0,9.876082420E0,-7.326257229E-1,-9.265560508E-1
4.325757897E0,9.864110947E0,-7.278373241E-1,-9.169792533E-1
4.327827397E0,9.842563629E0,-7.254431248E-1,-9.145850539E-1
4.329862820E0,9.842563629E0,-7.182605267E-1,-9.002198577E-1
4.331932743E0,9.835380554E0,-7.230489254E-1,-9.002198577E-1
4.333968359E0,9.830592155E0,-7.182605267E-1,-8.978256583E-1
4.335999397E0,9.823410034E0,-7.110779285E-1,-8.882488012E-1
4.338001589E0,9.823410034E0,-7.182605267E-1,-8.690952063E-1
4.340071551E0,9.835380554E0,-7.134721279E-1,-8.547300100E-1
4.342107705E0,9.823410034E0,-7.110779285E-1,-8.427590132E-1
4.344177666E0,9.823410034E0,-7.158663273E-1,-8.355764151E-1
4.346213551E0,9.821015358E0,-7.230489254E-1,-8.475474119E-1
4.348284012E0,9.828198433E0,-7.254431248E-1,-8.523358107E-1
4.350319897E0,9.832986832E0,-7.254431248E-1,-8.355764151E-1
4.352390397E0,9.821015358E0,-7.182605267E-1,-8.212111592E-1
4.354426474E0,9.816226959E0,-7.206547260E-1,-8.164227605E-1
4.356458897E0,9.825803757E0,-7.278373241E-1,-8.259995580E-1
4.358491128E0,9.813833237E0,-7.326257229E-1,-8.212111592E-1
4.360561089E0,9.806650162E0,-7.254431248E-1,-8.140285611E-1
4.362596628E0,9.787496567E0,-7.206547260E-1,-8.140285611E-1
4.364666743E0,9.780313492E0,-7.326257229E-1,-8.044517636E-1
4.366702512E0,9.782708168E0,-7.374141216E-1,-8.068459630E-1
4.368772243E0,9.787496567E0,-7.374141216E-1,-7.924807668E-1
4.370807628E0,9.768342972E0,-7.422025204E-1,-7.781155705E-1
4.372877858E0,9.761159897E0,-7.565677166E-1,-7.709329724E-1
4.374913935E0,9.765948296E0,-7.493851185E-1,-7.637503147E-1
4.376917166E0,9.761159897E0,-7.469909191E-1,-7.637503147E-1
4.379009474E0,9.765948296E0,-7.398083210E-1,-7.613561153E-1
4.380963089E0,9.777919769E0,-7.350199223E-1,-7.661445141E-1
4.382963781E0,9.763554573E0,-7.230489254E-1,-7.709329724E-1
4.385033320E0,9.780313492E0,-7.230489254E-1,-7.613561153E-1
4.387069166E0,9.787496567E0,-7.182605267E-1,-7.613561153E-1
4.389139051E0,9.794678688E0,-7.015010715E-1,-7.661445141E-1
4.391174666E0,9.816226959E0,-6.943184733E-1,-7.733271718E-1
4.393244435E0,9.816226959E0,-6.943184733E-1,-7.781155705E-1
4.395280089E0,9.811438560E0,-7.015010715E-1,-8.020575643E-1
4.397312397E0,9.813833237E0,-6.895300746E-1,-8.068459630E-1
4.399399204E0,9.813833237E0,-6.823474765E-1,-8.044517636E-1
4.401361704E0,9.821015358E0,-6.631938815E-1,-8.188169599E-1
4.403361589E0,9.825803757E0,-6.703764796E-1,-8.236053586E-1
4.405430512E0,9.813833237E0,-6.607996821E-1,-8.283938169E-1
4.407465435E0,9.818621635E0,-6.584054828E-1,-8.379706144E-1
4.409534628E0,9.821015358E0,-6.584054828E-1,-8.307880163E-1
4.411569397E0,9.821015358E0,-6.631938815E-1,-8.355764151E-1
4.413638781E0,9.813833237E0,-6.679822803E-1,-8.595184088E-1
4.415673589E0,9.811438560E0,-6.560112834E-1,-8.738836050E-1
4.417676474E0,9.823410034E0,-6.631938815E-1,-8.714894056E-1
4.419680127E0,9.840168953E0,-6.679822803E-1,-8.714894056E-1
4.421749397E0,9.847352028E0,-6.679822803E-1,-8.738836050E-1
4.423784320E0,9.832986832E0,-6.703764796E-1,-8.667010069E-1
4.425853474E0,9.837775230E0,-6.727706790E-1,-8.667010069E-1
4.427888397E0,9.837775230E0,-6.895300746E-1,-8.643068075E-1
4.429957551E0,9.830592155E0,-6.823474765E-1,-8.619126081E-1
4.431992012E0,9.835380554E0,-6.919242740E-1,-8.499416113E-1
4.434061166E0,9.859322548E0,-6.991068721E-1,-8.355764151E-1
4.436096204E0,9.856928825E0,-6.943184733E-1,-8.283938169E-1
4.438128127E0,9.849745750E0,-6.991068721E-1,-8.259995580E-1
4.440160050E0,9.832986832E0,-7.134721279E-1,-8.236053586E-1
4.442229897E0,9.825803757E0,-7.134721279E-1,-8.212111592E-1
4.444264397E0,9.830592155E0,-7.110779285E-1,-8.188169599E-1
4.446333589E0,9.840168953E0,-7.110779285E-1,-8.092401624E-1
4.448368320E0,9.818621635E0,-7.206547260E-1,-7.996633649E-1
4.450392935E0,9.816226959E0,-7.110779285E-1,-7.996633649E-1
4.452392627E0,9.830592155E0,-6.991068721E-1,-7.972691655E-1
4.454461550E0,9.818621635E0,-7.230489254E-1,-7.900865674E-1
4.456496358E0,9.823410034E0,-7.278373241E-1,-7.924807668E-1
4.458500204E0,9.818621635E0,-7.062895298E-1,-7.972691655E-1
4.460669550E0,9.813833237E0,-7.062895298E-1,-7.852981687E-1
4.462553089E0,9.813833237E0,-7.134721279E-1,-7.852981687E-1
4.464553050E0,9.804255486E0,-7.134721279E-1,-7.852981687E-1
4.466621589E0,9.804255486E0,-6.919242740E-1,-7.996633649E-1
4.468656397E0,9.799467087E0,-6.823474765E-1,-8.212111592E-1
4.470725127E0,9.792284966E0,-6.823474765E-1,-8.283938169E-1
4.472759396E0,9.782708168E0,-6.895300746E-1,-8.164227605E-1
4.474828243E0,9.799467087E0,-6.871358752E-1,-8.283938169E-1
4.476862781E0,9.804255486E0,-6.775590777E-1,-8.212111592E-1
4.478894396E0,9.809044838E0,-6.895300746E-1,-8.283938169E-1
4.480980358E0,9.806650162E0,-6.775590777E-1,-8.259995580E-1
4.482943050E0,9.809044838E0,-6.631938815E-1,-8.236053586E-1
4.484943396E0,9.811438560E0,-6.679822803E-1,-8.307880163E-1
4.487013320E0,9.823410034E0,-6.751648784E-1,-8.283938169E-1
4.489047512E0,9.816226959E0,-6.775590777E-1,-8.331822157E-1
4.491116858E0,9.813833237E0,-6.775590777E-1,-8.307880163E-1
4.493152089E0,9.821015358E0,-6.751648784E-1,-8.307880163E-1
4.495221935E0,9.825803757E0,-6.584054828E-1,-8.355764151E-1
4.497256973E0,9.840168953E0,-6.607996821E-1,-8.331822157E-1
4.499288858E0,9.828198433E0,-6.631938815E-1,-8.355764151E-1
4.501291858E0,9.825803757E0,-6.703764796E-1,-8.331822157E-1
4.503360704E0,9.830592155E0,-6.655880809E-1,-8.212111592E-1
4.505395666E0,9.825803757E0,-6.440402865E-1,-8.188169599E-1
4.507464666E0,9.823410034E0,-6.464344859E-1,-8.259995580E-1
4.509499512E0,9.825803757E0,-6.560112834E-1,-8.355764151E-1
4.511568512E0,9.832986832E0,-6.799532771E-1,-8.236053586E-1
4.513603435E0,9.844957352E0,-6.679822803E-1,-8.092401624E-1
4.515672973E0,9.835380554E0,-6.703764796E-1,-8.116343617E-1
4.517707781E0,9.837775230E0,-6.631938815E-1,-7.948749661E-1
4.519740704E0,9.837775230E0,-6.703764796E-1,-7.948749661E-1
4.521772704E0,9.837775230E0,-6.823474765E-1,-7.852981687E-1
4.523841089E0,9.847352028E0,-6.823474765E-1,-7.805097699E-1
4.525875358E0,9.866505623E0,-6.679822803E-1,-7.733271718E-1
4.527942973E0,9.864110947E0,-6.799532771E-1,-7.781155705E-1
4.529977858E0,9.864110947E0,-6.799532771E-1,-7.900865674E-1
4.532046435E0,9.859322548E0,-6.799532771E-1,-7.924807668E-1
4.534080550E0,9.859322548E0,-6.799532771E-1,-7.876923680E-1
4.536149281E0,9.854534149E0,-6.823474765E-1,-7.852981687E-1
4.538183896E0,9.837775230E0,-6.847416759E-1,-7.709329724E-1
4.540186089E0,9.844957352E0,-6.895300746E-1,-7.661445141E-1
4.542276973E0,9.859322548E0,-7.062895298E-1,-7.709329724E-1
4.544230204E0,9.840168953E0,-7.110779285E-1,-7.781155705E-1
4.546229473E0,9.832986832E0,-7.062895298E-1,-7.757213712E-1
4.548297973E0,9.844957352E0,-6.871358752E-1,-7.709329724E-1
4.550331935E0,9.840168953E0,-6.991068721E-1,-7.805097699E-1
4.552400165E0,9.832986832E0,-7.062895298E-1,-7.852981687E-1
4.554434512E0,9.842563629E0,-7.110779285E-1,-7.829039693E-1
4.556503127E0,9.832986832E0,-7.015010715E-1,-7.781155705E-1
4.558537396E0,9.830592155E0,-7.038952708E-1,-7.781155705E-1
4.560568396E0,9.825803757E0,-6.967126727E-1,-7.733271718E-1
4.562653396E0,9.830592155E0,-6.991068721E-1,-7.781155705E-1
4.564615050E0,9.816226959E0,-6.751648784E-1,-7.876923680E-1
4.566614165E0,9.823410034E0,-6.775590777E-1,-7.852981687E-1
4.568682127E0,9.835380554E0,-6.943184733E-1,-7.757213712E-1
4.570715896E0,9.849745750E0,-6.847416759E-1,-7.733271718E-1
4.572784396E0,9.837775230E0,-6.775590777E-1,-7.757213712E-1
4.574818511E0,9.818621635E0,-6.799532771E-1,-7.685387731E-1
4.576886973E0,9.809044838E0,-6.895300746E-1,-7.589619160E-1
4.578921473E0,9.799467087E0,-6.847416759E-1,-7.589619160E-1
4.580923781E0,9.782708168E0,-6.751648784E-1,-7.445967197E-1
4.582928396E0,9.777919769E0,-6.703764796E-1,-7.422025204E-1
4.584997550E0,9.782708168E0,-6.775590777E-1,-7.374141216E-1
4.587032396E0,9.789890289E0,-6.871358752E-1,-7.326257229E-1
4.589101435E0,9.789890289E0,-6.799532771E-1,-7.278373241E-1
4.591136550E0,9.785101891E0,-6.703764796E-1,-7.326257229E-1
4.593205511E0,9.787496567E0,-6.631938815E-1,-7.422025204E-1
4.595240358E0,9.770736694E0,-6.607996821E-1,-7.350199223E-1
4.597309011E0,9.763554573E0,-6.655880809E-1,-7.565677166E-1
4.599344050E0,9.761159897E0,-6.679822803E-1,-7.541735172E-1
4.601376204E0,9.775525093E0,-6.584054828E-1,-7.326257229E-1
4.603408281E0,9.768342972E0,-6.607996821E-1,-7.398083210E-1
4.605477319E0,9.770736694E0,-6.584054828E-1,-7.398083210E-1
4.607512781E0,9.768342972E0,-6.607996821E-1,-7.469909191E-1
4.609580781E0,9.768342972E0,-6.679822803E-1,-7.422025204E-1
4.611615434E0,9.770736694E0,-6.727706790E-1,-7.326257229E-1
4.613683973E0,9.765948296E0,-6.536170840E-1,-7.374141216E-1
4.615717973E0,9.746794701E0,-6.536170840E-1,-7.445967197E-1
4.617786511E0,9.753977776E0,-6.631938815E-1,-7.493851185E-1
4.619820511E0,9.775525093E0,-6.727706790E-1,-7.445967197E-1
4.621823242E0,9.768342972E0,-6.751648784E-1,-7.422025204E-1
4.623913242E0,9.758766174E0,-6.751648784E-1,-7.398083210E-1
4.625865742E0,9.763554573E0,-6.703764796E-1,-7.398083210E-1
4.627865742E0,9.780313492E0,-6.919242740E-1,-7.278373241E-1
4.629934434E0,9.777919769E0,-6.991068721E-1,-7.206547260E-1
4.631969011E0,9.780313492E0,-6.943184733E-1,-7.230489254E-1
4.634037857E0,9.775525093E0,-6.919242740E-1,-7.206547260E-1
4.636072242E0,9.782708168E0,-6.847416759E-1,-7.158663273E-1
4.638141357E0,9.770736694E0,-6.751648784E-1,-7.086837292E-1
4.640176319E0,9.775525093E0,-6.871358752E-1,-7.206547260E-1
4.642207742E0,9.773131371E0,-6.799532771E-1,-7.206547260E-1
4.644293204E0,9.777919769E0,-6.775590777E-1,-7.302315235E-1
4.646255473E0,9.799467087E0,-6.799532771E-1,-7.302315235E-1
4.648255165E0,9.797073364E0,-7.038952708E-1,-7.182605267E-1
4.650323742E0,9.792284966E0,-6.967126727E-1,-7.182605267E-1
4.652358588E0,9.794678688E0,-6.871358752E-1,-7.182605267E-1
4.654427242E0,9.804255486E0,-6.991068721E-1,-7.326257229E-1
4.656461588E0,9.811438560E0,-6.943184733E-1,-7.398083210E-1
4.658530357E0,9.818621635E0,-6.751648784E-1,-7.350199223E-1
4.660565434E0,9.806650162E0,-6.847416759E-1,-7.278373241E-1
4.662596319E0,9.801861763E0,-6.943184733E-1,-7.254431248E-1
4.664597780E0,9.809044838E0,-6.871358752E-1,-7.158663273E-1
4.666666896E0,9.806650162E0,-6.943184733E-1,-7.302315235E-1
4.668702050E0,9.806650162E0,-6.871358752E-1,-7.374141216E-1
4.670771165E0,9.813833237E0,-6.919242740E-1,-7.445967197E-1
4.672806088E0,9.816226959E0,-6.823474765E-1,-7.398083210E-1
4.674875011E0,9.816226959E0,-6.775590777E-1,-7.445967197E-1
4.676910050E0,9.816226959E0,-6.799532771E-1,-7.541735172E-1
4.678979050E0,9.825803757E0,-7.038952708E-1,-7.565677166E-1
4.681013511E0,9.837775230E0,-6.871358752E-1,-7.517793179E-1
4.683045396E0,9.830592155E0,-6.751648784E-1,-7.565677166E-1
4.685077511E0,9.835380554E0,-6.919242740E-1,-7.637503147E-1
4.687146703E0,9.852140427E0,-6.607996821E-1,-7.852981687E-1
4.689181857E0,9.854534149E0,-6.679822803E-1,-7.876923680E-1
4.691251588E0,9.837775230E0,-6.823474765E-1,-7.805097699E-1
4.693286511E0,9.856928825E0,-6.847416759E-1,-7.852981687E-1
4.695311511E0,9.844957352E0,-6.823474765E-1,-7.924807668E-1
4.697311665E0,9.840168953E0,-6.799532771E-1,-8.092401624E-1
4.699380934E0,9.840168953E0,-6.823474765E-1,-8.068459630E-1
4.701415780E0,9.840168953E0,-6.847416759E-1,-8.068459630E-1
4.703419011E0,9.849745750E0,-6.727706790E-1,-8.140285611E-1
4.705589473E0,9.847352028E0,-6.727706790E-1,-8.212111592E-1
4.707473049E0,9.844957352E0,-6.679822803E-1,-8.236053586E-1
4.709472973E0,9.849745750E0,-6.727706790E-1,-8.259995580E-1
4.711541780E0,9.852140427E0,-6.943184733E-1,-8.403648138E-1
4.713576742E0,9.849745750E0,-6.895300746E-1,-8.427590132E-1
4.715646126E0,9.861717224E0,-6.967126727E-1,-8.427590132E-1
4.717681242E0,9.861717224E0,-6.991068721E-1,-8.403648138E-1
4.719750357E0,9.856928825E0,-6.871358752E-1,-8.355764151E-1
4.721785203E0,9.856928825E0,-6.727706790E-1,-8.499416113E-1
4.723817396E0,9.842563629E0,-6.679822803E-1,-8.499416113E-1
4.725903857E0,9.840168953E0,-6.703764796E-1,-8.499416113E-1
4.727866242E0,9.837775230E0,-6.679822803E-1,-8.475474119E-1
4.729866396E0,9.840168953E0,-6.631938815E-1,-8.427590132E-1
4.731935665E0,9.852140427E0,-6.751648784E-1,-8.379706144E-1
4.733970857E0,9.856928825E0,-6.703764796E-1,-8.283938169E-1
4.736040203E0,9.852140427E0,-6.703764796E-1,-8.236053586E-1
4.738075665E0,9.876082420E0,-6.679822803E-1,-8.188169599E-1
4.740145088E0,9.873687744E0,-6.727706790E-1,-8.212111592E-1
4.742180242E0,9.878476143E0,-6.751648784E-1,-8.259995580E-1
4.744183434E0,9.885659218E0,-6.967126727E-1,-8.044517636E-1
4.746188972E0,9.873687744E0,-6.919242740E-1,-8.188169599E-1
4.748258011E0,9.866505623E0,-6.823474765E-1,-8.212111592E-1
4.750292857E0,9.888052940E0,-6.703764796E-1,-8.283938169E-1
4.752361434E0,9.885659218E0,-6.679822803E-1,-8.212111592E-1
4.754396472E0,9.866505623E0,-6.584054828E-1,-8.236053586E-1
4.756464972E0,9.861717224E0,-6.368576288E-1,-8.283938169E-1
4.758499511E0,9.840168953E0,-6.200982332E-1,-8.307880163E-1
4.760568049E0,9.816226959E0,-6.033388376E-1,-8.307880163E-1
4.762602895E0,9.804255486E0,-6.129156351E-1,-8.283938169E-1
4.764634626E0,9.801861763E0,-6.057330370E-1,-8.307880163E-1
4.766666395E0,9.775525093E0,-6.105214357E-1,-8.427590132E-1
4.768735280E0,9.789890289E0,-5.985504389E-1,-8.379706144E-1
4.770770472E0,9.777919769E0,-5.889736414E-1,-8.475474119E-1
4.772839780E0,9.785101891E0,-5.841852427E-1,-8.379706144E-1
4.774874588E0,9.797073364E0,-5.770025849E-1,-8.403648138E-1
4.776943241E0,9.787496567E0,-5.937620401E-1,-8.499416113E-1
4.778977857E0,9.794678688E0,-6.009446383E-1,-8.427590132E-1
4.781046665E0,9.792284966E0,-6.129156351E-1,-8.331822157E-1
4.783081472E0,9.809044838E0,-6.105214357E-1,-8.259995580E-1
4.785085972E0,9.813833237E0,-6.105214357E-1,-8.236053586E-1
4.787177780E0,9.811438560E0,-5.913678408E-1,-8.283938169E-1
4.789131472E0,9.806650162E0,-6.081272364E-1,-8.307880163E-1
4.791131934E0,9.813833237E0,-6.177040339E-1,-8.283938169E-1
4.793201357E0,9.816226959E0,-6.320692301E-1,-8.044517636E-1
4.795236626E0,9.813833237E0,-6.344634295E-1,-7.972691655E-1
4.797305626E0,9.804255486E0,-6.368576288E-1,-8.044517636E-1
4.799340203E0,9.818621635E0,-6.368576288E-1,-8.116343617E-1
4.801409511E0,9.830592155E0,-6.344634295E-1,-8.140285611E-1
4.803444588E0,9.823410034E0,-6.440402865E-1,-8.140285611E-1
4.805444434E0,9.806650162E0,-6.464344859E-1,-8.044517636E-1
4.807533549E0,9.806650162E0,-6.392518282E-1,-8.020575643E-1
4.809486780E0,9.816226959E0,-6.464344859E-1,-8.068459630E-1
4.811486626E0,9.813833237E0,-6.775590777E-1,-8.116343617E-1
4.813555857E0,9.821015358E0,-6.799532771E-1,-8.140285611E-1
4.815590664E0,9.821015358E0,-6.823474765E-1,-8.164227605E-1
4.817659087E0,9.821015358E0,-6.895300746E-1,-8.164227605E-1
4.819693741E0,9.816226959E0,-6.847416759E-1,-8.164227605E-1
4.821763357E0,9.801861763E0,-6.943184733E-1,-8.259995580E-1
4.823798241E0,9.811438560E0,-6.895300746E-1,-8.212111592E-1
4.825828934E0,9.804255486E0,-6.967126727E-1,-8.212111592E-1
4.827830357E0,9.797073364E0,-6.991068721E-1,-8.164227605E-1
4.829899741E0,9.806650162E0,-6.895300746E-1,-8.164227605E-1
4.831934972E0,9.806650162E0,-6.991068721E-1,-8.236053586E-1
4.834004318E0,9.804255486E0,-7.015010715E-1,-8.331822157E-1
4.836039280E0,9.797073364E0,-6.991068721E-1,-8.355764151E-1
4.838108164E0,9.818621635E0,-6.991068721E-1,-8.307880163E-1
4.840143318E0,9.809044838E0,-7.206547260E-1,-8.331822157E-1
4.842212395E0,9.794678688E0,-7.182605267E-1,-8.331822157E-1
4.844247164E0,9.801861763E0,-7.158663273E-1,-8.427590132E-1
4.846278934E0,9.811438560E0,-7.302315235E-1,-8.475474119E-1
4.848310126E0,9.806650162E0,-7.206547260E-1,-8.427590132E-1
4.850379741E0,9.804255486E0,-7.206547260E-1,-8.499416113E-1
4.852414934E0,9.806650162E0,-7.182605267E-1,-8.331822157E-1
4.854484087E0,9.797073364E0,-7.158663273E-1,-8.236053586E-1
4.856518587E0,9.806650162E0,-7.278373241E-1,-8.259995580E-1
4.858587857E0,9.811438560E0,-7.110779285E-1,-8.499416113E-1
4.860622626E0,9.799467087E0,-7.062895298E-1,-8.427590132E-1
4.862691626E0,9.789890289E0,-7.015010715E-1,-8.307880163E-1
4.864726126E0,9.777919769E0,-7.062895298E-1,-8.283938169E-1
4.866728510E0,9.773131371E0,-7.015010715E-1,-8.188169599E-1
4.868819703E0,9.780313492E0,-7.062895298E-1,-8.188169599E-1
4.870773164E0,9.770736694E0,-6.919242740E-1,-8.092401624E-1
4.872773203E0,9.758766174E0,-6.823474765E-1,-7.996633649E-1
4.874842049E0,9.763554573E0,-6.727706790E-1,-7.924807668E-1
4.876876356E0,9.768342972E0,-6.799532771E-1,-7.852981687E-1
4.878946010E0,9.775525093E0,-6.775590777E-1,-7.900865674E-1
4.880980972E0,9.782708168E0,-6.727706790E-1,-7.948749661E-1
4.883050280E0,9.789890289E0,-6.679822803E-1,-8.068459630E-1
4.885085049E0,9.811438560E0,-6.584054828E-1,-8.140285611E-1
4.887084818E0,9.809044838E0,-6.631938815E-1,-8.259995580E-1
4.889170780E0,9.801861763E0,-6.416460276E-1,-8.427590132E-1
4.891132280E0,9.801861763E0,-6.296750307E-1,-8.499416113E-1
4.893132510E0,9.799467087E0,-6.344634295E-1,-8.499416113E-1
4.895201664E0,9.809044838E0,-6.416460276E-1,-8.595184088E-1
4.897236549E0,9.804255486E0,-6.200982332E-1,-8.762778044E-1
4.899305626E0,9.792284966E0,-6.177040339E-1,-8.738836050E-1
4.901340395E0,9.792284966E0,-6.200982332E-1,-8.810662031E-1
4.903409664E0,9.789890289E0,-6.153098345E-1,-8.978256583E-1
4.905444472E0,9.787496567E0,-6.200982332E-1,-8.906430602E-1
4.907447703E0,9.789890289E0,-6.057330370E-1,-8.882488012E-1
4.909450626E0,9.785101891E0,-6.009446383E-1,-8.930372596E-1
4.911519664E0,9.782708168E0,-6.105214357E-1,-9.097966552E-1
4.913554626E0,9.785101891E0,-6.129156351E-1,-9.097966552E-1
4.915623279E0,9.787496567E0,-5.961562395E-1,-9.050082564E-1
4.917658049E0,9.780313492E0,-6.081272364E-1,-9.074024558E-1
4.919726664E0,9.782708168E0,-6.177040339E-1,-9.074024558E-1
4.921761741E0,9.765948296E0,-6.440402865E-1,-9.050082564E-1
4.923830049E0,9.780313492E0,-6.536170840E-1,-8.954314590E-1
4.925864818E0,9.794678688E0,-6.584054828E-1,-8.810662031E-1
4.927896510E0,9.811438560E0,-6.607996821E-1,-8.738836050E-1
4.929928241E0,9.816226959E0,-6.607996821E-1,-8.643068075E-1
4.931997664E0,9.816226959E0,-6.655880809E-1,-8.643068075E-1
4.934032241E0,9.809044838E0,-6.607996821E-1,-8.523358107E-1
4.936101587E0,9.844957352E0,-6.727706790E-1,-8.571242094E-1
4.938136856E0,9.854534149E0,-6.703764796E-1,-8.427590132E-1
4.940162510E0,9.844957352E0,-6.655880809E-1,-8.403648138E-1
4.942162741E0,9.847352028E0,-6.847416759E-1,-8.283938169E-1
4.944231741E0,9.854534149E0,-6.871358752E-1,-8.236053586E-1
4.946266741E0,9.852140427E0,-6.823474765E-1,-8.212111592E-1
4.948269933E0,9.864110947E0,-6.679822803E-1,-8.044517636E-1
4.950439433E0,9.866505623E0,-6.703764796E-1,-7.900865674E-1
4.952322202E0,9.871294022E0,-6.655880809E-1,-7.852981687E-1
4.954322164E0,9.873687744E0,-6.512228847E-1,-7.900865674E-1
4.956391510E0,9.868899345E0,-6.631938815E-1,-7.781155705E-1
4.958426818E0,9.876082420E0,-6.847416759E-1,-7.781155705E-1
4.960496318E0,9.859322548E0,-6.775590777E-1,-7.829039693E-1
4.962531356E0,9.868899345E0,-6.560112834E-1,-7.757213712E-1
4.964600548E0,9.871294022E0,-6.512228847E-1,-7.757213712E-1
4.966635356E0,9.871294022E0,-6.751648784E-1,-7.685387731E-1
4.968667318E0,9.866505623E0,-6.799532771E-1,-7.733271718E-1
4.970753587E0,9.871294022E0,-6.775590777E-1,-7.733271718E-1
4.972716510E0,9.866505623E0,-6.871358752E-1,-7.781155705E-1
4.974716702E0,9.844957352E0,-6.919242740E-1,-7.733271718E-1
4.976785664E0,9.849745750E0,-6.751648784E-1,-7.757213712E-1
4.978820510E0,9.842563629E0,-6.655880809E-1,-7.876923680E-1
4.980889779E0,9.840168953E0,-6.751648784E-1,-7.948749661E-1
4.982924779E0,9.849745750E0,-6.823474765E-1,-7.972691655E-1
4.984993779E0,9.847352028E0,-6.943184733E-1,-8.020575643E-1
4.987028471E0,9.852140427E0,-6.919242740E-1,-8.044517636E-1
4.989057741E0,9.844957352E0,-6.919242740E-1,-8.068459630E-1
4.991059087E0,9.868899345E0,-6.823474765E-1,-8.116343617E-1
4.993127971E0,9.859322548E0,-6.967126727E-1,-8.283938169E-1
4.995162510E0,9.861717224E0,-6.871358752E-1,-8.331822157E-1
4.997231241E0,9.856928825E0,-6.991068721E-1,-8.403648138E-1
4.999265856E0,9.840168953E0,-6.943184733E-1,-8.331822157E-1
5.001334741E0,9.847352028E0,-6.943184733E-1,-8.475474119E-1
5.003369394E0,9.837775230E0,-6.871358752E-1,-8.475474119E-1
5.005438318E0,9.825803757E0,-6.871358752E-1,-8.643068075E-1
5.007472971E0,9.830592155E0,-7.015010715E-1,-8.762778044E-1
5.009503433E0,9.835380554E0,-7.015010715E-1,-8.786720037E-1
5.011535433E0,9.840168953E0,-6.871358752E-1,-8.906430602E-1
5.013604394E0,9.844957352E0,-6.799532771E-1,-9.193734527E-1
5.015638548E0,9.844957352E0,-6.799532771E-1,-9.337386489E-1
5.017707125E0,9.864110947E0,-6.727706790E-1,-9.504981041E-1
5.019741394E0,9.861717224E0,-6.799532771E-1,-9.672574997E-1
5.021810664E0,9.866505623E0,-6.919242740E-1,-9.672574997E-1
5.023845164E0,9.861717224E0,-7.062895298E-1,-9.792284966E-1
5.025914164E0,9.844957352E0,-7.038952708E-1,-9.864110947E-1
5.027949202E0,9.866505623E0,-6.943184733E-1,-9.935936928E-1
5.029952894E0,9.876082420E0,-6.991068721E-1,-9.959878922E-1
5.032045741E0,9.897629738E0,-7.134721279E-1,-1.005564690E0
5.033999087E0,9.907206535E0,-7.038952708E-1,-1.005564690E0
5.035998894E0,9.909601212E0,-6.943184733E-1,-1.003170490E0
5.038067702E0,9.911994934E0,-6.991068721E-1,-9.983820915E-1
5.040102664E0,9.904812813E0,-6.967126727E-1,-1.005564690E0
5.042171471E0,9.897629738E0,-6.991068721E-1,-1.015141487E0
5.044206240E0,9.902418137E0,-7.158663273E-1,-9.959878922E-1
5.046275317E0,9.907206535E0,-7.134721279E-1,-9.935936928E-1
5.048310164E0,9.911994934E0,-7.086837292E-1,-9.911994934E-1
5.050341356E0,9.911994934E0,-7.182605267E-1,-9.792284966E-1
5.052427279E0,9.921571732E0,-7.086837292E-1,-9.720458984E-1
5.054389664E0,9.921571732E0,-7.038952708E-1,-9.624691010E-1
5.056389087E0,9.914389610E0,-7.110779285E-1,-9.576807022E-1
5.058457548E0,9.895236015E0,-7.230489254E-1,-9.552865028E-1
5.060491894E0,9.888052940E0,-7.086837292E-1,-9.528923035E-1
5.062560779E0,9.892841339E0,-7.038952708E-1,-9.457096457E-1
5.064595433E0,9.888052940E0,-7.086837292E-1,-9.265560508E-1
5.066664202E0,9.878476143E0,-7.038952708E-1,-9.217676520E-1
5.068698625E0,9.878476143E0,-7.182605267E-1,-9.193734527E-1
5.070701971E0,9.892841339E0,-7.158663273E-1,-9.097966552E-1
5.072705663E0,9.892841339E0,-7.038952708E-1,-9.074024558E-1
5.074774240E0,9.880870819E0,-6.943184733E-1,-9.050082564E-1
5.076809010E0,9.849745750E0,-6.847416759E-1,-9.097966552E-1
5.078877663E0,9.842563629E0,-6.823474765E-1,-9.050082564E-1
5.080912240E0,9.847352028E0,-7.015010715E-1,-9.002198577E-1
5.082981048E0,9.821015358E0,-6.967126727E-1,-8.930372596E-1
5.085015894E0,9.828198433E0,-6.943184733E-1,-8.930372596E-1
5.087084625E0,9.835380554E0,-7.062895298E-1,-8.834604025E-1
5.089119202E0,9.825803757E0,-7.015010715E-1,-8.858546019E-1
5.091150817E0,9.806650162E0,-6.943184733E-1,-8.714894056E-1
5.093182010E0,9.801861763E0,-6.967126727E-1,-8.738836050E-1
5.095250548E0,9.785101891E0,-6.895300746E-1,-8.738836050E-1
5.097285086E0,9.777919769E0,-6.919242740E-1,-8.834604025E-1
5.099353817E0,9.768342972E0,-6.847416759E-1,-8.762778044E-1
5.101388740E0,9.775525093E0,-6.751648784E-1,-8.714894056E-1
5.103457779E0,9.777919769E0,-6.967126727E-1,-8.714894056E-1
5.105492086E0,9.777919769E0,-6.991068721E-1,-8.786720037E-1
5.107561471E0,9.785101891E0,-6.919242740E-1,-8.738836050E-1
5.109596433E0,9.775525093E0,-6.871358752E-1,-8.786720037E-1
5.111599779E0,9.780313492E0,-6.847416759E-1,-8.738836050E-1
5.113691740E0,9.777919769E0,-6.943184733E-1,-8.930372596E-1
5.115644817E0,9.768342972E0,-6.895300746E-1,-8.978256583E-1
5.117644317E0,9.775525093E0,-6.919242740E-1,-8.954314590E-1
5.119712971E0,9.780313492E0,-6.991068721E-1,-8.882488012E-1
5.121747932E0,9.787496567E0,-7.254431248E-1,-8.906430602E-1
5.123816740E0,9.792284966E0,-7.134721279E-1,-8.930372596E-1
5.125851586E0,9.780313492E0,-7.206547260E-1,-8.978256583E-1
5.127920471E0,9.775525093E0,-7.182605267E-1,-9.050082564E-1
5.129955202E0,9.797073364E0,-7.015010715E-1,-9.121908545E-1
5.131986817E0,9.792284966E0,-6.991068721E-1,-9.074024558E-1
5.134072663E0,9.787496567E0,-7.062895298E-1,-9.145850539E-1
5.136034202E0,9.787496567E0,-7.086837292E-1,-9.074024558E-1
5.138033932E0,9.794678688E0,-7.158663273E-1,-9.193734527E-1
5.140102855E0,9.801861763E0,-7.110779285E-1,-9.217676520E-1
5.142138086E0,9.785101891E0,-7.230489254E-1,-9.097966552E-1
5.144207548E0,9.789890289E0,-7.230489254E-1,-9.193734527E-1
5.146242932E0,9.818621635E0,-7.038952708E-1,-9.361328483E-1
5.148312317E0,9.825803757E0,-7.182605267E-1,-9.385270476E-1
5.150347625E0,9.837775230E0,-7.182605267E-1,-9.217676520E-1
5.152377740E0,9.844957352E0,-7.182605267E-1,-9.097966552E-1
5.154379548E0,9.844957352E0,-7.182605267E-1,-9.193734527E-1
5.156449048E0,9.852140427E0,-7.254431248E-1,-9.217676520E-1
5.158484202E0,9.849745750E0,-7.374141216E-1,-9.193734527E-1
5.160553509E0,9.859322548E0,-7.302315235E-1,-9.097966552E-1
5.162588355E0,9.859322548E0,-7.254431248E-1,-9.169792533E-1
5.164657355E0,9.864110947E0,-7.110779285E-1,-9.241618514E-1
5.166691894E0,9.866505623E0,-7.086837292E-1,-9.265560508E-1
5.168761278E0,9.856928825E0,-6.895300746E-1,-9.145850539E-1
5.170796471E0,9.854534149E0,-6.823474765E-1,-9.097966552E-1
5.172828778E0,9.864110947E0,-6.679822803E-1,-9.169792533E-1
5.174860663E0,9.868899345E0,-6.512228847E-1,-9.097966552E-1
5.176929971E0,9.864110947E0,-6.560112834E-1,-9.026140571E-1
5.178964701E0,9.856928825E0,-6.799532771E-1,-9.050082564E-1
5.181034009E0,9.852140427E0,-6.895300746E-1,-8.978256583E-1
5.183069548E0,9.849745750E0,-6.871358752E-1,-8.978256583E-1
5.185093701E0,9.847352028E0,-6.703764796E-1,-8.954314590E-1
5.187093971E0,9.830592155E0,-6.679822803E-1,-9.026140571E-1
5.189163048E0,9.842563629E0,-6.607996821E-1,-9.002198577E-1
5.191198355E0,9.825803757E0,-6.679822803E-1,-8.906430602E-1
5.193201548E0,9.809044838E0,-6.655880809E-1,-8.834604025E-1
5.195370625E0,9.806650162E0,-6.631938815E-1,-8.858546019E-1
5.197253471E0,9.797073364E0,-6.560112834E-1,-8.690952063E-1
5.199253548E0,9.801861763E0,-6.631938815E-1,-8.762778044E-1
5.201322317E0,9.801861763E0,-6.655880809E-1,-8.690952063E-1
5.203357086E0,9.813833237E0,-6.655880809E-1,-8.595184088E-1
5.205426471E0,9.804255486E0,-6.655880809E-1,-8.451532125E-1
5.207461278E0,9.799467087E0,-6.703764796E-1,-8.475474119E-1
5.209530586E0,9.799467087E0,-6.727706790E-1,-8.475474119E-1
5.211565855E0,9.804255486E0,-6.727706790E-1,-8.499416113E-1
5.213599009E0,9.785101891E0,-6.751648784E-1,-8.499416113E-1
5.215684548E0,9.782708168E0,-6.703764796E-1,-8.331822157E-1
5.217646547E0,9.792284966E0,-6.775590777E-1,-8.355764151E-1
5.219646432E0,9.806650162E0,-6.895300746E-1,-8.259995580E-1
5.221715163E0,9.792284966E0,-6.823474765E-1,-8.259995580E-1
5.223749932E0,9.809044838E0,-6.703764796E-1,-8.331822157E-1
5.225819817E0,9.813833237E0,-6.943184733E-1,-8.331822157E-1
5.227854855E0,9.816226959E0,-6.967126727E-1,-8.259995580E-1
5.229923971E0,9.813833237E0,-7.134721279E-1,-8.116343617E-1
5.231958432E0,9.821015358E0,-7.086837292E-1,-8.164227605E-1
5.233960932E0,9.818621635E0,-7.134721279E-1,-8.212111592E-1
5.235964201E0,9.799467087E0,-7.086837292E-1,-8.068459630E-1
5.238033240E0,9.809044838E0,-7.206547260E-1,-7.972691655E-1
5.240068663E0,9.811438560E0,-7.158663273E-1,-8.044517636E-1
5.242137547E0,9.816226959E0,-7.158663273E-1,-8.140285611E-1
5.244172432E0,9.821015358E0,-7.206547260E-1,-8.236053586E-1
5.246241547E0,9.825803757E0,-7.326257229E-1,-8.259995580E-1
5.248276932E0,9.818621635E0,-7.398083210E-1,-8.188169599E-1
5.250346163E0,9.811438560E0,-7.326257229E-1,-8.044517636E-1
5.252381586E0,9.816226959E0,-7.302315235E-1,-8.092401624E-1
5.254413932E0,9.816226959E0,-7.350199223E-1,-8.259995580E-1
5.256446624E0,9.816226959E0,-7.302315235E-1,-8.331822157E-1
5.258516124E0,9.804255486E0,-7.302315235E-1,-8.307880163E-1
5.260551509E0,9.804255486E0,-7.230489254E-1,-8.307880163E-1
5.262620778E0,9.794678688E0,-7.374141216E-1,-8.403648138E-1
5.264655970E0,9.806650162E0,-7.206547260E-1,-8.427590132E-1
5.266724970E0,9.794678688E0,-7.206547260E-1,-8.403648138E-1
5.268760009E0,9.797073364E0,-7.326257229E-1,-8.523358107E-1
5.270828740E0,9.816226959E0,-7.350199223E-1,-8.499416113E-1
5.272863624E0,9.813833237E0,-7.422025204E-1,-8.523358107E-1
5.274867509E0,9.809044838E0,-7.398083210E-1,-8.619126081E-1
5.276959624E0,9.809044838E0,-7.422025204E-1,-8.475474119E-1
5.278912470E0,9.809044838E0,-7.445967197E-1,-8.451532125E-1
5.280912163E0,9.818621635E0,-7.350199223E-1,-8.523358107E-1
5.282980816E0,9.830592155E0,-7.134721279E-1,-8.547300100E-1
5.285015970E0,9.828198433E0,-7.182605267E-1,-8.595184088E-1
5.287085316E0,9.830592155E0,-7.206547260E-1,-8.475474119E-1
5.289120163E0,9.816226959E0,-7.230489254E-1,-8.379706144E-1
5.291189316E0,9.818621635E0,-7.254431248E-1,-8.427590132E-1
5.293224201E0,9.832986832E0,-7.350199223E-1,-8.451532125E-1
5.295255624E0,9.849745750E0,-7.110779285E-1,-8.331822157E-1
5.297340547E0,9.837775230E0,-7.182605267E-1,-8.283938169E-1
5.299302355E0,9.840168953E0,-7.422025204E-1,-8.236053586E-1
5.301302201E0,9.837775230E0,-7.278373241E-1,-8.188169599E-1
5.303371432E0,9.847352028E0,-7.278373241E-1,-8.164227605E-1
5.305406278E0,9.847352028E0,-7.541735172E-1,-8.236053586E-1
5.307475586E0,9.835380554E0,-7.685387731E-1,-8.140285611E-1
5.309510663E0,9.816226959E0,-7.661445141E-1,-8.212111592E-1
5.311580047E0,9.823410034E0,-7.613561153E-1,-8.164227605E-1
5.313615163E0,9.821015358E0,-7.589619160E-1,-8.140285611E-1
5.315644893E0,9.825803757E0,-7.422025204E-1,-8.116343617E-1
5.317646663E0,9.837775230E0,-7.422025204E-1,-8.092401624E-1
5.319715739E0,9.823410034E0,-7.517793179E-1,-8.092401624E-1
5.321751201E0,9.799467087E0,-7.541735172E-1,-8.140285611E-1
5.323820239E0,9.799467087E0,-7.350199223E-1,-8.140285611E-1
5.325855624E0,9.801861763E0,-7.302315235E-1,-8.164227605E-1
5.327924816E0,9.799467087E0,-7.445967197E-1,-8.212111592E-1
5.329959624E0,9.785101891E0,-7.398083210E-1,-8.283938169E-1
5.332028509E0,9.785101891E0,-7.493851185E-1,-8.307880163E-1
5.334063932E0,9.804255486E0,-7.517793179E-1,-8.259995580E-1
5.336096086E0,9.801861763E0,-7.517793179E-1,-8.283938169E-1
5.338128009E0,9.801861763E0,-7.422025204E-1,-8.116343617E-1
5.340197239E0,9.794678688E0,-7.302315235E-1,-7.972691655E-1
5.342232009E0,9.794678688E0,-7.326257229E-1,-8.044517636E-1
5.344300509E0,9.806650162E0,-7.493851185E-1,-7.996633649E-1
5.346335585E0,9.797073364E0,-7.422025204E-1,-8.020575643E-1
5.348404547E0,9.809044838E0,-7.445967197E-1,-7.948749661E-1
5.350439085E0,9.813833237E0,-7.398083210E-1,-7.924807668E-1
5.352507932E0,9.801861763E0,-7.254431248E-1,-7.829039693E-1
5.354542701E0,9.794678688E0,-7.517793179E-1,-7.709329724E-1
5.356545585E0,9.799467087E0,-7.565677166E-1,-7.637503147E-1
5.358636547E0,9.792284966E0,-7.541735172E-1,-7.469909191E-1
5.360590085E0,9.794678688E0,-7.469909191E-1,-7.469909191E-1
5.362590278E0,9.801861763E0,-7.469909191E-1,-7.469909191E-1
5.364659278E0,9.801861763E0,-7.541735172E-1,-7.398083210E-1
5.366694124E0,9.799467087E0,-7.517793179E-1,-7.230489254E-1
5.368763124E0,9.794678688E0,-7.541735172E-1,-7.254431248E-1
5.370797816E0,9.818621635E0,-7.613561153E-1,-7.158663273E-1
5.372866778E0,9.837775230E0,-7.781155705E-1,-7.326257229E-1
5.374901239E0,9.837775230E0,-7.781155705E-1,-7.422025204E-1
5.376932855E0,9.832986832E0,-7.685387731E-1,-7.422025204E-1
5.379018008E0,9.852140427E0,-7.541735172E-1,-7.589619160E-1
5.380980008E0,9.859322548E0,-7.517793179E-1,-7.709329724E-1
5.382979701E0,9.866505623E0,-7.541735172E-1,-7.829039693E-1
5.385048316E0,9.866505623E0,-7.517793179E-1,-8.020575643E-1
5.387082855E0,9.842563629E0,-7.493851185E-1,-8.188169599E-1
5.389151662E0,9.844957352E0,-7.685387731E-1,-8.307880163E-1
5.391186393E0,9.842563629E0,-7.589619160E-1,-8.523358107E-1
5.393255508E0,9.835380554E0,-7.493851185E-1,-8.762778044E-1
5.395290124E0,9.825803757E0,-7.469909191E-1,-8.762778044E-1
5.397293355E0,9.811438560E0,-7.350199223E-1,-8.930372596E-1
5.399297316E0,9.813833237E0,-7.469909191E-1,-9.097966552E-1
5.401366354E0,9.806650162E0,-7.493851185E-1,-9.217676520E-1
5.403401124E0,9.804255486E0,-7.469909191E-1,-9.433154464E-1
5.405469739E0,9.801861763E0,-7.469909191E-1,-9.481038451E-1
5.407504662E0,9.797073364E0,-7.422025204E-1,-9.481038451E-1
5.409573701E0,9.811438560E0,-7.326257229E-1,-9.600749016E-1
5.411608778E0,9.818621635E0,-7.445967197E-1,-9.648633003E-1
5.413677931E0,9.823410034E0,-7.374141216E-1,-9.744400978E-1
5.415713278E0,9.835380554E0,-7.541735172E-1,-9.696516991E-1
5.417746354E0,9.840168953E0,-7.445967197E-1,-9.624691010E-1
5.419777585E0,9.837775230E0,-7.398083210E-1,-9.624691010E-1
5.421846547E0,9.835380554E0,-7.350199223E-1,-9.552865028E-1
5.423881624E0,9.840168953E0,-7.469909191E-1,-9.481038451E-1
5.425951162E0,9.868899345E0,-7.517793179E-1,-9.337386489E-1
5.427986201E0,9.878476143E0,-7.613561153E-1,-9.217676520E-1
5.430012431E0,9.895236015E0,-7.733271718E-1,-9.074024558E-1
5.432012585E0,9.888052940E0,-7.852981687E-1,-8.738836050E-1
5.434081816E0,9.880870819E0,-7.852981687E-1,-8.667010069E-1
5.436116701E0,9.878476143E0,-7.733271718E-1,-8.595184088E-1
5.438119239E0,9.888052940E0,-7.709329724E-1,-8.403648138E-1
5.440289470E0,9.900024414E0,-7.709329724E-1,-8.307880163E-1
5.442172393E0,9.914389610E0,-7.541735172E-1,-8.020575643E-1
5.444172008E0,9.909601212E0,-7.565677166E-1,-7.829039693E-1
5.446240470E0,9.904812813E0,-7.565677166E-1,-7.757213712E-1
5.448274700E0,9.909601212E0,-7.613561153E-1,-7.541735172E-1
5.450343854E0,9.897629738E0,-7.565677166E-1,-7.374141216E-1
5.452378354E0,9.897629738E0,-7.565677166E-1,-7.374141216E-1
5.454447547E0,9.900024414E0,-7.398083210E-1,-7.398083210E-1
5.456482662E0,9.885659218E0,-7.398083210E-1,-7.326257229E-1
5.458515470E0,9.885659218E0,-7.469909191E-1,-7.302315235E-1
5.460601393E0,9.897629738E0,-7.398083210E-1,-7.254431248E-1
5.462563816E0,9.902418137E0,-7.398083210E-1,-7.422025204E-1
5.464564123E0,9.890447617E0,-7.374141216E-1,-7.445967197E-1
5.466633508E0,9.888052940E0,-7.398083210E-1,-7.445967197E-1
5.468668777E0,9.876082420E0,-7.422025204E-1,-7.517793179E-1
5.470738162E0,9.868899345E0,-7.350199223E-1,-7.541735172E-1
5.472772854E0,9.861717224E0,-7.254431248E-1,-7.661445141E-1
5.474841970E0,9.866505623E0,-7.158663273E-1,-7.661445141E-1
5.476876700E0,9.861717224E0,-7.206547260E-1,-7.757213712E-1
5.478905970E0,9.864110947E0,-7.182605267E-1,-7.805097699E-1
5.480907585E0,9.859322548E0,-7.086837292E-1,-7.876923680E-1
5.482977239E0,9.859322548E0,-7.254431248E-1,-7.852981687E-1
5.485012008E0,9.859322548E0,-7.158663273E-1,-7.781155705E-1
5.487080970E0,9.864110947E0,-7.086837292E-1,-7.876923680E-1
5.489115700E0,9.854534149E0,-7.110779285E-1,-7.876923680E-1
5.491184893E0,9.854534149E0,-7.206547260E-1,-7.829039693E-1
5.493220123E0,9.832986832E0,-7.158663273E-1,-7.757213712E-1
5.495289085E0,9.844957352E0,-7.182605267E-1,-7.733271718E-1
5.497323393E0,9.840168953E0,-7.134721279E-1,-7.685387731E-1
5.499355123E0,9.832986832E0,-6.967126727E-1,-7.733271718E-1
5.501386662E0,9.840168953E0,-6.967126727E-1,-7.852981687E-1
5.503455700E0,9.844957352E0,-7.062895298E-1,-7.829039693E-1
5.505490393E0,9.856928825E0,-7.110779285E-1,-7.900865674E-1
5.507559239E0,9.849745750E0,-7.134721279E-1,-7.852981687E-1
5.509594393E0,9.842563629E0,-7.086837292E-1,-7.948749661E-1
5.511663739E0,9.823410034E0,-7.254431248E-1,-7.972691655E-1
5.513698508E0,9.828198433E0,-7.206547260E-1,-7.924807668E-1
5.515766816E0,9.835380554E0,-7.350199223E-1,-7.757213712E-1
5.517801739E0,9.832986832E0,-7.230489254E-1,-7.709329724E-1
5.519803585E0,9.821015358E0,-7.086837292E-1,-7.733271718E-1
5.521894623E0,9.816226959E0,-7.230489254E-1,-7.852981687E-1
5.523847239E0,9.821015358E0,-7.278373241E-1,-7.805097699E-1
5.525846854E0,9.830592155E0,-7.254431248E-1,-7.876923680E-1
5.527915816E0,9.832986832E0,-7.230489254E-1,-7.709329724E-1
5.529950508E0,9.825803757E0,-7.254431248E-1,-7.685387731E-1
5.532019662E0,9.813833237E0,-7.350199223E-1,-7.733271718E-1
5.534054469E0,9.821015358E0,-7.254431248E-1,-7.709329724E-1
5.536123200E0,9.823410034E0,-7.182605267E-1,-7.733271718E-1
5.538157969E0,9.813833237E0,-7.038952708E-1,-7.781155705E-1
5.540188892E0,9.787496567E0,-7.182605267E-1,-7.637503147E-1
5.542274700E0,9.785101891E0,-7.302315235E-1,-7.517793179E-1
5.544236815E0,9.794678688E0,-7.278373241E-1,-7.398083210E-1
5.546237162E0,9.797073364E0,-7.086837292E-1,-7.302315235E-1
5.548305354E0,9.797073364E0,-7.110779285E-1,-7.278373241E-1
5.550339931E0,9.787496567E0,-7.158663273E-1,-7.134721279E-1
5.552409046E0,9.770736694E0,-7.254431248E-1,-6.967126727E-1
5.554444123E0,9.763554573E0,-7.302315235E-1,-6.943184733E-1
5.556513354E0,9.753977776E0,-7.326257229E-1,-6.871358752E-1
5.558548123E0,9.758766174E0,-7.326257229E-1,-6.823474765E-1
5.560550431E0,9.763554573E0,-7.326257229E-1,-6.847416759E-1
5.562553354E0,9.749189377E0,-7.254431248E-1,-6.703764796E-1
5.564622508E0,9.744400978E0,-7.326257229E-1,-6.607996821E-1
5.566657623E0,9.730035782E0,-7.350199223E-1,-6.631938815E-1
5.568727392E0,9.720458984E0,-6.919242740E-1,-6.584054828E-1
5.570762238E0,9.727641106E0,-6.919242740E-1,-6.607996821E-1
5.572831546E0,9.713275909E0,-6.943184733E-1,-6.560112834E-1
5.574866815E0,9.703699112E0,-7.038952708E-1,-6.607996821E-1
5.576936354E0,9.694122314E0,-6.991068721E-1,-6.775590777E-1
5.578971354E0,9.722852707E0,-6.895300746E-1,-6.823474765E-1
5.581003161E0,9.708487511E0,-6.871358752E-1,-6.847416759E-1
5.583035392E0,9.703699112E0,-6.919242740E-1,-6.871358752E-1
5.585104969E0,9.701305389E0,-6.823474765E-1,-7.038952708E-1
5.587140085E0,9.713275909E0,-6.751648784E-1,-7.158663273E-1
5.589209585E0,9.734824181E0,-6.775590777E-1,-7.230489254E-1
5.591244738E0,9.744400978E0,-6.679822803E-1,-7.254431248E-1
5.593314161E0,9.734824181E0,-6.751648784E-1,-7.302315235E-1
5.595349008E0,9.734824181E0,-6.991068721E-1,-7.493851185E-1
5.597417854E0,9.730035782E0,-6.943184733E-1,-7.661445141E-1
5.599452700E0,9.742006302E0,-6.847416759E-1,-7.972691655E-1
5.601455508E0,9.742006302E0,-6.679822803E-1,-7.996633649E-1
5.603547277E0,9.749189377E0,-6.799532771E-1,-7.972691655E-1
5.605500277E0,9.744400978E0,-6.943184733E-1,-8.140285611E-1
5.607500277E0,9.742006302E0,-7.086837292E-1,-8.259995580E-1
5.609569238E0,9.751583099E0,-7.038952708E-1,-8.499416113E-1
5.611604584E0,9.756371498E0,-6.943184733E-1,-8.571242094E-1
5.613674123E0,9.761159897E0,-6.943184733E-1,-8.690952063E-1
5.615709008E0,9.782708168E0,-7.038952708E-1,-8.810662031E-1
5.617778508E0,9.792284966E0,-7.086837292E-1,-8.834604025E-1
5.619813277E0,9.780313492E0,-7.158663273E-1,-8.882488012E-1
5.621845200E0,9.801861763E0,-7.230489254E-1,-8.882488012E-1
5.623932431E0,9.818621635E0,-7.206547260E-1,-8.954314590E-1
5.625894777E0,9.832986832E0,-7.302315235E-1,-8.954314590E-1
5.627895431E0,9.830592155E0,-7.422025204E-1,-8.930372596E-1
5.629964700E0,9.830592155E0,-7.541735172E-1,-8.930372596E-1
5.631999700E0,9.835380554E0,-7.445967197E-1,-8.906430602E-1
5.634069084E0,9.847352028E0,-7.541735172E-1,-8.786720037E-1
5.636104392E0,9.847352028E0,-7.613561153E-1,-8.858546019E-1
5.638173661E0,9.844957352E0,-7.613561153E-1,-8.858546019E-1
5.640209046E0,9.868899345E0,-7.541735172E-1,-8.834604025E-1
5.642239200E0,9.876082420E0,-7.517793179E-1,-8.882488012E-1
5.644240584E0,9.861717224E0,-7.541735172E-1,-8.858546019E-1
5.646309584E0,9.856928825E0,-7.613561153E-1,-8.690952063E-1
5.648344738E0,9.849745750E0,-7.589619160E-1,-8.499416113E-1
5.650413892E0,9.847352028E0,-7.517793179E-1,-8.451532125E-1
5.652449277E0,9.849745750E0,-7.469909191E-1,-8.523358107E-1
5.654518430E0,9.847352028E0,-7.445967197E-1,-8.379706144E-1
5.656553392E0,9.852140427E0,-7.445967197E-1,-8.283938169E-1
5.658622930E0,9.856928825E0,-7.422025204E-1,-8.307880163E-1
5.660658200E0,9.852140427E0,-7.302315235E-1,-8.331822157E-1
5.662689777E0,9.847352028E0,-7.374141216E-1,-8.307880163E-1
5.664721161E0,9.847352028E0,-7.350199223E-1,-8.188169599E-1
5.666790353E0,9.830592155E0,-7.158663273E-1,-8.044517636E-1
5.668825392E0,9.823410034E0,-7.326257229E-1,-7.900865674E-1
5.670894661E0,9.821015358E0,-7.278373241E-1,-7.829039693E-1
5.672930277E0,9.821015358E0,-7.182605267E-1,-7.876923680E-1
5.674955546E0,9.825803757E0,-7.254431248E-1,-7.852981687E-1
5.676955392E0,9.821015358E0,-7.230489254E-1,-7.733271718E-1
5.679024469E0,9.797073364E0,-7.038952708E-1,-7.637503147E-1
5.681058969E0,9.797073364E0,-6.967126727E-1,-7.805097699E-1
5.683061815E0,9.780313492E0,-7.062895298E-1,-7.900865674E-1
5.685230776E0,9.770736694E0,-7.206547260E-1,-7.733271718E-1
5.687114161E0,9.777919769E0,-7.110779285E-1,-7.613561153E-1
5.689114315E0,9.782708168E0,-7.086837292E-1,-7.589619160E-1
5.691183392E0,9.775525093E0,-7.086837292E-1,-7.493851185E-1
5.693218238E0,9.775525093E0,-7.110779285E-1,-7.493851185E-1
5.695287084E0,9.787496567E0,-7.110779285E-1,-7.517793179E-1
5.697321815E0,9.785101891E0,-7.158663273E-1,-7.493851185E-1
5.699391161E0,9.777919769E0,-7.182605267E-1,-7.541735172E-1
5.701425776E0,9.777919769E0,-7.230489254E-1,-7.541735172E-1
5.703457123E0,9.782708168E0,-7.278373241E-1,-7.589619160E-1
5.705542815E0,9.768342972E0,-7.182605267E-1,-7.565677166E-1
5.707505276E0,9.753977776E0,-7.110779285E-1,-7.565677166E-1
5.709504738E0,9.761159897E0,-7.158663273E-1,-7.589619160E-1
5.711573084E0,9.780313492E0,-7.158663273E-1,-7.685387731E-1
5.713607815E0,9.794678688E0,-7.086837292E-1,-7.733271718E-1
5.715677276E0,9.792284966E0,-7.110779285E-1,-7.757213712E-1
5.717712161E0,9.809044838E0,-7.206547260E-1,-7.852981687E-1
5.719781430E0,9.785101891E0,-7.278373241E-1,-7.900865674E-1
5.721816546E0,9.797073364E0,-7.398083210E-1,-7.900865674E-1
5.723819122E0,9.816226959E0,-7.398083210E-1,-7.900865674E-1
5.725822507E0,9.816226959E0,-7.254431248E-1,-7.996633649E-1
5.727891392E0,9.809044838E0,-7.254431248E-1,-7.996633649E-1
5.729926084E0,9.830592155E0,-7.110779285E-1,-7.996633649E-1
5.731995430E0,9.832986832E0,-7.350199223E-1,-7.996633649E-1
5.734030469E0,9.828198433E0,-7.422025204E-1,-8.116343617E-1
5.736099699E0,9.832986832E0,-7.326257229E-1,-8.116343617E-1
5.738134430E0,9.832986832E0,-7.350199223E-1,-8.164227605E-1
5.740203469E0,9.832986832E0,-7.422025204E-1,-8.259995580E-1
5.742238084E0,9.835380554E0,-7.422025204E-1,-8.307880163E-1
5.744270430E0,9.840168953E0,-7.326257229E-1,-8.523358107E-1
5.746301699E0,9.842563629E0,-7.637503147E-1,-8.475474119E-1
5.748370430E0,9.842563629E0,-7.565677166E-1,-8.499416113E-1
5.750405161E0,9.844957352E0,-7.469909191E-1,-8.714894056E-1
5.752474045E0,9.835380554E0,-7.278373241E-1,-8.690952063E-1
5.754508699E0,9.840168953E0,-7.254431248E-1,-8.738836050E-1
5.756577238E0,9.856928825E0,-7.445967197E-1,-8.690952063E-1
5.758612084E0,9.847352028E0,-7.230489254E-1,-8.786720037E-1
5.760681007E0,9.840168953E0,-7.158663273E-1,-8.834604025E-1
5.762715853E0,9.823410034E0,-7.278373241E-1,-8.834604025E-1
5.764718238E0,9.828198433E0,-7.302315235E-1,-8.738836050E-1
5.766808392E0,9.840168953E0,-7.302315235E-1,-8.714894056E-1
5.768760930E0,9.847352028E0,-7.158663273E-1,-8.810662031E-1
5.770760584E0,9.849745750E0,-7.206547260E-1,-8.834604025E-1
5.772829084E0,9.852140427E0,-7.182605267E-1,-8.906430602E-1
5.774863892E0,9.840168953E0,-7.206547260E-1,-9.050082564E-1
5.776932815E0,9.859322548E0,-7.086837292E-1,-8.930372596E-1
5.778967430E0,9.859322548E0,-7.015010715E-1,-8.978256583E-1
5.781036930E0,9.856928825E0,-7.110779285E-1,-8.834604025E-1
5.783071853E0,9.864110947E0,-7.158663273E-1,-8.834604025E-1
5.785103853E0,9.859322548E0,-7.086837292E-1,-8.810662031E-1
5.787189738E0,9.868899345E0,-7.062895298E-1,-8.834604025E-1
5.789152199E0,9.866505623E0,-6.967126727E-1,-8.858546019E-1
5.791152468E0,9.832986832E0,-6.871358752E-1,-8.738836050E-1
5.793220699E0,9.835380554E0,-6.823474765E-1,-8.738836050E-1
5.795255238E0,9.856928825E0,-6.775590777E-1,-8.738836050E-1
5.797323699E0,9.859322548E0,-6.751648784E-1,-8.690952063E-1
5.799358161E0,9.852140427E0,-6.751648784E-1,-8.643068075E-1
5.801426468E0,9.840168953E0,-6.799532771E-1,-8.499416113E-1
5.803460622E0,9.821015358E0,-6.919242740E-1,-8.571242094E-1
5.805488891E0,9.813833237E0,-6.967126727E-1,-8.523358107E-1
5.807490545E0,9.811438560E0,-7.038952708E-1,-8.307880163E-1
5.809559430E0,9.809044838E0,-6.895300746E-1,-8.236053586E-1
5.811594276E0,9.811438560E0,-6.751648784E-1,-8.188169599E-1
5.813663007E0,9.818621635E0,-6.679822803E-1,-8.164227605E-1
5.815697199E0,9.806650162E0,-6.679822803E-1,-8.116343617E-1
5.817766199E0,9.804255486E0,-6.679822803E-1,-8.068459630E-1
5.819800584E0,9.804255486E0,-6.607996821E-1,-8.140285611E-1
5.821868776E0,9.799467087E0,-6.536170840E-1,-8.140285611E-1
5.823903045E0,9.792284966E0,-6.631938815E-1,-8.092401624E-1
5.825934314E0,9.782708168E0,-6.655880809E-1,-8.020575643E-1
5.827933891E0,9.770736694E0,-6.703764796E-1,-8.068459630E-1
5.830002045E0,9.777919769E0,-6.655880809E-1,-8.020575643E-1
5.832036661E0,9.782708168E0,-6.727706790E-1,-8.044517636E-1
5.834104930E0,9.797073364E0,-6.727706790E-1,-8.140285611E-1
5.836139199E0,9.794678688E0,-6.607996821E-1,-8.188169599E-1
5.838207430E0,9.794678688E0,-6.607996821E-1,-8.212111592E-1
5.840242237E0,9.789890289E0,-6.679822803E-1,-8.355764151E-1
5.842311007E0,9.804255486E0,-6.871358752E-1,-8.283938169E-1
5.844345545E0,9.804255486E0,-6.847416759E-1,-8.307880163E-1
5.846348122E0,9.801861763E0,-6.847416759E-1,-8.259995580E-1
5.848438891E0,9.804255486E0,-6.823474765E-1,-8.379706144E-1
5.850391853E0,9.797073364E0,-6.823474765E-1,-8.451532125E-1
5.852391391E0,9.799467087E0,-6.919242740E-1,-8.355764151E-1
5.854460160E0,9.813833237E0,-7.038952708E-1,-8.212111592E-1
5.856495007E0,9.823410034E0,-6.967126727E-1,-8.259995580E-1
5.858564122E0,9.825803757E0,-6.943184733E-1,-8.188169599E-1
5.860598853E0,9.835380554E0,-6.847416759E-1,-8.164227605E-1
5.862667507E0,9.825803757E0,-6.919242740E-1,-8.092401624E-1
5.864702814E0,9.811438560E0,-6.991068721E-1,-7.996633649E-1
5.866734430E0,9.832986832E0,-6.895300746E-1,-7.996633649E-1
5.868820045E0,9.828198433E0,-6.919242740E-1,-8.044517636E-1
5.870782314E0,9.821015358E0,-6.847416759E-1,-8.044517636E-1
5.872782122E0,9.813833237E0,-6.847416759E-1,-8.188169599E-1
5.874850468E0,9.835380554E0,-6.871358752E-1,-8.307880163E-1
5.876884660E0,9.837775230E0,-6.871358752E-1,-8.403648138E-1
5.878953122E0,9.837775230E0,-6.679822803E-1,-8.451532125E-1
5.880987314E0,9.844957352E0,-6.775590777E-1,-8.595184088E-1
5.883056506E0,9.847352028E0,-6.679822803E-1,-8.690952063E-1
5.885090776E0,9.844957352E0,-6.392518282E-1,-8.834604025E-1
5.887093699E0,9.837775230E0,-6.488286853E-1,-8.858546019E-1
5.889097430E0,9.837775230E0,-6.488286853E-1,-8.882488012E-1
5.891166199E0,9.830592155E0,-6.296750307E-1,-8.978256583E-1
5.893200622E0,9.835380554E0,-6.296750307E-1,-9.169792533E-1
5.895269276E0,9.835380554E0,-6.392518282E-1,-9.217676520E-1
5.897303968E0,9.823410034E0,-6.536170840E-1,-9.289502501E-1
5.899372699E0,9.821015358E0,-6.368576288E-1,-9.361328483E-1
5.901407353E0,9.821015358E0,-6.296750307E-1,-9.433154464E-1
5.903476045E0,9.828198433E0,-6.177040339E-1,-9.552865028E-1
5.905510929E0,9.828198433E0,-6.320692301E-1,-9.744400978E-1
5.907542699E0,9.840168953E0,-6.392518282E-1,-9.720458984E-1
5.909574545E0,9.844957352E0,-6.320692301E-1,-9.528923035E-1
5.911643622E0,9.842563629E0,-6.512228847E-1,-9.624691010E-1
5.913678006E0,9.840168953E0,-6.584054828E-1,-9.696516991E-1
5.915746083E0,9.849745750E0,-6.607996821E-1,-9.624691010E-1
5.917781122E0,9.866505623E0,-6.727706790E-1,-9.409212470E-1
5.919805929E0,9.880870819E0,-6.703764796E-1,-9.457096457E-1
5.921805353E0,9.888052940E0,-6.703764796E-1,-9.361328483E-1
5.923874122E0,9.900024414E0,-6.847416759E-1,-9.193734527E-1
5.925908468E0,9.897629738E0,-6.919242740E-1,-9.074024558E-1
5.927910852E0,9.888052940E0,-6.943184733E-1,-9.002198577E-1
5.930081160E0,9.888052940E0,-6.919242740E-1,-8.930372596E-1
5.931963545E0,9.904812813E0,-6.967126727E-1,-8.954314590E-1
5.933962660E0,9.909601212E0,-6.871358752E-1,-8.834604025E-1
5.936030968E0,9.907206535E0,-6.919242740E-1,-8.619126081E-1
5.938065314E0,9.907206535E0,-7.158663273E-1,-8.690952063E-1
5.940133545E0,9.911994934E0,-7.062895298E-1,-8.571242094E-1
5.942167852E0,9.892841339E0,-7.015010715E-1,-8.331822157E-1
5.944236429E0,9.878476143E0,-6.991068721E-1,-8.212111592E-1
5.946270737E0,9.878476143E0,-6.919242740E-1,-8.164227605E-1
5.948301314E0,9.873687744E0,-6.871358752E-1,-8.092401624E-1
5.950385968E0,9.876082420E0,-6.895300746E-1,-7.996633649E-1
5.952348352E0,9.871294022E0,-6.943184733E-1,-7.996633649E-1
5.954347314E0,9.864110947E0,-6.823474765E-1,-7.996633649E-1
5.956416045E0,9.864110947E0,-6.799532771E-1,-7.924807668E-1
5.958450545E0,9.859322548E0,-6.871358752E-1,-7.948749661E-1
5.960519199E0,9.835380554E0,-6.943184733E-1,-7.900865674E-1
5.962554045E0,9.825803757E0,-6.871358752E-1,-7.852981687E-1
5.964622468E0,9.825803757E0,-6.847416759E-1,-7.924807668E-1
5.966656968E0,9.821015358E0,-6.919242740E-1,-7.924807668E-1
5.968686160E0,9.828198433E0,-6.847416759E-1,-8.116343617E-1
5.970686891E0,9.816226959E0,-6.751648784E-1,-8.092401624E-1
5.972755314E0,9.811438560E0,-6.703764796E-1,-8.116343617E-1
5.974789545E0,9.804255486E0,-6.703764796E-1,-8.068459630E-1
5.976857775E0,9.806650162E0,-6.679822803E-1,-8.283938169E-1
5.978891352E0,9.811438560E0,-6.727706790E-1,-8.379706144E-1
5.980959352E0,9.804255486E0,-6.799532771E-1,-8.379706144E-1
5.982993429E0,9.787496567E0,-6.775590777E-1,-8.547300100E-1
5.985061852E0,9.782708168E0,-6.703764796E-1,-8.571242094E-1
5.987096275E0,9.782708168E0,-6.536170840E-1,-8.571242094E-1
5.989127968E0,9.785101891E0,-6.655880809E-1,-8.619126081E-1
5.991159775E0,9.787496567E0,-6.703764796E-1,-8.547300100E-1
5.993227929E0,9.782708168E0,-6.799532771E-1,-8.643068075E-1
5.995262275E0,9.789890289E0,-6.799532771E-1,-8.786720037E-1
5.997330275E0,9.789890289E0,-6.847416759E-1,-8.738836050E-1
5.999364545E0,9.797073364E0,-6.703764796E-1,-8.858546019E-1
6.001433083E0,9.837775230E0,-6.655880809E-1,-9.002198577E-1
6.003467814E0,9.830592155E0,-6.799532771E-1,-9.026140571E-1
6.005536160E0,9.825803757E0,-6.871358752E-1,-8.882488012E-1
6.007570391E0,9.828198433E0,-6.823474765E-1,-8.834604025E-1
6.009573814E0,9.832986832E0,-6.871358752E-1,-8.810662031E-1
6.011665660E0,9.821015358E0,-6.823474765E-1,-8.762778044E-1
6.013618852E0,9.825803757E0,-6.775590777E-1,-8.882488012E-1
6.015618621E0,9.816226959E0,-6.847416759E-1,-8.882488012E-1
6.017687429E0,9.821015358E0,-6.847416759E-1,-8.882488012E-1
6.019721544E0,9.832986832E0,-6.775590777E-1,-8.834604025E-1
6.021790352E0,9.837775230E0,-6.751648784E-1,-8.882488012E-1
6.023824237E0,9.842563629E0,-6.703764796E-1,-8.810662031E-1
6.025892621E0,9.849745750E0,-6.799532771E-1,-8.834604025E-1
6.027926814E0,9.837775230E0,-6.679822803E-1,-8.786720037E-1
6.029959160E0,9.835380554E0,-6.655880809E-1,-8.690952063E-1
6.032043429E0,9.830592155E0,-6.751648784E-1,-8.619126081E-1
6.034006044E0,9.832986832E0,-6.799532771E-1,-8.762778044E-1
6.036005506E0,9.835380554E0,-6.775590777E-1,-8.714894056E-1
6.038073775E0,9.852140427E0,-6.751648784E-1,-8.595184088E-1
6.040108314E0,9.844957352E0,-6.751648784E-1,-8.547300100E-1
6.042177275E0,9.844957352E0,-6.727706790E-1,-8.595184088E-1
6.044211660E0,9.844957352E0,-6.775590777E-1,-8.643068075E-1
6.046280314E0,9.847352028E0,-6.799532771E-1,-8.475474119E-1
6.048314506E0,9.849745750E0,-6.727706790E-1,-8.451532125E-1
6.050317660E0,9.830592155E0,-6.655880809E-1,-8.403648138E-1
6.052320429E0,9.823410034E0,-6.655880809E-1,-8.403648138E-1
6.054389390E0,9.818621635E0,-6.631938815E-1,-8.403648138E-1
6.056423621E0,9.825803757E0,-6.584054828E-1,-8.355764151E-1
6.058491929E0,9.823410034E0,-6.488286853E-1,-8.451532125E-1
6.060526390E0,9.825803757E0,-6.392518282E-1,-8.451532125E-1
6.062595121E0,9.818621635E0,-6.416460276E-1,-8.379706144E-1
6.064629390E0,9.811438560E0,-6.368576288E-1,-8.307880163E-1
6.066698313E0,9.782708168E0,-6.368576288E-1,-8.451532125E-1
6.068733506E0,9.777919769E0,-6.248866320E-1,-8.475474119E-1
6.070765006E0,9.758766174E0,-6.224924326E-1,-8.379706144E-1
6.072796390E0,9.739612579E0,-6.081272364E-1,-8.403648138E-1
6.074865198E0,9.739612579E0,-6.105214357E-1,-8.379706144E-1
6.076900006E0,9.758766174E0,-6.081272364E-1,-8.283938169E-1
6.078968621E0,9.768342972E0,-6.105214357E-1,-8.212111592E-1
6.081002852E0,9.753977776E0,-6.081272364E-1,-8.259995580E-1
6.083071852E0,9.758766174E0,-6.177040339E-1,-8.259995580E-1
6.085106544E0,9.744400978E0,-6.200982332E-1,-8.236053586E-1
6.087175083E0,9.753977776E0,-6.200982332E-1,-8.307880163E-1
6.089209621E0,9.758766174E0,-5.961562395E-1,-8.355764151E-1
6.091212506E0,9.753977776E0,-6.033388376E-1,-8.283938169E-1
6.093303506E0,9.763554573E0,-6.081272364E-1,-8.331822157E-1
6.095256852E0,9.753977776E0,-6.153098345E-1,-8.259995580E-1
6.097256813E0,9.758766174E0,-6.177040339E-1,-8.331822157E-1
6.099325852E0,9.763554573E0,-6.177040339E-1,-8.475474119E-1
6.101360544E0,9.751583099E0,-6.129156351E-1,-8.475474119E-1
6.103429890E0,9.749189377E0,-6.009446383E-1,-8.403648138E-1
6.105464236E0,9.739612579E0,-6.033388376E-1,-8.475474119E-1
6.107532852E0,9.761159897E0,-6.057330370E-1,-8.499416113E-1
6.109567390E0,9.765948296E0,-6.153098345E-1,-8.547300100E-1
6.111599198E0,9.763554573E0,-6.368576288E-1,-8.571242094E-1
6.113684390E0,9.768342972E0,-6.368576288E-1,-8.643068075E-1
6.115646006E0,9.765948296E0,-6.272808313E-1,-8.619126081E-1
6.117645429E0,9.773131371E0,-6.248866320E-1,-8.547300100E-1
6.119714198E0,9.765948296E0,-6.177040339E-1,-8.523358107E-1
6.121749467E0,9.765948296E0,-6.224924326E-1,-8.619126081E-1
6.123818159E0,9.765948296E0,-6.344634295E-1,-8.690952063E-1
6.125853121E0,9.763554573E0,-6.320692301E-1,-8.667010069E-1
6.127921967E0,9.765948296E0,-6.296750307E-1,-8.595184088E-1
6.129956813E0,9.777919769E0,-6.416460276E-1,-8.643068075E-1
6.131986390E0,9.789890289E0,-6.464344859E-1,-8.667010069E-1
6.133987506E0,9.782708168E0,-6.488286853E-1,-8.643068075E-1
6.136056698E0,9.792284966E0,-6.512228847E-1,-8.714894056E-1
6.138091506E0,9.789890289E0,-6.464344859E-1,-8.690952063E-1
6.140160275E0,9.792284966E0,-6.368576288E-1,-8.643068075E-1
6.142195236E0,9.797073364E0,-6.392518282E-1,-8.667010069E-1
6.144264813E0,9.787496567E0,-6.512228847E-1,-8.738836050E-1
6.146300275E0,9.792284966E0,-6.464344859E-1,-8.667010069E-1
6.148369082E0,9.787496567E0,-6.536170840E-1,-8.619126081E-1
6.150404236E0,9.787496567E0,-6.536170840E-1,-8.595184088E-1
6.152437005E0,9.785101891E0,-6.464344859E-1,-8.523358107E-1
6.154470005E0,9.789890289E0,-6.416460276E-1,-8.571242094E-1
6.156539121E0,9.801861763E0,-6.488286853E-1,-8.571242094E-1
6.158574159E0,9.816226959E0,-6.488286853E-1,-8.499416113E-1
6.160643544E0,9.813833237E0,-6.392518282E-1,-8.619126081E-1
6.162678621E0,9.797073364E0,-6.344634295E-1,-8.523358107E-1
6.164703813E0,9.789890289E0,-6.416460276E-1,-8.451532125E-1
6.166704159E0,9.782708168E0,-6.200982332E-1,-8.547300100E-1
6.168773159E0,9.787496567E0,-6.129156351E-1,-8.499416113E-1
6.170808390E0,9.797073364E0,-6.033388376E-1,-8.451532125E-1
6.172811852E0,9.775525093E0,-5.937620401E-1,-8.547300100E-1
6.174981582E0,9.773131371E0,-5.674257874E-1,-8.427590132E-1
6.176864621E0,9.770736694E0,-5.602431893E-1,-8.403648138E-1
6.178864813E0,9.768342972E0,-5.841852427E-1,-8.379706144E-1
6.180934082E0,9.753977776E0,-5.698199868E-1,-8.427590132E-1
6.182969544E0,9.751583099E0,-5.506663918E-1,-8.451532125E-1
6.185038236E0,9.751583099E0,-5.410895944E-1,-8.379706144E-1
6.187072967E0,9.758766174E0,-5.386953950E-1,-8.259995580E-1
6.189142275E0,9.751583099E0,-5.363011956E-1,-8.236053586E-1
6.191177505E0,9.732429504E0,-5.315127969E-1,-8.331822157E-1
6.193208967E0,9.727641106E0,-5.003881454E-1,-8.283938169E-1
6.195294967E0,9.715670586E0,-4.764461517E-1,-8.283938169E-1
6.197256851E0,9.703699112E0,-4.812345505E-1,-8.212111592E-1
6.199256890E0,9.710882187E0,-4.836287498E-1,-8.140285611E-1
6.201326275E0,9.730035782E0,-4.955997467E-1,-8.092401624E-1
6.203361198E0,9.722852707E0,-4.979939461E-1,-8.092401624E-1
6.205430005E0,9.706093788E0,-4.692635238E-1,-8.188169599E-1
6.207464659E0,9.691728592E0,-4.525041282E-1,-8.212111592E-1
6.209533505E0,9.701305389E0,-4.477157295E-1,-8.164227605E-1
6.211568121E0,9.706093788E0,-4.357447028E-1,-8.212111592E-1
6.213570505E0,9.686940193E0,-4.548983276E-1,-8.188169599E-1
6.215575544E0,9.684545517E0,-4.477157295E-1,-8.212111592E-1
6.217644044E0,9.677363396E0,-4.285621047E-1,-8.236053586E-1
6.219678774E0,9.694122314E0,-4.237737060E-1,-8.283938169E-1
6.221747467E0,9.696516991E0,-4.309563041E-1,-8.379706144E-1
6.223782198E0,9.727641106E0,-4.381389022E-1,-8.499416113E-1
6.225851890E0,9.727641106E0,-4.429273009E-1,-8.475474119E-1
6.227886351E0,9.730035782E0,-4.453215301E-1,-8.475474119E-1
6.229955236E0,9.730035782E0,-4.477157295E-1,-8.547300100E-1
6.231989467E0,9.722852707E0,-4.381389022E-1,-8.475474119E-1
6.234021967E0,9.732429504E0,-4.381389022E-1,-8.667010069E-1
6.236053505E0,9.746794701E0,-4.333505034E-1,-8.690952063E-1
6.238122159E0,9.753977776E0,-4.548983276E-1,-8.714894056E-1
6.240157428E0,9.756371498E0,-4.548983276E-1,-8.954314590E-1
6.242225813E0,9.761159897E0,-4.620809257E-1,-9.074024558E-1
6.244260313E0,9.753977776E0,-4.620809257E-1,-9.169792533E-1
6.246329620E0,9.756371498E0,-4.572925270E-1,-9.145850539E-1
6.248364390E0,9.749189377E0,-4.548983276E-1,-9.193734527E-1
6.250433159E0,9.777919769E0,-4.644751251E-1,-9.145850539E-1
6.252467774E0,9.787496567E0,-4.692635238E-1,-9.241618514E-1
6.254470620E0,9.777919769E0,-4.716577232E-1,-9.313444495E-1
6.256561774E0,9.775525093E0,-4.860229492E-1,-9.433154464E-1
6.258514313E0,9.785101891E0,-5.003881454E-1,-9.385270476E-1
6.260514313E0,9.794678688E0,-4.908113480E-1,-9.481038451E-1
6.262583274E0,9.806650162E0,-4.860229492E-1,-9.696516991E-1
6.264617736E0,9.792284966E0,-4.836287498E-1,-9.792284966E-1
6.266686620E0,9.792284966E0,-4.788403511E-1,-9.768342972E-1
6.268721428E0,9.794678688E0,-4.860229492E-1,-9.888052940E-1
6.270790120E0,9.789890289E0,-4.572925270E-1,-1.005564690E0
6.272824390E0,9.799467087E0,-4.620809257E-1,-9.983820915E-1
6.274856351E0,9.806650162E0,-4.740519226E-1,-9.959878922E-1
6.276942659E0,9.816226959E0,-4.788403511E-1,-1.000776291E0
6.278905082E0,9.832986832E0,-4.740519226E-1,-1.017535686E0
6.280904697E0,9.832986832E0,-4.716577232E-1,-1.007958889E0
6.282973236E0,9.844957352E0,-4.572925270E-1,-1.017535686E0
6.285007467E0,9.835380554E0,-4.596867263E-1,-1.022324085E0
6.287075736E0,9.835380554E0,-4.644751251E-1,-1.034295082E0
6.289110928E0,9.840168953E0,-4.668693244E-1,-1.029506683E0
6.291180043E0,9.871294022E0,-4.668693244E-1,-1.036689281E0
6.293214774E0,9.859322548E0,-4.548983276E-1,-1.039083481E0
6.295244274E0,9.856928825E0,-4.357447028E-1,-1.041477680E0
6.297245928E0,9.861717224E0,-4.285621047E-1,-1.046266198E0
6.299314197E0,9.849745750E0,-4.285621047E-1,-1.048660398E0
6.301348466E0,9.861717224E0,-4.046200812E-1,-1.063025594E0
6.303416736E0,9.859322548E0,-4.094084799E-1,-1.067813993E0
6.305450966E0,9.876082420E0,-4.189853072E-1,-1.074996591E0
6.307519389E0,9.873687744E0,-4.309563041E-1,-1.079784989E0
6.309553351E0,9.888052940E0,-4.213795066E-1,-1.096544385E0
6.311621659E0,9.876082420E0,-4.141969085E-1,-1.120486379E0
6.313655966E0,9.878476143E0,-4.022258818E-1,-1.125274777E0
6.315687159E0,9.904812813E0,-3.878606856E-1,-1.146822572E0
6.317719120E0,9.904812813E0,-3.854664862E-1,-1.158793569E0
6.319787505E0,9.909601212E0,-3.854664862E-1,-1.170764685E0
6.321821313E0,9.923966408E0,-3.615244627E-1,-1.204283476E0
6.323889582E0,9.916783333E0,-3.519476354E-1,-1.228225470E0
6.325923466E0,9.916783333E0,-3.471592367E-1,-1.233013868E0
6.327991620E0,9.921571732E0,-3.447650373E-1,-1.252167463E0
6.330026043E0,9.926360130E0,-3.519476354E-1,-1.280897856E0
6.332094889E0,9.935936928E0,-3.399766386E-1,-1.285686255E0
6.334129466E0,9.957485199E0,-3.112462163E-1,-1.300051570E0
6.336133005E0,9.967061996E0,-3.136404157E-1,-1.323993564E0
6.338224505E0,9.964667320E0,-3.016694188E-1,-1.331176162E0
6.340177466E0,9.971850395E0,-2.801215947E-1,-1.345541358E0
6.342177236E0,9.986215591E0,-2.537853718E-1,-1.367089152E0
6.344246351E0,9.981427193E0,-2.489969730E-1,-1.374271750E0
6.346281197E0,9.986215591E0,-2.513911724E-1,-1.381454349E0
6.348350197E0,9.991003990E0,-2.418143749E-1,-1.398213744E0
6.350384197E0,9.998186111E0,-2.202665508E-1,-1.405396342E0
6.352452274E0,9.986215591E0,-2.059013397E-1,-1.400607944E0
6.354486466E0,9.981427193E0,-1.987187415E-1,-1.388636947E0
6.356516889E0,9.991003990E0,-1.939303428E-1,-1.374271750E0
6.358601351E0,9.991003990E0,-2.106897533E-1,-1.369483352E0
6.360562889E0,9.991003990E0,-1.963245422E-1,-1.357512355E0
6.362562543E0,9.988609314E0,-1.963245422E-1,-1.355118155E0
6.364630735E0,9.988609314E0,-1.891419291E-1,-1.345541358E0
6.366664966E0,9.983820915E0,-1.819593310E-1,-1.343147159E0
6.368733120E0,9.976638794E0,-1.484405100E-1,-1.343147159E0
6.370767851E0,9.962273598E0,-1.436520964E-1,-1.338358760E0
6.372836620E0,9.945513725E0,-1.508347094E-1,-1.338358760E0
6.374870812E0,9.911994934E0,-1.699883193E-1,-1.333570361E0
6.376873158E0,9.911994934E0,-1.699883193E-1,-1.338358760E0
6.378876158E0,9.902418137E0,-1.556231081E-1,-1.350329757E0
6.380944120E0,9.871294022E0,-1.580173075E-1,-1.352723956E0
6.382978466E0,9.866505623E0,-1.628057212E-1,-1.347935557E0
6.385046812E0,9.835380554E0,-1.651999205E-1,-1.350329757E0
6.387081005E0,9.818621635E0,-1.699883193E-1,-1.340752959E0
6.389149428E0,9.828198433E0,-1.651999205E-1,-1.343147159E0
6.391183697E0,9.809044838E0,-1.747767180E-1,-1.331176162E0
6.393252620E0,9.780313492E0,-1.939303428E-1,-1.312022567E0
6.395287274E0,9.775525093E0,-1.939303428E-1,-1.309628367E0
6.397318081E0,9.756371498E0,-2.011129409E-1,-1.302445769E0
6.399349043E0,9.744400978E0,-2.322375625E-1,-1.266532660E0
6.401417851E0,9.715670586E0,-2.370259613E-1,-1.249773264E0
6.403452274E0,9.715670586E0,-2.346317619E-1,-1.237802267E0
6.405519966E0,9.732429504E0,-2.609679997E-1,-1.199495077E0
6.407554774E0,9.730035782E0,-2.777273953E-1,-1.170764685E0
6.409579620E0,9.727641106E0,-2.873041928E-1,-1.163581967E0
6.411579351E0,9.734824181E0,-3.064578176E-1,-1.156399369E0
6.413647774E0,9.742006302E0,-3.303998411E-1,-1.132457376E0
6.415682197E0,9.746794701E0,-3.447650373E-1,-1.122880578E0
6.417683812E0,9.763554573E0,-3.758896589E-1,-1.084573388E0
6.419853043E0,9.789890289E0,-3.974374831E-1,-1.070208192E0
6.421735658E0,9.782708168E0,-4.070142806E-1,-1.070208192E0
6.423735120E0,9.794678688E0,-4.213795066E-1,-1.043871999E0
6.425804081E0,9.797073364E0,-4.453215301E-1,-1.031900883E0
6.427838658E0,9.806650162E0,-4.525041282E-1,-1.024718285E0
6.429907389E0,9.830592155E0,-4.692635238E-1,-1.000776291E0
6.431942427E0,9.825803757E0,-4.955997467E-1,-9.840168953E-1
6.434011120E0,9.835380554E0,-5.099649429E-1,-9.792284966E-1
6.436045851E0,9.842563629E0,-5.243301988E-1,-9.744400978E-1
6.438044774E0,9.847352028E0,-5.386953950E-1,-9.481038451E-1
6.440130812E0,9.849745750E0,-5.530605912E-1,-9.361328483E-1
6.442092658E0,9.859322548E0,-5.722141862E-1,-9.289502501E-1
6.444092120E0,9.861717224E0,-5.865794420E-1,-9.169792533E-1
6.446160927E0,9.864110947E0,-5.913678408E-1,-9.169792533E-1
6.448195427E0,9.866505623E0,-6.009446383E-1,-9.313444495E-1
6.450264158E0,9.859322548E0,-5.985504389E-1,-9.217676520E-1
6.452298927E0,9.847352028E0,-6.033388376E-1,-9.169792533E-1
6.454367543E0,9.866505623E0,-6.033388376E-1,-9.193734527E-1
6.456402043E0,9.861717224E0,-5.841852427E-1,-9.193734527E-1
6.458430966E0,9.873687744E0,-5.865794420E-1,-9.097966552E-1
6.460431466E0,9.871294022E0,-5.961562395E-1,-9.121908545E-1
6.462500120E0,9.849745750E0,-5.698199868E-1,-9.145850539E-1
6.464534543E0,9.847352028E0,-5.482721925E-1,-8.954314590E-1
6.466602697E0,9.842563629E0,-5.386953950E-1,-8.906430602E-1
6.468636735E0,9.825803757E0,-5.171475410E-1,-9.074024558E-1
6.470705427E0,9.828198433E0,-5.099649429E-1,-8.978256583E-1
6.472740081E0,9.825803757E0,-4.955997467E-1,-8.930372596E-1
6.474809427E0,9.806650162E0,-4.979939461E-1,-8.858546019E-1
6.476844466E0,9.804255486E0,-4.716577232E-1,-8.643068075E-1
6.478876735E0,9.804255486E0,-4.596867263E-1,-8.690952063E-1
6.480907927E0,9.780313492E0,-4.381389022E-1,-8.786720037E-1
6.482976543E0,9.744400978E0,-4.165911078E-1,-8.786720037E-1
6.485010850E0,9.742006302E0,-3.998316824E-1,-8.690952063E-1
6.487079312E0,9.715670586E0,-3.711012602E-1,-8.667010069E-1
6.489114043E0,9.706093788E0,-3.351882398E-1,-8.667010069E-1
6.491182696E0,9.672574997E0,-3.327940404E-1,-8.547300100E-1
6.493216889E0,9.684545517E0,-3.064578176E-1,-8.643068075E-1
6.495285620E0,9.679757118E0,-2.753331959E-1,-8.619126081E-1
6.497320273E0,9.636661530E0,-2.705447972E-1,-8.667010069E-1
6.499322889E0,9.619902611E0,-2.657563984E-1,-8.810662031E-1
6.501414389E0,9.598354340E0,-2.561795712E-1,-8.762778044E-1
6.503366850E0,9.600749016E0,-2.513911724E-1,-9.002198577E-1
6.505365966E0,9.605537415E0,-2.322375625E-1,-9.193734527E-1
6.507434773E0,9.588777542E0,-1.939303428E-1,-9.433154464E-1
6.509469850E0,9.583989143E0,-1.915361285E-1,-9.624691010E-1
6.511538581E0,9.598354340E0,-1.819593310E-1,-9.768342972E-1
6.513573427E0,9.591172218E0,-1.723825186E-1,-9.816226959E-1
6.515642581E0,9.607931137E0,-1.723825186E-1,-1.005564690E0
6.517677389E0,9.615114212E0,-1.651999205E-1,-1.003170490E0
6.519708889E0,9.627084732E0,-1.604115069E-1,-1.012747288E0
6.521794735E0,9.612719536E0,-1.723825186E-1,-1.034295082E0
6.523756927E0,9.619902611E0,-1.723825186E-1,-1.039083481E0
6.525756927E0,9.610325813E0,-1.771709323E-1,-1.048660398E0
6.527825773E0,9.598354340E0,-1.699883193E-1,-1.058237195E0
6.529860658E0,9.598354340E0,-1.723825186E-1,-1.060631394E0
6.531930196E0,9.612719536E0,-1.819593310E-1,-1.079784989E0
6.533965350E0,9.622296333E0,-1.963245422E-1,-1.101332784E0
6.536035196E0,9.624691010E0,-2.011129409E-1,-1.115697980E0
6.538069850E0,9.622296333E0,-2.298433632E-1,-1.127668977E0
6.540073427E0,9.643844604E0,-2.322375625E-1,-1.137245774E0
6.542076735E0,9.636661530E0,-2.394201756E-1,-1.137245774E0
6.544145773E0,9.636661530E0,-2.729389966E-1,-1.137245774E0
6.546180581E0,9.639056206E0,-2.920926213E-1,-1.156399369E0
6.548249273E0,9.622296333E0,-3.232172430E-1,-1.168370485E0
6.550283850E0,9.624691010E0,-3.495534360E-1,-1.177947283E0
6.552352850E0,9.624691010E0,-3.998316824E-1,-1.180341482E0
6.554387542E0,9.648633003E0,-4.333505034E-1,-1.201889277E0
6.556455927E0,9.655815125E0,-4.548983276E-1,-1.209071875E0
6.558490658E0,9.667786598E0,-5.003881454E-1,-1.228225470E0
6.560522235E0,9.665391922E0,-5.482721925E-1,-1.235408068E0
6.562553465E0,9.667786598E0,-5.674257874E-1,-1.242590666E0
6.564622465E0,9.658209801E0,-6.057330370E-1,-1.259350061E0
6.566657119E0,9.660603523E0,-6.368576288E-1,-1.283292055E0
6.568726388E0,9.658209801E0,-6.655880809E-1,-1.290474772E0
6.570761350E0,9.662998199E0,-6.943184733E-1,-1.312022567E0
6.572830119E0,9.670180321E0,-7.326257229E-1,-1.312022567E0
6.574864850E0,9.665391922E0,-7.565677166E-1,-1.314416766E0
6.576933927E0,9.646238327E0,-8.140285611E-1,-1.323993564E0
6.578969042E0,9.624691010E0,-8.475474119E-1,-1.328781962E0
6.580971119E0,9.641449928E0,-8.714894056E-1,-1.347935557E0
6.583063619E0,9.641449928E0,-9.169792533E-1,-1.347935557E0
6.585016581E0,9.651026726E0,-9.768342972E-1,-1.359906554E0
6.587016235E0,9.634267807E0,-9.983820915E-1,-1.369483352E0
6.589085273E0,9.624691010E0,-1.034295082E0,-1.369483352E0
6.591120081E0,9.607931137E0,-1.098938584E0,-1.374271750E0
6.593189158E0,9.593565941E0,-1.151610970E0,-1.383848548E0
6.595224004E0,9.586383820E0,-1.185129881E0,-1.379060149E0
6.597293273E0,9.579200745E0,-1.254561663E0,-1.371877551E0
6.599328619E0,9.579200745E0,-1.302445769E0,-1.359906554E0
6.601329158E0,9.574412346E0,-1.331176162E0,-1.352723956E0
6.603415888E0,9.552865028E0,-1.391031146E0,-1.321599364E0
6.605378542E0,9.543288231E0,-1.465251446E0,-1.280897856E0
6.607379081E0,9.526528358E0,-1.505952835E0,-1.271321058E0
6.609448311E0,9.490615845E0,-1.546654344E0,-1.249773264E0
6.611482773E0,9.459490776E0,-1.616086125E0,-1.218648672E0
6.613551927E0,9.445125580E0,-1.642422318E0,-1.201889277E0
6.615586773E0,9.445125580E0,-1.714248419E0,-1.146822572E0
6.617655850E0,9.397241592E0,-1.754949808E0,-1.113303781E0
6.619690965E0,9.394847870E0,-1.783680320E0,-1.096544385E0
6.621720504E0,9.382876396E0,-1.836352706E0,-1.055842996E0
6.623721081E0,9.366117477E0,-1.884236693E0,-9.816226959E-1
6.625789811E0,9.368511200E0,-1.915361404E0,-9.528923035E-1
6.627824850E0,9.394847870E0,-1.965639591E0,-9.050082564E-1
6.629893619E0,9.416395187E0,-2.003946781E0,-8.547300100E-1
6.631928196E0,9.414001465E0,-2.030282974E0,-8.044517636E-1
6.633996811E0,9.409213066E0,-2.082955360E0,-7.733271718E-1
6.636031773E0,9.409213066E0,-2.104503393E0,-7.038952708E-1
6.638100696E0,9.397241592E0,-2.133233786E0,-6.607996821E-1
6.640135427E0,9.387664795E0,-2.145204782E0,-6.272808313E-1
6.642135273E0,9.368511200E0,-2.164358377E0,-5.602431893E-1
6.644166850E0,9.361329079E0,-2.188300371E0,-4.908113480E-1
6.646235773E0,9.342175484E0,-2.193088770E0,-4.596867263E-1
6.648270657E0,9.308655739E0,-2.190694571E0,-4.189853072E-1
6.650339657E0,9.275136948E0,-2.195482969E0,-3.591302633E-1
6.652374042E0,9.258378029E0,-2.205059767E0,-3.399766386E-1
6.654399427E0,9.229647636E0,-2.212242365E0,-3.064578176E-1
6.656398465E0,9.191340446E0,-2.212242365E0,-2.537853718E-1
6.658466965E0,9.174580574E0,-2.219424963E0,-2.370259613E-1
6.660501388E0,9.141061783E0,-2.221819162E0,-2.178723514E-1
6.662504465E0,9.129091263E0,-2.224213362E0,-2.059013397E-1
6.664673619E0,9.114726067E0,-2.224213362E0,-1.987187415E-1
6.666556696E0,9.097966194E0,-2.238578558E0,-1.771709323E-1
6.668556157E0,9.093177795E0,-2.226607561E0,-1.723825186E-1
6.670625388E0,9.105149269E0,-2.221819162E0,-1.723825186E-1
6.672660042E0,9.112331390E0,-2.226607561E0,-1.675941199E-1
6.674728388E0,9.100360870E0,-2.238578558E0,-1.580173075E-1
6.676762773E0,9.114726067E0,-2.240972757E0,-1.532289088E-1
6.678831696E0,9.150638580E0,-2.240972757E0,-1.651999205E-1
6.680866234E0,9.188945770E0,-2.226607561E0,-1.747767180E-1
6.682898350E0,9.229647636E0,-2.202665567E0,-1.723825186E-1
6.684984350E0,9.241618156E0,-2.176329374E0,-1.699883193E-1
6.686946696E0,9.275136948E0,-2.157175779E0,-1.891419291E-1
6.688946388E0,9.318233490E0,-2.152387381E0,-1.987187415E-1
6.691015196E0,9.334992409E0,-2.114080191E0,-2.394201756E-1
6.693049157E0,9.382876396E0,-2.080561161E0,-2.657563984E-1
6.695118119E0,9.437943459E0,-2.047042370E0,-2.896983922E-1
6.697152388E0,9.473855972E0,-2.027888775E0,-3.040636182E-1
6.699220619E0,9.497797966E0,-1.987187386E0,-3.423708379E-1
6.701254965E0,9.533711433E0,-1.929726601E0,-3.687070608E-1
6.703257850E0,9.574412346E0,-1.893813491E0,-3.830722570E-1
6.705261003E0,9.646238327E0,-1.821987510E0,-4.118026793E-1
6.707329888E0,9.698910713E0,-1.764526606E0,-4.453215301E-1
6.709364349E0,9.725247383E0,-1.735796213E0,-4.572925270E-1
6.711432926E0,9.780313492E0,-1.659181833E0,-4.908113480E-1
6.713467465E0,9.868899345E0,-1.599326730E0,-5.339069963E-1
6.715536696E0,9.900024414E0,-1.546654344E0,-5.506663918E-1
6.717571349E0,9.981427193E0,-1.462857246E0,-5.913678408E-1
6.719639657E0,1.007001209E1,-1.371877551E0,-6.153098345E-1
6.721673734E0,1.010831928E1,-1.331176162E0,-6.320692301E-1
6.723705426E0,1.020648193E1,-1.278503656E0,-6.751648784E-1
6.725736234E0,1.031661510E1,-1.199495077E0,-7.230489254E-1
6.727804619E0,1.042195988E1,-1.106121182E0,-7.781155705E-1
6.729840349E0,1.046026707E1,-1.077390790E0,-7.972691655E-1
6.731908619E0,1.054645824E1,-1.007958889E0,-8.355764151E-1
6.733943234E0,1.065659142E1,-9.409212470E-1,-8.834604025E-1
6.736012157E0,1.073320580E1,-9.097966552E-1,-8.978256583E-1
6.738047003E0,1.085052204E1,-8.403648138E-1,-9.217676520E-1
6.740116503E0,1.093910789E1,-7.637503147E-1,-9.385270476E-1
6.742151234E0,1.098699188E1,-7.350199223E-1,-9.481038451E-1
6.744154503E0,1.107078838E1,-6.631938815E-1,-9.576807022E-1
6.746246772E0,1.114500904E1,-6.081272364E-1,-9.648633003E-1
6.748200196E0,1.117613316E1,-5.889736414E-1,-9.648633003E-1
6.750200734E0,1.125274754E1,-5.267243981E-1,-9.552865028E-1
6.752270119E0,1.128866100E1,-4.596867263E-1,-9.361328483E-1
6.754305311E0,1.129344940E1,-4.381389022E-1,-9.241618514E-1
6.756374580E0,1.132457447E1,-3.854664862E-1,-9.074024558E-1
6.758409349E0,1.131739140E1,-3.136404157E-1,-8.882488012E-1
6.760478272E0,1.131978607E1,-2.729389966E-1,-8.738836050E-1
6.762513042E0,1.130063248E1,-2.346317619E-1,-8.475474119E-1
6.764544349E0,1.127190113E1,-1.843535304E-1,-7.996633649E-1
6.766629772E0,1.122880554E1,-1.340752989E-1,-7.661445141E-1
6.768592426E0,1.121444035E1,-1.101332754E-1,-7.445967197E-1
6.770591426E0,1.115937424E1,-4.548983276E-2,-6.799532771E-1
6.772660888E0,1.108994198E1,-1.436521020E-2,-6.512228847E-1
6.774695657E0,1.105642319E1,3.830722719E-2,-6.177040339E-1
6.776764695E0,1.100614548E1,5.746084079E-2,-5.817909837E-1
6.778799734E0,1.091995430E1,1.029506698E-1,-5.315127969E-1
6.780868811E0,1.088404083E1,1.053448766E-1,-5.147533417E-1
6.782904157E0,1.080982113E1,1.125274822E-1,-4.860229492E-1
6.784933926E0,1.073799419E1,1.173158810E-1,-4.596867263E-1
6.786935618E0,1.069250488E1,1.221042871E-1,-4.501099288E-1
6.789004849E0,1.062067890E1,1.029506698E-1,-4.165911078E-1
6.791039695E0,1.053448772E1,1.005564705E-1,-4.141969085E-1
6.793109003E0,1.048660374E1,8.858546615E-2,-4.022258818E-1
6.795143811E0,1.039801788E1,5.985504389E-2,-3.830722570E-1
6.797212965E0,1.030464458E1,2.873042040E-2,-3.711012602E-1
6.799248041E0,1.026154804E1,1.436521020E-2,-3.639186621E-1
6.801316888E0,1.017775154E1,-3.591302410E-2,-3.711012602E-1
6.803351811E0,1.009395409E1,-8.858546615E-2,-3.878606856E-1
6.805383426E0,1.003888798E1,-1.077390760E-1,-3.878606856E-1
6.807415118E0,9.935936928E0,-1.580173075E-1,-3.854664862E-1
6.809484080E0,9.837775230E0,-2.154781520E-1,-3.998316824E-1
6.811518964E0,9.763554573E0,-2.777273953E-1,-4.022258818E-1
6.813587772E0,9.725247383E0,-3.136404157E-1,-4.094084799E-1
6.815622503E0,9.648633003E0,-3.926490843E-1,-4.237737060E-1
6.817691503E0,9.564835548E0,-4.548983276E-1,-4.309563041E-1
6.819726080E0,9.521739960E0,-5.003881454E-1,-4.285621047E-1
6.821795157E0,9.447520256E0,-5.841852427E-1,-4.381389022E-1
6.823829926E0,9.370905876E0,-6.512228847E-1,-4.596867263E-1
6.825832657E0,9.334992409E0,-6.823474765E-1,-4.716577232E-1
6.827923118E0,9.277531624E0,-7.541735172E-1,-4.884171486E-1
6.829876349E0,9.224859238E0,-8.044517636E-1,-5.027823448E-1
6.831876387E0,9.203310966E0,-8.331822157E-1,-5.051765442E-1
6.833945695E0,9.174580574E0,-8.810662031E-1,-5.267243981E-1
6.835980503E0,9.165003777E0,-9.504981041E-1,-5.458779931E-1
6.838050041E0,9.165003777E0,-9.840168953E-1,-5.530605912E-1
6.840084964E0,9.143456459E0,-1.039083481E0,-5.674257874E-1
6.842154003E0,9.133879662E0,-1.082179189E0,-5.698199868E-1
6.844189426E0,9.121908188E0,-1.106121182E0,-5.650315881E-1
6.846221734E0,9.119514465E0,-1.161187768E0,-5.770025849E-1
6.848309580E0,9.121908188E0,-1.218648672E0,-5.746083856E-1
6.850271003E0,9.129091263E0,-1.247379065E0,-5.746083856E-1
6.852271772E0,9.138668060E0,-1.288080573E0,-5.554547906E-1
6.854341503E0,9.155426979E0,-1.323993564E0,-5.363011956E-1
6.856377195E0,9.155426979E0,-1.343147159E0,-5.219359994E-1
6.858446887E0,9.148244858E0,-1.412579060E0,-4.668693244E-1
6.860482310E0,9.165003777E0,-1.443703651E0,-4.405331016E-1
6.862551541E0,9.210494041E0,-1.470039845E0,-4.141969085E-1
6.864586849E0,9.222464561E0,-1.477222443E0,-3.998316824E-1
6.866589195E0,9.227252960E0,-1.493981838E0,-3.734954596E-1
6.868593464E0,9.253589630E0,-1.505952835E0,-3.447650373E-1
6.870663272E0,9.260771751E0,-1.525106430E0,-3.351882398E-1
6.872698272E0,9.301473618E0,-1.544260144E0,-3.184288144E-1
6.874767772E0,9.323021889E0,-1.553836942E0,-2.968810201E-1
6.876802926E0,9.346963882E0,-1.563413739E0,-2.825157940E-1
6.878872118E0,9.373299599E0,-1.568202138E0,-2.513911724E-1
6.880907118E0,9.409213066E0,-1.582567334E0,-2.250549644E-1
6.882976503E0,9.433155060E0,-1.592144132E0,-2.035071403E-1
6.885011310E0,9.464279175E0,-1.601720929E0,-1.771709323E-1
6.887044272E0,9.469067574E0,-1.599326730E0,-1.508347094E-1
6.889075618E0,9.481039047E0,-1.606509328E0,-1.364694983E-1
6.891144349E0,9.519346237E0,-1.604115129E0,-9.337386489E-2
6.893178772E0,9.536105156E0,-1.601720929E0,-6.703764945E-2
6.895248080E0,9.533711433E0,-1.594538331E0,-7.182605099E-3
6.897282656E0,9.536105156E0,-1.584961534E0,1.436521020E-2
6.899307156E0,9.548076630E0,-1.565807939E0,5.746084079E-2
6.901306618E0,9.545681953E0,-1.561019540E0,8.379705995E-2
6.903375156E0,9.548076630E0,-1.558625340E0,1.029506698E-1
6.905409349E0,9.572018623E0,-1.551442742E0,1.412578970E-1
6.907411618E0,9.576807022E0,-1.553836942E0,1.795651317E-1
6.909580118E0,9.583989143E0,-1.558625340E0,1.987187415E-1
6.911462656E0,9.600749016E0,-1.546654344E0,2.202665508E-1
6.913462003E0,9.615114212E0,-1.549048543E0,2.442085743E-1
6.915530849E0,9.624691010E0,-1.546654344E0,2.466027737E-1
6.917565426E0,9.634267807E0,-1.551442742E0,2.609679997E-1
6.919634310E0,9.655815125E0,-1.534683347E0,2.992752194E-1
6.921668964E0,9.672574997E0,-1.525106430E0,3.160346150E-1
6.923737656E0,9.703699112E0,-1.525106430E0,3.471592367E-1
6.925772387E0,9.732429504E0,-1.515529633E0,3.687070608E-1
6.927804349E0,9.744400978E0,-1.517923832E0,3.711012602E-1
6.929889464E0,9.775525093E0,-1.501164436E0,3.878606856E-1
6.931851849E0,9.801861763E0,-1.479616642E0,4.046200812E-1
6.933852002E0,9.816226959E0,-1.465251446E0,4.094084799E-1
6.935921195E0,9.832986832E0,-1.453280449E0,4.165911078E-1
6.937955926E0,9.883264542E0,-1.434126854E0,4.070142806E-1
6.940025118E0,9.895236015E0,-1.424550056E0,3.950432837E-1
6.942060156E0,9.902418137E0,-1.429338455E0,3.782838583E-1
6.944129810E0,9.916783333E0,-1.410184860E0,3.687070608E-1
6.946164772E0,9.923966408E0,-1.403002143E0,3.423708379E-1
6.948195310E0,9.931148529E0,-1.379060149E0,3.303998411E-1
6.950197002E0,9.938331604E0,-1.355118155E0,2.896983922E-1
6.952265695E0,9.931148529E0,-1.340752959E0,2.466027737E-1
6.954300156E0,9.916783333E0,-1.331176162E0,2.250549644E-1
6.956369502E0,9.900024414E0,-1.326387763E0,1.987187415E-1
6.958404272E0,9.878476143E0,-1.304839969E0,1.628057212E-1
6.960473195E0,9.871294022E0,-1.302445769E0,1.460463107E-1
6.962507733E0,9.847352028E0,-1.285686255E0,1.029506698E-1
6.964576079E0,9.818621635E0,-1.268926859E0,9.576806426E-2
6.966610502E0,9.804255486E0,-1.261744261E0,9.337386489E-2
6.968641579E0,9.763554573E0,-1.266532660E0,7.182604820E-2
6.970673118E0,9.725247383E0,-1.259350061E0,8.140286058E-2
6.972742156E0,9.706093788E0,-1.261744261E0,8.619125932E-2
6.974777195E0,9.653421402E0,-1.242590666E0,1.053448766E-1
6.976846464E0,9.610325813E0,-1.218648672E0,1.197100878E-1
6.978881579E0,9.588777542E0,-1.218648672E0,1.292868853E-1
6.980951079E0,9.552865028E0,-1.225831270E0,1.604115069E-1
6.982985887E0,9.507374763E0,-1.230619669E0,2.035071403E-1
6.985055579E0,9.473855972E0,-1.221042871E0,2.753331959E-1
6.987090964E0,9.459490776E0,-1.221042871E0,3.112462163E-1
6.989094118E0,9.411606789E0,-1.216254473E0,3.974374831E-1
6.991186387E0,9.378087997E0,-1.221042871E0,4.836287498E-1
6.993139848E0,9.378087997E0,-1.223437071E0,5.339069963E-1
6.995140541E0,9.358934402E0,-1.225831270E0,6.416460276E-1
6.997210233E0,9.330204010E0,-1.242590666E0,7.541735172E-1
6.999245348E0,9.313444138E0,-1.237802267E0,8.068459630E-1
7.001314771E0,9.284713745E0,-1.252167463E0,9.193734527E-1
7.003350041E0,9.277531624E0,-1.278503656E0,1.024718285E0
7.005418925E0,9.267954826E0,-1.288080573E0,1.074996591E0
7.007454233E0,9.251194954E0,-1.316810966E0,1.175553083E0
7.009485310E0,9.217676163E0,-1.314416766E0,1.283292055E0
7.011570964E0,9.196128845E0,-1.323993564E0,1.335964561E0
7.013533502E0,9.184157372E0,-1.343147159E0,1.434126854E0
7.015533656E0,9.148244858E0,-1.350329757E0,1.534683347E0
7.017602733E0,9.145850182E0,-1.369483352E0,1.565807939E0
7.019637579E0,9.105149269E0,-1.359906554E0,1.640028119E0
7.021707041E0,9.083600998E0,-1.371877551E0,1.699883223E0
7.023741656E0,9.074024200E0,-1.376665950E0,1.726219416E0
7.025811118E0,9.026140213E0,-1.398213744E0,1.766920805E0
7.027846002E0,8.978256226E0,-1.414973259E0,1.795651317E0
7.029915733E0,8.908824921E0,-1.407790542E0,1.802833915E0
7.031952771E0,8.875306129E0,-1.403002143E0,1.800439715E0
7.034021925E0,8.805873871E0,-1.395819545E0,1.793257117E0
7.036056656E0,8.726864815E0,-1.386242747E0,1.759738207E0
7.038125964E0,8.688557625E0,-1.376665950E0,1.731007814E0
7.040160925E0,8.638279915E0,-1.398213744E0,1.680729628E0
7.042229964E0,8.580819130E0,-1.393425345E0,1.618480325E0
7.044264617E0,8.564059258E0,-1.400607944E0,1.582567334E0
7.046333541E0,8.518569946E0,-1.405396342E0,1.503558636E0
7.048368733E0,8.501810074E0,-1.414973259E0,1.431732655E0
7.050395156E0,8.487444878E0,-1.431732655E0,1.381454349E0
7.052426348E0,8.468291283E0,-1.431732655E0,1.290474772E0
7.054496194E0,8.441955566E0,-1.426944256E0,1.197100878E0
7.056531464E0,8.441955566E0,-1.426944256E0,1.154005170E0
7.058599771E0,8.446743965E0,-1.446097851E0,1.060631394E0
7.060634540E0,8.429984093E0,-1.474828243E0,9.696516991E-1
7.062703810E0,8.451532364E0,-1.496376038E0,8.762778044E-1
7.064738964E0,8.468291283E0,-1.493981838E0,8.307880163E-1
7.066808925E0,8.494627953E0,-1.505952835E0,7.541735172E-1
7.068844464E0,8.523358345E0,-1.493981838E0,6.823474765E-1
7.070848271E0,8.547300339E0,-1.496376038E0,6.488286853E-1
7.072939425E0,8.611943245E0,-1.491587639E0,5.746083856E-1
7.074892694E0,8.676587105E0,-1.493981838E0,5.123591423E-1
7.076893002E0,8.710105896E0,-1.493981838E0,4.860229492E-1
7.078962463E0,8.803479195E0,-1.472434044E0,4.237737060E-1
7.080997387E0,8.882488251E0,-1.462857246E0,3.758896589E-1
7.083066348E0,8.935160637E0,-1.455674648E0,3.615244627E-1
7.085101117E0,9.035717010E0,-1.438915253E0,3.303998411E-1
7.087170810E0,9.133879662E0,-1.434126854E0,3.016694188E-1
7.089206040E0,9.181763649E0,-1.417367458E0,2.849099934E-1
7.091231233E0,9.291896820E0,-1.398213744E0,2.489969730E-1
7.093317386E0,9.409213066E0,-1.386242747E0,2.274491638E-1
7.095279733E0,9.469067574E0,-1.376665950E0,2.274491638E-1
7.097279656E0,9.595960617E0,-1.343147159E0,2.035071403E-1
7.099348425E0,9.732429504E0,-1.328781962E0,1.771709323E-1
7.101382810E0,9.792284966E0,-1.328781962E0,1.747767180E-1
7.103452040E0,9.885659218E0,-1.297657371E0,1.771709323E-1
7.105486733E0,9.983820915E0,-1.259350061E0,1.699883193E-1
7.107555925E0,1.008198357E1,-1.235408068E0,1.795651317E-1
7.109590310E0,1.013226128E1,-1.223437071E0,1.747767180E-1
7.111612540E0,1.021605873E1,-1.209071875E0,1.604115069E-1
7.113613848E0,1.031661510E1,-1.209071875E0,1.580173075E-1
7.115682886E0,1.035731697E1,-1.163581967E0,1.604115069E-1
7.117717694E0,1.041477776E1,-1.142034173E0,1.723825186E-1
7.119786540E0,1.045787334E1,-1.122880578E0,1.843535304E-1
7.121821002E0,1.048660374E1,-1.106121182E0,1.843535304E-1
7.123889963E0,1.052730465E1,-1.077390790E0,1.891419291E-1
7.125924579E0,1.055842972E1,-1.041477680E0,1.795651317E-1
7.127993425E0,1.057518864E1,-1.036689281E0,1.891419291E-1
7.130027809E0,1.059194851E1,-1.015141487E0,2.035071403E-1
7.132059463E0,1.061110210E1,-9.911994934E-1,2.274491638E-1
7.134090771E0,1.061110210E1,-9.696516991E-1,2.489969730E-1
7.136159732E0,1.062786102E1,-9.385270476E-1,2.801215947E-1
7.138194617E0,1.062067890E1,-9.241618514E-1,3.136404157E-1
7.140263309E0,1.062307262E1,-9.145850539E-1,3.232172430E-1
7.142298271E0,1.062786102E1,-9.050082564E-1,3.758896589E-1
7.144322348E0,1.063743782E1,-9.002198577E-1,4.261679053E-1
7.146322156E0,1.064222622E1,-8.954314590E-1,4.620809257E-1
7.148391156E0,1.062786102E1,-8.930372596E-1,5.386953950E-1
7.150425963E0,1.059913063E1,-9.097966552E-1,6.224924326E-1
7.152429117E0,1.057279491E1,-9.002198577E-1,6.847416759E-1
7.154598809E0,1.055124664E1,-8.834604025E-1,7.326257229E-1
7.156482002E0,1.052730465E1,-9.002198577E-1,8.188169599E-1
7.158481848E0,1.050815105E1,-9.097966552E-1,8.595184088E-1
7.160551155E0,1.049857426E1,-9.289502501E-1,9.504981041E-1
7.162585925E0,1.046984386E1,-9.289502501E-1,1.039083481E0
7.164654732E0,1.043871975E1,-9.481038451E-1,1.144428372E0
7.166689502E0,1.042914295E1,-9.600749016E-1,1.189918280E0
7.168758155E0,1.040759468E1,-9.672574997E-1,1.276109457E0
7.170792540E0,1.037168217E1,-9.911994934E-1,1.345541358E0
7.172823579E0,1.036449909E1,-1.010353088E0,1.379060149E0
7.174910232E0,1.036449909E1,-1.024718285E0,1.422155857E0
7.176872040E0,1.033576870E1,-1.041477680E0,1.450886250E0
7.178871348E0,1.033098030E1,-1.060631394E0,1.467645645E0
7.180939732E0,1.032379818E1,-1.089361787E0,1.486799240E0
7.182974502E0,1.029985619E1,-1.130063176E0,1.513135433E0
7.185043002E0,1.029985619E1,-1.151610970E0,1.525106430E0
7.187077348E0,1.028070164E1,-1.192312479E0,1.517923832E0
7.189146117E0,1.024718285E1,-1.221042871E0,1.503558636E0
7.191180732E0,1.024478912E1,-1.230619669E0,1.501164436E0
7.193183348E0,1.024957752E1,-1.288080573E0,1.467645645E0
7.195186309E0,1.021366405E1,-1.326387763E0,1.414973259E0
7.197255271E0,1.020648193E1,-1.352723956E0,1.369483352E0
7.199289617E0,1.018493366E1,-1.422155857E0,1.276109457E0
7.201358040E0,1.015141487E1,-1.515529633E0,1.192312479E0
7.203392309E0,1.014423275E1,-1.563413739E0,1.077390790E0
7.205461232E0,1.013465595E1,-1.675941229E0,1.017535686E0
7.207495886E0,1.011310768E1,-1.795651317E0,8.930372596E-1
7.209564463E0,1.012747288E1,-1.886630893E0,7.805097699E-1
7.211599271E0,1.012986755E1,-1.941697598E0,7.254431248E-1
7.213632117E0,1.014183807E1,-2.085349798E0,6.057330370E-1
7.215663694E0,1.021605873E1,-2.207453966E0,4.908113480E-1
7.217731809E0,1.025436592E1,-2.272097349E0,4.309563041E-1
7.219766155E0,1.033576870E1,-2.396595955E0,3.088520169E-1
7.221835348E0,1.045308495E1,-2.530671120E0,1.987187415E-1
7.223869732E0,1.053688145E1,-2.595314741E0,1.484405100E-1
7.225938424E0,1.073081207E1,-2.762908697E0,5.027823523E-2
7.227973078E0,1.093671322E1,-2.942473888E0,-2.394201607E-2
7.230041578E0,1.104924107E1,-3.019088268E0,-5.027823523E-2
7.232075771E0,1.129584408E1,-3.189076662E0,-1.029506698E-1
7.234144194E0,1.155441761E1,-3.327940464E0,-1.221042871E-1
7.236236232E0,1.181538582E1,-3.478775024E0,-1.436520964E-1
7.238198424E0,1.194706631E1,-3.555389643E0,-1.628057212E-1
7.240198271E0,1.222718811E1,-3.675099611E0,-1.699883193E-1
7.242267578E0,1.251209831E1,-3.782838583E0,-1.604115069E-1
7.244302463E0,1.264617348E1,-3.842693806E0,-1.556231081E-1
7.246371694E0,1.294066048E1,-3.931279182E0,-1.460463107E-1
7.248406809E0,1.323514652E1,-3.983951569E0,-1.460463107E-1
7.250476078E0,1.338837624E1,-3.998316765E0,-1.508347094E-1
7.252510886E0,1.368765068E1,-3.998316765E0,-1.819593310E-1
7.254527270E0,1.397016716E1,-3.955221176E0,-2.106897533E-1
7.256612732E0,1.410663605E1,-3.940855980E0,-2.226607651E-1
7.258574117E0,1.437957573E1,-3.861847401E0,-2.609679997E-1
7.260574347E0,1.462857246E1,-3.742137194E0,-3.351882398E-1
7.262642732E0,1.473391724E1,-3.658340216E0,-3.758896589E-1
7.264677424E0,1.488714600E1,-3.478775024E0,-4.692635238E-1
7.266746347E0,1.498530865E1,-3.260902643E0,-5.913678408E-1
7.268781194E0,1.500925064E1,-3.141192675E0,-6.751648784E-1
7.270850463E0,1.502600956E1,-2.887407303E0,-8.619126081E-1
7.272884924E0,1.499009705E1,-2.614468336E0,-1.096544385E0
7.274898886E0,1.494939518E1,-2.473210335E0,-1.223437071E0
7.276900386E0,1.483447361E1,-2.217030764E0,-1.489193439E0
7.278968886E0,1.468603325E1,-1.934514999E0,-1.769315004E0
7.281003578E0,1.461181259E1,-1.810016513E0,-1.910573006E0
7.283072232E0,1.446337223E1,-1.572990537E0,-2.207453966E0
7.285106232E0,1.434126854E1,-1.340752959E0,-2.523488522E0
7.287174924E0,1.418085670E1,-1.082179189E0,-2.849100113E0
7.289209117E0,1.408987713E1,-9.648633003E-1,-3.007117271E0
7.291277924E0,1.389115810E1,-7.374141216E-1,-3.299209833E0
7.293311578E0,1.366370869E1,-5.458779931E-1,-3.629609823E0
7.295326616E0,1.355357552E1,-4.405331016E-1,-3.785232782E0
7.297356347E0,1.334049225E1,-2.537853718E-1,-4.072536945E0
7.299424193E0,1.311064816E1,-9.816227108E-2,-4.364629745E0
7.301457886E0,1.297657299E1,-3.112462163E-2,-4.503493309E0
7.303526116E0,1.271560478E1,1.029506698E-1,-4.771644115E0
7.305559924E0,1.243308926E1,2.442085743E-1,-5.015852451E0
7.307628616E0,1.228464890E1,2.920926213E-1,-5.128379822E0
7.309662770E0,1.196143150E1,3.902548850E-1,-5.343858242E0
7.311731501E0,1.166933918E1,4.836287498E-1,-5.532999992E0
7.313766424E0,1.137724686E1,5.147533417E-1,-5.619191170E0
7.315835193E0,1.124795914E1,5.817909837E-1,-5.755661011E0
7.317926886E0,1.098938560E1,6.512228847E-1,-5.861005783E0
7.319889732E0,1.075235939E1,7.038952708E-1,-5.956773758E0
7.321890386E0,1.065180302E1,7.374141216E-1,-5.997475147E0
7.323958578E0,1.045547867E1,7.805097699E-1,-6.030993938E0
7.325993309E0,1.025915432E1,8.068459630E-1,-6.040570736E0
7.328062501E0,1.016578007E1,8.188169599E-1,-6.040570736E0
7.330097463E0,1.002452278E1,8.116343617E-1,-6.026205540E0
7.332166578E0,9.876082420E0,8.092401624E-1,-5.978321552E0
7.334201886E0,9.813833237E0,8.140285611E-1,-5.944802761E0
7.336227155E0,9.684545517E0,8.140285611E-1,-5.851428986E0
7.338312655E0,9.588777542E0,8.355764151E-1,-5.750872612E0
7.340275501E0,9.540893555E0,8.355764151E-1,-5.686229229E0
7.342275078E0,9.418789864E0,8.331822157E-1,-5.556941986E0
7.344343886E0,9.327810287E0,8.403648138E-1,-5.420472622E0
7.346378424E0,9.263166428E0,8.307880163E-1,-5.334281445E0
7.348447539E0,9.148244858E0,8.044517636E-1,-5.173870087E0
7.350481924E0,9.052476883E0,7.972691655E-1,-5.015852451E0
7.352551847E0,9.021351814E0,7.996633649E-1,-4.934449673E0
7.354586539E0,8.968679428E0,7.781155705E-1,-4.745307922E0
7.356655193E0,8.899248123E0,7.398083210E-1,-4.556165695E0
7.358692232E0,8.815450668E0,7.110779285E-1,-4.359841347E0
7.360760732E0,8.791508675E0,6.775590777E-1,-4.244919777E0
7.362795193E0,8.714894295E0,6.248866320E-1,-3.993528366E0
7.364863885E0,8.647856712E0,5.602431893E-1,-3.732560396E0
7.366898616E0,8.621520042E0,5.315127969E-1,-3.600879431E0
7.368967462E0,8.578424454E0,4.548983276E-1,-3.318363667E0
7.371002424E0,8.566453934E0,3.519476354E-1,-3.045424461E0
7.373071309E0,8.576030731E0,2.968810201E-1,-2.908955097E0
7.375105693E0,8.599972725E0,1.628057212E-1,-2.628833532E0
7.377128116E0,8.626308441E0,2.394201607E-2,-2.346317768E0
7.379158732E0,8.657433510E0,-5.267243832E-2,-2.202665567E0
7.381227039E0,8.738836288E0,-2.178723514E-1,-1.920149803E0
7.383261078E0,8.829815865E0,-3.926490843E-1,-1.644816518E0
7.385329539E0,8.877699852E0,-4.860229492E-1,-1.520318031E0
7.387363962E0,8.956708908E0,-7.015010715E-1,-1.252167463E0
7.389388039E0,9.057265282E0,-9.145850539E-1,-9.959878922E-1
7.391387962E0,9.117119789E0,-1.039083481E0,-8.786720037E-1
7.393456693E0,9.251194954E0,-1.271321058E0,-6.560112834E-1
7.395492001E0,9.387664795E0,-1.501164436E0,-4.620809257E-1
7.397561155E0,9.545681953E0,-1.740584612E0,-3.064578176E-1
7.399731039E0,9.607931137E0,-1.867477298E0,-2.250549644E-1
7.401649039E0,9.730035782E0,-2.099714994E0,-7.900865376E-2
7.403649078E0,9.854534149E0,-2.336740971E0,4.070143029E-2
7.405718385E0,9.909601212E0,-2.449268341E0,9.337386489E-2
7.407753385E0,9.998186111E0,-2.659958124E0,1.915361285E-1
7.409822578E0,1.009634876E1,-2.875436306E0,2.370259613E-1
7.411857501E0,1.013226128E1,-2.987963676E0,2.561795712E-1
7.413926731E0,1.020169353E1,-3.213018656E0,2.968810201E-1
7.415961501E0,1.031422138E1,-3.416525841E0,3.136404157E-1
7.417984654E0,1.036210537E1,-3.521870613E0,3.160346150E-1
7.420070347E0,1.046026707E1,-3.711012602E0,2.992752194E-1
7.422032654E0,1.056800652E1,-3.897760391E0,2.681505978E-1
7.424032962E0,1.063504410E1,-3.986345768E0,2.537853718E-1
7.426101924E0,1.076911926E1,-4.165910721E0,1.987187415E-1
7.428136731E0,1.088882923E1,-4.321534157E0,1.460463107E-1
7.430205424E0,1.094150162E1,-4.400542736E0,1.149216816E-1
7.432239885E0,1.103248119E1,-4.532223701E0,3.351882473E-2
7.434308885E0,1.112346077E1,-4.666299343E0,-5.267243832E-2
7.436343385E0,1.121444035E1,-4.726154327E0,-1.149216816E-1
7.438358001E0,1.125274754E1,-4.812345505E0,-1.460463107E-1
7.440359193E0,1.128866100E1,-4.838681698E0,-2.609679997E-1
7.442428924E0,1.128866100E1,-4.867412090E0,-3.926490843E-1
7.444464231E0,1.129105568E1,-4.876988888E0,-4.501099288E-1
7.446533308E0,1.130302620E1,-4.860229492E0,-5.793967843E-1
7.448568077E0,1.127190113E1,-4.809951305E0,-6.823474765E-1
7.450637308E0,1.124317074E1,-4.766855717E0,-7.350199223E-1
7.452672116E0,1.114022064E1,-4.697423935E0,-8.738836050E-1
7.454741116E0,1.103726959E1,-4.587290287E0,-1.048660398E0
7.456775962E0,1.099896240E1,-4.537012100E0,-1.127668977E0
7.458792539E0,1.092474270E1,-4.376600742E0,-1.247379065E0
7.460824385E0,1.083136845E1,-4.177882195E0,-1.340752959E0
7.462892847E0,1.079066753E1,-4.070142746E0,-1.391031146E0
7.464926924E0,1.069729328E1,-3.845088005E0,-1.510741234E0
7.466995462E0,1.057040024E1,-3.576937437E0,-1.601720929E0
7.469029770E0,1.049378586E1,-3.430891037E0,-1.644816518E0
7.471098000E0,1.035971069E1,-3.122039080E0,-1.719036818E0
7.473132116E0,1.021127033E1,-2.789244890E0,-1.778891921E0
7.475200539E0,1.003409958E1,-2.458845139E0,-1.829170108E0
7.477235231E0,9.940725327E0,-2.300827742E0,-1.850717902E0
7.479303962E0,9.768342972E0,-2.001552582E0,-1.869871497E0
7.481394077E0,9.598354340E0,-1.685518026E0,-1.869871497E0
7.483356039E0,9.514557838E0,-1.522712231E0,-1.860294700E0
7.485355423E0,9.339780807E0,-1.187524080E0,-1.845929503E0
7.487423885E0,9.191340446E0,-8.834604025E-1,-1.812410712E0
7.489458000E0,9.119514465E0,-7.445967197E-1,-1.795651317E0
7.491526347E0,8.947132111E0,-4.692635238E-1,-1.740584612E0
7.493560539E0,8.796297073E0,-2.106897533E-1,-1.668758631E0
7.495628616E0,8.726864815E0,-1.029506698E-1,-1.637633920E0
7.497662539E0,8.583212852E0,1.053448766E-1,-1.568202138E0
7.499680654E0,8.453926086E0,3.256114423E-1,-1.498770237E0
7.501765500E0,8.372523308E0,4.381389022E-1,-1.462857246E0
7.503726846E0,8.185775757E0,6.512228847E-1,-1.388636947E0
7.505726923E0,8.046912193E0,8.499416113E-1,-1.333570361E0
7.507795462E0,7.979874134E0,9.552865028E-1,-1.314416766E0
7.509829885E0,7.819462776E0,1.161187768E0,-1.271321058E0
7.511898308E0,7.682993412E0,1.314416766E0,-1.221042871E0
7.513932539E0,7.620744228E0,1.383848548E0,-1.199495077E0
7.516000577E0,7.460332394E0,1.541865945E0,-1.134851575E0
7.518035077E0,7.302315235E0,1.692700624E0,-1.115697980E0
7.520103346E0,7.151480675E0,1.817199111E0,-1.103726983E0
7.522140039E0,7.070077419E0,1.884236693E0,-1.086967587E0
7.524208269E0,6.890512466E0,2.015917778E0,-1.063025594E0
7.526242693E0,6.715735912E0,2.094926596E0,-1.043871999E0
7.528311308E0,6.627150536E0,2.135627985E0,-1.017535686E0
7.530345539E0,6.469132900E0,2.214636564E0,-9.888052940E-1
7.532414269E0,6.306327343E0,2.250549555E0,-9.624691010E-1
7.534448885E0,6.246472359E0,2.252943754E0,-9.433154464E-1
7.536516962E0,6.145915985E0,2.264914751E0,-9.121908545E-1
7.538551962E0,6.054935932E0,2.226607561E0,-8.882488012E-1
7.540566962E0,6.009446144E0,2.200271368E0,-8.906430602E-1
7.542597385E0,5.942408562E0,2.164358377E0,-8.954314590E-1
7.544666000E0,5.904101372E0,2.118868589E0,-8.978256583E-1
7.546700346E0,5.894524574E0,2.075772762E0,-8.906430602E-1
7.548768269E0,5.877765179E0,1.984793186E0,-8.810662031E-1
7.550802500E0,5.875370979E0,1.891419291E0,-8.667010069E-1
7.552870885E0,5.904101372E0,1.790862918E0,-8.523358107E-1
7.554905116E0,5.918466568E0,1.740584612E0,-8.307880163E-1
7.556973692E0,5.966350555E0,1.623268723E0,-8.092401624E-1
7.559008039E0,6.028599739E0,1.496376038E0,-8.068459630E-1
7.561076885E0,6.064512730E0,1.446097851E0,-7.948749661E-1
7.563168500E0,6.162675381E0,1.323993564E0,-7.852981687E-1
7.565130615E0,6.244078159E0,1.185129881E0,-7.733271718E-1
7.567130000E0,6.299144745E0,1.118092179E0,-7.589619160E-1
7.569198846E0,6.414066315E0,9.600749016E-1,-7.254431248E-1
7.571233462E0,6.560112476E0,8.307880163E-1,-6.919242740E-1
7.573302308E0,6.619967937E0,7.517793179E-1,-6.847416759E-1
7.575337039E0,6.737283707E0,6.009446383E-1,-6.440402865E-1
7.577406115E0,6.861782074E0,4.692635238E-1,-5.865794420E-1
7.579441000E0,6.931213856E0,4.046200812E-1,-5.674257874E-1
7.581456885E0,7.055712223E0,2.849099934E-1,-5.363011956E-1
7.583542231E0,7.192182064E0,1.651999205E-1,-4.979939461E-1
7.585503846E0,7.264008045E0,1.077390760E-1,-4.836287498E-1
7.587503385E0,7.412448406E0,-1.197100803E-2,-4.548983276E-1
7.589572192E0,7.560888767E0,-1.268926859E-1,-4.429273009E-1
7.591606500E0,7.718906403E0,-1.795651317E-1,-4.453215301E-1
7.593675308E0,7.790732384E0,-2.801215947E-1,-4.261679053E-1
7.595709769E0,7.924807549E0,-3.830722570E-1,-4.118026793E-1
7.597778192E0,8.063671112E0,-4.932055473E-1,-3.926490843E-1
7.599812154E0,8.128314972E0,-5.363011956E-1,-3.806780577E-1
7.601832500E0,8.255207062E0,-6.057330370E-1,-3.567360640E-1
7.603833885E0,8.398859978E0,-6.631938815E-1,-3.208230138E-1
7.605902500E0,8.463502884E0,-6.991068721E-1,-3.136404157E-1
7.607936538E0,8.592789650E0,-7.733271718E-1,-2.992752194E-1
7.610005077E0,8.722076416E0,-8.283938169E-1,-2.825157940E-1
7.612039423E0,8.781931877E0,-8.499416113E-1,-2.633621991E-1
7.614107885E0,8.887276649E0,-9.002198577E-1,-2.322375625E-1
7.616142077E0,8.963891029E0,-9.409212470E-1,-2.154781520E-1
7.618210808E0,9.021351814E0,-9.481038451E-1,-2.035071403E-1
7.620245192E0,9.119514465E0,-9.528923035E-1,-1.795651317E-1
7.622267231E0,9.193734169E0,-9.744400978E-1,-1.628057212E-1
7.624297308E0,9.217676163E0,-9.792284966E-1,-1.556231081E-1
7.626365846E0,9.263166428E0,-9.816226959E-1,-1.388636976E-1
7.628400192E0,9.296685219E0,-9.696516991E-1,-1.364694983E-1
7.630468577E0,9.311050415E0,-9.576807022E-1,-1.268926859E-1
7.632502308E0,9.325415611E0,-9.433154464E-1,-1.149216816E-1
7.634527269E0,9.346963882E0,-9.265560508E-1,-1.125274822E-1
7.636526423E0,9.366117477E0,-9.074024558E-1,-1.268926859E-1
7.638594615E0,9.382876396E0,-8.403648138E-1,-1.316810995E-1
7.640629077E0,9.390059471E0,-7.852981687E-1,-1.340752989E-1
7.642632000E0,9.382876396E0,-7.278373241E-1,-1.340752989E-1
7.644800192E0,9.378087997E0,-6.895300746E-1,-1.388636976E-1
7.646683000E0,9.373299599E0,-6.081272364E-1,-1.532289088E-1
7.648682038E0,9.370905876E0,-5.123591423E-1,-1.651999205E-1
7.650750307E0,9.354146004E0,-4.668693244E-1,-1.628057212E-1
7.652784769E0,9.332598686E0,-3.758896589E-1,-1.292868853E-1
7.654853384E0,9.296685219E0,-2.825157940E-1,-1.101332754E-1
7.656888077E0,9.277531624E0,-2.418143749E-1,-9.337386489E-2
7.658956846E0,9.227252960E0,-1.723825186E-1,-4.309562966E-2
7.660991384E0,9.186552048E0,-9.337386489E-2,1.915361360E-2
7.662990615E0,9.179368973E0,-6.224924326E-2,5.267243832E-2
7.665075730E0,9.155426979E0,7.182605099E-3,1.268926859E-1
7.667037000E0,9.107542992E0,5.746084079E-2,2.011129409E-1
7.669036461E0,9.081207275E0,8.619125932E-2,2.346317619E-1
7.671105307E0,9.035717010E0,1.316810995E-1,2.896983922E-1
7.673139923E0,8.975862503E0,1.723825186E-1,3.519476354E-1
7.675208384E0,8.942343712E0,1.963245422E-1,3.806780577E-1
7.677242769E0,8.870517731E0,2.178723514E-1,4.525041282E-1
7.679311346E0,8.798690796E0,2.394201756E-1,5.027823448E-1
7.681346000E0,8.753201485E0,2.346317619E-1,5.291185975E-1
7.683348346E0,8.681375504E0,2.466027737E-1,5.841852427E-1
7.685351038E0,8.590395927E0,2.705447972E-1,6.536170840E-1
7.687419730E0,8.547300339E0,2.681505978E-1,6.967126727E-1
7.689453577E0,8.485051155E0,2.801215947E-1,7.613561153E-1
7.691521769E0,8.418013573E0,2.681505978E-1,8.379706144E-1
7.693556269E0,8.360552788E0,2.609679997E-1,9.217676520E-1
7.695625192E0,8.334216118E0,2.418143749E-1,9.528923035E-1
7.697659461E0,8.274360657E0,2.011129409E-1,1.024718285E0
7.699728423E0,8.224082947E0,1.675941199E-1,1.108515382E0
7.701763269E0,8.200140953E0,1.388636976E-1,1.146822572E0
7.703787307E0,8.166622162E0,5.506663769E-2,1.228225470E0
7.705818653E0,8.140285492E0,-3.112462163E-2,1.283292055E0
7.707887076E0,8.123526573E0,-7.182604820E-2,1.312022567E0
7.709921730E0,8.113949776E0,-1.436520964E-1,1.352723956E0
7.711990346E0,8.097189903E0,-2.082955539E-1,1.393425345E0
7.714025230E0,8.097189903E0,-2.537853718E-1,1.393425345E0
7.716094769E0,8.109161377E0,-3.303998411E-1,1.379060149E0
7.718129269E0,8.130708694E0,-4.141969085E-1,1.371877551E0
7.720197923E0,8.142680168E0,-4.596867263E-1,1.367089152E0
7.722232307E0,8.173804283E0,-5.267243981E-1,1.345541358E0
7.724301153E0,8.252813339E0,-5.865794420E-1,1.323993564E0
7.726394961E0,8.362946510E0,-6.584054828E-1,1.309628367E0
7.728357153E0,8.410830498E0,-7.015010715E-1,1.302445769E0
7.730356499E0,8.532935143E0,-7.805097699E-1,1.297657371E0
7.732425269E0,8.652645111E0,-8.451532125E-1,1.283292055E0
7.734459846E0,8.722076416E0,-8.667010069E-1,1.285686255E0
7.736528730E0,8.877699852E0,-9.385270476E-1,1.292868972E0
7.738563653E0,9.018958092E0,-1.005564690E0,1.319205165E0
7.740632576E0,9.090784073E0,-1.029506683E0,1.328781962E0
7.742666807E0,9.275136948E0,-1.074996591E0,1.331176162E0
7.744698692E0,9.445125580E0,-1.130063176E0,1.333570361E0
7.746786730E0,9.519346237E0,-1.163581967E0,1.328781962E0
7.748739422E0,9.684545517E0,-1.199495077E0,1.319205165E0
7.750738692E0,9.866505623E0,-1.221042871E0,1.278503656E0
7.752807422E0,9.955090523E0,-1.254561663E0,1.247379065E0
7.754841807E0,1.013226128E1,-1.295263171E0,1.187524080E0
7.756910615E0,1.033576870E1,-1.335964561E0,1.144428372E0
7.758945422E0,1.045547867E1,-1.355118155E0,1.113303781E0
7.761013845E0,1.070447540E1,-1.388636947E0,1.046266198E0
7.763048076E0,1.098220348E1,-1.407790542E0,9.576807022E-1
7.765061807E0,1.112824917E1,-1.417367458E0,9.097966552E-1
7.767062807E0,1.146343803E1,-1.422155857E0,8.259995580E-1
7.769131307E0,1.182496262E1,-1.436521053E0,7.565677166E-1
7.771165461E0,1.200931549E1,-1.446097851E0,7.206547260E-1
7.773234153E0,1.235647488E1,-1.465251446E0,6.512228847E-1
7.775268845E0,1.270602798E1,-1.467645645E0,5.937620401E-1
7.777337307E0,1.303642845E1,-1.448492050E0,5.650315881E-1
7.779371807E0,1.319923401E1,-1.443703651E0,5.506663918E-1
7.781440345E0,1.348893261E1,-1.448492050E0,5.267243981E-1
7.783474576E0,1.374990082E1,-1.450886250E0,5.386953950E-1
7.785489807E0,1.386003399E1,-1.446097851E0,5.530605912E-1
7.787520576E0,1.405396366E1,-1.405396342E0,5.770025849E-1
7.789588999E0,1.415691471E1,-1.367089152E0,6.177040339E-1
7.791623307E0,1.418803883E1,-1.343147159E0,6.584054828E-1
7.793691692E0,1.422155857E1,-1.290474772E0,7.517793179E-1
7.795725422E0,1.415930843E1,-1.225831270E0,8.307880163E-1
7.797793576E0,1.411381912E1,-1.189918280E0,8.858546019E-1
7.799827576E0,1.395819569E1,-1.120486379E0,1.005564690E0
7.801896038E0,1.374990082E1,-1.041477680E0,1.137245774E0
7.803930115E0,1.349611473E1,-1.005564690E0,1.211466074E0
7.805999038E0,1.334767437E1,-9.026140571E-1,1.362300754E0
7.808091076E0,1.305318737E1,-8.044517636E-1,1.534683347E0
7.810053999E0,1.270363426E1,-7.326257229E-1,1.692700624E0
7.812053307E0,1.252646351E1,-6.991068721E-1,1.762132406E0
7.814121615E0,1.216254425E1,-6.392518282E-1,1.905784607E0
7.816155461E0,1.180580902E1,-6.177040339E-1,2.037465572E0
7.818223499E0,1.162863731E1,-6.177040339E-1,2.094926596E0
7.820257768E0,1.128387260E1,-6.344634295E-1,2.159569979E0
7.822326191E0,1.092474270E1,-6.536170840E-1,2.226607561E0
7.824360461E0,1.076193619E1,-6.584054828E-1,2.248155355E0
7.826376653E0,1.045308495E1,-6.392518282E-1,2.245761156E0
7.828461576E0,1.022324085E1,-6.344634295E-1,2.231395960E0
7.830423153E0,1.012029076E1,-6.200982332E-1,2.212242365E0
7.832422614E0,9.995792389E0,-6.129156351E-1,2.126051188E0
7.834490999E0,9.943120003E0,-5.961562395E-1,1.996764183E0
7.836525114E0,9.926360130E0,-6.057330370E-1,1.910573006E0
7.838593422E0,9.938331604E0,-6.153098345E-1,1.690306425E0
7.840627961E0,1.001494598E1,-6.703764796E-1,1.441309452E0
7.842696614E0,1.006761837E1,-6.943184733E-1,1.312022567E0
7.844730884E0,1.023521233E1,-7.326257229E-1,1.046266198E0
7.846799768E0,1.044350815E1,-8.044517636E-1,7.876923680E-1
7.848837384E0,1.070926380E1,-8.547300100E-1,6.679822803E-1
7.850905653E0,1.086488724E1,-9.504981041E-1,4.189853072E-1
7.852940307E0,1.118570995E1,-1.063025594E0,1.819593310E-1
7.855008768E0,1.154484081E1,-1.144428372E0,-5.985504389E-2
7.857042653E0,1.174116516E1,-1.192312479E0,-1.771709323E-1
7.859110614E0,1.215536213E1,-1.256955862E0,-4.141969085E-1
7.861144807E0,1.258152962E1,-1.340752959E0,-6.488286853E-1
7.863213460E0,1.279461384E1,-1.388636947E0,-7.661445141E-1
7.865247576E0,1.318726254E1,-1.443703651E0,-1.046266198E0
7.867264268E0,1.359667110E1,-1.493981838E0,-1.319205165E0
7.869263768E0,1.380496693E1,-1.539471745E0,-1.470039845E0
7.871332345E0,1.421198082E1,-1.604115129E0,-1.786074519E0
7.873367114E0,1.463814926E1,-1.632845521E0,-2.104503393E0
7.875434730E0,1.483686829E1,-1.644816518E0,-2.257732153E0
7.877468922E0,1.521515179E1,-1.714248419E0,-2.578555346E0
7.879493422E0,1.555512810E1,-1.723825216E0,-2.889801502E0
7.881493076E0,1.570835781E1,-1.731007814E0,-3.047818661E0
7.883561807E0,1.597411346E1,-1.733402014E0,-3.335123062E0
7.885596345E0,1.620156288E1,-1.721431017E0,-3.615244627E0
7.887665191E0,1.636915779E1,-1.709460020E0,-3.754108191E0
7.889834268E0,1.641225243E1,-1.671152830E0,-4.017470360E0
7.891751653E0,1.643858910E1,-1.601720929E0,-4.273650169E0
7.893751345E0,1.639549255E1,-1.570596337E0,-4.501099110E0
7.895819845E0,1.634042740E1,-1.498770237E0,-4.594472885E0
7.897853576E0,1.622550583E1,-1.429338455E0,-4.771644115E0
7.899922306E0,1.603396797E1,-1.355118155E0,-4.955997467E0
7.901955345E0,1.590707588E1,-1.302445769E0,-5.035006046E0
7.904023537E0,1.558625317E1,-1.161187768E0,-5.176264286E0
7.906058576E0,1.519599819E1,-1.027112484E0,-5.322310448E0
7.908075268E0,1.499009705E1,-9.552865028E-1,-5.386953831E0
7.910161345E0,1.456871700E1,-7.709329724E-1,-5.494692802E0
7.912122960E0,1.408508873E1,-5.889736414E-1,-5.592854977E0
7.914122730E0,1.382890892E1,-4.884171486E-1,-5.638344765E0
7.916190999E0,1.331655025E1,-2.920926213E-1,-5.741295815E0
7.918225537E0,1.286404610E1,-8.858546615E-2,-5.834669590E0
7.920294114E0,1.262941360E1,7.182605099E-3,-5.870582581E0
7.922328345E0,1.221521664E1,1.843535304E-1,-5.937620163E0
7.924396999E0,1.179383755E1,3.663128614E-1,-5.954379559E0
7.926431499E0,1.157596493E1,4.477157295E-1,-5.963956356E0
7.928445883E0,1.115219116E1,6.057330370E-1,-5.930437565E0
7.930446806E0,1.075475407E1,7.302315235E-1,-5.882553577E0
7.932515499E0,1.057040024E1,7.685387731E-1,-5.837063789E0
7.934549729E0,1.016817474E1,8.547300100E-1,-5.717353821E0
7.936618499E0,9.809044838E0,9.169792533E-1,-5.556941986E0
7.938652537E0,9.454702377E0,9.217676520E-1,-5.372588634E0
7.940721229E0,9.272743225E0,9.289502501E-1,-5.267243862E0
7.942755960E0,8.918401718E0,9.097966552E-1,-5.046977043E0
7.944824422E0,8.561665535E0,8.595184088E-1,-4.824316502E0
7.946858422E0,8.389283180E0,8.307880163E-1,-4.730942726E0
7.948876537E0,8.051700592E0,7.302315235E-1,-4.532223701E0
7.950907306E0,7.704541206E0,6.248866320E-1,-4.338293552E0
7.952975999E0,7.544129372E0,5.506663918E-1,-4.249708176E0
7.955010306E0,7.232883453E0,3.830722570E-1,-4.082113743E0
7.957078922E0,6.919242859E0,2.202665508E-1,-3.900154591E0
7.959113268E0,6.773196697E0,1.412578970E-1,-3.809175014E0
7.961181806E0,6.531382084E0,-3.830722719E-2,-3.629609823E0
7.963216114E0,6.303933144E0,-2.298433632E-1,-3.438073635E0
7.965285191E0,6.212953568E0,-3.280056417E-1,-3.337517262E0
7.967319575E0,6.042964935E0,-5.243301988E-1,-3.122039080E0
7.969387999E0,5.916072369E0,-7.086837292E-1,-2.906560898E0
7.971479191E0,5.846640587E0,-8.930372596E-1,-2.676717520E0
7.973440114E0,5.832275391E0,-9.888052940E-1,-2.554613113E0
7.975439768E0,5.781997204E0,-1.173158884E0,-2.319981337E0
7.977508652E0,5.789179802E0,-1.355118155E0,-2.106897593E0
7.979543268E0,5.803544998E0,-1.424550056E0,-1.991975784E0
7.981612229E0,5.820304394E0,-1.596932530E0,-1.774103403E0
7.983647037E0,5.916072369E0,-1.742978811E0,-1.561019540E0
7.985716114E0,5.971138954E0,-1.817199111E0,-1.455674648E0
7.987750383E0,6.081272125E0,-1.960851192E0,-1.278503656E0
7.989765652E0,6.229712963E0,-2.099714994E0,-1.122880578E0
7.991849729E0,6.303933144E0,-2.161964178E0,-1.039083481E0
7.993811422E0,6.459556103E0,-2.262520552E0,-9.097966552E-1
7.995810037E0,6.615179062E0,-2.346317768E0,-7.685387731E-1
7.997878575E0,6.694188118E0,-2.387019157E0,-7.086837292E-1
7.999912921E0,6.876147270E0,-2.456450939E0,-6.057330370E-1
8.001981345E0,7.055712223E0,-2.482787132E0,-5.171475410E-1
8.004016075E0,7.144298077E0,-2.487575531E0,-4.692635238E-1
8.006084998E0,7.338228226E0,-2.480392933E0,-3.998316824E-1
8.008119652E0,7.517793179E0,-2.477998734E0,-3.615244627E-1
8.010188575E0,7.704541206E0,-2.454056740E0,-3.495534360E-1
8.012225575E0,7.805097580E0,-2.363077164E0,-3.375824392E-1
8.014294268E0,7.984662533E0,-2.233790159E0,-3.447650373E-1
8.016328537E0,8.173804283E0,-2.092532396E0,-3.806780577E-1
8.018396614E0,8.264783859E0,-2.006340981E0,-4.141969085E-1
8.020431191E0,8.418013573E0,-1.802833915E0,-5.147533417E-1
8.022499729E0,8.592789650E0,-1.575384736E0,-6.488286853E-1
8.024534614E0,8.686163902E0,-1.453280449E0,-7.158663273E-1
8.026603460E0,8.827422142E0,-1.204283476E0,-8.643068075E-1
8.028638152E0,8.956708908E0,-9.528923035E-1,-1.022324085E0
8.030660921E0,9.014169693E0,-8.236053586E-1,-1.094150186E0
8.032691921E0,9.138668060E0,-5.674257874E-1,-1.249773264E0
8.034760768E0,9.299078941E0,-2.968810201E-1,-1.398213744E0
8.036795614E0,9.378087997E0,-1.628057212E-1,-1.467645645E0
8.038864152E0,9.548076630E0,1.125274822E-1,-1.623268723E0
8.040899037E0,9.708487511E0,3.758896589E-1,-1.757344007E0
8.042968191E0,9.888052940E0,5.099649429E-1,-1.912967205E0
8.045003075E0,9.986215591E0,7.709329724E-1,-1.980004787E0
8.047071844E0,1.019451046E1,1.022324085E0,-2.118868589E0
8.049106383E0,1.040759468E1,1.271321058E0,-2.272097349E0
8.051175037E0,1.051054573E1,1.400607944E0,-2.348711967E0
8.053266114E0,1.073081207E1,1.635239720E0,-2.506729126E0
8.055228383E0,1.095586681E1,1.857900500E0,-2.657563925E0
8.057228229E0,1.106839466E1,1.970427990E0,-2.743755102E0
8.059297652E0,1.125035381E1,2.188300371E0,-2.925714493E0
8.061332152E0,1.142991924E1,2.394201756E0,-3.105279684E0
8.063401037E0,1.151850414E1,2.504334927E0,-3.186682463E0
8.065435498E0,1.168370438E1,2.705447912E0,-3.351882458E0
8.067504306E0,1.182256794E1,2.904166698E0,-3.521870613E0
8.069539075E0,1.187284660E1,2.971204281E0,-3.603273630E0
8.071555421E0,1.195185471E1,3.129221678E0,-3.744531393E0
8.073639690E0,1.198537350E1,3.275267839E0,-3.873818398E0
8.075601614E0,1.198297977E1,3.344699860E0,-3.933673382E0
8.077600921E0,1.196861458E1,3.452438831E0,-4.046200752E0
8.079669460E0,1.190875912E1,3.541024208E0,-4.144362926E0
8.081704460E0,1.186326981E1,3.576937437E0,-4.192247391E0
8.083773190E0,1.170764637E1,3.598485231E0,-4.252102375E0
8.085808190E0,1.153047562E1,3.584120035E0,-4.264073372E0
8.087876383E0,1.130781460E1,3.557783842E0,-4.254496574E0
8.089910575E0,1.118331623E1,3.478775024E0,-4.230554581E0
8.091924075E0,1.090558910E1,3.342305660E0,-4.161122322E0
8.093924767E0,1.063983250E1,3.256114244E0,-4.070142746E0
8.095993229E0,1.049857426E1,3.055001259E0,-4.005499363E0
8.098027306E0,1.022084713E1,2.822763920E0,-3.849876404E0
8.100095383E0,9.959878922E0,2.559401512E0,-3.653551817E0
8.102129267E0,9.835380554E0,2.420537949E0,-3.557783842E0
8.104197536E0,9.605537415E0,2.130839586E0,-3.344699860E0
8.106231536E0,9.375694275E0,1.814804912E0,-3.117250681E0
8.108299806E0,9.272743225E0,1.651999116E0,-2.985569477E0
8.110334190E0,9.076418877E0,1.304839969E0,-2.705447912E0
8.112349652E0,8.892065048E0,9.457096457E-1,-2.422932148E0
8.114379998E0,8.813055992E0,7.805097699E-1,-2.284068346E0
8.116448075E0,8.659827232E0,4.453215301E-1,-1.968033791E0
8.118482113E0,8.458714485E0,1.316810995E-1,-1.661576033E0
8.120550613E0,8.379706383E0,-2.633621916E-2,-1.503558636E0
8.122584844E0,8.257601738E0,-4.022258818E-1,-1.182735682E0
8.124609767E0,8.104372978E0,-7.565677166E-1,-8.667010069E-1
8.126609229E0,8.034940720E0,-9.193734527E-1,-7.158663273E-1
8.128677575E0,7.860164165E0,-1.237802267E0,-4.261679053E-1
8.130711459E0,7.682993412E0,-1.544260144E0,-1.388636976E-1
8.132779613E0,7.532158375E0,-1.833958507E0,1.197100878E-1
8.134948383E0,7.460332394E0,-1.956062794E0,2.346317619E-1
8.136865767E0,7.304709435E0,-2.209848166E0,4.836287498E-1
8.138865152E0,7.158663273E0,-2.468421936E0,7.158663273E-1
8.140933613E0,7.082048416E0,-2.592920542E0,8.212111592E-1
8.142968190E0,6.926425457E0,-2.810792685E0,1.003170490E0
8.145036613E0,6.792350292E0,-3.011905670E0,1.168370485E0
8.147071421E0,6.732495308E0,-3.114856482E0,1.244984865E0
8.149140075E0,6.615179062E0,-3.301604033E0,1.362300754E0
8.151174767E0,6.562506676E0,-3.497928619E0,1.467645645E0
8.153190536E0,6.533776283E0,-3.581725836E0,1.513135433E0
8.155274998E0,6.493074894E0,-3.725377798E0,1.606509328E0
8.157236767E0,6.469132900E0,-3.890577793E0,1.678335428E0
8.159236113E0,6.445190907E0,-3.971980572E0,1.709460020E0
8.161304959E0,6.440402508E0,-4.086902142E0,1.762132406E0
8.163339575E0,6.493074894E0,-4.192247391E0,1.778891921E0
8.165408190E0,6.517016888E0,-4.235342979E0,1.778891921E0
8.167442921E0,6.555324078E0,-4.297592163E0,1.783680320E0
8.169511959E0,6.607996464E0,-4.359841347E0,1.752555609E0
8.171546382E0,6.651092529E0,-4.376600742E0,1.726219416E0
8.173615190E0,6.785167694E0,-4.395754337E0,1.666364431E0
8.175652690E0,6.907271862E0,-4.393360138E0,1.601720929E0
8.177721421E0,7.077260017E0,-4.371812344E0,1.517923832E0
8.179755536E0,7.163451672E0,-4.343081951E0,1.484405041E0
8.181823959E0,7.345410824E0,-4.297592163E0,1.405396342E0
8.183857767E0,7.532158375E0,-4.209006786E0,1.333570361E0
8.185926536E0,7.632715225E0,-4.151545525E0,1.290474772E0
8.187961190E0,7.857769966E0,-4.029441357E0,1.173158884E0
8.190030075E0,8.080430984E0,-3.902548790E0,1.048660398E0
8.192064459E0,8.166622162E0,-3.818751812E0,9.935936928E-1
8.194087305E0,8.365341187E0,-3.660734415E0,8.762778044E-1
8.196118075E0,8.540117264E0,-3.502717018E0,7.445967197E-1
8.198186382E0,8.628703117E0,-3.409343243E0,6.751648784E-1
8.200221190E0,8.774748802E0,-3.227383852E0,5.434837937E-1
8.202289844E0,8.927978516E0,-2.992752075E0,4.022258818E-1
8.204324498E0,9.059659004E0,-2.885013103E0,3.256114423E-1
8.206393267E0,9.129091263E0,-2.659958124E0,1.747767180E-1
8.208427805E0,9.236829758E0,-2.420537949E0,4.788403213E-2
8.210496536E0,9.342175484E0,-2.188300371E0,-8.858546615E-2
8.212531036E0,9.387664795E0,-2.066195965E0,-1.556231081E-1
8.214599651E0,9.483432770E0,-1.819593310E0,-2.849099934E-1
8.216691805E0,9.564835548E0,-1.577778935E0,-3.902548850E-1
8.218653959E0,9.610325813E0,-1.460463047E0,-4.429273009E-1
8.220653536E0,9.665391922E0,-1.218648672E0,-5.506663918E-1
8.222722228E0,9.718064308E0,-1.000776291E0,-6.153098345E-1
8.224756959E0,9.737217903E0,-8.906430602E-1,-6.536170840E-1
8.226825228E0,9.763554573E0,-6.823474765E-1,-7.206547260E-1
8.228859998E0,9.785101891E0,-4.668693244E-1,-7.733271718E-1
8.230928228E0,9.789890289E0,-3.495534360E-1,-7.948749661E-1
8.232962574E0,9.794678688E0,-1.388636976E-1,-8.547300100E-1
8.234984382E0,9.785101891E0,5.267243832E-2,-8.930372596E-1
8.237069190E0,9.768342972E0,1.460463107E-1,-9.074024558E-1
8.239030998E0,9.742006302E0,3.303998411E-1,-9.265560508E-1
8.241030151E0,9.670180321E0,5.099649429E-1,-9.337386489E-1
8.243098997E0,9.631873131E0,5.841852427E-1,-9.241618514E-1
8.245133036E0,9.545681953E0,7.374141216E-1,-9.121908545E-1
8.247201805E0,9.481039047E0,8.954314590E-1,-9.169792533E-1
8.249235921E0,9.452308655E0,9.744400978E-1,-9.313444495E-1
8.251304497E0,9.452308655E0,1.118092179E0,-9.409212470E-1
8.253338421E0,9.428366661E0,1.242590666E0,-9.624691010E-1
8.255359421E0,9.421183586E0,1.345541358E0,-9.576807022E-1
8.257360344E0,9.397241592E0,1.403002143E0,-9.648633003E-1
8.259427844E0,9.311050415E0,1.501164436E0,-9.600749016E-1
8.261461767E0,9.215282440E0,1.594538331E0,-9.385270476E-1
8.263529844E0,9.176975250E0,1.640028119E0,-9.385270476E-1
8.265563805E0,9.105149269E0,1.692700624E0,-9.169792533E-1
8.267631959E0,9.062053680E0,1.731007814E0,-8.834604025E-1
8.269666228E0,9.059659004E0,1.731007814E0,-8.690952063E-1
8.271734151E0,9.076418877E0,1.719036818E0,-8.403648138E-1
8.273768690E0,9.093177795E0,1.673547029E0,-7.900865674E-1
8.275791844E0,9.095572472E0,1.644816518E0,-7.661445141E-1
8.277822536E0,9.117119789E0,1.584961534E0,-6.871358752E-1
8.279891036E0,9.133879662E0,1.510741234E0,-5.985504389E-1
8.281925190E0,9.141061783E0,1.470039845E0,-5.482721925E-1
8.283993459E0,9.167398453E0,1.371877551E0,-4.405331016E-1
8.286027651E0,9.181763649E0,1.237802267E0,-3.327940404E-1
8.288095728E0,9.212887764E0,1.113303781E0,-2.130839527E-1
8.290129843E0,9.224859238E0,1.051054597E0,-1.556231081E-1
8.292198151E0,9.241618156E0,9.457096457E-1,-3.830722719E-2
8.294232613E0,9.267954826E0,8.188169599E-1,7.182604820E-2
8.296235343E0,9.272743225E0,7.541735172E-1,1.316810995E-1
8.298326997E0,9.270348549E0,6.177040339E-1,2.418143749E-1
8.300280036E0,9.272743225E0,5.003881454E-1,3.256114423E-1
8.302279690E0,9.282320023E0,4.453215301E-1,3.663128614E-1
8.304349151E0,9.265560150E0,3.208230138E-1,4.525041282E-1
8.306384343E0,9.267954826E0,2.059013397E-1,5.339069963E-1
8.308453651E0,9.265560150E0,1.532289088E-1,5.650315881E-1
8.310489113E0,9.244012833E0,2.154781483E-2,6.033388376E-1
8.312557882E0,9.224859238E0,-9.097966552E-2,6.416460276E-1
8.314593266E0,9.198522568E0,-1.484405100E-1,6.607996821E-1
8.316620305E0,9.153033257E0,-2.442085743E-1,7.038952708E-1
8.318707613E0,9.100360870E0,-3.184288144E-1,7.374141216E-1
8.320670228E0,9.088389397E0,-3.663128614E-1,7.565677166E-1
8.322670074E0,9.052476883E0,-4.692635238E-1,8.068459630E-1
8.324739382E0,9.016563416E0,-5.506663918E-1,8.595184088E-1
8.326773574E0,8.980650902E0,-5.841852427E-1,8.930372596E-1
8.328842074E0,8.961497307E0,-6.584054828E-1,9.504981041E-1
8.330876766E0,8.959102631E0,-7.422025204E-1,1.017535686E0
8.332945343E0,8.968679428E0,-7.852981687E-1,1.084573388E0
8.334979689E0,8.971074104E0,-8.595184088E-1,1.108515382E0
8.337047882E0,8.951920509E0,-9.169792533E-1,1.144428372E0
8.339085997E0,8.937555313E0,-9.504981041E-1,1.206677675E0
8.341154497E0,8.930372238E0,-9.792284966E-1,1.235408068E0
8.343188574E0,8.911218643E0,-1.012747288E0,1.276109457E0
8.345257305E0,8.882488251E0,-1.077390790E0,1.307234168E0
8.347291574E0,8.865729332E0,-1.106121182E0,1.328781962E0
8.349360151E0,8.815450668E0,-1.165976286E0,1.374271750E0
8.351394805E0,8.779537201E0,-1.230619669E0,1.395819545E0
8.353463728E0,8.777143478E0,-1.249773264E0,1.407790542E0
8.355498189E0,8.743624687E0,-1.314416766E0,1.431732655E0
8.357522920E0,8.722076416E0,-1.367089152E0,1.438915253E0
8.359553536E0,8.719682693E0,-1.398213744E0,1.446097851E0
8.361622343E0,8.698134422E0,-1.472434044E0,1.477222443E0
8.363657382E0,8.707711220E0,-1.529894829E0,1.510741234E0
8.365726497E0,8.719682693E0,-1.616086125E0,1.517923832E0
8.367761189E0,8.722076416E0,-1.654393315E0,1.525106430E0
8.369785382E0,8.738836288E0,-1.719036818E0,1.544260144E0
8.371784959E0,8.801085472E0,-1.754949808E0,1.561019540E0
8.373853689E0,8.836998940E0,-1.833958507E0,1.561019540E0
8.375887497E0,8.906430244E0,-1.912967205E0,1.565807939E0
8.377890420E0,9.011775017E0,-1.991975784E0,1.577778935E0
8.380059959E0,9.076418877E0,-2.030282974E0,1.580173135E0
8.381942612E0,9.181763649E0,-2.092532396E0,1.558625340E0
8.383942151E0,9.313444138E0,-2.169146776E0,1.561019540E0
8.386011920E0,9.380482674E0,-2.202665567E0,1.556231141E0
8.388045920E0,9.509769440E0,-2.245761156E0,1.541865945E0
8.390114766E0,9.643844604E0,-2.267308950E0,1.532289028E0
8.392149228E0,9.710882187E0,-2.284068346E0,1.520318031E0
8.394217343E0,9.868899345E0,-2.300827742E0,1.491587639E0
8.396251843E0,1.000297451E1,-2.308010340E0,1.465251446E0
8.398282882E0,1.008677197E1,-2.312798738E0,1.443703651E0
8.400367805E0,1.026394272E1,-2.303221941E0,1.391031146E0
8.402328689E0,1.041477776E1,-2.269703150E0,1.345541358E0
8.404328035E0,1.048899746E1,-2.248155355E0,1.316810966E0
8.406396189E0,1.066137981E1,-2.202665567E0,1.254561663E0
8.408430228E0,1.081221485E1,-2.145204782E0,1.199495077E0
8.410498458E0,1.088404083E1,-2.102109194E0,1.173158884E0
8.412532651E0,1.101572227E1,-2.027888775E0,1.118092179E0
8.414600920E0,1.115937424E1,-1.927332401E0,1.053448796E0
8.416635305E0,1.122641182E1,-1.865083098E0,1.027112484E0
8.418664343E0,1.133175659E1,-1.740584612E0,9.864110947E-1
8.420665305E0,1.142991924E1,-1.604115129E0,9.385270476E-1
8.422733997E0,1.152329254E1,-1.534683347E0,8.930372596E-1
8.424767766E0,1.157596493E1,-1.393425345E0,8.834604025E-1
8.426836189E0,1.166215611E1,-1.247379065E0,8.786720037E-1
8.428870804E0,1.173398209E1,-1.089361787E0,8.571242094E-1
8.430939074E0,1.176750088E1,-1.017535686E0,8.499416113E-1
8.432973228E0,1.184172153E1,-8.523358107E-1,8.331822157E-1
8.435041228E0,1.190157700E1,-7.038952708E-1,8.140285611E-1
8.437075151E0,1.193748951E1,-6.344634295E-1,7.852981687E-1
8.439091381E0,1.200452709E1,-4.620809257E-1,7.326257229E-1
8.441122304E0,1.209790134E1,-3.160346150E-1,6.560112834E-1
8.443190612E0,1.214578533E1,-2.274491638E-1,6.200982332E-1
8.445225035E0,1.224155331E1,-5.267243832E-2,5.219359994E-1
8.447293535E0,1.235647488E1,1.029506698E-1,4.118026793E-1
8.449327843E0,1.240675354E1,1.867477298E-1,3.615244627E-1
8.451396804E0,1.251688671E1,3.543418646E-1,2.370259613E-1
8.453431689E0,1.261026001E1,5.003881454E-1,1.364694983E-1
8.455500304E0,1.271560478E1,5.865794420E-1,3.112462163E-2
8.457534612E0,1.275630665E1,7.445967197E-1,-2.154781483E-2
8.459603343E0,1.285207462E1,8.690952063E-1,-1.077390760E-1
8.461706497E0,1.293826580E1,1.015141487E0,-1.915361285E-1
8.463668035E0,1.296220779E1,1.089361787E0,-2.346317619E-1
8.465667150E0,1.301966858E1,1.199495077E0,-3.280056417E-1
8.467735112E0,1.305558205E1,1.266532660E0,-4.165911078E-1
8.469769612E0,1.306276417E1,1.280897856E0,-4.644751251E-1
8.471837650E0,1.306994724E1,1.292868972E0,-5.793967843E-1
8.473871766E0,1.307712936E1,1.302445769E0,-7.230489254E-1
8.475939766E0,1.308431244E1,1.278503656E0,-7.996633649E-1
8.477974150E0,1.306276417E1,1.189918280E0,-9.840168953E-1
8.479990420E0,1.307473564E1,1.067813993E0,-1.211466074E0
8.482075420E0,1.307234097E1,9.768342972E-1,-1.352723956E0
8.484037189E0,1.308910084E1,7.661445141E-1,-1.630451322E0
8.486036227E0,1.314177322E1,5.003881454E-1,-1.896207690E0
8.488104304E0,1.317768574E1,3.519476354E-1,-2.035071373E0
8.490138343E0,1.323035812E1,5.985504389E-2,-2.363077164E0
8.492206881E0,1.329021358E1,-2.705447972E-1,-2.724601507E0
8.494240997E0,1.333330917E1,-4.453215301E-1,-2.901772499E0
8.496308843E0,1.344104862E1,-8.212111592E-1,-3.277662039E0
8.498343112E0,1.357272911E1,-1.228225470E0,-3.634398222E0
8.500411304E0,1.369483376E1,-1.642422318E0,-3.981557369E0
8.502447958E0,1.374990082E1,-1.855506301E0,-4.156333923E0
8.504515458E0,1.382651520E1,-2.298433542E0,-4.479551315E0
8.506548420E0,1.385524559E1,-2.743755102E0,-4.795586109E0
8.508616843E0,1.386242771E1,-2.949656487E0,-4.948814869E0
8.510650727E0,1.379060173E1,-3.347094059E0,-5.264849663E0
8.512718804E0,1.362779617E1,-3.732560396E0,-5.561730385E0
8.514752996E0,1.354399872E1,-3.919308186E0,-5.691017628E0
8.516820881E0,1.334049225E1,-4.252102375E0,-5.932831764E0
8.518854996E0,1.316332054E1,-4.611232281E0,-6.124367714E0
8.520871881E0,1.308910084E1,-4.800374508E0,-6.212953568E0
8.522903266E0,1.296939087E1,-5.159504890E0,-6.387730122E0
8.524972150E0,1.281376743E1,-5.482721806E0,-6.531382084E0
8.527005996E0,1.273954678E1,-5.638344765E0,-6.605602264E0
8.529007919E0,1.263659668E1,-5.901707172E0,-6.739677906E0
8.531007112E0,1.255040550E1,-6.136339188E0,-6.856993675E0
8.533075419E0,1.252167511E1,-6.227318764E0,-6.904877663E0
8.535109919E0,1.244506073E1,-6.378153324E0,-6.976703644E0
8.537178150E0,1.237323475E1,-6.459556103E0,-7.012616634E0
8.539212535E0,1.226549530E1,-6.442796707E0,-7.017405033E0
8.541225266E0,1.220085144E1,-6.342240334E0,-7.005434036E0
8.543351266E0,1.204283428E1,-6.138733387E0,-6.938396454E0
8.545269073E0,1.186326981E1,-5.990292549E0,-6.830657482E0
8.547267958E0,1.176271248E1,-5.655104637E0,-6.756437302E0
8.549336266E0,1.149695683E1,-5.269638062E0,-6.538564682E0
8.551370073E0,1.118092155E1,-4.841075897E0,-6.239289761E0
8.553438266E0,1.099178028E1,-4.604049683E0,-6.071695328E0
8.555472035E0,1.060631371E1,-4.120420933E0,-5.729324818E0
8.557540342E0,1.014423275E1,-3.586514235E0,-5.370194435E0
8.559574689E0,9.895236015E0,-3.330334663E0,-5.176264286E0
8.561593150E0,9.392453194E0,-2.796427488E0,-4.797980309E0
8.563714189E0,8.908824921E0,-2.269703150E0,-4.417302132E0
8.565667573E0,8.671798706E0,-1.996764183E0,-4.228160381E0
8.567667189E0,8.173804283E0,-1.458068848E0,-3.847482204E0
8.569735496E0,7.721300602E0,-9.576807022E-1,-3.466804028E0
8.571769112E0,7.524975777E0,-7.278373241E-1,-3.277662039E0
8.573837919E0,7.161057472E0,-2.418143749E-1,-2.913743496E0
8.575872419E0,6.856993675E0,1.819593310E-1,-2.564189911E0
8.577940881E0,6.684611320E0,3.854664862E-1,-2.384624958E0
8.579975227E0,6.409277916E0,7.805097699E-1,-2.027888775E0
8.581990227E0,6.224924564E0,1.161187768E0,-1.699883223E0
8.583992689E0,6.157886982E0,1.323993564E0,-1.534683347E0
8.585992150E0,6.040570736E0,1.632845521E0,-1.209071875E0
8.587991535E0,5.990292549E0,1.908178806E0,-8.667010069E-1
8.590060073E0,6.002263546E0,2.035071373E0,-7.038952708E-1
8.592094842E0,6.066906929E0,2.252943754E0,-3.782838583E-1
8.594163227E0,6.186617374E0,2.454056740E0,-6.943184882E-2
8.596197112E0,6.279991150E0,2.535459518E0,6.464344263E-2
8.598265958E0,6.495469093E0,2.693476915E0,3.375824392E-1
8.600300035E0,6.730101109E0,2.827552319E0,5.602431893E-1
8.602316150E0,6.952761650E0,2.947262287E0,7.469909191E-1
8.604348188E0,7.082048416E0,3.002328873E0,8.331822157E-1
8.606348188E0,7.366958618E0,3.064578056E0,9.672574997E-1
8.608346996E0,7.639897823E0,3.076549292E0,1.036689281E0
8.610414958E0,7.781155586E0,3.117250681E0,1.108515382E0
8.612448458E0,8.070854187E0,3.114856482E0,1.132457376E0
8.614472611E0,8.374917984E0,3.069366693E0,1.086967587E0
8.616472035E0,8.525752068E0,3.035847664E0,1.041477680E0
8.618540573E0,8.829815865E0,2.906560898E0,8.954314590E-1
8.620575111E0,9.114726067E0,2.736572504E0,6.895300746E-1
8.622588804E0,9.263166428E0,2.619256735E0,5.650315881E-1
8.624781342E0,9.516951561E0,2.365471363E0,2.849099934E-1
8.626593958E0,9.751583099E0,2.035071373E0,-5.746084079E-2
8.628593342E0,9.876082420E0,1.857900500E0,-2.466027737E-1
8.630661573E0,1.011071396E1,1.503558636E0,-6.560112834E-1
8.632695958E0,1.034534550E1,1.110909581E0,-1.084573388E0
8.634764342E0,1.046984386E1,9.026140571E-1,-1.295263171E0
8.636798150E0,1.070687008E1,4.740519226E-1,-1.728613615E0
8.638866919E0,1.092474270E1,7.182604820E-2,-2.114080191E0
8.640901188E0,1.104445267E1,-1.292868853E-1,-2.286462545E0
8.642917534E0,1.124077702E1,-5.650315881E-1,-2.592920542E0
8.645036727E0,1.142991924E1,-9.864110947E-1,-2.863465309E0
8.646989342E0,1.149935055E1,-1.187524080E0,-2.983175278E0
8.648989227E0,1.161187840E1,-1.616086125E0,-3.172317266E0
8.651057804E0,1.170525169E1,-2.003946781E0,-3.320757866E0
8.653092034E0,1.173637676E1,-2.195482969E0,-3.390189648E0
8.655160611E0,1.175553036E1,-2.583343744E0,-3.469198227E0
8.657195073E0,1.177468395E1,-2.980781078E0,-3.495534420E0
8.659263727E0,1.176989555E1,-3.157952070E0,-3.485957623E0
8.661298342E0,1.173637676E1,-3.495534420E0,-3.421314240E0
8.663311842E0,1.169567490E1,-3.813963413E0,-3.342305660E0
8.665315188E0,1.165497398E1,-3.955221176E0,-3.292027235E0
8.667315727E0,1.154723454E1,-4.247313976E0,-3.177105665E0
8.669315304E0,1.142991924E1,-4.508281708E0,-3.045424461E0
8.671384342E0,1.137964058E1,-4.620809078E0,-2.978386879E0
8.673418880E0,1.126711273E1,-4.817133904E0,-2.837129116E0
8.675487534E0,1.113543224E1,-4.972756863E0,-2.698265314E0
8.677522073E0,1.099896240E1,-5.032611847E0,-2.545036316E0
8.679591380E0,1.092713642E1,-5.128379822E0,-2.468421936E0
8.681626265E0,1.077390766E1,-5.183446884E0,-2.300827742E0
8.683645304E0,1.061110210E1,-5.200206280E0,-2.138022184E0
8.685678303E0,1.052730465E1,-5.193023682E0,-2.051830769E0
8.687678996E0,1.035971069E1,-5.145139217E0,-1.874659896E0
8.689678957E0,1.012986755E1,-5.058948040E0,-1.702277422E0
8.691747265E0,1.000058079E1,-4.996698856E0,-1.601720929E0
8.693782034E0,9.734824181E0,-4.819528103E0,-1.400607944E0
8.695850803E0,9.461885452E0,-4.601655483E0,-1.240196466E0
8.697885342E0,9.330204010E0,-4.479551315E0,-1.156399369E0
8.699954188E0,9.064447403E0,-4.216189384E0,-1.003170490E0
8.701988919E0,8.820239067E0,-3.912125587E0,-8.667010069E-1
8.704001919E0,8.714894295E0,-3.758896589E0,-8.068459630E-1
8.706128919E0,8.480262756E0,-3.445256233E0,-6.751648784E-1
8.708046726E0,8.252813339E0,-3.105279684E0,-5.578489900E-1
8.710046073E0,8.149862289E0,-2.928108692E0,-5.171475410E-1
8.712114226E0,7.946355343E0,-2.576161146E0,-4.405331016E-1
8.714148419E0,7.742848396E0,-2.229001760E0,-3.615244627E-1
8.716216803E0,7.639897823E0,-2.066195965E0,-3.351882398E-1
8.718250803E0,7.445967197E0,-1.707065821E0,-2.896983922E-1
8.720318688E0,7.283161640E0,-1.362300754E0,-2.466027737E-1
8.722352457E0,7.199364662E0,-1.185129881E0,-2.298433632E-1
8.724367496E0,7.065289021E0,-8.307880163E-1,-2.059013397E-1
8.726487034E0,6.938396454E0,-4.979939461E-1,-1.747767180E-1
8.728439611E0,6.878541470E0,-3.303998411E-1,-1.651999205E-1
8.730439265E0,6.782773495E0,7.182605099E-3,-1.388636976E-1
8.732508034E0,6.691793919E0,3.399766386E-1,-1.316810995E-1
8.734542611E0,6.610390663E0,4.932055473E-1,-1.460463107E-1
8.736611111E0,6.572083473E0,8.140285611E-1,-1.604115069E-1
8.738645726E0,6.497863293E0,1.108515382E0,-1.771709323E-1
8.740714688E0,6.452373505E0,1.388636947E0,-1.795651317E-1
8.742748919E0,6.433219910E0,1.520318031E0,-1.915361285E-1
8.744762573E0,6.421248913E0,1.766920805E0,-1.963245422E-1
8.746763842E0,6.421248913E0,1.999158382E0,-2.130839527E-1
8.748763572E0,6.430825710E0,2.116474390E0,-2.250549644E-1
8.750763303E0,6.414066315E0,2.319981337E0,-2.561795712E-1
8.752831842E0,6.409277916E0,2.516305923E0,-2.968810201E-1
8.754866303E0,6.414066315E0,2.612074137E0,-3.232172430E-1
8.756934765E0,6.428431511E0,2.762908697E0,-3.854664862E-1
8.758969149E0,6.476315498E0,2.899378300E0,-4.716577232E-1
8.761037226E0,6.502651691E0,2.961627483E0,-5.147533417E-1
8.763071380E0,6.557718277E0,3.064578056E0,-5.937620401E-1
8.765088688E0,6.636727333E0,3.126827478E0,-6.751648784E-1
8.767120534E0,6.689399719E0,3.136404276E0,-7.110779285E-1
8.769120495E0,6.773196697E0,3.126827478E0,-7.781155705E-1
8.771119765E0,6.876147270E0,3.102885485E0,-8.092401624E-1
8.773188149E0,6.926425457E0,3.083731890E0,-8.379706144E-1
8.775221957E0,7.036558628E0,2.999934673E0,-8.906430602E-1
8.777290226E0,7.115567684E0,2.880224705E0,-9.169792533E-1
8.779324226E0,7.163451672E0,2.827552319E0,-9.289502501E-1
8.781392380E0,7.266402245E0,2.686294317E0,-9.385270476E-1
8.783426611E0,7.369352818E0,2.487575531E0,-9.552865028E-1
8.785439572E0,7.419631004E0,2.391807556E0,-9.600749016E-1
8.787564803E0,7.505822182E0,2.193088770E0,-9.504981041E-1
8.789481149E0,7.580042362E0,1.972822189E0,-9.289502501E-1
8.791480265E0,7.618350029E0,1.865083098E0,-9.241618514E-1
8.793548880E0,7.694964409E0,1.623268723E0,-9.002198577E-1
8.795583188E0,7.766790390E0,1.393425345E0,-8.762778044E-1
8.797651918E0,7.867346764E0,1.276109457E0,-8.307880163E-1
8.799686495E0,7.931990147E0,1.034295082E0,-8.020575643E-1
8.801755418E0,8.020575523E0,7.900865674E-1,-7.613561153E-1
8.803789842E0,8.137891769E0,5.123591423E-1,-7.062895298E-1
8.805816380E0,8.202534676E0,3.902548850E-1,-6.751648784E-1
8.807935803E0,8.298302650E0,1.580173075E-1,-6.129156351E-1
8.809888457E0,8.379706383E0,-8.379705995E-2,-5.554547906E-1
8.811887995E0,8.420407295E0,-2.011129409E-1,-5.219359994E-1
8.813956226E0,8.528146744E0,-4.501099288E-1,-4.477157295E-1
8.815990611E0,8.611943245E0,-6.679822803E-1,-3.687070608E-1
8.818058649E0,8.640673637E0,-7.829039693E-1,-3.184288144E-1
8.820092765E0,8.717288017E0,-1.027112484E0,-2.466027737E-1
8.822160688E0,8.798690796E0,-1.261744261E0,-1.651999205E-1
8.824194803E0,8.839392662E0,-1.379060149E0,-1.268926859E-1
8.826214572E0,8.894459724E0,-1.587355733E0,-4.548983276E-2
8.828217611E0,8.971074104E0,-1.821987510E0,2.633621916E-2
8.830216957E0,9.006986618E0,-1.939303398E0,5.027823523E-2
8.832215957E0,9.059659004E0,-2.135627985E0,1.053448766E-1
8.834283495E0,9.069235802E0,-2.329558372E0,1.460463107E-1
8.836317457E0,9.081207275E0,-2.415749550E0,1.628057212E-1
8.838385457E0,9.109937668E0,-2.564189911E0,1.915361285E-1
8.840419149E0,9.167398453E0,-2.703053713E0,2.202665508E-1
8.842487764E0,9.193734169E0,-2.770091295E0,2.226607651E-1
8.844522072E0,9.220070839E0,-2.861071110E0,2.322375625E-1
8.846544957E0,9.272743225E0,-2.952050686E0,2.346317619E-1
8.848576803E0,9.308655739E0,-2.985569477E0,2.394201756E-1
8.850575918E0,9.325415611E0,-3.086126089E0,2.513911724E-1
8.852575841E0,9.361329079E0,-3.134010077E0,2.466027737E-1
8.854643841E0,9.394847870E0,-3.145981073E0,2.418143749E-1
8.856678034E0,9.414001465E0,-3.155557871E0,2.322375625E-1
8.858702572E0,9.471462250E0,-3.153163671E0,1.963245422E-1
8.860701995E0,9.548076630E0,-3.153163671E0,1.819593310E-1
8.862771111E0,9.574412346E0,-3.126827478E0,1.604115069E-1
8.864805880E0,9.636661530E0,-3.074155092E0,1.268926859E-1
8.866824918E0,9.694122314E0,-2.995146275E0,1.029506698E-1
8.869017264E0,9.742006302E0,-2.961627483E0,8.379705995E-2
8.870830918E0,9.835380554E0,-2.877830505E0,2.154781483E-2
8.872830803E0,9.909601212E0,-2.832340717E0,7.182605099E-3
8.874899995E0,9.928754807E0,-2.738966703E0,-4.070143029E-2
8.876934957E0,9.986215591E0,-2.631227732E0,-6.464344263E-2
8.879003880E0,1.006282997E1,-2.535459518E0,-7.182604820E-2
8.881038341E0,1.008437729E1,-2.492363930E0,-7.900865376E-2
8.883107072E0,1.014662647E1,-2.375048161E0,-8.140286058E-2
8.885141649E0,1.020648193E1,-2.257732153E0,-9.337386489E-2
8.887172264E0,1.024478912E1,-2.195482969E0,-9.097966552E-2
8.889295072E0,1.030943298E1,-2.070984364E0,-7.661445439E-2
8.891212687E0,1.039083576E1,-1.946485996E0,-6.943184882E-2
8.893212110E0,1.042195988E1,-1.889025092E0,-7.422025502E-2
8.895280303E0,1.045787334E1,-1.750161409E0,-9.816227108E-2
8.897314764E0,1.048420906E1,-1.587355733E0,-1.005564705E-1
8.899383149E0,1.050336266E1,-1.505952835E0,-1.221042871E-1
8.901417495E0,1.053688145E1,-1.331176162E0,-1.580173075E-1
8.903485841E0,1.055124664E1,-1.142034173E0,-2.130839527E-1
8.905520149E0,1.055842972E1,-1.034295082E0,-2.489969730E-1
8.907549226E0,1.055124664E1,-8.164227605E-1,-3.303998411E-1
8.909550380E0,1.053448772E1,-6.129156351E-1,-4.429273009E-1
8.911549995E0,1.051772785E1,-5.075707436E-1,-4.979939461E-1
8.913548649E0,1.044590187E1,-3.256114423E-1,-6.105214357E-1
8.915617610E0,1.035731697E1,-1.149216816E-1,-7.278373241E-1
8.917652418E0,1.030464458E1,-2.154781483E-2,-7.948749661E-1
8.919720610E0,1.018253994E1,1.795651317E-1,-9.289502501E-1
8.921755187E0,1.004846478E1,3.806780577E-1,-1.079784989E0
8.923823533E0,9.923966408E0,4.740519226E-1,-1.209071875E0
8.925857880E0,9.866505623E0,6.655880809E-1,-1.271321058E0
8.927880303E0,9.720458984E0,8.427590132E-1,-1.388636947E0
8.929911918E0,9.593565941E0,1.010353088E0,-1.496376038E0
8.931911418E0,9.536105156E0,1.096544385E0,-1.551442742E0
8.933910687E0,9.435548782E0,1.283292055E0,-1.640028119E0
8.935978879E0,9.337387085E0,1.446097851E0,-1.690306425E0
8.938013110E0,9.289502144E0,1.517923832E0,-1.709460020E0
8.940081764E0,9.234436035E0,1.649604917E0,-1.716642618E0
8.942116418E0,9.232041359E0,1.754949808E0,-1.692700624E0
8.944185841E0,9.232041359E0,1.805228114E0,-1.673547029E0
8.946220418E0,9.272743225E0,1.900996208E0,-1.606509328E0
8.948239879E0,9.399636269E0,1.965639591E0,-1.496376038E0
8.950380956E0,9.478644371E0,1.987187386E0,-1.446097851E0
8.952298879E0,9.677363396E0,2.018311977E0,-1.331176162E0
8.954298726E0,9.878476143E0,2.039859772E0,-1.182735682E0
8.956367572E0,9.969455719E0,2.054224968E0,-1.106121182E0
8.958402572E0,1.015380955E1,2.080561161E0,-9.457096457E-1
8.960471264E0,1.031661510E1,2.090138197E0,-7.661445141E-1
8.962506033E0,1.040041256E1,2.106897593E0,-6.799532771E-1
8.964574610E0,1.057040024E1,2.128445387E0,-4.979939461E-1
8.966608610E0,1.073560047E1,2.166752577E0,-3.184288144E-1
8.968632764E0,1.080263805E1,2.183511972E0,-2.298433632E-1
8.970752802E0,1.091755962E1,2.214636564E0,-5.746084079E-2
8.972705264E0,1.102529907E1,2.236184359E0,1.173158810E-1
8.974704918E0,1.107078838E1,2.226607561E0,2.035071403E-1
8.976773302E0,1.117613316E1,2.190694571E0,3.615244627E-1
8.978807264E0,1.124795914E1,2.161964178E0,5.219359994E-1
8.980875649E0,1.130063248E1,2.082955360E0,6.751648784E-1
8.982909456E0,1.131739140E1,2.032677174E0,7.493851185E-1
8.984977610E0,1.135809326E1,1.910573006E0,9.050082564E-1
8.987011610E0,1.139161205E1,1.759738207E0,1.055842996E0
8.989030572E0,1.140837097E1,1.675941229E0,1.115697980E0
8.991034764E0,1.144188976E1,1.498770237E0,1.235408068E0
8.993035495E0,1.149216843E1,1.328781962E0,1.321599364E0
8.995035225E0,1.153047562E1,1.252167463E0,1.335964561E0
8.997103687E0,1.161427212E1,1.086967587E0,1.319205165E0
8.999138033E0,1.173877048E1,9.097966552E-1,1.230619669E0
9.001207033E0,1.180341434E1,8.307880163E-1,1.139639974E0
9.003241879E0,1.195664310E1,6.655880809E-1,9.361328483E-1
9.005310918E0,1.211705494E1,4.979939461E-1,6.440402865E-1
9.007345418E0,1.217930412E1,4.022258818E-1,4.764461517E-1
9.009361648E0,1.228225517E1,1.939303428E-1,1.101332754E-1
9.011394071E0,1.235647488E1,1.915361360E-2,-2.849099934E-1
9.013394379E0,1.238520527E1,-8.379705995E-2,-5.075707436E-1
9.015393956E0,1.243548393E1,-3.040636182E-1,-9.720458984E-1
9.017462571E0,1.246660805E1,-5.195417404E-1,-1.462857246E0
9.019497225E0,1.247379112E1,-6.177040339E-1,-1.702277422E0
9.021565918E0,1.248815632E1,-8.307880163E-1,-2.193088770E0
9.023600648E0,1.248097324E1,-1.039083481E0,-2.674323320E0
9.025669571E0,1.247379112E1,-1.134851575E0,-2.904166698E0
9.027704495E0,1.244027233E1,-1.333570361E0,-3.347094059E0
9.029717379E0,1.240675354E1,-1.520318031E0,-3.775655985E0
9.031843456E0,1.239957047E1,-1.687912226E0,-4.153939724E0
9.033761379E0,1.240675354E1,-1.762132406E0,-4.314351559E0
9.035760418E0,1.243069553E1,-1.896207690E0,-4.601655483E0
9.037828956E0,1.245942593E1,-1.972822189E0,-4.733336926E0
9.039862994E0,1.255279922E1,-2.111685991E0,-4.958391666E0
9.041931071E0,1.263420200E1,-2.224213362E0,-5.140350819E0
9.043964841E0,1.272757626E1,-2.341529369E0,-5.286397457E0
9.046033148E0,1.276348972E1,-2.406172752E0,-5.341464043E0
9.048067418E0,1.284489250E1,-2.516305923E0,-5.415684223E0
9.050084764E0,1.292868900E1,-2.604891539E0,-5.458779812E0
9.052204956E0,1.297178459E1,-2.652775526E0,-5.470750809E0
9.054157648E0,1.305558205E1,-2.736572504E0,-5.475539207E0
9.056156802E0,1.309628296E1,-2.834734917E0,-5.463568211E0
9.058225071E0,1.312261963E1,-2.875436306E0,-5.434837818E0
9.060259148E0,1.312261963E1,-2.966415882E0,-5.382165432E0
9.062328379E0,1.312261963E1,-3.050212860E0,-5.305551052E0
9.064362802E0,1.309388924E1,-3.090914488E0,-5.260061264E0
9.066431648E0,1.300769806E1,-3.148375273E0,-5.157110691E0
9.068465571E0,1.294305420E1,-3.208230257E0,-5.049371243E0
9.070479840E0,1.288798809E1,-3.234566450E0,-4.989516258E0
9.072481571E0,1.276109505E1,-3.272873640E0,-4.848258495E0
9.074480802E0,1.262462521E1,-3.294421434E0,-4.730942726E0
9.076479456E0,1.255519390E1,-3.303998232E0,-4.675876141E0
9.078547302E0,1.237802315E1,-3.337517262E0,-4.570530891E0
9.080581340E0,1.216733265E1,-3.342305660E0,-4.450820923E0
9.082649494E0,1.206438255E1,-3.349488258E0,-4.400542736E0
9.084683379E0,1.181059742E1,-3.354276657E0,-4.309563160E0
9.086751687E0,1.155920601E1,-3.359065056E0,-4.223371983E0
9.088786187E0,1.144188976E1,-3.356670856E0,-4.187458992E0
9.090802071E0,1.120725822E1,-3.347094059E0,-4.101267338E0
9.092834417E0,1.092474270E1,-3.323152065E0,-4.017470360E0
9.094834917E0,1.079306126E1,-3.318363667E0,-3.979163170E0
9.096834225E0,1.051533413E1,-3.308786631E0,-3.881000996E0
9.098903071E0,1.028549004E1,-3.284844637E0,-3.785232782E0
9.100937456E0,1.005804157E1,-3.277662039E0,-3.734954596E0
9.102962725E0,9.938331604E0,-3.280056238E0,-3.620033026E0
9.104962379E0,9.718064308E0,-3.253720045E0,-3.495534420E0
9.107031110E0,9.528923035E0,-3.241749048E0,-3.375824451E0
9.109065533E0,9.433155060E0,-3.215412855E0,-3.294421434E0
9.111078917E0,9.241618156E0,-3.191470861E0,-3.160346270E0
9.113270956E0,9.074024200E0,-3.167528868E0,-3.031059265E0
9.115084494E0,8.990227699E0,-3.145981073E0,-2.975992680E0
9.117083686E0,8.844181061E0,-3.119644880E0,-2.858676910E0
9.119152033E0,8.710105896E0,-3.095702887E0,-2.736572504E0
9.121186110E0,8.662221909E0,-3.035847664E0,-2.671929121E0
9.123254610E0,8.585607529E0,-2.999934673E0,-2.564189911E0
9.125288802E0,8.535328865E0,-2.947262287E0,-2.454056740E0
9.127357148E0,8.520963669E0,-2.923320293E0,-2.396595955E0
9.129391033E0,8.511386871E0,-2.894589901E0,-2.279279947E0
9.131408802E0,8.501810074E0,-2.829946518E0,-2.164358377E0
9.133527763E0,8.494627953E0,-2.808398485E0,-2.102109194E0
9.135479840E0,8.564059258E0,-2.762908697E0,-1.987187386E0
9.137479225E0,8.643068314E0,-2.703053713E0,-1.879448295E0
9.139547456E0,8.693346024E0,-2.671929121E0,-1.838746905E0
9.141580917E0,8.815450668E0,-2.592920542E0,-1.764526606E0
9.143648763E0,8.961497307E0,-2.501940727E0,-1.695094824E0
9.145682686E0,9.047688484E0,-2.449268341E0,-1.668758631E0
9.147750071E0,9.210494041E0,-2.348711967E0,-1.611297727E0
9.149783879E0,9.385271072E0,-2.233790159E0,-1.544260144E0
9.151802532E0,9.469067574E0,-2.183511972E0,-1.517923832E0
9.153805148E0,9.603142738E0,-2.080561161E0,-1.458068848E0
9.155805379E0,9.765948296E0,-1.958456993E0,-1.391031146E0
9.157805109E0,9.842563629E0,-1.905784607E0,-1.367089152E0
9.159873417E0,9.991003990E0,-1.793257117E0,-1.312022567E0
9.161907763E0,1.014902115E1,-1.651999116E0,-1.283292055E0
9.163976917E0,1.022324085E1,-1.582567334E0,-1.278503656E0
9.166010763E0,1.036449909E1,-1.438915253E0,-1.266532660E0
9.168079032E0,1.049139214E1,-1.283292055E0,-1.273715258E0
9.170113379E0,1.062067890E1,-1.211466074E0,-1.290474772E0
9.172137109E0,1.067335129E1,-1.070208192E0,-1.312022567E0
9.174169648E0,1.073560047E1,-9.385270476E-1,-1.340752959E0
9.176169263E0,1.080503273E1,-8.738836050E-1,-1.362300754E0
9.178168917E0,1.083136845E1,-7.613561153E-1,-1.395819545E0
9.180238186E0,1.084812832E1,-6.344634295E-1,-1.441309452E0
9.182272532E0,1.088882923E1,-5.051765442E-1,-1.462857246E0
9.184341225E0,1.089361763E1,-4.548983276E-1,-1.472434044E0
9.186375455E0,1.087925243E1,-3.711012602E-1,-1.482010841E0
9.188443879E0,1.087446404E1,-2.729389966E-1,-1.498770237E0
9.190478455E0,1.086009884E1,-2.250549644E-1,-1.505952835E0
9.192497225E0,1.081700325E1,-1.244984865E-1,-1.522712231E0
9.194623186E0,1.078587818E1,-3.112462163E-2,-1.517923832E0
9.196541609E0,1.075475407E1,2.394201607E-2,-1.529894829E0
9.198541802E0,1.070208168E1,1.173158810E-1,-1.537077546E0
9.200610532E0,1.065659142E1,2.130839527E-1,-1.558625340E0
9.202645302E0,1.063504410E1,2.609679997E-1,-1.565807939E0
9.204714109E0,1.055124664E1,3.447650373E-1,-1.577778935E0
9.206748455E0,1.046266174E1,4.070142806E-1,-1.584961534E0
9.208817340E0,1.041238308E1,4.405331016E-1,-1.592144132E0
9.210851878E0,1.027351952E1,4.812345505E-1,-1.606509328E0
9.212873763E0,1.015859795E1,5.339069963E-1,-1.604115129E0
9.214994263E0,1.003409958E1,5.578489900E-1,-1.613691926E0
9.216946686E0,9.976638794E0,5.817909837E-1,-1.606509328E0
9.218946148E0,9.844957352E0,5.578489900E-1,-1.582567334E0
9.221014917E0,9.777919769E0,5.434837937E-1,-1.580173135E0
9.223048878E0,9.648633003E0,5.219359994E-1,-1.561019540E0
9.225117840E0,9.528923035E0,4.812345505E-1,-1.520318031E0
9.227152378E0,9.428366661E0,4.572925270E-1,-1.462857246E0
9.229220609E0,9.358934402E0,4.046200812E-1,-1.434126854E0
9.231254724E0,9.263166428E0,3.495534360E-1,-1.376665950E0
9.233285532E0,9.169792175E0,2.992752194E-1,-1.316810966E0
9.235287994E0,9.133879662E0,2.633621991E-1,-1.288080573E0
9.237288148E0,9.074024200E0,1.795651317E-1,-1.230619669E0
9.239288032E0,9.002198219E0,1.508347094E-1,-1.177947283E0
9.241356955E0,8.963891029E0,9.097966552E-2,-1.156399369E0
9.243391494E0,8.877699852E0,-7.182605099E-3,-1.086967587E0
9.245460224E0,8.784325600E0,-1.005564705E-1,-1.024718285E0
9.247494878E0,8.743624687E0,-1.699883193E-1,-9.983820915E-1
9.249563801E0,8.657433510E0,-2.633621991E-1,-9.457096457E-1
9.251598224E0,8.599972725E0,-3.471592367E-1,-9.074024558E-1
9.253631147E0,8.559270859E0,-3.926490843E-1,-8.930372596E-1
9.255663032E0,8.494627953E0,-4.740519226E-1,-8.379706144E-1
9.257663801E0,8.437167168E0,-5.554547906E-1,-7.996633649E-1
9.259663801E0,8.413225174E0,-6.009446383E-1,-7.972691655E-1
9.261732840E0,8.353369713E0,-6.799532771E-1,-7.709329724E-1
9.263767147E0,8.283937454E0,-7.589619160E-1,-7.541735172E-1
9.265836417E0,8.271966934E0,-7.996633649E-1,-7.445967197E-1
9.267871071E0,8.240841866E0,-8.667010069E-1,-7.302315235E-1
9.269939686E0,8.204929352E0,-9.433154464E-1,-7.374141216E-1
9.271974455E0,8.185775757E0,-9.792284966E-1,-7.374141216E-1
9.274002609E0,8.147468567E0,-1.053448796E0,-7.350199223E-1
9.276129609E0,8.106766701E0,-1.098938584E0,-7.445967197E-1
9.278047263E0,8.092401505E0,-1.115697980E0,-7.541735172E-1
9.280046686E0,8.056488991E0,-1.168370485E0,-7.493851185E-1
9.282115840E0,8.022970200E0,-1.199495077E0,-7.709329724E-1
9.284150301E0,7.977479935E0,-1.213860273E0,-7.805097699E-1
9.286218340E0,7.951143742E0,-1.266532660E0,-7.900865674E-1
9.288252263E0,7.898471355E0,-1.297657371E0,-7.829039693E-1
9.290320570E0,7.857769966E0,-1.331176162E0,-7.661445141E-1
9.292354417E0,7.848193169E0,-1.340752959E0,-7.685387731E-1
9.294385417E0,7.819462776E0,-1.367089152E0,-7.613561153E-1
9.296504147E0,7.795520782E0,-1.400607944E0,-7.493851185E-1
9.298456878E0,7.781155586E0,-1.417367458E0,-7.445967197E-1
9.300456417E0,7.759607792E0,-1.455674648E0,-7.445967197E-1
9.302555840E0,7.785943985E0,-1.489193439E0,-7.517793179E-1
9.304344032E0,7.807491779E0,-1.513135433E0,-7.565677166E-1
9.305555224E0,7.836222172E0,-1.527500629E0,-7.565677166E-1
9.307553878E0,7.912836552E0,-1.546654344E0,-7.445967197E-1
9.309622493E0,7.994239330E0,-1.568202138E0,-7.326257229E-1
9.311656840E0,8.039729118E0,-1.613691926E0,-7.326257229E-1
9.313683801E0,8.135497093E0,-1.644816518E0,-7.302315235E-1
9.315686916E0,8.243236542E0,-1.671152830E0,-7.206547260E-1
9.317686532E0,8.303091049E0,-1.731007814E0,-7.062895298E-1
9.319685647E0,8.406042099E0,-1.788468719E0,-6.895300746E-1
9.321753801E0,8.518569946E0,-1.812410712E0,-6.799532771E-1
9.323787840E0,8.576030731E0,-1.881842494E0,-6.751648784E-1
9.325855609E0,8.698134422E0,-1.922544003E0,-6.871358752E-1
9.327889840E0,8.801085472E0,-1.975216389E0,-7.230489254E-1
9.329958647E0,8.841787338E0,-1.984793186E0,-7.374141216E-1
9.331992878E0,8.932766914E0,-2.018311977E0,-7.829039693E-1
9.333991955E0,9.023746490E0,-2.047042370E0,-8.331822157E-1
9.336023686E0,9.059659004E0,-2.059013367E0,-8.523358107E-1
9.338023032E0,9.124302864E0,-2.070984364E0,-8.906430602E-1
9.340022263E0,9.217676163E0,-2.075772762E0,-9.217676520E-1
9.342090647E0,9.260771751E0,-2.080561161E0,-9.385270476E-1
9.344124801E0,9.342175484E0,-2.073378563E0,-9.744400978E-1
9.346149532E0,9.423578262E0,-2.051830769E0,-1.015141487E0
9.348148916E0,9.454702377E0,-2.047042370E0,-1.034295082E0
9.350217339E0,9.514557838E0,-2.032677174E0,-1.072602391E0
9.352251647E0,9.572018623E0,-1.999158382E0,-1.108515382E0
9.354280070E0,9.612719536E0,-1.970427990E0,-1.127668977E0
9.356471993E0,9.665391922E0,-1.936909199E0,-1.151610970E0
9.358285878E0,9.679757118E0,-1.867477298E0,-1.185129881E0
9.360285339E0,9.698910713E0,-1.836352706E0,-1.189918280E0
9.362353839E0,9.720458984E0,-1.778891921E0,-1.194706678E0
9.364388339E0,9.710882187E0,-1.707065821E0,-1.189918280E0
9.366457109E0,9.706093788E0,-1.663970232E0,-1.194706678E0
9.368491686E0,9.686940193E0,-1.565807939E0,-1.194706678E0
9.370560186E0,9.667786598E0,-1.458068848E0,-1.187524080E0
9.372594609E0,9.658209801E0,-1.403002143E0,-1.187524080E0
9.374627647E0,9.627084732E0,-1.292868972E0,-1.192312479E0
9.376748224E0,9.576807022E0,-1.197100878E0,-1.180341482E0
9.378700685E0,9.555258751E0,-1.146822572E0,-1.182735682E0
9.380700109E0,9.504981041E0,-1.043871999E0,-1.197100878E0
9.382768955E0,9.471462250E0,-9.385270476E-1,-1.199495077E0
9.384803224E0,9.445125580E0,-8.906430602E-1,-1.209071875E0
9.386871993E0,9.392453194E0,-8.140285611E-1,-1.254561663E0
9.388906839E0,9.337387085E0,-7.182605267E-1,-1.295263171E0
9.390975147E0,9.296685219E0,-6.655880809E-1,-1.340752959E0
9.393009185E0,9.272743225E0,-6.368576288E-1,-1.359906554E0
9.395038685E0,9.220070839E0,-5.770025849E-1,-1.410184860E0
9.397041301E0,9.208099365E0,-5.051765442E-1,-1.474828243E0
9.399040147E0,9.193734169E0,-4.788403511E-1,-1.501164436E0
9.401039493E0,9.184157372E0,-4.381389022E-1,-1.580173135E0
9.403108032E0,9.172186852E0,-3.806780577E-1,-1.659181833E0
9.405142455E0,9.174580574E0,-3.663128614E-1,-1.685518026E0
9.407210955E0,9.167398453E0,-3.543418646E-1,-1.738190413E0
9.409245493E0,9.186552048E0,-3.232172430E-1,-1.783680320E0
9.411314070E0,9.203310966E0,-3.184288144E-1,-1.805228114E0
9.413348916E0,9.265560150E0,-2.920926213E-1,-1.843535304E0
9.415381224E0,9.325415611E0,-2.873041928E-1,-1.874659896E0
9.417413262E0,9.370905876E0,-2.873041928E-1,-1.889025092E0
9.419413301E0,9.459490776E0,-2.633621991E-1,-1.917755604E0
9.421411878E0,9.545681953E0,-2.633621991E-1,-1.956062794E0
9.423480147E0,9.595960617E0,-2.633621991E-1,-1.980004787E0
9.425514224E0,9.694122314E0,-2.681505978E-1,-2.006340981E0
9.427581878E0,9.782708168E0,-2.657563984E-1,-2.020706177E0
9.429615685E0,9.837775230E0,-2.657563984E-1,-2.023100376E0
9.431683416E0,9.952696800E0,-2.825157940E-1,-2.042253971E0
9.433716878E0,1.004128170E1,-3.040636182E-1,-2.061407566E0
9.435744493E0,1.008198357E1,-3.064578176E-1,-2.070984364E0
9.437869531E0,1.018014526E1,-3.136404157E-1,-2.078166962E0
9.439786762E0,1.023281765E1,-3.136404157E-1,-2.078166962E0
9.441786378E0,1.027112484E1,-3.112462163E-1,-2.080561161E0
9.443854608E0,1.031900978E1,-3.160346150E-1,-2.068590164E0
9.445889608E0,1.037168217E1,-3.088520169E-1,-2.073378563E0
9.447957685E0,1.040280628E1,-3.112462163E-1,-2.066195965E0
9.449992570E0,1.040520096E1,-3.399766386E-1,-2.056619167E0
9.452061224E0,1.043153667E1,-3.256114423E-1,-2.023100376E0
9.454095608E0,1.045069027E1,-3.112462163E-1,-2.006340981E0
9.456126647E0,1.044350815E1,-3.088520169E-1,-1.996764183E0
9.458246762E0,1.043632507E1,-3.088520169E-1,-1.960851192E0
9.460198531E0,1.040280628E1,-2.968810201E-1,-1.944091797E0
9.462197647E0,1.038365269E1,-2.896983922E-1,-1.927332401E0
9.464265801E0,1.033098030E1,-3.112462163E-1,-1.884236693E0
9.466299608E0,1.025197124E1,-3.303998411E-1,-1.824381709E0
9.468367762E0,1.020648193E1,-3.495534360E-1,-1.798045516E0
9.470402147E0,1.006761837E1,-4.046200812E-1,-1.742978811E0
9.472470877E0,9.921571732E0,-4.381389022E-1,-1.668758631E0
9.474505147E0,9.828198433E0,-4.548983276E-1,-1.625662923E0
9.476532916E0,9.658209801E0,-5.267243981E-1,-1.556231141E0
9.478550647E0,9.435548782E0,-6.009446383E-1,-1.479616642E0
9.480549954E0,9.332598686E0,-6.440402865E-1,-1.431732655E0
9.482548839E0,9.129091263E0,-7.302315235E-1,-1.345541358E0
9.484617031E0,8.923190117E0,-8.475474119E-1,-1.300051570E0
9.486650916E0,8.827422142E0,-9.050082564E-1,-1.276109457E0
9.488719416E0,8.616731644E0,-1.022324085E0,-1.221042871E0
9.490753454E0,8.429984093E0,-1.154005170E0,-1.168370485E0
9.492821877E0,8.243236542E0,-1.218648672E0,-1.149216771E0
9.494856223E0,8.157045364E0,-1.355118155E0,-1.098938584E0
9.496871916E0,7.982268333E0,-1.513135433E0,-1.039083481E0
9.498902993E0,7.833827972E0,-1.580173135E0,-9.935936928E-1
9.500902954E0,7.771578789E0,-1.716642618E0,-9.672574997E-1
9.502902762E0,7.649474621E0,-1.867477298E0,-9.361328483E-1
9.504971416E0,7.527369976E0,-1.948880196E0,-9.074024558E-1
9.507006185E0,7.489062786E0,-2.104503393E0,-8.930372596E-1
9.509074454E0,7.429207802E0,-2.248155355E0,-8.283938169E-1
9.511108762E0,7.376535416E0,-2.396595955E0,-8.044517636E-1
9.513177300E0,7.362170219E0,-2.477998734E0,-7.924807668E-1
9.515211646E0,7.345410824E0,-2.604891539E0,-7.637503147E-1
9.517223493E0,7.338228226E0,-2.729389906E0,-7.398083210E-1
9.519349300E0,7.345410824E0,-2.789244890E0,-7.302315235E-1
9.521267070E0,7.402871609E0,-2.928108692E0,-7.110779285E-1
9.523266839E0,7.472303391E0,-3.062183857E0,-6.871358752E-1
9.525335339E0,7.524975777E0,-3.119644880E0,-6.751648784E-1
9.527370070E0,7.615955830E0,-3.248931646E0,-6.607996821E-1
9.529438877E0,7.728483200E0,-3.351882458E0,-6.416460276E-1
9.531473223E0,7.783549786E0,-3.392583847E0,-6.224924326E-1
9.533541800E0,7.905653954E0,-3.473986626E0,-6.081272364E-1
9.535575954E0,8.037335396E0,-3.579331636E0,-5.865794420E-1
9.537598146E0,8.123526573E0,-3.615244627E0,-5.698199868E-1
9.539719108E0,8.269572258E0,-3.682282209E0,-5.482721925E-1
9.541671839E0,8.408436775E0,-3.763684988E0,-5.339069963E-1
9.543671493E0,8.475474358E0,-3.804386616E0,-5.243301988E-1
9.545739877E0,8.619126320E0,-3.866635799E0,-5.171475410E-1
9.547773954E0,8.760383606E0,-3.921702385E0,-4.955997467E-1
9.549842300E0,8.923190117E0,-3.943250179E0,-5.027823448E-1
9.551875800E0,8.992621422E0,-3.986345768E0,-5.027823448E-1
9.553943954E0,9.131484985E0,-4.043806553E0,-5.123591423E-1
9.555977954E0,9.253589630E0,-4.070142746E0,-5.051765442E-1
9.557998339E0,9.318233490E0,-4.077325344E0,-5.051765442E-1
9.560000146E0,9.423578262E0,-4.053383350E0,-5.195417404E-1
9.561999492E0,9.548076630E0,-4.043806553E0,-5.386953950E-1
9.563998839E0,9.607931137E0,-4.017470360E0,-5.315127969E-1
9.566067762E0,9.718064308E0,-3.979163170E0,-5.363011956E-1
9.568102646E0,9.809044838E0,-3.931279182E0,-5.291185975E-1
9.570171608E0,9.849745750E0,-3.902548790E0,-5.410895944E-1
9.572206954E0,9.938331604E0,-3.828328609E0,-5.506663918E-1
9.574275646E0,1.000297451E1,-3.730166197E0,-5.363011956E-1
9.576310339E0,1.001973438E1,-3.689464808E0,-5.339069963E-1
9.578333531E0,1.006522369E1,-3.596091032E0,-5.363011956E-1
9.580365800E0,1.009874249E1,-3.485957623E0,-5.530605912E-1
9.582365646E0,1.010592556E1,-3.447650433E0,-5.530605912E-1
9.584365492E0,1.010353088E1,-3.368641853E0,-5.339069963E-1
9.586434800E0,1.009634876E1,-3.246537447E0,-5.051765442E-1
9.588469069E0,1.008916569E1,-3.191470861E0,-4.908113480E-1
9.590494915E0,1.004607010E1,-3.083731890E0,-4.596867263E-1
9.592494492E0,9.979032516E0,-2.971204281E0,-4.261679053E-1
9.594563531E0,9.947908401E0,-2.918531895E0,-4.094084799E-1
9.596598300E0,9.897629738E0,-2.801215887E0,-3.519476354E-1
9.598626992E0,9.823410034E0,-2.688688517E0,-3.088520169E-1
9.600819338E0,9.765948296E0,-2.643198729E0,-2.657563984E-1
9.602632685E0,9.737217903E0,-2.549824715E0,-2.418143749E-1
9.604632531E0,9.655815125E0,-2.454056740E0,-1.915361285E-1
9.606701146E0,9.617507935E0,-2.413355350E0,-1.675941199E-1
9.608735800E0,9.531316757E0,-2.322375536E0,-1.364694983E-1
9.610804262E0,9.447520256E0,-2.260126352E0,-9.097966552E-2
9.612838531E0,9.414001465E0,-2.219424963E0,-6.464344263E-2
9.614906723E0,9.337387085E0,-2.171540976E0,-2.394201700E-3
9.616941069E0,9.255983353E0,-2.118868589E0,4.309562966E-2
9.618971800E0,9.212887764E0,-2.097320795E0,6.703764945E-2
9.621091031E0,9.141061783E0,-2.078166962E0,1.101332754E-1
9.623043646E0,9.066842079E0,-2.044648170E0,1.436520964E-1
9.625042723E0,9.038111687E0,-2.035071373E0,1.699883193E-1
9.627110954E0,8.992621422E0,-2.032677174E0,2.035071403E-1
9.629145108E0,8.939949036E0,-2.039859772E0,2.489969730E-1
9.631213415E0,8.877699852E0,-2.054224968E0,2.777273953E-1
9.633247608E0,8.863334656E0,-2.051830769E0,2.801215947E-1
9.635316300E0,8.810662270E0,-2.075772762E0,2.873041928E-1
9.637350800E0,8.769960403E0,-2.123656988E0,3.064578176E-1
9.639378877E0,8.750806808E0,-2.140416384E0,3.112462163E-1
9.641381646E0,8.734047890E0,-2.193088770E0,3.016694188E-1
9.643381377E0,8.698134422E0,-2.243366957E0,2.873041928E-1
9.645380992E0,8.686163902E0,-2.274491549E0,2.801215947E-1
9.647449223E0,8.681375504E0,-2.365471363E0,2.801215947E-1
9.649483454E0,8.686163902E0,-2.422932148E0,2.537853718E-1
9.651551877E0,8.690952301E0,-2.449268341E0,2.394201756E-1
9.653586684E0,8.686163902E0,-2.525882721E0,2.202665508E-1
9.655655069E0,8.669404030E0,-2.595314741E0,1.795651317E-1
9.657689761E0,8.667010307E0,-2.626439333E0,1.484405100E-1
9.659721607E0,8.681375504E0,-2.688688517E0,8.619125932E-2
9.661753569E0,8.698134422E0,-2.750937700E0,4.548983276E-2
9.663753146E0,8.705317497E0,-2.786850691E0,1.436521020E-2
9.665752800E0,8.710105896E0,-2.863465309E0,-3.351882473E-2
9.667821377E0,8.731653214E0,-2.932897091E0,-8.858546615E-2
9.669856031E0,8.738836288E0,-2.971204281E0,-1.173158810E-1
9.671924415E0,8.757989883E0,-3.043030262E0,-1.723825186E-1
9.673958530E0,8.741230011E0,-3.110068083E0,-2.370259613E-1
9.676026684E0,8.746018410E0,-3.134010077E0,-2.729389966E-1
9.678061030E0,8.762778282E0,-3.150769472E0,-3.471592367E-1
9.680089184E0,8.777143478E0,-3.179499865E0,-4.309563041E-1
9.682215492E0,8.781931877E0,-3.205836058E0,-5.171475410E-1
9.684133761E0,8.789113998E0,-3.222595453E0,-5.650315881E-1
9.686133338E0,8.774748802E0,-3.239354849E0,-6.655880809E-1
9.688201877E0,8.753201485E0,-3.236960649E0,-7.613561153E-1
9.690236377E0,8.743624687E0,-3.244143248E0,-8.044517636E-1
9.692304992E0,8.729259491E0,-3.263296843E0,-8.978256583E-1
9.694339261E0,8.712499619E0,-3.263296843E0,-9.720458984E-1
9.696407723E0,8.700529099E0,-3.270479441E0,-1.007958889E0
9.698442146E0,8.698134422E0,-3.280056238E0,-1.063025594E0
9.700468184E0,8.671798706E0,-3.287238836E0,-1.098938584E0
9.702587877E0,8.650250435E0,-3.289633036E0,-1.125274777E0
9.704540223E0,8.621520042E0,-3.270479441E0,-1.156399369E0
9.706540146E0,8.590395927E0,-3.256114244E0,-1.177947283E0
9.708608300E0,8.561665535E0,-3.236960649E0,-1.182735682E0
9.710642453E0,8.506598473E0,-3.203441858E0,-1.223437071E0
9.712711069E0,8.451532364E0,-3.157952070E0,-1.300051570E0
9.714745530E0,8.437167168E0,-3.107673883E0,-1.355118155E0
9.716814223E0,8.418013573E0,-2.999934673E0,-1.546654344E0
9.718849069E0,8.389283180E0,-2.841917515E0,-1.826775908E0
9.720871261E0,8.377311707E0,-2.760514498E0,-2.001552582E0
9.722874069E0,8.401253700E0,-2.590526342E0,-2.403778553E0
9.724873607E0,8.485051155E0,-2.375048161E0,-2.868253708E0
9.726873838E0,8.561665535E0,-2.279279947E0,-3.131615877E0
9.728942261E0,8.755595207E0,-2.092532396E0,-3.660734415E0
9.730977184E0,9.030928612E0,-1.934514999E0,-4.182670593E0
9.733045607E0,9.368511200E0,-1.865083098E0,-4.426878929E0
9.735080376E0,9.569623947E0,-1.747767210E0,-4.857835293E0
9.737149223E0,1.002452278E1,-1.675941229E0,-5.169081688E0
9.739183915E0,1.053209305E1,-1.546654344E0,-5.353435040E0
9.741200146E0,1.081221485E1,-1.486799240E0,-5.391742229E0
9.743232453E0,1.141076565E1,-1.364694953E0,-5.358223438E0
9.745232530E0,1.204044056E1,-1.221042871E0,-5.140350819E0
9.747232030E0,1.235408115E1,-1.127668977E0,-4.994304657E0
9.749300299E0,1.297417927E1,-8.906430602E-1,-4.604049683E0
9.751334530E0,1.349132633E1,-6.727706790E-1,-4.120420933E0
9.753402723E0,1.371638107E1,-5.650315881E-1,-3.842693806E0
9.755436646E0,1.407072353E1,-3.543418646E-1,-3.289633036E0
9.757505299E0,1.422634697E1,-1.795651317E-1,-2.688688517E0
9.759539376E0,1.422634697E1,-1.029506698E-1,-2.391807556E0
9.761552338E0,1.404678154E1,1.675941236E-2,-1.836352706E0
9.763677569E0,1.363737297E1,9.097966552E-2,-1.364694953E0
9.765595799E0,1.336922264E1,1.077390760E-1,-1.177947283E0
9.767595146E0,1.276827812E1,3.351882473E-2,-9.002198577E-1
9.769663799E0,1.221042824E1,-1.340752989E-1,-8.116343617E-1
9.771698030E0,1.198297977E1,-2.537853718E-1,-8.475474119E-1
9.773767261E0,1.168370438E1,-5.746083856E-1,-1.120486379E0
9.775801222E0,1.162863731E1,-9.528923035E-1,-1.640028119E0
9.777870261E0,1.171004009E1,-1.151610970E0,-1.982398987E0
9.779904607E0,1.213381386E1,-1.489193439E0,-2.770091295E0
9.781922184E0,1.284010410E1,-1.697489023E0,-3.675099611E0
9.784042684E0,1.375229454E1,-1.774103403E0,-4.611232281E0
9.785995838E0,1.426704788E1,-1.867477298E0,-5.070919037E0
9.787995222E0,1.527740097E1,-1.855506301E0,-5.920860767E0
9.790063799E0,1.577300072E1,-1.826775908E0,-6.303933144E0
9.792098261E0,1.669955635E1,-1.728613615E0,-6.974309444E0
9.794166684E0,1.747527885E1,-1.604115129E0,-7.433996201E0
9.796201876E0,1.806185722E1,-1.431732655E0,-7.762001991E0
9.798270030E0,1.829648972E1,-1.335964561E0,-7.893682957E0
9.800304799E0,1.864364815E1,-1.115697980E0,-8.082824707E0
9.802318030E0,1.879208946E1,-8.690952063E-1,-8.161833763E0
9.804321145E0,1.880645370E1,-7.278373241E-1,-8.188169479E0
9.806321645E0,1.870589828E1,-3.926490843E-1,-8.192957878E0
9.808321107E0,1.843535233E1,1.197100803E-2,-8.147468567E0
9.810389607E0,1.823423958E1,2.418143749E-1,-8.104372978E0
9.812424299E0,1.772906303E1,7.326257229E-1,-7.960720539E0
9.814492838E0,1.711854172E1,1.259350061E0,-7.771578789E0
9.816526645E0,1.678335381E1,1.522712231E0,-7.649474621E0
9.818595376E0,1.605312157E1,2.030282974E0,-7.333439827E0
9.820630030E0,1.524867058E1,2.501940727E0,-6.907271862E0
9.822645876E0,1.482968521E1,2.736572504E0,-6.651092529E0
9.824678107E0,1.398692608E1,3.186682463E0,-6.064512730E0
9.826678261E0,1.311543655E1,3.605667830E0,-5.406107426E0
9.828677991E0,1.267490387E1,3.809175014E0,-5.073313236E0
9.830746761E0,1.179623222E1,4.161122322E0,-4.376600742E0
9.832781338E0,1.096065521E1,4.477157116E0,-3.684676409E0
9.834805914E0,1.056321812E1,4.618414879E0,-3.335123062E0
9.836805261E0,9.806650162E0,4.874594688E0,-2.681505919E0
9.838873722E0,9.143456459E0,5.090072632E0,-2.090138197E0
9.840908607E0,8.844181061E0,5.183446884E0,-1.821987510E0
9.842922184E0,8.305485725E0,5.360617638E0,-1.331176162E0
9.845113645E0,7.855375767E0,5.513846397E0,-9.074024558E-1
9.846926414E0,7.675810814E0,5.571307182E0,-7.302315235E-1
9.848925838E0,7.340622425E0,5.650316238E0,-4.094084799E-1
9.850994414E0,7.062894821E0,5.705382824E0,-1.580173075E-1
9.853029030E0,6.967126846E0,5.722142220E0,-5.506663769E-2
9.855097568E0,6.809109688E0,5.765237808E0,1.412578970E-1
9.857131991E0,6.694188118E0,5.750872612E0,3.280056417E-1
9.859200607E0,6.660669327E0,5.707777023E0,4.118026793E-1
9.861235414E0,6.658275127E0,5.578489780E0,5.147533417E-1
9.863253799E0,6.691793919E0,5.420472622E0,5.817909837E-1
9.865372799E0,6.768408298E0,5.204994678E0,6.272808313E-1
9.867326184E0,6.828263283E0,5.056553841E0,6.248866320E-1
9.869325607E0,6.974309444E0,4.733336926E0,6.057330370E-1
9.871394184E0,7.134721279E0,4.534617901E0,5.315127969E-1
9.873428914E0,7.225700855E0,4.070142746E0,4.716577232E-1
9.875498107E0,7.433996201E0,3.543418407E0,3.327940404E-1
9.877532799E0,7.654263020E0,3.004723072E0,1.316810995E-1
9.879601607E0,7.764396191E0,2.741360903E0,2.633621916E-2
9.881635953E0,8.025363922E0,2.226607561E0,-1.915361285E-1
9.883652337E0,8.288725853E0,1.714248419E0,-4.094084799E-1
9.885654491E0,8.434772491E0,1.443703651E0,-5.147533417E-1
9.887654376E0,8.731653214E0,9.193734527E-1,-7.038952708E-1
9.889654145E0,8.992621422E0,4.237737060E-1,-8.571242094E-1
9.891722684E0,9.126696587E0,1.915361285E-1,-9.121908545E-1
9.893757337E0,9.411606789E0,-2.633621991E-1,-9.816226959E-1
9.895826107E0,9.660603523E0,-7.110779285E-1,-1.031900883E0
9.897860530E0,9.792284966E0,-9.289502501E-1,-1.046266198E0
9.899929414E0,1.002931118E1,-1.335964561E0,-1.063025594E0
9.901963799E0,1.024239445E1,-1.723825216E0,-1.055842996E0
9.903980299E0,1.033337498E1,-1.917755604E0,-1.051054597E0
9.906009453E0,1.053209305E1,-2.296039343E0,-1.046266198E0
9.908009068E0,1.069250488E1,-2.650381327E0,-1.058237195E0
9.910008991E0,1.075235939E1,-2.815581083E0,-1.082179189E0
9.912078260E0,1.088643551E1,-3.131615877E0,-1.110909581E0
9.914113107E0,1.097262669E1,-3.435679436E0,-1.125274777E0
9.916182376E0,1.100614548E1,-3.574543238E0,-1.115697980E0
9.918217530E0,1.104924107E1,-3.809175014E0,-1.110909581E0
9.920286645E0,1.105402946E1,-4.015076160E0,-1.096544385E0
9.922321337E0,1.102290440E1,-4.113238335E0,-1.072602391E0
9.924335145E0,1.100614548E1,-4.288015366E0,-1.034295082E0
9.926461414E0,1.097502041E1,-4.405331135E0,-9.648633003E-1
9.928379799E0,1.094629002E1,-4.453215122E0,-9.313444495E-1
9.930379722E0,1.087207031E1,-4.563348293E0,-8.786720037E-1
9.932448760E0,1.077151299E1,-4.608838081E0,-8.140285611E-1
9.934483683E0,1.066616821E1,-4.608838081E0,-7.493851185E-1
9.936552414E0,1.062067890E1,-4.570530891E0,-7.206547260E-1
9.938586953E0,1.048660374E1,-4.491522312E0,-6.440402865E-1
9.940656683E0,1.036928749E1,-4.340687752E0,-5.770025849E-1
9.942691953E0,1.030224991E1,-4.223371983E0,-5.506663918E-1
9.944716645E0,1.014183807E1,-3.948038578E0,-5.243301988E-1
9.946837953E0,9.993397713E0,-3.639186621E0,-5.123591423E-1
9.948791760E0,9.911994934E0,-3.462015629E0,-5.075707436E-1
9.950791876E0,9.765948296E0,-3.095702887E0,-5.267243981E-1
9.952861299E0,9.595960617E0,-2.719813108E0,-5.770025849E-1
9.954895837E0,9.533711433E0,-2.542642117E0,-6.033388376E-1
9.956965299E0,9.402029991E0,-2.178723574E0,-6.631938815E-1
9.959000260E0,9.267954826E0,-1.824381709E0,-7.326257229E-1
9.961069299E0,9.208099365E0,-1.649604917E0,-7.637503147E-1
9.963103991E0,9.095572472E0,-1.292868972E0,-8.331822157E-1
9.965116914E0,8.999804497E0,-9.552865028E-1,-8.786720037E-1
9.967120414E0,8.956708908E0,-7.829039693E-1,-9.145850539E-1
9.969121106E0,8.872911453E0,-4.596867263E-1,-9.744400978E-1
9.971121299E0,8.846575737E0,-1.436520964E-1,-1.022324085E0
9.973190837E0,8.822632790E0,4.788403399E-3,-1.041477680E0
9.975225722E0,8.793902397E0,2.896983922E-1,-1.074996591E0
9.977294452E0,8.741230011E0,5.458779931E-1,-1.113303781E0
9.979328952E0,8.722076416E0,6.775590777E-1,-1.132457376E0
9.981397760E0,8.678980827E0,9.169792533E-1,-1.163581967E0
9.983432606E0,8.700529099E0,1.142034173E0,-1.194706678E0
9.985454645E0,8.705317497E0,1.252167463E0,-1.213860273E0
9.987486414E0,8.698134422E0,1.477222443E0,-1.242590666E0
9.989486914E0,8.683769226E0,1.678335428E0,-1.288080573E0
9.991487029E0,8.707711220E0,1.759738207E0,-1.312022567E0
9.993556452E0,8.712499619E0,1.920149803E0,-1.338358760E0
9.995591837E0,8.741230011E0,2.085349798E0,-1.357512355E0
9.997660260E0,8.772355080E0,2.224213362E0,-1.376665950E0
9.999694529E0,8.786720276E0,2.284068346E0,-1.376665950E0
1.000176349E1,8.832210541E0,2.389413357E0,-1.388636947E0
1.000379768E1,8.889671326E0,2.468421936E0,-1.393425345E0
1.000581707E1,8.920795441E0,2.504334927E0,-1.403002143E0
1.000794268E1,8.966285706E0,2.583343744E0,-1.410184860E0
1.000986064E1,9.026140213E0,2.636016130E0,-1.438915253E0
1.001186034E1,9.054870605E0,2.650381327E0,-1.450886250E0
1.001392938E1,9.107542992E0,2.650381327E0,-1.465251446E0
1.001596414E1,9.148244858E0,2.657563925E0,-1.491587639E0
1.001803353E1,9.167398453E0,2.645592928E0,-1.503558636E0
1.002006818E1,9.208099365E0,2.607285738E0,-1.520318031E0
1.002213734E1,9.227252960E0,2.564189911E0,-1.532289028E0
1.002417184E1,9.232041359E0,2.535459518E0,-1.529894829E0
1.002619418E1,9.251194954E0,2.454056740E0,-1.520318031E0
1.002831484E1,9.277531624E0,2.346317768E0,-1.493981838E0
1.003026653E1,9.270348549E0,2.298433542E0,-1.479616642E0
1.003226615E1,9.265560150E0,2.171540976E0,-1.460463047E0
1.003433491E1,9.275136948E0,2.049436569E0,-1.436521053E0
1.003636918E1,9.272743225E0,1.975216389E0,-1.414973259E0
1.003843811E1,9.270348549E0,1.821987510E0,-1.364694953E0
1.004047295E1,9.270348549E0,1.647210717E0,-1.309628367E0
1.004254153E1,9.275136948E0,1.474828243E0,-1.242590666E0
1.004457634E1,9.275136948E0,1.393425345E0,-1.213860273E0
1.004660561E1,9.260771751E0,1.213860273E0,-1.139639974E0
1.004860734E1,9.253589630E0,1.053448796E0,-1.048660398E0
1.005065884E1,9.236829758E0,9.648633003E-1,-1.007958889E0
1.005269361E1,9.222464561E0,7.948749661E-1,-9.313444495E-1
1.005476268E1,9.229647636E0,6.320692301E-1,-8.475474119E-1
1.005679749E1,9.234436035E0,5.410895944E-1,-8.236053586E-1
1.005886657E1,9.232041359E0,3.615244627E-1,-7.685387731E-1
1.006090114E1,9.222464561E0,1.867477298E-1,-7.038952708E-1
1.006297034E1,9.220070839E0,1.005564705E-1,-6.727706790E-1
1.006500491E1,9.239224434E0,-8.140286058E-2,-6.153098345E-1
1.006702761E1,9.248801231E0,-2.322375625E-1,-5.506663918E-1
1.006905880E1,9.255983353E0,-3.112462163E-1,-5.219359994E-1
1.007105941E1,9.244012833E0,-4.548983276E-1,-4.525041282E-1
1.007305945E1,9.248801231E0,-5.985504389E-1,-3.711012602E-1
1.007512853E1,9.258378029E0,-6.775590777E-1,-3.351882398E-1
1.007716349E1,9.263166428E0,-8.044517636E-1,-2.537853718E-1
1.007918845E1,9.253589630E0,-9.552865028E-1,-1.580173075E-1
1.008118868E1,9.263166428E0,-1.024718285E0,-1.005564705E-1
1.008325772E1,9.229647636E0,-1.156399369E0,1.436521020E-2
1.008529257E1,9.193734169E0,-1.280897856E0,1.340752989E-1
1.008731268E1,9.174580574E0,-1.340752959E0,1.939303428E-1
1.008950484E1,9.112331390E0,-1.474828243E0,3.088520169E-1
1.009131818E1,9.083600998E0,-1.596932530E0,4.477157295E-1
1.009331776E1,9.071630478E0,-1.651999116E0,5.147533417E-1
1.009538680E1,9.052476883E0,-1.776497602E0,6.296750307E-1
1.009742153E1,9.035717010E0,-1.917755604E0,7.445967197E-1
1.009949049E1,9.002198219E0,-1.963245392E0,8.571242094E-1
1.010152522E1,8.995016098E0,-2.035071373E0,9.074024558E-1
1.010359384E1,8.980650902E0,-2.118868589E0,1.003170490E0
1.010562853E1,8.963891029E0,-2.207453966E0,1.094150186E0
1.010765164E1,8.956708908E0,-2.236184359E0,1.122880578E0
1.010977157E1,8.920795441E0,-2.303221941E0,1.182735682E0
1.011172384E1,8.889671326E0,-2.363077164E0,1.223437071E0
1.011372357E1,8.870517731E0,-2.394201756E0,1.233013868E0
1.011579199E1,8.853757858E0,-2.425326347E0,1.252167463E0
1.011782676E1,8.844181061E0,-2.442085743E0,1.252167463E0
1.011989495E1,8.834604263E0,-2.444479942E0,1.252167463E0
1.012192930E1,8.805873871E0,-2.434903145E0,1.247379065E0
1.012399807E1,8.820239067E0,-2.408566952E0,1.230619669E0
1.012603280E1,8.817844391E0,-2.391807556E0,1.221042871E0
1.012805457E1,8.813055992E0,-2.336740971E0,1.192312479E0
1.013005834E1,8.813055992E0,-2.243366957E0,1.146822572E0
1.013205891E1,8.803479195E0,-2.209848166E0,1.115697980E0
1.013405876E1,8.793902397E0,-2.128445387E0,1.058237195E0
1.013612768E1,8.767566681E0,-2.006340981E0,9.911994934E-1
1.013816261E1,8.753201485E0,-1.932120800E0,9.600749016E-1
1.014023184E1,8.705317497E0,-1.788468719E0,8.930372596E-1
1.014226672E1,8.657433510E0,-1.649604917E0,7.852981687E-1
1.014433591E1,8.621520042E0,-1.570596337E0,7.326257229E-1
1.014637072E1,8.516175270E0,-1.407790542E0,5.817909837E-1
1.014840261E1,8.406042099E0,-1.216254473E0,3.782838583E-1
1.015043503E1,8.295908928E0,-1.106121182E0,1.221042871E-1
1.015243511E1,8.248024940E0,-8.643068075E-1,-2.154781483E-2
1.015443484E1,8.145073891E0,-6.416460276E-1,-3.280056417E-1
1.015650411E1,8.140285492E0,-5.243301988E-1,-6.440402865E-1
1.015853934E1,8.152256966E0,-2.537853718E-1,-7.996633649E-1
1.016060911E1,8.243236542E0,3.830722719E-2,-1.086967587E0
1.016264384E1,8.434772491E0,3.399766386E-1,-1.302445769E0
1.016471338E1,8.544905663E0,5.003881454E-1,-1.386242747E0
1.016674857E1,8.851364136E0,8.236053586E-1,-1.508347034E0
1.016876745E1,9.203310966E0,1.101332784E0,-1.575384736E0
1.017089422E1,9.370905876E0,1.221042871E0,-1.589749932E0
1.017281099E1,9.730035782E0,1.431732655E0,-1.584961534E0
1.017481091E1,1.007480049E1,1.572990537E0,-1.539471745E0
1.017688011E1,1.023760605E1,1.608903527E0,-1.522712231E0
1.017891464E1,1.055364132E1,1.673547029E0,-1.489193439E0
1.018098391E1,1.084812832E1,1.699883223E0,-1.450886250E0
1.018301853E1,1.097023201E1,1.699883223E0,-1.441309452E0
1.018508734E1,1.125035381E1,1.666364431E0,-1.446097851E0
1.018712203E1,1.157596493E1,1.618480325E0,-1.513135433E0
1.018913991E1,1.174595356E1,1.584961534E0,-1.565807939E0
1.019125984E1,1.209790134E1,1.482010841E0,-1.714248419E0
1.019321280E1,1.251209831E1,1.316810966E0,-1.908178806E0
1.019521245E1,1.273954678E1,1.211466074E0,-2.030282974E0
1.019728172E1,1.322556973E1,9.648633003E-1,-2.365471363E0
1.019931718E1,1.375708294E1,6.895300746E-1,-2.767697096E0
1.020138611E1,1.427662468E1,5.195417404E-1,-2.975992680E0
1.020342107E1,1.454956341E1,1.340752989E-1,-3.447650433E0
1.020548999E1,1.506431675E1,-2.896983922E-1,-3.962403774E0
1.020752438E1,1.551921558E1,-7.374141216E-1,-4.493916512E0
1.020953891E1,1.572272301E1,-9.576807022E-1,-4.771644115E0
1.021155834E1,1.606030464E1,-1.400607944E0,-5.331887245E0
1.021355795E1,1.628775406E1,-1.824381709E0,-5.841852188E0
1.021555703E1,1.635000420E1,-2.013523579E0,-6.078877926E0
1.021762564E1,1.636436844E1,-2.329558372E0,-6.528987885E0
1.021966041E1,1.625184059E1,-2.600103140E0,-6.883329868E0
1.022172926E1,1.615846634E1,-2.715024710E0,-7.034164429E0
1.022376414E1,1.585679817E1,-2.906560898E0,-7.266402245E0
1.022583299E1,1.544020653E1,-3.026270866E0,-7.343016624E0
1.022786711E1,1.519599819E1,-3.055001259E0,-7.328651428E0
1.022988518E1,1.464772606E1,-3.064578056E0,-7.204153061E0
1.023191657E1,1.406832886E1,-3.007117271E0,-6.943184853E0
1.023391741E1,1.376426601E1,-2.954444885E0,-6.770802498E0
1.023591768E1,1.313219643E1,-2.837129116E0,-6.368576527E0
1.023798695E1,1.250491524E1,-2.683900118E0,-5.925649166E0
1.024002180E1,1.218888092E1,-2.600103140E0,-5.693411827E0
1.024209118E1,1.156878281E1,-2.420537949E0,-5.224148273E0
1.024412557E1,1.095586681E1,-2.224213362E0,-4.733336926E0
1.024619407E1,1.064701462E1,-2.114080191E0,-4.484339714E0
1.024822834E1,1.003649330E1,-1.891419291E0,-4.005499363E0
1.025024153E1,9.447520256E0,-1.656787634E0,-3.526659012E0
1.025236764E1,8.882488251E0,-1.534683347E0,-3.083731890E0
1.025425295E1,8.604761124E0,-1.290474772E0,-2.861071110E0
1.025625257E1,8.061277390E0,-1.048660398E0,-2.401384354E0
1.025832145E1,7.797914982E0,-9.385270476E-1,-2.176329374E0
1.026035587E1,7.280767441E0,-7.278373241E-1,-1.723825216E0
1.026242464E1,6.775590897E0,-5.219359994E-1,-1.280897856E0
1.026445891E1,6.536170483E0,-4.094084799E-1,-1.063025594E0
1.026652764E1,6.066906929E0,-2.130839527E-1,-6.224924326E-1
1.026856191E1,5.597643375E0,-3.830722719E-2,-1.795651317E-1
1.027058068E1,5.169081688E0,9.816227108E-2,2.513911724E-1
1.027270060E1,4.946420670E0,1.604115069E-1,4.692635238E-1
1.027465307E1,4.505887508E0,2.609679997E-1,9.145850539E-1
1.027665326E1,4.103661537E0,3.351882398E-1,1.352723956E0
1.027872284E1,3.914519787E0,3.639186621E-1,1.563413739E0
1.028075776E1,3.581725836E0,4.022258818E-1,1.965639591E0
1.028282710E1,3.275267839E0,4.477157295E-1,2.322375536E0
1.028486214E1,3.148375273E0,4.716577232E-1,2.475604534E0
1.028693172E1,2.964021683E0,4.932055473E-1,2.760514498E0
1.028896687E1,2.899378300E0,5.267243981E-1,3.007117271E0
1.029098026E1,2.906560898E0,5.315127969E-1,3.110068083E0
1.029298360E1,2.997540474E0,5.267243981E-1,3.241749048E0
1.029498441E1,3.205836058E0,4.908113480E-1,3.272873640E0
1.029698434E1,3.344699860E0,4.548983276E-1,3.244143248E0
1.029905357E1,3.679888010E0,3.327940404E-1,3.138798475E0
1.030108860E1,4.072536945E0,1.915361285E-1,2.937685490E0
1.030315753E1,4.278438568E0,1.149216816E-1,2.815581083E0
1.030519211E1,4.702212334E0,-6.943184882E-2,2.530671120E0
1.030726045E1,5.121197224E0,-2.729389966E-1,2.197877169E0
1.030929518E1,5.341464043E0,-3.711012602E-1,2.020706177E0
1.031131334E1,5.772420406E0,-5.961562395E-1,1.630451322E0
1.031334568E1,6.189011574E0,-8.212111592E-1,1.244984865E0
1.031534576E1,6.402095318E0,-9.385270476E-1,1.039083481E0
1.031734503E1,6.811503887E0,-1.175553083E0,6.248866320E-1
1.031941372E1,7.216124058E0,-1.414973259E0,1.915361285E-1
1.032144818E1,7.412448406E0,-1.544260144E0,-2.873042040E-2
1.032347218E1,7.793126583E0,-1.769315004E0,-4.764461517E-1
1.032547149E1,8.178592682E0,-1.991975784E0,-9.074024558E-1
1.032753991E1,8.360552788E0,-2.099714994E0,-1.122880578E0
1.032957422E1,8.726864815E0,-2.298433542E0,-1.549048543E0
1.033158799E1,9.109937668E0,-2.497152328E0,-1.934514999E0
1.033377960E1,9.459490776E0,-2.681505919E0,-2.260126352E0
1.033559284E1,9.622296333E0,-2.765302896E0,-2.410961151E0
1.033759234E1,9.979032516E0,-2.944868088E0,-2.717418909E0
1.033966111E1,1.016338634E1,-3.023876667E0,-2.858676910E0
1.034169534E1,1.050815105E1,-3.177105665E0,-3.052607059E0
1.034376376E1,1.082897472E1,-3.311181068E0,-3.222595453E0
1.034579761E1,1.111388397E1,-3.361459255E0,-3.335123062E0
1.034786534E1,1.125753593E1,-3.440467834E0,-3.380612850E0
1.034989914E1,1.153286934E1,-3.488351822E0,-3.445256233E0
1.035191626E1,1.181059742E1,-3.500322819E0,-3.495534420E0
1.035403637E1,1.193748951E1,-3.476380825E0,-3.507505417E0
1.035598810E1,1.219606304E1,-3.406949043E0,-3.505111217E0
1.035798749E1,1.245463753E1,-3.277662039E0,-3.519476414E0
1.036005599E1,1.257195282E1,-3.193865061E0,-3.519476414E0
1.036209030E1,1.275391293E1,-3.011905670E0,-3.519476414E0
1.036415864E1,1.289277649E1,-2.815581083E0,-3.538630009E0
1.036619268E1,1.293587208E1,-2.729389906E0,-3.533841610E0
1.036826076E1,1.295741940E1,-2.552218914E0,-3.507505417E0
1.037029503E1,1.289277649E1,-2.310404539E0,-3.454833031E0
1.037230911E1,1.283770943E1,-2.190694571E0,-3.426102638E0
1.037431107E1,1.267011547E1,-1.965639591E0,-3.332728863E0
1.037631137E1,1.243069553E1,-1.721431017E0,-3.215412855E0
1.037831049E1,1.229183197E1,-1.606509328E0,-3.155557871E0
1.038037911E1,1.200213337E1,-1.395819545E0,-3.033453465E0
1.038241368E1,1.170046329E1,-1.170764685E0,-2.901772499E0
1.038448253E1,1.155681133E1,-1.067813993E0,-2.839523315E0
1.038651634E1,1.126950741E1,-8.714894056E-1,-2.738966703E0
1.038858453E1,1.099178028E1,-6.727706790E-1,-2.674323320E0
1.039061834E1,1.083855152E1,-5.841852427E-1,-2.633621931E0
1.039263653E1,1.053209305E1,-4.141969085E-1,-2.554613113E0
1.039466845E1,1.026154804E1,-2.466027737E-1,-2.497152328E0
1.039666853E1,1.013944435E1,-1.819593310E-1,-2.456450939E0
1.039866826E1,9.897629738E0,-6.703764945E-2,-2.401384354E0
1.040073676E1,9.646238327E0,1.436521020E-2,-2.367865562E0
1.040277118E1,9.540893555E0,5.267243832E-2,-2.353500366E0
1.040484003E1,9.308655739E0,7.900865376E-2,-2.322375536E0
1.040687426E1,9.076418877E0,7.182604820E-2,-2.276885748E0
1.040894276E1,8.836998940E0,5.267243832E-2,-2.240972757E0
1.041097684E1,8.731653214E0,2.873042040E-2,-2.217030764E0
1.041298976E1,8.518569946E0,-5.985504389E-2,-2.176329374E0
1.041511514E1,8.274360657E0,-1.340752989E-1,-2.116474390E0
1.041703234E1,8.171410561E0,-1.843535304E-1,-2.082955360E0
1.041903184E1,8.001421928E0,-2.849099934E-1,-2.006340981E0
1.042110049E1,7.862558365E0,-3.974374831E-1,-1.922544003E0
1.042313464E1,7.778761387E0,-4.572925270E-1,-1.879448295E0
1.042520287E1,7.613561630E0,-5.913678408E-1,-1.793257117E0
1.042723772E1,7.493851185E0,-7.326257229E-1,-1.685518026E0
1.042930599E1,7.448361397E0,-7.996633649E-1,-1.632845521E0
1.043134053E1,7.323863029E0,-9.265560508E-1,-1.551442742E0
1.043335857E1,7.228095055E0,-1.048660398E0,-1.472434044E0
1.043547845E1,7.173028469E0,-1.096544385E0,-1.438915253E0
1.043743103E1,7.091625214E0,-1.204283476E0,-1.393425345E0
1.043943049E1,7.041347027E0,-1.307234168E0,-1.352723956E0
1.044149907E1,7.019799232E0,-1.359906554E0,-1.340752959E0
1.044353391E1,6.998251438E0,-1.446097851E0,-1.326387763E0
1.044560276E1,6.945579052E0,-1.517923832E0,-1.314416766E0
1.044763710E1,6.933608055E0,-1.570596337E0,-1.316810966E0
1.044970595E1,6.940790653E0,-1.649604917E0,-1.335964561E0
1.045174018E1,6.959944248E0,-1.723825216E0,-1.355118155E0
1.045375287E1,7.015010834E0,-1.752555609E0,-1.369483352E0
1.045575591E1,7.046135426E0,-1.802833915E0,-1.391031146E0
1.045775564E1,7.120356083E0,-1.869871497E0,-1.446097851E0
1.045975503E1,7.158663273E0,-1.893813491E0,-1.472434044E0
1.046182380E1,7.247248650E0,-1.912967205E0,-1.517923832E0
1.046385834E1,7.357381821E0,-1.934514999E0,-1.587355733E0
1.046592722E1,7.477091789E0,-1.920149803E0,-1.644816518E0
1.046796199E1,7.553706169E0,-1.922544003E0,-1.675941229E0
1.047003064E1,7.706935406E0,-1.929726601E0,-1.728613615E0
1.047206526E1,7.867346764E0,-1.903390408E0,-1.790862918E0
1.047406441E1,7.953537941E0,-1.893813491E0,-1.821987510E0
1.047609580E1,8.123526573E0,-1.833958507E0,-1.898601890E0
1.047809576E1,8.300697327E0,-1.769315004E0,-1.989581585E0
1.048009499E1,8.398859978E0,-1.731007814E0,-2.032677174E0
1.048216364E1,8.595184326E0,-1.649604917E0,-2.104503393E0
1.048419799E1,8.793902397E0,-1.541865945E0,-2.135627985E0
1.048626618E1,8.899248123E0,-1.484405041E0,-2.157175779E0
1.048830099E1,9.057265282E0,-1.362300754E0,-2.205059767E0
1.049036949E1,9.229647636E0,-1.259350061E0,-2.260126352E0
1.049240410E1,9.332598686E0,-1.201889277E0,-2.286462545E0
1.049443207E1,9.507374763E0,-1.058237195E0,-2.334346771E0
1.049655864E1,9.667786598E0,-9.504981041E-1,-2.425326347E0
1.049847664E1,9.770736694E0,-8.978256583E-1,-2.475604534E0
1.050047607E1,9.955090523E0,-7.637503147E-1,-2.557007313E0
1.050254507E1,1.013704967E1,-6.536170840E-1,-2.638410330E0
1.050457941E1,1.023760605E1,-5.913678408E-1,-2.683900118E0
1.050664764E1,1.039801788E1,-4.764461517E-1,-2.772485495E0
1.050868199E1,1.054406452E1,-3.615244627E-1,-2.880224705E0
1.051075003E1,1.061828423E1,-3.016694188E-1,-2.916137695E0
1.051278414E1,1.074278259E1,-1.939303428E-1,-3.011905670E0
1.051480834E1,1.081221485E1,-8.379705995E-2,-3.110068083E0
1.051692699E1,1.085531044E1,2.873042040E-2,-3.205836058E0
1.051887914E1,1.088404083E1,8.619125932E-2,-3.248931646E0
1.052087803E1,1.090798283E1,1.651999205E-1,-3.359065056E0
1.052294622E1,1.089840603E1,2.513911724E-1,-3.445256233E0
1.052497991E1,1.087925243E1,2.920926213E-1,-3.485957623E0
1.052704764E1,1.080503273E1,3.830722570E-1,-3.584120035E0
1.052908149E1,1.074038887E1,4.668693244E-1,-3.672705412E0
1.053114968E1,1.069489861E1,5.075707436E-1,-3.713406801E0
1.053318372E1,1.058716011E1,5.793967843E-1,-3.806780815E0
1.053520437E1,1.047942066E1,6.177040339E-1,-3.897760391E0
1.053720545E1,1.041477776E1,6.440402865E-1,-3.936067581E0
1.053920545E1,1.025197124E1,6.679822803E-1,-4.003105164E0
1.054120468E1,1.009156036E1,6.919242740E-1,-4.043806553E0
1.054327284E1,9.993397713E0,6.991068721E-1,-4.070142746E0
1.054530730E1,9.794678688E0,7.038952708E-1,-4.110844135E0
1.054737610E1,9.598354340E0,6.943184733E-1,-4.127603531E0
1.054941064E1,9.497797966E0,6.751648784E-1,-4.120420933E0
1.055147934E1,9.267954826E0,6.224924326E-1,-4.118026733E0
1.055351303E1,9.038111687E0,5.865794420E-1,-4.094084740E0
1.055553603E1,8.911218643E0,5.698199868E-1,-4.079719543E0
1.055756845E1,8.678980827E0,5.195417404E-1,-4.053383350E0
1.055956818E1,8.444349289E0,4.548983276E-1,-4.012681961E0
1.056156791E1,8.336610794E0,4.165911078E-1,-3.983951569E0
1.056363676E1,8.128314972E0,3.471592367E-1,-3.912125587E0
1.056567164E1,7.946355343E0,2.633621991E-1,-3.852270603E0
1.056769645E1,7.845798969E0,2.178723514E-1,-3.813963413E0
1.056969618E1,7.627926826E0,1.268926859E-1,-3.742137194E0
1.057176484E1,7.450755596E0,2.873042040E-2,-3.653551817E0
1.057379930E1,7.357381821E0,-2.633621916E-2,-3.610456228E0
1.057581210E1,7.208941460E0,-1.268926859E-1,-3.529053211E0
1.057800418E1,7.038952827E0,-2.274491638E-1,-3.426102638E0
1.057981714E1,6.962338448E0,-2.753331959E-1,-3.387795448E0
1.058181684E1,6.866570473E0,-3.806780577E-1,-3.296815634E0
1.058388495E1,6.763619900E0,-4.812345505E-1,-3.210624456E0
1.058591887E1,6.732495308E0,-5.339069963E-1,-3.169923067E0
1.058798695E1,6.665457726E0,-6.584054828E-1,-3.102885485E0
1.059002134E1,6.579266071E0,-7.757213712E-1,-3.050212860E0
1.059209014E1,6.507440090E0,-8.379706144E-1,-2.985569477E0
1.059412395E1,6.469132900E0,-9.241618514E-1,-2.947262287E0
1.059614272E1,6.411672115E0,-1.041477680E0,-2.863465309E0
1.059826249E1,6.344634533E0,-1.146822572E0,-2.801215887E0
1.060021553E1,6.291962147E0,-1.189918280E0,-2.765302896E0
1.060221495E1,6.227318764E0,-1.292868972E0,-2.686294317E0
1.060428314E1,6.193799973E0,-1.398213744E0,-2.621650934E0
1.060631718E1,6.160281181E0,-1.458068848E0,-2.604891539E0
1.060838537E1,6.124367714E0,-1.544260144E0,-2.590526342E0
1.061041937E1,6.095637321E0,-1.608903527E0,-2.592920542E0
1.061248737E1,6.088454723E0,-1.640028119E0,-2.592920542E0
1.061452095E1,6.062118530E0,-1.719036818E0,-2.564189911E0
1.061653353E1,6.047753334E0,-1.759738207E0,-2.537853718E0
1.061853572E1,6.028599739E0,-1.774103403E0,-2.530671120E0
1.062053460E1,5.995080948E0,-1.833958507E0,-2.516305923E0
1.062253422E1,5.978321552E0,-1.874659896E0,-2.492363930E0
1.062460272E1,5.961562157E0,-1.884236693E0,-2.485181332E0
1.062663691E1,5.932831764E0,-1.920149803E0,-2.468421936E0
1.062870530E1,5.889736176E0,-1.927332401E0,-2.461239338E0
1.063073999E1,5.861005783E0,-1.934514999E0,-2.451662540E0
1.063280857E1,5.810727596E0,-1.956062794E0,-2.420537949E0
1.063484322E1,5.779603004E0,-1.977610588E0,-2.398990154E0
1.063685903E1,5.762843609E0,-1.968033791E0,-2.384624958E0
1.063889110E1,5.707777023E0,-1.939303398E0,-2.355894566E0
1.064089145E1,5.655104637E0,-1.908178806E0,-2.322375536E0
1.064289130E1,5.635950565E0,-1.893813491E0,-2.298433542E0
1.064496026E1,5.595249176E0,-1.886630893E0,-2.255337954E0
1.064699483E1,5.544970989E0,-1.877054095E0,-2.224213362E0
1.064906349E1,5.528211594E0,-1.869871497E0,-2.207453966E0
1.065109780E1,5.480327606E0,-1.845929503E0,-2.161964178E0
1.065316603E1,5.463568211E0,-1.817199111E0,-2.123656988E0
1.065520037E1,5.420472622E0,-1.805228114E0,-2.082955360E0
1.065721303E1,5.394136429E0,-1.810016513E0,-2.063801765E0
1.065933930E1,5.324704647E0,-1.774103403E0,-2.018311977E0
1.066125695E1,5.260061264E0,-1.745373011E0,-1.984793186E0
1.066325645E1,5.240907669E0,-1.740584612E0,-1.984793186E0
1.066532526E1,5.209783077E0,-1.738190413E0,-1.977610588E0
1.066735949E1,5.202600479E0,-1.704671621E0,-1.965639591E0
1.066942806E1,5.204994678E0,-1.697489023E0,-1.956062794E0
1.067146253E1,5.207388878E0,-1.683123827E0,-1.941697598E0
1.067353076E1,5.197812080E0,-1.690306425E0,-1.936909199E0
1.067556506E1,5.202600479E0,-1.687912226E0,-1.946485996E0
1.067757991E1,5.236119270E0,-1.661576033E0,-1.958456993E0
1.067969937E1,5.272032261E0,-1.642422318E0,-1.975216389E0
1.068165226E1,5.300762653E0,-1.637633920E0,-1.987187386E0
1.068365183E1,5.334281445E0,-1.616086125E0,-2.006340981E0
1.068572022E1,5.415684223E0,-1.594538331E0,-2.039859772E0
1.068775460E1,5.468356609E0,-1.582567334E0,-2.063801765E0
1.068982360E1,5.592854977E0,-1.580173135E0,-2.109291792E0
1.069185814E1,5.707777023E0,-1.575384736E0,-2.166752577E0
1.069392706E1,5.770026207E0,-1.568202138E0,-2.190694571E0
1.069596145E1,5.887341976E0,-1.551442742E0,-2.257732153E0
1.069797614E1,6.021417141E0,-1.537077546E0,-2.336740971E0
1.069997826E1,6.074089527E0,-1.529894829E0,-2.382230759E0
1.070197791E1,6.224924564E0,-1.505952835E0,-2.477998734E0
1.070397760E1,6.347028732E0,-1.460463047E0,-2.578555346E0
1.070604622E1,6.411672115E0,-1.431732655E0,-2.631227732E0
1.070808064E1,6.507440090E0,-1.347935557E0,-2.724601507E0
1.071014907E1,6.641515732E0,-1.292868972E0,-2.822763920E0
1.071218403E1,6.804321289E0,-1.256955862E0,-2.873042107E0
1.071425291E1,6.866570473E0,-1.163581967E0,-3.007117271E0
1.071628737E1,6.964732647E0,-1.063025594E0,-3.117250681E0
1.071830518E1,7.062894821E0,-9.528923035E-1,-3.217807055E0
1.072033660E1,7.086836815E0,-8.930372596E-1,-3.275267839E0
1.072233680E1,7.146692276E0,-7.924807668E-1,-3.394978046E0
1.072433603E1,7.173028469E0,-7.350199223E-1,-3.493140221E0
1.072640457E1,7.177816868E0,-6.344634295E-1,-3.533841610E0
1.072843918E1,7.192182064E0,-5.219359994E-1,-3.608062029E0
1.073050780E1,7.201758862E0,-3.878606856E-1,-3.670311213E0
1.073254245E1,7.194576263E0,-3.160346150E-1,-3.696647406E0
1.073461130E1,7.149086475E0,-1.843535304E-1,-3.720589399E0
1.073664591E1,7.115567684E0,-5.027823523E-2,-3.730166197E0
1.073867433E1,7.086836815E0,-4.788403399E-3,-3.734954596E0
1.074080022E1,6.995857239E0,8.619125932E-2,-3.780444384E0
1.074271703E1,6.895300865E0,1.915361285E-1,-3.830722809E0
1.074471680E1,6.828263283E0,2.202665508E-1,-3.869029999E0
1.074678549E1,6.687005520E0,2.896983922E-1,-3.936067581E0
1.074882033E1,6.521805286E0,3.447650373E-1,-3.998316765E0
1.075088930E1,6.418854713E0,3.734954596E-1,-4.019864559E0
1.075292410E1,6.200982571E0,3.998316824E-1,-4.036623955E0
1.075499295E1,5.975927353E0,3.998316824E-1,-4.048594952E0
1.075702737E1,5.868188381E0,3.950432837E-1,-4.048594952E0
1.075904626E1,5.621585369E0,3.567360640E-1,-4.041412354E0
1.076116664E1,5.379771233E0,2.944868207E-1,-3.986345768E0
1.076311960E1,5.262455463E0,2.442085743E-1,-3.952826977E0
1.076511964E1,5.035006046E0,1.149216816E-1,-3.883395195E0
1.076718864E1,4.795586109E0,-4.788403213E-2,-3.813963413E0
1.076922349E1,4.592078686E0,-1.364694983E-1,-3.768473387E0
1.077129283E1,4.496310711E0,-3.471592367E-1,-3.737348795E0
1.077332791E1,4.314351559E0,-5.770025849E-1,-3.701435804E0
1.077539672E1,4.175487995E0,-8.283938169E-1,-3.682282209E0
1.077743114E1,4.125209332E0,-9.576807022E-1,-3.672705412E0
1.077944495E1,4.015076160E0,-1.204283476E0,-3.675099611E0
1.078144780E1,3.950432777E0,-1.434126854E0,-3.691859007E0
1.078344818E1,3.933673382E0,-1.570596337E0,-3.691859007E0
1.078544818E1,3.885789394E0,-1.819593310E0,-3.696647406E0
1.078751718E1,3.885789394E0,-2.049436569E0,-3.699041605E0
1.078955222E1,3.890577793E0,-2.166752577E0,-3.703830004E0
1.079162083E1,3.950432777E0,-2.391807556E0,-3.708618402E0
1.079365564E1,4.082113743E0,-2.638410330E0,-3.742137194E0
1.079572445E1,4.175487995E0,-2.755726099E0,-3.763684988E0
1.079775933E1,4.355052948E0,-3.002328873E0,-3.804386616E0
1.079977895E1,4.582501888E0,-3.189076662E0,-3.842693806E0
1.080181126E1,4.709394932E0,-3.277662039E0,-3.881000996E0
1.080381164E1,5.015852451E0,-3.450044632E0,-3.983951569E0
1.080581160E1,5.353435040E0,-3.610456228E0,-4.091690540E0
1.080788014E1,5.518634796E0,-3.679888010E0,-4.156333923E0
1.080991526E1,5.911283970E0,-3.809175014E0,-4.326322556E0
1.081194006E1,6.294356346E0,-3.914519787E0,-4.508281708E0
1.081393991E1,6.485892296E0,-3.950432777E0,-4.599261284E0
1.081600930E1,6.873753071E0,-4.007893562E0,-4.762067318E0
1.081804433E1,7.235277653E0,-4.022258759E0,-4.924872875E0
1.082005803E1,7.410054207E0,-4.029441357E0,-5.001487255E0
1.082225045E1,7.747636795E0,-4.031835556E0,-5.118803024E0
1.082406403E1,8.054094315E0,-4.031835556E0,-5.221754074E0
1.082606387E1,8.188169479E0,-4.019864559E0,-5.260061264E0
1.082813272E1,8.434772491E0,-3.971980572E0,-5.310339451E0
1.083016741E1,8.621520042E0,-3.919308186E0,-5.336675644E0
1.083223691E1,8.695740700E0,-3.888183594E0,-5.334281445E0
1.083427183E1,8.846575737E0,-3.811569214E0,-5.322310448E0
1.083634133E1,8.968679428E0,-3.703830004E0,-5.293580055E0
1.083837568E1,9.038111687E0,-3.648763418E0,-5.248090267E0
1.084039641E1,9.062053680E0,-3.502717018E0,-5.214571476E0
1.084253418E1,9.083600998E0,-3.320757866E0,-5.137956619E0
1.084445210E1,9.035717010E0,-3.246537447E0,-5.027823448E0
1.084645176E1,9.026140213E0,-3.071760893E0,-4.967968464E0
1.084852076E1,8.961497307E0,-2.885013103E0,-4.857835293E0
1.085055526E1,8.868123055E0,-2.683900118E0,-4.707000732E0
1.085262395E1,8.810662270E0,-2.588132143E0,-4.639962673E0
1.085465853E1,8.676587105E0,-2.410961151E0,-4.505887508E0
1.085672722E1,8.552088737E0,-2.231395960E0,-4.386177540E0
1.085876206E1,8.492233276E0,-2.135627985E0,-4.331110954E0
1.086078376E1,8.386888504E0,-1.960851192E0,-4.230554581E0
1.086278587E1,8.303091049E0,-1.771709204E0,-4.139574528E0
1.086478630E1,8.250418663E0,-1.690306425E0,-4.108449936E0
1.086678595E1,8.192957878E0,-1.520318031E0,-4.070142746E0
1.086885433E1,8.149862289E0,-1.326387763E0,-4.101267338E0
1.087088872E1,8.149862289E0,-1.247379065E0,-4.129997730E0
1.087295733E1,8.121131897E0,-1.077390790E0,-4.187458992E0
1.087499168E1,8.101978302E0,-9.145850539E-1,-4.247313976E0
1.087706026E1,8.087613106E0,-8.475474119E-1,-4.283226967E0
1.087909445E1,8.039729118E0,-7.134721279E-1,-4.378994942E0
1.088111856E1,8.020575523E0,-5.506663918E-1,-4.510675907E0
1.088312076E1,7.991845131E0,-4.884171486E-1,-4.587290287E0
1.088512026E1,7.948749542E0,-3.734954596E-1,-4.757278919E0
1.088711926E1,7.929595947E0,-2.442085743E-1,-4.951209068E0
1.088918687E1,7.931990147E0,-1.747767180E-1,-5.054159641E0
1.089122072E1,7.943961143E0,-5.746084079E-2,-5.288791656E0
1.089328883E1,7.999027729E0,4.788403213E-2,-5.566518784E0
1.089532280E1,8.015787125E0,1.053448766E-1,-5.712565422E0
1.089739145E1,8.030152321E0,2.130839527E-1,-5.985504150E0
1.089942503E1,8.056488991E0,3.112462163E-1,-6.253654957E0
1.090144418E1,8.082824707E0,3.447650373E-1,-6.394912720E0
1.090357030E1,8.123526573E0,4.285621047E-1,-6.706159115E0
1.090548810E1,8.219294548E0,4.979939461E-1,-7.010222435E0
1.090748756E1,8.276755333E0,5.315127969E-1,-7.165845871E0
1.090955649E1,8.401253700E0,5.985504389E-1,-7.484274387E0
1.091159037E1,8.494627953E0,6.464344859E-1,-7.773972988E0
1.091365826E1,8.580819130E0,6.823474765E-1,-8.056488991E0
1.091569222E1,8.643068314E0,7.038952708E-1,-8.202534676E0
1.091776106E1,8.762778282E0,7.589619160E-1,-8.468291283E0
1.091979510E1,8.908824921E0,7.996633649E-1,-8.712499619E0
1.092181349E1,8.997409821E0,8.164227605E-1,-8.832210541E0
1.092393491E1,9.129091263E0,8.068459630E-1,-9.035717010E0
1.092585264E1,9.241618156E0,8.164227605E-1,-9.220070839E0
1.092785176E1,9.294290543E0,8.259995580E-1,-9.308655739E0
1.092992030E1,9.370905876E0,8.236053586E-1,-9.473855972E0
1.093195464E1,9.454702377E0,8.116343617E-1,-9.595960617E0
1.093402295E1,9.512163162E0,8.068459630E-1,-9.646238327E0
1.093605772E1,9.605537415E0,7.924807668E-1,-9.737217903E0
1.093812656E1,9.655815125E0,7.565677166E-1,-9.789890289E0
1.094016210E1,9.689333916E0,7.422025204E-1,-9.804255486E0
1.094217560E1,9.770736694E0,7.230489254E-1,-9.847352028E0
1.094417891E1,9.818621635E0,6.775590777E-1,-9.842563629E0
1.094617937E1,9.837775230E0,6.560112834E-1,-9.835380554E0
1.094817918E1,9.892841339E0,5.841852427E-1,-9.842563629E0
1.095024826E1,9.940725327E0,4.860229492E-1,-9.840168953E0
1.095228272E1,9.959878922E0,4.429273009E-1,-9.801861763E0
1.095435168E1,9.964667320E0,3.543418646E-1,-9.696516991E0
1.095638656E1,9.988609314E0,2.370259613E-1,-9.591172218E0
1.095845510E1,1.001973438E1,1.867477298E-1,-9.555258751E0
1.096048972E1,1.007480049E1,7.661445439E-2,-9.493009567E0
1.096250837E1,1.008677197E1,-3.351882473E-2,-9.416395187E0
1.096454060E1,1.009634876E1,-9.337386489E-2,-9.375694275E0
1.096654068E1,1.007958889E1,-2.154781520E-1,-9.294290543E0
1.096854068E1,1.003409958E1,-3.543418646E-1,-9.217676163E0
1.097060937E1,9.974244118E0,-4.309563041E-1,-9.188945770E0
1.097264399E1,9.928754807E0,-5.698199868E-1,-9.107542992E0
1.097471280E1,9.866505623E0,-7.302315235E-1,-9.021351814E0
1.097674749E1,9.782708168E0,-9.026140571E-1,-8.920795441E0
1.097881603E1,9.749189377E0,-9.911994934E-1,-8.882488251E0
1.098085060E1,9.670180321E0,-1.192312479E0,-8.801085472E0
1.098286476E1,9.564835548E0,-1.410184860E0,-8.695740700E0
1.098498949E1,9.514557838E0,-1.513135433E0,-8.645462036E0
1.098690680E1,9.382876396E0,-1.728613615E0,-8.532935143E0
1.098890633E1,9.232041359E0,-1.941697598E0,-8.458714485E0
1.099097476E1,9.143456459E0,-2.054224968E0,-8.432378769E0
1.099300930E1,8.963891029E0,-2.255337954E0,-8.379706383E0
1.099507799E1,8.803479195E0,-2.420537949E0,-8.353369713E0
1.099711276E1,8.702922821E0,-2.499546528E0,-8.334216118E0
1.099918168E1,8.506598473E0,-2.674323320E0,-8.305485725E0
1.100121633E1,8.346187592E0,-2.846705914E0,-8.295908928E0
1.100323526E1,8.255207062E0,-2.920926094E0,-8.288725853E0
1.100535499E1,8.109161377E0,-3.050212860E0,-8.262390137E0
1.100730814E1,7.977479935E0,-3.179499865E0,-8.248024940E0
1.100930760E1,7.903259754E0,-3.222595453E0,-8.240841866E0
1.101137649E1,7.783549786E0,-3.330334663E0,-8.221688271E0
1.101341126E1,7.709329605E0,-3.409343243E0,-8.231265068E0
1.101548018E1,7.673416615E0,-3.447650433E0,-8.250418663E0
1.101751510E1,7.671022415E0,-3.471592426E0,-8.288725853E0
1.101958445E1,7.690176010E0,-3.454833031E0,-8.339004517E0
1.102161937E1,7.706935406E0,-3.442862034E0,-8.386888504E0
1.102363380E1,7.714118004E0,-3.430891037E0,-8.427590370E0
1.102563545E1,7.757213593E0,-3.428496838E0,-8.497021675E0
1.102763502E1,7.795520782E0,-3.394978046E0,-8.518569946E0
1.102963402E1,7.821856976E0,-3.325546265E0,-8.576030731E0
1.103170210E1,7.903259754E0,-3.222595453E0,-8.619126320E0
1.103373603E1,7.936778545E0,-3.095702887E0,-8.681375504E0
1.103580445E1,7.953537941E0,-3.026270866E0,-8.690952301E0
1.103783876E1,8.022970200E0,-2.885013103E0,-8.710105896E0
1.103990730E1,8.039729118E0,-2.715024710E0,-8.762778282E0
1.104194168E1,8.056488991E0,-2.628833532E0,-8.777143478E0
1.104395776E1,8.068459511E0,-2.439691544E0,-8.817844391E0
1.104599002E1,8.082824707E0,-2.267308950E0,-8.899248123E0
1.104798976E1,8.099584579E0,-2.171540976E0,-8.951920509E0
1.104998945E1,8.123526573E0,-1.977610588E0,-9.038111687E0
1.105205895E1,8.149862289E0,-1.774103403E0,-9.105149269E0
1.105409406E1,8.159439087E0,-1.675941229E0,-9.138668060E0
1.105611852E1,8.166622162E0,-1.479616642E0,-9.188945770E0
1.105811887E1,8.152256966E0,-1.283292055E0,-9.215282440E0
1.106018829E1,8.149862289E0,-1.194706678E0,-9.224859238E0
1.106222356E1,8.137891769E0,-1.007958889E0,-9.246406555E0
1.106423726E1,8.125920296E0,-8.403648138E-1,-9.267954826E0
1.106642895E1,8.140285492E0,-7.493851185E-1,-9.289502144E0
1.106824276E1,8.159439087E0,-5.793967843E-1,-9.330204010E0
1.107024279E1,8.180987358E0,-4.381389022E-1,-9.327810287E0
1.107231152E1,8.190564156E0,-3.639186621E-1,-9.311050415E0
1.107434629E1,8.216899872E0,-2.633621991E-1,-9.284713745E0
1.107641518E1,8.233659744E0,-1.532289088E-1,-9.212887764E0
1.107845002E1,8.248024940E0,-1.101332754E-1,-9.176975250E0
1.108051926E1,8.307879448E0,-1.915361360E-2,-9.088389397E0
1.108255441E1,8.386888504E0,5.027823523E-2,-8.990227699E0
1.108457291E1,8.441955566E0,6.943184882E-2,-8.954314232E0
1.108669299E1,8.528146744E0,1.101332754E-1,-8.868123055E0
1.108864641E1,8.592789650E0,1.436520964E-1,-8.798690796E0
1.109064664E1,8.635885239E0,1.532289088E-1,-8.774748802E0
1.109271541E1,8.705317497E0,1.675941199E-1,-8.717288017E0
1.109475022E1,8.829815865E0,1.699883193E-1,-8.678980827E0
1.109681876E1,9.062053680E0,1.436520964E-1,-8.657433510E0
1.109885379E1,9.191340446E0,1.173158810E-1,-8.645462036E0
1.110092218E1,9.488221169E0,8.379705995E-2,-8.635885239E0
1.110295722E1,9.787496567E0,5.267243832E-2,-8.669404030E0
1.110497029E1,9.967061996E0,3.112462163E-2,-8.690952301E0
1.110697433E1,1.034774017E1,-2.394201607E-2,-8.734047890E0
1.110897491E1,1.072841740E1,-3.351882473E-2,-8.769960403E0
1.111097460E1,1.089361763E1,-5.267243832E-2,-8.774748802E0
1.111304368E1,1.119289303E1,-7.182604820E-2,-8.796297073E0
1.111507826E1,1.143710136E1,-8.619125932E-2,-8.839392662E0
1.111714741E1,1.156638813E1,-9.816227108E-2,-8.848969460E0
1.111918210E1,1.181299114E1,-1.101332754E-1,-8.899248123E0
1.112125095E1,1.201649857E1,-9.337386489E-2,-8.995016098E0
1.112328637E1,1.211944866E1,-8.619125932E-2,-9.023746490E0
1.112530526E1,1.233732128E1,-8.858546615E-2,-9.090784073E0
1.112730495E1,1.243787766E1,-6.943184882E-2,-9.227252960E0
1.112930537E1,1.245942593E1,-5.267243832E-2,-9.299078941E0
1.113130510E1,1.247379112E1,-6.703764945E-2,-9.373299599E0
1.113337406E1,1.239717674E1,-1.101332754E-1,-9.442731857E0
1.113540899E1,1.233971596E1,-1.173158810E-1,-9.512163162E0
1.113747760E1,1.211944866E1,-1.628057212E-1,-9.600749016E0
1.113951206E1,1.184650993E1,-1.628057212E-1,-9.799467087E0
1.114158060E1,1.170764637E1,-1.675941199E-1,-9.933543205E0
1.114361491E1,1.135330486E1,-2.250549644E-1,-1.010353088E1
1.114562756E1,1.095107841E1,-2.873041928E-1,-1.021845245E1
1.114775206E1,1.053927612E1,-3.040636182E-1,-1.029985619E1
1.114966903E1,1.038604736E1,-3.423708379E-1,-1.050575733E1
1.115166864E1,1.016817474E1,-4.022258818E-1,-1.059194851E1
1.115373783E1,1.006043530E1,-4.453215301E-1,-1.062307262E1
1.115577253E1,1.001015759E1,-5.219359994E-1,-1.076193619E1
1.115784118E1,1.009874249E1,-5.698199868E-1,-1.096065521E1
1.115987576E1,1.001733971E1,-6.224924326E-1,-1.101572227E1
1.116194464E1,9.976638794E0,-7.541735172E-1,-1.109712505E1
1.116397922E1,9.962273598E0,-8.403648138E-1,-1.124317074E1
1.116599706E1,9.957485199E0,-9.074024558E-1,-1.136048698E1
1.116811695E1,9.969455719E0,-9.504981041E-1,-1.140837097E1
1.117006964E1,9.923966408E0,-1.007958889E0,-1.148019695E1
1.117206860E1,9.902418137E0,-1.089361787E0,-1.148738003E1
1.117413706E1,9.947908401E0,-1.118092179E0,-1.148259163E1
1.117617129E1,1.007001209E1,-1.173158884E0,-1.140837097E1
1.117823979E1,1.028788471E1,-1.228225470E0,-1.124317074E1
1.118027403E1,1.038125896E1,-1.261744261E0,-1.114740276E1
1.118234233E1,1.058955383E1,-1.328781962E0,-1.092953110E1
1.118437618E1,1.079784966E1,-1.376665950E0,-1.067095661E1
1.118639014E1,1.087925243E1,-1.403002143E0,-1.053209305E1
1.118839145E1,1.102051067E1,-1.441309452E0,-1.022802925E1
1.119039168E1,1.106599998E1,-1.460463047E0,-9.991003990E0
1.119239114E1,1.105642319E1,-1.462857246E0,-9.888052940E0
1.119445968E1,1.105642319E1,-1.465251446E0,-9.667786598E0
1.119649403E1,1.105642319E1,-1.472434044E0,-9.464279175E0
1.119856237E1,1.105881786E1,-1.482010841E0,-9.366117477E0
1.120059672E1,1.103008747E1,-1.472434044E0,-9.212887764E0
1.120266529E1,1.099178028E1,-1.412579060E0,-9.076418877E0
1.120469995E1,1.096304989E1,-1.400607944E0,-9.011775017E0
1.120671933E1,1.088164711E1,-1.367089152E0,-8.882488251E0
1.120875195E1,1.072362900E1,-1.302445769E0,-8.791508675E0
1.121075229E1,1.064701462E1,-1.259350061E0,-8.741230011E0
1.121275187E1,1.052012253E1,-1.199495077E0,-8.633491516E0
1.121482095E1,1.037168217E1,-1.122880578E0,-8.516175270E0
1.121685545E1,1.028549004E1,-1.077390790E0,-8.444349289E0
1.121892433E1,1.014183807E1,-9.983820915E-1,-8.276755333E0
1.122095879E1,9.962273598E0,-8.858546019E-1,-8.085219383E0
1.122302737E1,9.797073364E0,-7.661445141E-1,-7.838616371E0
1.122506187E1,9.679757118E0,-6.847416759E-1,-7.735665798E0
1.122707399E1,9.442731857E0,-5.051765442E-1,-7.486668587E0
1.122919906E1,9.258378029E0,-3.495534360E-1,-7.218518257E0
1.123111545E1,9.184157372E0,-2.657563984E-1,-7.067683220E0
1.123311495E1,9.016563416E0,-8.619125932E-2,-6.744466305E0
1.123518303E1,8.815450668E0,1.053448766E-1,-6.430825710E0
1.123721699E1,8.726864815E0,1.939303428E-1,-6.260837555E0
1.123928456E1,8.583212852E0,3.806780577E-1,-5.932831764E0
1.124131899E1,8.408436775E0,5.363011956E-1,-5.604825974E0
1.124338710E1,8.331821442E0,6.200982332E-1,-5.444414616E0
1.124542172E1,8.209717751E0,7.733271718E-1,-5.135562420E0
1.124743729E1,8.104372978E0,9.241618514E-1,-4.850652695E0
1.124955706E1,8.046912193E0,9.888052940E-1,-4.704606533E0
1.125150999E1,7.927201748E0,1.101332784E0,-4.412513733E0
1.125350933E1,7.826645374E0,1.189918280E0,-4.132391930E0
1.125557764E1,7.795520782E0,1.230619669E0,-3.991134167E0
1.125761226E1,7.776367188E0,1.297657371E0,-3.718195200E0
1.125968026E1,7.766790390E0,1.323993564E0,-3.447650433E0
1.126171441E1,7.773972988E0,1.326387763E0,-3.318363667E0
1.126378283E1,7.752425194E0,1.340752959E0,-3.102885485E0
1.126581756E1,7.709329605E0,1.326387763E0,-2.892195702E0
1.126783291E1,7.699752808E0,1.304839969E0,-2.789244890E0
1.126983610E1,7.706935406E0,1.295263171E0,-2.614468336E0
1.127183552E1,7.692570210E0,1.233013868E0,-2.454056740E0
1.127383510E1,7.699752808E0,1.206677675E0,-2.396595955E0
1.127590333E1,7.692570210E0,1.156399369E0,-2.303221941E0
1.127793768E1,7.680599213E0,1.098938584E0,-2.226607561E0
1.128000614E1,7.704541206E0,1.072602391E0,-2.195482969E0
1.128204049E1,7.697358608E0,9.959878922E-1,-2.181117773E0
1.128410864E1,7.697358608E0,9.457096457E-1,-2.176329374E0
1.128614283E1,7.666234016E0,8.762778044E-1,-2.190694571E0
1.128816510E1,7.639897823E0,8.475474119E-1,-2.209848166E0
1.129019702E1,7.618350029E0,7.781155705E-1,-2.221819162E0
1.129219718E1,7.632715225E0,6.943184733E-1,-2.248155355E0
1.129419672E1,7.635109425E0,6.655880809E-1,-2.267308950E0
1.129626549E1,7.635109425E0,6.153098345E-1,-2.331952572E0
1.129830018E1,7.659051418E0,5.650315881E-1,-2.379836559E0
1.130032456E1,7.661445618E0,5.195417404E-1,-2.408566952E0
1.130232360E1,7.659051418E0,4.405331016E-1,-2.501940727E0
1.130439202E1,7.632715225E0,3.687070608E-1,-2.595314741E0
1.130642637E1,7.642292023E0,3.280056417E-1,-2.636016130E0
1.130844560E1,7.675810814E0,2.705447972E-1,-2.700659513E0
1.131063710E1,7.687781811E0,2.011129409E-1,-2.770091295E0
1.131245083E1,7.692570210E0,1.556231081E-1,-2.808398485E0
1.131445041E1,7.718906403E0,7.422025502E-2,-2.882618904E0
1.131651918E1,7.735665798E0,-1.197100803E-2,-2.956839085E0
1.131855368E1,7.750030994E0,-4.548983276E-2,-2.997540474E0
1.132062179E1,7.750030994E0,-1.460463107E-1,-3.074155092E0
1.132265606E1,7.757213593E0,-2.178723514E-1,-3.153163671E0
1.132472456E1,7.771578789E0,-2.394201756E-1,-3.196259260E0
1.132675829E1,7.793126583E0,-3.016694188E-1,-3.275267839E0
1.132875726E1,7.795520782E0,-3.734954596E-1,-3.327940464E0
1.133087637E1,7.790732384E0,-3.950432837E-1,-3.354276657E0
1.133282852E1,7.819462776E0,-4.429273009E-1,-3.394978046E0
1.133482714E1,7.829039574E0,-4.812345505E-1,-3.428496838E0
1.133689522E1,7.838616371E0,-4.955997467E-1,-3.442862034E0
1.133892876E1,7.850587368E0,-5.219359994E-1,-3.466804028E0
1.134099683E1,7.874529362E0,-5.482721925E-1,-3.500322819E0
1.134303087E1,7.893682957E0,-5.674257874E-1,-3.505111217E0
1.134509883E1,7.943961143E0,-5.770025849E-1,-3.509899616E0
1.134713276E1,7.979874134E0,-5.889736414E-1,-3.509899616E0
1.134916129E1,8.022970200E0,-6.009446383E-1,-3.514688015E0
1.135116295E1,8.049305916E0,-6.200982332E-1,-3.505111217E0
1.135316237E1,8.085219383E0,-6.296750307E-1,-3.497928619E0
1.135516168E1,8.104372978E0,-6.320692301E-1,-3.500322819E0
1.135722976E1,8.176198959E0,-6.488286853E-1,-3.481169224E0
1.135926349E1,8.262390137E0,-6.560112834E-1,-3.476380825E0
1.136133114E1,8.348581314E0,-6.536170840E-1,-3.471592426E0
1.136336491E1,8.396465302E0,-6.512228847E-1,-3.459621429E0
1.136543272E1,8.458714485E0,-6.488286853E-1,-3.435679436E0
1.136746610E1,8.544905663E0,-6.631938815E-1,-3.414131641E0
1.136949622E1,8.585607529E0,-6.799532771E-1,-3.406949043E0
1.137152837E1,8.662221909E0,-6.871358752E-1,-3.383007050E0
1.137352849E1,8.731653214E0,-7.015010715E-1,-3.354276657E0
1.137552818E1,8.781931877E0,-7.086837292E-1,-3.349488258E0
1.137759664E1,8.865729332E0,-7.326257229E-1,-3.337517262E0
1.137963118E1,8.930372238E0,-7.613561153E-1,-3.330334663E0
1.138169945E1,8.954314232E0,-7.709329724E-1,-3.327940464E0
1.138373379E1,9.009381294E0,-7.829039693E-1,-3.320757866E0
1.138580264E1,9.062053680E0,-8.116343617E-1,-3.318363667E0
1.138783702E1,9.100360870E0,-8.259995580E-1,-3.330334663E0
1.138986487E1,9.157821655E0,-8.523358107E-1,-3.354276657E0
1.139199018E1,9.208099365E0,-8.786720037E-1,-3.373430252E0
1.139390802E1,9.227252960E0,-8.906430602E-1,-3.399766445E0
1.139590722E1,9.275136948E0,-8.954314590E-1,-3.435679436E0
1.139797583E1,9.282320023E0,-8.978256583E-1,-3.481169224E0
1.140000983E1,9.289502144E0,-9.097966552E-1,-3.505111217E0
1.140207837E1,9.296685219E0,-9.169792533E-1,-3.562572241E0
1.140411260E1,9.306262016E0,-9.097966552E-1,-3.629609823E0
1.140618087E1,9.315838814E0,-9.050082564E-1,-3.651157618E0
1.140821576E1,9.325415611E0,-9.002198577E-1,-3.711012602E0
1.141024872E1,9.332598686E0,-8.762778044E-1,-3.727771997E0
1.141236868E1,9.325415611E0,-8.667010069E-1,-3.859453201E0
1.141432091E1,9.332598686E0,-8.738836050E-1,-3.914519787E0
1.141632022E1,9.325415611E0,-8.571242094E-1,-3.964797974E0
1.141838879E1,9.284713745E0,-8.331822157E-1,-4.005499363E0
1.142042329E1,9.277531624E0,-8.307880163E-1,-4.024652958E0
1.142249152E1,9.263166428E0,-8.212111592E-1,-4.055777550E0
1.142452568E1,9.251194954E0,-8.092401624E-1,-4.074931145E0
1.142659379E1,9.241618156E0,-8.092401624E-1,-4.096478939E0
1.142862856E1,9.217676163E0,-7.924807668E-1,-4.106055737E0
1.143065648E1,9.165003777E0,-7.589619160E-1,-4.122815132E0
1.143265906E1,9.148244858E0,-7.374141216E-1,-4.127603531E0
1.143465856E1,9.119514465E0,-7.302315235E-1,-4.134786129E0
1.143665795E1,9.074024200E0,-7.206547260E-1,-4.146757126E0
1.143872618E1,9.050082207E0,-7.134721279E-1,-4.151545525E0
1.144076052E1,9.006986618E0,-6.871358752E-1,-4.177882195E0
1.144282898E1,8.968679428E0,-6.847416759E-1,-4.182670593E0
1.144486314E1,8.944737434E0,-6.775590777E-1,-4.182670593E0
1.144693141E1,8.916007042E0,-6.823474765E-1,-4.182670593E0
1.144896591E1,8.860940933E0,-6.631938815E-1,-4.165910721E0
1.145099875E1,8.846575737E0,-6.512228847E-1,-4.153939724E0
1.145303002E1,8.825027466E0,-6.440402865E-1,-4.139574528E0
1.145502999E1,8.793902397E0,-6.392518282E-1,-4.137180328E0
1.145702968E1,8.791508675E0,-6.296750307E-1,-4.139574528E0
1.145909806E1,8.779537201E0,-6.057330370E-1,-4.129997730E0
1.146113252E1,8.746018410E0,-5.937620401E-1,-4.115632534E0
1.146320102E1,8.712499619E0,-5.841852427E-1,-4.110844135E0
1.146523575E1,8.702922821E0,-5.985504389E-1,-4.077325344E0
1.146730418E1,8.726864815E0,-5.793967843E-1,-4.043806553E0
1.146933868E1,8.741230011E0,-5.578489900E-1,-3.995922565E0
1.147136641E1,8.731653214E0,-5.578489900E-1,-3.971980572E0
1.147349156E1,8.726864815E0,-5.386953950E-1,-3.936067581E0
1.147540925E1,8.753201485E0,-5.554547906E-1,-3.907337189E0
1.147740910E1,8.762778282E0,-5.530605912E-1,-3.890577793E0
1.147947764E1,8.781931877E0,-5.410895944E-1,-3.861847401E0
1.148151175E1,8.836998940E0,-5.291185975E-1,-3.828328609E0
1.148358033E1,8.863334656E0,-5.195417404E-1,-3.813963413E0
1.148561495E1,8.892065048E0,-5.027823448E-1,-3.770867586E0
1.148768329E1,8.942343712E0,-4.908113480E-1,-3.732560396E0
1.148971729E1,8.966285706E0,-4.692635238E-1,-3.708618402E0
1.149171649E1,8.990227699E0,-4.477157295E-1,-3.653551817E0
1.149383568E1,9.023746490E0,-4.572925270E-1,-3.581725836E0
1.149578829E1,9.038111687E0,-4.548983276E-1,-3.550601006E0
1.149778760E1,9.076418877E0,-4.716577232E-1,-3.471592426E0
1.149985579E1,9.117119789E0,-4.860229492E-1,-3.380612850E0
1.150189002E1,9.136273384E0,-4.979939461E-1,-3.342305660E0
1.150395852E1,9.196128845E0,-4.908113480E-1,-3.268085241E0
1.150599295E1,9.246406555E0,-4.979939461E-1,-3.189076662E0
1.150806133E1,9.270348549E0,-5.003881454E-1,-3.153163671E0
1.151009506E1,9.315838814E0,-5.003881454E-1,-3.078943491E0
1.151212460E1,9.361329079E0,-5.219359994E-1,-3.016694069E0
1.151414352E1,9.392453194E0,-5.339069963E-1,-2.992752075E0
1.151614379E1,9.409213066E0,-5.482721925E-1,-2.947262287E0
1.151814272E1,9.454702377E0,-5.434837937E-1,-2.908955097E0
1.152021152E1,9.481039047E0,-5.410895944E-1,-2.882618904E0
1.152224525E1,9.500192642E0,-5.506663918E-1,-2.837129116E0
1.152431360E1,9.514557838E0,-5.410895944E-1,-2.789244890E0
1.152634702E1,9.533711433E0,-5.650315881E-1,-2.753331900E0
1.152841560E1,9.555258751E0,-5.770025849E-1,-2.731784105E0
1.153044975E1,9.562441826E0,-5.865794420E-1,-2.681505919E0
1.153247529E1,9.572018623E0,-5.841852427E-1,-2.638410330E0
1.153450599E1,9.569623947E0,-5.841852427E-1,-2.616862535E0
1.153650602E1,9.583989143E0,-5.865794420E-1,-2.576161146E0
1.153850491E1,9.562441826E0,-6.057330370E-1,-2.530671120E0
1.154057306E1,9.555258751E0,-6.248866320E-1,-2.504334927E0
1.154260706E1,9.545681953E0,-6.464344859E-1,-2.454056740E0
1.154463141E1,9.538499832E0,-6.679822803E-1,-2.420537949E0
1.154663079E1,9.538499832E0,-6.679822803E-1,-2.391807556E0
1.154869891E1,9.545681953E0,-6.679822803E-1,-2.353500366E0
1.155073287E1,9.538499832E0,-6.727706790E-1,-2.331952572E0
1.155275337E1,9.540893555E0,-6.799532771E-1,-2.317587137E0
1.155494445E1,9.528923035E0,-7.158663273E-1,-2.288856745E0
1.155675718E1,9.516951561E0,-7.134721279E-1,-2.262520552E0
1.155875606E1,9.509769440E0,-7.134721279E-1,-2.245761156E0
1.156082410E1,9.500192642E0,-7.326257229E-1,-2.219424963E0
1.156285818E1,9.490615845E0,-7.254431248E-1,-2.178723574E0
1.156492591E1,9.481039047E0,-7.326257229E-1,-2.157175779E0
1.156695979E1,9.466673851E0,-7.326257229E-1,-2.140416384E0
1.156902806E1,9.459490776E0,-7.398083210E-1,-2.094926596E0
1.157106175E1,9.461885452E0,-7.350199223E-1,-2.073378563E0
1.157309360E1,9.461885452E0,-7.374141216E-1,-2.025494576E0
1.157521333E1,9.461885452E0,-7.278373241E-1,-1.987187386E0
1.157716552E1,9.457097054E0,-7.182605267E-1,-1.970427990E0
1.157916468E1,9.445125580E0,-7.182605267E-1,-1.944091797E0
1.158123272E1,9.430760384E0,-6.967126727E-1,-1.908178806E0
1.158326675E1,9.447520256E0,-6.967126727E-1,-1.891419291E0
1.158533564E1,9.464279175E0,-6.751648784E-1,-1.860294700E0
1.158737010E1,9.430760384E0,-6.703764796E-1,-1.838746905E0
1.158943887E1,9.423578262E0,-6.440402865E-1,-1.829170108E0
1.159147318E1,9.423578262E0,-6.296750307E-1,-1.821987510E0
1.159350041E1,9.428366661E0,-6.129156351E-1,-1.781286120E0
1.159550337E1,9.423578262E0,-6.129156351E-1,-1.762132406E0
1.159750279E1,9.425971985E0,-6.153098345E-1,-1.759738207E0
1.159950229E1,9.418789864E0,-5.961562395E-1,-1.742978811E0
1.160157072E1,9.414001465E0,-5.722141862E-1,-1.723825216E0
1.160360498E1,9.421183586E0,-5.650315881E-1,-1.721431017E0
1.160567379E1,9.411606789E0,-5.482721925E-1,-1.704671621E0
1.160770822E1,9.421183586E0,-5.386953950E-1,-1.690306425E0
1.160977687E1,9.421183586E0,-5.243301988E-1,-1.680729628E0
1.161181114E1,9.409213066E0,-5.075707436E-1,-1.640028119E0
1.161381095E1,9.416395187E0,-4.979939461E-1,-1.618480325E0
1.161584248E1,9.399636269E0,-4.932055473E-1,-1.606509328E0
1.161784187E1,9.387664795E0,-4.836287498E-1,-1.589749932E0
1.161984095E1,9.390059471E0,-4.572925270E-1,-1.565807939E0
1.162190902E1,9.380482674E0,-4.477157295E-1,-1.553836942E0
1.162394345E1,9.378087997E0,-4.405331016E-1,-1.539471745E0
1.162601222E1,9.375694275E0,-4.453215301E-1,-1.505952835E0
1.162804699E1,9.387664795E0,-4.525041282E-1,-1.498770237E0
1.163011525E1,9.380482674E0,-4.405331016E-1,-1.482010841E0
1.163214968E1,9.397241592E0,-4.405331016E-1,-1.472434044E0
1.163417806E1,9.399636269E0,-4.477157295E-1,-1.467645645E0
1.163630360E1,9.421183586E0,-4.716577232E-1,-1.443703651E0
1.163822195E1,9.421183586E0,-4.812345505E-1,-1.436521053E0
1.164022218E1,9.433155060E0,-5.075707436E-1,-1.436521053E0
1.164229191E1,9.464279175E0,-5.267243981E-1,-1.407790542E0
1.164432683E1,9.497797966E0,-5.602431893E-1,-1.393425345E0
1.164639602E1,9.538499832E0,-5.650315881E-1,-1.395819545E0
1.164843087E1,9.569623947E0,-5.841852427E-1,-1.381454349E0
1.165050033E1,9.598354340E0,-6.081272364E-1,-1.371877551E0
1.165253529E1,9.636661530E0,-6.177040339E-1,-1.345541358E0
1.165456741E1,9.660603523E0,-6.248866320E-1,-1.335964561E0
1.165668741E1,9.691728592E0,-6.584054828E-1,-1.331176162E0
1.165863914E1,9.725247383E0,-6.775590777E-1,-1.316810966E0
1.166063879E1,9.730035782E0,-6.775590777E-1,-1.312022567E0
1.166270779E1,9.753977776E0,-7.015010715E-1,-1.300051570E0
1.166474260E1,9.773131371E0,-7.134721279E-1,-1.278503656E0
1.166681214E1,9.792284966E0,-7.158663273E-1,-1.273715258E0
1.166884656E1,9.789890289E0,-7.278373241E-1,-1.261744261E0
1.167091491E1,9.770736694E0,-7.206547260E-1,-1.252167463E0
1.167294925E1,9.777919769E0,-7.110779285E-1,-1.230619669E0
1.167497783E1,9.794678688E0,-7.110779285E-1,-1.199495077E0
1.167697845E1,9.794678688E0,-7.086837292E-1,-1.204283476E0
1.167897748E1,9.794678688E0,-7.038952708E-1,-1.197100878E0
1.168097675E1,9.789890289E0,-6.799532771E-1,-1.165976286E0
1.168304510E1,9.797073364E0,-6.584054828E-1,-1.144428372E0
1.168507956E1,9.789890289E0,-6.536170840E-1,-1.130063176E0
1.168714806E1,9.792284966E0,-6.392518282E-1,-1.103726983E0
1.168918222E1,9.753977776E0,-6.440402865E-1,-1.084573388E0
1.169125025E1,9.746794701E0,-6.464344859E-1,-1.072602391E0
1.169328445E1,9.734824181E0,-6.392518282E-1,-1.041477680E0
1.169528418E1,9.725247383E0,-6.416460276E-1,-1.024718285E0
1.169731606E1,9.725247383E0,-6.320692301E-1,-1.015141487E0
1.169931648E1,9.715670586E0,-6.224924326E-1,-9.983820915E-1
1.170131606E1,9.696516991E0,-6.153098345E-1,-9.816226959E-1
1.170338518E1,9.706093788E0,-6.153098345E-1,-9.720458984E-1
1.170541998E1,9.732429504E0,-6.344634295E-1,-9.337386489E-1
1.170748898E1,9.727641106E0,-6.177040339E-1,-9.265560508E-1
1.170952410E1,9.737217903E0,-6.081272364E-1,-8.978256583E-1
1.171159214E1,9.744400978E0,-6.105214357E-1,-8.954314590E-1
1.171362710E1,9.756371498E0,-6.248866320E-1,-8.858546019E-1
1.171565610E1,9.763554573E0,-6.224924326E-1,-8.595184088E-1
1.171778195E1,9.765948296E0,-6.248866320E-1,-8.475474119E-1
1.171970037E1,9.768342972E0,-6.200982332E-1,-8.236053586E-1
1.172170048E1,9.775525093E0,-6.200982332E-1,-7.972691655E-1
1.172376995E1,9.773131371E0,-6.177040339E-1,-7.900865674E-1
1.172580502E1,9.785101891E0,-6.177040339E-1,-7.948749661E-1
1.172787368E1,9.792284966E0,-6.081272364E-1,-7.852981687E-1
1.172990837E1,9.794678688E0,-6.009446383E-1,-7.733271718E-1
1.173197737E1,9.821015358E0,-5.937620401E-1,-7.613561153E-1
1.173401168E1,9.837775230E0,-6.105214357E-1,-7.374141216E-1
1.173601110E1,9.832986832E0,-5.961562395E-1,-7.254431248E-1
1.173813033E1,9.840168953E0,-5.865794420E-1,-7.230489254E-1
1.174008302E1,9.837775230E0,-5.770025849E-1,-7.134721279E-1
1.174208295E1,9.837775230E0,-5.817909837E-1,-7.134721279E-1
1.174415241E1,9.844957352E0,-5.722141862E-1,-7.182605267E-1
1.174618795E1,9.849745750E0,-5.698199868E-1,-7.158663273E-1
1.174825729E1,9.852140427E0,-5.770025849E-1,-7.206547260E-1
1.175029237E1,9.852140427E0,-5.817909837E-1,-7.422025204E-1
1.175236141E1,9.842563629E0,-5.985504389E-1,-7.709329724E-1
1.175439614E1,9.844957352E0,-5.985504389E-1,-7.876923680E-1
1.175642348E1,9.847352028E0,-5.793967843E-1,-7.972691655E-1
1.175842525E1,9.861717224E0,-5.793967843E-1,-8.236053586E-1
1.176042510E1,9.868899345E0,-5.817909837E-1,-8.331822157E-1
1.176242441E1,9.878476143E0,-5.865794420E-1,-8.427590132E-1
1.176449298E1,9.895236015E0,-6.224924326E-1,-8.810662031E-1
1.176652764E1,9.909601212E0,-6.224924326E-1,-8.906430602E-1
1.176859664E1,9.911994934E0,-6.009446383E-1,-8.954314590E-1
1.177063156E1,9.923966408E0,-6.129156351E-1,-9.050082564E-1
1.177270048E1,9.947908401E0,-6.224924326E-1,-9.337386489E-1
1.177473506E1,9.959878922E0,-6.272808313E-1,-9.433154464E-1
1.177676698E1,9.983820915E0,-6.440402865E-1,-9.600749016E-1
1.177879745E1,1.000536919E1,-6.512228847E-1,-9.864110947E-1
1.178079806E1,1.001255131E1,-6.392518282E-1,-9.911994934E-1
1.178279775E1,1.001255131E1,-6.512228847E-1,-9.983820915E-1
1.178486675E1,1.003888798E1,-6.536170840E-1,-1.027112484E0
1.178690156E1,1.004607010E1,-6.607996821E-1,-1.036689281E0
1.178892668E1,1.005085850E1,-6.727706790E-1,-1.048660398E0
1.179092656E1,1.004846478E1,-6.823474765E-1,-1.055842996E0
1.179299506E1,1.004607010E1,-6.823474765E-1,-1.072602391E0
1.179502975E1,1.005085850E1,-6.775590777E-1,-1.077390790E0
1.179705814E1,1.006282997E1,-6.775590777E-1,-1.084573388E0
1.179924918E1,1.007480049E1,-6.727706790E-1,-1.082179189E0
1.180106194E1,1.007958889E1,-6.871358752E-1,-1.079784989E0
1.180306183E1,1.007240677E1,-7.038952708E-1,-1.091755986E0
1.180513079E1,1.006522369E1,-7.038952708E-1,-1.096544385E0
1.180716544E1,1.004846478E1,-7.110779285E-1,-1.089361787E0
1.180923441E1,1.002691650E1,-7.230489254E-1,-1.098938584E0
1.181126925E1,1.000536919E1,-7.062895298E-1,-1.101332784E0
1.181333806E1,9.976638794E0,-7.015010715E-1,-1.094150186E0
1.181537291E1,9.952696800E0,-7.110779285E-1,-1.089361787E0
1.181740622E1,9.940725327E0,-7.110779285E-1,-1.089361787E0
1.181952502E1,9.923966408E0,-7.015010715E-1,-1.079784989E0
1.182147714E1,9.890447617E0,-6.919242740E-1,-1.070208192E0
1.182347629E1,9.866505623E0,-6.943184733E-1,-1.063025594E0
1.182554487E1,9.828198433E0,-7.158663273E-1,-1.046266198E0
1.182757925E1,9.804255486E0,-6.991068721E-1,-1.022324085E0
1.182964779E1,9.804255486E0,-6.919242740E-1,-1.005564690E0
1.183168210E1,9.792284966E0,-6.967126727E-1,-9.983820915E-1
1.183375068E1,9.746794701E0,-6.895300746E-1,-9.792284966E-1
1.183578468E1,9.725247383E0,-6.847416759E-1,-9.481038451E-1
1.183781414E1,9.713275909E0,-6.871358752E-1,-9.337386489E-1
1.183981518E1,9.710882187E0,-6.871358752E-1,-9.074024558E-1
1.184181495E1,9.682151794E0,-6.943184733E-1,-8.930372596E-1
1.184381406E1,9.670180321E0,-7.015010715E-1,-8.834604025E-1
1.184588260E1,9.653421402E0,-6.943184733E-1,-8.619126081E-1
1.184791710E1,9.648633003E0,-6.991068721E-1,-8.307880163E-1
1.184998548E1,9.643844604E0,-7.038952708E-1,-8.044517636E-1
1.185201983E1,9.610325813E0,-7.062895298E-1,-7.589619160E-1
1.185408802E1,9.603142738E0,-6.991068721E-1,-7.326257229E-1
1.185612271E1,9.603142738E0,-7.086837292E-1,-7.182605267E-1
1.185812248E1,9.586383820E0,-7.278373241E-1,-6.943184733E-1
1.186015387E1,9.579200745E0,-7.278373241E-1,-6.799532771E-1
1.186215437E1,9.581595421E0,-7.278373241E-1,-6.679822803E-1
1.186415429E1,9.562441826E0,-7.326257229E-1,-6.464344859E-1
1.186622348E1,9.560047150E0,-7.517793179E-1,-6.368576288E-1
1.186825821E1,9.555258751E0,-7.493851185E-1,-6.392518282E-1
1.187032694E1,9.548076630E0,-7.637503147E-1,-6.368576288E-1
1.187236168E1,9.550470352E0,-7.757213712E-1,-6.392518282E-1
1.187443064E1,9.548076630E0,-7.781155705E-1,-6.416460276E-1
1.187646556E1,9.543288231E0,-7.781155705E-1,-6.296750307E-1
1.187849460E1,9.528923035E0,-7.709329724E-1,-6.224924326E-1
1.188061998E1,9.533711433E0,-7.589619160E-1,-6.033388376E-1
1.188253687E1,9.524134636E0,-7.565677166E-1,-6.081272364E-1
1.188453618E1,9.543288231E0,-7.637503147E-1,-6.057330370E-1
1.188660487E1,9.540893555E0,-7.685387731E-1,-6.009446383E-1
1.188863941E1,9.545681953E0,-7.661445141E-1,-6.129156351E-1
1.189070771E1,9.552865028E0,-7.350199223E-1,-6.224924326E-1
1.189274191E1,9.569623947E0,-7.326257229E-1,-6.416460276E-1
1.189481052E1,9.572018623E0,-7.278373241E-1,-6.416460276E-1
1.189684533E1,9.579200745E0,-7.062895298E-1,-6.512228847E-1
1.189887587E1,9.595960617E0,-6.847416759E-1,-6.631938815E-1
1.190099502E1,9.603142738E0,-6.847416759E-1,-6.679822803E-1
1.190294783E1,9.605537415E0,-6.775590777E-1,-6.895300746E-1
1.190494706E1,9.603142738E0,-6.560112834E-1,-6.943184733E-1
1.190701571E1,9.622296333E0,-6.488286853E-1,-6.919242740E-1
1.190904995E1,9.631873131E0,-6.368576288E-1,-6.871358752E-1
1.191111845E1,9.643844604E0,-6.200982332E-1,-6.871358752E-1
1.191315283E1,9.653421402E0,-6.153098345E-1,-6.895300746E-1
1.191522156E1,9.684545517E0,-6.129156351E-1,-7.015010715E-1
1.191725591E1,9.670180321E0,-5.985504389E-1,-7.086837292E-1
1.191928394E1,9.665391922E0,-5.985504389E-1,-7.062895298E-1
1.192128729E1,9.667786598E0,-6.081272364E-1,-7.062895298E-1
1.192328745E1,9.674968719E0,-5.865794420E-1,-6.967126727E-1
1.192528687E1,9.667786598E0,-5.817909837E-1,-7.015010715E-1
1.192735544E1,9.674968719E0,-5.841852427E-1,-7.134721279E-1
1.192938979E1,9.667786598E0,-5.674257874E-1,-7.182605267E-1
1.193145875E1,9.679757118E0,-5.674257874E-1,-7.110779285E-1
1.193349356E1,9.710882187E0,-5.530605912E-1,-7.062895298E-1
1.193556244E1,9.713275909E0,-5.554547906E-1,-7.015010715E-1
1.193759725E1,9.703699112E0,-5.530605912E-1,-6.991068721E-1
1.193959691E1,9.710882187E0,-5.386953950E-1,-6.871358752E-1
1.194162960E1,9.706093788E0,-5.410895944E-1,-6.895300746E-1
1.194363006E1,9.703699112E0,-5.458779931E-1,-6.871358752E-1
1.194563018E1,9.706093788E0,-5.482721925E-1,-6.679822803E-1
1.194769887E1,9.708487511E0,-5.386953950E-1,-6.631938815E-1
1.194973364E1,9.689333916E0,-5.386953950E-1,-6.775590777E-1
1.195180233E1,9.686940193E0,-5.291185975E-1,-6.751648784E-1
1.195383702E1,9.677363396E0,-5.386953950E-1,-6.847416759E-1
1.195590629E1,9.682151794E0,-5.363011956E-1,-6.847416759E-1
1.195794110E1,9.679757118E0,-5.434837937E-1,-6.847416759E-1
1.195996941E1,9.679757118E0,-5.410895944E-1,-6.751648784E-1
1.196209537E1,9.674968719E0,-5.339069963E-1,-6.823474765E-1
1.196401387E1,9.682151794E0,-5.434837937E-1,-6.775590777E-1
1.196601433E1,9.694122314E0,-5.482721925E-1,-6.655880809E-1
1.196808348E1,9.718064308E0,-5.578489900E-1,-6.727706790E-1
1.197011829E1,9.715670586E0,-5.650315881E-1,-6.607996821E-1
1.197218698E1,9.708487511E0,-5.889736414E-1,-6.416460276E-1
1.197422191E1,9.708487511E0,-6.057330370E-1,-6.296750307E-1
1.197629087E1,9.715670586E0,-6.081272364E-1,-6.248866320E-1
1.197832529E1,9.715670586E0,-6.177040339E-1,-6.224924326E-1
1.198035771E1,9.737217903E0,-6.224924326E-1,-6.200982332E-1
1.198247710E1,9.756371498E0,-6.224924326E-1,-6.153098345E-1
1.198443041E1,9.753977776E0,-6.200982332E-1,-6.129156351E-1
1.198643106E1,9.732429504E0,-6.081272364E-1,-6.129156351E-1
1.198849991E1,9.739612579E0,-6.129156351E-1,-6.081272364E-1
1.199053487E1,9.765948296E0,-6.296750307E-1,-5.817909837E-1
1.199260356E1,9.785101891E0,-6.296750307E-1,-5.889736414E-1
1.199463810E1,9.801861763E0,-6.320692301E-1,-5.817909837E-1
1.199670706E1,9.799467087E0,-6.416460276E-1,-5.793967843E-1
1.199874187E1,9.804255486E0,-6.607996821E-1,-5.722141862E-1
1.200077148E1,9.830592155E0,-6.679822803E-1,-5.722141862E-1
1.200277237E1,9.835380554E0,-6.655880809E-1,-5.722141862E-1
1.200477295E1,9.852140427E0,-6.727706790E-1,-5.817909837E-1
1.200677279E1,9.876082420E0,-6.703764796E-1,-5.722141862E-1
1.200884175E1,9.885659218E0,-6.679822803E-1,-5.746083856E-1
1.201087637E1,9.895236015E0,-6.727706790E-1,-5.817909837E-1
1.201294518E1,9.904812813E0,-6.703764796E-1,-5.770025849E-1
1.201498029E1,9.904812813E0,-6.823474765E-1,-5.674257874E-1
1.201704975E1,9.923966408E0,-6.847416759E-1,-5.506663918E-1
1.201908491E1,9.921571732E0,-6.895300746E-1,-5.530605912E-1
1.202108514E1,9.928754807E0,-6.847416759E-1,-5.482721925E-1
1.202311648E1,9.950302124E0,-6.871358752E-1,-5.458779931E-1
1.202511683E1,9.952696800E0,-7.086837292E-1,-5.363011956E-1
1.202711714E1,9.947908401E0,-7.182605267E-1,-5.482721925E-1
1.202918594E1,9.943120003E0,-7.158663273E-1,-5.602431893E-1
1.203122037E1,9.940725327E0,-7.206547260E-1,-5.554547906E-1
1.203324614E1,9.950302124E0,-7.206547260E-1,-5.578489900E-1
1.203524610E1,9.943120003E0,-6.895300746E-1,-5.674257874E-1
1.203731487E1,9.940725327E0,-6.847416759E-1,-5.578489900E-1
1.203934945E1,9.935936928E0,-6.799532771E-1,-5.626373887E-1
1.204137891E1,9.955090523E0,-6.560112834E-1,-5.650315881E-1
1.204357018E1,9.940725327E0,-6.368576288E-1,-5.674257874E-1
1.204538398E1,9.928754807E0,-6.200982332E-1,-5.698199868E-1
1.204738333E1,9.916783333E0,-6.272808313E-1,-5.650315881E-1
1.204945187E1,9.919178009E0,-6.320692301E-1,-5.602431893E-1
1.205148652E1,9.914389610E0,-6.200982332E-1,-5.626373887E-1
1.205355541E1,9.880870819E0,-5.889736414E-1,-5.506663918E-1
1.205558991E1,9.876082420E0,-5.506663918E-1,-5.410895944E-1
1.205765906E1,9.873687744E0,-5.386953950E-1,-5.458779931E-1
1.205969383E1,9.847352028E0,-5.386953950E-1,-5.386953950E-1
1.206169394E1,9.859322548E0,-5.243301988E-1,-5.171475410E-1
1.206381244E1,9.844957352E0,-5.291185975E-1,-5.123591423E-1
1.206576537E1,9.832986832E0,-5.099649429E-1,-5.171475410E-1
1.206776510E1,9.806650162E0,-4.764461517E-1,-5.075707436E-1
1.206983398E1,9.801861763E0,-4.668693244E-1,-5.003881454E-1
1.207186844E1,9.799467087E0,-4.596867263E-1,-4.836287498E-1
1.207393771E1,9.794678688E0,-4.381389022E-1,-4.620809257E-1
1.207597252E1,9.792284966E0,-4.118026793E-1,-4.644751251E-1
1.207804133E1,9.794678688E0,-4.046200812E-1,-4.525041282E-1
1.208007637E1,9.782708168E0,-3.902548850E-1,-4.572925270E-1
1.208210460E1,9.761159897E0,-3.663128614E-1,-4.501099288E-1
1.208410602E1,9.756371498E0,-3.615244627E-1,-4.381389022E-1
1.208610594E1,9.756371498E0,-3.375824392E-1,-4.285621047E-1
1.208810525E1,9.734824181E0,-3.303998411E-1,-4.213795066E-1
1.209017410E1,9.732429504E0,-3.303998411E-1,-4.261679053E-1
1.209220871E1,9.722852707E0,-2.992752194E-1,-4.237737060E-1
1.209427737E1,9.732429504E0,-2.992752194E-1,-4.285621047E-1
1.209631225E1,9.744400978E0,-3.064578176E-1,-4.381389022E-1
1.209838071E1,9.751583099E0,-3.016694188E-1,-4.381389022E-1
1.210041452E1,9.732429504E0,-2.944868207E-1,-4.357447028E-1
1.210241410E1,9.720458984E0,-2.873041928E-1,-4.333505034E-1
1.210444471E1,9.725247383E0,-2.729389966E-1,-4.620809257E-1
1.210644402E1,9.734824181E0,-2.537853718E-1,-4.692635238E-1
1.210844348E1,9.737217903E0,-2.561795712E-1,-4.716577232E-1
1.211051141E1,9.749189377E0,-2.777273953E-1,-4.955997467E-1
1.211254552E1,9.749189377E0,-2.920926213E-1,-5.099649429E-1
1.211461383E1,9.749189377E0,-2.944868207E-1,-5.075707436E-1
1.211664810E1,9.751583099E0,-2.873041928E-1,-5.147533417E-1
1.211871618E1,9.758766174E0,-2.753331959E-1,-5.243301988E-1
1.212075025E1,9.768342972E0,-2.849099934E-1,-5.386953950E-1
1.212277760E1,9.792284966E0,-3.064578176E-1,-5.602431893E-1
1.212490252E1,9.801861763E0,-3.088520169E-1,-5.770025849E-1
1.212682033E1,9.804255486E0,-3.016694188E-1,-5.841852427E-1
1.212881979E1,9.816226959E0,-3.112462163E-1,-6.105214357E-1
1.213088883E1,9.809044838E0,-3.208230138E-1,-6.200982332E-1
1.213292341E1,9.823410034E0,-3.280056417E-1,-6.296750307E-1
1.213499214E1,9.842563629E0,-3.447650373E-1,-6.440402865E-1
1.213702641E1,9.847352028E0,-3.375824392E-1,-6.584054828E-1
1.213909560E1,9.844957352E0,-3.591302633E-1,-6.775590777E-1
1.214113002E1,9.849745750E0,-3.734954596E-1,-6.895300746E-1
1.214316256E1,9.866505623E0,-3.902548850E-1,-7.110779285E-1
1.214528191E1,9.876082420E0,-3.926490843E-1,-7.182605267E-1
1.214723525E1,9.883264542E0,-3.902548850E-1,-7.230489254E-1
1.214923479E1,9.914389610E0,-3.974374831E-1,-7.350199223E-1
1.215130368E1,9.919178009E0,-3.926490843E-1,-7.637503147E-1
1.215333860E1,9.914389610E0,-4.022258818E-1,-7.661445141E-1
1.215540744E1,9.916783333E0,-4.165911078E-1,-7.876923680E-1
1.215744237E1,9.938331604E0,-4.070142806E-1,-7.948749661E-1
1.215951087E1,9.933543205E0,-4.046200812E-1,-7.924807668E-1
1.216154548E1,9.945513725E0,-4.141969085E-1,-7.948749661E-1
1.216357587E1,9.974244118E0,-4.477157295E-1,-8.164227605E-1
1.216557798E1,9.969455719E0,-4.548983276E-1,-8.164227605E-1
1.216757906E1,9.974244118E0,-4.453215301E-1,-8.188169599E-1
1.216957910E1,9.962273598E0,-4.501099288E-1,-8.164227605E-1
1.217164837E1,9.959878922E0,-4.596867263E-1,-8.140285611E-1
1.217368333E1,9.969455719E0,-4.644751251E-1,-8.212111592E-1
1.217575229E1,9.981427193E0,-4.620809257E-1,-8.307880163E-1
1.217778694E1,9.981427193E0,-4.668693244E-1,-8.307880163E-1
1.217985541E1,9.974244118E0,-4.596867263E-1,-8.307880163E-1
1.218189018E1,9.991003990E0,-4.596867263E-1,-8.140285611E-1
1.218392194E1,9.983820915E0,-4.501099288E-1,-8.020575643E-1
1.218595291E1,9.974244118E0,-4.381389022E-1,-7.972691655E-1
1.218795321E1,9.959878922E0,-4.381389022E-1,-7.996633649E-1
1.218995268E1,9.959878922E0,-4.405331016E-1,-7.852981687E-1
1.219202171E1,9.959878922E0,-4.453215301E-1,-7.733271718E-1
1.219405618E1,9.947908401E0,-4.189853072E-1,-7.781155705E-1
1.219612502E1,9.945513725E0,-4.237737060E-1,-7.781155705E-1
1.219815971E1,9.935936928E0,-4.141969085E-1,-7.805097699E-1
1.220022837E1,9.923966408E0,-3.902548850E-1,-7.781155705E-1
1.220226306E1,9.916783333E0,-3.830722570E-1,-7.709329724E-1
1.220429164E1,9.904812813E0,-3.854664862E-1,-7.661445141E-1
1.220641725E1,9.897629738E0,-3.663128614E-1,-7.852981687E-1
1.220833514E1,9.900024414E0,-3.663128614E-1,-7.924807668E-1
1.221033471E1,9.890447617E0,-3.471592367E-1,-7.948749661E-1
1.221240379E1,9.892841339E0,-3.399766386E-1,-7.972691655E-1
1.221443875E1,9.883264542E0,-3.184288144E-1,-8.044517636E-1
1.221650837E1,9.878476143E0,-2.992752194E-1,-8.188169599E-1
1.221854360E1,9.876082420E0,-2.944868207E-1,-8.427590132E-1
1.222061271E1,9.864110947E0,-2.729389966E-1,-8.379706144E-1
1.222264779E1,9.864110947E0,-2.705447972E-1,-8.283938169E-1
1.222467987E1,9.864110947E0,-2.609679997E-1,-8.499416113E-1
1.222679890E1,9.859322548E0,-2.394201756E-1,-8.667010069E-1
1.222875194E1,9.856928825E0,-2.394201756E-1,-8.786720037E-1
1.223075137E1,9.837775230E0,-2.442085743E-1,-8.738836050E-1
1.223281991E1,9.837775230E0,-2.537853718E-1,-8.810662031E-1
1.223485452E1,9.830592155E0,-2.513911724E-1,-8.834604025E-1
1.223692283E1,9.825803757E0,-2.202665508E-1,-8.954314590E-1
1.223895698E1,9.816226959E0,-2.178723514E-1,-9.050082564E-1
1.224102521E1,9.797073364E0,-2.226607651E-1,-9.193734527E-1
1.224305921E1,9.806650162E0,-2.226607651E-1,-9.217676520E-1
1.224508733E1,9.811438560E0,-2.202665508E-1,-9.217676520E-1
1.224708902E1,9.823410034E0,-2.059013397E-1,-9.193734527E-1
1.224908860E1,9.823410034E0,-1.963245422E-1,-9.145850539E-1
1.225108806E1,9.811438560E0,-2.082955539E-1,-9.169792533E-1
1.225315633E1,9.828198433E0,-2.106897533E-1,-9.217676520E-1
1.225519064E1,9.828198433E0,-2.106897533E-1,-9.193734527E-1
1.225725952E1,9.823410034E0,-2.106897533E-1,-9.097966552E-1
1.225929341E1,9.837775230E0,-2.226607651E-1,-9.241618514E-1
1.226136156E1,9.844957352E0,-2.346317619E-1,-9.241618514E-1
1.226339602E1,9.847352028E0,-2.322375625E-1,-9.313444495E-1
1.226542679E1,9.835380554E0,-2.466027737E-1,-9.145850539E-1
1.226745802E1,9.835380554E0,-2.489969730E-1,-9.097966552E-1
1.226945725E1,9.835380554E0,-2.489969730E-1,-9.074024558E-1
1.227145675E1,9.811438560E0,-2.561795712E-1,-9.074024558E-1
1.227352540E1,9.818621635E0,-2.633621991E-1,-9.002198577E-1
1.227555987E1,9.813833237E0,-2.513911724E-1,-8.858546019E-1
1.227758487E1,9.823410034E0,-2.825157940E-1,-8.858546019E-1
1.227958444E1,9.821015358E0,-2.896983922E-1,-8.810662031E-1
1.228165306E1,9.806650162E0,-3.040636182E-1,-8.667010069E-1
1.228368744E1,9.828198433E0,-3.160346150E-1,-8.738836050E-1
1.228571544E1,9.825803757E0,-3.256114423E-1,-8.738836050E-1
1.228790687E1,9.825803757E0,-3.160346150E-1,-8.786720037E-1
1.228971952E1,9.806650162E0,-3.112462163E-1,-8.690952063E-1
1.229171975E1,9.809044838E0,-3.303998411E-1,-8.643068075E-1
1.229378829E1,9.823410034E0,-3.447650373E-1,-8.690952063E-1
1.229582260E1,9.823410034E0,-3.471592367E-1,-8.810662031E-1
1.229789125E1,9.823410034E0,-3.519476354E-1,-8.786720037E-1
1.229992537E1,9.811438560E0,-3.543418646E-1,-8.858546019E-1
1.230199364E1,9.821015358E0,-3.758896589E-1,-8.882488012E-1
1.230402756E1,9.821015358E0,-3.878606856E-1,-8.786720037E-1
1.230605829E1,9.816226959E0,-3.854664862E-1,-8.690952063E-1
1.230817717E1,9.837775230E0,-3.950432837E-1,-8.619126081E-1
1.231012956E1,9.835380554E0,-3.998316824E-1,-8.451532125E-1
1.231212906E1,9.835380554E0,-4.141969085E-1,-8.451532125E-1
1.231419798E1,9.825803757E0,-4.405331016E-1,-8.427590132E-1
1.231623321E1,9.864110947E0,-4.429273009E-1,-8.331822157E-1
1.231830187E1,9.864110947E0,-4.381389022E-1,-8.259995580E-1
1.232033687E1,9.868899345E0,-4.620809257E-1,-8.236053586E-1
1.232240571E1,9.868899345E0,-4.884171486E-1,-8.355764151E-1
1.232444029E1,9.878476143E0,-4.955997467E-1,-8.259995580E-1
1.232647033E1,9.880870819E0,-5.219359994E-1,-8.164227605E-1
1.232847083E1,9.897629738E0,-5.195417404E-1,-8.379706144E-1
1.233047064E1,9.907206535E0,-5.243301988E-1,-8.355764151E-1
1.233246990E1,9.909601212E0,-5.267243981E-1,-8.403648138E-1
1.233453925E1,9.902418137E0,-5.075707436E-1,-8.571242094E-1
1.233657356E1,9.897629738E0,-5.027823448E-1,-8.714894056E-1
1.233864221E1,9.897629738E0,-5.099649429E-1,-8.858546019E-1
1.234067656E1,9.883264542E0,-5.219359994E-1,-8.978256583E-1
1.234274525E1,9.868899345E0,-5.147533417E-1,-9.097966552E-1
1.234478010E1,9.871294022E0,-5.123591423E-1,-9.193734527E-1
1.234677937E1,9.861717224E0,-5.051765442E-1,-9.289502501E-1
1.234880987E1,9.856928825E0,-5.003881454E-1,-9.385270476E-1
1.235080956E1,9.852140427E0,-4.836287498E-1,-9.576807022E-1
1.235280925E1,9.832986832E0,-4.788403511E-1,-9.504981041E-1
1.235487741E1,9.823410034E0,-4.764461517E-1,-9.528923035E-1
1.235691194E1,9.811438560E0,-4.501099288E-1,-9.624691010E-1
1.235898025E1,9.801861763E0,-4.285621047E-1,-9.696516991E-1
1.236101506E1,9.792284966E0,-4.261679053E-1,-9.672574997E-1
1.236308387E1,9.787496567E0,-4.070142806E-1,-9.576807022E-1
1.236511875E1,9.768342972E0,-3.926490843E-1,-9.648633003E-1
1.236714721E1,9.758766174E0,-3.687070608E-1,-9.624691010E-1
1.236927256E1,9.756371498E0,-3.711012602E-1,-9.672574997E-1
1.237119098E1,9.758766174E0,-3.615244627E-1,-9.624691010E-1
1.237319114E1,9.765948296E0,-3.495534360E-1,-9.433154464E-1
1.237525998E1,9.753977776E0,-3.471592367E-1,-9.433154464E-1
1.237729494E1,9.753977776E0,-3.495534360E-1,-9.433154464E-1
1.237936421E1,9.756371498E0,-3.543418646E-1,-9.217676520E-1
1.238139914E1,9.749189377E0,-3.375824392E-1,-9.193734527E-1
1.238346833E1,9.753977776E0,-3.256114423E-1,-9.169792533E-1
1.238550298E1,9.773131371E0,-3.280056417E-1,-9.145850539E-1
1.238753529E1,9.770736694E0,-3.232172430E-1,-9.121908545E-1
1.238965533E1,9.770736694E0,-3.280056417E-1,-8.978256583E-1
1.239160871E1,9.773131371E0,-3.208230138E-1,-8.930372596E-1
1.239360894E1,9.765948296E0,-3.208230138E-1,-8.834604025E-1
1.239567894E1,9.753977776E0,-3.280056417E-1,-8.930372596E-1
1.239771452E1,9.756371498E0,-3.232172430E-1,-8.954314590E-1
1.239978414E1,9.758766174E0,-3.184288144E-1,-8.858546019E-1
1.240181990E1,9.770736694E0,-3.160346150E-1,-8.810662031E-1
1.240388937E1,9.768342972E0,-2.944868207E-1,-8.762778044E-1
1.240592471E1,9.773131371E0,-2.801215947E-1,-8.738836050E-1
1.240795302E1,9.765948296E0,-2.681505978E-1,-8.690952063E-1
1.240995541E1,9.789890289E0,-2.825157940E-1,-8.810662031E-1
1.241195560E1,9.799467087E0,-2.801215947E-1,-8.930372596E-1
1.241395587E1,9.794678688E0,-2.705447972E-1,-9.074024558E-1
1.241602537E1,9.787496567E0,-2.561795712E-1,-8.978256583E-1
1.241806014E1,9.792284966E0,-2.513911724E-1,-9.121908545E-1
1.242012952E1,9.809044838E0,-2.442085743E-1,-9.193734527E-1
1.242216433E1,9.787496567E0,-2.442085743E-1,-9.409212470E-1
1.242423402E1,9.782708168E0,-2.394201756E-1,-9.409212470E-1
1.242626894E1,9.775525093E0,-2.322375625E-1,-9.385270476E-1
1.242830079E1,9.785101891E0,-2.082955539E-1,-9.481038451E-1
1.243033183E1,9.804255486E0,-2.106897533E-1,-9.576807022E-1
1.243233187E1,9.792284966E0,-2.106897533E-1,-9.576807022E-1
1.243433171E1,9.785101891E0,-2.106897533E-1,-9.576807022E-1
1.243640040E1,9.794678688E0,-2.178723514E-1,-9.481038451E-1
1.243843510E1,9.797073364E0,-2.178723514E-1,-9.504981041E-1
1.244050425E1,9.797073364E0,-2.226607651E-1,-9.624691010E-1
1.244253933E1,9.792284966E0,-2.059013397E-1,-9.576807022E-1
1.244460833E1,9.799467087E0,-2.130839527E-1,-9.528923035E-1
1.244664337E1,9.816226959E0,-2.106897533E-1,-9.552865028E-1
1.244867152E1,9.806650162E0,-2.154781520E-1,-9.457096457E-1
1.245079752E1,9.806650162E0,-2.154781520E-1,-9.433154464E-1
1.245271514E1,9.804255486E0,-2.154781520E-1,-9.409212470E-1
1.245471510E1,9.804255486E0,-2.394201756E-1,-9.409212470E-1
1.245678429E1,9.816226959E0,-2.322375625E-1,-9.409212470E-1
1.245881933E1,9.818621635E0,-2.442085743E-1,-9.385270476E-1
1.246088817E1,9.821015358E0,-2.513911724E-1,-9.433154464E-1
1.246292290E1,9.825803757E0,-2.585737705E-1,-9.433154464E-1
1.246499206E1,9.825803757E0,-2.633621991E-1,-9.385270476E-1
1.246702725E1,9.840168953E0,-2.537853718E-1,-9.361328483E-1
1.246905917E1,9.842563629E0,-2.561795712E-1,-9.265560508E-1
1.247117890E1,9.847352028E0,-2.705447972E-1,-9.313444495E-1
1.247313260E1,9.842563629E0,-2.777273953E-1,-9.385270476E-1
1.247513264E1,9.842563629E0,-2.849099934E-1,-9.337386489E-1
1.247720160E1,9.840168953E0,-2.849099934E-1,-9.241618514E-1
1.247923694E1,9.837775230E0,-2.825157940E-1,-9.241618514E-1
1.248130629E1,9.844957352E0,-2.968810201E-1,-9.121908545E-1
1.248334167E1,9.842563629E0,-2.992752194E-1,-9.169792533E-1
1.248541129E1,9.837775230E0,-3.232172430E-1,-9.289502501E-1
1.248744698E1,9.844957352E0,-3.303998411E-1,-9.313444495E-1
1.248947737E1,9.849745750E0,-3.327940404E-1,-9.337386489E-1
1.249147875E1,9.840168953E0,-3.447650373E-1,-9.504981041E-1
1.249347917E1,9.844957352E0,-3.495534360E-1,-9.409212470E-1
1.249547975E1,9.844957352E0,-3.495534360E-1,-9.337386489E-1
1.249754940E1,9.842563629E0,-3.471592367E-1,-9.433154464E-1
1.249958490E1,9.816226959E0,-3.423708379E-1,-9.481038451E-1
1.250165406E1,9.806650162E0,-3.375824392E-1,-9.433154464E-1
1.250368925E1,9.809044838E0,-3.543418646E-1,-9.337386489E-1
1.250575883E1,9.811438560E0,-3.734954596E-1,-9.313444495E-1
1.250779333E1,9.818621635E0,-3.663128614E-1,-9.337386489E-1
1.250982433E1,9.813833237E0,-3.615244627E-1,-9.409212470E-1
1.251185540E1,9.813833237E0,-3.543418646E-1,-9.289502501E-1
1.251390794E1,9.825803757E0,-3.639186621E-1,-9.313444495E-1
1.251594298E1,9.825803757E0,-3.447650373E-1,-9.409212470E-1
1.251801198E1,9.813833237E0,-3.543418646E-1,-9.457096457E-1
1.252004671E1,9.813833237E0,-3.591302633E-1,-9.457096457E-1
1.252207252E1,9.811438560E0,-3.639186621E-1,-9.433154464E-1
1.252407229E1,9.830592155E0,-3.687070608E-1,-9.409212470E-1
1.252614148E1,9.825803757E0,-3.687070608E-1,-9.457096457E-1
1.252817660E1,9.821015358E0,-3.567360640E-1,-9.457096457E-1
1.253020540E1,9.825803757E0,-3.591302633E-1,-9.481038451E-1
1.253239760E1,9.835380554E0,-3.375824392E-1,-9.409212470E-1
1.253421187E1,9.830592155E0,-3.471592367E-1,-9.361328483E-1
1.253621206E1,9.842563629E0,-3.471592367E-1,-9.265560508E-1
1.253828094E1,9.840168953E0,-3.447650373E-1,-9.193734527E-1
1.254031567E1,9.837775230E0,-3.447650373E-1,-9.169792533E-1
1.254238475E1,9.837775230E0,-3.375824392E-1,-9.361328483E-1
1.254441948E1,9.847352028E0,-3.351882398E-1,-9.313444495E-1
1.254648840E1,9.844957352E0,-3.399766386E-1,-9.385270476E-1
1.254852317E1,9.825803757E0,-3.399766386E-1,-9.409212470E-1
1.255055483E1,9.847352028E0,-3.639186621E-1,-9.457096457E-1
1.255267487E1,9.852140427E0,-3.663128614E-1,-9.624691010E-1
1.255462852E1,9.837775230E0,-3.543418646E-1,-9.648633003E-1
1.255662860E1,9.859322548E0,-3.567360640E-1,-9.864110947E-1
1.255869787E1,9.854534149E0,-3.423708379E-1,-9.888052940E-1
1.256073264E1,9.832986832E0,-3.399766386E-1,-9.959878922E-1
1.256280152E1,9.828198433E0,-3.519476354E-1,-1.003170490E0
1.256483671E1,9.832986832E0,-3.519476354E-1,-1.007958889E0
1.256690575E1,9.832986832E0,-3.567360640E-1,-1.012747288E0
1.256894071E1,9.835380554E0,-3.591302633E-1,-1.022324085E0
1.257096948E1,9.840168953E0,-3.567360640E-1,-1.031900883E0
1.257297190E1,9.837775230E0,-3.519476354E-1,-1.034295082E0
1.257497317E1,9.821015358E0,-3.495534360E-1,-1.027112484E0
1.257697344E1,9.825803757E0,-3.447650373E-1,-1.029506683E0
1.257904298E1,9.825803757E0,-3.423708379E-1,-1.051054597E0
1.258107783E1,9.809044838E0,-3.423708379E-1,-1.051054597E0
1.258314690E1,9.821015358E0,-3.375824392E-1,-1.046266198E0
1.258518206E1,9.823410034E0,-3.495534360E-1,-1.055842996E0
1.258725114E1,9.821015358E0,-3.543418646E-1,-1.077390790E0
1.258928621E1,9.832986832E0,-3.639186621E-1,-1.065419793E0
1.259131798E1,9.837775230E0,-3.543418646E-1,-1.065419793E0
1.259334940E1,9.830592155E0,-3.375824392E-1,-1.063025594E0
1.259535064E1,9.821015358E0,-3.399766386E-1,-1.070208192E0
1.259735114E1,9.823410034E0,-3.471592367E-1,-1.060631394E0
1.259942002E1,9.821015358E0,-3.782838583E-1,-1.067813993E0
1.260145506E1,9.844957352E0,-3.782838583E-1,-1.067813993E0
1.260352410E1,9.842563629E0,-3.711012602E-1,-1.060631394E0
1.260555914E1,9.837775230E0,-3.854664862E-1,-1.053448796E0
1.260762821E1,9.837775230E0,-3.878606856E-1,-1.043871999E0
1.260966325E1,9.830592155E0,-3.854664862E-1,-1.041477680E0
1.261169110E1,9.854534149E0,-3.902548850E-1,-1.051054597E0
1.261381656E1,9.844957352E0,-4.046200812E-1,-1.063025594E0
1.261573402E1,9.849745750E0,-4.094084799E-1,-1.060631394E0
1.261773421E1,9.847352028E0,-3.974374831E-1,-1.051054597E0
1.261980321E1,9.847352028E0,-3.950432837E-1,-1.034295082E0
1.262183825E1,9.835380554E0,-4.070142806E-1,-1.034295082E0
1.262390706E1,9.844957352E0,-4.261679053E-1,-1.034295082E0
1.262594233E1,9.849745750E0,-4.141969085E-1,-1.043871999E0
1.262801140E1,9.840168953E0,-4.261679053E-1,-1.046266198E0
1.263004621E1,9.840168953E0,-4.381389022E-1,-1.053448796E0
1.263207829E1,9.835380554E0,-4.213795066E-1,-1.046266198E0
1.263419837E1,9.840168953E0,-4.189853072E-1,-1.041477680E0
1.263615160E1,9.835380554E0,-4.213795066E-1,-1.034295082E0
1.263815160E1,9.842563629E0,-4.333505034E-1,-1.034295082E0
1.264022064E1,9.859322548E0,-4.309563041E-1,-1.048660398E0
1.264225529E1,9.849745750E0,-4.285621047E-1,-1.051054597E0
1.264432414E1,9.842563629E0,-4.285621047E-1,-1.048660398E0
1.264635844E1,9.844957352E0,-4.381389022E-1,-1.043871999E0
1.264842717E1,9.856928825E0,-4.405331016E-1,-1.039083481E0
1.265046148E1,9.854534149E0,-4.501099288E-1,-1.039083481E0
1.265249075E1,9.856928825E0,-4.429273009E-1,-1.041477680E0
1.265449275E1,9.849745750E0,-4.477157295E-1,-1.041477680E0
1.265649248E1,9.847352028E0,-4.525041282E-1,-1.041477680E0
1.265849190E1,9.844957352E0,-4.572925270E-1,-1.053448796E0
1.266056075E1,9.840168953E0,-4.548983276E-1,-1.051054597E0
1.266259486E1,9.842563629E0,-4.692635238E-1,-1.046266198E0
1.266466306E1,9.844957352E0,-4.596867263E-1,-1.027112484E0
1.266669737E1,9.840168953E0,-4.548983276E-1,-1.027112484E0
1.266876617E1,9.830592155E0,-4.525041282E-1,-1.041477680E0
1.267080075E1,9.828198433E0,-4.740519226E-1,-1.027112484E0
1.267283148E1,9.828198433E0,-4.788403511E-1,-1.029506683E0
1.267486340E1,9.830592155E0,-4.716577232E-1,-1.031900883E0
1.267686336E1,9.821015358E0,-4.644751251E-1,-1.031900883E0
1.267886310E1,9.823410034E0,-4.740519226E-1,-1.034295082E0
1.268093163E1,9.842563629E0,-4.908113480E-1,-1.027112484E0
1.268296636E1,9.840168953E0,-4.860229492E-1,-1.022324085E0
1.268503486E1,9.844957352E0,-4.812345505E-1,-1.029506683E0
1.268706913E1,9.844957352E0,-4.812345505E-1,-1.031900883E0
1.268913821E1,9.835380554E0,-4.908113480E-1,-1.029506683E0
1.269117275E1,9.813833237E0,-4.908113480E-1,-1.034295082E0
1.269320125E1,9.801861763E0,-4.955997467E-1,-1.039083481E0
1.269532717E1,9.823410034E0,-5.051765442E-1,-1.043871999E0
1.269724510E1,9.821015358E0,-5.171475410E-1,-1.048660398E0
1.269924471E1,9.828198433E0,-5.171475410E-1,-1.046266198E0
1.270131340E1,9.835380554E0,-5.171475410E-1,-1.043871999E0
1.270334767E1,9.825803757E0,-4.979939461E-1,-1.058237195E0
1.270541675E1,9.837775230E0,-5.099649429E-1,-1.058237195E0
1.270745187E1,9.842563629E0,-5.147533417E-1,-1.065419793E0
1.270952079E1,9.832986832E0,-5.267243981E-1,-1.065419793E0
1.271155613E1,9.837775230E0,-5.267243981E-1,-1.063025594E0
1.271358783E1,9.830592155E0,-5.339069963E-1,-1.065419793E0
1.271570779E1,9.823410034E0,-5.315127969E-1,-1.065419793E0
1.271766083E1,9.825803757E0,-5.267243981E-1,-1.070208192E0
1.271966121E1,9.823410034E0,-5.267243981E-1,-1.063025594E0
1.272173083E1,9.832986832E0,-5.219359994E-1,-1.058237195E0
1.272376552E1,9.830592155E0,-5.195417404E-1,-1.067813993E0
1.272583502E1,9.823410034E0,-5.147533417E-1,-1.065419793E0
1.272786983E1,9.837775230E0,-5.195417404E-1,-1.063025594E0
1.272993933E1,9.816226959E0,-5.339069963E-1,-1.063025594E0
1.273197406E1,9.813833237E0,-5.339069963E-1,-1.065419793E0
1.273400310E1,9.832986832E0,-5.506663918E-1,-1.082179189E0
1.273600598E1,9.825803757E0,-5.386953950E-1,-1.074996591E0
1.273800610E1,9.828198433E0,-5.386953950E-1,-1.074996591E0
1.274000586E1,9.835380554E0,-5.434837937E-1,-1.077390790E0
1.274207517E1,9.856928825E0,-5.386953950E-1,-1.086967587E0
1.274411025E1,9.854534149E0,-5.386953950E-1,-1.089361787E0
1.274617929E1,9.852140427E0,-5.410895944E-1,-1.082179189E0
1.274821440E1,9.832986832E0,-5.363011956E-1,-1.082179189E0
1.275028375E1,9.825803757E0,-5.386953950E-1,-1.082179189E0
1.275231883E1,9.811438560E0,-5.339069963E-1,-1.070208192E0
1.275435060E1,9.813833237E0,-5.291185975E-1,-1.065419793E0
1.275638179E1,9.816226959E0,-5.243301988E-1,-1.070208192E0
1.275838202E1,9.823410034E0,-5.410895944E-1,-1.055842996E0
1.276038202E1,9.818621635E0,-5.339069963E-1,-1.063025594E0
1.276245090E1,9.806650162E0,-5.386953950E-1,-1.063025594E0
1.276448571E1,9.813833237E0,-5.243301988E-1,-1.074996591E0
1.276651106E1,9.801861763E0,-5.243301988E-1,-1.070208192E0
1.276851106E1,9.801861763E0,-5.243301988E-1,-1.074996591E0
1.277058013E1,9.825803757E0,-5.195417404E-1,-1.072602391E0
1.277261540E1,9.818621635E0,-5.315127969E-1,-1.084573388E0
1.277464367E1,9.821015358E0,-5.291185975E-1,-1.084573388E0
1.277683567E1,9.806650162E0,-5.171475410E-1,-1.074996591E0
1.277864937E1,9.801861763E0,-5.195417404E-1,-1.067813993E0
1.278064883E1,9.806650162E0,-5.051765442E-1,-1.070208192E0
1.278271752E1,9.792284966E0,-5.099649429E-1,-1.074996591E0
1.278475183E1,9.787496567E0,-5.027823448E-1,-1.084573388E0
1.278682040E1,9.792284966E0,-5.051765442E-1,-1.077390790E0
1.278885525E1,9.811438560E0,-5.027823448E-1,-1.063025594E0
1.279092410E1,9.832986832E0,-5.027823448E-1,-1.072602391E0
1.279295833E1,9.818621635E0,-5.099649429E-1,-1.077390790E0
1.279499137E1,9.825803757E0,-5.027823448E-1,-1.070208192E0
1.279711013E1,9.818621635E0,-5.147533417E-1,-1.082179189E0
1.279906352E1,9.821015358E0,-5.195417404E-1,-1.077390790E0
1.280106306E1,9.818621635E0,-5.219359994E-1,-1.067813993E0
1.280313167E1,9.821015358E0,-5.267243981E-1,-1.063025594E0
1.280516617E1,9.799467087E0,-5.123591423E-1,-1.048660398E0
1.280723467E1,9.797073364E0,-5.147533417E-1,-1.046266198E0
1.280926917E1,9.789890289E0,-5.147533417E-1,-1.048660398E0
1.281133802E1,9.794678688E0,-5.075707436E-1,-1.063025594E0
1.281337240E1,9.794678688E0,-5.003881454E-1,-1.053448796E0
1.281540190E1,9.782708168E0,-5.003881454E-1,-1.041477680E0
1.281740286E1,9.777919769E0,-4.860229492E-1,-1.053448796E0
1.281940221E1,9.794678688E0,-4.908113480E-1,-1.053448796E0
1.282140140E1,9.789890289E0,-4.812345505E-1,-1.043871999E0
1.282347033E1,9.785101891E0,-4.836287498E-1,-1.060631394E0
1.282550502E1,9.789890289E0,-4.908113480E-1,-1.065419793E0
1.282757410E1,9.811438560E0,-4.836287498E-1,-1.048660398E0
1.282960856E1,9.806650162E0,-4.740519226E-1,-1.046266198E0
1.283167721E1,9.804255486E0,-4.764461517E-1,-1.041477680E0
1.283371221E1,9.792284966E0,-4.716577232E-1,-1.048660398E0
1.283574444E1,9.823410034E0,-4.764461517E-1,-1.041477680E0
1.283777556E1,9.842563629E0,-4.884171486E-1,-1.041477680E0
1.283977583E1,9.866505623E0,-4.788403511E-1,-1.027112484E0
1.284177517E1,9.847352028E0,-4.764461517E-1,-1.024718285E0
1.284384402E1,9.854534149E0,-4.788403511E-1,-1.027112484E0
1.284587890E1,9.864110947E0,-4.836287498E-1,-1.022324085E0
1.284794813E1,9.897629738E0,-5.003881454E-1,-1.031900883E0
1.284998283E1,9.900024414E0,-5.003881454E-1,-1.034295082E0
1.285205194E1,9.900024414E0,-5.099649429E-1,-1.036689281E0
1.285408660E1,9.902418137E0,-5.147533417E-1,-1.034295082E0
1.285611452E1,9.895236015E0,-5.339069963E-1,-1.041477680E0
1.285823998E1,9.892841339E0,-5.291185975E-1,-1.058237195E0
1.286015783E1,9.911994934E0,-5.291185975E-1,-1.067813993E0
1.286215721E1,9.909601212E0,-5.339069963E-1,-1.070208192E0
1.286422598E1,9.914389610E0,-5.291185975E-1,-1.065419793E0
1.286626056E1,9.897629738E0,-5.386953950E-1,-1.070208192E0
1.286832936E1,9.873687744E0,-5.243301988E-1,-1.058237195E0
1.287036379E1,9.871294022E0,-5.195417404E-1,-1.055842996E0
1.287243367E1,9.871294022E0,-4.979939461E-1,-1.065419793E0
1.287446879E1,9.842563629E0,-4.955997467E-1,-1.065419793E0
1.287650040E1,9.830592155E0,-4.932055473E-1,-1.063025594E0
1.287862052E1,9.825803757E0,-4.908113480E-1,-1.046266198E0
1.288057383E1,9.830592155E0,-5.123591423E-1,-1.048660398E0
1.288257390E1,9.835380554E0,-5.075707436E-1,-1.046266198E0
1.288464286E1,9.828198433E0,-4.979939461E-1,-1.041477680E0
1.288667779E1,9.825803757E0,-4.860229492E-1,-1.017535686E0
1.288874636E1,9.813833237E0,-4.836287498E-1,-1.012747288E0
1.289078102E1,9.806650162E0,-4.932055473E-1,-1.005564690E0
1.289284952E1,9.794678688E0,-5.027823448E-1,-1.010353088E0
1.289488398E1,9.799467087E0,-5.075707436E-1,-9.983820915E-1
1.289691225E1,9.806650162E0,-5.099649429E-1,-9.959878922E-1
1.289891402E1,9.809044838E0,-4.812345505E-1,-9.864110947E-1
1.290091413E1,9.804255486E0,-4.884171486E-1,-9.744400978E-1
1.290291398E1,9.794678688E0,-5.123591423E-1,-9.552865028E-1
1.290498298E1,9.792284966E0,-5.147533417E-1,-9.528923035E-1
1.290701763E1,9.797073364E0,-5.195417404E-1,-9.457096457E-1
1.290908625E1,9.797073364E0,-5.171475410E-1,-9.361328483E-1
1.291112083E1,9.792284966E0,-5.195417404E-1,-9.313444495E-1
1.291318940E1,9.794678688E0,-5.195417404E-1,-9.289502501E-1
1.291522402E1,9.799467087E0,-5.315127969E-1,-9.289502501E-1
1.291725706E1,9.806650162E0,-5.171475410E-1,-9.289502501E-1
1.291928913E1,9.801861763E0,-5.051765442E-1,-9.337386489E-1
1.292129010E1,9.801861763E0,-4.955997467E-1,-9.385270476E-1
1.292329071E1,9.801861763E0,-5.195417404E-1,-9.169792533E-1
1.292536021E1,9.785101891E0,-5.147533417E-1,-9.241618514E-1
1.292739529E1,9.785101891E0,-5.075707436E-1,-9.265560508E-1
1.292946425E1,9.789890289E0,-5.051765442E-1,-9.217676520E-1
1.293149940E1,9.794678688E0,-4.812345505E-1,-9.241618514E-1
1.293356844E1,9.799467087E0,-4.788403511E-1,-9.217676520E-1
1.293560333E1,9.792284966E0,-4.716577232E-1,-9.337386489E-1
1.293763263E1,9.789890289E0,-4.668693244E-1,-9.241618514E-1
1.293975740E1,9.787496567E0,-4.668693244E-1,-9.241618514E-1
1.294167617E1,9.782708168E0,-4.812345505E-1,-9.289502501E-1
1.294367617E1,9.787496567E0,-4.955997467E-1,-9.313444495E-1
1.294574560E1,9.797073364E0,-4.908113480E-1,-9.289502501E-1
1.294778060E1,9.813833237E0,-5.003881454E-1,-9.241618514E-1
1.294985002E1,9.818621635E0,-4.884171486E-1,-9.289502501E-1
1.295188456E1,9.811438560E0,-4.884171486E-1,-9.241618514E-1
1.295395344E1,9.811438560E0,-4.908113480E-1,-9.289502501E-1
1.295598825E1,9.801861763E0,-4.955997467E-1,-9.409212470E-1
1.295802036E1,9.813833237E0,-5.099649429E-1,-9.337386489E-1
1.296014283E1,9.825803757E0,-5.003881454E-1,-9.457096457E-1
1.296206160E1,9.840168953E0,-5.027823448E-1,-9.624691010E-1
1.296406190E1,9.811438560E0,-5.027823448E-1,-9.648633003E-1
1.296613075E1,9.804255486E0,-5.123591423E-1,-9.624691010E-1
1.296816552E1,9.816226959E0,-5.195417404E-1,-9.624691010E-1
1.297023440E1,9.804255486E0,-5.051765442E-1,-9.600749016E-1
1.297226886E1,9.799467087E0,-4.908113480E-1,-9.624691010E-1
1.297433806E1,9.823410034E0,-4.860229492E-1,-9.696516991E-1
1.297637336E1,9.825803757E0,-4.812345505E-1,-9.744400978E-1
1.297840456E1,9.835380554E0,-4.764461517E-1,-9.672574997E-1
1.298040575E1,9.818621635E0,-4.836287498E-1,-9.672574997E-1
1.298240552E1,9.830592155E0,-4.932055473E-1,-9.768342972E-1
1.298440525E1,9.823410034E0,-4.836287498E-1,-9.744400978E-1
1.298647394E1,9.835380554E0,-4.955997467E-1,-9.528923035E-1
1.298850871E1,9.830592155E0,-4.740519226E-1,-9.696516991E-1
1.299057752E1,9.818621635E0,-4.764461517E-1,-9.816226959E-1
1.299261294E1,9.799467087E0,-4.812345505E-1,-9.768342972E-1
1.299468106E1,9.813833237E0,-4.788403511E-1,-9.744400978E-1
1.299671552E1,9.813833237E0,-4.764461517E-1,-9.744400978E-1
1.299874740E1,9.816226959E0,-4.979939461E-1,-9.600749016E-1
1.300078013E1,9.835380554E0,-5.075707436E-1,-9.600749016E-1
1.300278090E1,9.832986832E0,-5.051765442E-1,-9.576807022E-1
1.300478063E1,9.828198433E0,-5.051765442E-1,-9.648633003E-1
1.300684925E1,9.832986832E0,-4.979939461E-1,-9.744400978E-1
1.300888398E1,9.840168953E0,-4.860229492E-1,-9.744400978E-1
1.301090794E1,9.842563629E0,-4.955997467E-1,-9.744400978E-1
1.301290763E1,9.816226959E0,-5.003881454E-1,-9.624691010E-1
1.301497702E1,9.816226959E0,-5.075707436E-1,-9.576807022E-1
1.301701210E1,9.818621635E0,-5.051765442E-1,-9.552865028E-1
1.301904140E1,9.830592155E0,-5.003881454E-1,-9.552865028E-1
1.302123260E1,9.828198433E0,-5.003881454E-1,-9.696516991E-1
1.302304648E1,9.830592155E0,-4.979939461E-1,-9.720458984E-1
1.302504632E1,9.844957352E0,-4.836287498E-1,-9.648633003E-1
1.302711575E1,9.837775230E0,-4.836287498E-1,-9.624691010E-1
1.302915106E1,9.828198433E0,-4.884171486E-1,-9.624691010E-1
1.303122021E1,9.825803757E0,-4.908113480E-1,-9.576807022E-1
1.303325494E1,9.823410034E0,-4.764461517E-1,-9.528923035E-1
1.303532421E1,9.830592155E0,-4.764461517E-1,-9.481038451E-1
1.303735910E1,9.837775230E0,-4.644751251E-1,-9.433154464E-1
1.303935906E1,9.830592155E0,-4.525041282E-1,-9.337386489E-1
1.304147856E1,9.825803757E0,-4.596867263E-1,-9.289502501E-1
1.304343217E1,9.813833237E0,-4.525041282E-1,-9.409212470E-1
1.304543236E1,9.823410034E0,-4.596867263E-1,-9.481038451E-1
1.304750152E1,9.828198433E0,-4.572925270E-1,-9.433154464E-1
1.304953675E1,9.821015358E0,-4.525041282E-1,-9.289502501E-1
1.305160621E1,9.816226959E0,-4.620809257E-1,-9.193734527E-1
1.305364140E1,9.818621635E0,-4.668693244E-1,-9.169792533E-1
1.305571036E1,9.821015358E0,-4.668693244E-1,-9.097966552E-1
1.305774510E1,9.830592155E0,-4.357447028E-1,-9.050082564E-1
1.305977371E1,9.832986832E0,-4.381389022E-1,-9.050082564E-1
1.306177652E1,9.835380554E0,-4.477157295E-1,-9.050082564E-1
1.306377517E1,9.844957352E0,-4.405331016E-1,-9.121908545E-1
1.306577544E1,9.840168953E0,-4.357447028E-1,-9.074024558E-1
1.306784471E1,9.840168953E0,-4.309563041E-1,-9.169792533E-1
1.306987963E1,9.835380554E0,-4.309563041E-1,-9.289502501E-1
1.307194871E1,9.840168953E0,-4.309563041E-1,-9.193734527E-1
1.307398409E1,9.861717224E0,-4.453215301E-1,-9.097966552E-1
1.307605321E1,9.856928825E0,-4.213795066E-1,-9.097966552E-1
1.307808898E1,9.844957352E0,-4.285621047E-1,-9.074024558E-1
1.308012067E1,9.842563629E0,-4.309563041E-1,-9.169792533E-1
1.308215194E1,9.854534149E0,-4.189853072E-1,-9.193734527E-1
1.308415213E1,9.854534149E0,-4.118026793E-1,-9.193734527E-1
1.308615271E1,9.859322548E0,-4.046200812E-1,-9.241618514E-1
1.308822252E1,9.861717224E0,-4.094084799E-1,-9.121908545E-1
1.309025852E1,9.856928825E0,-4.165911078E-1,-9.265560508E-1
1.309232817E1,9.859322548E0,-4.046200812E-1,-9.289502501E-1
1.309436363E1,9.856928825E0,-4.070142806E-1,-9.409212470E-1
1.309643286E1,9.842563629E0,-4.189853072E-1,-9.385270476E-1
1.309846863E1,9.844957352E0,-4.333505034E-1,-9.433154464E-1
1.310049825E1,9.852140427E0,-4.357447028E-1,-9.433154464E-1
1.310262490E1,9.854534149E0,-4.429273009E-1,-9.313444495E-1
1.310454386E1,9.859322548E0,-4.429273009E-1,-9.337386489E-1
1.310654332E1,9.849745750E0,-4.309563041E-1,-9.528923035E-1
1.310861233E1,9.854534149E0,-4.548983276E-1,-9.481038451E-1
1.311064679E1,9.852140427E0,-4.525041282E-1,-9.433154464E-1
1.311271606E1,9.842563629E0,-4.477157295E-1,-9.481038451E-1
1.311475090E1,9.835380554E0,-4.644751251E-1,-9.457096457E-1
1.311682040E1,9.847352028E0,-4.668693244E-1,-9.457096457E-1
1.311885532E1,9.849745750E0,-4.668693244E-1,-9.385270476E-1
1.312088763E1,9.830592155E0,-4.884171486E-1,-9.457096457E-1
1.312300759E1,9.840168953E0,-4.836287498E-1,-9.385270476E-1
1.312496148E1,9.828198433E0,-4.716577232E-1,-9.457096457E-1
1.312696175E1,9.811438560E0,-4.788403511E-1,-9.552865028E-1
1.312903044E1,9.821015358E0,-4.884171486E-1,-9.552865028E-1
1.313106521E1,9.825803757E0,-5.027823448E-1,-9.481038451E-1
1.313313525E1,9.818621635E0,-4.812345505E-1,-9.481038451E-1
1.313517040E1,9.828198433E0,-4.668693244E-1,-9.385270476E-1
1.313723990E1,9.828198433E0,-4.812345505E-1,-9.313444495E-1
1.313927502E1,9.821015358E0,-4.908113480E-1,-9.409212470E-1
1.314130559E1,9.832986832E0,-5.003881454E-1,-9.409212470E-1
1.314330732E1,9.832986832E0,-4.979939461E-1,-9.337386489E-1
1.314530756E1,9.828198433E0,-5.027823448E-1,-9.385270476E-1
1.314730771E1,9.806650162E0,-5.267243981E-1,-9.552865028E-1
1.314937690E1,9.806650162E0,-5.243301988E-1,-9.481038451E-1
1.315141175E1,9.825803757E0,-5.171475410E-1,-9.457096457E-1
1.315348079E1,9.837775230E0,-5.099649429E-1,-9.385270476E-1
1.315551563E1,9.825803757E0,-5.171475410E-1,-9.337386489E-1
1.315758440E1,9.811438560E0,-5.171475410E-1,-9.361328483E-1
1.315961952E1,9.821015358E0,-5.267243981E-1,-9.457096457E-1
1.316165094E1,9.821015358E0,-5.291185975E-1,-9.361328483E-1
1.316368279E1,9.811438560E0,-5.339069963E-1,-9.313444495E-1
1.316568367E1,9.809044838E0,-5.554547906E-1,-9.313444495E-1
1.316768363E1,9.816226959E0,-5.530605912E-1,-9.313444495E-1
1.316975279E1,9.828198433E0,-5.458779931E-1,-9.169792533E-1
1.317178721E1,9.821015358E0,-5.506663918E-1,-9.193734527E-1
1.317385659E1,9.816226959E0,-5.482721925E-1,-9.193734527E-1
1.317589125E1,9.835380554E0,-5.458779931E-1,-9.265560508E-1
1.317795971E1,9.818621635E0,-5.650315881E-1,-9.193734527E-1
1.317999433E1,9.816226959E0,-5.650315881E-1,-9.217676520E-1
1.318202209E1,9.828198433E0,-5.554547906E-1,-8.954314590E-1
1.318414721E1,9.835380554E0,-5.554547906E-1,-9.002198577E-1
1.318606498E1,9.823410034E0,-5.482721925E-1,-9.002198577E-1
1.318806436E1,9.828198433E0,-5.386953950E-1,-8.858546019E-1
1.319013279E1,9.828198433E0,-5.482721925E-1,-8.882488012E-1
1.319216698E1,9.825803757E0,-5.410895944E-1,-8.810662031E-1
1.319423556E1,9.821015358E0,-5.363011956E-1,-8.738836050E-1
1.319626986E1,9.811438560E0,-5.434837937E-1,-8.714894056E-1
1.319833833E1,9.828198433E0,-5.339069963E-1,-8.762778044E-1
1.320037259E1,9.809044838E0,-5.315127969E-1,-8.714894056E-1
1.320240406E1,9.799467087E0,-5.339069963E-1,-8.762778044E-1
1.320452352E1,9.794678688E0,-5.291185975E-1,-8.619126081E-1
1.320647463E1,9.794678688E0,-5.291185975E-1,-8.595184088E-1
1.320847444E1,9.768342972E0,-5.243301988E-1,-8.379706144E-1
1.321054279E1,9.789890289E0,-5.243301988E-1,-8.355764151E-1
1.321257740E1,9.785101891E0,-5.291185975E-1,-8.403648138E-1
1.321464602E1,9.777919769E0,-5.315127969E-1,-8.331822157E-1
1.321668075E1,9.777919769E0,-5.315127969E-1,-8.188169599E-1
1.321874944E1,9.777919769E0,-5.315127969E-1,-8.164227605E-1
1.322078436E1,9.775525093E0,-5.315127969E-1,-8.140285611E-1
1.322281244E1,9.780313492E0,-5.434837937E-1,-7.996633649E-1
1.322481448E1,9.782708168E0,-5.339069963E-1,-7.972691655E-1
1.322681513E1,9.789890289E0,-5.219359994E-1,-7.900865674E-1
1.322881432E1,9.789890289E0,-5.195417404E-1,-7.900865674E-1
1.323088290E1,9.789890289E0,-5.075707436E-1,-7.876923680E-1
1.323291783E1,9.782708168E0,-5.075707436E-1,-7.805097699E-1
1.323498682E1,9.773131371E0,-5.291185975E-1,-7.781155705E-1
1.323702175E1,9.787496567E0,-5.315127969E-1,-7.709329724E-1
1.323909056E1,9.792284966E0,-5.315127969E-1,-7.757213712E-1
1.324112506E1,9.806650162E0,-5.386953950E-1,-7.637503147E-1
1.324315563E1,9.787496567E0,-5.410895944E-1,-7.541735172E-1
1.324518690E1,9.794678688E0,-5.434837937E-1,-7.517793179E-1
1.324718779E1,9.804255486E0,-5.410895944E-1,-7.661445141E-1
1.324918706E1,9.806650162E0,-5.530605912E-1,-7.709329724E-1
1.325125571E1,9.811438560E0,-5.578489900E-1,-7.685387731E-1
1.325329056E1,9.823410034E0,-5.434837937E-1,-7.637503147E-1
1.325531563E1,9.830592155E0,-5.530605912E-1,-7.589619160E-1
1.325731475E1,9.832986832E0,-5.626373887E-1,-7.661445141E-1
1.325938375E1,9.854534149E0,-5.626373887E-1,-7.613561153E-1
1.326141844E1,9.859322548E0,-5.626373887E-1,-7.637503147E-1
1.326344629E1,9.864110947E0,-5.650315881E-1,-7.781155705E-1
1.326563836E1,9.876082420E0,-5.650315881E-1,-7.829039693E-1
1.326745221E1,9.871294022E0,-5.722141862E-1,-7.972691655E-1
1.326945217E1,9.876082420E0,-5.722141862E-1,-8.140285611E-1
1.327152129E1,9.873687744E0,-5.865794420E-1,-8.164227605E-1
1.327355640E1,9.873687744E0,-5.841852427E-1,-8.164227605E-1
1.327562544E1,9.880870819E0,-5.817909837E-1,-8.140285611E-1
1.327766059E1,9.895236015E0,-5.865794420E-1,-8.283938169E-1
1.327972879E1,9.885659218E0,-5.985504389E-1,-8.212111592E-1
1.328176402E1,9.876082420E0,-5.985504389E-1,-8.259995580E-1
1.328379544E1,9.892841339E0,-5.913678408E-1,-8.307880163E-1
1.328591494E1,9.890447617E0,-5.913678408E-1,-8.212111592E-1
1.328786798E1,9.880870819E0,-5.985504389E-1,-8.236053586E-1
1.328986829E1,9.871294022E0,-5.961562395E-1,-8.236053586E-1
1.329193779E1,9.883264542E0,-5.913678408E-1,-8.283938169E-1
1.329397313E1,9.888052940E0,-5.985504389E-1,-8.283938169E-1
1.329604240E1,9.880870819E0,-5.913678408E-1,-8.140285611E-1
1.329807763E1,9.895236015E0,-5.626373887E-1,-8.331822157E-1
1.330014686E1,9.888052940E0,-5.578489900E-1,-8.379706144E-1
1.330218163E1,9.876082420E0,-5.530605912E-1,-8.307880163E-1
1.330421148E1,9.890447617E0,-5.386953950E-1,-8.236053586E-1
1.330621359E1,9.888052940E0,-5.315127969E-1,-8.188169599E-1
1.330821402E1,9.883264542E0,-5.291185975E-1,-8.140285611E-1
1.331021367E1,9.856928825E0,-5.363011956E-1,-8.283938169E-1
1.331228236E1,9.876082420E0,-5.506663918E-1,-8.140285611E-1
1.331431694E1,9.885659218E0,-5.434837937E-1,-8.068459630E-1
1.331638563E1,9.888052940E0,-5.410895944E-1,-8.116343617E-1
1.331842006E1,9.861717224E0,-5.243301988E-1,-8.140285611E-1
1.332048886E1,9.849745750E0,-5.291185975E-1,-8.092401624E-1
1.332252321E1,9.840168953E0,-5.195417404E-1,-8.092401624E-1
1.332452271E1,9.859322548E0,-5.315127969E-1,-7.972691655E-1
1.332655306E1,9.852140427E0,-5.363011956E-1,-7.996633649E-1
1.332855267E1,9.818621635E0,-5.219359994E-1,-7.876923680E-1
1.333055232E1,9.821015358E0,-5.123591423E-1,-7.733271718E-1
1.333262098E1,9.835380554E0,-5.003881454E-1,-7.709329724E-1
1.333465521E1,9.832986832E0,-5.027823448E-1,-7.709329724E-1
1.333672348E1,9.830592155E0,-5.003881454E-1,-7.637503147E-1
1.333875756E1,9.809044838E0,-5.027823448E-1,-7.589619160E-1
1.334082590E1,9.787496567E0,-5.099649429E-1,-7.422025204E-1
1.334286032E1,9.782708168E0,-5.027823448E-1,-7.517793179E-1
1.334488902E1,9.773131371E0,-5.027823448E-1,-7.541735172E-1
1.334701329E1,9.768342972E0,-4.979939461E-1,-7.613561153E-1
1.334893086E1,9.763554573E0,-5.003881454E-1,-7.613561153E-1
1.335093032E1,9.763554573E0,-4.979939461E-1,-7.541735172E-1
1.335299944E1,9.770736694E0,-5.027823448E-1,-7.445967197E-1
1.335503382E1,9.777919769E0,-4.932055473E-1,-7.469909191E-1
1.335710275E1,9.770736694E0,-4.979939461E-1,-7.493851185E-1
1.335913717E1,9.765948296E0,-5.195417404E-1,-7.493851185E-1
1.336120529E1,9.775525093E0,-5.123591423E-1,-7.398083210E-1
1.336323932E1,9.789890289E0,-5.291185975E-1,-7.302315235E-1
1.336527036E1,9.789890289E0,-5.267243981E-1,-7.206547260E-1
1.336738921E1,9.809044838E0,-5.506663918E-1,-7.182605267E-1
1.336934179E1,9.821015358E0,-5.530605912E-1,-7.086837292E-1
1.337134132E1,9.828198433E0,-5.482721925E-1,-7.134721279E-1
1.337341032E1,9.847352028E0,-5.530605912E-1,-7.182605267E-1
1.337544506E1,9.859322548E0,-5.698199868E-1,-7.158663273E-1
1.337751336E1,9.864110947E0,-5.746083856E-1,-7.206547260E-1
1.337954763E1,9.878476143E0,-6.105214357E-1,-7.302315235E-1
1.338161625E1,9.892841339E0,-6.129156351E-1,-7.493851185E-1
1.338365079E1,9.902418137E0,-6.177040339E-1,-7.589619160E-1
1.338567902E1,9.909601212E0,-6.440402865E-1,-7.685387731E-1
1.338768132E1,9.916783333E0,-6.560112834E-1,-7.948749661E-1
1.338968140E1,9.926360130E0,-6.488286853E-1,-8.044517636E-1
1.339168090E1,9.928754807E0,-6.607996821E-1,-8.236053586E-1
1.339374925E1,9.914389610E0,-6.584054828E-1,-8.331822157E-1
1.339578367E1,9.928754807E0,-6.512228847E-1,-8.427590132E-1
1.339785217E1,9.921571732E0,-6.248866320E-1,-8.499416113E-1
1.339988617E1,9.916783333E0,-6.344634295E-1,-8.643068075E-1
1.340195502E1,9.909601212E0,-6.344634295E-1,-8.714894056E-1
1.340398967E1,9.890447617E0,-6.272808313E-1,-8.930372596E-1
1.340602121E1,9.880870819E0,-6.177040339E-1,-8.954314590E-1
1.340805190E1,9.876082420E0,-6.153098345E-1,-9.050082564E-1
1.341005156E1,9.854534149E0,-6.224924326E-1,-9.002198577E-1
1.341205082E1,9.854534149E0,-6.153098345E-1,-8.834604025E-1
1.341411928E1,9.847352028E0,-6.129156351E-1,-8.906430602E-1
1.341615321E1,9.828198433E0,-6.105214357E-1,-8.978256583E-1
1.341822140E1,9.813833237E0,-6.105214357E-1,-8.906430602E-1
1.342025586E1,9.825803757E0,-6.057330370E-1,-8.906430602E-1
1.342232402E1,9.830592155E0,-6.153098345E-1,-8.810662031E-1
1.342435828E1,9.821015358E0,-6.296750307E-1,-8.643068075E-1
1.342638671E1,9.816226959E0,-6.224924326E-1,-8.451532125E-1
1.342851179E1,9.804255486E0,-6.368576288E-1,-8.403648138E-1
1.343042917E1,9.801861763E0,-6.584054828E-1,-8.283938169E-1
1.343242852E1,9.821015358E0,-6.488286853E-1,-8.259995580E-1
1.343449721E1,9.828198433E0,-6.536170840E-1,-8.259995580E-1
1.343653121E1,9.825803757E0,-6.584054828E-1,-8.212111592E-1
1.343859998E1,9.809044838E0,-6.703764796E-1,-8.044517636E-1
1.344063448E1,9.811438560E0,-6.799532771E-1,-7.996633649E-1
1.344270317E1,9.825803757E0,-6.607996821E-1,-8.044517636E-1
1.344473806E1,9.818621635E0,-6.895300746E-1,-7.924807668E-1
1.344676917E1,9.835380554E0,-6.967126727E-1,-7.900865674E-1
1.344888863E1,9.847352028E0,-6.847416759E-1,-7.852981687E-1
1.345084194E1,9.825803757E0,-6.919242740E-1,-7.781155705E-1
1.345284202E1,9.832986832E0,-6.847416759E-1,-7.709329724E-1
1.345491040E1,9.832986832E0,-6.943184733E-1,-7.805097699E-1
1.345694482E1,9.830592155E0,-7.015010715E-1,-7.733271718E-1
1.345901329E1,9.830592155E0,-7.038952708E-1,-7.733271718E-1
1.346104790E1,9.837775230E0,-6.967126727E-1,-7.781155705E-1
1.346311682E1,9.840168953E0,-6.943184733E-1,-7.637503147E-1
1.346515179E1,9.837775230E0,-7.062895298E-1,-7.517793179E-1
1.346718121E1,9.844957352E0,-7.038952708E-1,-7.469909191E-1
1.346918217E1,9.844957352E0,-6.871358752E-1,-7.422025204E-1
1.347118248E1,9.837775230E0,-6.943184733E-1,-7.398083210E-1
1.347318240E1,9.828198433E0,-7.062895298E-1,-7.374141216E-1
1.347525094E1,9.830592155E0,-6.751648784E-1,-7.374141216E-1
1.347728544E1,9.840168953E0,-6.703764796E-1,-7.422025204E-1
1.347935382E1,9.844957352E0,-6.679822803E-1,-7.445967197E-1
1.348138859E1,9.847352028E0,-6.607996821E-1,-7.493851185E-1
1.348345725E1,9.821015358E0,-6.703764796E-1,-7.493851185E-1
1.348549159E1,9.811438560E0,-6.703764796E-1,-7.374141216E-1
1.348752336E1,9.809044838E0,-6.703764796E-1,-7.158663273E-1
1.348955329E1,9.813833237E0,-6.440402865E-1,-7.278373241E-1
1.349155309E1,9.813833237E0,-6.440402865E-1,-7.302315235E-1
1.349355221E1,9.816226959E0,-6.464344859E-1,-7.326257229E-1
1.349562071E1,9.811438560E0,-6.512228847E-1,-7.230489254E-1
1.349765502E1,9.804255486E0,-6.464344859E-1,-7.206547260E-1
1.349967909E1,9.801861763E0,-6.272808313E-1,-7.302315235E-1
1.350167782E1,9.794678688E0,-6.200982332E-1,-7.206547260E-1
1.350374605E1,9.789890289E0,-6.248866320E-1,-7.134721279E-1
1.350578017E1,9.797073364E0,-6.416460276E-1,-6.991068721E-1
1.350780871E1,9.777919769E0,-6.392518282E-1,-7.110779285E-1
1.351000009E1,9.761159897E0,-6.344634295E-1,-7.182605267E-1
1.351181359E1,9.765948296E0,-6.200982332E-1,-7.158663273E-1
1.351381336E1,9.780313492E0,-6.224924326E-1,-7.134721279E-1
1.351588194E1,9.787496567E0,-6.200982332E-1,-7.110779285E-1
1.351791613E1,9.789890289E0,-6.248866320E-1,-7.015010715E-1
1.351998540E1,9.799467087E0,-6.224924326E-1,-6.967126727E-1
1.352201979E1,9.785101891E0,-6.177040339E-1,-6.991068721E-1
1.352408848E1,9.780313492E0,-6.129156351E-1,-7.015010715E-1
1.352612282E1,9.780313492E0,-6.416460276E-1,-7.182605267E-1
1.352815436E1,9.785101891E0,-6.392518282E-1,-7.206547260E-1
1.353027432E1,9.792284966E0,-6.129156351E-1,-7.206547260E-1
1.353222729E1,9.825803757E0,-6.224924326E-1,-7.230489254E-1
1.353422690E1,9.813833237E0,-6.344634295E-1,-7.182605267E-1
1.353629571E1,9.811438560E0,-6.392518282E-1,-7.230489254E-1
1.353833036E1,9.813833237E0,-6.488286853E-1,-7.278373241E-1
1.354039925E1,9.811438560E0,-6.488286853E-1,-7.254431248E-1
1.354243378E1,9.816226959E0,-6.607996821E-1,-7.278373241E-1
1.354450236E1,9.816226959E0,-6.631938815E-1,-7.326257229E-1
1.354653659E1,9.799467087E0,-6.560112834E-1,-7.230489254E-1
1.354856486E1,9.809044838E0,-6.488286853E-1,-7.206547260E-1
1.355056936E1,9.828198433E0,-6.512228847E-1,-7.182605267E-1
1.355256902E1,9.809044838E0,-6.631938815E-1,-7.398083210E-1
1.355456871E1,9.804255486E0,-6.703764796E-1,-7.517793179E-1
1.355663713E1,9.811438560E0,-6.799532771E-1,-7.422025204E-1
1.355867136E1,9.818621635E0,-6.871358752E-1,-7.517793179E-1
1.356073982E1,9.813833237E0,-6.847416759E-1,-7.613561153E-1
1.356277425E1,9.816226959E0,-6.799532771E-1,-7.661445141E-1
1.356484348E1,9.844957352E0,-7.086837292E-1,-7.757213712E-1
1.356687755E1,9.859322548E0,-7.110779285E-1,-7.781155705E-1
1.356890867E1,9.842563629E0,-7.062895298E-1,-7.876923680E-1
1.357094013E1,9.844957352E0,-7.110779285E-1,-7.924807668E-1
1.357294082E1,9.847352028E0,-7.062895298E-1,-7.900865674E-1
1.357494059E1,9.888052940E0,-6.967126727E-1,-7.948749661E-1
1.357700963E1,9.885659218E0,-7.038952708E-1,-8.020575643E-1
1.357904421E1,9.888052940E0,-7.134721279E-1,-8.092401624E-1
1.358111252E1,9.907206535E0,-7.254431248E-1,-8.044517636E-1
1.358314667E1,9.909601212E0,-6.991068721E-1,-8.020575643E-1
1.358521482E1,9.907206535E0,-7.062895298E-1,-8.020575643E-1
1.358724925E1,9.909601212E0,-6.991068721E-1,-8.068459630E-1
1.358927713E1,9.914389610E0,-7.015010715E-1,-8.164227605E-1
1.359140302E1,9.897629738E0,-7.015010715E-1,-8.212111592E-1
1.359332117E1,9.892841339E0,-6.943184733E-1,-8.283938169E-1
1.359532063E1,9.878476143E0,-7.038952708E-1,-8.188169599E-1
1.359738905E1,9.885659218E0,-7.015010715E-1,-8.092401624E-1
1.359942355E1,9.888052940E0,-6.967126727E-1,-8.092401624E-1
1.360149175E1,9.876082420E0,-6.919242740E-1,-8.283938169E-1
1.360352575E1,9.876082420E0,-6.751648784E-1,-8.259995580E-1
1.360559421E1,9.880870819E0,-6.727706790E-1,-8.188169599E-1
1.360762828E1,9.890447617E0,-6.679822803E-1,-8.212111592E-1
1.360965975E1,9.897629738E0,-6.584054828E-1,-8.427590132E-1
1.361177944E1,9.897629738E0,-6.536170840E-1,-8.451532125E-1
1.361373236E1,9.880870819E0,-6.560112834E-1,-8.427590132E-1
1.361573132E1,9.868899345E0,-6.368576288E-1,-8.427590132E-1
1.361779998E1,9.868899345E0,-6.344634295E-1,-8.379706144E-1
1.361983382E1,9.844957352E0,-6.368576288E-1,-8.403648138E-1
1.362190221E1,9.842563629E0,-6.129156351E-1,-8.379706144E-1
1.362393655E1,9.847352028E0,-6.081272364E-1,-8.427590132E-1
1.362600471E1,9.842563629E0,-6.200982332E-1,-8.355764151E-1
1.362803894E1,9.847352028E0,-6.081272364E-1,-8.355764151E-1
1.363006840E1,9.854534149E0,-6.009446383E-1,-8.331822157E-1
1.363207032E1,9.856928825E0,-5.937620401E-1,-8.236053586E-1
1.363407040E1,9.852140427E0,-6.057330370E-1,-8.236053586E-1
1.363606982E1,9.849745750E0,-5.985504389E-1,-8.092401624E-1
1.363813817E1,9.856928825E0,-5.913678408E-1,-8.116343617E-1
1.364017236E1,9.830592155E0,-6.009446383E-1,-8.140285611E-1
1.364224029E1,9.813833237E0,-6.009446383E-1,-8.092401624E-1
1.364427398E1,9.818621635E0,-5.889736414E-1,-7.900865674E-1
1.364634221E1,9.794678688E0,-5.841852427E-1,-7.972691655E-1
1.364837590E1,9.801861763E0,-5.746083856E-1,-7.996633649E-1
1.365040502E1,9.809044838E0,-5.913678408E-1,-7.996633649E-1
1.365243625E1,9.811438560E0,-5.817909837E-1,-8.020575643E-1
1.365443563E1,9.801861763E0,-5.793967843E-1,-8.068459630E-1
1.365643459E1,9.792284966E0,-5.770025849E-1,-8.020575643E-1
1.365850298E1,9.782708168E0,-5.985504389E-1,-7.972691655E-1
1.366053702E1,9.797073364E0,-5.793967843E-1,-7.924807668E-1
1.366260563E1,9.794678688E0,-5.770025849E-1,-7.900865674E-1
1.366463967E1,9.809044838E0,-5.770025849E-1,-7.852981687E-1
1.366670782E1,9.813833237E0,-5.865794420E-1,-7.996633649E-1
1.366874198E1,9.801861763E0,-5.865794420E-1,-7.996633649E-1
1.367076955E1,9.787496567E0,-5.937620401E-1,-8.092401624E-1
1.367289563E1,9.806650162E0,-5.865794420E-1,-8.068459630E-1
1.367481398E1,9.801861763E0,-5.913678408E-1,-8.068459630E-1
1.367681317E1,9.804255486E0,-5.889736414E-1,-8.092401624E-1
1.367888144E1,9.801861763E0,-5.937620401E-1,-8.212111592E-1
1.368091540E1,9.811438560E0,-5.889736414E-1,-8.116343617E-1
1.368298409E1,9.821015358E0,-5.865794420E-1,-8.020575643E-1
1.368501848E1,9.813833237E0,-5.793967843E-1,-8.044517636E-1
1.368708721E1,9.809044838E0,-5.841852427E-1,-8.068459630E-1
1.368912186E1,9.818621635E0,-6.105214357E-1,-8.116343617E-1
1.369115340E1,9.823410034E0,-6.224924326E-1,-8.044517636E-1
1.369327352E1,9.823410034E0,-6.224924326E-1,-7.972691655E-1
1.369522632E1,9.823410034E0,-6.224924326E-1,-7.972691655E-1
1.369722628E1,9.832986832E0,-6.320692301E-1,-7.996633649E-1
1.369929494E1,9.818621635E0,-6.296750307E-1,-8.020575643E-1
1.370132928E1,9.825803757E0,-6.272808313E-1,-7.924807668E-1
1.370339802E1,9.842563629E0,-6.272808313E-1,-7.900865674E-1
1.370543271E1,9.861717224E0,-6.416460276E-1,-7.996633649E-1
1.370750163E1,9.859322548E0,-6.440402865E-1,-8.020575643E-1
1.370953586E1,9.871294022E0,-6.440402865E-1,-8.044517636E-1
1.371156302E1,9.864110947E0,-6.464344859E-1,-7.972691655E-1
1.371356602E1,9.868899345E0,-6.416460276E-1,-7.900865674E-1
1.371556632E1,9.856928825E0,-6.320692301E-1,-7.924807668E-1
1.371756613E1,9.866505623E0,-6.488286853E-1,-7.924807668E-1
1.371963490E1,9.868899345E0,-6.512228847E-1,-7.924807668E-1
1.372166921E1,9.878476143E0,-6.512228847E-1,-7.876923680E-1
1.372373782E1,9.871294022E0,-6.440402865E-1,-7.924807668E-1
1.372577263E1,9.871294022E0,-6.440402865E-1,-7.924807668E-1
1.372784082E1,9.868899345E0,-6.512228847E-1,-7.733271718E-1
1.372987532E1,9.876082420E0,-6.560112834E-1,-7.924807668E-1
1.373190717E1,9.876082420E0,-6.488286853E-1,-7.900865674E-1
1.373393928E1,9.895236015E0,-6.512228847E-1,-7.900865674E-1
1.373593982E1,9.864110947E0,-6.488286853E-1,-7.900865674E-1
1.373793998E1,9.864110947E0,-6.440402865E-1,-7.948749661E-1
1.374000944E1,9.864110947E0,-6.296750307E-1,-7.948749661E-1
1.374204452E1,9.856928825E0,-6.200982332E-1,-7.900865674E-1
1.374406928E1,9.854534149E0,-6.272808313E-1,-7.876923680E-1
1.374606913E1,9.856928825E0,-6.177040339E-1,-7.948749661E-1
1.374813786E1,9.847352028E0,-6.057330370E-1,-8.068459630E-1
1.375017232E1,9.849745750E0,-6.153098345E-1,-8.164227605E-1
1.375220067E1,9.854534149E0,-6.153098345E-1,-8.164227605E-1
1.375439325E1,9.866505623E0,-5.985504389E-1,-8.092401624E-1
1.375620667E1,9.871294022E0,-6.033388376E-1,-8.068459630E-1
1.375820625E1,9.864110947E0,-5.985504389E-1,-8.116343617E-1
1.376027486E1,9.844957352E0,-5.865794420E-1,-7.972691655E-1
1.376230959E1,9.844957352E0,-5.841852427E-1,-7.972691655E-1
1.376437848E1,9.844957352E0,-5.746083856E-1,-7.996633649E-1
1.376641359E1,9.859322548E0,-5.722141862E-1,-7.972691655E-1
1.376848309E1,9.847352028E0,-5.674257874E-1,-7.948749661E-1
1.377051813E1,9.852140427E0,-5.578489900E-1,-7.900865674E-1
1.377254978E1,9.849745750E0,-5.578489900E-1,-7.781155705E-1
1.377466928E1,9.847352028E0,-5.530605912E-1,-8.020575643E-1
1.377662217E1,9.840168953E0,-5.434837937E-1,-8.068459630E-1
1.377862152E1,9.823410034E0,-5.410895944E-1,-8.068459630E-1
1.378069021E1,9.842563629E0,-5.458779931E-1,-7.900865674E-1
1.378272567E1,9.844957352E0,-5.458779931E-1,-7.852981687E-1
1.378479498E1,9.832986832E0,-5.434837937E-1,-7.829039693E-1
1.378682994E1,9.837775230E0,-5.410895944E-1,-7.757213712E-1
1.378889905E1,9.825803757E0,-5.410895944E-1,-7.685387731E-1
1.379093355E1,9.813833237E0,-5.410895944E-1,-7.541735172E-1
1.379296302E1,9.811438560E0,-5.267243981E-1,-7.422025204E-1
1.379496444E1,9.813833237E0,-5.219359994E-1,-7.422025204E-1
1.379696425E1,9.828198433E0,-5.267243981E-1,-7.326257229E-1
1.379896425E1,9.818621635E0,-5.291185975E-1,-7.350199223E-1
1.380103298E1,9.823410034E0,-5.291185975E-1,-7.326257229E-1
1.380306809E1,9.840168953E0,-5.386953950E-1,-7.158663273E-1
1.380513709E1,9.816226959E0,-5.506663918E-1,-7.086837292E-1
1.380717255E1,9.813833237E0,-5.434837937E-1,-7.110779285E-1
1.380924171E1,9.813833237E0,-5.410895944E-1,-6.943184733E-1
1.381127667E1,9.806650162E0,-5.554547906E-1,-6.967126727E-1
1.381330824E1,9.806650162E0,-5.506663918E-1,-7.062895298E-1
1.381534052E1,9.823410034E0,-5.698199868E-1,-7.158663273E-1
1.381734086E1,9.823410034E0,-5.770025849E-1,-7.206547260E-1
1.381934102E1,9.816226959E0,-5.817909837E-1,-7.254431248E-1
1.382141002E1,9.811438560E0,-5.913678408E-1,-7.350199223E-1
1.382344524E1,9.828198433E0,-5.937620401E-1,-7.374141216E-1
1.382551455E1,9.835380554E0,-5.698199868E-1,-7.350199223E-1
1.382754955E1,9.837775230E0,-5.746083856E-1,-7.374141216E-1
1.382961859E1,9.830592155E0,-5.698199868E-1,-7.350199223E-1
1.383165428E1,9.809044838E0,-5.793967843E-1,-7.254431248E-1
1.383368259E1,9.801861763E0,-5.889736414E-1,-7.254431248E-1
1.383580894E1,9.801861763E0,-6.081272364E-1,-7.326257229E-1
1.383772698E1,9.806650162E0,-6.129156351E-1,-7.350199223E-1
1.383972740E1,9.799467087E0,-6.105214357E-1,-7.493851185E-1
1.384179709E1,9.799467087E0,-6.153098345E-1,-7.493851185E-1
1.384383175E1,9.825803757E0,-6.224924326E-1,-7.565677166E-1
1.384590174E1,9.832986832E0,-6.224924326E-1,-7.637503147E-1
1.384793698E1,9.828198433E0,-6.081272364E-1,-7.709329724E-1
1.385000632E1,9.821015358E0,-6.248866320E-1,-7.613561153E-1
1.385204202E1,9.825803757E0,-6.344634295E-1,-7.733271718E-1
1.385407448E1,9.828198433E0,-6.416460276E-1,-7.661445141E-1
1.385619521E1,9.830592155E0,-6.392518282E-1,-7.757213712E-1
1.385814871E1,9.842563629E0,-6.416460276E-1,-7.805097699E-1
1.386014878E1,9.868899345E0,-6.488286853E-1,-7.876923680E-1
1.386221732E1,9.871294022E0,-6.368576288E-1,-7.996633649E-1
1.386425213E1,9.864110947E0,-6.440402865E-1,-8.020575643E-1
1.386632113E1,9.849745750E0,-6.440402865E-1,-7.948749661E-1
1.386835605E1,9.868899345E0,-6.416460276E-1,-8.044517636E-1
1.387042551E1,9.871294022E0,-6.464344859E-1,-8.044517636E-1
1.387246086E1,9.868899345E0,-6.392518282E-1,-8.020575643E-1
1.387449036E1,9.859322548E0,-6.368576288E-1,-7.996633649E-1
1.387649409E1,9.852140427E0,-6.344634295E-1,-7.996633649E-1
1.387849490E1,9.840168953E0,-6.368576288E-1,-7.948749661E-1
1.388049482E1,9.823410034E0,-6.464344859E-1,-7.900865674E-1
1.388256390E1,9.849745750E0,-6.464344859E-1,-7.733271718E-1
1.388459886E1,9.856928825E0,-6.464344859E-1,-7.733271718E-1
1.388666778E1,9.847352028E0,-6.464344859E-1,-7.709329724E-1
1.388870263E1,9.830592155E0,-6.416460276E-1,-7.493851185E-1
1.389077178E1,9.816226959E0,-6.440402865E-1,-7.493851185E-1
1.389280667E1,9.813833237E0,-6.368576288E-1,-7.398083210E-1
1.389483913E1,9.809044838E0,-6.081272364E-1,-7.422025204E-1
1.389687082E1,9.809044838E0,-6.081272364E-1,-7.350199223E-1
1.389887094E1,9.821015358E0,-5.961562395E-1,-7.230489254E-1
1.390087074E1,9.816226959E0,-5.937620401E-1,-7.158663273E-1
1.390293971E1,9.809044838E0,-5.913678408E-1,-7.206547260E-1
1.390497467E1,9.797073364E0,-5.602431893E-1,-7.182605267E-1
1.390704405E1,9.785101891E0,-5.602431893E-1,-7.110779285E-1
1.390907905E1,9.782708168E0,-5.698199868E-1,-7.110779285E-1
1.391114844E1,9.813833237E0,-5.650315881E-1,-7.038952708E-1
1.391318351E1,9.837775230E0,-5.482721925E-1,-6.799532771E-1
1.391521182E1,9.837775230E0,-5.410895944E-1,-6.679822803E-1
1.391733751E1,9.835380554E0,-5.363011956E-1,-6.584054828E-1
1.391925590E1,9.854534149E0,-5.530605912E-1,-6.440402865E-1
1.392125621E1,9.849745750E0,-5.578489900E-1,-6.392518282E-1
1.392332536E1,9.878476143E0,-5.554547906E-1,-6.320692301E-1
1.392536048E1,9.892841339E0,-5.554547906E-1,-6.296750307E-1
1.392742971E1,9.876082420E0,-5.602431893E-1,-6.272808313E-1
1.392946498E1,9.871294022E0,-5.602431893E-1,-6.296750307E-1
1.393153417E1,9.895236015E0,-5.889736414E-1,-6.344634295E-1
1.393356928E1,9.909601212E0,-5.937620401E-1,-6.536170840E-1
1.393560094E1,9.904812813E0,-5.985504389E-1,-6.584054828E-1
1.393772113E1,9.916783333E0,-5.961562395E-1,-6.727706790E-1
1.393967428E1,9.950302124E0,-5.841852427E-1,-7.062895298E-1
1.394167451E1,9.950302124E0,-5.817909837E-1,-7.134721279E-1
1.394374374E1,9.933543205E0,-5.650315881E-1,-7.374141216E-1
1.394577836E1,9.897629738E0,-5.626373887E-1,-7.469909191E-1
1.394784709E1,9.892841339E0,-5.698199868E-1,-7.637503147E-1
1.394988209E1,9.897629738E0,-5.698199868E-1,-7.876923680E-1
1.395195117E1,9.883264542E0,-5.602431893E-1,-8.092401624E-1
1.395398582E1,9.880870819E0,-5.650315881E-1,-8.140285611E-1
1.395601440E1,9.866505623E0,-5.578489900E-1,-8.331822157E-1
1.395801671E1,9.842563629E0,-5.530605912E-1,-8.283938169E-1
1.396001655E1,9.828198433E0,-5.674257874E-1,-8.331822157E-1
1.396201663E1,9.818621635E0,-5.674257874E-1,-8.355764151E-1
1.396408567E1,9.816226959E0,-5.578489900E-1,-8.379706144E-1
1.396612078E1,9.804255486E0,-5.602431893E-1,-8.236053586E-1
1.396819021E1,9.816226959E0,-5.530605912E-1,-8.188169599E-1
1.397022521E1,9.823410034E0,-5.602431893E-1,-8.140285611E-1
1.397229444E1,9.828198433E0,-5.602431893E-1,-8.188169599E-1
1.397432909E1,9.821015358E0,-5.698199868E-1,-8.164227605E-1
1.397636040E1,9.811438560E0,-5.961562395E-1,-8.092401624E-1
1.397836313E1,9.818621635E0,-5.985504389E-1,-8.068459630E-1
1.398043209E1,9.832986832E0,-6.153098345E-1,-7.996633649E-1
1.398246721E1,9.811438560E0,-6.057330370E-1,-7.876923680E-1
1.398453667E1,9.809044838E0,-6.153098345E-1,-7.805097699E-1
1.398657155E1,9.816226959E0,-6.177040339E-1,-7.805097699E-1
1.398859609E1,9.835380554E0,-6.129156351E-1,-7.757213712E-1
1.399059598E1,9.837775230E0,-6.248866320E-1,-7.876923680E-1
1.399266459E1,9.840168953E0,-6.392518282E-1,-7.805097699E-1
1.399469917E1,9.832986832E0,-6.177040339E-1,-7.757213712E-1
1.399672728E1,9.842563629E0,-6.296750307E-1,-7.709329724E-1
1.399891444E1,9.847352028E0,-6.368576288E-1,-7.733271718E-1
1.400072840E1,9.852140427E0,-6.368576288E-1,-7.685387731E-1
1.400272851E1,9.866505623E0,-6.488286853E-1,-7.637503147E-1
1.400479771E1,9.873687744E0,-6.536170840E-1,-7.613561153E-1
1.400683298E1,9.883264542E0,-6.392518282E-1,-7.565677166E-1
1.400890163E1,9.883264542E0,-6.488286853E-1,-7.589619160E-1
1.401093651E1,9.878476143E0,-6.536170840E-1,-7.613561153E-1
1.401300451E1,9.864110947E0,-6.464344859E-1,-7.469909191E-1
1.401503944E1,9.868899345E0,-6.440402865E-1,-7.350199223E-1
1.401707063E1,9.861717224E0,-6.368576288E-1,-7.230489254E-1
1.401919075E1,9.868899345E0,-6.416460276E-1,-7.062895298E-1
1.402114371E1,9.890447617E0,-6.320692301E-1,-6.943184733E-1
1.402314321E1,9.883264542E0,-6.344634295E-1,-6.895300746E-1
1.402521232E1,9.885659218E0,-6.440402865E-1,-6.823474765E-1
1.402724728E1,9.885659218E0,-6.440402865E-1,-6.991068721E-1
1.402931632E1,9.878476143E0,-6.416460276E-1,-6.943184733E-1
1.403135055E1,9.885659218E0,-6.344634295E-1,-6.991068721E-1
1.403341921E1,9.880870819E0,-6.344634295E-1,-6.943184733E-1
1.403545336E1,9.852140427E0,-6.224924326E-1,-6.919242740E-1
1.403748140E1,9.842563629E0,-6.272808313E-1,-6.847416759E-1
1.403948371E1,9.832986832E0,-6.105214357E-1,-6.823474765E-1
1.404153467E1,9.823410034E0,-6.033388376E-1,-6.919242740E-1
1.404356928E1,9.828198433E0,-6.057330370E-1,-6.871358752E-1
1.404563755E1,9.811438560E0,-6.009446383E-1,-6.727706790E-1
1.404767163E1,9.797073364E0,-5.913678408E-1,-6.727706790E-1
1.404973994E1,9.799467087E0,-5.913678408E-1,-6.751648784E-1
1.405177409E1,9.801861763E0,-5.841852427E-1,-6.751648784E-1
1.405384301E1,9.785101891E0,-5.865794420E-1,-6.679822803E-1
1.405587725E1,9.775525093E0,-5.817909837E-1,-6.655880809E-1
1.405790874E1,9.780313492E0,-5.650315881E-1,-6.679822803E-1
1.405993948E1,9.794678688E0,-5.722141862E-1,-6.703764796E-1
1.406193936E1,9.789890289E0,-5.817909837E-1,-6.751648784E-1
1.406393871E1,9.761159897E0,-5.722141862E-1,-6.703764796E-1
1.406600713E1,9.761159897E0,-5.793967843E-1,-6.703764796E-1
1.406804144E1,9.777919769E0,-5.793967843E-1,-6.679822803E-1
1.407011005E1,9.792284966E0,-5.698199868E-1,-6.655880809E-1
1.407214432E1,9.785101891E0,-5.889736414E-1,-6.584054828E-1
1.407421267E1,9.785101891E0,-5.817909837E-1,-6.464344859E-1
1.407624686E1,9.792284966E0,-5.770025849E-1,-6.488286853E-1
1.407827398E1,9.792284966E0,-5.817909837E-1,-6.536170840E-1
1.408039998E1,9.789890289E0,-5.841852427E-1,-6.536170840E-1
1.408231721E1,9.806650162E0,-5.961562395E-1,-6.560112834E-1
1.408431617E1,9.801861763E0,-5.913678408E-1,-6.584054828E-1
1.408638463E1,9.801861763E0,-5.746083856E-1,-6.607996821E-1
1.408841882E1,9.811438560E0,-5.698199868E-1,-6.679822803E-1
1.409048790E1,9.797073364E0,-5.889736414E-1,-6.799532771E-1
1.409252186E1,9.787496567E0,-5.889736414E-1,-6.727706790E-1
1.409458967E1,9.809044838E0,-5.913678408E-1,-6.727706790E-1
1.409662371E1,9.828198433E0,-5.770025849E-1,-6.727706790E-1
1.409865401E1,9.811438560E0,-5.865794420E-1,-6.823474765E-1
1.410077309E1,9.816226959E0,-5.841852427E-1,-6.823474765E-1
1.410272605E1,9.821015358E0,-5.793967843E-1,-6.823474765E-1
1.410472521E1,9.816226959E0,-5.650315881E-1,-6.847416759E-1
1.410679355E1,9.823410034E0,-5.698199868E-1,-6.871358752E-1
1.410882759E1,9.823410034E0,-5.961562395E-1,-6.871358752E-1
1.411089651E1,9.809044838E0,-5.841852427E-1,-6.919242740E-1
1.411293098E1,9.811438560E0,-5.817909837E-1,-6.991068721E-1
1.411500017E1,9.825803757E0,-5.698199868E-1,-7.062895298E-1
1.411703463E1,9.825803757E0,-5.841852427E-1,-7.062895298E-1
1.411906413E1,9.825803757E0,-5.985504389E-1,-7.062895298E-1
1.412106624E1,9.825803757E0,-5.961562395E-1,-7.206547260E-1
1.412306644E1,9.842563629E0,-5.937620401E-1,-7.374141216E-1
1.412506594E1,9.837775230E0,-5.985504389E-1,-7.302315235E-1
1.412713498E1,9.842563629E0,-6.009446383E-1,-7.350199223E-1
1.412916959E1,9.849745750E0,-6.081272364E-1,-7.374141216E-1
1.413123867E1,9.852140427E0,-6.153098345E-1,-7.493851185E-1
1.413327351E1,9.844957352E0,-6.200982332E-1,-7.613561153E-1
1.413534259E1,9.837775230E0,-6.033388376E-1,-7.541735172E-1
1.413737767E1,9.835380554E0,-6.009446383E-1,-7.374141216E-1
1.413940944E1,9.840168953E0,-5.985504389E-1,-7.278373241E-1
1.414144117E1,9.861717224E0,-6.081272364E-1,-7.182605267E-1
1.414344194E1,9.856928825E0,-6.153098345E-1,-7.278373241E-1
1.414544186E1,9.864110947E0,-6.081272364E-1,-7.278373241E-1
1.414751105E1,9.876082420E0,-6.105214357E-1,-7.158663273E-1
1.414954582E1,9.861717224E0,-6.153098345E-1,-7.182605267E-1
1.415161494E1,9.854534149E0,-6.224924326E-1,-7.134721279E-1
1.415364951E1,9.849745750E0,-6.296750307E-1,-7.086837292E-1
1.415571824E1,9.866505623E0,-6.105214357E-1,-7.134721279E-1
1.415775290E1,9.873687744E0,-6.153098345E-1,-7.086837292E-1
1.415978136E1,9.856928825E0,-6.105214357E-1,-7.062895298E-1
1.416190694E1,9.868899345E0,-6.081272364E-1,-7.062895298E-1
1.416382540E1,9.868899345E0,-6.081272364E-1,-7.038952708E-1
1.416582544E1,9.868899345E0,-6.296750307E-1,-7.038952708E-1
1.416789428E1,9.859322548E0,-6.296750307E-1,-7.062895298E-1
1.416992924E1,9.847352028E0,-6.272808313E-1,-7.086837292E-1
1.417199817E1,9.859322548E0,-6.296750307E-1,-7.182605267E-1
1.417403286E1,9.868899345E0,-6.344634295E-1,-7.158663273E-1
1.417610194E1,9.873687744E0,-6.320692301E-1,-7.110779285E-1
1.417813632E1,9.871294022E0,-6.153098345E-1,-7.110779285E-1
1.418016790E1,9.868899345E0,-6.153098345E-1,-7.158663273E-1
1.418228836E1,9.864110947E0,-6.129156351E-1,-7.350199223E-1
1.418424209E1,9.871294022E0,-6.033388376E-1,-7.302315235E-1
1.418624117E1,9.873687744E0,-5.985504389E-1,-7.350199223E-1
1.418831005E1,9.871294022E0,-6.009446383E-1,-7.374141216E-1
1.419034463E1,9.866505623E0,-6.129156351E-1,-7.302315235E-1
1.419241313E1,9.856928825E0,-6.272808313E-1,-7.230489254E-1
1.419444724E1,9.849745750E0,-6.296750307E-1,-7.350199223E-1
1.419651540E1,9.847352028E0,-6.248866320E-1,-7.326257229E-1
1.419854936E1,9.847352028E0,-6.200982332E-1,-7.350199223E-1
1.420057755E1,9.837775230E0,-6.105214357E-1,-7.374141216E-1
1.420258040E1,9.835380554E0,-6.033388376E-1,-7.326257229E-1
1.420458063E1,9.809044838E0,-6.057330370E-1,-7.278373241E-1
1.420657974E1,9.828198433E0,-6.105214357E-1,-7.326257229E-1
1.420864851E1,9.823410034E0,-5.937620401E-1,-7.278373241E-1
1.421068313E1,9.811438560E0,-5.937620401E-1,-7.206547260E-1
1.421275190E1,9.816226959E0,-5.961562395E-1,-7.254431248E-1
1.421478674E1,9.816226959E0,-5.985504389E-1,-7.302315235E-1
1.421685590E1,9.830592155E0,-5.913678408E-1,-7.206547260E-1
1.421889055E1,9.816226959E0,-5.985504389E-1,-6.967126727E-1
1.422092174E1,9.809044838E0,-6.009446383E-1,-6.991068721E-1
1.422295324E1,9.813833237E0,-5.937620401E-1,-7.134721279E-1
1.422495294E1,9.801861763E0,-5.937620401E-1,-7.206547260E-1
1.422695267E1,9.801861763E0,-5.937620401E-1,-7.110779285E-1
1.422902140E1,9.794678688E0,-5.913678408E-1,-7.015010715E-1
1.423105601E1,9.816226959E0,-5.841852427E-1,-7.015010715E-1
1.423308178E1,9.825803757E0,-5.793967843E-1,-6.943184733E-1
1.423508182E1,9.816226959E0,-5.889736414E-1,-6.919242740E-1
1.423715013E1,9.811438560E0,-5.985504389E-1,-7.015010715E-1
1.423918444E1,9.821015358E0,-6.009446383E-1,-7.038952708E-1
1.424121274E1,9.825803757E0,-6.177040339E-1,-6.991068721E-1
1.424340601E1,9.818621635E0,-6.177040339E-1,-7.062895298E-1
1.424521974E1,9.823410034E0,-6.177040339E-1,-6.967126727E-1
1.424721936E1,9.828198433E0,-6.057330370E-1,-6.823474765E-1
1.424928794E1,9.844957352E0,-6.153098345E-1,-6.799532771E-1
1.425132232E1,9.852140427E0,-6.153098345E-1,-6.871358752E-1
1.425339117E1,9.856928825E0,-6.129156351E-1,-6.895300746E-1
1.425542555E1,9.859322548E0,-6.129156351E-1,-6.943184733E-1
1.425749420E1,9.866505623E0,-6.105214357E-1,-6.871358752E-1
1.425952867E1,9.856928825E0,-6.129156351E-1,-6.751648784E-1
1.426155998E1,9.842563629E0,-6.129156351E-1,-6.775590777E-1
1.426368009E1,9.856928825E0,-5.913678408E-1,-6.775590777E-1
1.426563271E1,9.866505623E0,-5.841852427E-1,-6.775590777E-1
1.426763294E1,9.849745750E0,-5.889736414E-1,-6.775590777E-1
1.426970120E1,9.854534149E0,-5.913678408E-1,-6.871358752E-1
1.427173551E1,9.842563629E0,-5.889736414E-1,-6.871358752E-1
1.427380486E1,9.842563629E0,-5.722141862E-1,-7.015010715E-1
1.427583978E1,9.852140427E0,-5.746083856E-1,-6.943184733E-1
1.427790874E1,9.849745750E0,-5.793967843E-1,-6.847416759E-1
1.427994359E1,9.847352028E0,-5.650315881E-1,-6.751648784E-1
1.428197386E1,9.832986832E0,-5.770025849E-1,-6.679822803E-1
1.428397455E1,9.832986832E0,-5.793967843E-1,-6.703764796E-1
1.428597463E1,9.828198433E0,-5.698199868E-1,-6.751648784E-1
1.428797417E1,9.821015358E0,-5.698199868E-1,-6.751648784E-1
1.429004336E1,9.816226959E0,-5.817909837E-1,-6.703764796E-1
1.429207759E1,9.835380554E0,-5.817909837E-1,-6.703764796E-1
1.429414582E1,9.842563629E0,-5.841852427E-1,-6.607996821E-1
1.429617978E1,9.832986832E0,-5.841852427E-1,-6.560112834E-1
1.429824805E1,9.830592155E0,-5.793967843E-1,-6.392518282E-1
1.430028224E1,9.852140427E0,-5.865794420E-1,-6.440402865E-1
1.430231317E1,9.842563629E0,-5.889736414E-1,-6.464344859E-1
1.430434432E1,9.840168953E0,-5.865794420E-1,-6.464344859E-1
1.430634374E1,9.830592155E0,-5.937620401E-1,-6.392518282E-1
1.430834317E1,9.830592155E0,-5.889736414E-1,-6.416460276E-1
1.431041213E1,9.828198433E0,-5.913678408E-1,-6.368576288E-1
1.431244647E1,9.847352028E0,-5.746083856E-1,-6.296750307E-1
1.431451509E1,9.866505623E0,-5.650315881E-1,-6.248866320E-1
1.431654928E1,9.868899345E0,-5.698199868E-1,-6.272808313E-1
1.431861767E1,9.864110947E0,-5.674257874E-1,-6.272808313E-1
1.432065209E1,9.864110947E0,-5.746083856E-1,-6.464344859E-1
1.432267959E1,9.871294022E0,-5.602431893E-1,-6.416460276E-1
1.432480497E1,9.871294022E0,-5.506663918E-1,-6.416460276E-1
1.432672301E1,9.876082420E0,-5.554547906E-1,-6.560112834E-1
1.432872274E1,9.878476143E0,-5.698199868E-1,-6.512228847E-1
1.433079182E1,9.876082420E0,-5.626373887E-1,-6.584054828E-1
1.433282632E1,9.878476143E0,-5.530605912E-1,-6.512228847E-1
1.433489544E1,9.868899345E0,-5.554547906E-1,-6.512228847E-1
1.433693028E1,9.868899345E0,-5.434837937E-1,-6.512228847E-1
1.433899863E1,9.888052940E0,-5.530605912E-1,-6.536170840E-1
1.434103294E1,9.897629738E0,-5.482721925E-1,-6.488286853E-1
1.434306444E1,9.890447617E0,-5.363011956E-1,-6.536170840E-1
1.434518382E1,9.873687744E0,-5.386953950E-1,-6.679822803E-1
1.434713644E1,9.873687744E0,-5.386953950E-1,-6.679822803E-1
1.434913567E1,9.873687744E0,-5.434837937E-1,-6.727706790E-1
1.435120428E1,9.873687744E0,-5.386953950E-1,-6.679822803E-1
1.435323867E1,9.871294022E0,-5.458779931E-1,-6.775590777E-1
1.435530728E1,9.866505623E0,-5.434837937E-1,-6.727706790E-1
1.435734144E1,9.873687744E0,-5.291185975E-1,-6.631938815E-1
1.435940978E1,9.864110947E0,-5.243301988E-1,-6.727706790E-1
1.436144413E1,9.861717224E0,-5.243301988E-1,-6.799532771E-1
1.436347201E1,9.842563629E0,-5.434837937E-1,-6.823474765E-1
1.436547490E1,9.868899345E0,-5.363011956E-1,-6.703764796E-1
1.436747436E1,9.856928825E0,-5.339069963E-1,-6.679822803E-1
1.436947444E1,9.852140427E0,-5.410895944E-1,-6.655880809E-1
1.437154247E1,9.856928825E0,-5.458779931E-1,-6.775590777E-1
1.437357717E1,9.856928825E0,-5.363011956E-1,-6.751648784E-1
1.437564574E1,9.840168953E0,-5.363011956E-1,-6.751648784E-1
1.437767990E1,9.837775230E0,-5.339069963E-1,-6.631938815E-1
1.437974763E1,9.847352028E0,-5.506663918E-1,-6.631938815E-1
1.438178182E1,9.844957352E0,-5.458779931E-1,-6.631938815E-1
1.438381217E1,9.837775230E0,-5.267243981E-1,-6.584054828E-1
1.438584417E1,9.832986832E0,-5.291185975E-1,-6.607996821E-1
1.438784405E1,9.835380554E0,-5.267243981E-1,-6.631938815E-1
1.438984401E1,9.825803757E0,-5.339069963E-1,-6.655880809E-1
1.439191305E1,9.825803757E0,-5.339069963E-1,-6.607996821E-1
1.439394817E1,9.825803757E0,-5.339069963E-1,-6.679822803E-1
1.439601728E1,9.830592155E0,-5.554547906E-1,-6.703764796E-1
1.439805236E1,9.828198433E0,-5.458779931E-1,-6.847416759E-1
1.440012109E1,9.835380554E0,-5.530605912E-1,-6.871358752E-1
1.440215486E1,9.835380554E0,-5.530605912E-1,-6.751648784E-1
1.440418228E1,9.835380554E0,-5.482721925E-1,-6.751648784E-1
1.440630736E1,9.832986832E0,-5.386953950E-1,-6.631938815E-1
1.440822478E1,9.830592155E0,-5.267243981E-1,-6.679822803E-1
1.441022417E1,9.828198433E0,-5.410895944E-1,-6.703764796E-1
1.441229267E1,9.828198433E0,-5.458779931E-1,-6.823474765E-1
1.441432694E1,9.852140427E0,-5.363011956E-1,-6.823474765E-1
1.441639594E1,9.868899345E0,-5.339069963E-1,-6.775590777E-1
1.441843032E1,9.852140427E0,-5.363011956E-1,-6.775590777E-1
1.442049940E1,9.840168953E0,-5.482721925E-1,-6.847416759E-1
1.442253382E1,9.852140427E0,-5.410895944E-1,-6.679822803E-1
1.442456482E1,9.864110947E0,-5.434837937E-1,-6.727706790E-1
1.442668405E1,9.854534149E0,-5.578489900E-1,-6.775590777E-1
1.442863697E1,9.849745750E0,-5.530605912E-1,-6.655880809E-1
1.443063667E1,9.852140427E0,-5.506663918E-1,-6.584054828E-1
1.443270555E1,9.844957352E0,-5.530605912E-1,-6.679822803E-1
1.443473990E1,9.842563629E0,-5.650315881E-1,-6.631938815E-1
1.443680844E1,9.840168953E0,-5.698199868E-1,-6.560112834E-1
1.443884351E1,9.842563629E0,-5.817909837E-1,-6.536170840E-1
1.444091220E1,9.844957352E0,-5.913678408E-1,-6.631938815E-1
1.444294663E1,9.847352028E0,-5.913678408E-1,-6.679822803E-1
1.444497547E1,9.835380554E0,-5.961562395E-1,-6.512228847E-1
1.444697736E1,9.837775230E0,-5.937620401E-1,-6.464344859E-1
1.444897790E1,9.825803757E0,-5.889736414E-1,-6.560112834E-1
1.445097747E1,9.821015358E0,-5.961562395E-1,-6.464344859E-1
1.445304655E1,9.828198433E0,-6.009446383E-1,-6.392518282E-1
1.445508140E1,9.821015358E0,-5.913678408E-1,-6.344634295E-1
1.445715005E1,9.804255486E0,-5.865794420E-1,-6.320692301E-1
1.445918463E1,9.801861763E0,-5.793967843E-1,-6.320692301E-1
1.446125332E1,9.821015358E0,-5.817909837E-1,-6.416460276E-1
1.446328844E1,9.823410034E0,-5.698199868E-1,-6.440402865E-1
1.446532017E1,9.801861763E0,-5.722141862E-1,-6.368576288E-1
1.446735251E1,9.828198433E0,-5.722141862E-1,-6.153098345E-1
1.446935163E1,9.821015358E0,-5.578489900E-1,-6.248866320E-1
1.447135121E1,9.811438560E0,-5.698199868E-1,-6.224924326E-1
1.447341990E1,9.828198433E0,-5.770025849E-1,-6.057330370E-1
1.447545451E1,9.823410034E0,-5.793967843E-1,-5.961562395E-1
1.447747924E1,9.840168953E0,-5.937620401E-1,-5.889736414E-1
1.447947974E1,9.859322548E0,-5.865794420E-1,-5.746083856E-1
1.448154851E1,9.852140427E0,-5.746083856E-1,-5.770025849E-1
1.448358355E1,9.859322548E0,-5.841852427E-1,-5.937620401E-1
1.448561197E1,9.873687744E0,-6.033388376E-1,-5.865794420E-1
1.448780505E1,9.868899345E0,-6.009446383E-1,-5.889736414E-1
1.448961928E1,9.880870819E0,-6.057330370E-1,-5.865794420E-1
1.449161940E1,9.880870819E0,-6.009446383E-1,-5.985504389E-1
1.449368882E1,9.868899345E0,-6.057330370E-1,-6.105214357E-1
1.449572336E1,9.883264542E0,-6.081272364E-1,-6.200982332E-1
1.449779228E1,9.888052940E0,-6.105214357E-1,-6.440402865E-1
1.449982667E1,9.885659218E0,-6.057330370E-1,-6.488286853E-1
1.450189570E1,9.895236015E0,-5.961562395E-1,-6.607996821E-1
1.450392982E1,9.880870819E0,-5.865794420E-1,-6.751648784E-1
1.450596067E1,9.888052940E0,-5.793967843E-1,-6.799532771E-1
1.450807974E1,9.880870819E0,-5.554547906E-1,-6.895300746E-1
1.451003151E1,9.849745750E0,-5.434837937E-1,-6.919242740E-1
1.451203105E1,9.835380554E0,-5.482721925E-1,-7.015010715E-1
1.451409944E1,9.844957352E0,-5.458779931E-1,-6.871358752E-1
1.451613336E1,9.830592155E0,-5.434837937E-1,-6.871358752E-1
1.451820251E1,9.821015358E0,-5.363011956E-1,-6.847416759E-1
1.452023713E1,9.811438560E0,-5.267243981E-1,-6.799532771E-1
1.452230628E1,9.806650162E0,-5.075707436E-1,-6.823474765E-1
1.452434124E1,9.811438560E0,-5.147533417E-1,-6.631938815E-1
1.452637144E1,9.799467087E0,-5.195417404E-1,-6.631938815E-1
1.452837536E1,9.785101891E0,-5.195417404E-1,-6.584054828E-1
1.453037655E1,9.789890289E0,-5.147533417E-1,-6.584054828E-1
1.453237686E1,9.785101891E0,-5.243301988E-1,-6.560112834E-1
1.453444613E1,9.775525093E0,-5.458779931E-1,-6.464344859E-1
1.453648151E1,9.792284966E0,-5.458779931E-1,-6.416460276E-1
1.453855051E1,9.782708168E0,-5.482721925E-1,-6.344634295E-1
1.454058567E1,9.785101891E0,-5.506663918E-1,-6.248866320E-1
1.454265459E1,9.787496567E0,-5.746083856E-1,-6.153098345E-1
1.454468924E1,9.792284966E0,-5.674257874E-1,-6.153098345E-1
1.454672051E1,9.799467087E0,-5.722141862E-1,-6.177040339E-1
1.454875347E1,9.816226959E0,-5.674257874E-1,-6.224924326E-1
1.455075417E1,9.811438560E0,-5.817909837E-1,-6.153098345E-1
1.455275459E1,9.818621635E0,-5.865794420E-1,-6.057330370E-1
1.455482363E1,9.823410034E0,-5.865794420E-1,-6.177040339E-1
1.455685855E1,9.828198433E0,-5.889736414E-1,-6.153098345E-1
1.455892770E1,9.825803757E0,-6.009446383E-1,-6.224924326E-1
1.456096228E1,9.825803757E0,-6.033388376E-1,-6.296750307E-1
1.456303097E1,9.830592155E0,-6.009446383E-1,-6.272808313E-1
1.456506578E1,9.849745750E0,-5.961562395E-1,-6.177040339E-1
1.456709436E1,9.847352028E0,-5.961562395E-1,-6.105214357E-1
1.456922132E1,9.847352028E0,-6.057330370E-1,-6.200982332E-1
1.457113974E1,9.844957352E0,-6.153098345E-1,-6.248866320E-1
1.457313936E1,9.847352028E0,-6.033388376E-1,-6.081272364E-1
1.457520801E1,9.844957352E0,-6.081272364E-1,-6.105214357E-1
1.457724270E1,9.818621635E0,-6.272808313E-1,-6.105214357E-1
1.457931174E1,9.842563629E0,-6.105214357E-1,-6.057330370E-1
1.458134636E1,9.844957352E0,-6.105214357E-1,-6.081272364E-1
1.458341559E1,9.849745750E0,-6.081272364E-1,-6.033388376E-1
1.458545040E1,9.854534149E0,-5.937620401E-1,-5.937620401E-1
1.458748151E1,9.830592155E0,-5.770025849E-1,-5.913678408E-1
1.458960201E1,9.823410034E0,-5.770025849E-1,-5.841852427E-1
1.459155467E1,9.830592155E0,-5.722141862E-1,-5.793967843E-1
1.459355447E1,9.816226959E0,-5.817909837E-1,-5.841852427E-1
1.459562297E1,9.811438560E0,-5.698199868E-1,-5.841852427E-1
1.459765759E1,9.804255486E0,-5.626373887E-1,-5.793967843E-1
1.459972601E1,9.789890289E0,-5.698199868E-1,-5.746083856E-1
1.460176040E1,9.797073364E0,-5.602431893E-1,-5.674257874E-1
1.460382909E1,9.785101891E0,-5.386953950E-1,-5.746083856E-1
1.460586428E1,9.794678688E0,-5.530605912E-1,-5.793967843E-1
1.460789317E1,9.777919769E0,-5.506663918E-1,-5.746083856E-1
1.460989409E1,9.785101891E0,-5.482721925E-1,-5.722141862E-1
1.461189405E1,9.780313492E0,-5.506663918E-1,-5.626373887E-1
1.461389378E1,9.782708168E0,-5.578489900E-1,-5.578489900E-1
1.461596213E1,9.787496567E0,-5.339069963E-1,-5.578489900E-1
1.461799674E1,9.782708168E0,-5.363011956E-1,-5.626373887E-1
1.462006597E1,9.777919769E0,-5.410895944E-1,-5.578489900E-1
1.462210116E1,9.775525093E0,-5.267243981E-1,-5.602431893E-1
1.462417051E1,9.775525093E0,-5.267243981E-1,-5.674257874E-1
1.462620570E1,9.780313492E0,-5.243301988E-1,-5.674257874E-1
1.462823701E1,9.777919769E0,-5.339069963E-1,-5.578489900E-1
1.463026909E1,9.749189377E0,-5.386953950E-1,-5.674257874E-1
1.463227001E1,9.770736694E0,-5.363011956E-1,-5.722141862E-1
1.463426997E1,9.780313492E0,-5.243301988E-1,-5.841852427E-1
1.463633920E1,9.777919769E0,-5.339069963E-1,-5.937620401E-1
1.463837447E1,9.794678688E0,-5.291185975E-1,-5.889736414E-1
1.464044359E1,9.806650162E0,-5.219359994E-1,-5.985504389E-1
1.464247847E1,9.770736694E0,-5.075707436E-1,-6.009446383E-1
1.464454716E1,9.780313492E0,-5.267243981E-1,-6.177040339E-1
1.464658140E1,9.789890289E0,-5.363011956E-1,-6.177040339E-1
1.464860901E1,9.780313492E0,-5.171475410E-1,-6.224924326E-1
1.465073620E1,9.782708168E0,-5.123591423E-1,-6.320692301E-1
1.465265440E1,9.789890289E0,-5.291185975E-1,-6.368576288E-1
1.465465374E1,9.806650162E0,-5.506663918E-1,-6.607996821E-1
1.465672309E1,9.818621635E0,-5.458779931E-1,-6.775590777E-1
1.465875790E1,9.821015358E0,-5.410895944E-1,-6.775590777E-1
1.466082690E1,9.828198433E0,-5.339069963E-1,-6.943184733E-1
1.466286136E1,9.842563629E0,-5.458779931E-1,-7.158663273E-1
1.466493051E1,9.856928825E0,-5.434837937E-1,-7.134721279E-1
1.466696574E1,9.844957352E0,-5.267243981E-1,-7.278373241E-1
1.466899716E1,9.842563629E0,-5.482721925E-1,-7.350199223E-1
1.467111770E1,9.856928825E0,-5.482721925E-1,-7.374141216E-1
1.467307070E1,9.866505623E0,-5.458779931E-1,-7.589619160E-1
1.467507032E1,9.866505623E0,-5.482721925E-1,-7.661445141E-1
1.467713932E1,9.873687744E0,-5.339069963E-1,-7.709329724E-1
1.467917436E1,9.880870819E0,-5.339069963E-1,-7.829039693E-1
1.468124340E1,9.907206535E0,-5.386953950E-1,-7.900865674E-1
1.468327790E1,9.916783333E0,-5.434837937E-1,-7.948749661E-1
1.468534743E1,9.923966408E0,-5.554547906E-1,-7.948749661E-1
1.468738209E1,9.931148529E0,-5.698199868E-1,-8.044517636E-1
1.468940951E1,9.940725327E0,-5.698199868E-1,-8.068459630E-1
1.469141359E1,9.947908401E0,-5.554547906E-1,-8.092401624E-1
1.469341436E1,9.926360130E0,-5.674257874E-1,-8.092401624E-1
1.469541416E1,9.923966408E0,-5.698199868E-1,-8.068459630E-1
1.469748336E1,9.916783333E0,-5.626373887E-1,-8.116343617E-1
1.469951820E1,9.916783333E0,-5.530605912E-1,-8.212111592E-1
1.470158736E1,9.914389610E0,-5.626373887E-1,-8.116343617E-1
1.470362286E1,9.919178009E0,-5.554547906E-1,-8.044517636E-1
1.470569159E1,9.916783333E0,-5.650315881E-1,-7.948749661E-1
1.470772593E1,9.895236015E0,-5.602431893E-1,-7.852981687E-1
1.470975816E1,9.897629738E0,-5.698199868E-1,-7.829039693E-1
1.471179016E1,9.919178009E0,-5.793967843E-1,-7.900865674E-1
1.471379074E1,9.904812813E0,-5.841852427E-1,-7.996633649E-1
1.471579086E1,9.902418137E0,-5.722141862E-1,-7.900865674E-1
1.471786013E1,9.895236015E0,-5.554547906E-1,-7.733271718E-1
1.471989543E1,9.888052940E0,-5.482721925E-1,-7.781155705E-1
1.472192074E1,9.890447617E0,-5.578489900E-1,-7.852981687E-1
1.472392093E1,9.883264542E0,-5.434837937E-1,-7.852981687E-1
1.472599032E1,9.866505623E0,-5.530605912E-1,-7.781155705E-1
1.472802570E1,9.864110947E0,-5.578489900E-1,-7.709329724E-1
1.473005443E1,9.854534149E0,-5.674257874E-1,-7.685387731E-1
1.473224878E1,9.859322548E0,-5.626373887E-1,-7.781155705E-1
1.473406320E1,9.873687744E0,-5.554547906E-1,-7.781155705E-1
1.473606367E1,9.871294022E0,-5.578489900E-1,-7.637503147E-1
1.473813313E1,9.866505623E0,-5.602431893E-1,-7.661445141E-1
1.474016828E1,9.859322548E0,-5.650315881E-1,-7.613561153E-1
1.474223782E1,9.864110947E0,-5.602431893E-1,-7.493851185E-1
1.474427286E1,9.873687744E0,-5.506663918E-1,-7.565677166E-1
1.474634243E1,9.866505623E0,-5.578489900E-1,-7.517793179E-1
1.474837778E1,9.861717224E0,-5.817909837E-1,-7.493851185E-1
1.475040940E1,9.866505623E0,-5.937620401E-1,-7.445967197E-1
1.475252982E1,9.868899345E0,-5.746083856E-1,-7.493851185E-1
1.475448286E1,9.852140427E0,-5.722141862E-1,-7.493851185E-1
1.475648328E1,9.842563629E0,-5.698199868E-1,-7.398083210E-1
1.475855267E1,9.852140427E0,-5.770025849E-1,-7.422025204E-1
1.476058751E1,9.861717224E0,-5.793967843E-1,-7.445967197E-1
1.476265705E1,9.849745750E0,-5.865794420E-1,-7.374141216E-1
1.476469217E1,9.854534149E0,-5.937620401E-1,-7.374141216E-1
1.476676178E1,9.854534149E0,-5.889736414E-1,-7.445967197E-1
1.476879697E1,9.852140427E0,-5.961562395E-1,-7.445967197E-1
1.477082647E1,9.842563629E0,-5.913678408E-1,-7.541735172E-1
1.477282893E1,9.842563629E0,-5.937620401E-1,-7.493851185E-1
1.477482982E1,9.837775230E0,-5.889736414E-1,-7.374141216E-1
1.477683032E1,9.830592155E0,-5.865794420E-1,-7.350199223E-1
1.477889901E1,9.825803757E0,-5.770025849E-1,-7.278373241E-1
1.478093417E1,9.818621635E0,-5.817909837E-1,-7.374141216E-1
1.478300366E1,9.821015358E0,-5.937620401E-1,-7.469909191E-1
1.478503863E1,9.828198433E0,-6.057330370E-1,-7.493851185E-1
1.478710790E1,9.840168953E0,-5.985504389E-1,-7.445967197E-1
1.478914286E1,9.828198433E0,-5.889736414E-1,-7.398083210E-1
1.479117428E1,9.821015358E0,-5.937620401E-1,-7.422025204E-1
1.479320632E1,9.837775230E0,-6.272808313E-1,-7.350199223E-1
1.479520716E1,9.816226959E0,-6.153098345E-1,-7.445967197E-1
1.479720728E1,9.809044838E0,-6.081272364E-1,-7.445967197E-1
1.479927678E1,9.825803757E0,-6.009446383E-1,-7.326257229E-1
1.480131174E1,9.847352028E0,-6.057330370E-1,-7.230489254E-1
1.480338113E1,9.859322548E0,-6.153098345E-1,-7.182605267E-1
1.480541609E1,9.859322548E0,-6.081272364E-1,-7.158663273E-1
1.480748528E1,9.840168953E0,-6.224924326E-1,-7.302315235E-1
1.480952040E1,9.847352028E0,-6.272808313E-1,-7.302315235E-1
1.481154978E1,9.840168953E0,-6.177040339E-1,-7.302315235E-1
1.481367574E1,9.828198433E0,-6.296750307E-1,-7.374141216E-1
1.481559359E1,9.821015358E0,-6.272808313E-1,-7.326257229E-1
1.481759347E1,9.818621635E0,-6.153098345E-1,-7.326257229E-1
1.481966293E1,9.818621635E0,-6.129156351E-1,-7.326257229E-1
1.482169790E1,9.818621635E0,-6.296750307E-1,-7.350199223E-1
1.482376701E1,9.825803757E0,-6.296750307E-1,-7.302315235E-1
1.482580247E1,9.825803757E0,-6.248866320E-1,-7.350199223E-1
1.482787178E1,9.825803757E0,-6.320692301E-1,-7.422025204E-1
1.482990643E1,9.818621635E0,-6.320692301E-1,-7.350199223E-1
1.483193790E1,9.823410034E0,-6.224924326E-1,-7.326257229E-1
1.483405747E1,9.821015358E0,-6.272808313E-1,-7.445967197E-1
1.483601040E1,9.821015358E0,-6.272808313E-1,-7.422025204E-1
1.483801017E1,9.811438560E0,-6.344634295E-1,-7.517793179E-1
1.484007909E1,9.821015358E0,-6.320692301E-1,-7.541735172E-1
1.484211397E1,9.818621635E0,-6.296750307E-1,-7.517793179E-1
1.484418282E1,9.816226959E0,-6.296750307E-1,-7.422025204E-1
1.484621724E1,9.811438560E0,-6.153098345E-1,-7.445967197E-1
1.484828597E1,9.823410034E0,-6.081272364E-1,-7.398083210E-1
1.485032032E1,9.823410034E0,-6.296750307E-1,-7.469909191E-1
1.485234867E1,9.811438560E0,-6.392518282E-1,-7.493851185E-1
1.485435140E1,9.813833237E0,-6.368576288E-1,-7.589619160E-1
1.485635155E1,9.818621635E0,-6.320692301E-1,-7.565677166E-1
1.485835116E1,9.821015358E0,-6.200982332E-1,-7.637503147E-1
1.486041951E1,9.823410034E0,-6.272808313E-1,-7.589619160E-1
1.486245401E1,9.821015358E0,-6.344634295E-1,-7.661445141E-1
1.486452259E1,9.821015358E0,-6.368576288E-1,-7.661445141E-1
1.486655766E1,9.823410034E0,-6.272808313E-1,-7.661445141E-1
1.486862732E1,9.823410034E0,-6.272808313E-1,-7.685387731E-1
1.487066247E1,9.816226959E0,-6.368576288E-1,-7.661445141E-1
1.487269413E1,9.816226959E0,-6.320692301E-1,-7.709329724E-1
1.487472609E1,9.818621635E0,-6.368576288E-1,-7.709329724E-1
1.487672647E1,9.811438560E0,-6.224924326E-1,-7.685387731E-1
1.487872605E1,9.821015358E0,-6.224924326E-1,-7.709329724E-1
1.488079574E1,9.811438560E0,-6.153098345E-1,-7.757213712E-1
1.488283066E1,9.804255486E0,-6.200982332E-1,-7.852981687E-1
1.488489982E1,9.828198433E0,-6.272808313E-1,-7.876923680E-1
1.488693478E1,9.837775230E0,-6.224924326E-1,-7.852981687E-1
1.488900351E1,9.837775230E0,-6.296750307E-1,-7.829039693E-1
1.489103813E1,9.835380554E0,-6.153098345E-1,-7.781155705E-1
1.489306620E1,9.828198433E0,-6.177040339E-1,-7.852981687E-1
1.489519197E1,9.818621635E0,-6.033388376E-1,-7.924807668E-1
1.489711040E1,9.832986832E0,-6.081272364E-1,-7.876923680E-1
1.489911066E1,9.832986832E0,-6.033388376E-1,-7.900865674E-1
1.490118009E1,9.844957352E0,-6.081272364E-1,-7.829039693E-1
1.490321470E1,9.837775230E0,-6.033388376E-1,-7.900865674E-1
1.490528401E1,9.842563629E0,-5.913678408E-1,-7.996633649E-1
1.490731901E1,9.854534149E0,-5.937620401E-1,-7.972691655E-1
1.490938820E1,9.861717224E0,-5.913678408E-1,-7.829039693E-1
1.491142290E1,9.837775230E0,-5.841852427E-1,-7.876923680E-1
1.491345397E1,9.835380554E0,-5.817909837E-1,-7.900865674E-1
1.491557451E1,9.825803757E0,-5.793967843E-1,-7.900865674E-1
1.491752716E1,9.837775230E0,-5.793967843E-1,-7.829039693E-1
1.491952670E1,9.854534149E0,-5.913678408E-1,-7.805097699E-1
1.492159570E1,9.844957352E0,-5.746083856E-1,-7.852981687E-1
1.492363024E1,9.840168953E0,-5.722141862E-1,-7.781155705E-1
1.492569901E1,9.837775230E0,-5.674257874E-1,-7.805097699E-1
1.492773359E1,9.844957352E0,-5.554547906E-1,-7.781155705E-1
1.492980236E1,9.854534149E0,-5.554547906E-1,-7.733271718E-1
1.493183713E1,9.856928825E0,-5.554547906E-1,-7.757213712E-1
1.493386632E1,9.854534149E0,-5.746083856E-1,-7.805097699E-1
1.493586809E1,9.840168953E0,-5.817909837E-1,-7.948749661E-1
1.493786836E1,9.835380554E0,-5.770025849E-1,-7.948749661E-1
1.493986878E1,9.825803757E0,-5.530605912E-1,-7.924807668E-1
1.494193843E1,9.809044838E0,-5.626373887E-1,-7.924807668E-1
1.494397363E1,9.806650162E0,-5.602431893E-1,-7.948749661E-1
1.494604266E1,9.804255486E0,-5.506663918E-1,-8.092401624E-1
1.494807778E1,9.811438560E0,-5.650315881E-1,-8.188169599E-1
1.495014697E1,9.818621635E0,-5.602431893E-1,-8.259995580E-1
1.495218263E1,9.818621635E0,-5.650315881E-1,-8.403648138E-1
1.495421509E1,9.830592155E0,-5.602431893E-1,-8.571242094E-1
1.495624766E1,9.806650162E0,-5.626373887E-1,-8.690952063E-1
1.495824855E1,9.794678688E0,-5.674257874E-1,-8.762778044E-1
1.496024851E1,9.787496567E0,-5.722141862E-1,-8.786720037E-1
1.496231743E1,9.782708168E0,-5.793967843E-1,-8.714894056E-1
1.496435220E1,9.780313492E0,-5.793967843E-1,-8.810662031E-1
1.496637851E1,9.787496567E0,-5.841852427E-1,-8.930372596E-1
1.496837816E1,9.811438560E0,-5.793967843E-1,-8.978256583E-1
1.497044663E1,9.816226959E0,-5.841852427E-1,-8.954314590E-1
1.497248090E1,9.816226959E0,-5.889736414E-1,-8.930372596E-1
1.497450832E1,9.813833237E0,-5.913678408E-1,-9.002198577E-1
1.497670116E1,9.818621635E0,-5.961562395E-1,-9.074024558E-1
1.497851470E1,9.828198433E0,-5.985504389E-1,-9.050082564E-1
1.498051486E1,9.832986832E0,-5.961562395E-1,-8.978256583E-1
1.498258405E1,9.840168953E0,-6.009446383E-1,-8.978256583E-1
1.498461882E1,9.840168953E0,-6.009446383E-1,-8.858546019E-1
1.498668843E1,9.849745750E0,-6.081272364E-1,-8.762778044E-1
1.498872278E1,9.861717224E0,-6.081272364E-1,-8.690952063E-1
1.499079190E1,9.842563629E0,-6.129156351E-1,-8.762778044E-1
1.499282636E1,9.847352028E0,-6.296750307E-1,-8.834604025E-1
1.499485816E1,9.854534149E0,-6.392518282E-1,-8.834604025E-1
1.499698001E1,9.852140427E0,-6.296750307E-1,-8.738836050E-1
1.499889832E1,9.859322548E0,-6.248866320E-1,-8.690952063E-1
1.500089836E1,9.852140427E0,-6.368576288E-1,-8.619126081E-1
1.500296740E1,9.847352028E0,-6.392518282E-1,-8.738836050E-1
1.500500266E1,9.830592155E0,-6.320692301E-1,-8.667010069E-1
1.500707166E1,9.828198433E0,-6.272808313E-1,-8.571242094E-1
1.500910643E1,9.837775230E0,-6.368576288E-1,-8.379706144E-1
1.501117543E1,9.828198433E0,-6.344634295E-1,-8.331822157E-1
1.501321016E1,9.821015358E0,-6.440402865E-1,-8.331822157E-1
1.501523847E1,9.837775230E0,-6.392518282E-1,-8.379706144E-1
1.501724166E1,9.825803757E0,-6.416460276E-1,-8.427590132E-1
1.501924216E1,9.821015358E0,-6.344634295E-1,-8.403648138E-1
1.502124236E1,9.809044838E0,-6.200982332E-1,-8.475474119E-1
1.502331174E1,9.811438560E0,-6.177040339E-1,-8.523358107E-1
1.502534701E1,9.816226959E0,-6.200982332E-1,-8.571242094E-1
1.502741636E1,9.816226959E0,-6.105214357E-1,-8.547300100E-1
1.502945190E1,9.801861763E0,-6.105214357E-1,-8.547300100E-1
1.503152124E1,9.809044838E0,-5.937620401E-1,-8.738836050E-1
1.503355690E1,9.809044838E0,-5.985504389E-1,-8.810662031E-1
1.503558974E1,9.813833237E0,-6.081272364E-1,-8.690952063E-1
1.503762243E1,9.823410034E0,-6.033388376E-1,-8.643068075E-1
1.503962243E1,9.832986832E0,-6.081272364E-1,-8.667010069E-1
1.504162251E1,9.847352028E0,-6.081272364E-1,-8.643068075E-1
1.504369151E1,9.852140427E0,-5.913678408E-1,-8.427590132E-1
1.504572697E1,9.852140427E0,-6.009446383E-1,-8.403648138E-1
1.504779628E1,9.861717224E0,-6.009446383E-1,-8.475474119E-1
1.504983205E1,9.873687744E0,-6.129156351E-1,-8.547300100E-1
1.505190082E1,9.871294022E0,-6.081272364E-1,-8.571242094E-1
1.505393559E1,9.895236015E0,-6.105214357E-1,-8.643068075E-1
1.505596432E1,9.900024414E0,-6.081272364E-1,-8.762778044E-1
1.505809097E1,9.897629738E0,-6.105214357E-1,-8.882488012E-1
1.506000993E1,9.892841339E0,-6.129156351E-1,-9.002198577E-1
1.506200993E1,9.911994934E0,-6.057330370E-1,-9.121908545E-1
1.506407986E1,9.919178009E0,-6.081272364E-1,-9.121908545E-1
1.506611490E1,9.933543205E0,-5.985504389E-1,-9.241618514E-1
1.506818443E1,9.923966408E0,-5.961562395E-1,-9.337386489E-1
1.507021936E1,9.919178009E0,-5.961562395E-1,-9.433154464E-1
1.507228940E1,9.914389610E0,-5.793967843E-1,-9.552865028E-1
1.507432455E1,9.900024414E0,-5.889736414E-1,-9.672574997E-1
1.507635670E1,9.890447617E0,-5.937620401E-1,-9.696516991E-1
1.507847793E1,9.876082420E0,-5.793967843E-1,-9.816226959E-1
1.508043109E1,9.852140427E0,-5.817909837E-1,-9.696516991E-1
1.508243143E1,9.842563629E0,-5.674257874E-1,-9.768342972E-1
1.508450155E1,9.844957352E0,-5.554547906E-1,-9.792284966E-1
1.508653682E1,9.830592155E0,-5.650315881E-1,-9.792284966E-1
1.508860655E1,9.830592155E0,-5.602431893E-1,-9.768342972E-1
1.509064216E1,9.835380554E0,-5.506663918E-1,-9.816226959E-1
1.509271128E1,9.832986832E0,-5.243301988E-1,-9.864110947E-1
1.509474628E1,9.832986832E0,-5.434837937E-1,-9.911994934E-1
1.509677682E1,9.835380554E0,-5.578489900E-1,-9.816226959E-1
1.509877905E1,9.832986832E0,-5.530605912E-1,-9.624691010E-1
1.510078051E1,9.823410034E0,-5.578489900E-1,-9.528923035E-1
1.510278055E1,9.818621635E0,-5.626373887E-1,-9.457096457E-1
1.510484966E1,9.830592155E0,-5.746083856E-1,-9.313444495E-1
1.510688447E1,9.832986832E0,-5.913678408E-1,-9.337386489E-1
1.510895343E1,9.828198433E0,-5.913678408E-1,-9.289502501E-1
1.511098824E1,9.842563629E0,-5.770025849E-1,-9.193734527E-1
1.511305682E1,9.832986832E0,-5.841852427E-1,-9.169792533E-1
1.511509128E1,9.828198433E0,-5.961562395E-1,-9.169792533E-1
1.511712278E1,9.825803757E0,-6.009446383E-1,-9.026140571E-1
1.511915582E1,9.840168953E0,-6.057330370E-1,-9.097966552E-1
1.512115547E1,9.830592155E0,-6.081272364E-1,-9.121908545E-1
1.512315539E1,9.809044838E0,-6.057330370E-1,-9.121908545E-1
1.512522416E1,9.816226959E0,-5.889736414E-1,-9.193734527E-1
1.512725866E1,9.818621635E0,-5.817909837E-1,-9.193734527E-1
1.512932751E1,9.809044838E0,-5.889736414E-1,-9.337386489E-1
1.513136189E1,9.813833237E0,-6.153098345E-1,-9.265560508E-1
1.513343086E1,9.804255486E0,-6.153098345E-1,-9.361328483E-1
1.513546570E1,9.804255486E0,-6.153098345E-1,-9.409212470E-1
1.513749436E1,9.809044838E0,-6.081272364E-1,-9.576807022E-1
1.513962024E1,9.813833237E0,-5.961562395E-1,-9.457096457E-1
1.514153893E1,9.811438560E0,-5.961562395E-1,-9.433154464E-1
1.514353893E1,9.816226959E0,-5.841852427E-1,-9.457096457E-1
1.514560770E1,9.811438560E0,-6.057330370E-1,-9.528923035E-1
1.514764259E1,9.809044838E0,-6.105214357E-1,-9.600749016E-1
1.514971166E1,9.806650162E0,-6.057330370E-1,-9.720458984E-1
1.515174674E1,9.823410034E0,-6.033388376E-1,-9.744400978E-1
1.515381597E1,9.818621635E0,-6.009446383E-1,-9.768342972E-1
1.515585055E1,9.799467087E0,-5.770025849E-1,-9.792284966E-1
1.515788136E1,9.789890289E0,-5.865794420E-1,-9.792284966E-1
1.516000151E1,9.789890289E0,-5.889736414E-1,-9.864110947E-1
1.516195489E1,9.787496567E0,-5.793967843E-1,-9.983820915E-1
1.516395486E1,9.792284966E0,-5.770025849E-1,-9.911994934E-1
1.516602432E1,9.799467087E0,-5.817909837E-1,-9.840168953E-1
1.516805943E1,9.816226959E0,-5.554547906E-1,-9.959878922E-1
1.517012882E1,9.806650162E0,-5.530605912E-1,-1.010353088E0
1.517216386E1,9.804255486E0,-5.578489900E-1,-1.012747288E0
1.517423293E1,9.773131371E0,-5.554547906E-1,-1.015141487E0
1.517626843E1,9.765948296E0,-5.554547906E-1,-1.005564690E0
1.517829689E1,9.782708168E0,-5.554547906E-1,-9.911994934E-1
1.518030001E1,9.792284966E0,-5.434837937E-1,-9.935936928E-1
1.518230066E1,9.789890289E0,-5.482721925E-1,-1.000776291E0
1.518430055E1,9.787496567E0,-5.506663918E-1,-9.983820915E-1
1.518636963E1,9.794678688E0,-5.482721925E-1,-9.911994934E-1
1.518840474E1,9.799467087E0,-5.410895944E-1,-9.911994934E-1
1.519047416E1,9.804255486E0,-5.650315881E-1,-9.768342972E-1
1.519250889E1,9.806650162E0,-5.746083856E-1,-9.720458984E-1
1.519457809E1,9.799467087E0,-5.506663918E-1,-9.696516991E-1
1.519661324E1,9.797073364E0,-5.410895944E-1,-9.696516991E-1
1.519864478E1,9.797073364E0,-5.410895944E-1,-9.696516991E-1
1.520067670E1,9.799467087E0,-5.458779931E-1,-9.744400978E-1
1.520267716E1,9.806650162E0,-5.458779931E-1,-9.624691010E-1
1.520467709E1,9.818621635E0,-5.506663918E-1,-9.600749016E-1
1.520674582E1,9.799467087E0,-5.817909837E-1,-9.576807022E-1
1.520878089E1,9.809044838E0,-5.841852427E-1,-9.624691010E-1
1.521080555E1,9.813833237E0,-5.770025849E-1,-9.624691010E-1
1.521280493E1,9.813833237E0,-5.817909837E-1,-9.600749016E-1
1.521487370E1,9.830592155E0,-5.674257874E-1,-9.648633003E-1
1.521690851E1,9.821015358E0,-5.770025849E-1,-9.600749016E-1
1.521893766E1,9.818621635E0,-5.937620401E-1,-9.720458984E-1
1.522113028E1,9.816226959E0,-5.841852427E-1,-9.792284966E-1
1.522294405E1,9.801861763E0,-5.913678408E-1,-9.816226959E-1
1.522494412E1,9.801861763E0,-5.817909837E-1,-9.816226959E-1
1.522701293E1,9.811438560E0,-5.937620401E-1,-9.816226959E-1
1.522904789E1,9.809044838E0,-5.937620401E-1,-9.840168953E-1
1.523111655E1,9.813833237E0,-6.033388376E-1,-9.864110947E-1
1.523315189E1,9.809044838E0,-5.985504389E-1,-9.911994934E-1
1.523522078E1,9.811438560E0,-6.105214357E-1,-9.959878922E-1
1.523725593E1,9.809044838E0,-6.009446383E-1,-1.003170490E0
1.523928724E1,9.818621635E0,-6.177040339E-1,-1.010353088E0
1.524140739E1,9.799467087E0,-6.129156351E-1,-1.012747288E0
1.524336036E1,9.799467087E0,-6.177040339E-1,-1.017535686E0
1.524536059E1,9.813833237E0,-6.177040339E-1,-1.007958889E0
1.524742959E1,9.821015358E0,-6.200982332E-1,-1.010353088E0
1.524946470E1,9.818621635E0,-6.129156351E-1,-1.007958889E0
1.525153416E1,9.816226959E0,-6.153098345E-1,-1.015141487E0
1.525356920E1,9.813833237E0,-6.129156351E-1,-1.022324085E0
1.525563874E1,9.811438560E0,-6.057330370E-1,-1.022324085E0
1.525767374E1,9.794678688E0,-6.296750307E-1,-1.031900883E0
1.525970347E1,9.787496567E0,-6.344634295E-1,-1.034295082E0
1.526170512E1,9.787496567E0,-6.344634295E-1,-1.019929886E0
1.526370539E1,9.799467087E0,-6.200982332E-1,-1.022324085E0
1.526570516E1,9.806650162E0,-6.129156351E-1,-1.022324085E0
1.526777397E1,9.801861763E0,-6.129156351E-1,-1.029506683E0
1.526980889E1,9.811438560E0,-6.129156351E-1,-1.046266198E0
1.527187755E1,9.818621635E0,-6.081272364E-1,-1.039083481E0
1.527391205E1,9.816226959E0,-6.081272364E-1,-1.046266198E0
1.527598116E1,9.823410034E0,-6.129156351E-1,-1.051054597E0
1.527801624E1,9.832986832E0,-6.009446383E-1,-1.053448796E0
1.528004832E1,9.842563629E0,-5.985504389E-1,-1.058237195E0
1.528208189E1,9.847352028E0,-6.057330370E-1,-1.060631394E0
1.528408166E1,9.840168953E0,-6.033388376E-1,-1.067813993E0
1.528608155E1,9.835380554E0,-6.033388376E-1,-1.074996591E0
1.528815051E1,9.847352028E0,-5.961562395E-1,-1.074996591E0
1.529018536E1,9.832986832E0,-6.200982332E-1,-1.063025594E0
1.529225401E1,9.840168953E0,-6.200982332E-1,-1.065419793E0
1.529428836E1,9.842563629E0,-6.177040339E-1,-1.082179189E0
1.529635674E1,9.852140427E0,-6.177040339E-1,-1.096544385E0
1.529839112E1,9.849745750E0,-6.129156351E-1,-1.101332784E0
1.530041928E1,9.859322548E0,-5.985504389E-1,-1.096544385E0
1.530254497E1,9.864110947E0,-5.985504389E-1,-1.110909581E0
1.530446220E1,9.856928825E0,-6.009446383E-1,-1.106121182E0
1.530646197E1,9.849745750E0,-6.129156351E-1,-1.108515382E0
1.530853028E1,9.859322548E0,-6.105214357E-1,-1.134851575E0
1.531056439E1,9.866505623E0,-6.057330370E-1,-1.142034173E0
1.531263312E1,9.859322548E0,-6.033388376E-1,-1.139639974E0
1.531466751E1,9.849745750E0,-6.057330370E-1,-1.142034173E0
1.531673636E1,9.856928825E0,-5.913678408E-1,-1.137245774E0
1.531877136E1,9.854534149E0,-5.937620401E-1,-1.127668977E0
1.532080301E1,9.849745750E0,-5.937620401E-1,-1.130063176E0
1.532292297E1,9.842563629E0,-6.009446383E-1,-1.134851575E0
1.532487543E1,9.832986832E0,-5.985504389E-1,-1.134851575E0
1.532687505E1,9.825803757E0,-5.889736414E-1,-1.134851575E0
1.532894439E1,9.813833237E0,-5.793967843E-1,-1.130063176E0
1.533097901E1,9.816226959E0,-5.793967843E-1,-1.125274777E0
1.533304766E1,9.816226959E0,-5.865794420E-1,-1.122880578E0
1.533508209E1,9.806650162E0,-6.009446383E-1,-1.101332784E0
1.533715151E1,9.813833237E0,-6.033388376E-1,-1.101332784E0
1.533918636E1,9.804255486E0,-6.033388376E-1,-1.106121182E0
1.534121543E1,9.804255486E0,-5.913678408E-1,-1.091755986E0
1.534321874E1,9.789890289E0,-5.865794420E-1,-1.089361787E0
1.534528812E1,9.785101891E0,-5.985504389E-1,-1.086967587E0
1.534732297E1,9.797073364E0,-6.057330370E-1,-1.084573388E0
1.534939201E1,9.782708168E0,-6.009446383E-1,-1.074996591E0
1.535142693E1,9.785101891E0,-6.033388376E-1,-1.079784989E0
1.535349593E1,9.785101891E0,-5.985504389E-1,-1.074996591E0
1.535553059E1,9.777919769E0,-6.129156351E-1,-1.082179189E0
1.535759920E1,9.773131371E0,-6.177040339E-1,-1.074996591E0
1.535963401E1,9.782708168E0,-6.272808313E-1,-1.051054597E0
1.536166505E1,9.768342972E0,-6.081272364E-1,-1.048660398E0
1.536369782E1,9.775525093E0,-6.081272364E-1,-1.041477680E0
1.536569920E1,9.785101891E0,-6.177040339E-1,-1.046266198E0
1.536769939E1,9.780313492E0,-6.248866320E-1,-1.048660398E0
1.536976928E1,9.768342972E0,-6.224924326E-1,-1.043871999E0
1.537180420E1,9.785101891E0,-6.105214357E-1,-1.039083481E0
1.537387439E1,9.785101891E0,-6.177040339E-1,-1.024718285E0
1.537591001E1,9.792284966E0,-6.224924326E-1,-1.019929886E0
1.537798001E1,9.801861763E0,-6.320692301E-1,-1.027112484E0
1.538001509E1,9.794678688E0,-6.272808313E-1,-1.034295082E0
1.538204443E1,9.794678688E0,-6.344634295E-1,-1.034295082E0
1.538417147E1,9.806650162E0,-6.344634295E-1,-1.022324085E0
1.538609005E1,9.797073364E0,-6.153098345E-1,-1.024718285E0
1.538809074E1,9.789890289E0,-6.153098345E-1,-1.022324085E0
1.539016005E1,9.787496567E0,-6.129156351E-1,-1.017535686E0
1.539219559E1,9.780313492E0,-6.033388376E-1,-1.022324085E0
1.539426520E1,9.792284966E0,-6.057330370E-1,-1.029506683E0
1.539630105E1,9.794678688E0,-5.985504389E-1,-1.031900883E0
1.539837101E1,9.794678688E0,-6.057330370E-1,-1.019929886E0
1.540040651E1,9.801861763E0,-6.009446383E-1,-1.019929886E0
1.540243886E1,9.794678688E0,-5.985504389E-1,-1.019929886E0
1.540455866E1,9.789890289E0,-6.033388376E-1,-1.007958889E0
1.540651182E1,9.801861763E0,-5.817909837E-1,-1.005564690E0
1.540851255E1,9.801861763E0,-5.770025849E-1,-1.007958889E0
1.541058182E1,9.797073364E0,-5.865794420E-1,-1.012747288E0
1.541261682E1,9.799467087E0,-5.770025849E-1,-1.003170490E0
1.541468589E1,9.809044838E0,-5.722141862E-1,-9.983820915E-1
1.541672097E1,9.806650162E0,-5.746083856E-1,-9.983820915E-1
1.541879036E1,9.816226959E0,-5.770025849E-1,-9.959878922E-1
1.542082547E1,9.811438560E0,-5.770025849E-1,-9.935936928E-1
1.542285524E1,9.809044838E0,-5.482721925E-1,-9.959878922E-1
1.542485812E1,9.816226959E0,-5.458779931E-1,-1.003170490E0
1.542685955E1,9.821015358E0,-5.410895944E-1,-1.000776291E0
1.542885970E1,9.804255486E0,-5.482721925E-1,-1.003170490E0
1.543092912E1,9.797073364E0,-5.315127969E-1,-1.000776291E0
1.543296455E1,9.806650162E0,-5.219359994E-1,-9.959878922E-1
1.543503420E1,9.816226959E0,-5.243301988E-1,-9.864110947E-1
1.543707001E1,9.811438560E0,-5.195417404E-1,-9.816226959E-1
1.543913986E1,9.809044838E0,-5.243301988E-1,-9.768342972E-1
1.544117505E1,9.818621635E0,-5.003881454E-1,-9.696516991E-1
1.544320605E1,9.832986832E0,-4.908113480E-1,-9.600749016E-1
1.544523874E1,9.830592155E0,-4.908113480E-1,-9.840168953E-1
1.544723986E1,9.825803757E0,-4.979939461E-1,-9.792284966E-1
1.544924062E1,9.825803757E0,-4.955997467E-1,-9.768342972E-1
1.545131051E1,9.828198433E0,-4.979939461E-1,-9.720458984E-1
1.545334578E1,9.835380554E0,-4.908113480E-1,-9.696516991E-1
1.545537089E1,9.849745750E0,-4.955997467E-1,-9.696516991E-1
1.545737158E1,9.859322548E0,-5.027823448E-1,-9.720458984E-1
1.545944128E1,9.861717224E0,-5.099649429E-1,-9.768342972E-1
1.546147697E1,9.844957352E0,-5.147533417E-1,-9.672574997E-1
1.546350624E1,9.840168953E0,-5.147533417E-1,-9.696516991E-1
1.546569882E1,9.837775230E0,-5.195417404E-1,-9.744400978E-1
1.546751382E1,9.828198433E0,-5.147533417E-1,-9.816226959E-1
1.546951374E1,9.832986832E0,-5.386953950E-1,-9.816226959E-1
1.547158305E1,9.825803757E0,-5.458779931E-1,-9.864110947E-1
1.547361782E1,9.828198433E0,-5.363011956E-1,-1.000776291E0
1.547568716E1,9.830592155E0,-5.482721925E-1,-1.010353088E0
1.547772197E1,9.825803757E0,-5.458779931E-1,-1.010353088E0
1.547979086E1,9.847352028E0,-5.578489900E-1,-1.012747288E0
1.548182612E1,9.840168953E0,-5.770025849E-1,-1.024718285E0
1.548385758E1,9.835380554E0,-5.793967843E-1,-1.027112484E0
1.548597789E1,9.828198433E0,-5.865794420E-1,-1.051054597E0
1.548793120E1,9.832986832E0,-6.009446383E-1,-1.055842996E0
1.548993170E1,9.821015358E0,-5.913678408E-1,-1.046266198E0
1.549200085E1,9.825803757E0,-5.985504389E-1,-1.058237195E0
1.549403570E1,9.828198433E0,-6.105214357E-1,-1.072602391E0
1.549610478E1,9.835380554E0,-6.153098345E-1,-1.077390790E0
1.549813974E1,9.821015358E0,-6.009446383E-1,-1.084573388E0
1.550020893E1,9.809044838E0,-6.272808313E-1,-1.084573388E0
1.550224405E1,9.823410034E0,-6.272808313E-1,-1.082179189E0
1.550427251E1,9.825803757E0,-6.296750307E-1,-1.086967587E0
1.550627543E1,9.825803757E0,-6.368576288E-1,-1.115697980E0
1.550827643E1,9.818621635E0,-6.368576288E-1,-1.108515382E0
1.551027659E1,9.818621635E0,-6.296750307E-1,-1.096544385E0
1.551234535E1,9.804255486E0,-6.344634295E-1,-1.096544385E0
1.551438032E1,9.809044838E0,-6.440402865E-1,-1.098938584E0
1.551644920E1,9.806650162E0,-6.224924326E-1,-1.096544385E0
1.551848401E1,9.797073364E0,-6.248866320E-1,-1.096544385E0
1.552055312E1,9.789890289E0,-6.320692301E-1,-1.091755986E0
1.552258782E1,9.780313492E0,-6.320692301E-1,-1.086967587E0
1.552461974E1,9.775525093E0,-6.344634295E-1,-1.077390790E0
1.552665185E1,9.782708168E0,-6.200982332E-1,-1.077390790E0
1.552865259E1,9.787496567E0,-6.033388376E-1,-1.067813993E0
1.553065258E1,9.806650162E0,-6.177040339E-1,-1.055842996E0
1.553272151E1,9.804255486E0,-6.009446383E-1,-1.048660398E0
1.553475647E1,9.804255486E0,-5.913678408E-1,-1.041477680E0
1.553682601E1,9.813833237E0,-5.817909837E-1,-1.046266198E0
1.553886097E1,9.809044838E0,-6.129156351E-1,-1.029506683E0
1.554092997E1,9.811438560E0,-6.129156351E-1,-1.022324085E0
1.554296493E1,9.813833237E0,-5.985504389E-1,-1.015141487E0
1.554499451E1,9.811438560E0,-5.770025849E-1,-9.959878922E-1
1.554712209E1,9.797073364E0,-5.770025849E-1,-9.911994934E-1
1.554904051E1,9.794678688E0,-5.554547906E-1,-9.888052940E-1
1.555104128E1,9.813833237E0,-5.602431893E-1,-9.768342972E-1
1.555311128E1,9.806650162E0,-5.674257874E-1,-9.696516991E-1
1.555514728E1,9.797073364E0,-5.770025849E-1,-9.720458984E-1
1.555721728E1,9.782708168E0,-5.674257874E-1,-9.624691010E-1
1.555925289E1,9.792284966E0,-5.674257874E-1,-9.696516991E-1
1.556132247E1,9.801861763E0,-5.506663918E-1,-9.720458984E-1
1.556335774E1,9.785101891E0,-5.482721925E-1,-9.552865028E-1
1.556538897E1,9.775525093E0,-5.482721925E-1,-9.457096457E-1
1.556750966E1,9.763554573E0,-5.267243981E-1,-9.457096457E-1
1.556946289E1,9.787496567E0,-5.219359994E-1,-9.457096457E-1
1.557146355E1,9.758766174E0,-5.315127969E-1,-9.504981041E-1
1.557353355E1,9.749189377E0,-5.315127969E-1,-9.457096457E-1
1.557556935E1,9.737217903E0,-5.243301988E-1,-9.433154464E-1
1.557763916E1,9.758766174E0,-5.195417404E-1,-9.744400978E-1
1.557967489E1,9.753977776E0,-5.219359994E-1,-9.672574997E-1
1.558174435E1,9.756371498E0,-5.027823448E-1,-9.768342972E-1
1.558377912E1,9.770736694E0,-5.051765442E-1,-9.672574997E-1
1.558580974E1,9.777919769E0,-5.099649429E-1,-9.576807022E-1
1.558781235E1,9.787496567E0,-5.219359994E-1,-9.648633003E-1
1.558981389E1,9.804255486E0,-5.410895944E-1,-9.720458984E-1
1.559181428E1,9.811438560E0,-5.434837937E-1,-9.744400978E-1
1.559388389E1,9.816226959E0,-5.386953950E-1,-9.600749016E-1
1.559591905E1,9.828198433E0,-5.650315881E-1,-9.624691010E-1
1.559798859E1,9.840168953E0,-5.674257874E-1,-9.624691010E-1
1.560002416E1,9.864110947E0,-5.793967843E-1,-9.528923035E-1
1.560209393E1,9.866505623E0,-5.793967843E-1,-9.457096457E-1
1.560412958E1,9.878476143E0,-5.817909837E-1,-9.433154464E-1
1.560616135E1,9.878476143E0,-5.841852427E-1,-9.409212470E-1
1.560819385E1,9.895236015E0,-5.913678408E-1,-9.481038451E-1
1.561019470E1,9.885659218E0,-6.033388376E-1,-9.528923035E-1
1.561219520E1,9.880870819E0,-6.105214357E-1,-9.648633003E-1
1.561426501E1,9.900024414E0,-6.129156351E-1,-9.744400978E-1
1.561629997E1,9.878476143E0,-5.961562395E-1,-9.959878922E-1
1.561836943E1,9.871294022E0,-5.698199868E-1,-1.000776291E0
1.562040393E1,9.885659218E0,-5.817909837E-1,-1.000776291E0
1.562247293E1,9.897629738E0,-5.746083856E-1,-1.017535686E0
1.562450755E1,9.904812813E0,-5.698199868E-1,-1.024718285E0
1.562653551E1,9.904812813E0,-5.770025849E-1,-1.022324085E0
1.562866235E1,9.880870819E0,-5.722141862E-1,-1.053448796E0
1.563058128E1,9.868899345E0,-5.626373887E-1,-1.053448796E0
1.563258132E1,9.878476143E0,-5.674257874E-1,-1.048660398E0
1.563465062E1,9.868899345E0,-5.722141862E-1,-1.051054597E0
1.563668605E1,9.859322548E0,-5.650315881E-1,-1.043871999E0
1.563875543E1,9.847352028E0,-5.482721925E-1,-1.036689281E0
1.564079101E1,9.825803757E0,-5.578489900E-1,-1.036689281E0
1.564286074E1,9.830592155E0,-5.626373887E-1,-1.043871999E0
1.564489632E1,9.835380554E0,-5.578489900E-1,-1.051054597E0
1.564692843E1,9.813833237E0,-5.722141862E-1,-1.043871999E0
1.564904905E1,9.821015358E0,-5.770025849E-1,-1.039083481E0
1.565100239E1,9.821015358E0,-5.841852427E-1,-1.036689281E0
1.565300274E1,9.832986832E0,-5.817909837E-1,-1.024718285E0
1.565507185E1,9.823410034E0,-5.793967843E-1,-1.017535686E0
1.565710716E1,9.816226959E0,-5.770025849E-1,-1.017535686E0
1.565917628E1,9.804255486E0,-5.817909837E-1,-1.012747288E0
1.566121139E1,9.801861763E0,-5.889736414E-1,-1.003170490E0
1.566328047E1,9.794678688E0,-5.865794420E-1,-9.959878922E-1
1.566531578E1,9.789890289E0,-5.865794420E-1,-9.816226959E-1
1.566734482E1,9.804255486E0,-6.057330370E-1,-9.792284966E-1
1.566934809E1,9.801861763E0,-6.057330370E-1,-9.840168953E-1
1.567134816E1,9.789890289E0,-5.889736414E-1,-9.792284966E-1
1.567334885E1,9.770736694E0,-5.770025849E-1,-9.744400978E-1
1.567541851E1,9.765948296E0,-5.841852427E-1,-9.648633003E-1
1.567745401E1,9.768342972E0,-5.817909837E-1,-9.600749016E-1
1.567952347E1,9.785101891E0,-5.746083856E-1,-9.624691010E-1
1.568155870E1,9.777919769E0,-5.602431893E-1,-9.648633003E-1
1.568362908E1,9.780313492E0,-5.554547906E-1,-9.672574997E-1
1.568566393E1,9.780313492E0,-5.458779931E-1,-9.576807022E-1
1.568769778E1,9.782708168E0,-5.410895944E-1,-9.576807022E-1
1.568973051E1,9.780313492E0,-5.530605912E-1,-9.576807022E-1
1.569173139E1,9.799467087E0,-5.339069963E-1,-9.504981041E-1
1.569373182E1,9.804255486E0,-5.386953950E-1,-9.361328483E-1
1.569580178E1,9.806650162E0,-5.386953950E-1,-9.337386489E-1
1.569783774E1,9.818621635E0,-5.291185975E-1,-9.409212470E-1
1.569986332E1,9.813833237E0,-5.243301988E-1,-9.457096457E-1
1.570186370E1,9.801861763E0,-5.075707436E-1,-9.528923035E-1
1.570393339E1,9.816226959E0,-5.075707436E-1,-9.504981041E-1
1.570596870E1,9.809044838E0,-5.075707436E-1,-9.385270476E-1
1.570799739E1,9.801861763E0,-4.979939461E-1,-9.289502501E-1
1.571019116E1,9.797073364E0,-4.908113480E-1,-9.385270476E-1
1.571200558E1,9.806650162E0,-4.860229492E-1,-9.385270476E-1
1.571400585E1,9.837775230E0,-4.836287498E-1,-9.481038451E-1
1.571607562E1,9.823410034E0,-4.955997467E-1,-9.600749016E-1
1.571811135E1,9.828198433E0,-4.932055473E-1,-9.672574997E-1
1.572018097E1,9.832986832E0,-4.979939461E-1,-9.504981041E-1
1.572221662E1,9.828198433E0,-4.955997467E-1,-9.576807022E-1
1.572428605E1,9.844957352E0,-4.932055473E-1,-9.552865028E-1
1.572632128E1,9.842563629E0,-5.027823448E-1,-9.648633003E-1
1.572835405E1,9.852140427E0,-5.003881454E-1,-9.672574997E-1
1.573047516E1,9.847352028E0,-4.979939461E-1,-9.576807022E-1
1.573242797E1,9.847352028E0,-5.051765442E-1,-9.504981041E-1
1.573442828E1,9.849745750E0,-5.267243981E-1,-9.481038451E-1
1.573649789E1,9.852140427E0,-5.267243981E-1,-9.481038451E-1
1.573853316E1,9.847352028E0,-5.339069963E-1,-9.504981041E-1
1.574060255E1,9.864110947E0,-5.219359994E-1,-9.385270476E-1
1.574263805E1,9.854534149E0,-5.315127969E-1,-9.337386489E-1
1.574470712E1,9.866505623E0,-5.458779931E-1,-9.265560508E-1
1.574674224E1,9.866505623E0,-5.243301988E-1,-9.193734527E-1
1.574877270E1,9.854534149E0,-5.195417404E-1,-9.241618514E-1
1.575077512E1,9.854534149E0,-5.219359994E-1,-9.217676520E-1
1.575277547E1,9.864110947E0,-5.530605912E-1,-9.121908545E-1
1.575477578E1,9.854534149E0,-5.482721925E-1,-9.121908545E-1
1.575684578E1,9.844957352E0,-5.554547906E-1,-9.074024558E-1
1.575888070E1,9.842563629E0,-5.578489900E-1,-8.978256583E-1
1.576095001E1,9.835380554E0,-5.530605912E-1,-8.930372596E-1
1.576298551E1,9.830592155E0,-5.602431893E-1,-8.978256583E-1
1.576505532E1,9.811438560E0,-5.506663918E-1,-9.121908545E-1
1.576709070E1,9.813833237E0,-5.554547906E-1,-8.930372596E-1
1.576912262E1,9.811438560E0,-5.578489900E-1,-8.882488012E-1
1.577115574E1,9.809044838E0,-5.506663918E-1,-8.906430602E-1
1.577315605E1,9.804255486E0,-5.650315881E-1,-8.906430602E-1
1.577515582E1,9.801861763E0,-5.674257874E-1,-8.858546019E-1
1.577722505E1,9.787496567E0,-5.578489900E-1,-8.906430602E-1
1.577925982E1,9.787496567E0,-5.602431893E-1,-8.858546019E-1
1.578132893E1,9.804255486E0,-5.530605912E-1,-8.810662031E-1
1.578336385E1,9.797073364E0,-5.554547906E-1,-8.738836050E-1
1.578543285E1,9.780313492E0,-5.434837937E-1,-8.738836050E-1
1.578746820E1,9.763554573E0,-5.410895944E-1,-8.714894056E-1
1.578949755E1,9.768342972E0,-5.434837937E-1,-8.738836050E-1
1.579162432E1,9.763554573E0,-5.578489900E-1,-8.762778044E-1
1.579354197E1,9.770736694E0,-5.602431893E-1,-8.762778044E-1
1.579554170E1,9.765948296E0,-5.458779931E-1,-8.738836050E-1
1.579761078E1,9.785101891E0,-5.386953950E-1,-8.714894056E-1
1.579964578E1,9.785101891E0,-5.410895944E-1,-8.595184088E-1
1.580171566E1,9.768342972E0,-5.410895944E-1,-8.523358107E-1
1.580375105E1,9.770736694E0,-5.339069963E-1,-8.523358107E-1
1.580582062E1,9.785101891E0,-5.219359994E-1,-8.595184088E-1
1.580785593E1,9.782708168E0,-5.291185975E-1,-8.499416113E-1
1.580988805E1,9.770736694E0,-5.386953950E-1,-8.403648138E-1
1.581200893E1,9.780313492E0,-5.386953950E-1,-8.307880163E-1
1.581396255E1,9.787496567E0,-5.363011956E-1,-8.259995580E-1
1.581596243E1,9.799467087E0,-5.339069963E-1,-8.283938169E-1
1.581803224E1,9.787496567E0,-5.219359994E-1,-8.331822157E-1
1.582006712E1,9.787496567E0,-5.267243981E-1,-8.331822157E-1
1.582213624E1,9.797073364E0,-5.315127969E-1,-8.236053586E-1
1.582417112E1,9.797073364E0,-5.243301988E-1,-8.140285611E-1
1.582624020E1,9.801861763E0,-5.339069963E-1,-8.236053586E-1
1.582827539E1,9.804255486E0,-5.363011956E-1,-8.283938169E-1
1.583030382E1,9.816226959E0,-5.291185975E-1,-8.331822157E-1
1.583230820E1,9.823410034E0,-5.243301988E-1,-8.547300100E-1
1.583430816E1,9.823410034E0,-5.243301988E-1,-8.643068075E-1
1.583630874E1,9.825803757E0,-5.339069963E-1,-8.810662031E-1
1.583837820E1,9.849745750E0,-5.434837937E-1,-8.738836050E-1
1.584041389E1,9.859322548E0,-5.315127969E-1,-8.834604025E-1
1.584248354E1,9.856928825E0,-5.267243981E-1,-8.906430602E-1
1.584451928E1,9.842563629E0,-5.291185975E-1,-9.002198577E-1
1.584658939E1,9.830592155E0,-5.315127969E-1,-9.074024558E-1
1.584862528E1,9.842563629E0,-5.243301988E-1,-9.265560508E-1
1.585065704E1,9.837775230E0,-5.123591423E-1,-9.361328483E-1
1.585269001E1,9.847352028E0,-5.171475410E-1,-9.481038451E-1
1.585469047E1,9.866505623E0,-5.075707436E-1,-9.457096457E-1
1.585669093E1,9.866505623E0,-5.147533417E-1,-9.576807022E-1
1.585876082E1,9.866505623E0,-5.291185975E-1,-9.648633003E-1
1.586079628E1,9.859322548E0,-5.291185975E-1,-9.576807022E-1
1.586286601E1,9.868899345E0,-5.243301988E-1,-9.720458984E-1
1.586490147E1,9.868899345E0,-5.291185975E-1,-9.816226959E-1
1.586697135E1,9.861717224E0,-5.363011956E-1,-9.768342972E-1
1.586900712E1,9.864110947E0,-5.506663918E-1,-9.816226959E-1
1.587103639E1,9.871294022E0,-5.434837937E-1,-9.864110947E-1
1.587316385E1,9.864110947E0,-5.506663918E-1,-9.983820915E-1
1.587508232E1,9.873687744E0,-5.339069963E-1,-1.000776291E0
1.587708297E1,9.873687744E0,-5.482721925E-1,-1.005564690E0
1.587915308E1,9.871294022E0,-5.530605912E-1,-1.003170490E0
1.588118858E1,9.888052940E0,-5.339069963E-1,-9.983820915E-1
1.588325828E1,9.861717224E0,-5.554547906E-1,-9.911994934E-1
1.588529339E1,9.864110947E0,-5.458779931E-1,-9.935936928E-1
1.588736331E1,9.868899345E0,-5.458779931E-1,-1.000776291E0
1.588939878E1,9.844957352E0,-5.530605912E-1,-9.935936928E-1
1.589143131E1,9.844957352E0,-5.602431893E-1,-9.911994934E-1
1.589355166E1,9.849745750E0,-5.650315881E-1,-9.935936928E-1
1.589550616E1,9.844957352E0,-5.434837937E-1,-9.983820915E-1
1.589750697E1,9.866505623E0,-5.482721925E-1,-9.983820915E-1
1.589957643E1,9.871294022E0,-5.506663918E-1,-9.864110947E-1
1.590161162E1,9.854534149E0,-5.482721925E-1,-9.840168953E-1
1.590368108E1,9.854534149E0,-5.482721925E-1,-9.672574997E-1
1.590571631E1,9.871294022E0,-5.458779931E-1,-9.600749016E-1
1.590778531E1,9.856928825E0,-5.506663918E-1,-9.672574997E-1
1.590982085E1,9.854534149E0,-5.434837937E-1,-9.576807022E-1
1.591185008E1,9.854534149E0,-5.410895944E-1,-9.481038451E-1
1.591385231E1,9.847352028E0,-5.506663918E-1,-9.409212470E-1
1.591585362E1,9.856928825E0,-5.578489900E-1,-9.385270476E-1
1.591785420E1,9.854534149E0,-5.482721925E-1,-9.337386489E-1
1.591992385E1,9.847352028E0,-5.386953950E-1,-9.337386489E-1
1.592195893E1,9.854534149E0,-5.458779931E-1,-9.289502501E-1
1.592402831E1,9.844957352E0,-5.482721925E-1,-9.169792533E-1
1.592606370E1,9.861717224E0,-5.482721925E-1,-9.097966552E-1
1.592813324E1,9.871294022E0,-5.386953950E-1,-9.145850539E-1
1.593016839E1,9.871294022E0,-5.339069963E-1,-9.050082564E-1
1.593220028E1,9.852140427E0,-5.363011956E-1,-8.930372596E-1
1.593423355E1,9.873687744E0,-5.291185975E-1,-9.074024558E-1
1.593623447E1,9.878476143E0,-5.291185975E-1,-9.097966552E-1
1.593823566E1,9.888052940E0,-5.578489900E-1,-9.050082564E-1
1.594030528E1,9.866505623E0,-5.554547906E-1,-9.026140571E-1
1.594234062E1,9.864110947E0,-5.530605912E-1,-8.978256583E-1
1.594436589E1,9.856928825E0,-5.578489900E-1,-8.978256583E-1
1.594636643E1,9.864110947E0,-5.434837937E-1,-9.026140571E-1
1.594843574E1,9.864110947E0,-5.458779931E-1,-9.002198577E-1
1.595047085E1,9.859322548E0,-5.410895944E-1,-8.978256583E-1
1.595249974E1,9.866505623E0,-5.315127969E-1,-8.930372596E-1
1.595469304E1,9.856928825E0,-5.267243981E-1,-8.954314590E-1
1.595650704E1,9.847352028E0,-5.315127969E-1,-8.930372596E-1
1.595850758E1,9.859322548E0,-5.363011956E-1,-8.954314590E-1
1.596057724E1,9.861717224E0,-5.315127969E-1,-8.954314590E-1
1.596261278E1,9.861717224E0,-5.267243981E-1,-8.954314590E-1
1.596468228E1,9.864110947E0,-5.410895944E-1,-9.121908545E-1
1.596671774E1,9.854534149E0,-5.458779931E-1,-9.193734527E-1
1.596878747E1,9.861717224E0,-5.410895944E-1,-9.289502501E-1
1.597082293E1,9.849745750E0,-5.482721925E-1,-9.265560508E-1
1.597285516E1,9.847352028E0,-5.434837937E-1,-9.217676520E-1
1.597497620E1,9.859322548E0,-5.506663918E-1,-9.169792533E-1
1.597692947E1,9.888052940E0,-5.530605912E-1,-9.217676520E-1
1.597892978E1,9.892841339E0,-5.458779931E-1,-9.169792533E-1
1.598099955E1,9.916783333E0,-5.482721925E-1,-9.217676520E-1
1.598303585E1,9.907206535E0,-5.530605912E-1,-9.145850539E-1
1.598510501E1,9.914389610E0,-5.554547906E-1,-9.050082564E-1
1.598714062E1,9.911994934E0,-5.506663918E-1,-9.145850539E-1
1.598921093E1,9.931148529E0,-5.578489900E-1,-9.050082564E-1
1.599124574E1,9.943120003E0,-5.674257874E-1,-9.026140571E-1
1.599327416E1,9.940725327E0,-5.722141862E-1,-9.074024558E-1
1.599527808E1,9.933543205E0,-5.937620401E-1,-9.145850539E-1
1.599727854E1,9.933543205E0,-5.770025849E-1,-9.121908545E-1
1.599927878E1,9.943120003E0,-5.841852427E-1,-9.169792533E-1
1.600134793E1,9.957485199E0,-5.602431893E-1,-9.217676520E-1
1.600338320E1,9.950302124E0,-5.554547906E-1,-9.074024558E-1
1.600545266E1,9.943120003E0,-5.506663918E-1,-9.145850539E-1
1.600748820E1,9.940725327E0,-5.602431893E-1,-9.050082564E-1
1.600955797E1,9.940725327E0,-5.410895944E-1,-8.834604025E-1
1.601159339E1,9.940725327E0,-5.315127969E-1,-8.882488012E-1
1.601362574E1,9.940725327E0,-5.099649429E-1,-8.906430602E-1
1.601562701E1,9.952696800E0,-5.171475410E-1,-8.786720037E-1
1.601762785E1,9.947908401E0,-5.243301988E-1,-8.786720037E-1
1.601962847E1,9.938331604E0,-5.339069963E-1,-8.738836050E-1
1.602169828E1,9.933543205E0,-5.123591423E-1,-8.595184088E-1
1.602373331E1,9.935936928E0,-5.123591423E-1,-8.547300100E-1
1.602580339E1,9.940725327E0,-4.979939461E-1,-8.403648138E-1
1.602783908E1,9.940725327E0,-5.003881454E-1,-8.236053586E-1
1.602990916E1,9.931148529E0,-4.932055473E-1,-8.140285611E-1
1.603194481E1,9.921571732E0,-4.860229492E-1,-7.900865674E-1
1.603397454E1,9.900024414E0,-4.908113480E-1,-7.829039693E-1
1.603610120E1,9.876082420E0,-4.740519226E-1,-7.709329724E-1
1.603802028E1,9.878476143E0,-4.644751251E-1,-7.613561153E-1
1.604002112E1,9.878476143E0,-4.620809257E-1,-7.350199223E-1
1.604209108E1,9.864110947E0,-4.548983276E-1,-7.206547260E-1
1.604412708E1,9.842563629E0,-4.668693244E-1,-7.038952708E-1
1.604619678E1,9.823410034E0,-4.644751251E-1,-6.943184733E-1
1.604823343E1,9.797073364E0,-4.596867263E-1,-6.799532771E-1
1.605030312E1,9.787496567E0,-4.572925270E-1,-6.727706790E-1
1.605233878E1,9.787496567E0,-4.572925270E-1,-6.607996821E-1
1.605437178E1,9.780313492E0,-4.453215301E-1,-6.512228847E-1
1.605649320E1,9.770736694E0,-4.381389022E-1,-6.440402865E-1
1.605844712E1,9.758766174E0,-4.309563041E-1,-6.536170840E-1
1.606044820E1,9.737217903E0,-4.165911078E-1,-6.392518282E-1
1.606251797E1,9.737217903E0,-4.237737060E-1,-6.200982332E-1
1.606455347E1,9.734824181E0,-4.285621047E-1,-6.153098345E-1
1.606662293E1,9.718064308E0,-4.261679053E-1,-6.129156351E-1
1.606865858E1,9.713275909E0,-4.165911078E-1,-6.153098345E-1
1.607072847E1,9.715670586E0,-4.381389022E-1,-5.985504389E-1
1.607276408E1,9.713275909E0,-4.381389022E-1,-5.889736414E-1
1.607479381E1,9.706093788E0,-4.357447028E-1,-5.865794420E-1
1.607679681E1,9.689333916E0,-4.405331016E-1,-5.746083856E-1
1.607879743E1,9.706093788E0,-4.357447028E-1,-5.746083856E-1
1.608079793E1,9.706093788E0,-4.357447028E-1,-5.817909837E-1
1.608286747E1,9.698910713E0,-4.333505034E-1,-5.698199868E-1
1.608490281E1,9.718064308E0,-4.548983276E-1,-5.770025849E-1
1.608697220E1,9.720458984E0,-4.548983276E-1,-5.889736414E-1
1.608900731E1,9.720458984E0,-4.596867263E-1,-5.961562395E-1
1.609107662E1,9.732429504E0,-4.572925270E-1,-6.033388376E-1
1.609311189E1,9.746794701E0,-4.668693244E-1,-6.057330370E-1
1.609514351E1,9.763554573E0,-4.884171486E-1,-6.105214357E-1
1.609717554E1,9.763554573E0,-4.836287498E-1,-6.200982332E-1
1.609917647E1,9.770736694E0,-4.788403511E-1,-6.248866320E-1
1.610117654E1,9.770736694E0,-4.836287498E-1,-6.200982332E-1
1.610324520E1,9.770736694E0,-4.932055473E-1,-6.368576288E-1
1.610528012E1,9.780313492E0,-5.123591423E-1,-6.320692301E-1
1.610734931E1,9.794678688E0,-5.219359994E-1,-6.368576288E-1
1.610938462E1,9.785101891E0,-5.219359994E-1,-6.464344859E-1
1.611145393E1,9.770736694E0,-5.363011956E-1,-6.416460276E-1
1.611348935E1,9.775525093E0,-5.410895944E-1,-6.512228847E-1
1.611551839E1,9.789890289E0,-5.363011956E-1,-6.727706790E-1
1.611764431E1,9.811438560E0,-5.410895944E-1,-6.536170840E-1
1.611956312E1,9.811438560E0,-5.434837937E-1,-6.416460276E-1
1.612156358E1,9.789890289E0,-5.386953950E-1,-6.392518282E-1
1.612363339E1,9.797073364E0,-5.315127969E-1,-6.368576288E-1
1.612566908E1,9.792284966E0,-5.315127969E-1,-6.416460276E-1
1.612773904E1,9.789890289E0,-5.386953950E-1,-6.488286853E-1
1.612977489E1,9.787496567E0,-5.291185975E-1,-6.488286853E-1
1.613184431E1,9.787496567E0,-5.219359994E-1,-6.512228847E-1
1.613387978E1,9.792284966E0,-5.243301988E-1,-6.607996821E-1
1.613591174E1,9.806650162E0,-5.315127969E-1,-6.679822803E-1
1.613803301E1,9.823410034E0,-5.243301988E-1,-6.775590777E-1
1.613998608E1,9.825803757E0,-5.219359994E-1,-6.799532771E-1
1.614198631E1,9.828198433E0,-5.291185975E-1,-6.823474765E-1
1.614405566E1,9.864110947E0,-5.243301988E-1,-6.727706790E-1
1.614609031E1,9.866505623E0,-5.267243981E-1,-6.751648784E-1
1.614815947E1,9.854534149E0,-5.291185975E-1,-6.895300746E-1
1.615019428E1,9.880870819E0,-5.315127969E-1,-6.727706790E-1
1.615226297E1,9.892841339E0,-5.219359994E-1,-6.584054828E-1
1.615429835E1,9.897629738E0,-5.339069963E-1,-6.560112834E-1
1.615632731E1,9.921571732E0,-5.410895944E-1,-6.631938815E-1
1.615833193E1,9.935936928E0,-5.434837937E-1,-6.607996821E-1
1.616033354E1,9.959878922E0,-5.578489900E-1,-6.751648784E-1
1.616233354E1,9.957485199E0,-5.674257874E-1,-6.655880809E-1
1.616440324E1,9.947908401E0,-5.698199868E-1,-6.584054828E-1
1.616643831E1,9.967061996E0,-5.626373887E-1,-6.631938815E-1
1.616850828E1,9.981427193E0,-5.746083856E-1,-6.895300746E-1
1.617054431E1,9.976638794E0,-5.674257874E-1,-6.967126727E-1
1.617261397E1,9.983820915E0,-5.530605912E-1,-7.062895298E-1
1.617464931E1,9.998186111E0,-5.626373887E-1,-7.038952708E-1
1.617668112E1,9.988609314E0,-5.506663918E-1,-7.062895298E-1
1.617871343E1,9.967061996E0,-5.482721925E-1,-7.278373241E-1
1.618071378E1,9.964667320E0,-5.650315881E-1,-7.469909191E-1
1.618271420E1,9.959878922E0,-5.506663918E-1,-7.613561153E-1
1.618478389E1,9.943120003E0,-5.219359994E-1,-7.613561153E-1
1.618681947E1,9.916783333E0,-5.147533417E-1,-7.613561153E-1
1.618884435E1,9.907206535E0,-5.099649429E-1,-7.709329724E-1
1.619084489E1,9.902418137E0,-4.908113480E-1,-7.637503147E-1
1.619291412E1,9.873687744E0,-4.884171486E-1,-7.781155705E-1
1.619494908E1,9.868899345E0,-4.955997467E-1,-7.852981687E-1
1.619697735E1,9.876082420E0,-4.860229492E-1,-7.829039693E-1
1.619916993E1,9.847352028E0,-4.812345505E-1,-7.876923680E-1
1.620098347E1,9.837775230E0,-4.764461517E-1,-7.852981687E-1
1.620298393E1,9.825803757E0,-4.668693244E-1,-7.733271718E-1
1.620505293E1,9.813833237E0,-4.644751251E-1,-7.637503147E-1
1.620708820E1,9.811438560E0,-4.668693244E-1,-7.565677166E-1
1.620915747E1,9.797073364E0,-4.572925270E-1,-7.565677166E-1
1.621119274E1,9.789890289E0,-4.644751251E-1,-7.517793179E-1
1.621326185E1,9.775525093E0,-4.812345505E-1,-7.326257229E-1
1.621529662E1,9.782708168E0,-4.812345505E-1,-7.254431248E-1
1.621732897E1,9.785101891E0,-4.620809257E-1,-7.302315235E-1
1.621944881E1,9.801861763E0,-4.716577232E-1,-7.015010715E-1
1.622140197E1,9.797073364E0,-4.740519226E-1,-6.943184733E-1
1.622340224E1,9.787496567E0,-4.716577232E-1,-6.823474765E-1
1.622547189E1,9.789890289E0,-4.716577232E-1,-6.655880809E-1
1.622750758E1,9.789890289E0,-4.668693244E-1,-6.512228847E-1
1.622957716E1,9.797073364E0,-4.716577232E-1,-6.392518282E-1
1.623161285E1,9.816226959E0,-4.716577232E-1,-6.200982332E-1
1.623368247E1,9.823410034E0,-4.740519226E-1,-6.177040339E-1
1.623571743E1,9.816226959E0,-4.836287498E-1,-6.105214357E-1
1.623774712E1,9.813833237E0,-4.884171486E-1,-6.057330370E-1
1.623974962E1,9.816226959E0,-4.908113480E-1,-6.009446383E-1
1.624175008E1,9.821015358E0,-4.932055473E-1,-5.889736414E-1
1.624374974E1,9.828198433E0,-4.908113480E-1,-5.698199868E-1
1.624581904E1,9.823410034E0,-5.051765442E-1,-5.578489900E-1
1.624785431E1,9.825803757E0,-5.051765442E-1,-5.434837937E-1
1.624992347E1,9.864110947E0,-5.099649429E-1,-5.458779931E-1
1.625195897E1,9.868899345E0,-5.027823448E-1,-5.458779931E-1
1.625402762E1,9.859322548E0,-4.908113480E-1,-5.291185975E-1
1.625606208E1,9.864110947E0,-4.908113480E-1,-5.243301988E-1
1.625809547E1,9.873687744E0,-5.003881454E-1,-5.267243981E-1
1.626012785E1,9.871294022E0,-5.123591423E-1,-5.171475410E-1
1.626212816E1,9.871294022E0,-5.267243981E-1,-5.267243981E-1
1.626412816E1,9.878476143E0,-5.147533417E-1,-5.267243981E-1
1.626619804E1,9.890447617E0,-5.027823448E-1,-5.171475410E-1
1.626823331E1,9.871294022E0,-4.979939461E-1,-5.315127969E-1
1.627030216E1,9.849745750E0,-4.884171486E-1,-5.363011956E-1
1.627233720E1,9.847352028E0,-4.955997467E-1,-5.434837937E-1
1.627440650E1,9.849745750E0,-4.979939461E-1,-5.506663918E-1
1.627644185E1,9.847352028E0,-4.932055473E-1,-5.530605912E-1
1.627847162E1,9.844957352E0,-4.979939461E-1,-5.554547906E-1
1.628059828E1,9.847352028E0,-4.836287498E-1,-5.482721925E-1
1.628251608E1,9.832986832E0,-4.692635238E-1,-5.410895944E-1
1.628451639E1,9.825803757E0,-4.644751251E-1,-5.410895944E-1
1.628658585E1,9.804255486E0,-4.692635238E-1,-5.554547906E-1
1.628862081E1,9.825803757E0,-4.692635238E-1,-5.698199868E-1
1.629069016E1,9.830592155E0,-4.692635238E-1,-5.698199868E-1
1.629272539E1,9.813833237E0,-4.740519226E-1,-5.578489900E-1
1.629479477E1,9.821015358E0,-4.764461517E-1,-5.506663918E-1
1.629682943E1,9.818621635E0,-4.764461517E-1,-5.554547906E-1
1.629886112E1,9.818621635E0,-4.668693244E-1,-5.626373887E-1
1.630098281E1,9.828198433E0,-4.716577232E-1,-5.626373887E-1
1.630293712E1,9.832986832E0,-4.692635238E-1,-5.602431893E-1
1.630493712E1,9.828198433E0,-4.548983276E-1,-5.554547906E-1
1.630700627E1,9.821015358E0,-4.572925270E-1,-5.530605912E-1
1.630904081E1,9.816226959E0,-4.596867263E-1,-5.530605912E-1
1.631111020E1,9.809044838E0,-4.525041282E-1,-5.386953950E-1
1.631314512E1,9.818621635E0,-4.501099288E-1,-5.506663918E-1
1.631521458E1,9.825803757E0,-4.692635238E-1,-5.386953950E-1
1.631724989E1,9.818621635E0,-4.764461517E-1,-5.434837937E-1
1.631928031E1,9.818621635E0,-4.668693244E-1,-5.530605912E-1
1.632128266E1,9.823410034E0,-4.716577232E-1,-5.554547906E-1
1.632328377E1,9.835380554E0,-4.692635238E-1,-5.554547906E-1
1.632528431E1,9.837775230E0,-4.644751251E-1,-5.554547906E-1
1.632735335E1,9.828198433E0,-4.596867263E-1,-5.578489900E-1
1.632938847E1,9.828198433E0,-4.548983276E-1,-5.530605912E-1
1.633145858E1,9.842563629E0,-4.477157295E-1,-5.578489900E-1
1.633349370E1,9.835380554E0,-4.477157295E-1,-5.650315881E-1
1.633556297E1,9.840168953E0,-4.572925270E-1,-5.674257874E-1
1.633759820E1,9.832986832E0,-4.620809257E-1,-5.650315881E-1
1.633963074E1,9.842563629E0,-4.572925270E-1,-5.698199868E-1
1.634166289E1,9.840168953E0,-4.572925270E-1,-5.865794420E-1
1.634366370E1,9.847352028E0,-4.596867263E-1,-5.889736414E-1
1.634566424E1,9.852140427E0,-4.501099288E-1,-5.985504389E-1
1.634773397E1,9.856928825E0,-4.429273009E-1,-6.009446383E-1
1.634976954E1,9.844957352E0,-4.620809257E-1,-6.033388376E-1
1.635183916E1,9.852140427E0,-4.740519226E-1,-6.224924326E-1
1.635387370E1,9.859322548E0,-4.692635238E-1,-6.248866320E-1
1.635594285E1,9.864110947E0,-4.644751251E-1,-6.248866320E-1
1.635797774E1,9.864110947E0,-4.740519226E-1,-6.081272364E-1
1.636000793E1,9.876082420E0,-4.740519226E-1,-6.105214357E-1
1.636213404E1,9.885659218E0,-4.644751251E-1,-6.057330370E-1
1.636405204E1,9.888052940E0,-4.788403511E-1,-5.961562395E-1
1.636605243E1,9.883264542E0,-4.932055473E-1,-5.961562395E-1
1.636812150E1,9.883264542E0,-4.955997467E-1,-5.913678408E-1
1.637015650E1,9.895236015E0,-4.860229492E-1,-5.985504389E-1
1.637222543E1,9.900024414E0,-4.692635238E-1,-5.865794420E-1
1.637426074E1,9.900024414E0,-4.764461517E-1,-5.865794420E-1
1.637632993E1,9.907206535E0,-5.051765442E-1,-5.865794420E-1
1.637836485E1,9.895236015E0,-5.099649429E-1,-5.770025849E-1
1.638039735E1,9.888052940E0,-5.123591423E-1,-5.722141862E-1
1.638251720E1,9.883264542E0,-5.243301988E-1,-5.770025849E-1
1.638447081E1,9.904812813E0,-5.171475410E-1,-5.674257874E-1
1.638647035E1,9.895236015E0,-5.147533417E-1,-5.770025849E-1
1.638853958E1,9.885659218E0,-5.099649429E-1,-5.770025849E-1
1.639057377E1,9.888052940E0,-5.147533417E-1,-5.698199868E-1
1.639264250E1,9.883264542E0,-5.027823448E-1,-5.722141862E-1
1.639467712E1,9.883264542E0,-5.027823448E-1,-5.793967843E-1
1.639674589E1,9.892841339E0,-4.979939461E-1,-5.746083856E-1
1.639878093E1,9.888052940E0,-4.932055473E-1,-5.626373887E-1
1.640081074E1,9.866505623E0,-4.788403511E-1,-5.602431893E-1
1.640281289E1,9.859322548E0,-4.812345505E-1,-5.530605912E-1
1.640481274E1,9.852140427E0,-4.812345505E-1,-5.554547906E-1
1.640681250E1,9.856928825E0,-4.740519226E-1,-5.506663918E-1
1.640888131E1,9.876082420E0,-4.692635238E-1,-5.602431893E-1
1.641091624E1,9.866505623E0,-4.812345505E-1,-5.602431893E-1
1.641298474E1,9.866505623E0,-4.740519226E-1,-5.626373887E-1
1.641501947E1,9.866505623E0,-4.501099288E-1,-5.530605912E-1
1.641708827E1,9.844957352E0,-4.525041282E-1,-5.578489900E-1
1.641912312E1,9.847352028E0,-4.548983276E-1,-5.578489900E-1
1.642115408E1,9.849745750E0,-4.596867263E-1,-5.626373887E-1
1.642318650E1,9.832986832E0,-4.477157295E-1,-5.650315881E-1
1.642518654E1,9.844957352E0,-4.453215301E-1,-5.602431893E-1
1.642718677E1,9.844957352E0,-4.548983276E-1,-5.650315881E-1
1.642925558E1,9.842563629E0,-4.525041282E-1,-5.626373887E-1
1.643129004E1,9.847352028E0,-4.596867263E-1,-5.650315881E-1
1.643331485E1,9.842563629E0,-4.692635238E-1,-5.506663918E-1
1.643531443E1,9.828198433E0,-4.716577232E-1,-5.482721925E-1
1.643738281E1,9.830592155E0,-4.740519226E-1,-5.506663918E-1
1.643941727E1,9.830592155E0,-4.548983276E-1,-5.602431893E-1
1.644144604E1,9.830592155E0,-4.477157295E-1,-5.339069963E-1
1.644363847E1,9.830592155E0,-4.429273009E-1,-5.339069963E-1
1.644545135E1,9.816226959E0,-4.477157295E-1,-5.386953950E-1
1.644745089E1,9.818621635E0,-4.644751251E-1,-5.410895944E-1
1.644952004E1,9.818621635E0,-4.644751251E-1,-5.410895944E-1
1.645155477E1,9.816226959E0,-4.716577232E-1,-5.386953950E-1
1.645362397E1,9.823410034E0,-4.596867263E-1,-5.363011956E-1
1.645565881E1,9.818621635E0,-4.620809257E-1,-5.458779931E-1
1.645772774E1,9.813833237E0,-4.764461517E-1,-5.458779931E-1
1.645976247E1,9.804255486E0,-4.716577232E-1,-5.195417404E-1
1.646179458E1,9.809044838E0,-4.812345505E-1,-5.171475410E-1
1.646391454E1,9.821015358E0,-4.979939461E-1,-5.291185975E-1
1.646586774E1,9.818621635E0,-4.716577232E-1,-5.243301988E-1
1.646786739E1,9.816226959E0,-4.644751251E-1,-5.267243981E-1
1.646993631E1,9.835380554E0,-4.644751251E-1,-5.386953950E-1
1.647197120E1,9.844957352E0,-4.836287498E-1,-5.339069963E-1
1.647404012E1,9.842563629E0,-4.812345505E-1,-5.339069963E-1
1.647607489E1,9.856928825E0,-4.860229492E-1,-5.339069963E-1
1.647814397E1,9.849745750E0,-4.932055473E-1,-5.147533417E-1
1.648017912E1,9.866505623E0,-4.836287498E-1,-5.195417404E-1
1.648220800E1,9.864110947E0,-4.764461517E-1,-5.195417404E-1
1.648421174E1,9.852140427E0,-5.051765442E-1,-5.099649429E-1
1.648621297E1,9.854534149E0,-5.027823448E-1,-5.219359994E-1
1.648821316E1,9.854534149E0,-5.027823448E-1,-5.147533417E-1
1.649028185E1,9.866505623E0,-5.099649429E-1,-5.123591423E-1
1.649231624E1,9.885659218E0,-5.051765442E-1,-5.147533417E-1
1.649438520E1,9.888052940E0,-5.075707436E-1,-5.195417404E-1
1.649642024E1,9.900024414E0,-5.099649429E-1,-5.195417404E-1
1.649848939E1,9.895236015E0,-5.243301988E-1,-5.219359994E-1
1.650052404E1,9.892841339E0,-5.195417404E-1,-5.195417404E-1
1.650255550E1,9.892841339E0,-5.075707436E-1,-5.219359994E-1
1.650458800E1,9.885659218E0,-5.123591423E-1,-5.339069963E-1
1.650658820E1,9.888052940E0,-5.051765442E-1,-5.339069963E-1
1.650858800E1,9.878476143E0,-5.051765442E-1,-5.291185975E-1
1.651065685E1,9.854534149E0,-5.171475410E-1,-5.363011956E-1
1.651269181E1,9.861717224E0,-5.195417404E-1,-5.386953950E-1
1.651476116E1,9.871294022E0,-5.339069963E-1,-5.482721925E-1
1.651679635E1,9.856928825E0,-5.267243981E-1,-5.410895944E-1
1.651886550E1,9.861717224E0,-5.339069963E-1,-5.434837937E-1
1.652090054E1,9.856928825E0,-5.363011956E-1,-5.386953950E-1
1.652292831E1,9.868899345E0,-5.195417404E-1,-5.386953950E-1
1.652505585E1,9.880870819E0,-5.291185975E-1,-5.386953950E-1
1.652697462E1,9.880870819E0,-5.267243981E-1,-5.339069963E-1
1.652897493E1,9.852140427E0,-5.075707436E-1,-5.339069963E-1
1.653104474E1,9.852140427E0,-5.075707436E-1,-5.363011956E-1
1.653307974E1,9.868899345E0,-5.099649429E-1,-5.363011956E-1
1.653514900E1,9.847352028E0,-4.979939461E-1,-5.315127969E-1
1.653718397E1,9.854534149E0,-4.908113480E-1,-5.147533417E-1
1.653925347E1,9.854534149E0,-5.051765442E-1,-5.099649429E-1
1.654128843E1,9.852140427E0,-5.123591423E-1,-5.051765442E-1
1.654332035E1,9.847352028E0,-5.003881454E-1,-4.979939461E-1
1.654544020E1,9.849745750E0,-5.003881454E-1,-4.979939461E-1
1.654739250E1,9.840168953E0,-4.908113480E-1,-4.979939461E-1
1.654939212E1,9.849745750E0,-4.740519226E-1,-4.812345505E-1
1.655146089E1,9.849745750E0,-4.788403511E-1,-4.812345505E-1
1.655349535E1,9.828198433E0,-4.884171486E-1,-4.788403511E-1
1.655556385E1,9.844957352E0,-4.884171486E-1,-4.860229492E-1
1.655759854E1,9.856928825E0,-4.932055473E-1,-4.908113480E-1
1.655966750E1,9.866505623E0,-4.908113480E-1,-4.955997467E-1
1.656170239E1,9.861717224E0,-5.027823448E-1,-4.955997467E-1
1.656373247E1,9.861717224E0,-4.908113480E-1,-4.932055473E-1
1.656573489E1,9.861717224E0,-4.860229492E-1,-4.979939461E-1
1.656773570E1,9.849745750E0,-4.836287498E-1,-4.932055473E-1
1.656973550E1,9.861717224E0,-4.764461517E-1,-4.979939461E-1
1.657180474E1,9.864110947E0,-4.716577232E-1,-4.979939461E-1
1.657383985E1,9.859322548E0,-4.788403511E-1,-4.908113480E-1
1.657590866E1,9.842563629E0,-4.860229492E-1,-4.860229492E-1
1.657794343E1,9.844957352E0,-4.860229492E-1,-4.884171486E-1
1.658001212E1,9.852140427E0,-4.692635238E-1,-4.932055473E-1
1.658204708E1,9.844957352E0,-4.668693244E-1,-4.979939461E-1
1.658407912E1,9.847352028E0,-4.716577232E-1,-4.955997467E-1
1.658611185E1,9.866505623E0,-4.788403511E-1,-4.932055473E-1
1.658811270E1,9.861717224E0,-4.908113480E-1,-4.979939461E-1
1.659011266E1,9.852140427E0,-4.812345505E-1,-5.003881454E-1
1.659218208E1,9.861717224E0,-4.884171486E-1,-5.003881454E-1
1.659421685E1,9.866505623E0,-4.860229492E-1,-4.884171486E-1
1.659628639E1,9.861717224E0,-4.884171486E-1,-4.860229492E-1
1.659832181E1,9.856928825E0,-4.812345505E-1,-4.979939461E-1
1.660039120E1,9.861717224E0,-4.908113480E-1,-4.955997467E-1
1.660242620E1,9.856928825E0,-4.836287498E-1,-4.836287498E-1
1.660445539E1,9.866505623E0,-4.836287498E-1,-4.596867263E-1
1.660658177E1,9.866505623E0,-4.860229492E-1,-4.572925270E-1
1.660850027E1,9.864110947E0,-4.860229492E-1,-4.644751251E-1
1.661050008E1,9.847352028E0,-4.955997467E-1,-4.692635238E-1
1.661256908E1,9.854534149E0,-4.860229492E-1,-4.740519226E-1
1.661460431E1,9.852140427E0,-4.860229492E-1,-4.764461517E-1
1.661667385E1,9.864110947E0,-4.692635238E-1,-4.716577232E-1
1.661870893E1,9.868899345E0,-4.860229492E-1,-4.668693244E-1
1.662077812E1,9.859322548E0,-5.027823448E-1,-4.668693244E-1
1.662281397E1,9.818621635E0,-5.195417404E-1,-4.716577232E-1
1.662484627E1,9.821015358E0,-5.099649429E-1,-4.716577232E-1
1.662696881E1,9.835380554E0,-5.099649429E-1,-4.644751251E-1
1.662888770E1,9.849745750E0,-5.027823448E-1,-4.668693244E-1
1.663088812E1,9.844957352E0,-5.051765442E-1,-4.716577232E-1
1.663295750E1,9.840168953E0,-5.147533417E-1,-4.716577232E-1
1.663499304E1,9.835380554E0,-5.171475410E-1,-4.764461517E-1
1.663706297E1,9.859322548E0,-5.027823448E-1,-4.836287498E-1
1.663909804E1,9.849745750E0,-4.955997467E-1,-4.884171486E-1
1.664116743E1,9.840168953E0,-5.027823448E-1,-4.955997467E-1
1.664320281E1,9.844957352E0,-5.075707436E-1,-5.027823448E-1
1.664523135E1,9.861717224E0,-5.171475410E-1,-5.099649429E-1
1.664723497E1,9.864110947E0,-5.123591423E-1,-5.171475410E-1
1.664923485E1,9.852140427E0,-5.003881454E-1,-5.099649429E-1
1.665123489E1,9.856928825E0,-4.908113480E-1,-5.219359994E-1
1.665330439E1,9.854534149E0,-4.860229492E-1,-5.195417404E-1
1.665533920E1,9.866505623E0,-5.051765442E-1,-5.195417404E-1
1.665740812E1,9.864110947E0,-5.075707436E-1,-5.195417404E-1
1.665944335E1,9.861717224E0,-5.051765442E-1,-5.219359994E-1
1.666151258E1,9.849745750E0,-5.195417404E-1,-5.243301988E-1
1.666354735E1,9.832986832E0,-5.147533417E-1,-5.099649429E-1
1.666557893E1,9.849745750E0,-5.267243981E-1,-5.123591423E-1
1.666761193E1,9.859322548E0,-5.291185975E-1,-5.123591423E-1
1.666961208E1,9.854534149E0,-5.243301988E-1,-4.979939461E-1
1.667161189E1,9.854534149E0,-5.171475410E-1,-5.003881454E-1
1.667368108E1,9.861717224E0,-5.219359994E-1,-4.979939461E-1
1.667571600E1,9.854534149E0,-5.339069963E-1,-4.932055473E-1
1.667774131E1,9.847352028E0,-5.291185975E-1,-4.908113480E-1
1.667974112E1,9.832986832E0,-5.243301988E-1,-4.812345505E-1
1.668181108E1,9.828198433E0,-5.339069963E-1,-4.620809257E-1
1.668384608E1,9.830592155E0,-5.267243981E-1,-4.548983276E-1
1.668587512E1,9.832986832E0,-5.219359994E-1,-4.548983276E-1
1.668806885E1,9.823410034E0,-5.243301988E-1,-4.644751251E-1
1.668988335E1,9.813833237E0,-5.243301988E-1,-4.620809257E-1
1.669188327E1,9.797073364E0,-5.123591423E-1,-4.668693244E-1
1.669395254E1,9.799467087E0,-5.027823448E-1,-4.692635238E-1
1.669598754E1,9.806650162E0,-5.027823448E-1,-4.716577232E-1
1.669805689E1,9.818621635E0,-5.075707436E-1,-4.716577232E-1
1.670009212E1,9.840168953E0,-4.884171486E-1,-4.668693244E-1
1.670216085E1,9.849745750E0,-4.764461517E-1,-4.644751251E-1
1.670419593E1,9.854534149E0,-4.860229492E-1,-4.644751251E-1
1.670622777E1,9.852140427E0,-5.075707436E-1,-4.596867263E-1
1.670834923E1,9.849745750E0,-4.884171486E-1,-4.548983276E-1
1.671030320E1,9.861717224E0,-4.836287498E-1,-4.501099288E-1
1.671230308E1,9.876082420E0,-5.027823448E-1,-4.381389022E-1
1.671437158E1,9.873687744E0,-5.195417404E-1,-4.285621047E-1
1.671640616E1,9.876082420E0,-5.339069963E-1,-4.309563041E-1
1.671847470E1,9.892841339E0,-5.434837937E-1,-4.237737060E-1
1.672050927E1,9.919178009E0,-5.363011956E-1,-4.285621047E-1
1.672257773E1,9.923966408E0,-5.339069963E-1,-4.309563041E-1
1.672461208E1,9.907206535E0,-5.291185975E-1,-4.357447028E-1
1.672664108E1,9.926360130E0,-5.434837937E-1,-4.572925270E-1
1.672864281E1,9.919178009E0,-5.458779931E-1,-4.644751251E-1
1.673064293E1,9.933543205E0,-5.363011956E-1,-4.812345505E-1
1.673264227E1,9.923966408E0,-5.267243981E-1,-5.027823448E-1
1.673471058E1,9.928754807E0,-5.267243981E-1,-5.051765442E-1
1.673674470E1,9.933543205E0,-5.219359994E-1,-5.219359994E-1
1.673881323E1,9.935936928E0,-4.979939461E-1,-5.219359994E-1
1.674084770E1,9.933543205E0,-4.932055473E-1,-5.386953950E-1
1.674291627E1,9.923966408E0,-5.051765442E-1,-5.482721925E-1
1.674495058E1,9.907206535E0,-4.979939461E-1,-5.530605912E-1
1.674698239E1,9.897629738E0,-4.955997467E-1,-5.602431893E-1
1.674901435E1,9.880870819E0,-4.836287498E-1,-5.674257874E-1
1.675101462E1,9.844957352E0,-4.716577232E-1,-5.626373887E-1
1.675301412E1,9.842563629E0,-4.572925270E-1,-5.602431893E-1
1.675508277E1,9.840168953E0,-4.620809257E-1,-5.626373887E-1
1.675711727E1,9.849745750E0,-4.668693244E-1,-5.698199868E-1
1.675918573E1,9.823410034E0,-4.620809257E-1,-5.674257874E-1
1.676122004E1,9.818621635E0,-4.477157295E-1,-5.602431893E-1
1.676328881E1,9.794678688E0,-4.525041282E-1,-5.554547906E-1
1.676532343E1,9.792284966E0,-4.692635238E-1,-5.578489900E-1
1.676735216E1,9.794678688E0,-4.788403511E-1,-5.602431893E-1
1.676947793E1,9.816226959E0,-4.668693244E-1,-5.434837937E-1
1.677139573E1,9.813833237E0,-4.716577232E-1,-5.339069963E-1
1.677339577E1,9.811438560E0,-4.764461517E-1,-5.243301988E-1
1.677546462E1,9.818621635E0,-4.716577232E-1,-5.147533417E-1
1.677749943E1,9.830592155E0,-4.860229492E-1,-5.075707436E-1
1.677956820E1,9.837775230E0,-4.884171486E-1,-5.051765442E-1
1.678160308E1,9.842563629E0,-4.812345505E-1,-4.908113480E-1
1.678367185E1,9.835380554E0,-4.908113480E-1,-4.716577232E-1
1.678570685E1,9.840168953E0,-5.027823448E-1,-4.692635238E-1
1.678773804E1,9.849745750E0,-4.908113480E-1,-4.620809257E-1
1.678985970E1,9.844957352E0,-5.099649429E-1,-4.501099288E-1
1.679181293E1,9.852140427E0,-5.171475410E-1,-4.453215301E-1
1.679381266E1,9.852140427E0,-4.932055473E-1,-4.501099288E-1
1.679588143E1,9.871294022E0,-4.955997467E-1,-4.405331016E-1
1.679791589E1,9.873687744E0,-4.979939461E-1,-4.429273009E-1
1.679998454E1,9.866505623E0,-5.075707436E-1,-4.429273009E-1
1.680201889E1,9.859322548E0,-5.123591423E-1,-4.333505034E-1
1.680408766E1,9.861717224E0,-5.099649429E-1,-4.189853072E-1
1.680612246E1,9.883264542E0,-5.099649429E-1,-4.189853072E-1
1.680815096E1,9.888052940E0,-5.243301988E-1,-4.046200812E-1
1.681015366E1,9.868899345E0,-5.291185975E-1,-3.998316824E-1
1.681215393E1,9.861717224E0,-5.291185975E-1,-4.022258818E-1
1.681415335E1,9.883264542E0,-4.979939461E-1,-3.974374831E-1
1.681622231E1,9.866505623E0,-4.955997467E-1,-3.974374831E-1
1.681825723E1,9.868899345E0,-5.027823448E-1,-4.022258818E-1
1.682032608E1,9.878476143E0,-5.003881454E-1,-4.022258818E-1
1.682236089E1,9.873687744E0,-5.075707436E-1,-3.974374831E-1
1.682442943E1,9.868899345E0,-5.003881454E-1,-3.998316824E-1
1.682646470E1,9.859322548E0,-5.003881454E-1,-3.998316824E-1
1.682849666E1,9.842563629E0,-5.027823448E-1,-3.926490843E-1
1.683052946E1,9.847352028E0,-5.075707436E-1,-3.854664862E-1
1.683252958E1,9.868899345E0,-5.051765442E-1,-4.022258818E-1
1.683452931E1,9.856928825E0,-4.932055473E-1,-3.974374831E-1
1.683659793E1,9.840168953E0,-4.860229492E-1,-3.926490843E-1
1.683863204E1,9.821015358E0,-4.908113480E-1,-3.950432837E-1
1.684070070E1,9.825803757E0,-4.932055473E-1,-3.902548850E-1
1.684273489E1,9.825803757E0,-4.932055473E-1,-3.854664862E-1
1.684480385E1,9.809044838E0,-4.932055473E-1,-3.878606856E-1
1.684683885E1,9.797073364E0,-4.884171486E-1,-3.950432837E-1
1.684886866E1,9.801861763E0,-4.788403511E-1,-3.878606856E-1
1.685099523E1,9.804255486E0,-4.812345505E-1,-3.878606856E-1
1.685291327E1,9.789890289E0,-4.692635238E-1,-3.878606856E-1
1.685491308E1,9.787496567E0,-4.596867263E-1,-3.830722570E-1
1.685698170E1,9.799467087E0,-4.548983276E-1,-3.902548850E-1
1.685901639E1,9.813833237E0,-4.381389022E-1,-3.830722570E-1
1.686108500E1,9.806650162E0,-4.357447028E-1,-3.782838583E-1
1.686311985E1,9.806650162E0,-4.596867263E-1,-3.950432837E-1
1.686518900E1,9.818621635E0,-4.596867263E-1,-3.758896589E-1
1.686722427E1,9.818621635E0,-4.716577232E-1,-3.830722570E-1
1.686925643E1,9.813833237E0,-4.596867263E-1,-3.902548850E-1
1.687137781E1,9.804255486E0,-4.477157295E-1,-4.165911078E-1
1.687333139E1,9.811438560E0,-4.572925270E-1,-4.189853072E-1
1.687533173E1,9.811438560E0,-4.548983276E-1,-4.165911078E-1
1.687740081E1,9.825803757E0,-4.596867263E-1,-4.165911078E-1
1.687943550E1,9.828198433E0,-4.788403511E-1,-4.237737060E-1
1.688150481E1,9.830592155E0,-4.716577232E-1,-4.213795066E-1
1.688353900E1,9.828198433E0,-4.692635238E-1,-4.357447028E-1
1.688560835E1,9.842563629E0,-4.692635238E-1,-4.620809257E-1
1.688764300E1,9.830592155E0,-4.764461517E-1,-4.788403511E-1
1.688967358E1,9.844957352E0,-4.716577232E-1,-4.668693244E-1
1.689167596E1,9.832986832E0,-4.788403511E-1,-4.860229492E-1
1.689367639E1,9.830592155E0,-4.764461517E-1,-4.955997467E-1
1.689567600E1,9.844957352E0,-4.692635238E-1,-5.003881454E-1
1.689774500E1,9.861717224E0,-4.692635238E-1,-5.051765442E-1
1.689977923E1,9.864110947E0,-4.740519226E-1,-5.171475410E-1
1.690184862E1,9.856928825E0,-4.932055473E-1,-5.243301988E-1
1.690388312E1,9.873687744E0,-5.003881454E-1,-5.219359994E-1
1.690595266E1,9.885659218E0,-5.003881454E-1,-5.243301988E-1
1.690798750E1,9.897629738E0,-4.979939461E-1,-5.267243981E-1
1.691001923E1,9.900024414E0,-5.075707436E-1,-5.291185975E-1
1.691205150E1,9.883264542E0,-5.123591423E-1,-5.315127969E-1
1.691405120E1,9.885659218E0,-5.003881454E-1,-5.434837937E-1
1.691605104E1,9.876082420E0,-5.027823448E-1,-5.410895944E-1
1.691811996E1,9.885659218E0,-5.171475410E-1,-5.410895944E-1
1.692015512E1,9.880870819E0,-5.219359994E-1,-5.410895944E-1
1.692218135E1,9.897629738E0,-5.099649429E-1,-5.339069963E-1
1.692418216E1,9.878476143E0,-5.075707436E-1,-5.315127969E-1
1.692625108E1,9.871294022E0,-5.147533417E-1,-5.195417404E-1
1.692828608E1,9.883264542E0,-5.195417404E-1,-5.123591423E-1
1.693031408E1,9.892841339E0,-5.195417404E-1,-4.979939461E-1
1.693250716E1,9.895236015E0,-5.123591423E-1,-5.003881454E-1
1.693432046E1,9.880870819E0,-5.243301988E-1,-5.051765442E-1
1.693632043E1,9.883264542E0,-5.339069963E-1,-5.099649429E-1
1.693838958E1,9.883264542E0,-5.051765442E-1,-4.908113480E-1
1.694042389E1,9.873687744E0,-5.051765442E-1,-4.836287498E-1
1.694249258E1,9.878476143E0,-4.932055473E-1,-4.908113480E-1
1.694452727E1,9.873687744E0,-4.836287498E-1,-4.836287498E-1
1.694659620E1,9.866505623E0,-4.812345505E-1,-4.692635238E-1
1.694863066E1,9.871294022E0,-4.908113480E-1,-4.548983276E-1
1.695066231E1,9.864110947E0,-4.908113480E-1,-4.501099288E-1
1.695278200E1,9.859322548E0,-4.788403511E-1,-4.596867263E-1
1.695473470E1,9.842563629E0,-4.908113480E-1,-4.572925270E-1
1.695673435E1,9.840168953E0,-4.908113480E-1,-4.596867263E-1
1.695880262E1,9.842563629E0,-4.836287498E-1,-4.644751251E-1
1.696083727E1,9.832986832E0,-4.764461517E-1,-4.620809257E-1
1.696290546E1,9.823410034E0,-4.644751251E-1,-4.548983276E-1
1.696493958E1,9.832986832E0,-4.788403511E-1,-4.620809257E-1
1.696700816E1,9.840168953E0,-4.812345505E-1,-4.525041282E-1
1.696904262E1,9.847352028E0,-4.812345505E-1,-4.572925270E-1
1.697107077E1,9.832986832E0,-4.860229492E-1,-4.525041282E-1
1.697307470E1,9.840168953E0,-4.860229492E-1,-4.548983276E-1
1.697507412E1,9.840168953E0,-4.740519226E-1,-4.572925270E-1
1.697707400E1,9.835380554E0,-4.812345505E-1,-4.572925270E-1
1.697914316E1,9.823410034E0,-4.884171486E-1,-4.525041282E-1
1.698117793E1,9.816226959E0,-4.836287498E-1,-4.572925270E-1
1.698324700E1,9.813833237E0,-4.788403511E-1,-4.620809257E-1
1.698528177E1,9.799467087E0,-4.836287498E-1,-4.572925270E-1
1.698735081E1,9.813833237E0,-4.955997467E-1,-4.501099288E-1
1.698938562E1,9.811438560E0,-5.099649429E-1,-4.477157295E-1
1.699141762E1,9.813833237E0,-5.027823448E-1,-4.381389022E-1
1.699344904E1,9.799467087E0,-4.979939461E-1,-4.405331016E-1
1.699544962E1,9.804255486E0,-4.908113480E-1,-4.405331016E-1
1.699744935E1,9.799467087E0,-4.884171486E-1,-4.477157295E-1
1.699951827E1,9.806650162E0,-4.836287498E-1,-4.501099288E-1
1.700155296E1,9.818621635E0,-4.836287498E-1,-4.548983276E-1
1.700362189E1,9.806650162E0,-4.932055473E-1,-4.333505034E-1
1.700565708E1,9.809044838E0,-5.003881454E-1,-4.405331016E-1
1.700772512E1,9.816226959E0,-4.908113480E-1,-4.357447028E-1
1.700976020E1,9.804255486E0,-4.955997467E-1,-4.357447028E-1
1.701178912E1,9.816226959E0,-5.219359994E-1,-4.237737060E-1
1.701391554E1,9.821015358E0,-5.315127969E-1,-4.237737060E-1
1.701583358E1,9.828198433E0,-5.291185975E-1,-4.237737060E-1
1.701783339E1,9.816226959E0,-5.339069963E-1,-4.165911078E-1
1.701990231E1,9.809044838E0,-5.315127969E-1,-4.213795066E-1
1.702193743E1,9.816226959E0,-5.243301988E-1,-4.189853072E-1
1.702400566E1,9.823410034E0,-5.171475410E-1,-4.070142806E-1
1.702604093E1,9.837775230E0,-5.171475410E-1,-4.118026793E-1
1.702810993E1,9.818621635E0,-5.219359994E-1,-4.094084799E-1
1.703014489E1,9.828198433E0,-5.410895944E-1,-3.950432837E-1
1.703217627E1,9.847352028E0,-5.458779931E-1,-3.998316824E-1
1.703429866E1,9.849745750E0,-5.386953950E-1,-3.974374831E-1
1.703621654E1,9.835380554E0,-5.530605912E-1,-3.974374831E-1
1.703821612E1,9.847352028E0,-5.554547906E-1,-3.902548850E-1
1.704028523E1,9.849745750E0,-5.458779931E-1,-3.854664862E-1
1.704231962E1,9.847352028E0,-5.482721925E-1,-3.878606856E-1
1.704438850E1,9.854534149E0,-5.482721925E-1,-3.926490843E-1
1.704642373E1,9.849745750E0,-5.530605912E-1,-3.878606856E-1
1.704849270E1,9.847352028E0,-5.530605912E-1,-3.926490843E-1
1.705052792E1,9.852140427E0,-5.434837937E-1,-3.974374831E-1
1.705255723E1,9.854534149E0,-5.410895944E-1,-3.950432837E-1
1.705455842E1,9.871294022E0,-5.458779931E-1,-4.046200812E-1
1.705655900E1,9.861717224E0,-5.482721925E-1,-4.118026793E-1
1.705855850E1,9.861717224E0,-5.434837937E-1,-4.070142806E-1
1.706062750E1,9.878476143E0,-5.339069963E-1,-4.141969085E-1
1.706266216E1,9.883264542E0,-5.363011956E-1,-4.285621047E-1
1.706473135E1,9.878476143E0,-5.363011956E-1,-4.309563041E-1
1.706676577E1,9.873687744E0,-5.339069963E-1,-4.309563041E-1
1.706883446E1,9.876082420E0,-5.243301988E-1,-4.644751251E-1
1.707086858E1,9.878476143E0,-5.267243981E-1,-4.644751251E-1
1.707289962E1,9.866505623E0,-5.243301988E-1,-4.644751251E-1
1.707493270E1,9.885659218E0,-5.315127969E-1,-4.932055473E-1
1.707693246E1,9.873687744E0,-5.458779931E-1,-5.051765442E-1
1.707893216E1,9.880870819E0,-5.434837937E-1,-4.979939461E-1
1.708100066E1,9.900024414E0,-5.315127969E-1,-5.051765442E-1
1.708303546E1,9.888052940E0,-5.315127969E-1,-5.147533417E-1
1.708510492E1,9.876082420E0,-5.602431893E-1,-5.315127969E-1
1.708714004E1,9.878476143E0,-5.506663918E-1,-5.530605912E-1
1.708920946E1,9.883264542E0,-5.578489900E-1,-5.602431893E-1
1.709124481E1,9.883264542E0,-5.674257874E-1,-5.650315881E-1
1.709327350E1,9.892841339E0,-5.698199868E-1,-5.770025849E-1
1.709540035E1,9.904812813E0,-5.578489900E-1,-5.841852427E-1
1.709731773E1,9.914389610E0,-5.746083856E-1,-5.889736414E-1
1.709931800E1,9.895236015E0,-5.817909837E-1,-6.009446383E-1
1.710138800E1,9.897629738E0,-5.650315881E-1,-5.937620401E-1
1.710342323E1,9.897629738E0,-5.674257874E-1,-5.937620401E-1
1.710549246E1,9.892841339E0,-5.889736414E-1,-5.937620401E-1
1.710752750E1,9.916783333E0,-5.722141862E-1,-6.081272364E-1
1.710959639E1,9.919178009E0,-5.722141862E-1,-6.081272364E-1
1.711163146E1,9.919178009E0,-5.841852427E-1,-6.129156351E-1
1.711366446E1,9.911994934E0,-5.937620401E-1,-6.105214357E-1
1.711578592E1,9.904812813E0,-5.961562395E-1,-6.081272364E-1
1.711773896E1,9.900024414E0,-5.913678408E-1,-6.033388376E-1
1.711973835E1,9.904812813E0,-5.889736414E-1,-6.081272364E-1
1.712180731E1,9.897629738E0,-5.793967843E-1,-6.081272364E-1
1.712384162E1,9.900024414E0,-5.793967843E-1,-6.081272364E-1
1.712591058E1,9.897629738E0,-5.865794420E-1,-5.937620401E-1
1.712794512E1,9.902418137E0,-5.793967843E-1,-5.841852427E-1
1.713001377E1,9.904812813E0,-5.793967843E-1,-5.937620401E-1
1.713204892E1,9.885659218E0,-5.770025849E-1,-5.961562395E-1
1.713407712E1,9.883264542E0,-5.817909837E-1,-5.889736414E-1
1.713608066E1,9.900024414E0,-5.770025849E-1,-5.865794420E-1
1.713808169E1,9.888052940E0,-5.650315881E-1,-5.698199868E-1
1.714008185E1,9.878476143E0,-5.578489900E-1,-5.674257874E-1
1.714215112E1,9.885659218E0,-5.410895944E-1,-5.674257874E-1
1.714418654E1,9.878476143E0,-5.506663918E-1,-5.650315881E-1
1.714625623E1,9.888052940E0,-5.339069963E-1,-5.602431893E-1
1.714829142E1,9.883264542E0,-5.363011956E-1,-5.674257874E-1
1.715036062E1,9.904812813E0,-5.530605912E-1,-5.578489900E-1
1.715239562E1,9.880870819E0,-5.578489900E-1,-5.554547906E-1
1.715442719E1,9.866505623E0,-5.602431893E-1,-5.482721925E-1
1.715645862E1,9.854534149E0,-5.602431893E-1,-5.434837937E-1
1.715845869E1,9.854534149E0,-5.626373887E-1,-5.506663918E-1
1.716045904E1,9.844957352E0,-5.506663918E-1,-5.410895944E-1
1.716252812E1,9.854534149E0,-5.530605912E-1,-5.506663918E-1
1.716456339E1,9.864110947E0,-5.578489900E-1,-5.482721925E-1
1.716658819E1,9.861717224E0,-5.434837937E-1,-5.458779931E-1
1.716858885E1,9.859322548E0,-5.458779931E-1,-5.363011956E-1
1.717065808E1,9.864110947E0,-5.458779931E-1,-5.458779931E-1
1.717269369E1,9.861717224E0,-5.626373887E-1,-5.458779931E-1
1.717472239E1,9.835380554E0,-5.698199868E-1,-5.602431893E-1
1.717691585E1,9.830592155E0,-5.530605912E-1,-5.746083856E-1
1.717872973E1,9.816226959E0,-5.530605912E-1,-5.817909837E-1
1.718073023E1,9.809044838E0,-5.434837937E-1,-5.889736414E-1
1.718279996E1,9.818621635E0,-5.482721925E-1,-5.937620401E-1
1.718483543E1,9.821015358E0,-5.482721925E-1,-5.865794420E-1
1.718690473E1,9.806650162E0,-5.626373887E-1,-5.985504389E-1
1.718893969E1,9.806650162E0,-5.602431893E-1,-6.033388376E-1
1.719100885E1,9.811438560E0,-5.650315881E-1,-6.033388376E-1
1.719304389E1,9.816226959E0,-5.650315881E-1,-6.081272364E-1
1.719507631E1,9.816226959E0,-5.793967843E-1,-6.153098345E-1
1.719719658E1,9.780313492E0,-5.698199868E-1,-6.392518282E-1
1.719914889E1,9.775525093E0,-5.578489900E-1,-6.344634295E-1
1.720114862E1,9.761159897E0,-5.722141862E-1,-6.440402865E-1
1.720321708E1,9.768342972E0,-5.650315881E-1,-6.560112834E-1
1.720525223E1,9.789890289E0,-5.578489900E-1,-6.560112834E-1
1.720732131E1,9.794678688E0,-5.626373887E-1,-6.584054828E-1
1.720935635E1,9.799467087E0,-5.506663918E-1,-6.775590777E-1
1.721142554E1,9.799467087E0,-5.554547906E-1,-6.847416759E-1
1.721346042E1,9.811438560E0,-5.602431893E-1,-6.775590777E-1
1.721549019E1,9.816226959E0,-5.722141862E-1,-6.823474765E-1
1.721749254E1,9.809044838E0,-5.817909837E-1,-6.967126727E-1
1.721949239E1,9.825803757E0,-5.698199868E-1,-7.086837292E-1
1.722149204E1,9.823410034E0,-5.865794420E-1,-7.015010715E-1
1.722356112E1,9.823410034E0,-5.865794420E-1,-7.015010715E-1
1.722559589E1,9.840168953E0,-5.722141862E-1,-7.015010715E-1
1.722766485E1,9.840168953E0,-5.889736414E-1,-7.158663273E-1
1.722969916E1,9.849745750E0,-5.889736414E-1,-7.230489254E-1
1.723176777E1,9.849745750E0,-5.865794420E-1,-7.086837292E-1
1.723380242E1,9.859322548E0,-5.937620401E-1,-6.991068721E-1
1.723583373E1,9.856928825E0,-5.913678408E-1,-6.991068721E-1
1.723786600E1,9.859322548E0,-5.817909837E-1,-6.967126727E-1
1.723986592E1,9.847352028E0,-5.817909837E-1,-7.015010715E-1
1.724186589E1,9.844957352E0,-5.865794420E-1,-6.919242740E-1
1.724393496E1,9.849745750E0,-5.865794420E-1,-7.015010715E-1
1.724596943E1,9.842563629E0,-6.009446383E-1,-6.871358752E-1
1.724803869E1,9.840168953E0,-6.033388376E-1,-6.871358752E-1
1.725007377E1,9.825803757E0,-5.889736414E-1,-6.919242740E-1
1.725214269E1,9.835380554E0,-5.817909837E-1,-7.038952708E-1
1.725417673E1,9.840168953E0,-5.722141862E-1,-6.991068721E-1
1.725620431E1,9.832986832E0,-5.865794420E-1,-6.967126727E-1
1.725833066E1,9.840168953E0,-5.865794420E-1,-6.967126727E-1
1.726024850E1,9.830592155E0,-5.817909837E-1,-6.943184733E-1
1.726224781E1,9.837775230E0,-5.746083856E-1,-6.967126727E-1
1.726431758E1,9.835380554E0,-5.650315881E-1,-7.015010715E-1
1.726635196E1,9.847352028E0,-5.650315881E-1,-6.991068721E-1
1.726842012E1,9.840168953E0,-5.746083856E-1,-6.871358752E-1
1.727045431E1,9.840168953E0,-5.746083856E-1,-6.919242740E-1
1.727252246E1,9.859322548E0,-5.650315881E-1,-6.847416759E-1
1.727455639E1,9.861717224E0,-5.746083856E-1,-6.799532771E-1
1.727658743E1,9.854534149E0,-5.841852427E-1,-6.727706790E-1
1.727870800E1,9.859322548E0,-5.817909837E-1,-6.655880809E-1
1.728066008E1,9.871294022E0,-5.817909837E-1,-6.703764796E-1
1.728265958E1,9.892841339E0,-5.865794420E-1,-6.727706790E-1
1.728472846E1,9.880870819E0,-5.889736414E-1,-6.679822803E-1
1.728676266E1,9.880870819E0,-5.817909837E-1,-6.703764796E-1
1.728883104E1,9.902418137E0,-6.033388376E-1,-6.751648784E-1
1.729086527E1,9.916783333E0,-6.057330370E-1,-6.871358752E-1
1.729293392E1,9.919178009E0,-5.985504389E-1,-6.919242740E-1
1.729496835E1,9.940725327E0,-6.009446383E-1,-7.182605267E-1
1.729699604E1,9.940725327E0,-5.865794420E-1,-7.350199223E-1
1.729899958E1,9.928754807E0,-5.793967843E-1,-7.445967197E-1
1.730100004E1,9.938331604E0,-5.889736414E-1,-7.709329724E-1
1.730299996E1,9.935936928E0,-5.746083856E-1,-7.781155705E-1
1.730506904E1,9.938331604E0,-5.626373887E-1,-7.900865674E-1
1.730710354E1,9.945513725E0,-5.506663918E-1,-8.116343617E-1
1.730917231E1,9.931148529E0,-5.243301988E-1,-8.116343617E-1
1.731120673E1,9.923966408E0,-5.147533417E-1,-8.092401624E-1
1.731327573E1,9.921571732E0,-5.075707436E-1,-8.116343617E-1
1.731530992E1,9.895236015E0,-5.195417404E-1,-7.996633649E-1
1.731734131E1,9.883264542E0,-5.099649429E-1,-8.068459630E-1
1.731937396E1,9.878476143E0,-5.123591423E-1,-8.116343617E-1
1.732137396E1,9.873687744E0,-5.530605912E-1,-8.259995580E-1
1.732337346E1,9.871294022E0,-5.386953950E-1,-8.140285611E-1
1.732544208E1,9.868899345E0,-5.171475410E-1,-8.068459630E-1
1.732747666E1,9.849745750E0,-5.243301988E-1,-7.996633649E-1
1.732954527E1,9.840168953E0,-5.219359994E-1,-8.092401624E-1
1.733157996E1,9.828198433E0,-5.267243981E-1,-8.020575643E-1
1.733364839E1,9.816226959E0,-5.363011956E-1,-7.972691655E-1
1.733568266E1,9.809044838E0,-5.410895944E-1,-7.805097699E-1
1.733771062E1,9.818621635E0,-5.410895944E-1,-7.709329724E-1
1.733983712E1,9.830592155E0,-5.506663918E-1,-7.517793179E-1
1.734175435E1,9.823410034E0,-5.530605912E-1,-7.493851185E-1
1.734375339E1,9.816226959E0,-5.506663918E-1,-7.445967197E-1
1.734582196E1,9.806650162E0,-5.506663918E-1,-7.398083210E-1
1.734785589E1,9.811438560E0,-5.602431893E-1,-7.398083210E-1
1.734992435E1,9.816226959E0,-5.602431893E-1,-7.374141216E-1
1.735195850E1,9.821015358E0,-5.770025849E-1,-7.350199223E-1
1.735402673E1,9.823410034E0,-5.793967843E-1,-7.254431248E-1
1.735606069E1,9.813833237E0,-5.770025849E-1,-7.254431248E-1
1.735809150E1,9.789890289E0,-5.817909837E-1,-7.206547260E-1
1.736021162E1,9.794678688E0,-5.817909837E-1,-7.230489254E-1
1.736216392E1,9.799467087E0,-5.817909837E-1,-7.206547260E-1
1.736416319E1,9.804255486E0,-5.722141862E-1,-7.278373241E-1
1.736623208E1,9.823410034E0,-5.961562395E-1,-7.350199223E-1
1.736826616E1,9.828198433E0,-5.913678408E-1,-7.517793179E-1
1.737033554E1,9.823410034E0,-5.889736414E-1,-7.517793179E-1
1.737237000E1,9.811438560E0,-5.913678408E-1,-7.613561153E-1
1.737443877E1,9.823410034E0,-6.009446383E-1,-7.493851185E-1
1.737647346E1,9.823410034E0,-5.985504389E-1,-7.445967197E-1
1.737850300E1,9.832986832E0,-6.057330370E-1,-7.422025204E-1
1.738050408E1,9.847352028E0,-6.105214357E-1,-7.469909191E-1
1.738250412E1,9.849745750E0,-5.985504389E-1,-7.541735172E-1
1.738450377E1,9.861717224E0,-5.937620401E-1,-7.589619160E-1
1.738657235E1,9.859322548E0,-5.913678408E-1,-7.517793179E-1
1.738860723E1,9.885659218E0,-6.009446383E-1,-7.589619160E-1
1.739067616E1,9.890447617E0,-5.985504389E-1,-7.685387731E-1
1.739271077E1,9.904812813E0,-6.081272364E-1,-7.685387731E-1
1.739477919E1,9.909601212E0,-6.129156351E-1,-7.685387731E-1
1.739681373E1,9.907206535E0,-5.985504389E-1,-7.781155705E-1
1.739884504E1,9.921571732E0,-6.057330370E-1,-7.852981687E-1
1.740087719E1,9.931148529E0,-6.009446383E-1,-7.852981687E-1
1.740287719E1,9.916783333E0,-5.913678408E-1,-7.876923680E-1
1.740487704E1,9.933543205E0,-5.913678408E-1,-7.948749661E-1
1.740694577E1,9.935936928E0,-5.865794420E-1,-7.948749661E-1
1.740898069E1,9.950302124E0,-5.770025849E-1,-7.876923680E-1
1.741100496E1,9.926360130E0,-5.770025849E-1,-7.805097699E-1
1.741300446E1,9.921571732E0,-5.793967843E-1,-7.829039693E-1
1.741507323E1,9.909601212E0,-5.793967843E-1,-7.852981687E-1
1.741710754E1,9.923966408E0,-5.722141862E-1,-7.876923680E-1
1.741913623E1,9.921571732E0,-5.674257874E-1,-7.781155705E-1
1.742132946E1,9.907206535E0,-5.746083856E-1,-7.829039693E-1
1.742314366E1,9.909601212E0,-5.817909837E-1,-7.781155705E-1
1.742514335E1,9.900024414E0,-5.746083856E-1,-7.805097699E-1
1.742721246E1,9.897629738E0,-5.674257874E-1,-7.685387731E-1
1.742924666E1,9.895236015E0,-5.746083856E-1,-7.709329724E-1
1.743131481E1,9.892841339E0,-5.626373887E-1,-7.637503147E-1
1.743334942E1,9.876082420E0,-5.386953950E-1,-7.613561153E-1
1.743541812E1,9.866505623E0,-5.650315881E-1,-7.541735172E-1
1.743745269E1,9.861717224E0,-5.506663918E-1,-7.445967197E-1
1.743948350E1,9.861717224E0,-5.530605912E-1,-7.445967197E-1
1.744160331E1,9.849745750E0,-5.626373887E-1,-7.493851185E-1
1.744355650E1,9.837775230E0,-5.722141862E-1,-7.445967197E-1
1.744555600E1,9.847352028E0,-5.746083856E-1,-7.374141216E-1
1.744762488E1,9.844957352E0,-5.602431893E-1,-7.278373241E-1
1.744965985E1,9.852140427E0,-5.674257874E-1,-7.206547260E-1
1.745172888E1,9.847352028E0,-5.602431893E-1,-7.302315235E-1
1.745376392E1,9.840168953E0,-5.506663918E-1,-7.302315235E-1
1.745583292E1,9.823410034E0,-5.674257874E-1,-7.326257229E-1
1.745786842E1,9.818621635E0,-5.770025849E-1,-7.278373241E-1
1.745989646E1,9.813833237E0,-5.746083856E-1,-7.158663273E-1
1.746190008E1,9.809044838E0,-5.602431893E-1,-7.206547260E-1
1.746390088E1,9.816226959E0,-5.578489900E-1,-7.230489254E-1
1.746590092E1,9.787496567E0,-5.554547906E-1,-7.206547260E-1
1.746797004E1,9.806650162E0,-5.674257874E-1,-7.254431248E-1
1.747000442E1,9.794678688E0,-5.746083856E-1,-7.206547260E-1
1.747207304E1,9.780313492E0,-5.578489900E-1,-7.302315235E-1
1.747410781E1,9.801861763E0,-5.578489900E-1,-7.302315235E-1
1.747617650E1,9.792284966E0,-5.650315881E-1,-7.326257229E-1
1.747821146E1,9.782708168E0,-5.793967843E-1,-7.374141216E-1
1.748024223E1,9.787496567E0,-5.746083856E-1,-7.302315235E-1
1.748227373E1,9.801861763E0,-5.817909837E-1,-7.374141216E-1
1.748427442E1,9.823410034E0,-5.937620401E-1,-7.422025204E-1
1.748627423E1,9.806650162E0,-5.937620401E-1,-7.398083210E-1
1.748834312E1,9.801861763E0,-5.913678408E-1,-7.469909191E-1
1.749037819E1,9.789890289E0,-5.889736414E-1,-7.326257229E-1
1.749244762E1,9.811438560E0,-5.865794420E-1,-7.350199223E-1
1.749448285E1,9.837775230E0,-5.865794420E-1,-7.302315235E-1
1.749655204E1,9.832986832E0,-5.913678408E-1,-7.398083210E-1
1.749858669E1,9.844957352E0,-6.057330370E-1,-7.517793179E-1
1.750061535E1,9.832986832E0,-5.937620401E-1,-7.445967197E-1
1.750274208E1,9.832986832E0,-6.009446383E-1,-7.469909191E-1
1.750466081E1,9.832986832E0,-6.153098345E-1,-7.541735172E-1
1.750666089E1,9.823410034E0,-5.985504389E-1,-7.445967197E-1
1.750873008E1,9.823410034E0,-5.985504389E-1,-7.326257229E-1
1.751076512E1,9.842563629E0,-5.961562395E-1,-7.422025204E-1
1.751283404E1,9.847352028E0,-5.985504389E-1,-7.589619160E-1
1.751486935E1,9.856928825E0,-6.081272364E-1,-7.685387731E-1
1.751693838E1,9.856928825E0,-5.961562395E-1,-7.733271718E-1
1.751897335E1,9.849745750E0,-6.129156351E-1,-7.972691655E-1
1.752100512E1,9.849745750E0,-6.177040339E-1,-7.924807668E-1
1.752312581E1,9.859322548E0,-6.272808313E-1,-7.876923680E-1
1.752507915E1,9.859322548E0,-6.224924326E-1,-8.044517636E-1
1.752707977E1,9.849745750E0,-6.129156351E-1,-8.140285611E-1
1.752914839E1,9.864110947E0,-5.937620401E-1,-7.972691655E-1
1.753118339E1,9.854534149E0,-5.889736414E-1,-7.972691655E-1
1.753325281E1,9.849745750E0,-5.937620401E-1,-7.972691655E-1
1.753528785E1,9.849745750E0,-6.009446383E-1,-8.020575643E-1
1.753735696E1,9.861717224E0,-6.033388376E-1,-8.020575643E-1
1.753939219E1,9.856928825E0,-5.985504389E-1,-7.996633649E-1
1.754142238E1,9.847352028E0,-6.033388376E-1,-8.044517636E-1
1.754342508E1,9.830592155E0,-5.961562395E-1,-8.044517636E-1
1.754542577E1,9.835380554E0,-6.057330370E-1,-7.996633649E-1
1.754742592E1,9.832986832E0,-6.129156351E-1,-7.948749661E-1
1.754949496E1,9.842563629E0,-6.153098345E-1,-8.068459630E-1
1.755153000E1,9.844957352E0,-6.129156351E-1,-8.092401624E-1
1.755359977E1,9.823410034E0,-6.105214357E-1,-8.068459630E-1
1.755563385E1,9.821015358E0,-6.081272364E-1,-7.924807668E-1
1.755770296E1,9.801861763E0,-6.272808313E-1,-7.996633649E-1
1.755973742E1,9.801861763E0,-6.224924326E-1,-8.068459630E-1
1.756176946E1,9.799467087E0,-6.081272364E-1,-8.116343617E-1
1.756380215E1,9.780313492E0,-6.129156351E-1,-8.140285611E-1
1.756580312E1,9.785101891E0,-6.200982332E-1,-8.188169599E-1
1.756782115E1,9.787496567E0,-6.129156351E-1,-8.164227605E-1
1.756981054E1,9.799467087E0,-6.153098345E-1,-8.020575643E-1
1.757181012E1,9.794678688E0,-6.177040339E-1,-8.044517636E-1
1.757387896E1,9.775525093E0,-6.081272364E-1,-7.829039693E-1
1.757591354E1,9.787496567E0,-6.105214357E-1,-7.876923680E-1
1.757798273E1,9.782708168E0,-6.009446383E-1,-7.948749661E-1
1.758001777E1,9.785101891E0,-5.937620401E-1,-7.948749661E-1
1.758204604E1,9.809044838E0,-6.081272364E-1,-7.900865674E-1
1.758417281E1,9.806650162E0,-6.033388376E-1,-7.900865674E-1
1.758609119E1,9.782708168E0,-5.937620401E-1,-7.757213712E-1
1.758809181E1,9.787496567E0,-6.057330370E-1,-7.757213712E-1
1.759016169E1,9.785101891E0,-6.057330370E-1,-7.757213712E-1
1.759219712E1,9.797073364E0,-5.793967843E-1,-7.709329724E-1
1.759426669E1,9.794678688E0,-5.817909837E-1,-7.757213712E-1
1.759630173E1,9.787496567E0,-5.865794420E-1,-7.709329724E-1
1.759837077E1,9.797073364E0,-6.057330370E-1,-7.589619160E-1
1.760040612E1,9.794678688E0,-5.937620401E-1,-7.541735172E-1
1.760243804E1,9.797073364E0,-5.841852427E-1,-7.541735172E-1
1.760455850E1,9.804255486E0,-5.793967843E-1,-7.589619160E-1
1.760651165E1,9.797073364E0,-5.817909837E-1,-7.637503147E-1
1.760851219E1,9.792284966E0,-5.817909837E-1,-7.733271718E-1
1.761058146E1,9.787496567E0,-5.698199868E-1,-7.781155705E-1
1.761261665E1,9.799467087E0,-5.889736414E-1,-7.733271718E-1
1.761468642E1,9.801861763E0,-5.961562395E-1,-7.829039693E-1
1.761672173E1,9.799467087E0,-5.889736414E-1,-7.876923680E-1
1.761879085E1,9.813833237E0,-5.913678408E-1,-7.852981687E-1
1.762082604E1,9.804255486E0,-5.937620401E-1,-7.829039693E-1
1.762285396E1,9.801861763E0,-5.865794420E-1,-7.852981687E-1
1.762485742E1,9.816226959E0,-5.985504389E-1,-8.020575643E-1
1.762685777E1,9.809044838E0,-6.033388376E-1,-8.140285611E-1
1.762885654E1,9.806650162E0,-6.009446383E-1,-8.044517636E-1
1.763092565E1,9.809044838E0,-6.057330370E-1,-7.924807668E-1
1.763296069E1,9.828198433E0,-5.937620401E-1,-8.140285611E-1
1.763503000E1,9.828198433E0,-5.889736414E-1,-8.212111592E-1
1.763706492E1,9.832986832E0,-5.865794420E-1,-8.188169599E-1
1.763913423E1,9.835380554E0,-5.889736414E-1,-8.164227605E-1
1.764116935E1,9.835380554E0,-5.937620401E-1,-8.188169599E-1
1.764320112E1,9.844957352E0,-5.865794420E-1,-8.236053586E-1
1.764523396E1,9.871294022E0,-5.961562395E-1,-8.331822157E-1
1.764723469E1,9.864110947E0,-5.913678408E-1,-8.259995580E-1
1.764923465E1,9.866505623E0,-6.033388376E-1,-8.188169599E-1
1.765130377E1,9.859322548E0,-6.057330370E-1,-8.068459630E-1
1.765333862E1,9.861717224E0,-6.009446383E-1,-7.996633649E-1
1.765536396E1,9.864110947E0,-6.153098345E-1,-8.020575643E-1
1.765736389E1,9.871294022E0,-5.985504389E-1,-8.092401624E-1
1.765943277E1,9.866505623E0,-5.961562395E-1,-8.092401624E-1
1.766146769E1,9.861717224E0,-5.913678408E-1,-8.068459630E-1
1.766349554E1,9.856928825E0,-6.081272364E-1,-8.092401624E-1
1.766568785E1,9.868899345E0,-6.153098345E-1,-8.068459630E-1
1.766750146E1,9.866505623E0,-6.105214357E-1,-8.044517636E-1
1.766950231E1,9.859322548E0,-6.105214357E-1,-8.044517636E-1
1.767157150E1,9.859322548E0,-5.985504389E-1,-8.068459630E-1
1.767360638E1,9.868899345E0,-5.913678408E-1,-8.092401624E-1
1.767567546E1,9.878476143E0,-5.961562395E-1,-7.948749661E-1
1.767770989E1,9.873687744E0,-6.033388376E-1,-7.948749661E-1
1.767977808E1,9.878476143E0,-5.913678408E-1,-7.972691655E-1
1.768181238E1,9.883264542E0,-5.841852427E-1,-8.020575643E-1
1.768384377E1,9.871294022E0,-5.793967843E-1,-8.068459630E-1
1.768596419E1,9.864110947E0,-5.817909837E-1,-8.092401624E-1
1.768791754E1,9.852140427E0,-5.793967843E-1,-8.140285611E-1
1.768991777E1,9.840168953E0,-5.793967843E-1,-8.068459630E-1
1.769198669E1,9.849745750E0,-5.793967843E-1,-8.068459630E-1
1.769402177E1,9.847352028E0,-5.793967843E-1,-8.164227605E-1
1.769609146E1,9.847352028E0,-5.722141862E-1,-8.307880163E-1
1.769812585E1,9.844957352E0,-5.698199868E-1,-8.403648138E-1
1.770019469E1,9.844957352E0,-5.722141862E-1,-8.331822157E-1
1.770222942E1,9.842563629E0,-5.817909837E-1,-8.259995580E-1
1.770425862E1,9.842563629E0,-5.817909837E-1,-8.283938169E-1
1.770626081E1,9.840168953E0,-5.698199868E-1,-8.283938169E-1
1.770826077E1,9.844957352E0,-5.817909837E-1,-8.451532125E-1
1.771026069E1,9.847352028E0,-5.817909837E-1,-8.451532125E-1
1.771233023E1,9.842563629E0,-5.793967843E-1,-8.523358107E-1
1.771436512E1,9.847352028E0,-5.698199868E-1,-8.643068075E-1
1.771643419E1,9.842563629E0,-5.817909837E-1,-8.690952063E-1
1.771846885E1,9.840168953E0,-5.698199868E-1,-8.714894056E-1
1.772053777E1,9.852140427E0,-5.674257874E-1,-8.786720037E-1
1.772257269E1,9.861717224E0,-5.841852427E-1,-8.786720037E-1
1.772460669E1,9.864110947E0,-5.889736414E-1,-8.858546019E-1
1.772663938E1,9.861717224E0,-5.961562395E-1,-8.906430602E-1
1.772863977E1,9.856928825E0,-5.937620401E-1,-9.002198577E-1
1.773063973E1,9.854534149E0,-5.961562395E-1,-9.074024558E-1
1.773270865E1,9.847352028E0,-5.865794420E-1,-9.193734527E-1
1.773474323E1,9.876082420E0,-5.817909837E-1,-9.241618514E-1
1.773681227E1,9.873687744E0,-5.889736414E-1,-9.241618514E-1
1.773884688E1,9.866505623E0,-6.129156351E-1,-9.265560508E-1
1.774091531E1,9.876082420E0,-6.177040339E-1,-9.145850539E-1
1.774294946E1,9.873687744E0,-6.129156351E-1,-9.193734527E-1
1.774497750E1,9.849745750E0,-6.177040339E-1,-9.169792533E-1
1.774710277E1,9.859322548E0,-6.224924326E-1,-9.121908545E-1
1.774902062E1,9.856928825E0,-6.248866320E-1,-9.169792533E-1
1.775101965E1,9.835380554E0,-6.392518282E-1,-9.097966552E-1
1.775308800E1,9.840168953E0,-6.464344859E-1,-8.906430602E-1
1.775512181E1,9.830592155E0,-6.440402865E-1,-8.906430602E-1
1.775719035E1,9.828198433E0,-6.416460276E-1,-8.882488012E-1
1.775922473E1,9.840168953E0,-6.296750307E-1,-8.738836050E-1
1.776129331E1,9.837775230E0,-6.368576288E-1,-8.667010069E-1
1.776332796E1,9.821015358E0,-6.440402865E-1,-8.523358107E-1
1.776535923E1,9.813833237E0,-6.512228847E-1,-8.427590132E-1
1.776747873E1,9.811438560E0,-6.584054828E-1,-8.451532125E-1
1.776943119E1,9.806650162E0,-6.536170840E-1,-8.475474119E-1
1.777143127E1,9.799467087E0,-6.631938815E-1,-8.379706144E-1
1.777349954E1,9.806650162E0,-6.631938815E-1,-8.283938169E-1
1.777553365E1,9.811438560E0,-6.536170840E-1,-8.307880163E-1
1.777760250E1,9.804255486E0,-6.536170840E-1,-8.116343617E-1
1.777963727E1,9.804255486E0,-6.607996821E-1,-8.116343617E-1
1.778170608E1,9.801861763E0,-6.584054828E-1,-8.140285611E-1
1.778374092E1,9.811438560E0,-6.584054828E-1,-8.020575643E-1
1.778576954E1,9.816226959E0,-6.655880809E-1,-7.924807668E-1
1.778777350E1,9.804255486E0,-6.584054828E-1,-7.948749661E-1
1.778984258E1,9.787496567E0,-6.631938815E-1,-8.020575643E-1
1.779187719E1,9.785101891E0,-6.679822803E-1,-7.996633649E-1
1.779394650E1,9.775525093E0,-6.703764796E-1,-8.020575643E-1
1.779598142E1,9.761159897E0,-6.536170840E-1,-7.948749661E-1
1.779805031E1,9.765948296E0,-6.536170840E-1,-7.996633649E-1
1.780008515E1,9.753977776E0,-6.464344859E-1,-7.900865674E-1
1.780215400E1,9.763554573E0,-6.296750307E-1,-7.852981687E-1
1.780418885E1,9.773131371E0,-6.177040339E-1,-7.876923680E-1
1.780622054E1,9.765948296E0,-6.177040339E-1,-7.900865674E-1
1.780825308E1,9.768342972E0,-6.105214357E-1,-7.900865674E-1
1.781025377E1,9.782708168E0,-6.057330370E-1,-7.924807668E-1
1.781225385E1,9.789890289E0,-6.057330370E-1,-7.948749661E-1
1.781432292E1,9.792284966E0,-6.081272364E-1,-8.068459630E-1
1.781635827E1,9.797073364E0,-6.009446383E-1,-7.900865674E-1
1.781842762E1,9.799467087E0,-5.889736414E-1,-7.805097699E-1
1.782046300E1,9.809044838E0,-5.865794420E-1,-7.852981687E-1
1.782253250E1,9.816226959E0,-5.770025849E-1,-7.829039693E-1
1.782456785E1,9.847352028E0,-5.865794420E-1,-7.613561153E-1
1.782659673E1,9.854534149E0,-5.913678408E-1,-7.565677166E-1
1.782872412E1,9.871294022E0,-6.009446383E-1,-7.637503147E-1
1.783064235E1,9.883264542E0,-6.057330370E-1,-7.493851185E-1
1.783264223E1,9.880870819E0,-6.081272364E-1,-7.422025204E-1
1.783471196E1,9.888052940E0,-6.105214357E-1,-7.422025204E-1
1.783674746E1,9.895236015E0,-6.153098345E-1,-7.517793179E-1
1.783881650E1,9.895236015E0,-6.177040339E-1,-7.493851185E-1
1.784085184E1,9.904812813E0,-6.177040339E-1,-7.445967197E-1
1.784292154E1,9.904812813E0,-6.177040339E-1,-7.374141216E-1
1.784495696E1,9.902418137E0,-6.153098345E-1,-7.445967197E-1
1.784698900E1,9.900024414E0,-6.057330370E-1,-7.422025204E-1
1.784911108E1,9.907206535E0,-6.033388376E-1,-7.613561153E-1
1.785106412E1,9.911994934E0,-6.081272364E-1,-7.733271718E-1
1.785306473E1,9.923966408E0,-6.153098345E-1,-7.805097699E-1
1.785513415E1,9.911994934E0,-5.961562395E-1,-7.685387731E-1
1.785716954E1,9.907206535E0,-5.841852427E-1,-7.709329724E-1
1.785923858E1,9.885659218E0,-5.913678408E-1,-7.781155705E-1
1.786127358E1,9.892841339E0,-5.913678408E-1,-7.733271718E-1
1.786334350E1,9.878476143E0,-5.985504389E-1,-7.805097699E-1
1.786537838E1,9.895236015E0,-5.985504389E-1,-7.805097699E-1
1.786740769E1,9.900024414E0,-5.889736414E-1,-7.852981687E-1
1.786940942E1,9.885659218E0,-6.057330370E-1,-7.852981687E-1
1.787140962E1,9.864110947E0,-6.081272364E-1,-7.805097699E-1
1.787340969E1,9.856928825E0,-6.105214357E-1,-7.781155705E-1
1.787547877E1,9.871294022E0,-6.248866320E-1,-7.733271718E-1
1.787751396E1,9.868899345E0,-6.296750307E-1,-7.685387731E-1
1.787958281E1,9.856928825E0,-6.344634295E-1,-7.757213712E-1
1.788161754E1,9.849745750E0,-6.272808313E-1,-7.685387731E-1
1.788368673E1,9.844957352E0,-6.177040339E-1,-7.661445141E-1
1.788572150E1,9.832986832E0,-6.536170840E-1,-7.685387731E-1
1.788775300E1,9.828198433E0,-6.560112834E-1,-7.565677166E-1
1.788978592E1,9.821015358E0,-6.416460276E-1,-7.517793179E-1
1.789178550E1,9.809044838E0,-6.440402865E-1,-7.469909191E-1
1.789378581E1,9.806650162E0,-6.560112834E-1,-7.350199223E-1
1.789585473E1,9.811438560E0,-6.631938815E-1,-7.302315235E-1
1.789788977E1,9.809044838E0,-6.584054828E-1,-7.230489254E-1
1.789991408E1,9.801861763E0,-6.655880809E-1,-7.302315235E-1
1.790191415E1,9.789890289E0,-6.727706790E-1,-7.278373241E-1
1.790398369E1,9.787496567E0,-6.607996821E-1,-7.445967197E-1
1.790601885E1,9.785101891E0,-6.631938815E-1,-7.278373241E-1
1.790804823E1,9.785101891E0,-6.631938815E-1,-7.206547260E-1
1.791024046E1,9.773131371E0,-6.607996821E-1,-7.278373241E-1
1.791205492E1,9.763554573E0,-6.512228847E-1,-7.350199223E-1
1.791405511E1,9.765948296E0,-6.512228847E-1,-7.422025204E-1
1.791612465E1,9.775525093E0,-6.464344859E-1,-7.302315235E-1
1.791816065E1,9.785101891E0,-6.296750307E-1,-7.182605267E-1
1.792023042E1,9.785101891E0,-6.200982332E-1,-7.206547260E-1
1.792226608E1,9.794678688E0,-6.248866320E-1,-7.182605267E-1
1.792433554E1,9.801861763E0,-6.153098345E-1,-7.206547260E-1
1.792637092E1,9.801861763E0,-6.129156351E-1,-7.134721279E-1
1.792837123E1,9.794678688E0,-6.153098345E-1,-7.182605267E-1
1.793049211E1,9.792284966E0,-6.009446383E-1,-7.110779285E-1
1.793244500E1,9.801861763E0,-5.961562395E-1,-7.206547260E-1
1.793444523E1,9.809044838E0,-5.985504389E-1,-7.182605267E-1
1.793651496E1,9.818621635E0,-5.865794420E-1,-7.038952708E-1
1.793854923E1,9.835380554E0,-5.746083856E-1,-6.919242740E-1
1.794061869E1,9.847352028E0,-5.722141862E-1,-6.943184733E-1
1.794265377E1,9.842563629E0,-5.770025849E-1,-6.943184733E-1
1.794472281E1,9.842563629E0,-5.674257874E-1,-6.895300746E-1
1.794675758E1,9.837775230E0,-5.626373887E-1,-6.871358752E-1
1.794878592E1,9.847352028E0,-5.530605912E-1,-6.799532771E-1
1.795078892E1,9.847352028E0,-5.626373887E-1,-6.823474765E-1
1.795278931E1,9.849745750E0,-5.674257874E-1,-6.847416759E-1
1.795478919E1,9.866505623E0,-5.674257874E-1,-6.823474765E-1
1.795685808E1,9.861717224E0,-5.530605912E-1,-6.799532771E-1
1.795889296E1,9.861717224E0,-5.530605912E-1,-6.727706790E-1
1.796096192E1,9.866505623E0,-5.482721925E-1,-6.751648784E-1
1.796299681E1,9.859322548E0,-5.386953950E-1,-6.727706790E-1
1.796506631E1,9.854534149E0,-5.363011956E-1,-6.727706790E-1
1.796710134E1,9.876082420E0,-5.506663918E-1,-6.727706790E-1
1.796913269E1,9.871294022E0,-5.554547906E-1,-6.631938815E-1
1.797116584E1,9.864110947E0,-5.650315881E-1,-6.679822803E-1
1.797316650E1,9.866505623E0,-5.626373887E-1,-6.727706790E-1
1.797516669E1,9.835380554E0,-5.602431893E-1,-6.607996821E-1
1.797723534E1,9.837775230E0,-5.530605912E-1,-6.631938815E-1
1.797926969E1,9.861717224E0,-5.626373887E-1,-6.607996821E-1
1.798133858E1,9.880870819E0,-5.674257874E-1,-6.655880809E-1
1.798337338E1,9.856928825E0,-5.650315881E-1,-6.655880809E-1
1.798544238E1,9.849745750E0,-5.626373887E-1,-6.631938815E-1
1.798747700E1,9.856928825E0,-5.578489900E-1,-6.631938815E-1
1.798950500E1,9.849745750E0,-5.698199868E-1,-6.560112834E-1
1.799163100E1,9.842563629E0,-5.770025849E-1,-6.536170840E-1
1.799354973E1,9.859322548E0,-5.841852427E-1,-6.464344859E-1
1.799555046E1,9.856928825E0,-5.793967843E-1,-6.440402865E-1
1.799761915E1,9.864110947E0,-5.793967843E-1,-6.512228847E-1
1.799965446E1,9.868899345E0,-5.841852427E-1,-6.607996821E-1
1.800172342E1,9.847352028E0,-5.961562395E-1,-6.440402865E-1
1.800375896E1,9.837775230E0,-5.937620401E-1,-6.464344859E-1
1.800582800E1,9.825803757E0,-5.865794420E-1,-6.512228847E-1
1.800786311E1,9.835380554E0,-6.009446383E-1,-6.464344859E-1
1.800989504E1,9.837775230E0,-5.961562395E-1,-6.512228847E-1
1.801201611E1,9.823410034E0,-5.961562395E-1,-6.368576288E-1
1.801396973E1,9.821015358E0,-6.200982332E-1,-6.512228847E-1
1.801597027E1,9.818621635E0,-6.248866320E-1,-6.464344859E-1
1.801803984E1,9.801861763E0,-6.200982332E-1,-6.344634295E-1
1.802007554E1,9.818621635E0,-6.153098345E-1,-6.416460276E-1
1.802214550E1,9.813833237E0,-6.081272364E-1,-6.368576288E-1
1.802418177E1,9.818621635E0,-6.009446383E-1,-6.440402865E-1
1.802625050E1,9.832986832E0,-5.793967843E-1,-6.368576288E-1
1.802828631E1,9.828198433E0,-5.913678408E-1,-6.129156351E-1
1.803031654E1,9.823410034E0,-6.129156351E-1,-6.153098345E-1
1.803231908E1,9.830592155E0,-6.129156351E-1,-6.081272364E-1
1.803432042E1,9.830592155E0,-6.009446383E-1,-6.105214357E-1
1.803632138E1,9.830592155E0,-6.105214357E-1,-6.248866320E-1
1.803839115E1,9.825803757E0,-6.177040339E-1,-6.200982332E-1
1.804042688E1,9.856928825E0,-6.224924326E-1,-6.057330370E-1
1.804249681E1,9.842563629E0,-6.033388376E-1,-6.057330370E-1
1.804453261E1,9.837775230E0,-5.985504389E-1,-6.033388376E-1
1.804660292E1,9.832986832E0,-5.937620401E-1,-5.985504389E-1
1.804863827E1,9.828198433E0,-5.913678408E-1,-5.961562395E-1
1.805067115E1,9.835380554E0,-5.961562395E-1,-6.033388376E-1
1.805267284E1,9.821015358E0,-5.889736414E-1,-5.913678408E-1
1.805467327E1,9.816226959E0,-5.985504389E-1,-5.913678408E-1
1.805667377E1,9.816226959E0,-5.961562395E-1,-5.985504389E-1
1.805874281E1,9.832986832E0,-5.841852427E-1,-5.865794420E-1
1.806077831E1,9.842563629E0,-5.865794420E-1,-5.913678408E-1
1.806284804E1,9.837775230E0,-5.793967843E-1,-5.985504389E-1
1.806488319E1,9.832986832E0,-5.698199868E-1,-6.105214357E-1
1.806695227E1,9.832986832E0,-5.602431893E-1,-6.153098345E-1
1.806898711E1,9.844957352E0,-5.530605912E-1,-6.272808313E-1
1.807101500E1,9.840168953E0,-5.482721925E-1,-6.177040339E-1
1.807314081E1,9.844957352E0,-5.458779931E-1,-6.200982332E-1
1.807505996E1,9.856928825E0,-5.386953950E-1,-6.177040339E-1
1.807706011E1,9.852140427E0,-5.315127969E-1,-6.224924326E-1
1.807912888E1,9.856928825E0,-5.315127969E-1,-6.344634295E-1
1.808116400E1,9.859322548E0,-5.410895944E-1,-6.296750307E-1
1.808323304E1,9.861717224E0,-5.315127969E-1,-6.392518282E-1
1.808526834E1,9.866505623E0,-5.291185975E-1,-6.368576288E-1
1.808733777E1,9.878476143E0,-5.291185975E-1,-6.416460276E-1
1.808937335E1,9.878476143E0,-5.291185975E-1,-6.488286853E-1
1.809140565E1,9.890447617E0,-5.458779931E-1,-6.631938815E-1
1.809352519E1,9.890447617E0,-5.386953950E-1,-6.679822803E-1
1.809547846E1,9.866505623E0,-5.195417404E-1,-6.751648784E-1
1.809747877E1,9.876082420E0,-5.315127969E-1,-6.727706790E-1
1.809954804E1,9.873687744E0,-5.363011956E-1,-6.751648784E-1
1.810158315E1,9.873687744E0,-5.386953950E-1,-6.799532771E-1
1.810365238E1,9.873687744E0,-5.434837937E-1,-6.847416759E-1
1.810568781E1,9.873687744E0,-5.434837937E-1,-6.799532771E-1
1.810775708E1,9.883264542E0,-5.506663918E-1,-6.847416759E-1
1.810979242E1,9.880870819E0,-5.482721925E-1,-7.015010715E-1
1.811182169E1,9.883264542E0,-5.410895944E-1,-7.086837292E-1
1.811382558E1,9.876082420E0,-5.530605912E-1,-7.038952708E-1
1.811582738E1,9.854534149E0,-5.482721925E-1,-7.062895298E-1
1.811782788E1,9.854534149E0,-5.530605912E-1,-6.991068721E-1
1.811989750E1,9.864110947E0,-5.674257874E-1,-6.967126727E-1
1.812193327E1,9.864110947E0,-5.746083856E-1,-7.038952708E-1
1.812400311E1,9.854534149E0,-5.722141862E-1,-7.062895298E-1
1.812603865E1,9.878476143E0,-5.602431893E-1,-7.086837292E-1
1.812810804E1,9.876082420E0,-5.650315881E-1,-7.062895298E-1
1.813014354E1,9.876082420E0,-5.650315881E-1,-7.110779285E-1
1.813217573E1,9.873687744E0,-5.578489900E-1,-6.943184733E-1
1.813420904E1,9.854534149E0,-5.626373887E-1,-6.871358752E-1
1.813621019E1,9.842563629E0,-5.746083856E-1,-6.871358752E-1
1.813821100E1,9.832986832E0,-5.698199868E-1,-6.991068721E-1
1.814028073E1,9.840168953E0,-5.865794420E-1,-6.919242740E-1
1.814231673E1,9.840168953E0,-5.865794420E-1,-6.895300746E-1
1.814434304E1,9.842563629E0,-5.865794420E-1,-6.847416759E-1
1.814634369E1,9.840168953E0,-5.817909837E-1,-6.895300746E-1
1.814841315E1,9.835380554E0,-6.009446383E-1,-6.703764796E-1
1.815044934E1,9.837775230E0,-6.033388376E-1,-6.655880809E-1
1.815247861E1,9.849745750E0,-5.889736414E-1,-6.679822803E-1
1.815467334E1,9.837775230E0,-5.841852427E-1,-6.584054828E-1
1.815648869E1,9.844957352E0,-5.889736414E-1,-6.584054828E-1
1.815848923E1,9.837775230E0,-6.057330370E-1,-6.392518282E-1
1.816055877E1,9.821015358E0,-6.033388376E-1,-6.296750307E-1
1.816259427E1,9.832986832E0,-5.841852427E-1,-6.200982332E-1
1.816466404E1,9.842563629E0,-5.865794420E-1,-6.105214357E-1
1.816669942E1,9.837775230E0,-6.033388376E-1,-6.057330370E-1
1.816876904E1,9.835380554E0,-6.057330370E-1,-6.009446383E-1
1.817080438E1,9.835380554E0,-5.961562395E-1,-6.057330370E-1
1.817283615E1,9.828198433E0,-6.105214357E-1,-5.961562395E-1
1.817495731E1,9.835380554E0,-5.985504389E-1,-5.913678408E-1
1.817691069E1,9.830592155E0,-5.913678408E-1,-5.985504389E-1
1.817891096E1,9.825803757E0,-6.153098345E-1,-5.937620401E-1
1.818098077E1,9.830592155E0,-6.200982332E-1,-5.889736414E-1
1.818301573E1,9.823410034E0,-6.081272364E-1,-5.889736414E-1
1.818508519E1,9.818621635E0,-6.153098345E-1,-5.793967843E-1
1.818712023E1,9.823410034E0,-6.153098345E-1,-5.722141862E-1
1.818918904E1,9.835380554E0,-6.081272364E-1,-5.841852427E-1
1.819122408E1,9.854534149E0,-5.889736414E-1,-5.698199868E-1
1.819325411E1,9.854534149E0,-5.865794420E-1,-5.698199868E-1
1.819525658E1,9.864110947E0,-5.770025849E-1,-5.770025849E-1
1.819725688E1,9.840168953E0,-6.033388376E-1,-5.793967843E-1
1.819925700E1,9.847352028E0,-6.153098345E-1,-5.770025849E-1
1.820132608E1,9.861717224E0,-5.985504389E-1,-5.626373887E-1
1.820336092E1,9.854534149E0,-5.985504389E-1,-5.674257874E-1
1.820542965E1,9.852140427E0,-5.961562395E-1,-5.793967843E-1
1.820746423E1,9.840168953E0,-5.841852427E-1,-5.722141862E-1
1.820953315E1,9.852140427E0,-5.913678408E-1,-5.770025849E-1
1.821156834E1,9.861717224E0,-5.913678408E-1,-5.698199868E-1
1.821360092E1,9.856928825E0,-5.961562395E-1,-5.722141862E-1
1.821563334E1,9.859322548E0,-6.009446383E-1,-5.865794420E-1
1.821763296E1,9.864110947E0,-5.770025849E-1,-5.865794420E-1
1.821963261E1,9.868899345E0,-5.770025849E-1,-5.889736414E-1
1.822170165E1,9.868899345E0,-5.698199868E-1,-5.913678408E-1
1.822373646E1,9.864110947E0,-5.817909837E-1,-5.865794420E-1
1.822580565E1,9.856928825E0,-5.746083856E-1,-5.913678408E-1
1.822784015E1,9.856928825E0,-5.578489900E-1,-5.961562395E-1
1.822990908E1,9.866505623E0,-5.482721925E-1,-5.865794420E-1
1.823194350E1,9.873687744E0,-5.578489900E-1,-5.817909837E-1
1.823397088E1,9.873687744E0,-5.578489900E-1,-5.698199868E-1
1.823609788E1,9.885659218E0,-5.578489900E-1,-5.698199868E-1
1.823801584E1,9.890447617E0,-5.554547906E-1,-5.650315881E-1
1.824001604E1,9.876082420E0,-5.434837937E-1,-5.650315881E-1
1.824208515E1,9.876082420E0,-5.386953950E-1,-5.722141862E-1
1.824412008E1,9.878476143E0,-5.482721925E-1,-5.817909837E-1
1.824618950E1,9.897629738E0,-5.554547906E-1,-5.746083856E-1
1.824822408E1,9.890447617E0,-5.530605912E-1,-5.746083856E-1
1.825029254E1,9.883264542E0,-5.434837937E-1,-5.793967843E-1
1.825232704E1,9.873687744E0,-5.482721925E-1,-5.722141862E-1
1.825435750E1,9.868899345E0,-5.458779931E-1,-5.626373887E-1
1.825647854E1,9.878476143E0,-5.554547906E-1,-5.674257874E-1
1.825843188E1,9.885659218E0,-5.482721925E-1,-5.722141862E-1
1.826043177E1,9.873687744E0,-5.339069963E-1,-5.937620401E-1
1.826250108E1,9.883264542E0,-5.243301988E-1,-5.770025849E-1
1.826453592E1,9.895236015E0,-5.243301988E-1,-5.770025849E-1
1.826660546E1,9.885659218E0,-5.554547906E-1,-5.793967843E-1
1.826864030E1,9.871294022E0,-5.626373887E-1,-5.722141862E-1
1.827070904E1,9.868899345E0,-5.650315881E-1,-5.698199868E-1
1.827274430E1,9.859322548E0,-5.530605912E-1,-5.817909837E-1
1.827477161E1,9.876082420E0,-5.506663918E-1,-5.889736414E-1
1.827677473E1,9.888052940E0,-5.482721925E-1,-5.913678408E-1
1.827877554E1,9.892841339E0,-5.458779931E-1,-5.865794420E-1
1.828077511E1,9.890447617E0,-5.554547906E-1,-5.817909837E-1
1.828284446E1,9.888052940E0,-5.602431893E-1,-5.793967843E-1
1.828487896E1,9.885659218E0,-5.602431893E-1,-5.937620401E-1
1.828694780E1,9.890447617E0,-5.650315881E-1,-5.985504389E-1
1.828898269E1,9.873687744E0,-5.602431893E-1,-5.937620401E-1
1.829105158E1,9.868899345E0,-5.650315881E-1,-5.937620401E-1
1.829308588E1,9.859322548E0,-5.722141862E-1,-5.913678408E-1
1.829511681E1,9.856928825E0,-5.698199868E-1,-5.985504389E-1
1.829714858E1,9.847352028E0,-5.530605912E-1,-5.937620401E-1
1.829914873E1,9.852140427E0,-5.530605912E-1,-5.865794420E-1
1.830114877E1,9.842563629E0,-5.602431893E-1,-5.937620401E-1
1.830321758E1,9.847352028E0,-5.578489900E-1,-5.937620401E-1
1.830525219E1,9.856928825E0,-5.746083856E-1,-6.081272364E-1
1.830732127E1,9.842563629E0,-5.770025849E-1,-6.105214357E-1
1.830935604E1,9.832986832E0,-5.746083856E-1,-6.105214357E-1
1.831142538E1,9.854534149E0,-5.626373887E-1,-6.129156351E-1
1.831346054E1,9.859322548E0,-5.793967843E-1,-6.105214357E-1
1.831548900E1,9.854534149E0,-5.841852427E-1,-6.105214357E-1
1.831761492E1,9.856928825E0,-5.770025849E-1,-6.081272364E-1
1.831953315E1,9.840168953E0,-5.793967843E-1,-6.081272364E-1
1.832153261E1,9.847352028E0,-5.817909837E-1,-6.081272364E-1
1.832360123E1,9.854534149E0,-5.578489900E-1,-6.081272364E-1
1.832563561E1,9.856928825E0,-5.722141862E-1,-5.913678408E-1
1.832770450E1,9.849745750E0,-5.793967843E-1,-5.961562395E-1
1.832973927E1,9.847352028E0,-5.913678408E-1,-6.009446383E-1
1.833180727E1,9.837775230E0,-5.913678408E-1,-5.865794420E-1
1.833384150E1,9.835380554E0,-6.009446383E-1,-5.961562395E-1
1.833587177E1,9.825803757E0,-6.033388376E-1,-6.081272364E-1
1.833799161E1,9.835380554E0,-5.985504389E-1,-5.937620401E-1
1.833994419E1,9.832986832E0,-5.913678408E-1,-5.913678408E-1
1.834194407E1,9.809044838E0,-5.793967843E-1,-5.770025849E-1
1.834401281E1,9.809044838E0,-5.793967843E-1,-5.793967843E-1
1.834604761E1,9.818621635E0,-5.913678408E-1,-5.817909837E-1
1.834811657E1,9.809044838E0,-5.937620401E-1,-5.698199868E-1
1.835015127E1,9.816226959E0,-6.033388376E-1,-5.530605912E-1
1.835222027E1,9.828198433E0,-5.985504389E-1,-5.506663918E-1
1.835425457E1,9.818621635E0,-5.746083856E-1,-5.578489900E-1
1.835628419E1,9.816226959E0,-5.746083856E-1,-5.506663918E-1
1.835828592E1,9.816226959E0,-5.817909837E-1,-5.578489900E-1
1.836028673E1,9.821015358E0,-5.722141862E-1,-5.626373887E-1
1.836228696E1,9.825803757E0,-5.722141862E-1,-5.602431893E-1
1.836435627E1,9.809044838E0,-5.746083856E-1,-5.602431893E-1
1.836639130E1,9.801861763E0,-5.841852427E-1,-5.482721925E-1
1.836845988E1,9.823410034E0,-5.722141862E-1,-5.410895944E-1
1.837049523E1,9.835380554E0,-5.554547906E-1,-5.315127969E-1
1.837256450E1,9.837775230E0,-5.530605912E-1,-5.267243981E-1
1.837459981E1,9.840168953E0,-5.458779931E-1,-5.291185975E-1
1.837663184E1,9.866505623E0,-5.554547906E-1,-5.267243981E-1
1.837866473E1,9.866505623E0,-5.554547906E-1,-5.291185975E-1
1.838066569E1,9.871294022E0,-5.722141862E-1,-5.315127969E-1
1.838266588E1,9.876082420E0,-5.817909837E-1,-5.291185975E-1
1.838473519E1,9.878476143E0,-5.770025849E-1,-5.363011956E-1
1.838677034E1,9.902418137E0,-5.865794420E-1,-5.339069963E-1
1.838879688E1,9.909601212E0,-5.889736414E-1,-5.458779931E-1
1.839079738E1,9.914389610E0,-5.865794420E-1,-5.482721925E-1
1.839286650E1,9.928754807E0,-5.865794420E-1,-5.554547906E-1
1.839490123E1,9.938331604E0,-6.009446383E-1,-5.746083856E-1
1.839692957E1,9.952696800E0,-6.081272364E-1,-5.865794420E-1
1.839912184E1,9.938331604E0,-6.057330370E-1,-6.033388376E-1
1.840093538E1,9.955090523E0,-5.841852427E-1,-6.224924326E-1
1.840293557E1,9.950302124E0,-5.841852427E-1,-6.392518282E-1
1.840500504E1,9.957485199E0,-5.889736414E-1,-6.607996821E-1
1.840703996E1,9.945513725E0,-5.770025849E-1,-6.823474765E-1
1.840910923E1,9.955090523E0,-5.722141862E-1,-6.847416759E-1
1.841114507E1,9.974244118E0,-5.817909837E-1,-6.895300746E-1
1.841321423E1,9.950302124E0,-5.650315881E-1,-7.015010715E-1
1.841524938E1,9.938331604E0,-5.578489900E-1,-7.038952708E-1
1.841728096E1,9.911994934E0,-5.458779931E-1,-7.134721279E-1
1.841940184E1,9.919178009E0,-5.363011956E-1,-7.206547260E-1
1.842135492E1,9.907206535E0,-5.434837937E-1,-7.206547260E-1
1.842335530E1,9.904812813E0,-5.410895944E-1,-7.302315235E-1
1.842542500E1,9.890447617E0,-5.267243981E-1,-7.398083210E-1
1.842746042E1,9.880870819E0,-5.123591423E-1,-7.254431248E-1
1.842952988E1,9.871294022E0,-5.195417404E-1,-7.206547260E-1
1.843156530E1,9.854534149E0,-5.363011956E-1,-7.158663273E-1
1.843363500E1,9.864110947E0,-5.195417404E-1,-7.134721279E-1
1.843567034E1,9.856928825E0,-5.195417404E-1,-7.182605267E-1
1.843769842E1,9.864110947E0,-5.339069963E-1,-7.110779285E-1
1.843970204E1,9.842563629E0,-5.506663918E-1,-6.943184733E-1
1.844170281E1,9.835380554E0,-5.506663918E-1,-6.967126727E-1
1.844370273E1,9.828198433E0,-5.554547906E-1,-6.847416759E-1
1.844577211E1,9.830592155E0,-5.578489900E-1,-6.727706790E-1
1.844780796E1,9.828198433E0,-5.626373887E-1,-6.655880809E-1
1.844987727E1,9.832986832E0,-5.674257874E-1,-6.368576288E-1
1.845191238E1,9.828198433E0,-5.650315881E-1,-6.320692301E-1
1.845398127E1,9.840168953E0,-5.602431893E-1,-6.248866320E-1
1.845601673E1,9.828198433E0,-5.722141862E-1,-6.033388376E-1
1.845804819E1,9.818621635E0,-5.770025849E-1,-5.937620401E-1
1.846008242E1,9.816226959E0,-5.817909837E-1,-5.937620401E-1
1.846208242E1,9.828198433E0,-6.009446383E-1,-5.817909837E-1
1.846408350E1,9.818621635E0,-6.009446383E-1,-5.674257874E-1
1.846615319E1,9.801861763E0,-5.961562395E-1,-5.530605912E-1
1.846818865E1,9.801861763E0,-5.985504389E-1,-5.482721925E-1
1.847025842E1,9.821015358E0,-5.889736414E-1,-5.315127969E-1
1.847229361E1,9.828198433E0,-5.913678408E-1,-5.171475410E-1
1.847436281E1,9.837775230E0,-5.865794420E-1,-5.123591423E-1
1.847639796E1,9.832986832E0,-5.937620401E-1,-5.195417404E-1
1.847842607E1,9.840168953E0,-5.889736414E-1,-5.147533417E-1
1.848055169E1,9.842563629E0,-5.913678408E-1,-5.051765442E-1
1.848246946E1,9.828198433E0,-5.889736414E-1,-5.099649429E-1
1.848446938E1,9.837775230E0,-5.817909837E-1,-4.979939461E-1
1.848653823E1,9.832986832E0,-5.841852427E-1,-5.003881454E-1
1.848857331E1,9.849745750E0,-5.793967843E-1,-4.979939461E-1
1.849064238E1,9.844957352E0,-5.626373887E-1,-4.955997467E-1
1.849267750E1,9.840168953E0,-5.578489900E-1,-4.955997467E-1
1.849474611E1,9.837775230E0,-5.482721925E-1,-5.051765442E-1
1.849678134E1,9.837775230E0,-5.506663918E-1,-5.123591423E-1
1.849881257E1,9.840168953E0,-5.482721925E-1,-5.075707436E-1
1.850093361E1,9.830592155E0,-5.386953950E-1,-5.027823448E-1
1.850288673E1,9.809044838E0,-5.410895944E-1,-5.171475410E-1
1.850488673E1,9.806650162E0,-5.386953950E-1,-5.171475410E-1
1.850695557E1,9.809044838E0,-5.291185975E-1,-5.267243981E-1
1.850899092E1,9.818621635E0,-5.291185975E-1,-5.195417404E-1
1.851106088E1,9.823410034E0,-5.147533417E-1,-5.291185975E-1
1.851309596E1,9.818621635E0,-5.075707436E-1,-5.291185975E-1
1.851516523E1,9.835380554E0,-4.979939461E-1,-5.219359994E-1
1.851719980E1,9.835380554E0,-4.908113480E-1,-5.267243981E-1
1.851923050E1,9.840168953E0,-5.147533417E-1,-5.291185975E-1
1.852123277E1,9.854534149E0,-5.171475410E-1,-5.315127969E-1
1.852323384E1,9.859322548E0,-5.171475410E-1,-5.363011956E-1
1.852523384E1,9.849745750E0,-5.027823448E-1,-5.195417404E-1
1.852730257E1,9.835380554E0,-4.979939461E-1,-5.171475410E-1
1.852933750E1,9.830592155E0,-5.123591423E-1,-5.171475410E-1
1.853140669E1,9.840168953E0,-5.027823448E-1,-5.219359994E-1
1.853344215E1,9.844957352E0,-5.027823448E-1,-5.267243981E-1
1.853551142E1,9.854534149E0,-4.908113480E-1,-5.195417404E-1
1.853754630E1,9.842563629E0,-4.908113480E-1,-5.123591423E-1
1.853957780E1,9.859322548E0,-4.979939461E-1,-5.075707436E-1
1.854161069E1,9.866505623E0,-5.099649429E-1,-5.147533417E-1
1.854361184E1,9.871294022E0,-5.171475410E-1,-5.099649429E-1
1.854561196E1,9.852140427E0,-5.291185975E-1,-5.171475410E-1
1.854768100E1,9.852140427E0,-5.195417404E-1,-5.147533417E-1
1.854971554E1,9.856928825E0,-5.123591423E-1,-5.195417404E-1
1.855178484E1,9.859322548E0,-5.075707436E-1,-5.315127969E-1
1.855382004E1,9.868899345E0,-5.075707436E-1,-5.363011956E-1
1.855588911E1,9.873687744E0,-5.147533417E-1,-5.386953950E-1
1.855792388E1,9.861717224E0,-5.123591423E-1,-5.339069963E-1
1.855995246E1,9.859322548E0,-5.315127969E-1,-5.458779931E-1
1.856207892E1,9.864110947E0,-5.363011956E-1,-5.482721925E-1
1.856399665E1,9.864110947E0,-5.267243981E-1,-5.482721925E-1
1.856599654E1,9.864110947E0,-5.267243981E-1,-5.315127969E-1
1.856806580E1,9.866505623E0,-5.243301988E-1,-5.410895944E-1
1.857010100E1,9.876082420E0,-5.291185975E-1,-5.410895944E-1
1.857217015E1,9.885659218E0,-5.315127969E-1,-5.434837937E-1
1.857420473E1,9.885659218E0,-5.434837937E-1,-5.458779931E-1
1.857627369E1,9.880870819E0,-5.434837937E-1,-5.530605912E-1
1.857830804E1,9.892841339E0,-5.458779931E-1,-5.602431893E-1
1.858033923E1,9.888052940E0,-5.410895944E-1,-5.626373887E-1
1.858246000E1,9.878476143E0,-5.554547906E-1,-5.650315881E-1
1.858441388E1,9.878476143E0,-5.578489900E-1,-5.674257874E-1
1.858641346E1,9.892841339E0,-5.482721925E-1,-5.554547906E-1
1.858848269E1,9.885659218E0,-5.410895944E-1,-5.578489900E-1
1.859051769E1,9.873687744E0,-5.506663918E-1,-5.554547906E-1
1.859258673E1,9.878476143E0,-5.506663918E-1,-5.602431893E-1
1.859462173E1,9.888052940E0,-5.530605912E-1,-5.530605912E-1
1.859669107E1,9.888052940E0,-5.506663918E-1,-5.530605912E-1
1.859872623E1,9.878476143E0,-5.482721925E-1,-5.506663918E-1
1.860075519E1,9.880870819E0,-5.434837937E-1,-5.506663918E-1
1.860275884E1,9.888052940E0,-5.386953950E-1,-5.363011956E-1
1.860475957E1,9.888052940E0,-5.458779931E-1,-5.267243981E-1
1.860675973E1,9.888052940E0,-5.458779931E-1,-5.363011956E-1
1.860882938E1,9.880870819E0,-5.602431893E-1,-5.195417404E-1
1.861086473E1,9.873687744E0,-5.482721925E-1,-5.171475410E-1
1.861293415E1,9.871294022E0,-5.434837937E-1,-5.171475410E-1
1.861496980E1,9.861717224E0,-5.291185975E-1,-5.219359994E-1
1.861703946E1,9.878476143E0,-5.315127969E-1,-5.315127969E-1
1.861907504E1,9.861717224E0,-5.434837937E-1,-5.315127969E-1
1.862110923E1,9.849745750E0,-5.434837937E-1,-5.315127969E-1
1.862314188E1,9.840168953E0,-5.386953950E-1,-5.099649429E-1
1.862514277E1,9.837775230E0,-5.386953950E-1,-5.123591423E-1
1.862714334E1,9.859322548E0,-5.386953950E-1,-5.123591423E-1
1.862921280E1,9.852140427E0,-5.410895944E-1,-5.147533417E-1
1.863124819E1,9.859322548E0,-5.243301988E-1,-5.123591423E-1
1.863327327E1,9.856928825E0,-5.291185975E-1,-4.979939461E-1
1.863527377E1,9.856928825E0,-5.458779931E-1,-4.884171486E-1
1.863734280E1,9.861717224E0,-5.410895944E-1,-4.932055473E-1
1.863937757E1,9.852140427E0,-5.363011956E-1,-4.932055473E-1
1.864140669E1,9.842563629E0,-5.315127969E-1,-4.884171486E-1
1.864359969E1,9.854534149E0,-5.243301988E-1,-4.860229492E-1
1.864541307E1,9.861717224E0,-5.363011956E-1,-4.836287498E-1
1.864741323E1,9.859322548E0,-5.315127969E-1,-4.884171486E-1
1.864948292E1,9.852140427E0,-5.339069963E-1,-4.979939461E-1
1.865151792E1,9.847352028E0,-5.339069963E-1,-5.027823448E-1
1.865358723E1,9.842563629E0,-5.482721925E-1,-5.051765442E-1
1.865562180E1,9.849745750E0,-5.315127969E-1,-5.003881454E-1
1.865769134E1,9.859322548E0,-5.339069963E-1,-4.932055473E-1
1.865972615E1,9.861717224E0,-5.434837937E-1,-5.027823448E-1
1.866175765E1,9.849745750E0,-5.434837937E-1,-5.051765442E-1
1.866387807E1,9.840168953E0,-5.458779931E-1,-5.075707436E-1
1.866583138E1,9.828198433E0,-5.434837937E-1,-5.027823448E-1
1.866783123E1,9.837775230E0,-5.506663918E-1,-5.027823448E-1
1.866990096E1,9.825803757E0,-5.578489900E-1,-5.075707436E-1
1.867193607E1,9.818621635E0,-5.506663918E-1,-5.099649429E-1
1.867400542E1,9.837775230E0,-5.434837937E-1,-5.123591423E-1
1.867604042E1,9.844957352E0,-5.482721925E-1,-5.075707436E-1
1.867810926E1,9.832986832E0,-5.458779931E-1,-5.123591423E-1
1.868014384E1,9.830592155E0,-5.458779931E-1,-5.171475410E-1
1.868217342E1,9.825803757E0,-5.458779931E-1,-5.195417404E-1
1.868417607E1,9.830592155E0,-5.434837937E-1,-5.123591423E-1
1.868617707E1,9.840168953E0,-5.506663918E-1,-5.099649429E-1
1.868817742E1,9.847352028E0,-5.530605912E-1,-5.123591423E-1
1.869024711E1,9.849745750E0,-5.722141862E-1,-5.027823448E-1
1.869228254E1,9.849745750E0,-5.554547906E-1,-4.908113480E-1
1.869435173E1,9.847352028E0,-5.530605912E-1,-5.003881454E-1
1.869638680E1,9.861717224E0,-5.578489900E-1,-4.955997467E-1
1.869845684E1,9.859322548E0,-5.554547906E-1,-4.932055473E-1
1.870049238E1,9.856928825E0,-5.530605912E-1,-4.860229492E-1
1.870252434E1,9.856928825E0,-5.578489900E-1,-4.836287498E-1
1.870455734E1,9.876082420E0,-5.602431893E-1,-4.644751251E-1
1.870655892E1,9.883264542E0,-5.339069963E-1,-4.596867263E-1
1.870855926E1,9.890447617E0,-5.315127969E-1,-4.644751251E-1
1.871062869E1,9.897629738E0,-5.410895944E-1,-4.620809257E-1
1.871266342E1,9.900024414E0,-5.602431893E-1,-4.501099288E-1
1.871473284E1,9.900024414E0,-5.626373887E-1,-4.548983276E-1
1.871676807E1,9.902418137E0,-5.530605912E-1,-4.477157295E-1
1.871883746E1,9.904812813E0,-5.458779931E-1,-4.333505034E-1
1.872087277E1,9.909601212E0,-5.363011956E-1,-4.285621047E-1
1.872290142E1,9.895236015E0,-5.339069963E-1,-4.381389022E-1
1.872502773E1,9.892841339E0,-5.386953950E-1,-4.477157295E-1
1.872694600E1,9.892841339E0,-5.410895944E-1,-4.405331016E-1
1.872894588E1,9.892841339E0,-5.243301988E-1,-4.381389022E-1
1.873101534E1,9.892841339E0,-5.219359994E-1,-4.309563041E-1
1.873305084E1,9.897629738E0,-5.291185975E-1,-4.285621047E-1
1.873512065E1,9.890447617E0,-5.458779931E-1,-4.333505034E-1
1.873715607E1,9.871294022E0,-5.482721925E-1,-4.357447028E-1
1.873922546E1,9.861717224E0,-5.458779931E-1,-4.357447028E-1
1.874126088E1,9.873687744E0,-5.363011956E-1,-4.237737060E-1
1.874326157E1,9.864110947E0,-5.482721925E-1,-4.261679053E-1
1.874538292E1,9.849745750E0,-5.410895944E-1,-4.213795066E-1
1.874733607E1,9.854534149E0,-5.386953950E-1,-4.285621047E-1
1.874933646E1,9.864110947E0,-5.339069963E-1,-4.405331016E-1
1.875140626E1,9.842563629E0,-5.339069963E-1,-4.381389022E-1
1.875344184E1,9.842563629E0,-5.434837937E-1,-4.357447028E-1
1.875551119E1,9.835380554E0,-5.267243981E-1,-4.237737060E-1
1.875754692E1,9.832986832E0,-5.195417404E-1,-4.309563041E-1
1.875961673E1,9.840168953E0,-5.171475410E-1,-4.237737060E-1
1.876165315E1,9.842563629E0,-5.339069963E-1,-4.285621047E-1
1.876368226E1,9.828198433E0,-5.339069963E-1,-4.237737060E-1
1.876568534E1,9.811438560E0,-5.267243981E-1,-4.237737060E-1
1.876768630E1,9.816226959E0,-5.386953950E-1,-4.237737060E-1
1.876968700E1,9.832986832E0,-5.458779931E-1,-4.213795066E-1
1.877175638E1,9.840168953E0,-5.458779931E-1,-4.141969085E-1
1.877379215E1,9.840168953E0,-5.315127969E-1,-4.165911078E-1
1.877586180E1,9.825803757E0,-5.315127969E-1,-4.165911078E-1
1.877789738E1,9.835380554E0,-5.315127969E-1,-4.165911078E-1
1.877996715E1,9.849745750E0,-5.482721925E-1,-4.070142806E-1
1.878200230E1,9.837775230E0,-5.386953950E-1,-4.141969085E-1
1.878403400E1,9.837775230E0,-5.291185975E-1,-4.070142806E-1
1.878606634E1,9.830592155E0,-5.171475410E-1,-3.974374831E-1
1.878806676E1,9.813833237E0,-5.434837937E-1,-4.022258818E-1
1.879006615E1,9.825803757E0,-5.458779931E-1,-4.070142806E-1
1.879213484E1,9.854534149E0,-5.386953950E-1,-3.974374831E-1
1.879416969E1,9.856928825E0,-5.195417404E-1,-4.094084799E-1
1.879623823E1,9.854534149E0,-5.339069963E-1,-4.141969085E-1
1.879827284E1,9.859322548E0,-5.195417404E-1,-4.213795066E-1
1.880031392E1,9.864110947E0,-5.171475410E-1,-4.141969085E-1
1.880197527E1,9.868899345E0,-5.147533417E-1,-4.070142806E-1
1.880335619E1,9.873687744E0,-5.075707436E-1,-4.094084799E-1
1.880548134E1,9.871294022E0,-4.908113480E-1,-4.141969085E-1
1.880739853E1,9.878476143E0,-5.075707436E-1,-4.046200812E-1
1.880939800E1,9.878476143E0,-5.027823448E-1,-4.141969085E-1
1.881146650E1,9.880870819E0,-4.932055473E-1,-4.189853072E-1
1.881350092E1,9.878476143E0,-4.979939461E-1,-4.070142806E-1
1.881556942E1,9.885659218E0,-4.979939461E-1,-4.070142806E-1
1.881760365E1,9.873687744E0,-5.027823448E-1,-4.237737060E-1
1.881967223E1,9.871294022E0,-4.932055473E-1,-4.213795066E-1
1.882170650E1,9.866505623E0,-4.932055473E-1,-4.237737060E-1
1.882373776E1,9.852140427E0,-4.860229492E-1,-4.189853072E-1
1.882585784E1,9.883264542E0,-4.908113480E-1,-4.357447028E-1
1.882781057E1,9.885659218E0,-4.932055473E-1,-4.453215301E-1
1.882981023E1,9.888052940E0,-4.955997467E-1,-4.189853072E-1
1.883187873E1,9.888052940E0,-4.908113480E-1,-4.189853072E-1
1.883391311E1,9.895236015E0,-4.908113480E-1,-4.213795066E-1
1.883598196E1,9.895236015E0,-5.003881454E-1,-4.189853072E-1
1.883801615E1,9.892841339E0,-5.003881454E-1,-4.141969085E-1
1.884008500E1,9.883264542E0,-5.195417404E-1,-4.094084799E-1
1.884211969E1,9.880870819E0,-5.171475410E-1,-4.118026793E-1
1.884414938E1,9.871294022E0,-5.171475410E-1,-4.189853072E-1
1.884615142E1,9.876082420E0,-5.099649429E-1,-4.165911078E-1
1.884815184E1,9.873687744E0,-5.123591423E-1,-4.118026793E-1
1.885015157E1,9.885659218E0,-5.171475410E-1,-4.189853072E-1
1.885222034E1,9.900024414E0,-5.243301988E-1,-4.333505034E-1
1.885425476E1,9.888052940E0,-5.147533417E-1,-4.285621047E-1
1.885632373E1,9.885659218E0,-5.123591423E-1,-4.261679053E-1
1.885835873E1,9.868899345E0,-5.027823448E-1,-4.285621047E-1
1.886042807E1,9.871294022E0,-5.003881454E-1,-4.309563041E-1
1.886246273E1,9.871294022E0,-5.267243981E-1,-4.237737060E-1
1.886449319E1,9.890447617E0,-5.363011956E-1,-4.285621047E-1
1.886652496E1,9.878476143E0,-5.386953950E-1,-4.309563041E-1
1.886852542E1,9.859322548E0,-5.267243981E-1,-4.285621047E-1
1.887052519E1,9.861717224E0,-5.219359994E-1,-4.429273009E-1
1.887259384E1,9.859322548E0,-5.267243981E-1,-4.429273009E-1
1.887462857E1,9.873687744E0,-5.291185975E-1,-4.525041282E-1
1.887665280E1,9.868899345E0,-5.195417404E-1,-4.501099288E-1
1.887865273E1,9.856928825E0,-5.243301988E-1,-4.596867263E-1
1.888072092E1,9.854534149E0,-5.339069963E-1,-4.620809257E-1
1.888275530E1,9.854534149E0,-5.363011956E-1,-4.548983276E-1
1.888478253E1,9.852140427E0,-5.386953950E-1,-4.501099288E-1
1.888697519E1,9.842563629E0,-5.363011956E-1,-4.381389022E-1
1.888878792E1,9.830592155E0,-5.315127969E-1,-4.453215301E-1
1.889078753E1,9.830592155E0,-5.315127969E-1,-4.525041282E-1
1.889285657E1,9.816226959E0,-5.363011956E-1,-4.453215301E-1
1.889489080E1,9.818621635E0,-5.363011956E-1,-4.477157295E-1
1.889695934E1,9.818621635E0,-5.410895944E-1,-4.525041282E-1
1.889899357E1,9.813833237E0,-5.410895944E-1,-4.357447028E-1
1.890106226E1,9.821015358E0,-5.602431893E-1,-4.309563041E-1
1.890309676E1,9.813833237E0,-5.267243981E-1,-4.213795066E-1
1.890512711E1,9.809044838E0,-5.267243981E-1,-4.213795066E-1
1.890724711E1,9.813833237E0,-5.363011956E-1,-4.213795066E-1
1.890920011E1,9.804255486E0,-5.506663918E-1,-4.237737060E-1
1.891119961E1,9.811438560E0,-5.506663918E-1,-4.189853072E-1
1.891326780E1,9.809044838E0,-5.458779931E-1,-4.165911078E-1
1.891530153E1,9.811438560E0,-5.267243981E-1,-4.309563041E-1
1.891736969E1,9.809044838E0,-5.195417404E-1,-4.285621047E-1
1.891940419E1,9.809044838E0,-5.147533417E-1,-4.189853072E-1
1.892147261E1,9.818621635E0,-5.243301988E-1,-4.285621047E-1
1.892350734E1,9.818621635E0,-5.195417404E-1,-4.285621047E-1
1.892553638E1,9.825803757E0,-5.243301988E-1,-4.189853072E-1
1.892753965E1,9.854534149E0,-5.434837937E-1,-4.165911078E-1
1.892954011E1,9.864110947E0,-5.482721925E-1,-4.046200812E-1
1.893154015E1,9.878476143E0,-5.578489900E-1,-3.998316824E-1
1.893360930E1,9.897629738E0,-5.578489900E-1,-3.854664862E-1
1.893564434E1,9.892841339E0,-5.506663918E-1,-3.830722570E-1
1.893771334E1,9.897629738E0,-5.674257874E-1,-3.758896589E-1
1.893974803E1,9.911994934E0,-5.650315881E-1,-3.782838583E-1
1.894181750E1,9.921571732E0,-5.698199868E-1,-3.758896589E-1
1.894385207E1,9.935936928E0,-5.913678408E-1,-3.734954596E-1
1.894588311E1,9.931148529E0,-5.746083856E-1,-3.758896589E-1
1.894791476E1,9.950302124E0,-5.793967843E-1,-3.830722570E-1
1.894991446E1,9.986215591E0,-5.817909837E-1,-3.806780577E-1
1.895191400E1,9.981427193E0,-5.722141862E-1,-3.758896589E-1
1.895398284E1,9.986215591E0,-5.578489900E-1,-3.854664862E-1
1.895601719E1,1.000058079E1,-5.458779931E-1,-3.998316824E-1
1.895808596E1,1.001255131E1,-5.458779931E-1,-4.141969085E-1
1.896012007E1,1.000776291E1,-5.434837937E-1,-4.237737060E-1
1.896218811E1,1.001015759E1,-5.386953950E-1,-4.237737060E-1
1.896422242E1,1.001733971E1,-5.243301988E-1,-4.477157295E-1
1.896625146E1,9.991003990E0,-5.051765442E-1,-4.620809257E-1
1.896837730E1,9.986215591E0,-4.955997467E-1,-4.716577232E-1
1.897029500E1,9.981427193E0,-4.932055473E-1,-4.764461517E-1
1.897229461E1,9.955090523E0,-4.836287498E-1,-4.884171486E-1
1.897436323E1,9.940725327E0,-4.860229492E-1,-4.860229492E-1
1.897639761E1,9.916783333E0,-4.620809257E-1,-4.836287498E-1
1.897846638E1,9.907206535E0,-4.381389022E-1,-5.003881454E-1
1.898050173E1,9.897629738E0,-4.381389022E-1,-5.099649429E-1
1.898256973E1,9.885659218E0,-4.333505034E-1,-5.147533417E-1
1.898460438E1,9.880870819E0,-4.189853072E-1,-5.075707436E-1
1.898663592E1,9.876082420E0,-4.022258818E-1,-5.075707436E-1
1.898875611E1,9.856928825E0,-3.974374831E-1,-5.171475410E-1
1.899070957E1,9.840168953E0,-3.734954596E-1,-5.051765442E-1
1.899270946E1,9.830592155E0,-3.734954596E-1,-5.003881454E-1
1.899477803E1,9.797073364E0,-3.854664862E-1,-4.788403511E-1
1.899681253E1,9.804255486E0,-3.902548850E-1,-4.692635238E-1
1.899888123E1,9.804255486E0,-3.974374831E-1,-4.572925270E-1
1.900091553E1,9.782708168E0,-4.046200812E-1,-4.453215301E-1
1.900298376E1,9.797073364E0,-4.094084799E-1,-4.141969085E-1
1.900501807E1,9.797073364E0,-4.237737060E-1,-3.974374831E-1
1.900704742E1,9.801861763E0,-4.213795066E-1,-3.878606856E-1
1.900904923E1,9.809044838E0,-4.213795066E-1,-3.758896589E-1
1.901104930E1,9.813833237E0,-4.213795066E-1,-3.734954596E-1
1.901304930E1,9.809044838E0,-4.405331016E-1,-3.711012602E-1
1.901511800E1,9.804255486E0,-4.501099288E-1,-3.543418646E-1
1.901715257E1,9.809044838E0,-4.548983276E-1,-3.447650373E-1
1.901922157E1,9.806650162E0,-4.477157295E-1,-3.375824392E-1
1.902125592E1,9.821015358E0,-4.309563041E-1,-3.280056417E-1
1.902332496E1,9.821015358E0,-4.572925270E-1,-3.256114423E-1
1.902535976E1,9.821015358E0,-4.620809257E-1,-3.208230138E-1
1.902739146E1,9.844957352E0,-4.716577232E-1,-3.280056417E-1
1.902942392E1,9.842563629E0,-4.692635238E-1,-3.327940404E-1
1.903142346E1,9.837775230E0,-4.692635238E-1,-3.256114423E-1
1.903342346E1,9.852140427E0,-4.764461517E-1,-3.160346150E-1
1.903549192E1,9.856928825E0,-4.884171486E-1,-3.040636182E-1
1.903752676E1,9.849745750E0,-4.932055473E-1,-3.040636182E-1
1.903959553E1,9.849745750E0,-4.908113480E-1,-3.088520169E-1
1.904163000E1,9.859322548E0,-4.644751251E-1,-3.232172430E-1
1.904369953E1,9.873687744E0,-4.572925270E-1,-3.208230138E-1
1.904573453E1,9.885659218E0,-4.620809257E-1,-3.112462163E-1
1.904776326E1,9.871294022E0,-4.740519226E-1,-3.256114423E-1
1.904989030E1,9.871294022E0,-4.836287498E-1,-3.208230138E-1
1.905180772E1,9.864110947E0,-4.740519226E-1,-3.280056417E-1
1.905380803E1,9.861717224E0,-4.644751251E-1,-3.040636182E-1
1.905587700E1,9.868899345E0,-4.668693244E-1,-3.040636182E-1
1.905791180E1,9.880870819E0,-4.644751251E-1,-3.088520169E-1
1.905998100E1,9.856928825E0,-4.620809257E-1,-3.136404157E-1
1.906201592E1,9.847352028E0,-4.668693244E-1,-2.944868207E-1
1.906408522E1,9.844957352E0,-4.620809257E-1,-2.968810201E-1
1.906612003E1,9.856928825E0,-4.596867263E-1,-2.920926213E-1
1.906815192E1,9.852140427E0,-4.501099288E-1,-2.873041928E-1
1.907027573E1,9.844957352E0,-4.381389022E-1,-2.873041928E-1
1.907219403E1,9.849745750E0,-4.213795066E-1,-2.825157940E-1
1.907419350E1,9.856928825E0,-4.237737060E-1,-2.825157940E-1
1.907626234E1,9.852140427E0,-4.165911078E-1,-2.849099934E-1
1.907829703E1,9.854534149E0,-4.046200812E-1,-2.873041928E-1
1.908036626E1,9.847352028E0,-4.165911078E-1,-2.801215947E-1
1.908240100E1,9.844957352E0,-4.165911078E-1,-2.777273953E-1
1.908447003E1,9.849745750E0,-4.094084799E-1,-2.729389966E-1
1.908650480E1,9.861717224E0,-3.950432837E-1,-2.753331959E-1
1.908853311E1,9.859322548E0,-3.854664862E-1,-2.777273953E-1
1.909053650E1,9.866505623E0,-3.830722570E-1,-2.801215947E-1
1.909253673E1,9.864110947E0,-3.830722570E-1,-2.801215947E-1
1.909453607E1,9.871294022E0,-3.734954596E-1,-2.849099934E-1
1.909660550E1,9.871294022E0,-3.734954596E-1,-2.777273953E-1
1.909863969E1,9.849745750E0,-3.878606856E-1,-2.753331959E-1
1.910070819E1,9.842563629E0,-3.806780577E-1,-2.705447972E-1
1.910274238E1,9.852140427E0,-3.878606856E-1,-2.657563984E-1
1.910481061E1,9.854534149E0,-3.878606856E-1,-2.729389966E-1
1.910684453E1,9.852140427E0,-3.878606856E-1,-2.753331959E-1
1.910887542E1,9.842563629E0,-3.830722570E-1,-2.777273953E-1
1.911090753E1,9.859322548E0,-3.758896589E-1,-2.849099934E-1
1.911290746E1,9.864110947E0,-3.782838583E-1,-2.801215947E-1
1.911490711E1,9.849745750E0,-3.806780577E-1,-2.896983922E-1
1.911697519E1,9.830592155E0,-3.998316824E-1,-2.873041928E-1
1.911900980E1,9.816226959E0,-3.974374831E-1,-2.873041928E-1
1.912103423E1,9.804255486E0,-3.902548850E-1,-2.944868207E-1
1.912303384E1,9.801861763E0,-4.022258818E-1,-3.064578176E-1
1.912510226E1,9.785101891E0,-4.046200812E-1,-3.208230138E-1
1.912713699E1,9.799467087E0,-4.213795066E-1,-3.232172430E-1
1.912916530E1,9.818621635E0,-4.189853072E-1,-3.184288144E-1
1.913135861E1,9.828198433E0,-4.333505034E-1,-3.280056417E-1
1.913317246E1,9.823410034E0,-4.357447028E-1,-3.280056417E-1
1.913517246E1,9.840168953E0,-4.381389022E-1,-3.327940404E-1
1.913724096E1,9.825803757E0,-4.381389022E-1,-3.351882398E-1
1.913927561E1,9.828198433E0,-4.357447028E-1,-3.399766386E-1
1.914134480E1,9.852140427E0,-4.501099288E-1,-3.303998411E-1
1.914337949E1,9.864110947E0,-4.572925270E-1,-3.232172430E-1
1.914544819E1,9.864110947E0,-4.596867263E-1,-3.136404157E-1
1.914748272E1,9.868899345E0,-4.692635238E-1,-3.112462163E-1
1.914951388E1,9.861717224E0,-4.836287498E-1,-3.160346150E-1
1.915163480E1,9.864110947E0,-4.860229492E-1,-3.112462163E-1
1.915358638E1,9.854534149E0,-5.003881454E-1,-3.040636182E-1
1.915558619E1,9.868899345E0,-4.955997467E-1,-2.920926213E-1
1.915765484E1,9.868899345E0,-5.003881454E-1,-2.920926213E-1
1.915968942E1,9.880870819E0,-5.027823448E-1,-2.896983922E-1
1.916175834E1,9.880870819E0,-5.051765442E-1,-2.753331959E-1
1.916379280E1,9.885659218E0,-4.979939461E-1,-2.801215947E-1
1.916586184E1,9.895236015E0,-5.051765442E-1,-2.753331959E-1
1.916789661E1,9.907206535E0,-4.764461517E-1,-2.585737705E-1
1.916992642E1,9.892841339E0,-4.812345505E-1,-2.585737705E-1
1.917192788E1,9.900024414E0,-4.836287498E-1,-2.609679997E-1
1.917392788E1,9.897629738E0,-4.668693244E-1,-2.657563984E-1
1.917592672E1,9.895236015E0,-4.668693244E-1,-2.681505978E-1
1.917799499E1,9.880870819E0,-4.596867263E-1,-2.705447972E-1
1.918002938E1,9.902418137E0,-4.596867263E-1,-2.681505978E-1
1.918209761E1,9.897629738E0,-4.548983276E-1,-2.705447972E-1
1.918413172E1,9.890447617E0,-4.213795066E-1,-2.609679997E-1
1.918620030E1,9.895236015E0,-4.189853072E-1,-2.633621991E-1
1.918823461E1,9.883264542E0,-4.046200812E-1,-2.657563984E-1
1.919026557E1,9.888052940E0,-3.974374831E-1,-2.609679997E-1
1.919229776E1,9.895236015E0,-3.878606856E-1,-2.561795712E-1
1.919429742E1,9.902418137E0,-3.806780577E-1,-2.489969730E-1
1.919629730E1,9.904812813E0,-3.663128614E-1,-2.513911724E-1
1.919836592E1,9.885659218E0,-3.543418646E-1,-2.537853718E-1
1.920039999E1,9.890447617E0,-3.567360640E-1,-2.513911724E-1
1.920246919E1,9.897629738E0,-3.567360640E-1,-2.537853718E-1
1.920450361E1,9.885659218E0,-3.591302633E-1,-2.513911724E-1
1.920657253E1,9.876082420E0,-3.567360640E-1,-2.442085743E-1
1.920860684E1,9.866505623E0,-3.663128614E-1,-2.466027737E-1
1.921063430E1,9.873687744E0,-3.687070608E-1,-2.394201756E-1
1.921275972E1,9.876082420E0,-3.639186621E-1,-2.394201756E-1
1.921467699E1,9.873687744E0,-3.734954596E-1,-2.418143749E-1
1.921667649E1,9.868899345E0,-3.663128614E-1,-2.513911724E-1
1.921874480E1,9.861717224E0,-3.711012602E-1,-2.657563984E-1
1.922077876E1,9.861717224E0,-3.806780577E-1,-2.585737705E-1
1.922284703E1,9.864110947E0,-3.806780577E-1,-2.585737705E-1
1.922488142E1,9.844957352E0,-3.950432837E-1,-2.657563984E-1
1.922694965E1,9.861717224E0,-4.118026793E-1,-2.681505978E-1
1.922898422E1,9.861717224E0,-4.237737060E-1,-2.681505978E-1
1.923101469E1,9.866505623E0,-4.285621047E-1,-2.705447972E-1
1.923313619E1,9.864110947E0,-4.309563041E-1,-2.873041928E-1
1.923508965E1,9.854534149E0,-4.429273009E-1,-2.896983922E-1
1.923708949E1,9.842563629E0,-4.596867263E-1,-2.944868207E-1
1.923915846E1,9.854534149E0,-4.692635238E-1,-2.968810201E-1
1.924119338E1,9.859322548E0,-4.860229492E-1,-3.064578176E-1
1.924326257E1,9.866505623E0,-4.692635238E-1,-3.064578176E-1
1.924529726E1,9.847352028E0,-4.884171486E-1,-3.136404157E-1
1.924736642E1,9.859322548E0,-4.932055473E-1,-3.303998411E-1
1.924940157E1,9.880870819E0,-4.788403511E-1,-3.303998411E-1
1.925143015E1,9.885659218E0,-4.884171486E-1,-3.327940404E-1
1.925343396E1,9.885659218E0,-4.908113480E-1,-3.399766386E-1
1.925543488E1,9.873687744E0,-4.908113480E-1,-3.423708379E-1
1.925743519E1,9.895236015E0,-4.979939461E-1,-3.327940404E-1
1.925950449E1,9.897629738E0,-5.027823448E-1,-3.303998411E-1
1.926153980E1,9.900024414E0,-5.171475410E-1,-3.256114423E-1
1.926360907E1,9.904812813E0,-5.195417404E-1,-3.160346150E-1
1.926564384E1,9.911994934E0,-5.243301988E-1,-3.112462163E-1
1.926771411E1,9.919178009E0,-5.386953950E-1,-3.136404157E-1
1.926974999E1,9.897629738E0,-5.434837937E-1,-2.992752194E-1
1.927178138E1,9.907206535E0,-5.458779931E-1,-2.968810201E-1
1.927381449E1,9.909601212E0,-5.506663918E-1,-3.064578176E-1
1.927581523E1,9.892841339E0,-5.674257874E-1,-2.920926213E-1
1.927781565E1,9.885659218E0,-5.793967843E-1,-2.849099934E-1
1.927988526E1,9.880870819E0,-5.626373887E-1,-2.729389966E-1
1.928192076E1,9.885659218E0,-5.698199868E-1,-2.681505978E-1
1.928398988E1,9.880870819E0,-5.674257874E-1,-2.753331959E-1
1.928602469E1,9.866505623E0,-5.698199868E-1,-2.681505978E-1
1.928809326E1,9.854534149E0,-5.841852427E-1,-2.561795712E-1
1.929012799E1,9.832986832E0,-5.722141862E-1,-2.609679997E-1
1.929215580E1,9.828198433E0,-5.674257874E-1,-2.585737705E-1
1.929428180E1,9.823410034E0,-5.530605912E-1,-2.537853718E-1
1.929619969E1,9.813833237E0,-5.626373887E-1,-2.489969730E-1
1.929819961E1,9.797073364E0,-5.506663918E-1,-2.513911724E-1
1.930026876E1,9.787496567E0,-5.410895944E-1,-2.489969730E-1
1.930230376E1,9.758766174E0,-5.339069963E-1,-2.537853718E-1
1.930437307E1,9.751583099E0,-5.267243981E-1,-2.489969730E-1
1.930640815E1,9.746794701E0,-5.123591423E-1,-2.442085743E-1
1.930847696E1,9.742006302E0,-5.243301988E-1,-2.370259613E-1
1.931051172E1,9.751583099E0,-5.267243981E-1,-2.394201756E-1
1.931254315E1,9.730035782E0,-5.195417404E-1,-2.537853718E-1
1.931466349E1,9.710882187E0,-5.075707436E-1,-2.513911724E-1
1.931661615E1,9.713275909E0,-5.075707436E-1,-2.394201756E-1
1.931861584E1,9.706093788E0,-5.003881454E-1,-2.394201756E-1
1.932068484E1,9.706093788E0,-4.932055473E-1,-2.418143749E-1
1.932271938E1,9.703699112E0,-4.812345505E-1,-2.394201756E-1
1.932478799E1,9.691728592E0,-4.955997467E-1,-2.298433632E-1
1.932682272E1,9.691728592E0,-4.932055473E-1,-2.418143749E-1
1.932889169E1,9.691728592E0,-4.884171486E-1,-2.418143749E-1
1.933092557E1,9.706093788E0,-4.692635238E-1,-2.466027737E-1
1.933295480E1,9.713275909E0,-4.620809257E-1,-2.418143749E-1
1.933495665E1,9.718064308E0,-4.572925270E-1,-2.442085743E-1
1.933695715E1,9.720458984E0,-4.548983276E-1,-2.418143749E-1
1.933895672E1,9.713275909E0,-4.572925270E-1,-2.346317619E-1
1.934102561E1,9.727641106E0,-4.596867263E-1,-2.370259613E-1
1.934306030E1,9.744400978E0,-4.477157295E-1,-2.394201756E-1
1.934512961E1,9.756371498E0,-4.429273009E-1,-2.130839527E-1
1.934716461E1,9.749189377E0,-4.596867263E-1,-2.130839527E-1
1.934923419E1,9.744400978E0,-4.740519226E-1,-2.154781520E-1
1.935126892E1,9.765948296E0,-4.668693244E-1,-2.154781520E-1
1.935329969E1,9.768342972E0,-4.429273009E-1,-2.178723514E-1
1.935533138E1,9.782708168E0,-4.429273009E-1,-2.154781520E-1
1.935733188E1,9.780313492E0,-4.668693244E-1,-2.322375625E-1
1.935933211E1,9.787496567E0,-4.716577232E-1,-2.442085743E-1
1.936140115E1,9.799467087E0,-4.692635238E-1,-2.489969730E-1
1.936343611E1,9.811438560E0,-4.716577232E-1,-2.513911724E-1
1.936546134E1,9.825803757E0,-4.692635238E-1,-2.442085743E-1
1.936746130E1,9.840168953E0,-4.692635238E-1,-2.442085743E-1
1.936953030E1,9.849745750E0,-4.788403511E-1,-2.346317619E-1
1.937156515E1,9.849745750E0,-4.884171486E-1,-2.346317619E-1
1.937359346E1,9.854534149E0,-4.836287498E-1,-2.274491638E-1
1.937578680E1,9.878476143E0,-4.860229492E-1,-2.178723514E-1
1.937760015E1,9.890447617E0,-5.147533417E-1,-2.130839527E-1
1.937959976E1,9.883264542E0,-5.099649429E-1,-2.154781520E-1
1.938166826E1,9.876082420E0,-5.195417404E-1,-2.226607651E-1
1.938370242E1,9.880870819E0,-5.291185975E-1,-2.298433632E-1
1.938577149E1,9.885659218E0,-5.458779931E-1,-2.322375625E-1
1.938780619E1,9.871294022E0,-5.530605912E-1,-2.322375625E-1
1.938987553E1,9.902418137E0,-5.410895944E-1,-2.274491638E-1
1.939191011E1,9.897629738E0,-5.506663918E-1,-2.346317619E-1
1.939394099E1,9.883264542E0,-5.698199868E-1,-2.322375625E-1
1.939606122E1,9.885659218E0,-5.793967843E-1,-2.418143749E-1
1.939801399E1,9.880870819E0,-5.770025849E-1,-2.466027737E-1
1.940001361E1,9.880870819E0,-5.841852427E-1,-2.370259613E-1
1.940208230E1,9.880870819E0,-5.937620401E-1,-2.370259613E-1
1.940411634E1,9.876082420E0,-5.913678408E-1,-2.394201756E-1
1.940618469E1,9.868899345E0,-5.985504389E-1,-2.561795712E-1
1.940821965E1,9.890447617E0,-6.033388376E-1,-2.561795712E-1
1.941028834E1,9.895236015E0,-5.841852427E-1,-2.657563984E-1
1.941232284E1,9.904812813E0,-5.937620401E-1,-2.657563984E-1
1.941435092E1,9.902418137E0,-5.937620401E-1,-2.705447972E-1
1.941635376E1,9.904812813E0,-5.913678408E-1,-2.801215947E-1
1.941835419E1,9.895236015E0,-5.913678408E-1,-2.825157940E-1
1.942035411E1,9.890447617E0,-5.817909837E-1,-2.825157940E-1
1.942242311E1,9.895236015E0,-5.889736414E-1,-2.944868207E-1
1.942445796E1,9.900024414E0,-5.817909837E-1,-2.968810201E-1
1.942652676E1,9.919178009E0,-5.865794420E-1,-3.040636182E-1
1.942856157E1,9.909601212E0,-5.817909837E-1,-3.160346150E-1
1.943063034E1,9.907206535E0,-5.746083856E-1,-3.232172430E-1
1.943266534E1,9.904812813E0,-5.746083856E-1,-3.303998411E-1
1.943469688E1,9.911994934E0,-5.650315881E-1,-3.447650373E-1
1.943672934E1,9.907206535E0,-5.626373887E-1,-3.543418646E-1
1.943872930E1,9.897629738E0,-5.530605912E-1,-3.639186621E-1
1.944072915E1,9.907206535E0,-5.530605912E-1,-3.854664862E-1
1.944279822E1,9.919178009E0,-5.410895944E-1,-3.902548850E-1
1.944483288E1,9.931148529E0,-5.386953950E-1,-4.046200812E-1
1.944690165E1,9.919178009E0,-5.506663918E-1,-3.998316824E-1
1.944893649E1,9.919178009E0,-5.530605912E-1,-4.022258818E-1
1.945100522E1,9.921571732E0,-5.602431893E-1,-4.309563041E-1
1.945304019E1,9.921571732E0,-5.434837937E-1,-4.381389022E-1
1.945506896E1,9.916783333E0,-5.339069963E-1,-4.381389022E-1
1.945719484E1,9.902418137E0,-5.315127969E-1,-4.525041282E-1
1.945911280E1,9.902418137E0,-5.219359994E-1,-4.692635238E-1
1.946111276E1,9.916783333E0,-5.171475410E-1,-4.764461517E-1
1.946318218E1,9.916783333E0,-4.979939461E-1,-4.860229492E-1
1.946521749E1,9.880870819E0,-5.003881454E-1,-5.051765442E-1
1.946728680E1,9.888052940E0,-4.908113480E-1,-5.195417404E-1
1.946932230E1,9.880870819E0,-4.932055473E-1,-5.315127969E-1
1.947139180E1,9.883264542E0,-4.908113480E-1,-5.578489900E-1
1.947342661E1,9.876082420E0,-4.836287498E-1,-5.793967843E-1
1.947545896E1,9.880870819E0,-4.836287498E-1,-5.913678408E-1
1.947757984E1,9.888052940E0,-4.836287498E-1,-6.200982332E-1
1.947953349E1,9.883264542E0,-4.884171486E-1,-6.344634295E-1
1.948153322E1,9.895236015E0,-4.955997467E-1,-6.344634295E-1
1.948360234E1,9.914389610E0,-4.979939461E-1,-6.392518282E-1
1.948563726E1,9.914389610E0,-5.027823448E-1,-6.488286853E-1
1.948770607E1,9.921571732E0,-5.027823448E-1,-6.536170840E-1
1.948974142E1,9.926360130E0,-5.051765442E-1,-6.679822803E-1
1.949181046E1,9.945513725E0,-5.195417404E-1,-6.679822803E-1
1.949384572E1,9.957485199E0,-5.099649429E-1,-6.703764796E-1
1.949587538E1,9.957485199E0,-5.171475410E-1,-6.584054828E-1
1.949787776E1,9.967061996E0,-5.075707436E-1,-6.560112834E-1
1.949987846E1,9.955090523E0,-5.147533417E-1,-6.464344859E-1
1.950187807E1,9.959878922E0,-5.243301988E-1,-6.368576288E-1
1.950394730E1,9.969455719E0,-5.458779931E-1,-6.368576288E-1
1.950598192E1,9.983820915E0,-5.386953950E-1,-6.416460276E-1
1.950805088E1,9.995792389E0,-5.410895944E-1,-6.416460276E-1
1.951008557E1,1.000536919E1,-5.410895944E-1,-6.320692301E-1
1.951215465E1,9.981427193E0,-5.386953950E-1,-6.272808313E-1
1.951418957E1,9.983820915E0,-5.363011956E-1,-6.320692301E-1
1.951622149E1,9.976638794E0,-5.506663918E-1,-6.368576288E-1
1.951825395E1,9.943120003E0,-5.386953950E-1,-6.344634295E-1
1.952025415E1,9.943120003E0,-5.339069963E-1,-6.296750307E-1
1.952225395E1,9.933543205E0,-5.243301988E-1,-6.224924326E-1
1.952432280E1,9.914389610E0,-5.027823448E-1,-6.105214357E-1
1.952635703E1,9.904812813E0,-5.027823448E-1,-6.009446383E-1
1.952842595E1,9.859322548E0,-5.027823448E-1,-5.937620401E-1
1.953046030E1,9.847352028E0,-4.860229492E-1,-5.770025849E-1
1.953252968E1,9.816226959E0,-4.788403511E-1,-5.650315881E-1
1.953456438E1,9.799467087E0,-4.620809257E-1,-5.482721925E-1
1.953659272E1,9.797073364E0,-4.572925270E-1,-5.243301988E-1
1.953871945E1,9.789890289E0,-4.572925270E-1,-5.147533417E-1
1.954063722E1,9.753977776E0,-4.357447028E-1,-4.979939461E-1
1.954263711E1,9.734824181E0,-4.285621047E-1,-4.860229492E-1
1.954470634E1,9.725247383E0,-4.357447028E-1,-4.620809257E-1
1.954674138E1,9.691728592E0,-4.333505034E-1,-4.261679053E-1
1.954881053E1,9.672574997E0,-4.309563041E-1,-4.022258818E-1
1.955084557E1,9.660603523E0,-4.261679053E-1,-3.902548850E-1
1.955291419E1,9.634267807E0,-4.572925270E-1,-3.591302633E-1
1.955494934E1,9.615114212E0,-4.548983276E-1,-3.351882398E-1
1.955698080E1,9.610325813E0,-4.572925270E-1,-3.232172430E-1
1.955910215E1,9.607931137E0,-4.668693244E-1,-2.968810201E-1
1.956105465E1,9.581595421E0,-4.836287498E-1,-2.920926213E-1
1.956305430E1,9.586383820E0,-4.788403511E-1,-2.825157940E-1
1.956512334E1,9.579200745E0,-5.003881454E-1,-2.681505978E-1
1.956715830E1,9.557653427E0,-5.051765442E-1,-2.585737705E-1
1.956922707E1,9.552865028E0,-5.219359994E-1,-2.466027737E-1
1.957126211E1,9.557653427E0,-5.195417404E-1,-2.442085743E-1
1.957333099E1,9.548076630E0,-5.315127969E-1,-2.466027737E-1
1.957536545E1,9.555258751E0,-5.243301988E-1,-2.585737705E-1
1.957739307E1,9.560047150E0,-5.171475410E-1,-2.561795712E-1
1.957939684E1,9.552865028E0,-5.123591423E-1,-2.466027737E-1
1.958139607E1,9.576807022E0,-5.219359994E-1,-2.513911724E-1
1.958339576E1,9.569623947E0,-5.315127969E-1,-2.561795712E-1
1.958546442E1,9.562441826E0,-5.339069963E-1,-2.561795712E-1
1.958749922E1,9.567230225E0,-5.243301988E-1,-2.681505978E-1
1.958956811E1,9.564835548E0,-5.171475410E-1,-2.681505978E-1
1.959160288E1,9.586383820E0,-5.195417404E-1,-2.705447972E-1
1.959367126E1,9.598354340E0,-5.291185975E-1,-2.944868207E-1
1.959570518E1,9.603142738E0,-5.291185975E-1,-2.992752194E-1
1.959773615E1,9.595960617E0,-5.123591423E-1,-3.112462163E-1
1.959973511E1,9.600749016E0,-5.051765442E-1,-3.160346150E-1
1.960173507E1,9.593565941E0,-4.908113480E-1,-3.160346150E-1
1.960373384E1,9.612719536E0,-4.884171486E-1,-3.280056417E-1
1.960580238E1,9.631873131E0,-4.788403511E-1,-3.471592367E-1
1.960783615E1,9.655815125E0,-4.692635238E-1,-3.519476354E-1
1.960986049E1,9.653421402E0,-4.668693244E-1,-3.495534360E-1
1.961186015E1,9.660603523E0,-4.501099288E-1,-3.711012602E-1
1.961392876E1,9.677363396E0,-4.405331016E-1,-3.639186621E-1
1.961596376E1,9.691728592E0,-4.453215301E-1,-3.591302633E-1
1.961799318E1,9.698910713E0,-4.213795066E-1,-3.782838583E-1
1.962018611E1,9.734824181E0,-4.118026793E-1,-3.854664862E-1
1.962199911E1,9.739612579E0,-3.926490843E-1,-3.878606856E-1
1.962399826E1,9.727641106E0,-3.782838583E-1,-3.782838583E-1
1.962606649E1,9.734824181E0,-3.782838583E-1,-3.806780577E-1
1.962810088E1,9.763554573E0,-3.663128614E-1,-3.806780577E-1
1.963016976E1,9.780313492E0,-3.591302633E-1,-3.663128614E-1
1.963220445E1,9.792284966E0,-3.471592367E-1,-3.711012602E-1
1.963427322E1,9.804255486E0,-3.375824392E-1,-3.543418646E-1
1.963630792E1,9.806650162E0,-3.303998411E-1,-3.447650373E-1
1.963833969E1,9.835380554E0,-3.351882398E-1,-3.327940404E-1
1.964046030E1,9.835380554E0,-3.423708379E-1,-3.303998411E-1
1.964241322E1,9.835380554E0,-3.327940404E-1,-3.280056417E-1
1.964441295E1,9.840168953E0,-3.303998411E-1,-3.184288144E-1
1.964648207E1,9.840168953E0,-3.351882398E-1,-3.112462163E-1
1.964851719E1,9.823410034E0,-3.351882398E-1,-2.896983922E-1
1.965058645E1,9.816226959E0,-3.447650373E-1,-2.657563984E-1
1.965262145E1,9.823410034E0,-3.423708379E-1,-2.633621991E-1
1.965469042E1,9.813833237E0,-3.280056417E-1,-2.442085743E-1
1.965672484E1,9.792284966E0,-3.423708379E-1,-2.346317619E-1
1.965875384E1,9.780313492E0,-3.471592367E-1,-2.250549644E-1
1.966075753E1,9.758766174E0,-3.399766386E-1,-2.106897533E-1
1.966275745E1,9.765948296E0,-3.471592367E-1,-2.082955539E-1
1.966475807E1,9.770736694E0,-3.471592367E-1,-2.035071403E-1
1.966682653E1,9.768342972E0,-3.591302633E-1,-1.891419291E-1
1.966886168E1,9.765948296E0,-3.782838583E-1,-1.699883193E-1
1.967093049E1,9.775525093E0,-3.711012602E-1,-1.651999205E-1
1.967296561E1,9.775525093E0,-3.878606856E-1,-1.484405100E-1
1.967503480E1,9.763554573E0,-4.309563041E-1,-1.436520964E-1
1.967707061E1,9.761159897E0,-4.429273009E-1,-1.316810995E-1
1.967906961E1,9.753977776E0,-4.596867263E-1,-1.436520964E-1
1.968110138E1,9.765948296E0,-4.668693244E-1,-1.364694983E-1
1.968310195E1,9.770736694E0,-4.692635238E-1,-1.436520964E-1
1.968510188E1,9.777919769E0,-5.075707436E-1,-1.460463107E-1
1.968717065E1,9.773131371E0,-5.315127969E-1,-1.628057212E-1
1.968920530E1,9.773131371E0,-5.386953950E-1,-1.628057212E-1
1.969127511E1,9.775525093E0,-5.554547906E-1,-1.651999205E-1
1.969330999E1,9.801861763E0,-5.865794420E-1,-1.795651317E-1
1.969537930E1,9.821015358E0,-6.009446383E-1,-1.987187415E-1
1.969741434E1,9.832986832E0,-6.081272364E-1,-2.082955539E-1
1.969944376E1,9.840168953E0,-6.177040339E-1,-2.250549644E-1
1.970156984E1,9.825803757E0,-6.679822803E-1,-2.418143749E-1
1.970348876E1,9.821015358E0,-6.751648784E-1,-2.442085743E-1
1.970548861E1,9.835380554E0,-6.536170840E-1,-2.681505978E-1
1.970755765E1,9.837775230E0,-6.631938815E-1,-2.681505978E-1
1.970959134E1,9.842563629E0,-6.727706790E-1,-2.753331959E-1
1.971165995E1,9.832986832E0,-6.943184733E-1,-2.873041928E-1
1.971369388E1,9.837775230E0,-7.038952708E-1,-2.873041928E-1
1.971576195E1,9.852140427E0,-7.015010715E-1,-2.944868207E-1
1.971779634E1,9.842563629E0,-7.038952708E-1,-3.016694188E-1
1.971982703E1,9.854534149E0,-7.086837292E-1,-3.112462163E-1
1.972194657E1,9.849745750E0,-7.134721279E-1,-3.040636182E-1
1.972389892E1,9.847352028E0,-7.230489254E-1,-3.112462163E-1
1.972589818E1,9.847352028E0,-7.086837292E-1,-3.160346150E-1
1.972796584E1,9.844957352E0,-7.038952708E-1,-3.208230138E-1
1.973000049E1,9.861717224E0,-7.182605267E-1,-3.208230138E-1
1.973206918E1,9.849745750E0,-7.182605267E-1,-3.088520169E-1
1.973410392E1,9.842563629E0,-7.182605267E-1,-3.064578176E-1
1.973617280E1,9.828198433E0,-7.110779285E-1,-2.992752194E-1
1.973820761E1,9.818621635E0,-6.919242740E-1,-3.064578176E-1
1.974023638E1,9.809044838E0,-6.871358752E-1,-3.232172430E-1
1.974223942E1,9.809044838E0,-6.584054828E-1,-3.256114423E-1
1.974423953E1,9.777919769E0,-6.416460276E-1,-3.280056417E-1
1.974623942E1,9.768342972E0,-6.320692301E-1,-3.327940404E-1
1.974830838E1,9.749189377E0,-6.105214357E-1,-3.303998411E-1
1.975034315E1,9.725247383E0,-5.961562395E-1,-3.495534360E-1
1.975241315E1,9.701305389E0,-5.650315881E-1,-3.591302633E-1
1.975444718E1,9.684545517E0,-5.482721925E-1,-3.663128614E-1
1.975651618E1,9.648633003E0,-5.099649429E-1,-3.591302633E-1
1.975855080E1,9.619902611E0,-4.548983276E-1,-3.615244627E-1
1.976055045E1,9.600749016E0,-4.285621047E-1,-3.663128614E-1
1.976258276E1,9.531316757E0,-3.950432837E-1,-3.543418646E-1
1.976458207E1,9.504981041E0,-3.591302633E-1,-3.543418646E-1
1.976658130E1,9.495404243E0,-3.495534360E-1,-3.615244627E-1
1.976865034E1,9.476250648E0,-3.112462163E-1,-3.495534360E-1
1.977068468E1,9.445125580E0,-2.920926213E-1,-3.327940404E-1
1.977275334E1,9.433155060E0,-2.849099934E-1,-3.256114423E-1
1.977478745E1,9.425971985E0,-2.729389966E-1,-3.016694188E-1
1.977685588E1,9.425971985E0,-2.537853718E-1,-2.753331959E-1
1.977889003E1,9.414001465E0,-2.442085743E-1,-2.705447972E-1
1.978091738E1,9.390059471E0,-2.178723514E-1,-2.585737705E-1
1.978304299E1,9.392453194E0,-2.370259613E-1,-2.442085743E-1
1.978496068E1,9.385271072E0,-2.370259613E-1,-2.346317619E-1
1.978695945E1,9.394847870E0,-2.226607651E-1,-2.226607651E-1
1.978902795E1,9.411606789E0,-2.226607651E-1,-2.202665508E-1
1.979106188E1,9.430760384E0,-2.154781520E-1,-2.202665508E-1
1.979313015E1,9.457097054E0,-2.011129409E-1,-2.130839527E-1
1.979516380E1,9.481039047E0,-1.963245422E-1,-2.178723514E-1
1.979723211E1,9.476250648E0,-2.011129409E-1,-2.226607651E-1
1.979926638E1,9.500192642E0,-2.154781520E-1,-2.346317619E-1
1.980126599E1,9.521739960E0,-2.178723514E-1,-2.513911724E-1
1.980338703E1,9.528923035E0,-2.226607651E-1,-2.849099934E-1
1.980533911E1,9.533711433E0,-2.130839527E-1,-2.896983922E-1
1.980733842E1,9.548076630E0,-2.082955539E-1,-3.016694188E-1
1.980940730E1,9.552865028E0,-2.154781520E-1,-3.256114423E-1
1.981144153E1,9.562441826E0,-2.202665508E-1,-3.327940404E-1
1.981350995E1,9.569623947E0,-2.250549644E-1,-3.615244627E-1
1.981554407E1,9.567230225E0,-2.418143749E-1,-3.830722570E-1
1.981761307E1,9.572018623E0,-2.346317619E-1,-3.878606856E-1
1.981964715E1,9.572018623E0,-2.274491638E-1,-4.165911078E-1
1.982167661E1,9.562441826E0,-2.298433632E-1,-4.572925270E-1
1.982367938E1,9.560047150E0,-2.250549644E-1,-4.668693244E-1
1.982567976E1,9.555258751E0,-2.489969730E-1,-4.812345505E-1
1.982767872E1,9.581595421E0,-2.705447972E-1,-5.075707436E-1
1.982974722E1,9.586383820E0,-2.681505978E-1,-5.147533417E-1
1.983178180E1,9.583989143E0,-2.609679997E-1,-5.363011956E-1
1.983385003E1,9.564835548E0,-2.633621991E-1,-5.530605912E-1
1.983588418E1,9.562441826E0,-2.633621991E-1,-5.602431893E-1
1.983795295E1,9.569623947E0,-2.801215947E-1,-5.626373887E-1
1.983998749E1,9.579200745E0,-2.944868207E-1,-5.674257874E-1
1.984198672E1,9.581595421E0,-2.896983922E-1,-5.698199868E-1
1.984401899E1,9.572018623E0,-2.873041928E-1,-5.793967843E-1
1.984601930E1,9.562441826E0,-3.088520169E-1,-5.650315881E-1
1.984801872E1,9.560047150E0,-3.088520169E-1,-5.746083856E-1
1.985008711E1,9.555258751E0,-2.992752194E-1,-5.841852427E-1
1.985212153E1,9.550470352E0,-3.208230138E-1,-5.841852427E-1
1.985414611E1,9.545681953E0,-3.256114423E-1,-6.009446383E-1
1.985614568E1,9.543288231E0,-3.399766386E-1,-6.033388376E-1
1.985821472E1,9.538499832E0,-3.687070608E-1,-5.841852427E-1
1.986024903E1,9.538499832E0,-3.711012602E-1,-5.889736414E-1
1.986227668E1,9.540893555E0,-3.519476354E-1,-5.961562395E-1
1.986446884E1,9.531316757E0,-3.711012602E-1,-5.937620401E-1
1.986628180E1,9.531316757E0,-3.687070608E-1,-5.961562395E-1
1.986828107E1,9.526528358E0,-3.782838583E-1,-6.009446383E-1
1.987034938E1,9.550470352E0,-4.070142806E-1,-6.248866320E-1
1.987238361E1,9.560047150E0,-4.141969085E-1,-6.272808313E-1
1.987445218E1,9.567230225E0,-3.998316824E-1,-6.368576288E-1
1.987648642E1,9.555258751E0,-4.046200812E-1,-6.344634295E-1
1.987855461E1,9.548076630E0,-4.094084799E-1,-6.440402865E-1
1.988058903E1,9.548076630E0,-4.405331016E-1,-6.584054828E-1
1.988258857E1,9.555258751E0,-4.453215301E-1,-6.967126727E-1
1.988470845E1,9.564835548E0,-4.668693244E-1,-7.110779285E-1
1.988666114E1,9.574412346E0,-4.788403511E-1,-7.182605267E-1
1.988866072E1,9.564835548E0,-4.884171486E-1,-7.517793179E-1
1.989072953E1,9.574412346E0,-4.932055473E-1,-7.589619160E-1
1.989276384E1,9.567230225E0,-5.075707436E-1,-7.805097699E-1
1.989483211E1,9.560047150E0,-5.315127969E-1,-8.044517636E-1
1.989686614E1,9.552865028E0,-5.458779931E-1,-8.403648138E-1
1.989893515E1,9.555258751E0,-5.554547906E-1,-8.571242094E-1
1.990096953E1,9.552865028E0,-5.889736414E-1,-8.930372596E-1
1.990299734E1,9.538499832E0,-5.913678408E-1,-9.385270476E-1
1.990500030E1,9.538499832E0,-5.937620401E-1,-9.624691010E-1
1.990700049E1,9.521739960E0,-6.105214357E-1,-1.005564690E0
1.990899999E1,9.507374763E0,-6.248866320E-1,-1.077390790E0
1.991106826E1,9.502586365E0,-6.320692301E-1,-1.094150186E0
1.991310268E1,9.473855972E0,-6.224924326E-1,-1.142034173E0
1.991517130E1,9.423578262E0,-6.440402865E-1,-1.213860273E0
1.991720553E1,9.418789864E0,-6.464344859E-1,-1.237802267E0
1.991927391E1,9.423578262E0,-6.416460276E-1,-1.290474772E0
1.992130830E1,9.406818390E0,-6.272808313E-1,-1.347935557E0
1.992330784E1,9.390059471E0,-6.272808313E-1,-1.369483352E0
1.992533999E1,9.385271072E0,-6.344634295E-1,-1.426944256E0
1.992733984E1,9.399636269E0,-6.272808313E-1,-1.489193439E0
1.992933953E1,9.397241592E0,-6.224924326E-1,-1.513135433E0
1.993140818E1,9.406818390E0,-6.224924326E-1,-1.572990537E0
1.993344276E1,9.430760384E0,-6.057330370E-1,-1.651999116E0
1.993551165E1,9.428366661E0,-5.937620401E-1,-1.685518026E0
1.993754649E1,9.423578262E0,-5.793967843E-1,-1.754949808E0
1.993961572E1,9.421183586E0,-5.363011956E-1,-1.824381709E0
1.994165045E1,9.435548782E0,-5.195417404E-1,-1.893813491E0
1.994367888E1,9.425971985E0,-5.123591423E-1,-1.934514999E0
1.994580441E1,9.433155060E0,-5.027823448E-1,-1.991975784E0
1.994772245E1,9.435548782E0,-4.908113480E-1,-2.063801765E0
1.994972249E1,9.425971985E0,-4.812345505E-1,-2.102109194E0
1.995179130E1,9.440337181E0,-4.572925270E-1,-2.164358377E0
1.995382645E1,9.464279175E0,-4.501099288E-1,-2.221819162E0
1.995589588E1,9.478644371E0,-4.501099288E-1,-2.250549555E0
1.995793114E1,9.490615845E0,-4.381389022E-1,-2.315192938E0
1.996000064E1,9.528923035E0,-4.165911078E-1,-2.360682964E0
1.996203599E1,9.569623947E0,-4.141969085E-1,-2.391807556E0
1.996406203E1,9.624691010E0,-4.070142806E-1,-2.449268341E0
1.996618311E1,9.651026726E0,-3.902548850E-1,-2.487575531E0
1.996813638E1,9.679757118E0,-3.974374831E-1,-2.501940727E0
1.997013684E1,9.730035782E0,-3.830722570E-1,-2.525882721E0
1.997220561E1,9.773131371E0,-3.687070608E-1,-2.542642117E0
1.997424014E1,9.782708168E0,-3.782838583E-1,-2.557007313E0
1.997630888E1,9.801861763E0,-3.998316824E-1,-2.588132143E0
1.997834388E1,9.828198433E0,-3.998316824E-1,-2.612074137E0
1.998041299E1,9.847352028E0,-4.189853072E-1,-2.609679937E0
1.998244776E1,9.883264542E0,-4.453215301E-1,-2.602497339E0
1.998447722E1,9.914389610E0,-4.764461517E-1,-2.592920542E0
1.998647980E1,9.916783333E0,-4.884171486E-1,-2.590526342E0
1.998847984E1,9.931148529E0,-5.195417404E-1,-2.588132143E0
1.999047980E1,9.943120003E0,-5.722141862E-1,-2.573766708E0
1.999254865E1,9.955090523E0,-5.961562395E-1,-2.573766708E0
1.999458322E1,9.964667320E0,-6.368576288E-1,-2.568978310E0
1.999665211E1,9.991003990E0,-6.799532771E-1,-2.542642117E0
1.999868688E1,1.001015759E1,-6.943184733E-1,-2.533065319E0
2.000075580E1,1.001494598E1,-7.278373241E-1,-2.521094322E0
2.000279003E1,1.003409958E1,-7.829039693E-1,-2.518700123E0
2.000482184E1,1.002452278E1,-8.236053586E-1,-2.521094322E0
2.000685380E1,1.002691650E1,-8.499416113E-1,-2.525882721E0
2.000885261E1,1.003888798E1,-8.906430602E-1,-2.537853718E0
2.001085138E1,1.004367638E1,-9.241618514E-1,-2.535459518E0
2.001291918E1,1.005564690E1,-9.385270476E-1,-2.540247917E0
2.001495299E1,1.006282997E1,-9.648633003E-1,-2.540247917E0
2.001702168E1,1.007958889E1,-9.888052940E-1,-2.530671120E0
2.001905668E1,1.009156036E1,-1.010353088E0,-2.530671120E0
2.002112545E1,1.010353088E1,-1.039083481E0,-2.554613113E0
2.002316007E1,1.013704967E1,-1.060631394E0,-2.559401512E0
2.002518814E1,1.014662647E1,-1.055842996E0,-2.559401512E0
2.002731322E1,1.014902115E1,-1.060631394E0,-2.554613113E0
2.002923057E1,1.015859795E1,-1.053448796E0,-2.554613113E0
2.003122922E1,1.016817474E1,-1.055842996E0,-2.559401512E0
2.003329715E1,1.020887566E1,-1.063025594E0,-2.554613113E0
2.003533107E1,1.022563553E1,-1.063025594E0,-2.528276920E0
2.003739888E1,1.023042393E1,-1.055842996E0,-2.525882721E0
2.003943322E1,1.024957752E1,-1.048660398E0,-2.506729126E0
2.004150153E1,1.026394272E1,-1.036689281E0,-2.492363930E0
2.004353549E1,1.027351952E1,-1.022324085E0,-2.489969730E0
2.004556695E1,1.027351952E1,-1.012747288E0,-2.492363930E0
2.004768730E1,1.027351952E1,-1.000776291E0,-2.487575531E0
2.004964014E1,1.026154804E1,-9.959878922E-1,-2.497152328E0
2.005163984E1,1.025915432E1,-9.816226959E-1,-2.494758129E0
2.005370891E1,1.024000072E1,-9.768342972E-1,-2.509123325E0
2.005574357E1,1.024718285E1,-9.792284966E-1,-2.511517525E0
2.005781303E1,1.024478912E1,-9.720458984E-1,-2.528276920E0
2.005984814E1,1.023521233E1,-9.672574997E-1,-2.564189911E0
2.006191676E1,1.024239445E1,-9.720458984E-1,-2.619256735E0
2.006395145E1,1.024000072E1,-9.624691010E-1,-2.640804529E0
2.006597957E1,1.024239445E1,-9.481038451E-1,-2.698265314E0
2.006798361E1,1.022084713E1,-9.337386489E-1,-2.789244890E0
2.006998461E1,1.022802925E1,-9.217676520E-1,-2.849100113E0
2.007198449E1,1.021845245E1,-8.978256583E-1,-2.959233284E0
2.007405322E1,1.019690514E1,-9.050082564E-1,-3.062183857E0
2.007608788E1,1.020169353E1,-8.954314590E-1,-3.117250681E0
2.007815688E1,1.019929886E1,-8.930372596E-1,-3.232172251E0
2.008019195E1,1.019211674E1,-8.906430602E-1,-3.351882458E0
2.008226111E1,1.018253994E1,-8.906430602E-1,-3.411737442E0
2.008429626E1,1.016338634E1,-9.002198577E-1,-3.521870613E0
2.008632965E1,1.014423275E1,-9.097966552E-1,-3.624821424E0
2.008832984E1,1.013226128E1,-9.361328483E-1,-3.682282209E0
2.009032934E1,1.008198357E1,-9.600749016E-1,-3.792415380E0
2.009232868E1,1.007240677E1,-9.983820915E-1,-3.916913986E0
2.009439715E1,1.007480049E1,-1.000776291E0,-3.979163170E0
2.009643149E1,1.003649330E1,-1.055842996E0,-4.103661537E0
2.009845553E1,1.002212811E1,-1.096544385E0,-4.244919777E0
2.010045453E1,9.993397713E0,-1.106121182E0,-4.309563160E0
2.010252268E1,9.981427193E0,-1.134851575E0,-4.434061527E0
2.010455749E1,9.947908401E0,-1.170764685E0,-4.546588898E0
2.010657868E1,9.938331604E0,-1.194706678E0,-4.596867085E0
2.010877118E1,9.907206535E0,-1.230619669E0,-4.699818134E0
2.011058484E1,9.868899345E0,-1.266532660E0,-4.807557106E0
2.011258430E1,9.856928825E0,-1.290474772E0,-4.845864296E0
2.011465299E1,9.830592155E0,-1.350329757E0,-4.924872875E0
2.011668791E1,9.832986832E0,-1.383848548E0,-5.027823448E0
2.011875695E1,9.816226959E0,-1.407790542E0,-5.078101635E0
2.012079153E1,9.821015358E0,-1.443703651E0,-5.181052685E0
2.012285991E1,9.828198433E0,-1.467645645E0,-5.295974255E0
2.012489457E1,9.880870819E0,-1.484405041E0,-5.418078423E0
2.012691714E1,9.907206535E0,-1.498770237E0,-5.480327606E0
2.012903749E1,9.945513725E0,-1.534683347E0,-5.585672379E0
2.013099095E1,1.000536919E1,-1.577778935E0,-5.683835030E0
2.013299091E1,1.002691650E1,-1.594538331E0,-5.741295815E0
2.013505984E1,1.004846478E1,-1.625662923E0,-5.872976780E0
2.013709461E1,1.007240677E1,-1.673547029E0,-5.968744755E0
2.013916349E1,1.008916569E1,-1.680729628E0,-6.011840343E0
2.014119803E1,1.014902115E1,-1.695094824E0,-6.112396717E0
2.014326672E1,1.018493366E1,-1.752555609E0,-6.193799973E0
2.014530134E1,1.021366405E1,-1.771709204E0,-6.241683960E0
2.014731649E1,1.028070164E1,-1.810016513E0,-6.349422932E0
2.014931911E1,1.035971069E1,-1.855506301E0,-6.452373505E0
2.015131980E1,1.040998936E1,-1.881842494E0,-6.497863293E0
2.015331899E1,1.051054573E1,-1.908178806E0,-6.617573261E0
2.015538761E1,1.060870743E1,-1.972822189E0,-6.718130112E0
2.015742188E1,1.065419769E1,-2.011129379E0,-6.763619900E0
2.015949099E1,1.075714779E1,-2.078166962E0,-6.888118267E0
2.016152541E1,1.089122391E1,-2.135627985E0,-6.988674641E0
2.016359407E1,1.093910789E1,-2.157175779E0,-7.036558628E0
2.016562880E1,1.103726959E1,-2.207453966E0,-7.103596210E0
2.016764772E1,1.115458584E1,-2.238578558E0,-7.184999466E0
2.016967922E1,1.118570995E1,-2.257732153E0,-7.223306656E0
2.017167938E1,1.122401714E1,-2.300827742E0,-7.290344238E0
2.017367907E1,1.128147888E1,-2.334346771E0,-7.352593422E0
2.017574799E1,1.131499767E1,-2.334346771E0,-7.371747017E0
2.017778249E1,1.134612179E1,-2.348711967E0,-7.419631004E0
2.017985099E1,1.134851646E1,-2.341529369E0,-7.457938194E0
2.018188518E1,1.135091019E1,-2.346317768E0,-7.510610580E0
2.018395330E1,1.134372807E1,-2.339135170E0,-7.539340973E0
2.018598784E1,1.129344940E1,-2.315192938E0,-7.608773232E0
2.018800030E1,1.126471901E1,-2.293645144E0,-7.663839817E0
2.019012584E1,1.125514221E1,-2.281674147E0,-7.682993412E0
2.019204341E1,1.120725822E1,-2.272097349E0,-7.709329605E0
2.019404257E1,1.120007515E1,-2.255337954E0,-7.716512203E0
2.019611111E1,1.119049835E1,-2.238578558E0,-7.716512203E0
2.019814553E1,1.114500904E1,-2.205059767E0,-7.694964409E0
2.020021445E1,1.106839466E1,-2.176329374E0,-7.663839817E0
2.020224788E1,1.102769279E1,-2.173935175E0,-7.647080421E0
2.020431595E1,1.096065521E1,-2.152387381E0,-7.599195957E0
2.020635003E1,1.089122391E1,-2.147598982E0,-7.582436562E0
2.020836814E1,1.084333992E1,-2.147598982E0,-7.568071365E0
2.021048822E1,1.075954247E1,-2.109291792E0,-7.524975777E0
2.021244111E1,1.068053341E1,-2.075772762E0,-7.481880188E0
2.021443991E1,1.063264942E1,-2.073378563E0,-7.453149796E0
2.021650841E1,1.056561184E1,-2.042253971E0,-7.400477409E0
2.021854257E1,1.045547867E1,-2.020706177E0,-7.345410824E0
2.022061018E1,1.040759468E1,-2.015917778E0,-7.316680431E0
2.022264441E1,1.032858658E1,-1.987187386E0,-7.252037048E0
2.022471211E1,1.025675964E1,-1.953668594E0,-7.175422668E0
2.022674549E1,1.019451046E1,-1.946485996E0,-7.125144482E0
2.022875799E1,1.014662647E1,-1.936909199E0,-7.048529625E0
2.023076141E1,1.008677197E1,-1.915361404E0,-6.988674641E0
2.023276122E1,1.005325317E1,-1.893813491E0,-6.959944248E0
2.023476103E1,1.000536919E1,-1.848323703E0,-6.904877663E0
2.023682964E1,9.962273598E0,-1.812410712E0,-6.842628479E0
2.023886418E1,9.931148529E0,-1.802833915E0,-6.792350292E0
2.024093264E1,9.885659218E0,-1.771709204E0,-6.713341713E0
2.024296695E1,9.842563629E0,-1.747767210E0,-6.639121532E0
2.024503572E1,9.811438560E0,-1.709460020E0,-6.560112476E0
2.024707007E1,9.792284966E0,-1.692700624E0,-6.521805286E0
2.024908814E1,9.785101891E0,-1.675941229E0,-6.478709698E0
2.025111988E1,9.763554573E0,-1.649604917E0,-6.421248913E0
2.025311907E1,9.761159897E0,-1.628057122E0,-6.390124321E0
2.025511880E1,9.746794701E0,-1.599326730E0,-6.337451935E0
2.025718753E1,9.732429504E0,-1.546654344E0,-6.296750546E0
2.025922226E1,9.734824181E0,-1.529894829E0,-6.289567947E0
2.026129095E1,9.725247383E0,-1.501164436E0,-6.270414352E0
2.026332499E1,9.718064308E0,-1.448492050E0,-6.275202751E0
2.026539345E1,9.715670586E0,-1.414973259E0,-6.282385349E0
2.026742741E1,9.718064308E0,-1.367089152E0,-6.282385349E0
2.026945257E1,9.710882187E0,-1.319205165E0,-6.277596951E0
2.027157830E1,9.715670586E0,-1.292868972E0,-6.289567947E0
2.027349668E1,9.725247383E0,-1.247379065E0,-6.301538944E0
2.027549626E1,9.732429504E0,-1.197100878E0,-6.294356346E0
2.027756503E1,9.742006302E0,-1.189918280E0,-6.299144745E0
2.027960010E1,9.780313492E0,-1.168370485E0,-6.289567947E0
2.028166791E1,9.804255486E0,-1.110909581E0,-6.275202751E0
2.028370295E1,9.811438560E0,-1.089361787E0,-6.270414352E0
2.028577122E1,9.823410034E0,-1.074996591E0,-6.253654957E0
2.028780534E1,9.868899345E0,-1.046266198E0,-6.239289761E0
2.028983626E1,9.923966408E0,-1.027112484E0,-6.236895561E0
2.029195672E1,9.943120003E0,-1.000776291E0,-6.220136166E0
2.029390941E1,9.979032516E0,-9.624691010E-1,-6.205770969E0
2.029590872E1,1.001494598E1,-9.504981041E-1,-6.191405773E0
2.029797772E1,1.003170490E1,-9.481038451E-1,-6.172252178E0
2.030001218E1,1.007480049E1,-9.385270476E-1,-6.131550789E0
2.030208053E1,1.011071396E1,-9.313444495E-1,-6.095637321E0
2.030411480E1,1.012986755E1,-9.337386489E-1,-6.078877926E0
2.030618334E1,1.015859795E1,-9.337386489E-1,-6.038176537E0
2.030821788E1,1.020169353E1,-9.385270476E-1,-5.995080948E0
2.031023153E1,1.021845245E1,-9.457096457E-1,-5.978321552E0
2.031223307E1,1.023760605E1,-9.600749016E-1,-5.949591160E0
2.031423368E1,1.028549004E1,-9.696516991E-1,-5.920860767E0
2.031623345E1,1.030703831E1,-9.816226959E-1,-5.911283970E0
2.031830226E1,1.032858658E1,-9.959878922E-1,-5.901707172E0
2.032033738E1,1.034534550E1,-1.041477680E0,-5.901707172E0
2.032240537E1,1.036689377E1,-1.048660398E0,-5.906495571E0
2.032443961E1,1.040520096E1,-1.077390790E0,-5.899312973E0
2.032650795E1,1.043153667E1,-1.098938584E0,-5.918466568E0
2.032854249E1,1.044829655E1,-1.122880578E0,-5.930437565E0
2.033055860E1,1.045308495E1,-1.156399369E0,-5.968744755E0
2.033259018E1,1.046026707E1,-1.206677675E0,-6.014234543E0
2.033459037E1,1.047223854E1,-1.225831270E0,-6.035782337E0
2.033658999E1,1.048660374E1,-1.273715258E0,-6.057330132E0
2.033865891E1,1.048899746E1,-1.321599364E0,-6.093243122E0
2.034069349E1,1.049857426E1,-1.347935557E0,-6.110002518E0
2.034271826E1,1.051054573E1,-1.414973259E0,-6.153098583E0
2.034471760E1,1.050336266E1,-1.460463047E0,-6.189011574E0
2.034678614E1,1.049139214E1,-1.477222443E0,-6.208165169E0
2.034882049E1,1.047223854E1,-1.541865945E0,-6.256049156E0
2.035083299E1,1.046266174E1,-1.582567334E0,-6.291962147E0
2.035302541E1,1.043393135E1,-1.628057122E0,-6.347028732E0
2.035483868E1,1.042195988E1,-1.661576033E0,-6.366182327E0
2.035683864E1,1.037647057E1,-1.726219416E0,-6.399701118E0
2.035890753E1,1.035252857E1,-1.752555609E0,-6.411672115E0
2.036094187E1,1.032858658E1,-1.798045516E0,-6.435614109E0
2.036301091E1,1.028549004E1,-1.833958507E0,-6.461950302E0
2.036504587E1,1.026154804E1,-1.855506301E0,-6.478709698E0
2.036711457E1,1.021845245E1,-1.908178806E0,-6.509834290E0
2.036914991E1,1.015380955E1,-1.920149803E0,-6.536170483E0
2.037116834E1,1.010592556E1,-1.932120800E0,-6.557718277E0
2.037328907E1,1.006761837E1,-1.972822189E0,-6.567295074E0
2.037524245E1,1.001494598E1,-1.994369984E0,-6.579266071E0
2.037724222E1,9.943120003E0,-2.008735180E0,-6.581660271E0
2.037931091E1,9.909601212E0,-2.013523579E0,-6.567295074E0
2.038134484E1,9.849745750E0,-2.023100376E0,-6.555324078E0
2.038341341E1,9.789890289E0,-2.039859772E0,-6.521805286E0
2.038544737E1,9.749189377E0,-2.039859772E0,-6.502651691E0
2.038751599E1,9.665391922E0,-2.025494576E0,-6.469132900E0
2.038954961E1,9.574412346E0,-2.015917778E0,-6.440402508E0
2.039157776E1,9.533711433E0,-2.008735180E0,-6.423643112E0
2.039358030E1,9.447520256E0,-1.987187386E0,-6.385335922E0
2.039557899E1,9.368511200E0,-1.948880196E0,-6.342240334E0
2.039757799E1,9.315838814E0,-1.929726601E0,-6.313509941E0
2.039964634E1,9.200917244E0,-1.862688899E0,-6.217741966E0
2.040168026E1,9.126696587E0,-1.802833915E0,-6.124367714E0
2.040374834E1,9.085995674E0,-1.783680320E0,-6.081272125E0
2.040578264E1,9.011775017E0,-1.735796213E0,-6.009446144E0
2.040785080E1,8.932766914E0,-1.666364431E0,-5.913678169E0
2.040988484E1,8.892065048E0,-1.640028119E0,-5.863399982E0
2.041191637E1,8.803479195E0,-1.596932530E0,-5.762843609E0
2.041394641E1,8.741230011E0,-1.544260144E0,-5.679046631E0
2.041594661E1,8.710105896E0,-1.525106430E0,-5.635950565E0
2.041794549E1,8.635885239E0,-1.465251446E0,-5.559336185E0
2.042001414E1,8.576030731E0,-1.400607944E0,-5.482721806E0
2.042204837E1,8.552088737E0,-1.369483352E0,-5.451597214E0
2.042411761E1,8.501810074E0,-1.304839969E0,-5.367800236E0
2.042615172E1,8.441955566E0,-1.252167463E0,-5.267243862E0
2.042822060E1,8.401253700E0,-1.206677675E0,-5.152322292E0
2.043025530E1,8.403648376E0,-1.182735682E0,-5.082890034E0
2.043228353E1,8.372523308E0,-1.156399369E0,-4.953603268E0
2.043440945E1,8.327033043E0,-1.120486379E0,-4.826710701E0
2.043632768E1,8.312667847E0,-1.094150186E0,-4.793191910E0
2.043832749E1,8.269572258E0,-1.048660398E0,-4.711789131E0
2.044039653E1,8.250418663E0,-9.935936928E-1,-4.637568474E0
2.044243153E1,8.243236542E0,-9.816226959E-1,-4.604049683E0
2.044450014E1,8.212111473E0,-9.648633003E-1,-4.553771496E0
2.044653430E1,8.183381081E0,-9.457096457E-1,-4.515464306E0
2.044860245E1,8.176198959E0,-9.313444495E-1,-4.498704910E0
2.045063680E1,8.169015884E0,-9.050082564E-1,-4.472368717E0
2.045266487E1,8.171410561E0,-8.930372596E-1,-4.429273129E0
2.045478361E1,8.164227486E0,-8.858546019E-1,-4.417302132E0
2.045673572E1,8.159439087E0,-8.738836050E-1,-4.395754337E0
2.045873518E1,8.152256966E0,-8.762778044E-1,-4.355052948E0
2.046080380E1,8.152256966E0,-8.738836050E-1,-4.323928356E0
2.046283822E1,8.147468567E0,-8.834604025E-1,-4.256890774E0
2.046490676E1,8.183381081E0,-8.786720037E-1,-4.151545525E0
2.046694114E1,8.188169479E0,-8.810662031E-1,-4.101267338E0
2.046900972E1,8.200140953E0,-8.762778044E-1,-4.005499363E0
2.047104422E1,8.188169479E0,-8.714894056E-1,-3.904942989E0
2.047307022E1,8.200140953E0,-8.738836050E-1,-3.828328609E0
2.047507191E1,8.204929352E0,-8.930372596E-1,-3.799597979E0
2.047707226E1,8.207323074E0,-8.978256583E-1,-3.742137194E0
2.047907160E1,8.209717751E0,-9.002198577E-1,-3.703830004E0
2.048113961E1,8.219294548E0,-8.930372596E-1,-3.622427225E0
2.048317357E1,8.248024940E0,-9.217676520E-1,-3.541024208E0
2.048524145E1,8.267178535E0,-9.361328483E-1,-3.469198227E0
2.048727522E1,8.276755333E0,-9.409212470E-1,-3.428496838E0
2.048934337E1,8.286332130E0,-9.313444495E-1,-3.368641853E0
2.049137764E1,8.327033043E0,-9.576807022E-1,-3.311181068E0
2.049340122E1,8.353369713E0,-9.696516991E-1,-3.272873640E0
2.049543268E1,8.382100105E0,-9.888052940E-1,-3.191470861E0
2.049743264E1,8.441955566E0,-1.010353088E0,-3.107673883E0
2.049943214E1,8.461109161E0,-1.027112484E0,-3.071760893E0
2.050150076E1,8.485051155E0,-1.051054597E0,-2.997540474E0
2.050353541E1,8.530540466E0,-1.058237195E0,-2.956839085E0
2.050560453E1,8.556877136E0,-1.063025594E0,-2.949656487E0
2.050763887E1,8.580819130E0,-1.086967587E0,-2.930502892E0
2.050970749E1,8.633491516E0,-1.106121182E0,-2.923320293E0
2.051174195E1,8.664615631E0,-1.108515382E0,-2.918531895E0
2.051376291E1,8.724471092E0,-1.115697980E0,-2.916137695E0
2.051588849E1,8.781931877E0,-1.122880578E0,-2.901772499E0
2.051780645E1,8.817844391E0,-1.125274777E0,-2.889801502E0
2.051980568E1,8.901641846E0,-1.139639974E0,-2.873042107E0
2.052187480E1,8.959102631E0,-1.134851575E0,-2.877830505E0
2.052390899E1,8.990227699E0,-1.139639974E0,-2.880224705E0
2.052597795E1,9.066842079E0,-1.149216771E0,-2.877830505E0
2.052801241E1,9.143456459E0,-1.163581967E0,-2.861071110E0
2.053008118E1,9.196128845E0,-1.170764685E0,-2.851494312E0
2.053211580E1,9.217676163E0,-1.170764685E0,-2.851494312E0
2.053414176E1,9.267954826E0,-1.185129881E0,-2.861071110E0
2.053626130E1,9.284713745E0,-1.223437071E0,-2.887407303E0
2.053821391E1,9.303867340E0,-1.237802267E0,-2.889801502E0
2.054021330E1,9.330204010E0,-1.244984865E0,-2.906560898E0
2.054228203E1,9.334992409E0,-1.244984865E0,-2.928108692E0
2.054431668E1,9.332598686E0,-1.256955862E0,-2.937685490E0
2.054638499E1,9.332598686E0,-1.247379065E0,-2.944868088E0
2.054841899E1,9.337387085E0,-1.240196466E0,-2.978386879E0
2.055048660E1,9.337387085E0,-1.247379065E0,-2.995146275E0
2.055252110E1,9.332598686E0,-1.247379065E0,-3.009511471E0
2.055454910E1,9.327810287E0,-1.247379065E0,-2.997540474E0
2.055655226E1,9.323021889E0,-1.242590666E0,-2.985569477E0
2.055855130E1,9.291896820E0,-1.221042871E0,-2.990357876E0
2.056055045E1,9.260771751E0,-1.211466074E0,-2.999934673E0
2.056261822E1,9.236829758E0,-1.213860273E0,-3.002328873E0
2.056465260E1,9.181763649E0,-1.201889277E0,-3.009511471E0
2.056672107E1,9.100360870E0,-1.221042871E0,-3.007117271E0
2.056875468E1,9.057265282E0,-1.223437071E0,-3.009511471E0
2.057082264E1,8.980650902E0,-1.213860273E0,-3.011905670E0
2.057285699E1,8.913613319E0,-1.201889277E0,-2.999934673E0
2.057485630E1,8.882488251E0,-1.206677675E0,-2.987963676E0
2.057688845E1,8.803479195E0,-1.221042871E0,-2.985569477E0
2.057888857E1,8.741230011E0,-1.204283476E0,-2.942473888E0
2.058088784E1,8.714894295E0,-1.192312479E0,-2.935291290E0
2.058295660E1,8.664615631E0,-1.187524080E0,-2.904166698E0
2.058499134E1,8.595184326E0,-1.177947283E0,-2.832340717E0
2.058701564E1,8.556877136E0,-1.173158884E0,-2.808398485E0
2.058901499E1,8.523358345E0,-1.165976286E0,-2.774879694E0
2.059108345E1,8.458714485E0,-1.165976286E0,-2.729389906E0
2.059311780E1,8.410830498E0,-1.175553083E0,-2.712630510E0
2.059514680E1,8.343792915E0,-1.177947283E0,-2.652775526E0
2.059733868E1,8.259995461E0,-1.185129881E0,-2.607285738E0
2.059915264E1,8.228871346E0,-1.182735682E0,-2.585737944E0
2.060115245E1,8.161833763E0,-1.177947283E0,-2.530671120E0
2.060322107E1,8.109161377E0,-1.177947283E0,-2.473210335E0
2.060525545E1,8.073247910E0,-1.180341482E0,-2.446874142E0
2.060732426E1,8.018181801E0,-1.173158884E0,-2.387019157E0
2.060935922E1,7.963114738E0,-1.185129881E0,-2.331952572E0
2.061142822E1,7.915230751E0,-1.163581967E0,-2.272097349E0
2.061346287E1,7.888894558E0,-1.154005170E0,-2.243366957E0
2.061549391E1,7.826645374E0,-1.142034173E0,-2.183511972E0
2.061761395E1,7.785943985E0,-1.115697980E0,-2.152387381E0
2.061956699E1,7.759607792E0,-1.113303781E0,-2.133233786E0
2.062156722E1,7.716512203E0,-1.086967587E0,-2.099714994E0
2.062363630E1,7.661445618E0,-1.063025594E0,-2.042253971E0
2.062567126E1,7.642292023E0,-1.058237195E0,-2.018311977E0
2.062773995E1,7.589619160E0,-1.046266198E0,-1.975216389E0
2.062977484E1,7.539340973E0,-1.027112484E0,-1.912967205E0
2.063184299E1,7.520187378E0,-1.012747288E0,-1.889025092E0
2.063387814E1,7.484274387E0,-1.010353088E0,-1.833958507E0
2.063589287E1,7.469909191E0,-1.019929886E0,-1.786074519E0
2.063789495E1,7.462726593E0,-1.022324085E0,-1.754949808E0
2.063989499E1,7.417236805E0,-1.034295082E0,-1.704671621E0
2.064189460E1,7.388506413E0,-1.034295082E0,-1.623268723E0
2.064396253E1,7.381323814E0,-1.022324085E0,-1.589749932E0
2.064599722E1,7.326257229E0,-1.015141487E0,-1.505952835E0
2.064806591E1,7.297526836E0,-1.015141487E0,-1.453280449E0
2.065010057E1,7.278373241E0,-1.012747288E0,-1.431732655E0
2.065216934E1,7.252037048E0,-1.015141487E0,-1.393425345E0
2.065420372E1,7.225700855E0,-1.005564690E0,-1.362300754E0
2.065622218E1,7.218518257E0,-9.935936928E-1,-1.347935557E0
2.065825391E1,7.206547260E0,-9.816226959E-1,-1.302445769E0
2.066025330E1,7.189787865E0,-9.720458984E-1,-1.280897856E0
2.066225234E1,7.192182064E0,-9.672574997E-1,-1.268926859E0
2.066432156E1,7.211335659E0,-9.696516991E-1,-1.264138460E0
2.066635580E1,7.223306656E0,-9.528923035E-1,-1.259350061E0
2.066842430E1,7.225700855E0,-9.385270476E-1,-1.273715258E0
2.067045891E1,7.235277653E0,-9.241618514E-1,-1.273715258E0
2.067252753E1,7.261613846E0,-9.074024558E-1,-1.290474772E0
2.067456168E1,7.292738438E0,-9.169792533E-1,-1.295263171E0
2.067657476E1,7.304709435E0,-9.145850539E-1,-1.309628367E0
2.067870084E1,7.319074631E0,-8.643068075E-1,-1.343147159E0
2.068061822E1,7.345410824E0,-8.379706144E-1,-1.364694953E0
2.068261780E1,7.354987621E0,-8.331822157E-1,-1.374271750E0
2.068468668E1,7.386112213E0,-8.020575643E-1,-1.400607944E0
2.068672106E1,7.400477409E0,-7.757213712E-1,-1.429338455E0
2.068878941E1,7.419631004E0,-7.781155705E-1,-1.448492050E0
2.069082418E1,7.481880188E0,-7.613561153E-1,-1.465251446E0
2.069289291E1,7.536946774E0,-7.445967197E-1,-1.474828243E0
2.069492764E1,7.556100368E0,-7.302315235E-1,-1.484405041E0
2.069694603E1,7.594407558E0,-7.134721279E-1,-1.510741234E0
2.069906657E1,7.632715225E0,-6.895300746E-1,-1.532289028E0
2.070101887E1,7.663839817E0,-6.895300746E-1,-1.544260144E0
2.070301853E1,7.716512203E0,-6.799532771E-1,-1.558625340E0
2.070508676E1,7.776367188E0,-6.775590777E-1,-1.553836942E0
2.070712156E1,7.817068577E0,-6.607996821E-1,-1.553836942E0
2.070919084E1,7.862558365E0,-6.368576288E-1,-1.553836942E0
2.071122557E1,7.886500359E0,-6.368576288E-1,-1.549048543E0
2.071329414E1,7.920019150E0,-6.296750307E-1,-1.537077546E0
2.071532845E1,7.941566944E0,-6.200982332E-1,-1.529894829E0
2.071735706E1,7.955932140E0,-6.105214357E-1,-1.513135433E0
2.071935999E1,7.967903137E0,-6.129156351E-1,-1.486799240E0
2.072135937E1,7.970297337E0,-5.985504389E-1,-1.474828243E0
2.072335849E1,7.984662533E0,-5.793967843E-1,-1.460463047E0
2.072542664E1,8.013393402E0,-5.722141862E-1,-1.448492050E0
2.072746110E1,8.020575523E0,-5.482721925E-1,-1.446097851E0
2.072952980E1,8.013393402E0,-5.243301988E-1,-1.438915253E0
2.073156410E1,8.030152321E0,-5.027823448E-1,-1.407790542E0
2.073363226E1,8.022970200E0,-5.027823448E-1,-1.403002143E0
2.073566660E1,8.018181801E0,-4.932055473E-1,-1.388636947E0
2.073766695E1,8.030152321E0,-4.788403511E-1,-1.374271750E0
2.073969930E1,8.010998726E0,-4.692635238E-1,-1.367089152E0
2.074169945E1,8.003816605E0,-4.716577232E-1,-1.355118155E0
2.074369945E1,8.008605003E0,-4.812345505E-1,-1.331176162E0
2.074576822E1,7.989450932E0,-4.764461517E-1,-1.321599364E0
2.074780260E1,7.953537941E0,-4.836287498E-1,-1.304839969E0
2.074987153E1,7.939172745E0,-5.003881454E-1,-1.302445769E0
2.075190599E1,7.939172745E0,-5.027823448E-1,-1.312022567E0
2.075397410E1,7.924807549E0,-5.027823448E-1,-1.321599364E0
2.075600830E1,7.908048153E0,-5.243301988E-1,-1.312022567E0
2.075803641E1,7.900865555E0,-5.386953950E-1,-1.295263171E0
2.076016199E1,7.879317760E0,-5.722141862E-1,-1.276109457E0
2.076207964E1,7.891288757E0,-5.985504389E-1,-1.247379065E0
2.076407933E1,7.891288757E0,-6.009446383E-1,-1.228225470E0
2.076614818E1,7.898471355E0,-6.200982332E-1,-1.218648672E0
2.076818299E1,7.917624950E0,-6.368576288E-1,-1.194706678E0
2.077025206E1,7.934384346E0,-6.488286853E-1,-1.180341482E0
2.077228683E1,7.922413349E0,-6.679822803E-1,-1.137245774E0
2.077435572E1,7.939172745E0,-6.847416759E-1,-1.110909581E0
2.077639080E1,7.965508938E0,-6.943184733E-1,-1.077390790E0
2.077839087E1,7.977479935E0,-7.374141216E-1,-1.074996591E0
2.078051145E1,7.979874134E0,-7.661445141E-1,-1.060631394E0
2.078246407E1,7.975085735E0,-7.852981687E-1,-1.027112484E0
2.078446426E1,7.984662533E0,-8.020575643E-1,-1.015141487E0
2.078653357E1,7.977479935E0,-8.116343617E-1,-9.888052940E-1
2.078856799E1,7.972691536E0,-8.307880163E-1,-9.792284966E-1
2.079063683E1,7.979874134E0,-8.307880163E-1,-9.672574997E-1
2.079267106E1,8.001421928E0,-8.403648138E-1,-9.241618514E-1
2.079473980E1,7.989450932E0,-8.475474119E-1,-9.097966552E-1
2.079677430E1,7.972691536E0,-8.427590132E-1,-8.978256583E-1
2.079880291E1,7.991845131E0,-8.547300100E-1,-8.667010069E-1
2.080080437E1,8.022970200E0,-8.427590132E-1,-8.619126081E-1
2.080280414E1,8.039729118E0,-8.403648138E-1,-8.499416113E-1
2.080480360E1,8.073247910E0,-8.379706144E-1,-8.259995580E-1
2.080687164E1,8.106766701E0,-8.355764151E-1,-8.092401624E-1
2.080890568E1,8.147468567E0,-8.355764151E-1,-8.044517636E-1
2.081097380E1,8.214506149E0,-8.259995580E-1,-8.020575643E-1
2.081300776E1,8.281543732E0,-8.164227605E-1,-7.900865674E-1
2.081507618E1,8.317456245E0,-8.188169599E-1,-7.876923680E-1
2.081711076E1,8.389283180E0,-8.164227605E-1,-8.116343617E-1
2.081910999E1,8.480262756E0,-8.212111592E-1,-8.236053586E-1
2.082114156E1,8.513781548E0,-8.188169599E-1,-8.307880163E-1
2.082314176E1,8.571242332E0,-8.212111592E-1,-8.499416113E-1
2.082514122E1,8.631096840E0,-8.164227605E-1,-8.475474119E-1
2.082720960E1,8.664615631E0,-8.044517636E-1,-8.427590132E-1
2.082924422E1,8.753201485E0,-7.852981687E-1,-8.283938169E-1
2.083126864E1,8.841787338E0,-7.781155705E-1,-8.092401624E-1
2.083326837E1,8.856152534E0,-7.613561153E-1,-8.116343617E-1
2.083533683E1,8.904036522E0,-7.326257229E-1,-8.164227605E-1
2.083737133E1,8.944737434E0,-7.254431248E-1,-8.283938169E-1
2.083939991E1,8.968679428E0,-7.230489254E-1,-8.307880163E-1
2.084159187E1,9.004592896E0,-7.230489254E-1,-8.427590132E-1
2.084340480E1,9.006986618E0,-7.038952708E-1,-8.475474119E-1
2.084540426E1,9.006986618E0,-6.895300746E-1,-8.523358107E-1
2.084747283E1,9.028534889E0,-6.703764796E-1,-8.571242094E-1
2.084950756E1,9.059659004E0,-6.248866320E-1,-8.667010069E-1
2.085157633E1,9.040505409E0,-6.129156351E-1,-8.690952063E-1
2.085361072E1,8.997409821E0,-5.865794420E-1,-8.714894056E-1
2.085567949E1,8.980650902E0,-5.674257874E-1,-8.571242094E-1
2.085771422E1,8.983044624E0,-5.506663918E-1,-8.571242094E-1
2.085971437E1,8.973467827E0,-5.434837937E-1,-8.619126081E-1
2.086183472E1,8.925583839E0,-5.291185975E-1,-8.523358107E-1
2.086378776E1,8.906430244E0,-5.219359994E-1,-8.714894056E-1
2.086578680E1,8.896853447E0,-5.075707436E-1,-8.906430602E-1
2.086785503E1,8.863334656E0,-4.836287498E-1,-9.241618514E-1
2.086988980E1,8.825027466E0,-4.668693244E-1,-9.481038451E-1
2.087190306E1,8.805873871E0,-4.405331016E-1,-9.528923035E-1
2.087390280E1,8.760383606E0,-4.094084799E-1,-9.720458984E-1
2.087597103E1,8.714894295E0,-3.854664862E-1,-1.000776291E0
2.087800518E1,8.683769226E0,-3.782838583E-1,-1.005564690E0
2.088000791E1,8.626308441E0,-3.711012602E-1,-1.005564690E0
2.088201191E1,8.576030731E0,-3.112462163E-1,-1.007958889E0
2.088408053E1,8.559270859E0,-2.801215947E-1,-1.010353088E0
2.088611480E1,8.535328865E0,-2.346317619E-1,-9.983820915E-1
2.088818368E1,8.508993149E0,-1.819593310E-1,-9.983820915E-1
2.089021853E1,8.480262756E0,-1.675941199E-1,-9.911994934E-1
2.089228718E1,8.446743965E0,-1.388636976E-1,-9.720458984E-1
2.089432230E1,8.396465302E0,-8.379705995E-2,-9.433154464E-1
2.089639141E1,8.370129585E0,-8.140286058E-2,-9.265560508E-1
2.089842637E1,8.350975990E0,-7.182604820E-2,-9.217676520E-1
2.090042637E1,8.324639320E0,-5.506663769E-2,-9.337386489E-1
2.090245806E1,8.307879448E0,-4.788403213E-2,-9.385270476E-1
2.090452699E1,8.305485725E0,-2.394201607E-2,-9.696516991E-1
2.090656199E1,8.312667847E0,-2.154781483E-2,-1.017535686E0
2.090863110E1,8.310274124E0,-3.351882473E-2,-1.077390790E0
2.091066618E1,8.312667847E0,-2.154781483E-2,-1.103726983E0
2.091273514E1,8.322244644E0,-1.436521020E-2,-1.154005170E0
2.091476999E1,8.317456245E0,0.000000000E0,-1.187524080E0
2.091683864E1,8.312667847E0,-9.576806799E-3,-1.204283476E0
2.091887330E1,8.324639320E0,-1.197100803E-2,-1.218648672E0
2.092087564E1,8.334216118E0,-2.154781483E-2,-1.233013868E0
2.092296710E1,8.346187592E0,-3.591302410E-2,-1.242590666E0
2.092491968E1,8.350975990E0,-5.027823523E-2,-1.256955862E0
2.092691903E1,8.391676903E0,-5.267243832E-2,-1.256955862E0
2.092898780E1,8.420407295E0,-5.267243832E-2,-1.249773264E0
2.093102295E1,8.429984093E0,-7.900865376E-2,-1.225831270E0
2.093309149E1,8.446743965E0,-7.900865376E-2,-1.211466074E0
2.093512560E1,8.465897560E0,-7.900865376E-2,-1.213860273E0
2.093719376E1,8.530540466E0,-1.197100878E-1,-1.199495077E0
2.093922795E1,8.561665535E0,-1.580173075E-1,-1.173158884E0
2.094125933E1,8.566453934E0,-1.771709323E-1,-1.158793569E0
2.094334437E1,8.614337921E0,-1.963245422E-1,-1.134851575E0
2.094530556E1,8.664615631E0,-2.298433632E-1,-1.106121182E0
2.094730487E1,8.674192429E0,-2.489969730E-1,-1.089361787E0
2.094937341E1,8.712499619E0,-2.753331959E-1,-1.070208192E0
2.095140733E1,8.755595207E0,-3.040636182E-1,-1.053448796E0
2.095347560E1,8.777143478E0,-3.184288144E-1,-1.046266198E0
2.095550987E1,8.829815865E0,-3.423708379E-1,-1.036689281E0
2.095757833E1,8.848969460E0,-3.782838583E-1,-1.041477680E0
2.095961253E1,8.899248123E0,-4.237737060E-1,-1.034295082E0
2.096164260E1,8.920795441E0,-4.381389022E-1,-1.034295082E0
2.096364360E1,8.983044624E0,-4.860229492E-1,-1.024718285E0
2.096571214E1,9.033323288E0,-5.363011956E-1,-1.031900883E0
2.096774664E1,9.047688484E0,-5.698199868E-1,-1.036689281E0
2.096981591E1,9.088389397E0,-6.224924326E-1,-1.041477680E0
2.097185049E1,9.117119789E0,-6.607996821E-1,-1.031900883E0
2.097391926E1,9.129091263E0,-6.775590777E-1,-1.031900883E0
2.097595414E1,9.129091263E0,-7.278373241E-1,-1.027112484E0
2.097802314E1,9.126696587E0,-7.517793179E-1,-1.015141487E0
2.098005799E1,9.133879662E0,-7.589619160E-1,-1.024718285E0
2.098205780E1,9.145850182E0,-7.805097699E-1,-1.017535686E0
2.098408933E1,9.162610054E0,-7.924807668E-1,-1.024718285E0
2.098615826E1,9.169792175E0,-7.972691655E-1,-1.031900883E0
2.098819287E1,9.174580574E0,-8.212111592E-1,-1.043871999E0
2.099026160E1,9.203310966E0,-8.283938169E-1,-1.051054597E0
2.099229633E1,9.205705643E0,-8.451532125E-1,-1.046266198E0
2.099436518E1,9.248801231E0,-8.714894056E-1,-1.041477680E0
2.099639995E1,9.291896820E0,-9.050082564E-1,-1.034295082E0
2.099846883E1,9.342175484E0,-9.121908545E-1,-1.031900883E0
2.100050330E1,9.354146004E0,-9.241618514E-1,-1.031900883E0
2.100250649E1,9.356540680E0,-9.600749016E-1,-1.031900883E0
2.100459833E1,9.361329079E0,-9.816226959E-1,-1.029506683E0
2.100655126E1,9.380482674E0,-9.935936928E-1,-1.031900883E0
2.100855068E1,9.404424667E0,-9.864110947E-1,-1.048660398E0
2.101061895E1,9.435548782E0,-9.864110947E-1,-1.082179189E0
2.101265333E1,9.442731857E0,-9.792284966E-1,-1.086967587E0
2.101472145E1,9.478644371E0,-9.840168953E-1,-1.046266198E0
2.101675568E1,9.528923035E0,-9.768342972E-1,-1.000776291E0
2.101882414E1,9.538499832E0,-1.000776291E0,-9.744400978E-1
2.102085837E1,9.567230225E0,-1.031900883E0,-9.600749016E-1
2.102285745E1,9.598354340E0,-1.031900883E0,-9.265560508E-1
2.102494180E1,9.600749016E0,-1.024718285E0,-9.097966552E-1
2.102690306E1,9.607931137E0,-1.019929886E0,-8.978256583E-1
2.102890191E1,9.631873131E0,-1.031900883E0,-8.978256583E-1
2.103097010E1,9.646238327E0,-1.039083481E0,-9.002198577E-1
2.103300406E1,9.667786598E0,-1.036689281E0,-8.762778044E-1
2.103507222E1,9.686940193E0,-1.017535686E0,-8.978256583E-1
2.103710603E1,9.684545517E0,-1.024718285E0,-9.121908545E-1
2.103917449E1,9.670180321E0,-1.024718285E0,-9.600749016E-1
2.104120868E1,9.655815125E0,-1.022324085E0,-9.935936928E-1
2.104321037E1,9.660603523E0,-1.019929886E0,-9.935936928E-1
2.104521341E1,9.655815125E0,-1.010353088E0,-9.935936928E-1
2.104728145E1,9.641449928E0,-1.003170490E0,-9.744400978E-1
2.104931591E1,9.648633003E0,-9.792284966E-1,-9.648633003E-1
2.105138376E1,9.639056206E0,-9.576807022E-1,-9.528923035E-1
2.105341841E1,9.639056206E0,-9.576807022E-1,-9.337386489E-1
2.105548718E1,9.641449928E0,-9.528923035E-1,-9.193734527E-1
2.105752145E1,9.641449928E0,-9.385270476E-1,-9.145850539E-1
2.105959006E1,9.660603523E0,-9.457096457E-1,-9.169792533E-1
2.106162430E1,9.679757118E0,-9.361328483E-1,-9.050082564E-1
2.106365718E1,9.674968719E0,-9.361328483E-1,-9.026140571E-1
2.106568803E1,9.686940193E0,-9.217676520E-1,-9.097966552E-1
2.106775633E1,9.715670586E0,-9.121908545E-1,-9.145850539E-1
2.106979110E1,9.730035782E0,-9.050082564E-1,-9.193734527E-1
2.107185976E1,9.744400978E0,-8.858546019E-1,-9.313444495E-1
2.107389437E1,9.749189377E0,-8.786720037E-1,-9.457096457E-1
2.107591841E1,9.765948296E0,-8.690952063E-1,-9.576807022E-1
2.107791814E1,9.806650162E0,-8.571242094E-1,-9.840168953E-1
2.107998668E1,9.830592155E0,-8.451532125E-1,-9.911994934E-1
2.108202114E1,9.842563629E0,-8.427590132E-1,-9.983820915E-1
2.108402402E1,9.854534149E0,-8.451532125E-1,-1.027112484E0
2.108619306E1,9.844957352E0,-8.212111592E-1,-1.039083481E0
2.108807526E1,9.828198433E0,-8.068459630E-1,-1.043871999E0
2.109007441E1,9.804255486E0,-7.829039693E-1,-1.048660398E0
2.109214337E1,9.792284966E0,-7.469909191E-1,-1.034295082E0
2.109417799E1,9.787496567E0,-7.445967197E-1,-1.034295082E0
2.109624741E1,9.775525093E0,-7.062895298E-1,-1.036689281E0
2.109828199E1,9.739612579E0,-6.823474765E-1,-1.017535686E0
2.110035026E1,9.727641106E0,-6.727706790E-1,-1.010353088E0
2.110238399E1,9.732429504E0,-6.272808313E-1,-1.007958889E0
2.110438295E1,9.730035782E0,-6.009446383E-1,-9.911994934E-1
2.110647053E1,9.727641106E0,-5.841852427E-1,-9.888052940E-1
2.110842310E1,9.718064308E0,-5.722141862E-1,-9.864110947E-1
2.111042303E1,9.706093788E0,-5.386953950E-1,-9.744400978E-1
2.111249156E1,9.696516991E0,-5.267243981E-1,-9.648633003E-1
2.111452626E1,9.689333916E0,-5.147533417E-1,-9.648633003E-1
2.111659510E1,9.694122314E0,-4.955997467E-1,-9.552865028E-1
2.111862999E1,9.677363396E0,-4.644751251E-1,-9.265560508E-1
2.112069868E1,9.670180321E0,-4.453215301E-1,-9.193734527E-1
2.112273341E1,9.662998199E0,-4.189853072E-1,-9.026140571E-1
2.112476287E1,9.672574997E0,-3.926490843E-1,-8.906430602E-1
2.112676422E1,9.674968719E0,-3.830722570E-1,-8.786720037E-1
2.112883314E1,9.691728592E0,-3.495534360E-1,-8.547300100E-1
2.113086768E1,9.689333916E0,-3.064578176E-1,-8.355764151E-1
2.113293695E1,9.691728592E0,-2.896983922E-1,-8.331822157E-1
2.113497187E1,9.703699112E0,-2.657563984E-1,-8.140285611E-1
2.113704060E1,9.713275909E0,-2.346317619E-1,-7.805097699E-1
2.113907529E1,9.730035782E0,-2.202665508E-1,-7.733271718E-1
2.114114399E1,9.753977776E0,-1.867477298E-1,-7.541735172E-1
2.114317860E1,9.789890289E0,-1.604115069E-1,-7.302315235E-1
2.114521060E1,9.818621635E0,-1.316810995E-1,-7.182605267E-1
2.114724156E1,9.840168953E0,-8.379705995E-2,-6.943184733E-1
2.114931014E1,9.907206535E0,-4.070143029E-2,-7.038952708E-1
2.115134464E1,9.947908401E0,9.576806799E-3,-7.062895298E-1
2.115341383E1,9.969455719E0,2.394201607E-2,-7.086837292E-1
2.115544876E1,9.993397713E0,6.943184882E-2,-7.182605267E-1
2.115751745E1,1.005564690E1,1.292868853E-1,-7.398083210E-1
2.115955233E1,1.007719517E1,1.604115069E-1,-7.589619160E-1
2.116162168E1,1.011310768E1,2.011129409E-1,-8.020575643E-1
2.116365691E1,1.016099167E1,2.561795712E-1,-8.307880163E-1
2.116566041E1,1.018493366E1,2.825157940E-1,-8.523358107E-1
2.116775145E1,1.021127033E1,3.423708379E-1,-9.050082564E-1
2.116970514E1,1.024239445E1,3.950432837E-1,-9.648633003E-1
2.117170476E1,1.025915432E1,4.261679053E-1,-9.959878922E-1
2.117377410E1,1.029985619E1,4.644751251E-1,-1.046266198E0
2.117580918E1,1.033816338E1,4.979939461E-1,-1.094150186E0
2.117787864E1,1.035252857E1,5.195417404E-1,-1.120486379E0
2.117991356E1,1.038844109E1,5.626373887E-1,-1.149216771E0
2.118198272E1,1.041477776E1,5.889736414E-1,-1.173158884E0
2.118401756E1,1.043871975E1,5.985504389E-1,-1.175553083E0
2.118605053E1,1.047463226E1,6.081272364E-1,-1.187524080E0
2.118813660E1,1.049378586E1,6.224924326E-1,-1.192312479E0
2.119009852E1,1.053448772E1,6.416460276E-1,-1.194706678E0
2.119209860E1,1.054645824E1,6.344634295E-1,-1.177947283E0
2.119416752E1,1.054645824E1,5.985504389E-1,-1.142034173E0
2.119620229E1,1.054885292E1,5.865794420E-1,-1.113303781E0
2.119827110E1,1.054645824E1,5.530605912E-1,-1.086967587E0
2.120030591E1,1.056082344E1,5.219359994E-1,-1.039083481E0
2.120237495E1,1.056082344E1,4.620809257E-1,-9.911994934E-1
2.120440956E1,1.054885292E1,4.357447028E-1,-9.672574997E-1
2.120641287E1,1.054166985E1,3.902548850E-1,-9.121908545E-1
2.120841718E1,1.052012253E1,3.232172430E-1,-8.643068075E-1
2.121048572E1,1.051054573E1,2.801215947E-1,-8.475474119E-1
2.121252037E1,1.046505547E1,2.011129409E-1,-7.996633649E-1
2.121458937E1,1.043393135E1,1.436520964E-1,-7.445967197E-1
2.121662422E1,1.042435455E1,1.149216816E-1,-7.158663273E-1
2.121869302E1,1.039801788E1,4.548983276E-2,-6.679822803E-1
2.122072756E1,1.037168217E1,-2.633621916E-2,-5.985504389E-1
2.122279629E1,1.035492229E1,-6.703764945E-2,-5.554547906E-1
2.122483110E1,1.032619190E1,-1.532289088E-1,-4.668693244E-1
2.122686326E1,1.028549004E1,-2.059013397E-1,-3.974374831E-1
2.122889556E1,1.028309631E1,-2.394201756E-1,-3.543418646E-1
2.123096449E1,1.025675964E1,-3.112462163E-1,-2.729389966E-1
2.123299941E1,1.024000072E1,-3.663128614E-1,-1.963245422E-1
2.123506899E1,1.020408726E1,-4.213795066E-1,-1.125274822E-1
2.123710395E1,1.018014526E1,-4.501099288E-1,-6.943184882E-2
2.123917299E1,1.015141487E1,-5.051765442E-1,1.675941236E-2
2.124120768E1,1.009634876E1,-5.554547906E-1,1.029506698E-1
2.124327583E1,1.007719517E1,-5.650315881E-1,1.388636976E-1
2.124531026E1,1.003888798E1,-5.770025849E-1,2.298433632E-1
2.124731276E1,9.995792389E0,-5.793967843E-1,3.064578176E-1
2.124940429E1,9.967061996E0,-5.865794420E-1,3.471592367E-1
2.125135645E1,9.926360130E0,-6.033388376E-1,4.213795066E-1
2.125335587E1,9.864110947E0,-6.153098345E-1,4.788403511E-1
2.125542491E1,9.825803757E0,-6.272808313E-1,5.051765442E-1
2.125745956E1,9.768342972E0,-6.512228847E-1,5.506663918E-1
2.125952841E1,9.710882187E0,-6.727706790E-1,5.698199868E-1
2.126156337E1,9.694122314E0,-6.775590777E-1,5.746083856E-1
2.126363206E1,9.643844604E0,-6.751648784E-1,5.746083856E-1
2.126566656E1,9.588777542E0,-6.655880809E-1,5.746083856E-1
2.126769102E1,9.560047150E0,-6.703764796E-1,5.698199868E-1
2.126977668E1,9.514557838E0,-6.895300746E-1,5.339069963E-1
2.127173949E1,9.471462250E0,-6.799532771E-1,5.123591423E-1
2.127373964E1,9.449913979E0,-6.823474765E-1,4.955997467E-1
2.127580853E1,9.428366661E0,-6.919242740E-1,4.548983276E-1
2.127784322E1,9.430760384E0,-6.847416759E-1,4.357447028E-1
2.127991133E1,9.399636269E0,-6.919242740E-1,4.165911078E-1
2.128194606E1,9.387664795E0,-6.799532771E-1,4.022258818E-1
2.128401433E1,9.394847870E0,-6.775590777E-1,3.782838583E-1
2.128604872E1,9.394847870E0,-7.038952708E-1,3.639186621E-1
2.128807779E1,9.397241592E0,-7.038952708E-1,3.663128614E-1
2.129007879E1,9.394847870E0,-6.799532771E-1,3.399766386E-1
2.129214729E1,9.437943459E0,-6.631938815E-1,3.423708379E-1
2.129418233E1,9.464279175E0,-6.536170840E-1,3.567360640E-1
2.129625083E1,9.502586365E0,-6.607996821E-1,3.687070608E-1
2.129828556E1,9.543288231E0,-6.560112834E-1,3.950432837E-1
2.130035422E1,9.557653427E0,-6.416460276E-1,3.998316824E-1
2.130238849E1,9.612719536E0,-6.177040339E-1,4.213795066E-1
2.130445714E1,9.674968719E0,-6.081272364E-1,4.668693244E-1
2.130649133E1,9.715670586E0,-5.841852427E-1,4.764461517E-1
2.130849049E1,9.777919769E0,-5.482721925E-1,5.147533417E-1
2.131052118E1,9.835380554E0,-5.195417404E-1,5.363011956E-1
2.131258914E1,9.861717224E0,-5.075707436E-1,5.458779931E-1
2.131462360E1,9.900024414E0,-4.572925270E-1,5.578489900E-1
2.131669252E1,9.950302124E0,-4.213795066E-1,5.722141862E-1
2.131872691E1,9.998186111E0,-3.998316824E-1,5.770025849E-1
2.132075110E1,1.002452278E1,-3.399766386E-1,5.650315881E-1
2.132275072E1,1.007001209E1,-2.801215947E-1,5.363011956E-1
2.132481960E1,1.009874249E1,-2.130839527E-1,5.099649429E-1
2.132685418E1,1.011310768E1,-1.915361285E-1,5.027823448E-1
2.132885683E1,1.011789608E1,-1.532289088E-1,4.955997467E-1
2.133102510E1,1.013704967E1,-1.005564705E-1,4.788403511E-1
2.133290806E1,1.014423275E1,-9.097966552E-2,4.740519226E-1
2.133490787E1,1.013226128E1,-4.548983276E-2,4.764461517E-1
2.133697699E1,1.010353088E1,-2.154781483E-2,4.716577232E-1
2.133901137E1,1.009395409E1,-1.436521020E-2,4.692635238E-1
2.134107949E1,1.007001209E1,4.788403399E-3,4.716577232E-1
2.134311333E1,1.002452278E1,2.633621916E-2,4.716577232E-1
2.134518129E1,1.001015759E1,3.591302410E-2,4.764461517E-1
2.134721552E1,9.971850395E0,3.112462163E-2,4.596867263E-1
2.134924664E1,9.919178009E0,1.436521020E-2,4.501099288E-1
2.135133237E1,9.904812813E0,0.000000000E0,4.548983276E-1
2.135329352E1,9.849745750E0,-2.873042040E-2,4.381389022E-1
2.135529302E1,9.804255486E0,-4.548983276E-2,4.070142806E-1
2.135736164E1,9.792284966E0,-6.224924326E-2,3.974374831E-1
2.135939618E1,9.744400978E0,-1.005564705E-1,3.734954596E-1
2.136146452E1,9.701305389E0,-1.556231081E-1,3.639186621E-1
2.136349910E1,9.670180321E0,-1.915361285E-1,3.567360640E-1
2.136556772E1,9.643844604E0,-2.346317619E-1,3.615244627E-1
2.136760195E1,9.600749016E0,-3.112462163E-1,3.519476354E-1
2.136960426E1,9.593565941E0,-3.495534360E-1,3.375824392E-1
2.137160683E1,9.576807022E0,-4.381389022E-1,3.303998411E-1
2.137367552E1,9.528923035E0,-5.458779931E-1,3.495534360E-1
2.137571006E1,9.509769440E0,-5.841852427E-1,3.567360640E-1
2.137777849E1,9.478644371E0,-6.919242740E-1,3.567360640E-1
2.137981226E1,9.447520256E0,-7.948749661E-1,3.591302633E-1
2.138188083E1,9.430760384E0,-9.002198577E-1,3.830722570E-1
2.138391510E1,9.421183586E0,-9.624691010E-1,3.974374831E-1
2.138598399E1,9.390059471E0,-1.113303781E0,4.165911078E-1
2.138801860E1,9.342175484E0,-1.249773264E0,4.477157295E-1
2.139005056E1,9.330204010E0,-1.326387763E0,4.596867263E-1
2.139208114E1,9.296685219E0,-1.467645645E0,4.908113480E-1
2.139414976E1,9.284713745E0,-1.601720929E0,5.171475410E-1
2.139618464E1,9.294290543E0,-1.673547029E0,5.315127969E-1
2.139825287E1,9.279925346E0,-1.805228114E0,5.698199868E-1
2.140028702E1,9.270348549E0,-1.960851192E0,5.674257874E-1
2.140235564E1,9.267954826E0,-2.047042370E0,5.626373887E-1
2.140438979E1,9.265560150E0,-2.181117773E0,5.650315881E-1
2.140645806E1,9.255983353E0,-2.324769735E0,5.698199868E-1
2.140849229E1,9.232041359E0,-2.391807556E0,5.698199868E-1
2.141049514E1,9.210494041E0,-2.516305923E0,5.386953950E-1
2.141258668E1,9.148244858E0,-2.636016130E0,5.219359994E-1
2.141454010E1,9.119514465E0,-2.703053713E0,5.075707436E-1
2.141653914E1,9.050082207E0,-2.829946518E0,4.812345505E-1
2.141860787E1,9.004592896E0,-2.942473888E0,4.501099288E-1
2.142064241E1,8.930372238E0,-3.002328873E0,4.309563041E-1
2.142271141E1,8.894459724E0,-3.102885485E0,4.261679053E-1
2.142474591E1,8.841787338E0,-3.196259260E0,4.165911078E-1
2.142681476E1,8.765172005E0,-3.270479441E0,3.974374831E-1
2.142884945E1,8.729259491E0,-3.323152065E0,3.926490843E-1
2.143087260E1,8.676587105E0,-3.409343243E0,3.998316824E-1
2.143295868E1,8.643068314E0,-3.476380825E0,4.141969085E-1
2.143492191E1,8.635885239E0,-3.507505417E0,4.213795066E-1
2.143692202E1,8.623914719E0,-3.569754839E0,4.405331016E-1
2.143899106E1,8.628703117E0,-3.603273630E0,4.836287498E-1
2.144102637E1,8.652645111E0,-3.620033026E0,5.123591423E-1
2.144309541E1,8.710105896E0,-3.658340216E0,5.793967843E-1
2.144513010E1,8.796297073E0,-3.655946016E0,6.775590777E-1
2.144719929E1,8.856152534E0,-3.663128614E0,7.302315235E-1
2.144923406E1,8.956708908E0,-3.636792421E0,8.475474119E-1
2.145126395E1,9.102754593E0,-3.576937437E0,9.816226959E-1
2.145326460E1,9.176975250E0,-3.550601006E0,1.046266198E0
2.145533406E1,9.339780807E0,-3.473986626E0,1.175553083E0
2.145736872E1,9.488221169E0,-3.378218651E0,1.319205165E0
2.145943756E1,9.567230225E0,-3.313575268E0,1.386242747E0
2.146147222E1,9.708487511E0,-3.162740469E0,1.503558636E0
2.146354095E1,9.847352028E0,-3.028665066E0,1.618480325E0
2.146557552E1,9.998186111E0,-2.856282711E0,1.719036818E0
2.146764476E1,1.006761837E1,-2.758120298E0,1.757344007E0
2.146967979E1,1.019451046E1,-2.568978310E0,1.814804912E0
2.147171141E1,1.033098030E1,-2.358288765E0,1.855506301E0
2.147374291E1,1.039562416E1,-2.240972757E0,1.865083098E0
2.147581168E1,1.050575733E1,-2.025494576E0,1.867477298E0
2.147784626E1,1.064462090E1,-1.805228114E0,1.860294700E0
2.147991522E1,1.070447540E1,-1.683123827E0,1.853112102E0
2.148195033E1,1.080024433E1,-1.453280449E0,1.814804912E0
2.148401914E1,1.088882923E1,-1.235408068E0,1.762132406E0
2.148605429E1,1.093910789E1,-1.113303781E0,1.728613615E0
2.148812345E1,1.104205799E1,-8.834604025E-1,1.654393315E0
2.149015829E1,1.109233665E1,-6.488286853E-1,1.553836942E0
2.149222679E1,1.113782597E1,-5.267243981E-1,1.443703651E0
2.149431776E1,1.115697956E1,-3.184288144E-1,1.376665950E0
2.149627933E1,1.120486355E1,-1.316810995E-1,1.237802267E0
2.149827876E1,1.123120022E1,-3.351882473E-2,1.163581967E0
2.150034714E1,1.124077702E1,1.484405100E-1,1.027112484E0
2.150238164E1,1.125035381E1,3.399766386E-1,8.858546019E-1
2.150445041E1,1.125274754E1,4.908113480E-1,7.541735172E-1
2.150648476E1,1.125753593E1,5.626373887E-1,6.823474765E-1
2.150855298E1,1.124317074E1,7.134721279E-1,5.410895944E-1
2.151058745E1,1.125035381E1,8.355764151E-1,4.070142806E-1
2.151261249E1,1.125993061E1,9.026140571E-1,3.495534360E-1
2.151469768E1,1.122880554E1,1.022324085E0,2.226607651E-1
2.151665910E1,1.120246983E1,1.086967587E0,8.858546615E-2
2.151865868E1,1.118810463E1,1.134851575E0,2.394201607E-2
2.152072733E1,1.118092155E1,1.192312479E0,-7.900865376E-2
2.152276226E1,1.113543224E1,1.206677675E0,-1.628057212E-1
2.152483083E1,1.111388397E1,1.228225470E0,-2.059013397E-1
2.152686633E1,1.108036518E1,1.237802267E0,-2.681505978E-1
2.152893437E1,1.103248119E1,1.209071875E0,-3.088520169E-1
2.153096895E1,1.100375080E1,1.189918280E0,-3.303998411E-1
2.153303779E1,1.094150162E1,1.146822572E0,-3.663128614E-1
2.153507491E1,1.089840603E1,1.108515382E0,-3.711012602E-1
2.153714422E1,1.083136845E1,1.034295082E0,-3.711012602E-1
2.153917956E1,1.080263805E1,1.010353088E0,-3.687070608E-1
2.154124799E1,1.070926380E1,9.289502501E-1,-3.280056417E-1
2.154328275E1,1.062307262E1,8.212111592E-1,-2.777273953E-1
2.154535179E1,1.057279491E1,7.613561153E-1,-2.394201756E-1
2.154738656E1,1.046266174E1,6.512228847E-1,-1.795651317E-1
2.154945533E1,1.035971069E1,5.482721925E-1,-9.576806426E-2
2.155149006E1,1.030703831E1,4.955997467E-1,-4.788403213E-2
2.155351445E1,1.019211674E1,3.734954596E-1,5.985504389E-2
2.155554548E1,1.006761837E1,2.489969730E-1,1.556231081E-1
2.155761410E1,9.995792389E0,1.891419291E-1,2.082955539E-1
2.155964918E1,9.859322548E0,6.224924326E-2,3.303998411E-1
2.156171795E1,9.706093788E0,-9.097966552E-2,4.501099288E-1
2.156375206E1,9.646238327E0,-1.580173075E-1,5.099649429E-1
2.156577702E1,9.512163162E0,-2.825157940E-1,6.248866320E-1
2.156777606E1,9.392453194E0,-4.261679053E-1,7.230489254E-1
2.156984468E1,9.337387085E0,-4.955997467E-1,7.876923680E-1
2.157187852E1,9.227252960E0,-6.272808313E-1,8.930372596E-1
2.157388075E1,9.109937668E0,-7.374141216E-1,9.888052940E-1
2.157604918E1,9.016563416E0,-8.427590132E-1,1.067813993E0
2.157793218E1,8.968679428E0,-8.954314590E-1,1.098938584E0
2.157993149E1,8.889671326E0,-1.003170490E0,1.161187768E0
2.158199991E1,8.834604263E0,-1.058237195E0,1.185129881E0
2.158403483E1,8.803479195E0,-1.151610970E0,1.230619669E0
2.158610329E1,8.726864815E0,-1.244984865E0,1.285686255E0
2.158813825E1,8.667010307E0,-1.331176162E0,1.323993564E0
2.159020752E1,8.655038834E0,-1.374271750E0,1.326387763E0
2.159224248E1,8.619126320E0,-1.443703651E0,1.335964561E0
2.159426537E1,8.588001251E0,-1.503558636E0,1.379060149E0
2.159635037E1,8.576030731E0,-1.537077546E0,1.386242747E0
2.159831241E1,8.561665535E0,-1.623268723E0,1.417367458E0
2.160031256E1,8.556877136E0,-1.680729628E0,1.424550056E0
2.160238152E1,8.564059258E0,-1.714248419E0,1.429338455E0
2.160441618E1,8.580819130E0,-1.783680320E0,1.431732655E0
2.160648510E1,8.583212852E0,-1.853112102E0,1.422155857E0
2.160851987E1,8.602366447E0,-1.881842494E0,1.419761658E0
2.161058852E1,8.635885239E0,-1.946485996E0,1.426944256E0
2.161262322E1,8.664615631E0,-1.987187386E0,1.422155857E0
2.161464641E1,8.683769226E0,-2.008735180E0,1.422155857E0
2.161664687E1,8.736441612E0,-2.056619167E0,1.441309452E0
2.161871522E1,8.779537201E0,-2.118868589E0,1.474828243E0
2.162074968E1,8.810662270E0,-2.154781580E0,1.493981838E0
2.162281856E1,8.865729332E0,-2.226607561E0,1.517923832E0
2.162485295E1,8.906430244E0,-2.250549555E0,1.520318031E0
2.162692183E1,8.963891029E0,-2.324769735E0,1.556231141E0
2.162895598E1,9.006986618E0,-2.363077164E0,1.568202138E0
2.163102460E1,9.114726067E0,-2.432508945E0,1.561019540E0
2.163305937E1,9.244012833E0,-2.509123325E0,1.556231141E0
2.163509079E1,9.279925346E0,-2.547430515E0,1.539471745E0
2.163712141E1,9.323021889E0,-2.571372509E0,1.534683347E0
2.163919048E1,9.299078941E0,-2.588132143E0,1.525106430E0
2.164122460E1,9.287108421E0,-2.590526342E0,1.515529633E0
2.164329360E1,9.244012833E0,-2.554613113E0,1.501164436E0
2.164532837E1,9.196128845E0,-2.537853718E0,1.501164436E0
2.164739756E1,9.162610054E0,-2.518700123E0,1.491587639E0
2.164943237E1,9.150638580E0,-2.497152328E0,1.484405041E0
2.165150022E1,9.160215378E0,-2.489969730E0,1.482010841E0
2.165353445E1,9.172186852E0,-2.475604534E0,1.479616642E0
2.165553645E1,9.208099365E0,-2.461239338E0,1.472434044E0
2.165762764E1,9.267954826E0,-2.444479942E0,1.477222443E0
2.165957995E1,9.291896820E0,-2.432508945E0,1.474828243E0
2.166157925E1,9.330204010E0,-2.410961151E0,1.465251446E0
2.166364710E1,9.380482674E0,-2.413355350E0,1.448492050E0
2.166568114E1,9.397241592E0,-2.410961151E0,1.441309452E0
2.166775006E1,9.428366661E0,-2.387019157E0,1.441309452E0
2.166978452E1,9.461885452E0,-2.370259762E0,1.429338455E0
2.167185360E1,9.478644371E0,-2.334346771E0,1.436521053E0
2.167388845E1,9.493009567E0,-2.319981337E0,1.434126854E0
2.167592014E1,9.471462250E0,-2.291250944E0,1.438915253E0
2.167800518E1,9.485827446E0,-2.240972757E0,1.458068848E0
2.167996741E1,9.476250648E0,-2.209848166E0,1.455674648E0
2.168196706E1,9.461885452E0,-2.169146776E0,1.448492050E0
2.168403602E1,9.469067574E0,-2.102109194E0,1.443703651E0
2.168607087E1,9.457097054E0,-2.078166962E0,1.448492050E0
2.168813991E1,9.442731857E0,-2.018311977E0,1.424550056E0
2.169017425E1,9.423578262E0,-1.960851192E0,1.403002143E0
2.169224283E1,9.416395187E0,-1.922544003E0,1.391031146E0
2.169427802E1,9.406818390E0,-1.860294700E0,1.367089152E0
2.169628075E1,9.385271072E0,-1.788468719E0,1.340752959E0
2.169828414E1,9.373299599E0,-1.754949808E0,1.326387763E0
2.170035310E1,9.356540680E0,-1.719036818E0,1.292868972E0
2.170238768E1,9.334992409E0,-1.659181833E0,1.276109457E0
2.170445741E1,9.327810287E0,-1.625662923E0,1.268926859E0
2.170649237E1,9.303867340E0,-1.577778935E0,1.242590666E0
2.170856183E1,9.289502144E0,-1.529894829E0,1.216254473E0
2.171059618E1,9.296685219E0,-1.515529633E0,1.211466074E0
2.171266472E1,9.308655739E0,-1.474828243E0,1.216254473E0
2.171469925E1,9.308655739E0,-1.443703651E0,1.201889277E0
2.171673125E1,9.315838814E0,-1.448492050E0,1.199495077E0
2.171876229E1,9.327810287E0,-1.429338455E0,1.201889277E0
2.172083095E1,9.349357605E0,-1.417367458E0,1.192312479E0
2.172286525E1,9.351752281E0,-1.398213744E0,1.170764685E0
2.172493383E1,9.339780807E0,-1.383848548E0,1.158793569E0
2.172696822E1,9.315838814E0,-1.345541358E0,1.151610970E0
2.172903664E1,9.265560150E0,-1.285686255E0,1.139639974E0
2.173107091E1,9.244012833E0,-1.276109457E0,1.137245774E0
2.173313960E1,9.212887764E0,-1.233013868E0,1.146822572E0
2.173517445E1,9.165003777E0,-1.204283476E0,1.151610970E0
2.173717637E1,9.141061783E0,-1.182735682E0,1.156399369E0
2.173926975E1,9.093177795E0,-1.156399369E0,1.156399369E0
2.174122291E1,9.066842079E0,-1.125274777E0,1.156399369E0
2.174322264E1,9.066842079E0,-1.118092179E0,1.151610970E0
2.174529156E1,9.069235802E0,-1.103726983E0,1.151610970E0
2.174732645E1,9.076418877E0,-1.086967587E0,1.139639974E0
2.174939572E1,9.078812599E0,-1.079784989E0,1.130063176E0
2.175143079E1,9.097966194E0,-1.072602391E0,1.115697980E0
2.175350006E1,9.097966194E0,-1.067813993E0,1.110909581E0
2.175553510E1,9.105149269E0,-1.060631394E0,1.101332784E0
2.175756641E1,9.117119789E0,-1.051054597E0,1.103726983E0
2.175965098E1,9.133879662E0,-1.051054597E0,1.118092179E0
2.176161283E1,9.133879662E0,-1.055842996E0,1.139639974E0
2.176361210E1,9.133879662E0,-1.067813993E0,1.142034173E0
2.176568037E1,9.129091263E0,-1.079784989E0,1.139639974E0
2.176771433E1,9.124302864E0,-1.089361787E0,1.149216771E0
2.176978229E1,9.126696587E0,-1.089361787E0,1.149216771E0
2.177181645E1,9.133879662E0,-1.091755986E0,1.146822572E0
2.177388483E1,9.131484985E0,-1.106121182E0,1.144428372E0
2.177591906E1,9.129091263E0,-1.122880578E0,1.142034173E0
2.177794814E1,9.129091263E0,-1.144428372E0,1.137245774E0
2.177994887E1,9.143456459E0,-1.189918280E0,1.137245774E0
2.178201706E1,9.141061783E0,-1.199495077E0,1.142034173E0
2.178405072E1,9.143456459E0,-1.221042871E0,1.142034173E0
2.178611879E1,9.176975250E0,-1.252167463E0,1.139639974E0
2.178815275E1,9.184157372E0,-1.278503656E0,1.137245774E0
2.179022102E1,9.203310966E0,-1.297657371E0,1.134851575E0
2.179225583E1,9.212887764E0,-1.309628367E0,1.120486379E0
2.179432472E1,9.193734169E0,-1.314416766E0,1.110909581E0
2.179635922E1,9.188945770E0,-1.321599364E0,1.103726983E0
2.179839048E1,9.191340446E0,-1.345541358E0,1.120486379E0
2.180042202E1,9.220070839E0,-1.379060149E0,1.134851575E0
2.180249072E1,9.232041359E0,-1.400607944E0,1.142034173E0
2.180452487E1,9.236829758E0,-1.405396342E0,1.158793569E0
2.180659352E1,9.208099365E0,-1.422155857E0,1.149216771E0
2.180862787E1,9.181763649E0,-1.417367458E0,1.146822572E0
2.181065256E1,9.136273384E0,-1.412579060E0,1.154005170E0
2.181265237E1,9.085995674E0,-1.412579060E0,1.170764685E0
2.181472102E1,9.059659004E0,-1.417367458E0,1.180341482E0
2.181675541E1,9.028534889E0,-1.405396342E0,1.194706678E0
2.181875845E1,9.011775017E0,-1.414973259E0,1.206677675E0
2.182092845E1,9.016563416E0,-1.434126854E0,1.221042871E0
2.182281029E1,9.018958092E0,-1.458068848E0,1.235408068E0
2.182480995E1,9.026140213E0,-1.458068848E0,1.252167463E0
2.182687860E1,9.023746490E0,-1.477222443E0,1.261744261E0
2.182891298E1,9.042900085E0,-1.501164436E0,1.249773264E0
2.183098214E1,9.074024200E0,-1.527500629E0,1.242590666E0
2.183301668E1,9.085995674E0,-1.539471745E0,1.240196466E0
2.183508564E1,9.102754593E0,-1.570596337E0,1.213860273E0
2.183712091E1,9.107542992E0,-1.584961534E0,1.204283476E0
2.183915295E1,9.119514465E0,-1.594538331E0,1.206677675E0
2.184123872E1,9.136273384E0,-1.608903527E0,1.185129881E0
2.184320095E1,9.160215378E0,-1.594538331E0,1.163581967E0
2.184520083E1,9.169792175E0,-1.601720929E0,1.154005170E0
2.184726995E1,9.179368973E0,-1.601720929E0,1.139639974E0
2.184930433E1,9.198522568E0,-1.596932530E0,1.120486379E0
2.185137341E1,9.229647636E0,-1.599326730E0,1.086967587E0
2.185340814E1,9.229647636E0,-1.589749932E0,1.070208192E0
2.185547687E1,9.251194954E0,-1.572990537E0,1.019929886E0
2.185751160E1,9.253589630E0,-1.551442742E0,9.672574997E-1
2.185951441E1,9.255983353E0,-1.534683347E0,9.385270476E-1
2.186151814E1,9.270348549E0,-1.510741234E0,9.026140571E-1
2.186358691E1,9.303867340E0,-1.496376038E0,8.571242094E-1
2.186562164E1,9.315838814E0,-1.474828243E0,8.307880163E-1
2.186769068E1,9.351752281E0,-1.419761658E0,7.972691655E-1
2.186972525E1,9.402029991E0,-1.381454349E0,7.709329724E-1
2.187179379E1,9.421183586E0,-1.359906554E0,7.565677166E-1
2.187382837E1,9.459490776E0,-1.288080573E0,7.374141216E-1
2.187589718E1,9.507374763E0,-1.235408068E0,7.110779285E-1
2.187793172E1,9.512163162E0,-1.206677675E0,6.991068721E-1
2.187996302E1,9.560047150E0,-1.134851575E0,6.823474765E-1
2.188199414E1,9.598354340E0,-1.084573388E0,6.799532771E-1
2.188406268E1,9.619902611E0,-1.060631394E0,6.823474765E-1
2.188609672E1,9.639056206E0,-9.935936928E-1,6.895300746E-1
2.188816498E1,9.662998199E0,-9.217676520E-1,7.158663273E-1
2.189019914E1,9.689333916E0,-8.906430602E-1,7.278373241E-1
2.189226825E1,9.701305389E0,-8.379706144E-1,7.326257229E-1
2.189430244E1,9.703699112E0,-7.637503147E-1,7.565677166E-1
2.189637114E1,9.720458984E0,-7.062895298E-1,7.781155705E-1
2.189840564E1,9.739612579E0,-6.631938815E-1,7.876923680E-1
2.190040883E1,9.763554573E0,-5.889736414E-1,8.116343617E-1
2.190249887E1,9.785101891E0,-5.267243981E-1,8.451532125E-1
2.190445137E1,9.809044838E0,-5.123591423E-1,8.547300100E-1
2.190645087E1,9.849745750E0,-4.668693244E-1,8.786720037E-1
2.190851910E1,9.907206535E0,-4.213795066E-1,8.978256583E-1
2.191055322E1,9.931148529E0,-4.118026793E-1,9.217676520E-1
2.191262183E1,1.002931118E1,-4.022258818E-1,9.696516991E-1
2.191465572E1,1.012029076E1,-4.213795066E-1,9.983820915E-1
2.191672406E1,1.016099167E1,-4.213795066E-1,1.005564690E0
2.191875795E1,1.023281765E1,-4.381389022E-1,1.041477680E0
2.192075760E1,1.022084713E1,-4.285621047E-1,1.058237195E0
2.192284256E1,1.018972206E1,-4.141969085E-1,1.070208192E0
2.192480602E1,1.006043530E1,-4.022258818E-1,1.079784989E0
2.192680564E1,9.940725327E0,-3.830722570E-1,1.103726983E0
2.192887372E1,9.895236015E0,-3.711012602E-1,1.125274777E0
2.193090798E1,9.828198433E0,-3.519476354E-1,1.182735682E0
2.193297656E1,9.758766174E0,-3.519476354E-1,1.213860273E0
2.193501121E1,9.737217903E0,-3.591302633E-1,1.237802267E0
2.193707991E1,9.730035782E0,-3.950432837E-1,1.302445769E0
2.193911479E1,9.753977776E0,-4.525041282E-1,1.347935557E0
2.194114448E1,9.777919769E0,-4.788403511E-1,1.395819545E0
2.194314618E1,9.806650162E0,-5.626373887E-1,1.434126854E0
2.194521502E1,9.854534149E0,-6.631938815E-1,1.503558636E0
2.194724933E1,9.931148529E0,-7.757213712E-1,1.570596337E0
2.194931787E1,9.962273598E0,-8.331822157E-1,1.596932530E0
2.195135264E1,1.001494598E1,-9.361328483E-1,1.673547029E0
2.195342106E1,1.007480049E1,-1.041477680E0,1.742978811E0
2.195545602E1,1.010592556E1,-1.094150186E0,1.774103403E0
2.195752487E1,1.016578007E1,-1.204283476E0,1.841141105E0
2.195956002E1,1.023042393E1,-1.319205165E0,1.896207690E0
2.196159348E1,1.025197124E1,-1.383848548E0,1.924938202E0
2.196362410E1,1.029746151E1,-1.491587639E0,1.994369984E0
2.196569245E1,1.035252857E1,-1.599326730E0,2.037465572E0
2.196772641E1,1.038125896E1,-1.649604917E0,2.054224968E0
2.196979552E1,1.043871975E1,-1.759738207E0,2.114080191E0
2.197182994E1,1.048660374E1,-1.848323703E0,2.145204782E0
2.197389841E1,1.054406452E1,-1.889025092E0,2.169146776E0
2.197593302E1,1.055364132E1,-1.958456993E0,2.173935175E0
2.197800179E1,1.055842972E1,-2.020706177E0,2.176329374E0
2.198003625E1,1.056561184E1,-2.080561161E0,2.183511972E0
2.198203956E1,1.055842972E1,-2.104503393E0,2.178723574E0
2.198413041E1,1.053448772E1,-2.152387381E0,2.188300371E0
2.198608506E1,1.050336266E1,-2.207453966E0,2.190694571E0
2.198808464E1,1.049139214E1,-2.226607561E0,2.195482969E0
2.199015518E1,1.047942066E1,-2.269703150E0,2.207453966E0
2.199218844E1,1.043153667E1,-2.317587137E0,2.231395960E0
2.199425714E1,1.040041256E1,-2.343923569E0,2.236184359E0
2.199629148E1,1.035492229E1,-2.391807556E0,2.240972757E0
2.199836018E1,1.031661510E1,-2.432508945E0,2.245761156E0
2.200039460E1,1.031661510E1,-2.451662540E0,2.267308950E0
2.200242814E1,1.029267311E1,-2.511517525E0,2.322375536E0
2.200451487E1,1.027591324E1,-2.585737944E0,2.363077164E0
2.200647668E1,1.028788471E1,-2.624045134E0,2.377442360E0
2.200847621E1,1.031182671E1,-2.688688517E0,2.396595955E0
2.201054475E1,1.033576870E1,-2.726995707E0,2.398990154E0
2.201257925E1,1.032140350E1,-2.743755102E0,2.401384354E0
2.201464783E1,1.025915432E1,-2.746149302E0,2.372653961E0
2.201668233E1,1.017296314E1,-2.731784105E0,2.363077164E0
2.201875091E1,1.012986755E1,-2.717418909E0,2.358288765E0
2.202078575E1,1.005085850E1,-2.703053713E0,2.363077164E0
2.202278948E1,1.004128170E1,-2.698265314E0,2.355894566E0
2.202479248E1,1.001973438E1,-2.686294317E0,2.355894566E0
2.202686133E1,9.962273598E0,-2.683900118E0,2.377442360E0
2.202889618E1,9.935936928E0,-2.712630510E0,2.420537949E0
2.203096533E1,9.919178009E0,-2.746149302E0,2.487575531E0
2.203300041E1,9.923966408E0,-2.765302896E0,2.518700123E0
2.203506968E1,1.000536919E1,-2.839523315E0,2.595314741E0
2.203710398E1,1.013704967E1,-2.928108692E0,2.652775526E0
2.203917283E1,1.019690514E1,-2.978386879E0,2.686294317E0
2.204120702E1,1.031422138E1,-3.057395458E0,2.760514498E0
2.204323914E1,1.043393135E1,-3.138798475E0,2.827552319E0
2.204527018E1,1.050096893E1,-3.177105665E0,2.856282711E0
2.204733871E1,1.060391903E1,-3.220201254E0,2.889801502E0
2.204937298E1,1.072362900E1,-3.284844637E0,2.868253708E0
2.205144152E1,1.078108978E1,-3.320757866E0,2.858676910E0
2.205347618E1,1.091037750E1,-3.402160645E0,2.803610086E0
2.205550018E1,1.104205799E1,-3.473986626E0,2.700659513E0
2.205749975E1,1.111867237E1,-3.517082214E0,2.643198729E0
2.205956852E1,1.127190113E1,-3.581725836E0,2.516305923E0
2.206160314E1,1.143231297E1,-3.663128614E0,2.348711967E0
2.206367191E1,1.159272480E1,-3.703830004E0,2.257732153E0
2.206584121E1,1.166933918E1,-3.751713991E0,2.056619167E0
2.206775929E1,1.181299114E1,-3.799597979E0,1.853112102E0
2.206975960E1,1.198058510E1,-3.818751812E0,1.642422318E0
2.207182852E1,1.206438255E1,-3.864241600E0,1.529894829E0
2.207386314E1,1.221521664E1,-3.895366192E0,1.304839969E0
2.207593210E1,1.234689808E1,-3.919308186E0,1.130063176E0
2.207796656E1,1.241393566E1,-3.912125587E0,1.029506683E0
2.208003548E1,1.251688671E1,-3.876212597E0,8.212111592E-1
2.208206987E1,1.260307789E1,-3.864241600E0,6.057330370E-1
2.208408883E1,1.264856720E1,-3.849876404E0,4.955997467E-1
2.208617441E1,1.272518158E1,-3.811569214E0,2.801215947E-1
2.208813675E1,1.281376743E1,-3.787626982E0,5.506663769E-2
2.209013544E1,1.284010410E1,-3.773261786E0,-5.985504389E-2
2.209220429E1,1.290235329E1,-3.701435804E0,-2.849099934E-1
2.209423921E1,1.295741940E1,-3.622427225E0,-4.955997467E-1
2.209630806E1,1.297417927E1,-3.605667830E0,-6.057330370E-1
2.209834291E1,1.301727486E1,-3.531447411E0,-8.068459630E-1
2.210041179E1,1.306037045E1,-3.450044632E0,-9.768342972E-1
2.210244633E1,1.307234097E1,-3.406949043E0,-1.058237195E0
2.210446025E1,1.310107136E1,-3.339911461E0,-1.204283476E0
2.210646164E1,1.314177322E1,-3.248931646E0,-1.326387763E0
2.210853014E1,1.316571522E1,-3.203441858E0,-1.364694953E0
2.211056460E1,1.320641613E1,-3.088520288E0,-1.436521053E0
2.211263379E1,1.326387787E1,-2.987963676E0,-1.486799240E0
2.211466841E1,1.330936718E1,-2.880224705E0,-1.491587639E0
2.211673695E1,1.332852077E1,-2.829946518E0,-1.501164436E0
2.211877160E1,1.336922264E1,-2.717418909E0,-1.503558636E0
2.212083975E1,1.339076996E1,-2.604891539E0,-1.510741234E0
2.212287418E1,1.339555836E1,-2.557007313E0,-1.520318031E0
2.212489229E1,1.337879944E1,-2.482787132E0,-1.561019540E0
2.212689179E1,1.332852077E1,-2.391807556E0,-1.582567334E0
2.212896095E1,1.329500198E1,-2.343923569E0,-1.592144132E0
2.213099502E1,1.325430107E1,-2.260126352E0,-1.642422318E0
2.213306375E1,1.317289734E1,-2.178723574E0,-1.716642618E0
2.213509825E1,1.312261963E1,-2.135627985E0,-1.752555609E0
2.213716660E1,1.302685165E1,-2.061407566E0,-1.850717902E0
2.213920121E1,1.290714169E1,-1.996764183E0,-1.987187386E0
2.214126998E1,1.283531570E1,-1.951274395E0,-2.061407566E0
2.214330425E1,1.273954678E1,-1.872265697E0,-2.248155355E0
2.214537291E1,1.264377880E1,-1.786074519E0,-2.458845139E0
2.214746329E1,1.253364563E1,-1.714248419E0,-2.691082716E0
2.214941825E1,1.249055004E1,-1.666364431E0,-2.796427488E0
2.215141806E1,1.243069553E1,-1.553836942E0,-3.035847664E0
2.215348714E1,1.233971596E1,-1.450886250E0,-3.284844637E0
2.215552183E1,1.229422569E1,-1.398213744E0,-3.416525841E0
2.215759075E1,1.218888092E1,-1.278503656E0,-3.682282209E0
2.215962548E1,1.205480576E1,-1.154005170E0,-3.955221176E0
2.216169425E1,1.199495029E1,-1.094150186E0,-4.084507942E0
2.216372887E1,1.187524033E1,-9.385270476E-1,-4.340687752E0
2.216574783E1,1.176031876E1,-7.852981687E-1,-4.589684486E0
2.216783314E1,1.170046329E1,-7.110779285E-1,-4.707000732E0
2.216979471E1,1.156638813E1,-5.578489900E-1,-4.958391666E0
2.217179452E1,1.141076565E1,-4.141969085E-1,-5.209783077E0
2.217386364E1,1.134133339E1,-3.351882398E-1,-5.319916248E0
2.217589764E1,1.120486355E1,-1.891419291E-1,-5.542576790E0
2.217796698E1,1.104924107E1,-5.506663769E-2,-5.741295815E0
2.218000141E1,1.096783829E1,9.576806799E-3,-5.834669590E0
2.218207060E1,1.077151299E1,1.556231081E-1,-5.999869347E0
2.218410575E1,1.058955383E1,2.873041928E-1,-6.138733387E0
2.218617456E1,1.049139214E1,3.567360640E-1,-6.179434776E0
2.218821175E1,1.027112484E1,5.051765442E-1,-6.239289761E0
2.219028064E1,1.004607010E1,6.105214357E-1,-6.260837555E0
2.219231587E1,9.835380554E0,7.110779285E-1,-6.241683960E0
2.219438460E1,9.746794701E0,7.685387731E-1,-6.220136166E0
2.219641925E1,9.536105156E0,8.858546019E-1,-6.129156113E0
2.219848756E1,9.318233490E0,1.000776291E0,-6.007051945E0
2.220052225E1,9.196128845E0,1.055842996E0,-5.947196960E0
2.220259125E1,8.925583839E0,1.180341482E0,-5.789179802E0
2.220462621E1,8.640673637E0,1.307234168E0,-5.585672379E0
2.220664502E1,8.480262756E0,1.376665950E0,-5.465962410E0
2.220867541E1,8.176198959E0,1.477222443E0,-5.195417881E0
2.221074394E1,7.891288757E0,1.601720929E0,-4.927267075E0
2.221277891E1,7.764396191E0,1.671152830E0,-4.790797710E0
2.221484810E1,7.524975777E0,1.781286120E0,-4.513070107E0
2.221688306E1,7.331045628E0,1.869871497E0,-4.213795185E0
2.221895152E1,7.228095055E0,1.900996208E0,-4.058171749E0
2.222098602E1,7.058106422E0,1.968033791E0,-3.763684988E0
2.222305510E1,6.926425457E0,2.015917778E0,-3.462015629E0
2.222508948E1,6.821080685E0,2.035071373E0,-3.162740469E0
2.222715810E1,6.792350292E0,2.039859772E0,-3.004723072E0
2.222924964E1,6.766014099E0,2.056619167E0,-2.693476915E0
2.223121214E1,6.777985096E0,2.015917778E0,-2.391807556E0
2.223321183E1,6.801927090E0,1.980004787E0,-2.245761156E0
2.223528091E1,6.856993675E0,1.896207690E0,-1.968033791E0
2.223731571E1,6.950367451E0,1.783680320E0,-1.685518026E0
2.223938456E1,6.995857239E0,1.721431017E0,-1.553836942E0
2.224141910E1,7.079654217E0,1.589749932E0,-1.312022567E0
2.224348779E1,7.204153061E0,1.410184860E0,-1.077390790E0
2.224552233E1,7.283161640E0,1.319205165E0,-9.720458984E-1
2.224753994E1,7.422025204E0,1.106121182E0,-7.829039693E-1
2.224962548E1,7.568071365E0,8.810662031E-1,-6.129156351E-1
2.225158783E1,7.647080421E0,7.565677166E-1,-5.363011956E-1
2.225358748E1,7.814674377E0,5.147533417E-1,-3.998316824E-1
2.225565656E1,7.982268333E0,2.466027737E-1,-2.633621991E-1
2.225769141E1,8.070854187E0,1.101332754E-1,-1.987187415E-1
2.225976025E1,8.259995461E0,-1.651999205E-1,-1.029506698E-1
2.226179502E1,8.441955566E0,-4.333505034E-1,-2.873042040E-2
2.226386371E1,8.643068314E0,-5.841852427E-1,4.788403399E-3
2.226589829E1,8.741230011E0,-8.858546019E-1,5.267243832E-2
2.226791941E1,8.918401718E0,-1.154005170E0,7.422025502E-2
2.226992041E1,9.085995674E0,-1.295263171E0,7.900865376E-2
2.227198960E1,9.186552048E0,-1.584961534E0,8.379705995E-2
2.227402444E1,9.399636269E0,-1.845929503E0,6.224924326E-2
2.227609333E1,9.607931137E0,-2.133233786E0,3.591302410E-2
2.227812779E1,9.710882187E0,-2.269703150E0,2.154781483E-2
2.228019652E1,9.904812813E0,-2.568978310E0,-1.675941236E-2
2.228223110E1,1.010113716E1,-2.825158119E0,-5.027823523E-2
2.228429948E1,1.020169353E1,-2.949656487E0,-7.422025502E-2
2.228633391E1,1.038125896E1,-3.234566450E0,-1.101332754E-1
2.228835214E1,1.057997704E1,-3.497928619E0,-1.651999205E-1
2.229038379E1,1.067335129E1,-3.632004023E0,-1.963245422E-1
2.229245237E1,1.083136845E1,-3.888183594E0,-2.801215947E-1
2.229448652E1,1.099417400E1,-4.127603531E0,-3.758896589E-1
2.229655483E1,1.106360626E1,-4.256890774E0,-4.309563041E-1
2.229858914E1,1.120965195E1,-4.505887508E0,-5.386953950E-1
2.230061318E1,1.133175659E1,-4.716577530E0,-6.560112834E-1
2.230261279E1,1.138921738E1,-4.812345505E0,-7.110779285E-1
2.230468206E1,1.149695683E1,-4.979939461E0,-8.259995580E-1
2.230671644E1,1.156638813E1,-5.149928093E0,-9.552865028E-1
2.230878568E1,1.164539719E1,-5.214571476E0,-1.055842996E0
2.231095468E1,1.168609810E1,-5.339069843E0,-1.103726983E0
2.231287291E1,1.170285797E1,-5.413290024E0,-1.194706678E0
2.231487283E1,1.170764637E1,-5.470750809E0,-1.244984865E0
2.231694210E1,1.167891598E1,-5.475539207E0,-1.276109457E0
2.231897744E1,1.161666679E1,-5.437232018E0,-1.319205165E0
2.232104679E1,1.154723454E1,-5.379771233E0,-1.350329757E0
2.232308164E1,1.150413895E1,-5.334281445E0,-1.362300754E0
2.232515033E1,1.141076565E1,-5.185841084E0,-1.357512355E0
2.232718521E1,1.129823780E1,-4.991910458E0,-1.316810966E0
2.232920110E1,1.123120022E1,-4.872200489E0,-1.295263171E0
2.233128721E1,1.108275986E1,-4.630385876E0,-1.230619669E0
2.233324968E1,1.092953110E1,-4.359841347E0,-1.149216771E0
2.233524918E1,1.082658005E1,-4.211400986E0,-1.101332784E0
2.233731806E1,1.062067890E1,-3.907337189E0,-1.000776291E0
2.233935225E1,1.042914295E1,-3.557783842E0,-9.121908545E-1
2.234142060E1,1.031900978E1,-3.392583847E0,-8.690952063E-1
2.234345452E1,1.010113716E1,-3.057395458E0,-7.948749661E-1
2.234552260E1,9.878476143E0,-2.746149302E0,-7.254431248E-1
2.234755694E1,9.785101891E0,-2.590526342E0,-6.847416759E-1
2.234962517E1,9.552865028E0,-2.257732153E0,-6.153098345E-1
2.235166221E1,9.334992409E0,-1.960851192E0,-5.363011956E-1
2.235373033E1,9.145850182E0,-1.671152830E0,-4.836287498E-1
2.235576506E1,9.052476883E0,-1.529894829E0,-4.548983276E-1
2.235783448E1,8.848969460E0,-1.264138460E0,-3.950432837E-1
2.235986917E1,8.662221909E0,-9.840168953E-1,-3.495534360E-1
2.236193821E1,8.561665535E0,-8.499416113E-1,-3.327940404E-1
2.236397310E1,8.401253700E0,-6.033388376E-1,-3.088520169E-1
2.236604194E1,8.236053467E0,-3.711012602E-1,-2.849099934E-1
2.236807698E1,8.159439087E0,-2.585737705E-1,-2.849099934E-1
2.237009352E1,8.008605003E0,-3.351882473E-2,-2.992752194E-1
2.237212487E1,7.874529362E0,1.699883193E-1,-2.896983922E-1
2.237419371E1,7.814674377E0,2.729389966E-1,-3.040636182E-1
2.237622860E1,7.678205013E0,4.979939461E-1,-3.471592367E-1
2.237829725E1,7.517793179E0,7.182605267E-1,-3.806780577E-1
2.238033229E1,7.357381821E0,8.259995580E-1,-4.094084799E-1
2.238240171E1,7.280767441E0,1.012747288E0,-4.261679053E-1
2.238443671E1,7.187393665E0,1.189918280E0,-4.644751251E-1
2.238650521E1,7.089231014E0,1.362300754E0,-5.027823448E-1
2.238853967E1,7.043741226E0,1.450886250E0,-5.171475410E-1
2.239060894E1,6.969521046E0,1.599326730E0,-5.458779931E-1
2.239270056E1,6.902483463E0,1.721431017E0,-5.889736414E-1
2.239466225E1,6.876147270E0,1.766920805E0,-5.961562395E-1
2.239666187E1,6.835445881E0,1.845929503E0,-5.985504389E-1
2.239873037E1,6.801927090E0,1.917755604E0,-5.961562395E-1
2.240076491E1,6.777985096E0,1.944091797E0,-5.889736414E-1
2.240283402E1,6.775590897E0,1.991975784E0,-5.674257874E-1
2.240486848E1,6.763619900E0,1.987187386E0,-5.530605912E-1
2.240693733E1,6.766014099E0,1.989581585E0,-5.458779931E-1
2.240897225E1,6.777985096E0,2.001552582E0,-5.219359994E-1
2.241098852E1,6.799532890E0,1.960851192E0,-4.979939461E-1
2.241307402E1,6.823474884E0,1.932120800E0,-4.860229492E-1
2.241503637E1,6.823474884E0,1.872265697E0,-4.860229492E-1
2.241703625E1,6.852205276E0,1.786074519E0,-4.788403511E-1
2.241910494E1,6.876147270E0,1.735796213E0,-4.644751251E-1
2.242113964E1,6.912060261E0,1.618480325E0,-4.381389022E-1
2.242320864E1,6.969521046E0,1.522712231E0,-4.285621047E-1
2.242524306E1,7.029376030E0,1.460463047E0,-4.118026793E-1
2.242731183E1,7.060500622E0,1.323993564E0,-4.070142806E-1
2.242934671E1,7.137115479E0,1.187524080E0,-4.022258818E-1
2.243136152E1,7.213729858E0,1.051054597E0,-3.854664862E-1
2.243336148E1,7.261613846E0,9.744400978E-1,-3.711012602E-1
2.243543087E1,7.369352818E0,8.379706144E-1,-3.806780577E-1
2.243746514E1,7.479485989E0,6.991068721E-1,-3.782838583E-1
2.243953421E1,7.539340973E0,6.368576288E-1,-3.734954596E-1
2.244156879E1,7.651868820E0,5.123591423E-1,-3.878606856E-1
2.244363740E1,7.766790390E0,3.830722570E-1,-3.926490843E-1
2.244567187E1,7.824251175E0,3.232172430E-1,-3.926490843E-1
2.244774033E1,7.960720539E0,2.130839527E-1,-3.878606856E-1
2.244977537E1,8.111555099E0,8.140286058E-2,-3.854664862E-1
2.245180729E1,8.169015884E0,2.873042040E-2,-3.758896589E-1
2.245383825E1,8.310274124E0,-7.182604820E-2,-3.591302633E-1
2.245590679E1,8.446743965E0,-1.388636976E-1,-3.519476354E-1
2.245794137E1,8.513781548E0,-1.843535304E-1,-3.423708379E-1
2.246001006E1,8.652645111E0,-2.681505978E-1,-3.136404157E-1
2.246204452E1,8.784325600E0,-3.399766386E-1,-2.968810201E-1
2.246411356E1,8.918401718E0,-3.974374831E-1,-2.849099934E-1
2.246614898E1,8.983044624E0,-4.094084799E-1,-2.705447972E-1
2.246821798E1,9.088389397E0,-4.501099288E-1,-2.561795712E-1
2.247025240E1,9.200917244E0,-4.812345505E-1,-2.298433632E-1
2.247225514E1,9.258378029E0,-4.979939461E-1,-2.226607651E-1
2.247434621E1,9.361329079E0,-5.171475410E-1,-2.178723514E-1
2.247629914E1,9.457097054E0,-5.147533417E-1,-1.963245422E-1
2.247829891E1,9.500192642E0,-5.171475410E-1,-1.843535304E-1
2.248036729E1,9.588777542E0,-5.267243981E-1,-1.747767180E-1
2.248240171E1,9.639056206E0,-5.195417404E-1,-1.651999205E-1
2.248447010E1,9.674968719E0,-5.171475410E-1,-1.556231081E-1
2.248650448E1,9.744400978E0,-4.955997467E-1,-1.340752989E-1
2.248857306E1,9.785101891E0,-4.908113480E-1,-1.101332754E-1
2.249060744E1,9.797073364E0,-4.764461517E-1,-9.576806426E-2
2.249263094E1,9.818621635E0,-4.572925270E-1,-5.985504389E-2
2.249471667E1,9.832986832E0,-4.237737060E-1,-3.830722719E-2
2.249667802E1,9.823410034E0,-4.046200812E-1,-2.154781483E-2
2.249867741E1,9.813833237E0,-3.711012602E-1,4.788403399E-3
2.250074567E1,9.763554573E0,-3.232172430E-1,2.633621916E-2
2.250277937E1,9.739612579E0,-3.136404157E-1,4.070143029E-2
2.250484814E1,9.701305389E0,-2.801215947E-1,7.661445439E-2
2.250688275E1,9.655815125E0,-2.346317619E-1,1.005564705E-1
2.250895121E1,9.581595421E0,-2.154781520E-1,1.221042871E-1
2.251098598E1,9.543288231E0,-1.795651317E-1,1.628057212E-1
2.251298806E1,9.449913979E0,-1.484405100E-1,1.987187415E-1
2.251499102E1,9.418789864E0,-1.292868853E-1,2.274491638E-1
2.251705902E1,9.342175484E0,-1.077390760E-1,2.705447972E-1
2.251909329E1,9.255983353E0,-8.619125932E-2,3.208230138E-1
2.252116183E1,9.153033257E0,-7.182604820E-2,3.711012602E-1
2.252319598E1,9.114726067E0,-7.661445439E-2,3.974374831E-1
2.252526371E1,9.042900085E0,-7.900865376E-2,4.644751251E-1
2.252729829E1,8.983044624E0,-5.267243832E-2,5.123591423E-1
2.252936617E1,8.935160637E0,-4.788403213E-2,5.410895944E-1
2.253140048E1,8.844181061E0,-5.027823523E-2,5.985504389E-1
2.253343225E1,8.791508675E0,-6.224924326E-2,6.440402865E-1
2.253546352E1,8.760383606E0,-6.943184882E-2,6.799532771E-1
2.253753221E1,8.695740700E0,-6.943184882E-2,7.398083210E-1
2.253956679E1,8.655038834E0,-8.140286058E-2,7.709329724E-1
2.254163548E1,8.635885239E0,-9.097966552E-2,7.972691655E-1
2.254366975E1,8.616731644E0,-1.125274822E-1,8.595184088E-1
2.254569360E1,8.595184326E0,-1.268926859E-1,9.193734527E-1
2.254769348E1,8.573636055E0,-1.316810995E-1,9.361328483E-1
2.254976252E1,8.535328865E0,-1.604115069E-1,9.840168953E-1
2.255179721E1,8.525752068E0,-1.987187415E-1,1.034295082E0
2.255380010E1,8.504204750E0,-2.154781520E-1,1.053448796E0
2.255596994E1,8.487444878E0,-2.466027737E-1,1.077390790E0
2.255785298E1,8.470685959E0,-2.920926213E-1,1.103726983E0
2.255985294E1,8.458714485E0,-3.016694188E-1,1.118092179E0
2.256192202E1,8.422801971E0,-3.184288144E-1,1.115697980E0
2.256395664E1,8.386888504E0,-3.351882398E-1,1.106121182E0
2.256602544E1,8.331821442E0,-3.495534360E-1,1.082179189E0
2.256805987E1,8.315062523E0,-3.591302633E-1,1.082179189E0
2.257012833E1,8.286332130E0,-3.687070608E-1,1.070208192E0
2.257216283E1,8.274360657E0,-3.902548850E-1,1.060631394E0
2.257419471E1,8.267178535E0,-3.998316824E-1,1.055842996E0
2.257627971E1,8.274360657E0,-4.213795066E-1,1.046266198E0
2.257824156E1,8.305485725E0,-4.357447028E-1,1.027112484E0
2.258024114E1,8.319850922E0,-4.285621047E-1,1.017535686E0
2.258231017E1,8.319850922E0,-4.405331016E-1,1.017535686E0
2.258434471E1,8.339004517E0,-4.548983276E-1,1.010353088E0
2.258641340E1,8.350975990E0,-4.644751251E-1,1.000776291E0
2.258844810E1,8.401253700E0,-4.884171486E-1,9.816226959E-1
2.259051714E1,8.449137688E0,-4.932055473E-1,9.720458984E-1
2.259255221E1,8.492233276E0,-4.955997467E-1,9.648633003E-1
2.259458198E1,8.556877136E0,-5.075707436E-1,9.457096457E-1
2.259658375E1,8.645462036E0,-5.291185975E-1,9.313444495E-1
2.259865198E1,8.695740700E0,-5.291185975E-1,9.289502501E-1
2.260068667E1,8.817844391E0,-5.291185975E-1,9.002198577E-1
2.260275548E1,8.949525833E0,-5.458779931E-1,8.786720037E-1
2.260478990E1,9.088389397E0,-5.506663918E-1,8.714894056E-1
2.260685890E1,9.155426979E0,-5.410895944E-1,8.475474119E-1
2.260889325E1,9.296685219E0,-5.506663918E-1,8.140285611E-1
2.261096264E1,9.435548782E0,-5.602431893E-1,8.020575643E-1
2.261299729E1,9.507374763E0,-5.506663918E-1,7.805097699E-1
2.261503010E1,9.658209801E0,-5.530605912E-1,7.278373241E-1
2.261706102E1,9.825803757E0,-5.434837937E-1,6.655880809E-1
2.261912948E1,9.900024414E0,-5.339069963E-1,6.296750307E-1
2.262116414E1,1.003170490E1,-5.003881454E-1,5.530605912E-1
2.262323279E1,1.017296314E1,-4.932055473E-1,4.596867263E-1
2.262526756E1,1.024239445E1,-4.860229492E-1,4.189853072E-1
2.262733667E1,1.038125896E1,-4.716577232E-1,3.256114423E-1
2.262937144E1,1.055364132E1,-4.477157295E-1,2.202665508E-1
2.263144017E1,1.063983250E1,-4.405331016E-1,1.771709323E-1
2.263347490E1,1.080742645E1,-4.261679053E-1,7.422025502E-2
2.263554360E1,1.097980881E1,-4.046200812E-1,-9.576806799E-3
2.263765479E1,1.114500904E1,-4.022258818E-1,-1.077390760E-1
2.263961567E1,1.123838234E1,-4.094084799E-1,-1.412578970E-1
2.264161544E1,1.143231297E1,-4.405331016E-1,-2.130839527E-1
2.264368383E1,1.161427212E1,-4.333505034E-1,-2.633621991E-1
2.264571825E1,1.171722317E1,-4.429273009E-1,-2.896983922E-1
2.264778675E1,1.189678860E1,-4.572925270E-1,-3.040636182E-1
2.264982179E1,1.207395935E1,-4.788403511E-1,-3.064578176E-1
2.265189056E1,1.216015053E1,-4.908113480E-1,-3.112462163E-1
2.265392506E1,1.231816769E1,-5.291185975E-1,-3.040636182E-1
2.265594079E1,1.244745445E1,-5.913678408E-1,-2.825157940E-1
2.265802679E1,1.249773312E1,-6.200982332E-1,-2.657563984E-1
2.265998867E1,1.260547161E1,-6.943184733E-1,-2.226607651E-1
2.266198790E1,1.268208599E1,-7.805097699E-1,-1.460463107E-1
2.266405621E1,1.270842266E1,-8.236053586E-1,-8.619125932E-2
2.266609067E1,1.272757626E1,-9.026140571E-1,2.873042040E-2
2.266815917E1,1.272278786E1,-9.840168953E-1,1.651999205E-1
2.267019398E1,1.269166279E1,-1.029506683E0,2.513911724E-1
2.267226329E1,1.261504841E1,-1.127668977E0,4.405331016E-1
2.267429821E1,1.252406883E1,-1.233013868E0,6.248866320E-1
2.267636637E1,1.240196514E1,-1.285686255E0,7.254431248E-1
2.267840437E1,1.233253288E1,-1.376665950E0,9.528923035E-1
2.268047348E1,1.217690945E1,-1.501164436E0,1.165976286E0
2.268250798E1,1.200213337E1,-1.637633920E0,1.410184860E0
2.268457710E1,1.190875912E1,-1.699883223E0,1.532289028E0
2.268661171E1,1.172679996E1,-1.826775908E0,1.759738207E0
2.268868029E1,1.154484081E1,-1.965639591E0,2.003946781E0
2.269071544E1,1.145625496E1,-2.042253971E0,2.123656988E0
2.269278448E1,1.125035381E1,-2.212242365E0,2.363077164E0
2.269481902E1,1.107078838E1,-2.394201756E0,2.612074137E0
2.269684129E1,1.097980881E1,-2.485181332E0,2.729389906E0
2.269887310E1,1.078827286E1,-2.655169725E0,2.956839085E0
2.270094186E1,1.060152531E1,-2.829946518E0,3.181894064E0
2.270297648E1,1.050815105E1,-2.923320293E0,3.284844637E0
2.270504490E1,1.033816338E1,-3.138798475E0,3.464409828E0
2.270707956E1,1.017535686E1,-3.335123062E0,3.605667830E0
2.270914825E1,1.003888798E1,-3.435679436E0,3.727771997E0
2.271118264E1,9.971850395E0,-3.627215624E0,3.773261786E0
2.271325133E1,9.854534149E0,-3.816357613E0,3.837905407E0
2.271528575E1,9.789890289E0,-3.976768970E0,3.866635799E0
2.271735425E1,9.761159897E0,-4.048594952E0,3.859453201E0
2.271944506E1,9.809044838E0,-4.141968727E0,3.792415380E0
2.272140687E1,9.945513725E0,-4.199429989E0,3.677493811E0
2.272340640E1,1.003409958E1,-4.218583584E0,3.596091032E0
2.272547506E1,1.027351952E1,-4.271255970E0,3.375824451E0
2.272750948E1,1.058716011E1,-4.278438568E0,3.086126089E0
2.272957814E1,1.077869606E1,-4.271255970E0,2.930502892E0
2.273161298E1,1.116176796E1,-4.259284973E0,2.600103140E0
2.273368214E1,1.156159973E1,-4.247313976E0,2.250549555E0
2.273571698E1,1.178186703E1,-4.228160381E0,2.068590164E0
2.273773394E1,1.218888092E1,-4.180276394E0,1.702277422E0
2.273981848E1,1.256716442E1,-4.120420933E0,1.328781962E0
2.274177290E1,1.276588345E1,-4.091690540E0,1.146822572E0
2.274377148E1,1.317050362E1,-4.010287762E0,7.445967197E-1
2.274584013E1,1.355836391E1,-3.909731388E0,3.208230138E-1
2.274787417E1,1.373553562E1,-3.857059002E0,9.097966552E-2
2.274994352E1,1.407311726E1,-3.730166197E0,-3.639186621E-1
2.275197829E1,1.438196945E1,-3.600879431E0,-8.403648138E-1
2.275404675E1,1.470997524E1,-3.529053211E0,-1.352723956E0
2.275608136E1,1.487038708E1,-3.339911461E0,-1.618480325E0
2.275809513E1,1.516487312E1,-3.143586874E0,-2.123656988E0
2.276009710E1,1.547372532E1,-3.033453465E0,-2.377442360E0
2.276216640E1,1.562216568E1,-2.813186884E0,-2.861071110E0
2.276420110E1,1.589989376E1,-2.585737944E0,-3.363853455E0
2.276626994E1,1.615367889E1,-2.327163935E0,-3.842693806E0
2.276830456E1,1.625662994E1,-2.202665567E0,-4.072536945E0
2.277037333E1,1.644577217E1,-1.922544003E0,-4.474762917E0
2.277240752E1,1.657266426E1,-1.604115129E0,-4.829104900E0
2.277447567E1,1.662054825E1,-1.465251446E0,-4.987122059E0
2.277650960E1,1.663012505E1,-1.177947283E0,-5.252878666E0
2.277852498E1,1.657745171E1,-9.002198577E-1,-5.482721806E0
2.278055594E1,1.651759720E1,-7.541735172E-1,-5.578489780E0
2.278262483E1,1.629733086E1,-4.692635238E-1,-5.724536419E0
2.278465910E1,1.599805546E1,-1.963245422E-1,-5.810727596E0
2.278672740E1,1.580173111E1,-6.224924326E-2,-5.834669590E0
2.278876179E1,1.537556362E1,1.963245422E-1,-5.865794182E0
2.279078644E1,1.488235760E1,4.189853072E-1,-5.870582581E0
2.279278598E1,1.461181259E1,5.386953950E-1,-5.865794182E0
2.279485425E1,1.408269405E1,7.972691655E-1,-5.846640587E0
2.279688867E1,1.351766300E1,1.060631394E0,-5.841852188E0
2.279895733E1,1.295023727E1,1.312022567E0,-5.851428986E0
2.280112706E1,1.265575027E1,1.417367458E0,-5.851428986E0
2.280304456E1,1.212184334E1,1.637633920E0,-5.827486992E0
2.280504433E1,1.164779091E1,1.884236693E0,-5.781997204E0
2.280711271E1,1.141555405E1,1.994369984E0,-5.755661011E0
2.280914748E1,1.092474270E1,2.173935175E0,-5.667075634E0
2.281121606E1,1.047223854E1,2.351106167E0,-5.537788391E0
2.281325113E1,1.025915432E1,2.425326347E0,-5.465962410E0
2.281532033E1,9.861717224E0,2.545036316E0,-5.284003258E0
2.281735521E1,9.488221169E0,2.612074137E0,-5.080495834E0
2.281937433E1,9.294290543E0,2.647987127E0,-4.975151062E0
2.282145960E1,8.901641846E0,2.650381327E0,-4.754884720E0
2.282342248E1,8.525752068E0,2.624045134E0,-4.539406300E0
2.282542248E1,8.348581314E0,2.602497339E0,-4.429273129E0
2.282749210E1,8.020575523E0,2.518700123E0,-4.211400986E0
2.282952740E1,7.706935406E0,2.403778553E0,-4.015076160E0
2.283159702E1,7.560888767E0,2.346317768E0,-3.921702385E0
2.283363190E1,7.283161640E0,2.231395960E0,-3.758896589E0
2.283570048E1,7.012616634E0,2.035071373E0,-3.620033026E0
2.283773525E1,6.782773495E0,1.936909199E0,-3.552995205E0
2.283980348E1,6.682217121E0,1.750161409E0,-3.423708439E0
2.284184079E1,6.466738701E0,1.546654344E0,-3.301604033E0
2.284390960E1,6.315904140E0,1.331176162E0,-3.174711466E0
2.284594417E1,6.251260757E0,1.223437071E0,-3.107673883E0
2.284801252E1,6.138733387E0,9.768342972E-1,-2.983175278E0
2.285004698E1,6.064512730E0,7.469909191E-1,-2.846705914E0
2.285211540E1,6.042964935E0,6.416460276E-1,-2.779668093E0
2.285414990E1,6.035782337E0,4.333505034E-1,-2.645592928E0
2.285621879E1,6.057330132E0,2.442085743E-1,-2.482787132E0
2.285825367E1,6.074089527E0,1.532289088E-1,-2.408566952E0
2.286027048E1,6.112396717E0,-4.548983276E-2,-2.252943754E0
2.286230275E1,6.193799973E0,-2.226607651E-1,-2.104503393E0
2.286437152E1,6.256049156E0,-3.040636182E-1,-2.051830769E0
2.286640606E1,6.392518520E0,-4.764461517E-1,-1.944091797E0
2.286847475E1,6.569689274E0,-6.631938815E-1,-1.841141105E0
2.287050910E1,6.775590897E0,-7.422025204E-1,-1.810016513E0
2.287257802E1,6.880935669E0,-8.810662031E-1,-1.738190413E0
2.287461233E1,7.105990410E0,-1.019929886E0,-1.685518026E0
2.287668160E1,7.321468830E0,-1.156399369E0,-1.651999116E0
2.287871667E1,7.443572998E0,-1.216254473E0,-1.644816518E0
2.288078583E1,7.680599213E0,-1.304839969E0,-1.640028119E0
2.288287771E1,7.910442352E0,-1.403002143E0,-1.635239720E0
2.288484010E1,8.022970200E0,-1.453280449E0,-1.635239720E0
2.288683963E1,8.250418663E0,-1.520318031E0,-1.642422318E0
2.288890852E1,8.480262756E0,-1.563413739E0,-1.651999116E0
2.289094310E1,8.583212852E0,-1.570596337E0,-1.651999116E0
2.289301183E1,8.798690796E0,-1.570596337E0,-1.683123827E0
2.289504644E1,8.999804497E0,-1.529894829E0,-1.726219416E0
2.289711552E1,9.100360870E0,-1.489193439E0,-1.759738207E0
2.289915071E1,9.308655739E0,-1.386242747E0,-1.821987510E0
2.290116794E1,9.493009567E0,-1.254561663E0,-1.910573006E0
2.290325333E1,9.667786598E0,-1.177947283E0,-1.965639591E0
2.290521536E1,9.751583099E0,-1.003170490E0,-2.090138197E0
2.290721517E1,9.892841339E0,-8.164227605E-1,-2.207453966E0
2.290928452E1,9.959878922E0,-7.206547260E-1,-2.279279947E0
2.291131960E1,1.006043530E1,-5.171475410E-1,-2.422932148E0
2.291338894E1,1.011310768E1,-3.064578176E-1,-2.537853718E0
2.291542371E1,1.016099167E1,-1.867477298E-1,-2.628833532E0
2.291749310E1,1.019451046E1,4.788403399E-3,-2.667140722E0
2.291952775E1,1.023521233E1,2.250549644E-1,-2.765302896E0
2.292154790E1,1.027830791E1,4.525041282E-1,-2.853888512E0
2.292354852E1,1.029027843E1,5.626373887E-1,-2.904166698E0
2.292561702E1,1.034055710E1,7.924807668E-1,-3.009511471E0
2.292765121E1,1.038125896E1,1.027112484E0,-3.112462282E0
2.292972033E1,1.038844109E1,1.130063176E0,-3.148375273E0
2.293175487E1,1.042674828E1,1.338358760E0,-3.232172251E0
2.293382398E1,1.046505547E1,1.546654344E0,-3.320757866E0
2.293585863E1,1.048181534E1,1.647210717E0,-3.363853455E0
2.293792710E1,1.053688145E1,1.841141105E0,-3.450044632E0
2.293996179E1,1.061589050E1,2.037465572E0,-3.517082214E0
2.294198498E1,1.065659142E1,2.121262789E0,-3.545812607E0
2.294401675E1,1.077390766E1,2.262520552E0,-3.624821424E0
2.294608486E1,1.086488724E1,2.387019157E0,-3.687070608E0
2.294811902E1,1.090319443E1,2.463633537E0,-3.713406801E0
2.295018767E1,1.097741508E1,2.602497339E0,-3.768473387E0
2.295222183E1,1.108515358E1,2.693476915E0,-3.799597979E0
2.295429036E1,1.114979744E1,2.779668093E0,-3.823540211E0
2.295632490E1,1.117613316E1,2.808398485E0,-3.830722809E0
2.295839379E1,1.119289303E1,2.882618904E0,-3.849876404E0
2.296042848E1,1.116416264E1,2.916137695E0,-3.849876404E0
2.296249686E1,1.112824917E1,2.911349297E0,-3.847482204E0
2.296458863E1,1.108036518E1,2.875436306E0,-3.823540211E0
2.296655083E1,1.098459721E1,2.827552319E0,-3.806780815E0
2.296854990E1,1.094389629E1,2.782062292E0,-3.782838583E0
2.297061852E1,1.085531044E1,2.679111719E0,-3.732560396E0
2.297265294E1,1.072123528E1,2.568978310E0,-3.677493811E0
2.297472140E1,1.063504410E1,2.506729126E0,-3.639186621E0
2.297675571E1,1.043153667E1,2.343923569E0,-3.548206806E0
2.297882417E1,1.021845245E1,2.154781580E0,-3.442862034E0
2.298085894E1,1.010592556E1,2.059013367E0,-3.390189648E0
2.298285913E1,9.832986832E0,1.819593310E0,-3.256114244E0
2.298494475E1,9.555258751E0,1.537077546E0,-3.083731890E0
2.298690710E1,9.411606789E0,1.398213744E0,-2.987963676E0
2.298890698E1,9.145850182E0,1.103726983E0,-2.789244890E0
2.299097583E1,8.894459724E0,8.020575643E-1,-2.561795712E0
2.299301052E1,8.774748802E0,6.512228847E-1,-2.444479942E0
2.299507886E1,8.556877136E0,3.519476354E-1,-2.229001760E0
2.299711286E1,8.401253700E0,-1.436521020E-2,-1.980004787E0
2.299918167E1,8.238448143E0,-3.495534360E-1,-1.723825216E0
2.300121583E1,8.157045364E0,-5.291185975E-1,-1.599326730E0
2.300328448E1,8.039729118E0,-8.786720037E-1,-1.362300754E0
2.300532063E1,7.912836552E0,-1.201889277E0,-1.130063176E0
2.300738933E1,7.855375767E0,-1.359906554E0,-1.022324085E0
2.300942383E1,7.735665798E0,-1.671152830E0,-8.451532125E-1
2.301149186E1,7.625532627E0,-1.960851192E0,-6.512228847E-1
2.301352667E1,7.563282967E0,-2.085349798E0,-5.626373887E-1
2.301559540E1,7.460332394E0,-2.317587137E0,-4.118026793E-1
2.301762983E1,7.398083210E0,-2.557007313E0,-2.489969730E-1
2.301969829E1,7.366958618E0,-2.650381327E0,-1.843535304E-1
2.302173256E1,7.314286232E0,-2.868253708E0,-4.788403213E-2
2.302375583E1,7.280767441E0,-3.102885485E0,8.619125932E-2
2.302578625E1,7.266402245E0,-3.222595453E0,1.436520964E-1
2.302785483E1,7.247248650E0,-3.462015629E0,2.609679997E-1
2.302988960E1,7.216124058E0,-3.684676409E0,3.471592367E-1
2.303195890E1,7.199364662E0,-3.878606796E0,4.237737060E-1
2.303399321E1,7.180211067E0,-3.971980572E0,4.668693244E-1
2.303601767E1,7.175422668E0,-4.141968727E0,5.147533417E-1
2.303801736E1,7.175422668E0,-4.292803764E0,5.530605912E-1
2.304008606E1,7.192182064E0,-4.362235546E0,5.698199868E-1
2.304212071E1,7.223306656E0,-4.486733913E0,5.770025849E-1
2.304418933E1,7.273584843E0,-4.558559895E0,5.530605912E-1
2.304635898E1,7.295132637E0,-4.592078686E0,5.386953950E-1
2.304827756E1,7.362170219E0,-4.639962673E0,5.027823448E-1
2.305027729E1,7.438784599E0,-4.661510944E0,4.572925270E-1
2.305234590E1,7.477091789E0,-4.654327869E0,4.381389022E-1
2.305438033E1,7.529764175E0,-4.623203278E0,4.070142806E-1
2.305644936E1,7.611167431E0,-4.560954094E0,3.711012602E-1
2.305848398E1,7.651868820E0,-4.508281708E0,3.543418646E-1
2.306055286E1,7.733271599E0,-4.367023945E0,3.136404157E-1
2.306258675E1,7.838616371E0,-4.211400986E0,2.968810201E-1
2.306460960E1,7.886500359E0,-4.125209332E0,2.873041928E-1
2.306669571E1,7.991845131E0,-3.931279182E0,2.322375625E-1
2.306865836E1,8.097189903E0,-3.706224203E0,1.867477298E-1
2.307065806E1,8.147468567E0,-3.593696833E0,1.723825186E-1
2.307272702E1,8.238448143E0,-3.371036053E0,1.077390760E-1
2.307476148E1,8.346187592E0,-3.131615877E0,3.351882473E-2
2.307683052E1,8.465897560E0,-2.880224705E0,-3.830722719E-2
2.307886444E1,8.537723541E0,-2.758120298E0,-8.858546615E-2
2.308093271E1,8.667010307E0,-2.528276920E0,-1.843535304E-1
2.308296698E1,8.803479195E0,-2.298433542E0,-2.657563984E-1
2.308499710E1,8.872911453E0,-2.183511972E0,-3.088520169E-1
2.308699817E1,9.016563416E0,-1.965639591E0,-3.974374831E-1
2.308906663E1,9.181763649E0,-1.728613615E0,-4.908113480E-1
2.309110094E1,9.244012833E0,-1.613691926E0,-5.434837937E-1
2.309316986E1,9.368511200E0,-1.386242747E0,-6.536170840E-1
2.309520440E1,9.478644371E0,-1.142034173E0,-7.781155705E-1
2.309727279E1,9.526528358E0,-1.041477680E0,-8.355764151E-1
2.309930667E1,9.612719536E0,-8.259995580E-1,-9.409212470E-1
2.310137494E1,9.727641106E0,-6.105214357E-1,-1.055842996E0
2.310340932E1,9.777919769E0,-5.051765442E-1,-1.106121182E0
2.310543113E1,9.844957352E0,-2.920926213E-1,-1.228225470E0
2.310746236E1,9.904812813E0,-9.097966552E-2,-1.333570361E0
2.310953048E1,9.964667320E0,7.182605099E-3,-1.431732655E0
2.311156471E1,9.988609314E0,2.082955539E-1,-1.474828243E0
2.311363271E1,1.001015759E1,3.878606856E-1,-1.551442742E0
2.311566660E1,1.001973438E1,5.841852427E-1,-1.635239720E0
2.311773452E1,1.003170490E1,6.584054828E-1,-1.683123827E0
2.311976829E1,1.003888798E1,8.283938169E-1,-1.774103403E0
2.312183767E1,1.004128170E1,1.005564690E0,-1.836352706E0
2.312387298E1,1.005085850E1,1.079784989E0,-1.869871497E0
2.312594221E1,1.005085850E1,1.230619669E0,-1.917755604E0
2.312803410E1,1.007001209E1,1.321599364E0,-1.963245392E0
2.312999629E1,1.006282997E1,1.388636947E0,-1.987187386E0
2.313199675E1,1.005325317E1,1.515529633E0,-2.023100376E0
2.313406571E1,1.004607010E1,1.606509328E0,-2.044648170E0
2.313610052E1,1.003888798E1,1.649604917E0,-2.042253971E0
2.313816921E1,1.004846478E1,1.716642618E0,-2.023100376E0
2.314020379E1,1.010831928E1,1.738190413E0,-2.023100376E0
2.314227283E1,1.016338634E1,1.750161409E0,-2.020706177E0
2.314430763E1,1.018493366E1,1.750161409E0,-2.018311977E0
2.314633279E1,1.021845245E1,1.738190413E0,-1.996764183E0
2.314842086E1,1.024239445E1,1.704671621E0,-1.975216389E0
2.315037394E1,1.024000072E1,1.687912226E0,-1.968033791E0
2.315237448E1,1.025675964E1,1.637633920E0,-1.912967205E0
2.315444363E1,1.025436592E1,1.606509328E0,-1.855506301E0
2.315647852E1,1.024957752E1,1.527500629E0,-1.831564307E0
2.315854756E1,1.021845245E1,1.429338455E0,-1.771709204E0
2.316058236E1,1.021605873E1,1.307234168E0,-1.709460020E0
2.316265136E1,1.022084713E1,1.252167463E0,-1.663970232E0
2.316468632E1,1.021366405E1,1.096544385E0,-1.584961534E0
2.316668898E1,1.021845245E1,9.409212470E-1,-1.513135433E0
2.316869171E1,1.022084713E1,8.595184088E-1,-1.458068848E0
2.317076098E1,1.016578007E1,7.110779285E-1,-1.331176162E0
2.317279559E1,1.011071396E1,5.386953950E-1,-1.225831270E0
2.317486452E1,1.006043530E1,4.668693244E-1,-1.165976286E0
2.317689917E1,9.988609314E0,3.016694188E-1,-1.046266198E0
2.317896771E1,9.902418137E0,1.388636976E-1,-9.193734527E-1
2.318100236E1,9.852140427E0,5.746084079E-2,-8.667010069E-1
2.318307132E1,9.761159897E0,-1.101332754E-1,-7.613561153E-1
2.318510629E1,9.665391922E0,-2.849099934E-1,-6.464344859E-1
2.318710602E1,9.619902611E0,-3.711012602E-1,-5.865794420E-1
2.318913748E1,9.533711433E0,-5.674257874E-1,-4.860229492E-1
2.319120613E1,9.452308655E0,-7.422025204E-1,-3.830722570E-1
2.319324044E1,9.373299599E0,-8.212111592E-1,-3.280056417E-1
2.319530875E1,9.330204010E0,-9.911994934E-1,-2.322375625E-1
2.319734352E1,9.244012833E0,-1.158793569E0,-1.173158810E-1
2.319941156E1,9.150638580E0,-1.333570361E0,-2.394201700E-3
2.320144567E1,9.109937668E0,-1.414973259E0,5.746084079E-2
2.320351417E1,9.035717010E0,-1.575384736E0,1.819593310E-1
2.320554813E1,8.951920509E0,-1.752555609E0,3.136404157E-1
2.320761644E1,8.913613319E0,-1.850717902E0,3.734954596E-1
2.320970740E1,8.817844391E0,-1.999158382E0,4.979939461E-1
2.321166890E1,8.712499619E0,-2.149993181E0,6.081272364E-1
2.321366759E1,8.659827232E0,-2.236184359E0,6.560112834E-1
2.321573563E1,8.561665535E0,-2.379836559E0,7.685387731E-1
2.321776933E1,8.485051155E0,-2.504334927E0,8.738836050E-1
2.321983744E1,8.449137688E0,-2.557007313E0,9.193734527E-1
2.322187102E1,8.403648376E0,-2.662352324E0,1.015141487E0
2.322393906E1,8.348581314E0,-2.746149302E0,1.079784989E0
2.322597313E1,8.343792915E0,-2.786850691E0,1.106121182E0
2.322799771E1,8.288725853E0,-2.858676910E0,1.161187768E0
2.323008321E1,8.271966934E0,-2.892195702E0,1.221042871E0
2.323204525E1,8.271966934E0,-2.913743496E0,1.237802267E0
2.323404471E1,8.274360657E0,-2.968810081E0,1.273715258E0
2.323611302E1,8.291120529E0,-3.007117271E0,1.309628367E0
2.323814721E1,8.324639320E0,-3.014299870E0,1.340752959E0
2.324021552E1,8.327033043E0,-3.014299870E0,1.357512355E0
2.324224990E1,8.370129585E0,-3.033453465E0,1.369483352E0
2.324431879E1,8.401253700E0,-3.043030262E0,1.379060149E0
2.324635321E1,8.425195694E0,-3.035847664E0,1.381454349E0
2.324837448E1,8.473079681E0,-3.016694069E0,1.388636947E0
2.325037590E1,8.530540466E0,-2.985569477E0,1.403002143E0
2.325244421E1,8.580819130E0,-2.964021683E0,1.414973259E0
2.325447802E1,8.669404030E0,-2.906560898E0,1.429338455E0
2.325654659E1,8.755595207E0,-2.856282711E0,1.455674648E0
2.325858079E1,8.813055992E0,-2.834734917E0,1.465251446E0
2.326064971E1,8.913613319E0,-2.755726099E0,1.467645645E0
2.326268409E1,9.011775017E0,-2.667140722E0,1.479616642E0
2.326475271E1,9.047688484E0,-2.612074137E0,1.477222443E0
2.326678725E1,9.131484985E0,-2.511517525E0,1.460463047E0
2.326881871E1,9.186552048E0,-2.425326347E0,1.426944256E0
2.327085044E1,9.210494041E0,-2.387019157E0,1.410184860E0
2.327291790E1,9.232041359E0,-2.262520552E0,1.379060149E0
2.327495190E1,9.255983353E0,-2.149993181E0,1.319205165E0
2.327701986E1,9.267954826E0,-2.032677174E0,1.266532660E0
2.327905379E1,9.279925346E0,-1.987187386E0,1.237802267E0
2.328107767E1,9.277531624E0,-1.879448295E0,1.194706678E0
2.328307736E1,9.251194954E0,-1.783680320E0,1.149216771E0
2.328514571E1,9.227252960E0,-1.742978811E0,1.120486379E0
2.328717975E1,9.200917244E0,-1.647210717E0,1.060631394E0
2.328918144E1,9.172186852E0,-1.575384736E0,1.015141487E0
2.329135056E1,9.148244858E0,-1.532289028E0,9.840168953E-1
2.329323329E1,9.088389397E0,-1.470039845E0,9.289502501E-1
2.329523213E1,9.064447403E0,-1.419761658E0,8.954314590E-1
2.329730048E1,9.054870605E0,-1.414973259E0,8.738836050E-1
2.329933459E1,9.018958092E0,-1.414973259E0,8.236053586E-1
2.330140282E1,9.006986618E0,-1.407790542E0,7.876923680E-1
2.330343706E1,8.995016098E0,-1.407790542E0,7.589619160E-1
2.330550502E1,8.997409821E0,-1.429338455E0,7.206547260E-1
2.330753863E1,9.014169693E0,-1.431732655E0,6.727706790E-1
2.330956933E1,9.018958092E0,-1.441309452E0,6.631938815E-1
2.331165467E1,9.030928612E0,-1.474828243E0,6.344634295E-1
2.331361625E1,9.059659004E0,-1.505952835E0,6.081272364E-1
2.331561536E1,9.090784073E0,-1.544260144E0,5.889736414E-1
2.331768367E1,9.136273384E0,-1.577778935E0,5.626373887E-1
2.331971794E1,9.191340446E0,-1.628057122E0,5.626373887E-1
2.332178636E1,9.215282440E0,-1.654393315E0,5.626373887E-1
2.332382044E1,9.277531624E0,-1.699883223E0,5.674257874E-1
2.332588909E1,9.366117477E0,-1.716642618E0,5.650315881E-1
2.332792379E1,9.452308655E0,-1.745373011E0,5.770025849E-1
2.332992644E1,9.495404243E0,-1.771709204E0,5.793967843E-1
2.333193048E1,9.595960617E0,-1.774103403E0,5.937620401E-1
2.333399948E1,9.691728592E0,-1.776497602E0,6.296750307E-1
2.333603417E1,9.725247383E0,-1.766920805E0,6.440402865E-1
2.333810275E1,9.837775230E0,-1.750161409E0,6.679822803E-1
2.334013756E1,9.943120003E0,-1.707065821E0,6.895300746E-1
2.334220648E1,9.993397713E0,-1.685518026E0,6.991068721E-1
2.334424129E1,1.008916569E1,-1.620874524E0,7.206547260E-1
2.334631044E1,1.019211674E1,-1.525106430E0,7.278373241E-1
2.334834463E1,1.025436592E1,-1.472434044E0,7.278373241E-1
2.335034475E1,1.033816338E1,-1.350329757E0,7.398083210E-1
2.335237679E1,1.042914295E1,-1.244984865E0,7.469909191E-1
2.335444517E1,1.046026707E1,-1.185129881E0,7.493851185E-1
2.335647975E1,1.055842972E1,-1.046266198E0,7.493851185E-1
2.335854848E1,1.063264942E1,-9.313444495E-1,7.565677166E-1
2.336058263E1,1.067095661E1,-8.690952063E-1,7.661445141E-1
2.336265102E1,1.074278259E1,-7.110779285E-1,7.637503147E-1
2.336468490E1,1.081460953E1,-5.554547906E-1,7.757213712E-1
2.336675332E1,1.089122391E1,-4.908113480E-1,7.613561153E-1
2.336878759E1,1.092953110E1,-3.471592367E-1,7.565677166E-1
2.337079056E1,1.099896240E1,-1.939303428E-1,7.278373241E-1
2.337288175E1,1.110430717E1,-4.788403213E-2,6.847416759E-1
2.337483379E1,1.114740276E1,1.915361360E-2,6.512228847E-1
2.337683286E1,1.124077702E1,1.532289088E-1,5.865794420E-1
2.337890102E1,1.132936287E1,2.202665508E-1,5.051765442E-1
2.338093540E1,1.137485218E1,3.280056417E-1,4.596867263E-1
2.338300413E1,1.145146656E1,4.189853072E-1,3.567360640E-1
2.338503840E1,1.156159973E1,4.979939461E-1,2.154781520E-1
2.338710690E1,1.162384892E1,5.363011956E-1,1.484405100E-1
2.338914059E1,1.172679996E1,5.961562395E-1,-4.788403399E-3
2.339117382E1,1.183453941E1,6.416460276E-1,-1.628057212E-1
2.339326029E1,1.189918232E1,6.631938815E-1,-2.418143749E-1
2.339521479E1,1.200213337E1,6.823474765E-1,-3.974374831E-1
2.339721482E1,1.209311295E1,6.871358752E-1,-5.698199868E-1
2.339928390E1,1.213860226E1,6.751648784E-1,-6.536170840E-1
2.340131867E1,1.222958183E1,6.464344859E-1,-8.403648138E-1
2.340338740E1,1.230859089E1,6.368576288E-1,-1.034295082E0
2.340542213E1,1.234450436E1,6.177040339E-1,-1.130063176E0
2.340749106E1,1.244027233E1,5.865794420E-1,-1.309628367E0
2.340952567E1,1.255998230E1,5.147533417E-1,-1.515529633E0
2.341154009E1,1.262701988E1,4.836287498E-1,-1.613691926E0
2.341355929E1,1.275391293E1,4.261679053E-1,-1.833958507E0
2.341562802E1,1.285925770E1,3.399766386E-1,-2.037465572E0
2.341766236E1,1.291671848E1,2.873041928E-1,-2.145204782E0
2.341973052E1,1.303882217E1,1.699883193E-1,-2.367865562E0
2.342176494E1,1.316092682E1,2.873042040E-2,-2.588132143E0
2.342383290E1,1.329021358E1,-1.173158810E-1,-2.782062292E0
2.342586725E1,1.335964584E1,-1.819593310E-1,-2.880224705E0
2.342793567E1,1.347456741E1,-3.447650373E-1,-3.069366693E0
2.342997025E1,1.358230591E1,-5.363011956E-1,-3.251325846E0
2.343198890E1,1.363258457E1,-6.440402865E-1,-3.339911461E0
2.343401948E1,1.375947762E1,-8.475474119E-1,-3.514688015E0
2.343608786E1,1.389115810E1,-1.024718285E0,-3.684676409E0
2.343812275E1,1.394383049E1,-1.125274777E0,-3.761290789E0
2.344019121E1,1.407072353E1,-1.357512355E0,-3.885789394E0
2.344222475E1,1.417127991E1,-1.584961534E0,-3.998316765E0
2.344429294E1,1.421676922E1,-1.695094824E0,-4.050989151E0
2.344632721E1,1.429098988E1,-1.891419291E0,-4.106055737E0
2.344839552E1,1.436042213E1,-2.111685991E0,-4.139574528E0
2.345042967E1,1.440351772E1,-2.202665567E0,-4.139574528E0
2.345249825E1,1.444421864E1,-2.389413357E0,-4.132391930E0
2.345458867E1,1.445619011E1,-2.564189911E0,-4.103661537E0
2.345655102E1,1.444661331E1,-2.638410330E0,-4.082113743E0
2.345855044E1,1.442745972E1,-2.767697096E0,-4.072536945E0
2.346061902E1,1.437478733E1,-2.889801502E0,-4.041412354E0
2.346265325E1,1.432450867E1,-2.937685490E0,-4.003105164E0
2.346472175E1,1.428141308E1,-2.968810081E0,-3.981557369E0
2.346675606E1,1.415212631E1,-3.038241863E0,-3.945644379E0
2.346882448E1,1.400607967E1,-3.050212860E0,-3.904942989E0
2.347085882E1,1.392946529E1,-3.043030262E0,-3.890577793E0
2.347287732E1,1.375229454E1,-2.985569477E0,-3.840299606E0
2.347496321E1,1.353681660E1,-2.923320293E0,-3.797203779E0
2.347692502E1,1.342428875E1,-2.880224705E0,-3.787626982E0
2.347892479E1,1.317768574E1,-2.770091295E0,-3.744531393E0
2.348099356E1,1.287841129E1,-2.659958124E0,-3.706224203E0
2.348302867E1,1.275151825E1,-2.588132143E0,-3.679888010E0
2.348509702E1,1.242830086E1,-2.434903145E0,-3.610456228E0
2.348713175E1,1.207635307E1,-2.279279947E0,-3.536235809E0
2.348920075E1,1.189200020E1,-2.195482969E0,-3.481169224E0
2.349123556E1,1.148259163E1,-2.003946781E0,-3.375824451E0
2.349330402E1,1.107797146E1,-1.814804912E0,-3.270479441E0
2.349534156E1,1.063983250E1,-1.697489023E0,-3.203441858E0
2.349741021E1,1.040998936E1,-1.486799240E0,-3.083731890E0
2.349944532E1,9.935936928E0,-1.278503656E0,-2.973598480E0
2.350151417E1,9.449913979E0,-1.048660398E0,-2.877830505E0
2.350354879E1,9.212887764E0,-9.457096457E-1,-2.834734917E0
2.350561744E1,8.731653214E0,-7.206547260E-1,-2.743755102E0
2.350765244E1,8.240841866E0,-5.315127969E-1,-2.662352324E0
2.350972136E1,8.003816605E0,-4.237737060E-1,-2.624045134E0
2.351175567E1,7.522581577E0,-2.106897533E-1,-2.547430515E0
2.351377256E1,7.082048416E0,-2.394201700E-3,-2.470816135E0
2.351580386E1,6.859387875E0,9.337386489E-2,-2.446874142E0
2.351787290E1,6.426037312E0,2.896983922E-1,-2.394201756E0
2.351990690E1,6.033388138E0,4.668693244E-1,-2.329558372E0
2.352197656E1,5.832275391E0,5.674257874E-1,-2.303221941E0
2.352401067E1,5.492298603E0,7.422025204E-1,-2.250549555E0
2.352603502E1,5.161899090E0,9.002198577E-1,-2.181117773E0
2.352803459E1,5.011064053E0,9.911994934E-1,-2.147598982E0
2.353010352E1,4.750096321E0,1.139639974E0,-2.094926596E0
2.353213759E1,4.546588898E0,1.280897856E0,-2.011129379E0
2.353420578E1,4.362235546E0,1.350329757E0,-1.929726601E0
2.353637521E1,4.283226967E0,1.443703651E0,-1.889025092E0
2.353829413E1,4.139574528E0,1.532289028E0,-1.805228114E0
2.354029375E1,4.058171749E0,1.625662923E0,-1.707065821E0
2.354236240E1,4.034229755E0,1.659181833E0,-1.656787634E0
2.354439702E1,4.027047157E0,1.745373011E0,-1.565807939E0
2.354646586E1,4.053383350E0,1.821987510E0,-1.472434044E0
2.354850044E1,4.101267338E0,1.848323703E0,-1.436521053E0
2.355056905E1,4.199429989E0,1.910573006E0,-1.367089152E0
2.355260352E1,4.362235546E0,1.958456993E0,-1.316810966E0
2.355461925E1,4.472368717E0,1.977610588E0,-1.290474772E0
2.355670494E1,4.716577530E0,1.977610588E0,-1.221042871E0
2.355866659E1,5.023035049E0,1.941697598E0,-1.163581967E0
2.356066586E1,5.193023682E0,1.898601890E0,-1.137245774E0
2.356273502E1,5.561730385E0,1.812410712E0,-1.113303781E0
2.356477005E1,5.973533154E0,1.695094824E0,-1.115697980E0
2.356683905E1,6.169857979E0,1.628057122E0,-1.122880578E0
2.356887382E1,6.557718277E0,1.496376038E0,-1.156399369E0
2.357094252E1,6.969521046E0,1.355118155E0,-1.209071875E0
2.357297678E1,7.187393665E0,1.288080573E0,-1.242590666E0
2.357499094E1,7.627926826E0,1.125274777E0,-1.340752959E0
2.357699209E1,8.054094315E0,9.552865028E-1,-1.436521053E0
2.357906059E1,8.513781548E0,8.690952063E-1,-1.479616642E0
2.358109478E1,8.741230011E0,6.679822803E-1,-1.577778935E0
2.358316328E1,9.172186852E0,4.788403511E-1,-1.635239720E0
2.358519736E1,9.588777542E0,2.633621991E-1,-1.685518026E0
2.358726590E1,9.813833237E0,1.532289088E-1,-1.704671621E0
2.358930025E1,1.024478912E1,-4.548983276E-2,-1.728613615E0
2.359136863E1,1.068292809E1,-2.705447972E-1,-1.757344007E0
2.359340252E1,1.090080070E1,-3.806780577E-1,-1.774103403E0
2.359541909E1,1.134133339E1,-6.081272364E-1,-1.812410712E0
2.359744952E1,1.176750088E1,-8.355764151E-1,-1.831564307E0
2.359951805E1,1.195903778E1,-9.528923035E-1,-1.845929503E0
2.360155225E1,1.233013916E1,-1.182735682E0,-1.889025092E0
2.360362017E1,1.269405746E1,-1.379060149E0,-1.927332401E0
2.360565375E1,1.284728622E1,-1.479616642E0,-1.963245392E0
2.360772167E1,1.315853214E1,-1.707065821E0,-2.030282974E0
2.360975571E1,1.342907715E1,-1.893813491E0,-2.099714994E0
2.361182352E1,1.363018990E1,-1.994369984E0,-2.123656988E0
2.361385732E1,1.371638107E1,-2.188300371E0,-2.183511972E0
2.361592552E1,1.383848572E1,-2.351106167E0,-2.240972757E0
2.361801605E1,1.390791798E1,-2.530671120E0,-2.305616140E0
2.361997732E1,1.391988850E1,-2.609679937E0,-2.339135170E0
2.362197659E1,1.391510010E1,-2.750937700E0,-2.379836559E0
2.362404459E1,1.384327412E1,-2.885013103E0,-2.413355350E0
2.362607855E1,1.379299641E1,-2.928108692E0,-2.432508945E0
2.362814652E1,1.366849709E1,-3.021482468E0,-2.454056740E0
2.363018090E1,1.349372101E1,-3.100491285E0,-2.454056740E0
2.363224917E1,1.337879944E1,-3.114856482E0,-2.456450939E0
2.363428329E1,1.314895535E1,-3.129221678E0,-2.458845139E0
2.363630198E1,1.286165142E1,-3.124433279E0,-2.439691544E0
2.363838678E1,1.270602798E1,-3.098097086E0,-2.413355350E0
2.364034890E1,1.238999367E1,-3.045424461E0,-2.351106167E0
2.364234825E1,1.209790134E1,-2.975992680E0,-2.272097349E0
2.364441690E1,1.194946098E1,-2.937685490E0,-2.217030764E0
2.364645121E1,1.165736771E1,-2.858676910E0,-2.078166962E0
2.364852013E1,1.138682365E1,-2.748543501E0,-1.932120800E0
2.365055467E1,1.125753593E1,-2.693476915E0,-1.853112102E0
2.365262313E1,1.098220348E1,-2.554613113E0,-1.697489023E0
2.365465763E1,1.072362900E1,-2.406172752E0,-1.537077546E0
2.365672640E1,1.046745014E1,-2.327163935E0,-1.367089152E0
2.365876371E1,1.033098030E1,-2.164358377E0,-1.283292055E0
2.366083209E1,1.012268448E1,-2.001552582E0,-1.132457376E0
2.366286613E1,9.897629738E0,-1.826775908E0,-9.696516991E-1
2.366493463E1,9.782708168E0,-1.738190413E0,-9.002198577E-1
2.366696882E1,9.583989143E0,-1.551442742E0,-7.852981687E-1
2.366903778E1,9.368511200E0,-1.369483352E0,-6.751648784E-1
2.367107325E1,9.270348549E0,-1.264138460E0,-6.224924326E-1
2.367314179E1,9.085995674E0,-1.058237195E0,-5.410895944E-1
2.367517694E1,8.906430244E0,-8.451532125E-1,-4.812345505E-1
2.367719536E1,8.827422142E0,-7.398083210E-1,-4.716577232E-1
2.367922809E1,8.671798706E0,-5.506663918E-1,-4.548983276E-1
2.368129729E1,8.542511940E0,-3.615244627E-1,-4.453215301E-1
2.368333244E1,8.492233276E0,-2.585737705E-1,-4.429273009E-1
2.368540136E1,8.413225174E0,-7.661445439E-2,-4.453215301E-1
2.368743609E1,8.355764389E0,1.005564705E-1,-4.596867263E-1
2.368950513E1,8.303091049E0,1.915361285E-1,-4.716577232E-1
2.369153986E1,8.291120529E0,3.567360640E-1,-4.932055473E-1
2.369360867E1,8.295908928E0,4.932055473E-1,-5.363011956E-1
2.369564317E1,8.288725853E0,6.464344859E-1,-5.770025849E-1
2.369771194E1,8.286332130E0,7.182605267E-1,-6.105214357E-1
2.369980421E1,8.305485725E0,8.619126081E-1,-6.775590777E-1
2.370176652E1,8.355764389E0,9.888052940E-1,-7.709329724E-1
2.370376559E1,8.372523308E0,1.041477680E0,-8.140285611E-1
2.370583494E1,8.410830498E0,1.161187768E0,-8.978256583E-1
2.370786967E1,8.434772491E0,1.264138460E0,-9.864110947E-1
2.370993890E1,8.453926086E0,1.302445769E0,-1.041477680E0
2.371197378E1,8.482656479E0,1.393425345E0,-1.139639974E0
2.371404294E1,8.501810074E0,1.486799240E0,-1.240196466E0
2.371607767E1,8.504204750E0,1.534683347E0,-1.283292055E0
2.371810136E1,8.513781548E0,1.623268723E0,-1.369483352E0
2.372020017E1,8.535328865E0,1.702277422E0,-1.470039845E0
2.372215340E1,8.540117264E0,1.728613615E0,-1.515529633E0
2.372415321E1,8.559270859E0,1.786074519E0,-1.577778935E0
2.372622205E1,8.554482460E0,1.826775908E0,-1.635239720E0
2.372825663E1,8.564059258E0,1.850717902E0,-1.651999116E0
2.373032602E1,8.590395927E0,1.881842494E0,-1.702277422E0
2.373236163E1,8.604761124E0,1.881842494E0,-1.740584612E0
2.373443098E1,8.633491516E0,1.877054095E0,-1.759738207E0
2.373646621E1,8.650250435E0,1.877054095E0,-1.774103403E0
2.373848832E1,8.681375504E0,1.874659896E0,-1.805228114E0
2.374049017E1,8.707711220E0,1.836352706E0,-1.821987510E0
2.374255936E1,8.722076416E0,1.819593310E0,-1.824381709E0
2.374459467E1,8.757989883E0,1.786074519E0,-1.824381709E0
2.374666428E1,8.796297073E0,1.716642618E0,-1.826775908E0
2.374869971E1,8.832210541E0,1.707065821E0,-1.824381709E0
2.375076928E1,8.899248123E0,1.654393315E0,-1.819593310E0
2.375280409E1,8.944737434E0,1.604115129E0,-1.802833915E0
2.375487352E1,8.973467827E0,1.587355733E0,-1.790862918E0
2.375690840E1,9.040505409E0,1.520318031E0,-1.757344007E0
2.375890813E1,9.081207275E0,1.443703651E0,-1.735796213E0
2.376093998E1,9.107542992E0,1.417367458E0,-1.728613615E0
2.376300902E1,9.153033257E0,1.362300754E0,-1.709460020E0
2.376504382E1,9.217676163E0,1.285686255E0,-1.678335428E0
2.376711282E1,9.253589630E0,1.240196466E0,-1.671152830E0
2.376914771E1,9.275136948E0,1.156399369E0,-1.647210717E0
2.377117232E1,9.332598686E0,1.079784989E0,-1.628057122E0
2.377317255E1,9.366117477E0,1.036689281E0,-1.616086125E0
2.377524182E1,9.392453194E0,9.457096457E-1,-1.596932530E0
2.377727636E1,9.416395187E0,8.930372596E-1,-1.570596337E0
2.377927875E1,9.411606789E0,8.499416113E-1,-1.549048543E0
2.378144928E1,9.423578262E0,7.565677166E-1,-1.539471745E0
2.378333294E1,9.454702377E0,6.727706790E-1,-1.501164436E0
2.378533240E1,9.464279175E0,6.320692301E-1,-1.477222443E0
2.378740090E1,9.476250648E0,5.386953950E-1,-1.448492050E0
2.378943571E1,9.473855972E0,4.644751251E-1,-1.400607944E0
2.379150421E1,9.471462250E0,3.782838583E-1,-1.350329757E0
2.379353894E1,9.483432770E0,3.375824392E-1,-1.326387763E0
2.379560790E1,9.483432770E0,2.537853718E-1,-1.278503656E0
2.379764240E1,9.464279175E0,1.795651317E-1,-1.213860273E0
2.379967490E1,9.466673851E0,1.340752989E-1,-1.185129881E0
2.380176032E1,9.452308655E0,6.703764945E-2,-1.151610970E0
2.380372398E1,9.414001465E0,-1.675941236E-2,-1.106121182E0
2.380572455E1,9.394847870E0,-6.703764945E-2,-1.084573388E0
2.380779378E1,9.363722801E0,-1.316810995E-1,-1.039083481E0
2.380982932E1,9.344569206E0,-2.106897533E-1,-9.935936928E-1
2.381189798E1,9.330204010E0,-2.489969730E-1,-9.696516991E-1
2.381393294E1,9.282320023E0,-3.615244627E-1,-9.361328483E-1
2.381600178E1,9.270348549E0,-4.333505034E-1,-9.097966552E-1
2.381803667E1,9.255983353E0,-4.525041282E-1,-8.882488012E-1
2.382003890E1,9.244012833E0,-5.315127969E-1,-8.643068075E-1
2.382204252E1,9.220070839E0,-6.129156351E-1,-8.403648138E-1
2.382411121E1,9.220070839E0,-6.512228847E-1,-8.283938169E-1
2.382614552E1,9.239224434E0,-7.278373241E-1,-8.140285611E-1
2.382821436E1,9.255983353E0,-8.068459630E-1,-7.781155705E-1
2.383024917E1,9.260771751E0,-8.475474119E-1,-7.302315235E-1
2.383231840E1,9.263166428E0,-9.217676520E-1,-7.230489254E-1
2.383435352E1,9.296685219E0,-9.959878922E-1,-6.799532771E-1
2.383642328E1,9.349357605E0,-1.067813993E0,-6.296750307E-1
2.383845875E1,9.375694275E0,-1.098938584E0,-6.153098345E-1
2.384045867E1,9.416395187E0,-1.189918280E0,-5.626373887E-1
2.384249040E1,9.473855972E0,-1.276109457E0,-5.099649429E-1
2.384455955E1,9.500192642E0,-1.292868972E0,-4.836287498E-1
2.384659390E1,9.545681953E0,-1.338358760E0,-4.165911078E-1
2.384866309E1,9.598354340E0,-1.386242747E0,-3.734954596E-1
2.385069802E1,9.646238327E0,-1.414973259E0,-3.495534360E-1
2.385276721E1,9.725247383E0,-1.446097851E0,-3.016694188E-1
2.385480155E1,9.787496567E0,-1.467645645E0,-2.753331959E-1
2.385686998E1,9.811438560E0,-1.467645645E0,-2.513911724E-1
2.385890455E1,9.878476143E0,-1.510741234E0,-2.106897533E-1
2.386090705E1,9.935936928E0,-1.522712231E0,-1.795651317E-1
2.386299675E1,1.000297451E1,-1.520318031E0,-1.628057212E-1
2.386494871E1,1.003409958E1,-1.529894829E0,-1.436520964E-1
2.386694809E1,1.007719517E1,-1.544260144E0,-1.364694983E-1
2.386901652E1,1.010353088E1,-1.529894829E0,-1.244984865E-1
2.387105113E1,1.014662647E1,-1.505952835E0,-1.340752989E-1
2.387311959E1,1.019929886E1,-1.498770237E0,-1.244984865E-1
2.387515417E1,1.019451046E1,-1.462857246E0,-1.125274822E-1
2.387722186E1,1.018732834E1,-1.441309452E0,-1.077390760E-1
2.387925636E1,1.018014526E1,-1.431732655E0,-1.029506698E-1
2.388128728E1,1.017775154E1,-1.381454349E0,-1.077390760E-1
2.388337252E1,1.016338634E1,-1.355118155E0,-1.149216816E-1
2.388533398E1,1.012747288E1,-1.321599364E0,-1.101332754E-1
2.388733417E1,1.007958889E1,-1.254561663E0,-1.053448766E-1
2.388940298E1,1.005085850E1,-1.225831270E0,-1.053448766E-1
2.389143717E1,9.979032516E0,-1.177947283E0,-1.173158810E-1
2.389350624E1,9.914389610E0,-1.115697980E0,-1.005564705E-1
2.389554052E1,9.876082420E0,-1.086967587E0,-1.005564705E-1
2.389760909E1,9.794678688E0,-1.022324085E0,-1.149216816E-1
2.389964371E1,9.710882187E0,-9.409212470E-1,-1.197100878E-1
2.390167340E1,9.651026726E0,-9.050082564E-1,-1.244984865E-1
2.390367505E1,9.560047150E0,-8.188169599E-1,-1.149216816E-1
2.390574359E1,9.471462250E0,-7.565677166E-1,-1.316810995E-1
2.390777763E1,9.406818390E0,-7.182605267E-1,-1.292868853E-1
2.390984659E1,9.287108421E0,-6.416460276E-1,-1.197100878E-1
2.391188098E1,9.172186852E0,-5.434837937E-1,-1.292868853E-1
2.391394978E1,9.033323288E0,-5.027823448E-1,-1.364694983E-1
2.391598402E1,8.978256226E0,-4.381389022E-1,-1.460463107E-1
2.391805259E1,8.856152534E0,-3.758896589E-1,-1.891419291E-1
2.392008728E1,8.698134422E0,-3.256114423E-1,-2.537853718E-1
2.392211917E1,8.614337921E0,-2.968810201E-1,-2.849099934E-1
2.392414963E1,8.456320763E0,-2.992752194E-1,-3.447650373E-1
2.392621848E1,8.339004517E0,-3.064578176E-1,-4.141969085E-1
2.392825324E1,8.305485725E0,-2.849099934E-1,-4.620809257E-1
2.393032221E1,8.322244644E0,-1.580173075E-1,-6.272808313E-1
2.393235659E1,8.406042099E0,1.436521020E-2,-8.475474119E-1
2.393442505E1,8.475474358E0,1.101332754E-1,-9.672574997E-1
2.393645955E1,8.635885239E0,3.088520169E-1,-1.235408068E0
2.393852848E1,8.870517731E0,5.051765442E-1,-1.491587639E0
2.394056340E1,8.978256226E0,5.770025849E-1,-1.616086125E0
2.394263244E1,9.236829758E0,6.895300746E-1,-1.843535304E0
2.394472409E1,9.552865028E0,7.948749661E-1,-2.056619167E0
2.394668725E1,9.880870819E0,8.283938169E-1,-2.154781580E0
2.394868705E1,1.005564690E1,8.619126081E-1,-2.317587137E0
2.395075578E1,1.041717148E1,8.978256583E-1,-2.494758129E0
2.395279059E1,1.078827286E1,9.002198577E-1,-2.650381327E0
2.395485867E1,1.098699188E1,9.074024558E-1,-2.726995707E0
2.395689294E1,1.135809326E1,9.097966552E-1,-2.885013103E0
2.395896132E1,1.166933918E1,9.193734527E-1,-3.035847664E0
2.396099586E1,1.183214474E1,9.457096457E-1,-3.114856482E0
2.396301294E1,1.214099693E1,1.015141487E0,-3.287238836E0
2.396509809E1,1.243069553E1,1.089361787E0,-3.466804028E0
2.396706094E1,1.257195282E1,1.134851575E0,-3.550601006E0
2.396906078E1,1.285925770E1,1.213860273E0,-3.722983599E0
2.397112932E1,1.313219643E1,1.256955862E0,-3.921702385E0
2.397316413E1,1.325908947E1,1.256955862E0,-4.027047157E0
2.397523278E1,1.348653793E1,1.256955862E0,-4.218583584E0
2.397726755E1,1.372835255E1,1.228225470E0,-4.383783340E0
2.397933613E1,1.382412052E1,1.189918280E0,-4.460397720E0
2.398137086E1,1.402762794E1,1.070208192E0,-4.601655483E0
2.398343936E1,1.419043350E1,8.978256583E-1,-4.714183331E0
2.398548328E1,1.425268269E1,7.852981687E-1,-4.764461517E0
2.398755201E1,1.433648014E1,5.793967843E-1,-4.824316502E0
2.398958682E1,1.438675785E1,3.543418646E-1,-4.841075897E0
2.399165586E1,1.438915253E1,1.149216816E-1,-4.809951305E0
2.399369094E1,1.438436413E1,-2.394201700E-3,-4.781220913E0
2.399575982E1,1.433648014E1,-2.513911724E-1,-4.692635536E0
2.399779467E1,1.421676922E1,-4.740519226E-1,-4.544194698E0
2.399986340E1,1.414015484E1,-5.722141862E-1,-4.465186119E0
2.400189821E1,1.391749477E1,-7.805097699E-1,-4.261679173E0
2.400391444E1,1.363258457E1,-9.696516991E-1,-4.036623955E0
2.400594717E1,1.345780754E1,-1.060631394E0,-3.902548790E0
2.400801640E1,1.308431244E1,-1.225831270E0,-3.608062029E0
2.401005171E1,1.268687439E1,-1.371877551E0,-3.306392431E0
2.401212094E1,1.246421432E1,-1.422155857E0,-3.167528868E0
2.401415559E1,1.199255657E1,-1.510741234E0,-2.887407303E0
2.401618051E1,1.148977375E1,-1.556231141E0,-2.614468336E0
2.401818024E1,1.124317074E1,-1.577778935E0,-2.487575531E0
2.402024963E1,1.075235939E1,-1.596932530E0,-2.219424963E0
2.402228501E1,1.028309631E1,-1.601720929E0,-1.987187386E0
2.402435421E1,9.816226959E0,-1.596932530E0,-1.750161409E0
2.402652324E1,9.600749016E0,-1.577778935E0,-1.632845521E0
2.402844198E1,9.179368973E0,-1.549048543E0,-1.388636947E0
2.403044186E1,8.789113998E0,-1.534683347E0,-1.118092179E0
2.403251078E1,8.614337921E0,-1.522712231E0,-9.720458984E-1
2.403454567E1,8.262390137E0,-1.515529633E0,-6.727706790E-1
2.403661486E1,7.963114738E0,-1.489193439E0,-3.830722570E-1
2.403864944E1,7.848193169E0,-1.477222443E0,-2.322375625E-1
2.404071851E1,7.649474621E0,-1.482010841E0,1.101332754E-1
2.404275340E1,7.460332394E0,-1.467645645E0,4.189853072E-1
2.404476967E1,7.362170219E0,-1.453280449E0,5.674257874E-1
2.404685505E1,7.194576263E0,-1.477222443E0,8.690952063E-1
2.404881713E1,7.055712223E0,-1.493981838E0,1.134851575E0
2.405081740E1,6.986280441E0,-1.498770237E0,1.259350061E0
2.405288598E1,6.864176273E0,-1.491587639E0,1.467645645E0
2.405492036E1,6.780379295E0,-1.493981838E0,1.635239720E0
2.405698928E1,6.754043102E0,-1.486799240E0,1.711854219E0
2.405902382E1,6.682217121E0,-1.467645645E0,1.831564307E0
2.406109286E1,6.627150536E0,-1.448492050E0,1.912967205E0
2.406312728E1,6.619967937E0,-1.443703651E0,1.936909199E0
2.406514232E1,6.619967937E0,-1.412579060E0,1.944091797E0
2.406714355E1,6.629544735E0,-1.374271750E0,1.924938202E0
2.406921255E1,6.627150536E0,-1.352723956E0,1.915361404E0
2.407124736E1,6.670246124E0,-1.302445769E0,1.879448295E0
2.407331586E1,6.761225700E0,-1.256955862E0,1.805228114E0
2.407535013E1,6.854599476E0,-1.221042871E0,1.709460020E0
2.407741867E1,6.912060261E0,-1.194706678E0,1.668758631E0
2.407945282E1,7.043741226E0,-1.144428372E0,1.568202138E0
2.408152159E1,7.192182064E0,-1.082179189E0,1.467645645E0
2.408355590E1,7.278373241E0,-1.051054597E0,1.419761658E0
2.408557217E1,7.457938194E0,-9.720458984E-1,1.326387763E0
2.408760378E1,7.635109425E0,-9.097966552E-1,1.194706678E0
2.408967267E1,7.738059998E0,-8.786720037E-1,1.142034173E0
2.409170694E1,7.931990147E0,-7.948749661E-1,1.024718285E0
2.409377578E1,8.099584579E0,-7.445967197E-1,9.145850539E-1
2.409581021E1,8.192957878E0,-7.134721279E-1,8.595184088E-1
2.409787924E1,8.384494781E0,-6.416460276E-1,7.493851185E-1
2.409991363E1,8.576030731E0,-5.817909837E-1,6.440402865E-1
2.410198151E1,8.774748802E0,-5.434837937E-1,5.913678408E-1
2.410401598E1,8.863334656E0,-4.668693244E-1,4.716577232E-1
2.410606771E1,9.042900085E0,-4.046200812E-1,3.615244627E-1
2.410815863E1,9.215282440E0,-3.208230138E-1,2.442085743E-1
2.411012086E1,9.294290543E0,-2.825157940E-1,1.891419291E-1
2.411212005E1,9.466673851E0,-2.274491638E-1,9.097966552E-2
2.411418909E1,9.636661530E0,-1.675941199E-1,-1.436521020E-2
2.411622359E1,9.725247383E0,-1.412578970E-1,-5.746084079E-2
2.411829236E1,9.902418137E0,-1.053448766E-1,-1.532289088E-1
2.412032690E1,1.006282997E1,-5.267243832E-2,-2.466027737E-1
2.412239540E1,1.012986755E1,-2.873042040E-2,-3.064578176E-1
2.412442982E1,1.027591324E1,1.915361360E-2,-4.141969085E-1
2.412645474E1,1.041717148E1,5.746084079E-2,-5.075707436E-1
2.412854036E1,1.049857426E1,8.619125932E-2,-5.698199868E-1
2.413050274E1,1.063264942E1,1.149216816E-1,-6.919242740E-1
2.413250251E1,1.076911926E1,1.412578970E-1,-8.116343617E-1
2.413457051E1,1.083376312E1,1.436520964E-1,-8.762778044E-1
2.413660494E1,1.093671322E1,1.580173075E-1,-1.022324085E0
2.413867336E1,1.103008747E1,1.675941199E-1,-1.144428372E0
2.414070817E1,1.107078838E1,1.651999205E-1,-1.204283476E0
2.414277721E1,1.109951878E1,1.508347094E-1,-1.316810966E0
2.414481182E1,1.110670185E1,1.460463107E-1,-1.393425345E0
2.414688086E1,1.107797146E1,1.436520964E-1,-1.422155857E0
2.414891763E1,1.106121159E1,1.723825186E-1,-1.467645645E0
2.415098617E1,1.100375080E1,1.867477298E-1,-1.498770237E0
2.415302078E1,1.087207031E1,2.274491638E-1,-1.496376038E0
2.415508974E1,1.080503273E1,2.394201756E-1,-1.489193439E0
2.415712417E1,1.067574501E1,2.513911724E-1,-1.455674648E0
2.415919294E1,1.057518864E1,2.920926213E-1,-1.398213744E0
2.416122763E1,1.051772785E1,3.040636182E-1,-1.369483352E0
2.416329651E1,1.039801788E1,3.184288144E-1,-1.328781962E0
2.416533128E1,1.029267311E1,3.232172430E-1,-1.278503656E0
2.416735601E1,1.023281765E1,3.184288144E-1,-1.256955862E0
2.416936509E1,1.013944435E1,3.088520169E-1,-1.218648672E0
2.417143390E1,1.007240677E1,3.064578176E-1,-1.204283476E0
2.417346848E1,1.004128170E1,2.873041928E-1,-1.192312479E0
2.417553694E1,9.969455719E0,2.298433632E-1,-1.185129881E0
2.417757113E1,9.897629738E0,1.723825186E-1,-1.170764685E0
2.417963963E1,9.842563629E0,1.316810995E-1,-1.158793569E0
2.418167374E1,9.806650162E0,6.224924326E-2,-1.144428372E0
2.418374236E1,9.734824181E0,-2.633621916E-2,-1.108515382E0
2.418577724E1,9.660603523E0,-1.197100878E-1,-1.086967587E0
2.418778021E1,9.631873131E0,-1.699883193E-1,-1.067813993E0
2.418986809E1,9.572018623E0,-2.920926213E-1,-1.027112484E0
2.419183044E1,9.514557838E0,-4.118026793E-1,-9.720458984E-1
2.419383032E1,9.485827446E0,-4.716577232E-1,-9.385270476E-1
2.419589894E1,9.416395187E0,-6.248866320E-1,-8.738836050E-1
2.419793428E1,9.358934402E0,-7.709329724E-1,-7.900865674E-1
2.420000351E1,9.323021889E0,-8.355764151E-1,-7.493851185E-1
2.420203813E1,9.255983353E0,-9.720458984E-1,-6.703764796E-1
2.420410744E1,9.212887764E0,-1.115697980E0,-5.698199868E-1
2.420614213E1,9.193734169E0,-1.177947283E0,-5.243301988E-1
2.420817363E1,9.162610054E0,-1.297657371E0,-4.333505034E-1
2.421025963E1,9.124302864E0,-1.429338455E0,-3.495534360E-1
2.421222294E1,9.114726067E0,-1.486799240E0,-3.016694188E-1
2.421422278E1,9.076418877E0,-1.601720929E0,-2.059013397E-1
2.421629228E1,9.042900085E0,-1.733402014E0,-1.077390760E-1
2.421832717E1,9.040505409E0,-1.774103403E0,-6.703764945E-2
2.422039636E1,9.033323288E0,-1.862688899E0,4.788403399E-3
2.422243124E1,9.009381294E0,-1.951274395E0,8.379705995E-2
2.422450032E1,9.011775017E0,-1.989581585E0,1.244984865E-1
2.422653513E1,9.004592896E0,-2.056619167E0,1.819593310E-1
2.422855805E1,9.023746490E0,-2.116474390E0,2.370259613E-1
2.423055909E1,9.028534889E0,-2.145204782E0,2.681505978E-1
2.423262828E1,9.050082207E0,-2.200271368E0,3.184288144E-1
2.423466290E1,9.074024200E0,-2.252943754E0,3.615244627E-1
2.423673163E1,9.141061783E0,-2.274491549E0,4.165911078E-1
2.423876632E1,9.167398453E0,-2.281674147E0,4.285621047E-1
2.424083494E1,9.222464561E0,-2.284068346E0,4.501099288E-1
2.424286948E1,9.296685219E0,-2.288856745E0,4.788403511E-1
2.424493836E1,9.334992409E0,-2.288856745E0,4.812345505E-1
2.424697278E1,9.435548782E0,-2.269703150E0,4.860229492E-1
2.424899724E1,9.533711433E0,-2.224213362E0,4.979939461E-1
2.425102821E1,9.567230225E0,-2.195482969E0,4.979939461E-1
2.425309732E1,9.648633003E0,-2.164358377E0,5.003881454E-1
2.425513182E1,9.734824181E0,-2.121262789E0,5.003881454E-1
2.425720063E1,9.768342972E0,-2.097320795E0,4.955997467E-1
2.425923524E1,9.842563629E0,-2.032677174E0,4.908113480E-1
2.426126067E1,9.916783333E0,-1.953668594E0,4.620809257E-1
2.426326024E1,9.952696800E0,-1.922544003E0,4.381389022E-1
2.426532913E1,1.001973438E1,-1.857900500E0,4.022258818E-1
2.426736394E1,1.008198357E1,-1.774103403E0,3.758896589E-1
2.426936732E1,1.011310768E1,-1.726219416E0,3.639186621E-1
2.427153751E1,1.014902115E1,-1.628057122E0,3.423708379E-1
2.427342055E1,1.014423275E1,-1.537077546E0,3.256114423E-1
2.427542028E1,1.013944435E1,-1.467645645E0,3.184288144E-1
2.427748924E1,1.017056847E1,-1.340752959E0,2.825157940E-1
2.427952401E1,1.018253994E1,-1.237802267E0,2.729389966E-1
2.428159240E1,1.015859795E1,-1.175553083E0,2.418143749E-1
2.428362698E1,1.015141487E1,-1.058237195E0,2.274491638E-1
2.428569605E1,1.012986755E1,-9.648633003E-1,2.178723514E-1
2.428773063E1,1.010592556E1,-8.547300100E-1,1.987187415E-1
2.428976248E1,1.008916569E1,-7.996633649E-1,1.939303428E-1
2.429184817E1,1.005325317E1,-6.895300746E-1,1.580173075E-1
2.429381109E1,1.002691650E1,-5.913678408E-1,1.197100878E-1
2.429581124E1,1.001733971E1,-5.315127969E-1,1.005564705E-1
2.429788032E1,9.988609314E0,-4.165911078E-1,6.703764945E-2
2.429991551E1,9.974244118E0,-3.040636182E-1,3.351882473E-2
2.430198432E1,9.962273598E0,-2.537853718E-1,2.154781483E-2
2.430401917E1,9.943120003E0,-1.628057212E-1,-1.675941236E-2
2.430608828E1,9.895236015E0,-8.140286058E-2,-3.351882473E-2
2.430812320E1,9.878476143E0,-3.830722719E-2,-4.309562966E-2
2.431012655E1,9.837775230E0,2.154781483E-2,-6.464344263E-2
2.431213009E1,9.785101891E0,6.224924326E-2,-6.224924326E-2
2.431419886E1,9.761159897E0,7.900865376E-2,-7.182604820E-2
2.431623305E1,9.720458984E0,1.125274822E-1,-8.140286058E-2
2.431830240E1,9.696516991E0,1.532289088E-1,-9.097966552E-2
2.432033751E1,9.689333916E0,1.604115069E-1,-8.858546615E-2
2.432240659E1,9.670180321E0,1.771709323E-1,-8.140286058E-2
2.432444174E1,9.655815125E0,2.011129409E-1,-1.077390760E-1
2.432651078E1,9.627084732E0,2.059013397E-1,-1.508347094E-1
2.432854574E1,9.615114212E0,2.178723514E-1,-1.651999205E-1
2.433057805E1,9.593565941E0,2.202665508E-1,-1.915361285E-1
2.433260867E1,9.560047150E0,2.178723514E-1,-2.346317619E-1
2.433467801E1,9.545681953E0,2.154781520E-1,-2.633621991E-1
2.433671294E1,9.502586365E0,2.059013397E-1,-3.064578176E-1
2.433878240E1,9.437943459E0,1.915361285E-1,-3.567360640E-1
2.434081748E1,9.430760384E0,1.819593310E-1,-3.854664862E-1
2.434288621E1,9.433155060E0,1.532289088E-1,-4.620809257E-1
2.434492074E1,9.416395187E0,1.364694983E-1,-5.243301988E-1
2.434698986E1,9.404424667E0,1.244984865E-1,-5.458779931E-1
2.434902482E1,9.404424667E0,1.005564705E-1,-6.081272364E-1
2.435102836E1,9.416395187E0,7.900865376E-2,-6.727706790E-1
2.435311994E1,9.421183586E0,6.464344263E-2,-6.919242740E-1
2.435507328E1,9.442731857E0,2.394201700E-3,-7.493851185E-1
2.435707344E1,9.461885452E0,-6.224924326E-2,-7.852981687E-1
2.435914332E1,9.481039047E0,-1.005564705E-1,-7.996633649E-1
2.436117863E1,9.512163162E0,-1.651999205E-1,-8.164227605E-1
2.436324828E1,9.560047150E0,-2.226607651E-1,-8.475474119E-1
2.436528359E1,9.595960617E0,-2.585737705E-1,-8.547300100E-1
2.436735347E1,9.615114212E0,-3.351882398E-1,-8.643068075E-1
2.436938855E1,9.672574997E0,-3.878606856E-1,-8.595184088E-1
2.437142051E1,9.706093788E0,-4.429273009E-1,-8.499416113E-1
2.437350628E1,9.722852707E0,-4.716577232E-1,-8.427590132E-1
2.437546109E1,9.770736694E0,-5.698199868E-1,-8.140285611E-1
2.437746101E1,9.821015358E0,-6.536170840E-1,-7.996633649E-1
2.437953021E1,9.825803757E0,-6.775590777E-1,-7.805097699E-1
2.438156544E1,9.861717224E0,-7.350199223E-1,-7.230489254E-1
2.438363494E1,9.907206535E0,-7.996633649E-1,-6.703764796E-1
2.438567013E1,9.923966408E0,-8.403648138E-1,-6.607996821E-1
2.438773978E1,9.957485199E0,-9.265560508E-1,-6.320692301E-1
2.438977528E1,9.983820915E0,-1.000776291E0,-5.841852427E-1
2.439180536E1,1.000297451E1,-1.031900883E0,-5.698199868E-1
2.439380655E1,1.001255131E1,-1.084573388E0,-5.339069963E-1
2.439587570E1,1.004367638E1,-1.146822572E0,-4.955997467E-1
2.439791078E1,1.003649330E1,-1.173158884E0,-4.764461517E-1
2.439998009E1,1.003170490E1,-1.218648672E0,-4.429273009E-1
2.440201524E1,1.003888798E1,-1.264138460E0,-4.213795066E-1
2.440408451E1,1.004846478E1,-1.285686255E0,-4.094084799E-1
2.440611974E1,1.004846478E1,-1.314416766E0,-3.806780577E-1
2.440818894E1,1.005085850E1,-1.345541358E0,-3.639186621E-1
2.441022417E1,1.006522369E1,-1.369483352E0,-3.423708379E-1
2.441225686E1,1.006522369E1,-1.388636947E0,-3.303998411E-1
2.441428867E1,1.005325317E1,-1.403002143E0,-2.944868207E-1
2.441635874E1,1.004607010E1,-1.405396342E0,-2.681505978E-1
2.441839417E1,1.003649330E1,-1.414973259E0,-2.585737705E-1
2.442046332E1,1.002452278E1,-1.441309452E0,-2.418143749E-1
2.442249871E1,1.002931118E1,-1.438915253E0,-2.250549644E-1
2.442456824E1,1.003170490E1,-1.438915253E0,-2.202665508E-1
2.442660359E1,1.002931118E1,-1.424550056E0,-2.106897533E-1
2.442867290E1,1.002691650E1,-1.434126854E0,-1.891419291E-1
2.443070813E1,1.002931118E1,-1.429338455E0,-1.867477298E-1
2.443271174E1,1.001494598E1,-1.400607944E0,-1.651999205E-1
2.443480309E1,1.000536919E1,-1.393425345E0,-1.388636976E-1
2.443675605E1,1.000297451E1,-1.383848548E0,-1.316810995E-1
2.443875613E1,9.998186111E0,-1.343147159E0,-1.149216816E-1
2.444082532E1,9.991003990E0,-1.333570361E0,-5.746084079E-2
2.444286059E1,9.981427193E0,-1.321599364E0,-5.267243832E-2
2.444492982E1,9.959878922E0,-1.278503656E0,-4.548983276E-2
2.444696536E1,9.952696800E0,-1.247379065E0,-1.675941236E-2
2.444903432E1,9.928754807E0,-1.218648672E0,0.000000000E0
2.445106913E1,9.919178009E0,-1.209071875E0,1.197100803E-2
2.445310201E1,9.885659218E0,-1.177947283E0,9.576806799E-3
2.445518801E1,9.852140427E0,-1.144428372E0,2.394201607E-2
2.445715055E1,9.842563629E0,-1.122880578E0,3.351882473E-2
2.445915082E1,9.799467087E0,-1.098938584E0,3.591302410E-2
2.446121994E1,9.749189377E0,-1.055842996E0,2.873042040E-2
2.446325486E1,9.715670586E0,-1.031900883E0,1.675941236E-2
2.446532451E1,9.653421402E0,-9.816226959E-1,2.394201700E-3
2.446735978E1,9.619902611E0,-9.409212470E-1,-9.576806799E-3
2.446942917E1,9.591172218E0,-9.193734527E-1,-2.633621916E-2
2.447146444E1,9.550470352E0,-8.858546019E-1,-4.070143029E-2
2.447346732E1,9.509769440E0,-8.547300100E-1,-5.746084079E-2
2.447547147E1,9.497797966E0,-8.379706144E-1,-7.182604820E-2
2.447754132E1,9.464279175E0,-7.972691655E-1,-1.101332754E-1
2.447957686E1,9.409213066E0,-7.637503147E-1,-1.268926859E-1
2.448164640E1,9.380482674E0,-7.493851185E-1,-1.412578970E-1
2.448368205E1,9.334992409E0,-7.086837292E-1,-1.556231081E-1
2.448575174E1,9.296685219E0,-6.655880809E-1,-1.819593310E-1
2.448778697E1,9.282320023E0,-6.560112834E-1,-1.987187415E-1
2.448985678E1,9.258378029E0,-6.368576288E-1,-1.987187415E-1
2.449189190E1,9.232041359E0,-6.153098345E-1,-2.082955539E-1
2.449392482E1,9.188945770E0,-6.081272364E-1,-2.226607651E-1
2.449595613E1,9.169792175E0,-5.961562395E-1,-2.226607651E-1
2.449802524E1,9.129091263E0,-5.865794420E-1,-2.346317619E-1
2.450006067E1,9.119514465E0,-5.817909837E-1,-2.537853718E-1
2.450213017E1,9.109937668E0,-5.746083856E-1,-2.657563984E-1
2.450416505E1,9.145850182E0,-5.841852427E-1,-2.873041928E-1
2.450619101E1,9.150638580E0,-5.770025849E-1,-3.112462163E-1
2.450819121E1,9.155426979E0,-5.913678408E-1,-3.160346150E-1
2.451026090E1,9.176975250E0,-6.105214357E-1,-3.375824392E-1
2.451229617E1,9.203310966E0,-6.464344859E-1,-3.591302633E-1
2.451429967E1,9.215282440E0,-6.584054828E-1,-3.711012602E-1
2.451646971E1,9.265560150E0,-6.823474765E-1,-3.687070608E-1
2.451835363E1,9.318233490E0,-6.847416759E-1,-3.806780577E-1
2.452035347E1,9.325415611E0,-7.062895298E-1,-3.854664862E-1
2.452242309E1,9.349357605E0,-7.565677166E-1,-3.950432837E-1
2.452445836E1,9.404424667E0,-7.996633649E-1,-3.998316824E-1
2.452652736E1,9.425971985E0,-8.188169599E-1,-3.998316824E-1
2.452856224E1,9.433155060E0,-8.355764151E-1,-4.070142806E-1
2.453063151E1,9.454702377E0,-8.499416113E-1,-4.309563041E-1
2.453266667E1,9.457097054E0,-8.571242094E-1,-4.309563041E-1
2.453470024E1,9.464279175E0,-8.499416113E-1,-4.357447028E-1
2.453678659E1,9.488221169E0,-8.643068075E-1,-4.525041282E-1
2.453874947E1,9.509769440E0,-8.834604025E-1,-4.548983276E-1
2.454074940E1,9.548076630E0,-9.074024558E-1,-4.548983276E-1
2.454281851E1,9.622296333E0,-9.481038451E-1,-4.453215301E-1
2.454485378E1,9.689333916E0,-9.720458984E-1,-4.453215301E-1
2.454692255E1,9.718064308E0,-1.036689281E0,-4.381389022E-1
2.454895778E1,9.765948296E0,-1.101332784E0,-4.213795066E-1
2.455102701E1,9.842563629E0,-1.170764685E0,-4.189853072E-1
2.455306190E1,9.885659218E0,-1.209071875E0,-4.141969085E-1
2.455509294E1,9.921571732E0,-1.266532660E0,-4.046200812E-1
2.455709490E1,9.983820915E0,-1.321599364E0,-4.022258818E-1
2.455916444E1,1.000297451E1,-1.350329757E0,-3.950432837E-1
2.456119982E1,1.004367638E1,-1.398213744E0,-3.926490843E-1
2.456326928E1,1.004367638E1,-1.422155857E0,-3.998316824E-1
2.456530497E1,1.005085850E1,-1.434126854E0,-3.926490843E-1
2.456737417E1,1.005085850E1,-1.501164436E0,-3.902548850E-1
2.456940951E1,1.004846478E1,-1.532289028E0,-3.926490843E-1
2.457147924E1,1.004367638E1,-1.544260144E0,-3.974374831E-1
2.457351482E1,1.002452278E1,-1.580173135E0,-3.926490843E-1
2.457554794E1,1.001733971E1,-1.628057122E0,-3.902548850E-1
2.457758001E1,1.001255131E1,-1.647210717E0,-3.926490843E-1
2.457964936E1,9.986215591E0,-1.678335428E0,-3.806780577E-1
2.458168467E1,9.981427193E0,-1.692700624E0,-3.878606856E-1
2.458375370E1,9.971850395E0,-1.733402014E0,-3.854664862E-1
2.458578905E1,9.981427193E0,-1.750161409E0,-3.854664862E-1
2.458785824E1,9.974244118E0,-1.781286120E0,-3.902548850E-1
2.458989347E1,9.962273598E0,-1.795651317E0,-3.998316824E-1
2.459196251E1,9.964667320E0,-1.805228114E0,-4.094084799E-1
2.459399797E1,9.962273598E0,-1.829170108E0,-4.165911078E-1
2.459600094E1,9.950302124E0,-1.862688899E0,-4.165911078E-1
2.459809278E1,9.947908401E0,-1.879448295E0,-4.165911078E-1
2.460004628E1,9.935936928E0,-1.898601890E0,-4.357447028E-1
2.460204690E1,9.923966408E0,-1.905784607E0,-4.429273009E-1
2.460411647E1,9.914389610E0,-1.903390408E0,-4.429273009E-1
2.460615236E1,9.883264542E0,-1.891419291E0,-4.548983276E-1
2.460822236E1,9.852140427E0,-1.903390408E0,-4.525041282E-1
2.461025801E1,9.847352028E0,-1.905784607E0,-4.501099288E-1
2.461232770E1,9.818621635E0,-1.900996208E0,-4.381389022E-1
2.461436263E1,9.806650162E0,-1.893813491E0,-4.261679053E-1
2.461639486E1,9.797073364E0,-1.891419291E0,-4.285621047E-1
2.461848028E1,9.758766174E0,-1.879448295E0,-4.429273009E-1
2.462044282E1,9.727641106E0,-1.867477298E0,-4.692635238E-1
2.462244290E1,9.710882187E0,-1.855506301E0,-4.716577232E-1
2.462451190E1,9.686940193E0,-1.848323703E0,-4.788403511E-1
2.462654647E1,9.648633003E0,-1.819593310E0,-5.243301988E-1
2.462861536E1,9.631873131E0,-1.800439715E0,-5.458779931E-1
2.463065017E1,9.619902611E0,-1.790862918E0,-5.554547906E-1
2.463271874E1,9.610325813E0,-1.774103403E0,-5.817909837E-1
2.463475378E1,9.622296333E0,-1.747767210E0,-6.272808313E-1
2.463675628E1,9.619902611E0,-1.750161409E0,-6.488286853E-1
2.463876005E1,9.605537415E0,-1.738190413E0,-6.943184733E-1
2.464082897E1,9.612719536E0,-1.714248419E0,-7.445967197E-1
2.464286378E1,9.598354340E0,-1.704671621E0,-7.709329724E-1
2.464493247E1,9.576807022E0,-1.695094824E0,-8.044517636E-1
2.464696713E1,9.557653427E0,-1.678335428E0,-8.451532125E-1
2.464903636E1,9.560047150E0,-1.666364431E0,-8.667010069E-1
2.465107109E1,9.552865028E0,-1.630451322E0,-9.193734527E-1
2.465314013E1,9.552865028E0,-1.587355733E0,-9.720458984E-1
2.465517490E1,9.550470352E0,-1.561019540E0,-1.003170490E0
2.465720609E1,9.552865028E0,-1.517923832E0,-1.063025594E0
2.465923763E1,9.552865028E0,-1.470039845E0,-1.118092179E0
2.466130694E1,9.557653427E0,-1.443703651E0,-1.151610970E0
2.466334274E1,9.574412346E0,-1.391031146E0,-1.204283476E0
2.466541174E1,9.588777542E0,-1.333570361E0,-1.252167463E0
2.466744705E1,9.603142738E0,-1.280897856E0,-1.321599364E0
2.466951620E1,9.619902611E0,-1.242590666E0,-1.352723956E0
2.467155163E1,9.665391922E0,-1.180341482E0,-1.419761658E0
2.467362090E1,9.696516991E0,-1.120486379E0,-1.477222443E0
2.467565582E1,9.710882187E0,-1.072602391E0,-1.508347034E0
2.467765894E1,9.751583099E0,-9.911994934E-1,-1.575384736E0
2.467975086E1,9.792284966E0,-9.193734527E-1,-1.623268723E0
2.468170370E1,9.813833237E0,-8.810662031E-1,-1.632845521E0
2.468370390E1,9.856928825E0,-8.020575643E-1,-1.685518026E0
2.468577247E1,9.890447617E0,-7.038952708E-1,-1.731007814E0
2.468780694E1,9.900024414E0,-6.703764796E-1,-1.745373011E0
2.468987586E1,9.938331604E0,-5.889736414E-1,-1.769315004E0
2.469191059E1,9.957485199E0,-4.932055473E-1,-1.800439715E0
2.469397936E1,9.964667320E0,-4.548983276E-1,-1.817199111E0
2.469601405E1,9.983820915E0,-3.687070608E-1,-1.841141105E0
2.469804574E1,1.001255131E1,-2.753331959E-1,-1.855506301E0
2.470013194E1,1.001733971E1,-2.370259613E-1,-1.855506301E0
2.470209359E1,1.001494598E1,-1.532289088E-1,-1.860294700E0
2.470409320E1,1.002691650E1,-9.337386489E-2,-1.857900500E0
2.470616205E1,1.003170490E1,-5.267243832E-2,-1.850717902E0
2.470819736E1,1.001973438E1,4.788403399E-3,-1.838746905E0
2.471026647E1,1.002452278E1,7.182604820E-2,-1.814804912E0
2.471230117E1,1.003888798E1,1.053448766E-1,-1.805228114E0
2.471437020E1,1.002691650E1,1.699883193E-1,-1.790862918E0
2.471640528E1,1.001973438E1,2.154781520E-1,-1.764526606E0
2.471843497E1,1.000776291E1,2.561795712E-1,-1.731007814E0
2.472043724E1,1.001973438E1,2.657563984E-1,-1.704671621E0
2.472250590E1,1.004367638E1,2.896983922E-1,-1.656787634E0
2.472454109E1,1.003409958E1,3.160346150E-1,-1.625662923E0
2.472661001E1,1.003409958E1,3.184288144E-1,-1.611297727E0
2.472864524E1,1.003170490E1,3.351882398E-1,-1.592144132E0
2.473071455E1,1.005085850E1,3.399766386E-1,-1.549048543E0
2.473274932E1,1.006282997E1,3.399766386E-1,-1.527500629E0
2.473481782E1,1.006522369E1,3.495534360E-1,-1.517923832E0
2.473685255E1,1.006282997E1,3.280056417E-1,-1.510741234E0
2.473888451E1,1.007001209E1,3.208230138E-1,-1.510741234E0
2.474091547E1,1.007719517E1,3.016694188E-1,-1.513135433E0
2.474298397E1,1.008677197E1,2.896983922E-1,-1.534683347E0
2.474501859E1,1.008677197E1,2.825157940E-1,-1.553836942E0
2.474708778E1,1.008677197E1,2.489969730E-1,-1.565807939E0
2.474912259E1,1.010592556E1,2.106897533E-1,-1.594538331E0
2.475114820E1,1.012268448E1,1.963245422E-1,-1.618480325E0
2.475314809E1,1.012986755E1,1.795651317E-1,-1.630451322E0
2.475521716E1,1.015141487E1,1.340752989E-1,-1.647210717E0
2.475725197E1,1.016338634E1,9.337386489E-2,-1.687912226E0
2.475925528E1,1.017535686E1,7.422025502E-2,-1.704671621E0
2.476142474E1,1.019451046E1,2.873042040E-2,-1.723825216E0
2.476330801E1,1.018972206E1,-1.675941236E-2,-1.735796213E0
2.476530813E1,1.018493366E1,-2.154781483E-2,-1.750161409E0
2.476737755E1,1.019929886E1,-5.506663769E-2,-1.771709204E0
2.476941286E1,1.017775154E1,-1.221042871E-1,-1.795651317E0
2.477148259E1,1.016099167E1,-1.484405100E-1,-1.812410712E0
2.477351813E1,1.012986755E1,-2.035071403E-1,-1.831564307E0
2.477558767E1,1.010113716E1,-2.537853718E-1,-1.845929503E0
2.477762255E1,1.008198357E1,-2.896983922E-1,-1.848323703E0
2.477962293E1,1.001494598E1,-3.280056417E-1,-1.860294700E0
2.478171043E1,9.952696800E0,-3.854664862E-1,-1.865083098E0
2.478367320E1,9.940725327E0,-4.189853072E-1,-1.872265697E0
2.478567336E1,9.907206535E0,-4.740519226E-1,-1.874659896E0
2.478774247E1,9.852140427E0,-5.147533417E-1,-1.884236693E0
2.478977728E1,9.837775230E0,-5.339069963E-1,-1.891419291E0
2.479184617E1,9.797073364E0,-5.650315881E-1,-1.886630893E0
2.479388109E1,9.768342972E0,-6.224924326E-1,-1.884236693E0
2.479594982E1,9.749189377E0,-6.488286853E-1,-1.896207690E0
2.479798532E1,9.684545517E0,-6.871358752E-1,-1.903390408E0
2.479998843E1,9.662998199E0,-7.278373241E-1,-1.920149803E0
2.480199159E1,9.660603523E0,-7.422025204E-1,-1.927332401E0
2.480406051E1,9.631873131E0,-7.685387731E-1,-1.944091797E0
2.480609532E1,9.624691010E0,-7.972691655E-1,-1.960851192E0
2.480816428E1,9.610325813E0,-8.116343617E-1,-1.996764183E0
2.481019897E1,9.607931137E0,-8.236053586E-1,-2.013523579E0
2.481226778E1,9.595960617E0,-8.427590132E-1,-2.042253971E0
2.481430274E1,9.600749016E0,-8.259995580E-1,-2.061407566E0
2.481637117E1,9.588777542E0,-8.427590132E-1,-2.070984364E0
2.481840593E1,9.574412346E0,-8.523358107E-1,-2.111685991E0
2.482040528E1,9.574412346E0,-8.164227605E-1,-2.140416384E0
2.482243632E1,9.574412346E0,-7.996633649E-1,-2.161964178E0
2.482450470E1,9.583989143E0,-7.661445141E-1,-2.217030764E0
2.482653920E1,9.583989143E0,-7.565677166E-1,-2.245761156E0
2.482860774E1,9.588777542E0,-7.493851185E-1,-2.267308950E0
2.483064209E1,9.595960617E0,-6.967126727E-1,-2.303221941E0
2.483271047E1,9.605537415E0,-6.536170840E-1,-2.329558372E0
2.483474455E1,9.605537415E0,-6.320692301E-1,-2.348711967E0
2.483681340E1,9.605537415E0,-5.889736414E-1,-2.391807556E0
2.483884813E1,9.610325813E0,-5.243301988E-1,-2.415749550E0
2.484085055E1,9.619902611E0,-4.979939461E-1,-2.425326347E0
2.484294190E1,9.610325813E0,-4.381389022E-1,-2.430114746E0
2.484489597E1,9.610325813E0,-3.878606856E-1,-2.439691544E0
2.484689551E1,9.617507935E0,-3.663128614E-1,-2.446874142E0
2.484896463E1,9.605537415E0,-3.088520169E-1,-2.458845139E0
2.485099959E1,9.612719536E0,-2.298433632E-1,-2.480392933E0
2.485306859E1,9.605537415E0,-1.580173075E-1,-2.485181332E0
2.485510355E1,9.600749016E0,-1.268926859E-1,-2.487575531E0
2.485717247E1,9.598354340E0,-5.746084079E-2,-2.485181332E0
2.485920705E1,9.605537415E0,4.788403399E-3,-2.501940727E0
2.486120724E1,9.593565941E0,5.027823523E-2,-2.501940727E0
2.486329278E1,9.586383820E0,1.292868853E-1,-2.509123325E0
2.486525540E1,9.581595421E0,2.106897533E-1,-2.530671120E0
2.486725547E1,9.579200745E0,2.370259613E-1,-2.537853718E0
2.486932482E1,9.576807022E0,2.944868207E-1,-2.554613113E0
2.487135990E1,9.574412346E0,3.639186621E-1,-2.554613113E0
2.487342882E1,9.579200745E0,3.950432837E-1,-2.554613113E0
2.487546397E1,9.567230225E0,4.501099288E-1,-2.557007313E0
2.487753293E1,9.557653427E0,5.051765442E-1,-2.552218914E0
2.487956782E1,9.560047150E0,5.243301988E-1,-2.545036316E0
2.488159836E1,9.557653427E0,5.578489900E-1,-2.540247917E0
2.488359967E1,9.581595421E0,6.033388376E-1,-2.530671120E0
2.488566897E1,9.593565941E0,6.129156351E-1,-2.523488522E0
2.488770440E1,9.603142738E0,6.344634295E-1,-2.513911724E0
2.488977355E1,9.615114212E0,6.392518282E-1,-2.511517525E0
2.489180878E1,9.617507935E0,6.392518282E-1,-2.506729126E0
2.489387813E1,9.639056206E0,6.560112834E-1,-2.506729126E0
2.489591336E1,9.658209801E0,6.560112834E-1,-2.501940727E0
2.489798286E1,9.682151794E0,6.464344859E-1,-2.494758129E0
2.490001809E1,9.686940193E0,6.320692301E-1,-2.477998734E0
2.490201840E1,9.703699112E0,5.937620401E-1,-2.446874142E0
2.490404990E1,9.749189377E0,5.889736414E-1,-2.420537949E0
2.490611932E1,9.761159897E0,5.698199868E-1,-2.391807556E0
2.490815413E1,9.775525093E0,5.171475410E-1,-2.343923569E0
2.491022393E1,9.787496567E0,4.644751251E-1,-2.260126352E0
2.491225890E1,9.801861763E0,4.309563041E-1,-2.231395960E0
2.491432867E1,9.832986832E0,3.663128614E-1,-2.152387381E0
2.491636359E1,9.852140427E0,2.920926213E-1,-2.059013367E0
2.491843286E1,9.854534149E0,2.418143749E-1,-2.011129379E0
2.492046782E1,9.856928825E0,1.747767180E-1,-1.896207690E0
2.492247159E1,9.883264542E0,9.097966552E-2,-1.798045516E0
2.492456378E1,9.883264542E0,4.309562966E-2,-1.740584612E0
2.492651693E1,9.864110947E0,-5.746084079E-2,-1.632845521E0
2.492851690E1,9.859322548E0,-1.436520964E-1,-1.527500629E0
2.493058567E1,9.854534149E0,-1.819593310E-1,-1.479616642E0
2.493262036E1,9.844957352E0,-2.729389966E-1,-1.391031146E0
2.493469013E1,9.821015358E0,-3.711012602E-1,-1.309628367E0
2.493672501E1,9.797073364E0,-4.213795066E-1,-1.273715258E0
2.493879405E1,9.787496567E0,-5.291185975E-1,-1.211466074E0
2.494082893E1,9.761159897E0,-6.440402865E-1,-1.144428372E0
2.494285347E1,9.708487511E0,-7.254431248E-1,-1.082179189E0
2.494493886E1,9.684545517E0,-7.805097699E-1,-1.053448796E0
2.494690113E1,9.684545517E0,-8.738836050E-1,-1.007958889E0
2.494890082E1,9.670180321E0,-9.504981041E-1,-9.816226959E-1
2.495097040E1,9.651026726E0,-9.911994934E-1,-9.624691010E-1
2.495300505E1,9.651026726E0,-1.084573388E0,-9.265560508E-1
2.495507382E1,9.624691010E0,-1.189918280E0,-9.050082564E-1
2.495710882E1,9.615114212E0,-1.244984865E0,-8.930372596E-1
2.495917759E1,9.612719536E0,-1.326387763E0,-8.762778044E-1
2.496121247E1,9.591172218E0,-1.403002143E0,-8.595184088E-1
2.496328205E1,9.572018623E0,-1.446097851E0,-8.547300100E-1
2.496531940E1,9.572018623E0,-1.534683347E0,-8.331822157E-1
2.496738882E1,9.569623947E0,-1.618480325E0,-8.212111592E-1
2.496942436E1,9.574412346E0,-1.654393315E0,-8.140285611E-1
2.497149366E1,9.574412346E0,-1.716642618E0,-7.852981687E-1
2.497352905E1,9.574412346E0,-1.781286120E0,-7.781155705E-1
2.497559874E1,9.576807022E0,-1.841141105E0,-7.637503147E-1
2.497763397E1,9.583989143E0,-1.857900500E0,-7.661445141E-1
2.497970332E1,9.607931137E0,-1.903390408E0,-7.757213712E-1
2.498173855E1,9.627084732E0,-1.936909199E0,-7.637503147E-1
2.498373809E1,9.634267807E0,-1.956062794E0,-7.637503147E-1
2.498576932E1,9.684545517E0,-1.970427990E0,-7.661445141E-1
2.498783816E1,9.710882187E0,-1.987187386E0,-7.733271718E-1
2.498987240E1,9.739612579E0,-1.989581585E0,-7.781155705E-1
2.499194109E1,9.792284966E0,-1.999158382E0,-7.852981687E-1
2.499397536E1,9.844957352E0,-1.999158382E0,-7.972691655E-1
2.499600005E1,9.866505623E0,-2.006340981E0,-8.044517636E-1
2.499799982E1,9.919178009E0,-1.996764183E0,-8.212111592E-1
2.500006851E1,9.962273598E0,-1.991975784E0,-8.571242094E-1
2.500210351E1,1.000058079E1,-1.984793186E0,-8.690952063E-1
2.500410786E1,1.005804157E1,-1.968033791E0,-9.002198577E-1
2.500627863E1,1.011071396E1,-1.929726601E0,-9.385270476E-1
2.500816293E1,1.013944435E1,-1.920149803E0,-9.552865028E-1
2.501016243E1,1.020887566E1,-1.908178806E0,-9.911994934E-1
2.501223151E1,1.027591324E1,-1.891419291E0,-1.022324085E0
2.501426705E1,1.029506683E1,-1.874659896E0,-1.039083481E0
2.501633643E1,1.034295177E1,-1.838746905E0,-1.051054597E0
2.501837159E1,1.039801788E1,-1.793257117E0,-1.063025594E0
2.502044082E1,1.044829655E1,-1.776497602E0,-1.074996591E0
2.502247616E1,1.047223854E1,-1.764526606E0,-1.082179189E0
2.502450890E1,1.050336266E1,-1.757344007E0,-1.086967587E0
2.502659597E1,1.052251625E1,-1.726219416E0,-1.084573388E0
2.502855893E1,1.053209305E1,-1.728613615E0,-1.082179189E0
2.503055959E1,1.052969933E1,-1.726219416E0,-1.051054597E0
2.503262893E1,1.052012253E1,-1.723825216E0,-1.017535686E0
2.503466416E1,1.052251625E1,-1.731007814E0,-9.935936928E-1
2.503673386E1,1.049857426E1,-1.738190413E0,-9.672574997E-1
2.503876924E1,1.046984386E1,-1.721431017E0,-9.457096457E-1
2.504083890E1,1.044111347E1,-1.728613615E0,-9.337386489E-1
2.504287405E1,1.039322948E1,-1.747767210E0,-9.050082564E-1
2.504490470E1,1.033098030E1,-1.752555609E0,-8.690952063E-1
2.504690697E1,1.029267311E1,-1.754949808E0,-8.643068075E-1
2.504897693E1,1.023281765E1,-1.783680320E0,-8.379706144E-1
2.505101282E1,1.014662647E1,-1.826775908E0,-8.092401624E-1
2.505308224E1,1.008677197E1,-1.853112102E0,-7.900865674E-1
2.505511793E1,9.979032516E0,-1.881842494E0,-7.637503147E-1
2.505718751E1,9.880870819E0,-1.927332401E0,-7.326257229E-1
2.505922282E1,9.823410034E0,-1.956062794E0,-7.158663273E-1
2.506129247E1,9.694122314E0,-2.006340981E0,-6.679822803E-1
2.506332805E1,9.567230225E0,-2.080561161E0,-6.296750307E-1
2.506536020E1,9.447520256E0,-2.114080191E0,-6.033388376E-1
2.506739270E1,9.378087997E0,-2.200271368E0,-5.817909837E-1
2.506946263E1,9.272743225E0,-2.291250944E0,-5.458779931E-1
2.507149832E1,9.167398453E0,-2.389413357E0,-5.123591423E-1
2.507356816E1,9.109937668E0,-2.430114746E0,-5.051765442E-1
2.507560382E1,8.990227699E0,-2.506729126E0,-4.908113480E-1
2.507767413E1,8.908824921E0,-2.604891539E0,-4.740519226E-1
2.507970986E1,8.851364136E0,-2.655169725E0,-4.596867263E-1
2.508178001E1,8.755595207E0,-2.719813108E0,-4.477157295E-1
2.508381570E1,8.695740700E0,-2.834734917E0,-4.620809257E-1
2.508581870E1,8.669404030E0,-2.882618904E0,-4.692635238E-1
2.508791132E1,8.635885239E0,-2.956839085E0,-4.908113480E-1
2.508986555E1,8.611943245E0,-3.038241863E0,-5.267243981E-1
2.509186613E1,8.592789650E0,-3.074155092E0,-5.434837937E-1
2.509393582E1,8.547300339E0,-3.126827478E0,-6.057330370E-1
2.509597140E1,8.540117264E0,-3.177105665E0,-6.775590777E-1
2.509804143E1,8.544905663E0,-3.208230257E0,-7.134721279E-1
2.510007713E1,8.580819130E0,-3.260902643E0,-8.044517636E-1
2.510214732E1,8.566453934E0,-3.265691042E0,-9.193734527E-1
2.510418328E1,8.576030731E0,-3.265691042E0,-1.041477680E0
2.510621678E1,8.595184326E0,-3.258508444E0,-1.103726983E0
2.510830351E1,8.628703117E0,-3.239354849E0,-1.249773264E0
2.511026747E1,8.676587105E0,-3.220201254E0,-1.395819545E0
2.511226820E1,8.693346024E0,-3.162740469E0,-1.474828243E0
2.511433847E1,8.717288017E0,-3.102885485E0,-1.642422318E0
2.511637412E1,8.746018410E0,-3.021482468E0,-1.793257117E0
2.511844390E1,8.765172005E0,-2.975992680E0,-1.869871497E0
2.512047966E1,8.798690796E0,-2.894589901E0,-2.035071373E0
2.512254943E1,8.848969460E0,-2.784456491E0,-2.200271368E0
2.512458520E1,8.882488251E0,-2.731784105E0,-2.272097349E0
2.512565566E1,8.899248123E0,-2.669534922E0,-2.348711967E0
2.512769451E1,8.937555313E0,-2.542642117E0,-2.521094322E0
2.512976459E1,9.006986618E0,-2.418143749E0,-2.674323320E0
2.513179986E1,9.057265282E0,-2.353500366E0,-2.755726099E0
2.513387051E1,9.133879662E0,-2.226607561E0,-2.904166698E0
2.513590659E1,9.222464561E0,-2.109291792E0,-3.045424461E0
2.513797682E1,9.270348549E0,-2.054224968E0,-3.124433279E0
2.514001247E1,9.370905876E0,-1.927332401E0,-3.248931646E0
2.514208236E1,9.493009567E0,-1.819593310E0,-3.394978046E0
2.514411751E1,9.550470352E0,-1.759738207E0,-3.462015629E0
2.514614320E1,9.667786598E0,-1.640028119E0,-3.603273630E0
2.514817632E1,9.787496567E0,-1.553836942E0,-3.737348795E0
2.515024590E1,9.859322548E0,-1.501164436E0,-3.809175014E0
2.515228116E1,1.000058079E1,-1.395819545E0,-3.936067581E0
2.515435105E1,1.016578007E1,-1.326387763E0,-4.039018154E0
2.515638666E1,1.032858658E1,-1.247379065E0,-4.132391930E0
2.515845659E1,1.041238308E1,-1.225831270E0,-4.173093796E0
2.516049182E1,1.056561184E1,-1.194706678E0,-4.237737179E0
2.516256136E1,1.071884060E1,-1.165976286E0,-4.309563160E0
2.516459712E1,1.077869606E1,-1.149216771E0,-4.331110954E0
2.516666674E1,1.091277122E1,-1.151610970E0,-4.362235546E0
2.516875920E1,1.104924107E1,-1.154005170E0,-4.395754337E0
2.517072186E1,1.111867237E1,-1.156399369E0,-4.410119534E0
2.517272263E1,1.127908421E1,-1.156399369E0,-4.453215122E0
2.517479220E1,1.144907284E1,-1.163581967E0,-4.479551315E0
2.517682747E1,1.152808094E1,-1.173158884E0,-4.505887508E0
2.517889736E1,1.167173290E1,-1.209071875E0,-4.537012100E0
2.518093274E1,1.181299114E1,-1.223437071E0,-4.563348293E0
2.518300274E1,1.187284660E1,-1.235408068E0,-4.584896088E0
2.518503836E1,1.199734497E1,-1.266532660E0,-4.623203278E0
2.518705778E1,1.210987186E1,-1.290474772E0,-4.656722069E0
2.518914524E1,1.222479343E1,-1.312022567E0,-4.680664539E0
2.519110801E1,1.225831223E1,-1.312022567E0,-4.692635536E0
2.519310851E1,1.229901409E1,-1.326387763E0,-4.680664539E0
2.519517828E1,1.232295609E1,-1.321599364E0,-4.656722069E0
2.519721362E1,1.232295609E1,-1.271321058E0,-4.632780075E0
2.519928324E1,1.229901409E1,-1.221042871E0,-4.546588898E0
2.520131824E1,1.224873543E1,-1.158793569E0,-4.414907932E0
2.520338736E1,1.219366932E1,-1.125274777E0,-4.335899353E0
2.520542243E1,1.206438255E1,-1.043871999E0,-4.149151325E0
2.520743770E1,1.188721180E1,-9.504981041E-1,-3.916913986E0
2.520943997E1,1.178426075E1,-8.882488012E-1,-3.801992416E0
2.521150905E1,1.156638813E1,-7.781155705E-1,-3.557783842E0
2.521354424E1,1.130542088E1,-6.272808313E-1,-3.306392431E0
2.521561355E1,1.116416264E1,-5.650315881E-1,-3.196259260E0
2.521764893E1,1.088404083E1,-4.309563041E-1,-2.980781078E0
2.521971828E1,1.057997704E1,-3.232172430E-1,-2.748543501E0
2.522175366E1,1.043871975E1,-2.681505978E-1,-2.640804529E0
2.522382297E1,1.017056847E1,-1.508347094E-1,-2.430114746E0
2.522585805E1,9.880870819E0,-4.548983276E-2,-2.240972757E0
2.522787732E1,9.749189377E0,7.182605099E-3,-2.149993181E0
2.522990951E1,9.502586365E0,1.125274822E-1,-1.970427990E0
2.523197866E1,9.253589630E0,1.604115069E-1,-1.810016513E0
2.523401378E1,9.009381294E0,1.867477298E-1,-1.613691926E0
2.523608297E1,8.880094528E0,2.202665508E-1,-1.525106430E0
2.523811755E1,8.650250435E0,2.226607651E-1,-1.367089152E0
2.524014197E1,8.461109161E0,2.298433632E-1,-1.221042871E0
2.524214174E1,8.384494781E0,2.202665508E-1,-1.144428372E0
2.524421028E1,8.250418663E0,1.771709323E-1,-9.959878922E-1
2.524624466E1,8.101978302E0,1.077390760E-1,-8.499416113E-1
2.524831339E1,8.046912193E0,6.464344263E-2,-7.852981687E-1
2.525048313E1,7.939172745E0,-2.394201607E-2,-6.991068721E-1
2.525240178E1,7.860164165E0,-1.077390760E-1,-6.224924326E-1
2.525440170E1,7.821856976E0,-1.556231081E-1,-5.793967843E-1
2.525647205E1,7.790732384E0,-2.920926213E-1,-4.836287498E-1
2.525850674E1,7.795520782E0,-4.237737060E-1,-3.926490843E-1
2.526057605E1,7.797914982E0,-4.908113480E-1,-3.471592367E-1
2.526261097E1,7.831433773E0,-6.440402865E-1,-2.537853718E-1
2.526468047E1,7.879317760E0,-8.236053586E-1,-1.436520964E-1
2.526671593E1,7.924807549E0,-9.217676520E-1,-8.858546615E-2
2.526873816E1,8.022970200E0,-1.098938584E0,1.915361360E-2
2.527082482E1,8.135497093E0,-1.300051570E0,1.149216816E-1
2.527278812E1,8.197746277E0,-1.414973259E0,1.532289088E-1
2.527478832E1,8.317456245E0,-1.625662923E0,2.226607651E-1
2.527685859E1,8.444349289E0,-1.829170108E0,2.681505978E-1
2.527889439E1,8.578424454E0,-1.932120800E0,3.040636182E-1
2.528096428E1,8.650250435E0,-2.138022184E0,3.112462163E-1
2.528299978E1,8.796297073E0,-2.353500366E0,2.992752194E-1
2.528506943E1,8.925583839E0,-2.564189911E0,2.753331959E-1
2.528710474E1,8.992621422E0,-2.659958124E0,2.585737705E-1
2.528917432E1,9.138668060E0,-2.853888512E0,2.202665508E-1
2.529121236E1,9.260771751E0,-2.992752075E0,1.651999205E-1
2.529328136E1,9.320627213E0,-3.066972494E0,1.364694983E-1
2.529531628E1,9.433155060E0,-3.234566450E0,8.140286058E-2
2.529738566E1,9.540893555E0,-3.373430252E0,7.182605099E-3
2.529942101E1,9.605537415E0,-3.428496838E0,-2.873042040E-2
2.530149032E1,9.727641106E0,-3.529053211E0,-1.101332754E-1
2.530352532E1,9.830592155E0,-3.639186621E0,-2.011129409E-1
2.530559451E1,9.935936928E0,-3.684676409E0,-2.849099934E-1
2.530762993E1,9.983820915E0,-3.770867586E0,-3.256114423E-1
2.530965543E1,1.007240677E1,-3.837905407E0,-4.165911078E-1
2.531168643E1,1.018493366E1,-3.873818398E0,-5.147533417E-1
2.531375612E1,1.023760605E1,-3.878606796E0,-5.626373887E-1
2.531579155E1,1.032858658E1,-3.871424198E0,-6.512228847E-1
2.531786101E1,1.041717148E1,-3.835511208E0,-7.398083210E-1
2.531989624E1,1.046266174E1,-3.799597979E0,-7.829039693E-1
2.532196539E1,1.051293945E1,-3.742137194E0,-8.762778044E-1
2.532400051E1,1.057279491E1,-3.629609823E0,-9.552865028E-1
2.532607016E1,1.059194851E1,-3.586514235E0,-9.911994934E-1
2.532810536E1,1.061828423E1,-3.493140221E0,-1.060631394E0
2.533017505E1,1.065419769E1,-3.375824451E0,-1.101332784E0
2.533226624E1,1.064462090E1,-3.303998232E0,-1.130063176E0
2.533422093E1,1.063743782E1,-3.157952070E0,-1.192312479E0
2.533622120E1,1.061828423E1,-2.987963676E0,-1.242590666E0
2.533829043E1,1.060152531E1,-2.911349297E0,-1.276109457E0
2.534032509E1,1.055842972E1,-2.724601507E0,-1.333570361E0
2.534239405E1,1.051533413E1,-2.549824715E0,-1.383848548E0
2.534442962E1,1.043393135E1,-2.463633537E0,-1.424550056E0
2.534649886E1,1.039322948E1,-2.291250944E0,-1.446097851E0
2.534853393E1,1.031661510E1,-2.121262789E0,-1.486799240E0
2.535056132E1,1.026633644E1,-1.958456993E0,-1.525106430E0
2.535264674E1,1.022324085E1,-1.889025092E0,-1.529894829E0
2.535460886E1,1.014662647E1,-1.750161409E0,-1.539471745E0
2.535660893E1,1.008198357E1,-1.592144132E0,-1.537077546E0
2.535867824E1,1.003888798E1,-1.525106430E0,-1.532289028E0
2.536071374E1,9.967061996E0,-1.417367458E0,-1.532289028E0
2.536278282E1,9.923966408E0,-1.271321058E0,-1.503558636E0
2.536481774E1,9.902418137E0,-1.209071875E0,-1.489193439E0
2.536688689E1,9.844957352E0,-1.113303781E0,-1.460463047E0
2.536892205E1,9.801861763E0,-1.039083481E0,-1.422155857E0
2.537094424E1,9.773131371E0,-1.000776291E0,-1.405396342E0
2.537294624E1,9.734824181E0,-9.337386489E-1,-1.352723956E0
2.537501570E1,9.682151794E0,-8.930372596E-1,-1.300051570E0
2.537705136E1,9.672574997E0,-8.786720037E-1,-1.264138460E0
2.537912124E1,9.636661530E0,-8.355764151E-1,-1.201889277E0
2.538115662E1,9.588777542E0,-8.140285611E-1,-1.146822572E0
2.538322682E1,9.555258751E0,-8.283938169E-1,-1.125274777E0
2.538526255E1,9.548076630E0,-8.523358107E-1,-1.084573388E0
2.538733255E1,9.533711433E0,-8.690952063E-1,-1.036689281E0
2.538936820E1,9.516951561E0,-9.074024558E-1,-9.816226959E-1
2.539139536E1,9.509769440E0,-9.217676520E-1,-9.648633003E-1
2.539342809E1,9.483432770E0,-9.624691010E-1,-9.385270476E-1
2.539549759E1,9.445125580E0,-1.024718285E0,-8.930372596E-1
2.539753305E1,9.418789864E0,-1.058237195E0,-8.762778044E-1
2.539960278E1,9.378087997E0,-1.144428372E0,-8.379706144E-1
2.540163816E1,9.332598686E0,-1.237802267E0,-7.924807668E-1
2.540370786E1,9.311050415E0,-1.276109457E0,-7.805097699E-1
2.540574305E1,9.260771751E0,-1.359906554E0,-7.517793179E-1
2.540781243E1,9.220070839E0,-1.443703651E0,-7.254431248E-1
2.540984820E1,9.196128845E0,-1.491587639E0,-7.134721279E-1
2.541185112E1,9.172186852E0,-1.589749932E0,-7.158663273E-1
2.541394286E1,9.131484985E0,-1.695094824E0,-7.110779285E-1
2.541589666E1,9.117119789E0,-1.740584612E0,-7.134721279E-1
2.541789682E1,9.081207275E0,-1.841141105E0,-6.847416759E-1
2.541996593E1,9.045293808E0,-1.939303398E0,-6.751648784E-1
2.542200166E1,9.021351814E0,-1.977610588E0,-6.655880809E-1
2.542407093E1,8.968679428E0,-2.056619167E0,-6.416460276E-1
2.542610612E1,8.901641846E0,-2.142810583E0,-6.081272364E-1
2.542817501E1,8.865729332E0,-2.236184359E0,-5.770025849E-1
2.543020966E1,8.846575737E0,-2.262520552E0,-5.578489900E-1
2.543224151E1,8.834604263E0,-2.317587137E0,-5.267243981E-1
2.543432686E1,8.793902397E0,-2.384624958E0,-4.764461517E-1
2.543628986E1,8.796297073E0,-2.408566952E0,-4.572925270E-1
2.543828955E1,8.757989883E0,-2.454056740E0,-4.189853072E-1
2.544035866E1,8.762778282E0,-2.499546528E0,-3.806780577E-1
2.544239355E1,8.772355080E0,-2.523488522E0,-3.591302633E-1
2.544446239E1,8.762778282E0,-2.571372509E0,-3.327940404E-1
2.544649762E1,8.762778282E0,-2.595314741E0,-3.160346150E-1
2.544856689E1,8.769960403E0,-2.609679937E0,-3.064578176E-1
2.545060174E1,8.805873871E0,-2.655169725E0,-2.777273953E-1
2.545260655E1,8.836998940E0,-2.710236311E0,-2.681505978E-1
2.545461089E1,8.841787338E0,-2.734178305E0,-2.633621991E-1
2.545667936E1,8.889671326E0,-2.755726099E0,-2.585737705E-1
2.545871378E1,8.925583839E0,-2.791639090E0,-2.561795712E-1
2.546078259E1,8.947132111E0,-2.808398485E0,-2.537853718E-1
2.546281728E1,8.999804497E0,-2.863465309E0,-2.537853718E-1
2.546488620E1,9.045293808E0,-2.877830505E0,-2.609679997E-1
2.546692105E1,9.074024200E0,-2.887407303E0,-2.609679997E-1
2.546899016E1,9.131484985E0,-2.928108692E0,-2.681505978E-1
2.547102486E1,9.176975250E0,-2.942473888E0,-2.657563984E-1
2.547305689E1,9.210494041E0,-2.949656487E0,-2.609679997E-1
2.547508832E1,9.232041359E0,-2.949656487E0,-2.729389966E-1
2.547715759E1,9.289502144E0,-2.971204281E0,-2.896983922E-1
2.547919278E1,9.346963882E0,-2.992752075E0,-2.801215947E-1
2.548126193E1,9.366117477E0,-2.995146275E0,-2.849099934E-1
2.548329689E1,9.399636269E0,-2.978386879E0,-3.064578176E-1
2.548532212E1,9.442731857E0,-2.980781078E0,-3.064578176E-1
2.548732212E1,9.469067574E0,-2.973598480E0,-3.112462163E-1
2.548939097E1,9.497797966E0,-2.949656487E0,-3.399766386E-1
2.549142555E1,9.509769440E0,-2.940079689E0,-3.758896589E-1
2.549342824E1,9.521739960E0,-2.937685490E0,-3.950432837E-1
2.549559747E1,9.519346237E0,-2.918531895E0,-4.213795066E-1
2.549748105E1,9.528923035E0,-2.868253708E0,-4.525041282E-1
2.549948147E1,9.533711433E0,-2.839523315E0,-4.692635238E-1
2.550154997E1,9.543288231E0,-2.791639090E0,-5.099649429E-1
2.550358528E1,9.548076630E0,-2.738966703E0,-5.482721925E-1
2.550565424E1,9.555258751E0,-2.712630510E0,-5.626373887E-1
2.550768939E1,9.555258751E0,-2.667140722E0,-5.985504389E-1
2.550975905E1,9.562441826E0,-2.583343744E0,-6.224924326E-1
2.551179409E1,9.562441826E0,-2.549824715E0,-6.440402865E-1
2.551382636E1,9.576807022E0,-2.456450939E0,-6.631938815E-1
2.551591239E1,9.579200745E0,-2.398990154E0,-6.871358752E-1
2.551787566E1,9.591172218E0,-2.367865562E0,-7.015010715E-1
2.551987578E1,9.617507935E0,-2.281674147E0,-7.134721279E-1
2.552194512E1,9.634267807E0,-2.197877169E0,-7.110779285E-1
2.552398058E1,9.658209801E0,-2.152387381E0,-7.158663273E-1
2.552604997E1,9.665391922E0,-2.075772762E0,-7.015010715E-1
2.552808501E1,9.677363396E0,-2.011129379E0,-6.943184733E-1
2.553015455E1,9.686940193E0,-1.912967205E0,-6.799532771E-1
2.553218951E1,9.696516991E0,-1.874659896E0,-6.703764796E-1
2.553422005E1,9.698910713E0,-1.805228114E0,-6.560112834E-1
2.553622178E1,9.674968719E0,-1.738190413E0,-6.368576288E-1
2.553829078E1,9.665391922E0,-1.704671621E0,-6.248866320E-1
2.554032570E1,9.662998199E0,-1.654393315E0,-6.105214357E-1
2.554239482E1,9.615114212E0,-1.596932530E0,-5.961562395E-1
2.554442970E1,9.600749016E0,-1.572990537E0,-5.937620401E-1
2.554649908E1,9.564835548E0,-1.544260144E0,-5.793967843E-1
2.554853401E1,9.543288231E0,-1.503558636E0,-5.793967843E-1
2.555060282E1,9.514557838E0,-1.486799240E0,-5.889736414E-1
2.555263778E1,9.483432770E0,-1.462857246E0,-5.793967843E-1
2.555467051E1,9.452308655E0,-1.455674648E0,-5.889736414E-1
2.555670228E1,9.449913979E0,-1.458068848E0,-5.985504389E-1
2.555877208E1,9.418789864E0,-1.465251446E0,-6.200982332E-1
2.556080724E1,9.390059471E0,-1.489193439E0,-6.488286853E-1
2.556287605E1,9.380482674E0,-1.513135433E0,-6.631938815E-1
2.556491070E1,9.380482674E0,-1.527500629E0,-6.751648784E-1
2.556697997E1,9.382876396E0,-1.577778935E0,-7.134721279E-1
2.556901435E1,9.370905876E0,-1.635239720E0,-7.398083210E-1
2.557108335E1,9.370905876E0,-1.661576033E0,-7.565677166E-1
2.557311808E1,9.370905876E0,-1.714248419E0,-7.924807668E-1
2.557512082E1,9.375694275E0,-1.766920805E0,-8.092401624E-1
2.557721332E1,9.370905876E0,-1.800439715E0,-8.236053586E-1
2.557916705E1,9.378087997E0,-1.867477298E0,-8.403648138E-1
2.558116724E1,9.387664795E0,-1.929726601E0,-8.547300100E-1
2.558323662E1,9.394847870E0,-1.951274395E0,-8.595184088E-1
2.558527158E1,9.402029991E0,-1.991975784E0,-8.619126081E-1
2.558734105E1,9.394847870E0,-2.061407566E0,-8.667010069E-1
2.558937601E1,9.404424667E0,-2.082955360E0,-8.667010069E-1
2.559144524E1,9.414001465E0,-2.111685991E0,-8.523358107E-1
2.559347985E1,9.421183586E0,-2.121262789E0,-8.236053586E-1
2.559551166E1,9.435548782E0,-2.116474390E0,-8.092401624E-1
2.559759712E1,9.437943459E0,-2.128445387E0,-8.044517636E-1
2.559955878E1,9.449913979E0,-2.126051188E0,-7.781155705E-1
2.560155801E1,9.461885452E0,-2.123656988E0,-7.613561153E-1
2.560362743E1,9.478644371E0,-2.111685991E0,-7.278373241E-1
2.560566239E1,9.509769440E0,-2.075772762E0,-7.086837292E-1
2.560773166E1,9.521739960E0,-2.049436569E0,-6.919242740E-1
2.560976708E1,9.528923035E0,-2.027888775E0,-6.967126727E-1
2.561183624E1,9.531316757E0,-1.987187386E0,-6.847416759E-1
2.561387185E1,9.540893555E0,-1.924938202E0,-6.727706790E-1
2.561587493E1,9.548076630E0,-1.896207690E0,-6.631938815E-1
2.561787835E1,9.550470352E0,-1.805228114E0,-6.751648784E-1
2.561994751E1,9.545681953E0,-1.738190413E0,-6.919242740E-1
2.562198247E1,9.543288231E0,-1.699883223E0,-6.943184733E-1
2.562405185E1,9.552865028E0,-1.616086125E0,-7.134721279E-1
2.562608735E1,9.567230225E0,-1.527500629E0,-7.350199223E-1
2.562815682E1,9.552865028E0,-1.491587639E0,-7.398083210E-1
2.563019197E1,9.552865028E0,-1.410184860E0,-7.445967197E-1
2.563226101E1,9.552865028E0,-1.328781962E0,-7.685387731E-1
2.563429570E1,9.550470352E0,-1.288080573E0,-7.781155705E-1
2.563632755E1,9.526528358E0,-1.199495077E0,-7.924807668E-1
2.563835843E1,9.490615845E0,-1.130063176E0,-7.996633649E-1
2.564042751E1,9.466673851E0,-1.096544385E0,-8.092401624E-1
2.564246209E1,9.437943459E0,-1.031900883E0,-8.259995580E-1
2.564453132E1,9.399636269E0,-9.864110947E-1,-8.403648138E-1
2.564656643E1,9.349357605E0,-9.385270476E-1,-8.738836050E-1
2.564863551E1,9.315838814E0,-9.145850539E-1,-8.858546019E-1
2.565067028E1,9.263166428E0,-8.667010069E-1,-9.002198577E-1
2.565273928E1,9.217676163E0,-8.379706144E-1,-9.097966552E-1
2.565477443E1,9.188945770E0,-8.259995580E-1,-9.145850539E-1
2.565677739E1,9.143456459E0,-8.523358107E-1,-9.217676520E-1
2.565886989E1,9.083600998E0,-8.762778044E-1,-9.409212470E-1
2.566082266E1,9.062053680E0,-8.834604025E-1,-9.528923035E-1
2.566282270E1,9.018958092E0,-8.930372596E-1,-9.768342972E-1
2.566489182E1,8.978256226E0,-9.433154464E-1,-9.935936928E-1
2.566692682E1,8.961497307E0,-9.552865028E-1,-1.005564690E0
2.566899578E1,8.963891029E0,-9.959878922E-1,-1.043871999E0
2.567103032E1,8.975862503E0,-1.048660398E0,-1.091755986E0
2.567309847E1,9.002198219E0,-1.077390790E0,-1.106121182E0
2.567513258E1,9.045293808E0,-1.127668977E0,-1.137245774E0
2.567713162E1,9.100360870E0,-1.180341482E0,-1.180341482E0
2.567921755E1,9.129091263E0,-1.201889277E0,-1.204283476E0
2.568117959E1,9.205705643E0,-1.247379065E0,-1.261744261E0
2.568317897E1,9.296685219E0,-1.307234168E0,-1.312022567E0
2.568524751E1,9.351752281E0,-1.333570361E0,-1.335964561E0
2.568728155E1,9.440337181E0,-1.395819545E0,-1.383848548E0
2.568935035E1,9.540893555E0,-1.417367458E0,-1.441309452E0
2.569138485E1,9.617507935E0,-1.441309452E0,-1.458068848E0
2.569345351E1,9.662998199E0,-1.484405041E0,-1.493981838E0
2.569548808E1,9.744400978E0,-1.525106430E0,-1.532289028E0
2.569751728E1,9.818621635E0,-1.541865945E0,-1.549048543E0
2.569951955E1,9.859322548E0,-1.546654344E0,-1.551442742E0
2.570158839E1,9.911994934E0,-1.544260144E0,-1.582567334E0
2.570362332E1,9.971850395E0,-1.529894829E0,-1.599326730E0
2.570569224E1,9.998186111E0,-1.525106430E0,-1.601720929E0
2.570772697E1,1.002691650E1,-1.510741234E0,-1.616086125E0
2.570979620E1,1.004607010E1,-1.479616642E0,-1.616086125E0
2.571183085E1,1.004607010E1,-1.462857246E0,-1.635239720E0
2.571389955E1,1.006522369E1,-1.426944256E0,-1.640028119E0
2.571593378E1,1.007958889E1,-1.391031146E0,-1.656787634E0
2.571796520E1,1.008916569E1,-1.376665950E0,-1.663970232E0
2.571999566E1,1.010113716E1,-1.340752959E0,-1.687912226E0
2.572206374E1,1.010831928E1,-1.295263171E0,-1.711854219E0
2.572409759E1,1.010831928E1,-1.271321058E0,-1.728613615E0
2.572616558E1,1.013704967E1,-1.230619669E0,-1.757344007E0
2.572819962E1,1.017775154E1,-1.177947283E0,-1.786074519E0
2.573022358E1,1.019929886E1,-1.156399369E0,-1.798045516E0
2.573222297E1,1.020887566E1,-1.130063176E0,-1.817199111E0
2.573429128E1,1.025675964E1,-1.072602391E0,-1.838746905E0
2.573632528E1,1.027830791E1,-1.027112484E0,-1.877054095E0
2.573832728E1,1.029506683E1,-9.911994934E-1,-1.898601890E0
2.574049516E1,1.034774017E1,-9.696516991E-1,-1.946485996E0
2.574237755E1,1.039322948E1,-9.552865028E-1,-1.975216389E0
2.574437655E1,1.041956615E1,-9.145850539E-1,-1.994369984E0
2.574644474E1,1.043871975E1,-8.834604025E-1,-2.049436569E0
2.574847912E1,1.045787334E1,-8.499416113E-1,-2.068590164E0
2.575054724E1,1.045787334E1,-8.379706144E-1,-2.078166962E0
2.575258120E1,1.045069027E1,-8.044517636E-1,-2.109291792E0
2.575464951E1,1.045069027E1,-7.829039693E-1,-2.123656988E0
2.575668385E1,1.044590187E1,-7.685387731E-1,-2.128445387E0
2.575871524E1,1.041717148E1,-7.422025204E-1,-2.114080191E0
2.576080139E1,1.040041256E1,-7.326257229E-1,-2.104503393E0
2.576276389E1,1.038604736E1,-7.206547260E-1,-2.104503393E0
2.576476347E1,1.035731697E1,-7.182605267E-1,-2.082955360E0
2.576683197E1,1.031900978E1,-7.182605267E-1,-2.035071373E0
2.576886635E1,1.030464458E1,-7.134721279E-1,-2.013523579E0
2.577093478E1,1.030943298E1,-7.158663273E-1,-1.977610588E0
2.577296889E1,1.027830791E1,-7.182605267E-1,-1.944091797E0
2.577503785E1,1.025675964E1,-7.422025204E-1,-1.924938202E0
2.577707182E1,1.023281765E1,-7.493851185E-1,-1.869871497E0
2.577907470E1,1.025675964E1,-7.709329724E-1,-1.829170108E0
2.578107816E1,1.025915432E1,-7.924807668E-1,-1.805228114E0
2.578314701E1,1.027112484E1,-8.355764151E-1,-1.759738207E0
2.578518239E1,1.028788471E1,-8.595184088E-1,-1.733402014E0
2.578725174E1,1.027591324E1,-8.690952063E-1,-1.721431017E0
2.578928662E1,1.029746151E1,-9.145850539E-1,-1.675941229E0
2.579135547E1,1.033816338E1,-9.696516991E-1,-1.659181833E0
2.579339047E1,1.037886429E1,-1.000776291E0,-1.618480325E0
2.579545882E1,1.039083576E1,-1.034295082E0,-1.604115129E0
2.579749366E1,1.042914295E1,-1.091755986E0,-1.589749932E0
2.579949328E1,1.047463226E1,-1.149216771E0,-1.572990537E0
2.580152489E1,1.050336266E1,-1.175553083E0,-1.568202138E0
2.580359397E1,1.053448772E1,-1.225831270E0,-1.539471745E0
2.580562958E1,1.057518864E1,-1.266532660E0,-1.520318031E0
2.580769739E1,1.059194851E1,-1.288080573E0,-1.522712231E0
2.580973228E1,1.062067890E1,-1.321599364E0,-1.510741234E0
2.581180120E1,1.062546730E1,-1.345541358E0,-1.489193439E0
2.581383558E1,1.062307262E1,-1.352723956E0,-1.482010841E0
2.581590447E1,1.063264942E1,-1.364694953E0,-1.460463047E0
2.581793908E1,1.060870743E1,-1.398213744E0,-1.458068848E0
2.581994255E1,1.059673691E1,-1.398213744E0,-1.443703651E0
2.582203370E1,1.055603504E1,-1.386242747E0,-1.417367458E0
2.582398651E1,1.050815105E1,-1.400607944E0,-1.395819545E0
2.582598670E1,1.046266174E1,-1.410184860E0,-1.383848548E0
2.582805547E1,1.039083576E1,-1.395819545E0,-1.347935557E0
2.583009024E1,1.032619190E1,-1.381454349E0,-1.316810966E0
2.583215908E1,1.022324085E1,-1.367089152E0,-1.300051570E0
2.583419324E1,1.017535686E1,-1.355118155E0,-1.280897856E0
2.583626185E1,1.009395409E1,-1.362300754E0,-1.254561663E0
2.583829616E1,1.001255131E1,-1.359906554E0,-1.223437071E0
2.584032851E1,9.967061996E0,-1.345541358E0,-1.201889277E0
2.584241501E1,9.868899345E0,-1.374271750E0,-1.161187768E0
2.584436874E1,9.785101891E0,-1.364694953E0,-1.127668977E0
2.584636824E1,9.753977776E0,-1.352723956E0,-1.110909581E0
2.584843643E1,9.677363396E0,-1.328781962E0,-1.065419793E0
2.585047062E1,9.603142738E0,-1.333570361E0,-1.000776291E0
2.585253928E1,9.576807022E0,-1.328781962E0,-9.672574997E-1
2.585457328E1,9.516951561E0,-1.331176162E0,-9.074024558E-1
2.585664166E1,9.447520256E0,-1.333570361E0,-8.499416113E-1
2.585867562E1,9.404424667E0,-1.340752959E0,-8.212111592E-1
2.586070443E1,9.339780807E0,-1.345541358E0,-7.805097699E-1
2.586270528E1,9.267954826E0,-1.352723956E0,-7.086837292E-1
2.586477401E1,9.236829758E0,-1.367089152E0,-6.751648784E-1
2.586680801E1,9.167398453E0,-1.383848548E0,-6.248866320E-1
2.586887608E1,9.102754593E0,-1.422155857E0,-5.793967843E-1
2.587091020E1,9.074024200E0,-1.438915253E0,-5.530605912E-1
2.587297805E1,9.030928612E0,-1.462857246E0,-4.979939461E-1
2.587501212E1,8.961497307E0,-1.489193439E0,-4.501099288E-1
2.587708066E1,8.925583839E0,-1.520318031E0,-4.022258818E-1
2.587911512E1,8.918401718E0,-1.539471745E0,-3.830722570E-1
2.588111451E1,8.892065048E0,-1.551442742E0,-3.543418646E-1
2.588314447E1,8.860940933E0,-1.572990537E0,-3.423708379E-1
2.588521362E1,8.832210541E0,-1.584961534E0,-3.351882398E-1
2.588724839E1,8.805873871E0,-1.606509328E0,-3.016694188E-1
2.588931716E1,8.784325600E0,-1.618480325E0,-3.064578176E-1
2.589135208E1,8.774748802E0,-1.630451322E0,-2.968810201E-1
2.589342078E1,8.738836288E0,-1.649604917E0,-2.729389966E-1
2.589545566E1,8.714894295E0,-1.680729628E0,-2.418143749E-1
2.589752416E1,8.705317497E0,-1.699883223E0,-2.274491638E-1
2.589955858E1,8.700529099E0,-1.723825216E0,-1.915361285E-1
2.590156135E1,8.681375504E0,-1.745373011E0,-1.508347094E-1
2.590365170E1,8.652645111E0,-1.759738207E0,-1.388636976E-1
2.590560489E1,8.621520042E0,-1.783680320E0,-1.101332754E-1
2.590760501E1,8.635885239E0,-1.817199111E0,-9.337386489E-2
2.590967312E1,8.635885239E0,-1.833958507E0,-9.576806426E-2
2.591170735E1,8.604761124E0,-1.845929503E0,-8.140286058E-2
2.591377585E1,8.597578049E0,-1.874659896E0,-8.140286058E-2
2.591581016E1,8.602366447E0,-1.896207690E0,-7.900865376E-2
2.591787935E1,8.573636055E0,-1.915361404E0,-8.619125932E-2
2.591991343E1,8.583212852E0,-1.932120800E0,-1.053448766E-1
2.592194543E1,8.583212852E0,-1.939303398E0,-1.244984865E-1
2.592403093E1,8.588001251E0,-1.953668594E0,-1.292868853E-1
2.592599258E1,8.588001251E0,-1.958456993E0,-1.532289088E-1
2.592799232E1,8.573636055E0,-1.970427990E0,-1.604115069E-1
2.593006051E1,8.561665535E0,-1.982398987E0,-1.771709323E-1
2.593209447E1,8.544905663E0,-1.975216389E0,-1.891419291E-1
2.593416293E1,8.573636055E0,-1.963245392E0,-1.963245422E-1
2.593619712E1,8.588001251E0,-1.975216389E0,-2.035071403E-1
2.593826547E1,8.599972725E0,-1.991975784E0,-2.082955539E-1
2.594029951E1,8.638279915E0,-2.001552582E0,-2.106897533E-1
2.594230182E1,8.659827232E0,-2.015917778E0,-2.059013397E-1
2.594430532E1,8.712499619E0,-2.001552582E0,-2.130839527E-1
2.594637401E1,8.762778282E0,-2.008735180E0,-2.178723514E-1
2.594840801E1,8.791508675E0,-2.011129379E0,-2.106897533E-1
2.595047651E1,8.858546257E0,-2.025494576E0,-2.035071403E-1
2.595251132E1,8.937555313E0,-2.049436569E0,-2.059013397E-1
2.595457966E1,8.980650902E0,-2.054224968E0,-1.987187415E-1
2.595661408E1,9.054870605E0,-2.070984364E0,-2.106897533E-1
2.595868301E1,9.169792175E0,-2.080561161E0,-2.011129409E-1
2.596071782E1,9.222464561E0,-2.092532396E0,-2.011129409E-1
2.596274978E1,9.332598686E0,-2.130839586E0,-2.035071403E-1
2.596478116E1,9.452308655E0,-2.135627985E0,-1.915361285E-1
2.596684989E1,9.581595421E0,-2.128445387E0,-1.939303428E-1
2.596888405E1,9.653421402E0,-2.135627985E0,-2.011129409E-1
2.597095243E1,9.780313492E0,-2.159569979E0,-2.154781520E-1
2.597298689E1,9.931148529E0,-2.190694571E0,-2.394201756E-1
2.597501247E1,1.001973438E1,-2.193088770E0,-2.418143749E-1
2.597701189E1,1.016817474E1,-2.200271368E0,-2.513911724E-1
2.597908031E1,1.029985619E1,-2.205059767E0,-2.657563984E-1
2.598111485E1,1.037886429E1,-2.212242365E0,-2.705447972E-1
2.598311701E1,1.053209305E1,-2.233790159E0,-2.777273953E-1
2.598528581E1,1.065898609E1,-2.212242365E0,-2.801215947E-1
2.598716939E1,1.072602367E1,-2.209848166E0,-2.849099934E-1
2.598916916E1,1.085291672E1,-2.190694571E0,-2.992752194E-1
2.599123839E1,1.095826149E1,-2.157175779E0,-2.968810201E-1
2.599327339E1,1.099896240E1,-2.133233786E0,-2.944868207E-1
2.599534178E1,1.105163479E1,-2.085349798E0,-2.896983922E-1
2.599737647E1,1.110191345E1,-2.035071373E0,-2.920926213E-1
2.599944531E1,1.112346077E1,-2.013523579E0,-2.825157940E-1
2.600147974E1,1.111867237E1,-1.929726601E0,-2.705447972E-1
2.600351216E1,1.112346077E1,-1.850717902E0,-2.681505978E-1
2.600559770E1,1.112585545E1,-1.812410712E0,-2.657563984E-1
2.600755978E1,1.109951878E1,-1.733402014E0,-2.609679997E-1
2.600955989E1,1.104445267E1,-1.642422318E0,-2.537853718E-1
2.601162866E1,1.099896240E1,-1.587355733E0,-2.561795712E-1
2.601366412E1,1.094150162E1,-1.477222443E0,-2.657563984E-1
2.601573331E1,1.085770512E1,-1.362300754E0,-2.729389966E-1
2.601776820E1,1.078827286E1,-1.309628367E0,-2.896983922E-1
2.601983705E1,1.073799419E1,-1.201889277E0,-3.136404157E-1
2.602187166E1,1.063504410E1,-1.103726983E0,-3.064578176E-1
2.602390143E1,1.057040024E1,-1.005564690E0,-3.088520169E-1
2.602590281E1,1.053688145E1,-9.481038451E-1,-3.016694188E-1
2.602797170E1,1.045069027E1,-8.475474119E-1,-2.920926213E-1
2.603000666E1,1.036449909E1,-7.805097699E-1,-2.753331959E-1
2.603207539E1,1.031422138E1,-7.302315235E-1,-2.681505978E-1
2.603410978E1,1.022324085E1,-6.296750307E-1,-2.394201756E-1
2.603617828E1,1.012268448E1,-5.698199868E-1,-1.963245422E-1
2.603821335E1,1.007719517E1,-5.386953950E-1,-1.723825186E-1
2.604028181E1,1.000536919E1,-4.620809257E-1,-1.388636976E-1
2.604231655E1,9.914389610E0,-3.758896589E-1,-1.101332754E-1
2.604434904E1,9.868899345E0,-3.471592367E-1,-9.337386489E-2
2.604638020E1,9.787496567E0,-2.920926213E-1,-6.943184882E-2
2.604844935E1,9.710882187E0,-2.609679997E-1,-3.591302410E-2
2.605048447E1,9.672574997E0,-2.513911724E-1,-2.394201607E-2
2.605255335E1,9.595960617E0,-2.154781520E-1,-7.182605099E-3
2.605458797E1,9.538499832E0,-2.035071403E-1,7.182605099E-3
2.605665747E1,9.478644371E0,-1.963245422E-1,1.197100803E-2
2.605869278E1,9.461885452E0,-2.082955539E-1,7.182605099E-3
2.606076185E1,9.416395187E0,-2.226607651E-1,-2.394201700E-3
2.606279674E1,9.378087997E0,-2.322375625E-1,-1.197100803E-2
2.606479955E1,9.361329079E0,-2.442085743E-1,-1.915361360E-2
2.606689081E1,9.342175484E0,-2.920926213E-1,-4.788403213E-2
2.606884358E1,9.358934402E0,-3.232172430E-1,-9.337386489E-2
2.607084320E1,9.366117477E0,-3.399766386E-1,-1.053448766E-1
2.607291212E1,9.373299599E0,-4.070142806E-1,-1.364694983E-1
2.607494666E1,9.392453194E0,-4.644751251E-1,-1.675941199E-1
2.607701531E1,9.411606789E0,-4.908113480E-1,-1.843535304E-1
2.607905005E1,9.435548782E0,-5.386953950E-1,-2.346317619E-1
2.608111878E1,9.459490776E0,-6.129156351E-1,-2.873041928E-1
2.608315335E1,9.483432770E0,-6.392518282E-1,-3.088520169E-1
2.608518474E1,9.521739960E0,-6.943184733E-1,-3.567360640E-1
2.608727189E1,9.543288231E0,-7.757213712E-1,-4.022258818E-1
2.608923378E1,9.562441826E0,-8.044517636E-1,-4.261679053E-1
2.609123412E1,9.593565941E0,-8.810662031E-1,-4.477157295E-1
2.609330358E1,9.605537415E0,-9.528923035E-1,-4.812345505E-1
2.609533858E1,9.610325813E0,-9.888052940E-1,-4.908113480E-1
2.609740801E1,9.636661530E0,-1.058237195E0,-5.123591423E-1
2.609944324E1,9.662998199E0,-1.130063176E0,-5.099649429E-1
2.610151216E1,9.698910713E0,-1.173158884E0,-5.075707436E-1
2.610354785E1,9.720458984E0,-1.247379065E0,-5.123591423E-1
2.610555147E1,9.756371498E0,-1.314416766E0,-5.099649429E-1
2.610755520E1,9.780313492E0,-1.352723956E0,-5.075707436E-1
2.610962408E1,9.780313492E0,-1.419761658E0,-4.932055473E-1
2.611165905E1,9.797073364E0,-1.493981838E0,-4.644751251E-1
2.611372828E1,9.823410034E0,-1.549048543E0,-4.477157295E-1
2.611576316E1,9.825803757E0,-1.577778935E0,-4.429273009E-1
2.611783285E1,9.821015358E0,-1.628057122E0,-4.046200812E-1
2.611986785E1,9.825803757E0,-1.673547029E0,-3.615244627E-1
2.612193758E1,9.832986832E0,-1.690306425E0,-3.471592367E-1
2.612397262E1,9.844957352E0,-1.733402014E0,-3.112462163E-1
2.612600516E1,9.818621635E0,-1.754949808E0,-2.537853718E-1
2.612803678E1,9.789890289E0,-1.769315004E0,-2.250549644E-1
2.613010643E1,9.785101891E0,-1.793257117E0,-1.723825186E-1
2.613214120E1,9.763554573E0,-1.798045516E0,-1.316810995E-1
2.613420989E1,9.753977776E0,-1.793257117E0,-1.125274822E-1
2.613624462E1,9.722852707E0,-1.788468719E0,-7.182604820E-2
2.613831274E1,9.682151794E0,-1.781286120E0,-1.197100803E-2
2.614034758E1,9.651026726E0,-1.786074519E0,3.830722719E-2
2.614241597E1,9.622296333E0,-1.762132406E0,5.267243832E-2
2.614445062E1,9.567230225E0,-1.733402014E0,1.005564705E-1
2.614645389E1,9.502586365E0,-1.723825216E0,1.460463107E-1
2.614854566E1,9.457097054E0,-1.719036818E0,1.675941199E-1
2.615049870E1,9.375694275E0,-1.695094824E0,2.130839527E-1
2.615249812E1,9.296685219E0,-1.656787634E0,2.466027737E-1
2.615456654E1,9.267954826E0,-1.647210717E0,2.681505978E-1
2.615660116E1,9.234436035E0,-1.632845521E0,2.992752194E-1
2.615867001E1,9.174580574E0,-1.604115129E0,3.256114423E-1
2.616070424E1,9.148244858E0,-1.594538331E0,3.423708379E-1
2.616277247E1,9.088389397E0,-1.582567334E0,3.687070608E-1
2.616480735E1,9.026140213E0,-1.575384736E0,4.165911078E-1
2.616683962E1,8.999804497E0,-1.561019540E0,4.333505034E-1
2.616892489E1,8.954314232E0,-1.544260144E0,4.501099288E-1
2.617088708E1,8.916007042E0,-1.517923832E0,4.860229492E-1
2.617288654E1,8.899248123E0,-1.522712231E0,5.027823448E-1
2.617495516E1,8.860940933E0,-1.498770237E0,5.243301988E-1
2.617698951E1,8.813055992E0,-1.503558636E0,5.339069963E-1
2.617905766E1,8.793902397E0,-1.503558636E0,5.482721925E-1
2.618109270E1,8.796297073E0,-1.489193439E0,5.865794420E-1
2.618316120E1,8.793902397E0,-1.484405041E0,6.177040339E-1
2.618519647E1,8.791508675E0,-1.477222443E0,6.224924326E-1
2.618722681E1,8.784325600E0,-1.472434044E0,6.296750307E-1
2.618922785E1,8.791508675E0,-1.472434044E0,6.464344859E-1
2.619129685E1,8.817844391E0,-1.477222443E0,6.727706790E-1
2.619333170E1,8.825027466E0,-1.446097851E0,6.751648784E-1
2.619540070E1,8.841787338E0,-1.450886250E0,6.943184733E-1
2.619743604E1,8.870517731E0,-1.443703651E0,7.038952708E-1
2.619950539E1,8.889671326E0,-1.436521053E0,7.015010715E-1
2.620154008E1,8.939949036E0,-1.424550056E0,6.991068721E-1
2.620360897E1,8.992621422E0,-1.438915253E0,6.919242740E-1
2.620564366E1,9.021351814E0,-1.431732655E0,6.967126727E-1
2.620767466E1,9.071630478E0,-1.412579060E0,6.847416759E-1
2.620967416E1,9.112331390E0,-1.403002143E0,6.703764796E-1
2.621174281E1,9.145850182E0,-1.395819545E0,6.679822803E-1
2.621377774E1,9.227252960E0,-1.412579060E0,6.440402865E-1
2.621584620E1,9.272743225E0,-1.405396342E0,6.057330370E-1
2.621788074E1,9.294290543E0,-1.407790542E0,5.961562395E-1
2.621990581E1,9.339780807E0,-1.398213744E0,5.793967843E-1
2.622190620E1,9.387664795E0,-1.419761658E0,5.482721925E-1
2.622397485E1,9.409213066E0,-1.431732655E0,5.482721925E-1
2.622600962E1,9.461885452E0,-1.438915253E0,5.363011956E-1
2.622801274E1,9.519346237E0,-1.441309452E0,5.243301988E-1
2.623018189E1,9.586383820E0,-1.434126854E0,5.243301988E-1
2.623206478E1,9.612719536E0,-1.424550056E0,5.267243981E-1
2.623406501E1,9.643844604E0,-1.405396342E0,5.315127969E-1
2.623613454E1,9.662998199E0,-1.393425345E0,5.291185975E-1
2.623816939E1,9.710882187E0,-1.395819545E0,5.243301988E-1
2.624023831E1,9.746794701E0,-1.371877551E0,5.410895944E-1
2.624227324E1,9.765948296E0,-1.357512355E0,5.578489900E-1
2.624434224E1,9.763554573E0,-1.355118155E0,5.698199868E-1
2.624637747E1,9.785101891E0,-1.355118155E0,5.770025849E-1
2.624840904E1,9.780313492E0,-1.331176162E0,5.793967843E-1
2.625049516E1,9.780313492E0,-1.316810966E0,5.889736414E-1
2.625245754E1,9.775525093E0,-1.295263171E0,6.009446383E-1
2.625445724E1,9.770736694E0,-1.283292055E0,6.248866320E-1
2.625652604E1,9.765948296E0,-1.280897856E0,6.392518282E-1
2.625856078E1,9.744400978E0,-1.268926859E0,6.584054828E-1
2.626062989E1,9.715670586E0,-1.249773264E0,6.703764796E-1
2.626266485E1,9.691728592E0,-1.242590666E0,6.799532771E-1
2.626473393E1,9.662998199E0,-1.228225470E0,6.895300746E-1
2.626676893E1,9.629479408E0,-1.211466074E0,6.847416759E-1
2.626877151E1,9.598354340E0,-1.209071875E0,6.895300746E-1
2.627077585E1,9.564835548E0,-1.204283476E0,7.086837292E-1
2.627284528E1,9.548076630E0,-1.194706678E0,7.062895298E-1
2.627487993E1,9.531316757E0,-1.199495077E0,7.062895298E-1
2.627694866E1,9.512163162E0,-1.204283476E0,7.134721279E-1
2.627898331E1,9.476250648E0,-1.204283476E0,7.206547260E-1
2.628105216E1,9.459490776E0,-1.201889277E0,7.206547260E-1
2.628308662E1,9.459490776E0,-1.192312479E0,7.350199223E-1
2.628515604E1,9.428366661E0,-1.182735682E0,7.350199223E-1
2.628719093E1,9.402029991E0,-1.158793569E0,7.398083210E-1
2.628919097E1,9.397241592E0,-1.156399369E0,7.493851185E-1
2.629122308E1,9.378087997E0,-1.156399369E0,7.374141216E-1
2.629329193E1,9.378087997E0,-1.156399369E0,7.374141216E-1
2.629532747E1,9.373299599E0,-1.154005170E0,7.398083210E-1
2.629739762E1,9.385271072E0,-1.156399369E0,7.374141216E-1
2.629943254E1,9.373299599E0,-1.170764685E0,7.469909191E-1
2.630150147E1,9.373299599E0,-1.180341482E0,7.469909191E-1
2.630353662E1,9.370905876E0,-1.185129881E0,7.541735172E-1
2.630560616E1,9.394847870E0,-1.173158884E0,7.493851185E-1
2.630764097E1,9.421183586E0,-1.187524080E0,7.565677166E-1
2.630964378E1,9.440337181E0,-1.216254473E0,7.613561153E-1
2.631173435E1,9.469067574E0,-1.244984865E0,7.517793179E-1
2.631368797E1,9.488221169E0,-1.271321058E0,7.517793179E-1
2.631568743E1,9.514557838E0,-1.288080573E0,7.613561153E-1
2.631775631E1,9.555258751E0,-1.350329757E0,7.637503147E-1
2.631979104E1,9.572018623E0,-1.388636947E0,7.661445141E-1
2.632185978E1,9.615114212E0,-1.443703651E0,7.613561153E-1
2.632389474E1,9.646238327E0,-1.513135433E0,7.613561153E-1
2.632596347E1,9.670180321E0,-1.551442742E0,7.589619160E-1
2.632799828E1,9.684545517E0,-1.637633920E0,7.565677166E-1
2.633003012E1,9.746794701E0,-1.702277422E0,7.733271718E-1
2.633211593E1,9.787496567E0,-1.781286120E0,7.805097699E-1
2.633407850E1,9.813833237E0,-1.810016513E0,7.900865674E-1
2.633607885E1,9.868899345E0,-1.879448295E0,8.116343617E-1
2.633814728E1,9.914389610E0,-1.934514999E0,8.283938169E-1
2.634018228E1,9.945513725E0,-1.963245392E0,8.331822157E-1
2.634225170E1,1.000058079E1,-2.003946781E0,8.595184088E-1
2.634428685E1,1.007719517E1,-2.027888775E0,8.690952063E-1
2.634635612E1,1.011550236E1,-2.030282974E0,8.786720037E-1
2.634839158E1,1.019451046E1,-2.049436569E0,9.050082564E-1
2.635042197E1,1.028309631E1,-2.054224968E0,9.050082564E-1
2.635242358E1,1.031900978E1,-2.047042370E0,9.097966552E-1
2.635449254E1,1.041717148E1,-2.013523579E0,9.265560508E-1
2.635652762E1,1.049618053E1,-1.968033791E0,9.409212470E-1
2.635859678E1,1.054406452E1,-1.929726601E0,9.504981041E-1
2.636063150E1,1.063983250E1,-1.877054095E0,9.720458984E-1
2.636270081E1,1.071884060E1,-1.814804912E0,9.983820915E-1
2.636473593E1,1.073081207E1,-1.776497602E0,1.012747288E0
2.636680489E1,1.076672459E1,-1.692700624E0,1.048660398E0
2.636883939E1,1.079784966E1,-1.592144132E0,1.063025594E0
2.637087035E1,1.082418633E1,-1.529894829E0,1.113303781E0
2.637290200E1,1.082658005E1,-1.412579060E0,1.118092179E0
2.637497089E1,1.083855152E1,-1.323993564E0,1.139639974E0
2.637700577E1,1.083376312E1,-1.223437071E0,1.151610970E0
2.637907454E1,1.081700325E1,-1.180341482E0,1.161187768E0
2.638110931E1,1.076911926E1,-1.089361787E0,1.206677675E0
2.638317824E1,1.074517727E1,-9.911994934E-1,1.254561663E0
2.638521308E1,1.071884060E1,-9.385270476E-1,1.280897856E0
2.638728170E1,1.067335129E1,-8.403648138E-1,1.333570361E0
2.638931650E1,1.063504410E1,-7.613561153E-1,1.388636947E0
2.639131820E1,1.062067890E1,-7.278373241E-1,1.412579060E0
2.639341035E1,1.055842972E1,-6.655880809E-1,1.455674648E0
2.639536347E1,1.051054573E1,-6.033388376E-1,1.493981838E0
2.639736358E1,1.048660374E1,-5.674257874E-1,1.517923832E0
2.639943285E1,1.042674828E1,-5.003881454E-1,1.582567334E0
2.640146824E1,1.035492229E1,-4.740519226E-1,1.640028119E0
2.640353835E1,1.031900978E1,-4.668693244E-1,1.666364431E0
2.640557324E1,1.024478912E1,-4.477157295E-1,1.719036818E0
2.640764254E1,1.020169353E1,-4.357447028E-1,1.783680320E0
2.640967758E1,1.013944435E1,-4.429273009E-1,1.829170108E0
2.641167816E1,1.010113716E1,-4.405331016E-1,1.857900500E0
2.641376539E1,1.003888798E1,-4.477157295E-1,1.900996208E0
2.641572831E1,9.969455719E0,-4.764461517E-1,1.915361404E0
2.641772854E1,9.940725327E0,-5.363011956E-1,1.944091797E0
2.641979774E1,9.871294022E0,-5.793967843E-1,1.944091797E0
2.642183277E1,9.828198433E0,-6.488286853E-1,1.910573006E0
2.642390204E1,9.809044838E0,-6.919242740E-1,1.889025092E0
2.642593735E1,9.785101891E0,-7.829039693E-1,1.855506301E0
2.642800685E1,9.775525093E0,-9.074024558E-1,1.790862918E0
2.643004177E1,9.773131371E0,-9.648633003E-1,1.750161409E0
2.643204489E1,9.768342972E0,-1.101332784E0,1.659181833E0
2.643404908E1,9.785101891E0,-1.252167463E0,1.553836942E0
2.643611785E1,9.818621635E0,-1.340752959E0,1.498770237E0
2.643815277E1,9.900024414E0,-1.517923832E0,1.383848548E0
2.644022247E1,1.000776291E1,-1.716642618E0,1.268926859E0
2.644225777E1,1.006043530E1,-1.814804912E0,1.216254473E0
2.644432724E1,1.020169353E1,-2.008735180E0,1.096544385E0
2.644636235E1,1.037886429E1,-2.212242365E0,9.983820915E-1
2.644843174E1,1.047223854E1,-2.312798738E0,9.481038451E-1
2.645046685E1,1.067335129E1,-2.545036316E0,8.427590132E-1
2.645249854E1,1.088164711E1,-2.767697096E0,7.541735172E-1
2.645449889E1,1.099896240E1,-2.873042107E0,7.086837292E-1
2.645656808E1,1.122401714E1,-3.076549292E0,6.105214357E-1
2.645860239E1,1.145386124E1,-3.275267839E0,5.099649429E-1
2.646067231E1,1.166215611E1,-3.473986626E0,3.950432837E-1
2.646270770E1,1.175074196E1,-3.557783842E0,3.351882398E-1
2.646473374E1,1.195424938E1,-3.756502390E0,2.274491638E-1
2.646673420E1,1.217212105E1,-3.940855980E0,1.340752989E-1
2.646880377E1,1.227986050E1,-4.027047157E0,8.140286058E-2
2.647083912E1,1.251449203E1,-4.211400986E0,-1.197100803E-2
2.647290889E1,1.274912453E1,-4.359841347E0,-1.029506698E-1
2.647507797E1,1.285446930E1,-4.422090530E0,-1.412578970E-1
2.647699654E1,1.308191776E1,-4.560954094E0,-2.202665508E-1
2.647899697E1,1.331894398E1,-4.673481941E0,-3.184288144E-1
2.648106666E1,1.341950035E1,-4.716577530E0,-3.734954596E-1
2.648310208E1,1.362779617E1,-4.802768707E0,-4.668693244E-1
2.648517127E1,1.388158131E1,-4.838681698E0,-5.770025849E-1
2.648720639E1,1.398453236E1,-4.833893299E0,-6.368576288E-1
2.648927547E1,1.415452003E1,-4.829104900E0,-8.020575643E-1
2.649131012E1,1.432211494E1,-4.781220913E0,-9.504981041E-1
2.649332893E1,1.440112305E1,-4.747702122E0,-1.034295082E0
2.649541366E1,1.453759289E1,-4.673481941E0,-1.233013868E0
2.649737631E1,1.466927338E1,-4.560954094E0,-1.441309452E0
2.649937604E1,1.471476364E1,-4.479551315E0,-1.553836942E0
2.650144585E1,1.475785923E1,-4.316745758E0,-1.790862918E0
2.650348150E1,1.474588871E1,-4.096478939E0,-2.023100376E0
2.650555108E1,1.467885017E1,-3.869029999E0,-2.238578558E0
2.650758624E1,1.462138939E1,-3.739742994E0,-2.346317768E0
2.650965543E1,1.451843929E1,-3.471592426E0,-2.554613113E0
2.651169027E1,1.438675785E1,-3.177105665E0,-2.743755102E0
2.651370447E1,1.431493187E1,-3.035847664E0,-2.839523315E0
2.651570627E1,1.416649151E1,-2.731784105E0,-3.023876667E0
2.651777558E1,1.398932076E1,-2.454056740E0,-3.177105665E0
2.651981035E1,1.389834118E1,-2.322375536E0,-3.251325846E0
2.652187935E1,1.367568016E1,-2.059013367E0,-3.375824451E0
2.652391393E1,1.343865395E1,-1.800439715E0,-3.476380825E0
2.652598243E1,1.330218506E1,-1.671152830E0,-3.517082214E0
2.652801677E1,1.301727486E1,-1.419761658E0,-3.593696833E0
2.653008612E1,1.271321106E1,-1.199495077E0,-3.641580820E0
2.653212050E1,1.254322243E1,-1.089361787E0,-3.653551817E0
2.653413708E1,1.219366932E1,-8.882488012E-1,-3.665522814E0
2.653616827E1,1.184890461E1,-7.086837292E-1,-3.667917013E0
2.653823704E1,1.167173290E1,-6.153098345E-1,-3.663128614E0
2.654027170E1,1.130542088E1,-4.405331016E-1,-3.679888010E0
2.654234108E1,1.094868469E1,-3.016694188E-1,-3.684676409E0
2.654437635E1,1.062546730E1,-1.771709323E-1,-3.694253206E0
2.654644527E1,1.045787334E1,-1.244984865E-1,-3.701435804E0
2.654847997E1,1.017535686E1,-3.591302410E-2,-3.742137194E0
2.655054912E1,9.947908401E0,3.351882473E-2,-3.780444384E0
2.655258408E1,9.854534149E0,5.746084079E-2,-3.809175014E0
2.655465293E1,9.694122314E0,9.337386489E-2,-3.878606796E0
2.655674366E1,9.593565941E0,1.268926859E-1,-3.955221176E0
2.655870531E1,9.560047150E0,1.221042871E-1,-3.998316765E0
2.656070520E1,9.504981041E0,1.197100878E-1,-4.084507942E0
2.656277408E1,9.485827446E0,1.053448766E-1,-4.156333923E0
2.656480885E1,9.504981041E0,1.125274822E-1,-4.197035789E0
2.656687770E1,9.519346237E0,1.053448766E-1,-4.261679173E0
2.656891208E1,9.536105156E0,9.097966552E-2,-4.328716755E0
2.657098074E1,9.536105156E0,1.005564705E-1,-4.357447147E0
2.657301585E1,9.536105156E0,9.816227108E-2,-4.424484730E0
2.657503458E1,9.540893555E0,8.858546615E-2,-4.477157116E0
2.657712024E1,9.526528358E0,7.661445439E-2,-4.534617901E0
2.657908308E1,9.512163162E0,4.548983276E-2,-4.560954094E0
2.658108316E1,9.473855972E0,7.182604820E-2,-4.625597477E0
2.658315200E1,9.425971985E0,7.661445439E-2,-4.656722069E0
2.658518685E1,9.402029991E0,7.900865376E-2,-4.704606533E0
2.658725585E1,9.337387085E0,6.943184882E-2,-4.750096321E0
2.658929097E1,9.248801231E0,5.267243832E-2,-4.797980309E0
2.659136016E1,9.203310966E0,5.027823523E-2,-4.800374508E0
2.659339524E1,9.114726067E0,3.830722719E-2,-4.805162907E0
2.659546443E1,8.995016098E0,3.351882473E-2,-4.788403511E0
2.659750204E1,8.932766914E0,2.873042040E-2,-4.778826714E0
2.659957112E1,8.798690796E0,-4.788403399E-3,-4.723760128E0
2.660160550E1,8.616731644E0,-1.675941236E-2,-4.642356873E0
2.660367462E1,8.535328865E0,-3.351882473E-2,-4.584896088E0
2.660570920E1,8.360552788E0,-7.182604820E-2,-4.434061527E0
2.660777743E1,8.190564156E0,-1.053448766E-1,-4.268861771E0
2.660981185E1,8.113949776E0,-1.221042871E-1,-4.173093796E0
2.661188050E1,7.946355343E0,-1.628057212E-1,-3.971980572E0
2.661391547E1,7.826645374E0,-2.202665508E-1,-3.746925592E0
2.661593454E1,7.738059998E0,-2.561795712E-1,-3.512293816E0
2.661796589E1,7.694964409E0,-3.567360640E-1,-3.387795448E0
2.662003462E1,7.601590633E0,-4.525041282E-1,-3.124433279E0
2.662206924E1,7.556100368E0,-5.817909837E-1,-2.846705914E0
2.662413816E1,7.539340973E0,-6.536170840E-1,-2.710236311E0
2.662617277E1,7.544129372E0,-7.996633649E-1,-2.427720547E0
2.662824108E1,7.563282967E0,-9.361328483E-1,-2.140416384E0
2.663027562E1,7.580042362E0,-1.010353088E0,-1.989581585E0
2.663234443E1,7.630321026E0,-1.185129881E0,-1.678335428E0
2.663437908E1,7.694964409E0,-1.362300754E0,-1.381454349E0
2.663644797E1,7.735665798E0,-1.462857246E0,-1.240196466E0
2.663853881E1,7.800309181E0,-1.640028119E0,-9.409212470E-1
2.664050085E1,7.912836552E0,-1.821987510E0,-6.703764796E-1
2.664250035E1,7.972691536E0,-1.905784607E0,-5.386953950E-1
2.664456939E1,8.073247910E0,-2.059013367E0,-3.088520169E-1
2.664660400E1,8.195352554E0,-2.233790159E0,-1.005564705E-1
2.664867300E1,8.303091049E0,-2.315192938E0,2.394201700E-3
2.665070770E1,8.360552788E0,-2.485181332E0,1.867477298E-1
2.665277654E1,8.504204750E0,-2.667140722E0,3.303998411E-1
2.665481104E1,8.643068314E0,-2.806004286E0,4.477157295E-1
2.665683381E1,8.702922821E0,-2.875436306E0,4.955997467E-1
2.665891931E1,8.836998940E0,-3.007117271E0,5.482721925E-1
2.666088135E1,8.980650902E0,-3.129221678E0,5.554547906E-1
2.666288081E1,9.057265282E0,-3.181894064E0,5.554547906E-1
2.666494970E1,9.198522568E0,-3.280056238E0,5.339069963E-1
2.666698462E1,9.354146004E0,-3.380612850E0,4.788403511E-1
2.666905324E1,9.416395187E0,-3.423708439E0,4.357447028E-1
2.667108789E1,9.552865028E0,-3.524264812E0,3.615244627E-1
2.667315643E1,9.720458984E0,-3.598485231E0,2.609679997E-1
2.667519085E1,9.816226959E0,-3.629609823E0,2.130839527E-1
2.667721197E1,9.967061996E0,-3.687070608E0,1.173158810E-1
2.667921266E1,1.011550236E1,-3.749319792E0,1.436521020E-2
2.668128185E1,1.019211674E1,-3.778050184E0,-3.351882473E-2
2.668331677E1,1.036449909E1,-3.828328609E0,-1.580173075E-1
2.668538508E1,1.054166985E1,-3.852270603E0,-2.801215947E-1
2.668741947E1,1.061828423E1,-3.864241600E0,-3.495534360E-1
2.668948850E1,1.075235939E1,-3.892971992E0,-5.051765442E-1
2.669152293E1,1.088643551E1,-3.881000996E0,-6.440402865E-1
2.669359185E1,1.101811600E1,-3.864241600E0,-7.805097699E-1
2.669562685E1,1.109233665E1,-3.821146011E0,-8.379706144E-1
2.669765035E1,1.119049835E1,-3.770867586E0,-9.648633003E-1
2.669968143E1,1.126950741E1,-3.694253206E0,-1.101332784E0
2.670175116E1,1.130781460E1,-3.646369219E0,-1.165976286E0
2.670378627E1,1.137485218E1,-3.541024208E0,-1.302445769E0
2.670585520E1,1.142752457E1,-3.390189648E0,-1.431732655E0
2.670789031E1,1.144907284E1,-3.301604033E0,-1.505952835E0
2.670991543E1,1.146343803E1,-3.134010077E0,-1.632845521E0
2.671191535E1,1.147062016E1,-2.944868088E0,-1.750161409E0
2.671398377E1,1.146104336E1,-2.851494312E0,-1.807622313E0
2.671601850E1,1.142752457E1,-2.659958124E0,-1.889025092E0
2.671808724E1,1.137245846E1,-2.449268341E0,-1.965639591E0
2.672025620E1,1.131020927E1,-2.343923569E0,-1.984793186E0
2.672217408E1,1.125753593E1,-2.116474390E0,-2.015917778E0
2.672417404E1,1.114500904E1,-1.860294700E0,-2.044648170E0
2.672624304E1,1.108515358E1,-1.738190413E0,-2.049436569E0
2.672827762E1,1.092953110E1,-1.479616642E0,-2.056619167E0
2.673034646E1,1.076911926E1,-1.225831270E0,-2.037465572E0
2.673238093E1,1.067335129E1,-1.103726983E0,-2.008735180E0
2.673444954E1,1.046026707E1,-8.475474119E-1,-1.951274395E0
2.673648400E1,1.026154804E1,-5.937620401E-1,-1.900996208E0
2.673850816E1,1.004607010E1,-3.543418646E-1,-1.819593310E0
2.674059412E1,9.969455719E0,-2.370259613E-1,-1.774103403E0
2.674255693E1,9.751583099E0,-2.154781483E-2,-1.704671621E0
2.674455681E1,9.526528358E0,9.097966552E-2,-1.620874524E0
2.674662566E1,9.423578262E0,2.920926213E-1,-1.582567334E0
2.674866039E1,9.205705643E0,4.812345505E-1,-1.508347034E0
2.675072958E1,8.975862503E0,6.703764796E-1,-1.429338455E0
2.675276466E1,8.875306129E0,7.589619160E-1,-1.388636947E0
2.675483366E1,8.659827232E0,9.313444495E-1,-1.323993564E0
2.675686900E1,8.413225174E0,1.089361787E0,-1.235408068E0
2.675893781E1,8.305485725E0,1.158793569E0,-1.197100878E0
2.676097481E1,8.094796181E0,1.268926859E0,-1.108515382E0
2.676304377E1,7.910442352E0,1.383848548E0,-1.031900883E0
2.676507804E1,7.817068577E0,1.438915253E0,-9.840168953E-1
2.676714720E1,7.639897823E0,1.505952835E0,-9.002198577E-1
2.676918170E1,7.441178799E0,1.582567334E0,-8.283938169E-1
2.677125016E1,7.295132637E0,1.616086125E0,-7.565677166E-1
2.677328447E1,7.201758862E0,1.671152830E0,-7.134721279E-1
2.677535243E1,7.029376030E0,1.719036818E0,-6.464344859E-1
2.677738635E1,6.868964672E0,1.771709204E0,-5.793967843E-1
2.677940231E1,6.794744492E0,1.793257117E0,-5.506663918E-1
2.678143381E1,6.672640324E0,1.798045516E0,-4.932055473E-1
2.678350235E1,6.562506676E0,1.802833915E0,-4.333505034E-1
2.678553673E1,6.517016888E0,1.800439715E0,-4.022258818E-1
2.678760485E1,6.430825710E0,1.790862918E0,-3.519476354E-1
2.678963858E1,6.311115742E0,1.757344007E0,-3.136404157E-1
2.679170677E1,6.265625954E0,1.728613615E0,-2.873041928E-1
2.679374112E1,6.205770969E0,1.668758631E0,-2.226607651E-1
2.679580950E1,6.191405773E0,1.611297727E0,-1.723825186E-1
2.679784381E1,6.177040577E0,1.568202138E0,-1.412578970E-1
2.679991216E1,6.172252178E0,1.465251446E0,-6.943184882E-2
2.680200350E1,6.196194172E0,1.340752959E0,0.000000000E0
2.680396535E1,6.200982571E0,1.280897856E0,2.873042040E-2
2.680596470E1,6.229712963E0,1.161187768E0,8.858546615E-2
2.680803300E1,6.277596951E0,1.027112484E0,1.316810995E-1
2.681006731E1,6.339846134E0,9.600749016E-1,1.771709323E-1
2.681213585E1,6.385335922E0,7.972691655E-1,1.843535304E-1
2.681417016E1,6.493074894E0,6.584054828E-1,2.011129409E-1
2.681623846E1,6.629544735E0,5.291185975E-1,2.250549644E-1
2.681827270E1,6.698976517E0,4.548983276E-1,2.274491638E-1
2.682028920E1,6.837840080E0,3.088520169E-1,2.322375625E-1
2.682237470E1,6.993463039E0,1.891419291E-1,2.346317619E-1
2.682433670E1,7.074865818E0,1.292868853E-1,2.274491638E-1
2.682633600E1,7.223306656E0,0.000000000E0,2.106897533E-1
2.682840435E1,7.376535416E0,-1.005564705E-1,1.987187415E-1
2.683043839E1,7.443572998E0,-1.532289088E-1,1.963245422E-1
2.683250650E1,7.572859764E0,-2.489969730E-1,2.011129409E-1
2.683454104E1,7.721300602E0,-3.495534360E-1,1.915361285E-1
2.683660947E1,7.790732384E0,-3.854664862E-1,1.939303428E-1
2.683864350E1,7.920019150E0,-4.453215301E-1,1.915361285E-1
2.684066616E1,8.068459511E0,-5.219359994E-1,1.795651317E-1
2.684266700E1,8.147468567E0,-5.506663918E-1,1.771709323E-1
2.684473573E1,8.274360657E0,-5.985504389E-1,1.843535304E-1
2.684676970E1,8.389283180E0,-6.631938815E-1,1.915361285E-1
2.684883835E1,8.458714485E0,-6.823474765E-1,1.963245422E-1
2.685087281E1,8.595184326E0,-7.445967197E-1,2.011129409E-1
2.685294112E1,8.714894295E0,-7.829039693E-1,2.011129409E-1
2.685497562E1,8.832210541E0,-7.996633649E-1,2.154781520E-1
2.685704354E1,8.889671326E0,-8.331822157E-1,2.178723514E-1
2.685907773E1,8.985439301E0,-8.499416113E-1,2.154781520E-1
2.686110089E1,9.081207275E0,-8.834604025E-1,2.250549644E-1
2.686313208E1,9.114726067E0,-8.954314590E-1,2.106897533E-1
2.686520031E1,9.227252960E0,-9.002198577E-1,2.035071403E-1
2.686723393E1,9.306262016E0,-9.145850539E-1,1.867477298E-1
2.686930177E1,9.342175484E0,-9.121908545E-1,1.795651317E-1
2.687133535E1,9.392453194E0,-9.313444495E-1,1.675941199E-1
2.687340323E1,9.440337181E0,-9.121908545E-1,1.747767180E-1
2.687543716E1,9.476250648E0,-9.002198577E-1,1.699883193E-1
2.687750527E1,9.519346237E0,-8.738836050E-1,1.484405100E-1
2.687953950E1,9.572018623E0,-8.547300100E-1,1.340752989E-1
2.688160881E1,9.593565941E0,-8.427590132E-1,1.292868853E-1
2.688370035E1,9.624691010E0,-7.996633649E-1,1.197100878E-1
2.688566220E1,9.617507935E0,-7.685387731E-1,1.197100878E-1
2.688766146E1,9.622296333E0,-7.661445141E-1,1.316810995E-1
2.688972958E1,9.624691010E0,-7.374141216E-1,1.508347094E-1
2.689176339E1,9.615114212E0,-7.015010715E-1,1.556231081E-1
2.689383123E1,9.576807022E0,-6.607996821E-1,1.532289088E-1
2.689586439E1,9.555258751E0,-6.368576288E-1,1.460463107E-1
2.689793335E1,9.497797966E0,-6.009446383E-1,1.412578970E-1
2.689996731E1,9.454702377E0,-5.530605912E-1,1.604115069E-1
2.690199989E1,9.428366661E0,-5.219359994E-1,1.651999205E-1
2.690408635E1,9.342175484E0,-4.596867263E-1,1.604115069E-1
2.690604800E1,9.279925346E0,-3.998316824E-1,1.651999205E-1
2.690804708E1,9.248801231E0,-3.615244627E-1,1.747767180E-1
2.691011558E1,9.167398453E0,-2.992752194E-1,1.963245422E-1
2.691214996E1,9.074024200E0,-2.346317619E-1,2.370259613E-1
2.691421893E1,9.035717010E0,-2.011129409E-1,2.513911724E-1
2.691625343E1,8.932766914E0,-1.388636976E-1,2.944868207E-1
2.691832181E1,8.832210541E0,-1.101332754E-1,3.926490843E-1
2.692035670E1,8.791508675E0,-8.619125932E-2,4.381389022E-1
2.692236012E1,8.717288017E0,-3.591302410E-2,5.243301988E-1
2.692436335E1,8.659827232E0,1.675941236E-2,6.248866320E-1
2.692643212E1,8.626308441E0,3.112462163E-2,6.775590777E-1
2.692846650E1,8.532935143E0,3.591302410E-2,7.565677166E-1
2.693053497E1,8.408436775E0,3.830722719E-2,8.283938169E-1
2.693256900E1,8.350975990E0,4.309562966E-2,8.619126081E-1
2.693463700E1,8.259995461E0,4.548983276E-2,9.385270476E-1
2.693667062E1,8.176198959E0,5.267243832E-2,1.005564690E0
2.693873846E1,8.090007782E0,4.309562966E-2,1.065419793E0
2.694077189E1,8.044517517E0,4.309562966E-2,1.082179189E0
2.694280358E1,7.948749542E0,9.576806799E-3,1.118092179E0
2.694483327E1,7.874529362E0,-3.591302410E-2,1.151610970E0
2.694690158E1,7.838616371E0,-4.548983276E-2,1.175553083E0
2.694893523E1,7.766790390E0,-7.422025502E-2,1.216254473E0
2.695100304E1,7.714118004E0,-1.053448766E-1,1.228225470E0
2.695303639E1,7.694964409E0,-1.268926859E-1,1.235408068E0
2.695505916E1,7.642292023E0,-1.604115069E-1,1.256955862E0
2.695705758E1,7.594407558E0,-1.867477298E-1,1.288080573E0
2.695912500E1,7.568071365E0,-2.082955539E-1,1.302445769E0
2.696115873E1,7.534552574E0,-2.561795712E-1,1.331176162E0
2.696322670E1,7.508216381E0,-3.088520169E-1,1.355118155E0
2.696539504E1,7.498639584E0,-3.495534360E-1,1.383848548E0
2.696731250E1,7.503427982E0,-3.830722570E-1,1.388636947E0
2.696931204E1,7.498639584E0,-4.285621047E-1,1.398213744E0
2.697138050E1,7.522581577E0,-4.525041282E-1,1.395819545E0
2.697341458E1,7.524975777E0,-5.123591423E-1,1.393425345E0
2.697548335E1,7.553706169E0,-5.626373887E-1,1.371877551E0
2.697751796E1,7.572859764E0,-5.985504389E-1,1.343147159E0
2.697958685E1,7.580042362E0,-6.272808313E-1,1.323993564E0
2.698162177E1,7.599195957E0,-6.751648784E-1,1.278503656E0
2.698364200E1,7.630321026E0,-7.445967197E-1,1.213860273E0
2.698572800E1,7.644686222E0,-7.565677166E-1,1.182735682E0
2.698768993E1,7.694964409E0,-7.948749661E-1,1.098938584E0
2.698968893E1,7.783549786E0,-8.188169599E-1,1.007958889E0
2.699175739E1,7.821856976E0,-8.236053586E-1,9.600749016E-1
2.699379204E1,7.912836552E0,-8.140285611E-1,8.762778044E-1
2.699586050E1,8.068459511E0,-8.020575643E-1,7.685387731E-1
2.699789477E1,8.161833763E0,-7.876923680E-1,7.134721279E-1
2.699996289E1,8.331821442E0,-7.445967197E-1,6.177040339E-1
2.700199685E1,8.535328865E0,-7.158663273E-1,5.243301988E-1
2.700402662E1,8.643068314E0,-6.895300746E-1,4.764461517E-1
2.700602766E1,8.887276649E0,-6.224924326E-1,3.854664862E-1
2.700809589E1,9.165003777E0,-5.674257874E-1,3.016694188E-1
2.701013031E1,9.311050415E0,-5.267243981E-1,2.657563984E-1
2.701219946E1,9.572018623E0,-4.548983276E-1,1.939303428E-1
2.701423462E1,9.849745750E0,-3.806780577E-1,1.221042871E-1
2.701630408E1,1.013944435E1,-3.327940404E-1,9.097966552E-2
2.701833900E1,1.031422138E1,-2.513911724E-1,4.309562966E-2
2.702040781E1,1.065898609E1,-1.675941199E-1,1.436521020E-2
2.702244254E1,1.102529907E1,-1.125274822E-1,-1.915361360E-2
2.702445927E1,1.123120022E1,-8.379705995E-2,-3.351882473E-2
2.702649112E1,1.165497398E1,-2.394201607E-2,-4.309562966E-2
2.702856050E1,1.210268974E1,2.873042040E-2,-5.506663769E-2
2.703059512E1,1.234689808E1,4.548983276E-2,-5.506663769E-2
2.703266443E1,1.285446930E1,5.985504389E-2,-5.985504389E-2
2.703469908E1,1.340274143E1,5.027823523E-2,-5.027823523E-2
2.703676773E1,1.367328548E1,5.267243832E-2,-2.394201607E-2
2.703880239E1,1.422874069E1,4.309562966E-2,2.154781483E-2
2.704087096E1,1.477701283E1,4.309562966E-2,5.746084079E-2
2.704290546E1,1.504037476E1,3.112462163E-2,8.619125932E-2
2.704497439E1,1.554315758E1,-7.182605099E-3,1.508347094E-1
2.704708177E1,1.601242065E1,-7.661445439E-2,2.035071403E-1
2.704904385E1,1.622071648E1,-1.125274822E-1,2.346317619E-1
2.705104396E1,1.659660530E1,-1.604115069E-1,3.064578176E-1
2.705311200E1,1.687433434E1,-2.106897533E-1,3.758896589E-1
2.705514654E1,1.707305145E1,-2.537853718E-1,4.620809257E-1
2.705721523E1,1.712811852E1,-3.256114423E-1,5.027823448E-1
2.705924900E1,1.716163826E1,-4.261679053E-1,6.129156351E-1
2.706131770E1,1.707305145E1,-5.195417404E-1,7.110779285E-1
2.706335208E1,1.698207283E1,-5.554547906E-1,7.565677166E-1
2.706536877E1,1.669955635E1,-6.296750307E-1,8.451532125E-1
2.706745350E1,1.635239792E1,-7.110779285E-1,9.720458984E-1
2.706941485E1,1.614170837E1,-7.637503147E-1,1.034295082E0
2.707141385E1,1.563413715E1,-8.427590132E-1,1.142034173E0
2.707348231E1,1.503558636E1,-9.265560508E-1,1.264138460E0
2.707551670E1,1.471715832E1,-9.576807022E-1,1.333570361E0
2.707758466E1,1.406354046E1,-1.065419793E0,1.470039845E0
2.707961885E1,1.340752983E1,-1.209071875E0,1.608903527E0
2.708168708E1,1.308431244E1,-1.280897856E0,1.687912226E0
2.708372193E1,1.246900272E1,-1.424550056E0,1.848323703E0
2.708578985E1,1.191115379E1,-1.563413739E0,1.982398987E0
2.708782639E1,1.166215611E1,-1.623268723E0,2.039859772E0
2.708989458E1,1.119768143E1,-1.704671621E0,2.135627985E0
2.709192908E1,1.083376312E1,-1.766920805E0,2.166752577E0
2.709399770E1,1.055842972E1,-1.826775908E0,2.154781580E0
2.709603123E1,1.044350815E1,-1.862688899E0,2.123656988E0
2.709809996E1,1.027591324E1,-1.891419291E0,2.015917778E0
2.710013416E1,1.018732834E1,-1.917755604E0,1.836352706E0
2.710220227E1,1.017296314E1,-1.929726601E0,1.735796213E0
2.710423604E1,1.018253994E1,-1.953668594E0,1.489193439E0
2.710625339E1,1.024957752E1,-1.977610588E0,1.197100878E0
2.710828289E1,1.029027843E1,-1.987187386E0,1.055842996E0
2.711035100E1,1.045787334E1,-1.991975784E0,7.805097699E-1
2.711238431E1,1.069011021E1,-1.996764183E0,5.339069963E-1
2.711445239E1,1.082897472E1,-1.980004787E0,4.141969085E-1
2.711648646E1,1.110670185E1,-1.932120800E0,2.011129409E-1
2.711855450E1,1.142513084E1,-1.893813491E0,1.915361360E-2
2.712058842E1,1.159990692E1,-1.845929503E0,-7.182604820E-2
2.712265692E1,1.196382618E1,-1.757344007E0,-2.322375625E-1
2.712469100E1,1.237084007E1,-1.651999116E0,-3.758896589E-1
2.712675931E1,1.274912453E1,-1.520318031E0,-5.195417404E-1
2.712885116E1,1.294305420E1,-1.467645645E0,-5.865794420E-1
2.713081308E1,1.332612705E1,-1.371877551E0,-7.182605267E-1
2.713281200E1,1.369722748E1,-1.307234168E0,-8.690952063E-1
2.713487996E1,1.388158131E1,-1.161187768E0,-9.433154464E-1
2.713691412E1,1.421916389E1,-1.027112484E0,-1.103726983E0
2.713898208E1,1.455674648E1,-8.930372596E-1,-1.304839969E0
2.714101612E1,1.471236992E1,-8.259995580E-1,-1.414973259E0
2.714308489E1,1.498052025E1,-6.775590777E-1,-1.649604917E0
2.714511920E1,1.520078659E1,-5.482721925E-1,-1.884236693E0
2.714713550E1,1.530373764E1,-4.932055473E-1,-2.001552582E0
2.714922000E1,1.546893692E1,-3.615244627E-1,-2.219424963E0
2.715118193E1,1.554555130E1,-2.370259613E-1,-2.463633537E0
2.715318104E1,1.555273438E1,-1.580173075E-1,-2.578555346E0
2.715524958E1,1.550006199E1,-1.436521020E-2,-2.779668093E0
2.715728377E1,1.537316895E1,1.029506698E-1,-2.966415882E0
2.715935235E1,1.527979565E1,1.651999205E-1,-3.045424461E0
2.716138631E1,1.502122116E1,2.849099934E-1,-3.196259260E0
2.716345523E1,1.471715832E1,3.878606856E-1,-3.347094059E0
2.716548946E1,1.454716969E1,4.453215301E-1,-3.423708439E0
2.716750346E1,1.416170311E1,5.434837937E-1,-3.591302633E0
2.716950377E1,1.373792934E1,6.440402865E-1,-3.730166197E0
2.717157223E1,1.351766300E1,6.871358752E-1,-3.804386616E0
2.717360620E1,1.308670616E1,7.541735172E-1,-3.938461781E0
2.717567446E1,1.264377880E1,8.236053586E-1,-4.062960148E0
2.717770839E1,1.224394703E1,8.499416113E-1,-4.187458992E0
2.717977658E1,1.205480576E1,8.667010069E-1,-4.254496574E0
2.718181081E1,1.169328117E1,8.810662031E-1,-4.381389141E0
2.718387977E1,1.136048698E1,8.714894056E-1,-4.496310711E0
2.718591412E1,1.119768143E1,8.499416113E-1,-4.560954094E0
2.718792958E1,1.091277122E1,8.283938169E-1,-4.683058739E0
2.718996085E1,1.065659142E1,7.709329724E-1,-4.807557106E0
2.719202966E1,1.053927612E1,7.350199223E-1,-4.862623692E0
2.719406469E1,1.033098030E1,6.799532771E-1,-4.982333660E0
2.719613362E1,1.017056847E1,5.937620401E-1,-5.063736439E0
2.719816808E1,1.009395409E1,5.267243981E-1,-5.092466831E0
2.720019246E1,9.943120003E0,3.974374831E-1,-5.140350819E0
2.720219204E1,9.792284966E0,2.729389966E-1,-5.169081688E0
2.720426123E1,9.718064308E0,2.059013397E-1,-5.183446884E0
2.720629585E1,9.588777542E0,6.943184882E-2,-5.154716492E0
2.720836443E1,9.457097054E0,-9.097966552E-2,-5.118803024E0
2.721053331E1,9.327810287E0,-2.346317619E-1,-5.087678432E0
2.721245054E1,9.253589630E0,-3.112462163E-1,-5.070919037E0
2.721444992E1,9.085995674E0,-4.644751251E-1,-5.013458252E0
2.721651846E1,8.927978516E0,-5.506663918E-1,-4.958391666E0
2.721855304E1,8.851364136E0,-7.182605267E-1,-4.927267075E0
2.722062193E1,8.712499619E0,-8.738836050E-1,-4.862623692E0
2.722265627E1,8.561665535E0,-1.031900883E0,-4.752490520E0
2.722472492E1,8.480262756E0,-1.106121182E0,-4.692635536E0
2.722675923E1,8.329427719E0,-1.256955862E0,-4.575319290E0
2.722877846E1,8.178592682E0,-1.405396342E0,-4.441244125E0
2.723086743E1,8.109161377E0,-1.474828243E0,-4.374206543E0
2.723282123E1,7.948749542E0,-1.625662923E0,-4.247313976E0
2.723482100E1,7.814674377E0,-1.766920805E0,-4.101267338E0
2.723688981E1,7.752425194E0,-1.843535304E0,-4.015076160E0
2.723892516E1,7.671022415E0,-1.991975784E0,-3.857059002E0
2.724099366E1,7.572859764E0,-2.106897593E0,-3.677493811E0
2.724302881E1,7.544129372E0,-2.178723574E0,-3.586514235E0
2.724509693E1,7.486668587E0,-2.319981337E0,-3.409343243E0
2.724713116E1,7.445967197E0,-2.408566952E0,-3.205836058E0
2.724919927E1,7.422025204E0,-2.454056740E0,-3.107673883E0
2.725123516E1,7.407660007E0,-2.559401512E0,-2.925714493E0
2.725330335E1,7.402871609E0,-2.636016130E0,-2.755726099E0
2.725533708E1,7.410054207E0,-2.671929121E0,-2.576161146E0
2.725740581E1,7.407660007E0,-2.726995707E0,-2.487575531E0
2.725943985E1,7.438784599E0,-2.748543501E0,-2.319981337E0
2.726150819E1,7.457938194E0,-2.762908697E0,-2.161964178E0
2.726354193E1,7.479485989E0,-2.762908697E0,-2.075772762E0
2.726561085E1,7.524975777E0,-2.712630510E0,-1.908178806E0
2.726764493E1,7.532158375E0,-2.643198729E0,-1.754949808E0
2.726966727E1,7.548917770E0,-2.607285738E0,-1.687912226E0
2.727169812E1,7.613561630E0,-2.521094322E0,-1.582567334E0
2.727376650E1,7.656657219E0,-2.396595955E0,-1.472434044E0
2.727580050E1,7.682993412E0,-2.322375536E0,-1.431732655E0
2.727786877E1,7.706935406E0,-2.164358377E0,-1.359906554E0
2.727990277E1,7.735665798E0,-1.982398987E0,-1.292868972E0
2.728197116E1,7.759607792E0,-1.886630893E0,-1.264138460E0
2.728400589E1,7.797914982E0,-1.683123827E0,-1.225831270E0
2.728607416E1,7.843404770E0,-1.482010841E0,-1.194706678E0
2.728810896E1,7.881711960E0,-1.371877551E0,-1.180341482E0
2.729017723E1,7.900865555E0,-1.142034173E0,-1.175553083E0
2.729226843E1,7.936778545E0,-9.217676520E-1,-1.182735682E0
2.729423146E1,7.977479935E0,-6.871358752E-1,-1.209071875E0
2.729623123E1,7.989450932E0,-5.674257874E-1,-1.223437071E0
2.729829966E1,8.020575523E0,-3.375824392E-1,-1.252167463E0
2.730033443E1,8.101978302E0,-1.101332754E-1,-1.300051570E0
2.730240300E1,8.149862289E0,4.788403399E-3,-1.331176162E0
2.730443746E1,8.257601738E0,2.466027737E-1,-1.398213744E0
2.730650616E1,8.377311707E0,4.644751251E-1,-1.486799240E0
2.730854046E1,8.456320763E0,5.770025849E-1,-1.529894829E0
2.731056627E1,8.607154846E0,8.116343617E-1,-1.618480325E0
2.731265223E1,8.760383606E0,1.031900883E0,-1.719036818E0
2.731461439E1,8.846575737E0,1.130063176E0,-1.783680320E0
2.731661442E1,9.035717010E0,1.323993564E0,-1.879448295E0
2.731868389E1,9.234436035E0,1.517923832E0,-1.984793186E0
2.732071850E1,9.327810287E0,1.611297727E0,-2.047042370E0
2.732278835E1,9.524134636E0,1.786074519E0,-2.190694571E0
2.732482281E1,9.744400978E0,1.968033791E0,-2.331952572E0
2.732689181E1,9.861717224E0,2.035071373E0,-2.408566952E0
2.732892662E1,1.012507915E1,2.161964178E0,-2.592920542E0
2.733094181E1,1.037647057E1,2.293645144E0,-2.794033289E0
2.733294289E1,1.050336266E1,2.358288765E0,-2.889801502E0
2.733501169E1,1.072841740E1,2.446874142E0,-3.074155092E0
2.733704631E1,1.090319443E1,2.523488522E0,-3.256114244E0
2.733911500E1,1.104924107E1,2.595314741E0,-3.438073635E0
2.734114966E1,1.109233665E1,2.609679937E0,-3.514688015E0
2.734321831E1,1.116416264E1,2.588132143E0,-3.653551817E0
2.734525316E1,1.124077702E1,2.545036316E0,-3.768473387E0
2.734732216E1,1.126711273E1,2.528276920E0,-3.828328609E0
2.734935704E1,1.129105568E1,2.444479942E0,-3.938461781E0
2.735137316E1,1.131020927E1,2.331952572E0,-4.012681961E0
2.735340427E1,1.130063248E1,2.276885748E0,-4.041412354E0
2.735547308E1,1.122401714E1,2.169146776E0,-4.074931145E0
2.735750754E1,1.114500904E1,2.035071373E0,-4.106055737E0
2.735957639E1,1.109951878E1,1.960851192E0,-4.110844135E0
2.736161173E1,1.096783829E1,1.807622313E0,-4.077325344E0
2.736368012E1,1.079306126E1,1.599326730E0,-4.015076160E0
2.736571439E1,1.069968700E1,1.496376038E0,-3.964797974E0
2.736778343E1,1.049618053E1,1.268926859E0,-3.828328609E0
2.736981769E1,1.025436592E1,1.027112484E0,-3.675099611E0
2.737188619E1,1.001733971E1,7.876923680E-1,-3.476380825E0
2.737397758E1,9.892841339E0,6.464344859E-1,-3.378218651E0
2.737593966E1,9.641449928E0,3.854664862E-1,-3.165134668E0
2.737793881E1,9.433155060E0,1.388636976E-1,-2.937685490E0
2.738000727E1,9.327810287E0,3.112462163E-2,-2.813186884E0
2.738204135E1,9.131484985E0,-2.130839527E-1,-2.568978310E0
2.738411000E1,8.918401718E0,-4.477157295E-1,-2.312798738E0
2.738614408E1,8.815450668E0,-5.554547906E-1,-2.183511972E0
2.738821216E1,8.614337921E0,-8.068459630E-1,-1.920149803E0
2.739024581E1,8.391676903E0,-1.031900883E0,-1.654393315E0
2.739226223E1,8.281543732E0,-1.151610970E0,-1.527500629E0
2.739434804E1,8.061277390E0,-1.376665950E0,-1.276109457E0
2.739630981E1,7.850587368E0,-1.584961534E0,-1.007958889E0
2.739830916E1,7.754819393E0,-1.687912226E0,-8.786720037E-1
2.740037773E1,7.565677166E0,-1.929726601E0,-6.200982332E-1
2.740241177E1,7.393294811E0,-2.104503393E0,-3.639186621E-1
2.740448058E1,7.309497833E0,-2.195482969E0,-2.394201756E-1
2.740651508E1,7.168240070E0,-2.375048161E0,7.182605099E-3
2.740858366E1,7.041347027E0,-2.554613113E0,2.370259613E-1
2.741061804E1,6.914454460E0,-2.652775526E0,3.280056417E-1
2.741268650E1,6.861782074E0,-2.832340717E0,4.979939461E-1
2.741472385E1,6.773196697E0,-3.009511471E0,6.536170840E-1
2.741679227E1,6.667851925E0,-3.138798475E0,8.212111592E-1
2.741882662E1,6.631938934E0,-3.203441858E0,8.906430602E-1
2.742089489E1,6.552929878E0,-3.327940464E0,1.017535686E0
2.742292923E1,6.466738701E0,-3.435679436E0,1.122880578E0
2.742499789E1,6.428431511E0,-3.469198227E0,1.175553083E0
2.742703242E1,6.368576527E0,-3.548206806E0,1.247379065E0
2.742910066E1,6.358999729E0,-3.622427225E0,1.321599364E0
2.743113473E1,6.351817131E0,-3.655946016E0,1.343147159E0
2.743315085E1,6.358999729E0,-3.687070608E0,1.374271750E0
2.743518223E1,6.366182327E0,-3.689464808E0,1.371877551E0
2.743725073E1,6.358999729E0,-3.679888010E0,1.367089152E0
2.743928504E1,6.387730122E0,-3.682282209E0,1.376665950E0
2.744135373E1,6.461950302E0,-3.646369219E0,1.364694953E0
2.744338808E1,6.557718277E0,-3.648763418E0,1.338358760E0
2.744541300E1,6.619967937E0,-3.627215624E0,1.304839969E0
2.744741127E1,6.737283707E0,-3.584120035E0,1.271321058E0
2.744947973E1,6.892906666E0,-3.555389643E0,1.204283476E0
2.745151373E1,6.976703644E0,-3.488351822E0,1.156399369E0
2.745358246E1,7.149086475E0,-3.438073635E0,1.063025594E0
2.745575146E1,7.328651428E0,-3.361459255E0,9.624691010E-1
2.745767027E1,7.426813602E0,-3.315969467E0,9.145850539E-1
2.745966954E1,7.623138428E0,-3.208230257E0,8.044517636E-1
2.746173789E1,7.852981567E0,-3.074155092E0,6.871358752E-1
2.746377189E1,7.963114738E0,-3.023876667E0,6.392518282E-1
2.746583973E1,8.161833763E0,-2.908955097E0,5.482721925E-1
2.746787389E1,8.350975990E0,-2.782062292E0,4.596867263E-1
2.746994219E1,8.439560890E0,-2.703053713E0,4.165911078E-1
2.747197608E1,8.588001251E0,-2.542642117E0,3.351882398E-1
2.747399992E1,8.736441612E0,-2.377442360E0,2.537853718E-1
2.747608477E1,8.801085472E0,-2.298433542E0,2.154781520E-1
2.747804573E1,8.927978516E0,-2.135627985E0,1.316810995E-1
2.748004516E1,9.047688484E0,-1.958456993E0,5.746084079E-2
2.748211350E1,9.085995674E0,-1.879448295E0,2.633621916E-2
2.748414769E1,9.165003777E0,-1.695094824E0,-4.309562966E-2
2.748621596E1,9.239224434E0,-1.529894829E0,-1.101332754E-1
2.748824985E1,9.282320023E0,-1.460463047E0,-1.388636976E-1
2.749031804E1,9.361329079E0,-1.283292055E0,-1.915361285E-1
2.749235223E1,9.433155060E0,-1.101332784E0,-2.513911724E-1
2.749437246E1,9.497797966E0,-1.015141487E0,-3.184288144E-1
2.749637266E1,9.543288231E0,-8.643068075E-1,-3.519476354E-1
2.749844108E1,9.615114212E0,-6.895300746E-1,-4.070142806E-1
2.750047577E1,9.670180321E0,-5.434837937E-1,-4.525041282E-1
2.750254473E1,9.684545517E0,-4.788403511E-1,-4.716577232E-1
2.750457908E1,9.720458984E0,-3.567360640E-1,-5.243301988E-1
2.750664758E1,9.710882187E0,-2.202665508E-1,-5.506663918E-1
2.750868142E1,9.708487511E0,-1.771709323E-1,-5.578489900E-1
2.751074939E1,9.703699112E0,-7.182604820E-2,-5.841852427E-1
2.751278312E1,9.662998199E0,3.112462163E-2,-5.937620401E-1
2.751480562E1,9.629479408E0,7.422025502E-2,-5.937620401E-1
2.751683635E1,9.579200745E0,1.556231081E-1,-6.009446383E-1
2.751890496E1,9.528923035E0,2.250549644E-1,-5.961562395E-1
2.752093919E1,9.485827446E0,2.370259613E-1,-5.913678408E-1
2.752300742E1,9.394847870E0,2.513911724E-1,-5.602431893E-1
2.752504177E1,9.313444138E0,2.729389966E-1,-5.315127969E-1
2.752711012E1,9.217676163E0,2.681505978E-1,-5.195417404E-1
2.752914435E1,9.176975250E0,2.370259613E-1,-4.716577232E-1
2.753121258E1,9.074024200E0,1.963245422E-1,-4.070142806E-1
2.753324666E1,8.995016098E0,1.580173075E-1,-3.399766386E-1
2.753531477E1,8.935160637E0,1.316810995E-1,-3.064578176E-1
2.753740689E1,8.848969460E0,5.267243832E-2,-2.418143749E-1
2.753936092E1,8.760383606E0,-2.394201607E-2,-1.508347094E-1
2.754136038E1,8.712499619E0,-6.464344263E-2,-1.077390760E-1
2.754342835E1,8.621520042E0,-1.436520964E-1,-2.154781483E-2
2.754546266E1,8.518569946E0,-2.202665508E-1,6.464344263E-2
2.754753150E1,8.473079681E0,-2.609679997E-1,1.053448766E-1
2.754956554E1,8.372523308E0,-3.351882398E-1,1.939303428E-1
2.755163404E1,8.286332130E0,-4.094084799E-1,2.753331959E-1
2.755366804E1,8.257601738E0,-4.525041282E-1,3.136404157E-1
2.755569888E1,8.188169479E0,-5.363011956E-1,4.022258818E-1
2.755778539E1,8.109161377E0,-6.440402865E-1,4.955997467E-1
2.755974638E1,8.061277390E0,-6.823474765E-1,5.315127969E-1
2.756174631E1,7.963114738E0,-7.350199223E-1,6.033388376E-1
2.756381508E1,7.905653954E0,-7.829039693E-1,6.799532771E-1
2.756585000E1,7.872135162E0,-8.188169599E-1,7.206547260E-1
2.756791846E1,7.812280178E0,-8.690952063E-1,7.924807668E-1
2.756995258E1,7.773972988E0,-9.050082564E-1,8.643068075E-1
2.757202085E1,7.735665798E0,-9.289502501E-1,9.121908545E-1
2.757405496E1,7.721300602E0,-9.840168953E-1,9.289502501E-1
2.757612312E1,7.692570210E0,-1.005564690E0,9.672574997E-1
2.757815962E1,7.663839817E0,-1.024718285E0,1.007958889E0
2.758022800E1,7.661445618E0,-1.034295082E0,1.017535686E0
2.758226281E1,7.637503624E0,-1.024718285E0,1.051054597E0
2.758433092E1,7.596801758E0,-1.017535686E0,1.072602391E0
2.758636558E1,7.582436562E0,-1.019929886E0,1.070208192E0
2.758843450E1,7.548917770E0,-1.003170490E0,1.048660398E0
2.759046885E1,7.544129372E0,-9.648633003E-1,1.036689281E0
2.759253762E1,7.536946774E0,-9.433154464E-1,1.034295082E0
2.759457204E1,7.544129372E0,-9.217676520E-1,1.010353088E0
2.759659258E1,7.560888767E0,-8.978256583E-1,9.720458984E-1
2.759862339E1,7.575253963E0,-8.882488012E-1,9.481038451E-1
2.760069165E1,7.611167431E0,-8.427590132E-1,9.121908545E-1
2.760272535E1,7.697358608E0,-8.188169599E-1,8.906430602E-1
2.760479319E1,7.817068577E0,-8.020575643E-1,8.619126081E-1
2.760682681E1,7.872135162E0,-7.924807668E-1,8.499416113E-1
2.760889500E1,7.989450932E0,-7.613561153E-1,8.355764151E-1
2.761092912E1,8.092401505E0,-7.541735172E-1,8.164227605E-1
2.761299735E1,8.149862289E0,-7.493851185E-1,8.140285611E-1
2.761503138E1,8.248024940E0,-7.422025204E-1,8.259995580E-1
2.761703331E1,8.360552788E0,-7.374141216E-1,8.499416113E-1
2.761912462E1,8.429984093E0,-7.230489254E-1,8.571242094E-1
2.762107735E1,8.568847656E0,-7.158663273E-1,8.786720037E-1
2.762307696E1,8.717288017E0,-7.374141216E-1,8.882488012E-1
2.762514462E1,8.810662270E0,-7.445967197E-1,8.906430602E-1
2.762717889E1,8.975862503E0,-7.709329724E-1,9.026140571E-1
2.762924685E1,9.193734169E0,-8.140285611E-1,9.337386489E-1
2.763128127E1,9.289502144E0,-8.355764151E-1,9.433154464E-1
2.763334973E1,9.488221169E0,-8.762778044E-1,9.576807022E-1
2.763538354E1,9.706093788E0,-9.337386489E-1,9.744400978E-1
2.763741446E1,9.811438560E0,-9.624691010E-1,9.864110947E-1
2.763950062E1,1.001973438E1,-1.046266198E0,1.019929886E0
2.764146419E1,1.022324085E1,-1.158793569E0,1.019929886E0
2.764346350E1,1.032140350E1,-1.213860273E0,1.012747288E0
2.764553204E1,1.053209305E1,-1.347935557E0,1.029506683E0
2.764756658E1,1.073081207E1,-1.482010841E0,1.043871999E0
2.764963512E1,1.089840603E1,-1.546654344E0,1.051054597E0
2.765166965E1,1.097502041E1,-1.685518026E0,1.051054597E0
2.765373846E1,1.113303757E1,-1.860294700E0,1.067813993E0
2.765577262E1,1.129584408E1,-2.013523579E0,1.063025594E0
2.765778704E1,1.137724686E1,-2.109291792E0,1.058237195E0
2.765978839E1,1.151132202E1,-2.293645144E0,1.055842996E0
2.766185746E1,1.163821411E1,-2.444479942E0,1.067813993E0
2.766389092E1,1.170525169E1,-2.530671120E0,1.077390790E0
2.766595950E1,1.182975101E1,-2.688688517E0,1.082179189E0
2.766799369E1,1.194467258E1,-2.844311714E0,1.084573388E0
2.767006196E1,1.199255657E1,-2.923320293E0,1.098938584E0
2.767209654E1,1.205959415E1,-3.047818661E0,1.151610970E0
2.767416465E1,1.213860226E1,-3.160346270E0,1.197100878E0
2.767619904E1,1.217212105E1,-3.213018656E0,1.228225470E0
2.767821462E1,1.222479343E1,-3.287238836E0,1.304839969E0
2.768024554E1,1.226549530E1,-3.311181068E0,1.391031146E0
2.768231400E1,1.227507210E1,-3.306392431E0,1.434126854E0
2.768434912E1,1.228464890E1,-3.294421434E0,1.520318031E0
2.768641823E1,1.227028370E1,-3.277662039E0,1.611297727E0
2.768845304E1,1.225591850E1,-3.241749048E0,1.647210717E0
2.769047777E1,1.222000504E1,-3.155557871E0,1.726219416E0
2.769247785E1,1.215536213E1,-3.019088268E0,1.798045516E0
2.769454704E1,1.210268974E1,-2.949656487E0,1.867477298E0
2.769658177E1,1.207395935E1,-2.803610086E0,1.910573006E0
2.769865046E1,1.199734497E1,-2.612074137E0,1.963245392E0
2.770083715E1,1.189918232E1,-2.403778553E0,2.015917778E0
2.770275458E1,1.185129833E1,-2.300827742E0,2.054224968E0
2.770475427E1,1.175553036E1,-2.068590164E0,2.114080191E0
2.770682342E1,1.165976238E1,-1.814804912E0,2.171540976E0
2.770885800E1,1.159751320E1,-1.690306425E0,2.197877169E0
2.771092681E1,1.147301483E1,-1.431732655E0,2.286462545E0
2.771296158E1,1.132936287E1,-1.173158884E0,2.391807556E0
2.771503050E1,1.124556541E1,-1.024718285E0,2.434903145E0
2.771706512E1,1.107318306E1,-7.445967197E-1,2.542642117E0
2.771906477E1,1.088643551E1,-4.668693244E-1,2.652775526E0
2.772115046E1,1.078587818E1,-3.303998411E-1,2.717418909E0
2.772311319E1,1.061589050E1,-8.619125932E-2,2.820369720E0
2.772511354E1,1.042914295E1,1.651999205E-1,2.928108692E0
2.772718292E1,1.032379818E1,2.920926213E-1,2.968810081E0
2.772921831E1,1.016099167E1,5.674257874E-1,3.059789658E0
2.773128846E1,1.001733971E1,8.259995580E-1,3.098097086E0
2.773332392E1,9.950302124E0,9.672574997E-1,3.098097086E0
2.773539358E1,9.835380554E0,1.240196466E0,3.081337690E0
2.773742919E1,9.785101891E0,1.491587639E0,3.035847664E0
2.773949885E1,9.780313492E0,1.726219416E0,2.966415882E0
2.774153677E1,9.792284966E0,1.838746905E0,2.923320293E0
2.774360619E1,9.801861763E0,2.051830769E0,2.822763920E0
2.774564119E1,9.854534149E0,2.229001760E0,2.707842112E0
2.774771015E1,9.916783333E0,2.300827742E0,2.650381327E0
2.774974469E1,1.004128170E1,2.406172752E0,2.525882721E0
2.775181465E1,1.017535686E1,2.487575531E0,2.413355350E0
2.775384915E1,1.024000072E1,2.518700123E0,2.360682964E0
2.775591881E1,1.040280628E1,2.545036316E0,2.250549555E0
2.775795335E1,1.058716011E1,2.571372509E0,2.123656988E0
2.775997692E1,1.069489861E1,2.554613113E0,2.054224968E0
2.776200904E1,1.093192482E1,2.497152328E0,1.867477298E0
2.776407850E1,1.116655636E1,2.434903145E0,1.613691926E0
2.776611350E1,1.138203526E1,2.391807556E0,1.465251446E0
2.776818246E1,1.150413895E1,2.279279947E0,1.110909581E0
2.777021750E1,1.176271248E1,2.130839586E0,7.230489254E-1
2.777228642E1,1.200213337E1,1.963245392E0,3.064578176E-1
2.777432158E1,1.211226654E1,1.855506301E0,8.379705995E-2
2.777639100E1,1.230859089E1,1.594538331E0,-4.046200812E-1
2.777842619E1,1.247857952E1,1.276109457E0,-9.289502501E-1
2.778049577E1,1.259110641E1,1.086967587E0,-1.182735682E0
2.778258758E1,1.277306652E1,6.847416759E-1,-1.651999116E0
2.778455119E1,1.296220779E1,2.489969730E-1,-2.106897593E0
2.778655115E1,1.307234097E1,4.788403399E-3,-2.317587137E0
2.778862012E1,1.330697346E1,-4.620809257E-1,-2.715024710E0
2.779065504E1,1.359906578E1,-8.858546019E-1,-3.062183857E0
2.779272385E1,1.373553562E1,-1.096544385E0,-3.227383852E0
2.779475850E1,1.403002167E1,-1.484405041E0,-3.529053211E0
2.779682804E1,1.432690334E1,-1.872265697E0,-3.813963413E0
2.779886342E1,1.447773743E1,-2.047042370E0,-3.940855980E0
2.780088035E1,1.476264763E1,-2.410961151E0,-4.180276394E0
2.780296627E1,1.500685596E1,-2.746149302E0,-4.414907932E0
2.780492885E1,1.510980701E1,-2.911349297E0,-4.546588898E0
2.780692923E1,1.533246803E1,-3.253720045E0,-4.809951305E0
2.780899908E1,1.549048519E1,-3.555389643E0,-5.044582844E0
2.781103331E1,1.563892555E1,-3.711012602E0,-5.281609058E0
2.781310223E1,1.569638634E1,-4.022258759E0,-5.408501625E0
2.781513673E1,1.577060699E1,-4.331110954E0,-5.676652431E0
2.781720558E1,1.575384712E1,-4.601655483E0,-5.995080948E0
2.781923988E1,1.571075153E1,-4.714183331E0,-6.186617374E0
2.782125492E1,1.561019516E1,-4.958391666E0,-6.588842869E0
2.782325623E1,1.549287891E1,-5.197812080E0,-6.945579052E0
2.782532423E1,1.544978333E1,-5.310339451E0,-7.108384609E0
2.782735846E1,1.528218937E1,-5.489904404E0,-7.417236805E0
2.782942688E1,1.504755783E1,-5.631162167E0,-7.711723804E0
2.783146135E1,1.493502998E1,-5.717353821E0,-7.833827972E0
2.783353000E1,1.466687965E1,-5.837063789E0,-7.996633530E0
2.783556481E1,1.438675785E1,-5.956773758E0,-8.082824707E0
2.783763481E1,1.424071217E1,-5.997475147E0,-8.111555099E0
2.783966923E1,1.389355278E1,-6.038176537E0,-8.087613106E0
2.784168604E1,1.349611473E1,-5.975927353E0,-8.013393402E0
2.784371681E1,1.329979038E1,-5.925649166E0,-7.955932140E0
2.784578615E1,1.288798809E1,-5.738901615E0,-7.793126583E0
2.784782073E1,1.246181965E1,-5.499481201E0,-7.625532627E0
2.784988927E1,1.197819138E1,-5.204994678E0,-7.443572998E0
2.785192362E1,1.173158836E1,-5.042188644E0,-7.340622425E0
2.785399208E1,1.127668953E1,-4.699818134E0,-7.105990410E0
2.785602654E1,1.084812832E1,-4.340687752E0,-6.813898087E0
2.785809519E1,1.067574501E1,-4.156333923E0,-6.641515732E0
2.786012958E1,1.034295177E1,-3.790021181E0,-6.275202751E0
2.786219873E1,1.002931118E1,-3.430891037E0,-5.904101372E0
2.786429073E1,9.883264542E0,-3.256114244E0,-5.707777023E0
2.786625335E1,9.607931137E0,-2.875436306E0,-5.329493046E0
2.786825296E1,9.346963882E0,-2.523488522E0,-4.989516258E0
2.787032146E1,9.212887764E0,-2.339135170E0,-4.805162907E0
2.787235631E1,8.951920509E0,-1.989581585E0,-4.450820923E0
2.787442527E1,8.705317497E0,-1.642422318E0,-4.101267338E0
2.787646004E1,8.592789650E0,-1.474828243E0,-3.936067581E0
2.787852908E1,8.429984093E0,-1.151610970E0,-3.603273630E0
2.788056373E1,8.279149055E0,-8.212111592E-1,-3.263296843E0
2.788258054E1,8.212111473E0,-6.584054828E-1,-3.095702887E0
2.788466604E1,8.090007782E0,-3.782838583E-1,-2.777273893E0
2.788662877E1,7.999027729E0,-1.197100878E-1,-2.504334927E0
2.788862904E1,7.958326340E0,1.915361360E-2,-2.372653961E0
2.789069788E1,7.896077156E0,2.585737705E-1,-2.106897593E0
2.789273235E1,7.867346764E0,4.788403511E-1,-1.879448295E0
2.789480127E1,7.848193169E0,6.799532771E-1,-1.673547029E0
2.789683592E1,7.831433773E0,7.781155705E-1,-1.580173135E0
2.789890492E1,7.807491779E0,9.696516991E-1,-1.414973259E0
2.790093992E1,7.781155586E0,1.146822572E0,-1.283292055E0
2.790300858E1,7.783549786E0,1.230619669E0,-1.223437071E0
2.790504473E1,7.793126583E0,1.371877551E0,-1.125274777E0
2.790711381E1,7.793126583E0,1.453280449E0,-1.072602391E0
2.790914838E1,7.790732384E0,1.496376038E0,-1.058237195E0
2.791121735E1,7.773972988E0,1.546654344E0,-1.036689281E0
2.791325246E1,7.771578789E0,1.587355733E0,-1.041477680E0
2.791532177E1,7.766790390E0,1.572990537E0,-1.055842996E0
2.791735658E1,7.778761387E0,1.517923832E0,-1.089361787E0
2.791942608E1,7.797914982E0,1.455674648E0,-1.149216771E0
2.792146142E1,7.841010571E0,1.357512355E0,-1.206677675E0
2.792348027E1,7.876923561E0,1.278503656E0,-1.230619669E0
2.792551138E1,7.948749542E0,1.108515382E0,-1.266532660E0
2.792758050E1,8.046912193E0,9.289502501E-1,-1.314416766E0
2.792961546E1,8.106766701E0,8.259995580E-1,-1.331176162E0
2.793168527E1,8.219294548E0,5.913678408E-1,-1.345541358E0
2.793372062E1,8.343792915E0,3.351882398E-1,-1.314416766E0
2.793574558E1,8.401253700E0,2.202665508E-1,-1.295263171E0
2.793774638E1,8.513781548E0,-5.985504389E-2,-1.223437071E0
2.793981581E1,8.621520042E0,-3.519476354E-1,-1.158793569E0
2.794185158E1,8.683769226E0,-4.979939461E-1,-1.113303781E0
2.794392108E1,8.832210541E0,-7.900865674E-1,-1.012747288E0
2.794609188E1,8.971074104E0,-1.079784989E0,-9.074024558E-1
2.794800969E1,9.042900085E0,-1.228225470E0,-8.499416113E-1
2.795001012E1,9.172186852E0,-1.525106430E0,-7.422025204E-1
2.795207958E1,9.287108421E0,-1.814804912E0,-6.464344859E-1
2.795411527E1,9.349357605E0,-1.963245392E0,-6.057330370E-1
2.795618458E1,9.461885452E0,-2.264914751E0,-5.434837937E-1
2.795821996E1,9.550470352E0,-2.549824715E0,-4.812345505E-1
2.796028977E1,9.627084732E0,-2.791639090E0,-4.333505034E-1
2.796232484E1,9.651026726E0,-2.913743496E0,-4.070142806E-1
2.796434885E1,9.667786598E0,-3.162740469E0,-3.639186621E-1
2.796643469E1,9.665391922E0,-3.361459255E0,-3.303998411E-1
2.796839838E1,9.660603523E0,-3.454833031E0,-3.184288144E-1
2.797039835E1,9.610325813E0,-3.658340216E0,-2.849099934E-1
2.797246708E1,9.552865028E0,-3.825934410E0,-2.537853718E-1
2.797450200E1,9.526528358E0,-3.892971992E0,-2.418143749E-1
2.797657065E1,9.469067574E0,-4.041412354E0,-2.106897533E-1
2.797860496E1,9.382876396E0,-4.182670593E0,-1.963245422E-1
2.798067446E1,9.327810287E0,-4.249708176E0,-1.867477298E-1
2.798270904E1,9.234436035E0,-4.352658749E0,-1.747767180E-1
2.798472984E1,9.095572472E0,-4.436455727E0,-1.675941199E-1
2.798673127E1,9.016563416E0,-4.467580318E0,-1.604115069E-1
2.798880019E1,8.827422142E0,-4.517858505E0,-1.244984865E-1
2.799083500E1,8.645462036E0,-4.565742493E0,-5.746084079E-2
2.799290442E1,8.549694061E0,-4.572925091E0,-3.112462163E-2
2.799493931E1,8.372523308E0,-4.560954094E0,-2.394201700E-3
2.799700861E1,8.231265068E0,-4.570530891E0,7.182605099E-3
2.799904373E1,8.169015884E0,-4.572925091E0,0.000000000E0
2.800111273E1,8.025363922E0,-4.544194698E0,-2.394201607E-2
2.800314784E1,7.908048153E0,-4.474762917E0,-5.985504389E-2
2.800517354E1,7.829039574E0,-4.441244125E0,-8.858546615E-2
2.800720500E1,7.790732384E0,-4.345476151E0,-1.053448766E-1
2.800927446E1,7.718906403E0,-4.213795185E0,-1.436520964E-1
2.801130954E1,7.661445618E0,-4.079719543E0,-1.939303428E-1
2.801337881E1,7.635109425E0,-4.007893562E0,-2.130839527E-1
2.801541392E1,7.596801758E0,-3.840299606E0,-2.585737705E-1
2.801748300E1,7.563282967E0,-3.665522814E0,-2.896983922E-1
2.801951838E1,7.565677166E0,-3.600879431E0,-3.088520169E-1
2.802158785E1,7.589619160E0,-3.473986626E0,-3.615244627E-1
2.802362358E1,7.544129372E0,-3.330334663E0,-4.237737060E-1
2.802562723E1,7.493851185E0,-3.244143248E0,-4.620809257E-1
2.802771888E1,7.374141216E0,-3.047818661E0,-5.363011956E-1
2.802967219E1,7.314286232E0,-2.873042107E0,-5.985504389E-1
2.803167219E1,7.295132637E0,-2.777273893E0,-6.272808313E-1
2.803374146E1,7.280767441E0,-2.540247917E0,-6.655880809E-1
2.803577646E1,7.297526836E0,-2.300827742E0,-7.134721279E-1
2.803784638E1,7.304709435E0,-2.171540976E0,-7.374141216E-1
2.803988108E1,7.290344238E0,-1.886630893E0,-7.805097699E-1
2.804195077E1,7.283161640E0,-1.582567334E0,-8.259995580E-1
2.804398527E1,7.278373241E0,-1.436521053E0,-8.786720037E-1
2.804600211E1,7.287950039E0,-1.139639974E0,-9.050082564E-1
2.804808781E1,7.316680431E0,-8.475474119E-1,-9.552865028E-1
2.805005046E1,7.340622425E0,-7.015010715E-1,-9.840168953E-1
2.805205050E1,7.347805023E0,-4.070142806E-1,-1.010353088E0
2.805411931E1,7.369352818E0,-1.388636976E-1,-1.046266198E0
2.805615377E1,7.412448406E0,1.316810995E-1,-1.077390790E0
2.805822211E1,7.448361397E0,2.705447972E-1,-1.079784989E0
2.806025677E1,7.522581577E0,5.291185975E-1,-1.086967587E0
2.806232558E1,7.608773232E0,7.781155705E-1,-1.067813993E0
2.806435988E1,7.651868820E0,8.906430602E-1,-1.065419793E0
2.806642869E1,7.752425194E0,1.132457376E0,-1.063025594E0
2.806846538E1,7.867346764E0,1.347935557E0,-1.082179189E0
2.807053396E1,7.931990147E0,1.446097851E0,-1.096544385E0
2.807256827E1,8.075642586E0,1.642422318E0,-1.144428372E0
2.807463708E1,8.209717751E0,1.800439715E0,-1.173158884E0
2.807667161E1,8.274360657E0,1.874659896E0,-1.189918280E0
2.807874054E1,8.429984093E0,1.999158382E0,-1.266532660E0
2.808077511E1,8.573636055E0,2.135627985E0,-1.355118155E0
2.808284377E1,8.671798706E0,2.238578558E0,-1.465251446E0
2.808487835E1,8.738836288E0,2.281674147E0,-1.513135433E0
2.808690377E1,8.877699852E0,2.353500366E0,-1.606509328E0
2.808893473E1,8.987833023E0,2.415749550E0,-1.690306425E0
2.809100385E1,9.059659004E0,2.434903145E0,-1.728613615E0
2.809303900E1,9.193734169E0,2.454056740E0,-1.798045516E0
2.809510761E1,9.308655739E0,2.477998734E0,-1.891419291E0
2.809714204E1,9.373299599E0,2.473210335E0,-1.936909199E0
2.809921138E1,9.497797966E0,2.466027737E0,-1.975216389E0
2.810124661E1,9.598354340E0,2.422932148E0,-2.025494576E0
2.810331588E1,9.648633003E0,2.394201756E0,-2.037465572E0
2.810535092E1,9.749189377E0,2.351106167E0,-2.059013367E0
2.810741973E1,9.811438560E0,2.291250944E0,-2.047042370E0
2.810951146E1,9.859322548E0,2.238578558E0,-2.025494576E0
2.811147381E1,9.876082420E0,2.147598982E0,-1.999158382E0
2.811347373E1,9.904812813E0,2.047042370E0,-1.941697598E0
2.811554273E1,9.914389610E0,1.994369984E0,-1.922544003E0
2.811757723E1,9.916783333E0,1.900996208E0,-1.843535304E0
2.811964615E1,9.895236015E0,1.802833915E0,-1.781286120E0
2.812168084E1,9.842563629E0,1.683123827E0,-1.723825216E0
2.812374954E1,9.816226959E0,1.625662923E0,-1.692700624E0
2.812578450E1,9.768342972E0,1.525106430E0,-1.604115129E0
2.812780888E1,9.689333916E0,1.429338455E0,-1.501164436E0
2.812989592E1,9.648633003E0,1.362300754E0,-1.443703651E0
2.813185827E1,9.567230225E0,1.225831270E0,-1.290474772E0
2.813385792E1,9.478644371E0,1.127668977E0,-1.122880578E0
2.813592665E1,9.447520256E0,1.082179189E0,-1.041477680E0
2.813796161E1,9.370905876E0,9.768342972E-1,-8.451532125E-1
2.814003031E1,9.282320023E0,8.858546019E-1,-6.512228847E-1
2.814206511E1,9.232041359E0,8.259995580E-1,-5.554547906E-1
2.814413423E1,9.131484985E0,7.350199223E-1,-3.615244627E-1
2.814616892E1,8.997409821E0,6.464344859E-1,-1.604115069E-1
2.814819185E1,8.930372238E0,6.248866320E-1,-5.746084079E-2
2.815019311E1,8.820239067E0,5.410895944E-1,1.316810995E-1
2.815226211E1,8.724471092E0,4.692635238E-1,3.064578176E-1
2.815429635E1,8.678980827E0,4.429273009E-1,3.902548850E-1
2.815636561E1,8.576030731E0,3.591302633E-1,5.626373887E-1
2.815840023E1,8.504204750E0,2.944868207E-1,7.278373241E-1
2.816046904E1,8.408436775E0,2.729389966E-1,8.738836050E-1
2.816250334E1,8.355764389E0,2.082955539E-1,9.481038451E-1
2.816457200E1,8.248024940E0,1.628057212E-1,1.089361787E0
2.816660673E1,8.145073891E0,1.197100878E-1,1.237802267E0
2.816863008E1,8.111555099E0,9.816227108E-2,1.312022567E0
2.817066154E1,8.015787125E0,5.746084079E-2,1.424550056E0
2.817272981E1,7.931990147E0,1.436521020E-2,1.556231141E0
2.817476438E1,7.900865555E0,-1.197100803E-2,1.630451322E0
2.817683335E1,7.831433773E0,-6.703764945E-2,1.774103403E0
2.817886788E1,7.776367188E0,-1.364694983E-1,1.915361404E0
2.818089288E1,7.757213593E0,-1.604115069E-1,1.975216389E0
2.818289261E1,7.706935406E0,-2.082955539E-1,2.082955360E0
2.818496111E1,7.639897823E0,-2.968810201E-1,2.183511972E0
2.818699581E1,7.606379032E0,-3.375824392E-1,2.231395960E0
2.818906461E1,7.551311970E0,-3.950432837E-1,2.308010340E0
2.819123384E1,7.508216381E0,-4.788403511E-1,2.389413357E0
2.819315134E1,7.493851185E0,-5.243301988E-1,2.430114746E0
2.819515115E1,7.455543995E0,-6.033388376E-1,2.487575531E0
2.819721988E1,7.414842606E0,-6.775590777E-1,2.549824715E0
2.819925458E1,7.395689011E0,-7.110779285E-1,2.576161146E0
2.820132331E1,7.400477409E0,-7.829039693E-1,2.583343744E0
2.820335777E1,7.362170219E0,-8.882488012E-1,2.561795712E0
2.820542634E1,7.338228226E0,-9.888052940E-1,2.566584110E0
2.820746073E1,7.333439827E0,-1.024718285E0,2.568978310E0
2.820947938E1,7.335834026E0,-1.115697980E0,2.561795712E0
2.821156446E1,7.347805023E0,-1.199495077E0,2.559401512E0
2.821352681E1,7.364564419E0,-1.230619669E0,2.552218914E0
2.821552638E1,7.433996201E0,-1.285686255E0,2.549824715E0
2.821759484E1,7.522581577E0,-1.359906554E0,2.552218914E0
2.821962934E1,7.570465565E0,-1.386242747E0,2.552218914E0
2.822169765E1,7.671022415E0,-1.438915253E0,2.552218914E0
2.822373173E1,7.824251175E0,-1.517923832E0,2.568978310E0
2.822580088E1,7.908048153E0,-1.551442742E0,2.571372509E0
2.822783473E1,8.078036308E0,-1.613691926E0,2.573766708E0
2.822990411E1,8.274360657E0,-1.675941229E0,2.568978310E0
2.823194154E1,8.370129585E0,-1.704671621E0,2.561795712E0
2.823401073E1,8.554482460E0,-1.750161409E0,2.537853718E0
2.823604588E1,8.757989883E0,-1.781286120E0,2.489969730E0
2.823811546E1,8.968679428E0,-1.805228114E0,2.422932148E0
2.824015092E1,9.081207275E0,-1.857900500E0,2.384624958E0
2.824222050E1,9.308655739E0,-1.886630893E0,2.293645144E0
2.824425561E1,9.548076630E0,-1.874659896E0,2.183511972E0
2.824632484E1,9.662998199E0,-1.867477298E0,2.104503393E0
2.824836015E1,9.868899345E0,-1.877054095E0,1.946485996E0
2.825037784E1,1.009634876E1,-1.867477298E0,1.764526606E0
2.825240796E1,1.020887566E1,-1.850717902E0,1.680729628E0
2.825447734E1,1.040998936E1,-1.798045516E0,1.465251446E0
2.825651254E1,1.056800652E1,-1.738190413E0,1.242590666E0
2.825858158E1,1.063983250E1,-1.711854219E0,1.132457376E0
2.826061665E1,1.078108978E1,-1.649604917E0,8.978256583E-1
2.826268584E1,1.092234802E1,-1.565807939E0,6.584054828E-1
2.826472111E1,1.097502041E1,-1.517923832E0,5.410895944E-1
2.826679011E1,1.110430717E1,-1.403002143E0,3.136404157E-1
2.826882500E1,1.119289303E1,-1.297657371E0,1.125274822E-1
2.827089400E1,1.127429581E1,-1.189918280E0,-9.337386489E-2
2.827298550E1,1.130781460E1,-1.137245774E0,-1.987187415E-1
2.827494804E1,1.139879417E1,-9.983820915E-1,-3.974374831E-1
2.827694781E1,1.146583176E1,-9.457096457E-1,-6.057330370E-1
2.827901723E1,1.149456215E1,-8.379706144E-1,-6.943184733E-1
2.828105234E1,1.156159973E1,-6.967126727E-1,-8.643068075E-1
2.828312165E1,1.164060879E1,-5.602431893E-1,-1.039083481E0
2.828515719E1,1.168130970E1,-4.884171486E-1,-1.103726983E0
2.828722627E1,1.177229023E1,-3.639186621E-1,-1.259350061E0
2.828926146E1,1.190636539E1,-2.370259613E-1,-1.400607944E0
2.829127996E1,1.198058510E1,-1.651999205E-1,-1.429338455E0
2.829336500E1,1.215057373E1,-3.351882473E-2,-1.491587639E0
2.829532746E1,1.232056236E1,8.619125932E-2,-1.501164436E0
2.829732738E1,1.241154194E1,1.244984865E-1,-1.486799240E0
2.829939631E1,1.263899040E1,2.322375625E-1,-1.419761658E0
2.830143131E1,1.287122822E1,3.040636182E-1,-1.295263171E0
2.830350061E1,1.297417927E1,3.280056417E-1,-1.221042871E0
2.830553596E1,1.317529202E1,3.758896589E-1,-1.036689281E0
2.830760523E1,1.335006905E1,4.118026793E-1,-8.331822157E-1
2.830964015E1,1.342668343E1,4.237737060E-1,-7.206547260E-1
2.831165592E1,1.351287460E1,4.477157295E-1,-4.668693244E-1
2.831367377E1,1.356315231E1,4.692635238E-1,-1.867477298E-1
2.831574284E1,1.352963352E1,4.644751251E-1,-5.027823523E-2
2.831777781E1,1.350090313E1,4.596867263E-1,2.418143749E-1
2.831984658E1,1.340752983E1,4.548983276E-1,5.626373887E-1
2.832188173E1,1.328542519E1,4.118026793E-1,8.930372596E-1
2.832395042E1,1.320402241E1,3.926490843E-1,1.053448796E0
2.832598469E1,1.304121685E1,3.303998411E-1,1.383848548E0
2.832805342E1,1.281616211E1,2.130839527E-1,1.719036818E0
2.833008784E1,1.270123959E1,1.484405100E-1,1.881842494E0
2.833210396E1,1.249294472E1,-4.788403399E-3,2.176329374E0
2.833413504E1,1.229183197E1,-1.891419291E-1,2.461239338E0
2.833620400E1,1.220324612E1,-2.920926213E-1,2.600103140E0
2.833823784E1,1.202846909E1,-5.195417404E-1,2.846705914E0
2.834030646E1,1.185848141E1,-7.326257229E-1,3.066972494E0
2.834234108E1,1.178665543E1,-8.331822157E-1,3.157952070E0
2.834441015E1,1.167652130E1,-1.058237195E0,3.311181068E0
2.834644477E1,1.159751320E1,-1.283292055E0,3.406949043E0
2.834851388E1,1.152089882E1,-1.391031146E0,3.450044632E0
2.835054888E1,1.149216843E1,-1.577778935E0,3.454833031E0
2.835261784E1,1.146583176E1,-1.764526606E0,3.383007050E0
2.835470919E1,1.147780323E1,-1.934514999E0,3.246537447E0
2.835667177E1,1.148738003E1,-2.003946781E0,3.162740469E0
2.835867146E1,1.148977375E1,-2.154781580E0,2.932897091E0
2.836074077E1,1.152089882E1,-2.274491549E0,2.655169725E0
2.836277646E1,1.153765774E1,-2.331952572E0,2.492363930E0
2.836484461E1,1.159033012E1,-2.461239338E0,2.140416384E0
2.836687927E1,1.168370438E1,-2.552218914E0,1.771709204E0
2.836894815E1,1.172201157E1,-2.588132143E0,1.589749932E0
2.837098238E1,1.179144382E1,-2.671929121E0,1.206677675E0
2.837300000E1,1.185608673E1,-2.762908697E0,8.355764151E-1
2.837508584E1,1.190875912E1,-2.808398485E0,6.584054828E-1
2.837704823E1,1.200452709E1,-2.906560898E0,2.992752194E-1
2.837904796E1,1.208832455E1,-2.983175278E0,-5.027823523E-2
2.838111704E1,1.213381386E1,-3.004723072E0,-2.178723514E-1
2.838315169E1,1.222239971E1,-3.062183857E0,-5.554547906E-1
2.838521981E1,1.233013916E1,-3.098097086E0,-9.097966552E-1
2.838725411E1,1.238759995E1,-3.098097086E0,-1.065419793E0
2.838932277E1,1.252167511E1,-3.102885485E0,-1.388636947E0
2.839135700E1,1.265335560E1,-3.100491285E0,-1.709460020E0
2.839342561E1,1.279222012E1,-3.090914488E0,-1.991975784E0
2.839546280E1,1.287601662E1,-3.057395458E0,-2.133233786E0
2.839753177E1,1.307712936E1,-3.066972494E0,-2.403778553E0
2.839956642E1,1.329500198E1,-3.040636063E0,-2.671929121E0
2.840163565E1,1.340274143E1,-3.014299870E0,-2.803610086E0
2.840367061E1,1.358948898E1,-2.975992680E0,-3.083731890E0
2.840573930E1,1.384088039E1,-2.894589901E0,-3.411737442E0
2.840777380E1,1.397974396E1,-2.841917515E0,-3.610456228E0
2.840984311E1,1.424310589E1,-2.703053713E0,-4.029441357E0
2.841187804E1,1.447773743E1,-2.533065319E0,-4.469974518E0
2.841389415E1,1.458308220E1,-2.444479942E0,-4.687847137E0
2.841592584E1,1.479377270E1,-2.238578558E0,-5.125985622E0
2.841799534E1,1.495418358E1,-2.047042370E0,-5.576095581E0
2.842003092E1,1.503558636E1,-1.934514999E0,-5.791574001E0
2.842209981E1,1.514571953E1,-1.683123827E0,-6.212953568E0
2.842413423E1,1.521036339E1,-1.419761658E0,-6.622362137E0
2.842615857E1,1.521036339E1,-1.290474772E0,-6.995857239E0
2.842815830E1,1.519360352E1,-9.959878922E-1,-7.168240070E0
2.843022711E1,1.516008472E1,-7.158663273E-1,-7.501033783E0
2.843226146E1,1.509544182E1,-4.525041282E-1,-7.781155586E0
2.843433019E1,1.503079796E1,-3.088520169E-1,-7.905653954E0
2.843649977E1,1.487756920E1,-4.788403213E-2,-8.106766701E0
2.843841854E1,1.467166805E1,1.699883193E-1,-8.228871346E0
2.844041865E1,1.454956341E1,2.705447972E-1,-8.276755333E0
2.844248804E1,1.423831749E1,4.764461517E-1,-8.331821442E0
2.844452346E1,1.385763931E1,6.703764796E-1,-8.281543732E0
2.844659269E1,1.363737297E1,7.589619160E-1,-8.231265068E0
2.844862754E1,1.309628296E1,9.121908545E-1,-8.109161377E0
2.845069665E1,1.252406883E1,1.046266198E0,-7.936778545E0
2.845273154E1,1.222718811E1,1.108515382E0,-7.843404770E0
2.845474815E1,1.160709000E1,1.194706678E0,-7.611167431E0
2.845683377E1,1.094389629E1,1.264138460E0,-7.388506413E0
2.845879673E1,1.061349583E1,1.285686255E0,-7.278373241E0
2.846079692E1,9.971850395E0,1.300051570E0,-7.026981831E0
2.846286634E1,9.361329079E0,1.240196466E0,-6.749254704E0
2.846490150E1,9.050082207E0,1.201889277E0,-6.605602264E0
2.846697057E1,8.451532364E0,1.101332784E0,-6.303933144E0
2.846900488E1,7.879317760E0,9.504981041E-1,-5.971138954E0
2.847107284E1,7.345410824E0,8.619126081E-1,-5.614402771E0
2.847310677E1,7.110779285E0,6.967126727E-1,-5.420472622E0
2.847512027E1,6.643909931E0,4.884171486E-1,-5.035006046E0
2.847712111E1,6.227318764E0,3.878606856E-1,-4.604049683E0
2.847918973E1,6.045359135E0,1.915361285E-1,-4.369418144E0
2.848122407E1,5.734113216E0,-9.576806799E-3,-3.869029999E0
2.848329304E1,5.461174011E0,-2.059013397E-1,-3.363853455E0
2.848532734E1,5.343858242E0,-3.160346150E-1,-3.100491285E0
2.848739627E1,5.164293289E0,-5.506663918E-1,-2.566584110E0
2.848943092E1,5.030217648E0,-7.445967197E-1,-2.042253971E0
2.849149992E1,4.999093056E0,-8.307880163E-1,-1.788468719E0
2.849353450E1,4.955997467E0,-1.005564690E0,-1.300051570E0
2.849555015E1,4.963180065E0,-1.192312479E0,-8.355764151E-1
2.849758096E1,4.967968464E0,-1.261744261E0,-6.344634295E-1
2.849964961E1,4.987122059E0,-1.398213744E0,-2.370259613E-1
2.850168404E1,5.063736439E0,-1.513135433E0,1.005564705E-1
2.850375257E1,5.118803024E0,-1.572990537E0,2.585737705E-1
2.850578692E1,5.231330872E0,-1.680729628E0,5.506663918E-1
2.850785569E1,5.413290024E0,-1.757344007E0,8.164227605E-1
2.850988992E1,5.616796970E0,-1.790862918E0,1.034295082E0
2.851195792E1,5.741295815E0,-1.862688899E0,1.134851575E0
2.851399246E1,5.999869347E0,-1.915361404E0,1.321599364E0
2.851606084E1,6.296750546E0,-1.951274395E0,1.474828243E0
2.851815154E1,6.440402508E0,-1.963245392E0,1.546654344E0
2.852011311E1,6.718130112E0,-1.970427990E0,1.663970232E0
2.852211230E1,7.022193432E0,-1.958456993E0,1.711854219E0
2.852418054E1,7.180211067E0,-1.939303398E0,1.719036818E0
2.852621481E1,7.501033783E0,-1.881842494E0,1.704671621E0
2.852828338E1,7.817068577E0,-1.824381709E0,1.649604917E0
2.853031773E1,7.979874134E0,-1.774103403E0,1.611297727E0
2.853238634E1,8.310274124E0,-1.656787634E0,1.498770237E0
2.853442134E1,8.647856712E0,-1.534683347E0,1.312022567E0
2.853643834E1,8.808267593E0,-1.462857246E0,1.201889277E0
2.853852557E1,9.143456459E0,-1.309628367E0,9.481038451E-1
2.854048773E1,9.481039047E0,-1.122880578E0,7.015010715E-1
2.854248807E1,9.634267807E0,-1.031900883E0,5.722141862E-1
2.854455723E1,9.938331604E0,-8.643068075E-1,3.136404157E-1
2.854659219E1,1.021366405E1,-6.775590777E-1,7.182604820E-2
2.854866142E1,1.035013390E1,-5.770025849E-1,-5.267243832E-2
2.855069677E1,1.056800652E1,-3.926490843E-1,-2.849099934E-1
2.855276554E1,1.080742645E1,-1.867477298E-1,-5.075707436E-1
2.855480061E1,1.100135708E1,7.182605099E-3,-7.422025204E-1
2.855686957E1,1.109951878E1,1.029506698E-1,-8.547300100E-1
2.855890719E1,1.124795914E1,2.896983922E-1,-1.079784989E0
2.856097673E1,1.140597725E1,4.596867263E-1,-1.333570361E0
2.856301242E1,1.147540855E1,5.458779931E-1,-1.458068848E0
2.856508200E1,1.159990692E1,6.943184733E-1,-1.697489023E0
2.856711711E1,1.168130970E1,8.403648138E-1,-1.944091797E0
2.856918731E1,1.171722317E1,9.169792533E-1,-2.063801765E0
2.857122227E1,1.176750088E1,1.060631394E0,-2.288856745E0
2.857329150E1,1.179862595E1,1.175553083E0,-2.497152328E0
2.857532638E1,1.181538582E1,1.225831270E0,-2.595314741E0
2.857734177E1,1.185848141E1,1.312022567E0,-2.791639090E0
2.857937296E1,1.188242340E1,1.391031146E0,-2.983175278E0
2.858144204E1,1.187045193E1,1.431732655E0,-3.069366693E0
2.858347684E1,1.184172153E1,1.462857246E0,-3.229778051E0
2.858554592E1,1.180580902E1,1.462857246E0,-3.373430252E0
2.858758065E1,1.175313568E1,1.453280449E0,-3.485957623E0
2.858964938E1,1.173158836E1,1.434126854E0,-3.541024208E0
2.859168419E1,1.166694450E1,1.386242747E0,-3.603273630E0
2.859375323E1,1.154962921E1,1.319205165E0,-3.624821424E0
2.859578823E1,1.146343803E1,1.285686255E0,-3.624821424E0
2.859785796E1,1.127190113E1,1.206677675E0,-3.593696833E0
2.859994977E1,1.100375080E1,1.144428372E0,-3.550601006E0
2.860191269E1,1.086967564E1,1.113303781E0,-3.517082214E0
2.860391327E1,1.056800652E1,1.055842996E0,-3.423708439E0
2.860598288E1,1.024718285E1,9.935936928E-1,-3.325546265E0
2.860801769E1,1.006761837E1,9.576807022E-1,-3.260902643E0
2.861008684E1,9.718064308E0,8.667010069E-1,-3.129221678E0
2.861212130E1,9.370905876E0,7.876923680E-1,-2.975992680E0
2.861419050E1,9.198522568E0,7.350199223E-1,-2.882618904E0
2.861622527E1,8.856152534E0,6.320692301E-1,-2.710236311E0
2.861824230E1,8.547300339E0,5.291185975E-1,-2.537853718E0
2.862032811E1,8.236053467E0,4.309563041E-1,-2.329558372E0
2.862228230E1,8.085219383E0,3.758896589E-1,-2.236184359E0
2.862428250E1,7.819462776E0,2.729389966E-1,-2.025494576E0
2.862635150E1,7.575253963E0,2.154781520E-1,-1.805228114E0
2.862838600E1,7.462726593E0,8.140286058E-2,-1.690306425E0
2.863045507E1,7.266402245E0,-4.070143029E-2,-1.472434044E0
2.863249000E1,7.086836815E0,-2.082955539E-1,-1.237802267E0
2.863455907E1,7.019799232E0,-3.088520169E-1,-1.115697980E0
2.863659350E1,6.873753071E0,-4.812345505E-1,-8.834604025E-1
2.863860804E1,6.789956093E0,-6.871358752E-1,-6.392518282E-1
2.864060961E1,6.751648903E0,-7.948749661E-1,-5.243301988E-1
2.864267788E1,6.684611320E0,-9.888052940E-1,-2.825157940E-1
2.864471250E1,6.629544735E0,-1.156399369E0,-5.027823523E-2
2.864678127E1,6.617573261E0,-1.242590666E0,7.422025502E-2
2.864881642E1,6.581660271E0,-1.400607944E0,3.088520169E-1
2.865088580E1,6.576871872E0,-1.551442742E0,5.171475410E-1
2.865292061E1,6.581660271E0,-1.625662923E0,6.224924326E-1
2.865499004E1,6.624756336E0,-1.776497602E0,8.068459630E-1
2.865702469E1,6.670246124E0,-1.910573006E0,9.792284966E-1
2.865904384E1,6.698976517E0,-1.975216389E0,1.051054597E0
2.866107546E1,6.768408298E0,-2.111685991E0,1.213860273E0
2.866314480E1,6.856993675E0,-2.255337954E0,1.338358760E0
2.866517961E1,6.964732647E0,-2.331952572E0,1.429338455E0
2.866724854E1,7.029376030E0,-2.466027737E0,1.467645645E0
2.866928334E1,7.175422668E0,-2.557007313E0,1.544260144E0
2.867130754E1,7.314286232E0,-2.662352324E0,1.580173135E0
2.867330754E1,7.395689011E0,-2.712630510E0,1.587355733E0
2.867537669E1,7.572859764E0,-2.798821688E0,1.570596337E0
2.867741138E1,7.733271599E0,-2.877830505E0,1.520318031E0
2.867948007E1,7.819462776E0,-2.911349297E0,1.491587639E0
2.868165015E1,8.025363922E0,-2.954444885E0,1.405396342E0
2.868356857E1,8.207323074E0,-3.004723072E0,1.302445769E0
2.868556834E1,8.310274124E0,-3.021482468E0,1.242590666E0
2.868763696E1,8.492233276E0,-3.064578056E0,1.091755986E0
2.868967161E1,8.650250435E0,-3.086126089E0,9.481038451E-1
2.869174027E1,8.729259491E0,-3.066972494E0,8.714894056E-1
2.869377550E1,8.884882927E0,-3.057395458E0,7.110779285E-1
2.869584434E1,9.030928612E0,-3.057395458E0,5.339069963E-1
2.869787900E1,9.100360870E0,-3.038241863E0,4.501099288E-1
2.869990442E1,9.229647636E0,-2.987963676E0,3.256114423E-1
2.870199019E1,9.370905876E0,-2.923320293E0,1.987187415E-1
2.870395304E1,9.430760384E0,-2.896984100E0,1.412578970E-1
2.870595311E1,9.555258751E0,-2.829946518E0,3.830722719E-2
2.870802361E1,9.665391922E0,-2.731784105E0,-7.422025502E-2
2.871005815E1,9.768342972E0,-2.671929121E0,-1.197100878E-1
2.871212777E1,9.821015358E0,-2.545036316E0,-2.202665508E-1
2.871416280E1,9.900024414E0,-2.420537949E0,-3.112462163E-1
2.871623180E1,9.964667320E0,-2.255337954E0,-3.854664862E-1
2.871826684E1,9.995792389E0,-2.173935175E0,-4.141969085E-1
2.872033584E1,1.003409958E1,-1.994369984E0,-4.908113480E-1
2.872237354E1,1.001494598E1,-1.795651317E0,-5.386953950E-1
2.872444215E1,9.993397713E0,-1.697489023E0,-5.602431893E-1
2.872647684E1,9.938331604E0,-1.498770237E0,-5.746083856E-1
2.872854592E1,9.885659218E0,-1.319205165E0,-5.746083856E-1
2.873058046E1,9.859322548E0,-1.225831270E0,-5.817909837E-1
2.873264904E1,9.785101891E0,-1.027112484E0,-5.841852427E-1
2.873468354E1,9.708487511E0,-8.571242094E-1,-5.746083856E-1
2.873675227E1,9.622296333E0,-7.757213712E-1,-5.626373887E-1
2.873878700E1,9.581595421E0,-6.224924326E-1,-5.506663918E-1
2.874081138E1,9.507374763E0,-4.716577232E-1,-5.363011956E-1
2.874284223E1,9.459490776E0,-3.974374831E-1,-5.267243981E-1
2.874491084E1,9.421183586E0,-2.681505978E-1,-5.195417404E-1
2.874694554E1,9.361329079E0,-1.699883193E-1,-5.195417404E-1
2.874901442E1,9.301473618E0,-6.224924326E-2,-5.003881454E-1
2.875104961E1,9.282320023E0,-1.915361360E-2,-4.979939461E-1
2.875311850E1,9.239224434E0,5.506663769E-2,-4.955997467E-1
2.875515304E1,9.196128845E0,1.221042871E-1,-4.908113480E-1
2.875722157E1,9.184157372E0,1.556231081E-1,-4.836287498E-1
2.875925657E1,9.131484985E0,2.178723514E-1,-4.692635238E-1
2.876132492E1,9.081207275E0,2.322375625E-1,-4.501099288E-1
2.876341626E1,9.059659004E0,2.274491638E-1,-4.453215301E-1
2.876537857E1,9.016563416E0,2.585737705E-1,-4.165911078E-1
2.876737765E1,8.954314232E0,2.705447972E-1,-3.878606856E-1
2.876944580E1,8.942343712E0,2.657563984E-1,-3.734954596E-1
2.877148038E1,8.896853447E0,2.513911724E-1,-3.399766386E-1
2.877354896E1,8.856152534E0,2.130839527E-1,-2.777273953E-1
2.877558373E1,8.832210541E0,1.915361285E-1,-2.394201756E-1
2.877765234E1,8.820239067E0,1.580173075E-1,-1.699883193E-1
2.877968719E1,8.817844391E0,1.149216816E-1,-1.101332754E-1
2.878171850E1,8.825027466E0,5.746084079E-2,-2.394201607E-2
2.878380296E1,8.832210541E0,1.915361360E-2,2.154781483E-2
2.878576430E1,8.846575737E0,-3.112462163E-2,8.619125932E-2
2.878776323E1,8.856152534E0,-1.101332754E-1,1.268926859E-1
2.878983165E1,8.865729332E0,-1.436520964E-1,1.508347094E-1
2.879186600E1,8.884882927E0,-2.418143749E-1,2.082955539E-1
2.879393423E1,8.932766914E0,-3.351882398E-1,2.537853718E-1
2.879596815E1,8.930372238E0,-3.806780577E-1,2.753331959E-1
2.879803657E1,8.947132111E0,-4.764461517E-1,3.136404157E-1
2.880007096E1,8.971074104E0,-5.698199868E-1,3.591302633E-1
2.880210023E1,8.985439301E0,-6.248866320E-1,3.782838583E-1
2.880410073E1,9.023746490E0,-7.326257229E-1,4.141969085E-1
2.880616907E1,9.040505409E0,-8.379706144E-1,4.501099288E-1
2.880820353E1,9.050082207E0,-8.834604025E-1,4.788403511E-1
2.881027203E1,9.078812599E0,-9.768342972E-1,5.243301988E-1
2.881230634E1,9.097966194E0,-1.067813993E0,5.530605912E-1
2.881437484E1,9.102754593E0,-1.115697980E0,5.770025849E-1
2.881640903E1,9.129091263E0,-1.206677675E0,6.081272364E-1
2.881847769E1,9.160215378E0,-1.295263171E0,6.392518282E-1
2.882051184E1,9.176975250E0,-1.376665950E0,6.607996821E-1
2.882251153E1,9.179368973E0,-1.417367458E0,6.847416759E-1
2.882454253E1,9.212887764E0,-1.522712231E0,7.230489254E-1
2.882661115E1,9.239224434E0,-1.616086125E0,7.589619160E-1
2.882864546E1,9.244012833E0,-1.661576033E0,7.781155705E-1
2.883071423E1,9.265560150E0,-1.719036818E0,7.996633649E-1
2.883274865E1,9.287108421E0,-1.788468719E0,8.236053586E-1
2.883481719E1,9.301473618E0,-1.821987510E0,8.403648138E-1
2.883685169E1,9.337387085E0,-1.884236693E0,8.762778044E-1
2.883892019E1,9.363722801E0,-1.934514999E0,9.193734527E-1
2.884095461E1,9.373299599E0,-1.958456993E0,9.337386489E-1
2.884295734E1,9.385271072E0,-1.991975784E0,9.528923035E-1
2.884504857E1,9.394847870E0,-2.011129379E0,9.792284966E-1
2.884700088E1,9.411606789E0,-2.025494576E0,9.888052940E-1
2.884900007E1,9.437943459E0,-2.042253971E0,1.017535686E0
2.885106861E1,9.425971985E0,-2.042253971E0,1.058237195E0
2.885310284E1,9.437943459E0,-2.047042370E0,1.077390790E0
2.885517134E1,9.454702377E0,-2.049436569E0,1.120486379E0
2.885720561E1,9.430760384E0,-2.070984364E0,1.168370485E0
2.885927411E1,9.425971985E0,-2.063801765E0,1.201889277E0
2.886130807E1,9.416395187E0,-2.047042370E0,1.252167463E0
2.886333992E1,9.414001465E0,-2.042253971E0,1.316810966E0
2.886542550E1,9.387664795E0,-2.006340981E0,1.362300754E0
2.886738769E1,9.380482674E0,-1.975216389E0,1.383848548E0
2.886938746E1,9.354146004E0,-1.908178806E0,1.431732655E0
2.887145634E1,9.320627213E0,-1.893813491E0,1.450886250E0
2.887349153E1,9.301473618E0,-1.824381709E0,1.467645645E0
2.887556073E1,9.253589630E0,-1.742978811E0,1.465251446E0
2.887759584E1,9.220070839E0,-1.659181833E0,1.470039845E0
2.887966503E1,9.208099365E0,-1.611297727E0,1.470039845E0
2.888169969E1,9.148244858E0,-1.517923832E0,1.460463047E0
2.888370384E1,9.083600998E0,-1.424550056E0,1.477222443E0
2.888570876E1,9.054870605E0,-1.383848548E0,1.482010841E0
2.888777865E1,8.978256226E0,-1.268926859E0,1.486799240E0
2.888981415E1,8.882488251E0,-1.168370485E0,1.515529633E0
2.889188357E1,8.846575737E0,-1.113303781E0,1.537077546E0
2.889391888E1,8.803479195E0,-1.031900883E0,1.582567334E0
2.889598815E1,8.738836288E0,-9.648633003E-1,1.594538331E0
2.889802319E1,8.714894295E0,-9.265560508E-1,1.608903527E0
2.890009250E1,8.659827232E0,-8.523358107E-1,1.637633920E0
2.890212850E1,8.616731644E0,-7.996633649E-1,1.642422318E0
2.890416042E1,8.585607529E0,-7.709329724E-1,1.651999116E0
2.890619123E1,8.564059258E0,-7.086837292E-1,1.666364431E0
2.890826007E1,8.571242332E0,-6.488286853E-1,1.663970232E0
2.891029523E1,8.585607529E0,-6.344634295E-1,1.651999116E0
2.891236415E1,8.599972725E0,-6.272808313E-1,1.654393315E0
2.891439861E1,8.623914719E0,-6.320692301E-1,1.649604917E0
2.891642392E1,8.662221909E0,-6.296750307E-1,1.632845521E0
2.891842377E1,8.686163902E0,-6.464344859E-1,1.608903527E0
2.892049238E1,8.772355080E0,-6.847416759E-1,1.553836942E0
2.892252723E1,8.880094528E0,-7.110779285E-1,1.520318031E0
2.892453103E1,8.932766914E0,-7.517793179E-1,1.503558636E0
2.892670127E1,9.078812599E0,-8.283938169E-1,1.491587639E0
2.892858380E1,9.229647636E0,-9.145850539E-1,1.472434044E0
2.893058353E1,9.325415611E0,-9.457096457E-1,1.448492050E0
2.893265230E1,9.512163162E0,-1.034295082E0,1.393425345E0
2.893468734E1,9.742006302E0,-1.113303781E0,1.343147159E0
2.893675603E1,9.840168953E0,-1.165976286E0,1.319205165E0
2.893879050E1,1.004128170E1,-1.256955862E0,1.271321058E0
2.894085900E1,1.027830791E1,-1.352723956E0,1.216254473E0
2.894289346E1,1.039083576E1,-1.405396342E0,1.192312479E0
2.894491142E1,1.063264942E1,-1.467645645E0,1.137245774E0
2.894699611E1,1.088164711E1,-1.549048543E0,1.086967587E0
2.894895780E1,1.099417400E1,-1.572990537E0,1.053448796E0
2.895095742E1,1.120007515E1,-1.618480325E0,1.017535686E0
2.895302630E1,1.136048698E1,-1.644816518E0,9.816226959E-1
2.895506088E1,1.142034245E1,-1.651999116E0,9.504981041E-1
2.895712957E1,1.152089882E1,-1.637633920E0,8.906430602E-1
2.895916419E1,1.154484081E1,-1.561019540E0,8.140285611E-1
2.896123296E1,1.155441761E1,-1.513135433E0,7.015010715E-1
2.896326776E1,1.154962921E1,-1.393425345E0,6.368576288E-1
2.896528923E1,1.150892735E1,-1.242590666E0,4.932055473E-1
2.896729061E1,1.147540855E1,-1.180341482E0,3.567360640E-1
2.896935938E1,1.146104336E1,-1.024718285E0,2.992752194E-1
2.897139365E1,1.145146656E1,-8.667010069E-1,2.082955539E-1
2.897346296E1,1.142273617E1,-7.038952708E-1,1.436520964E-1
2.897549769E1,1.139640045E1,-6.416460276E-1,1.292868853E-1
2.897756623E1,1.134851646E1,-4.955997467E-1,1.292868853E-1
2.897960111E1,1.129584408E1,-3.327940404E-1,1.508347094E-1
2.898167011E1,1.127190113E1,-2.489969730E-1,1.532289088E-1
2.898370480E1,1.124077702E1,-1.125274822E-1,1.628057212E-1
2.898572830E1,1.120246983E1,3.830722719E-2,1.412578970E-1
2.898775965E1,1.119049835E1,1.149216816E-1,1.197100878E-1
2.898982815E1,1.116895103E1,2.633621991E-1,3.351882473E-2
2.899186219E1,1.114500904E1,4.094084799E-1,-8.858546615E-2
2.899393138E1,1.112585545E1,4.860229492E-1,-1.532289088E-1
2.899596592E1,1.108036518E1,6.153098345E-1,-2.873041928E-1
2.899803442E1,1.102290440E1,7.182605267E-1,-4.381389022E-1
2.900006919E1,1.095347309E1,7.661445141E-1,-6.009446383E-1
2.900213803E1,1.092234802E1,8.307880163E-1,-6.751648784E-1
2.900417250E1,1.086967564E1,8.619126081E-1,-8.283938169E-1
2.900624115E1,1.082418633E1,8.427590132E-1,-9.457096457E-1
2.900833265E1,1.082418633E1,8.379706144E-1,-9.983820915E-1
2.901029480E1,1.084094524E1,7.996633649E-1,-1.086967587E0
2.901229450E1,1.088404083E1,7.350199223E-1,-1.144428372E0
2.901436334E1,1.092713642E1,7.038952708E-1,-1.170764685E0
2.901639830E1,1.103248119E1,6.200982332E-1,-1.218648672E0
2.901846738E1,1.118570995E1,5.386953950E-1,-1.283292055E0
2.902050215E1,1.128147888E1,5.003881454E-1,-1.307234168E0
2.902257084E1,1.149695683E1,4.261679053E-1,-1.388636947E0
2.902460538E1,1.175074196E1,3.232172430E-1,-1.491587639E0
2.902662100E1,1.187045193E1,2.705447972E-1,-1.563413739E0
2.902872484E1,1.210508347E1,1.651999205E-1,-1.716642618E0
2.903067792E1,1.233971596E1,5.746084079E-2,-1.896207690E0
2.903267784E1,1.245463753E1,1.197100803E-2,-2.008735180E0
2.903474661E1,1.265814400E1,-7.422025502E-2,-2.226607561E0
2.903678107E1,1.286404610E1,-1.747767180E-1,-2.463633537E0
2.903885007E1,1.304121685E1,-2.178723514E-1,-2.590526342E0
2.904088457E1,1.311543655E1,-2.896983922E-1,-2.849100113E0
2.904295323E1,1.326387787E1,-3.878606856E-1,-3.078943491E0
2.904498723E1,1.342907715E1,-4.620809257E-1,-3.275267839E0
2.904705573E1,1.350808620E1,-4.884171486E-1,-3.361459255E0
2.904909269E1,1.362300777E1,-5.793967843E-1,-3.519476414E0
2.905116142E1,1.374990082E1,-6.703764796E-1,-3.624821424E0
2.905319634E1,1.380257320E1,-7.086837292E-1,-3.663128614E0
2.905526530E1,1.390312958E1,-7.876923680E-1,-3.706224203E0
2.905730015E1,1.397495556E1,-8.762778044E-1,-3.732560396E0
2.905936903E1,1.399410915E1,-9.193734527E-1,-3.732560396E0
2.906140430E1,1.400368595E1,-1.019929886E0,-3.708618402E0
2.906347361E1,1.399650288E1,-1.132457376E0,-3.672705412E0
2.906550903E1,1.397495556E1,-1.189918280E0,-3.641580820E0
2.906752780E1,1.387679291E1,-1.323993564E0,-3.564966440E0
2.906955930E1,1.374511242E1,-1.462857246E0,-3.481169224E0
2.907162826E1,1.354399872E1,-1.510741234E0,-3.392583847E0
2.907366330E1,1.343147182E1,-1.625662923E0,-3.342305660E0
2.907573234E1,1.318726254E1,-1.728613615E0,-3.260902643E0
2.907776753E1,1.296220779E1,-1.838746905E0,-3.189076662E0
2.907983688E1,1.284489250E1,-1.881842494E0,-3.162740469E0
2.908187165E1,1.267969227E1,-1.965639591E0,-3.136404276E0
2.908394096E1,1.252646351E1,-2.020706177E0,-3.110068083E0
2.908597557E1,1.247857952E1,-2.044648170E0,-3.110068083E0
2.908804434E1,1.240196514E1,-2.082955360E0,-3.100491285E0
2.909013661E1,1.239478207E1,-2.111685991E0,-3.126827478E0
2.909209919E1,1.238520527E1,-2.111685991E0,-3.145981073E0
2.909409857E1,1.237802315E1,-2.102109194E0,-3.165134668E0
2.909616746E1,1.237802315E1,-2.073378563E0,-3.186682463E0
2.909820250E1,1.237802315E1,-2.056619167E0,-3.198653460E0
2.910027153E1,1.234929276E1,-1.982398987E0,-3.220201254E0
2.910230626E1,1.227986050E1,-1.881842494E0,-3.258508444E0
2.910437530E1,1.215296745E1,-1.814804912E0,-3.287238836E0
2.910641003E1,1.209071827E1,-1.673547029E0,-3.330334663E0
2.910842915E1,1.185848141E1,-1.496376038E0,-3.373430252E0
2.911051511E1,1.158793640E1,-1.328781962E0,-3.414131641E0
2.911247707E1,1.143470764E1,-1.228225470E0,-3.440467834E0
2.911447688E1,1.108036518E1,-1.029506683E0,-3.471592426E0
2.911654576E1,1.070926380E1,-9.313444495E-1,-3.478775024E0
2.911858061E1,1.052491093E1,-7.278373241E-1,-3.466804028E0
2.912064984E1,1.013226128E1,-5.027823448E-1,-3.440467834E0
2.912268492E1,9.708487511E0,-2.777273953E-1,-3.392583847E0
2.912475400E1,9.507374763E0,-1.867477298E-1,-3.351882458E0
2.912678884E1,9.131484985E0,9.576806799E-3,-3.246537447E0
2.912880373E1,8.738836288E0,1.867477298E-1,-3.136404276E0
2.913080546E1,8.556877136E0,2.801215947E-1,-3.064578056E0
2.913287472E1,8.214506149E0,4.572925270E-1,-2.894589901E0
2.913490938E1,7.910442352E0,6.224924326E-1,-2.688688517E0
2.913697830E1,7.785943985E0,7.015010715E-1,-2.578555346E0
2.913901303E1,7.536946774E0,8.427590132E-1,-2.331952572E0
2.914108150E1,7.323863029E0,9.864110947E-1,-2.078166962E0
2.914311580E1,7.228095055E0,1.046266198E0,-1.936909199E0
2.914518453E1,7.070077419E0,1.156399369E0,-1.640028119E0
2.914721896E1,6.962338448E0,1.242590666E0,-1.340752959E0
2.914923488E1,6.919242859E0,1.283292055E0,-1.185129881E0
2.915126607E1,6.868964672E0,1.338358760E0,-9.002198577E-1
2.915333538E1,6.878541470E0,1.371877551E0,-6.464344859E-1
2.915537030E1,6.916848660E0,1.386242747E0,-3.878606856E-1
2.915743907E1,6.967126846E0,1.405396342E0,-2.705447972E-1
2.915947376E1,7.058106422E0,1.407790542E0,-8.619125932E-2
2.916149846E1,7.182605267E0,1.376665950E0,7.182604820E-2
2.916349826E1,7.254431248E0,1.350329757E0,1.412578970E-1
2.916556753E1,7.412448406E0,1.302445769E0,2.513911724E-1
2.916760257E1,7.587224960E0,1.233013868E0,3.016694188E-1
2.916967188E1,7.687781811E0,1.209071875E0,3.232172430E-1
2.917184223E1,7.898471355E0,1.115697980E0,3.399766386E-1
2.917376088E1,8.113949776E0,1.017535686E0,3.064578176E-1
2.917576080E1,8.231265068E0,9.648633003E-1,2.825157940E-1
2.917783011E1,8.470685959E0,8.595184088E-1,1.963245422E-1
2.917986511E1,8.719682693E0,7.422025204E-1,8.619125932E-2
2.918193396E1,8.851364136E0,6.775590777E-1,2.154781483E-2
2.918396880E1,9.069235802E0,5.315127969E-1,-1.173158810E-1
2.918603742E1,9.334992409E0,3.878606856E-1,-2.849099934E-1
2.918807200E1,9.466673851E0,3.136404157E-1,-3.734954596E-1
2.919008900E1,9.713275909E0,1.628057212E-1,-5.554547906E-1
2.919217569E1,9.959878922E0,7.182605099E-3,-7.350199223E-1
2.919412999E1,1.007958889E1,-9.097966552E-2,-8.236053586E-1
2.919612969E1,1.028549004E1,-2.968810201E-1,-9.935936928E-1
2.919819861E1,1.046505547E1,-4.812345505E-1,-1.134851575E0
2.920023311E1,1.063025570E1,-5.841852427E-1,-1.189918280E0
2.920230157E1,1.070687008E1,-8.068459630E-1,-1.302445769E0
2.920433607E1,1.081939793E1,-1.024718285E0,-1.391031146E0
2.920640473E1,1.092474270E1,-1.230619669E0,-1.453280449E0
2.920843926E1,1.095826149E1,-1.333570361E0,-1.474828243E0
2.921050792E1,1.099178028E1,-1.532289028E0,-1.517923832E0
2.921254376E1,1.101093388E1,-1.750161409E0,-1.541865945E0
2.921461253E1,1.101572227E1,-1.850717902E0,-1.546654344E0
2.921664715E1,1.099417400E1,-2.049436569E0,-1.539471745E0
2.921871622E1,1.095347309E1,-2.238578558E0,-1.544260144E0
2.922075046E1,1.092474270E1,-2.312798738E0,-1.541865945E0
2.922281911E1,1.086488724E1,-2.475604534E0,-1.520318031E0
2.922485338E1,1.078348446E1,-2.638410330E0,-1.493981838E0
2.922692184E1,1.070687008E1,-2.707842112E0,-1.486799240E0
2.922895653E1,1.066616821E1,-2.875436306E0,-1.472434044E0
2.923098192E1,1.059194851E1,-3.002328873E0,-1.458068848E0
2.923301361E1,1.050336266E1,-3.066972494E0,-1.441309452E0
2.923508249E1,1.045787334E1,-3.167528868E0,-1.434126854E0
2.923711711E1,1.035971069E1,-3.270479441E0,-1.431732655E0
2.923918580E1,1.025675964E1,-3.347094059E0,-1.431732655E0
2.924122049E1,1.022084713E1,-3.366247654E0,-1.422155857E0
2.924328922E1,1.014183807E1,-3.404554844E0,-1.407790542E0
2.924532349E1,1.003170490E1,-3.409343243E0,-1.381454349E0
2.924739184E1,9.969455719E0,-3.418920040E0,-1.364694953E0
2.924942615E1,9.868899345E0,-3.385401249E0,-1.326387763E0
2.925149503E1,9.785101891E0,-3.347094059E0,-1.271321058E0
2.925358684E1,9.742006302E0,-3.313575268E0,-1.237802267E0
2.925554892E1,9.670180321E0,-3.246537447E0,-1.170764685E0
2.925754842E1,9.595960617E0,-3.112462282E0,-1.122880578E0
2.925961696E1,9.557653427E0,-3.033453465E0,-1.091755986E0
2.926165165E1,9.485827446E0,-2.873042107E0,-1.034295082E0
2.926372122E1,9.423578262E0,-2.698265314E0,-9.840168953E-1
2.926575622E1,9.342175484E0,-2.590526342E0,-9.409212470E-1
2.926782553E1,9.296685219E0,-2.367865562E0,-9.121908545E-1
2.926986038E1,9.215282440E0,-2.138022184E0,-8.619126081E-1
2.927186003E1,9.133879662E0,-1.900996208E0,-8.068459630E-1
2.927394742E1,9.085995674E0,-1.776497602E0,-7.805097699E-1
2.927589984E1,8.983044624E0,-1.527500629E0,-7.326257229E-1
2.927789988E1,8.882488251E0,-1.403002143E0,-6.847416759E-1
2.927996853E1,8.836998940E0,-1.137245774E0,-6.584054828E-1
2.928200272E1,8.765172005E0,-8.595184088E-1,-6.248866320E-1
2.928407134E1,8.719682693E0,-5.985504389E-1,-5.698199868E-1
2.928610646E1,8.698134422E0,-4.884171486E-1,-5.363011956E-1
2.928817561E1,8.662221909E0,-2.394201756E-1,-4.932055473E-1
2.929021030E1,8.633491516E0,-3.112462163E-2,-4.261679053E-1
2.929223130E1,8.643068314E0,7.900865376E-2,-4.046200812E-1
2.929423246E1,8.640673637E0,3.136404157E-1,-3.615244627E-1
2.929630173E1,8.655038834E0,5.339069963E-1,-3.327940404E-1
2.929833634E1,8.667010307E0,6.368576288E-1,-3.208230138E-1
2.930040592E1,8.676587105E0,8.116343617E-1,-2.992752194E-1
2.930244057E1,8.707711220E0,9.864110947E-1,-2.944868207E-1
2.930450903E1,8.736441612E0,1.063025594E0,-2.944868207E-1
2.930654315E1,8.765172005E0,1.216254473E0,-3.112462163E-1
2.930861161E1,8.772355080E0,1.367089152E0,-3.232172430E-1
2.931064603E1,8.825027466E0,1.426944256E0,-3.447650373E-1
2.931266784E1,8.841787338E0,1.525106430E0,-3.758896589E-1
2.931469938E1,8.868123055E0,1.623268723E0,-4.237737060E-1
2.931676849E1,8.908824921E0,1.711854219E0,-4.692635238E-1
2.931880346E1,8.937555313E0,1.745373011E0,-4.908113480E-1
2.932087249E1,9.002198219E0,1.778891921E0,-5.410895944E-1
2.932290742E1,9.050082207E0,1.817199111E0,-5.889736414E-1
2.932497638E1,9.076418877E0,1.812410712E0,-6.153098345E-1
2.932701096E1,9.121908188E0,1.800439715E0,-6.823474765E-1
2.932907961E1,9.210494041E0,1.764526606E0,-7.565677166E-1
2.933111465E1,9.246406555E0,1.738190413E0,-7.948749661E-1
2.933318334E1,9.296685219E0,1.666364431E0,-8.762778044E-1
2.933527472E1,9.373299599E0,1.601720929E0,-9.457096457E-1
2.933723703E1,9.404424667E0,1.556231141E0,-9.744400978E-1
2.933923692E1,9.452308655E0,1.431732655E0,-1.027112484E0
2.934130572E1,9.504981041E0,1.285686255E0,-1.084573388E0
2.934334011E1,9.538499832E0,1.228225470E0,-1.106121182E0
2.934540884E1,9.564835548E0,1.094150186E0,-1.134851575E0
2.934744326E1,9.593565941E0,9.145850539E-1,-1.149216771E0
2.934951222E1,9.610325813E0,7.398083210E-1,-1.158793569E0
2.935154657E1,9.610325813E0,6.584054828E-1,-1.156399369E0
2.935357726E1,9.598354340E0,4.955997467E-1,-1.139639974E0
2.935566265E1,9.600749016E0,3.351882398E-1,-1.086967587E0
2.935762472E1,9.603142738E0,2.585737705E-1,-1.055842996E0
2.935962442E1,9.564835548E0,9.097966552E-2,-9.935936928E-1
2.936169296E1,9.516951561E0,-8.379705995E-2,-9.169792533E-1
2.936372749E1,9.483432770E0,-1.675941199E-1,-8.762778044E-1
2.936579646E1,9.437943459E0,-3.303998411E-1,-7.996633649E-1
2.936783065E1,9.404424667E0,-4.836287498E-1,-7.374141216E-1
2.936990023E1,9.382876396E0,-5.602431893E-1,-6.943184733E-1
2.937193526E1,9.339780807E0,-7.326257229E-1,-6.129156351E-1
2.937393792E1,9.306262016E0,-8.762778044E-1,-5.339069963E-1
2.937594123E1,9.282320023E0,-9.481038451E-1,-5.195417404E-1
2.937801103E1,9.236829758E0,-1.086967587E0,-4.572925270E-1
2.938004576E1,9.188945770E0,-1.225831270E0,-3.926490843E-1
2.938211503E1,9.167398453E0,-1.295263171E0,-3.663128614E-1
2.938414992E1,9.133879662E0,-1.412579060E0,-3.280056417E-1
2.938621907E1,9.143456459E0,-1.517923832E0,-3.016694188E-1
2.938825399E1,9.138668060E0,-1.565807939E0,-3.016694188E-1
2.939032303E1,9.136273384E0,-1.647210717E0,-2.944868207E-1
2.939235757E1,9.136273384E0,-1.728613615E0,-3.040636182E-1
2.939438084E1,9.138668060E0,-1.769315004E0,-3.016694188E-1
2.939641161E1,9.141061783E0,-1.829170108E0,-2.992752194E-1
2.939848061E1,9.167398453E0,-1.855506301E0,-3.064578176E-1
2.940051534E1,9.176975250E0,-1.862688899E0,-3.208230138E-1
2.940258415E1,9.188945770E0,-1.879448295E0,-3.471592367E-1
2.940461853E1,9.205705643E0,-1.886630893E0,-3.615244627E-1
2.940664380E1,9.208099365E0,-1.879448295E0,-3.734954596E-1
2.940864338E1,9.222464561E0,-1.872265697E0,-3.854664862E-1
2.941071211E1,9.267954826E0,-1.860294700E0,-3.902548850E-1
2.941274626E1,9.301473618E0,-1.833958507E0,-4.189853072E-1
2.941481522E1,9.318233490E0,-1.817199111E0,-4.285621047E-1
2.941698572E1,9.349357605E0,-1.776497602E0,-4.429273009E-1
2.941890372E1,9.378087997E0,-1.738190413E0,-4.692635238E-1
2.942090326E1,9.404424667E0,-1.707065821E0,-4.788403511E-1
2.942297207E1,9.433155060E0,-1.666364431E0,-4.740519226E-1
2.942500707E1,9.483432770E0,-1.594538331E0,-4.979939461E-1
2.942707572E1,9.497797966E0,-1.563413739E0,-5.075707436E-1
2.942911019E1,9.519346237E0,-1.501164436E0,-5.075707436E-1
2.943117884E1,9.545681953E0,-1.407790542E0,-5.171475410E-1
2.943321334E1,9.572018623E0,-1.381454349E0,-5.267243981E-1
2.943521276E1,9.583989143E0,-1.331176162E0,-5.219359994E-1
2.943729853E1,9.583989143E0,-1.240196466E0,-5.171475410E-1
2.943926030E1,9.576807022E0,-1.197100878E0,-5.267243981E-1
2.944126026E1,9.562441826E0,-1.130063176E0,-5.075707436E-1
2.944332911E1,9.555258751E0,-1.053448796E0,-4.812345505E-1
2.944536372E1,9.533711433E0,-9.552865028E-1,-4.525041282E-1
2.944743276E1,9.512163162E0,-9.050082564E-1,-4.405331016E-1
2.944946746E1,9.466673851E0,-8.475474119E-1,-4.094084799E-1
2.945153626E1,9.418789864E0,-7.781155705E-1,-3.830722570E-1
2.945357072E1,9.385271072E0,-7.398083210E-1,-3.758896589E-1
2.945560053E1,9.301473618E0,-6.775590777E-1,-3.758896589E-1
2.945760219E1,9.224859238E0,-6.775590777E-1,-3.711012602E-1
2.945967119E1,9.210494041E0,-6.967126727E-1,-3.567360640E-1
2.946170649E1,9.179368973E0,-7.206547260E-1,-3.687070608E-1
2.946377519E1,9.203310966E0,-6.895300746E-1,-4.118026793E-1
2.946581092E1,9.239224434E0,-6.703764796E-1,-4.548983276E-1
2.946788019E1,9.351752281E0,-5.913678408E-1,-5.865794420E-1
2.946991519E1,9.516951561E0,-4.525041282E-1,-8.044517636E-1
2.947198453E1,9.629479408E0,-3.639186621E-1,-9.552865028E-1
2.947401996E1,9.859322548E0,-2.106897533E-1,-1.290474772E0
2.947605188E1,1.014183807E1,-8.858546615E-2,-1.630451322E0
2.947808369E1,1.047223854E1,-5.746084079E-2,-1.920149803E0
2.948015319E1,1.063743782E1,0.000000000E0,-2.044648170E0
2.948218846E1,1.095586681E1,2.873042040E-2,-2.272097349E0
2.948425780E1,1.129344940E1,8.858546615E-2,-2.463633537E0
2.948629315E1,1.144667816E1,1.221042871E-1,-2.559401512E0
2.948836257E1,1.171722317E1,2.130839527E-1,-2.731784105E0
2.949039746E1,1.192551899E1,3.160346150E-1,-2.889801502E0
2.949246642E1,1.202607536E1,3.687070608E-1,-2.954444885E0
2.949450096E1,1.217212105E1,4.836287498E-1,-3.093308687E0
2.949657030E1,1.225352383E1,6.320692301E-1,-3.222595453E0
2.949866315E1,1.227507210E1,7.158663273E-1,-3.284844637E0
2.950061749E1,1.229422569E1,8.643068075E-1,-3.418920040E0
2.950261738E1,1.225831223E1,1.041477680E0,-3.562572241E0
2.950468626E1,1.222479343E1,1.130063176E0,-3.617638826E0
2.950672096E1,1.210508347E1,1.319205165E0,-3.696647406E0
2.950879026E1,1.195185471E1,1.474828243E0,-3.720589399E0
2.951082496E1,1.178426075E1,1.534683347E0,-3.722983599E0
2.951289434E1,1.169088650E1,1.637633920E0,-3.684676409E0
2.951492922E1,1.151371574E1,1.731007814E0,-3.586514235E0
2.951694549E1,1.131260300E1,1.776497602E0,-3.462015629E0
2.951903076E1,1.122401714E1,1.790862918E0,-3.380612850E0
2.952099280E1,1.106839466E1,1.826775908E0,-3.222595453E0
2.952299242E1,1.097262669E1,1.831564307E0,-3.050212860E0
2.952506153E1,1.093192482E1,1.807622313E0,-2.959233284E0
2.952709646E1,1.091516590E1,1.769315004E0,-2.794033289E0
2.952916446E1,1.089840603E1,1.668758631E0,-2.636016130E0
2.953119919E1,1.090558910E1,1.613691926E0,-2.564189911E0
2.953326749E1,1.092713642E1,1.484405041E0,-2.461239338E0
2.953530238E1,1.094150162E1,1.338358760E0,-2.355894566E0
2.953730511E1,1.091516590E1,1.264138460E0,-2.308010340E0
2.953932488E1,1.085052204E1,1.118092179E0,-2.209848166E0
2.954139369E1,1.076193619E1,9.840168953E-1,-2.111685991E0
2.954342865E1,1.070208168E1,9.050082564E-1,-2.080561161E0
2.954549788E1,1.056800652E1,7.613561153E-1,-2.001552582E0
2.954753292E1,1.043871975E1,6.392518282E-1,-1.934514999E0
2.954960199E1,1.036449909E1,5.889736414E-1,-1.910573006E0
2.955163730E1,1.019929886E1,4.908113480E-1,-1.865083098E0
2.955370707E1,1.002691650E1,4.357447028E-1,-1.826775908E0
2.955574280E1,9.849745750E0,4.189853072E-1,-1.817199111E0
2.955777561E1,9.765948296E0,3.782838583E-1,-1.805228114E0
2.955980842E1,9.617507935E0,3.543418646E-1,-1.764526606E0
2.956187796E1,9.476250648E0,3.423708379E-1,-1.714248419E0
2.956391288E1,9.387664795E0,3.399766386E-1,-1.675941229E0
2.956598196E1,9.246406555E0,3.280056417E-1,-1.580173135E0
2.956801661E1,9.126696587E0,3.375824392E-1,-1.465251446E0
2.957008561E1,9.069235802E0,3.471592367E-1,-1.398213744E0
2.957212022E1,8.968679428E0,3.447650373E-1,-1.237802267E0
2.957418918E1,8.884882927E0,3.447650373E-1,-1.063025594E0
2.957622488E1,8.848969460E0,3.471592367E-1,-9.600749016E-1
2.957829415E1,8.757989883E0,3.351882398E-1,-7.374141216E-1
2.958038569E1,8.695740700E0,3.280056417E-1,-5.075707436E-1
2.958234907E1,8.681375504E0,3.303998411E-1,-3.950432837E-1
2.958434903E1,8.631096840E0,3.088520169E-1,-1.723825186E-1
2.958641807E1,8.583212852E0,2.585737705E-1,6.224924326E-2
2.958845319E1,8.554482460E0,2.394201756E-1,1.723825186E-1
2.959052203E1,8.489839554E0,1.795651317E-1,3.950432837E-1
2.959255668E1,8.456320763E0,9.337386489E-2,5.913678408E-1
2.959462572E1,8.384494781E0,4.788403399E-3,7.852981687E-1
2.959666069E1,8.360552788E0,-4.309562966E-2,8.834604025E-1
2.959868453E1,8.307879448E0,-1.747767180E-1,1.041477680E0
2.960076965E1,8.281543732E0,-2.944868207E-1,1.165976286E0
2.960273238E1,8.255207062E0,-3.519476354E-1,1.221042871E0
2.960473242E1,8.259995461E0,-4.836287498E-1,1.302445769E0
2.960680199E1,8.262390137E0,-6.081272364E-1,1.352723956E0
2.960883738E1,8.259995461E0,-6.679822803E-1,1.376665950E0
2.961090634E1,8.269572258E0,-8.068459630E-1,1.398213744E0
2.961294095E1,8.271966934E0,-9.241618514E-1,1.407790542E0
2.961500988E1,8.286332130E0,-9.911994934E-1,1.412579060E0
2.961704507E1,8.295908928E0,-1.101332784E0,1.431732655E0
2.961906645E1,8.319850922E0,-1.221042871E0,1.436521053E0
2.962106722E1,8.336610794E0,-1.285686255E0,1.434126854E0
2.962313592E1,8.358158112E0,-1.414973259E0,1.429338455E0
2.962517065E1,8.394071579E0,-1.505952835E0,1.407790542E0
2.962723961E1,8.418013573E0,-1.565807939E0,1.398213744E0
2.962927434E1,8.508993149E0,-1.678335428E0,1.381454349E0
2.963134376E1,8.633491516E0,-1.771709204E0,1.331176162E0
2.963337865E1,8.741230011E0,-1.826775908E0,1.307234168E0
2.963544826E1,8.805873871E0,-1.922544003E0,1.259350061E0
2.963748299E1,8.959102631E0,-1.996764183E0,1.180341482E0
2.963950734E1,9.133879662E0,-2.090138197E0,1.082179189E0
2.964153949E1,9.224859238E0,-2.121262789E0,1.019929886E0
2.964360888E1,9.452308655E0,-2.188300371E0,9.145850539E-1
2.964564411E1,9.665391922E0,-2.262520552E0,7.852981687E-1
2.964771357E1,9.785101891E0,-2.291250944E0,7.182605267E-1
2.964974861E1,1.000297451E1,-2.319981337E0,5.578489900E-1
2.965177272E1,1.026154804E1,-2.346317768E0,3.758896589E-1
2.965377319E1,1.038844109E1,-2.358288765E0,2.801215947E-1
2.965584180E1,1.060631371E1,-2.348711967E0,8.140286058E-2
2.965787634E1,1.081460953E1,-2.305616140E0,-1.077390760E-1
2.965994530E1,1.089840603E1,-2.267308950E0,-2.106897533E-1
2.966211488E1,1.104684639E1,-2.193088770E0,-4.165911078E-1
2.966403234E1,1.115458584E1,-2.111685991E0,-6.033388376E-1
2.966603188E1,1.118331623E1,-2.049436569E0,-6.871358752E-1
2.966810057E1,1.123359394E1,-1.936909199E0,-8.403648138E-1
2.967013480E1,1.119768143E1,-1.793257117E0,-9.959878922E-1
2.967220330E1,1.113064384E1,-1.702277422E0,-1.058237195E0
2.967423799E1,1.109951878E1,-1.534683347E0,-1.180341482E0
2.967630719E1,1.099896240E1,-1.347935557E0,-1.292868972E0
2.967834226E1,1.088882923E1,-1.139639974E0,-1.403002143E0
2.968036757E1,1.083136845E1,-1.031900883E0,-1.455674648E0
2.968245415E1,1.072123528E1,-8.212111592E-1,-1.549048543E0
2.968441611E1,1.058476543E1,-6.129156351E-1,-1.628057122E0
2.968641642E1,1.050815105E1,-5.099649429E-1,-1.666364431E0
2.968848572E1,1.038365269E1,-3.040636182E-1,-1.740584612E0
2.969052118E1,1.026633644E1,-1.053448766E-1,-1.805228114E0
2.969259026E1,1.020169353E1,-1.436521020E-2,-1.829170108E0
2.969462495E1,1.007719517E1,1.604115069E-1,-1.855506301E0
2.969669422E1,9.976638794E0,3.136404157E-1,-1.879448295E0
2.969872857E1,9.926360130E0,3.878606856E-1,-1.881842494E0
2.970079757E1,9.835380554E0,5.171475410E-1,-1.857900500E0
2.970283457E1,9.753977776E0,6.081272364E-1,-1.826775908E0
2.970490384E1,9.720458984E0,6.488286853E-1,-1.802833915E0
2.970693842E1,9.627084732E0,7.254431248E-1,-1.728613615E0
2.970900726E1,9.536105156E0,7.565677166E-1,-1.625662923E0
2.971104149E1,9.493009567E0,7.733271718E-1,-1.486799240E0
2.971310999E1,9.471462250E0,7.733271718E-1,-1.412579060E0
2.971514407E1,9.418789864E0,7.541735172E-1,-1.254561663E0
2.971721269E1,9.380482674E0,7.206547260E-1,-1.084573388E0
2.971924695E1,9.354146004E0,6.943184733E-1,-9.935936928E-1
2.972126911E1,9.311050415E0,6.368576288E-1,-8.044517636E-1
2.972330065E1,9.258378029E0,5.458779931E-1,-6.224924326E-1
2.972536911E1,9.239224434E0,5.003881454E-1,-5.339069963E-1
2.972740330E1,9.200917244E0,4.165911078E-1,-3.663128614E-1
2.972947145E1,9.157821655E0,3.040636182E-1,-2.394201756E-1
2.973150592E1,9.141061783E0,2.466027737E-1,-1.843535304E-1
2.973357468E1,9.117119789E0,1.173158810E-1,-6.464344263E-2
2.973560907E1,9.093177795E0,0.000000000E0,2.154781483E-2
2.973767815E1,9.107542992E0,-6.943184882E-2,6.464344263E-2
2.973971265E1,9.114726067E0,-1.915361285E-1,1.628057212E-1
2.974178180E1,9.143456459E0,-3.208230138E-1,2.394201756E-1
2.974387245E1,9.174580574E0,-4.501099288E-1,3.112462163E-1
2.974583488E1,9.186552048E0,-5.171475410E-1,3.351882398E-1
2.974783430E1,9.232041359E0,-6.727706790E-1,3.806780577E-1
2.974990276E1,9.284713745E0,-8.092401624E-1,4.070142806E-1
2.975193772E1,9.318233490E0,-8.714894056E-1,4.141969085E-1
2.975400665E1,9.397241592E0,-1.029506683E0,4.189853072E-1
2.975604165E1,9.504981041E0,-1.149216771E0,4.165911078E-1
2.975811084E1,9.550470352E0,-1.218648672E0,4.070142806E-1
2.976014545E1,9.646238327E0,-1.335964561E0,3.998316824E-1
2.976217007E1,9.756371498E0,-1.431732655E0,3.591302633E-1
2.976425611E1,9.806650162E0,-1.491587639E0,3.447650373E-1
2.976621772E1,9.914389610E0,-1.596932530E0,3.208230138E-1
2.976821730E1,1.001494598E1,-1.685518026E0,2.944868207E-1
2.977028669E1,1.006522369E1,-1.719036818E0,2.849099934E-1
2.977232161E1,1.016338634E1,-1.798045516E0,2.489969730E-1
2.977439099E1,1.025436592E1,-1.860294700E0,2.130839527E-1
2.977642607E1,1.030464458E1,-1.896207690E0,2.035071403E-1
2.977849488E1,1.037168217E1,-1.939303398E0,1.604115069E-1
2.978052968E1,1.044350815E1,-1.980004787E0,1.197100878E-1
2.978255172E1,1.047702694E1,-1.989581585E0,1.029506698E-1
2.978455345E1,1.050815105E1,-1.970427990E0,7.661445439E-2
2.978662268E1,1.054645824E1,-1.936909199E0,3.830722719E-2
2.978865776E1,1.056321812E1,-1.908178806E0,2.154781483E-2
2.979072726E1,1.056082344E1,-1.833958507E0,-2.394201700E-3
2.979276207E1,1.056082344E1,-1.754949808E0,-3.112462163E-2
2.979483119E1,1.056321812E1,-1.668758631E0,-4.548983276E-2
2.979686642E1,1.056082344E1,-1.618480325E0,-5.506663769E-2
2.979893572E1,1.052251625E1,-1.515529633E0,-7.422025502E-2
2.980097080E1,1.046745014E1,-1.405396342E0,-7.900865376E-2
2.980300338E1,1.044350815E1,-1.335964561E0,-7.422025502E-2
2.980503449E1,1.038365269E1,-1.211466074E0,-7.661445439E-2
2.980710403E1,1.032140350E1,-1.077390790E0,-8.619125932E-2
2.980913915E1,1.029746151E1,-1.003170490E0,-8.379705995E-2
2.981120803E1,1.024957752E1,-8.834604025E-1,-5.985504389E-2
2.981326211E1,1.019690514E1,-7.565677166E-1,-5.267243832E-2
2.981533130E1,1.016338634E1,-6.847416759E-1,-5.027823523E-2
2.981736642E1,1.012747288E1,-5.674257874E-1,-4.548983276E-2
2.981943534E1,1.009395409E1,-4.357447028E-1,-3.591302410E-2
2.982147065E1,1.006043530E1,-3.160346150E-1,-2.873042040E-2
2.982347484E1,1.005325317E1,-2.585737705E-1,-3.351882473E-2
2.982556592E1,9.995792389E0,-1.604115069E-1,-4.309562966E-2
2.982751872E1,9.950302124E0,-1.077390760E-1,-5.746084079E-2
2.982951842E1,9.933543205E0,-1.436521020E-2,-6.703764945E-2
2.983158715E1,9.904812813E0,7.661445439E-2,-7.661445439E-2
2.983362184E1,9.854534149E0,1.556231081E-1,-8.858546615E-2
2.983569111E1,9.811438560E0,1.939303428E-1,-9.816227108E-2
2.983772672E1,9.768342972E0,2.777273953E-1,-1.101332754E-1
2.983979607E1,9.694122314E0,3.519476354E-1,-1.125274822E-1
2.984183195E1,9.665391922E0,3.806780577E-1,-1.149216816E-1
2.984386330E1,9.610325813E0,4.381389022E-1,-1.173158810E-1
2.984594888E1,9.550470352E0,4.764461517E-1,-1.221042871E-1
2.984791072E1,9.528923035E0,4.955997467E-1,-1.244984865E-1
2.984991038E1,9.473855972E0,5.171475410E-1,-1.077390760E-1
2.985197899E1,9.425971985E0,5.410895944E-1,-1.077390760E-1
2.985401349E1,9.404424667E0,5.434837937E-1,-1.005564705E-1
2.985608230E1,9.387664795E0,5.434837937E-1,-9.816227108E-2
2.985811680E1,9.380482674E0,5.530605912E-1,-1.005564705E-1
2.986018557E1,9.368511200E0,5.554547906E-1,-1.101332754E-1
2.986222022E1,9.349357605E0,5.243301988E-1,-1.197100878E-1
2.986422357E1,9.334992409E0,5.003881454E-1,-1.149216816E-1
2.986622742E1,9.334992409E0,4.836287498E-1,-1.173158810E-1
2.986829657E1,9.315838814E0,4.381389022E-1,-1.316810995E-1
2.987033168E1,9.332598686E0,3.806780577E-1,-1.292868853E-1
2.987240111E1,9.351752281E0,3.495534360E-1,-1.364694983E-1
2.987443595E1,9.356540680E0,2.849099934E-1,-1.388636976E-1
2.987650526E1,9.392453194E0,2.059013397E-1,-1.436520964E-1
2.987854057E1,9.402029991E0,1.173158810E-1,-1.484405100E-1
2.988060984E1,9.418789864E0,6.943184882E-2,-1.412578970E-1
2.988264511E1,9.483432770E0,-1.915361360E-2,-1.412578970E-1
2.988467699E1,9.533711433E0,-1.077390760E-1,-1.316810995E-1
2.988671003E1,9.564835548E0,-1.556231081E-1,-1.292868853E-1
2.988877953E1,9.627084732E0,-2.442085743E-1,-1.197100878E-1
2.989081476E1,9.672574997E0,-3.351882398E-1,-1.053448766E-1
2.989288407E1,9.703699112E0,-3.926490843E-1,-9.816227108E-2
2.989491942E1,9.765948296E0,-4.812345505E-1,-8.379705995E-2
2.989694415E1,9.837775230E0,-5.674257874E-1,-6.943184882E-2
2.989894418E1,9.866505623E0,-6.081272364E-1,-6.224924326E-2
2.990101345E1,9.911994934E0,-7.086837292E-1,-3.830722719E-2
2.990304834E1,9.945513725E0,-7.924807668E-1,-2.394201607E-2
2.990505057E1,9.976638794E0,-8.259995580E-1,-1.675941236E-2
2.990721953E1,1.003409958E1,-9.026140571E-1,-1.197100803E-2
2.990910292E1,1.006522369E1,-9.552865028E-1,2.394201700E-3
2.991110192E1,1.009874249E1,-9.768342972E-1,9.576806799E-3
2.991317049E1,1.013465595E1,-1.027112484E0,2.873042040E-2
2.991520492E1,1.015620327E1,-1.053448796E0,4.788403213E-2
2.991727326E1,1.016578007E1,-1.065419793E0,4.788403213E-2
2.991930768E1,1.018493366E1,-1.110909581E0,5.746084079E-2
2.992137634E1,1.019211674E1,-1.132457376E0,6.224924326E-2
2.992341092E1,1.019929886E1,-1.134851575E0,8.140286058E-2
2.992544284E1,1.021127033E1,-1.137245774E0,8.619125932E-2
2.992752803E1,1.018493366E1,-1.122880578E0,9.816227108E-2
2.992948976E1,1.016817474E1,-1.110909581E0,1.125274822E-1
2.993148934E1,1.015620327E1,-1.103726983E0,1.077390760E-1
2.993355807E1,1.012747288E1,-1.074996591E0,9.816227108E-2
2.993559303E1,1.011550236E1,-1.058237195E0,1.149216816E-1
2.993766222E1,1.011071396E1,-1.041477680E0,1.197100878E-1
2.993969672E1,1.008916569E1,-1.003170490E0,1.125274822E-1
2.994176588E1,1.004367638E1,-9.552865028E-1,1.101332754E-1
2.994380057E1,1.004128170E1,-9.385270476E-1,1.029506698E-1
2.994583153E1,1.001255131E1,-8.858546019E-1,9.097966552E-2
2.994783361E1,9.974244118E0,-8.379706144E-1,9.816227108E-2
2.994990365E1,9.950302124E0,-8.140285611E-1,9.816227108E-2
2.995193776E1,9.919178009E0,-7.517793179E-1,9.337386489E-2
2.995400768E1,9.873687744E0,-6.943184733E-1,9.816227108E-2
2.995604311E1,9.859322548E0,-6.655880809E-1,1.053448766E-1
2.995811234E1,9.842563629E0,-6.344634295E-1,1.101332754E-1
2.996014749E1,9.804255486E0,-5.770025849E-1,1.029506698E-1
2.996221618E1,9.763554573E0,-5.171475410E-1,1.197100878E-1
2.996425111E1,9.749189377E0,-4.932055473E-1,1.244984865E-1
2.996625138E1,9.718064308E0,-4.357447028E-1,1.340752989E-1
2.996828249E1,9.674968719E0,-3.806780577E-1,1.436520964E-1
2.997035153E1,9.655815125E0,-3.519476354E-1,1.436520964E-1
2.997238645E1,9.617507935E0,-3.040636182E-1,1.412578970E-1
2.997445588E1,9.603142738E0,-2.657563984E-1,1.460463107E-1
2.997649099E1,9.572018623E0,-2.466027737E-1,1.532289088E-1
2.997856007E1,9.536105156E0,-2.011129409E-1,1.532289088E-1
2.998059534E1,9.543288231E0,-1.532289088E-1,1.675941199E-1
2.998266465E1,9.543288231E0,-1.316810995E-1,1.771709323E-1
2.998470014E1,9.512163162E0,-1.173158810E-1,1.843535304E-1
2.998670372E1,9.473855972E0,-1.029506698E-1,1.699883193E-1
2.998879576E1,9.469067574E0,-9.816227108E-2,1.699883193E-1
2.999074884E1,9.483432770E0,-8.858546615E-2,1.699883193E-1
2.999274926E1,9.476250648E0,-8.140286058E-2,1.699883193E-1
2.999481830E1,9.461885452E0,-7.900865376E-2,1.651999205E-1
2.999685376E1,9.461885452E0,-9.816227108E-2,1.412578970E-1
2.999892334E1,9.464279175E0,-1.053448766E-1,1.388636976E-1
3.000095841E1,9.459490776E0,-1.197100878E-1,1.364694983E-1
3.000302788E1,9.466673851E0,-1.316810995E-1,1.173158810E-1
3.000506303E1,9.473855972E0,-1.532289088E-1,9.576806426E-2
3.000709530E1,9.500192642E0,-1.723825186E-1,7.182604820E-2
3.000918088E1,9.519346237E0,-2.202665508E-1,6.943184882E-2
3.001114334E1,9.555258751E0,-2.154781520E-1,4.070143029E-2
3.001314330E1,9.598354340E0,-2.226607651E-1,9.576806799E-3
3.001521311E1,9.605537415E0,-2.705447972E-1,-4.788403399E-3
3.001724845E1,9.636661530E0,-3.256114423E-1,-3.591302410E-2
3.001931738E1,9.665391922E0,-3.758896589E-1,-7.900865376E-2
3.002135188E1,9.689333916E0,-3.974374831E-1,-1.005564705E-1
3.002342138E1,9.713275909E0,-4.357447028E-1,-1.316810995E-1
3.002545638E1,9.746794701E0,-4.668693244E-1,-1.580173075E-1
3.002745945E1,9.777919769E0,-4.836287498E-1,-1.747767180E-1
3.002946253E1,9.825803757E0,-5.147533417E-1,-2.059013397E-1
3.003153141E1,9.866505623E0,-5.434837937E-1,-2.250549644E-1
3.003356653E1,9.888052940E0,-5.626373887E-1,-2.370259613E-1
3.003563588E1,9.916783333E0,-5.817909837E-1,-2.609679997E-1
3.003767076E1,9.967061996E0,-5.985504389E-1,-2.896983922E-1
3.003973957E1,9.983820915E0,-6.105214357E-1,-3.040636182E-1
3.004177461E1,1.001494598E1,-6.536170840E-1,-3.184288144E-1
3.004384311E1,1.004128170E1,-6.727706790E-1,-3.399766386E-1
3.004587764E1,1.006761837E1,-6.799532771E-1,-3.423708379E-1
3.004790980E1,1.011550236E1,-7.086837292E-1,-3.567360640E-1
3.004994107E1,1.015620327E1,-7.230489254E-1,-3.663128614E-1
3.005201018E1,1.018014526E1,-7.469909191E-1,-3.782838583E-1
3.005404457E1,1.019690514E1,-7.541735172E-1,-3.830722570E-1
3.005611391E1,1.022324085E1,-7.733271718E-1,-3.926490843E-1
3.005814876E1,1.022563553E1,-7.948749661E-1,-3.926490843E-1
3.006021791E1,1.022563553E1,-7.972691655E-1,-3.854664862E-1
3.006225284E1,1.023760605E1,-8.164227605E-1,-3.806780577E-1
3.006432195E1,1.025436592E1,-8.092401624E-1,-3.806780577E-1
3.006635711E1,1.025197124E1,-8.044517636E-1,-3.806780577E-1
3.006836061E1,1.023760605E1,-8.523358107E-1,-3.734954596E-1
3.007045161E1,1.023760605E1,-8.379706144E-1,-3.495534360E-1
3.007240565E1,1.023760605E1,-8.212111592E-1,-3.399766386E-1
3.007440622E1,1.022084713E1,-8.427590132E-1,-3.375824392E-1
3.007647565E1,1.020648193E1,-8.523358107E-1,-3.016694188E-1
3.007851057E1,1.020169353E1,-8.451532125E-1,-2.920926213E-1
3.008058041E1,1.015859795E1,-8.355764151E-1,-2.633621991E-1
3.008261599E1,1.015620327E1,-8.355764151E-1,-2.609679997E-1
3.008468561E1,1.014662647E1,-8.451532125E-1,-2.489969730E-1
3.008672095E1,1.010113716E1,-8.499416113E-1,-2.178723514E-1
3.008875368E1,1.007001209E1,-8.068459630E-1,-1.795651317E-1
3.009084068E1,1.004128170E1,-7.781155705E-1,-1.412578970E-1
3.009280330E1,1.002931118E1,-7.733271718E-1,-1.221042871E-1
3.009480430E1,9.983820915E0,-7.661445141E-1,-8.619125932E-2
3.009687403E1,9.952696800E0,-7.493851185E-1,-6.703764945E-2
3.009890918E1,9.945513725E0,-7.278373241E-1,-4.788403213E-2
3.010097880E1,9.938331604E0,-7.134721279E-1,-1.197100803E-2
3.010301403E1,9.892841339E0,-6.943184733E-1,2.394201607E-2
3.010508307E1,9.861717224E0,-6.679822803E-1,4.309562966E-2
3.010711822E1,9.849745750E0,-6.727706790E-1,8.379705995E-2
3.010914864E1,9.840168953E0,-6.440402865E-1,1.077390760E-1
3.011115045E1,9.832986832E0,-6.344634295E-1,1.101332754E-1
3.011321945E1,9.799467087E0,-6.129156351E-1,1.292868853E-1
3.011525418E1,9.780313492E0,-6.248866320E-1,1.484405100E-1
3.011732326E1,9.758766174E0,-6.129156351E-1,1.604115069E-1
3.011935830E1,9.739612579E0,-6.009446383E-1,1.819593310E-1
3.012142776E1,9.725247383E0,-6.009446383E-1,2.035071403E-1
3.012346268E1,9.718064308E0,-5.913678408E-1,2.130839527E-1
3.012553222E1,9.710882187E0,-5.865794420E-1,2.082955539E-1
3.012756730E1,9.691728592E0,-5.817909837E-1,2.011129409E-1
3.012960061E1,9.708487511E0,-5.674257874E-1,2.011129409E-1
3.013163180E1,9.708487511E0,-5.674257874E-1,1.867477298E-1
3.013370076E1,9.703699112E0,-5.770025849E-1,1.651999205E-1
3.013573526E1,9.703699112E0,-5.698199868E-1,1.436520964E-1
3.013780457E1,9.691728592E0,-5.746083856E-1,1.292868853E-1
3.013983895E1,9.691728592E0,-5.865794420E-1,1.029506698E-1
3.014186434E1,9.698910713E0,-5.841852427E-1,8.619125932E-2
3.014386457E1,9.689333916E0,-5.841852427E-1,7.422025502E-2
3.014593365E1,9.686940193E0,-6.009446383E-1,4.070143029E-2
3.014796838E1,9.696516991E0,-6.057330370E-1,1.436521020E-2
3.014997157E1,9.701305389E0,-6.153098345E-1,7.182605099E-3
3.015214130E1,9.703699112E0,-6.224924326E-1,0.000000000E0
3.015402361E1,9.730035782E0,-6.320692301E-1,-9.576806799E-3
3.015602349E1,9.725247383E0,-6.440402865E-1,-2.154781483E-2
3.015809214E1,9.725247383E0,-6.440402865E-1,-3.591302410E-2
3.016012653E1,9.737217903E0,-6.871358752E-1,-6.464344263E-2
3.016219541E1,9.744400978E0,-6.943184733E-1,-6.943184882E-2
3.016423018E1,9.765948296E0,-7.015010715E-1,-6.703764945E-2
3.016629872E1,9.799467087E0,-7.038952708E-1,-7.900865376E-2
3.016833391E1,9.811438560E0,-7.086837292E-1,-8.858546615E-2
3.017036503E1,9.830592155E0,-7.134721279E-1,-1.029506698E-1
3.017245053E1,9.847352028E0,-7.278373241E-1,-1.197100878E-1
3.017441245E1,9.866505623E0,-7.206547260E-1,-1.292868853E-1
3.017641195E1,9.890447617E0,-7.158663273E-1,-1.412578970E-1
3.017848088E1,9.911994934E0,-7.158663273E-1,-1.412578970E-1
3.018051522E1,9.923966408E0,-7.038952708E-1,-1.388636976E-1
3.018258361E1,9.947908401E0,-7.062895298E-1,-1.388636976E-1
3.018461803E1,9.962273598E0,-7.086837292E-1,-1.628057212E-1
3.018668615E1,9.995792389E0,-6.847416759E-1,-1.580173075E-1
3.018872080E1,1.001494598E1,-6.703764796E-1,-1.580173075E-1
3.019072391E1,1.003409958E1,-6.416460276E-1,-1.651999205E-1
3.019272761E1,1.005325317E1,-6.296750307E-1,-1.651999205E-1
3.019479645E1,1.007001209E1,-6.009446383E-1,-1.723825186E-1
3.019683157E1,1.008437729E1,-5.817909837E-1,-1.675941199E-1
3.019890080E1,1.009874249E1,-5.554547906E-1,-1.867477298E-1
3.020093588E1,1.011071396E1,-5.506663918E-1,-1.915361285E-1
3.020300522E1,1.011310768E1,-5.195417404E-1,-1.843535304E-1
3.020504038E1,1.012268448E1,-4.908113480E-1,-1.771709323E-1
3.020710957E1,1.012507915E1,-4.764461517E-1,-1.723825186E-1
3.020914430E1,1.012029076E1,-4.477157295E-1,-1.628057212E-1
3.021117591E1,1.013944435E1,-4.309563041E-1,-1.747767180E-1
3.021320803E1,1.014423275E1,-4.213795066E-1,-1.819593310E-1
3.021527668E1,1.015380955E1,-3.830722570E-1,-1.795651317E-1
3.021731103E1,1.014423275E1,-3.543418646E-1,-1.699883193E-1
3.021938011E1,1.012268448E1,-3.495534360E-1,-1.723825186E-1
3.022141488E1,1.011310768E1,-3.088520169E-1,-1.771709323E-1
3.022348388E1,1.009874249E1,-2.801215947E-1,-1.675941199E-1
3.022551861E1,1.008198357E1,-2.729389966E-1,-1.723825186E-1
3.022758722E1,1.007240677E1,-2.657563984E-1,-1.675941199E-1
3.022962157E1,1.004607010E1,-2.561795712E-1,-1.675941199E-1
3.023162461E1,1.002691650E1,-2.370259613E-1,-1.675941199E-1
3.023371591E1,1.001973438E1,-2.418143749E-1,-1.747767180E-1
3.023566880E1,9.993397713E0,-2.250549644E-1,-1.556231081E-1
3.023766845E1,9.962273598E0,-2.035071403E-1,-1.628057212E-1
3.023973688E1,9.952696800E0,-1.987187415E-1,-1.604115069E-1
3.024177172E1,9.931148529E0,-2.106897533E-1,-1.628057212E-1
3.024384011E1,9.928754807E0,-1.963245422E-1,-1.532289088E-1
3.024587461E1,9.921571732E0,-1.939303428E-1,-1.484405100E-1
3.024794330E1,9.902418137E0,-2.011129409E-1,-1.484405100E-1
3.024997745E1,9.888052940E0,-2.154781520E-1,-1.221042871E-1
3.025200811E1,9.888052940E0,-2.250549644E-1,-1.125274822E-1
3.025409322E1,9.842563629E0,-2.202665508E-1,-1.053448766E-1
3.025605503E1,9.804255486E0,-2.370259613E-1,-8.379705995E-2
3.025805457E1,9.801861763E0,-2.513911724E-1,-7.661445439E-2
3.026012272E1,9.792284966E0,-2.609679997E-1,-7.182604820E-2
3.026215753E1,9.792284966E0,-2.801215947E-1,-5.267243832E-2
3.026422695E1,9.785101891E0,-2.873041928E-1,-3.591302410E-2
3.026626172E1,9.765948296E0,-3.160346150E-1,-3.591302410E-2
3.026833088E1,9.770736694E0,-3.399766386E-1,-1.915361360E-2
3.027036580E1,9.782708168E0,-3.447650373E-1,-1.436521020E-2
3.027239584E1,9.789890289E0,-3.471592367E-1,-9.576806799E-3
3.027439788E1,9.789890289E0,-3.639186621E-1,-7.182605099E-3
3.027646738E1,9.813833237E0,-3.734954596E-1,1.197100803E-2
3.027850184E1,9.813833237E0,-3.782838583E-1,2.154781483E-2
3.028057026E1,9.818621635E0,-4.094084799E-1,1.675941236E-2
3.028260480E1,9.856928825E0,-4.333505034E-1,2.154781483E-2
3.028467407E1,9.864110947E0,-4.477157295E-1,1.675941236E-2
3.028670853E1,9.856928825E0,-4.572925270E-1,1.436521020E-2
3.028877745E1,9.888052940E0,-4.884171486E-1,2.154781483E-2
3.029081184E1,9.892841339E0,-5.003881454E-1,1.675941236E-2
3.029284364E1,9.911994934E0,-5.051765442E-1,2.394201607E-2
3.029484376E1,9.928754807E0,-5.075707436E-1,2.633621916E-2
3.029691230E1,9.926360130E0,-5.147533417E-1,2.873042040E-2
3.029894668E1,9.947908401E0,-5.363011956E-1,3.351882473E-2
3.030101538E1,9.957485199E0,-5.434837937E-1,2.394201607E-2
3.030304995E1,9.962273598E0,-5.530605912E-1,2.154781483E-2
3.030511930E1,9.952696800E0,-5.530605912E-1,2.873042040E-2
3.030715407E1,9.962273598E0,-5.674257874E-1,3.351882473E-2
3.030922280E1,9.950302124E0,-5.722141862E-1,5.746084079E-2
3.031125738E1,9.938331604E0,-5.817909837E-1,6.224924326E-2
3.031326030E1,9.945513725E0,-5.841852427E-1,6.703764945E-2
3.031535172E1,9.969455719E0,-5.841852427E-1,7.422025502E-2
3.031730518E1,9.962273598E0,-5.841852427E-1,7.182604820E-2
3.031930518E1,9.964667320E0,-5.817909837E-1,7.422025502E-2
3.032137418E1,9.964667320E0,-5.937620401E-1,9.097966552E-2
3.032340945E1,9.957485199E0,-5.913678408E-1,9.816227108E-2
3.032547911E1,9.928754807E0,-5.961562395E-1,8.858546615E-2
3.032751395E1,9.907206535E0,-5.841852427E-1,9.576806426E-2
3.032958291E1,9.900024414E0,-5.865794420E-1,1.077390760E-1
3.033161745E1,9.900024414E0,-5.841852427E-1,1.388636976E-1
3.033364941E1,9.885659218E0,-5.913678408E-1,1.412578970E-1
3.033573457E1,9.880870819E0,-5.937620401E-1,1.412578970E-1
3.033769684E1,9.866505623E0,-6.057330370E-1,1.532289088E-1
3.033969645E1,9.859322548E0,-6.033388376E-1,1.843535304E-1
3.034176545E1,9.868899345E0,-5.889736414E-1,1.939303428E-1
3.034380003E1,9.854534149E0,-5.841852427E-1,2.059013397E-1
3.034586891E1,9.859322548E0,-5.865794420E-1,2.059013397E-1
3.034790364E1,9.861717224E0,-5.985504389E-1,2.226607651E-1
3.034997257E1,9.856928825E0,-6.033388376E-1,2.370259613E-1
3.035200738E1,9.825803757E0,-6.105214357E-1,2.513911724E-1
3.035401153E1,9.818621635E0,-6.009446383E-1,2.585737705E-1
3.035601530E1,9.813833237E0,-5.985504389E-1,2.561795712E-1
3.035808372E1,9.794678688E0,-6.129156351E-1,2.561795712E-1
3.036011818E1,9.804255486E0,-6.153098345E-1,2.513911724E-1
3.036218745E1,9.811438560E0,-6.200982332E-1,2.609679997E-1
3.036422245E1,9.797073364E0,-6.320692301E-1,2.585737705E-1
3.036629111E1,9.789890289E0,-6.368576288E-1,2.681505978E-1
3.036832599E1,9.789890289E0,-6.248866320E-1,2.609679997E-1
3.037039557E1,9.794678688E0,-6.296750307E-1,2.609679997E-1
3.037243141E1,9.797073364E0,-6.416460276E-1,2.537853718E-1
3.037446438E1,9.792284966E0,-6.512228847E-1,2.513911724E-1
3.037649684E1,9.780313492E0,-6.392518282E-1,2.513911724E-1
3.037856599E1,9.787496567E0,-6.560112834E-1,2.298433632E-1
3.038060122E1,9.787496567E0,-6.584054828E-1,2.298433632E-1
3.038267091E1,9.785101891E0,-6.703764796E-1,2.466027737E-1
3.038470638E1,9.785101891E0,-6.751648784E-1,2.513911724E-1
3.038673130E1,9.785101891E0,-6.919242740E-1,2.442085743E-1
3.038873153E1,9.801861763E0,-6.655880809E-1,2.442085743E-1
3.039080091E1,9.799467087E0,-6.512228847E-1,2.298433632E-1
3.039283638E1,9.806650162E0,-6.560112834E-1,2.274491638E-1
3.039484014E1,9.821015358E0,-6.631938815E-1,2.178723514E-1
3.039701022E1,9.816226959E0,-6.655880809E-1,2.106897533E-1
3.039889380E1,9.818621635E0,-6.607996821E-1,2.154781520E-1
3.040089434E1,9.832986832E0,-6.679822803E-1,2.298433632E-1
3.040296372E1,9.859322548E0,-6.751648784E-1,2.346317619E-1
3.040499907E1,9.859322548E0,-6.799532771E-1,2.250549644E-1
3.040706853E1,9.835380554E0,-6.799532771E-1,2.394201756E-1
3.040910364E1,9.832986832E0,-7.015010715E-1,2.322375625E-1
3.041117307E1,9.840168953E0,-6.967126727E-1,2.322375625E-1
3.041320811E1,9.852140427E0,-7.038952708E-1,2.250549644E-1
3.041524030E1,9.861717224E0,-7.134721279E-1,2.106897533E-1
3.041732699E1,9.859322548E0,-7.182605267E-1,1.891419291E-1
3.041928987E1,9.847352028E0,-7.230489254E-1,1.747767180E-1
3.042129026E1,9.847352028E0,-7.134721279E-1,1.651999205E-1
3.042335976E1,9.842563629E0,-7.158663273E-1,1.628057212E-1
3.042539518E1,9.830592155E0,-7.134721279E-1,1.628057212E-1
3.042746441E1,9.832986832E0,-7.086837292E-1,1.795651317E-1
3.042949914E1,9.832986832E0,-7.086837292E-1,1.891419291E-1
3.043156853E1,9.828198433E0,-7.158663273E-1,1.963245422E-1
3.043360361E1,9.835380554E0,-7.350199223E-1,2.035071403E-1
3.043563587E1,9.849745750E0,-7.613561153E-1,2.035071403E-1
3.043763703E1,9.854534149E0,-7.589619160E-1,2.082955539E-1
3.043970557E1,9.871294022E0,-7.350199223E-1,1.939303428E-1
3.044174041E1,9.876082420E0,-7.278373241E-1,1.891419291E-1
3.044381045E1,9.876082420E0,-7.374141216E-1,1.915361285E-1
3.044584445E1,9.888052940E0,-7.469909191E-1,1.747767180E-1
3.044791310E1,9.914389610E0,-7.541735172E-1,1.867477298E-1
3.044994741E1,9.921571732E0,-7.541735172E-1,1.939303428E-1
3.045201618E1,9.919178009E0,-7.541735172E-1,1.987187415E-1
3.045405122E1,9.902418137E0,-7.613561153E-1,2.082955539E-1
3.045605126E1,9.923966408E0,-7.613561153E-1,1.939303428E-1
3.045808245E1,9.923966408E0,-7.589619160E-1,1.963245422E-1
3.046015207E1,9.928754807E0,-7.398083210E-1,1.963245422E-1
3.046218680E1,9.923966408E0,-7.326257229E-1,1.843535304E-1
3.046425545E1,9.933543205E0,-7.350199223E-1,1.843535304E-1
3.046629022E1,9.943120003E0,-7.493851185E-1,2.035071403E-1
3.046835891E1,9.957485199E0,-7.374141216E-1,2.130839527E-1
3.047039345E1,9.969455719E0,-7.302315235E-1,2.178723514E-1
3.047246234E1,9.974244118E0,-7.182605267E-1,2.250549644E-1
3.047449699E1,9.974244118E0,-7.326257229E-1,2.202665508E-1
3.047650087E1,9.967061996E0,-7.230489254E-1,2.059013397E-1
3.047859272E1,9.950302124E0,-7.206547260E-1,1.723825186E-1
3.048054541E1,9.919178009E0,-6.512228847E-1,1.484405100E-1
3.048254518E1,9.921571732E0,-6.416460276E-1,1.460463107E-1
3.048461437E1,9.959878922E0,-6.368576288E-1,1.580173075E-1
3.048664926E1,9.952696800E0,-6.344634295E-1,1.675941199E-1
3.048871814E1,9.962273598E0,-6.416460276E-1,1.675941199E-1
3.049075257E1,9.964667320E0,-6.440402865E-1,1.604115069E-1
3.049282141E1,9.952696800E0,-6.272808313E-1,1.532289088E-1
3.049485649E1,9.926360130E0,-6.177040339E-1,1.340752989E-1
3.049688884E1,9.909601212E0,-6.057330370E-1,1.364694983E-1
3.049897476E1,9.883264542E0,-5.746083856E-1,1.556231081E-1
3.050093757E1,9.900024414E0,-5.626373887E-1,1.651999205E-1
3.050293737E1,9.904812813E0,-5.674257874E-1,1.675941199E-1
3.050500672E1,9.928754807E0,-5.602431893E-1,1.723825186E-1
3.050704153E1,9.950302124E0,-5.650315881E-1,1.891419291E-1
3.050911018E1,9.940725327E0,-5.674257874E-1,1.987187415E-1
3.051114526E1,9.935936928E0,-5.410895944E-1,2.178723514E-1
3.051321380E1,9.933543205E0,-5.410895944E-1,2.489969730E-1
3.051524799E1,9.928754807E0,-5.482721925E-1,2.513911724E-1
3.051724995E1,9.933543205E0,-5.578489900E-1,2.537853718E-1
3.051925376E1,9.926360130E0,-5.530605912E-1,2.681505978E-1
3.052132222E1,9.909601212E0,-5.554547906E-1,2.825157940E-1
3.052335634E1,9.892841339E0,-5.482721925E-1,2.944868207E-1
3.052542487E1,9.900024414E0,-5.793967843E-1,3.136404157E-1
3.052745949E1,9.892841339E0,-5.961562395E-1,3.208230138E-1
3.052952903E1,9.871294022E0,-6.081272364E-1,3.399766386E-1
3.053156295E1,9.866505623E0,-6.009446383E-1,3.519476354E-1
3.053363195E1,9.861717224E0,-5.961562395E-1,3.639186621E-1
3.053566695E1,9.859322548E0,-5.746083856E-1,3.782838583E-1
3.053769834E1,9.842563629E0,-5.889736414E-1,3.687070608E-1
3.053972968E1,9.806650162E0,-5.865794420E-1,3.639186621E-1
3.054179891E1,9.785101891E0,-5.889736414E-1,3.663128614E-1
3.054383372E1,9.770736694E0,-5.698199868E-1,3.687070608E-1
3.054590230E1,9.746794701E0,-5.578489900E-1,3.615244627E-1
3.054793687E1,9.732429504E0,-5.674257874E-1,3.591302633E-1
3.055000530E1,9.744400978E0,-5.937620401E-1,3.543418646E-1
3.055204034E1,9.749189377E0,-6.129156351E-1,3.567360640E-1
3.055410941E1,9.761159897E0,-6.200982332E-1,3.615244627E-1
3.055614384E1,9.777919769E0,-6.153098345E-1,3.806780577E-1
3.055814664E1,9.768342972E0,-6.344634295E-1,3.974374831E-1
3.056023837E1,9.785101891E0,-6.368576288E-1,3.926490843E-1
3.056219164E1,9.794678688E0,-6.560112834E-1,3.854664862E-1
3.056419126E1,9.792284966E0,-6.536170840E-1,3.782838583E-1
3.056626030E1,9.797073364E0,-6.536170840E-1,3.734954596E-1
3.056829518E1,9.823410034E0,-6.703764796E-1,3.687070608E-1
3.057036434E1,9.832986832E0,-6.679822803E-1,3.639186621E-1
3.057239914E1,9.842563629E0,-6.631938815E-1,3.591302633E-1
3.057446807E1,9.873687744E0,-7.015010715E-1,3.447650373E-1
3.057650303E1,9.885659218E0,-7.086837292E-1,3.399766386E-1
3.057853530E1,9.904812813E0,-7.110779285E-1,3.399766386E-1
3.058062091E1,9.902418137E0,-7.110779285E-1,3.327940404E-1
3.058258326E1,9.923966408E0,-7.158663273E-1,3.327940404E-1
3.058458349E1,9.947908401E0,-7.254431248E-1,3.351882398E-1
3.058665253E1,9.959878922E0,-7.182605267E-1,3.280056417E-1
3.058868830E1,9.959878922E0,-7.350199223E-1,3.208230138E-1
3.059075672E1,9.967061996E0,-7.398083210E-1,3.016694188E-1
3.059279168E1,9.971850395E0,-7.398083210E-1,2.944868207E-1
3.059486068E1,1.000058079E1,-7.326257229E-1,2.801215947E-1
3.059689599E1,9.981427193E0,-7.541735172E-1,2.657563984E-1
3.059892568E1,9.986215591E0,-7.589619160E-1,2.729389966E-1
3.060092545E1,9.998186111E0,-7.589619160E-1,2.729389966E-1
3.060299434E1,9.998186111E0,-7.517793179E-1,2.729389966E-1
3.060502895E1,9.991003990E0,-7.541735172E-1,2.753331959E-1
3.060709845E1,9.979032516E0,-7.350199223E-1,2.633621991E-1
3.060913391E1,9.962273598E0,-7.134721279E-1,2.513911724E-1
3.061120310E1,9.959878922E0,-7.038952708E-1,2.466027737E-1
3.061323780E1,9.964667320E0,-6.895300746E-1,2.489969730E-1
3.061530687E1,9.962273598E0,-6.823474765E-1,2.466027737E-1
3.061734176E1,9.938331604E0,-6.847416759E-1,2.489969730E-1
3.061937410E1,9.923966408E0,-6.607996821E-1,2.394201756E-1
3.062140580E1,9.938331604E0,-6.584054828E-1,2.178723514E-1
3.062347403E1,9.921571732E0,-6.488286853E-1,2.322375625E-1
3.062550864E1,9.921571732E0,-6.320692301E-1,2.489969730E-1
3.062757760E1,9.909601212E0,-6.081272364E-1,2.729389966E-1
3.062961253E1,9.892841339E0,-5.985504389E-1,2.801215947E-1
3.063163684E1,9.885659218E0,-6.033388376E-1,2.777273953E-1
3.063363660E1,9.876082420E0,-5.793967843E-1,2.681505978E-1
3.063570537E1,9.866505623E0,-5.506663918E-1,2.873041928E-1
3.063774041E1,9.856928825E0,-5.458779931E-1,3.040636182E-1
3.063974372E1,9.842563629E0,-5.171475410E-1,3.160346150E-1
3.064191118E1,9.830592155E0,-5.051765442E-1,3.399766386E-1
3.064379353E1,9.832986832E0,-4.908113480E-1,3.447650373E-1
3.064579322E1,9.823410034E0,-4.884171486E-1,3.543418646E-1
3.064786187E1,9.828198433E0,-4.764461517E-1,3.639186621E-1
3.064989649E1,9.837775230E0,-4.764461517E-1,3.663128614E-1
3.065196603E1,9.840168953E0,-4.716577232E-1,3.711012602E-1
3.065400064E1,9.844957352E0,-4.548983276E-1,3.782838583E-1
3.065606987E1,9.840168953E0,-4.453215301E-1,3.782838583E-1
3.065810491E1,9.852140427E0,-4.548983276E-1,3.854664862E-1
3.066013680E1,9.852140427E0,-4.501099288E-1,3.854664862E-1
3.066222314E1,9.849745750E0,-4.381389022E-1,3.926490843E-1
3.066418560E1,9.849745750E0,-4.237737060E-1,3.830722570E-1
3.066618576E1,9.844957352E0,-4.213795066E-1,3.184288144E-1
3.066825430E1,9.854534149E0,-4.309563041E-1,2.896983922E-1
3.067028872E1,9.859322548E0,-4.309563041E-1,2.466027737E-1
3.067235837E1,9.892841339E0,-4.429273009E-1,2.059013397E-1
3.067439372E1,9.902418137E0,-4.453215301E-1,1.747767180E-1
3.067646314E1,9.895236015E0,-4.453215301E-1,1.747767180E-1
3.067849803E1,9.890447617E0,-4.692635238E-1,1.556231081E-1
3.068050137E1,9.907206535E0,-4.572925270E-1,1.771709323E-1
3.068250587E1,9.904812813E0,-4.572925270E-1,1.891419291E-1
3.068457495E1,9.897629738E0,-4.596867263E-1,2.011129409E-1
3.068661053E1,9.876082420E0,-4.644751251E-1,2.035071403E-1
3.068867960E1,9.873687744E0,-4.548983276E-1,2.059013397E-1
3.069071507E1,9.871294022E0,-4.525041282E-1,1.939303428E-1
3.069278445E1,9.876082420E0,-4.572925270E-1,2.082955539E-1
3.069481972E1,9.864110947E0,-4.764461517E-1,2.226607651E-1
3.069688987E1,9.871294022E0,-4.764461517E-1,2.394201756E-1
3.069892584E1,9.878476143E0,-4.836287498E-1,2.466027737E-1
3.070092618E1,9.892841339E0,-4.764461517E-1,2.561795712E-1
3.070295837E1,9.885659218E0,-4.812345505E-1,2.561795712E-1
3.070502745E1,9.876082420E0,-4.932055473E-1,2.609679997E-1
3.070706230E1,9.878476143E0,-5.075707436E-1,2.585737705E-1
3.070913122E1,9.864110947E0,-5.003881454E-1,2.992752194E-1
3.071116649E1,9.873687744E0,-5.386953950E-1,3.088520169E-1
3.071323626E1,9.883264542E0,-5.434837937E-1,3.375824392E-1
3.071527145E1,9.880870819E0,-5.482721925E-1,3.519476354E-1
3.071734084E1,9.888052940E0,-5.482721925E-1,3.758896589E-1
3.071937634E1,9.880870819E0,-5.506663918E-1,3.950432837E-1
3.072137837E1,9.888052940E0,-5.506663918E-1,4.165911078E-1
3.072347049E1,9.902418137E0,-5.530605912E-1,4.572925270E-1
3.072542526E1,9.914389610E0,-5.698199868E-1,4.764461517E-1
3.072742534E1,9.928754807E0,-5.817909837E-1,4.764461517E-1
3.072949487E1,9.926360130E0,-5.937620401E-1,5.027823448E-1
3.073153045E1,9.967061996E0,-6.248866320E-1,5.075707436E-1
3.073359987E1,1.000058079E1,-6.392518282E-1,5.027823448E-1
3.073563564E1,1.001973438E1,-6.655880809E-1,5.051765442E-1
3.073770487E1,9.991003990E0,-6.560112834E-1,5.219359994E-1
3.073974022E1,9.962273598E0,-6.488286853E-1,5.315127969E-1
3.074174087E1,9.945513725E0,-6.081272364E-1,5.315127969E-1
3.074382599E1,9.959878922E0,-5.985504389E-1,5.075707436E-1
3.074578814E1,9.971850395E0,-5.961562395E-1,4.932055473E-1
3.074778791E1,9.976638794E0,-5.889736414E-1,4.572925270E-1
3.074985656E1,9.981427193E0,-5.770025849E-1,4.381389022E-1
3.075189068E1,9.983820915E0,-5.578489900E-1,4.261679053E-1
3.075395976E1,9.981427193E0,-5.291185975E-1,3.998316824E-1
3.075599453E1,9.969455719E0,-5.171475410E-1,3.926490843E-1
3.075806349E1,9.964667320E0,-5.123591423E-1,3.878606856E-1
3.076009814E1,9.976638794E0,-5.123591423E-1,3.734954596E-1
3.076212799E1,9.959878922E0,-4.812345505E-1,3.782838583E-1
3.076412964E1,9.962273598E0,-4.620809257E-1,3.830722570E-1
3.076619830E1,9.947908401E0,-4.381389022E-1,4.118026793E-1
3.076823276E1,9.926360130E0,-4.237737060E-1,4.309563041E-1
3.077030141E1,9.897629738E0,-4.094084799E-1,4.429273009E-1
3.077233599E1,9.876082420E0,-3.926490843E-1,4.477157295E-1
3.077440426E1,9.859322548E0,-3.782838583E-1,4.285621047E-1
3.077643899E1,9.837775230E0,-3.399766386E-1,4.141969085E-1
3.077850784E1,9.832986832E0,-3.232172430E-1,4.046200812E-1
3.078054253E1,9.840168953E0,-3.016694188E-1,3.878606856E-1
3.078257476E1,9.849745750E0,-2.968810201E-1,3.639186621E-1
3.078460618E1,9.849745750E0,-2.873041928E-1,3.471592367E-1
3.078667484E1,9.868899345E0,-2.801215947E-1,3.256114423E-1
3.078870937E1,9.883264542E0,-2.825157940E-1,3.136404157E-1
3.079077822E1,9.878476143E0,-2.753331959E-1,3.088520169E-1
3.079281253E1,9.866505623E0,-2.873041928E-1,3.040636182E-1
3.079488084E1,9.859322548E0,-2.585737705E-1,3.016694188E-1
3.079691530E1,9.856928825E0,-2.609679997E-1,3.064578176E-1
3.079898426E1,9.854534149E0,-2.825157940E-1,3.064578176E-1
3.080101907E1,9.852140427E0,-2.968810201E-1,3.160346150E-1
3.080302284E1,9.823410034E0,-3.064578176E-1,3.399766386E-1
3.080511441E1,9.818621635E0,-3.112462163E-1,3.519476354E-1
3.080706764E1,9.811438560E0,-3.136404157E-1,3.758896589E-1
3.080906772E1,9.813833237E0,-3.208230138E-1,4.189853072E-1
3.081113733E1,9.806650162E0,-3.280056417E-1,4.381389022E-1
3.081317222E1,9.787496567E0,-3.471592367E-1,4.716577232E-1
3.081524145E1,9.780313492E0,-3.663128614E-1,5.003881454E-1
3.081727676E1,9.770736694E0,-3.734954596E-1,5.099649429E-1
3.081934595E1,9.773131371E0,-3.926490843E-1,5.243301988E-1
3.082138114E1,9.792284966E0,-4.285621047E-1,5.410895944E-1
3.082341326E1,9.799467087E0,-4.429273009E-1,5.363011956E-1
3.082549907E1,9.821015358E0,-4.453215301E-1,5.386953950E-1
3.082746137E1,9.847352028E0,-4.572925270E-1,5.410895944E-1
3.082946153E1,9.849745750E0,-4.644751251E-1,5.339069963E-1
3.083153056E1,9.859322548E0,-4.620809257E-1,5.099649429E-1
3.083356533E1,9.844957352E0,-4.477157295E-1,5.075707436E-1
3.083563399E1,9.842563629E0,-4.429273009E-1,5.075707436E-1
3.083766876E1,9.832986832E0,-4.381389022E-1,5.195417404E-1
3.083973772E1,9.844957352E0,-4.548983276E-1,5.243301988E-1
3.084177260E1,9.866505623E0,-4.572925270E-1,5.267243981E-1
3.084377595E1,9.878476143E0,-4.620809257E-1,5.363011956E-1
3.084577887E1,9.868899345E0,-4.333505034E-1,5.482721925E-1
3.084784749E1,9.876082420E0,-4.333505034E-1,5.386953950E-1
3.084988210E1,9.895236015E0,-4.477157295E-1,5.243301988E-1
3.085195130E1,9.928754807E0,-4.285621047E-1,5.147533417E-1
3.085398587E1,9.926360130E0,-4.237737060E-1,5.243301988E-1
3.085605483E1,9.928754807E0,-4.189853072E-1,5.291185975E-1
3.085808980E1,9.952696800E0,-4.285621047E-1,5.363011956E-1
3.086015891E1,9.957485199E0,-4.165911078E-1,5.243301988E-1
3.086219383E1,9.947908401E0,-4.070142806E-1,5.219359994E-1
3.086419383E1,9.943120003E0,-3.830722570E-1,5.243301988E-1
3.086622572E1,9.940725327E0,-3.543418646E-1,4.979939461E-1
3.086829506E1,9.950302124E0,-3.591302633E-1,4.836287498E-1
3.087033033E1,9.938331604E0,-3.399766386E-1,4.572925270E-1
3.087239949E1,9.914389610E0,-3.040636182E-1,4.501099288E-1
3.087443433E1,9.914389610E0,-2.873041928E-1,4.309563041E-1
3.087645987E1,9.911994934E0,-2.777273953E-1,4.237737060E-1
3.087845980E1,9.876082420E0,-2.657563984E-1,4.189853072E-1
3.088052887E1,9.871294022E0,-2.561795712E-1,4.046200812E-1
3.088256349E1,9.864110947E0,-2.418143749E-1,3.998316824E-1
3.088456633E1,9.847352028E0,-2.226607651E-1,4.094084799E-1
3.088673487E1,9.837775230E0,-2.178723514E-1,4.046200812E-1
3.088861768E1,9.830592155E0,-2.250549644E-1,4.022258818E-1
3.089061741E1,9.825803757E0,-2.322375625E-1,4.213795066E-1
3.089268637E1,9.837775230E0,-2.298433632E-1,4.141969085E-1
3.089472057E1,9.866505623E0,-2.226607651E-1,4.141969085E-1
3.089678957E1,9.861717224E0,-2.130839527E-1,4.261679053E-1
3.089882430E1,9.873687744E0,-2.178723514E-1,4.237737060E-1
3.090089280E1,9.861717224E0,-2.322375625E-1,4.261679053E-1
3.090292687E1,9.864110947E0,-2.346317619E-1,4.405331016E-1
3.090495856E1,9.885659218E0,-2.466027737E-1,4.596867263E-1
3.090704364E1,9.888052940E0,-2.513911724E-1,4.572925270E-1
3.090900580E1,9.885659218E0,-2.442085743E-1,4.620809257E-1
3.091100495E1,9.914389610E0,-2.394201756E-1,4.572925270E-1
3.091307383E1,9.919178009E0,-2.322375625E-1,4.644751251E-1
3.091510841E1,9.921571732E0,-2.561795712E-1,4.812345505E-1
3.091717741E1,9.938331604E0,-2.298433632E-1,4.740519226E-1
3.091921222E1,9.940725327E0,-2.298433632E-1,4.812345505E-1
3.092128122E1,9.904812813E0,-2.466027737E-1,4.836287498E-1
3.092331595E1,9.904812813E0,-2.561795712E-1,4.884171486E-1
3.092534514E1,9.902418137E0,-2.633621991E-1,4.860229492E-1
3.092734630E1,9.914389610E0,-2.920926213E-1,4.955997467E-1
3.092941503E1,9.955090523E0,-2.968810201E-1,5.003881454E-1
3.093144956E1,9.950302124E0,-3.040636182E-1,5.027823448E-1
3.093351806E1,9.943120003E0,-3.160346150E-1,5.051765442E-1
3.093555230E1,9.938331604E0,-3.232172430E-1,5.123591423E-1
3.093762053E1,9.933543205E0,-3.327940404E-1,5.147533417E-1
3.093965472E1,9.928754807E0,-3.423708379E-1,5.123591423E-1
3.094172337E1,9.890447617E0,-3.423708379E-1,5.099649429E-1
3.094375787E1,9.885659218E0,-3.495534360E-1,5.267243981E-1
3.094578930E1,9.900024414E0,-3.495534360E-1,5.291185975E-1
3.094782037E1,9.919178009E0,-3.495534360E-1,5.315127969E-1
3.094988941E1,9.919178009E0,-3.663128614E-1,5.339069963E-1
3.095192383E1,9.933543205E0,-3.758896589E-1,5.291185975E-1
3.095399203E1,9.957485199E0,-3.974374831E-1,5.315127969E-1
3.095602687E1,9.952696800E0,-3.998316824E-1,5.339069963E-1
3.095809610E1,9.952696800E0,-4.022258818E-1,5.386953950E-1
3.096013068E1,9.928754807E0,-4.070142806E-1,5.410895944E-1
3.096219937E1,9.931148529E0,-4.094084799E-1,5.410895944E-1
3.096423414E1,9.921571732E0,-3.998316824E-1,5.506663918E-1
3.096623622E1,9.900024414E0,-3.663128614E-1,5.746083856E-1
3.096832787E1,9.916783333E0,-3.519476354E-1,6.009446383E-1
3.097028049E1,9.919178009E0,-3.495534360E-1,6.105214357E-1
3.097228026E1,9.897629738E0,-3.375824392E-1,6.344634295E-1
3.097434960E1,9.892841339E0,-3.184288144E-1,6.727706790E-1
3.097638499E1,9.902418137E0,-3.184288144E-1,6.823474765E-1
3.097845406E1,9.911994934E0,-3.136404157E-1,6.799532771E-1
3.098048933E1,9.907206535E0,-3.016694188E-1,6.703764796E-1
3.098255849E1,9.916783333E0,-2.968810201E-1,6.607996821E-1
3.098459310E1,9.933543205E0,-3.064578176E-1,6.488286853E-1
3.098662522E1,9.969455719E0,-3.136404157E-1,6.177040339E-1
3.098871053E1,9.967061996E0,-3.064578176E-1,6.033388376E-1
3.099067337E1,9.971850395E0,-2.873041928E-1,6.081272364E-1
3.099267387E1,9.955090523E0,-2.753331959E-1,6.177040339E-1
3.099474310E1,9.940725327E0,-2.944868207E-1,6.105214357E-1
3.099677830E1,9.945513725E0,-2.920926213E-1,6.057330370E-1
3.099884737E1,9.911994934E0,-3.112462163E-1,6.105214357E-1
3.100088233E1,9.916783333E0,-2.944868207E-1,6.033388376E-1
3.100295122E1,9.923966408E0,-2.825157940E-1,6.033388376E-1
3.100498622E1,9.916783333E0,-2.681505978E-1,6.105214357E-1
3.100698968E1,9.933543205E0,-2.561795712E-1,6.320692301E-1
3.100899322E1,9.933543205E0,-2.394201756E-1,6.512228847E-1
3.101106214E1,9.923966408E0,-2.274491638E-1,6.751648784E-1
3.101309749E1,9.904812813E0,-2.250549644E-1,6.919242740E-1
3.101516672E1,9.902418137E0,-2.274491638E-1,7.015010715E-1
3.101720153E1,9.902418137E0,-2.130839527E-1,7.158663273E-1
3.101927080E1,9.880870819E0,-2.130839527E-1,7.206547260E-1
3.102130580E1,9.866505623E0,-2.082955539E-1,7.254431248E-1
3.102337476E1,9.837775230E0,-2.082955539E-1,7.134721279E-1
3.102540949E1,9.809044838E0,-2.250549644E-1,6.967126727E-1
3.102743976E1,9.785101891E0,-2.298433632E-1,6.799532771E-1
3.102947060E1,9.768342972E0,-2.346317619E-1,6.847416759E-1
3.103154003E1,9.691728592E0,-2.202665508E-1,6.919242740E-1
3.103357472E1,9.713275909E0,-1.915361285E-1,6.799532771E-1
3.103564376E1,9.742006302E0,-1.891419291E-1,6.727706790E-1
3.103767814E1,9.797073364E0,-2.082955539E-1,6.679822803E-1
3.103974699E1,9.830592155E0,-2.082955539E-1,6.560112834E-1
3.104178210E1,9.844957352E0,-2.130839527E-1,6.440402865E-1
3.104385103E1,9.844957352E0,-1.915361285E-1,6.344634295E-1
3.104588633E1,9.844957352E0,-2.035071403E-1,6.200982332E-1
3.104788891E1,9.856928825E0,-2.130839527E-1,6.081272364E-1
3.104998014E1,9.885659218E0,-2.130839527E-1,5.889736414E-1
3.105193245E1,9.888052940E0,-2.106897533E-1,5.746083856E-1
3.105393203E1,9.897629738E0,-2.154781520E-1,5.770025849E-1
3.105600022E1,9.933543205E0,-1.867477298E-1,5.770025849E-1
3.105803503E1,9.938331604E0,-1.675941199E-1,5.674257874E-1
3.106010376E1,9.933543205E0,-1.699883193E-1,5.698199868E-1
3.106213841E1,9.950302124E0,-1.723825186E-1,5.698199868E-1
3.106420687E1,9.957485199E0,-1.628057212E-1,5.865794420E-1
3.106624095E1,9.952696800E0,-1.628057212E-1,5.889736414E-1
3.106827276E1,9.959878922E0,-1.604115069E-1,5.889736414E-1
3.107035760E1,9.952696800E0,-1.436520964E-1,5.985504389E-1
3.107231987E1,9.950302124E0,-1.436520964E-1,6.033388376E-1
3.107431953E1,9.955090523E0,-1.436520964E-1,6.153098345E-1
3.107638826E1,9.950302124E0,-1.484405100E-1,6.248866320E-1
3.107842280E1,9.923966408E0,-1.460463107E-1,6.512228847E-1
3.108049160E1,9.921571732E0,-1.388636976E-1,6.584054828E-1
3.108252680E1,9.928754807E0,-1.340752989E-1,6.751648784E-1
3.108459614E1,9.940725327E0,-1.436520964E-1,6.919242740E-1
3.108663060E1,9.923966408E0,-1.460463107E-1,6.991068721E-1
3.108866053E1,9.907206535E0,-1.412578970E-1,6.967126727E-1
3.109066187E1,9.888052940E0,-1.268926859E-1,7.110779285E-1
3.109273068E1,9.885659218E0,-1.364694983E-1,7.086837292E-1
3.109476568E1,9.871294022E0,-1.628057212E-1,7.086837292E-1
3.109683441E1,9.876082420E0,-1.580173075E-1,7.158663273E-1
3.109886937E1,9.866505623E0,-1.604115069E-1,7.158663273E-1
3.110093803E1,9.856928825E0,-1.580173075E-1,7.326257229E-1
3.110297303E1,9.844957352E0,-1.771709323E-1,7.493851185E-1
3.110504256E1,9.852140427E0,-1.843535304E-1,7.541735172E-1
3.110707803E1,9.854534149E0,-2.082955539E-1,7.661445141E-1
3.110910976E1,9.854534149E0,-2.226607651E-1,7.661445141E-1
3.111114203E1,9.864110947E0,-2.370259613E-1,7.685387731E-1
3.111321091E1,9.866505623E0,-2.537853718E-1,7.733271718E-1
3.111524572E1,9.880870819E0,-2.657563984E-1,7.829039693E-1
3.111731464E1,9.876082420E0,-3.016694188E-1,7.924807668E-1
3.111934930E1,9.873687744E0,-3.088520169E-1,7.972691655E-1
3.112137495E1,9.868899345E0,-3.399766386E-1,8.116343617E-1
3.112337510E1,9.873687744E0,-3.615244627E-1,8.259995580E-1
3.112544441E1,9.873687744E0,-3.687070608E-1,8.259995580E-1
3.112747941E1,9.868899345E0,-4.022258818E-1,8.451532125E-1
3.112948199E1,9.876082420E0,-4.381389022E-1,8.690952063E-1
3.113165226E1,9.871294022E0,-4.501099288E-1,8.786720037E-1
3.113353599E1,9.876082420E0,-4.596867263E-1,8.882488012E-1
3.113553603E1,9.892841339E0,-4.716577232E-1,8.810662031E-1
3.113760526E1,9.900024414E0,-4.764461517E-1,8.786720037E-1
3.113964049E1,9.902418137E0,-4.836287498E-1,8.667010069E-1
3.114170937E1,9.873687744E0,-4.932055473E-1,8.379706144E-1
3.114374395E1,9.868899345E0,-4.955997467E-1,8.331822157E-1
3.114581245E1,9.868899345E0,-4.812345505E-1,8.092401624E-1
3.114784699E1,9.873687744E0,-5.099649429E-1,7.781155705E-1
3.114987814E1,9.871294022E0,-5.147533417E-1,7.661445141E-1
3.115196349E1,9.849745750E0,-5.075707436E-1,7.541735172E-1
3.115392622E1,9.854534149E0,-4.955997467E-1,7.493851185E-1
3.115592626E1,9.837775230E0,-4.836287498E-1,7.493851185E-1
3.115799472E1,9.828198433E0,-4.692635238E-1,7.685387731E-1
3.116002964E1,9.823410034E0,-4.764461517E-1,8.092401624E-1
3.116209856E1,9.828198433E0,-4.812345505E-1,8.236053586E-1
3.116413330E1,9.852140427E0,-4.836287498E-1,8.307880163E-1
3.116620199E1,9.852140427E0,-4.884171486E-1,8.571242094E-1
3.116823680E1,9.832986832E0,-4.764461517E-1,9.169792533E-1
3.117023964E1,9.835380554E0,-4.740519226E-1,9.361328483E-1
3.117224287E1,9.792284966E0,-4.884171486E-1,9.720458984E-1
3.117431126E1,9.787496567E0,-4.955997467E-1,1.022324085E0
3.117634572E1,9.782708168E0,-5.003881454E-1,1.046266198E0
3.117841468E1,9.785101891E0,-5.075707436E-1,1.096544385E0
3.118044926E1,9.785101891E0,-5.171475410E-1,1.146822572E0
3.118251783E1,9.777919769E0,-5.147533417E-1,1.173158884E0
3.118455210E1,9.770736694E0,-4.955997467E-1,1.201889277E0
3.118662099E1,9.749189377E0,-5.003881454E-1,1.230619669E0
3.118865533E1,9.742006302E0,-4.932055473E-1,1.237802267E0
3.119065510E1,9.734824181E0,-5.027823448E-1,1.249773264E0
3.119268672E1,9.744400978E0,-5.099649429E-1,1.268926859E0
3.119475537E1,9.749189377E0,-5.243301988E-1,1.266532660E0
3.119678956E1,9.734824181E0,-5.243301988E-1,1.259350061E0
3.119885799E1,9.725247383E0,-5.195417404E-1,1.254561663E0
3.120089276E1,9.722852707E0,-5.075707436E-1,1.244984865E0
3.120296102E1,9.725247383E0,-5.051765442E-1,1.218648672E0
3.120499556E1,9.694122314E0,-5.051765442E-1,1.192312479E0
3.120706426E1,9.639056206E0,-4.668693244E-1,1.158793569E0
3.120909852E1,9.636661530E0,-4.548983276E-1,1.146822572E0
3.121110183E1,9.641449928E0,-4.405331016E-1,1.125274777E0
3.121319445E1,9.641449928E0,-4.548983276E-1,1.089361787E0
3.121514764E1,9.660603523E0,-4.620809257E-1,1.067813993E0
3.121714760E1,9.694122314E0,-4.453215301E-1,1.043871999E0
3.121921676E1,9.701305389E0,-4.812345505E-1,1.034295082E0
3.122125099E1,9.701305389E0,-4.812345505E-1,1.022324085E0
3.122331960E1,9.715670586E0,-4.716577232E-1,1.003170490E0
3.122535414E1,9.713275909E0,-4.908113480E-1,9.911994934E-1
3.122742283E1,9.708487511E0,-4.979939461E-1,9.864110947E-1
3.122945752E1,9.732429504E0,-5.051765442E-1,9.888052940E-1
3.123148937E1,9.749189377E0,-5.075707436E-1,9.792284966E-1
3.123357568E1,9.761159897E0,-5.195417404E-1,9.816226959E-1
3.123553776E1,9.789890289E0,-5.243301988E-1,9.768342972E-1
3.123753768E1,9.823410034E0,-5.482721925E-1,9.935936928E-1
3.123960672E1,9.830592155E0,-5.530605912E-1,1.000776291E0
3.124164172E1,9.837775230E0,-5.602431893E-1,1.017535686E0
3.124371106E1,9.849745750E0,-5.626373887E-1,1.034295082E0
3.124574633E1,9.852140427E0,-5.698199868E-1,1.048660398E0
3.124781506E1,9.856928825E0,-5.889736414E-1,1.098938584E0
3.124985006E1,9.852140427E0,-6.009446383E-1,1.125274777E0
3.125187987E1,9.842563629E0,-6.057330370E-1,1.142034173E0
3.125388126E1,9.830592155E0,-6.033388376E-1,1.189918280E0
3.125595006E1,9.832986832E0,-6.177040339E-1,1.213860273E0
3.125798483E1,9.849745750E0,-6.344634295E-1,1.230619669E0
3.126005376E1,9.856928825E0,-6.440402865E-1,1.244984865E0
3.126208868E1,9.844957352E0,-6.560112834E-1,1.256955862E0
3.126415795E1,9.832986832E0,-6.440402865E-1,1.278503656E0
3.126619229E1,9.835380554E0,-6.440402865E-1,1.280897856E0
3.126826053E1,9.842563629E0,-6.392518282E-1,1.297657371E0
3.127029529E1,9.825803757E0,-6.416460276E-1,1.331176162E0
3.127232699E1,9.821015358E0,-6.416460276E-1,1.331176162E0
3.127435829E1,9.804255486E0,-6.464344859E-1,1.350329757E0
3.127642687E1,9.787496567E0,-6.344634295E-1,1.357512355E0
3.127846160E1,9.787496567E0,-6.416460276E-1,1.355118155E0
3.128053033E1,9.756371498E0,-6.344634295E-1,1.345541358E0
3.128256449E1,9.727641106E0,-6.320692301E-1,1.343147159E0
3.128463326E1,9.718064308E0,-6.320692301E-1,1.350329757E0
3.128666756E1,9.706093788E0,-6.416460276E-1,1.357512355E0
3.128873564E1,9.684545517E0,-6.440402865E-1,1.355118155E0
3.129076964E1,9.679757118E0,-6.488286853E-1,1.369483352E0
3.129277322E1,9.670180321E0,-6.464344859E-1,1.376665950E0
3.129486406E1,9.665391922E0,-6.607996821E-1,1.395819545E0
3.129681637E1,9.658209801E0,-6.607996821E-1,1.414973259E0
3.129881591E1,9.653421402E0,-6.512228847E-1,1.419761658E0
3.130088510E1,9.682151794E0,-6.727706790E-1,1.431732655E0
3.130292018E1,9.667786598E0,-6.584054828E-1,1.429338455E0
3.130498922E1,9.662998199E0,-6.679822803E-1,1.424550056E0
3.130702406E1,9.658209801E0,-6.584054828E-1,1.431732655E0
3.130909268E1,9.651026726E0,-6.512228847E-1,1.410184860E0
3.131112803E1,9.651026726E0,-6.536170840E-1,1.403002143E0
3.131316041E1,9.667786598E0,-6.488286853E-1,1.422155857E0
3.131524829E1,9.646238327E0,-6.560112834E-1,1.419761658E0
3.131721060E1,9.641449928E0,-6.488286853E-1,1.424550056E0
3.131921045E1,9.617507935E0,-6.320692301E-1,1.443703651E0
3.132127964E1,9.631873131E0,-6.368576288E-1,1.443703651E0
3.132331441E1,9.636661530E0,-6.320692301E-1,1.434126854E0
3.132538360E1,9.643844604E0,-6.129156351E-1,1.441309452E0
3.132741833E1,9.648633003E0,-5.961562395E-1,1.429338455E0
3.132948741E1,9.653421402E0,-5.937620401E-1,1.424550056E0
3.133152241E1,9.658209801E0,-5.746083856E-1,1.431732655E0
3.133352564E1,9.660603523E0,-5.674257874E-1,1.443703651E0
3.133552929E1,9.665391922E0,-5.578489900E-1,1.443703651E0
3.133759879E1,9.684545517E0,-5.482721925E-1,1.448492050E0
3.133963399E1,9.696516991E0,-5.267243981E-1,1.460463047E0
3.134170310E1,9.689333916E0,-5.123591423E-1,1.448492050E0
3.134373791E1,9.686940193E0,-5.027823448E-1,1.443703651E0
3.134580710E1,9.698910713E0,-4.955997467E-1,1.446097851E0
3.134784226E1,9.706093788E0,-4.908113480E-1,1.450886250E0
3.134991076E1,9.718064308E0,-4.860229492E-1,1.441309452E0
3.135194579E1,9.730035782E0,-4.908113480E-1,1.450886250E0
3.135394572E1,9.734824181E0,-4.740519226E-1,1.448492050E0
3.135597664E1,9.734824181E0,-4.692635238E-1,1.448492050E0
3.135804541E1,9.730035782E0,-4.620809257E-1,1.448492050E0
3.136007987E1,9.742006302E0,-4.381389022E-1,1.458068848E0
3.136214887E1,9.746794701E0,-4.405331016E-1,1.460463047E0
3.136418260E1,9.746794701E0,-4.022258818E-1,1.458068848E0
3.136620756E1,9.727641106E0,-3.950432837E-1,1.443703651E0
3.136820691E1,9.734824181E0,-3.974374831E-1,1.446097851E0
3.137027510E1,9.727641106E0,-4.046200812E-1,1.436521053E0
3.137230879E1,9.710882187E0,-3.902548850E-1,1.429338455E0
3.137431176E1,9.703699112E0,-3.926490843E-1,1.434126854E0
3.137648037E1,9.662998199E0,-3.758896589E-1,1.436521053E0
3.137836303E1,9.631873131E0,-3.615244627E-1,1.393425345E0
3.138036260E1,9.619902611E0,-3.471592367E-1,1.371877551E0
3.138243072E1,9.610325813E0,-3.256114423E-1,1.352723956E0
3.138446476E1,9.615114212E0,-3.256114423E-1,1.338358760E0
3.138653303E1,9.624691010E0,-3.280056417E-1,1.338358760E0
3.138856726E1,9.648633003E0,-3.208230138E-1,1.347935557E0
3.139063545E1,9.670180321E0,-3.136404157E-1,1.359906554E0
3.139266968E1,9.564835548E0,-3.136404157E-1,1.309628367E0
3.139470099E1,9.481039047E0,-2.801215947E-1,1.240196466E0
3.139678668E1,9.346963882E0,-2.418143749E-1,1.115697980E0
3.139874822E1,9.272743225E0,-2.035071403E-1,1.027112484E0
3.140074760E1,9.263166428E0,-1.939303428E-1,9.983820915E-1
3.140281606E1,9.301473618E0,-1.723825186E-1,1.003170490E0
3.140485060E1,9.394847870E0,-1.771709323E-1,1.046266198E0
3.140691933E1,9.454702377E0,-1.795651317E-1,1.103726983E0
3.140895453E1,9.588777542E0,-2.059013397E-1,1.288080573E0
3.141102276E1,9.725247383E0,-2.489969730E-1,1.465251446E0
3.141305714E1,9.806650162E0,-2.705447972E-1,1.549048543E0
3.141508699E1,9.933543205E0,-3.088520169E-1,1.723825216E0
3.141708833E1,9.998186111E0,-3.711012602E-1,1.841141105E0
3.141915702E1,1.001733971E1,-3.974374831E-1,1.874659896E0
3.142119195E1,1.000776291E1,-4.165911078E-1,1.910573006E0
3.142326060E1,9.988609314E0,-4.261679053E-1,1.903390408E0
3.142529529E1,9.974244118E0,-4.237737060E-1,1.889025092E0
3.142736426E1,9.926360130E0,-4.357447028E-1,1.865083098E0
3.142939883E1,9.885659218E0,-4.453215301E-1,1.838746905E0
3.143146787E1,9.840168953E0,-4.405331016E-1,1.821987510E0
3.143350287E1,9.813833237E0,-4.261679053E-1,1.790862918E0
3.143553499E1,9.770736694E0,-4.141969085E-1,1.781286120E0
3.143756668E1,9.749189377E0,-4.118026793E-1,1.771709204E0
3.143963560E1,9.751583099E0,-3.950432837E-1,1.762132406E0
3.144167022E1,9.737217903E0,-3.926490843E-1,1.764526606E0
3.144373818E1,9.742006302E0,-3.854664862E-1,1.778891921E0
3.144577264E1,9.744400978E0,-3.806780577E-1,1.783680320E0
3.144784014E1,9.720458984E0,-3.734954596E-1,1.790862918E0
3.144987422E1,9.727641106E0,-3.615244627E-1,1.819593310E0
3.145194268E1,9.722852707E0,-3.591302633E-1,1.819593310E0
3.145397718E1,9.703699112E0,-3.711012602E-1,1.838746905E0
3.145598022E1,9.710882187E0,-3.878606856E-1,1.845929503E0
3.145807160E1,9.715670586E0,-3.974374831E-1,1.841141105E0
3.146002372E1,9.713275909E0,-3.902548850E-1,1.857900500E0
3.146202318E1,9.725247383E0,-3.758896589E-1,1.877054095E0
3.146409214E1,9.725247383E0,-3.758896589E-1,1.874659896E0
3.146612656E1,9.715670586E0,-3.878606856E-1,1.865083098E0
3.146819479E1,9.734824181E0,-3.830722570E-1,1.853112102E0
3.147022887E1,9.737217903E0,-3.782838583E-1,1.845929503E0
3.147229691E1,9.742006302E0,-3.902548850E-1,1.865083098E0
3.147433091E1,9.761159897E0,-4.070142806E-1,1.848323703E0
3.147636210E1,9.765948296E0,-3.974374831E-1,1.817199111E0
3.147844814E1,9.775525093E0,-3.950432837E-1,1.793257117E0
3.148041002E1,9.864110947E0,-4.477157295E-1,1.656787634E0
3.148240926E1,9.919178009E0,-5.123591423E-1,1.376665950E0
3.148447718E1,9.897629738E0,-7.086837292E-1,7.733271718E-1
3.148651129E1,9.677363396E0,-9.744400978E-1,4.213795066E-1
3.148857918E1,9.251194954E0,-1.074996591E0,4.213795066E-1
3.149061333E1,9.050082207E0,-1.005564690E0,5.602431893E-1
3.149268191E1,8.937555313E0,-6.967126727E-1,1.029506683E0
3.149471649E1,9.301473618E0,-3.232172430E-1,1.517923832E0
3.149671972E1,9.586383820E0,-1.651999205E-1,1.714248419E0
3.149872279E1,1.010353088E1,5.506663769E-2,2.061407566E0
3.150079168E1,1.034774017E1,1.532289088E-1,2.178723574E0
3.150282629E1,1.040041256E1,1.628057212E-1,2.097320795E0
3.150489491E1,1.040041256E1,1.628057212E-1,1.807622313E0
3.150692929E1,1.015859795E1,9.816227108E-2,1.458068848E0
3.150899799E1,1.001973438E1,8.619125932E-2,1.283292055E0
3.151103195E1,9.777919769E0,5.746084079E-2,1.036689281E0
3.151310087E1,9.636661530E0,-4.788403399E-3,9.337386489E-1
3.151513522E1,9.588777542E0,-3.351882473E-2,9.433154464E-1
3.151716845E1,9.574412346E0,-6.943184882E-2,9.145850539E-1
3.151920029E1,9.653421402E0,-1.005564705E-1,8.619126081E-1
3.152126918E1,9.768342972E0,-1.005564705E-1,7.900865674E-1
3.152330414E1,9.844957352E0,-9.097966552E-2,7.661445141E-1
3.152537322E1,9.959878922E0,-9.816227108E-2,7.661445141E-1
3.152740756E1,1.003409958E1,-9.816227108E-2,8.188169599E-1
3.152947610E1,1.003649330E1,-1.029506698E-1,8.499416113E-1
3.153151083E1,9.991003990E0,-1.292868853E-1,9.337386489E-1
3.153357949E1,9.919178009E0,-1.173158810E-1,9.600749016E-1
3.153561387E1,9.873687744E0,-1.268926859E-1,9.528923035E-1
3.153761652E1,9.794678688E0,-1.340752989E-1,9.217676520E-1
3.153970818E1,9.703699112E0,-1.268926859E-1,8.858546019E-1
3.154166037E1,9.679757118E0,-1.316810995E-1,8.810662031E-1
3.154366006E1,9.679757118E0,-1.292868853E-1,8.834604025E-1
3.154572887E1,9.684545517E0,-1.412578970E-1,1.055842996E0
3.154776372E1,9.677363396E0,-1.460463107E-1,1.177947283E0
3.154983256E1,9.753977776E0,-1.436520964E-1,1.276109457E0
3.155186729E1,9.852140427E0,-1.388636976E-1,1.338358760E0
3.155393610E1,9.928754807E0,-1.268926859E-1,1.266532660E0
3.155597110E1,1.002931118E1,-1.268926859E-1,1.199495077E0
3.155800287E1,1.010831928E1,-1.412578970E-1,1.218648672E0
3.156008922E1,1.016099167E1,-1.532289088E-1,1.130063176E0
3.156205060E1,1.013944435E1,-1.819593310E-1,1.115697980E0
3.156405045E1,1.012986755E1,-2.202665508E-1,1.067813993E0
3.156611902E1,1.014662647E1,-2.346317619E-1,9.959878922E-1
3.156815356E1,1.018972206E1,-2.705447972E-1,8.762778044E-1
3.157022245E1,1.024718285E1,-3.184288144E-1,8.236053586E-1
3.157225737E1,1.026154804E1,-3.615244627E-1,8.188169599E-1
3.157432633E1,1.025915432E1,-3.758896589E-1,8.283938169E-1
3.157636079E1,1.025436592E1,-4.022258818E-1,8.475474119E-1
3.157839072E1,1.025915432E1,-4.453215301E-1,9.145850539E-1
3.158039295E1,1.026154804E1,-4.548983276E-1,9.624691010E-1
3.158246183E1,1.028070164E1,-4.716577232E-1,1.029506683E0
3.158449668E1,1.025436592E1,-4.620809257E-1,1.086967587E0
3.158656510E1,1.022802925E1,-4.644751251E-1,1.115697980E0
3.158859956E1,1.020169353E1,-4.596867263E-1,1.134851575E0
3.159066795E1,1.016817474E1,-4.596867263E-1,1.149216771E0
3.159270241E1,1.014662647E1,-4.477157295E-1,1.161187768E0
3.159477079E1,1.008916569E1,-4.357447028E-1,1.185129881E0
3.159680510E1,1.004607010E1,-4.357447028E-1,1.201889277E0
3.159880495E1,1.001973438E1,-4.429273009E-1,1.218648672E0
3.160083649E1,9.976638794E0,-4.405331016E-1,1.254561663E0
3.160290499E1,9.957485199E0,-4.453215301E-1,1.297657371E0
3.160493968E1,9.935936928E0,-4.261679053E-1,1.316810966E0
3.160700887E1,9.871294022E0,-4.357447028E-1,1.362300754E0
3.160904376E1,9.821015358E0,-4.165911078E-1,1.381454349E0
3.161106806E1,9.770736694E0,-4.046200812E-1,1.398213744E0
3.161306860E1,9.770736694E0,-4.022258818E-1,1.398213744E0
3.161513733E1,9.746794701E0,-3.974374831E-1,1.383848548E0
3.161717214E1,9.713275909E0,-3.902548850E-1,1.391031146E0
3.161917437E1,9.706093788E0,-3.758896589E-1,1.381454349E0
3.162134264E1,9.672574997E0,-3.615244627E-1,1.395819545E0
3.162322545E1,9.655815125E0,-3.495534360E-1,1.386242747E0
3.162522525E1,9.655815125E0,-3.375824392E-1,1.379060149E0
3.162729418E1,9.677363396E0,-3.303998411E-1,1.383848548E0
3.162932891E1,9.682151794E0,-3.112462163E-1,1.386242747E0
3.163139741E1,9.679757118E0,-3.016694188E-1,1.379060149E0
3.163343183E1,9.677363396E0,-2.992752194E-1,1.376665950E0
3.163550068E1,9.701305389E0,-2.825157940E-1,1.367089152E0
3.163753599E1,9.713275909E0,-2.777273953E-1,1.374271750E0
3.163953637E1,9.737217903E0,-2.657563984E-1,1.391031146E0
3.164162195E1,9.746794701E0,-2.825157940E-1,1.412579060E0
3.164358456E1,9.744400978E0,-2.777273953E-1,1.422155857E0
3.164558475E1,9.720458984E0,-2.561795712E-1,1.417367458E0
3.164765422E1,9.722852707E0,-2.681505978E-1,1.429338455E0
3.164968925E1,9.732429504E0,-2.777273953E-1,1.434126854E0
3.165175860E1,9.737217903E0,-2.537853718E-1,1.424550056E0
3.165379391E1,9.744400978E0,-2.585737705E-1,1.431732655E0
3.165586210E1,9.744400978E0,-2.537853718E-1,1.441309452E0
3.165789710E1,9.753977776E0,-2.657563984E-1,1.429338455E0
3.165990068E1,9.761159897E0,-2.849099934E-1,1.438915253E0
3.166190391E1,9.749189377E0,-2.777273953E-1,1.448492050E0
3.166397306E1,9.737217903E0,-2.561795712E-1,1.486799240E0
3.166600806E1,9.730035782E0,-2.513911724E-1,1.510741234E0
3.166807691E1,9.718064308E0,-2.513911724E-1,1.515529633E0
3.167011195E1,9.703699112E0,-2.466027737E-1,1.515529633E0
3.167218064E1,9.713275909E0,-2.370259613E-1,1.510741234E0
3.167421541E1,9.737217903E0,-2.489969730E-1,1.491587639E0
3.167628445E1,9.734824181E0,-2.561795712E-1,1.491587639E0
3.167831956E1,9.730035782E0,-2.753331959E-1,1.496376038E0
3.168035175E1,9.751583099E0,-2.825157940E-1,1.498770237E0
3.168238352E1,9.763554573E0,-2.920926213E-1,1.491587639E0
3.168445248E1,9.770736694E0,-3.160346150E-1,1.465251446E0
3.168648706E1,9.770736694E0,-3.160346150E-1,1.455674648E0
3.168855579E1,9.780313492E0,-3.160346150E-1,1.443703651E0
3.169059025E1,9.782708168E0,-3.136404157E-1,1.422155857E0
3.169265941E1,9.785101891E0,-3.399766386E-1,1.434126854E0
3.169469422E1,9.785101891E0,-3.423708379E-1,1.429338455E0
3.169676360E1,9.811438560E0,-3.447650373E-1,1.426944256E0
3.169879910E1,9.825803757E0,-3.663128614E-1,1.426944256E0
3.170080210E1,9.828198433E0,-3.663128614E-1,1.429338455E0
3.170289337E1,9.852140427E0,-3.567360640E-1,1.431732655E0
3.170484672E1,9.876082420E0,-3.806780577E-1,1.434126854E0
3.170684656E1,9.880870819E0,-3.902548850E-1,1.441309452E0
3.170891522E1,9.902418137E0,-3.854664862E-1,1.453280449E0
3.171094991E1,9.892841339E0,-3.806780577E-1,1.458068848E0
3.171301918E1,9.871294022E0,-3.758896589E-1,1.472434044E0
3.171505395E1,9.868899345E0,-3.734954596E-1,1.477222443E0
3.171712310E1,9.876082420E0,-3.639186621E-1,1.486799240E0
3.171915768E1,9.859322548E0,-3.615244627E-1,1.505952835E0
3.172118806E1,9.842563629E0,-3.543418646E-1,1.503558636E0
3.172327487E1,9.840168953E0,-3.399766386E-1,1.510741234E0
3.172523741E1,9.816226959E0,-3.160346150E-1,1.517923832E0
3.172723772E1,9.809044838E0,-3.016694188E-1,1.508347034E0
3.172930718E1,9.823410034E0,-3.016694188E-1,1.491587639E0
3.173134214E1,9.797073364E0,-2.968810201E-1,1.474828243E0
3.173341075E1,9.780313492E0,-2.920926213E-1,1.467645645E0
3.173544568E1,9.763554573E0,-2.801215947E-1,1.453280449E0
3.173751472E1,9.749189377E0,-2.729389966E-1,1.446097851E0
3.173954902E1,9.739612579E0,-2.777273953E-1,1.453280449E0
3.174157806E1,9.710882187E0,-2.849099934E-1,1.484405041E0
3.174357837E1,9.677363396E0,-2.753331959E-1,1.508347034E0
3.174564637E1,9.622296333E0,-2.920926213E-1,1.644816518E0
3.174768025E1,9.421183586E0,-3.303998411E-1,1.965639591E0
3.174974775E1,9.385271072E0,-2.825157940E-1,1.745373011E0
3.175178114E1,9.521739960E0,-2.705447972E-1,1.637633920E0
3.175384933E1,9.605537415E0,-2.394201756E-1,1.417367458E0
3.175588341E1,9.684545517E0,-2.561795712E-1,1.414973259E0
3.175795168E1,9.756371498E0,-2.537853718E-1,1.407790542E0
3.175998599E1,9.782708168E0,-2.705447972E-1,1.388636947E0
3.176201745E1,9.835380554E0,-3.040636182E-1,1.374271750E0
3.176404810E1,9.849745750E0,-2.992752194E-1,1.352723956E0
3.176611652E1,9.864110947E0,-3.016694188E-1,1.357512355E0
3.176815087E1,9.859322548E0,-3.256114423E-1,1.386242747E0
3.177021918E1,9.825803757E0,-3.471592367E-1,1.424550056E0
3.177225345E1,9.804255486E0,-3.495534360E-1,1.448492050E0
3.177432229E1,9.768342972E0,-3.782838583E-1,1.486799240E0
3.177635664E1,9.732429504E0,-3.782838583E-1,1.525106430E0
3.177842483E1,9.703699112E0,-3.854664862E-1,1.549048543E0
3.178045887E1,9.648633003E0,-4.046200812E-1,1.577778935E0
3.178246168E1,9.598354340E0,-3.998316824E-1,1.563413739E0
3.178455352E1,9.579200745E0,-3.998316824E-1,1.532289028E0
3.178650637E1,9.579200745E0,-3.998316824E-1,1.522712231E0
3.178850564E1,9.600749016E0,-3.806780577E-1,1.493981838E0
3.179057410E1,9.607931137E0,-3.758896589E-1,1.482010841E0
3.179260818E1,9.634267807E0,-3.591302633E-1,1.472434044E0
3.179467718E1,9.662998199E0,-3.423708379E-1,1.503558636E0
3.179671206E1,9.658209801E0,-3.399766386E-1,1.534683347E0
3.179878098E1,9.651026726E0,-3.351882398E-1,1.546654344E0
3.180081545E1,9.658209801E0,-3.232172430E-1,1.570596337E0
3.180284683E1,9.658209801E0,-3.303998411E-1,1.604115129E0
3.180493183E1,9.653421402E0,-3.184288144E-1,1.611297727E0
3.180689360E1,9.646238327E0,-2.992752194E-1,1.611297727E0
3.180889306E1,9.646238327E0,-3.208230138E-1,1.592144132E0
3.181096164E1,9.648633003E0,-3.160346150E-1,1.589749932E0
3.181299537E1,9.662998199E0,-2.992752194E-1,1.551442742E0
3.181506368E1,9.662998199E0,-3.208230138E-1,1.541865945E0
3.181709798E1,9.667786598E0,-3.280056417E-1,1.529894829E0
3.181916683E1,9.682151794E0,-3.184288144E-1,1.513135433E0
3.182120141E1,9.689333916E0,-3.232172430E-1,1.505952835E0
3.182320441E1,9.706093788E0,-3.184288144E-1,1.508347034E0
3.182520756E1,9.710882187E0,-3.184288144E-1,1.515529633E0
3.182727648E1,9.722852707E0,-3.016694188E-1,1.549048543E0
3.182931156E1,9.694122314E0,-3.327940404E-1,1.778891921E0
3.183137975E1,9.588777542E0,-4.596867263E-1,2.396595955E0
3.183341445E1,9.512163162E0,-4.141969085E-1,2.001552582E0
3.183548279E1,9.514557838E0,-3.974374831E-1,1.877054095E0
3.183751768E1,9.531316757E0,-3.687070608E-1,1.716642618E0
3.183958648E1,9.603142738E0,-2.968810201E-1,1.472434044E0
3.184162122E1,9.737217903E0,-2.705447972E-1,1.343147159E0
3.184365264E1,9.806650162E0,-2.609679997E-1,1.285686255E0
3.184568387E1,9.923966408E0,-2.825157940E-1,1.261744261E0
3.184775310E1,9.983820915E0,-2.896983922E-1,1.233013868E0
3.184978775E1,9.979032516E0,-2.825157940E-1,1.240196466E0
3.185185637E1,9.964667320E0,-2.992752194E-1,1.256955862E0
3.185389095E1,9.935936928E0,-3.184288144E-1,1.244984865E0
3.185591525E1,9.907206535E0,-3.160346150E-1,1.221042871E0
3.185791506E1,9.876082420E0,-3.112462163E-1,1.233013868E0
3.185998391E1,9.821015358E0,-3.112462163E-1,1.266532660E0
3.186201872E1,9.794678688E0,-3.208230138E-1,1.292868972E0
3.186402168E1,9.753977776E0,-3.567360640E-1,1.357512355E0
3.186619056E1,9.763554573E0,-3.687070608E-1,1.391031146E0
3.186807395E1,9.761159897E0,-3.782838583E-1,1.395819545E0
3.187007310E1,9.756371498E0,-3.950432837E-1,1.364694953E0
3.187214187E1,9.746794701E0,-3.806780577E-1,1.321599364E0
3.187417664E1,9.744400978E0,-3.687070608E-1,1.312022567E0
3.187624391E1,9.758766174E0,-3.615244627E-1,1.302445769E0
3.187827806E1,9.773131371E0,-3.591302633E-1,1.302445769E0
3.188034691E1,9.775525093E0,-3.615244627E-1,1.312022567E0
3.188238098E1,9.787496567E0,-3.543418646E-1,1.352723956E0
3.188441198E1,9.830592155E0,-3.543418646E-1,1.391031146E0
3.188649695E1,9.828198433E0,-3.734954596E-1,1.446097851E0
3.188845898E1,9.832986832E0,-3.782838583E-1,1.477222443E0
3.189045856E1,9.823410034E0,-3.830722570E-1,1.508347034E0
3.189252710E1,9.799467087E0,-3.854664862E-1,1.510741234E0
3.189456114E1,9.806650162E0,-3.950432837E-1,1.510741234E0
3.189663014E1,9.828198433E0,-4.046200812E-1,1.513135433E0
3.189866445E1,9.840168953E0,-4.094084799E-1,1.508347034E0
3.190073298E1,9.842563629E0,-4.094084799E-1,1.503558636E0
3.190276779E1,9.854534149E0,-4.309563041E-1,1.510741234E0
3.190479687E1,9.890447617E0,-4.429273009E-1,1.505952835E0
3.190679733E1,9.909601212E0,-4.333505034E-1,1.513135433E0
3.190886560E1,9.940725327E0,-4.453215301E-1,1.515529633E0
3.191090006E1,9.952696800E0,-4.501099288E-1,1.505952835E0
3.191296879E1,9.962273598E0,-4.620809257E-1,1.505952835E0
3.191500306E1,9.964667320E0,-4.884171486E-1,1.508347034E0
3.191707172E1,9.979032516E0,-4.836287498E-1,1.496376038E0
3.191910633E1,9.971850395E0,-4.788403511E-1,1.501164436E0
3.192117510E1,9.952696800E0,-4.884171486E-1,1.489193439E0
3.192321029E1,9.928754807E0,-4.788403511E-1,1.477222443E0
3.192524302E1,9.919178009E0,-4.812345505E-1,1.477222443E0
3.192727498E1,9.897629738E0,-4.740519226E-1,1.479616642E0
3.192934441E1,9.873687744E0,-4.716577232E-1,1.477222443E0
3.193137941E1,9.825803757E0,-4.620809257E-1,1.453280449E0
3.193344829E1,9.806650162E0,-4.501099288E-1,1.443703651E0
3.193548291E1,9.782708168E0,-4.285621047E-1,1.426944256E0
3.193755122E1,9.777919769E0,-4.285621047E-1,1.426944256E0
3.193958545E1,9.770736694E0,-4.357447028E-1,1.419761658E0
3.194165406E1,9.753977776E0,-4.165911078E-1,1.414973259E0
3.194368856E1,9.746794701E0,-3.806780577E-1,1.422155857E0
3.194569087E1,9.742006302E0,-3.758896589E-1,1.434126854E0
3.194778164E1,9.732429504E0,-3.711012602E-1,1.426944256E0
3.194973445E1,9.722852707E0,-3.711012602E-1,1.424550056E0
3.195173441E1,9.708487511E0,-3.734954596E-1,1.417367458E0
3.195380256E1,9.696516991E0,-3.543418646E-1,1.398213744E0
3.195583664E1,9.677363396E0,-3.519476354E-1,1.412579060E0
3.195790510E1,9.674968719E0,-3.471592367E-1,1.417367458E0
3.195993933E1,9.689333916E0,-3.351882398E-1,1.431732655E0
3.196200802E1,9.698910713E0,-3.064578176E-1,1.434126854E0
3.196404264E1,9.698910713E0,-3.088520169E-1,1.436521053E0
3.196607425E1,9.682151794E0,-3.112462163E-1,1.453280449E0
3.196816045E1,9.677363396E0,-3.040636182E-1,1.455674648E0
3.197012264E1,9.667786598E0,-2.992752194E-1,1.450886250E0
3.197212191E1,9.677363396E0,-3.016694188E-1,1.450886250E0
3.197419006E1,9.648633003E0,-3.280056417E-1,1.448492050E0
3.197622375E1,9.660603523E0,-3.280056417E-1,1.450886250E0
3.197829218E1,9.655815125E0,-3.519476354E-1,1.450886250E0
3.198032629E1,9.684545517E0,-3.543418646E-1,1.441309452E0
3.198239441E1,9.686940193E0,-3.471592367E-1,1.438915253E0
3.198442806E1,9.689333916E0,-3.615244627E-1,1.436521053E0
3.198642968E1,9.689333916E0,-3.806780577E-1,1.417367458E0
3.198843644E1,9.706093788E0,-3.854664862E-1,1.412579060E0
3.199050445E1,9.708487511E0,-3.902548850E-1,1.412579060E0
3.199253872E1,9.713275909E0,-4.189853072E-1,1.419761658E0
3.199460694E1,9.706093788E0,-4.165911078E-1,1.424550056E0
3.199664141E1,9.660603523E0,-4.046200812E-1,1.400607944E0
3.199870960E1,9.548076630E0,-3.854664862E-1,1.295263171E0
3.200074402E1,9.457097054E0,-3.663128614E-1,1.115697980E0
3.200281272E1,9.433155060E0,-3.519476354E-1,1.017535686E0
3.200484744E1,9.411606789E0,-3.280056417E-1,8.643068075E-1
3.200684706E1,9.402029991E0,-3.256114423E-1,7.445967197E-1
3.200887787E1,9.404424667E0,-3.160346150E-1,7.062895298E-1
3.201094683E1,9.433155060E0,-2.849099934E-1,6.655880809E-1
3.201298106E1,9.504981041E0,-2.633621991E-1,6.679822803E-1
3.201504925E1,9.603142738E0,-2.705447972E-1,6.775590777E-1
3.201708337E1,9.641449928E0,-2.968810201E-1,7.445967197E-1
3.201915164E1,9.722852707E0,-3.064578176E-1,8.331822157E-1
3.202118587E1,9.806650162E0,-3.519476354E-1,9.145850539E-1
3.202325418E1,9.844957352E0,-3.567360640E-1,9.504981041E-1
3.202528837E1,9.921571732E0,-3.974374831E-1,1.012747288E0
3.202728968E1,9.950302124E0,-4.141969085E-1,1.019929886E0
3.202938129E1,9.962273598E0,-4.309563041E-1,1.019929886E0
3.203133510E1,9.983820915E0,-4.596867263E-1,1.036689281E0
3.203333510E1,9.969455719E0,-4.716577232E-1,1.065419793E0
3.203540383E1,9.957485199E0,-4.860229492E-1,1.079784989E0
3.203743844E1,9.967061996E0,-4.596867263E-1,1.103726983E0
3.203950737E1,9.969455719E0,-4.620809257E-1,1.149216771E0
3.204154245E1,9.957485199E0,-4.572925270E-1,1.177947283E0
3.204361175E1,9.935936928E0,-4.333505034E-1,1.276109457E0
3.204564691E1,9.947908401E0,-4.501099288E-1,1.386242747E0
3.204767910E1,9.969455719E0,-4.525041282E-1,1.458068848E0
3.204976429E1,1.002691650E1,-4.812345505E-1,1.611297727E0
3.205172668E1,1.005564690E1,-4.932055473E-1,1.771709204E0
3.205372618E1,1.007480049E1,-4.955997467E-1,1.841141105E0
3.205579437E1,1.008437729E1,-5.171475410E-1,1.975216389E0
3.205782848E1,1.007480049E1,-5.195417404E-1,2.049436569E0
3.205989656E1,1.005804157E1,-5.291185975E-1,2.049436569E0
3.206193064E1,9.993397713E0,-5.291185975E-1,2.027888775E0
3.206399864E1,9.921571732E0,-5.075707436E-1,1.977610588E0
3.206603256E1,9.847352028E0,-4.908113480E-1,1.910573006E0
3.206806164E1,9.825803757E0,-4.644751251E-1,1.879448295E0
3.207006252E1,9.780313492E0,-4.477157295E-1,1.817199111E0
3.207213114E1,9.739612579E0,-4.046200812E-1,1.766920805E0
3.207416552E1,9.710882187E0,-3.758896589E-1,1.742978811E0
3.207623352E1,9.651026726E0,-3.423708379E-1,1.678335428E0
3.207826744E1,9.617507935E0,-2.968810201E-1,1.596932530E0
3.208033533E1,9.598354340E0,-2.896983922E-1,1.565807939E0
3.208236952E1,9.564835548E0,-2.250549644E-1,1.517923832E0
3.208443775E1,9.521739960E0,-2.011129409E-1,1.470039845E0
3.208647187E1,9.500192642E0,-1.891419291E-1,1.450886250E0
3.208850233E1,9.493009567E0,-1.580173075E-1,1.438915253E0
3.209053425E1,9.471462250E0,-1.197100878E-1,1.434126854E0
3.209260294E1,9.457097054E0,-1.053448766E-1,1.414973259E0
3.209463721E1,9.397241592E0,-8.140286058E-2,1.391031146E0
3.209670595E1,9.349357605E0,-7.422025502E-2,1.374271750E0
3.209873960E1,9.332598686E0,-7.422025502E-2,1.359906554E0
3.210076345E1,9.306262016E0,-7.182604820E-2,1.309628367E0
3.210276225E1,9.265560150E0,-3.112462163E-2,1.283292055E0
3.210483014E1,9.234436035E0,-1.915361360E-2,1.276109457E0
3.210686425E1,9.222464561E0,-1.915361360E-2,1.273715258E0
3.210886787E1,9.267954826E0,-9.576806799E-3,1.319205165E0
3.211103802E1,9.349357605E0,-3.830722719E-2,1.379060149E0
3.211292094E1,9.404424667E0,-6.464344263E-2,1.417367458E0
3.211492010E1,9.504981041E0,-1.125274822E-1,1.501164436E0
3.211698829E1,9.588777542E0,-1.388636976E-1,1.587355733E0
3.211902218E1,9.622296333E0,-2.178723514E-1,1.632845521E0
3.212109033E1,9.698910713E0,-2.777273953E-1,1.695094824E0
3.212312448E1,9.744400978E0,-3.543418646E-1,1.747767210E0
3.212519314E1,9.746794701E0,-3.782838583E-1,1.776497602E0
3.212722741E1,9.763554573E0,-4.165911078E-1,1.831564307E0
3.212925875E1,9.744400978E0,-4.501099288E-1,1.841141105E0
3.213134398E1,9.734824181E0,-4.572925270E-1,1.843535304E0
3.213330579E1,9.686940193E0,-4.740519226E-1,1.857900500E0
3.213530548E1,9.660603523E0,-4.716577232E-1,1.848323703E0
3.213737425E1,9.646238327E0,-4.812345505E-1,1.843535304E0
3.213940775E1,9.641449928E0,-4.836287498E-1,1.833958507E0
3.214147591E1,9.639056206E0,-4.740519226E-1,1.843535304E0
3.214351029E1,9.634267807E0,-4.836287498E-1,1.838746905E0
3.214557856E1,9.636661530E0,-4.788403511E-1,1.855506301E0
3.214761291E1,9.651026726E0,-4.716577232E-1,1.845929503E0
3.214961583E1,9.660603523E0,-4.620809257E-1,1.855506301E0
3.215161848E1,9.684545517E0,-4.644751251E-1,1.903390408E0
3.215368648E1,9.696516991E0,-5.027823448E-1,1.948880196E0
3.215572060E1,9.696516991E0,-5.147533417E-1,1.970427990E0
3.215778852E1,9.708487511E0,-5.410895944E-1,2.011129379E0
3.215982168E1,9.713275909E0,-5.770025849E-1,2.061407566E0
3.216189087E1,9.746794701E0,-5.889736414E-1,2.099714994E0
3.216392491E1,9.756371498E0,-6.105214357E-1,2.114080191E0
3.216599302E1,9.761159897E0,-6.344634295E-1,2.138022184E0
3.216802698E1,9.756371498E0,-6.464344859E-1,2.164358377E0
3.217002618E1,9.749189377E0,-6.536170840E-1,2.169146776E0
3.217205664E1,9.746794701E0,-6.703764796E-1,2.149993181E0
3.217412502E1,9.749189377E0,-6.823474765E-1,2.111685991E0
3.217615918E1,9.742006302E0,-6.823474765E-1,2.099714994E0
3.217822733E1,9.732429504E0,-6.799532771E-1,2.102109194E0
3.218026168E1,9.725247383E0,-6.871358752E-1,2.111685991E0
3.218232960E1,9.713275909E0,-6.823474765E-1,2.111685991E0
3.218436364E1,9.689333916E0,-6.823474765E-1,2.104503393E0
3.218643194E1,9.682151794E0,-7.062895298E-1,2.114080191E0
3.218846571E1,9.658209801E0,-7.038952708E-1,2.123656988E0
3.219046810E1,9.631873131E0,-7.038952708E-1,2.152387381E0
3.219255852E1,9.607931137E0,-7.086837292E-1,2.173935175E0
3.219451175E1,9.607931137E0,-7.206547260E-1,2.183511972E0
3.219651094E1,9.615114212E0,-7.206547260E-1,2.185906172E0
3.219857902E1,9.639056206E0,-7.254431248E-1,2.171540976E0
3.220061352E1,9.653421402E0,-7.278373241E-1,2.159569979E0
3.220268279E1,9.679757118E0,-7.278373241E-1,2.149993181E0
3.220471637E1,9.701305389E0,-7.158663273E-1,2.152387381E0
3.220678541E1,9.722852707E0,-6.967126727E-1,2.135627985E0
3.220882006E1,9.730035782E0,-6.895300746E-1,2.135627985E0
3.221081960E1,9.742006302E0,-6.799532771E-1,2.128445387E0
3.221290452E1,9.768342972E0,-6.607996821E-1,2.109291792E0
3.221486618E1,9.770736694E0,-6.560112834E-1,2.097320795E0
3.221686621E1,9.765948296E0,-6.560112834E-1,2.078166962E0
3.221893521E1,9.734824181E0,-6.320692301E-1,2.075772762E0
3.222097010E1,9.703699112E0,-6.272808313E-1,2.078166962E0
3.222303933E1,9.646238327E0,-6.177040339E-1,2.082955360E0
3.222507406E1,9.607931137E0,-6.057330370E-1,2.114080191E0
3.222714371E1,9.574412346E0,-6.033388376E-1,2.126051188E0
3.222917856E1,9.524134636E0,-5.817909837E-1,2.149993181E0
3.223120864E1,9.488221169E0,-5.817909837E-1,2.173935175E0
3.223321018E1,9.481039047E0,-5.746083856E-1,2.185906172E0
3.223527921E1,9.469067574E0,-5.650315881E-1,2.205059767E0
3.223731414E1,9.473855972E0,-5.770025849E-1,2.219424963E0
3.223938333E1,9.478644371E0,-5.793967843E-1,2.231395960E0
3.224141837E1,9.504981041E0,-5.746083856E-1,2.252943754E0
3.224348775E1,9.514557838E0,-5.865794420E-1,2.281674147E0
3.224552287E1,9.514557838E0,-6.033388376E-1,2.288856745E0
3.224759248E1,9.538499832E0,-6.105214357E-1,2.310404539E0
3.224962787E1,9.533711433E0,-5.985504389E-1,2.315192938E0
3.225162841E1,9.540893555E0,-6.153098345E-1,2.315192938E0
3.225365979E1,9.550470352E0,-6.177040339E-1,2.296039343E0
3.225572894E1,9.540893555E0,-6.224924326E-1,2.255337954E0
3.225776375E1,9.509769440E0,-6.296750307E-1,2.221819162E0
3.225983271E1,9.497797966E0,-6.344634295E-1,2.212242365E0
3.226186729E1,9.488221169E0,-6.344634295E-1,2.195482969E0
3.226393598E1,9.500192642E0,-6.344634295E-1,2.185906172E0
3.226597118E1,9.507374763E0,-6.368576288E-1,2.176329374E0
3.226804021E1,9.543288231E0,-6.536170840E-1,2.185906172E0
3.227007514E1,9.581595421E0,-6.943184733E-1,2.217030764E0
3.227207818E1,9.593565941E0,-7.134721279E-1,2.233790159E0
3.227416941E1,9.588777542E0,-7.541735172E-1,2.245761156E0
3.227612171E1,9.567230225E0,-7.733271718E-1,2.272097349E0
3.227812152E1,9.545681953E0,-7.948749661E-1,2.279279947E0
3.228019064E1,9.538499832E0,-7.876923680E-1,2.274491549E0
3.228222560E1,9.528923035E0,-8.092401624E-1,2.281674147E0
3.228429441E1,9.524134636E0,-8.140285611E-1,2.288856745E0
3.228632898E1,9.531316757E0,-8.307880163E-1,2.303221941E0
3.228839818E1,9.509769440E0,-8.259995580E-1,2.315192938E0
3.229043344E1,9.504981041E0,-8.331822157E-1,2.317587137E0
3.229243414E1,9.507374763E0,-8.403648138E-1,2.341529369E0
3.229452025E1,9.490615845E0,-8.427590132E-1,2.355894566E0
3.229648329E1,9.485827446E0,-8.427590132E-1,2.363077164E0
3.229848360E1,9.512163162E0,-8.619126081E-1,2.403778553E0
3.230055291E1,9.519346237E0,-8.858546019E-1,2.442085743E0
3.230258768E1,9.533711433E0,-8.978256583E-1,2.466027737E0
3.230465687E1,9.560047150E0,-9.241618514E-1,2.513911724E0
3.230669164E1,9.569623947E0,-9.600749016E-1,2.561795712E0
3.230876091E1,9.531316757E0,-9.816226959E-1,2.602497339E0
3.231079602E1,9.528923035E0,-9.816226959E-1,2.616862535E0
3.231279764E1,9.512163162E0,-1.003170490E0,2.647987127E0
3.231480014E1,9.521739960E0,-1.017535686E0,2.683900118E0
3.231686921E1,9.524134636E0,-1.024718285E0,2.693476915E0
3.231890371E1,9.555258751E0,-1.041477680E0,2.724601507E0
3.232097229E1,9.591172218E0,-1.055842996E0,2.736572504E0
3.232300694E1,9.595960617E0,-1.063025594E0,2.741360903E0
3.232507579E1,9.617507935E0,-1.063025594E0,2.729389906E0
3.232711014E1,9.605537415E0,-1.067813993E0,2.712630510E0
3.232917902E1,9.607931137E0,-1.053448796E0,2.724601507E0
3.233121344E1,9.598354340E0,-1.051054597E0,2.738966703E0
3.233324552E1,9.612719536E0,-1.041477680E0,2.719813108E0
3.233524479E1,9.629479408E0,-1.031900883E0,2.707842112E0
3.233731348E1,9.605537415E0,-1.010353088E0,2.691082716E0
3.233934787E1,9.603142738E0,-9.983820915E-1,2.683900118E0
3.234141648E1,9.605537415E0,-9.911994934E-1,2.679111719E0
3.234345106E1,9.605537415E0,-9.720458984E-1,2.636016130E0
3.234547494E1,9.607931137E0,-9.720458984E-1,2.597708941E0
3.234747518E1,9.610325813E0,-9.576807022E-1,2.576161146E0
3.234954391E1,9.612719536E0,-9.145850539E-1,2.530671120E0
3.235157879E1,9.612719536E0,-9.193734527E-1,2.499546528E0
3.235358306E1,9.627084732E0,-9.074024558E-1,2.521094322E0
3.235575210E1,9.619902611E0,-8.714894056E-1,2.525882721E0
3.235763498E1,9.622296333E0,-8.834604025E-1,2.564189911E0
3.235963518E1,9.622296333E0,-8.810662031E-1,2.585737944E0
3.236170318E1,9.624691010E0,-8.858546019E-1,2.616862535E0
3.236373810E1,9.646238327E0,-8.954314590E-1,2.647987127E0
3.236580702E1,9.646238327E0,-8.906430602E-1,2.657563925E0
3.236784168E1,9.658209801E0,-8.906430602E-1,2.662352324E0
3.236991121E1,9.665391922E0,-8.906430602E-1,2.638410330E0
3.237194564E1,9.648633003E0,-9.002198577E-1,2.614468336E0
3.237394502E1,9.651026726E0,-9.050082564E-1,2.607285738E0
3.237603056E1,9.651026726E0,-8.954314590E-1,2.600103140E0
3.237799290E1,9.619902611E0,-9.050082564E-1,2.564189911E0
3.237999221E1,9.624691010E0,-9.050082564E-1,2.549824715E0
3.238206118E1,9.627084732E0,-9.002198577E-1,2.547430515E0
3.238409606E1,9.627084732E0,-9.097966552E-1,2.542642117E0
3.238616506E1,9.641449928E0,-9.026140571E-1,2.545036316E0
3.238819994E1,9.643844604E0,-9.002198577E-1,2.559401512E0
3.239026868E1,9.670180321E0,-9.145850539E-1,2.571372509E0
3.239230321E1,9.646238327E0,-9.313444495E-1,2.571372509E0
3.239433368E1,9.627084732E0,-9.433154464E-1,2.573766708E0
3.239633544E1,9.612719536E0,-9.433154464E-1,2.566584110E0
3.239840448E1,9.595960617E0,-9.504981041E-1,2.559401512E0
3.240043921E1,9.581595421E0,-9.409212470E-1,2.554613113E0
3.240250833E1,9.552865028E0,-9.337386489E-1,2.509123325E0
3.240454356E1,9.531316757E0,-9.385270476E-1,2.439691544E0
3.240661302E1,9.519346237E0,-9.313444495E-1,2.401384354E0
3.240864802E1,9.524134636E0,-9.050082564E-1,2.351106167E0
3.241071725E1,9.533711433E0,-9.026140571E-1,2.312798738E0
3.241275225E1,9.533711433E0,-8.786720037E-1,2.300827742E0
3.241475271E1,9.528923035E0,-8.523358107E-1,2.298433542E0
3.241678425E1,9.531316757E0,-8.499416113E-1,2.308010340E0
3.241885344E1,9.550470352E0,-8.403648138E-1,2.324769735E0
3.242088852E1,9.572018623E0,-8.379706144E-1,2.334346771E0
3.242295748E1,9.560047150E0,-8.451532125E-1,2.341529369E0
3.242499302E1,9.538499832E0,-8.355764151E-1,2.341529369E0
3.242706225E1,9.519346237E0,-8.331822157E-1,2.336740971E0
3.242909725E1,9.483432770E0,-7.996633649E-1,2.334346771E0
3.243116606E1,9.466673851E0,-7.924807668E-1,2.339135170E0
3.243320087E1,9.461885452E0,-7.948749661E-1,2.348711967E0
3.243520398E1,9.459490776E0,-7.996633649E-1,2.379836559E0
3.243729544E1,9.447520256E0,-7.924807668E-1,2.401384354E0
3.243924848E1,9.454702377E0,-7.829039693E-1,2.422932148E0
3.244124837E1,9.464279175E0,-8.140285611E-1,2.454056740E0
3.244331756E1,9.471462250E0,-8.403648138E-1,2.468421936E0
3.244535279E1,9.493009567E0,-8.714894056E-1,2.497152328E0
3.244742160E1,9.533711433E0,-8.930372596E-1,2.523488522E0
3.244945660E1,9.569623947E0,-9.289502501E-1,2.578555346E0
3.245152560E1,9.583989143E0,-9.457096457E-1,2.592920542E0
3.245356067E1,9.598354340E0,-9.624691010E-1,2.578555346E0
3.245556060E1,9.598354340E0,-9.935936928E-1,2.592920542E0
3.245764675E1,9.591172218E0,-1.010353088E0,2.602497339E0
3.245960140E1,9.593565941E0,-1.017535686E0,2.631227732E0
3.246160129E1,9.605537415E0,-1.031900883E0,2.652775526E0
3.246367071E1,9.627084732E0,-1.034295082E0,2.647987127E0
3.246570610E1,9.643844604E0,-1.048660398E0,2.643198729E0
3.246777490E1,9.665391922E0,-1.055842996E0,2.679111719E0
3.246981044E1,9.684545517E0,-1.074996591E0,2.712630510E0
3.247187952E1,9.725247383E0,-1.094150186E0,2.741360903E0
3.247391467E1,9.739612579E0,-1.086967587E0,2.789244890E0
3.247591806E1,9.746794701E0,-1.084573388E0,2.815581083E0
3.247792129E1,9.751583099E0,-1.067813993E0,2.851494312E0
3.247999071E1,9.758766174E0,-1.051054597E0,2.829946518E0
3.248202548E1,9.746794701E0,-1.039083481E0,2.815581083E0
3.248409425E1,9.737217903E0,-1.017535686E0,2.777273893E0
3.248612940E1,9.732429504E0,-1.003170490E0,2.734178305E0
3.248819844E1,9.737217903E0,-9.888052940E-1,2.700659513E0
3.249023306E1,9.725247383E0,-9.744400978E-1,2.645592928E0
3.249230164E1,9.698910713E0,-9.720458984E-1,2.607285738E0
3.249433679E1,9.662998199E0,-9.672574997E-1,2.554613113E0
3.249633644E1,9.651026726E0,-9.768342972E-1,2.535459518E0
3.249836798E1,9.634267807E0,-9.816226959E-1,2.537853718E0
3.250043740E1,9.595960617E0,-9.888052940E-1,2.516305923E0
3.250247252E1,9.583989143E0,-1.000776291E0,2.511517525E0
3.250454190E1,9.560047150E0,-1.010353088E0,2.513911724E0
3.250657729E1,9.524134636E0,-1.005564690E0,2.492363930E0
3.250864667E1,9.509769440E0,-9.959878922E-1,2.485181332E0
3.251068140E1,9.485827446E0,-9.528923035E-1,2.485181332E0
3.251275098E1,9.459490776E0,-9.241618514E-1,2.477998734E0
3.251478602E1,9.454702377E0,-9.121908545E-1,2.480392933E0
3.251678967E1,9.454702377E0,-8.858546019E-1,2.475604534E0
3.251888187E1,9.464279175E0,-8.379706144E-1,2.463633537E0
3.252083517E1,9.473855972E0,-8.236053586E-1,2.463633537E0
3.252283502E1,9.493009567E0,-7.996633649E-1,2.480392933E0
3.252490448E1,9.509769440E0,-7.900865674E-1,2.497152328E0
3.252693952E1,9.512163162E0,-7.876923680E-1,2.499546528E0
3.252900906E1,9.521739960E0,-7.757213712E-1,2.513911724E0
3.253104502E1,9.509769440E0,-7.661445141E-1,2.513911724E0
3.253311440E1,9.493009567E0,-7.661445141E-1,2.516305923E0
3.253514906E1,9.466673851E0,-7.278373241E-1,2.492363930E0
3.253718214E1,9.411606789E0,-6.847416759E-1,2.451662540E0
3.253926864E1,9.349357605E0,-6.464344859E-1,2.387019157E0
3.254123087E1,9.323021889E0,-6.272808313E-1,2.363077164E0
3.254323133E1,9.282320023E0,-5.793967843E-1,2.355894566E0
3.254530017E1,9.301473618E0,-5.626373887E-1,2.375048161E0
3.254733529E1,9.323021889E0,-5.267243981E-1,2.391807556E0
3.254940452E1,9.344569206E0,-5.075707436E-1,2.422932148E0
3.255143956E1,9.390059471E0,-5.051765442E-1,2.470816135E0
3.255350852E1,9.409213066E0,-5.027823448E-1,2.504334927E0
3.255554387E1,9.457097054E0,-5.267243981E-1,2.549824715E0
3.255757371E1,9.490615845E0,-5.482721925E-1,2.604891539E0
3.255957437E1,9.493009567E0,-5.482721925E-1,2.624045134E0
3.256164314E1,9.483432770E0,-5.626373887E-1,2.655169725E0
3.256367875E1,9.509769440E0,-5.770025849E-1,2.686294317E0
3.256574802E1,9.538499832E0,-5.865794420E-1,2.693476915E0
3.256778252E1,9.588777542E0,-5.985504389E-1,2.686294317E0
3.256985264E1,9.617507935E0,-6.009446383E-1,2.703053713E0
3.257188756E1,9.624691010E0,-6.105214357E-1,2.715024710E0
3.257395610E1,9.617507935E0,-6.153098345E-1,2.722207308E0
3.257599029E1,9.612719536E0,-5.913678408E-1,2.715024710E0
3.257802283E1,9.627084732E0,-5.841852427E-1,2.710236311E0
3.258005437E1,9.627084732E0,-5.961562395E-1,2.688688517E0
3.258212344E1,9.641449928E0,-6.081272364E-1,2.669534922E0
3.258415810E1,9.631873131E0,-6.368576288E-1,2.633621931E0
3.258622698E1,9.636661530E0,-6.488286853E-1,2.621650934E0
3.258826183E1,9.646238327E0,-6.655880809E-1,2.597708941E0
3.259028637E1,9.627084732E0,-6.919242740E-1,2.590526342E0
3.259228614E1,9.624691010E0,-7.110779285E-1,2.583343744E0
3.259435498E1,9.629479408E0,-7.278373241E-1,2.564189911E0
3.259638994E1,9.639056206E0,-7.469909191E-1,2.542642117E0
3.259839287E1,9.641449928E0,-7.589619160E-1,2.535459518E0
3.260056275E1,9.643844604E0,-7.709329724E-1,2.530671120E0
3.260244633E1,9.651026726E0,-7.996633649E-1,2.511517525E0
3.260444625E1,9.655815125E0,-8.020575643E-1,2.492363930E0
3.260651494E1,9.653421402E0,-8.283938169E-1,2.446874142E0
3.260855002E1,9.665391922E0,-8.355764151E-1,2.444479942E0
3.261061817E1,9.679757118E0,-8.379706144E-1,2.432508945E0
3.261265248E1,9.679757118E0,-8.236053586E-1,2.418143749E0
3.261472067E1,9.660603523E0,-8.379706144E-1,2.418143749E0
3.261675533E1,9.658209801E0,-8.475474119E-1,2.413355350E0
3.261878690E1,9.651026726E0,-8.523358107E-1,2.418143749E0
3.262087117E1,9.639056206E0,-8.523358107E-1,2.434903145E0
3.262283210E1,9.639056206E0,-8.523358107E-1,2.439691544E0
3.262483121E1,9.629479408E0,-8.619126081E-1,2.437297344E0
3.262690002E1,9.610325813E0,-8.786720037E-1,2.422932148E0
3.262893471E1,9.595960617E0,-8.762778044E-1,2.420537949E0
3.263100325E1,9.567230225E0,-8.403648138E-1,2.413355350E0
3.263303756E1,9.540893555E0,-8.595184088E-1,2.398990154E0
3.263510594E1,9.526528358E0,-8.619126081E-1,2.372653961E0
3.263714044E1,9.524134636E0,-8.738836050E-1,2.363077164E0
3.263914294E1,9.524134636E0,-8.810662031E-1,2.358288765E0
3.264114556E1,9.524134636E0,-8.954314590E-1,2.339135170E0
3.264321394E1,9.531316757E0,-9.433154464E-1,2.336740971E0
3.264524852E1,9.540893555E0,-9.481038451E-1,2.334346771E0
3.264731740E1,9.536105156E0,-9.744400978E-1,2.322375536E0
3.264935244E1,9.548076630E0,-9.959878922E-1,2.322375536E0
3.265142190E1,9.548076630E0,-1.012747288E0,2.303221941E0
3.265345687E1,9.543288231E0,-1.027112484E0,2.276885748E0
3.265552583E1,9.550470352E0,-1.027112484E0,2.252943754E0
3.265756048E1,9.560047150E0,-1.041477680E0,2.226607561E0
3.265959256E1,9.574412346E0,-1.063025594E0,2.205059767E0
3.266162475E1,9.586383820E0,-1.067813993E0,2.193088770E0
3.266369406E1,9.572018623E0,-1.070208192E0,2.181117773E0
3.266572952E1,9.574412346E0,-1.082179189E0,2.178723574E0
3.266779833E1,9.581595421E0,-1.094150186E0,2.176329374E0
3.266983348E1,9.598354340E0,-1.108515382E0,2.173935175E0
3.267190237E1,9.586383820E0,-1.101332784E0,2.195482969E0
3.267393779E1,9.572018623E0,-1.101332784E0,2.209848166E0
3.267600748E1,9.557653427E0,-1.101332784E0,2.219424963E0
3.267804237E1,9.540893555E0,-1.094150186E0,2.238578558E0
3.268004583E1,9.507374763E0,-1.077390790E0,2.269703150E0
3.268213856E1,9.495404243E0,-1.074996591E0,2.288856745E0
3.268409194E1,9.459490776E0,-1.067813993E0,2.279279947E0
3.268609206E1,9.423578262E0,-1.022324085E0,2.281674147E0
3.268816106E1,9.390059471E0,-1.003170490E0,2.286462545E0
3.269019640E1,9.373299599E0,-9.648633003E-1,2.281674147E0
3.269226560E1,9.375694275E0,-9.504981041E-1,2.286462545E0
3.269430021E1,9.380482674E0,-9.385270476E-1,2.296039343E0
3.269636933E1,9.363722801E0,-9.217676520E-1,2.329558372E0
3.269840433E1,9.385271072E0,-9.409212470E-1,2.372653961E0
3.270043756E1,9.373299599E0,-9.337386489E-1,2.384624958E0
3.270252329E1,9.349357605E0,-9.097966552E-1,2.403778553E0
3.270448610E1,9.306262016E0,-8.690952063E-1,2.434903145E0
3.270648602E1,9.289502144E0,-8.547300100E-1,2.466027737E0
3.270855537E1,9.277531624E0,-8.379706144E-1,2.513911724E0
3.271059021E1,9.267954826E0,-7.996633649E-1,2.545036316E0
3.271265914E1,9.277531624E0,-7.900865674E-1,2.554613113E0
3.271469410E1,9.284713745E0,-7.757213712E-1,2.580949545E0
3.271676314E1,9.275136948E0,-7.613561153E-1,2.602497339E0
3.271879814E1,9.272743225E0,-7.398083210E-1,2.588132143E0
3.272082840E1,9.277531624E0,-7.350199223E-1,2.592920542E0
3.272283006E1,9.272743225E0,-7.206547260E-1,2.607285738E0
3.272489952E1,9.263166428E0,-7.182605267E-1,2.614468336E0
3.272693464E1,9.279925346E0,-7.230489254E-1,2.607285738E0
3.272900314E1,9.301473618E0,-7.134721279E-1,2.595314741E0
3.273103817E1,9.339780807E0,-7.062895298E-1,2.580949545E0
3.273310714E1,9.366117477E0,-7.086837292E-1,2.566584110E0
3.273514187E1,9.392453194E0,-7.086837292E-1,2.547430515E0
3.273721044E1,9.421183586E0,-7.230489254E-1,2.523488522E0
3.273924537E1,9.423578262E0,-7.206547260E-1,2.513911724E0
3.274127760E1,9.442731857E0,-7.278373241E-1,2.511517525E0
3.274330914E1,9.490615845E0,-7.422025204E-1,2.533065319E0
3.274537817E1,9.519346237E0,-7.517793179E-1,2.533065319E0
3.274741333E1,9.572018623E0,-7.685387731E-1,2.528276920E0
3.274948252E1,9.643844604E0,-8.020575643E-1,2.489969730E0
3.275151687E1,9.694122314E0,-8.020575643E-1,2.470816135E0
3.275358552E1,9.706093788E0,-8.092401624E-1,2.432508945E0
3.275562040E1,9.763554573E0,-8.451532125E-1,2.406172752E0
3.275768917E1,9.832986832E0,-8.882488012E-1,2.398990154E0
3.275972375E1,9.864110947E0,-9.026140571E-1,2.396595955E0
3.276172683E1,9.883264542E0,-9.145850539E-1,2.382230759E0
3.276381790E1,9.907206535E0,-9.481038451E-1,2.370259762E0
3.276577140E1,9.900024414E0,-9.600749016E-1,2.360682964E0
3.276777102E1,9.859322548E0,-9.696516991E-1,2.348711967E0
3.276983979E1,9.876082420E0,-9.816226959E-1,2.324769735E0
3.277187394E1,9.880870819E0,-1.000776291E0,2.310404539E0
3.277394306E1,9.892841339E0,-1.019929886E0,2.291250944E0
3.277597706E1,9.873687744E0,-1.036689281E0,2.236184359E0
3.277804667E1,9.861717224E0,-1.043871999E0,2.207453966E0
3.278008167E1,9.837775230E0,-1.067813993E0,2.152387381E0
3.278211294E1,9.818621635E0,-1.065419793E0,2.104503393E0
3.278419902E1,9.813833237E0,-1.055842996E0,2.078166962E0
3.278616194E1,9.768342972E0,-1.043871999E0,2.015917778E0
3.278816167E1,9.753977776E0,-1.046266198E0,1.980004787E0
3.279023056E1,9.742006302E0,-1.029506683E0,1.958456993E0
3.279226521E1,9.758766174E0,-1.022324085E0,1.917755604E0
3.279433398E1,9.782708168E0,-1.022324085E0,1.917755604E0
3.279636864E1,9.782708168E0,-1.019929886E0,1.910573006E0
3.279843825E1,9.801861763E0,-1.027112484E0,1.917755604E0
3.280047321E1,9.799467087E0,-1.036689281E0,1.951274395E0
3.280247567E1,9.789890289E0,-1.036689281E0,1.963245392E0
3.280447914E1,9.794678688E0,-1.053448796E0,2.011129379E0
3.280654760E1,9.780313492E0,-1.036689281E0,2.030282974E0
3.280858202E1,9.749189377E0,-1.010353088E0,2.032677174E0
3.281065064E1,9.722852707E0,-9.816226959E-1,2.013523579E0
3.281268502E1,9.651026726E0,-9.313444495E-1,1.963245392E0
3.281475383E1,9.576807022E0,-8.786720037E-1,1.845929503E0
3.281678798E1,9.531316757E0,-8.307880163E-1,1.795651317E0
3.281885617E1,9.435548782E0,-7.254431248E-1,1.697489023E0
3.282089086E1,9.406818390E0,-6.320692301E-1,1.606509328E0
3.282289006E1,9.397241592E0,-5.985504389E-1,1.561019540E0
3.282492144E1,9.418789864E0,-5.746083856E-1,1.450886250E0
3.282698975E1,9.452308655E0,-5.698199868E-1,1.350329757E0
3.282902448E1,9.478644371E0,-5.674257874E-1,1.297657371E0
3.283109306E1,9.512163162E0,-5.578489900E-1,1.216254473E0
3.283312771E1,9.557653427E0,-5.698199868E-1,1.177947283E0
3.283515244E1,9.586383820E0,-5.865794420E-1,1.165976286E0
3.283715252E1,9.662998199E0,-6.440402865E-1,1.142034173E0
3.283922186E1,9.756371498E0,-7.637503147E-1,1.146822572E0
3.284125671E1,9.809044838E0,-8.595184088E-1,1.163581967E0
3.284325963E1,9.897629738E0,-1.034295082E0,1.182735682E0
3.284543017E1,9.962273598E0,-1.156399369E0,1.199495077E0
3.284731375E1,9.983820915E0,-1.187524080E0,1.218648672E0
3.284931410E1,1.002452278E1,-1.244984865E0,1.254561663E0
3.285138371E1,1.014183807E1,-1.345541358E0,1.300051570E0
3.285341860E1,1.021845245E1,-1.395819545E0,1.312022567E0
3.285548756E1,1.031900978E1,-1.493981838E0,1.304839969E0
3.285752233E1,1.042674828E1,-1.601720929E0,1.321599364E0
3.285959136E1,1.061589050E1,-1.702277422E0,1.479616642E0
3.286162613E1,1.081700325E1,-1.714248419E0,1.891419291E0
3.286362633E1,1.069011021E1,-1.613691926E0,2.406172752E0
3.286571256E1,1.068292809E1,-1.673547029E0,1.620874524E0
3.286767556E1,1.052491093E1,-1.690306425E0,1.043871999E0
3.286967590E1,1.019690514E1,-1.697489023E0,-3.711012602E-1
3.287174460E1,9.847352028E0,-1.905784607E0,-1.458068848E0
3.287377929E1,9.694122314E0,-1.960851192E0,-1.225831270E0
3.287584756E1,9.526528358E0,-1.912967205E0,1.915361285E-1
3.287788240E1,9.593565941E0,-1.826775908E0,1.019929886E0
3.287995148E1,9.677363396E0,-1.798045516E0,1.144428372E0
3.288198602E1,9.859322548E0,-1.769315004E0,1.177947283E0
3.288401610E1,1.005325317E1,-1.714248419E0,1.218648672E0
3.288601817E1,1.014662647E1,-1.702277422E0,1.177947283E0
3.288808756E1,1.026154804E1,-1.707065821E0,1.012747288E0
3.289012294E1,1.022802925E1,-1.671152830E0,8.690952063E-1
3.289219248E1,1.017296314E1,-1.630451322E0,8.307880163E-1
3.289422744E1,1.007001209E1,-1.582567334E0,7.613561153E-1
3.289629763E1,1.001733971E1,-1.553836942E0,6.703764796E-1
3.289833252E1,1.002691650E1,-1.563413739E0,6.655880809E-1
3.290040263E1,1.003170490E1,-1.604115129E0,6.751648784E-1
3.290243794E1,1.000776291E1,-1.644816518E0,7.086837292E-1
3.290443840E1,9.947908401E0,-1.663970232E0,7.398083210E-1
3.290646998E1,9.931148529E0,-1.699883223E0,7.661445141E-1
3.290853967E1,9.902418137E0,-1.711854219E0,8.092401624E-1
3.291057521E1,9.864110947E0,-1.687912226E0,8.403648138E-1
3.291264452E1,9.842563629E0,-1.663970232E0,8.667010069E-1
3.291467994E1,9.825803757E0,-1.635239720E0,9.385270476E-1
3.291674956E1,9.868899345E0,-1.580173135E0,1.003170490E0
3.291878483E1,9.895236015E0,-1.553836942E0,1.046266198E0
3.292085444E1,9.916783333E0,-1.529894829E0,1.127668977E0
3.292288963E1,9.880870819E0,-1.503558636E0,1.194706678E0
3.292489348E1,9.847352028E0,-1.486799240E0,1.237802267E0
3.292698586E1,9.799467087E0,-1.477222443E0,1.335964561E0
3.292893983E1,9.742006302E0,-1.472434044E0,1.462857246E0
3.293093990E1,9.732429504E0,-1.482010841E0,1.556231141E0
3.293300913E1,9.679757118E0,-1.498770237E0,1.776497602E0
3.293504433E1,9.627084732E0,-1.503558636E0,2.042253971E0
3.293711367E1,9.615114212E0,-1.534683347E0,2.178723574E0
3.293914875E1,9.658209801E0,-1.577778935E0,2.420537949E0
3.294121779E1,9.583989143E0,-1.553836942E0,2.626439333E0
3.294325260E1,9.497797966E0,-1.527500629E0,2.767697096E0
3.294527786E1,9.459490776E0,-1.446097851E0,2.810792685E0
3.294736344E1,9.421183586E0,-1.407790542E0,2.904166698E0
3.294932556E1,9.332598686E0,-1.383848548E0,3.011905670E0
3.295132506E1,9.279925346E0,-1.328781962E0,3.047818661E0
3.295339456E1,9.169792175E0,-1.276109457E0,3.074155092E0
3.295542952E1,9.076418877E0,-1.221042871E0,3.074155092E0
3.295749898E1,9.059659004E0,-1.194706678E0,3.078943491E0
3.295953410E1,9.054870605E0,-1.165976286E0,3.069366693E0
3.296160325E1,9.057265282E0,-1.165976286E0,3.062183857E0
3.296363944E1,9.052476883E0,-1.165976286E0,3.066972494E0
3.296570802E1,9.121908188E0,-1.213860273E0,3.043030262E0
3.296774560E1,9.174580574E0,-1.252167463E0,3.050212860E0
3.296981498E1,9.172186852E0,-1.273715258E0,3.052607059E0
3.297185021E1,9.191340446E0,-1.307234168E0,3.023876667E0
3.297392010E1,9.179368973E0,-1.307234168E0,3.016694069E0
3.297595425E1,9.181763649E0,-1.300051570E0,3.019088268E0
3.297802406E1,9.193734169E0,-1.312022567E0,3.014299870E0
3.298005902E1,9.191340446E0,-1.328781962E0,2.968810081E0
3.298212817E1,9.200917244E0,-1.331176162E0,2.947262287E0
3.298416286E1,9.193734169E0,-1.300051570E0,2.944868088E0
3.298618902E1,9.169792175E0,-1.216254473E0,2.954444885E0
3.298822094E1,9.165003777E0,-1.139639974E0,2.995146275E0
3.299029033E1,9.148244858E0,-1.096544385E0,3.021482468E0
3.299232513E1,9.107542992E0,-1.000776291E0,3.069366693E0
3.299439429E1,9.100360870E0,-9.050082564E-1,3.131615877E0
3.299642910E1,9.114726067E0,-8.690952063E-1,3.165134668E0
3.299849829E1,9.138668060E0,-8.451532125E-1,3.222595453E0
3.300053290E1,9.114726067E0,-8.427590132E-1,3.296815634E0
3.300260125E1,9.088389397E0,-8.331822157E-1,3.337517262E0
3.300463590E1,9.076418877E0,-8.140285611E-1,3.404554844E0
3.300663883E1,9.102754593E0,-8.643068075E-1,3.469198227E0
3.300873040E1,9.095572472E0,-8.786720037E-1,3.514688015E0
3.301068417E1,9.030928612E0,-8.667010069E-1,3.579331636E0
3.301268429E1,8.978256226E0,-8.667010069E-1,3.569754839E0
3.301475317E1,8.923190117E0,-8.619126081E-1,3.548206806E0
3.301678787E1,8.872911453E0,-8.714894056E-1,3.471592426E0
3.301885660E1,8.884882927E0,-9.050082564E-1,3.394978046E0
3.302089148E1,8.901641846E0,-9.289502501E-1,3.323152065E0
3.302296040E1,8.925583839E0,-9.983820915E-1,3.289633036E0
3.302499490E1,8.959102631E0,-1.074996591E0,3.174711466E0
3.302699460E1,8.985439301E0,-1.154005170E0,3.052607059E0
3.302907994E1,9.002198219E0,-1.187524080E0,2.980781078E0
3.303104167E1,9.083600998E0,-1.254561663E0,2.820369720E0
3.303304129E1,9.141061783E0,-1.283292055E0,2.683900118E0
3.303510967E1,9.174580574E0,-1.312022567E0,2.597708941E0
3.303714444E1,9.251194954E0,-1.331176162E0,2.418143749E0
3.303921298E1,9.308655739E0,-1.355118155E0,2.207453966E0
3.304124733E1,9.334992409E0,-1.362300754E0,2.090138197E0
3.304331560E1,9.373299599E0,-1.374271750E0,1.889025092E0
3.304534998E1,9.425971985E0,-1.424550056E0,1.716642618E0
3.304737179E1,9.469067574E0,-1.431732655E0,1.642422318E0
3.304937260E1,9.536105156E0,-1.470039845E0,1.544260144E0
3.305144183E1,9.583989143E0,-1.515529633E0,1.462857246E0
3.305347721E1,9.605537415E0,-1.546654344E0,1.453280449E0
3.305554656E1,9.662998199E0,-1.680729628E0,1.436521053E0
3.305758136E1,9.768342972E0,-1.879448295E0,1.316810966E0
3.305965067E1,9.854534149E0,-1.958456993E0,1.089361787E0
3.306168552E1,1.004607010E1,-2.104503393E0,5.195417404E-1
3.306375436E1,1.040280628E1,-2.324769735E0,-3.567360640E-1
3.306578929E1,1.162863731E1,-2.511517525E0,-7.469909191E-1
3.306780567E1,1.169806957E1,-2.762908697E0,-7.230489254E-1
3.306983721E1,1.116176796E1,-2.784456491E0,-8.523358107E-1
3.307190656E1,1.039562416E1,-2.726995707E0,-1.122880578E0
3.307394186E1,1.008916569E1,-2.715024710E0,-1.237802267E0
3.307601098E1,9.627084732E0,-2.650381327E0,-1.319205165E0
3.307804563E1,9.210494041E0,-2.528276920E0,-1.386242747E0
3.308007075E1,9.035717010E0,-2.454056740E0,-1.419761658E0
3.308207056E1,8.810662270E0,-2.308010340E0,-1.283292055E0
3.308413925E1,8.760383606E0,-2.205059767E0,-8.427590132E-1
3.308617371E1,8.755595207E0,-2.171540976E0,-5.291185975E-1
3.308824267E1,8.856152534E0,-2.056619167E0,9.097966552E-2
3.309041290E1,8.995016098E0,-1.948880196E0,5.698199868E-1
3.309233083E1,9.054870605E0,-1.898601890E0,7.493851185E-1
3.309433083E1,9.162610054E0,-1.788468719E0,1.007958889E0
