"t","x","y","z"
1.376656700E-2,7.880161703E-2,-1.307251602E-1,-5.436700583E-2
1.576702900E-2,8.307767659E-2,-1.411098689E-1,-5.253441259E-2
1.783695200E-2,9.101892263E-2,-1.545489132E-1,-6.047565863E-2
1.987072100E-2,9.651670605E-2,-1.624901593E-1,-6.047565863E-2
2.194087500E-2,9.651670605E-2,-1.649336219E-1,-6.352998316E-2
2.397526000E-2,9.834930301E-2,-1.576032341E-1,-6.475171447E-2
2.604560600E-2,1.007927656E-1,-1.435533315E-1,-6.414084882E-2
2.808026000E-2,9.834930301E-2,-1.362229437E-1,-6.475171447E-2
3.010518300E-2,9.773843735E-2,-1.130100712E-1,-6.475171447E-2
3.217902900E-2,9.407325089E-2,-9.224065393E-2,-6.658431143E-2
3.420487500E-2,9.101892263E-2,-7.391469181E-2,-6.963863969E-2
3.623941300E-2,8.735372871E-2,-6.719517708E-2,-6.963863969E-2
3.830776000E-2,8.491026610E-2,-5.192354694E-2,-7.147123665E-2
4.034249000E-2,8.124507964E-2,-4.214970022E-2,-7.452555746E-2
4.236799000E-2,7.819075137E-2,-3.787364438E-2,-7.696902007E-2
4.436795200E-2,7.086037099E-2,-3.054326214E-2,-7.941248268E-2
4.643629800E-2,6.902777404E-2,-2.260201424E-2,-8.613199741E-2
4.847099000E-2,6.719517708E-2,-1.771509275E-2,-8.796459436E-2
5.051676000E-2,5.803219974E-2,-1.404990070E-2,-8.735372871E-2
5.268118300E-2,5.375614017E-2,-8.552113548E-3,-8.613199741E-2
5.451652900E-2,5.253441259E-2,-6.719517522E-3,-8.979719132E-2
5.651664400E-2,4.825835302E-2,-3.665191587E-3,-8.613199741E-2
5.858525900E-2,4.214970022E-2,-4.886921961E-3,-8.368854225E-2
6.063556700E-2,4.276056588E-2,-1.832595794E-3,-8.613199741E-2
6.268818300E-2,3.726277873E-2,0.000000000E0,-8.491026610E-2
6.472287500E-2,3.481931984E-2,2.443460980E-3,-8.368854225E-2
6.679225900E-2,3.176499158E-2,6.719517522E-3,-8.552113175E-2
6.882672100E-2,2.809980139E-2,8.552113548E-3,-8.857546002E-2
7.086060600E-2,2.626720630E-2,1.282817032E-2,-8.735372871E-2
7.298825900E-2,2.260201424E-2,1.282817032E-2,-8.735372871E-2
7.490402900E-2,2.076941915E-2,1.343903504E-2,-9.285151958E-2
7.690329800E-2,1.954768784E-2,1.099557430E-2,-8.979719132E-2
7.897156700E-2,1.832595654E-2,1.160643995E-2,-9.162978828E-2
8.100637500E-2,1.710422710E-2,7.941247895E-3,-9.346238524E-2
8.307575900E-2,2.199114859E-2,1.832595794E-3,-9.285151958E-2
8.511029800E-2,2.199114859E-2,6.108652451E-4,-9.346238524E-2
8.717975900E-2,2.443460934E-2,-4.886921961E-3,-9.834930301E-2
8.921410600E-2,2.687807009E-2,-1.160643995E-2,-9.896016866E-2
9.129079800E-2,2.748893574E-2,-1.343903504E-2,-1.014036313E-1
9.328814400E-2,2.687807009E-2,-2.015855350E-2,-1.014036313E-1
9.531449000E-2,2.626720630E-2,-2.382374369E-2,-1.007927656E-1
9.734891300E-2,2.932153270E-2,-2.932153270E-2,-1.020144969E-1
9.941910500E-2,2.809980139E-2,-3.115412779E-2,-1.014036313E-1
1.014526440E-1,2.993239649E-2,-3.665191308E-2,-1.014036313E-1
1.035207980E-1,3.115412779E-2,-3.970624134E-2,-1.044579595E-1
1.055549900E-1,3.115412779E-2,-4.214970022E-2,-1.014036313E-1
1.076234130E-1,3.543018550E-2,-4.459316283E-2,-1.050688252E-1
1.096566440E-1,4.031710699E-2,-4.825835302E-2,-1.062905490E-1
1.116562590E-1,4.031710699E-2,-5.070181563E-2,-1.062905490E-1
1.137331440E-1,4.276056588E-2,-5.436700583E-2,-1.069014147E-1
1.157544130E-1,4.703662544E-2,-5.681046844E-2,-1.093448773E-1
1.177881440E-1,4.886921868E-2,-5.803219974E-2,-1.130100712E-1
1.198562590E-1,5.253441259E-2,-6.047565863E-2,-1.111774743E-1
1.218901820E-1,5.314527452E-2,-6.169738993E-2,-1.123992056E-1
1.239582590E-1,5.558873713E-2,-6.230825558E-2,-1.105666086E-1
1.259930280E-1,5.925392732E-2,-6.169738993E-2,-1.099557430E-1
1.280604520E-1,6.597344577E-2,-6.475171447E-2,-1.148426682E-1
1.300948750E-1,7.330382615E-2,-6.414084882E-2,-1.136209369E-1
1.321447210E-1,7.330382615E-2,-6.536258012E-2,-1.099557430E-1
1.342372590E-1,7.452555746E-2,-5.742133409E-2,-1.105666086E-1
1.361421050E-1,6.841690838E-2,-5.925392732E-2,-1.044579595E-1
1.381416440E-1,6.291911751E-2,-6.047565863E-2,-1.026253626E-1
1.402099900E-1,6.414084882E-2,-6.169738993E-2,-1.020144969E-1
1.422441440E-1,6.352998316E-2,-6.169738993E-2,-1.007927656E-1
1.443126050E-1,6.047565863E-2,-5.986479297E-2,-9.896016866E-2
1.463464510E-1,6.414084882E-2,-5.864306539E-2,-9.773843735E-2
1.484154510E-1,6.475171447E-2,-6.475171447E-2,-9.407325089E-2
1.504505670E-1,6.719517708E-2,-6.536258012E-2,-9.285151958E-2
1.524503750E-1,6.536258012E-2,-6.902777404E-2,-9.101892263E-2
1.545835670E-1,6.658431143E-2,-7.452555746E-2,-8.552113175E-2
1.564975670E-1,6.780604273E-2,-7.574728876E-2,-8.674286306E-2
1.584969900E-1,6.780604273E-2,-8.063421398E-2,-8.063421398E-2
1.605666820E-1,6.780604273E-2,-8.613199741E-2,-7.696902007E-2
1.626009900E-1,6.719517708E-2,-8.857546002E-2,-7.819075137E-2
1.646700670E-1,6.963863969E-2,-9.040805697E-2,-7.269296050E-2
1.667052590E-1,6.841690838E-2,-9.468411654E-2,-6.902777404E-2
1.687742210E-1,6.841690838E-2,-9.590584040E-2,-6.902777404E-2
1.708094510E-1,6.780604273E-2,-9.651670605E-2,-6.658431143E-2
1.728590670E-1,6.536258012E-2,-9.651670605E-2,-6.047565863E-2
1.748632210E-1,6.475171447E-2,-9.712757170E-2,-5.986479297E-2
1.768842590E-1,6.475171447E-2,-9.896016866E-2,-5.925392732E-2
1.789184510E-1,6.169738993E-2,-1.038470939E-1,-5.436700583E-2
1.809879510E-1,6.291911751E-2,-1.050688252E-1,-5.436700583E-2
1.830228360E-1,6.230825558E-2,-1.056796908E-1,-5.192354694E-2
1.850917210E-1,6.291911751E-2,-1.062905490E-1,-5.009094998E-2
1.871253360E-1,6.108652428E-2,-1.062905490E-1,-5.009094998E-2
1.891942970E-1,6.291911751E-2,-1.069014147E-1,-5.131268129E-2
1.912285280E-1,6.230825558E-2,-1.105666086E-1,-4.581489414E-2
1.932278360E-1,6.047565863E-2,-1.123992056E-1,-4.703662544E-2
1.953066050E-1,6.230825558E-2,-1.130100712E-1,-4.703662544E-2
1.973271440E-1,6.475171447E-2,-1.154535338E-1,-4.520402849E-2
1.993616050E-1,6.597344577E-2,-1.203404516E-1,-4.642575979E-2
2.014306050E-1,6.841690838E-2,-1.209513173E-1,-4.764748737E-2
2.034651050E-1,7.024950534E-2,-1.252273768E-1,-4.886921868E-2
2.055333360E-1,7.330382615E-2,-1.246165112E-1,-5.131268129E-2
2.075666440E-1,7.269296050E-2,-1.233947799E-1,-5.009094998E-2
2.096366440E-1,7.635815442E-2,-1.215621829E-1,-5.253441259E-2
2.116703740E-1,7.757988572E-2,-1.178969890E-1,-5.497787148E-2
2.137201050E-1,7.757988572E-2,-1.178969890E-1,-5.192354694E-2
2.158125280E-1,8.002334833E-2,-1.166752651E-1,-5.497787148E-2
2.177172970E-1,8.368854225E-2,-1.142318025E-1,-5.497787148E-2
2.197166820E-1,8.552113175E-2,-1.142318025E-1,-5.681046844E-2
2.217857200E-1,9.040805697E-2,-1.166752651E-1,-6.291911751E-2
2.238201430E-1,9.346238524E-2,-1.178969890E-1,-6.414084882E-2
2.258893360E-1,1.007927656E-1,-1.185078546E-1,-6.475171447E-2
2.279234510E-1,9.896016866E-2,-1.185078546E-1,-6.230825558E-2
2.299924510E-1,1.044579595E-1,-1.215621829E-1,-6.780604273E-2
2.320265280E-1,1.130100712E-1,-1.215621829E-1,-6.902777404E-2
2.340262970E-1,1.136209369E-1,-1.209513173E-1,-7.024950534E-2
2.361579510E-1,1.148426682E-1,-1.227839142E-1,-7.208210230E-2
2.380727590E-1,1.178969890E-1,-1.203404516E-1,-7.452555746E-2
2.400719900E-1,1.178969890E-1,-1.209513173E-1,-7.269296050E-2
2.421405280E-1,1.160643995E-1,-1.240056455E-1,-7.696902007E-2
2.441746430E-1,1.191187203E-1,-1.240056455E-1,-8.307767659E-2
2.462434510E-1,1.185078546E-1,-1.258382350E-1,-8.124507964E-2
2.482773360E-1,1.166752651E-1,-1.252273768E-1,-8.124507964E-2
2.503457590E-1,1.166752651E-1,-1.233947799E-1,-8.735372871E-2
2.523792200E-1,1.123992056E-1,-1.258382350E-1,-8.857546002E-2
2.544551820E-1,1.123992056E-1,-1.282816976E-1,-8.918632567E-2
2.564575280E-1,1.099557430E-1,-1.319468915E-1,-9.468411654E-2
2.584783360E-1,1.105666086E-1,-1.374446750E-1,-9.651670605E-2
2.605132590E-1,1.142318025E-1,-1.551597714E-1,-9.590584040E-2
2.625816820E-1,1.227839142E-1,-1.826487035E-1,-1.007927656E-1
2.646153360E-1,1.276708394E-1,-1.985312104E-1,-1.026253626E-1
2.666835280E-1,1.362229437E-1,-2.315179259E-1,-1.050688252E-1
2.687171820E-1,1.679879427E-1,-3.463605940E-1,-1.185078546E-1
2.707857200E-1,2.339613885E-1,-5.094616413E-1,-1.313360333E-1
2.728204890E-1,2.498438805E-1,-6.108652353E-1,-1.496619880E-1
2.748456050E-1,2.974913716E-1,-7.275404930E-1,-1.875356287E-1
2.769244890E-1,3.200933933E-1,-8.326093554E-1,-2.162462920E-1
2.789458740E-1,3.072652221E-1,-8.594874144E-1,-2.302961946E-1
2.809799510E-1,3.176499307E-1,-9.346238375E-1,-2.553416789E-1
2.830486820E-1,3.090978265E-1,-9.761626720E-1,-2.675589919E-1
2.850834120E-1,2.907718420E-1,-9.938777685E-1,-2.742784917E-1
2.871076050E-1,2.785545588E-1,-1.017701507E0,-2.822197378E-1
2.891069120E-1,2.596177161E-1,-1.029307961E0,-2.883284092E-1
2.911763360E-1,2.571742535E-1,-1.037860036E0,-2.907718420E-1
2.932105280E-1,2.437352389E-1,-1.053131700E0,-2.919935882E-1
2.953268740E-1,2.351831198E-1,-1.063516378E0,-2.993239760E-1
2.974978740E-1,2.138028294E-1,-1.079398870E0,-2.974913716E-1
2.993681820E-1,2.070833147E-1,-1.074512005E0,-2.944370508E-1
3.013673350E-1,1.948660165E-1,-1.080620646E0,-2.968805134E-1
3.034360660E-1,1.905899495E-1,-1.076955438E0,-2.932153046E-1
3.054701430E-1,1.869247705E-1,-1.078177214E0,-2.877175212E-1
3.075394890E-1,1.777617931E-1,-1.077566266E0,-2.846632004E-1
3.095752970E-1,1.704314053E-1,-1.069014192E0,-2.791654170E-1
3.116439890E-1,1.673770845E-1,-1.059240341E0,-2.755002379E-1
3.136786430E-1,1.557706445E-1,-1.050077319E0,-2.675589919E-1
3.157010660E-1,1.545489132E-1,-1.033583999E0,-2.657263875E-1
3.178344510E-1,1.478293836E-1,-1.028697014E0,-2.620611787E-1
3.197485660E-1,1.429424733E-1,-1.020755768E0,-2.559525371E-1
3.217482200E-1,1.319468915E-1,-1.009149432E0,-2.498438805E-1
3.238167200E-1,1.246165112E-1,-1.009760261E0,-2.461786866E-1
3.258511820E-1,1.185078546E-1,-9.993755221E-1,-2.388483137E-1
3.279200660E-1,1.050688252E-1,-9.847147465E-1,-2.315179259E-1
3.299537580E-1,1.093448773E-1,-9.908234477E-1,-2.278527319E-1
3.320228350E-1,9.590584040E-2,-9.767735004E-1,-2.199114859E-1
3.340572200E-1,8.429940045E-2,-9.688322544E-1,-2.125810981E-1
3.361718350E-1,7.513642311E-2,-9.505063295E-1,-2.070833147E-1
3.382108350E-1,6.169738993E-2,-9.352346659E-1,-1.985312104E-1
3.402324120E-1,5.070181563E-2,-9.162978530E-1,-1.893682331E-1
3.422668350E-1,4.092797264E-2,-9.089674950E-1,-1.826487035E-1
3.443356810E-1,2.138028294E-2,-8.918632865E-1,-1.716531366E-1
3.463703740E-1,1.710422710E-2,-8.655960560E-1,-1.624901593E-1
3.484390280E-1,9.773843922E-3,-8.429940343E-1,-1.490511149E-1
3.504735660E-1,-2.443460980E-3,-8.338310719E-1,-1.478293836E-1
3.525423740E-1,-1.282817032E-2,-8.075638413E-1,-1.404990107E-1
3.545770280E-1,-2.748893574E-2,-7.757988572E-1,-1.264491081E-1
3.566036810E-1,-3.054326214E-2,-7.568620443E-1,-1.258382350E-1
3.586820280E-1,-4.825835302E-2,-7.202101350E-1,-1.172861308E-1
3.607043350E-1,-5.864306539E-2,-6.823364496E-1,-1.081231460E-1
3.627391430E-1,-6.169738993E-2,-6.652322412E-1,-1.026253626E-1
3.648077580E-1,-7.330382615E-2,-6.163630486E-1,-9.834930301E-2
3.668429510E-1,-8.735372871E-2,-5.674937963E-1,-8.552113175E-2
3.689121040E-1,-9.407325089E-2,-5.412266254E-1,-8.063421398E-2
3.709476040E-1,-1.087340117E-1,-4.850270152E-1,-6.658431143E-2
3.730174510E-1,-1.215621829E-1,-4.324925840E-1,-5.681046844E-2
3.750521810E-1,-1.276708394E-1,-4.074471295E-1,-5.253441259E-2
3.771022970E-1,-1.350012124E-1,-3.689626157E-1,-4.214970022E-2
3.791952580E-1,-1.386664063E-1,-3.384193480E-1,-3.848451003E-2
3.811015660E-1,-1.374446750E-1,-3.280346394E-1,-3.665191308E-2
3.831020660E-1,-1.301143020E-1,-3.139847219E-1,-3.176499158E-2
3.851720660E-1,-1.258382350E-1,-3.103195429E-1,-2.748893574E-2
3.872078740E-1,-1.197295859E-1,-3.054326177E-1,-2.809980139E-2
3.892769890E-1,-1.069014147E-1,-3.042109013E-1,-3.054326214E-2
3.913119120E-1,-9.651670605E-2,-3.054326177E-1,-2.932153270E-2
3.933812580E-1,-8.674286306E-2,-3.072652221E-1,-3.237585723E-2
3.954165270E-1,-8.491026610E-2,-3.078760803E-1,-3.543018550E-2
3.974491040E-1,-7.880161703E-2,-3.078760803E-1,-3.604105115E-2
3.995833350E-1,-7.269296050E-2,-3.042109013E-1,-3.848451003E-2
4.014982970E-1,-6.963863969E-2,-3.005456924E-1,-4.398229718E-2
4.034988350E-1,-7.147123665E-2,-2.950479090E-1,-4.398229718E-2
4.055678740E-1,-6.963863969E-2,-2.901609838E-1,-5.253441259E-2
4.076028740E-1,-7.086037099E-2,-2.864958048E-1,-5.497787148E-2
4.096723350E-1,-7.024950534E-2,-2.779437006E-1,-6.169738993E-2
4.117069500E-1,-7.269296050E-2,-2.700024247E-1,-6.536258012E-2
4.137764890E-1,-7.269296050E-2,-2.626720667E-1,-7.147123665E-2
4.158112970E-1,-7.513642311E-2,-2.541199327E-1,-7.635815442E-2
4.178890270E-1,-7.819075137E-2,-2.480112910E-1,-8.246681094E-2
4.198911430E-1,-7.819075137E-2,-2.455678284E-1,-8.552113175E-2
4.219125660E-1,-7.880161703E-2,-2.370157093E-1,-9.101892263E-2
4.239472580E-1,-8.307767659E-2,-2.321287990E-1,-9.590584040E-2
4.260163730E-1,-8.491026610E-2,-2.272418737E-1,-9.896016866E-2
4.280504890E-1,-8.674286306E-2,-2.235766798E-1,-1.069014147E-1
4.301194120E-1,-9.101892263E-2,-2.180788964E-1,-1.111774743E-1
4.321533350E-1,-9.407325089E-2,-2.131919712E-1,-1.191187203E-1
4.342225660E-1,-9.529497474E-2,-2.150245607E-1,-1.252273768E-1
4.362563350E-1,-9.773843735E-2,-2.162462920E-1,-1.356120855E-1
4.382879890E-1,-9.712757170E-2,-2.180788964E-1,-1.459967941E-1
4.403660660E-1,-1.001819000E-1,-2.162462920E-1,-1.472185254E-1
4.423877580E-1,-9.834930301E-2,-2.180788964E-1,-1.576032341E-1
4.444229890E-1,-9.957103431E-2,-2.193006277E-1,-1.643227488E-1
4.464921810E-1,-1.020144969E-1,-2.229658216E-1,-1.661553532E-1
4.485272960E-1,-1.026253626E-1,-2.254092693E-1,-1.759291887E-1
4.505966430E-1,-1.038470939E-1,-2.309070677E-1,-1.777617931E-1
4.526317200E-1,-1.044579595E-1,-2.327396572E-1,-1.802052408E-1
4.547009890E-1,-1.014036313E-1,-2.412917763E-1,-1.875356287E-1
4.567368350E-1,-9.468411654E-2,-2.590068579E-1,-1.960877478E-1
4.587863730E-1,-9.346238524E-2,-2.632829249E-1,-2.040289938E-1
4.608803730E-1,-8.368854225E-2,-2.761110961E-1,-2.174680233E-1
4.627867580E-1,-7.574728876E-2,-2.858849466E-1,-2.205223590E-1
4.647872580E-1,-7.330382615E-2,-2.883284092E-1,-2.254092693E-1
4.668567190E-1,-6.780604273E-2,-2.913827300E-1,-2.302961946E-1
4.689062580E-1,-6.047565863E-2,-2.883284092E-1,-2.321287990E-1
4.709606040E-1,-5.375614017E-2,-2.816088796E-1,-2.388483137E-1
4.729955660E-1,-5.253441259E-2,-2.773328125E-1,-2.370157093E-1
4.750639890E-1,-4.825835302E-2,-2.657263875E-1,-2.333505303E-1
4.770986430E-1,-4.092797264E-2,-2.492330223E-1,-2.345722616E-1
4.790987190E-1,-4.092797264E-2,-2.425135076E-1,-2.302961946E-1
4.812301040E-1,-3.787364438E-2,-2.272418737E-1,-2.266310006E-1
4.831452960E-1,-3.420845419E-2,-2.101376504E-1,-2.229658216E-1
4.851451420E-1,-3.420845419E-2,-1.997529417E-1,-2.193006277E-1
4.872142190E-1,-3.176499158E-2,-1.820378453E-1,-2.156354338E-1
4.892487580E-1,-2.809980139E-2,-1.624901593E-1,-2.083050460E-1
4.913179890E-1,-2.748893574E-2,-1.514945775E-1,-2.040289938E-1
4.933520660E-1,-2.443460934E-2,-1.288925707E-1,-1.979203373E-1
4.954215660E-1,-1.954768784E-2,-1.026253626E-1,-1.857030392E-1
4.974565270E-1,-1.466076635E-2,-9.162978828E-2,-1.814269722E-1
4.995054500E-1,-1.160643995E-2,-6.719517708E-2,-1.734857261E-1
5.015093730E-1,-3.665191587E-3,-4.276056588E-2,-1.649336219E-1
5.035309890E-1,-1.832595794E-3,-3.237585723E-2,-1.594358236E-1
5.055659120E-1,3.054326167E-3,-1.954768784E-2,-1.508837193E-1
5.076349890E-1,-6.108652335E-3,-3.420845419E-2,-1.459967941E-1
5.096697190E-1,-1.282817032E-2,-4.520402849E-2,-1.404990107E-1
5.117390270E-1,-3.115412779E-2,-7.024950534E-2,-1.337794960E-1
5.137739890E-1,-4.092797264E-2,-8.491026610E-2,-1.258382350E-1
5.158432190E-1,-4.581489414E-2,-8.613199741E-2,-1.166752651E-1
5.178782190E-1,-4.642575979E-2,-8.429940045E-2,-1.148426682E-1
5.198782580E-1,-4.520402849E-2,-8.124507964E-2,-1.044579595E-1
5.219575650E-1,-3.970624134E-2,-7.880161703E-2,-9.896016866E-2
5.239786810E-1,-3.481931984E-2,-7.696902007E-2,-9.407325089E-2
5.260130650E-1,-3.237585723E-2,-8.429940045E-2,-8.307767659E-2
5.280832960E-1,-2.443460934E-2,-8.979719132E-2,-8.185594529E-2
5.301181040E-1,-2.321287990E-2,-9.468411654E-2,-7.574728876E-2
5.321432190E-1,-1.832595654E-2,-1.038470939E-1,-6.780604273E-2
5.341433730E-1,-1.588249579E-2,-1.105666086E-1,-6.230825558E-2
5.362121420E-1,-1.282817032E-2,-1.172861308E-1,-6.108652428E-2
5.382472190E-1,-6.719517522E-3,-1.221730486E-1,-5.925392732E-2
5.402964110E-1,-5.497787148E-3,-1.282816976E-1,-5.436700583E-2
5.424676420E-1,-1.221730490E-3,-1.264491081E-1,-5.375614017E-2
5.443048350E-1,6.719517522E-3,-1.258382350E-1,-5.192354694E-2
5.463046040E-1,1.649336144E-2,-1.215621829E-1,-5.436700583E-2
5.483736420E-1,1.588249579E-2,-1.178969890E-1,-4.948008433E-2
5.504073730E-1,2.443460934E-2,-1.166752651E-1,-5.253441259E-2
5.524769110E-1,2.748893574E-2,-1.148426682E-1,-4.886921868E-2
5.545119880E-1,2.932153270E-2,-1.142318025E-1,-5.009094998E-2
5.565811040E-1,2.809980139E-2,-1.166752651E-1,-5.009094998E-2
5.586156040E-1,2.015855350E-2,-1.209513173E-1,-5.009094998E-2
5.606159880E-1,1.649336144E-2,-1.270599663E-1,-4.948008433E-2
5.627489500E-1,-6.108652451E-4,-1.429424733E-1,-4.703662544E-2
5.646644500E-1,-2.871066704E-2,-1.740965992E-1,-4.581489414E-2
5.666641810E-1,-4.703662544E-2,-1.960877478E-1,-4.398229718E-2
5.687329500E-1,-9.468411654E-2,-2.535090744E-1,-4.276056588E-2
5.707667960E-1,-1.594358236E-1,-3.365867436E-1,-4.581489414E-2
5.728358730E-1,-2.015855312E-1,-3.848451078E-1,-4.459316283E-2
5.748702580E-1,-2.675589919E-1,-4.697553813E-1,-4.703662544E-2
5.769390270E-1,-3.017674387E-1,-5.070181489E-1,-5.619960278E-2
5.789733340E-1,-3.084869385E-1,-5.082398653E-1,-6.291911751E-2
5.810489880E-1,-3.036000133E-1,-5.002986193E-1,-6.597344577E-2
5.830510270E-1,-2.736676335E-1,-4.697553813E-1,-7.330382615E-2
5.850731810E-1,-2.321287990E-1,-4.355469346E-1,-7.941248268E-2
5.871079500E-1,-2.052507252E-1,-4.159992337E-1,-8.246681094E-2
5.891771420E-1,-1.557706445E-1,-3.824016452E-1,-8.857546002E-2
5.912117570E-1,-1.087340117E-1,-3.512475193E-1,-9.773843735E-2
5.932806040E-1,-9.040805697E-2,-3.378084898E-1,-9.712757170E-2
5.953150270E-1,-5.681046844E-2,-3.164281845E-1,-9.834930301E-2
5.973841420E-1,-3.420845419E-2,-2.950479090E-1,-9.712757170E-2
5.994194880E-1,-2.809980139E-2,-2.852740586E-1,-9.407325089E-2
6.014519110E-1,-1.588249579E-2,-2.626720667E-1,-9.529497474E-2
6.035314500E-1,-1.099557430E-2,-2.370157093E-1,-9.162978828E-2
6.055528730E-1,-1.282817032E-2,-2.247984111E-1,-9.162978828E-2
6.075882190E-1,-9.773843922E-3,-1.918116808E-1,-9.285151958E-2
6.096581800E-1,-9.773843922E-3,-1.612684280E-1,-9.224065393E-2
6.116929880E-1,-1.160643995E-2,-1.319468915E-1,-9.407325089E-2
6.137627570E-1,-6.719517522E-3,-1.178969890E-1,-9.346238524E-2
6.157976040E-1,-3.665191587E-3,-9.162978828E-2,-9.834930301E-2
6.178676040E-1,-1.832595794E-3,-6.719517708E-2,-9.896016866E-2
6.199021030E-1,1.221730490E-3,-5.681046844E-2,-9.834930301E-2
6.219511030E-1,1.221730490E-3,-4.031710699E-2,-9.529497474E-2
6.240428730E-1,2.443460980E-3,-2.382374369E-2,-9.773843735E-2
6.259481420E-1,1.832595794E-3,-1.893682219E-2,-9.712757170E-2
6.279471030E-1,-3.054326167E-3,-6.719517522E-3,-9.590584040E-2
6.300168340E-1,-9.162978269E-3,-7.330383174E-3,-9.224065393E-2
6.320513340E-1,-1.221730467E-2,-6.108652335E-3,-9.651670605E-2
6.341205270E-1,-1.893682219E-2,-1.160643995E-2,-9.529497474E-2
6.361548340E-1,-2.748893574E-2,-1.893682219E-2,-9.529497474E-2
6.382240270E-1,-3.237585723E-2,-2.382374369E-2,-9.529497474E-2
6.402584500E-1,-3.665191308E-2,-3.420845419E-2,-9.224065393E-2
6.422894880E-1,-4.581489414E-2,-5.253441259E-2,-9.162978828E-2
6.444222190E-1,-5.070181563E-2,-6.108652428E-2,-8.552113175E-2
6.463369500E-1,-5.436700583E-2,-8.429940045E-2,-8.491026610E-2
6.483365260E-1,-5.925392732E-2,-1.087340117E-1,-8.063421398E-2
6.504047960E-1,-6.169738993E-2,-1.221730486E-1,-7.880161703E-2
6.524394500E-1,-6.597344577E-2,-1.453859210E-1,-7.391469181E-2
6.545079110E-1,-6.658431143E-2,-1.685988009E-1,-7.208210230E-2
6.565425650E-1,-6.597344577E-2,-1.820378453E-1,-6.963863969E-2
6.586111420E-1,-6.414084882E-2,-2.021963894E-1,-6.902777404E-2
6.606447570E-1,-6.352998316E-2,-2.229658216E-1,-6.475171447E-2
6.626936420E-1,-5.681046844E-2,-2.449569702E-1,-6.475171447E-2
6.646973340E-1,-5.253441259E-2,-2.547308207E-1,-6.414084882E-2
6.667187570E-1,-4.398229718E-2,-2.730567753E-1,-6.780604273E-2
6.687527190E-1,-3.481931984E-2,-2.883284092E-1,-6.719517708E-2
6.708207570E-1,-2.993239649E-2,-2.907718420E-1,-6.719517708E-2
6.728550650E-1,-1.893682219E-2,-3.029891551E-1,-7.086037099E-2
6.749238730E-1,-9.162978269E-3,-3.121521473E-1,-6.841690838E-2
6.769587190E-1,0.000000000E0,-3.115412891E-1,-7.086037099E-2
6.790277570E-1,6.719517522E-3,-3.164281845E-1,-7.452555746E-2
6.810619110E-1,1.832595654E-2,-3.188716471E-1,-7.574728876E-2
6.830938720E-1,1.893682219E-2,-3.182607889E-1,-7.391469181E-2
6.851718720E-1,2.809980139E-2,-3.200933933E-1,-7.880161703E-2
6.871941420E-1,3.420845419E-2,-3.207042515E-1,-7.696902007E-2
6.892279880E-1,3.481931984E-2,-3.182607889E-1,-7.391469181E-2
6.912964490E-1,3.726277873E-2,-3.164281845E-1,-8.002334833E-2
6.933307960E-1,3.970624134E-2,-3.145956099E-1,-7.819075137E-2
6.953999490E-1,4.153883830E-2,-3.139847219E-1,-7.696902007E-2
6.974345650E-1,3.848451003E-2,-3.127630055E-1,-8.246681094E-2
6.995036420E-1,3.970624134E-2,-3.090978265E-1,-8.552113175E-2
7.015381420E-1,3.665191308E-2,-3.054326177E-1,-9.101892263E-2
7.035867190E-1,3.359758854E-2,-3.036000133E-1,-9.407325089E-2
7.056794490E-1,2.748893574E-2,-3.011565804E-1,-9.651670605E-2
7.075851030E-1,2.076941915E-2,-2.987131178E-1,-1.032362282E-1
7.095846030E-1,1.649336144E-2,-2.981022298E-1,-1.105666086E-1
7.116547950E-1,9.773843922E-3,-2.968805134E-1,-1.136209369E-1
7.136893340E-1,6.108652451E-4,-2.956587672E-1,-1.288925707E-1
7.157585650E-1,-3.665191587E-3,-2.968805134E-1,-1.380555481E-1
7.177934110E-1,-1.099557430E-2,-2.950479090E-1,-1.429424733E-1
7.198623720E-1,-2.382374369E-2,-2.938261926E-1,-1.521054506E-1
7.218972950E-1,-2.260201424E-2,-2.950479090E-1,-1.624901593E-1
7.238966030E-1,-3.543018550E-2,-2.944370508E-1,-1.679879427E-1
7.260320260E-1,-4.337143153E-2,-2.968805134E-1,-1.783726513E-1
7.279468720E-1,-4.581489414E-2,-2.950479090E-1,-1.826487035E-1
7.299467950E-1,-5.375614017E-2,-2.956587672E-1,-1.844813079E-1
7.320159880E-1,-5.925392732E-2,-2.981022298E-1,-1.960877478E-1
7.340506420E-1,-5.986479297E-2,-2.987131178E-1,-2.021963894E-1
7.361201420E-1,-6.597344577E-2,-2.987131178E-1,-2.028072625E-1
7.381549490E-1,-6.963863969E-2,-2.999348342E-1,-2.046398520E-1
7.402239110E-1,-7.024950534E-2,-3.017674387E-1,-2.089159191E-1
7.422592180E-1,-6.963863969E-2,-3.029891551E-1,-2.076941878E-1
7.443355260E-1,-7.086037099E-2,-3.060434759E-1,-2.083050460E-1
7.463372950E-1,-6.719517708E-2,-3.048217595E-1,-2.107485086E-1
7.483588340E-1,-6.658431143E-2,-3.084869385E-1,-2.034181207E-1
7.503934110E-1,-6.414084882E-2,-3.066543639E-1,-2.034181207E-1
7.524621030E-1,-5.986479297E-2,-3.060434759E-1,-2.015855312E-1
7.544963720E-1,-6.291911751E-2,-3.060434759E-1,-1.985312104E-1
7.565648340E-1,-5.864306539E-2,-3.072652221E-1,-1.991420686E-1
7.585992950E-1,-5.742133409E-2,-3.084869385E-1,-1.960877478E-1
7.606674880E-1,-5.558873713E-2,-3.103195429E-1,-1.948660165E-1
7.627025640E-1,-5.619960278E-2,-3.103195429E-1,-1.936442852E-1
7.647022180E-1,-5.864306539E-2,-3.127630055E-1,-1.899790913E-1
7.667806030E-1,-5.375614017E-2,-3.127630055E-1,-1.905899495E-1
7.688016030E-1,-5.619960278E-2,-3.164281845E-1,-1.930334121E-1
7.708356800E-1,-6.230825558E-2,-3.200933933E-1,-1.905899495E-1
7.729048720E-1,-6.597344577E-2,-3.237585723E-1,-1.905899495E-1
7.749391410E-1,-7.147123665E-2,-3.231477141E-1,-1.887573600E-1
7.769642950E-1,-8.185594529E-2,-3.237585723E-1,-1.887573600E-1
7.789633340E-1,-8.491026610E-2,-3.268128932E-1,-1.881465018E-1
7.810317570E-1,-9.407325089E-2,-3.292563558E-1,-1.893682331E-1
7.830661800E-1,-1.056796908E-1,-3.341432810E-1,-1.881465018E-1
7.851149870E-1,-1.111774743E-1,-3.329215646E-1,-1.881465018E-1
7.872855640E-1,-1.264491081E-1,-3.353650272E-1,-1.887573600E-1
7.891209490E-1,-1.398881376E-1,-3.371976018E-1,-1.887573600E-1
7.911202950E-1,-1.466076523E-1,-3.384193480E-1,-1.899790913E-1
7.931888340E-1,-1.643227488E-1,-3.371976018E-1,-1.918116808E-1
7.952233340E-1,-1.802052408E-1,-3.371976018E-1,-1.899790913E-1
7.972921800E-1,-1.881465018E-1,-3.378084898E-1,-1.905899495E-1
7.993267570E-1,-2.058615834E-1,-3.365867436E-1,-1.924225539E-1
8.013956800E-1,-2.229658216E-1,-3.353650272E-1,-1.924225539E-1
8.034302570E-1,-2.382374406E-1,-3.335324228E-1,-1.954768747E-1
8.054617570E-1,-2.492330223E-1,-3.316998184E-1,-1.954768747E-1
8.075934490E-1,-2.632829249E-1,-3.323107064E-1,-1.936442852E-1
8.095077570E-1,-2.742784917E-1,-3.353650272E-1,-1.954768747E-1
8.115066030E-1,-2.816088796E-1,-3.371976018E-1,-1.930334121E-1
8.135751410E-1,-2.956587672E-1,-3.420845270E-1,-1.924225539E-1
8.156088720E-1,-3.090978265E-1,-3.488040566E-1,-1.924225539E-1
8.176774870E-1,-3.194825351E-1,-3.518583775E-1,-1.887573600E-1
8.197119490E-1,-3.347541690E-1,-3.604104817E-1,-1.850921661E-1
8.217808330E-1,-3.488040566E-1,-3.677408695E-1,-1.850921661E-1
8.238141800E-1,-3.591887653E-1,-3.695734739E-1,-1.814269722E-1
8.258635260E-1,-3.732386529E-1,-3.762930036E-1,-1.826487035E-1
8.278668330E-1,-3.909537494E-1,-3.830125034E-1,-1.759291887E-1
8.298879490E-1,-3.964515328E-1,-3.854559660E-1,-1.789835095E-1
8.319217180E-1,-4.092797041E-1,-3.915646076E-1,-1.734857261E-1
8.339906410E-1,-4.227187634E-1,-3.982841372E-1,-1.679879427E-1
8.360255260E-1,-4.288274050E-1,-4.025602043E-1,-1.673770845E-1
8.380941410E-1,-4.367686510E-1,-4.098905921E-1,-1.631010175E-1
8.401280260E-1,-4.477642179E-1,-4.166100919E-1,-1.582140923E-1
8.421972950E-1,-4.520402849E-1,-4.208861589E-1,-1.527163088E-1
8.442314490E-1,-4.593706727E-1,-4.288274050E-1,-1.453859210E-1
8.462641410E-1,-4.673119187E-1,-4.404338300E-1,-1.362229437E-1
8.483422180E-1,-4.703662395E-1,-4.495968223E-1,-1.313360333E-1
8.503635260E-1,-4.728097022E-1,-4.544837475E-1,-1.270599663E-1
8.523979490E-1,-4.783074856E-1,-4.642575979E-1,-1.191187203E-1
8.544666410E-1,-4.770857692E-1,-4.770857692E-1,-1.111774743E-1
8.565012950E-1,-4.783074856E-1,-4.862487316E-1,-1.050688252E-1
8.585696410E-1,-4.776966274E-1,-4.960225821E-1,-9.957103431E-2
8.606037180E-1,-4.789183438E-1,-5.088507533E-1,-9.040805697E-2
8.626732180E-1,-4.813618064E-1,-5.149593949E-1,-8.491026610E-2
8.647081410E-1,-4.795292318E-1,-5.259549618E-1,-7.757988572E-2
8.667567180E-1,-4.795292318E-1,-5.381723046E-1,-7.208210230E-2
8.688487560E-1,-4.789183438E-1,-5.436700583E-1,-6.536258012E-2
8.707546790E-1,-4.801400900E-1,-5.503895879E-1,-6.047565863E-2
8.727537950E-1,-4.819726646E-1,-5.577199459E-1,-5.070181563E-2
8.748227180E-1,-4.795292318E-1,-5.619960427E-1,-5.070181563E-2
8.768713720E-1,-4.813618064E-1,-5.668829679E-1,-4.703662544E-2
8.789244870E-1,-4.807509482E-1,-5.705481172E-1,-4.153883830E-2
8.809579870E-1,-4.819726646E-1,-5.723807216E-1,-4.092797264E-2
8.830267560E-1,-4.831944108E-1,-5.717698932E-1,-3.543018550E-2
8.850604490E-1,-4.862487316E-1,-5.723807216E-1,-3.481931984E-2
8.870917560E-1,-4.862487316E-1,-5.705481172E-1,-3.054326214E-2
8.892238720E-1,-4.893030524E-1,-5.705481172E-1,-2.687807009E-2
8.911388720E-1,-4.874704778E-1,-5.668829679E-1,-2.687807009E-2
8.931371410E-1,-4.893030524E-1,-5.656611919E-1,-2.504547499E-2
8.952061410E-1,-4.899139404E-1,-5.601634383E-1,-2.199114859E-2
8.972401790E-1,-4.899139404E-1,-5.558874011E-1,-2.076941915E-2
8.993081020E-1,-4.886921942E-1,-5.485569835E-1,-1.832595654E-2
9.013422560E-1,-4.874704778E-1,-5.430592299E-1,-2.199114859E-2
9.034104490E-1,-4.893030524E-1,-5.357288122E-1,-1.771509275E-2
9.054449870E-1,-4.886921942E-1,-5.259549618E-1,-1.832595654E-2
9.075200250E-1,-4.893030524E-1,-5.229006410E-1,-1.893682219E-2
9.095210640E-1,-4.862487316E-1,-5.137376785E-1,-1.588249579E-2
9.115426020E-1,-4.819726646E-1,-5.027421117E-1,-1.771509275E-2
9.135760640E-1,-4.838052690E-1,-4.990769029E-1,-1.893682219E-2
9.156444490E-1,-4.783074856E-1,-4.880813360E-1,-1.649336144E-2
9.176781790E-1,-4.746423066E-1,-4.795292318E-1,-2.199114859E-2
9.197467560E-1,-4.721988440E-1,-4.715879560E-1,-1.893682219E-2
9.217802950E-1,-4.642575979E-1,-4.648684561E-1,-2.015855350E-2
9.238491020E-1,-4.581489265E-1,-4.575380683E-1,-2.565634064E-2
9.258832560E-1,-4.502076805E-1,-4.538728893E-1,-2.443460934E-2
9.278816790E-1,-4.453207552E-1,-4.489859641E-1,-2.321287990E-2
9.299591790E-1,-4.343251884E-1,-4.447098970E-1,-2.748893574E-2
9.319800250E-1,-4.294382632E-1,-4.447098970E-1,-3.115412779E-2
9.340136020E-1,-4.166100919E-1,-4.440990388E-1,-2.687807009E-2
9.360825250E-1,-4.068362415E-1,-4.465425014E-1,-3.359758854E-2
9.381160640E-1,-3.946189582E-1,-4.544837475E-1,-2.932153270E-2
9.401846410E-1,-3.860668242E-1,-4.581489265E-1,-3.298672289E-2
9.422189870E-1,-3.738495409E-1,-4.642575979E-1,-3.909537569E-2
9.442872180E-1,-3.628539443E-1,-4.734205604E-1,-4.153883830E-2
9.463214480E-1,-3.567453027E-1,-4.758640230E-1,-4.031710699E-2
9.483696790E-1,-3.457497358E-1,-4.825835526E-1,-5.009094998E-2
9.504610250E-1,-3.359758854E-1,-4.893030524E-1,-5.742133409E-2
9.523667950E-1,-3.310889602E-1,-4.929682612E-1,-5.803219974E-2
9.543663710E-1,-3.225368559E-1,-4.972442985E-1,-7.086037099E-2
9.564345640E-1,-3.176499307E-1,-4.996877611E-1,-7.696902007E-2
9.584691020E-1,-3.139847219E-1,-5.009095073E-1,-8.185594529E-2
9.605384100E-1,-3.090978265E-1,-4.996877611E-1,-9.162978828E-2
9.625729480E-1,-3.072652221E-1,-4.996877611E-1,-9.712757170E-2
9.646414480E-1,-3.017674387E-1,-5.002986193E-1,-1.038470939E-1
9.666750250E-1,-2.974913716E-1,-4.978551865E-1,-1.093448773E-1
9.686744480E-1,-2.889392674E-1,-4.954117239E-1,-1.178969890E-1
9.708074480E-1,-2.901609838E-1,-4.948008358E-1,-1.203404516E-1
9.727215640E-1,-2.767219543E-1,-4.941899776E-1,-1.258382350E-1
9.747211410E-1,-2.657263875E-1,-4.929682612E-1,-1.282816976E-1
9.767908330E-1,-2.608394623E-1,-4.917465150E-1,-1.301143020E-1
9.788248330E-1,-2.443460971E-1,-4.929682612E-1,-1.337794960E-1
9.808936790E-1,-2.284636050E-1,-4.923573732E-1,-1.368338168E-1
9.829286020E-1,-2.211332172E-1,-4.960225821E-1,-1.380555481E-1
9.849969480E-1,-2.040289938E-1,-5.021312237E-1,-1.362229437E-1
9.870314480E-1,-1.850921661E-1,-5.125159621E-1,-1.337794960E-1
9.890795250E-1,-1.643227488E-1,-5.222898126E-1,-1.301143020E-1
9.910840640E-1,-1.557706445E-1,-5.259549618E-1,-1.264491081E-1
9.931049100E-1,-1.380555481E-1,-5.369505286E-1,-1.215621829E-1
9.951391020E-1,-1.166752651E-1,-5.455026627E-1,-1.166752651E-1
9.972079100E-1,-1.032362282E-1,-5.479460955E-1,-1.123992056E-1
9.992418710E-1,-8.491026610E-2,-5.577199459E-1,-1.044579595E-1
1.001310448E0,-6.475171447E-2,-5.656611919E-1,-9.834930301E-2
1.003344987E0,-5.558873713E-2,-5.693264008E-1,-9.590584040E-2
1.005413794E0,-3.726277873E-2,-5.729916096E-1,-8.429940045E-2
1.007448064E0,-2.015855350E-2,-5.784893632E-1,-7.880161703E-2
1.009447717E0,-1.099557430E-2,-5.803219676E-1,-7.513642311E-2
1.011525833E0,3.054326167E-3,-5.839871764E-1,-6.475171447E-2
1.013547525E0,1.527163107E-2,-5.797111392E-1,-5.681046844E-2
1.015582179E0,2.321287990E-2,-5.809328556E-1,-5.070181563E-2
1.017651179E0,3.604105115E-2,-5.736024380E-1,-4.092797264E-2
1.019685640E0,4.276056588E-2,-5.687155724E-1,-3.115412779E-2
1.021710064E0,4.948008433E-2,-5.650503635E-1,-2.871066704E-2
1.023708833E0,5.619960278E-2,-5.564982295E-1,-1.588249579E-2
1.025777179E0,6.536258012E-2,-5.461135507E-1,-9.773843922E-3
1.027812333E0,6.841690838E-2,-5.400048494E-1,-4.276056774E-3
1.029861256E0,7.574728876E-2,-5.302310586E-1,2.443460980E-3
1.032031448E0,8.002334833E-2,-5.186246037E-1,1.160643995E-2
1.033866794E0,8.368854225E-2,-5.137376785E-1,1.588249579E-2
1.035865640E0,8.796459436E-2,-5.039638281E-1,2.199114859E-2
1.037934025E0,9.590584040E-2,-4.941899776E-1,2.748893574E-2
1.039967794E0,1.001819000E-1,-4.886921942E-1,3.115412779E-2
1.042037102E0,1.056796908E-1,-4.844161272E-1,3.970624134E-2
1.044071063E0,1.105666086E-1,-4.795292318E-1,3.848451003E-2
1.046139756E0,1.166752651E-1,-4.758640230E-1,4.092797264E-2
1.048173833E0,1.191187203E-1,-4.728097022E-1,4.337143153E-2
1.050173794E0,1.258382350E-1,-4.679227769E-1,4.153883830E-2
1.052306256E0,1.343903542E-1,-4.654793143E-1,4.276056588E-2
1.054220102E0,1.356120855E-1,-4.648684561E-1,4.398229718E-2
1.056220063E0,1.411098689E-1,-4.618141353E-1,4.459316283E-2
1.058289563E0,1.484402567E-1,-4.563163519E-1,4.642575979E-2
1.060323563E0,1.551597714E-1,-4.532620013E-1,4.092797264E-2
1.062392294E0,1.545489132E-1,-4.477642179E-1,4.031710699E-2
1.064426833E0,1.612684280E-1,-4.434881806E-1,4.520402849E-2
1.066496333E0,1.624901593E-1,-4.428772926E-1,4.276056588E-2
1.068530525E0,1.649336219E-1,-4.416555762E-1,4.153883830E-2
1.070606333E0,1.679879427E-1,-4.373795092E-1,4.276056588E-2
1.072608217E0,1.728748679E-1,-4.355469346E-1,3.665191308E-2
1.074630640E0,1.698205322E-1,-4.331034720E-1,3.909537569E-2
1.076664448E0,1.740965992E-1,-4.324925840E-1,3.970624134E-2
1.078733371E0,1.759291887E-1,-4.324925840E-1,3.970624134E-2
1.080767563E0,1.765400618E-1,-4.282165468E-1,3.787364438E-2
1.082836525E0,1.765400618E-1,-4.282165468E-1,3.604105115E-2
1.084870832E0,1.777617931E-1,-4.269948006E-1,3.420845419E-2
1.086940294E0,1.771509200E-1,-4.233296216E-1,3.481931984E-2
1.088973756E0,1.777617931E-1,-4.251621962E-1,3.420845419E-2
1.091006756E0,1.759291887E-1,-4.269948006E-1,3.298672289E-2
1.093083986E0,1.795943826E-1,-4.269948006E-1,2.871066704E-2
1.095105794E0,1.789835095E-1,-4.263839424E-1,3.176499158E-2
1.097140063E0,1.795943826E-1,-4.288274050E-1,3.237585723E-2
1.099208948E0,1.795943826E-1,-4.288274050E-1,3.054326214E-2
1.101243602E0,1.802052408E-1,-4.233296216E-1,2.993239649E-2
1.103312486E0,1.832595766E-1,-4.233296216E-1,2.748893574E-2
1.105346755E0,1.844813079E-1,-4.208861589E-1,2.321287990E-2
1.107414717E0,1.869247705E-1,-4.196644127E-1,2.748893574E-2
1.109449640E0,1.850921661E-1,-4.172209501E-1,2.382374369E-2
1.111498255E0,1.887573600E-1,-4.147774875E-1,2.076941915E-2
1.113590794E0,1.899790913E-1,-4.105014503E-1,2.199114859E-2
1.115496409E0,1.893682331E-1,-4.105014503E-1,1.771509275E-2
1.117495409E0,1.930334121E-1,-4.092797041E-1,1.649336144E-2
1.119564563E0,1.912008226E-1,-4.068362415E-1,1.404990070E-2
1.121598948E0,1.912008226E-1,-4.037819207E-1,1.160643995E-2
1.123667678E0,1.918116808E-1,-4.037819207E-1,6.719517522E-3
1.125701602E0,1.930334121E-1,-4.007275999E-1,5.497787148E-3
1.127769832E0,1.936442852E-1,-3.970624208E-1,1.832595794E-3
1.129803986E0,1.918116808E-1,-3.946189582E-1,1.832595794E-3
1.131803294E0,1.942551434E-1,-3.909537494E-1,1.221730490E-3
1.133936063E0,1.936442852E-1,-3.909537494E-1,0.000000000E0
1.135851178E0,1.948660165E-1,-3.885102868E-1,3.054326167E-3
1.137850217E0,1.924225539E-1,-3.860668242E-1,3.665191587E-3
1.139919178E0,1.948660165E-1,-3.824016452E-1,7.330383174E-3
1.141954025E0,1.954768747E-1,-3.762930036E-1,7.330383174E-3
1.144022178E0,1.924225539E-1,-3.738495409E-1,9.773843922E-3
1.146057140E0,1.918116808E-1,-3.677408695E-1,1.343903504E-2
1.148125601E0,1.942551434E-1,-3.616322279E-1,1.710422710E-2
1.150159371E0,1.930334121E-1,-3.585779071E-1,1.466076635E-2
1.152208294E0,1.942551434E-1,-3.543018401E-1,1.954768784E-2
1.154212332E0,1.912008226E-1,-3.518583775E-1,2.504547499E-2
1.156234178E0,1.887573600E-1,-3.475823104E-1,2.504547499E-2
1.158267755E0,1.893682331E-1,-3.426954150E-1,2.748893574E-2
1.160336294E0,1.863138974E-1,-3.402519524E-1,2.871066704E-2
1.162370794E0,1.869247705E-1,-3.378084898E-1,2.932153270E-2
1.164440024E0,1.857030392E-1,-3.316998184E-1,3.115412779E-2
1.166474448E0,1.832595766E-1,-3.298672438E-1,3.054326214E-2
1.168543140E0,1.844813079E-1,-3.268128932E-1,2.932153270E-2
1.170577871E0,1.802052408E-1,-3.219259977E-1,2.809980139E-2
1.172577294E0,1.759291887E-1,-3.170390725E-1,2.932153270E-2
1.174656217E0,1.759291887E-1,-3.109304011E-1,2.565634064E-2
1.176678448E0,1.716531366E-1,-3.078760803E-1,2.565634064E-2
1.178712678E0,1.704314053E-1,-3.005456924E-1,2.443460934E-2
1.180781524E0,1.655444801E-1,-2.932153046E-1,2.565634064E-2
1.182816255E0,1.624901593E-1,-2.889392674E-1,2.565634064E-2
1.184884063E0,1.557706445E-1,-2.797762752E-1,2.321287990E-2
1.186918524E0,1.521054506E-1,-2.700024247E-1,2.138028294E-2
1.188987601E0,1.496619880E-1,-2.632829249E-1,2.015855350E-2
1.191022101E0,1.466076523E-1,-2.498438805E-1,1.832595654E-2
1.193071371E0,1.398881376E-1,-2.382374406E-1,1.771509275E-2
1.195163755E0,1.350012124E-1,-2.333505303E-1,1.832595654E-2
1.197069524E0,1.282816976E-1,-2.229658216E-1,1.649336144E-2
1.199069178E0,1.203404516E-1,-2.125810981E-1,1.710422710E-2
1.201139371E0,1.154535338E-1,-2.070833147E-1,1.771509275E-2
1.203173909E0,1.075122803E-1,-1.954768747E-1,1.771509275E-2
1.205243024E0,1.007927656E-1,-1.814269722E-1,1.527163107E-2
1.207278486E0,9.651670605E-2,-1.759291887E-1,1.466076635E-2
1.209347563E0,8.613199741E-2,-1.631010175E-1,1.160643995E-2
1.211381447E0,7.880161703E-2,-1.496619880E-1,1.160643995E-2
1.213413447E0,7.880161703E-2,-1.386664063E-1,1.038470957E-2
1.215545832E0,6.963863969E-2,-1.282816976E-1,7.941247895E-3
1.217460601E0,6.230825558E-2,-1.130100712E-1,6.719517522E-3
1.219460409E0,6.230825558E-2,-1.056796908E-1,1.832595794E-3
1.221529024E0,5.619960278E-2,-9.224065393E-2,2.443460980E-3
1.223564024E0,4.948008433E-2,-8.063421398E-2,-1.832595794E-3
1.225633486E0,4.214970022E-2,-6.963863969E-2,-4.886921961E-3
1.227668640E0,4.153883830E-2,-6.597344577E-2,-5.497787148E-3
1.229737486E0,3.543018550E-2,-5.864306539E-2,-7.941247895E-3
1.231771370E0,2.871066704E-2,-5.070181563E-2,-1.160643995E-2
1.233847755E0,2.382374369E-2,-4.703662544E-2,-1.404990070E-2
1.235849140E0,2.015855350E-2,-4.031710699E-2,-1.527163107E-2
1.237870601E0,1.282817032E-2,-3.848451003E-2,-2.076941915E-2
1.239904755E0,7.941247895E-3,-3.420845419E-2,-2.199114859E-2
1.241973678E0,1.832595794E-3,-2.993239649E-2,-1.771509275E-2
1.244008409E0,-5.497787148E-3,-2.748893574E-2,-2.932153270E-2
1.246077678E0,-1.038470957E-2,-2.504547499E-2,-2.687807009E-2
1.248111755E0,-1.282817032E-2,-2.015855350E-2,-2.871066704E-2
1.250181101E0,-2.321287990E-2,-1.527163107E-2,-3.115412779E-2
1.252216063E0,-2.321287990E-2,-1.282817032E-2,-3.237585723E-2
1.254247870E0,-3.237585723E-2,-9.773843922E-3,-2.993239649E-2
1.256326024E0,-3.909537569E-2,-4.276056774E-3,-3.543018550E-2
1.258347986E0,-3.970624134E-2,-3.054326167E-3,-3.420845419E-2
1.260382370E0,-4.948008433E-2,2.443460980E-3,-3.298672289E-2
1.262451793E0,-5.803219974E-2,3.665191587E-3,-3.543018550E-2
1.264485370E0,-6.230825558E-2,6.108652335E-3,-3.359758854E-2
1.266509909E0,-6.414084882E-2,6.719517522E-3,-3.298672289E-2
1.268509755E0,-7.269296050E-2,1.038470957E-2,-3.298672289E-2
1.270578178E0,-7.696902007E-2,1.099557430E-2,-3.237585723E-2
1.272612370E0,-8.124507964E-2,1.099557430E-2,-2.932153270E-2
1.274660716E0,-8.552113175E-2,1.404990070E-2,-3.420845419E-2
1.276830755E0,-9.101892263E-2,1.343903504E-2,-2.687807009E-2
1.278666063E0,-9.346238524E-2,1.466076635E-2,-2.382374369E-2
1.280665101E0,-9.896016866E-2,1.404990070E-2,-2.565634064E-2
1.282733793E0,-1.050688252E-1,1.649336144E-2,-2.382374369E-2
1.284782447E0,-1.056796908E-1,1.588249579E-2,-2.076941915E-2
1.286836370E0,-1.081231460E-1,1.710422710E-2,-1.771509275E-2
1.288870255E0,-1.148426682E-1,1.893682219E-2,-1.466076635E-2
1.290939255E0,-1.154535338E-1,1.954768784E-2,-1.221730467E-2
1.292973178E0,-1.191187203E-1,2.260201424E-2,-1.282817032E-2
1.294972793E0,-1.191187203E-1,2.199114859E-2,-8.552113548E-3
1.297105370E0,-1.227839142E-1,2.260201424E-2,-6.108652335E-3
1.299019755E0,-1.227839142E-1,2.382374369E-2,-3.054326167E-3
1.301019409E0,-1.246165112E-1,2.382374369E-2,2.443460980E-3
1.303087524E0,-1.246165112E-1,2.504547499E-2,6.108652451E-4
1.305122639E0,-1.246165112E-1,2.504547499E-2,4.276056774E-3
1.307191409E0,-1.240056455E-1,2.626720630E-2,6.108652335E-3
1.309225985E0,-1.233947799E-1,2.687807009E-2,1.038470957E-2
1.311295062E0,-1.227839142E-1,2.687807009E-2,9.773843922E-3
1.313329485E0,-1.203404516E-1,2.382374369E-2,1.649336144E-2
1.315378793E0,-1.172861308E-1,2.321287990E-2,1.466076635E-2
1.317381870E0,-1.178969890E-1,2.443460934E-2,1.710422710E-2
1.319403678E0,-1.117883399E-1,2.260201424E-2,1.710422710E-2
1.321438062E0,-1.099557430E-1,2.076941915E-2,1.954768784E-2
1.323507678E0,-1.087340117E-1,2.199114859E-2,2.015855350E-2
1.325541601E0,-1.062905490E-1,2.076941915E-2,2.076941915E-2
1.327610601E0,-1.007927656E-1,1.893682219E-2,2.015855350E-2
1.329644793E0,-9.773843735E-2,1.954768784E-2,1.893682219E-2
1.331713293E0,-9.896016866E-2,1.588249579E-2,2.260201424E-2
1.333746947E0,-9.224065393E-2,1.282817032E-2,1.710422710E-2
1.335780101E0,-9.101892263E-2,1.099557430E-2,1.771509275E-2
1.337857947E0,-8.857546002E-2,1.221730467E-2,1.649336144E-2
1.339879139E0,-8.674286306E-2,6.719517522E-3,1.649336144E-2
1.341913716E0,-8.552113175E-2,4.886921961E-3,1.343903504E-2
1.343982139E0,-8.429940045E-2,2.443460980E-3,1.588249579E-2
1.346016408E0,-8.368854225E-2,-1.221730490E-3,1.160643995E-2
1.348084408E0,-8.429940045E-2,-6.108652451E-4,1.221730467E-2
1.350119178E0,-8.124507964E-2,-4.276056774E-3,7.941247895E-3
1.352187793E0,-8.246681094E-2,-7.330383174E-3,6.719517522E-3
1.354223101E0,-8.063421398E-2,-1.160643995E-2,4.886921961E-3
1.356271947E0,-8.307767659E-2,-1.466076635E-2,6.108652335E-3
1.358364062E0,-8.307767659E-2,-1.832595654E-2,4.276056774E-3
1.360269716E0,-8.124507964E-2,-1.954768784E-2,2.443460980E-3
1.362269101E0,-8.185594529E-2,-2.321287990E-2,1.832595794E-3
1.364337678E0,-8.368854225E-2,-2.809980139E-2,0.000000000E0
1.366371754E0,-8.063421398E-2,-3.237585723E-2,-3.665191587E-3
1.368440331E0,-8.307767659E-2,-3.420845419E-2,-3.665191587E-3
1.370474370E0,-8.063421398E-2,-3.543018550E-2,-6.108652335E-3
1.372544062E0,-7.941248268E-2,-3.970624134E-2,-2.443460980E-3
1.374577562E0,-8.063421398E-2,-3.726277873E-2,-5.497787148E-3
1.376609254E0,-7.757988572E-2,-4.214970022E-2,-7.330383174E-3
1.378742139E0,-7.757988572E-2,-4.581489414E-2,-3.054326167E-3
1.380656793E0,-7.880161703E-2,-4.764748737E-2,-6.719517522E-3
1.382655947E0,-7.513642311E-2,-4.825835302E-2,-7.330383174E-3
1.384724254E0,-7.513642311E-2,-5.192354694E-2,-3.054326167E-3
1.386758524E0,-7.391469181E-2,-5.009094998E-2,-4.886921961E-3
1.388827101E0,-7.024950534E-2,-5.375614017E-2,-3.665191587E-3
1.390860677E0,-7.208210230E-2,-5.314527452E-2,0.000000000E0
1.392929177E0,-7.086037099E-2,-5.314527452E-2,-1.221730490E-3
1.394963062E0,-6.658431143E-2,-5.375614017E-2,-6.108652451E-4
1.397038293E0,-6.841690838E-2,-5.314527452E-2,5.497787148E-3
1.399039716E0,-6.719517708E-2,-5.253441259E-2,1.832595794E-3
1.401060447E0,-6.597344577E-2,-5.314527452E-2,7.330383174E-3
1.403094601E0,-6.230825558E-2,-5.192354694E-2,1.099557430E-2
1.405162524E0,-6.108652428E-2,-5.070181563E-2,1.282817032E-2
1.407196639E0,-5.864306539E-2,-5.009094998E-2,1.343903504E-2
1.409265177E0,-5.864306539E-2,-4.764748737E-2,1.893682219E-2
1.411299216E0,-5.619960278E-2,-4.703662544E-2,1.954768784E-2
1.413367985E0,-5.375614017E-2,-4.825835302E-2,2.321287990E-2
1.415401754E0,-5.070181563E-2,-4.642575979E-2,2.565634064E-2
1.417433100E0,-4.825835302E-2,-4.642575979E-2,2.748893574E-2
1.419510600E0,-4.703662544E-2,-4.642575979E-2,2.809980139E-2
1.421531524E0,-4.276056588E-2,-4.581489414E-2,3.298672289E-2
1.423564831E0,-3.665191308E-2,-4.581489414E-2,3.359758854E-2
1.425633370E0,-3.543018550E-2,-4.459316283E-2,3.237585723E-2
1.427666870E0,-3.237585723E-2,-4.337143153E-2,3.481931984E-2
1.429735331E0,-2.809980139E-2,-4.214970022E-2,3.543018550E-2
1.431769254E0,-2.565634064E-2,-4.276056588E-2,3.420845419E-2
1.433837177E0,-2.504547499E-2,-4.398229718E-2,3.604105115E-2
1.435870523E0,-1.832595654E-2,-4.153883830E-2,3.543018550E-2
1.437918908E0,-1.588249579E-2,-3.787364438E-2,3.420845419E-2
1.440010023E0,-1.038470957E-2,-3.665191308E-2,3.543018550E-2
1.441914831E0,-7.330383174E-3,-3.176499158E-2,3.237585723E-2
1.443913254E0,-2.443460980E-3,-2.993239649E-2,3.115412779E-2
1.445981639E0,5.497787148E-3,-2.504547499E-2,2.993239649E-2
1.448014677E0,9.773843922E-3,-2.321287990E-2,2.809980139E-2
1.450082639E0,1.466076635E-2,-1.832595654E-2,2.748893574E-2
1.452116446E0,1.832595654E-2,-1.527163107E-2,2.565634064E-2
1.454184716E0,2.382374369E-2,-9.162978269E-3,2.382374369E-2
1.456217716E0,3.115412779E-2,-5.497787148E-3,2.443460934E-2
1.458248254E0,3.054326214E-2,-2.443460980E-3,2.443460934E-2
1.460381600E0,3.848451003E-2,2.443460980E-3,2.015855350E-2
1.462296331E0,4.153883830E-2,6.719517522E-3,2.443460934E-2
1.464295485E0,4.703662544E-2,8.552113548E-3,2.504547499E-2
1.466363485E0,4.764748737E-2,1.282817032E-2,2.199114859E-2
1.468397408E0,5.253441259E-2,1.404990070E-2,2.809980139E-2
1.470465600E0,5.558873713E-2,1.771509275E-2,2.504547499E-2
1.472499408E0,5.619960278E-2,1.710422710E-2,2.687807009E-2
1.474567946E0,6.291911751E-2,2.260201424E-2,2.687807009E-2
1.476602216E0,6.414084882E-2,2.321287990E-2,2.687807009E-2
1.478651216E0,6.841690838E-2,2.871066704E-2,2.565634064E-2
1.480654793E0,7.024950534E-2,2.993239649E-2,2.932153270E-2
1.482675754E0,7.147123665E-2,2.809980139E-2,2.809980139E-2
1.484709562E0,7.635815442E-2,3.298672289E-2,2.871066704E-2
1.486778216E0,7.880161703E-2,3.359758854E-2,3.176499158E-2
1.488812792E0,8.124507964E-2,3.420845419E-2,3.115412779E-2
1.490881139E0,8.552113175E-2,3.909537569E-2,2.871066704E-2
1.492914869E0,8.613199741E-2,4.153883830E-2,3.115412779E-2
1.494983908E0,8.857546002E-2,4.276056588E-2,3.054326214E-2
1.497017677E0,8.857546002E-2,4.276056588E-2,3.115412779E-2
1.499049754E0,8.857546002E-2,4.642575979E-2,3.115412779E-2
1.501127716E0,9.101892263E-2,4.948008433E-2,2.626720630E-2
1.503149639E0,9.101892263E-2,5.253441259E-2,2.809980139E-2
1.505183677E0,9.101892263E-2,5.619960278E-2,2.687807009E-2
1.507251831E0,8.979719132E-2,5.925392732E-2,2.565634064E-2
1.509285831E0,9.040805697E-2,5.986479297E-2,2.748893574E-2
1.511309485E0,8.857546002E-2,6.230825558E-2,2.626720630E-2
1.513309254E0,8.491026610E-2,6.780604273E-2,2.626720630E-2
1.515377369E0,8.613199741E-2,7.086037099E-2,2.321287990E-2
1.517412408E0,8.429940045E-2,7.391469181E-2,2.382374369E-2
1.519460946E0,8.307767659E-2,7.819075137E-2,2.382374369E-2
1.521631908E0,8.185594529E-2,7.941248268E-2,2.504547499E-2
1.523468177E0,7.941248268E-2,8.491026610E-2,2.443460934E-2
1.525467715E0,7.819075137E-2,8.552113175E-2,2.382374369E-2
1.527536792E0,7.880161703E-2,8.796459436E-2,2.443460934E-2
1.529570985E0,7.635815442E-2,8.979719132E-2,2.260201424E-2
1.531640331E0,7.513642311E-2,9.468411654E-2,2.321287990E-2
1.533674638E0,7.391469181E-2,9.468411654E-2,2.382374369E-2
1.535743331E0,7.086037099E-2,9.529497474E-2,2.382374369E-2
1.537777946E0,7.086037099E-2,9.834930301E-2,1.954768784E-2
1.539808908E0,7.024950534E-2,9.590584040E-2,2.260201424E-2
1.541940638E0,6.963863969E-2,9.896016866E-2,2.321287990E-2
1.543854869E0,6.658431143E-2,9.896016866E-2,2.443460934E-2
1.545853638E0,6.475171447E-2,9.957103431E-2,2.138028294E-2
1.547921600E0,6.414084882E-2,9.896016866E-2,2.260201424E-2
1.549956446E0,6.352998316E-2,9.957103431E-2,2.382374369E-2
1.552025061E0,6.230825558E-2,1.007927656E-1,2.382374369E-2
1.554058792E0,6.352998316E-2,9.896016866E-2,2.199114859E-2
1.556128254E0,6.291911751E-2,9.773843735E-2,2.138028294E-2
1.558162485E0,6.230825558E-2,9.773843735E-2,2.199114859E-2
1.560238369E0,6.414084882E-2,9.773843735E-2,2.138028294E-2
1.562240408E0,6.230825558E-2,9.590584040E-2,2.199114859E-2
1.564261677E0,6.414084882E-2,9.529497474E-2,2.199114859E-2
1.566295908E0,6.047565863E-2,9.285151958E-2,2.076941915E-2
1.568364331E0,6.169738993E-2,9.346238524E-2,2.199114859E-2
1.570398600E0,6.597344577E-2,9.285151958E-2,2.199114859E-2
1.572467831E0,6.597344577E-2,9.285151958E-2,1.893682219E-2
1.574501792E0,6.719517708E-2,9.162978828E-2,2.260201424E-2
1.576570446E0,6.780604273E-2,9.224065393E-2,1.954768784E-2
1.578605023E0,6.963863969E-2,9.407325089E-2,1.710422710E-2
1.580636523E0,7.208210230E-2,9.346238524E-2,1.954768784E-2
1.582714908E0,7.452555746E-2,9.407325089E-2,1.588249579E-2
1.584736792E0,7.391469181E-2,9.590584040E-2,1.710422710E-2
1.586771600E0,7.452555746E-2,9.712757170E-2,1.649336144E-2
1.588840754E0,7.635815442E-2,9.651670605E-2,1.649336144E-2
1.590875561E0,7.941248268E-2,1.020144969E-1,1.282817032E-2
1.592944523E0,7.819075137E-2,1.032362282E-1,1.404990070E-2
1.594978446E0,7.941248268E-2,1.032362282E-1,1.343903504E-2
1.597047100E0,8.002334833E-2,1.038470939E-1,1.527163107E-2
1.599081292E0,8.124507964E-2,1.062905490E-1,1.343903504E-2
1.601130715E0,8.185594529E-2,1.062905490E-1,1.527163107E-2
1.603222561E0,8.307767659E-2,1.069014147E-1,1.649336144E-2
1.605127831E0,8.307767659E-2,1.056796908E-1,1.710422710E-2
1.607126907E0,8.491026610E-2,1.075122803E-1,1.649336144E-2
1.609195407E0,8.491026610E-2,1.069014147E-1,1.771509275E-2
1.611229100E0,8.796459436E-2,1.069014147E-1,1.588249579E-2
1.613297484E0,9.101892263E-2,1.075122803E-1,1.771509275E-2
1.615331638E0,8.918632567E-2,1.069014147E-1,2.015855350E-2
1.617400138E0,9.040805697E-2,1.038470939E-1,2.015855350E-2
1.619434138E0,9.468411654E-2,1.044579595E-1,2.076941915E-2
1.621465830E0,9.529497474E-2,1.001819000E-1,1.954768784E-2
1.623597677E0,9.651670605E-2,9.834930301E-2,2.138028294E-2
1.625511677E0,9.957103431E-2,1.001819000E-1,1.832595654E-2
1.627511292E0,1.007927656E-1,9.773843735E-2,2.260201424E-2
1.629579677E0,1.014036313E-1,9.651670605E-2,2.321287990E-2
1.631614177E0,1.026253626E-1,9.101892263E-2,2.382374369E-2
1.633682407E0,1.032362282E-1,9.101892263E-2,2.382374369E-2
1.635716292E0,1.075122803E-1,8.552113175E-2,2.260201424E-2
1.637784600E0,1.069014147E-1,8.674286306E-2,2.015855350E-2
1.639819100E0,1.093448773E-1,8.429940045E-2,2.565634064E-2
1.641868061E0,1.105666086E-1,7.880161703E-2,2.321287990E-2
1.643871561E0,1.136209369E-1,7.696902007E-2,2.260201424E-2
1.645893215E0,1.148426682E-1,7.330382615E-2,2.565634064E-2
1.647926407E0,1.160643995E-1,7.269296050E-2,2.504547499E-2
1.649994523E0,1.185078546E-1,7.024950534E-2,2.565634064E-2
1.652028292E0,1.191187203E-1,6.963863969E-2,2.687807009E-2
1.654096792E0,1.233947799E-1,6.536258012E-2,2.626720630E-2
1.656130176E0,1.240056455E-1,6.597344577E-2,2.809980139E-2
1.658198561E0,1.276708394E-1,6.475171447E-2,2.809980139E-2
1.660232600E0,1.307251602E-1,6.352998316E-2,2.687807009E-2
1.662263753E0,1.276708394E-1,6.108652428E-2,3.176499158E-2
1.664341407E0,1.331686229E-1,6.108652428E-2,3.237585723E-2
1.666362061E0,1.356120855E-1,5.803219974E-2,3.054326214E-2
1.668396330E0,1.374446750E-1,5.864306539E-2,3.054326214E-2
1.670464446E0,1.368338168E-1,5.803219974E-2,3.420845419E-2
1.672498561E0,1.392772794E-1,5.864306539E-2,3.298672289E-2
1.674567792E0,1.398881376E-1,5.742133409E-2,3.665191308E-2
1.676601946E0,1.392772794E-1,5.742133409E-2,3.604105115E-2
1.678670830E0,1.417207420E-1,5.436700583E-2,3.543018550E-2
1.680705407E0,1.435533315E-1,5.681046844E-2,3.726277873E-2
1.682753523E0,1.435533315E-1,5.742133409E-2,3.481931984E-2
1.684845599E0,1.435533315E-1,5.497787148E-2,3.604105115E-2
1.686750484E0,1.453859210E-1,5.497787148E-2,3.543018550E-2
1.688749792E0,1.453859210E-1,5.558873713E-2,3.848451003E-2
1.690817869E0,1.466076523E-1,5.436700583E-2,3.543018550E-2
1.692866830E0,1.490511149E-1,5.497787148E-2,3.726277873E-2
1.694920176E0,1.459967941E-1,5.497787148E-2,3.909537569E-2
1.696954253E0,1.466076523E-1,5.375614017E-2,3.787364438E-2
1.699022484E0,1.484402567E-1,5.558873713E-2,3.726277873E-2
1.701056292E0,1.478293836E-1,5.436700583E-2,3.970624134E-2
1.703087446E0,1.478293836E-1,5.558873713E-2,3.909537569E-2
1.705220176E0,1.514945775E-1,5.803219974E-2,3.787364438E-2
1.707134599E0,1.490511149E-1,5.497787148E-2,3.909537569E-2
1.709134753E0,1.521054506E-1,5.619960278E-2,3.909537569E-2
1.711202176E0,1.521054506E-1,5.864306539E-2,3.726277873E-2
1.713236099E0,1.521054506E-1,5.681046844E-2,3.848451003E-2
1.715304407E0,1.551597714E-1,6.047565863E-2,3.604105115E-2
1.717337869E0,1.539380401E-1,6.169738993E-2,4.337143153E-2
1.719406638E0,1.557706445E-1,6.047565863E-2,3.970624134E-2
1.721440715E0,1.563815027E-1,6.108652428E-2,3.909537569E-2
1.723516369E0,1.594358236E-1,6.108652428E-2,4.337143153E-2
1.725518292E0,1.637118906E-1,6.230825558E-2,3.543018550E-2
1.727539484E0,1.618792862E-1,6.291911751E-2,3.726277873E-2
1.729574215E0,1.637118906E-1,6.536258012E-2,4.031710699E-2
1.731642445E0,1.637118906E-1,6.597344577E-2,3.665191308E-2
1.733676330E0,1.667662114E-1,6.719517708E-2,3.909537569E-2
1.735745061E0,1.667662114E-1,6.719517708E-2,3.970624134E-2
1.737779792E0,1.685988009E-1,6.902777404E-2,3.726277873E-2
1.739848753E0,1.679879427E-1,7.024950534E-2,4.153883830E-2
1.741883099E0,1.692096740E-1,7.330382615E-2,4.214970022E-2
1.743914753E0,1.698205322E-1,7.208210230E-2,4.031710699E-2
1.745961945E0,1.740965992E-1,7.635815442E-2,3.665191308E-2
1.747983022E0,1.740965992E-1,7.452555746E-2,4.337143153E-2
1.750017291E0,1.722639948E-1,7.819075137E-2,4.031710699E-2
1.752086253E0,1.747074574E-1,7.880161703E-2,4.092797264E-2
1.754120138E0,1.734857261E-1,7.880161703E-2,3.970624134E-2
1.756144945E0,1.747074574E-1,7.941248268E-2,3.787364438E-2
1.758143715E0,1.716531366E-1,7.941248268E-2,4.153883830E-2
1.760212638E0,1.716531366E-1,7.941248268E-2,4.153883830E-2
1.762246407E0,1.704314053E-1,7.696902007E-2,4.276056588E-2
1.764295061E0,1.704314053E-1,7.635815442E-2,3.848451003E-2
1.766464830E0,1.685988009E-1,7.513642311E-2,4.092797264E-2
1.768301061E0,1.661553532E-1,7.330382615E-2,4.031710699E-2
1.770300099E0,1.679879427E-1,7.574728876E-2,3.481931984E-2
1.772368330E0,1.637118906E-1,6.963863969E-2,4.153883830E-2
1.774402753E0,1.631010175E-1,6.780604273E-2,4.092797264E-2
1.776471330E0,1.624901593E-1,6.597344577E-2,3.604105115E-2
1.778505368E0,1.606575549E-1,6.658431143E-2,4.214970022E-2
1.780574561E0,1.569923609E-1,6.597344577E-2,3.909537569E-2
1.782608753E0,1.545489132E-1,6.169738993E-2,4.153883830E-2
1.784640984E0,1.545489132E-1,5.803219974E-2,4.153883830E-2
1.786773484E0,1.514945775E-1,5.986479297E-2,3.665191308E-2
1.788687599E0,1.478293836E-1,5.619960278E-2,4.092797264E-2
1.790687214E0,1.472185254E-1,5.497787148E-2,4.031710699E-2
1.792755599E0,1.441642046E-1,5.436700583E-2,3.787364438E-2
1.794790176E0,1.429424733E-1,5.253441259E-2,3.909537569E-2
1.796859253E0,1.423316002E-1,4.642575979E-2,3.787364438E-2
1.798893407E0,1.380555481E-1,4.642575979E-2,3.420845419E-2
1.800961945E0,1.368338168E-1,4.459316283E-2,3.787364438E-2
1.802995984E0,1.356120855E-1,4.276056588E-2,3.787364438E-2
1.805045253E0,1.301143020E-1,4.153883830E-2,3.665191308E-2
1.807048945E0,1.276708394E-1,4.031710699E-2,3.665191308E-2
1.809070368E0,1.295034289E-1,3.909537569E-2,3.604105115E-2
1.811104714E0,1.233947799E-1,3.726277873E-2,3.420845419E-2
1.813172868E0,1.221730486E-1,3.970624134E-2,3.359758854E-2
1.815207176E0,1.209513173E-1,3.787364438E-2,3.420845419E-2
1.817275945E0,1.148426682E-1,3.481931984E-2,3.115412779E-2
1.819310330E0,1.130100712E-1,3.665191308E-2,2.871066704E-2
1.821379137E0,1.093448773E-1,3.481931984E-2,2.748893574E-2
1.823413753E0,1.087340117E-1,3.359758854E-2,2.748893574E-2
1.825445291E0,1.044579595E-1,3.237585723E-2,2.748893574E-2
1.827523253E0,1.026253626E-1,3.298672289E-2,2.443460934E-2
1.829544214E0,9.773843735E-2,3.176499158E-2,2.504547499E-2
1.831578445E0,9.773843735E-2,2.871066704E-2,2.504547499E-2
1.833647214E0,9.162978828E-2,2.687807009E-2,2.321287990E-2
1.835681099E0,8.979719132E-2,2.382374369E-2,2.260201424E-2
1.837750137E0,8.429940045E-2,2.382374369E-2,2.199114859E-2
1.839784253E0,8.491026610E-2,2.199114859E-2,2.076941915E-2
1.841853560E0,8.246681094E-2,2.015855350E-2,1.771509275E-2
1.843888099E0,8.063421398E-2,1.588249579E-2,1.954768784E-2
1.845937291E0,7.635815442E-2,1.099557430E-2,1.893682219E-2
1.848030099E0,7.513642311E-2,1.343903504E-2,1.343903504E-2
1.849935560E0,7.452555746E-2,1.099557430E-2,1.466076635E-2
1.851935060E0,7.147123665E-2,9.162978269E-3,1.527163107E-2
1.854004022E0,6.963863969E-2,6.108652335E-3,1.404990070E-2
1.856038791E0,7.024950534E-2,4.276056774E-3,1.282817032E-2
1.858108330E0,6.780604273E-2,2.443460980E-3,1.221730467E-2
1.860142522E0,6.475171447E-2,2.443460980E-3,9.162978269E-3
1.862212176E0,6.536258012E-2,6.108652451E-4,1.038470957E-2
1.864245868E0,6.291911751E-2,-1.832595794E-3,9.162978269E-3
1.866276830E0,5.986479297E-2,-1.832595794E-3,8.552113548E-3
1.868409830E0,5.619960278E-2,-4.276056774E-3,9.773843922E-3
1.870325060E0,5.742133409E-2,-3.054326167E-3,7.941247895E-3
1.872323945E0,5.314527452E-2,-2.443460980E-3,1.038470957E-2
1.874392868E0,5.314527452E-2,-3.665191587E-3,1.038470957E-2
1.876427214E0,5.314527452E-2,-1.221730490E-3,4.886921961E-3
1.878496291E0,5.009094998E-2,-2.443460980E-3,9.773843922E-3
1.880530560E0,5.009094998E-2,0.000000000E0,9.773843922E-3
1.882600022E0,4.886921868E-2,6.108652451E-4,6.719517522E-3
1.884634868E0,4.581489414E-2,-6.108652451E-4,9.162978269E-3
1.886710791E0,4.703662544E-2,-1.221730490E-3,6.108652335E-3
1.888712983E0,4.276056588E-2,-6.108652451E-4,5.497787148E-3
1.890733945E0,4.214970022E-2,-2.443460980E-3,9.162978269E-3
1.892768445E0,4.459316283E-2,0.000000000E0,6.108652335E-3
1.894836406E0,4.031710699E-2,0.000000000E0,4.886921961E-3
1.896870906E0,4.214970022E-2,3.665191587E-3,6.108652335E-3
1.898938829E0,3.970624134E-2,3.054326167E-3,6.108652335E-3
1.900974214E0,3.726277873E-2,3.054326167E-3,5.497787148E-3
1.903043176E0,3.726277873E-2,3.665191587E-3,9.162978269E-3
1.905077637E0,3.665191308E-2,3.665191587E-3,1.038470957E-2
1.907077829E0,3.848451003E-2,2.443460980E-3,6.719517522E-3
1.909155252E0,3.604105115E-2,4.276056774E-3,9.162978269E-3
1.911177291E0,3.298672289E-2,2.443460980E-3,1.099557430E-2
1.913211868E0,3.420845419E-2,3.665191587E-3,9.773843922E-3
1.915280329E0,3.298672289E-2,4.886921961E-3,1.099557430E-2
1.917314791E0,2.993239649E-2,2.443460980E-3,1.282817032E-2
1.919383829E0,3.237585723E-2,2.443460980E-3,1.099557430E-2
1.921418022E0,2.748893574E-2,4.276056774E-3,1.160643995E-2
1.923487060E0,2.748893574E-2,1.832595794E-3,1.282817032E-2
1.925521368E0,2.748893574E-2,1.832595794E-3,1.466076635E-2
1.927570252E0,2.382374369E-2,6.108652451E-4,1.038470957E-2
1.929661714E0,2.443460934E-2,1.832595794E-3,8.552113548E-3
1.931568022E0,2.321287990E-2,3.665191587E-3,7.941247895E-3
1.933567060E0,2.015855350E-2,1.832595794E-3,3.665191587E-3
1.935636098E0,2.015855350E-2,1.221730490E-3,6.719517522E-3
1.937670060E0,1.771509275E-2,1.832595794E-3,7.330383174E-3
1.939738406E0,1.649336144E-2,1.221730490E-3,3.054326167E-3
1.941772791E0,1.404990070E-2,1.832595794E-3,2.443460980E-3
1.943841752E0,1.404990070E-2,4.886921961E-3,-6.108652451E-4
1.945876522E0,1.404990070E-2,2.443460980E-3,-6.108652451E-4
1.947907983E0,1.221730467E-2,1.832595794E-3,2.443460980E-3
1.950040675E0,1.038470957E-2,1.221730490E-3,-1.832595794E-3
1.951955521E0,1.099557430E-2,3.054326167E-3,-1.221730490E-3
1.953955098E0,9.162978269E-3,4.886921961E-3,-2.443460980E-3
1.956024021E0,8.552113548E-3,1.832595794E-3,-4.276056774E-3
1.958058175E0,7.330383174E-3,2.443460980E-3,-4.886921961E-3
1.960127560E0,6.719517522E-3,5.497787148E-3,-6.108652335E-3
1.962161752E0,7.330383174E-3,3.054326167E-3,-7.941247895E-3
1.964229675E0,1.221730490E-3,6.108652451E-4,-6.108652335E-3
1.966263675E0,1.221730490E-3,3.054326167E-3,-7.330383174E-3
1.968313329E0,3.054326167E-3,2.443460980E-3,-9.773843922E-3
1.970317598E0,1.832595794E-3,2.443460980E-3,-1.099557430E-2
1.972339214E0,0.000000000E0,6.108652451E-4,-9.773843922E-3
1.974373444E0,-1.832595794E-3,-1.832595794E-3,-7.941247895E-3
1.976442483E0,-5.497787148E-3,1.832595794E-3,-9.162978269E-3
1.978476983E0,-5.497787148E-3,0.000000000E0,-1.404990070E-2
1.980546098E0,-7.330383174E-3,-3.665191587E-3,-1.221730467E-2
1.982580791E0,-9.773843922E-3,-2.443460980E-3,-1.282817032E-2
1.984650406E0,-1.099557430E-2,-5.497787148E-3,-1.527163107E-2
1.986685444E0,-1.588249579E-2,-6.719517522E-3,-1.343903504E-2
1.988720175E0,-1.527163107E-2,-7.330383174E-3,-1.466076635E-2
1.990766098E0,-2.076941915E-2,-1.038470957E-2,-1.649336144E-2
1.992786906E0,-2.321287990E-2,-1.466076635E-2,-1.160643995E-2
1.994821521E0,-2.687807009E-2,-1.527163107E-2,-1.588249579E-2
1.996890137E0,-2.626720630E-2,-1.527163107E-2,-1.649336144E-2
1.998924175E0,-3.115412779E-2,-1.893682219E-2,-1.343903504E-2
2.000949291E0,-3.115412779E-2,-1.954768784E-2,-1.832595654E-2
2.002947906E0,-3.420845419E-2,-2.138028294E-2,-1.588249579E-2
2.005016560E0,-3.604105115E-2,-2.321287990E-2,-1.404990070E-2
2.007050252E0,-3.848451003E-2,-2.565634064E-2,-1.466076635E-2
2.009098521E0,-3.787364438E-2,-2.687807009E-2,-1.221730467E-2
2.011269521E0,-4.031710699E-2,-2.687807009E-2,-1.466076635E-2
2.013072021E0,-4.153883830E-2,-2.809980139E-2,-1.282817032E-2
2.015071060E0,-4.276056588E-2,-2.871066704E-2,-1.221730467E-2
2.017140214E0,-4.581489414E-2,-2.993239649E-2,-9.162978269E-3
2.019174983E0,-4.642575979E-2,-2.993239649E-2,-9.162978269E-3
2.021243214E0,-4.886921868E-2,-2.993239649E-2,-7.941247895E-3
2.023277675E0,-4.825835302E-2,-2.993239649E-2,-8.552113548E-3
2.025346637E0,-5.253441259E-2,-2.932153270E-2,-9.162978269E-3
2.027381137E0,-5.314527452E-2,-3.054326214E-2,-8.552113548E-3
2.029380560E0,-5.375614017E-2,-2.932153270E-2,-1.099557430E-2
2.031513137E0,-5.681046844E-2,-2.932153270E-2,-6.108652335E-3
2.033427175E0,-5.436700583E-2,-2.687807009E-2,-1.099557430E-2
2.035426290E0,-5.925392732E-2,-2.626720630E-2,-6.108652335E-3
2.037495213E0,-6.108652428E-2,-2.382374369E-2,-7.330383174E-3
2.039529406E0,-6.230825558E-2,-2.260201424E-2,-6.108652335E-3
2.041598021E0,-6.291911751E-2,-1.893682219E-2,-7.330383174E-3
2.043632444E0,-6.536258012E-2,-1.832595654E-2,-6.108652335E-3
2.045700983E0,-6.597344577E-2,-1.588249579E-2,-7.941247895E-3
2.047735021E0,-6.719517708E-2,-1.466076635E-2,-6.108652335E-3
2.049811560E0,-7.086037099E-2,-1.038470957E-2,-8.552113548E-3
2.051813060E0,-7.330382615E-2,-8.552113548E-3,-9.773843922E-3
2.053835252E0,-7.574728876E-2,-7.941247895E-3,-6.108652335E-3
2.055868829E0,-7.574728876E-2,-4.276056774E-3,-9.773843922E-3
2.057937944E0,-7.574728876E-2,-1.221730490E-3,-9.162978269E-3
2.059971598E0,-7.635815442E-2,6.108652451E-4,-9.773843922E-3
2.062039867E0,-7.819075137E-2,3.054326167E-3,-1.038470957E-2
2.064073713E0,-8.002334833E-2,3.665191587E-3,-1.099557430E-2
2.066141829E0,-8.002334833E-2,3.665191587E-3,-1.160643995E-2
2.068176406E0,-8.246681094E-2,6.719517522E-3,-1.160643995E-2
2.070207867E0,-8.185594529E-2,6.719517522E-3,-1.099557430E-2
2.072285713E0,-8.185594529E-2,6.108652335E-3,-1.221730467E-2
2.074306675E0,-8.246681094E-2,7.330383174E-3,-9.773843922E-3
2.076340483E0,-8.246681094E-2,8.552113548E-3,-1.343903504E-2
2.078408713E0,-8.368854225E-2,4.886921961E-3,-8.552113548E-3
2.080442136E0,-8.124507964E-2,7.330383174E-3,-1.221730467E-2
2.082510713E0,-8.368854225E-2,6.108652335E-3,-9.773843922E-3
2.084545329E0,-8.124507964E-2,5.497787148E-3,-1.160643995E-2
2.086614059E0,-8.307767659E-2,4.276056774E-3,-1.099557430E-2
2.088648136E0,-8.429940045E-2,4.886921961E-3,-1.038470957E-2
2.090697790E0,-8.429940045E-2,4.276056774E-3,-1.099557430E-2
2.092789367E0,-8.124507964E-2,4.276056774E-3,-1.282817032E-2
2.094694444E0,-8.552113175E-2,6.108652451E-4,-8.552113548E-3
2.096693713E0,-8.307767659E-2,1.221730490E-3,-1.038470957E-2
2.098762713E0,-8.307767659E-2,-6.108652451E-4,-1.221730467E-2
2.100812021E0,-8.307767659E-2,-3.054326167E-3,-1.038470957E-2
2.102866175E0,-8.246681094E-2,-4.886921961E-3,-1.160643995E-2
2.104900559E0,-8.246681094E-2,-3.054326167E-3,-1.343903504E-2
2.106969675E0,-8.613199741E-2,-7.330383174E-3,-1.282817032E-2
2.109003406E0,-8.246681094E-2,-6.108652335E-3,-1.588249579E-2
2.111034521E0,-8.491026610E-2,-7.330383174E-3,-1.343903504E-2
2.113167905E0,-8.491026610E-2,-8.552113548E-3,-1.404990070E-2
2.115082982E0,-8.552113175E-2,-7.941247895E-3,-9.162978269E-3
2.117082367E0,-8.613199741E-2,-1.038470957E-2,-1.221730467E-2
2.119151905E0,-8.674286306E-2,-1.160643995E-2,-1.038470957E-2
2.121185713E0,-8.796459436E-2,-1.282817032E-2,-8.552113548E-3
2.123254944E0,-8.735372871E-2,-1.404990070E-2,-1.038470957E-2
2.125289098E0,-8.735372871E-2,-1.282817032E-2,-1.038470957E-2
2.127358521E0,-8.613199741E-2,-1.588249579E-2,-9.773843922E-3
2.129393175E0,-8.979719132E-2,-1.527163107E-2,-7.941247895E-3
2.131441944E0,-9.162978828E-2,-1.404990070E-2,-1.038470957E-2
2.133445944E0,-8.979719132E-2,-1.527163107E-2,-7.330383174E-3
2.135467598E0,-9.101892263E-2,-1.649336144E-2,-7.330383174E-3
2.137502367E0,-9.346238524E-2,-1.649336144E-2,-6.719517522E-3
2.139571405E0,-9.346238524E-2,-1.832595654E-2,-5.497787148E-3
2.141605867E0,-9.224065393E-2,-1.954768784E-2,-7.330383174E-3
2.143675290E0,-9.529497474E-2,-1.771509275E-2,-6.719517522E-3
2.145709482E0,-9.712757170E-2,-1.588249579E-2,-7.330383174E-3
2.147778790E0,-9.834930301E-2,-1.771509275E-2,-4.886921961E-3
2.149812521E0,-9.896016866E-2,-1.710422710E-2,-6.719517522E-3
2.151811752E0,-9.590584040E-2,-1.649336144E-2,-6.719517522E-3
2.153890405E0,-9.957103431E-2,-1.771509275E-2,-7.330383174E-3
2.155911482E0,-9.957103431E-2,-1.649336144E-2,-3.054326167E-3
2.157946021E0,-9.957103431E-2,-1.771509275E-2,-4.886921961E-3
2.160014482E0,-1.001819000E-1,-1.649336144E-2,-4.886921961E-3
2.162048367E0,-1.001819000E-1,-1.649336144E-2,-3.054326167E-3
2.164116905E0,-1.014036313E-1,-1.710422710E-2,-5.497787148E-3
2.166150905E0,-9.957103431E-2,-1.710422710E-2,-6.719517522E-3
2.168219059E0,-9.896016866E-2,-1.404990070E-2,-4.276056774E-3
2.170253521E0,-1.001819000E-1,-1.527163107E-2,-6.108652335E-3
2.172301598E0,-1.007927656E-1,-1.466076635E-2,-4.886921961E-3
2.174393636E0,-1.026253626E-1,-1.527163107E-2,-1.832595794E-3
2.176298905E0,-9.957103431E-2,-1.649336144E-2,-5.497787148E-3
2.178297713E0,-1.014036313E-1,-1.710422710E-2,-6.719517522E-3
2.180367059E0,-1.007927656E-1,-1.588249579E-2,-3.054326167E-3
2.182401367E0,-1.001819000E-1,-1.832595654E-2,-7.330383174E-3
2.184470021E0,-9.957103431E-2,-1.832595654E-2,-6.108652335E-3
2.186504251E0,-9.896016866E-2,-1.893682219E-2,-4.276056774E-3
2.188573021E0,-1.001819000E-1,-1.893682219E-2,-7.330383174E-3
2.190607098E0,-9.896016866E-2,-2.076941915E-2,-9.773843922E-3
2.192638982E0,-1.007927656E-1,-2.138028294E-2,-4.886921961E-3
2.194771251E0,-9.773843735E-2,-2.260201424E-2,-1.343903504E-2
2.196686136E0,-9.651670605E-2,-2.260201424E-2,-1.160643995E-2
2.198685867E0,-9.712757170E-2,-2.504547499E-2,-1.099557430E-2
2.200755521E0,-9.773843735E-2,-2.321287990E-2,-1.343903504E-2
2.202788828E0,-9.468411654E-2,-2.443460934E-2,-1.466076635E-2
2.204858251E0,-9.468411654E-2,-2.687807009E-2,-1.527163107E-2
2.206892828E0,-9.468411654E-2,-2.504547499E-2,-1.649336144E-2
2.208961944E0,-9.529497474E-2,-2.504547499E-2,-1.588249579E-2
2.210995982E0,-9.285151958E-2,-2.382374369E-2,-1.954768784E-2
2.213072674E0,-9.407325089E-2,-2.199114859E-2,-1.832595654E-2
2.215075020E0,-8.979719132E-2,-2.076941915E-2,-2.382374369E-2
2.217095597E0,-8.857546002E-2,-1.832595654E-2,-2.015855350E-2
2.219130559E0,-8.735372871E-2,-1.649336144E-2,-2.382374369E-2
2.221199867E0,-8.491026610E-2,-1.282817032E-2,-2.504547499E-2
2.223234867E0,-8.368854225E-2,-7.941247895E-3,-2.748893574E-2
2.225303597E0,-8.307767659E-2,-7.941247895E-3,-2.748893574E-2
2.227338367E0,-8.185594529E-2,-4.276056774E-3,-2.748893574E-2
2.229407828E0,-7.696902007E-2,6.108652451E-4,-2.932153270E-2
2.231442444E0,-7.757988572E-2,4.886921961E-3,-2.993239649E-2
2.233474251E0,-7.574728876E-2,5.497787148E-3,-3.237585723E-2
2.235552828E0,-7.513642311E-2,1.099557430E-2,-3.176499158E-2
2.237574982E0,-7.024950534E-2,1.588249579E-2,-3.359758854E-2
2.239609174E0,-6.841690838E-2,1.527163107E-2,-3.481931984E-2
2.241679097E0,-6.780604273E-2,1.710422710E-2,-3.054326214E-2
2.243713251E0,-6.414084882E-2,1.954768784E-2,-3.420845419E-2
2.245738597E0,-6.291911751E-2,2.138028294E-2,-3.726277873E-2
2.247737713E0,-6.291911751E-2,2.199114859E-2,-3.115412779E-2
2.249807020E0,-5.803219974E-2,2.565634064E-2,-3.481931984E-2
2.251841367E0,-5.681046844E-2,2.626720630E-2,-3.543018550E-2
2.253890251E0,-5.619960278E-2,2.748893574E-2,-2.993239649E-2
2.256060251E0,-5.375614017E-2,2.626720630E-2,-3.359758854E-2
2.257897059E0,-5.497787148E-2,2.687807009E-2,-3.115412779E-2
2.259896559E0,-5.070181563E-2,2.687807009E-2,-2.993239649E-2
2.261965905E0,-5.192354694E-2,2.687807009E-2,-2.993239649E-2
2.264000828E0,-5.192354694E-2,2.443460934E-2,-2.748893574E-2
2.266069982E0,-5.009094998E-2,2.626720630E-2,-2.687807009E-2
2.268104482E0,-4.886921868E-2,2.382374369E-2,-2.565634064E-2
2.270173713E0,-4.886921868E-2,2.138028294E-2,-2.504547499E-2
2.272208520E0,-4.886921868E-2,1.954768784E-2,-2.015855350E-2
2.274240136E0,-4.948008433E-2,1.771509275E-2,-1.832595654E-2
2.276374713E0,-4.825835302E-2,1.527163107E-2,-1.771509275E-2
2.278290136E0,-5.070181563E-2,1.466076635E-2,-1.710422710E-2
2.280289713E0,-5.009094998E-2,1.343903504E-2,-1.649336144E-2
2.282358982E0,-5.009094998E-2,9.773843922E-3,-1.710422710E-2
2.284393674E0,-5.009094998E-2,1.099557430E-2,-1.588249579E-2
2.286462289E0,-4.948008433E-2,9.773843922E-3,-1.527163107E-2
2.288497251E0,-4.764748737E-2,7.330383174E-3,-1.649336144E-2
2.290565713E0,-4.948008433E-2,4.276056774E-3,-1.404990070E-2
2.292600905E0,-4.886921868E-2,4.276056774E-3,-1.649336144E-2
2.294650405E0,-4.764748737E-2,1.832595794E-3,-1.466076635E-2
2.296654636E0,-4.581489414E-2,1.832595794E-3,-1.466076635E-2
2.298676174E0,-4.703662544E-2,-6.108652451E-4,-1.466076635E-2
2.300711059E0,-4.459316283E-2,-2.443460980E-3,-1.221730467E-2
2.302779559E0,-4.703662544E-2,-3.665191587E-3,-1.282817032E-2
2.304814097E0,-4.520402849E-2,-4.886921961E-3,-1.527163107E-2
2.306883520E0,-4.214970022E-2,-3.665191587E-3,-1.404990070E-2
2.308917520E0,-4.031710699E-2,-3.665191587E-3,-1.404990070E-2
2.310986289E0,-3.848451003E-2,-6.108652335E-3,-1.710422710E-2
2.313019828E0,-3.787364438E-2,-6.108652335E-3,-1.527163107E-2
2.315050751E0,-3.909537569E-2,-6.719517522E-3,-1.404990070E-2
2.317130020E0,-3.420845419E-2,-7.941247895E-3,-1.771509275E-2
2.319150443E0,-3.298672289E-2,-1.038470957E-2,-1.649336144E-2
2.321184289E0,-3.298672289E-2,-9.773843922E-3,-1.710422710E-2
2.323253559E0,-3.176499158E-2,-1.099557430E-2,-1.588249579E-2
2.325287905E0,-2.932153270E-2,-1.343903504E-2,-1.771509275E-2
2.327356597E0,-2.993239649E-2,-1.649336144E-2,-1.893682219E-2
2.329391289E0,-2.871066704E-2,-1.588249579E-2,-1.893682219E-2
2.331460328E0,-2.932153270E-2,-1.832595654E-2,-2.015855350E-2
2.333494097E0,-2.932153270E-2,-2.015855350E-2,-2.076941915E-2
2.335542789E0,-3.054326214E-2,-2.321287990E-2,-1.771509275E-2
2.337634058E0,-2.504547499E-2,-2.626720630E-2,-2.321287990E-2
2.339539789E0,-2.504547499E-2,-2.871066704E-2,-2.382374369E-2
2.341538866E0,-2.809980139E-2,-3.115412779E-2,-2.076941915E-2
2.343607443E0,-2.748893574E-2,-3.420845419E-2,-2.260201424E-2
2.345641058E0,-2.748893574E-2,-3.970624134E-2,-2.015855350E-2
2.347710174E0,-2.626720630E-2,-4.276056588E-2,-2.015855350E-2
2.349743943E0,-2.504547499E-2,-4.825835302E-2,-1.954768784E-2
2.351812520E0,-2.626720630E-2,-5.497787148E-2,-1.710422710E-2
2.353845828E0,-2.504547499E-2,-5.803219974E-2,-2.138028294E-2
2.355877212E0,-2.199114859E-2,-6.352998316E-2,-1.710422710E-2
2.358010174E0,-2.138028294E-2,-6.658431143E-2,-1.649336144E-2
2.359923443E0,-1.893682219E-2,-7.086037099E-2,-1.710422710E-2
2.361922866E0,-1.954768784E-2,-7.513642311E-2,-1.160643995E-2
2.363991135E0,-1.404990070E-2,-7.696902007E-2,-1.282817032E-2
2.366024712E0,-1.771509275E-2,-8.246681094E-2,-1.282817032E-2
2.368092674E0,-1.527163107E-2,-8.491026610E-2,-1.099557430E-2
2.370126635E0,-1.404990070E-2,-8.613199741E-2,-1.160643995E-2
2.372196058E0,-1.099557430E-2,-8.735372871E-2,-8.552113548E-3
2.374229751E0,-1.160643995E-2,-8.796459436E-2,-6.719517522E-3
2.376305789E0,-7.941247895E-3,-8.857546002E-2,-7.330383174E-3
2.378306520E0,-7.941247895E-3,-8.918632567E-2,-3.665191587E-3
2.380327174E0,-6.719517522E-3,-8.796459436E-2,-3.665191587E-3
2.382361174E0,-6.719517522E-3,-8.918632567E-2,-3.665191587E-3
2.384429866E0,-1.832595794E-3,-8.857546002E-2,-1.832595794E-3
2.386463828E0,-1.221730490E-3,-8.918632567E-2,-1.221730490E-3
2.388532443E0,0.000000000E0,-8.796459436E-2,-1.832595794E-3
2.390566404E0,1.221730490E-3,-8.613199741E-2,-1.221730490E-3
2.392634558E0,1.832595794E-3,-8.674286306E-2,1.221730490E-3
2.394668097E0,1.832595794E-3,-8.613199741E-2,3.665191587E-3
2.396699943E0,4.886921961E-3,-8.185594529E-2,1.832595794E-3
2.398778635E0,7.941247895E-3,-8.429940045E-2,0.000000000E0
2.400799751E0,9.162978269E-3,-7.819075137E-2,3.665191587E-3
2.402834327E0,6.719517522E-3,-7.880161703E-2,4.276056774E-3
2.404903674E0,1.343903504E-2,-7.574728876E-2,5.497787148E-3
2.406937135E0,1.038470957E-2,-7.330382615E-2,4.276056774E-3
2.409005635E0,1.160643995E-2,-6.902777404E-2,4.886921961E-3
2.411039366E0,1.038470957E-2,-6.902777404E-2,2.443460980E-3
2.413108558E0,1.099557430E-2,-6.719517708E-2,7.330383174E-3
2.415142981E0,1.160643995E-2,-6.536258012E-2,4.276056774E-3
2.417192443E0,1.099557430E-2,-6.536258012E-2,4.886921961E-3
2.419283943E0,9.773843922E-3,-6.169738993E-2,4.886921961E-3
2.421188904E0,9.162978269E-3,-6.352998316E-2,5.497787148E-3
2.423188943E0,7.941247895E-3,-6.169738993E-2,3.665191587E-3
2.425257289E0,6.108652335E-3,-6.230825558E-2,5.497787148E-3
2.427291674E0,6.108652335E-3,-6.169738993E-2,4.276056774E-3
2.429360635E0,5.497787148E-3,-6.047565863E-2,6.108652335E-3
2.431394750E0,4.276056774E-3,-5.925392732E-2,6.108652335E-3
2.433464058E0,7.941247895E-3,-5.742133409E-2,1.221730490E-3
2.435498712E0,7.941247895E-3,-5.681046844E-2,2.443460980E-3
2.437529866E0,6.108652335E-3,-5.558873713E-2,5.497787148E-3
2.439661866E0,7.941247895E-3,-5.253441259E-2,-1.832595794E-3
2.441575597E0,9.162978269E-3,-5.253441259E-2,3.054326167E-3
2.443574904E0,8.552113548E-3,-5.131268129E-2,4.276056774E-3
2.445643173E0,9.773843922E-3,-4.703662544E-2,0.000000000E0
2.447678058E0,1.343903504E-2,-4.398229718E-2,-1.832595794E-3
2.449747135E0,1.343903504E-2,-4.214970022E-2,-3.665191587E-3
2.451782481E0,1.404990070E-2,-3.726277873E-2,-1.221730490E-3
2.453851673E0,1.649336144E-2,-3.420845419E-2,0.000000000E0
2.455885789E0,1.527163107E-2,-2.871066704E-2,-3.054326167E-3
2.457935096E0,1.710422710E-2,-2.504547499E-2,-4.276056774E-3
2.459939827E0,1.893682219E-2,-2.199114859E-2,-1.832595794E-3
2.461961481E0,2.076941915E-2,-1.710422710E-2,-3.665191587E-3
2.463997135E0,2.199114859E-2,-1.527163107E-2,-4.276056774E-3
2.466067212E0,2.199114859E-2,-1.099557430E-2,-3.054326167E-3
2.468102250E0,2.382374369E-2,-9.773843922E-3,-6.719517522E-3
2.470171789E0,2.565634064E-2,-6.719517522E-3,-4.276056774E-3
2.472206750E0,2.260201424E-2,-7.330383174E-3,-4.886921961E-3
2.474275712E0,2.565634064E-2,-7.941247895E-3,-4.886921961E-3
2.476310866E0,2.321287990E-2,-4.886921961E-3,-4.276056774E-3
2.478343366E0,2.321287990E-2,-7.941247895E-3,-4.886921961E-3
2.480421481E0,2.565634064E-2,-7.330383174E-3,-5.497787148E-3
2.482443443E0,2.565634064E-2,-7.330383174E-3,-6.108652335E-3
2.484477481E0,2.626720630E-2,-1.221730467E-2,-5.497787148E-3
2.486546212E0,2.443460934E-2,-1.282817032E-2,-6.108652335E-3
2.488580673E0,2.382374369E-2,-1.343903504E-2,-4.886921961E-3
2.490605019E0,2.504547499E-2,-1.771509275E-2,-4.886921961E-3
2.492604173E0,2.504547499E-2,-2.015855350E-2,-4.886921961E-3
2.494673596E0,2.443460934E-2,-2.260201424E-2,-1.832595794E-3
2.496708558E0,2.443460934E-2,-2.687807009E-2,-4.276056774E-3
2.498757096E0,2.076941915E-2,-3.176499158E-2,-4.276056774E-3
2.500926519E0,2.015855350E-2,-3.481931984E-2,-3.665191587E-3
2.502762750E0,2.138028294E-2,-3.604105115E-2,-4.276056774E-3
2.504762173E0,1.893682219E-2,-4.031710699E-2,-1.221730490E-3
2.506830827E0,1.710422710E-2,-4.459316283E-2,-1.221730490E-3
2.508880750E0,1.466076635E-2,-4.581489414E-2,6.108652451E-4
2.510934442E0,1.404990070E-2,-5.009094998E-2,1.832595794E-3
2.512968712E0,1.282817032E-2,-5.436700583E-2,3.054326167E-3
2.515037096E0,1.099557430E-2,-5.436700583E-2,3.054326167E-3
2.517070827E0,9.773843922E-3,-5.497787148E-2,5.497787148E-3
2.519102635E0,6.108652335E-3,-5.925392732E-2,6.719517522E-3
2.521234981E0,6.108652335E-3,-6.108652428E-2,6.719517522E-3
2.523149865E0,1.221730490E-3,-6.169738993E-2,6.719517522E-3
2.525148789E0,6.108652451E-4,-6.414084882E-2,1.038470957E-2
2.527217250E0,-4.276056774E-3,-6.291911751E-2,1.038470957E-2
2.529251212E0,-4.886921961E-3,-6.230825558E-2,7.330383174E-3
2.531319712E0,-5.497787148E-3,-6.291911751E-2,1.038470957E-2
2.533353712E0,-7.330383174E-3,-6.230825558E-2,9.162978269E-3
2.535422250E0,-1.282817032E-2,-6.169738993E-2,1.160643995E-2
2.537456327E0,-1.282817032E-2,-6.169738993E-2,1.160643995E-2
2.539531442E0,-1.282817032E-2,-5.925392732E-2,1.099557430E-2
2.541533327E0,-1.588249579E-2,-5.742133409E-2,6.108652335E-3
2.543554981E0,-1.649336144E-2,-5.558873713E-2,1.099557430E-2
2.545588712E0,-1.710422710E-2,-5.619960278E-2,8.552113548E-3
2.547656712E0,-2.076941915E-2,-5.131268129E-2,8.552113548E-3
2.549690904E0,-2.138028294E-2,-4.948008433E-2,1.282817032E-2
2.551759865E0,-2.199114859E-2,-4.825835302E-2,6.108652335E-3
2.553794481E0,-2.260201424E-2,-4.581489414E-2,5.497787148E-3
2.555862788E0,-2.199114859E-2,-4.153883830E-2,8.552113548E-3
2.557897327E0,-2.565634064E-2,-3.970624134E-2,6.108652335E-3
2.559896635E0,-2.443460934E-2,-3.787364438E-2,4.276056774E-3
2.561975135E0,-2.382374369E-2,-3.420845419E-2,7.330383174E-3
2.563996135E0,-2.504547499E-2,-3.298672289E-2,6.108652335E-3
2.566031211E0,-2.687807009E-2,-3.054326214E-2,3.054326167E-3
2.568100135E0,-2.748893574E-2,-2.809980139E-2,4.276056774E-3
2.570133788E0,-2.871066704E-2,-2.443460934E-2,1.221730490E-3
2.572203096E0,-2.932153270E-2,-2.382374369E-2,3.665191587E-3
2.574237365E0,-3.176499158E-2,-2.138028294E-2,3.665191587E-3
2.576305865E0,-3.237585723E-2,-1.893682219E-2,-6.108652451E-4
2.578339827E0,-3.115412779E-2,-1.588249579E-2,-1.832595794E-3
2.580389288E0,-3.176499158E-2,-1.404990070E-2,6.108652451E-4
2.582482250E0,-3.543018550E-2,-1.038470957E-2,-3.054326167E-3
2.584388250E0,-3.604105115E-2,-8.552113548E-3,-1.221730490E-3
2.586388096E0,-3.604105115E-2,-7.330383174E-3,-1.221730490E-3
2.588457250E0,-3.909537569E-2,-4.886921961E-3,-4.276056774E-3
2.590491634E0,-3.909537569E-2,-4.276056774E-3,-1.832595794E-3
2.592560750E0,-4.031710699E-2,-3.054326167E-3,-1.221730490E-3
2.594595019E0,-3.787364438E-2,-1.832595794E-3,-3.054326167E-3
2.596663981E0,-3.726277873E-2,1.832595794E-3,-3.665191587E-3
2.598697904E0,-4.153883830E-2,2.443460980E-3,-3.054326167E-3
2.600730596E0,-4.031710699E-2,3.665191587E-3,-1.832595794E-3
2.602863019E0,-3.848451003E-2,4.886921961E-3,-3.054326167E-3
2.604778365E0,-3.909537569E-2,3.665191587E-3,-3.054326167E-3
2.606777288E0,-4.031710699E-2,4.886921961E-3,-3.665191587E-3
2.608845827E0,-3.848451003E-2,6.108652335E-3,0.000000000E0
2.610879596E0,-3.909537569E-2,7.941247895E-3,6.108652451E-4
2.612948096E0,-3.909537569E-2,9.773843922E-3,-1.221730490E-3
2.614982557E0,-3.726277873E-2,8.552113548E-3,1.221730490E-3
2.617051057E0,-3.665191308E-2,7.941247895E-3,-1.832595794E-3
2.619084942E0,-3.665191308E-2,9.162978269E-3,-1.221730490E-3
2.621133519E0,-3.787364438E-2,8.552113548E-3,3.665191587E-3
2.623137288E0,-3.604105115E-2,9.773843922E-3,1.221730490E-3
2.625158019E0,-3.665191308E-2,1.099557430E-2,1.221730490E-3
2.627191750E0,-3.481931984E-2,1.466076635E-2,6.108652335E-3
2.629260288E0,-3.665191308E-2,1.466076635E-2,2.443460980E-3
2.631294173E0,-3.665191308E-2,1.588249579E-2,0.000000000E0
2.633363865E0,-3.543018550E-2,1.771509275E-2,1.832595794E-3
2.635398057E0,-3.481931984E-2,1.954768784E-2,1.221730490E-3
2.637466865E0,-3.481931984E-2,2.138028294E-2,1.221730490E-3
2.639501942E0,-3.420845419E-2,2.260201424E-2,2.443460980E-3
2.641534442E0,-3.176499158E-2,2.504547499E-2,-1.221730490E-3
2.643613403E0,-3.237585723E-2,2.443460934E-2,-3.665191587E-3
2.645635673E0,-3.420845419E-2,2.809980139E-2,2.443460980E-3
2.647669557E0,-3.176499158E-2,3.115412779E-2,-4.276056774E-3
2.649739442E0,-3.115412779E-2,3.054326214E-2,-3.054326167E-3
2.651774173E0,-3.054326214E-2,3.176499158E-2,0.000000000E0
2.653842865E0,-2.932153270E-2,3.848451003E-2,-6.719517522E-3
2.655877250E0,-2.809980139E-2,3.848451003E-2,-4.276056774E-3
2.657947173E0,-2.871066704E-2,4.276056588E-2,-2.443460980E-3
2.659981750E0,-2.809980139E-2,4.337143153E-2,-7.941247895E-3
2.662031096E0,-2.687807009E-2,4.642575979E-2,-7.941247895E-3
2.664122903E0,-2.687807009E-2,4.948008433E-2,-5.497787148E-3
2.666028826E0,-2.382374369E-2,5.253441259E-2,-1.099557430E-2
2.668027903E0,-2.626720630E-2,5.314527452E-2,-6.719517522E-3
2.670097519E0,-2.443460934E-2,5.558873713E-2,-5.497787148E-3
2.672131250E0,-2.260201424E-2,6.047565863E-2,-6.719517522E-3
2.674200096E0,-2.504547499E-2,6.108652428E-2,-5.497787148E-3
2.676234288E0,-2.382374369E-2,6.108652428E-2,-1.832595794E-3
2.678302673E0,-2.260201424E-2,6.291911751E-2,-1.832595794E-3
2.680337634E0,-2.076941915E-2,6.475171447E-2,-1.832595794E-3
2.682368980E0,-2.138028294E-2,6.597344577E-2,-4.276056774E-3
2.684501480E0,-1.954768784E-2,6.414084882E-2,-3.665191587E-3
2.686415903E0,-2.260201424E-2,6.352998316E-2,-1.832595794E-3
2.688414826E0,-1.954768784E-2,6.597344577E-2,-3.665191587E-3
2.690483596E0,-2.260201424E-2,6.597344577E-2,-3.665191587E-3
2.692517365E0,-2.076941915E-2,6.414084882E-2,-2.443460980E-3
2.694586249E0,-2.260201424E-2,6.169738993E-2,-1.221730490E-3
2.696620403E0,-2.321287990E-2,6.169738993E-2,-2.443460980E-3
2.698689596E0,-2.076941915E-2,5.986479297E-2,-1.221730490E-3
2.700723403E0,-2.382374369E-2,5.742133409E-2,-6.108652451E-4
2.702799480E0,-2.382374369E-2,5.742133409E-2,-4.886921961E-3
2.704801865E0,-2.626720630E-2,5.375614017E-2,-1.832595794E-3
2.706822749E0,-2.260201424E-2,5.497787148E-2,-3.054326167E-3
2.708857057E0,-2.260201424E-2,5.253441259E-2,-3.665191587E-3
2.710925865E0,-2.382374369E-2,5.009094998E-2,0.000000000E0
2.712960134E0,-2.504547499E-2,4.764748737E-2,-3.054326167E-3
2.715029480E0,-2.626720630E-2,4.703662544E-2,-4.276056774E-3
2.717063749E0,-2.626720630E-2,4.398229718E-2,2.443460980E-3
2.719132095E0,-2.748893574E-2,4.398229718E-2,6.108652451E-4
2.721166403E0,-2.748893574E-2,3.970624134E-2,-3.665191587E-3
2.723197672E0,-2.809980139E-2,3.726277873E-2,6.108652451E-4
2.725276095E0,-2.748893574E-2,3.543018550E-2,-1.221730490E-3
2.727297057E0,-2.871066704E-2,3.420845419E-2,-5.497787148E-3
2.729331519E0,-2.687807009E-2,3.237585723E-2,-6.108652451E-4
2.731400057E0,-2.809980139E-2,2.932153270E-2,-6.108652451E-4
2.733434980E0,-2.809980139E-2,2.626720630E-2,0.000000000E0
2.735459980E0,-2.748893574E-2,2.504547499E-2,6.108652451E-4
2.737459903E0,-2.687807009E-2,2.321287990E-2,1.221730490E-3
2.739528942E0,-2.871066704E-2,2.015855350E-2,6.108652451E-4
2.741563172E0,-2.748893574E-2,1.771509275E-2,6.108652451E-4
2.743612057E0,-2.748893574E-2,1.466076635E-2,1.832595794E-3
2.745782095E0,-2.809980139E-2,1.404990070E-2,0.000000000E0
2.747617365E0,-2.626720630E-2,1.160643995E-2,1.832595794E-3
2.749616711E0,-2.871066704E-2,9.162978269E-3,3.665191587E-3
2.751685057E0,-2.626720630E-2,7.941247895E-3,2.443460980E-3
2.753719749E0,-2.687807009E-2,5.497787148E-3,1.832595794E-3
2.755787942E0,-2.687807009E-2,4.886921961E-3,1.832595794E-3
2.757821595E0,-2.871066704E-2,1.832595794E-3,3.054326167E-3
2.759890711E0,-2.748893574E-2,2.443460980E-3,3.665191587E-3
2.761925134E0,-2.565634064E-2,-6.108652451E-4,4.886921961E-3
2.763924249E0,-2.565634064E-2,-1.221730490E-3,4.276056774E-3
2.766058903E0,-2.993239649E-2,-6.108652451E-4,4.276056774E-3
2.767973711E0,-2.809980139E-2,-3.054326167E-3,7.330383174E-3
2.769973211E0,-2.932153270E-2,-3.054326167E-3,4.276056774E-3
2.772042711E0,-2.809980139E-2,-4.276056774E-3,4.276056774E-3
2.774077326E0,-2.871066704E-2,-3.665191587E-3,5.497787148E-3
2.776146249E0,-2.687807009E-2,-2.443460980E-3,6.108652335E-3
2.778180749E0,-2.565634064E-2,-2.443460980E-3,5.497787148E-3
2.780249403E0,-2.932153270E-2,-3.054326167E-3,9.162978269E-3
2.782283672E0,-2.871066704E-2,-1.221730490E-3,7.330383174E-3
2.784332403E0,-2.687807009E-2,-1.221730490E-3,7.330383174E-3
2.786335595E0,-2.809980139E-2,1.832595794E-3,9.162978269E-3
2.788357788E0,-2.809980139E-2,3.054326167E-3,9.773843922E-3
2.790392595E0,-2.871066704E-2,3.054326167E-3,4.886921961E-3
2.792461634E0,-3.054326214E-2,4.276056774E-3,1.038470957E-2
2.794496441E0,-2.809980139E-2,7.330383174E-3,1.160643995E-2
2.796566057E0,-2.993239649E-2,6.719517522E-3,1.160643995E-2
2.798601172E0,-2.932153270E-2,1.038470957E-2,8.552113548E-3
2.800669980E0,-2.809980139E-2,1.038470957E-2,7.941247895E-3
2.802704826E0,-2.504547499E-2,1.160643995E-2,8.552113548E-3
2.804737211E0,-2.809980139E-2,1.466076635E-2,8.552113548E-3
2.806815941E0,-2.626720630E-2,1.588249579E-2,7.330383174E-3
2.808837480E0,-2.932153270E-2,1.588249579E-2,5.497787148E-3
2.810872864E0,-2.809980139E-2,1.710422710E-2,7.941247895E-3
2.812942287E0,-2.809980139E-2,1.710422710E-2,5.497787148E-3
2.814977172E0,-3.115412779E-2,1.832595654E-2,8.552113548E-3
2.817046672E0,-3.115412779E-2,1.954768784E-2,9.162978269E-3
2.819081634E0,-3.298672289E-2,2.138028294E-2,6.108652335E-3
2.821151518E0,-3.481931984E-2,2.199114859E-2,9.162978269E-3
2.823186864E0,-3.237585723E-2,2.076941915E-2,6.108652335E-3
2.825236941E0,-3.359758854E-2,1.954768784E-2,3.054326167E-3
2.827329864E0,-3.909537569E-2,1.954768784E-2,6.719517522E-3
2.829234980E0,-3.848451003E-2,1.893682219E-2,6.108652335E-3
2.831234172E0,-3.970624134E-2,1.710422710E-2,4.276056774E-3
2.833302749E0,-4.398229718E-2,1.466076635E-2,5.497787148E-3
2.835337980E0,-4.337143153E-2,1.771509275E-2,6.719517522E-3
2.837407057E0,-4.581489414E-2,1.343903504E-2,5.497787148E-3
2.839441364E0,-4.581489414E-2,1.282817032E-2,6.108652335E-3
2.841510595E0,-4.642575979E-2,1.282817032E-2,3.665191587E-3
2.843544941E0,-4.764748737E-2,1.221730467E-2,2.443460980E-3
2.845576941E0,-4.948008433E-2,9.773843922E-3,6.719517522E-3
2.847710326E0,-5.009094998E-2,1.038470957E-2,2.443460980E-3
2.849624018E0,-5.375614017E-2,7.330383174E-3,3.665191587E-3
2.851623057E0,-5.314527452E-2,7.941247895E-3,6.108652335E-3
2.853691595E0,-5.192354694E-2,5.497787148E-3,4.886921961E-3
2.855725480E0,-5.375614017E-2,4.276056774E-3,3.665191587E-3
2.857794326E0,-5.558873713E-2,4.276056774E-3,7.330383174E-3
2.859828518E0,-5.436700583E-2,1.832595794E-3,6.719517522E-3
2.861896749E0,-5.375614017E-2,1.832595794E-3,4.886921961E-3
2.863930518E0,-5.681046844E-2,-3.054326167E-3,1.038470957E-2
2.866006672E0,-5.253441259E-2,-3.665191587E-3,7.330383174E-3
2.868009249E0,-5.253441259E-2,-3.054326167E-3,6.108652335E-3
2.870030941E0,-5.192354694E-2,-6.108652335E-3,9.773843922E-3
2.872064980E0,-5.253441259E-2,-9.162978269E-3,1.221730467E-2
2.874133941E0,-5.192354694E-2,-9.162978269E-3,7.330383174E-3
2.876168210E0,-4.948008433E-2,-1.343903504E-2,1.038470957E-2
2.878236133E0,-4.825835302E-2,-1.343903504E-2,8.552113548E-3
2.880270595E0,-4.948008433E-2,-1.466076635E-2,1.099557430E-2
2.882337749E0,-4.764748737E-2,-1.343903504E-2,1.343903504E-2
2.884371864E0,-5.009094998E-2,-1.527163107E-2,1.343903504E-2
2.886403210E0,-4.825835302E-2,-1.343903504E-2,1.343903504E-2
2.888482364E0,-4.703662544E-2,-1.404990070E-2,1.221730467E-2
2.890502633E0,-4.886921868E-2,-1.527163107E-2,1.343903504E-2
2.892536941E0,-4.764748737E-2,-1.343903504E-2,1.466076635E-2
2.894604787E0,-4.581489414E-2,-1.466076635E-2,1.221730467E-2
2.896638672E0,-4.764748737E-2,-1.710422710E-2,1.466076635E-2
2.898707479E0,-4.520402849E-2,-1.343903504E-2,1.221730467E-2
2.900741902E0,-4.581489414E-2,-1.527163107E-2,1.343903504E-2
2.902810595E0,-4.459316283E-2,-1.160643995E-2,1.221730467E-2
2.904844249E0,-4.459316283E-2,-9.162978269E-3,1.099557430E-2
2.906893364E0,-4.581489414E-2,-7.330383174E-3,1.221730467E-2
2.908985056E0,-4.703662544E-2,-4.886921961E-3,1.160643995E-2
2.910890710E0,-4.642575979E-2,-2.443460980E-3,1.221730467E-2
2.912889287E0,-4.642575979E-2,-1.832595794E-3,1.221730467E-2
2.914958364E0,-4.948008433E-2,6.108652451E-4,1.527163107E-2
2.917007633E0,-4.886921868E-2,4.886921961E-3,1.404990070E-2
2.919060787E0,-4.764748737E-2,6.108652335E-3,1.099557430E-2
2.921095056E0,-4.948008433E-2,8.552113548E-3,1.282817032E-2
2.923163749E0,-5.009094998E-2,9.773843922E-3,1.221730467E-2
2.925198133E0,-5.192354694E-2,1.038470957E-2,1.160643995E-2
2.927229287E0,-5.009094998E-2,1.282817032E-2,1.038470957E-2
2.929361325E0,-5.131268129E-2,1.466076635E-2,1.221730467E-2
2.931276825E0,-5.070181563E-2,1.343903504E-2,1.282817032E-2
2.933275825E0,-5.009094998E-2,1.649336144E-2,1.282817032E-2
2.935344518E0,-5.070181563E-2,1.771509275E-2,1.099557430E-2
2.937378749E0,-5.070181563E-2,1.771509275E-2,1.160643995E-2
2.939447287E0,-5.009094998E-2,1.710422710E-2,7.330383174E-3
2.941481825E0,-4.764748737E-2,1.893682219E-2,1.160643995E-2
2.943550402E0,-4.703662544E-2,1.954768784E-2,9.773843922E-3
2.945584748E0,-4.581489414E-2,1.893682219E-2,9.162978269E-3
2.947633902E0,-4.398229718E-2,1.893682219E-2,1.099557430E-2
2.949637941E0,-4.581489414E-2,2.138028294E-2,1.038470957E-2
2.951658287E0,-4.398229718E-2,2.199114859E-2,1.099557430E-2
2.953692018E0,-4.153883830E-2,2.138028294E-2,1.221730467E-2
2.955760748E0,-3.848451003E-2,2.015855350E-2,6.719517522E-3
2.957795518E0,-3.848451003E-2,2.138028294E-2,1.221730467E-2
2.959864056E0,-3.543018550E-2,2.199114859E-2,9.773843922E-3
2.961897787E0,-3.237585723E-2,2.015855350E-2,7.941247895E-3
2.963966287E0,-3.298672289E-2,1.954768784E-2,1.099557430E-2
2.966000787E0,-3.115412779E-2,1.893682219E-2,1.221730467E-2
2.967999287E0,-3.054326214E-2,1.649336144E-2,8.552113548E-3
2.970077864E0,-2.748893574E-2,1.527163107E-2,7.941247895E-3
2.972098402E0,-2.626720630E-2,1.588249579E-2,1.221730467E-2
2.974132671E0,-2.504547499E-2,1.282817032E-2,1.099557430E-2
2.976200941E0,-2.565634064E-2,1.221730467E-2,8.552113548E-3
2.978235518E0,-2.565634064E-2,9.773843922E-3,1.404990070E-2
2.980260479E0,-2.626720630E-2,7.330383174E-3,9.773843922E-3
2.982259248E0,-2.321287990E-2,4.886921961E-3,1.038470957E-2
2.984328094E0,-2.199114859E-2,3.054326167E-3,1.649336144E-2
2.986363210E0,-2.015855350E-2,1.221730490E-3,9.162978269E-3
2.988411979E0,-1.893682219E-2,0.000000000E0,1.099557430E-2
2.990581787E0,-2.260201424E-2,-4.276056774E-3,1.527163107E-2
2.992417479E0,-1.893682219E-2,-6.108652335E-3,1.160643995E-2
2.994416402E0,-1.954768784E-2,-7.330383174E-3,9.162978269E-3
2.996484864E0,-1.771509275E-2,-9.162978269E-3,1.343903504E-2
2.998518941E0,-1.649336144E-2,-1.038470957E-2,1.404990070E-2
3.000587633E0,-1.649336144E-2,-1.099557430E-2,1.404990070E-2
3.002621671E0,-1.710422710E-2,-1.099557430E-2,1.343903504E-2
3.004690479E0,-1.832595654E-2,-1.099557430E-2,1.343903504E-2
3.006724441E0,-1.527163107E-2,-1.221730467E-2,1.527163107E-2
3.008756402E0,-1.588249579E-2,-9.773843922E-3,1.343903504E-2
3.010889556E0,-1.527163107E-2,-1.038470957E-2,1.099557430E-2
3.012804556E0,-1.832595654E-2,-9.162978269E-3,1.160643995E-2
3.014803864E0,-1.771509275E-2,-8.552113548E-3,1.160643995E-2
3.016872479E0,-1.771509275E-2,-9.773843922E-3,1.099557430E-2
3.018906671E0,-1.710422710E-2,-9.162978269E-3,1.404990070E-2
3.020975094E0,-1.832595654E-2,-6.719517522E-3,1.343903504E-2
3.023009364E0,-1.710422710E-2,-6.108652335E-3,8.552113548E-3
3.025078056E0,-1.893682219E-2,-6.108652335E-3,1.282817032E-2
3.027111787E0,-1.527163107E-2,-3.665191587E-3,1.160643995E-2
3.029187633E0,-1.954768784E-2,-3.054326167E-3,9.162978269E-3
3.031188440E0,-1.710422710E-2,1.221730490E-3,1.282817032E-2
3.033209979E0,-1.527163107E-2,-1.221730490E-3,1.160643995E-2
3.035243325E0,-1.527163107E-2,3.665191587E-3,7.941247895E-3
3.037312171E0,-1.466076635E-2,6.719517522E-3,9.773843922E-3
3.039346017E0,-1.160643995E-2,9.773843922E-3,9.773843922E-3
3.041414133E0,-1.099557430E-2,1.160643995E-2,6.719517522E-3
3.043448248E0,-9.773843922E-3,1.221730467E-2,6.108652335E-3
3.045516479E0,-8.552113548E-3,1.466076635E-2,4.886921961E-3
3.047550594E0,-8.552113548E-3,1.404990070E-2,6.108652335E-3
3.049581440E0,-5.497787148E-3,1.771509275E-2,6.108652335E-3
3.051659633E0,-3.054326167E-3,2.138028294E-2,6.108652451E-4
3.053681133E0,-3.665191587E-3,2.138028294E-2,4.276056774E-3
3.055715363E0,-6.108652451E-4,2.504547499E-2,4.886921961E-3
3.057784210E0,1.832595794E-3,2.687807009E-2,3.054326167E-3
3.059818248E0,4.886921961E-3,2.748893574E-2,3.054326167E-3
3.061887171E0,3.665191587E-3,2.809980139E-2,4.276056774E-3
3.063921671E0,6.108652335E-3,2.993239649E-2,3.665191587E-3
3.065990479E0,7.330383174E-3,2.809980139E-2,0.000000000E0
3.068024940E0,1.099557430E-2,2.932153270E-2,4.276056774E-3
3.070074633E0,1.221730467E-2,3.054326214E-2,4.276056774E-3
3.072167210E0,1.282817032E-2,2.932153270E-2,3.665191587E-3
3.074073210E0,1.588249579E-2,2.748893574E-2,3.054326167E-3
3.076073325E0,1.710422710E-2,2.565634064E-2,4.276056774E-3
3.078141979E0,1.588249579E-2,2.626720630E-2,7.330383174E-3
3.080176286E0,1.649336144E-2,2.382374369E-2,7.941247895E-3
3.082244786E0,1.893682219E-2,2.260201424E-2,7.941247895E-3
3.084279709E0,2.076941915E-2,2.199114859E-2,7.330383174E-3
3.086348171E0,1.954768784E-2,1.771509275E-2,9.162978269E-3
3.088382863E0,2.199114859E-2,1.649336144E-2,1.038470957E-2
3.090414709E0,2.443460934E-2,1.221730467E-2,1.038470957E-2
3.092546671E0,2.382374369E-2,1.221730467E-2,1.282817032E-2
3.094459786E0,2.321287990E-2,1.038470957E-2,1.099557430E-2
3.096460556E0,2.443460934E-2,9.162978269E-3,1.282817032E-2
3.098528594E0,2.260201424E-2,7.330383174E-3,1.466076635E-2
3.100562517E0,2.626720630E-2,7.330383174E-3,1.282817032E-2
3.102630709E0,2.687807009E-2,5.497787148E-3,1.588249579E-2
3.104664709E0,2.748893574E-2,4.276056774E-3,1.649336144E-2
3.106733248E0,2.809980139E-2,4.886921961E-3,1.588249579E-2
3.108767863E0,2.871066704E-2,4.276056774E-3,1.771509275E-2
3.110816786E0,2.748893574E-2,4.276056774E-3,1.710422710E-2
3.112820863E0,2.932153270E-2,6.108652335E-3,1.466076635E-2
3.114842286E0,2.809980139E-2,5.497787148E-3,1.710422710E-2
3.116876325E0,2.932153270E-2,6.719517522E-3,1.588249579E-2
3.118945402E0,2.871066704E-2,6.108652335E-3,1.893682219E-2
3.120979248E0,3.054326214E-2,7.330383174E-3,1.649336144E-2
3.123048363E0,2.809980139E-2,6.108652335E-3,1.771509275E-2
3.125082325E0,3.237585723E-2,4.886921961E-3,1.771509275E-2
3.127150863E0,2.993239649E-2,7.941247895E-3,1.771509275E-2
3.129185709E0,2.993239649E-2,6.719517522E-3,1.893682219E-2
3.131217055E0,2.932153270E-2,7.330383174E-3,1.832595654E-2
3.133295517E0,3.115412779E-2,6.719517522E-3,1.832595654E-2
3.135316440E0,3.359758854E-2,7.941247895E-3,1.710422710E-2
3.137350786E0,3.298672289E-2,6.108652335E-3,1.832595654E-2
3.139419325E0,3.420845419E-2,7.330383174E-3,1.893682219E-2
3.141452978E0,3.237585723E-2,4.886921961E-3,1.588249579E-2
3.143521325E0,3.420845419E-2,4.886921961E-3,1.893682219E-2
3.145555440E0,3.420845419E-2,6.108652335E-3,1.832595654E-2
3.147624055E0,3.481931984E-2,4.886921961E-3,1.893682219E-2
3.149658940E0,3.543018550E-2,3.665191587E-3,1.710422710E-2
3.151707132E0,3.420845419E-2,3.054326167E-3,2.015855350E-2
3.153799363E0,3.543018550E-2,3.054326167E-3,1.832595654E-2
3.155705132E0,3.970624134E-2,2.443460980E-3,1.710422710E-2
3.157704209E0,3.787364438E-2,3.665191587E-3,1.710422710E-2
3.159772825E0,3.909537569E-2,2.443460980E-3,1.649336144E-2
3.161807171E0,4.031710699E-2,3.054326167E-3,1.588249579E-2
3.163875325E0,4.031710699E-2,0.000000000E0,1.832595654E-2
3.165910440E0,4.276056588E-2,2.443460980E-3,1.466076635E-2
3.167978978E0,4.398229718E-2,1.221730490E-3,1.343903504E-2
3.170013325E0,4.337143153E-2,0.000000000E0,1.588249579E-2
3.172045325E0,4.214970022E-2,-1.221730490E-3,1.649336144E-2
3.174178248E0,4.459316283E-2,-1.221730490E-3,1.710422710E-2
3.176092248E0,4.764748737E-2,1.221730490E-3,1.404990070E-2
3.178092594E0,4.581489414E-2,-6.108652451E-4,1.343903504E-2
3.180161555E0,4.642575979E-2,0.000000000E0,1.771509275E-2
3.182196363E0,4.886921868E-2,1.832595794E-3,1.404990070E-2
3.184264594E0,4.764748737E-2,0.000000000E0,1.343903504E-2
3.186299632E0,4.886921868E-2,1.221730490E-3,1.771509275E-2
3.188367901E0,4.948008433E-2,1.221730490E-3,1.466076635E-2
3.190402555E0,5.070181563E-2,1.221730490E-3,1.527163107E-2
3.192478324E0,5.192354694E-2,1.832595794E-3,1.221730467E-2
3.194479940E0,5.009094998E-2,3.054326167E-3,1.649336144E-2
3.196500863E0,5.131268129E-2,3.665191587E-3,1.832595654E-2
3.198535786E0,5.131268129E-2,4.886921961E-3,1.404990070E-2
3.200603709E0,5.375614017E-2,4.886921961E-3,1.466076635E-2
3.202638132E0,5.070181563E-2,4.276056774E-3,1.649336144E-2
3.204707632E0,5.436700583E-2,7.941247895E-3,1.038470957E-2
3.206741747E0,5.070181563E-2,7.330383174E-3,1.466076635E-2
3.208811747E0,5.009094998E-2,6.719517522E-3,1.649336144E-2
3.210845440E0,5.070181563E-2,6.719517522E-3,1.160643995E-2
3.212877324E0,5.131268129E-2,6.108652335E-3,1.404990070E-2
3.214956171E0,5.192354694E-2,6.108652335E-3,1.343903504E-2
3.216977671E0,4.642575979E-2,6.719517522E-3,1.466076635E-2
3.219011671E0,5.070181563E-2,6.108652335E-3,1.160643995E-2
3.221080324E0,5.070181563E-2,6.719517522E-3,1.282817032E-2
3.223114747E0,4.948008433E-2,5.497787148E-3,1.160643995E-2
3.225140632E0,5.009094998E-2,6.719517522E-3,1.527163107E-2
3.227139094E0,5.009094998E-2,7.330383174E-3,1.466076635E-2
3.229207978E0,5.131268129E-2,4.886921961E-3,1.282817032E-2
3.231242901E0,4.948008433E-2,7.330383174E-3,1.466076635E-2
3.233291594E0,5.131268129E-2,4.886921961E-3,1.282817032E-2
3.235462094E0,5.253441259E-2,5.497787148E-3,1.343903504E-2
3.237298555E0,5.192354694E-2,5.497787148E-3,1.221730467E-2
3.239298594E0,5.192354694E-2,6.108652335E-3,1.404990070E-2
3.241366632E0,5.314527452E-2,5.497787148E-3,1.099557430E-2
3.243400517E0,5.253441259E-2,5.497787148E-3,1.343903504E-2
3.245468786E0,5.375614017E-2,3.665191587E-3,1.282817032E-2
3.247503017E0,5.436700583E-2,4.276056774E-3,1.160643995E-2
3.249571978E0,5.619960278E-2,5.497787148E-3,1.160643995E-2
3.251605478E0,5.558873713E-2,4.886921961E-3,1.282817032E-2
3.253637440E0,5.803219974E-2,4.276056774E-3,9.773843922E-3
3.255773324E0,5.619960278E-2,2.443460980E-3,1.466076635E-2
3.257678786E0,5.925392732E-2,3.665191587E-3,1.099557430E-2
3.259678363E0,6.047565863E-2,3.054326167E-3,7.330383174E-3
3.261747401E0,5.925392732E-2,1.832595794E-3,1.160643995E-2
3.263782440E0,5.925392732E-2,1.221730490E-3,1.221730467E-2
3.265851132E0,6.108652428E-2,2.443460980E-3,9.773843922E-3
3.267885478E0,6.169738993E-2,-6.108652451E-4,1.404990070E-2
3.269955132E0,6.108652428E-2,6.108652451E-4,1.221730467E-2
3.271989593E0,6.169738993E-2,0.000000000E0,9.162978269E-3
3.274039555E0,6.230825558E-2,-6.108652451E-4,1.160643995E-2
3.276044901E0,6.169738993E-2,-1.221730490E-3,1.099557430E-2
3.278066747E0,6.169738993E-2,6.108652451E-4,9.162978269E-3
3.280101132E0,6.291911751E-2,-6.108652451E-4,1.282817032E-2
3.282170901E0,6.291911751E-2,0.000000000E0,1.221730467E-2
3.284206055E0,6.352998316E-2,6.108652451E-4,1.282817032E-2
3.286275401E0,6.475171447E-2,1.832595794E-3,1.221730467E-2
3.288310209E0,6.352998316E-2,3.665191587E-3,1.221730467E-2
3.290379132E0,6.352998316E-2,4.276056774E-3,1.160643995E-2
3.292414286E0,6.352998316E-2,4.276056774E-3,1.282817032E-2
3.294447132E0,6.597344577E-2,5.497787148E-3,1.160643995E-2
3.296525786E0,6.597344577E-2,4.886921961E-3,1.038470957E-2
3.298548247E0,6.597344577E-2,7.330383174E-3,1.221730467E-2
3.300582478E0,6.658431143E-2,9.773843922E-3,1.038470957E-2
3.302651978E0,6.719517708E-2,9.773843922E-3,7.941247895E-3
3.304686632E0,6.536258012E-2,1.221730467E-2,1.221730467E-2
3.306754939E0,6.780604273E-2,1.282817032E-2,1.221730467E-2
3.308789978E0,6.475171447E-2,1.221730467E-2,9.773843922E-3
3.310858555E0,6.963863969E-2,1.343903504E-2,1.099557430E-2
3.312893016E0,6.780604273E-2,1.404990070E-2,1.527163107E-2
3.314941901E0,6.902777404E-2,1.404990070E-2,9.162978269E-3
3.317034439E0,6.841690838E-2,1.649336144E-2,1.038470957E-2
3.318939593E0,6.841690838E-2,1.527163107E-2,1.282817032E-2
3.320939593E0,6.902777404E-2,1.466076635E-2,1.038470957E-2
3.323009478E0,6.841690838E-2,1.588249579E-2,1.099557430E-2
3.325059362E0,6.902777404E-2,1.343903504E-2,1.649336144E-2
3.327113016E0,6.841690838E-2,1.282817032E-2,1.221730467E-2
3.329148209E0,6.963863969E-2,1.282817032E-2,1.221730467E-2
3.331217170E0,6.902777404E-2,9.162978269E-3,1.404990070E-2
3.333252247E0,6.719517708E-2,7.330383174E-3,1.649336144E-2
3.335252132E0,6.841690838E-2,6.108652335E-3,2.015855350E-2
3.337385362E0,6.780604273E-2,6.108652335E-3,1.527163107E-2
3.339300709E0,6.597344577E-2,6.108652451E-4,1.893682219E-2
3.341299978E0,6.475171447E-2,0.000000000E0,1.771509275E-2
3.343369247E0,6.414084882E-2,-1.832595794E-3,1.527163107E-2
3.345404208E0,6.597344577E-2,-4.886921961E-3,1.710422710E-2
3.347473478E0,6.230825558E-2,-5.497787148E-3,2.321287990E-2
3.349508247E0,6.230825558E-2,-7.330383174E-3,1.649336144E-2
3.351577439E0,6.108652428E-2,-9.162978269E-3,1.588249579E-2
3.353611785E0,6.230825558E-2,-1.038470957E-2,1.710422710E-2
3.355687439E0,6.169738993E-2,-1.160643995E-2,1.527163107E-2
3.357689939E0,6.047565863E-2,-1.343903504E-2,1.832595654E-2
3.359711324E0,5.864306539E-2,-1.527163107E-2,1.954768784E-2
3.361746324E0,5.681046844E-2,-1.527163107E-2,2.076941915E-2
3.363815016E0,5.925392732E-2,-1.343903504E-2,1.588249579E-2
3.365849862E0,6.108652428E-2,-1.466076635E-2,1.710422710E-2
3.367917978E0,5.986479297E-2,-1.588249579E-2,1.893682219E-2
3.369952978E0,5.925392732E-2,-1.527163107E-2,1.710422710E-2
3.372021862E0,5.925392732E-2,-1.404990070E-2,1.832595654E-2
3.374056824E0,6.169738993E-2,-1.343903504E-2,1.527163107E-2
3.376088362E0,6.169738993E-2,-1.099557430E-2,1.527163107E-2
3.378167093E0,6.169738993E-2,-1.160643995E-2,1.649336144E-2
3.380188285E0,6.230825558E-2,-1.221730467E-2,1.649336144E-2
3.382222670E0,6.108652428E-2,-7.330383174E-3,1.710422710E-2
3.384292093E0,6.047565863E-2,-5.497787148E-3,1.771509275E-2
3.386326362E0,6.230825558E-2,-1.221730490E-3,1.588249579E-2
3.388395862E0,6.108652428E-2,6.108652451E-4,1.466076635E-2
3.390430670E0,6.352998316E-2,1.832595794E-3,1.466076635E-2
3.392499708E0,6.047565863E-2,3.054326167E-3,1.466076635E-2
3.394534247E0,5.864306539E-2,3.665191587E-3,1.649336144E-2
3.396584131E0,6.108652428E-2,6.719517522E-3,1.221730467E-2
3.398676362E0,6.047565863E-2,9.773843922E-3,1.404990070E-2
3.400582478E0,5.986479297E-2,9.773843922E-3,1.282817032E-2
3.402582862E0,5.986479297E-2,1.038470957E-2,1.160643995E-2
3.404651401E0,5.803219974E-2,1.038470957E-2,1.282817032E-2
3.406685785E0,5.681046844E-2,1.099557430E-2,1.466076635E-2
3.408755054E0,5.803219974E-2,1.404990070E-2,1.099557430E-2
3.410790631E0,5.558873713E-2,1.466076635E-2,1.343903504E-2
3.412859439E0,5.681046844E-2,1.466076635E-2,1.160643995E-2
3.414893785E0,5.436700583E-2,1.710422710E-2,9.162978269E-3
3.416926439E0,5.619960278E-2,1.832595654E-2,9.162978269E-3
3.419058977E0,5.497787148E-2,1.832595654E-2,8.552113548E-3
3.420974554E0,5.436700583E-2,1.710422710E-2,8.552113548E-3
3.422974170E0,5.436700583E-2,1.710422710E-2,9.162978269E-3
3.425043400E0,5.497787148E-2,1.771509275E-2,9.773843922E-3
3.427078362E0,5.436700583E-2,1.710422710E-2,6.108652335E-3
3.429147400E0,5.070181563E-2,1.649336144E-2,9.773843922E-3
3.431182824E0,5.192354694E-2,1.404990070E-2,8.552113548E-3
3.433252054E0,4.948008433E-2,1.282817032E-2,7.330383174E-3
3.435287785E0,4.886921868E-2,1.160643995E-2,9.162978269E-3
3.437336862E0,4.886921868E-2,1.038470957E-2,7.330383174E-3
3.439342400E0,4.703662544E-2,9.162978269E-3,6.719517522E-3
3.441364131E0,4.642575979E-2,7.330383174E-3,9.773843922E-3
3.443398939E0,4.825835302E-2,6.719517522E-3,7.330383174E-3
3.445467747E0,4.520402849E-2,5.497787148E-3,6.719517522E-3
3.447502747E0,4.703662544E-2,6.108652335E-3,5.497787148E-3
3.449571862E0,4.764748737E-2,5.497787148E-3,2.443460980E-3
3.451606285E0,4.642575979E-2,5.497787148E-3,4.276056774E-3
3.453675631E0,4.642575979E-2,5.497787148E-3,4.276056774E-3
3.455710823E0,4.581489414E-2,4.886921961E-3,1.221730490E-3
3.457743208E0,4.581489414E-2,5.497787148E-3,0.000000000E0
3.459821977E0,4.825835302E-2,5.497787148E-3,6.108652451E-4
3.461844708E0,4.886921868E-2,7.941247895E-3,-6.108652451E-4
3.463878977E0,4.764748737E-2,7.330383174E-3,6.108652451E-4
3.465948900E0,4.703662544E-2,7.941247895E-3,1.832595794E-3
3.467983400E0,5.009094998E-2,1.038470957E-2,0.000000000E0
3.470008439E0,5.009094998E-2,9.773843922E-3,1.832595794E-3
3.472007939E0,5.070181563E-2,9.773843922E-3,6.108652451E-4
3.474076708E0,4.703662544E-2,1.099557430E-2,1.221730490E-3
3.476111785E0,4.703662544E-2,8.552113548E-3,6.108652451E-4
3.478161323E0,5.009094998E-2,1.038470957E-2,1.221730490E-3
3.480332054E0,4.825835302E-2,1.038470957E-2,6.108652451E-4
3.482168016E0,5.009094998E-2,1.099557430E-2,0.000000000E0
3.484167862E0,5.009094998E-2,1.099557430E-2,6.108652451E-4
3.486237862E0,4.886921868E-2,1.099557430E-2,0.000000000E0
3.488272631E0,4.642575979E-2,1.343903504E-2,1.221730490E-3
3.490342477E0,4.642575979E-2,1.343903504E-2,6.108652451E-4
3.492377439E0,4.764748737E-2,1.404990070E-2,1.832595794E-3
3.494447054E0,4.581489414E-2,1.404990070E-2,2.443460980E-3
3.496481631E0,4.276056588E-2,1.404990070E-2,1.221730490E-3
3.498513246E0,4.459316283E-2,1.282817032E-2,1.832595794E-3
3.500645362E0,4.214970022E-2,1.221730467E-2,2.443460980E-3
3.502559900E0,4.398229718E-2,1.282817032E-2,1.832595794E-3
3.504559977E0,3.970624134E-2,1.527163107E-2,-2.443460980E-3
3.506629131E0,3.909537569E-2,1.466076635E-2,1.832595794E-3
3.508664054E0,4.214970022E-2,1.343903504E-2,-6.108652451E-4
3.510734131E0,3.726277873E-2,1.588249579E-2,-1.221730490E-3
3.512768900E0,3.481931984E-2,1.588249579E-2,0.000000000E0
3.514838823E0,3.359758854E-2,1.588249579E-2,6.108652451E-4
3.516873592E0,3.237585723E-2,1.710422710E-2,-2.443460980E-3
3.518950900E0,3.420845419E-2,1.893682219E-2,-1.832595794E-3
3.520954016E0,3.298672289E-2,2.138028294E-2,-2.443460980E-3
3.522975823E0,3.237585723E-2,2.138028294E-2,-4.276056774E-3
3.525011092E0,3.176499158E-2,2.382374369E-2,-3.665191587E-3
3.527080592E0,3.054326214E-2,2.687807009E-2,-6.719517522E-3
3.529115592E0,2.932153270E-2,2.626720630E-2,-6.108652335E-3
3.531185092E0,2.809980139E-2,2.809980139E-2,-7.330383174E-3
3.533220477E0,2.871066704E-2,2.871066704E-2,-7.941247895E-3
3.535290208E0,2.504547499E-2,3.115412779E-2,-5.497787148E-3
3.537326208E0,2.321287990E-2,3.298672289E-2,-7.330383174E-3
3.539359323E0,2.382374369E-2,3.298672289E-2,-7.941247895E-3
3.541438131E0,2.321287990E-2,3.237585723E-2,-7.330383174E-3
3.543460862E0,2.504547499E-2,3.298672289E-2,-1.038470957E-2
3.545495862E0,2.443460934E-2,3.543018550E-2,-7.941247895E-3
3.547565977E0,2.260201424E-2,3.237585723E-2,-7.330383174E-3
3.549601208E0,2.138028294E-2,3.481931984E-2,-7.330383174E-3
3.551671246E0,2.443460934E-2,3.420845419E-2,-3.665191587E-3
3.553706708E0,2.321287990E-2,3.420845419E-2,-6.719517522E-3
3.555776708E0,2.504547499E-2,3.481931984E-2,-3.665191587E-3
3.557811669E0,2.321287990E-2,3.604105115E-2,-4.276056774E-3
3.559861708E0,2.504547499E-2,3.726277873E-2,-5.497787148E-3
3.561954938E0,2.565634064E-2,3.543018550E-2,-3.054326167E-3
3.563860861E0,2.565634064E-2,3.665191308E-2,-1.221730490E-3
3.565860900E0,2.626720630E-2,3.420845419E-2,-3.665191587E-3
3.567930208E0,2.748893574E-2,3.481931984E-2,-3.054326167E-3
3.569964938E0,2.626720630E-2,3.176499158E-2,6.108652451E-4
3.572034131E0,2.260201424E-2,3.359758854E-2,0.000000000E0
3.574068477E0,2.626720630E-2,3.176499158E-2,0.000000000E0
3.576138208E0,2.565634064E-2,3.054326214E-2,1.832595794E-3
3.578173669E0,2.626720630E-2,2.626720630E-2,-3.665191587E-3
3.580205938E0,2.443460934E-2,2.321287990E-2,1.221730490E-3
3.582338477E0,2.382374369E-2,2.443460934E-2,4.276056774E-3
3.584254515E0,2.321287990E-2,1.710422710E-2,6.108652451E-4
3.586254784E0,2.443460934E-2,1.649336144E-2,2.443460980E-3
3.588325092E0,2.260201424E-2,1.343903504E-2,6.108652335E-3
3.590360246E0,2.138028294E-2,9.162978269E-3,3.665191587E-3
3.592430092E0,2.199114859E-2,8.552113548E-3,3.665191587E-3
3.594464861E0,2.199114859E-2,6.108652335E-3,5.497787148E-3
3.596535284E0,1.893682219E-2,4.886921961E-3,2.443460980E-3
3.598570669E0,2.015855350E-2,3.054326167E-3,2.443460980E-3
3.600620054E0,1.588249579E-2,1.221730490E-3,5.497787148E-3
3.602625246E0,1.649336144E-2,-1.832595794E-3,1.832595794E-3
3.604647631E0,1.771509275E-2,-1.221730490E-3,2.443460980E-3
3.606682207E0,1.649336144E-2,-2.443460980E-3,3.665191587E-3
3.608751669E0,1.527163107E-2,-6.108652335E-3,1.832595794E-3
3.610786631E0,1.343903504E-2,-6.108652335E-3,1.221730490E-3
3.612856284E0,1.282817032E-2,-5.497787148E-3,3.665191587E-3
3.614890938E0,8.552113548E-3,-6.719517522E-3,6.108652451E-4
3.616960938E0,7.941247895E-3,-7.941247895E-3,-6.108652451E-4
3.618995669E0,7.941247895E-3,-7.941247895E-3,1.221730490E-3
3.621028323E0,4.886921961E-3,-6.719517522E-3,1.832595794E-3
3.623107092E0,3.054326167E-3,-7.330383174E-3,1.832595794E-3
3.625129630E0,3.054326167E-3,-5.497787148E-3,1.832595794E-3
3.627164246E0,1.221730490E-3,-4.276056774E-3,-6.108652451E-4
3.629234130E0,-3.054326167E-3,-4.276056774E-3,2.443460980E-3
3.631269438E0,-3.054326167E-3,-4.886921961E-3,6.108652451E-4
3.633339015E0,-4.886921961E-3,-2.443460980E-3,-3.054326167E-3
3.635374284E0,-4.886921961E-3,-2.443460980E-3,-6.108652451E-4
3.637444746E0,-4.886921961E-3,-2.443460980E-3,-1.221730490E-3
3.639480054E0,-6.719517522E-3,-1.221730490E-3,-2.443460980E-3
3.641529669E0,-7.330383174E-3,6.108652451E-4,0.000000000E0
3.643623477E0,-4.276056774E-3,6.108652451E-4,6.108652451E-4
3.645530130E0,-9.162978269E-3,3.665191587E-3,-1.221730490E-3
3.647529823E0,-8.552113548E-3,6.719517522E-3,-3.054326167E-3
3.649599746E0,-9.773843922E-3,4.276056774E-3,-6.108652451E-4
3.651635284E0,-9.162978269E-3,6.108652335E-3,-3.665191587E-3
3.653705092E0,-7.330383174E-3,6.108652335E-3,0.000000000E0
3.655740207E0,-1.221730467E-2,7.941247895E-3,1.221730490E-3
3.657810284E0,-9.773843922E-3,7.330383174E-3,-6.108652451E-4
3.659845207E0,-1.038470957E-2,9.773843922E-3,-6.108652451E-4
3.661877861E0,-8.552113548E-3,8.552113548E-3,-2.443460980E-3
3.664011092E0,-9.162978269E-3,1.221730467E-2,-2.443460980E-3
3.665926553E0,-1.038470957E-2,1.038470957E-2,1.221730490E-3
3.667926823E0,-9.162978269E-3,1.099557430E-2,0.000000000E0
3.669996630E0,-9.773843922E-3,1.160643995E-2,-6.108652451E-4
3.672032053E0,-9.773843922E-3,9.162978269E-3,0.000000000E0
3.674101900E0,-7.941247895E-3,1.038470957E-2,-1.832595794E-3
3.676137553E0,-6.719517522E-3,6.719517522E-3,1.221730490E-3
3.678207476E0,-8.552113548E-3,4.276056774E-3,0.000000000E0
3.680242284E0,-7.330383174E-3,6.108652335E-3,0.000000000E0
3.682319630E0,-5.497787148E-3,4.886921961E-3,0.000000000E0
3.684323669E0,-7.330383174E-3,1.221730490E-3,-2.443460980E-3
3.686345784E0,-4.276056774E-3,1.221730490E-3,6.108652451E-4
3.688381246E0,-8.552113548E-3,-1.221730490E-3,2.443460980E-3
3.690451515E0,-6.719517522E-3,-2.443460980E-3,0.000000000E0
3.692486515E0,-7.330383174E-3,-4.276056774E-3,1.832595794E-3
3.694556207E0,-6.108652335E-3,-5.497787148E-3,6.108652451E-4
3.696591323E0,-7.330383174E-3,-7.941247895E-3,-3.054326167E-3
3.698660630E0,-8.552113548E-3,-1.038470957E-2,0.000000000E0
3.700695823E0,-9.773843922E-3,-1.160643995E-2,-6.108652451E-4
3.702729015E0,-7.941247895E-3,-1.221730467E-2,-3.054326167E-3
3.704809322E0,-9.773843922E-3,-1.466076635E-2,0.000000000E0
3.706830592E0,-1.160643995E-2,-1.771509275E-2,-1.221730490E-3
3.708865361E0,-9.162978269E-3,-1.954768784E-2,-1.221730490E-3
3.710934976E0,-9.773843922E-3,-1.771509275E-2,-3.054326167E-3
3.712970669E0,-1.343903504E-2,-1.893682219E-2,-2.443460980E-3
3.714995976E0,-1.221730467E-2,-1.893682219E-2,-2.443460980E-3
3.716996476E0,-1.038470957E-2,-2.199114859E-2,1.221730490E-3
3.719065476E0,-1.160643995E-2,-2.382374369E-2,-2.443460980E-3
3.721100284E0,-1.404990070E-2,-2.321287990E-2,-2.443460980E-3
3.723149476E0,-1.221730467E-2,-2.382374369E-2,6.108652451E-4
3.725319361E0,-1.282817032E-2,-2.382374369E-2,-2.443460980E-3
3.727155976E0,-1.343903504E-2,-2.382374369E-2,-4.886921961E-3
3.729155399E0,-1.160643995E-2,-2.260201424E-2,-1.221730490E-3
3.731224784E0,-1.160643995E-2,-2.382374369E-2,-3.054326167E-3
3.733274822E0,-1.221730467E-2,-2.260201424E-2,-3.665191587E-3
3.735329515E0,-1.160643995E-2,-2.076941915E-2,0.000000000E0
3.737364438E0,-1.343903504E-2,-2.260201424E-2,-5.497787148E-3
3.739433245E0,-1.099557430E-2,-1.832595654E-2,-6.108652335E-3
3.741467592E0,-1.282817032E-2,-1.893682219E-2,-6.108652451E-4
3.743501745E0,-1.160643995E-2,-1.404990070E-2,-6.719517522E-3
3.745634245E0,-1.160643995E-2,-1.404990070E-2,-3.665191587E-3
3.747549053E0,-1.160643995E-2,-1.343903504E-2,-3.665191587E-3
3.749548745E0,-1.221730467E-2,-1.099557430E-2,-9.162978269E-3
3.751617399E0,-1.282817032E-2,-1.221730467E-2,-6.719517522E-3
3.753651822E0,-1.221730467E-2,-3.665191587E-3,-5.497787148E-3
3.755720553E0,-1.221730467E-2,-4.276056774E-3,-7.941247895E-3
3.757754938E0,-1.038470957E-2,-1.221730490E-3,-9.162978269E-3
3.759824092E0,-9.773843922E-3,1.221730490E-3,-9.773843922E-3
3.761858707E0,-9.162978269E-3,3.665191587E-3,-1.282817032E-2
3.763908553E0,-1.160643995E-2,6.719517522E-3,-9.162978269E-3
3.765913438E0,-9.773843922E-3,8.552113548E-3,-7.941247895E-3
3.767934745E0,-9.162978269E-3,1.282817032E-2,-9.773843922E-3
3.769969707E0,-9.773843922E-3,1.527163107E-2,-6.719517522E-3
3.772038861E0,-1.038470957E-2,1.710422710E-2,-5.497787148E-3
3.774073130E0,-1.160643995E-2,2.015855350E-2,-7.330383174E-3
3.776141976E0,-1.221730467E-2,2.321287990E-2,-4.886921961E-3
3.778176976E0,-1.282817032E-2,2.382374369E-2,-2.443460980E-3
3.780245822E0,-1.160643995E-2,2.504547499E-2,-7.330383174E-3
3.782280899E0,-1.343903504E-2,2.626720630E-2,-6.108652451E-4
3.784313438E0,-9.162978269E-3,2.748893574E-2,-3.665191587E-3
3.786373976E0,-1.404990070E-2,2.809980139E-2,-2.443460980E-3
3.788395899E0,-1.221730467E-2,2.932153270E-2,-3.054326167E-3
3.790431130E0,-1.466076635E-2,3.115412779E-2,-6.108652451E-4
3.792500514E0,-1.404990070E-2,3.054326214E-2,-5.497787148E-3
3.794535476E0,-1.588249579E-2,2.993239649E-2,-3.054326167E-3
3.796604822E0,-1.527163107E-2,2.871066704E-2,-1.832595794E-3
3.798639399E0,-1.527163107E-2,2.748893574E-2,-2.443460980E-3
3.800709014E0,-1.404990070E-2,2.687807009E-2,-6.719517522E-3
3.802743899E0,-1.343903504E-2,2.748893574E-2,-2.443460980E-3
3.804793322E0,-1.221730467E-2,2.443460934E-2,-1.832595794E-3
3.806881591E0,-1.343903504E-2,2.504547499E-2,-3.054326167E-3
3.808796284E0,-1.160643995E-2,2.565634064E-2,-3.054326167E-3
3.810796707E0,-1.343903504E-2,2.443460934E-2,-3.665191587E-3
3.812865745E0,-1.343903504E-2,2.443460934E-2,-4.886921961E-3
3.814901014E0,-1.404990070E-2,2.138028294E-2,-4.886921961E-3
3.816970553E0,-1.343903504E-2,2.076941915E-2,-4.886921961E-3
3.819005014E0,-1.099557430E-2,2.138028294E-2,-6.719517522E-3
3.821074245E0,-1.038470957E-2,1.954768784E-2,-6.719517522E-3
3.823108937E0,-1.099557430E-2,1.527163107E-2,-5.497787148E-3
3.825142130E0,-1.221730467E-2,1.649336144E-2,-7.941247895E-3
3.827274437E0,-1.160643995E-2,1.404990070E-2,-9.162978269E-3
3.829189322E0,-1.099557430E-2,1.588249579E-2,-8.552113548E-3
3.831189130E0,-1.099557430E-2,1.343903504E-2,-7.330383174E-3
3.833258360E0,-1.160643995E-2,1.099557430E-2,-8.552113548E-3
3.835293014E0,-1.160643995E-2,1.160643995E-2,-9.162978269E-3
3.837362822E0,-1.099557430E-2,7.941247895E-3,-9.162978269E-3
3.839397437E0,-1.343903504E-2,4.886921961E-3,-8.552113548E-3
3.841466630E0,-1.099557430E-2,5.497787148E-3,-8.552113548E-3
3.843501207E0,-1.282817032E-2,4.886921961E-3,-1.099557430E-2
3.845576822E0,-1.282817032E-2,2.443460980E-3,-1.038470957E-2
3.847578822E0,-1.404990070E-2,1.832595794E-3,-9.773843922E-3
3.849600245E0,-1.343903504E-2,1.221730490E-3,-9.162978269E-3
3.851634707E0,-1.282817032E-2,1.221730490E-3,-1.160643995E-2
3.853703630E0,-1.221730467E-2,-1.221730490E-3,-1.160643995E-2
3.855738014E0,-1.404990070E-2,-2.443460980E-3,-1.038470957E-2
3.857806668E0,-1.466076635E-2,-4.886921961E-3,-9.162978269E-3
3.859840476E0,-1.221730467E-2,-3.665191587E-3,-9.162978269E-3
3.861909283E0,-1.404990070E-2,-4.276056774E-3,-8.552113548E-3
3.863943245E0,-1.343903504E-2,-6.108652335E-3,-7.330383174E-3
3.865974360E0,-1.282817032E-2,-8.552113548E-3,-6.719517522E-3
3.868052053E0,-1.221730467E-2,-1.099557430E-2,-6.108652335E-3
3.870074360E0,-1.282817032E-2,-1.282817032E-2,-6.108652335E-3
3.872108630E0,-1.221730467E-2,-1.404990070E-2,-6.719517522E-3
3.874177937E0,-1.099557430E-2,-1.710422710E-2,-5.497787148E-3
3.876212706E0,-1.160643995E-2,-1.832595654E-2,-3.054326167E-3
3.878280437E0,-1.099557430E-2,-2.076941915E-2,-3.665191587E-3
3.880316476E0,-1.038470957E-2,-2.443460934E-2,-3.054326167E-3
3.882385976E0,-1.099557430E-2,-2.504547499E-2,-7.941247895E-3
3.884419976E0,-7.330383174E-3,-2.626720630E-2,-9.773843922E-3
3.886470360E0,-1.221730467E-2,-3.115412779E-2,-3.665191587E-3
3.888563206E0,-1.038470957E-2,-3.237585723E-2,-4.886921961E-3
3.890468514E0,-1.038470957E-2,-3.420845419E-2,-5.497787148E-3
3.892468629E0,-1.160643995E-2,-3.726277873E-2,-6.719517522E-3
3.894537937E0,-9.773843922E-3,-3.665191308E-2,-5.497787148E-3
3.896573822E0,-1.038470957E-2,-3.909537569E-2,-6.108652335E-3
3.898643437E0,-7.941247895E-3,-4.153883830E-2,-6.108652335E-3
3.900678476E0,-7.330383174E-3,-4.276056588E-2,-7.941247895E-3
3.902748168E0,-7.330383174E-3,-4.581489414E-2,-9.773843922E-3
3.904782899E0,-9.162978269E-3,-4.642575979E-2,-6.719517522E-3
3.906815668E0,-9.773843922E-3,-4.581489414E-2,-7.941247895E-3
3.908948629E0,-6.719517522E-3,-4.581489414E-2,-6.719517522E-3
3.910863476E0,-8.552113548E-3,-4.398229718E-2,-6.108652335E-3
3.912862899E0,-9.162978269E-3,-4.398229718E-2,-6.108652335E-3
3.914932629E0,-9.773843922E-3,-4.459316283E-2,-4.886921961E-3
3.916966899E0,-9.773843922E-3,-4.398229718E-2,-6.108652335E-3
3.919036206E0,-8.552113548E-3,-3.909537569E-2,-6.719517522E-3
3.921071129E0,-1.038470957E-2,-3.909537569E-2,-3.054326167E-3
3.923140245E0,-1.466076635E-2,-3.909537569E-2,-3.054326167E-3
3.925175437E0,-1.221730467E-2,-3.787364438E-2,-1.221730490E-3
3.927225052E0,-1.527163107E-2,-3.543018550E-2,-1.221730490E-3
3.929230129E0,-1.649336144E-2,-3.420845419E-2,-1.221730490E-3
3.931251283E0,-1.466076635E-2,-3.420845419E-2,-1.221730490E-3
3.933285629E0,-1.527163107E-2,-3.481931984E-2,1.832595794E-3
3.935355245E0,-1.710422710E-2,-3.237585723E-2,-1.221730490E-3
3.937389975E0,-1.466076635E-2,-3.298672289E-2,-1.832595794E-3
3.939459129E0,-1.466076635E-2,-3.237585723E-2,-1.832595794E-3
3.941493668E0,-1.710422710E-2,-3.420845419E-2,-6.108652451E-4
3.943562937E0,-1.527163107E-2,-3.298672289E-2,-1.832595794E-3
3.945596822E0,-1.710422710E-2,-3.176499158E-2,-2.443460980E-3
3.947628014E0,-1.221730467E-2,-3.237585723E-2,-1.221730490E-3
3.949705975E0,-1.466076635E-2,-3.115412779E-2,0.000000000E0
3.951726745E0,-1.404990070E-2,-3.054326214E-2,-1.221730490E-3
3.953760937E0,-1.466076635E-2,-3.115412779E-2,-6.108652451E-4
3.955828822E0,-1.221730467E-2,-2.871066704E-2,-3.665191587E-3
3.957863552E0,-8.552113548E-3,-2.871066704E-2,-1.832595794E-3
3.959888091E0,-1.221730467E-2,-2.687807009E-2,1.221730490E-3
3.961887860E0,-9.773843922E-3,-2.565634064E-2,-1.221730490E-3
3.963957591E0,-8.552113548E-3,-2.443460934E-2,0.000000000E0
3.965992783E0,-6.108652335E-3,-2.443460934E-2,-6.108652451E-4
3.968042591E0,-7.330383174E-3,-2.199114859E-2,1.221730490E-3
3.970213206E0,-7.330383174E-3,-2.015855350E-2,2.443460980E-3
3.972050168E0,-6.108652335E-3,-2.138028294E-2,1.221730490E-3
3.974050514E0,-6.719517522E-3,-1.832595654E-2,1.832595794E-3
3.976119398E0,-4.276056774E-3,-1.771509275E-2,5.497787148E-3
3.978154321E0,-5.497787148E-3,-1.710422710E-2,3.054326167E-3
3.980223245E0,-6.108652335E-3,-1.649336144E-2,2.443460980E-3
3.982258206E0,-3.665191587E-3,-1.466076635E-2,5.497787148E-3
3.984327937E0,-2.443460980E-3,-1.466076635E-2,2.443460980E-3
3.986362937E0,-5.497787148E-3,-1.832595654E-2,7.330383174E-3
3.988394629E0,-2.443460980E-3,-1.404990070E-2,6.719517522E-3
3.990528206E0,-2.443460980E-3,-1.282817032E-2,4.886921961E-3
3.992443052E0,-3.054326167E-3,-1.038470957E-2,4.886921961E-3
3.994443244E0,6.108652451E-4,-8.552113548E-3,7.941247895E-3
3.996511860E0,1.221730490E-3,-6.719517522E-3,8.552113548E-3
3.998546898E0,6.108652451E-4,-7.330383174E-3,8.552113548E-3
4.000615744E0,6.108652451E-4,-8.552113548E-3,9.773843922E-3
4.002650744E0,6.108652451E-4,-9.162978269E-3,1.099557430E-2
4.004719475E0,-6.108652451E-4,-1.099557430E-2,9.773843922E-3
4.006754860E0,1.832595794E-3,-1.160643995E-2,9.773843922E-3
4.008831514E0,0.000000000E0,-1.160643995E-2,1.099557430E-2
4.010833975E0,-1.221730490E-3,-1.160643995E-2,9.162978269E-3
4.012856129E0,1.221730490E-3,-9.773843922E-3,1.038470957E-2
4.014891321E0,-6.108652451E-4,-1.221730467E-2,1.099557430E-2
4.016961014E0,3.665191587E-3,-1.160643995E-2,8.552113548E-3
4.018995860E0,5.497787148E-3,-1.038470957E-2,6.719517522E-3
4.021064475E0,4.276056774E-3,-1.038470957E-2,1.038470957E-2
4.023099129E0,6.108652335E-3,-1.099557430E-2,6.719517522E-3
4.025167783E0,5.497787148E-3,-1.160643995E-2,9.162978269E-3
4.027202783E0,8.552113548E-3,-9.773843922E-3,5.497787148E-3
4.029236744E0,7.330383174E-3,-7.941247895E-3,9.162978269E-3
4.031316014E0,7.941247895E-3,-7.941247895E-3,1.038470957E-2
4.033338206E0,7.330383174E-3,-6.719517522E-3,7.941247895E-3
4.035373244E0,9.773843922E-3,-6.719517522E-3,7.330383174E-3
4.037442590E0,1.221730467E-2,-4.886921961E-3,1.160643995E-2
4.039477129E0,1.160643995E-2,-2.443460980E-3,8.552113548E-3
4.041545937E0,1.282817032E-2,-4.276056774E-3,9.773843922E-3
4.043580321E0,1.343903504E-2,-2.443460980E-3,1.221730467E-2
4.045649129E0,1.527163107E-2,-1.832595794E-3,9.162978269E-3
4.047683513E0,1.343903504E-2,-3.054326167E-3,1.160643995E-2
4.049732283E0,1.649336144E-2,-1.832595794E-3,9.773843922E-3
4.051825783E0,1.832595654E-2,-6.108652451E-4,9.162978269E-3
4.053731744E0,1.893682219E-2,-1.832595794E-3,6.719517522E-3
4.055731167E0,2.015855350E-2,6.108652451E-4,9.162978269E-3
4.057800667E0,2.015855350E-2,-1.221730490E-3,1.160643995E-2
4.059835244E0,2.260201424E-2,0.000000000E0,8.552113548E-3
4.061904360E0,1.954768784E-2,6.108652451E-4,9.162978269E-3
4.063938898E0,2.260201424E-2,0.000000000E0,9.162978269E-3
4.066008398E0,2.260201424E-2,6.108652451E-4,8.552113548E-3
4.068043475E0,2.321287990E-2,1.832595794E-3,7.941247895E-3
4.070075013E0,2.382374369E-2,6.108652451E-4,9.773843922E-3
4.072207936E0,2.076941915E-2,0.000000000E0,9.773843922E-3
4.074123513E0,2.015855350E-2,1.221730490E-3,6.719517522E-3
4.076123398E0,2.260201424E-2,-1.221730490E-3,9.773843922E-3
4.078192860E0,2.076941915E-2,-4.886921961E-3,8.552113548E-3
4.080227436E0,2.260201424E-2,-4.276056774E-3,8.552113548E-3
4.082296629E0,2.076941915E-2,-6.108652335E-3,1.160643995E-2
4.084331360E0,1.954768784E-2,-9.162978269E-3,7.941247895E-3
4.086401052E0,1.954768784E-2,-8.552113548E-3,9.162978269E-3
4.088435359E0,1.832595654E-2,-1.160643995E-2,1.038470957E-2
4.090485206E0,1.771509275E-2,-1.527163107E-2,6.719517522E-3
4.092489436E0,1.527163107E-2,-1.588249579E-2,7.941247895E-3
4.094511129E0,1.649336144E-2,-1.649336144E-2,8.552113548E-3
4.096545475E0,1.649336144E-2,-2.138028294E-2,9.162978269E-3
4.098614744E0,1.404990070E-2,-2.199114859E-2,7.330383174E-3
4.100648936E0,1.099557430E-2,-2.321287990E-2,9.162978269E-3
4.102717513E0,1.404990070E-2,-2.504547499E-2,8.552113548E-3
4.104751744E0,1.038470957E-2,-2.809980139E-2,7.330383174E-3
4.106821436E0,1.038470957E-2,-2.871066704E-2,6.719517522E-3
4.108855475E0,9.773843922E-3,-2.871066704E-2,7.330383174E-3
4.110887744E0,9.162978269E-3,-3.237585723E-2,7.330383174E-3
4.112966282E0,7.941247895E-3,-3.298672289E-2,7.330383174E-3
4.114988475E0,6.719517522E-3,-3.420845419E-2,9.773843922E-3
4.117023052E0,6.108652335E-3,-3.481931984E-2,6.719517522E-3
4.119092706E0,8.552113548E-3,-3.543018550E-2,5.497787148E-3
4.121127859E0,6.719517522E-3,-3.543018550E-2,1.099557430E-2
4.123197821E0,6.719517522E-3,-3.665191308E-2,6.719517522E-3
4.125232321E0,4.276056774E-3,-3.604105115E-2,8.552113548E-3
4.127302206E0,6.719517522E-3,-3.787364438E-2,9.773843922E-3
4.129337244E0,4.276056774E-3,-3.726277873E-2,7.330383174E-3
4.131387052E0,4.886921961E-3,-3.665191308E-2,7.941247895E-3
4.133479475E0,4.886921961E-3,-3.726277873E-2,7.941247895E-3
4.135385205E0,3.665191587E-3,-3.970624134E-2,6.719517522E-3
4.137384821E0,3.054326167E-3,-3.604105115E-2,6.719517522E-3
4.139454821E0,3.054326167E-3,-3.481931984E-2,7.941247895E-3
4.141504436E0,3.054326167E-3,-3.909537569E-2,6.108652335E-3
4.143559052E0,4.886921961E-3,-3.848451003E-2,6.719517522E-3
4.145593475E0,3.665191587E-3,-4.092797264E-2,7.330383174E-3
4.147662667E0,1.832595794E-3,-3.970624134E-2,6.108652335E-3
4.149697552E0,1.832595794E-3,-4.337143153E-2,7.941247895E-3
4.151729705E0,3.665191587E-3,-4.337143153E-2,6.719517522E-3
4.153863013E0,1.221730490E-3,-4.520402849E-2,3.054326167E-3
4.155777859E0,3.665191587E-3,-4.825835302E-2,4.886921961E-3
4.157777167E0,0.000000000E0,-4.825835302E-2,6.719517522E-3
4.159846552E0,0.000000000E0,-5.009094998E-2,1.832595794E-3
4.161880821E0,1.221730490E-3,-5.070181563E-2,4.276056774E-3
4.163950167E0,3.665191587E-3,-5.009094998E-2,1.832595794E-3
4.165985052E0,1.832595794E-3,-5.375614017E-2,-2.443460980E-3
4.168054436E0,-1.221730490E-3,-5.314527452E-2,1.832595794E-3
4.170088782E0,2.443460980E-3,-5.558873713E-2,4.276056774E-3
4.172164551E0,2.443460980E-3,-5.314527452E-2,-3.054326167E-3
4.174167859E0,0.000000000E0,-5.497787148E-2,0.000000000E0
4.176189744E0,2.443460980E-3,-5.375614017E-2,-6.108652451E-4
4.178223513E0,2.443460980E-3,-5.314527452E-2,-6.719517522E-3
4.180293167E0,2.443460980E-3,-5.314527452E-2,-3.665191587E-3
4.182326898E0,6.108652451E-4,-5.436700583E-2,-5.497787148E-3
4.184395975E0,2.443460980E-3,-5.009094998E-2,-7.941247895E-3
4.186430205E0,0.000000000E0,-5.131268129E-2,-4.886921961E-3
4.188499282E0,1.832595794E-3,-4.948008433E-2,-7.941247895E-3
4.190533590E0,0.000000000E0,-4.825835302E-2,-8.552113548E-3
4.192565436E0,3.054326167E-3,-4.703662544E-2,-7.941247895E-3
4.194644282E0,2.443460980E-3,-4.825835302E-2,-1.038470957E-2
4.196666398E0,1.832595794E-3,-4.642575979E-2,-9.773843922E-3
4.198701013E0,3.665191587E-3,-4.703662544E-2,-7.330383174E-3
4.200770244E0,3.665191587E-3,-4.398229718E-2,-9.162978269E-3
4.202804590E0,1.832595794E-3,-4.337143153E-2,-1.221730467E-2
4.204830359E0,5.497787148E-3,-4.398229718E-2,-1.099557430E-2
4.206829782E0,4.886921961E-3,-4.337143153E-2,-1.038470957E-2
4.208899667E0,3.665191587E-3,-4.398229718E-2,-9.773843922E-3
4.210933513E0,4.276056774E-3,-4.398229718E-2,-9.162978269E-3
4.212982782E0,3.665191587E-3,-4.337143153E-2,-9.162978269E-3
4.215152590E0,3.665191587E-3,-4.459316283E-2,-1.099557430E-2
4.216988436E0,4.276056774E-3,-4.398229718E-2,-7.941247895E-3
4.218988128E0,4.886921961E-3,-4.276056588E-2,-6.719517522E-3
4.221056859E0,5.497787148E-3,-4.520402849E-2,-5.497787148E-3
4.223092551E0,4.886921961E-3,-4.398229718E-2,-7.941247895E-3
4.225161128E0,6.108652335E-3,-4.337143153E-2,-7.941247895E-3
4.227195705E0,2.443460980E-3,-4.398229718E-2,-4.886921961E-3
4.229264974E0,4.276056774E-3,-4.398229718E-2,-6.719517522E-3
4.231299244E0,4.276056774E-3,-4.276056588E-2,-4.276056774E-3
4.233299705E0,1.221730490E-3,-4.214970022E-2,-6.108652335E-3
4.235433013E0,3.054326167E-3,-4.214970022E-2,-6.719517522E-3
4.237348897E0,4.276056774E-3,-4.153883830E-2,-9.162978269E-3
4.239348205E0,2.443460980E-3,-4.092797264E-2,-4.886921961E-3
4.241418051E0,1.832595794E-3,-3.848451003E-2,-3.665191587E-3
4.243452474E0,-1.221730490E-3,-3.726277873E-2,-4.886921961E-3
4.245521244E0,6.108652451E-4,-3.787364438E-2,-4.276056774E-3
4.247556128E0,-6.108652451E-4,-3.787364438E-2,-4.276056774E-3
4.249624359E0,-6.108652451E-4,-3.970624134E-2,-3.054326167E-3
4.251659167E0,0.000000000E0,-3.726277873E-2,-4.276056774E-3
4.253708820E0,-6.108652451E-4,-3.665191308E-2,-5.497787148E-3
4.255714436E0,-1.221730490E-3,-3.665191308E-2,-7.330383174E-3
4.257736397E0,6.108652451E-4,-3.665191308E-2,-6.108652335E-3
4.259770513E0,6.108652451E-4,-3.604105115E-2,-3.665191587E-3
4.261839282E0,-2.443460980E-3,-3.665191308E-2,-3.665191587E-3
4.263874013E0,-1.221730490E-3,-3.543018550E-2,-4.276056774E-3
4.265942705E0,-2.443460980E-3,-3.543018550E-2,-4.276056774E-3
4.267976513E0,-2.443460980E-3,-3.665191308E-2,-1.832595794E-3
4.270046205E0,-1.832595794E-3,-3.543018550E-2,-2.443460980E-3
4.272128282E0,-3.054326167E-3,-3.726277873E-2,-4.886921961E-3
4.274090243E0,-3.054326167E-3,-3.665191308E-2,-3.665191587E-3
4.276168820E0,-1.832595794E-3,-3.359758854E-2,-3.665191587E-3
4.278191128E0,-3.054326167E-3,-3.481931984E-2,-3.054326167E-3
4.280240090E0,-2.443460980E-3,-3.237585723E-2,-6.108652335E-3
4.282226743E0,-3.054326167E-3,-3.054326214E-2,-3.665191587E-3
4.284226551E0,-4.276056774E-3,-3.176499158E-2,-1.221730490E-3
4.286296205E0,-5.497787148E-3,-2.809980139E-2,-4.886921961E-3
4.289472474E0,-6.108652335E-3,-2.687807009E-2,0.000000000E0
4.291378628E0,-4.886921961E-3,-2.443460934E-2,-2.443460980E-3
4.293379051E0,-4.276056774E-3,-2.321287990E-2,-3.054326167E-3
4.295428551E0,-5.497787148E-3,-1.893682219E-2,-3.054326167E-3
4.297521474E0,-4.276056774E-3,-2.015855350E-2,-2.443460980E-3
4.299428436E0,-3.665191587E-3,-1.588249579E-2,-1.221730490E-3
4.301427628E0,-7.941247895E-3,-1.221730467E-2,-5.497787148E-3
4.303497705E0,-6.108652335E-3,-8.552113548E-3,-4.886921961E-3
4.305532551E0,-4.886921961E-3,-7.330383174E-3,-4.276056774E-3
4.307602589E0,-6.719517522E-3,-5.497787148E-3,-3.665191587E-3
4.309637551E0,-6.108652335E-3,-1.832595794E-3,-5.497787148E-3
4.311707474E0,-6.108652335E-3,0.000000000E0,-3.665191587E-3
4.313742474E0,-6.108652335E-3,3.665191587E-3,-3.054326167E-3
4.315774320E0,-5.497787148E-3,4.886921961E-3,-4.886921961E-3
4.317908089E0,-7.941247895E-3,6.108652335E-3,-3.665191587E-3
4.319823666E0,-6.108652335E-3,1.038470957E-2,-6.719517522E-3
4.321824051E0,-4.886921961E-3,1.099557430E-2,-6.108652335E-3
4.323893166E0,-4.886921961E-3,1.343903504E-2,-4.276056774E-3
4.325928205E0,-7.330383174E-3,1.466076635E-2,-6.719517522E-3
4.327997782E0,-1.038470957E-2,1.527163107E-2,-6.108652335E-3
4.330033397E0,-7.941247895E-3,1.710422710E-2,-5.497787148E-3
4.332103397E0,-7.941247895E-3,1.649336144E-2,-4.276056774E-3
4.334138705E0,-6.719517522E-3,1.954768784E-2,-4.886921961E-3
4.336216282E0,-8.552113548E-3,1.893682219E-2,-5.497787148E-3
4.338219666E0,-7.941247895E-3,1.954768784E-2,-6.108652335E-3
4.340241820E0,-7.941247895E-3,2.015855350E-2,-5.497787148E-3
4.342278359E0,-7.330383174E-3,2.138028294E-2,-4.276056774E-3
4.344348128E0,-1.038470957E-2,2.076941915E-2,-4.886921961E-3
4.346383589E0,-8.552113548E-3,2.260201424E-2,-4.886921961E-3
4.348454435E0,-9.162978269E-3,2.504547499E-2,-3.665191587E-3
4.350490782E0,-9.773843922E-3,2.260201424E-2,-4.276056774E-3
4.352561089E0,-9.773843922E-3,2.382374369E-2,-3.665191587E-3
4.354596820E0,-7.941247895E-3,2.626720630E-2,-4.886921961E-3
4.356629705E0,-7.941247895E-3,2.260201424E-2,0.000000000E0
4.358709089E0,-7.941247895E-3,2.565634064E-2,-5.497787148E-3
4.360731551E0,-9.162978269E-3,2.626720630E-2,-3.054326167E-3
4.362767128E0,-8.552113548E-3,2.687807009E-2,-3.665191587E-3
4.364837397E0,-9.773843922E-3,2.443460934E-2,-1.221730490E-3
4.366872743E0,-6.719517522E-3,2.504547499E-2,-2.443460980E-3
4.368942935E0,-7.941247895E-3,2.382374369E-2,0.000000000E0
4.370978281E0,-7.330383174E-3,1.954768784E-2,1.221730490E-3
4.373049012E0,-8.552113548E-3,1.649336144E-2,1.221730490E-3
4.375084281E0,-8.552113548E-3,1.588249579E-2,0.000000000E0
4.377134089E0,-9.162978269E-3,1.404990070E-2,3.054326167E-3
4.379227320E0,-9.162978269E-3,1.160643995E-2,6.108652451E-4
4.381133743E0,-9.162978269E-3,8.552113548E-3,1.832595794E-3
4.383134012E0,-8.552113548E-3,7.941247895E-3,1.221730490E-3
4.385204089E0,-7.330383174E-3,6.719517522E-3,2.443460980E-3
4.387239474E0,-5.497787148E-3,6.108652335E-3,0.000000000E0
4.389309589E0,-7.941247895E-3,4.276056774E-3,4.276056774E-3
4.391345281E0,-5.497787148E-3,2.443460980E-3,6.108652451E-4
4.393415320E0,-7.941247895E-3,3.054326167E-3,1.221730490E-3
4.395450512E0,-5.497787148E-3,1.832595794E-3,6.108652451E-4
4.397483281E0,-4.886921961E-3,6.108652451E-4,-3.054326167E-3
4.399616974E0,-4.886921961E-3,1.221730490E-3,0.000000000E0
4.401532243E0,-1.832595794E-3,6.108652451E-4,0.000000000E0
4.403532089E0,-1.221730490E-3,3.665191587E-3,-4.276056774E-3
4.405601128E0,6.108652451E-4,1.832595794E-3,-4.886921961E-3
4.407635666E0,-3.054326167E-3,6.108652335E-3,-2.443460980E-3
4.409705012E0,-1.221730490E-3,5.497787148E-3,-3.054326167E-3
4.411739627E0,6.108652451E-4,6.108652335E-3,-4.886921961E-3
4.413808974E0,0.000000000E0,7.941247895E-3,-4.886921961E-3
4.415843666E0,6.108652451E-4,1.038470957E-2,-4.276056774E-3
4.417893512E0,0.000000000E0,1.404990070E-2,-3.665191587E-3
4.419897935E0,1.221730490E-3,1.466076635E-2,-3.054326167E-3
4.421920012E0,0.000000000E0,1.710422710E-2,-4.276056774E-3
4.423954743E0,6.108652451E-4,1.954768784E-2,-3.665191587E-3
4.426024012E0,-1.832595794E-3,1.771509275E-2,-2.443460980E-3
4.428059358E0,-3.665191587E-3,2.015855350E-2,-4.886921961E-3
4.430127858E0,-4.276056774E-3,2.260201424E-2,-3.054326167E-3
4.432162050E0,-1.832595794E-3,2.076941915E-2,-6.719517522E-3
4.434232127E0,-5.497787148E-3,2.382374369E-2,-5.497787148E-3
4.436266666E0,-7.941247895E-3,2.504547499E-2,-4.886921961E-3
4.438298627E0,-6.108652335E-3,2.687807009E-2,-4.276056774E-3
4.440377935E0,-9.162978269E-3,2.565634064E-2,-6.108652335E-3
4.442400474E0,-9.162978269E-3,2.748893574E-2,-2.443460980E-3
4.444434935E0,-7.941247895E-3,2.993239649E-2,-4.276056774E-3
4.446504204E0,-1.038470957E-2,3.176499158E-2,-4.276056774E-3
4.448538627E0,-8.552113548E-3,3.054326214E-2,-6.719517522E-3
4.450563243E0,-1.038470957E-2,3.298672289E-2,-6.719517522E-3
4.452563166E0,-8.552113548E-3,3.420845419E-2,-7.941247895E-3
4.454632012E0,-7.941247895E-3,3.420845419E-2,-6.108652335E-3
4.456666435E0,-8.552113548E-3,3.543018550E-2,-7.330383174E-3
4.458717166E0,-8.552113548E-3,3.909537569E-2,-7.330383174E-3
4.460887243E0,-7.330383174E-3,3.848451003E-2,-7.330383174E-3
4.462723627E0,-6.719517522E-3,4.153883830E-2,-7.941247895E-3
4.464723512E0,-6.108652335E-3,4.214970022E-2,-7.941247895E-3
4.466791820E0,-4.886921961E-3,4.214970022E-2,-7.330383174E-3
4.468826820E0,-3.665191587E-3,4.337143153E-2,-7.941247895E-3
4.470895512E0,-3.665191587E-3,4.459316283E-2,-6.719517522E-3
4.472929896E0,-1.832595794E-3,4.398229718E-2,-6.719517522E-3
4.474998743E0,-1.832595794E-3,4.276056588E-2,-5.497787148E-3
4.477033012E0,-3.054326167E-3,4.459316283E-2,-3.054326167E-3
4.479065204E0,-1.221730490E-3,4.398229718E-2,-3.665191587E-3
4.481198358E0,-3.054326167E-3,4.092797264E-2,-1.221730490E-3
4.483113627E0,-1.221730490E-3,3.848451003E-2,-1.832595794E-3
4.485113704E0,-2.443460980E-3,3.848451003E-2,-1.832595794E-3
4.487183627E0,0.000000000E0,3.665191308E-2,-3.665191587E-3
4.489218012E0,-1.832595794E-3,3.359758854E-2,0.000000000E0
4.491287589E0,-1.221730490E-3,3.115412779E-2,-2.443460980E-3
4.493322666E0,-1.832595794E-3,2.626720630E-2,1.221730490E-3
4.495392435E0,-4.886921961E-3,2.076941915E-2,3.665191587E-3
4.497427319E0,-3.054326167E-3,2.199114859E-2,-1.221730490E-3
4.499505858E0,-4.886921961E-3,1.893682219E-2,-6.108652451E-4
4.501509781E0,-4.276056774E-3,1.343903504E-2,1.832595794E-3
4.503531089E0,-7.941247895E-3,1.404990070E-2,6.108652451E-4
4.505566050E0,-7.330383174E-3,1.099557430E-2,-6.108652451E-4
4.507635089E0,-8.552113548E-3,7.941247895E-3,-1.832595794E-3
4.509670243E0,-8.552113548E-3,6.108652335E-3,-1.832595794E-3
4.511739089E0,-9.162978269E-3,4.886921961E-3,-3.054326167E-3
4.513773666E0,-1.160643995E-2,3.054326167E-3,6.108652451E-4
4.515843166E0,-1.038470957E-2,1.221730490E-3,-3.054326167E-3
4.517878204E0,-1.160643995E-2,0.000000000E0,-1.221730490E-3
4.519911127E0,-1.038470957E-2,0.000000000E0,-3.054326167E-3
4.521990512E0,-8.552113548E-3,1.832595794E-3,-3.665191587E-3
4.524011589E0,-8.552113548E-3,6.108652451E-4,-2.443460980E-3
4.526045858E0,-1.038470957E-2,2.443460980E-3,-4.276056774E-3
4.528113858E0,-7.330383174E-3,3.054326167E-3,-5.497787148E-3
4.530148204E0,-7.330383174E-3,5.497787148E-3,-5.497787148E-3
4.532216858E0,-4.886921961E-3,5.497787148E-3,-8.552113548E-3
4.534250973E0,-4.886921961E-3,9.162978269E-3,-8.552113548E-3
4.536319819E0,-6.108652335E-3,9.773843922E-3,-5.497787148E-3
4.538354050E0,-4.886921961E-3,1.160643995E-2,-3.665191587E-3
4.540403127E0,-1.832595794E-3,1.588249579E-2,-6.108652335E-3
4.542494665E0,-1.832595794E-3,1.771509275E-2,-7.330383174E-3
4.544400819E0,-2.443460980E-3,2.076941915E-2,-9.162978269E-3
4.546399858E0,-1.221730490E-3,2.382374369E-2,-4.886921961E-3
4.548468435E0,0.000000000E0,2.382374369E-2,-2.443460980E-3
4.550517242E0,6.108652451E-4,2.809980139E-2,-3.665191587E-3
4.552571319E0,-1.221730490E-3,3.054326214E-2,-4.276056774E-3
4.554604973E0,6.108652451E-4,3.115412779E-2,-1.221730490E-3
4.556673627E0,2.443460980E-3,3.359758854E-2,-1.832595794E-3
4.558707704E0,1.832595794E-3,3.665191308E-2,-3.054326167E-3
4.560738781E0,1.221730490E-3,3.481931984E-2,-6.108652451E-4
4.562871242E0,3.665191587E-3,3.970624134E-2,-6.108652451E-4
4.564785319E0,3.665191587E-3,3.848451003E-2,1.832595794E-3
4.566784858E0,3.665191587E-3,3.848451003E-2,0.000000000E0
4.568852704E0,5.497787148E-3,3.848451003E-2,-1.221730490E-3
4.570886204E0,5.497787148E-3,4.092797264E-2,3.054326167E-3
4.572954819E0,6.719517522E-3,3.970624134E-2,2.443460980E-3
4.574989165E0,5.497787148E-3,3.787364438E-2,0.000000000E0
4.577057396E0,6.108652335E-3,3.604105115E-2,3.054326167E-3
4.579091511E0,6.108652335E-3,3.665191308E-2,2.443460980E-3
4.581140819E0,4.276056774E-3,3.359758854E-2,2.443460980E-3
4.583146011E0,5.497787148E-3,3.054326214E-2,3.054326167E-3
4.585168050E0,3.665191587E-3,2.748893574E-2,3.054326167E-3
4.587202588E0,5.497787148E-3,2.443460934E-2,2.443460980E-3
4.589271896E0,3.665191587E-3,2.382374369E-2,3.665191587E-3
4.591306858E0,4.886921961E-3,1.954768784E-2,0.000000000E0
4.593376011E0,4.886921961E-3,1.832595654E-2,6.108652451E-4
4.595411204E0,1.221730490E-3,1.527163107E-2,4.886921961E-3
4.597479434E0,3.665191587E-3,9.162978269E-3,-1.832595794E-3
4.599514204E0,1.832595794E-3,1.099557430E-2,6.108652451E-4
4.601546434E0,0.000000000E0,6.719517522E-3,4.886921961E-3
4.603626319E0,0.000000000E0,3.665191587E-3,6.108652451E-4
4.605647934E0,-1.832595794E-3,1.221730490E-3,0.000000000E0
4.607682973E0,-6.108652451E-4,-1.221730490E-3,4.886921961E-3
4.609751127E0,-2.443460980E-3,-2.443460980E-3,-1.832595794E-3
4.611785819E0,-2.443460980E-3,-4.886921961E-3,-6.108652451E-4
4.613854550E0,-4.886921961E-3,-4.886921961E-3,4.276056774E-3
4.615888281E0,-3.665191587E-3,-6.719517522E-3,6.108652451E-4
4.617956896E0,-2.443460980E-3,-6.108652335E-3,0.000000000E0
4.619990742E0,-2.443460980E-3,-6.108652335E-3,5.497787148E-3
4.622039973E0,-2.443460980E-3,-7.941247895E-3,-6.108652451E-4
4.624130857E0,-3.054326167E-3,-6.719517522E-3,3.054326167E-3
4.626036281E0,-1.221730490E-3,-7.330383174E-3,4.276056774E-3
4.628036127E0,-6.108652335E-3,-7.941247895E-3,2.443460980E-3
4.630105511E0,-2.443460980E-3,-8.552113548E-3,4.886921961E-3
4.632139050E0,-3.054326167E-3,-7.941247895E-3,4.886921961E-3
4.634208127E0,1.221730490E-3,-6.719517522E-3,5.497787148E-3
4.636242511E0,-1.221730490E-3,-5.497787148E-3,4.276056774E-3
4.638312319E0,-3.665191587E-3,-7.941247895E-3,6.719517522E-3
4.640346857E0,6.108652451E-4,-6.108652335E-3,6.108652335E-3
4.642378088E0,1.221730490E-3,-6.719517522E-3,4.276056774E-3
4.644510973E0,-4.886921961E-3,-6.719517522E-3,7.330383174E-3
4.646425934E0,-1.221730490E-3,-6.108652335E-3,9.162978269E-3
4.648425665E0,2.443460980E-3,-5.497787148E-3,4.886921961E-3
4.650494396E0,-1.832595794E-3,-9.162978269E-3,8.552113548E-3
4.652528857E0,0.000000000E0,-9.162978269E-3,7.330383174E-3
4.654597819E0,0.000000000E0,-8.552113548E-3,7.330383174E-3
4.656631703E0,1.832595794E-3,-9.162978269E-3,1.099557430E-2
4.658700973E0,6.108652451E-4,-1.282817032E-2,7.941247895E-3
4.660736165E0,1.221730490E-3,-1.160643995E-2,7.330383174E-3
4.662813357E0,3.054326167E-3,-1.343903504E-2,4.886921961E-3
4.664816050E0,-6.108652451E-4,-1.466076635E-2,6.108652335E-3
4.666837280E0,1.221730490E-3,-1.649336144E-2,7.941247895E-3
4.668872203E0,1.832595794E-3,-1.832595654E-2,8.552113548E-3
4.670941665E0,2.443460980E-3,-1.893682219E-2,6.108652335E-3
4.672976588E0,1.832595794E-3,-2.015855350E-2,5.497787148E-3
4.675045319E0,3.054326167E-3,-2.199114859E-2,8.552113548E-3
4.677080319E0,4.886921961E-3,-2.260201424E-2,3.665191587E-3
4.679149357E0,3.054326167E-3,-2.382374369E-2,5.497787148E-3
4.681183626E0,3.054326167E-3,-2.443460934E-2,6.108652335E-3
4.683216396E0,3.665191587E-3,-2.443460934E-2,3.665191587E-3
4.685295626E0,1.221730490E-3,-2.565634064E-2,6.108652335E-3
4.687316819E0,5.497787148E-3,-2.321287990E-2,5.497787148E-3
4.689352203E0,6.719517522E-3,-2.626720630E-2,2.443460980E-3
4.691422126E0,3.054326167E-3,-2.687807009E-2,4.886921961E-3
4.693456473E0,4.276056774E-3,-2.504547499E-2,6.108652335E-3
4.695481973E0,4.276056774E-3,-2.382374369E-2,3.054326167E-3
4.697481588E0,6.108652335E-3,-2.443460934E-2,6.108652335E-3
4.699551588E0,6.108652335E-3,-2.321287990E-2,6.719517522E-3
4.701586088E0,7.330383174E-3,-2.076941915E-2,4.276056774E-3
4.703635973E0,4.276056774E-3,-1.954768784E-2,4.276056774E-3
4.705807434E0,9.162978269E-3,-1.893682219E-2,1.221730490E-3
4.707644242E0,6.719517522E-3,-1.954768784E-2,3.665191587E-3
4.709643280E0,7.941247895E-3,-1.771509275E-2,6.108652335E-3
4.711712703E0,6.719517522E-3,-1.710422710E-2,6.719517522E-3
4.713747203E0,9.162978269E-3,-1.649336144E-2,4.276056774E-3
4.715816742E0,9.162978269E-3,-1.404990070E-2,3.054326167E-3
4.717851780E0,9.162978269E-3,-1.282817032E-2,4.276056774E-3
4.719920703E0,1.038470957E-2,-1.160643995E-2,4.276056774E-3
4.721955626E0,1.038470957E-2,-1.160643995E-2,4.276056774E-3
4.723987819E0,1.221730467E-2,-9.773843922E-3,3.665191587E-3
4.726121819E0,9.773843922E-3,-7.941247895E-3,4.886921961E-3
4.728037203E0,1.038470957E-2,-9.773843922E-3,7.330383174E-3
4.730037242E0,1.099557430E-2,-7.941247895E-3,4.886921961E-3
4.732106165E0,1.221730467E-2,-4.276056774E-3,1.221730490E-3
4.734141165E0,1.099557430E-2,-6.108652335E-3,4.276056774E-3
4.736210665E0,1.404990070E-2,-6.719517522E-3,3.054326167E-3
4.738246049E0,1.282817032E-2,-6.719517522E-3,3.054326167E-3
4.740315665E0,1.160643995E-2,-6.108652335E-3,6.108652335E-3
4.742350588E0,1.343903504E-2,-6.719517522E-3,3.054326167E-3
4.744400857E0,1.160643995E-2,-7.941247895E-3,2.443460980E-3
4.746407049E0,1.343903504E-2,-8.552113548E-3,4.276056774E-3
4.748428357E0,1.160643995E-2,-7.941247895E-3,5.497787148E-3
4.750463165E0,1.160643995E-2,-9.162978269E-3,1.221730490E-3
4.752532780E0,1.038470957E-2,-7.941247895E-3,0.000000000E0
4.754566934E0,1.099557430E-2,-7.330383174E-3,-2.443460980E-3
4.756635549E0,9.773843922E-3,-7.941247895E-3,-6.108652451E-4
4.758669703E0,7.330383174E-3,-7.330383174E-3,3.665191587E-3
4.760738703E0,9.773843922E-3,-6.108652335E-3,1.221730490E-3
4.762772934E0,9.162978269E-3,-1.832595794E-3,2.443460980E-3
4.764805242E0,5.497787148E-3,-6.108652451E-4,4.276056774E-3
4.766884049E0,4.276056774E-3,-6.108652451E-4,2.443460980E-3
4.768905895E0,4.886921961E-3,6.108652451E-4,5.497787148E-3
4.770940818E0,3.665191587E-3,1.221730490E-3,7.330383174E-3
4.773011126E0,2.443460980E-3,6.108652451E-4,1.099557430E-2
4.775044818E0,1.221730490E-3,1.832595794E-3,9.162978269E-3
4.777114088E0,-1.221730490E-3,0.000000000E0,1.343903504E-2
4.779147972E0,0.000000000E0,-6.108652451E-4,8.552113548E-3
4.781216780E0,-1.832595794E-3,1.832595794E-3,1.038470957E-2
4.783252241E0,-1.221730490E-3,2.443460980E-3,1.282817032E-2
4.785302857E0,-1.832595794E-3,6.108652451E-4,1.160643995E-2
4.787396049E0,-3.665191587E-3,6.108652451E-4,7.941247895E-3
4.789302434E0,-4.276056774E-3,1.221730490E-3,1.099557430E-2
4.791302434E0,-1.221730490E-3,-6.108652451E-4,6.719517522E-3
4.793372011E0,0.000000000E0,6.108652451E-4,6.108652335E-3
4.795406703E0,-3.665191587E-3,-1.832595794E-3,1.038470957E-2
4.797475972E0,-6.108652451E-4,-1.221730490E-3,9.773843922E-3
4.799510549E0,-1.832595794E-3,-3.054326167E-3,6.108652335E-3
4.801579664E0,0.000000000E0,-3.054326167E-3,1.160643995E-2
4.803614895E0,1.221730490E-3,-5.497787148E-3,6.108652335E-3
4.805614549E0,6.108652451E-4,-4.276056774E-3,8.552113548E-3
4.807751280E0,2.443460980E-3,-4.886921961E-3,8.552113548E-3
4.809657203E0,4.886921961E-3,-4.276056774E-3,9.773843922E-3
4.811656934E0,4.276056774E-3,-4.886921961E-3,6.108652335E-3
4.813726395E0,6.108652335E-3,-5.497787148E-3,9.162978269E-3
4.815760818E0,4.276056774E-3,-7.941247895E-3,6.719517522E-3
4.817829395E0,4.886921961E-3,-7.330383174E-3,8.552113548E-3
4.819864357E0,5.497787148E-3,-6.719517522E-3,7.941247895E-3
4.821934011E0,5.497787148E-3,-5.497787148E-3,6.719517522E-3
4.823968741E0,4.276056774E-3,-7.330383174E-3,9.773843922E-3
4.826045357E0,4.276056774E-3,-7.330383174E-3,9.773843922E-3
4.828048318E0,1.832595794E-3,-1.160643995E-2,7.330383174E-3
4.830070395E0,3.054326167E-3,-9.162978269E-3,5.497787148E-3
4.832105280E0,3.665191587E-3,-1.221730467E-2,8.552113548E-3
4.834174818E0,3.665191587E-3,-1.221730467E-2,6.719517522E-3
4.836209241E0,3.054326167E-3,-1.099557430E-2,8.552113548E-3
4.838278626E0,2.443460980E-3,-1.160643995E-2,8.552113548E-3
4.840313703E0,0.000000000E0,-1.343903504E-2,4.276056774E-3
4.842382741E0,-2.443460980E-3,-1.343903504E-2,9.773843922E-3
4.844417587E0,-1.221730490E-3,-1.466076635E-2,8.552113548E-3
4.846449241E0,-3.054326167E-3,-1.466076635E-2,7.330383174E-3
4.848527895E0,-3.665191587E-3,-1.588249579E-2,8.552113548E-3
4.850550703E0,-1.832595794E-3,-1.649336144E-2,8.552113548E-3
4.852585395E0,-1.832595794E-3,-1.527163107E-2,7.330383174E-3
4.854654780E0,-1.832595794E-3,-1.527163107E-2,8.552113548E-3
4.856688857E0,-6.719517522E-3,-1.649336144E-2,1.099557430E-2
4.858758357E0,-5.497787148E-3,-1.832595654E-2,9.162978269E-3
4.860792895E0,-4.276056774E-3,-1.832595654E-2,1.038470957E-2
4.862861895E0,-5.497787148E-3,-1.771509275E-2,1.099557430E-2
4.864896472E0,-4.886921961E-3,-1.954768784E-2,8.552113548E-3
4.866945395E0,-3.665191587E-3,-2.015855350E-2,1.038470957E-2
4.869037741E0,-5.497787148E-3,-2.199114859E-2,1.160643995E-2
4.870943972E0,-3.665191587E-3,-2.199114859E-2,9.162978269E-3
4.872943357E0,-3.665191587E-3,-2.260201424E-2,1.099557430E-2
4.875012626E0,-5.497787148E-3,-2.565634064E-2,1.404990070E-2
4.877046818E0,-3.665191587E-3,-2.687807009E-2,9.162978269E-3
4.879116626E0,-3.665191587E-3,-2.932153270E-2,1.466076635E-2
4.881151203E0,-3.054326167E-3,-2.993239649E-2,1.404990070E-2
4.883221241E0,-1.832595794E-3,-3.115412779E-2,1.099557430E-2
4.885255164E0,-1.221730490E-3,-3.420845419E-2,1.588249579E-2
4.887255356E0,-3.054326167E-3,-3.420845419E-2,1.343903504E-2
4.889388203E0,-1.832595794E-3,-3.604105115E-2,1.221730467E-2
4.891302856E0,-4.276056774E-3,-3.726277873E-2,1.282817032E-2
4.893303280E0,-3.054326167E-3,-3.909537569E-2,1.221730467E-2
4.895372318E0,-1.832595794E-3,-4.337143153E-2,1.038470957E-2
4.897406818E0,-3.054326167E-3,-4.459316283E-2,1.221730467E-2
4.899476087E0,-2.443460980E-3,-4.642575979E-2,1.099557430E-2
4.901510779E0,-4.276056774E-3,-4.825835302E-2,9.773843922E-3
4.903580279E0,-4.276056774E-3,-5.009094998E-2,1.221730467E-2
4.905614856E0,-3.054326167E-3,-5.192354694E-2,1.221730467E-2
4.907664626E0,-3.054326167E-3,-5.009094998E-2,1.099557430E-2
4.909668587E0,-3.054326167E-3,-5.131268129E-2,1.282817032E-2
4.911690203E0,-4.276056774E-3,-5.009094998E-2,7.330383174E-3
4.913724895E0,-4.886921961E-3,-5.009094998E-2,1.038470957E-2
4.915793510E0,-3.665191587E-3,-5.192354694E-2,1.099557430E-2
4.917828318E0,-3.054326167E-3,-5.131268129E-2,1.160643995E-2
4.919897049E0,-7.330383174E-3,-5.314527452E-2,1.099557430E-2
4.921932126E0,-6.719517522E-3,-5.131268129E-2,9.773843922E-3
4.924000356E0,-8.552113548E-3,-5.314527452E-2,1.466076635E-2
4.926034895E0,-7.941247895E-3,-5.131268129E-2,1.466076635E-2
4.928066972E0,-8.552113548E-3,-5.253441259E-2,1.404990070E-2
4.930146433E0,-5.497787148E-3,-5.131268129E-2,1.588249579E-2
4.932168702E0,-7.941247895E-3,-5.375614017E-2,1.282817032E-2
4.934202626E0,-7.941247895E-3,-5.314527452E-2,1.343903504E-2
4.936272241E0,-7.941247895E-3,-5.314527452E-2,1.466076635E-2
4.938307549E0,-1.099557430E-2,-5.497787148E-2,1.466076635E-2
4.940333125E0,-9.773843922E-3,-5.558873713E-2,1.527163107E-2
4.942333356E0,-7.941247895E-3,-5.681046844E-2,1.649336144E-2
4.944402472E0,-9.773843922E-3,-5.619960278E-2,1.282817032E-2
4.946437010E0,-9.162978269E-3,-5.681046844E-2,1.160643995E-2
4.948486549E0,-7.941247895E-3,-5.558873713E-2,1.221730467E-2
4.950656972E0,-1.099557430E-2,-5.436700583E-2,1.527163107E-2
4.952492895E0,-7.330383174E-3,-5.375614017E-2,1.038470957E-2
4.954492625E0,-9.162978269E-3,-5.375614017E-2,1.038470957E-2
4.956561933E0,-9.162978269E-3,-5.375614017E-2,1.282817032E-2
4.958612087E0,-1.160643995E-2,-5.070181563E-2,1.221730467E-2
4.960666664E0,-1.038470957E-2,-5.009094998E-2,1.343903504E-2
4.962701972E0,-1.160643995E-2,-4.886921868E-2,1.282817032E-2
4.964771010E0,-9.773843922E-3,-4.703662544E-2,1.038470957E-2
4.966805472E0,-1.038470957E-2,-4.642575979E-2,1.221730467E-2
4.968838010E0,-1.099557430E-2,-4.886921868E-2,1.466076635E-2
4.970971356E0,-9.773843922E-3,-4.520402849E-2,1.221730467E-2
4.972887048E0,-1.099557430E-2,-4.214970022E-2,1.160643995E-2
4.974887510E0,-1.099557430E-2,-4.214970022E-2,1.343903504E-2
4.976956318E0,-9.162978269E-3,-4.153883830E-2,1.282817032E-2
4.978990433E0,-9.162978269E-3,-3.848451003E-2,1.282817032E-2
4.981060395E0,-1.038470957E-2,-3.604105115E-2,1.160643995E-2
4.983095356E0,-9.162978269E-3,-3.848451003E-2,1.343903504E-2
4.985164241E0,-1.160643995E-2,-3.848451003E-2,1.221730467E-2
4.987198818E0,-9.773843922E-3,-3.726277873E-2,1.221730467E-2
4.989274356E0,-1.038470957E-2,-3.543018550E-2,1.221730467E-2
4.991276971E0,-1.038470957E-2,-3.543018550E-2,1.038470957E-2
4.993298048E0,-9.162978269E-3,-3.665191308E-2,1.099557430E-2
4.995332894E0,-1.038470957E-2,-3.237585723E-2,7.330383174E-3
4.997401856E0,-1.038470957E-2,-3.543018550E-2,9.162978269E-3
4.999436164E0,-1.038470957E-2,-3.420845419E-2,9.162978269E-3
5.001504971E0,-1.282817032E-2,-3.604105115E-2,9.162978269E-3
5.003539587E0,-9.162978269E-3,-3.481931984E-2,9.773843922E-3
5.005608548E0,-1.099557430E-2,-3.481931984E-2,9.773843922E-3
5.007643010E0,-1.343903504E-2,-3.115412779E-2,1.038470957E-2
5.009674048E0,-1.160643995E-2,-3.176499158E-2,1.038470957E-2
5.011752856E0,-1.160643995E-2,-3.298672289E-2,8.552113548E-3
5.013774856E0,-1.404990070E-2,-3.054326214E-2,1.038470957E-2
5.015809010E0,-1.527163107E-2,-2.993239649E-2,1.038470957E-2
5.017877548E0,-1.466076635E-2,-3.115412779E-2,9.162978269E-3
5.019912125E0,-1.649336144E-2,-2.932153270E-2,9.162978269E-3
5.021981471E0,-1.893682219E-2,-2.687807009E-2,6.719517522E-3
5.024015817E0,-1.893682219E-2,-2.748893574E-2,6.719517522E-3
5.026085356E0,-1.954768784E-2,-2.504547499E-2,9.162978269E-3
5.028119971E0,-1.893682219E-2,-2.382374369E-2,7.941247895E-3
5.030169664E0,-1.954768784E-2,-2.382374369E-2,6.108652335E-3
5.032263433E0,-2.260201424E-2,-1.893682219E-2,7.941247895E-3
5.034169241E0,-2.321287990E-2,-1.649336144E-2,5.497787148E-3
5.036169317E0,-2.565634064E-2,-1.832595654E-2,6.719517522E-3
5.038238164E0,-2.504547499E-2,-1.527163107E-2,6.108652335E-3
5.040273125E0,-2.626720630E-2,-1.038470957E-2,5.497787148E-3
5.042341702E0,-2.443460934E-2,-9.162978269E-3,4.276056774E-3
5.044376471E0,-2.748893574E-2,-7.330383174E-3,5.497787148E-3
5.046445856E0,-3.115412779E-2,-3.665191587E-3,4.276056774E-3
5.048480587E0,-2.809980139E-2,-1.832595794E-3,-6.108652451E-4
5.050512164E0,-2.871066704E-2,3.054326167E-3,2.443460980E-3
5.052644894E0,-2.687807009E-2,3.054326167E-3,1.221730490E-3
5.054560740E0,-2.809980139E-2,6.719517522E-3,-6.108652451E-4
5.056559817E0,-2.871066704E-2,9.773843922E-3,1.832595794E-3
5.058627933E0,-2.809980139E-2,1.343903504E-2,6.108652451E-4
5.060662163E0,-2.871066704E-2,1.221730467E-2,6.108652451E-4
5.062731394E0,-2.626720630E-2,1.466076635E-2,1.832595794E-3
5.064765856E0,-2.932153270E-2,1.832595654E-2,-1.832595794E-3
5.066834740E0,-2.626720630E-2,1.893682219E-2,1.832595794E-3
5.068868971E0,-2.748893574E-2,2.076941915E-2,6.108652451E-4
5.070918740E0,-2.626720630E-2,2.443460934E-2,-3.665191587E-3
5.072923471E0,-2.565634064E-2,2.321287990E-2,-2.443460980E-3
5.074944433E0,-2.809980139E-2,2.382374369E-2,6.108652451E-4
5.076979394E0,-2.321287990E-2,2.565634064E-2,-2.443460980E-3
5.079048394E0,-2.260201424E-2,2.504547499E-2,-1.832595794E-3
5.081082702E0,-2.382374369E-2,2.443460934E-2,0.000000000E0
5.083151586E0,-2.260201424E-2,2.687807009E-2,-4.276056774E-3
5.085186202E0,-2.199114859E-2,2.260201424E-2,3.054326167E-3
5.087255279E0,-2.260201424E-2,2.565634064E-2,-6.108652451E-4
5.089289663E0,-2.260201424E-2,2.626720630E-2,-6.108652451E-4
5.091321510E0,-2.015855350E-2,2.504547499E-2,-6.108652451E-4
5.093399702E0,-1.893682219E-2,2.199114859E-2,-4.276056774E-3
5.095421048E0,-1.710422710E-2,2.199114859E-2,-2.443460980E-3
5.097455509E0,-1.893682219E-2,2.015855350E-2,0.000000000E0
5.099524202E0,-1.893682219E-2,2.076941915E-2,6.108652451E-4
5.101558317E0,-1.588249579E-2,1.954768784E-2,-1.832595794E-3
5.103628356E0,-1.832595654E-2,1.771509275E-2,1.221730490E-3
5.105662394E0,-1.832595654E-2,1.649336144E-2,1.221730490E-3
5.107731933E0,-1.588249579E-2,1.527163107E-2,-2.443460980E-3
5.109766625E0,-1.527163107E-2,1.160643995E-2,3.054326167E-3
5.111816548E0,-1.466076635E-2,1.038470957E-2,-2.443460980E-3
5.113909240E0,-1.404990070E-2,1.038470957E-2,-6.108652451E-4
5.115815240E0,-1.710422710E-2,7.941247895E-3,6.108652451E-4
5.117814663E0,-1.404990070E-2,9.162978269E-3,-3.054326167E-3
5.119883394E0,-1.404990070E-2,6.719517522E-3,-2.443460980E-3
5.121918356E0,-1.221730467E-2,7.330383174E-3,-1.221730490E-3
5.123987625E0,-1.527163107E-2,4.886921961E-3,-4.886921961E-3
5.126022048E0,-1.404990070E-2,5.497787148E-3,-2.443460980E-3
5.128090971E0,-1.343903504E-2,7.330383174E-3,-6.108652451E-4
5.130125663E0,-1.404990070E-2,3.665191587E-3,-2.443460980E-3
5.132157432E0,-1.466076635E-2,3.054326167E-3,-3.054326167E-3
5.134290471E0,-1.343903504E-2,4.276056774E-3,-1.832595794E-3
5.136204779E0,-1.466076635E-2,3.054326167E-3,-3.054326167E-3
5.138204355E0,-1.404990070E-2,5.497787148E-3,-4.276056774E-3
5.140273894E0,-1.649336144E-2,4.276056774E-3,-6.108652451E-4
5.142308432E0,-1.466076635E-2,4.886921961E-3,-4.276056774E-3
5.144378394E0,-1.649336144E-2,4.276056774E-3,-1.832595794E-3
5.146413125E0,-1.710422710E-2,5.497787148E-3,-1.832595794E-3
5.148483086E0,-1.832595654E-2,7.941247895E-3,-4.276056774E-3
5.150518240E0,-1.710422710E-2,9.162978269E-3,-2.443460980E-3
5.152594855E0,-1.893682219E-2,1.038470957E-2,-2.443460980E-3
5.154597240E0,-1.832595654E-2,9.162978269E-3,-4.276056774E-3
5.156620009E0,-1.710422710E-2,1.404990070E-2,-6.108652335E-3
5.158654355E0,-1.954768784E-2,1.404990070E-2,-4.276056774E-3
5.160724240E0,-1.710422710E-2,1.649336144E-2,-7.330383174E-3
5.162758894E0,-2.199114859E-2,1.771509275E-2,-7.330383174E-3
5.164828163E0,-2.076941915E-2,1.954768784E-2,-4.886921961E-3
5.166862163E0,-1.893682219E-2,2.138028294E-2,-9.162978269E-3
5.168931894E0,-2.076941915E-2,2.382374369E-2,-6.719517522E-3
5.170966740E0,-2.199114859E-2,2.565634064E-2,-7.330383174E-3
5.172999125E0,-2.076941915E-2,2.687807009E-2,-9.162978269E-3
5.175078086E0,-2.199114859E-2,2.809980139E-2,-6.719517522E-3
5.177100740E0,-2.504547499E-2,2.993239649E-2,-5.497787148E-3
5.179134971E0,-2.260201424E-2,3.237585723E-2,-9.162978269E-3
5.181204701E0,-2.260201424E-2,3.176499158E-2,-7.941247895E-3
5.183239778E0,-2.138028294E-2,3.237585723E-2,-6.719517522E-3
5.185263971E0,-2.321287990E-2,3.298672289E-2,-7.941247895E-3
5.187264163E0,-2.504547499E-2,3.543018550E-2,-9.773843922E-3
5.189333548E0,-2.199114859E-2,3.176499158E-2,-7.330383174E-3
5.191368740E0,-2.443460934E-2,3.237585723E-2,-6.108652335E-3
5.193418432E0,-2.382374369E-2,3.298672289E-2,-5.497787148E-3
5.195588394E0,-2.443460934E-2,3.298672289E-2,-8.552113548E-3
5.197423932E0,-2.626720630E-2,3.298672289E-2,-7.330383174E-3
5.199424124E0,-2.565634064E-2,3.176499158E-2,-5.497787148E-3
5.201492778E0,-2.443460934E-2,3.237585723E-2,-7.941247895E-3
5.203527586E0,-2.809980139E-2,2.871066704E-2,-6.719517522E-3
5.205596894E0,-2.687807009E-2,2.809980139E-2,-6.108652335E-3
5.207631740E0,-2.748893574E-2,2.504547499E-2,-6.108652335E-3
5.209701163E0,-2.809980139E-2,2.626720630E-2,-4.276056774E-3
5.211736124E0,-2.626720630E-2,2.626720630E-2,-6.108652335E-3
5.213769548E0,-2.932153270E-2,2.260201424E-2,-4.886921961E-3
5.215901894E0,-2.687807009E-2,2.015855350E-2,-4.886921961E-3
5.217816932E0,-2.687807009E-2,2.076941915E-2,-1.221730490E-3
5.219816817E0,-2.504547499E-2,2.015855350E-2,-4.276056774E-3
5.221885394E0,-2.809980139E-2,1.771509275E-2,-6.108652451E-4
5.223920317E0,-2.626720630E-2,1.832595654E-2,0.000000000E0
5.225990355E0,-2.626720630E-2,1.710422710E-2,-3.665191587E-3
5.228025047E0,-2.748893574E-2,1.343903504E-2,1.221730490E-3
5.230094624E0,-2.565634064E-2,1.649336144E-2,-1.832595794E-3
5.232128624E0,-2.260201424E-2,1.466076635E-2,-3.054326167E-3
5.234177817E0,-2.443460934E-2,1.404990070E-2,1.221730490E-3
5.236181855E0,-2.443460934E-2,1.343903504E-2,-1.221730490E-3
5.238204201E0,-2.443460934E-2,1.221730467E-2,0.000000000E0
5.240238970E0,-2.382374369E-2,1.160643995E-2,1.832595794E-3
5.242308047E0,-2.199114859E-2,9.773843922E-3,6.108652451E-4
5.244342817E0,-2.138028294E-2,1.099557430E-2,-6.108652451E-4
5.246412624E0,-2.015855350E-2,1.099557430E-2,-6.108652451E-4
5.248447547E0,-2.138028294E-2,8.552113548E-3,1.221730490E-3
5.250516778E0,-2.015855350E-2,9.162978269E-3,-3.665191587E-3
5.252552047E0,-2.199114859E-2,6.719517522E-3,1.221730490E-3
5.254584509E0,-2.138028294E-2,7.330383174E-3,3.665191587E-3
5.256664663E0,-2.138028294E-2,7.330383174E-3,0.000000000E0
5.258686509E0,-2.199114859E-2,6.719517522E-3,6.108652451E-4
5.260722009E0,-2.015855350E-2,7.941247895E-3,1.221730490E-3
5.262791201E0,-1.954768784E-2,7.330383174E-3,1.832595794E-3
5.264826163E0,-2.015855350E-2,6.719517522E-3,-1.832595794E-3
5.266895586E0,-2.015855350E-2,7.330383174E-3,1.221730490E-3
5.268930432E0,-2.199114859E-2,7.330383174E-3,3.054326167E-3
5.270999393E0,-2.138028294E-2,6.108652335E-3,1.832595794E-3
5.273034009E0,-2.199114859E-2,6.108652335E-3,1.832595794E-3
5.275084509E0,-2.199114859E-2,6.108652335E-3,1.221730490E-3
5.277177470E0,-2.076941915E-2,5.497787148E-3,3.665191587E-3
5.279082509E0,-2.260201424E-2,6.108652335E-3,3.665191587E-3
5.281082547E0,-2.260201424E-2,6.719517522E-3,4.276056774E-3
5.283151278E0,-2.199114859E-2,6.108652335E-3,2.443460980E-3
5.285186009E0,-1.893682219E-2,9.162978269E-3,3.665191587E-3
5.287255586E0,-2.076941915E-2,7.941247895E-3,4.276056774E-3
5.289290470E0,-1.832595654E-2,1.160643995E-2,2.443460980E-3
5.291360086E0,-1.710422710E-2,1.099557430E-2,4.276056774E-3
5.293394316E0,-1.893682219E-2,1.160643995E-2,5.497787148E-3
5.295425932E0,-1.649336144E-2,1.282817032E-2,1.221730490E-3
5.297558163E0,-1.527163107E-2,1.527163107E-2,4.276056774E-3
5.299472816E0,-1.404990070E-2,1.160643995E-2,4.276056774E-3
5.301472586E0,-1.160643995E-2,1.527163107E-2,0.000000000E0
5.303541970E0,-9.773843922E-3,1.527163107E-2,3.054326167E-3
5.305576739E0,-9.773843922E-3,1.649336144E-2,3.665191587E-3
5.307646086E0,-9.162978269E-3,1.893682219E-2,3.665191587E-3
5.309680855E0,-5.497787148E-3,1.771509275E-2,3.054326167E-3
5.311750893E0,-6.719517522E-3,2.076941915E-2,4.276056774E-3
5.313785701E0,-4.886921961E-3,2.076941915E-2,3.054326167E-3
5.315861393E0,-4.276056774E-3,2.138028294E-2,6.108652335E-3
5.317864855E0,-2.443460980E-3,2.199114859E-2,6.108652335E-3
5.319886201E0,-1.221730490E-3,2.260201424E-2,5.497787148E-3
5.321921970E0,-1.221730490E-3,2.199114859E-2,8.552113548E-3
5.323990893E0,1.221730490E-3,2.015855350E-2,9.162978269E-3
5.326026162E0,6.108652451E-4,1.954768784E-2,6.719517522E-3
5.328095124E0,-6.108652451E-4,1.832595654E-2,6.719517522E-3
5.330129778E0,6.108652451E-4,1.954768784E-2,7.941247895E-3
5.332199162E0,0.000000000E0,1.710422710E-2,6.719517522E-3
5.334234086E0,2.443460980E-3,1.466076635E-2,7.330383174E-3
5.336266855E0,-1.832595794E-3,1.343903504E-2,9.773843922E-3
5.338346239E0,1.832595794E-3,1.282817032E-2,7.330383174E-3
5.340367701E0,0.000000000E0,9.773843922E-3,9.162978269E-3
5.342402162E0,0.000000000E0,7.941247895E-3,1.038470957E-2
5.344471739E0,-1.221730490E-3,3.665191587E-3,7.330383174E-3
5.346506162E0,-1.221730490E-3,3.665191587E-3,9.773843922E-3
5.348575162E0,-4.276056774E-3,0.000000000E0,9.773843922E-3
5.350609432E0,-1.832595794E-3,-6.108652451E-4,7.941247895E-3
5.352678547E0,-2.443460980E-3,-4.276056774E-3,1.099557430E-2
5.354713162E0,0.000000000E0,-4.886921961E-3,8.552113548E-3
5.356762316E0,-1.832595794E-3,-5.497787148E-3,9.162978269E-3
5.358854624E0,-6.108652451E-4,-8.552113548E-3,1.038470957E-2
5.360760624E0,-1.832595794E-3,-1.160643995E-2,9.162978269E-3
5.362760085E0,-6.108652451E-4,-1.282817032E-2,8.552113548E-3
5.364829932E0,-1.832595794E-3,-1.343903504E-2,9.773843922E-3
5.366879162E0,6.108652451E-4,-1.527163107E-2,7.941247895E-3
5.368933701E0,1.832595794E-3,-1.527163107E-2,1.404990070E-2
5.370968162E0,1.221730490E-3,-1.710422710E-2,1.221730467E-2
5.373037201E0,3.665191587E-3,-1.832595654E-2,8.552113548E-3
5.375071508E0,4.276056774E-3,-1.588249579E-2,9.773843922E-3
5.377103470E0,7.330383174E-3,-1.527163107E-2,9.162978269E-3
5.379235893E0,9.162978269E-3,-1.527163107E-2,4.276056774E-3
5.381150624E0,9.773843922E-3,-1.588249579E-2,8.552113548E-3
5.383149893E0,9.773843922E-3,-1.404990070E-2,7.330383174E-3
5.385218585E0,1.160643995E-2,-9.773843922E-3,4.886921961E-3
5.387253008E0,1.404990070E-2,-1.282817032E-2,4.276056774E-3
5.389322047E0,1.710422710E-2,-1.160643995E-2,6.719517522E-3
5.391356701E0,1.649336144E-2,-1.038470957E-2,3.665191587E-3
5.393425970E0,1.771509275E-2,-1.099557430E-2,3.054326167E-3
5.395460662E0,1.893682219E-2,-9.162978269E-3,6.719517522E-3
5.397510316E0,2.199114859E-2,-6.719517522E-3,1.832595794E-3
5.399515085E0,2.260201424E-2,-7.330383174E-3,5.497787148E-3
5.401536778E0,2.321287990E-2,-4.276056774E-3,3.054326167E-3
5.403571624E0,2.260201424E-2,-1.832595794E-3,3.054326167E-3
5.405640354E0,2.199114859E-2,1.221730490E-3,3.665191587E-3
5.407674931E0,2.321287990E-2,3.665191587E-3,3.054326167E-3
5.409744508E0,2.138028294E-2,5.497787148E-3,3.665191587E-3
5.411779278E0,2.382374369E-2,7.941247895E-3,7.330383174E-3
5.413848201E0,2.199114859E-2,1.221730467E-2,3.665191587E-3
5.415883585E0,2.138028294E-2,1.404990070E-2,4.276056774E-3
5.417916816E0,1.893682219E-2,1.588249579E-2,3.665191587E-3
5.419995124E0,1.954768784E-2,1.404990070E-2,3.665191587E-3
5.422017047E0,1.832595654E-2,1.404990070E-2,4.886921961E-3
5.424052124E0,1.527163107E-2,1.466076635E-2,5.497787148E-3
5.426121470E0,1.649336144E-2,1.527163107E-2,2.443460980E-3
5.428156662E0,1.588249579E-2,1.527163107E-2,3.665191587E-3
5.430183277E0,1.466076635E-2,1.404990070E-2,5.497787148E-3
5.432183124E0,1.343903504E-2,1.527163107E-2,6.108652451E-4
5.434252354E0,1.404990070E-2,1.404990070E-2,1.221730490E-3
5.436287047E0,1.282817032E-2,1.282817032E-2,6.108652335E-3
5.438336085E0,1.343903504E-2,1.343903504E-2,-1.832595794E-3
5.440507316E0,1.466076635E-2,1.404990070E-2,6.108652451E-4
5.442342316E0,1.588249579E-2,1.466076635E-2,1.221730490E-3
5.444342393E0,1.404990070E-2,1.343903504E-2,-3.054326167E-3
5.446410739E0,1.282817032E-2,1.466076635E-2,1.832595794E-3
5.448444816E0,1.588249579E-2,1.343903504E-2,1.221730490E-3
5.450514470E0,1.710422710E-2,1.588249579E-2,-3.665191587E-3
5.452548354E0,1.588249579E-2,1.710422710E-2,0.000000000E0
5.454617662E0,1.832595654E-2,1.649336144E-2,1.832595794E-3
5.456652970E0,1.893682219E-2,1.710422710E-2,-2.443460980E-3
5.458685777E0,1.832595654E-2,1.710422710E-2,6.108652451E-4
5.460819547E0,2.321287990E-2,1.771509275E-2,0.000000000E0
5.462734239E0,2.076941915E-2,1.771509275E-2,-3.054326167E-3
5.464734470E0,2.443460934E-2,1.893682219E-2,-3.665191587E-3
5.466804239E0,2.382374369E-2,2.138028294E-2,1.832595794E-3
5.468839239E0,2.199114859E-2,1.954768784E-2,-4.276056774E-3
5.470908739E0,2.199114859E-2,2.076941915E-2,-1.832595794E-3
5.472943123E0,1.954768784E-2,2.015855350E-2,3.665191587E-3
5.475012547E0,2.076941915E-2,2.015855350E-2,-3.054326167E-3
5.477046739E0,2.260201424E-2,2.199114859E-2,-3.054326167E-3
5.479122931E0,1.954768784E-2,2.015855350E-2,0.000000000E0
5.481125739E0,2.138028294E-2,2.260201424E-2,-3.054326167E-3
5.483147931E0,2.076941915E-2,2.199114859E-2,-1.832595794E-3
5.485182239E0,1.832595654E-2,2.260201424E-2,-6.108652451E-4
5.487251316E0,2.015855350E-2,2.138028294E-2,-4.886921961E-3
5.489285970E0,2.015855350E-2,2.199114859E-2,-1.221730490E-3
5.491355277E0,1.954768784E-2,2.015855350E-2,-3.054326167E-3
5.493390200E0,1.771509275E-2,2.138028294E-2,-3.054326167E-3
5.495459470E0,2.260201424E-2,2.138028294E-2,-3.054326167E-3
5.497493700E0,1.954768784E-2,1.832595654E-2,-4.886921961E-3
5.499525816E0,2.199114859E-2,1.649336144E-2,-4.276056774E-3
5.501604623E0,2.260201424E-2,1.832595654E-2,-5.497787148E-3
5.503626277E0,2.382374369E-2,1.649336144E-2,-3.665191587E-3
5.505660777E0,2.199114859E-2,1.588249579E-2,-5.497787148E-3
5.507729662E0,2.382374369E-2,1.588249579E-2,-3.054326167E-3
5.509764969E0,2.504547499E-2,1.771509275E-2,-1.832595794E-3
5.511833854E0,2.504547499E-2,1.710422710E-2,-4.886921961E-3
5.513868431E0,2.626720630E-2,1.954768784E-2,-4.886921961E-3
5.515937508E0,2.565634064E-2,1.893682219E-2,-1.832595794E-3
5.517972316E0,2.809980139E-2,2.199114859E-2,-4.276056774E-3
5.520020239E0,2.932153270E-2,2.260201424E-2,-3.665191587E-3
5.522112392E0,2.687807009E-2,2.382374369E-2,-3.665191587E-3
5.524017662E0,2.809980139E-2,2.504547499E-2,-4.886921961E-3
5.526017316E0,2.809980139E-2,2.748893574E-2,-3.665191587E-3
5.528086123E0,2.809980139E-2,3.054326214E-2,-3.665191587E-3
5.530120816E0,2.871066704E-2,2.932153270E-2,-3.054326167E-3
5.532190200E0,2.626720630E-2,3.054326214E-2,-4.886921961E-3
5.534225316E0,2.809980139E-2,3.298672289E-2,-4.276056774E-3
5.536293739E0,2.626720630E-2,3.237585723E-2,-4.276056774E-3
5.538328239E0,2.626720630E-2,3.359758854E-2,-1.221730490E-3
5.540359239E0,2.321287990E-2,3.237585723E-2,-3.665191587E-3
5.542492854E0,2.504547499E-2,3.481931984E-2,-6.719517522E-3
5.544407585E0,2.382374369E-2,3.237585723E-2,-1.832595794E-3
5.546407315E0,2.199114859E-2,3.359758854E-2,2.443460980E-3
5.548475623E0,2.321287990E-2,3.298672289E-2,-2.443460980E-3
5.550510815E0,2.382374369E-2,3.054326214E-2,6.108652451E-4
5.552579585E0,2.443460934E-2,3.176499158E-2,-2.443460980E-3
5.554614277E0,2.382374369E-2,2.809980139E-2,6.108652451E-4
5.556683700E0,2.199114859E-2,2.932153270E-2,6.108652451E-4
5.558718123E0,2.199114859E-2,2.748893574E-2,2.443460980E-3
5.560767315E0,2.626720630E-2,2.443460934E-2,6.108652451E-4
5.562771008E0,2.382374369E-2,2.321287990E-2,6.108652451E-4
5.564792700E0,2.321287990E-2,1.954768784E-2,6.108652451E-4
5.566827738E0,2.565634064E-2,1.710422710E-2,-2.443460980E-3
5.568898200E0,2.321287990E-2,1.404990070E-2,3.054326167E-3
5.570932969E0,2.504547499E-2,1.282817032E-2,-1.221730490E-3
5.573002354E0,2.565634064E-2,6.108652335E-3,0.000000000E0
5.575037315E0,2.565634064E-2,4.886921961E-3,0.000000000E0
5.577107085E0,2.443460934E-2,3.665191587E-3,0.000000000E0
5.579141392E0,2.748893574E-2,-1.832595794E-3,1.221730490E-3
5.581173931E0,2.565634064E-2,-2.443460980E-3,1.832595794E-3
5.583253392E0,2.871066704E-2,-5.497787148E-3,-6.108652451E-4
5.585275354E0,2.626720630E-2,-1.038470957E-2,1.832595794E-3
5.587310123E0,3.115412779E-2,-1.160643995E-2,0.000000000E0
5.589380238E0,2.993239649E-2,-1.343903504E-2,-2.443460980E-3
5.591415123E0,3.115412779E-2,-1.832595654E-2,0.000000000E0
5.593484738E0,2.932153270E-2,-2.321287990E-2,4.886921961E-3
5.595519392E0,3.115412779E-2,-2.138028294E-2,6.108652451E-4
5.597588431E0,2.993239649E-2,-2.260201424E-2,1.221730490E-3
5.599622969E0,3.298672289E-2,-2.382374369E-2,4.886921961E-3
5.601672315E0,2.993239649E-2,-2.932153270E-2,4.886921961E-3
5.603764584E0,2.993239649E-2,-2.748893574E-2,3.665191587E-3
5.605670661E0,3.115412779E-2,-2.626720630E-2,5.497787148E-3
5.607670623E0,3.115412779E-2,-2.504547499E-2,4.276056774E-3
5.609740046E0,3.054326214E-2,-2.626720630E-2,4.276056774E-3
5.611775354E0,3.054326214E-2,-2.382374369E-2,6.719517522E-3
5.613844046E0,2.932153270E-2,-2.504547499E-2,4.886921961E-3
5.615879123E0,2.871066704E-2,-2.321287990E-2,6.108652335E-3
5.617949046E0,2.687807009E-2,-2.260201424E-2,7.941247895E-3
5.619983546E0,2.871066704E-2,-2.199114859E-2,7.941247895E-3
5.622015700E0,2.871066704E-2,-2.015855350E-2,6.719517522E-3
5.624150200E0,2.871066704E-2,-1.832595654E-2,6.719517522E-3
5.626065277E0,2.687807009E-2,-2.015855350E-2,5.497787148E-3
5.628065969E0,2.748893574E-2,-1.771509275E-2,1.038470957E-2
5.630135123E0,2.748893574E-2,-1.588249579E-2,7.941247895E-3
5.632170200E0,2.565634064E-2,-1.527163107E-2,6.719517522E-3
5.634239700E0,2.687807009E-2,-1.466076635E-2,7.330383174E-3
5.636274700E0,2.626720630E-2,-1.588249579E-2,7.941247895E-3
5.638344084E0,2.626720630E-2,-1.404990070E-2,5.497787148E-3
5.640379546E0,2.504547499E-2,-1.527163107E-2,6.719517522E-3
5.642456123E0,2.565634064E-2,-1.221730467E-2,6.719517522E-3
5.644458315E0,2.565634064E-2,-1.404990070E-2,6.108652335E-3
5.646480277E0,2.687807009E-2,-1.099557430E-2,6.719517522E-3
5.648515469E0,2.809980139E-2,-1.160643995E-2,6.719517522E-3
5.650584546E0,2.748893574E-2,-1.160643995E-2,3.665191587E-3
5.652619930E0,2.565634064E-2,-9.773843922E-3,7.330383174E-3
5.654688854E0,2.993239649E-2,-9.162978269E-3,6.719517522E-3
5.656723661E0,2.687807009E-2,-1.038470957E-2,5.497787148E-3
5.658793392E0,2.932153270E-2,-8.552113548E-3,6.719517522E-3
5.660828430E0,2.871066704E-2,-9.162978269E-3,5.497787148E-3
5.662860277E0,3.176499158E-2,-8.552113548E-3,7.941247895E-3
5.664939046E0,3.054326214E-2,-9.162978269E-3,5.497787148E-3
5.666961277E0,3.176499158E-2,-7.941247895E-3,4.276056774E-3
5.668995623E0,3.054326214E-2,-7.941247895E-3,7.330383174E-3
5.671065161E0,2.993239649E-2,-9.162978269E-3,5.497787148E-3
5.673100584E0,3.237585723E-2,-1.038470957E-2,6.108652335E-3
5.675125815E0,3.604105115E-2,-1.099557430E-2,5.497787148E-3
5.677126084E0,3.543018550E-2,-9.162978269E-3,5.497787148E-3
5.679195084E0,3.604105115E-2,-9.773843922E-3,7.941247895E-3
5.681229276E0,3.237585723E-2,-1.099557430E-2,7.941247895E-3
5.683278815E0,3.604105115E-2,-1.282817032E-2,6.719517522E-3
5.685448469E0,3.420845419E-2,-1.404990070E-2,1.160643995E-2
5.687284969E0,3.481931984E-2,-1.343903504E-2,8.552113548E-3
5.689284700E0,3.604105115E-2,-1.404990070E-2,8.552113548E-3
5.691354123E0,3.726277873E-2,-1.527163107E-2,1.099557430E-2
5.693388776E0,3.909537569E-2,-1.832595654E-2,1.038470957E-2
5.695457623E0,3.970624134E-2,-1.954768784E-2,1.099557430E-2
5.697492084E0,3.909537569E-2,-1.893682219E-2,1.160643995E-2
5.699561507E0,3.970624134E-2,-2.260201424E-2,7.941247895E-3
5.701596046E0,3.970624134E-2,-2.260201424E-2,1.160643995E-2
5.703627392E0,4.092797264E-2,-2.321287990E-2,1.038470957E-2
5.705761007E0,4.153883830E-2,-2.443460934E-2,1.038470957E-2
5.707675853E0,4.214970022E-2,-2.809980139E-2,1.160643995E-2
5.709674930E0,4.214970022E-2,-2.748893574E-2,1.160643995E-2
5.711743623E0,4.337143153E-2,-2.871066704E-2,8.552113548E-3
5.713777738E0,4.459316283E-2,-2.993239649E-2,9.162978269E-3
5.715847392E0,4.337143153E-2,-3.054326214E-2,1.038470957E-2
5.717882623E0,4.642575979E-2,-3.176499158E-2,1.099557430E-2
5.719951930E0,4.825835302E-2,-3.176499158E-2,9.773843922E-3
5.721987122E0,4.642575979E-2,-3.237585723E-2,1.221730467E-2
5.724035776E0,4.459316283E-2,-3.420845419E-2,8.552113548E-3
5.726040199E0,4.886921868E-2,-3.176499158E-2,6.719517522E-3
5.728061815E0,4.886921868E-2,-3.298672289E-2,1.160643995E-2
5.730096776E0,5.070181563E-2,-3.176499158E-2,7.941247895E-3
5.732165892E0,5.070181563E-2,-3.176499158E-2,6.719517522E-3
5.734200738E0,4.886921868E-2,-3.115412779E-2,1.099557430E-2
5.736270046E0,5.375614017E-2,-3.054326214E-2,1.038470957E-2
5.738304699E0,5.314527452E-2,-2.932153270E-2,7.330383174E-3
5.740373584E0,5.253441259E-2,-2.932153270E-2,1.160643995E-2
5.742408584E0,5.375614017E-2,-2.932153270E-2,7.330383174E-3
5.744440430E0,5.253441259E-2,-2.565634064E-2,4.886921961E-3
5.746519507E0,5.192354694E-2,-2.626720630E-2,1.038470957E-2
5.748540738E0,5.192354694E-2,-2.443460934E-2,8.552113548E-3
5.750575161E0,5.314527452E-2,-2.382374369E-2,7.330383174E-3
5.752644776E0,5.436700583E-2,-2.260201424E-2,8.552113548E-3
5.754679199E0,4.886921868E-2,-2.138028294E-2,9.162978269E-3
5.756748045E0,5.009094998E-2,-2.260201424E-2,7.330383174E-3
5.758782276E0,4.886921868E-2,-2.076941915E-2,1.099557430E-2
5.760851969E0,4.581489414E-2,-2.076941915E-2,5.497787148E-3
5.762885892E0,4.703662544E-2,-1.832595654E-2,7.941247895E-3
5.764934699E0,4.764748737E-2,-1.771509275E-2,7.941247895E-3
5.767025968E0,4.337143153E-2,-1.710422710E-2,7.330383174E-3
5.768931468E0,4.337143153E-2,-1.466076635E-2,4.886921961E-3
5.770931045E0,4.031710699E-2,-1.710422710E-2,1.099557430E-2
5.772999738E0,4.092797264E-2,-1.527163107E-2,4.886921961E-3
5.775049199E0,3.787364438E-2,-1.282817032E-2,7.941247895E-3
5.777103084E0,3.848451003E-2,-1.282817032E-2,6.719517522E-3
5.779137699E0,3.481931984E-2,-1.160643995E-2,6.719517522E-3
5.781207468E0,3.543018550E-2,-1.160643995E-2,4.276056774E-3
5.783242930E0,3.543018550E-2,-9.773843922E-3,3.054326167E-3
5.785274468E0,3.176499158E-2,-1.099557430E-2,4.276056774E-3
5.787407468E0,3.237585723E-2,-1.038470957E-2,4.276056774E-3
5.789322738E0,3.054326214E-2,-9.162978269E-3,3.665191587E-3
5.791322738E0,2.809980139E-2,-7.941247895E-3,4.276056774E-3
5.793390853E0,3.176499158E-2,-6.108652335E-3,-1.221730490E-3
5.795425584E0,2.993239649E-2,-7.330383174E-3,6.108652451E-4
5.797494045E0,2.748893574E-2,-6.719517522E-3,-2.443460980E-3
5.799528507E0,2.993239649E-2,-7.330383174E-3,6.108652451E-4
5.801596815E0,2.504547499E-2,-7.330383174E-3,2.443460980E-3
5.803630468E0,2.687807009E-2,-5.497787148E-3,-1.221730490E-3
5.805705776E0,2.565634064E-2,-6.108652335E-3,1.832595794E-3
5.807708584E0,2.382374369E-2,-6.719517522E-3,-1.221730490E-3
5.809730007E0,2.199114859E-2,-5.497787148E-3,-3.054326167E-3
5.811764584E0,2.321287990E-2,-6.719517522E-3,-3.054326167E-3
5.813833430E0,2.076941915E-2,-5.497787148E-3,0.000000000E0
5.815867507E0,1.832595654E-2,-6.719517522E-3,-3.665191587E-3
5.817936661E0,1.832595654E-2,-6.719517522E-3,6.108652451E-4
5.819970930E0,1.954768784E-2,-6.719517522E-3,-3.665191587E-3
5.822039161E0,2.076941915E-2,-6.108652335E-3,-3.054326167E-3
5.824073237E0,1.710422710E-2,-8.552113548E-3,0.000000000E0
5.826104968E0,1.527163107E-2,-1.160643995E-2,-6.108652451E-4
5.828151699E0,1.466076635E-2,-1.099557430E-2,-1.832595794E-3
5.830173084E0,1.404990070E-2,-1.221730467E-2,6.108652451E-4
5.832207545E0,1.099557430E-2,-1.404990070E-2,-6.108652451E-4
5.834275430E0,9.162978269E-3,-1.221730467E-2,0.000000000E0
5.836309661E0,1.099557430E-2,-1.404990070E-2,4.886921961E-3
5.838377468E0,1.099557430E-2,-1.404990070E-2,0.000000000E0
5.840412853E0,8.552113548E-3,-1.343903504E-2,2.443460980E-3
5.842481584E0,6.108652335E-3,-1.527163107E-2,3.665191587E-3
5.844516084E0,6.719517522E-3,-1.466076635E-2,6.108652451E-4
5.846564968E0,8.552113548E-3,-1.527163107E-2,1.221730490E-3
5.848656853E0,4.886921961E-3,-1.527163107E-2,4.886921961E-3
5.850562391E0,6.108652335E-3,-1.588249579E-2,1.832595794E-3
5.852561622E0,4.886921961E-3,-1.404990070E-2,2.443460980E-3
5.854630737E0,5.497787148E-3,-1.527163107E-2,4.886921961E-3
5.856665276E0,4.276056774E-3,-1.466076635E-2,5.497787148E-3
5.858734545E0,6.108652335E-3,-1.527163107E-2,3.054326167E-3
5.860769122E0,2.443460980E-3,-1.710422710E-2,6.719517522E-3
5.862838199E0,3.054326167E-3,-1.649336144E-2,4.276056774E-3
5.864872930E0,4.886921961E-3,-1.893682219E-2,5.497787148E-3
5.866904930E0,3.665191587E-3,-1.710422710E-2,5.497787148E-3
5.869037930E0,4.886921961E-3,-1.832595654E-2,4.276056774E-3
5.870952891E0,5.497787148E-3,-1.771509275E-2,6.108652335E-3
5.872952122E0,3.665191587E-3,-2.076941915E-2,7.941247895E-3
5.875020699E0,1.832595794E-3,-1.954768784E-2,5.497787148E-3
5.877054814E0,5.497787148E-3,-1.954768784E-2,3.054326167E-3
5.879123622E0,3.054326167E-3,-2.076941915E-2,6.719517522E-3
5.881157660E0,1.221730490E-3,-2.260201424E-2,4.276056774E-3
5.883227160E0,0.000000000E0,-2.443460934E-2,6.719517522E-3
5.885261006E0,1.832595794E-3,-2.504547499E-2,4.886921961E-3
5.887310353E0,4.276056774E-3,-2.687807009E-2,4.276056774E-3
5.889315199E0,3.665191587E-3,-2.565634064E-2,1.832595794E-3
5.891336814E0,1.832595794E-3,-2.871066704E-2,6.108652335E-3
5.893370853E0,2.443460980E-3,-2.748893574E-2,0.000000000E0
5.895439545E0,4.276056774E-3,-2.871066704E-2,2.443460980E-3
5.897474199E0,2.443460980E-3,-2.871066704E-2,4.886921961E-3
5.899543083E0,6.108652451E-4,-2.565634064E-2,1.221730490E-3
5.901577622E0,3.054326167E-3,-2.382374369E-2,4.276056774E-3
5.903646776E0,3.054326167E-3,-2.260201424E-2,4.886921961E-3
5.905681160E0,1.832595794E-3,-1.954768784E-2,2.443460980E-3
5.907713314E0,0.000000000E0,-1.710422710E-2,5.497787148E-3
5.909792199E0,-1.832595794E-3,-1.588249579E-2,5.497787148E-3
5.911814583E0,-5.497787148E-3,-1.221730467E-2,3.665191587E-3
5.913847968E0,-6.719517522E-3,-7.941247895E-3,6.108652335E-3
5.915916929E0,-4.886921961E-3,-9.162978269E-3,4.886921961E-3
5.917951737E0,-7.330383174E-3,-7.941247895E-3,5.497787148E-3
5.919976506E0,-1.099557430E-2,-4.886921961E-3,5.497787148E-3
5.921975776E0,-9.773843922E-3,-2.443460980E-3,5.497787148E-3
5.924044506E0,-1.221730467E-2,-6.108652451E-4,4.276056774E-3
5.926078814E0,-1.710422710E-2,1.221730490E-3,8.552113548E-3
5.928128583E0,-1.710422710E-2,2.443460980E-3,6.108652335E-3
5.930298968E0,-1.710422710E-2,3.665191587E-3,3.665191587E-3
5.932134160E0,-1.832595654E-2,4.886921961E-3,6.719517522E-3
5.934132852E0,-2.076941915E-2,7.330383174E-3,4.276056774E-3
5.936201429E0,-2.260201424E-2,7.330383174E-3,4.276056774E-3
5.938235391E0,-2.199114859E-2,1.038470957E-2,3.665191587E-3
5.940304468E0,-2.199114859E-2,1.160643995E-2,3.054326167E-3
5.942338122E0,-2.260201424E-2,1.221730467E-2,3.054326167E-3
5.944407237E0,-2.382374369E-2,1.404990070E-2,1.832595794E-3
5.946440660E0,-2.565634064E-2,1.466076635E-2,3.665191587E-3
5.948471699E0,-2.565634064E-2,1.527163107E-2,3.665191587E-3
5.950603814E0,-2.565634064E-2,1.710422710E-2,2.443460980E-3
5.952519275E0,-2.504547499E-2,1.771509275E-2,4.276056774E-3
5.954517506E0,-2.382374369E-2,2.015855350E-2,1.832595794E-3
5.956586237E0,-2.260201424E-2,1.832595654E-2,2.443460980E-3
5.958620429E0,-2.504547499E-2,2.076941915E-2,3.054326167E-3
5.960689352E0,-2.565634064E-2,2.260201424E-2,1.832595794E-3
5.962724237E0,-2.382374369E-2,2.321287990E-2,3.054326167E-3
5.964792814E0,-2.382374369E-2,2.260201424E-2,4.886921961E-3
5.966827391E0,-2.321287990E-2,2.138028294E-2,1.832595794E-3
5.968902891E0,-2.260201424E-2,2.443460934E-2,6.108652451E-4
5.970904891E0,-2.443460934E-2,2.382374369E-2,2.443460980E-3
5.972925852E0,-2.382374369E-2,2.321287990E-2,2.443460980E-3
5.974960160E0,-2.382374369E-2,2.199114859E-2,2.443460980E-3
5.977027775E0,-2.260201424E-2,2.382374369E-2,6.108652451E-4
5.979061506E0,-2.260201424E-2,2.260201424E-2,-1.221730490E-3
5.981129968E0,-2.565634064E-2,2.015855350E-2,4.886921961E-3
5.983163622E0,-2.565634064E-2,2.076941915E-2,0.000000000E0
5.985232352E0,-2.626720630E-2,1.832595654E-2,0.000000000E0
5.987266429E0,-2.382374369E-2,1.893682219E-2,2.443460980E-3
5.989298314E0,-2.626720630E-2,1.649336144E-2,-1.221730490E-3
5.991377929E0,-2.871066704E-2,1.343903504E-2,2.443460980E-3
5.993398468E0,-2.748893574E-2,1.588249579E-2,1.832595794E-3
5.995432275E0,-2.932153270E-2,1.343903504E-2,6.108652451E-4
5.997500275E0,-3.054326214E-2,1.160643995E-2,3.665191587E-3
5.999534468E0,-3.359758854E-2,9.162978269E-3,3.054326167E-3
6.001603506E0,-3.176499158E-2,1.038470957E-2,-6.108652451E-4
6.003637814E0,-3.359758854E-2,8.552113548E-3,-6.108652451E-4
6.005707006E0,-3.726277873E-2,1.038470957E-2,4.886921961E-3
6.007740391E0,-3.543018550E-2,7.330383174E-3,1.832595794E-3
6.009790929E0,-3.543018550E-2,7.330383174E-3,2.443460980E-3
6.011883506E0,-3.787364438E-2,6.719517522E-3,1.221730490E-3
6.013789352E0,-3.665191308E-2,7.330383174E-3,-1.221730490E-3
6.015788698E0,-3.726277873E-2,7.941247895E-3,6.108652451E-4
6.017857814E0,-3.787364438E-2,6.108652335E-3,0.000000000E0
6.019891929E0,-3.848451003E-2,7.330383174E-3,6.108652451E-4
6.021961006E0,-4.214970022E-2,7.330383174E-3,1.832595794E-3
6.023994544E0,-4.153883830E-2,7.941247895E-3,1.832595794E-3
6.026063121E0,-3.848451003E-2,7.941247895E-3,-6.108652451E-4
6.028097314E0,-4.337143153E-2,9.162978269E-3,-1.832595794E-3
6.030129967E0,-4.092797264E-2,1.038470957E-2,-6.108652451E-4
6.032261544E0,-4.153883830E-2,1.160643995E-2,-2.443460980E-3
6.034176467E0,-4.092797264E-2,1.343903504E-2,0.000000000E0
6.036176121E0,-4.398229718E-2,1.221730467E-2,0.000000000E0
6.038244314E0,-4.337143153E-2,1.404990070E-2,-6.108652451E-4
6.040278467E0,-4.337143153E-2,1.527163107E-2,0.000000000E0
6.042347852E0,-4.459316283E-2,1.404990070E-2,-3.665191587E-3
6.044382006E0,-4.398229718E-2,1.588249579E-2,-2.443460980E-3
6.046450967E0,-4.398229718E-2,1.588249579E-2,2.443460980E-3
6.048484814E0,-4.153883830E-2,1.649336144E-2,-2.443460980E-3
6.050534198E0,-4.520402849E-2,1.649336144E-2,-3.054326167E-3
6.052538390E0,-4.520402849E-2,1.649336144E-2,-6.108652451E-4
6.054560044E0,-4.398229718E-2,1.588249579E-2,-6.108652451E-4
6.056593929E0,-4.337143153E-2,1.710422710E-2,-6.108652451E-4
6.058662352E0,-4.459316283E-2,1.710422710E-2,-2.443460980E-3
6.060696544E0,-4.520402849E-2,1.588249579E-2,-1.221730490E-3
6.062765929E0,-4.581489414E-2,1.282817032E-2,-2.443460980E-3
6.064799429E0,-4.703662544E-2,1.282817032E-2,-1.832595794E-3
6.066868698E0,-4.764748737E-2,1.343903504E-2,-4.886921961E-3
6.068903583E0,-4.764748737E-2,9.773843922E-3,-1.221730490E-3
6.070935660E0,-5.009094998E-2,1.038470957E-2,-1.832595794E-3
6.073014621E0,-5.070181563E-2,7.941247895E-3,0.000000000E0
6.075035660E0,-5.070181563E-2,5.497787148E-3,-1.832595794E-3
6.077070352E0,-5.192354694E-2,3.665191587E-3,-4.276056774E-3
6.079139352E0,-5.192354694E-2,6.108652451E-4,-1.221730490E-3
6.081173506E0,-5.192354694E-2,-2.443460980E-3,0.000000000E0
6.083242467E0,-5.070181563E-2,-2.443460980E-3,-2.443460980E-3
6.085276890E0,-5.375614017E-2,-7.941247895E-3,-6.108652451E-4
6.087345544E0,-5.375614017E-2,-7.941247895E-3,-1.832595794E-3
6.089379890E0,-5.375614017E-2,-1.221730467E-2,-3.054326167E-3
6.091429275E0,-5.436700583E-2,-1.466076635E-2,-6.108652451E-4
6.093521544E0,-5.375614017E-2,-1.649336144E-2,-3.054326167E-3
6.095427313E0,-5.681046844E-2,-1.893682219E-2,6.108652451E-4
6.097427160E0,-5.558873713E-2,-2.199114859E-2,-2.443460980E-3
6.099496352E0,-5.314527452E-2,-2.199114859E-2,-4.276056774E-3
6.101530929E0,-5.681046844E-2,-2.504547499E-2,-4.886921961E-3
6.103600160E0,-5.436700583E-2,-2.504547499E-2,-1.221730490E-3
6.105634467E0,-5.314527452E-2,-2.748893574E-2,-2.443460980E-3
6.107703121E0,-5.619960278E-2,-2.809980139E-2,-2.443460980E-3
6.109737736E0,-5.558873713E-2,-2.993239649E-2,0.000000000E0
6.111769198E0,-5.925392732E-2,-3.359758854E-2,1.832595794E-3
6.113902006E0,-5.497787148E-2,-3.481931984E-2,-1.221730490E-3
6.115816621E0,-5.619960278E-2,-3.359758854E-2,1.832595794E-3
6.117815544E0,-5.742133409E-2,-3.543018550E-2,1.832595794E-3
6.119884506E0,-5.375614017E-2,-3.543018550E-2,-3.054326167E-3
6.121920006E0,-5.619960278E-2,-3.726277873E-2,2.443460980E-3
6.123988506E0,-5.619960278E-2,-4.031710699E-2,4.886921961E-3
6.126023429E0,-5.558873713E-2,-4.092797264E-2,6.108652451E-4
6.128092775E0,-5.436700583E-2,-4.153883830E-2,3.665191587E-3
6.130127082E0,-5.436700583E-2,-4.520402849E-2,1.832595794E-3
6.132203121E0,-5.192354694E-2,-4.642575979E-2,1.832595794E-3
6.134205506E0,-5.619960278E-2,-4.642575979E-2,3.665191587E-3
6.136227275E0,-5.314527452E-2,-4.764748737E-2,1.832595794E-3
6.138262159E0,-5.436700583E-2,-5.009094998E-2,3.054326167E-3
6.140330736E0,-5.558873713E-2,-5.253441259E-2,3.054326167E-3
6.142365390E0,-5.375614017E-2,-5.497787148E-2,1.221730490E-3
6.144435006E0,-5.497787148E-2,-5.497787148E-2,3.054326167E-3
6.146470775E0,-5.497787148E-2,-5.681046844E-2,6.108652335E-3
6.148539505E0,-5.436700583E-2,-5.803219974E-2,4.276056774E-3
6.150574505E0,-5.497787148E-2,-5.986479297E-2,4.276056774E-3
6.152607429E0,-5.375614017E-2,-5.986479297E-2,4.276056774E-3
6.154687736E0,-5.314527452E-2,-6.108652428E-2,2.443460980E-3
6.156709582E0,-5.314527452E-2,-6.536258012E-2,3.665191587E-3
6.158744198E0,-5.497787148E-2,-6.230825558E-2,6.108652451E-4
6.160813929E0,-5.558873713E-2,-6.597344577E-2,6.108652451E-4
6.162849005E0,-5.253441259E-2,-6.658431143E-2,0.000000000E0
6.164874428E0,-5.375614017E-2,-6.719517708E-2,1.221730490E-3
6.166874544E0,-5.314527452E-2,-6.841690838E-2,0.000000000E0
6.168943505E0,-5.497787148E-2,-6.902777404E-2,-1.221730490E-3
6.170978736E0,-5.619960278E-2,-6.963863969E-2,0.000000000E0
6.173028275E0,-5.558873713E-2,-6.963863969E-2,1.221730490E-3
6.175199121E0,-5.681046844E-2,-6.963863969E-2,-1.221730490E-3
6.177035275E0,-5.619960278E-2,-7.208210230E-2,-6.108652451E-4
6.179035198E0,-5.986479297E-2,-7.330382615E-2,1.221730490E-3
6.181104775E0,-5.925392732E-2,-7.330382615E-2,-2.443460980E-3
6.183155005E0,-5.986479297E-2,-7.269296050E-2,-3.054326167E-3
6.185208582E0,-6.230825558E-2,-7.391469181E-2,-2.443460980E-3
6.187242928E0,-6.108652428E-2,-7.208210230E-2,-3.665191587E-3
6.189312736E0,-6.352998316E-2,-7.635815442E-2,-3.054326167E-3
6.191347890E0,-6.414084882E-2,-7.696902007E-2,-3.665191587E-3
6.193379851E0,-6.291911751E-2,-7.819075137E-2,-3.054326167E-3
6.195512582E0,-6.658431143E-2,-8.124507964E-2,-4.276056774E-3
6.197427582E0,-6.780604273E-2,-8.246681094E-2,-6.108652335E-3
6.199427198E0,-6.902777404E-2,-8.368854225E-2,-3.665191587E-3
6.201496582E0,-6.902777404E-2,-9.040805697E-2,-4.886921961E-3
6.203531621E0,-6.902777404E-2,-8.735372871E-2,-5.497787148E-3
6.205600274E0,-7.024950534E-2,-9.407325089E-2,-1.832595794E-3
6.207635159E0,-7.086037099E-2,-9.529497474E-2,-3.054326167E-3
6.209703736E0,-7.024950534E-2,-9.712757170E-2,-6.719517522E-3
6.211738274E0,-7.513642311E-2,-1.014036313E-1,-1.221730490E-3
6.213787313E0,-7.391469181E-2,-1.056796908E-1,-6.719517522E-3
6.215793544E0,-7.574728876E-2,-1.081231460E-1,-5.497787148E-3
6.217814505E0,-7.696902007E-2,-1.117883399E-1,-6.108652335E-3
6.219848928E0,-7.696902007E-2,-1.154535338E-1,-8.552113548E-3
6.221917928E0,-8.002334833E-2,-1.215621829E-1,-5.497787148E-3
6.223952159E0,-8.185594529E-2,-1.246165112E-1,-4.276056774E-3
6.226022197E0,-8.185594529E-2,-1.288925707E-1,-6.719517522E-3
6.228056505E0,-8.246681094E-2,-1.337794960E-1,-4.276056774E-3
6.230125582E0,-8.002334833E-2,-1.331686229E-1,-7.941247895E-3
6.232159928E0,-8.368854225E-2,-1.417207420E-1,-6.719517522E-3
6.234192428E0,-8.307767659E-2,-1.429424733E-1,-4.886921961E-3
6.236272313E0,-8.552113175E-2,-1.459967941E-1,-4.886921961E-3
6.238292736E0,-8.857546002E-2,-1.496619880E-1,-3.054326167E-3
6.240327813E0,-8.613199741E-2,-1.514945775E-1,-4.886921961E-3
6.242396236E0,-8.674286306E-2,-1.539380401E-1,-6.108652335E-3
6.244430659E0,-8.979719132E-2,-1.551597714E-1,-2.443460980E-3
6.246500274E0,-8.735372871E-2,-1.582140923E-1,-3.665191587E-3
6.248534544E0,-9.101892263E-2,-1.600466967E-1,-3.054326167E-3
6.250604120E0,-9.101892263E-2,-1.606575549E-1,-6.108652451E-4
6.252638120E0,-9.285151958E-2,-1.624901593E-1,-3.054326167E-3
6.254687582E0,-9.224065393E-2,-1.631010175E-1,6.108652451E-4
6.256779582E0,-9.468411654E-2,-1.643227488E-1,-1.221730490E-3
6.258685274E0,-9.285151958E-2,-1.649336219E-1,1.221730490E-3
6.260684428E0,-9.529497474E-2,-1.649336219E-1,2.443460980E-3
6.262753390E0,-9.651670605E-2,-1.667662114E-1,6.108652451E-4
6.264787967E0,-9.712757170E-2,-1.673770845E-1,3.054326167E-3
6.266857005E0,-1.014036313E-1,-1.679879427E-1,6.719517522E-3
6.268891505E0,-9.834930301E-2,-1.710422635E-1,7.330383174E-3
6.270961005E0,-1.038470939E-1,-1.716531366E-1,9.773843922E-3
6.272994736E0,-1.056796908E-1,-1.710422635E-1,9.773843922E-3
6.275027005E0,-1.038470939E-1,-1.734857261E-1,1.038470957E-2
6.277160236E0,-1.050688252E-1,-1.753183305E-1,1.588249579E-2
6.279075505E0,-1.069014147E-1,-1.777617931E-1,1.771509275E-2
6.281074736E0,-1.075122803E-1,-1.771509200E-1,1.649336144E-2
6.283143967E0,-1.075122803E-1,-1.789835095E-1,1.954768784E-2
6.285177620E0,-1.093448773E-1,-1.808161139E-1,2.199114859E-2
6.287246043E0,-1.105666086E-1,-1.802052408E-1,2.260201424E-2
6.289281159E0,-1.136209369E-1,-1.838704348E-1,2.504547499E-2
6.291350543E0,-1.130100712E-1,-1.863138974E-1,2.565634064E-2
6.293384890E0,-1.142318025E-1,-1.863138974E-1,2.565634064E-2
6.295460928E0,-1.136209369E-1,-1.881465018E-1,2.504547499E-2
6.297463774E0,-1.142318025E-1,-1.887573600E-1,2.626720630E-2
6.299484543E0,-1.142318025E-1,-1.881465018E-1,3.054326214E-2
6.301518851E0,-1.142318025E-1,-1.905899495E-1,3.115412779E-2
6.303586813E0,-1.166752651E-1,-1.924225539E-1,3.054326214E-2
6.305621005E0,-1.166752651E-1,-1.930334121E-1,3.420845419E-2
6.307689928E0,-1.197295859E-1,-1.942551434E-1,3.176499158E-2
6.309723774E0,-1.191187203E-1,-1.924225539E-1,3.176499158E-2
6.311791851E0,-1.215621829E-1,-1.899790913E-1,3.543018550E-2
6.313825736E0,-1.227839142E-1,-1.899790913E-1,3.543018550E-2
6.315857813E0,-1.258382350E-1,-1.869247705E-1,3.543018550E-2
6.317936928E0,-1.282816976E-1,-1.881465018E-1,3.604105115E-2
6.319958005E0,-1.270599663E-1,-1.844813079E-1,3.481931984E-2
6.321991582E0,-1.337794960E-1,-1.857030392E-1,3.543018550E-2
6.324059928E0,-1.356120855E-1,-1.814269722E-1,3.726277873E-2
6.326093889E0,-1.392772794E-1,-1.802052408E-1,3.726277873E-2
6.328161659E0,-1.429424733E-1,-1.759291887E-1,3.359758854E-2
6.330196312E0,-1.466076523E-1,-1.740965992E-1,3.481931984E-2
6.332265389E0,-1.496619880E-1,-1.734857261E-1,3.543018550E-2
6.334299928E0,-1.545489132E-1,-1.692096740E-1,2.993239649E-2
6.336349620E0,-1.624901593E-1,-1.643227488E-1,3.420845419E-2
6.338442236E0,-1.667662114E-1,-1.606575549E-1,3.115412779E-2
6.340348120E0,-1.704314053E-1,-1.563815027E-1,2.932153270E-2
6.342347159E0,-1.765400618E-1,-1.527163088E-1,3.481931984E-2
6.344416889E0,-1.808161139E-1,-1.484402567E-1,2.871066704E-2
6.346451351E0,-1.850921661E-1,-1.441642046E-1,2.565634064E-2
6.348520697E0,-1.899790913E-1,-1.392772794E-1,2.932153270E-2
6.350554312E0,-1.954768747E-1,-1.319468915E-1,2.809980139E-2
6.352622351E0,-1.979203373E-1,-1.288925707E-1,2.626720630E-2
6.354656659E0,-2.009746730E-1,-1.240056455E-1,2.932153270E-2
6.356687120E0,-2.058615834E-1,-1.130100712E-1,2.199114859E-2
6.358818735E0,-2.070833147E-1,-1.093448773E-1,2.382374369E-2
6.360733505E0,-2.125810981E-1,-1.032362282E-1,2.382374369E-2
6.362732889E0,-2.144137025E-1,-9.712757170E-2,2.138028294E-2
6.364800697E0,-2.168571651E-1,-9.285151958E-2,2.199114859E-2
6.366835235E0,-2.193006277E-1,-8.735372871E-2,2.260201424E-2
6.368903351E0,-2.229658216E-1,-8.124507964E-2,1.954768784E-2
6.370938158E0,-2.235766798E-1,-7.574728876E-2,2.260201424E-2
6.373007274E0,-2.266310006E-1,-6.780604273E-2,1.954768784E-2
6.375041197E0,-2.290744632E-1,-6.047565863E-2,1.710422710E-2
6.377090005E0,-2.309070677E-1,-5.925392732E-2,2.015855350E-2
6.379093735E0,-2.333505303E-1,-5.375614017E-2,1.832595654E-2
6.381114658E0,-2.357939780E-1,-4.886921868E-2,2.138028294E-2
6.383148735E0,-2.364048511E-1,-4.825835302E-2,2.138028294E-2
6.385217582E0,-2.388483137E-1,-4.276056588E-2,2.015855350E-2
6.387251428E0,-2.412917763E-1,-4.031710699E-2,2.076941915E-2
6.389319697E0,-2.406809032E-1,-3.787364438E-2,2.626720630E-2
6.391354197E0,-2.425135076E-1,-3.481931984E-2,2.443460934E-2
6.393423274E0,-2.443460971E-1,-3.237585723E-2,2.809980139E-2
6.395457428E0,-2.449569702E-1,-2.932153270E-2,2.932153270E-2
6.397488389E0,-2.455678284E-1,-2.871066704E-2,3.054326214E-2
6.399566543E0,-2.449569702E-1,-2.687807009E-2,3.726277873E-2
6.401588351E0,-2.449569702E-1,-2.321287990E-2,3.665191308E-2
6.403622581E0,-2.431243658E-1,-2.382374369E-2,3.909537569E-2
6.405690505E0,-2.461786866E-1,-2.382374369E-2,4.214970022E-2
6.407725004E0,-2.437352389E-1,-2.260201424E-2,4.886921868E-2
6.409750081E0,-2.425135076E-1,-2.321287990E-2,5.009094998E-2
6.411749235E0,-2.425135076E-1,-2.321287990E-2,5.436700583E-2
6.413818081E0,-2.437352389E-1,-2.565634064E-2,5.803219974E-2
6.415852004E0,-2.455678284E-1,-2.565634064E-2,5.864306539E-2
6.417900620E0,-2.455678284E-1,-2.748893574E-2,6.475171447E-2
6.420070504E0,-2.449569702E-1,-2.626720630E-2,6.719517708E-2
6.421906197E0,-2.467895597E-1,-2.809980139E-2,7.024950534E-2
6.423904928E0,-2.431243658E-1,-3.054326214E-2,7.208210230E-2
6.425974351E0,-2.437352389E-1,-3.054326214E-2,7.574728876E-2
6.428009043E0,-2.455678284E-1,-2.993239649E-2,7.452555746E-2
6.430077774E0,-2.480112910E-1,-2.932153270E-2,7.574728876E-2
6.432113158E0,-2.480112910E-1,-3.237585723E-2,7.880161703E-2
6.434181658E0,-2.461786866E-1,-3.237585723E-2,7.757988572E-2
6.436216620E0,-2.474004179E-1,-3.237585723E-2,7.880161703E-2
6.438215312E0,-2.455678284E-1,-3.176499158E-2,7.635815442E-2
6.440348504E0,-2.486221492E-1,-2.993239649E-2,7.635815442E-2
6.442263197E0,-2.474004179E-1,-3.237585723E-2,8.002334833E-2
6.444262274E0,-2.474004179E-1,-3.298672289E-2,7.696902007E-2
6.446331389E0,-2.480112910E-1,-3.176499158E-2,7.635815442E-2
6.448365504E0,-2.467895597E-1,-3.359758854E-2,7.391469181E-2
6.450434504E0,-2.449569702E-1,-3.420845419E-2,7.208210230E-2
6.452469197E0,-2.461786866E-1,-3.481931984E-2,7.086037099E-2
6.454537504E0,-2.480112910E-1,-3.481931984E-2,6.841690838E-2
6.456572389E0,-2.480112910E-1,-3.604105115E-2,6.536258012E-2
6.458647350E0,-2.467895597E-1,-3.726277873E-2,6.169738993E-2
6.460650043E0,-2.480112910E-1,-3.970624134E-2,6.291911751E-2
6.462670466E0,-2.461786866E-1,-4.092797264E-2,5.619960278E-2
6.464704812E0,-2.492330223E-1,-4.581489414E-2,5.619960278E-2
6.466773120E0,-2.480112910E-1,-4.764748737E-2,5.375614017E-2
6.468806966E0,-2.486221492E-1,-5.009094998E-2,4.886921868E-2
6.470875850E0,-2.486221492E-1,-5.558873713E-2,4.398229718E-2
6.472910581E0,-2.504547536E-1,-5.803219974E-2,4.703662544E-2
6.474979927E0,-2.504547536E-1,-6.291911751E-2,4.276056588E-2
6.477014927E0,-2.480112910E-1,-6.780604273E-2,3.848451003E-2
6.479047120E0,-2.492330223E-1,-7.024950534E-2,3.787364438E-2
6.481125427E0,-2.486221492E-1,-7.574728876E-2,3.481931984E-2
6.483147273E0,-2.486221492E-1,-8.063421398E-2,3.543018550E-2
6.485181158E0,-2.492330223E-1,-8.613199741E-2,3.115412779E-2
6.487250158E0,-2.480112910E-1,-9.040805697E-2,2.993239649E-2
6.489284312E0,-2.467895597E-1,-9.224065393E-2,2.687807009E-2
6.491353389E0,-2.474004179E-1,-9.834930301E-2,2.932153270E-2
6.493387120E0,-2.461786866E-1,-9.834930301E-2,2.809980139E-2
6.495455966E0,-2.449569702E-1,-1.038470939E-1,3.115412779E-2
6.497490658E0,-2.461786866E-1,-1.062905490E-1,3.420845419E-2
6.499539966E0,-2.449569702E-1,-1.081231460E-1,3.054326214E-2
6.501631850E0,-2.437352389E-1,-1.111774743E-1,3.359758854E-2
6.503537427E0,-2.455678284E-1,-1.154535338E-1,4.031710699E-2
6.505536043E0,-2.443460971E-1,-1.154535338E-1,3.726277873E-2
6.507605466E0,-2.443460971E-1,-1.148426682E-1,4.214970022E-2
6.509639966E0,-2.449569702E-1,-1.160643995E-1,5.009094998E-2
6.511709235E0,-2.443460971E-1,-1.160643995E-1,4.764748737E-2
6.513743312E0,-2.455678284E-1,-1.154535338E-1,5.253441259E-2
6.515813427E0,-2.467895597E-1,-1.166752651E-1,6.108652428E-2
6.517847504E0,-2.492330223E-1,-1.166752651E-1,6.230825558E-2
6.519879350E0,-2.467895597E-1,-1.148426682E-1,6.536258012E-2
6.522012196E0,-2.504547536E-1,-1.148426682E-1,7.208210230E-2
6.523927312E0,-2.486221492E-1,-1.148426682E-1,6.780604273E-2
6.525927273E0,-2.467895597E-1,-1.148426682E-1,7.330382615E-2
6.527996119E0,-2.467895597E-1,-1.105666086E-1,7.757988572E-2
6.530031158E0,-2.467895597E-1,-1.093448773E-1,7.941248268E-2
6.532100504E0,-2.461786866E-1,-1.093448773E-1,8.185594529E-2
6.534135773E0,-2.455678284E-1,-1.062905490E-1,8.979719132E-2
6.536205696E0,-2.443460971E-1,-1.038470939E-1,9.285151958E-2
6.538240466E0,-2.467895597E-1,-1.050688252E-1,9.651670605E-2
6.540290119E0,-2.461786866E-1,-1.032362282E-1,9.712757170E-2
6.542294389E0,-2.443460971E-1,-1.032362282E-1,1.038470939E-1
6.544316427E0,-2.425135076E-1,-1.020144969E-1,1.044579595E-1
6.546351004E0,-2.425135076E-1,-1.007927656E-1,1.099557430E-1
6.548419542E0,-2.394591719E-1,-1.001819000E-1,1.117883399E-1
6.550453812E0,-2.394591719E-1,-1.001819000E-1,1.142318025E-1
6.552523427E0,-2.370157093E-1,-9.834930301E-2,1.185078546E-1
6.554557735E0,-2.351831198E-1,-9.773843735E-2,1.221730486E-1
6.556627158E0,-2.351831198E-1,-1.001819000E-1,1.252273768E-1
6.558660889E0,-2.321287990E-1,-9.834930301E-2,1.258382350E-1
6.560692350E0,-2.296853364E-1,-9.834930301E-2,1.301143020E-1
6.562771619E0,-2.321287990E-1,-1.001819000E-1,1.288925707E-1
6.564793042E0,-2.260201424E-1,-1.014036313E-1,1.307251602E-1
6.566827542E0,-2.260201424E-1,-1.026253626E-1,1.350012124E-1
6.568896581E0,-2.241875380E-1,-1.038470939E-1,1.337794960E-1
6.570931465E0,-2.211332172E-1,-1.044579595E-1,1.325577646E-1
6.573000542E0,-2.205223590E-1,-1.087340117E-1,1.356120855E-1
6.575034965E0,-2.131919712E-1,-1.105666086E-1,1.392772794E-1
6.577104658E0,-2.131919712E-1,-1.142318025E-1,1.411098689E-1
6.579139542E0,-2.101376504E-1,-1.148426682E-1,1.386664063E-1
6.581188965E0,-2.028072625E-1,-1.172861308E-1,1.423316002E-1
6.583281388E0,-1.997529417E-1,-1.166752651E-1,1.435533315E-1
6.585187119E0,-1.960877478E-1,-1.172861308E-1,1.411098689E-1
6.587186465E0,-1.893682331E-1,-1.142318025E-1,1.417207420E-1
6.589255542E0,-1.875356287E-1,-1.117883399E-1,1.429424733E-1
6.591305465E0,-1.808161139E-1,-1.069014147E-1,1.417207420E-1
6.593359581E0,-1.753183305E-1,-1.014036313E-1,1.417207420E-1
6.595394581E0,-1.722639948E-1,-9.773843735E-2,1.404990107E-1
6.597463619E0,-1.637118906E-1,-9.162978828E-2,1.356120855E-1
6.599498850E0,-1.563815027E-1,-8.429940045E-2,1.337794960E-1
6.601500119E0,-1.533271819E-1,-8.246681094E-2,1.337794960E-1
6.603634042E0,-1.435533315E-1,-7.635815442E-2,1.313360333E-1
6.605548965E0,-1.374446750E-1,-7.024950534E-2,1.307251602E-1
6.607549311E0,-1.325577646E-1,-6.658431143E-2,1.270599663E-1
6.609618658E0,-1.215621829E-1,-6.169738993E-2,1.270599663E-1
6.611652658E0,-1.142318025E-1,-5.803219974E-2,1.221730486E-1
6.613722542E0,-1.056796908E-1,-5.436700583E-2,1.203404516E-1
6.615757081E0,-9.712757170E-2,-4.886921868E-2,1.209513173E-1
6.617826350E0,-8.307767659E-2,-4.153883830E-2,1.166752651E-1
6.619861081E0,-7.269296050E-2,-3.359758854E-2,1.130100712E-1
6.621937311E0,-6.719517708E-2,-3.115412779E-2,1.117883399E-1
6.623939388E0,-5.131268129E-2,-2.443460934E-2,1.038470939E-1
6.625960042E0,-3.726277873E-2,-1.710422710E-2,1.014036313E-1
6.627995081E0,-3.359758854E-2,-1.221730467E-2,1.007927656E-1
6.630064119E0,-1.771509275E-2,-6.108652335E-3,8.552113175E-2
6.632098119E0,-4.276056774E-3,-3.665191587E-3,8.185594529E-2
6.634167273E0,2.443460980E-3,-3.665191587E-3,7.574728876E-2
6.636201773E0,1.710422710E-2,-1.221730490E-3,6.291911751E-2
6.638271427E0,3.543018550E-2,-2.443460980E-3,5.314527452E-2
6.640305888E0,4.153883830E-2,-3.665191587E-3,4.886921868E-2
6.642305657E0,5.925392732E-2,-1.038470957E-2,3.604105115E-2
6.644384619E0,7.819075137E-2,-1.893682219E-2,2.504547499E-2
6.646406273E0,8.979719132E-2,-2.321287990E-2,2.138028294E-2
6.648441042E0,1.099557430E-1,-3.481931984E-2,6.108652335E-3
6.650510504E0,1.313360333E-1,-4.948008433E-2,-2.443460980E-3
6.652544504E0,1.453859210E-1,-5.619960278E-2,-9.162978269E-3
6.654569580E0,1.667662114E-1,-7.513642311E-2,-1.710422710E-2
6.656568773E0,1.936442852E-1,-9.468411654E-2,-2.565634064E-2
6.658637465E0,2.040289938E-1,-1.038470939E-1,-2.871066704E-2
6.660671811E0,2.315179259E-1,-1.227839142E-1,-3.909537569E-2
6.662721234E0,2.571742535E-1,-1.447750628E-1,-4.764748737E-2
6.664891080E0,2.840523422E-1,-1.655444801E-1,-5.253441259E-2
6.666727042E0,2.956587672E-1,-1.765400618E-1,-5.497787148E-2
6.668726619E0,3.200933933E-1,-2.015855312E-1,-5.803219974E-2
6.670795580E0,3.439171314E-1,-2.260201424E-1,-6.291911751E-2
6.672830157E0,3.585779071E-1,-2.370157093E-1,-6.536258012E-2
6.674898657E0,3.811798990E-1,-2.583959997E-1,-7.147123665E-2
6.676932888E0,4.037819207E-1,-2.822197378E-1,-7.147123665E-2
6.679002234E0,4.184426963E-1,-2.956587672E-1,-7.513642311E-2
6.681036273E0,4.386012554E-1,-3.207042515E-1,-8.063421398E-2
6.683069311E0,4.605923891E-1,-3.402519524E-1,-8.185594529E-2
6.685202003E0,4.691445231E-1,-3.549126983E-1,-8.185594529E-2
6.687117427E0,4.868595898E-1,-3.750712574E-1,-8.429940045E-2
6.689116696E0,5.039638281E-1,-3.958406746E-1,-8.613199741E-2
6.691185426E0,5.125159621E-1,-4.043927789E-1,-8.918632567E-2
6.693219657E0,5.277875662E-1,-4.245513380E-1,-9.162978828E-2
6.695288426E0,5.430592299E-1,-4.386012554E-1,-9.529497474E-2
6.697322350E0,5.510004759E-1,-4.489859641E-1,-9.773843735E-2
6.699390850E0,5.613851547E-1,-4.605923891E-1,-9.896016866E-2
6.701425311E0,5.748242140E-1,-4.709770977E-1,-9.834930301E-2
6.703474734E0,5.791002512E-1,-4.740314186E-1,-1.032362282E-1
6.705477926E0,5.882632136E-1,-4.758640230E-1,-1.014036313E-1
6.707500119E0,6.004805565E-1,-4.752531648E-1,-1.020144969E-1
6.709534580E0,6.023131609E-1,-4.740314186E-1,-1.038470939E-1
6.711603465E0,6.065891981E-1,-4.679227769E-1,-1.001819000E-1
6.713637696E0,6.108652353E-1,-4.593706727E-1,-1.020144969E-1
6.715707196E0,6.145304441E-1,-4.471533597E-1,-9.896016866E-2
6.717741580E0,6.151412725E-1,-4.422664344E-1,-9.957103431E-2
6.719809773E0,6.157521605E-1,-4.294382632E-1,-9.712757170E-2
6.721843888E0,6.133087277E-1,-4.135557711E-1,-9.407325089E-2
6.723875619E0,6.096435189E-1,-4.050036669E-1,-9.346238524E-2
6.725953888E0,6.023131609E-1,-3.854559660E-1,-9.040805697E-2
6.727975119E0,5.925393105E-1,-3.665191531E-1,-9.101892263E-2
6.730010926E0,5.864306092E-1,-3.536909819E-1,-8.857546002E-2
6.732079272E0,5.736024380E-1,-3.323107064E-1,-8.979719132E-2
6.734113349E0,5.571091175E-1,-3.115412891E-1,-8.918632567E-2
6.736182888E0,5.455026627E-1,-3.005456924E-1,-8.552113175E-2
6.738217272E0,5.290092826E-1,-2.785545588E-1,-8.491026610E-2
6.740287272E0,5.015203953E-1,-2.602286041E-1,-8.246681094E-2
6.742321696E0,4.929682612E-1,-2.498438805E-1,-8.429940045E-2
6.744371234E0,4.679227769E-1,-2.290744632E-1,-8.124507964E-2
6.746464542E0,4.386012554E-1,-2.125810981E-1,-8.307767659E-2
6.748370580E0,4.263839424E-1,-2.009746730E-1,-8.246681094E-2
6.750370772E0,4.001167417E-1,-1.832595766E-1,-8.002334833E-2
6.752440426E0,3.732386529E-1,-1.637118906E-1,-8.124507964E-2
6.754475542E0,3.561344445E-1,-1.539380401E-1,-8.185594529E-2
6.756544849E0,3.280346394E-1,-1.392772794E-1,-7.696902007E-2
6.758579542E0,2.987131178E-1,-1.209513173E-1,-7.574728876E-2
6.760648426E0,2.724458873E-1,-1.081231460E-1,-7.269296050E-2
6.762682926E0,2.553416789E-1,-1.001819000E-1,-7.024950534E-2
6.764715119E0,2.302961946E-1,-8.429940045E-2,-6.658431143E-2
6.766847619E0,2.052507252E-1,-7.208210230E-2,-5.986479297E-2
6.768762811E0,1.936442852E-1,-6.475171447E-2,-5.558873713E-2
6.770761926E0,1.679879427E-1,-5.375614017E-2,-5.192354694E-2
6.772831580E0,1.447750628E-1,-4.459316283E-2,-4.337143153E-2
6.774865772E0,1.374446750E-1,-3.726277873E-2,-4.031710699E-2
6.776935195E0,1.148426682E-1,-2.993239649E-2,-3.420845419E-2
6.778969849E0,9.957103431E-2,-2.260201424E-2,-2.565634064E-2
6.781039426E0,9.224065393E-2,-2.015855350E-2,-2.321287990E-2
6.783074657E0,7.635815442E-2,-1.343903504E-2,-1.527163107E-2
6.785150811E0,6.169738993E-2,-1.099557430E-2,-6.108652335E-3
6.787153657E0,5.436700583E-2,-8.552113548E-3,-3.054326167E-3
6.789175388E0,4.153883830E-2,-9.162978269E-3,4.276056774E-3
6.791209657E0,2.993239649E-2,-8.552113548E-3,1.527163107E-2
6.793279695E0,2.565634064E-2,-7.330383174E-3,1.649336144E-2
6.795314388E0,1.649336144E-2,-7.330383174E-3,2.321287990E-2
6.797383541E0,7.330383174E-3,-9.162978269E-3,3.665191308E-2
6.799418657E0,-1.832595794E-3,-1.221730467E-2,3.970624134E-2
6.801487311E0,-3.054326167E-3,-1.282817032E-2,4.520402849E-2
6.803522157E0,-1.038470957E-2,-1.710422710E-2,5.925392732E-2
6.805554157E0,-1.466076635E-2,-2.138028294E-2,6.536258012E-2
6.807633080E0,-1.771509275E-2,-2.199114859E-2,6.719517708E-2
6.809654772E0,-2.199114859E-2,-2.932153270E-2,8.002334833E-2
6.811689272E0,-2.809980139E-2,-3.420845419E-2,8.735372871E-2
6.813758118E0,-3.054326214E-2,-3.726277873E-2,9.162978828E-2
6.815792695E0,-3.359758854E-2,-4.214970022E-2,1.038470939E-1
6.817862426E0,-3.543018550E-2,-4.459316283E-2,1.087340117E-1
6.819896349E0,-3.726277873E-2,-4.825835302E-2,1.172861308E-1
6.821965657E0,-3.909537569E-2,-5.558873713E-2,1.252273768E-1
6.823999888E0,-4.214970022E-2,-6.352998316E-2,1.337794960E-1
6.826049118E0,-4.337143153E-2,-6.475171447E-2,1.380555481E-1
6.828140734E0,-4.459316283E-2,-7.208210230E-2,1.496619880E-1
6.830046349E0,-4.764748737E-2,-7.757988572E-2,1.527163088E-1
6.832046887E0,-5.009094998E-2,-7.880161703E-2,1.576032341E-1
6.834116272E0,-5.009094998E-2,-8.491026610E-2,1.624901593E-1
6.836150503E0,-5.375614017E-2,-8.613199741E-2,1.685988009E-1
6.838220503E0,-5.558873713E-2,-8.857546002E-2,1.722639948E-1
6.840255734E0,-5.558873713E-2,-8.857546002E-2,1.753183305E-1
6.842324349E0,-5.742133409E-2,-9.101892263E-2,1.747074574E-1
6.844359618E0,-6.108652428E-2,-8.918632567E-2,1.753183305E-1
6.846392618E0,-6.169738993E-2,-8.979719132E-2,1.734857261E-1
6.848527003E0,-6.352998316E-2,-8.735372871E-2,1.728748679E-1
6.850442003E0,-6.475171447E-2,-8.307767659E-2,1.692096740E-1
6.852442003E0,-6.780604273E-2,-8.246681094E-2,1.667662114E-1
6.854512118E0,-6.841690838E-2,-7.757988572E-2,1.624901593E-1
6.856547426E0,-6.719517708E-2,-7.330382615E-2,1.576032341E-1
6.858617080E0,-6.841690838E-2,-7.086037099E-2,1.557706445E-1
6.860653080E0,-6.963863969E-2,-6.658431143E-2,1.527163088E-1
6.862722387E0,-6.841690838E-2,-6.047565863E-2,1.453859210E-1
6.864756772E0,-6.841690838E-2,-5.803219974E-2,1.435533315E-1
6.866806349E0,-6.780604273E-2,-4.948008433E-2,1.368338168E-1
6.868810964E0,-6.719517708E-2,-4.337143153E-2,1.313360333E-1
6.870833849E0,-6.475171447E-2,-3.848451003E-2,1.264491081E-1
6.872868772E0,-6.536258012E-2,-3.237585723E-2,1.233947799E-1
6.874938272E0,-6.414084882E-2,-2.504547499E-2,1.172861308E-1
6.876973233E0,-6.108652428E-2,-2.015855350E-2,1.142318025E-1
6.879043041E0,-5.742133409E-2,-1.343903504E-2,1.081231460E-1
6.881077233E0,-5.681046844E-2,-4.276056774E-3,1.038470939E-1
6.883147041E0,-5.558873713E-2,-6.108652451E-4,9.712757170E-2
6.885181503E0,-5.253441259E-2,3.665191587E-3,9.468411654E-2
6.887214772E0,-5.009094998E-2,1.099557430E-2,8.918632567E-2
6.889293195E0,-4.520402849E-2,2.015855350E-2,8.002334833E-2
6.891314695E0,-4.337143153E-2,2.504547499E-2,7.819075137E-2
6.893349195E0,-3.726277873E-2,3.543018550E-2,7.208210230E-2
6.895418310E0,-3.298672289E-2,4.337143153E-2,7.024950534E-2
6.897453272E0,-2.993239649E-2,4.825835302E-2,6.414084882E-2
6.899477618E0,-2.382374369E-2,5.986479297E-2,6.108652428E-2
6.901476964E0,-1.771509275E-2,6.902777404E-2,6.108652428E-2
6.903545464E0,-1.466076635E-2,7.024950534E-2,5.803219974E-2
6.905579426E0,-1.099557430E-2,7.696902007E-2,5.925392732E-2
6.907628349E0,-4.276056774E-3,8.491026610E-2,6.230825558E-2
6.909797887E0,1.221730490E-3,9.101892263E-2,6.169738993E-2
6.911633195E0,5.497787148E-3,9.712757170E-2,6.169738993E-2
6.913631964E0,9.162978269E-3,1.044579595E-1,6.414084882E-2
6.915701041E0,9.773843922E-3,1.081231460E-1,6.658431143E-2
6.917735964E0,1.466076635E-2,1.185078546E-1,6.719517708E-2
6.919805118E0,1.771509275E-2,1.282816976E-1,7.147123665E-2
6.921839426E0,2.260201424E-2,1.356120855E-1,7.086037099E-2
6.923908118E0,2.443460934E-2,1.466076523E-1,7.391469181E-2
6.925943003E0,2.626720630E-2,1.618792862E-1,8.002334833E-2
6.927974618E0,2.932153270E-2,1.685988009E-1,7.941248268E-2
6.930107503E0,3.420845419E-2,1.838704348E-1,8.307767659E-2
6.932022195E0,3.909537569E-2,2.015855312E-1,8.613199741E-2
6.934022426E0,3.909537569E-2,2.064724565E-1,8.979719132E-2
6.936091772E0,4.520402849E-2,2.223549485E-1,9.040805697E-2
6.938126118E0,4.825835302E-2,2.394591719E-1,9.407325089E-2
6.940195079E0,5.314527452E-2,2.553416789E-1,9.590584040E-2
6.942230926E0,5.497787148E-2,2.651155293E-1,9.773843735E-2
6.944300041E0,5.436700583E-2,2.809980214E-1,9.712757170E-2
6.946335349E0,5.925392732E-2,2.981022298E-1,9.651670605E-2
6.948412118E0,5.742133409E-2,3.078760803E-1,9.651670605E-2
6.950414618E0,5.497787148E-2,3.182607889E-1,9.590584040E-2
6.952436349E0,5.619960278E-2,3.335324228E-1,9.468411654E-2
6.954470464E0,5.558873713E-2,3.396410644E-1,9.101892263E-2
6.956540079E0,5.192354694E-2,3.500257730E-1,9.346238524E-2
6.958574541E0,4.825835302E-2,3.610213697E-1,8.857546002E-2
6.960644118E0,4.276056588E-2,3.665191531E-1,8.246681094E-2
6.962677925E0,3.909537569E-2,3.744603992E-1,8.002334833E-2
6.964746579E0,3.420845419E-2,3.842342496E-1,7.024950534E-2
6.966780656E0,2.993239649E-2,3.872885704E-1,7.086037099E-2
6.968812195E0,2.015855350E-2,3.921754956E-1,6.719517708E-2
6.970890541E0,1.527163107E-2,3.964515328E-1,5.742133409E-2
6.972912733E0,4.886921961E-3,3.982841372E-1,5.436700583E-2
6.974947156E0,1.221730490E-3,4.001167417E-1,5.192354694E-2
6.977016695E0,-8.552113548E-3,4.019493461E-1,4.337143153E-2
6.979051848E0,-1.893682219E-2,4.050036669E-1,4.214970022E-2
6.981121310E0,-2.138028294E-2,4.056145251E-1,3.665191308E-2
6.983156156E0,-3.054326214E-2,4.074471295E-1,2.932153270E-2
6.985226156E0,-4.092797264E-2,4.092797041E-1,2.443460934E-2
6.987261156E0,-4.459316283E-2,4.105014503E-1,2.138028294E-2
6.989311079E0,-5.131268129E-2,4.105014503E-1,1.588249579E-2
6.991404233E0,-5.742133409E-2,4.111123085E-1,1.466076635E-2
6.993310425E0,-5.864306539E-2,4.117231667E-1,9.162978269E-3
6.995310695E0,-6.230825558E-2,4.111123085E-1,4.276056774E-3
6.997381041E0,-6.902777404E-2,4.105014503E-1,2.443460980E-3
6.999430656E0,-6.597344577E-2,4.092797041E-1,-3.054326167E-3
7.001485387E0,-6.780604273E-2,4.105014503E-1,-7.330383174E-3
7.003520618E0,-6.780604273E-2,4.062253833E-1,-1.099557430E-2
7.005589887E0,-6.841690838E-2,4.062253833E-1,-1.343903504E-2
7.007624195E0,-6.719517708E-2,4.007275999E-1,-2.199114859E-2
7.009655733E0,-6.414084882E-2,3.982841372E-1,-2.260201424E-2
7.011788694E0,-6.230825558E-2,3.946189582E-1,-3.054326214E-2
7.013703887E0,-5.986479297E-2,3.909537494E-1,-3.054326214E-2
7.015703771E0,-5.803219974E-2,3.830125034E-1,-3.054326214E-2
7.017773425E0,-5.375614017E-2,3.787364662E-1,-3.604105115E-2
7.019807233E0,-5.253441259E-2,3.683517575E-1,-4.153883830E-2
7.021877425E0,-4.764748737E-2,3.555235863E-1,-3.787364438E-2
7.023911771E0,-4.581489414E-2,3.445279896E-1,-4.642575979E-2
7.025981387E0,-4.642575979E-2,3.365867436E-1,-4.459316283E-2
7.028016194E0,-4.153883830E-2,3.194825351E-1,-4.276056588E-2
7.030132348E0,-3.970624134E-2,3.023782969E-1,-4.764748737E-2
7.032170464E0,-3.665191308E-2,2.938261926E-1,-4.948008433E-2
7.034192387E0,-3.787364438E-2,2.700024247E-1,-4.092797264E-2
7.036227271E0,-3.970624134E-2,2.474004179E-1,-4.276056588E-2
7.038296310E0,-3.665191308E-2,2.333505303E-1,-4.276056588E-2
7.040331194E0,-4.031710699E-2,2.113593817E-1,-3.604105115E-2
7.042400617E0,-3.970624134E-2,1.857030392E-1,-2.993239649E-2
7.044434617E0,-4.031710699E-2,1.716531366E-1,-2.932153270E-2
7.046504079E0,-4.398229718E-2,1.453859210E-1,-2.504547499E-2
7.048539156E0,-4.520402849E-2,1.160643995E-1,-2.199114859E-2
7.050565310E0,-4.948008433E-2,8.796459436E-2,-1.771509275E-2
7.052644002E0,-5.070181563E-2,7.819075137E-2,-1.588249579E-2
7.054666540E0,-5.497787148E-2,4.825835302E-2,-1.160643995E-2
7.056701771E0,-5.619960278E-2,2.260201424E-2,-1.099557430E-2
7.058769964E0,-5.803219974E-2,1.160643995E-2,-1.038470957E-2
7.060804310E0,-5.986479297E-2,-1.038470957E-2,-6.719517522E-3
7.062874502E0,-6.169738993E-2,-3.359758854E-2,-3.665191587E-3
7.064909694E0,-6.719517708E-2,-4.337143153E-2,-4.276056774E-3
7.066979271E0,-6.902777404E-2,-6.414084882E-2,-2.443460980E-3
7.069014848E0,-6.963863969E-2,-7.880161703E-2,-2.443460980E-3
7.071064464E0,-7.086037099E-2,-8.613199741E-2,-1.832595794E-3
7.073156887E0,-7.147123665E-2,-9.773843735E-2,-1.221730490E-3
7.075063079E0,-7.086037099E-2,-1.093448773E-1,-1.832595794E-3
7.077063079E0,-7.269296050E-2,-1.148426682E-1,-6.108652451E-4
7.079132617E0,-7.147123665E-2,-1.221730486E-1,-6.108652451E-4
7.081167540E0,-7.208210230E-2,-1.282816976E-1,-2.443460980E-3
7.083237348E0,-7.147123665E-2,-1.307251602E-1,-6.108652451E-4
7.085271156E0,-7.147123665E-2,-1.319468915E-1,-2.443460980E-3
7.087341348E0,-6.902777404E-2,-1.319468915E-1,-5.497787148E-3
7.089376348E0,-6.719517708E-2,-1.307251602E-1,-5.497787148E-3
7.091401887E0,-6.597344577E-2,-1.270599663E-1,-7.941247895E-3
7.093534886E0,-6.414084882E-2,-1.227839142E-1,-4.886921961E-3
7.095450425E0,-6.352998316E-2,-1.172861308E-1,-7.941247895E-3
7.097449848E0,-6.047565863E-2,-1.136209369E-1,-1.404990070E-2
7.099518848E0,-5.986479297E-2,-1.038470939E-1,-1.404990070E-2
7.101553233E0,-5.742133409E-2,-9.468411654E-2,-2.015855350E-2
7.103622617E0,-5.619960278E-2,-8.735372871E-2,-2.199114859E-2
7.105656848E0,-5.558873713E-2,-7.880161703E-2,-2.076941915E-2
7.107726194E0,-5.375614017E-2,-6.414084882E-2,-2.443460934E-2
7.109760579E0,-5.375614017E-2,-5.619960278E-2,-2.565634064E-2
7.111829425E0,-5.192354694E-2,-4.276056588E-2,-2.504547499E-2
7.113831617E0,-5.314527452E-2,-2.871066704E-2,-2.626720630E-2
7.115853540E0,-5.497787148E-2,-2.138028294E-2,-2.809980139E-2
7.117887694E0,-5.681046844E-2,-7.330383174E-3,-2.809980139E-2
7.119956848E0,-5.681046844E-2,9.162978269E-3,-2.565634064E-2
7.121991656E0,-6.047565863E-2,1.832595654E-2,-2.748893574E-2
7.124060386E0,-6.780604273E-2,3.665191308E-2,-2.321287990E-2
7.126094733E0,-7.024950534E-2,5.314527452E-2,-2.015855350E-2
7.128163579E0,-7.452555746E-2,6.230825558E-2,-1.954768784E-2
7.130197886E0,-8.368854225E-2,7.696902007E-2,-1.466076635E-2
7.132229771E0,-9.224065393E-2,9.712757170E-2,-9.162978269E-3
7.134308348E0,-1.026253626E-1,1.160643995E-1,-7.941247895E-3
7.136330348E0,-1.081231460E-1,1.233947799E-1,-4.886921961E-3
7.138364771E0,-1.178969890E-1,1.441642046E-1,3.054326167E-3
7.140433771E0,-1.319468915E-1,1.582140923E-1,6.719517522E-3
7.142468579E0,-1.374446750E-1,1.673770845E-1,9.162978269E-3
7.144492809E0,-1.496619880E-1,1.808161139E-1,1.588249579E-2
7.146492848E0,-1.661553532E-1,1.966986060E-1,2.076941915E-2
7.148561194E0,-1.704314053E-1,2.040289938E-1,2.260201424E-2
7.150596463E0,-1.863138974E-1,2.168571651E-1,2.932153270E-2
7.152645694E0,-2.015855312E-1,2.309070677E-1,3.115412779E-2
7.154816309E0,-2.064724565E-1,2.382374406E-1,3.481931984E-2
7.156652848E0,-2.223549485E-1,2.528982162E-1,3.848451003E-2
7.158652271E0,-2.382374406E-1,2.632829249E-1,4.459316283E-2
7.160721579E0,-2.461786866E-1,2.700024247E-1,4.337143153E-2
7.162756309E0,-2.608394623E-1,2.797762752E-1,5.253441259E-2
7.164825002E0,-2.767219543E-1,2.883284092E-1,5.375614017E-2
7.166859848E0,-2.816088796E-1,2.926044464E-1,5.436700583E-2
7.168928079E0,-2.974913716E-1,2.999348342E-1,5.681046844E-2
7.170962771E0,-3.103195429E-1,3.042109013E-1,5.681046844E-2
7.172994271E0,-3.170390725E-1,3.060434759E-1,5.436700583E-2
7.175127848E0,-3.298672438E-1,3.084869385E-1,5.558873713E-2
7.177042425E0,-3.481931984E-1,3.072652221E-1,5.497787148E-2
7.179041232E0,-3.524692357E-1,3.084869385E-1,5.375614017E-2
7.181110271E0,-3.689626157E-1,3.017674387E-1,5.314527452E-2
7.183144617E0,-3.848451078E-1,2.956587672E-1,4.886921868E-2
7.185213617E0,-3.958406746E-1,2.858849466E-1,4.764748737E-2
7.187247655E0,-4.043927789E-1,2.797762752E-1,4.031710699E-2
7.189316617E0,-4.172209501E-1,2.651155293E-1,3.604105115E-2
7.191350848E0,-4.282165468E-1,2.498438805E-1,3.420845419E-2
7.193400078E0,-4.300491214E-1,2.388483137E-1,3.054326214E-2
7.195404155E0,-4.386012554E-1,2.168571651E-1,2.443460934E-2
7.197425425E0,-4.410447180E-1,1.936442852E-1,2.382374369E-2
7.199460001E0,-4.398229718E-1,1.789835095E-1,2.138028294E-2
7.201528578E0,-4.428772926E-1,1.502728462E-1,1.832595654E-2
7.203562309E0,-4.398229718E-1,1.185078546E-1,1.771509275E-2
7.205631655E0,-4.355469346E-1,1.001819000E-1,2.015855350E-2
7.207665771E0,-4.245513380E-1,6.352998316E-2,2.015855350E-2
7.209735155E0,-4.086688459E-1,2.260201424E-2,2.809980139E-2
7.211769001E0,-4.013384581E-1,2.443460980E-3,3.176499158E-2
7.213802771E0,-3.805690408E-1,-3.848451003E-2,4.214970022E-2
7.215881501E0,-3.567453027E-1,-8.002334833E-2,5.497787148E-2
7.217902117E0,-3.414736688E-1,-1.032362282E-1,6.291911751E-2
7.219936309E0,-3.072652221E-1,-1.484402567E-1,8.124507964E-2
7.222005848E0,-2.724458873E-1,-1.887573600E-1,9.896016866E-2
7.224039963E0,-2.333505303E-1,-2.327396572E-1,1.093448773E-1
7.226109117E0,-2.156354338E-1,-2.516764700E-1,1.313360333E-1
7.228143232E0,-1.716531366E-1,-2.889392674E-1,1.563815027E-1
7.230211617E0,-1.264491081E-1,-3.237585723E-1,1.808161139E-1
7.232246386E0,-1.032362282E-1,-3.402519524E-1,1.948660165E-1
7.234360924E0,-5.314527452E-2,-3.622430861E-1,2.211332172E-1
7.236454040E0,-2.443460980E-3,-3.787364662E-1,2.467895597E-1
7.238368809E0,1.954768784E-2,-3.842342496E-1,2.632829249E-1
7.240368655E0,7.269296050E-2,-3.842342496E-1,2.926044464E-1
7.242438232E0,1.282816976E-1,-3.750712574E-1,3.188716471E-1
7.244472424E0,1.514945775E-1,-3.677408695E-1,3.371976018E-1
7.246542155E0,2.070833147E-1,-3.414736688E-1,3.671300113E-1
7.248577117E0,2.602286041E-1,-2.962696552E-1,3.909537494E-1
7.250646809E0,2.852740586E-1,-2.730567753E-1,4.019493461E-1
7.252681040E0,3.329215646E-1,-2.070833147E-1,4.263839424E-1
7.254697732E0,3.799581826E-1,-1.282816976E-1,4.434881806E-1
7.256830309E0,4.214970171E-1,-3.787364438E-2,4.593706727E-1
7.258744309E0,4.434881806E-1,1.160643995E-2,4.654793143E-1
7.260744770E0,4.807509482E-1,1.148426682E-1,4.728097022E-1
7.262813386E0,4.966334403E-1,1.710422635E-1,4.715879560E-1
7.264847732E0,5.283984542E-1,2.828305960E-1,4.703662395E-1
7.266916578E0,5.510004759E-1,3.927863538E-1,4.654793143E-1
7.268951078E0,5.711590052E-1,5.015203953E-1,4.612032473E-1
7.271021117E0,5.797111392E-1,5.546656251E-1,4.557054639E-1
7.273055270E0,5.894849896E-1,6.536257863E-1,4.465425014E-1
7.275115540E0,5.925393105E-1,7.446447611E-1,4.361577928E-1
7.277117770E0,5.919284225E-1,7.867944241E-1,4.282165468E-1
7.279139424E0,5.833762884E-1,8.588765264E-1,4.086688459E-1
7.281173886E0,5.656611919E-1,9.230173826E-1,3.927863538E-1
7.283242270E0,5.564982295E-1,9.468411207E-1,3.872885704E-1
7.285276078E0,5.277875662E-1,9.883799553E-1,3.585779071E-1
7.287345617E0,4.905247986E-1,1.014647126E0,3.353650272E-1
7.289379309E0,4.728097022E-1,1.023199320E0,3.176499307E-1
7.291448540E0,4.269948006E-1,1.024420977E0,2.840523422E-1
7.293481463E0,3.738495409E-1,1.009149432E0,2.528982162E-1
7.295497040E0,3.414736688E-1,9.957103729E-1,2.376265824E-1
7.297574001E0,2.840523422E-1,9.529497623E-1,1.973094791E-1
7.299594232E0,2.150245607E-1,8.985827565E-1,1.631010175E-1
7.301627924E0,1.783726513E-1,8.662069440E-1,1.472185254E-1
7.303696463E0,1.075122803E-1,7.898487449E-1,1.111774743E-1
7.305730270E0,2.993239649E-2,7.012733221E-1,8.246681094E-2
7.307799078E0,-4.948008433E-2,6.065891981E-1,5.375614017E-2
7.309833155E0,-8.552113175E-2,5.583308339E-1,3.909537569E-2
7.311901809E0,-1.649336219E-1,4.563163519E-1,2.321287990E-2
7.313936732E0,-2.419026345E-1,3.549126983E-1,6.719517522E-3
7.316051963E0,-2.828305960E-1,3.048217595E-1,2.443460980E-3
7.318144616E0,-3.567453027E-1,2.046398520E-1,-3.665191587E-3
7.320060270E0,-4.282165468E-1,1.093448773E-1,-7.330383174E-3
7.322060539E0,-4.642575979E-1,6.536258012E-2,-7.941247895E-3
7.324129116E0,-5.290092826E-1,-1.954768784E-2,-3.665191587E-3
7.326163809E0,-5.870414972E-1,-9.285151958E-2,3.054326167E-3
7.328233193E0,-6.151412725E-1,-1.246165112E-1,7.330383174E-3
7.330267578E0,-6.646214128E-1,-1.820378453E-1,1.832595654E-2
7.332337232E0,-7.104362845E-1,-2.247984111E-1,2.748893574E-2
7.334372270E0,-7.269296646E-1,-2.443460971E-1,3.420845419E-2
7.336398193E0,-7.641924024E-1,-2.681698501E-1,5.009094998E-2
7.338530539E0,-7.929030657E-1,-2.822197378E-1,5.864306539E-2
7.340445809E0,-8.038986921E-1,-2.834414840E-1,6.902777404E-2
7.342445309E0,-8.240572214E-1,-2.779437006E-1,8.674286306E-2
7.344514732E0,-8.381071091E-1,-2.590068579E-1,9.834930301E-2
7.346548693E0,-8.411614299E-1,-2.431243658E-1,1.081231460E-1
7.348618001E0,-8.478809595E-1,-2.040289938E-1,1.252273768E-1
7.350652270E0,-8.478809595E-1,-1.606575549E-1,1.362229437E-1
7.352722155E0,-8.436049223E-1,-1.111774743E-1,1.527163088E-1
7.354756962E0,-8.429940343E-1,-8.552113175E-2,1.618792862E-1
7.356872462E0,-8.356636763E-1,-2.871066704E-2,1.734857261E-1
7.358909924E0,-8.234463334E-1,2.871066704E-2,1.912008226E-1
7.360930809E0,-8.155050874E-1,5.803219974E-2,1.985312104E-1
7.362965693E0,-8.002334833E-1,1.166752651E-1,2.076941878E-1
7.365034270E0,-7.800748944E-1,1.728748679E-1,2.284636050E-1
7.367068732E0,-7.678576112E-1,1.997529417E-1,2.333505303E-1
7.369138155E0,-7.422012687E-1,2.480112910E-1,2.437352389E-1
7.371172847E0,-7.159340382E-1,2.895501256E-1,2.596177161E-1
7.373241924E0,-7.012733221E-1,3.078760803E-1,2.626720667E-1
7.375276116E0,-6.701191664E-1,3.335324228E-1,2.730567753E-1
7.377298655E0,-6.365215778E-1,3.481931984E-1,2.822197378E-1
7.379376616E0,-6.041457057E-1,3.506366611E-1,2.834414840E-1
7.381397347E0,-5.852088928E-1,3.469714522E-1,2.840523422E-1
7.383431308E0,-5.510004759E-1,3.329215646E-1,2.889392674E-1
7.385499655E0,-5.131267905E-1,3.072652221E-1,2.840523422E-1
7.387534155E0,-4.923573732E-1,2.938261926E-1,2.809980214E-1
7.389558155E0,-4.544837475E-1,2.571742535E-1,2.797762752E-1
7.391558078E0,-4.141666293E-1,2.089159191E-1,2.657263875E-1
7.393627578E0,-3.964515328E-1,1.826487035E-1,2.608394623E-1
7.395662424E0,-3.549126983E-1,1.295034289E-1,2.455678284E-1
7.397778308E0,-3.133738637E-1,7.330382615E-2,2.254092693E-1
7.399948347E0,-2.956587672E-1,4.276056588E-2,2.156354338E-1
7.401819539E0,-2.565633953E-1,-1.832595654E-2,1.960877478E-1
7.403819116E0,-2.180788964E-1,-8.185594529E-2,1.673770845E-1
7.405888924E0,-1.966986060E-1,-1.130100712E-1,1.545489132E-1
7.407938424E0,-1.588249654E-1,-1.716531366E-1,1.276708394E-1
7.409993116E0,-1.178969890E-1,-2.278527319E-1,9.712757170E-2
7.412027924E0,-9.834930301E-2,-2.535090744E-1,8.613199741E-2
7.414097078E0,-5.619960278E-2,-3.036000133E-1,5.742133409E-2
7.416131962E0,-1.466076635E-2,-3.500257730E-1,2.504547499E-2
7.418155154E0,3.054326167E-3,-3.720169365E-1,7.330383174E-3
7.420287847E0,4.214970022E-2,-4.141666293E-1,-1.771509275E-2
7.422203078E0,8.002334833E-2,-4.495968223E-1,-5.375614017E-2
7.424203501E0,1.014036313E-1,-4.667010605E-1,-7.086037099E-2
7.426272270E0,1.386664063E-1,-4.984660447E-1,-1.001819000E-1
7.428306924E0,1.765400618E-1,-5.241223574E-1,-1.386664063E-1
7.430375578E0,2.162462920E-1,-5.448917747E-1,-1.765400618E-1
7.432410154E0,2.364048511E-1,-5.528330207E-1,-1.942551434E-1
7.434479578E0,2.730567753E-1,-5.626068711E-1,-2.339613885E-1
7.436513847E0,3.133738637E-1,-5.674937963E-1,-2.767219543E-1
7.438574731E0,3.323107064E-1,-5.674937963E-1,-2.932153046E-1
7.440577347E0,3.671300113E-1,-5.626068711E-1,-3.316998184E-1
7.442599501E0,4.037819207E-1,-5.528330207E-1,-3.665191531E-1
7.444634539E0,4.245513380E-1,-5.442809463E-1,-3.854559660E-1
7.446703616E0,4.599815309E-1,-5.265658498E-1,-4.184426963E-1
7.448738116E0,4.941899776E-1,-5.100724697E-1,-4.495968223E-1
7.450807693E0,5.112941861E-1,-4.972442985E-1,-4.624249935E-1
7.452842347E0,5.442809463E-1,-4.728097022E-1,-4.923573732E-1
7.454911193E0,5.729916096E-1,-4.440990388E-1,-5.076290369E-1
7.456946077E0,5.894849896E-1,-4.282165468E-1,-5.210680366E-1
7.458963039E0,6.157521605E-1,-3.958406746E-1,-5.381723046E-1
7.461042154E0,6.407976151E-1,-3.659082949E-1,-5.491678715E-1
7.463063039E0,6.688974500E-1,-3.310889602E-1,-5.619960427E-1
7.465097308E0,6.811147332E-1,-3.164281845E-1,-5.668829679E-1
7.467166154E0,7.024950385E-1,-2.791654170E-1,-5.760459304E-1
7.469200270E0,7.269296646E-1,-2.394591719E-1,-5.833762884E-1
7.471268385E0,7.360926270E-1,-2.199114859E-1,-5.797111392E-1
7.473302693E0,7.544185519E-1,-1.747074574E-1,-5.833762884E-1
7.475371039E0,7.721336484E-1,-1.276708394E-1,-5.852088928E-1
7.477405654E0,7.812966704E-1,-1.014036313E-1,-5.833762884E-1
7.479520539E0,7.965682745E-1,-5.314527452E-2,-5.809328556E-1
7.481612000E0,8.100073338E-1,-3.665191587E-3,-5.784893632E-1
7.483526808E0,8.167268038E-1,1.832595654E-2,-5.742133260E-1
7.485525770E0,8.258898258E-1,6.658431143E-2,-5.717698932E-1
7.487594308E0,8.344419003E-1,1.075122803E-1,-5.656611919E-1
7.489627885E0,8.387179971E-1,1.258382350E-1,-5.613851547E-1
7.491696654E0,8.436049223E-1,1.582140923E-1,-5.552765131E-1
7.493730385E0,8.484918475E-1,1.844813079E-1,-5.461135507E-1
7.495798577E0,8.497135639E-1,1.966986060E-1,-5.412266254E-1
7.497832731E0,8.515461683E-1,2.156354338E-1,-5.369505286E-1
7.499850923E0,8.533787727E-1,2.327396572E-1,-5.302310586E-1
7.501983000E0,8.503243923E-1,2.443460971E-1,-5.222898126E-1
7.503897270E0,8.491026759E-1,2.474004179E-1,-5.210680366E-1
7.505897423E0,8.417723179E-1,2.522873580E-1,-5.051855445E-1
7.507965770E0,8.344419003E-1,2.510656118E-1,-4.996877611E-1
7.510000116E0,8.289441466E-1,2.492330223E-1,-4.954117239E-1
7.512068539E0,8.167268038E-1,2.394591719E-1,-4.783074856E-1
7.514103077E0,8.026769161E-1,2.266310006E-1,-4.697553813E-1
7.516171116E0,7.947356701E-1,2.193006277E-1,-4.673119187E-1
7.518205154E0,7.788531780E-1,2.015855312E-1,-4.502076805E-1
7.520320269E0,7.593054771E-1,1.875356287E-1,-4.404338300E-1
7.522358000E0,7.519751191E-1,1.789835095E-1,-4.361577928E-1
7.524378616E0,7.287622094E-1,1.612684280E-1,-4.184426963E-1
7.526412769E0,7.055493593E-1,1.423316002E-1,-4.050036669E-1
7.528481577E0,6.927211881E-1,1.301143020E-1,-3.976732790E-1
7.530515808E0,6.701191664E-1,1.111774743E-1,-3.744603992E-1
7.532584846E0,6.426302195E-1,8.796459436E-2,-3.567453027E-1
7.534619308E0,6.346889734E-1,7.635815442E-2,-3.488040566E-1
7.536687385E0,6.102544069E-1,5.375614017E-2,-3.255911767E-1
7.538721885E0,5.888741016E-1,2.993239649E-2,-3.042109013E-1
7.540737192E0,5.619960427E-1,9.162978269E-3,-2.852740586E-1
7.542815385E0,5.503895879E-1,-2.443460980E-3,-2.748893499E-1
7.544836769E0,5.241223574E-1,-2.687807009E-2,-2.553416789E-1
7.546870423E0,4.984660447E-1,-5.375614017E-2,-2.388483137E-1
7.548938692E0,4.856378734E-1,-6.719517708E-2,-2.284636050E-1
7.550972692E0,4.605923891E-1,-9.346238524E-2,-2.113593817E-1
7.553041269E0,4.355469346E-1,-1.276708394E-1,-1.979203373E-1
7.555075423E0,4.233296216E-1,-1.429424733E-1,-1.887573600E-1
7.557144154E0,4.001167417E-1,-1.728748679E-1,-1.771509200E-1
7.559178192E0,3.775147200E-1,-2.058615834E-1,-1.612684280E-1
7.561293500E0,3.671300113E-1,-2.205223590E-1,-1.563815027E-1
7.563386154E0,3.439171314E-1,-2.504547536E-1,-1.459967941E-1
7.565300808E0,3.237585723E-1,-2.779437006E-1,-1.350012124E-1
7.567299923E0,3.139847219E-1,-2.901609838E-1,-1.307251602E-1
7.569369192E0,2.962696552E-1,-3.133738637E-1,-1.246165112E-1
7.571403385E0,2.779437006E-1,-3.316998184E-1,-1.148426682E-1
7.573472846E0,2.651155293E-1,-3.512475193E-1,-1.062905490E-1
7.575507692E0,2.583959997E-1,-3.579670191E-1,-1.038470939E-1
7.577576346E0,2.486221492E-1,-3.720169365E-1,-9.712757170E-2
7.579611115E0,2.431243658E-1,-3.824016452E-1,-9.040805697E-2
7.581627269E0,2.394591719E-1,-3.878994286E-1,-9.040805697E-2
7.583759423E0,2.333505303E-1,-3.940080702E-1,-8.063421398E-2
7.585674346E0,2.302961946E-1,-4.001167417E-1,-7.513642311E-2
7.587673923E0,2.284636050E-1,-4.019493461E-1,-7.452555746E-2
7.589742500E0,2.247984111E-1,-4.031710625E-1,-6.658431143E-2
7.591776577E0,2.241875380E-1,-4.019493461E-1,-6.414084882E-2
7.593845269E0,2.229658216E-1,-4.001167417E-1,-5.986479297E-2
7.595880154E0,2.229658216E-1,-3.952298164E-1,-5.681046844E-2
7.597948692E0,2.254092693E-1,-3.866777122E-1,-5.192354694E-2
7.599981961E0,2.229658216E-1,-3.799581826E-1,-5.375614017E-2
7.602049385E0,2.260201424E-1,-3.683517575E-1,-4.886921868E-2
7.604051000E0,2.272418737E-1,-3.536909819E-1,-4.703662544E-2
7.606072731E0,2.309070677E-1,-3.451388776E-1,-4.581489414E-2
7.608106961E0,2.333505303E-1,-3.292563558E-1,-4.703662544E-2
7.610175731E0,2.382374406E-1,-3.127630055E-1,-4.276056588E-2
7.612209654E0,2.406809032E-1,-3.011565804E-1,-4.276056588E-2
7.614278500E0,2.474004179E-1,-2.809980214E-1,-4.642575979E-2
7.616312269E0,2.571742535E-1,-2.577851415E-1,-4.337143153E-2
7.618381500E0,2.559525371E-1,-2.364048511E-1,-4.886921868E-2
7.620415000E0,2.632829249E-1,-2.223549485E-1,-4.642575979E-2
7.622437577E0,2.712241709E-1,-2.003637999E-1,-4.642575979E-2
7.624514808E0,2.761110961E-1,-1.740965992E-1,-5.009094998E-2
7.626536269E0,2.779437006E-1,-1.606575549E-1,-5.009094998E-2
7.628570192E0,2.877175212E-1,-1.325577646E-1,-4.948008433E-2
7.630639231E0,2.932153046E-1,-1.056796908E-1,-5.131268129E-2
7.632672423E0,2.962696552E-1,-8.918632567E-2,-5.131268129E-2
7.634697961E0,3.017674387E-1,-6.169738993E-2,-5.436700583E-2
7.636696808E0,3.066543639E-1,-3.298672289E-2,-5.131268129E-2
7.638765461E0,3.084869385E-1,-1.710422710E-2,-5.131268129E-2
7.640799461E0,3.133738637E-1,1.099557430E-2,-5.009094998E-2
7.642848807E0,3.158173263E-1,4.031710699E-2,-5.558873713E-2
7.645018077E0,3.164281845E-1,5.436700583E-2,-5.558873713E-2
7.646853615E0,3.188716471E-1,8.552113175E-2,-5.558873713E-2
7.648852192E0,3.194825351E-1,1.142318025E-1,-5.558873713E-2
7.650920923E0,3.213151097E-1,1.307251602E-1,-5.681046844E-2
7.652954692E0,3.176499307E-1,1.618792862E-1,-5.558873713E-2
7.655024115E0,3.164281845E-1,1.930334121E-1,-5.436700583E-2
7.657058154E0,3.145956099E-1,2.089159191E-1,-5.436700583E-2
7.659127461E0,3.121521473E-1,2.357939780E-1,-5.558873713E-2
7.661161884E0,3.109304011E-1,2.645046413E-1,-5.497787148E-2
7.663160961E0,3.084869385E-1,2.779437006E-1,-5.253441259E-2
7.665293192E0,3.097086847E-1,3.017674387E-1,-5.070181563E-2
7.667207307E0,3.078760803E-1,3.255911767E-1,-5.131268129E-2
7.669206615E0,3.084869385E-1,3.353650272E-1,-5.131268129E-2
7.671275615E0,3.060434759E-1,3.579670191E-1,-4.764748737E-2
7.673310577E0,3.084869385E-1,3.762930036E-1,-4.764748737E-2
7.675378961E0,3.084869385E-1,3.933972120E-1,-4.520402849E-2
7.677413192E0,3.109304011E-1,4.001167417E-1,-4.092797264E-2
7.679481615E0,3.152064681E-1,4.147774875E-1,-3.787364438E-2
7.681516653E0,3.152064681E-1,4.269948006E-1,-2.809980139E-2
7.683564692E0,3.188716471E-1,4.355469346E-1,-2.321287990E-2
7.685569000E0,3.219259977E-1,4.453207552E-1,-2.076941915E-2
7.687590192E0,3.286454976E-1,4.563163519E-1,-6.719517522E-3
7.689623615E0,3.304781020E-1,4.612032473E-1,-5.497787148E-3
7.691692115E0,3.347541690E-1,4.721988440E-1,2.443460980E-3
7.693726577E0,3.408628106E-1,4.789183438E-1,1.527163107E-2
7.695795461E0,3.457497358E-1,4.807509482E-1,1.832595654E-2
7.697829692E0,3.518583775E-1,4.868595898E-1,3.054326214E-2
7.699898846E0,3.604104817E-1,4.893030524E-1,4.459316283E-2
7.701933307E0,3.622430861E-1,4.905247986E-1,4.886921868E-2
7.703957846E0,3.714060783E-1,4.856378734E-1,6.230825558E-2
7.706035884E0,3.824016452E-1,4.825835526E-1,7.819075137E-2
7.708057576E0,3.854559660E-1,4.807509482E-1,8.185594529E-2
7.710091807E0,3.970624208E-1,4.721988440E-1,9.529497474E-2
7.712160923E0,4.050036669E-1,4.624249935E-1,1.130100712E-1
7.714195461E0,4.117231667E-1,4.587597847E-1,1.185078546E-1
7.716265230E0,4.196644127E-1,4.447098970E-1,1.301143020E-1
7.718299576E0,4.263839424E-1,4.318817258E-1,1.490511149E-1
7.720368692E0,4.379903674E-1,4.166100919E-1,1.624901593E-1
7.722402230E0,4.422664344E-1,4.080579877E-1,1.685988009E-1
7.724518384E0,4.489859641E-1,3.909537494E-1,1.820378453E-1
7.726612846E0,4.550946057E-1,3.671300113E-1,1.985312104E-1
7.728527346E0,4.569272101E-1,3.561344445E-1,2.034181207E-1
7.730526807E0,4.618141353E-1,3.298672438E-1,2.168571651E-1
7.732595653E0,4.691445231E-1,3.036000133E-1,2.266310006E-1
7.734630076E0,4.709770977E-1,2.864958048E-1,2.345722616E-1
7.736698923E0,4.758640230E-1,2.553416789E-1,2.449569702E-1
7.738734115E0,4.813618064E-1,2.247984111E-1,2.522873580E-1
7.740802961E0,4.874704778E-1,2.089159191E-1,2.602286041E-1
7.742836730E0,4.929682612E-1,1.716531366E-1,2.718350291E-1
7.744869422E0,4.996877611E-1,1.398881376E-1,2.785545588E-1
7.747004076E0,5.057964325E-1,1.069014147E-1,2.852740586E-1
7.748909961E0,5.057964325E-1,8.735372871E-2,2.926044464E-1
7.750908922E0,5.119050741E-1,5.619960278E-2,2.987131178E-1
7.752977922E0,5.125159621E-1,4.153883830E-2,3.017674387E-1
7.755011615E0,5.161811113E-1,1.466076635E-2,3.072652221E-1
7.757081307E0,5.161811113E-1,-1.099557430E-2,3.109304011E-1
7.759115384E0,5.143485069E-1,-3.359758854E-2,3.121521473E-1
7.761184269E0,5.131267905E-1,-3.970624134E-2,3.084869385E-1
7.763218499E0,5.064072609E-1,-5.864306539E-2,3.048217595E-1
7.765278845E0,5.009095073E-1,-7.208210230E-2,2.926044464E-1
7.767280384E0,4.954117239E-1,-7.880161703E-2,2.816088796E-1
7.769301884E0,4.813618064E-1,-9.407325089E-2,2.651155293E-1
7.771336038E0,4.679227769E-1,-1.056796908E-1,2.370157093E-1
7.773404307E0,4.593706727E-1,-1.142318025E-1,2.217440903E-1
7.775438845E0,4.404338300E-1,-1.258382350E-1,1.899790913E-1
7.777507653E0,4.221078753E-1,-1.343903542E-1,1.466076523E-1
7.779541961E0,4.159992337E-1,-1.380555481E-1,1.246165112E-1
7.781611153E0,3.976732790E-1,-1.417207420E-1,7.941248268E-2
7.783644653E0,3.732386529E-1,-1.404990107E-1,3.115412779E-2
7.785660307E0,3.671300113E-1,-1.337794960E-1,5.497787148E-3
7.787738230E0,3.500257730E-1,-1.185078546E-1,-4.825835302E-2
7.789759192E0,3.310889602E-1,-9.346238524E-2,-9.834930301E-2
7.791793422E0,3.200933933E-1,-7.941248268E-2,-1.215621829E-1
7.793861653E0,3.054326177E-1,-4.031710699E-2,-1.710422635E-1
7.795895422E0,2.889392674E-1,5.497787148E-3,-2.150245607E-1
7.797963692E0,2.761110961E-1,5.436700583E-2,-2.535090744E-1
7.799997653E0,2.693915665E-1,8.185594529E-2,-2.712241709E-1
7.802066422E0,2.614503205E-1,1.411098689E-1,-3.011565804E-1
7.804100268E0,2.516764700E-1,1.991420686E-1,-3.225368559E-1
7.806215845E0,2.461786866E-1,2.302961946E-1,-3.304781020E-1
7.808308961E0,2.419026345E-1,2.932153046E-1,-3.439171314E-1
7.810224153E0,2.376265824E-1,3.543018401E-1,-3.500257730E-1
7.812223807E0,2.370157093E-1,3.830125034E-1,-3.500257730E-1
7.814292153E0,2.364048511E-1,4.428772926E-1,-3.469714522E-1
7.816340576E0,2.364048511E-1,4.941899776E-1,-3.359758854E-1
7.818393461E0,2.419026345E-1,5.192354321E-1,-3.292563558E-1
7.820428076E0,2.449569702E-1,5.601634383E-1,-3.103195429E-1
7.822496345E0,2.498438805E-1,5.992587805E-1,-2.858849466E-1
7.824530614E0,2.571742535E-1,6.114761233E-1,-2.687807083E-1
7.826546922E0,2.675589919E-1,6.401867867E-1,-2.394591719E-1
7.828679230E0,2.785545588E-1,6.621779203E-1,-2.083050460E-1
7.830593268E0,2.828305960E-1,6.652322412E-1,-1.881465018E-1
7.832592268E0,2.932153046E-1,6.701191664E-1,-1.490511149E-1
7.834661384E0,3.011565804E-1,6.566801667E-1,-1.099557430E-1
7.836695538E0,3.042109013E-1,6.462954283E-1,-9.040805697E-2
7.838763884E0,3.066543639E-1,6.108652353E-1,-5.314527452E-2
7.840798268E0,3.060434759E-1,5.619960427E-1,-2.015855350E-2
7.842867037E0,2.987131178E-1,4.960225821E-1,1.649336144E-2
7.844901076E0,2.932153046E-1,4.612032473E-1,2.932153270E-2
7.847016691E0,2.767219543E-1,3.769038618E-1,5.619960278E-2
7.849054845E0,2.571742535E-1,2.840523422E-1,8.002334833E-2
7.851076345E0,2.486221492E-1,2.333505303E-1,8.613199741E-2
7.853110345E0,2.199114859E-1,1.246165112E-1,9.896016866E-2
7.855179268E0,1.942551434E-1,9.162978269E-3,1.044579595E-1
7.857213076E0,1.808161139E-1,-4.825835302E-2,1.026253626E-1
7.859280922E0,1.527163088E-1,-1.643227488E-1,9.590584040E-2
7.861314691E0,1.203404516E-1,-2.779437006E-1,8.246681094E-2
7.863384114E0,1.056796908E-1,-3.341432810E-1,7.391469181E-2
7.865417499E0,7.452555746E-2,-4.367686510E-1,4.703662544E-2
7.867434922E0,4.276056588E-2,-5.277875662E-1,1.466076635E-2
7.869481845E0,2.443460934E-2,-5.681046844E-1,0.000000000E0
7.871503114E0,-9.162978269E-3,-6.365215778E-1,-4.520402849E-2
7.873537345E0,-4.153883830E-2,-6.878342628E-1,-9.468411654E-2
7.875605114E0,-7.513642311E-2,-7.208209634E-1,-1.514945775E-1
7.877639576E0,-9.529497474E-2,-7.305948138E-1,-1.808161139E-1
7.879664037E0,-1.325577646E-1,-7.379252315E-1,-2.412917763E-1
7.881663307E0,-1.655444801E-1,-7.281513810E-1,-3.109304011E-1
7.883732460E0,-1.844813079E-1,-7.165449262E-1,-3.433062732E-1
7.885767037E0,-2.168571651E-1,-6.853908300E-1,-4.147774875E-1
7.887881807E0,-2.425135076E-1,-6.383541822E-1,-4.941899776E-1
7.890051614E0,-2.590068579E-1,-6.102544069E-1,-5.283984542E-1
7.891921999E0,-2.816088796E-1,-5.510004759E-1,-5.986479521E-1
7.893921576E0,-2.993239760E-1,-4.862487316E-1,-6.725626588E-1
7.895990383E0,-3.109304011E-1,-4.538728893E-1,-7.037167549E-1
7.898023499E0,-3.219259977E-1,-3.872885704E-1,-7.660250068E-1
7.900093422E0,-3.304781020E-1,-3.188716471E-1,-8.271115422E-1
7.902125806E0,-3.329215646E-1,-2.846632004E-1,-8.527678847E-1
7.904194114E0,-3.335324228E-1,-2.180788964E-1,-8.998045325E-1
7.906228960E0,-3.286454976E-1,-1.496619880E-1,-9.450085163E-1
7.908246076E0,-3.280346394E-1,-1.178969890E-1,-9.590584636E-1
7.910378922E0,-3.200933933E-1,-5.192354694E-2,-9.828822017E-1
7.912293230E0,-3.060434759E-1,1.221730467E-2,-9.938777685E-1
7.914292883E0,-2.987131178E-1,4.642575979E-2,-9.999864101E-1
7.916361499E0,-2.834414840E-1,1.093448773E-1,-9.932668805E-1
7.918395614E0,-2.669481039E-1,1.777617931E-1,-9.834930301E-1
7.920464422E0,-2.504547536E-1,2.425135076E-1,-9.615018964E-1
7.922498460E0,-2.406809032E-1,2.742784917E-1,-9.511171579E-1
7.924567422E0,-2.193006277E-1,3.371976018E-1,-9.242390990E-1
7.926601691E0,-1.960877478E-1,3.982841372E-1,-8.900306821E-1
7.928662768E0,-1.844813079E-1,4.300491214E-1,-8.747590184E-1
7.930664614E0,-1.594358236E-1,4.862487316E-1,-8.356636763E-1
7.932686114E0,-1.331686229E-1,5.387831330E-1,-7.935139537E-1
7.934720153E0,-1.172861308E-1,5.607742667E-1,-7.721336484E-1
7.936788999E0,-8.613199741E-2,6.041457057E-1,-7.244861722E-1
7.938823460E0,-5.558873713E-2,6.389650702E-1,-6.756169796E-1
7.940891652E0,-3.665191308E-2,6.542366743E-1,-6.536257863E-1
7.942926037E0,3.054326167E-3,6.768386960E-1,-6.072000265E-1
7.944995268E0,4.092797264E-2,6.957755089E-1,-5.528330207E-1
7.947028499E0,6.047565863E-2,7.012733221E-1,-5.265658498E-1
7.949046960E0,9.896016866E-2,7.134906054E-1,-4.819726646E-1
7.951125152E0,1.392772794E-1,7.183775306E-1,-4.282165468E-1
7.953146268E0,1.569923609E-1,7.189884186E-1,-3.995058835E-1
7.955180768E0,1.954768747E-1,7.141014934E-1,-3.488040566E-1
7.957249422E0,2.284636050E-1,7.043276429E-1,-2.968805134E-1
7.959283383E0,2.626720667E-1,6.982190013E-1,-2.718350291E-1
7.961352191E0,2.748893499E-1,6.829473376E-1,-2.199114859E-1
7.963386537E0,3.042109013E-1,6.658431292E-1,-1.704314053E-1
7.965455422E0,3.286454976E-1,6.450737119E-1,-1.215621829E-1
7.967489499E0,3.420845270E-1,6.316346526E-1,-9.957103431E-2
7.969604729E0,3.640756905E-1,6.041457057E-1,-5.986479297E-2
7.971696845E0,3.830125034E-1,5.717698932E-1,-1.527163107E-2
7.973610460E0,3.927863538E-1,5.528330207E-1,1.832595794E-3
7.975609922E0,4.105014503E-1,5.137376785E-1,3.420845419E-2
7.977679268E0,4.245513380E-1,4.667010605E-1,6.536258012E-2
7.979713460E0,4.294382632E-1,4.447098970E-1,7.941248268E-2
7.981782768E0,4.440990388E-1,3.946189582E-1,1.014036313E-1
7.983817652E0,4.532620013E-1,3.396410644E-1,1.185078546E-1
7.985886575E0,4.618141353E-1,3.121521473E-1,1.276708394E-1
7.987920229E0,4.673119187E-1,2.498438805E-1,1.362229437E-1
7.989936037E0,4.740314186E-1,1.899790913E-1,1.435533315E-1
7.992067614E0,4.789183438E-1,1.301143020E-1,1.435533315E-1
7.993982191E0,4.783074856E-1,9.834930301E-2,1.417207420E-1
7.995980306E0,4.789183438E-1,3.970624134E-2,1.417207420E-1
7.998049383E0,4.770857692E-1,9.162978269E-3,1.380555481E-1
8.000083229E0,4.758640230E-1,-5.009094998E-2,1.233947799E-1
8.002151691E0,4.746423066E-1,-1.050688252E-1,1.148426682E-1
8.004186460E0,4.654793143E-1,-1.557706445E-1,9.896016866E-2
8.006255460E0,4.642575979E-1,-1.826487035E-1,8.979719132E-2
8.008289883E0,4.587597847E-1,-2.284636050E-1,7.330382615E-2
8.010405268E0,4.502076805E-1,-2.693915665E-1,5.375614017E-2
8.012443345E0,4.465425014E-1,-2.913827300E-1,4.459316283E-2
8.014464498E0,4.398229718E-1,-3.310889602E-1,2.809980139E-2
8.016498614E0,4.324925840E-1,-3.671300113E-1,4.886921961E-3
8.018567075E0,4.282165468E-1,-3.866777122E-1,-8.552113548E-3
8.020601191E0,4.147774875E-1,-4.190535545E-1,-1.893682219E-2
8.022670344E0,4.031710625E-1,-4.502076805E-1,-4.398229718E-2
8.024704691E0,3.958406746E-1,-4.660901725E-1,-5.131268129E-2
8.026773729E0,3.824016452E-1,-4.960225821E-1,-6.352998316E-2
8.028808421E0,3.640756905E-1,-5.204572082E-1,-7.696902007E-2
8.030831575E0,3.518583775E-1,-5.320636034E-1,-8.307767659E-2
8.032909383E0,3.323107064E-1,-5.540547967E-1,-8.735372871E-2
8.034930883E0,3.072652221E-1,-5.705481172E-1,-9.224065393E-2
8.036965652E0,2.779437006E-1,-5.839871764E-1,-9.407325089E-2
8.039034344E0,2.669481039E-1,-5.882632136E-1,-9.162978828E-2
8.041069575E0,2.370157093E-1,-5.888741016E-1,-9.468411654E-2
8.043138883E0,2.064724565E-1,-5.882632136E-1,-9.040805697E-2
8.045173691E0,1.887573600E-1,-5.852088928E-1,-8.429940045E-2
8.047242114E0,1.576032341E-1,-5.784893632E-1,-7.941248268E-2
8.049276691E0,1.191187203E-1,-5.687155724E-1,-7.147123665E-2
8.051391537E0,1.014036313E-1,-5.638286471E-1,-6.597344577E-2
8.053483844E0,6.475171447E-2,-5.540547967E-1,-5.681046844E-2
8.055398767E0,2.199114859E-2,-5.442809463E-1,-4.398229718E-2
8.057398652E0,6.108652451E-4,-5.375614166E-1,-3.909537569E-2
8.059467844E0,-4.703662544E-2,-5.277875662E-1,-2.565634064E-2
8.061502460E0,-9.651670605E-2,-5.131267905E-1,-1.038470957E-2
8.063571614E0,-1.191187203E-1,-5.082398653E-1,-4.276056774E-3
8.065605844E0,-1.747074574E-1,-4.941899776E-1,9.162978269E-3
8.067674921E0,-2.290744632E-1,-4.770857692E-1,2.748893574E-2
8.069709190E0,-2.858849466E-1,-4.563163519E-1,3.909537569E-2
8.071725652E0,-3.182607889E-1,-4.447098970E-1,4.948008433E-2
8.073857421E0,-3.799581826E-1,-4.202753007E-1,6.719517708E-2
8.075771806E0,-4.422664344E-1,-3.903428912E-1,8.491026610E-2
8.077771421E0,-4.752531648E-1,-3.714060783E-1,9.529497474E-2
8.079839960E0,-5.412266254E-1,-3.353650272E-1,1.172861308E-1
8.081875729E0,-6.065891981E-1,-2.895501256E-1,1.411098689E-1
8.083943383E0,-6.389650702E-1,-2.638937831E-1,1.502728462E-1
8.085978229E0,-7.049384713E-1,-2.083050460E-1,1.777617931E-1
8.088046267E0,-7.690793276E-1,-1.478293836E-1,2.076941878E-1
8.090080998E0,-8.008443117E-1,-1.172861308E-1,2.235766798E-1
8.092140960E0,-8.600982428E-1,-4.825835302E-2,2.528982162E-1
8.094142383E0,-9.187413454E-1,1.832595654E-2,2.883284092E-1
8.096163806E0,-9.486737251E-1,5.314527452E-2,3.048217595E-1
8.098197344E0,-9.969320893E-1,1.270599663E-1,3.353650272E-1
8.100265806E0,-1.048855662E0,1.954768747E-1,3.695734739E-1
8.102299383E0,-1.067181587E0,2.309070677E-1,3.830125034E-1
8.104367536E0,-1.110553026E0,2.962696552E-1,4.147774875E-1
8.106401844E0,-1.145372391E0,3.555235863E-1,4.453207552E-1
8.108470190E0,-1.164309144E0,3.848451078E-1,4.599815309E-1
8.110504498E0,-1.193630695E0,4.343251884E-1,4.801400900E-1
8.112519998E0,-1.218676209E0,4.807509482E-1,5.039638281E-1
8.114597806E0,-1.236391306E0,5.155702829E-1,5.198463202E-1
8.116618421E0,-1.243721604E0,5.320636034E-1,5.302310586E-1
8.118652306E0,-1.254717231E0,5.546656251E-1,5.418374538E-1
8.120721190E0,-1.262658477E0,5.711590052E-1,5.516113043E-1
8.122755229E0,-1.263880134E0,5.766568184E-1,5.558874011E-1
8.124780229E0,-1.262658477E0,5.833762884E-1,5.558874011E-1
8.126779498E0,-1.254717231E0,5.827654600E-1,5.552765131E-1
8.128848190E0,-1.246775985E0,5.784893632E-1,5.522221923E-1
8.130881306E0,-1.235169530E0,5.693264008E-1,5.497786999E-1
8.132996383E0,-1.213789225E0,5.534439087E-1,5.448917747E-1
8.135166152E0,-1.203404546E0,5.412266254E-1,5.418374538E-1
8.137036344E0,-1.176526427E0,5.143485069E-1,5.393940210E-1
8.139035344E0,-1.148426652E0,4.825835526E-1,5.308418870E-1
8.141104344E0,-1.130100727E0,4.642575979E-1,5.277875662E-1
8.143138267E0,-1.097113967E0,4.245513380E-1,5.247332454E-1
8.145206959E0,-1.056185961E0,3.817907870E-1,5.192354321E-1
8.147241575E0,-1.040914416E0,3.597996235E-1,5.180137157E-1
8.149310306E0,-9.957103729E-1,3.127630055E-1,5.119050741E-1
8.151344882E0,-9.523389339E-1,2.626720667E-1,5.070181489E-1
8.153360767E0,-9.303477407E-1,2.370157093E-1,5.082398653E-1
8.155493113E0,-8.839219809E-1,1.869247705E-1,5.045747161E-1
8.157407190E0,-8.362745047E-1,1.325577646E-1,4.966334403E-1
8.159406575E0,-8.112290502E-1,1.020144969E-1,4.929682612E-1
8.161475459E0,-7.617489696E-1,4.398229718E-2,4.905247986E-1
8.163509882E0,-7.104362845E-1,-1.160643995E-2,4.783074856E-1
8.165578459E0,-6.615670323E-1,-6.841690838E-2,4.728097022E-1
8.167613190E0,-6.346889734E-1,-9.957103431E-2,4.667010605E-1
8.169682382E0,-5.809328556E-1,-1.539380401E-1,4.581489265E-1
8.171716344E0,-5.320636034E-1,-2.089159191E-1,4.465425014E-1
8.173831882E0,-5.070181489E-1,-2.364048511E-1,4.392121136E-1
8.175870152E0,-4.557054639E-1,-2.889392674E-1,4.282165468E-1
8.177891729E0,-4.050036669E-1,-3.390302062E-1,4.141666293E-1
8.179926498E0,-3.824016452E-1,-3.634648323E-1,4.007275999E-1
8.181994382E0,-3.359758854E-1,-4.129449129E-1,3.866777122E-1
8.184028152E0,-2.919935882E-1,-4.624249935E-1,3.652974069E-1
8.186096882E0,-2.693915665E-1,-4.813618064E-1,3.573561609E-1
8.188131690E0,-2.272418737E-1,-5.241223574E-1,3.365867436E-1
8.190200959E0,-1.887573600E-1,-5.626068711E-1,3.115412891E-1
8.192234844E0,-1.502728462E-1,-5.949827433E-1,3.005456924E-1
8.194257652E0,-1.331686229E-1,-6.096435189E-1,2.736676335E-1
8.196335921E0,-1.020144969E-1,-6.298020482E-1,2.480112910E-1
8.198357113E0,-7.574728876E-2,-6.462954283E-1,2.260201424E-1
8.200391190E0,-5.803219974E-2,-6.499606371E-1,2.089159191E-1
8.202460267E0,-3.543018550E-2,-6.499606371E-1,1.826487035E-1
8.204494575E0,-1.282817032E-2,-6.481280327E-1,1.612684280E-1
8.206563767E0,-4.886921961E-3,-6.426302195E-1,1.472185254E-1
8.208597998E0,1.343903504E-2,-6.285803318E-1,1.252273768E-1
8.210667190E0,2.443460934E-2,-6.072000265E-1,1.062905490E-1
8.212701267E0,3.237585723E-2,-5.931501389E-1,9.712757170E-2
8.214816805E0,3.848451003E-2,-5.693264008E-1,7.757988572E-2
8.216909536E0,4.337143153E-2,-5.412266254E-1,6.047565863E-2
8.218824498E0,4.276056588E-2,-5.247332454E-1,5.131268129E-2
8.220824382E0,4.703662544E-2,-4.911356568E-1,3.726277873E-2
8.222892805E0,4.398229718E-2,-4.557054639E-1,2.687807009E-2
8.224942421E0,4.214970022E-2,-4.392121136E-1,1.954768784E-2
8.226995844E0,3.726277873E-2,-3.958406746E-1,1.160643995E-2
8.229030459E0,3.115412779E-2,-3.530801237E-1,5.497787148E-3
8.231098959E0,2.443460934E-2,-3.109304011E-1,-1.832595794E-3
8.233132767E0,1.893682219E-2,-2.907718420E-1,-3.665191587E-3
8.235154844E0,8.552113548E-3,-2.467895597E-1,-6.108652335E-3
8.237286959E0,-4.276056774E-3,-2.046398520E-1,-8.552113548E-3
8.239201498E0,-7.941247895E-3,-1.814269722E-1,-7.941247895E-3
8.241200536E0,-2.199114859E-2,-1.343903542E-1,-4.886921961E-3
8.243269344E0,-3.604105115E-2,-8.613199741E-2,1.221730490E-3
8.245303459E0,-4.581489414E-2,-6.414084882E-2,7.330383174E-3
8.247371959E0,-5.986479297E-2,-2.504547499E-2,1.771509275E-2
8.249406344E0,-7.452555746E-2,2.443460980E-3,2.871066704E-2
8.251475305E0,-8.674286306E-2,1.160643995E-2,3.420845419E-2
8.253508728E0,-1.050688252E-1,2.076941915E-2,4.948008433E-2
8.255576151E0,-1.264491081E-1,2.626720630E-2,6.169738993E-2
8.257577844E0,-1.386664063E-1,2.809980139E-2,6.780604273E-2
8.259598113E0,-1.624901593E-1,3.237585723E-2,8.857546002E-2
8.261631959E0,-1.844813079E-1,4.153883830E-2,9.957103431E-2
8.263700036E0,-1.985312104E-1,4.764748737E-2,1.111774743E-1
8.265733767E0,-2.211332172E-1,6.230825558E-2,1.288925707E-1
8.267802651E0,-2.461786866E-1,8.185594529E-2,1.392772794E-1
8.269836574E0,-2.614503205E-1,8.857546002E-2,1.478293836E-1
8.271904267E0,-2.858849466E-1,1.044579595E-1,1.569923609E-1
8.273939113E0,-3.145956099E-1,1.154535338E-1,1.649336219E-1
8.275962305E0,-3.445279896E-1,1.246165112E-1,1.704314053E-1
8.278040267E0,-3.591887653E-1,1.288925707E-1,1.728748679E-1
8.280061382E0,-3.878994286E-1,1.331686229E-1,1.722639948E-1
8.282095459E0,-4.135557711E-1,1.386664063E-1,1.679879427E-1
8.284163920E0,-4.276056588E-1,1.423316002E-1,1.685988009E-1
8.286197997E0,-4.526511431E-1,1.423316002E-1,1.588249654E-1
8.288265843E0,-4.795292318E-1,1.380555481E-1,1.533271819E-1
8.290300036E0,-4.905247986E-1,1.380555481E-1,1.466076523E-1
8.292369113E0,-5.125159621E-1,1.301143020E-1,1.319468915E-1
8.294402920E0,-5.375614166E-1,1.276708394E-1,1.240056455E-1
8.296452343E0,-5.473352671E-1,1.233947799E-1,1.154535338E-1
8.298545036E0,-5.693264008E-1,1.185078546E-1,9.590584040E-2
8.300450420E0,-5.839871764E-1,1.136209369E-1,8.063421398E-2
8.302449997E0,-5.894849896E-1,1.136209369E-1,7.147123665E-2
8.304519613E0,-6.059783101E-1,1.105666086E-1,5.009094998E-2
8.306554613E0,-6.206390858E-1,1.050688252E-1,3.665191308E-2
8.308624574E0,-6.236934066E-1,1.032362282E-1,2.565634064E-2
8.310659536E0,-6.377432942E-1,1.032362282E-1,6.108652335E-3
8.312728882E0,-6.456845403E-1,1.026253626E-1,-9.773843922E-3
8.314763651E0,-6.505714655E-1,1.050688252E-1,-1.771509275E-2
8.316791113E0,-6.579018831E-1,1.075122803E-1,-3.787364438E-2
8.318925343E0,-6.627888083E-1,1.136209369E-1,-5.009094998E-2
8.320840651E0,-6.646214128E-1,1.160643995E-1,-5.803219974E-2
8.322840497E0,-6.682865620E-1,1.252273768E-1,-7.696902007E-2
8.324909689E0,-6.688974500E-1,1.368338168E-1,-8.613199741E-2
8.326943728E0,-6.646214128E-1,1.466076523E-1,-9.957103431E-2
8.329012382E0,-6.652322412E-1,1.527163088E-1,-1.062905490E-1
8.331046959E0,-6.633996367E-1,1.631010175E-1,-1.142318025E-1
8.333115613E0,-6.566801667E-1,1.716531366E-1,-1.288925707E-1
8.335149920E0,-6.524040699E-1,1.740965992E-1,-1.356120855E-1
8.337265074E0,-6.481280327E-1,1.765400618E-1,-1.423316002E-1
8.339303536E0,-6.389650702E-1,1.789835095E-1,-1.545489132E-1
8.341325074E0,-6.334672570E-1,1.777617931E-1,-1.600466967E-1
8.343358882E0,-6.236934066E-1,1.789835095E-1,-1.631010175E-1
8.345427612E0,-6.090326309E-1,1.753183305E-1,-1.753183305E-1
8.347461882E0,-6.078109145E-1,1.698205322E-1,-1.759291887E-1
8.349530497E0,-5.919284225E-1,1.649336219E-1,-1.795943826E-1
8.351564997E0,-5.742133260E-1,1.545489132E-1,-1.863138974E-1
8.353634112E0,-5.595525503E-1,1.423316002E-1,-1.850921661E-1
8.355668536E0,-5.503895879E-1,1.362229437E-1,-1.838704348E-1
8.357693459E0,-5.326744914E-1,1.246165112E-1,-1.832595766E-1
8.359771228E0,-5.137376785E-1,1.105666086E-1,-1.795943826E-1
8.361792805E0,-5.039638281E-1,1.038470939E-1,-1.740965992E-1
8.363827420E0,-4.801400900E-1,8.796459436E-2,-1.716531366E-1
8.365897151E0,-4.587597847E-1,7.147123665E-2,-1.600466967E-1
8.367931766E0,-4.447098970E-1,6.475171447E-2,-1.569923609E-1
8.369955805E0,-4.172209501E-1,4.642575979E-2,-1.496619880E-1
8.371955420E0,-3.915646076E-1,2.748893574E-2,-1.343903542E-1
8.374024151E0,-3.762930036E-1,1.954768784E-2,-1.282816976E-1
8.376058112E0,-3.463605940E-1,1.221730490E-3,-1.154535338E-1
8.378107459E0,-3.133738637E-1,-1.710422710E-2,-1.014036313E-1
8.380277497E0,-2.981022298E-1,-2.626720630E-2,-9.346238524E-2
8.382113497E0,-2.638937831E-1,-4.092797264E-2,-8.185594529E-2
8.384112958E0,-2.333505303E-1,-5.986479297E-2,-6.475171447E-2
8.386183382E0,-2.162462920E-1,-6.841690838E-2,-5.619960278E-2
8.388216189E0,-1.808161139E-1,-8.674286306E-2,-4.337143153E-2
8.390285035E0,-1.508837193E-1,-1.044579595E-1,-2.443460934E-2
8.392319382E0,-1.350012124E-1,-1.148426682E-1,-1.588249579E-2
8.394387458E0,-1.075122803E-1,-1.276708394E-1,0.000000000E0
8.396422305E0,-7.635815442E-2,-1.423316002E-1,2.138028294E-2
8.398453343E0,-6.475171447E-2,-1.466076523E-1,2.993239649E-2
8.400585266E0,-3.787364438E-2,-1.582140923E-1,5.070181563E-2
8.402498805E0,-1.282817032E-2,-1.655444801E-1,6.658431143E-2
8.404498266E0,-3.665191587E-3,-1.667662114E-1,7.696902007E-2
8.406566728E0,1.710422710E-2,-1.673770845E-1,9.468411654E-2
8.408600612E0,3.604105115E-2,-1.606575549E-1,1.130100712E-1
8.410669035E0,5.314527452E-2,-1.490511149E-1,1.337794960E-1
8.412703228E0,5.864306539E-2,-1.392772794E-1,1.380555481E-1
8.414771497E0,7.147123665E-2,-1.221730486E-1,1.594358236E-1
8.416805574E0,8.185594529E-2,-9.590584040E-2,1.740965992E-1
8.418881266E0,8.429940045E-2,-8.185594529E-2,1.808161139E-1
8.420883458E0,9.285151958E-2,-4.703662544E-2,1.954768747E-1
8.422904766E0,9.896016866E-2,-1.038470957E-2,2.070833147E-1
8.424938112E0,9.834930301E-2,1.099557430E-2,2.162462920E-1
8.427006574E0,1.062905490E-1,5.925392732E-2,2.254092693E-1
8.429041151E0,1.087340117E-1,1.032362282E-1,2.351831198E-1
8.431109381E0,1.069014147E-1,1.270599663E-1,2.333505303E-1
8.433143458E0,1.093448773E-1,1.692096740E-1,2.437352389E-1
8.435211728E0,1.062905490E-1,2.107485086E-1,2.510656118E-1
8.437245612E0,1.087340117E-1,2.296853364E-1,2.474004179E-1
8.439261997E0,1.075122803E-1,2.651155293E-1,2.486221492E-1
8.441339958E0,1.032362282E-1,2.950479090E-1,2.498438805E-1
8.443360958E0,1.014036313E-1,3.060434759E-1,2.437352389E-1
8.445395381E0,9.712757170E-2,3.225368559E-1,2.394591719E-1
8.447463843E0,8.979719132E-2,3.298672438E-1,2.309070677E-1
8.449497727E0,8.185594529E-2,3.286454976E-1,2.205223590E-1
8.451567304E0,7.941248268E-2,3.243694305E-1,2.162462920E-1
8.453602612E0,7.330382615E-2,3.072652221E-1,2.052507252E-1
8.455670766E0,6.841690838E-2,2.748893499E-1,1.930334121E-1
8.457705074E0,6.719517708E-2,2.535090744E-1,1.899790913E-1
8.459819958E0,6.780604273E-2,2.034181207E-1,1.838704348E-1
8.461924227E0,7.086037099E-2,1.423316002E-1,1.771509200E-1
8.463838227E0,7.086037099E-2,1.081231460E-1,1.795943826E-1
8.465837497E0,7.880161703E-2,3.298672289E-2,1.826487035E-1
8.467905727E0,9.162978828E-2,-5.131268129E-2,1.832595766E-1
8.469939804E0,9.651670605E-2,-9.651670605E-2,1.881465018E-1
8.472007650E0,1.136209369E-1,-1.869247705E-1,2.046398520E-1
8.474041881E0,1.337794960E-1,-2.822197378E-1,2.199114859E-1
8.476110150E0,1.496619880E-1,-3.262020350E-1,2.278527319E-1
8.478144304E0,1.753183305E-1,-4.135557711E-1,2.559525371E-1
8.480160766E0,1.991420686E-1,-4.978551865E-1,2.858849466E-1
8.482293458E0,2.284636050E-1,-5.760459304E-1,3.243694305E-1
8.484207727E0,2.425135076E-1,-6.126978397E-1,3.420845270E-1
8.486206458E0,2.712241709E-1,-6.762278080E-1,3.836233616E-1
8.488274766E0,3.029891551E-1,-7.269296646E-1,4.086688459E-1
8.490309189E0,3.133738637E-1,-7.470881939E-1,4.557054639E-1
8.492377189E0,3.451388776E-1,-7.721336484E-1,5.002986193E-1
8.494411150E0,3.756821156E-1,-7.794640660E-1,5.595525503E-1
8.496479304E0,3.878994286E-1,-7.709119320E-1,5.809328556E-1
8.498513189E0,4.208861589E-1,-7.483099103E-1,6.273586154E-1
8.500627843E0,4.502076805E-1,-7.128797174E-1,6.768386960E-1
8.502665612E0,4.685336351E-1,-6.890559793E-1,7.000515461E-1
8.504685843E0,4.990769029E-1,-6.340781450E-1,7.379252315E-1
8.506718266E0,5.265658498E-1,-5.693264008E-1,7.825183868E-1
8.508787304E0,5.430592299E-1,-5.338962078E-1,7.984008789E-1
8.510821112E0,5.748242140E-1,-4.569272101E-1,8.374962807E-1
8.512889612E0,5.998696685E-1,-3.762930036E-1,8.753699064E-1
8.514923420E0,6.114761233E-1,-3.316998184E-1,8.900306821E-1
8.516991035E0,6.322455406E-1,-2.333505303E-1,9.230173826E-1
8.519025304E0,6.505714655E-1,-1.307251602E-1,9.560040832E-1
8.521042420E0,6.688974500E-1,-1.527163107E-2,9.816604257E-1
8.523121804E0,6.701191664E-1,4.337143153E-2,9.908234477E-1
8.525142573E0,6.750060916E-1,1.722639948E-1,1.005484223E0
8.527176112E0,6.701191664E-1,3.078760803E-1,1.009149432E0
8.529177919E0,6.664539576E-1,3.799581826E-1,1.006095052E0
8.531177535E0,6.487388611E-1,5.192354321E-1,9.944885969E-1
8.533245958E0,6.230825782E-1,6.640105247E-1,9.627236128E-1
8.535280227E0,6.059783101E-1,7.354817390E-1,9.443976879E-1
8.537348496E0,5.650503635E-1,8.747590184E-1,8.991936445E-1
8.539382650E0,5.167919993E-1,1.010371089E0,8.258898258E-1
8.541441996E0,4.899139404E-1,1.072679400E0,7.892379165E-1
8.543569112E0,4.282165468E-1,1.192408919E0,7.067710757E-1
8.545439766E0,3.616322279E-1,1.301753879E0,6.035348773E-1
8.547438227E0,3.243694305E-1,1.350012183E0,5.497786999E-1
8.549507189E0,2.547308207E-1,1.440420270E0,4.410447180E-1
8.551540496E0,1.820378453E-1,1.513724089E0,3.182607889E-1
8.553608612E0,1.429424733E-1,1.543656468E0,2.522873580E-1
8.555642227E0,6.658431143E-2,1.590082288E0,1.313360333E-1
8.557711150E0,-7.941247895E-3,1.614516854E0,4.886921961E-3
8.559744689E0,-4.581489414E-2,1.618792892E0,-5.192354694E-2
8.561763804E0,-1.209513173E-1,1.606575608E0,-1.704314053E-1
8.563931958E0,-1.966986060E-1,1.567480206E0,-2.797762752E-1
8.565837958E0,-2.357939780E-1,1.538158655E0,-3.347541690E-1
8.567837458E0,-3.097086847E-1,1.462411404E0,-4.300491214E-1
8.569905919E0,-3.866777122E-1,1.361007810E0,-5.229006410E-1
8.571939419E0,-4.245513380E-1,1.301142931E0,-5.662720799E-1
8.574008189E0,-4.996877611E-1,1.164919972E0,-6.407976151E-1
8.576042419E0,-5.748242140E-1,1.009760261E0,-7.134906054E-1
8.578111189E0,-6.438519955E-1,8.399397135E-1,-7.739662528E-1
8.580145689E0,-6.798930168E-1,7.483099103E-1,-8.014551997E-1
8.582207265E0,-7.446447611E-1,5.528330207E-1,-8.484918475E-1
8.584210612E0,-8.075638413E-1,3.481931984E-1,-8.875871897E-1
8.586162727E0,-8.381071091E-1,2.443460971E-1,-8.998045325E-1
8.588161919E0,-8.924741149E-1,3.970624134E-2,-9.242390990E-1
8.590230458E0,-9.395107627E-1,-1.643227488E-1,-9.334021211E-1
8.592265150E0,-9.584475756E-1,-2.638937831E-1,-9.382890463E-1
8.594333573E0,-9.975429177E-1,-4.526511431E-1,-9.456194043E-1
8.596367573E0,-1.024420977E0,-6.316346526E-1,-9.321803451E-1
8.598436458E0,-1.035416603E0,-7.141014934E-1,-9.279043078E-1
8.600470804E0,-1.050688267E0,-8.643743396E-1,-9.101892114E-1
8.602486765E0,-1.056185961E0,-9.999864101E-1,-8.857545853E-1
8.604566227E0,-1.056185961E0,-1.061683774E0,-8.704829812E-1
8.606518765E0,-1.043357849E0,-1.167363524E0,-8.362745047E-1
8.608517150E0,-1.026253581E0,-1.256549835E0,-7.935139537E-1
8.610585458E0,-1.009149432E0,-1.292590857E0,-7.709119320E-1
8.612618996E0,-9.792169929E-1,-1.354899168E0,-7.153232098E-1
8.614643150E0,-9.370672703E-1,-1.393994451E0,-6.597344875E-1
8.616642573E0,-9.156870246E-1,-1.402546644E0,-6.298020482E-1
8.618710611E0,-8.600982428E-1,-1.407433510E0,-5.668829679E-1
8.620745381E0,-8.026769161E-1,-1.389718413E0,-5.027421117E-1
8.622805881E0,-7.751879692E-1,-1.374446750E0,-4.697553813E-1
8.624998996E0,-7.134906054E-1,-1.328631878E0,-4.037819207E-1
8.626764188E0,-6.572909951E-1,-1.264491081E0,-3.323107064E-1
8.628763496E0,-6.291912198E-1,-1.226006508E0,-3.017674387E-1
8.630832073E0,-5.748242140E-1,-1.144150615E0,-2.309070677E-1
8.632881034E0,-5.210680366E-1,-1.053131700E0,-1.685988009E-1
8.634934727E0,-4.990769029E-1,-1.006095052E0,-1.398881376E-1
8.636968496E0,-4.526511431E-1,-9.083566070E-1,-7.757988572E-2
8.639037304E0,-4.105014503E-1,-8.118399382E-1,-2.504547499E-2
8.641071419E0,-3.891211748E-1,-7.617489696E-1,-6.108652451E-4
8.643087919E0,-3.530801237E-1,-6.640105247E-1,4.520402849E-2
8.645254419E0,-3.139847219E-1,-5.668829679E-1,8.124507964E-2
8.647159727E0,-2.974913716E-1,-5.198463202E-1,9.712757170E-2
8.649159573E0,-2.626720667E-1,-4.282165468E-1,1.288925707E-1
8.651228227E0,-2.327396572E-1,-3.384193480E-1,1.514945775E-1
8.653262188E0,-2.150245607E-1,-2.968805134E-1,1.612684280E-1
8.655330842E0,-1.838704348E-1,-2.113593817E-1,1.789835095E-1
8.657364842E0,-1.545489132E-1,-1.337794960E-1,1.893682331E-1
8.659434342E0,-1.233947799E-1,-6.169738993E-2,1.973094791E-1
8.661468688E0,-1.075122803E-1,-2.748893574E-2,2.021963894E-1
8.663528881E0,-7.819075137E-2,3.298672289E-2,2.021963894E-1
8.665533150E0,-4.520402849E-2,8.857546002E-2,1.991420686E-1
8.667486457E0,-2.993239649E-2,1.160643995E-1,1.985312104E-1
8.669485342E0,-3.054326167E-3,1.606575549E-1,1.857030392E-1
8.671554457E0,2.993239649E-2,1.966986060E-1,1.722639948E-1
8.673589188E0,4.398229718E-2,2.113593817E-1,1.643227488E-1
8.675657996E0,7.269296050E-2,2.327396572E-1,1.417207420E-1
8.677692227E0,9.468411654E-2,2.406809032E-1,1.191187203E-1
8.679761804E0,1.087340117E-1,2.449569702E-1,1.032362282E-1
8.681796534E0,1.319468915E-1,2.412917763E-1,6.658431143E-2
8.683815727E0,1.533271819E-1,2.315179259E-1,3.176499158E-2
8.685895957E0,1.576032341E-1,2.266310006E-1,1.588249579E-2
8.687849150E0,1.795943826E-1,2.076941878E-1,-3.054326214E-2
8.689849265E0,2.003637999E-1,1.875356287E-1,-7.024950534E-2
8.691917803E0,2.083050460E-1,1.808161139E-1,-9.468411654E-2
8.693952727E0,2.302961946E-1,1.618792862E-1,-1.398881376E-1
8.696021227E0,2.504547536E-1,1.484402567E-1,-1.771509200E-1
8.698055611E0,2.590068579E-1,1.423316002E-1,-1.979203373E-1
8.700124727E0,2.822197378E-1,1.368338168E-1,-2.431243658E-1
8.702159265E0,3.017674387E-1,1.331686229E-1,-2.791654170E-1
8.704218727E0,3.115412891E-1,1.313360333E-1,-3.017674387E-1
8.706346842E0,3.329215646E-1,1.233947799E-1,-3.445279896E-1
8.708217150E0,3.512475193E-1,1.099557430E-1,-3.750712574E-1
8.710216380E0,3.610213697E-1,1.032362282E-1,-3.897320330E-1
8.712284419E0,3.793473244E-1,8.674286306E-2,-4.239404798E-1
8.714318803E0,3.940080702E-1,6.841690838E-2,-4.483750761E-1
8.716387034E0,4.074471295E-1,4.642575979E-2,-4.734205604E-1
8.718420380E0,4.135557711E-1,3.543018550E-2,-4.825835526E-1
8.720489188E0,4.208861589E-1,8.552113548E-3,-4.984660447E-1
8.722522803E0,4.276056588E-1,-2.015855350E-2,-5.119050741E-1
8.724537880E0,4.331034720E-1,-3.420845419E-2,-5.192354321E-1
8.726704919E0,4.367686510E-1,-6.841690838E-2,-5.265658498E-1
8.728610226E0,4.367686510E-1,-1.056796908E-1,-5.277875662E-1
8.730609611E0,4.324925840E-1,-1.215621829E-1,-5.271766782E-1
8.732678265E0,4.318817258E-1,-1.569923609E-1,-5.259549618E-1
8.734712765E0,4.312708676E-1,-1.863138974E-1,-5.186246037E-1
8.736781649E0,4.282165468E-1,-2.070833147E-1,-5.131267905E-1
8.738816573E0,4.263839424E-1,-2.345722616E-1,-5.057964325E-1
8.740885457E0,4.221078753E-1,-2.608394623E-1,-4.868595898E-1
8.742918957E0,4.196644127E-1,-2.736676335E-1,-4.789183438E-1
8.744979265E0,4.153883755E-1,-3.005456924E-1,-4.624249935E-1
8.746982034E0,4.074471295E-1,-3.255911767E-1,-4.398229718E-1
8.748934034E0,4.074471295E-1,-3.365867436E-1,-4.331034720E-1
8.750933534E0,4.037819207E-1,-3.567453027E-1,-4.092797041E-1
8.753002265E0,3.952298164E-1,-3.738495409E-1,-3.830125034E-1
8.755036611E0,3.921754956E-1,-3.799581826E-1,-3.671300113E-1
8.757105496E0,3.854559660E-1,-3.860668242E-1,-3.451388776E-1
8.759139380E0,3.775147200E-1,-3.921754956E-1,-3.103195429E-1
8.761207457E0,3.671300113E-1,-3.940080702E-1,-2.987131178E-1
8.763241842E0,3.579670191E-1,-3.976732790E-1,-2.712241709E-1
8.765259226E0,3.426954150E-1,-3.976732790E-1,-2.388483137E-1
8.767338457E0,3.249803185E-1,-4.043927789E-1,-2.131919712E-1
8.769291226E0,3.158173263E-1,-4.037819207E-1,-2.009746730E-1
8.771289688E0,2.968805134E-1,-4.111123085E-1,-1.716531366E-1
8.773358649E0,2.877175212E-1,-4.129449129E-1,-1.588249654E-1
8.775391842E0,2.645046413E-1,-4.178318381E-1,-1.331686229E-1
8.777460265E0,2.425135076E-1,-4.239404798E-1,-1.130100712E-1
8.779494188E0,2.186897546E-1,-4.257730842E-1,-9.101892263E-2
8.781562495E0,2.070833147E-1,-4.288274050E-1,-7.880161703E-2
8.783597072E0,1.820378453E-1,-4.349360466E-1,-5.803219974E-2
8.785656380E0,1.594358236E-1,-4.404338300E-1,-4.398229718E-2
8.787781995E0,1.484402567E-1,-4.453207552E-1,-3.543018550E-2
8.789651534E0,1.276708394E-1,-4.544837475E-1,-1.893682219E-2
8.791650380E0,1.075122803E-1,-4.624249935E-1,-4.886921961E-3
8.793719457E0,9.896016866E-2,-4.691445231E-1,7.941247895E-3
8.795752995E0,8.613199741E-2,-4.783074856E-1,2.015855350E-2
8.797822342E0,6.963863969E-2,-4.893030524E-1,3.359758854E-2
8.799856842E0,6.291911751E-2,-4.954117239E-1,4.214970022E-2
8.801925918E0,5.436700583E-2,-5.057964325E-1,5.558873713E-2
8.803960149E0,4.703662544E-2,-5.186246037E-1,6.902777404E-2
8.805986803E0,4.459316283E-2,-5.222898126E-1,6.963863969E-2
8.808153649E0,3.848451003E-2,-5.332853794E-1,8.491026610E-2
8.810059034E0,3.909537569E-2,-5.363397002E-1,9.407325089E-2
8.812058303E0,4.276056588E-2,-5.406157374E-1,9.651670605E-2
8.814127188E0,4.581489414E-2,-5.430592299E-1,1.087340117E-1
8.816160726E0,5.192354694E-2,-5.430592299E-1,1.154535338E-1
8.818228649E0,5.803219974E-2,-5.436700583E-1,1.185078546E-1
8.820263111E0,7.330382615E-2,-5.412266254E-1,1.276708394E-1
8.822330803E0,8.735372871E-2,-5.345070958E-1,1.337794960E-1
8.824365611E0,1.087340117E-1,-5.259549618E-1,1.398881376E-1
8.826431765E0,1.185078546E-1,-5.186246037E-1,1.423316002E-1
8.828434803E0,1.472185254E-1,-5.076290369E-1,1.478293836E-1
8.830387226E0,1.588249654E-1,-4.984660447E-1,1.484402567E-1
8.832386764E0,1.936442852E-1,-4.819726646E-1,1.533271819E-1
8.834453841E0,2.272418737E-1,-4.654793143E-1,1.576032341E-1
8.836487918E0,2.632829249E-1,-4.459316432E-1,1.569923609E-1
8.838555688E0,2.828305960E-1,-4.355469346E-1,1.612684280E-1
8.840589572E0,3.200933933E-1,-4.123340547E-1,1.649336219E-1
8.842658495E0,3.628539443E-1,-3.891211748E-1,1.569923609E-1
8.844692303E0,3.830125034E-1,-3.762930036E-1,1.582140923E-1
8.846715726E0,4.239404798E-1,-3.536909819E-1,1.557706445E-1
8.848794687E0,4.660901725E-1,-3.323107064E-1,1.490511149E-1
8.850746726E0,4.850270152E-1,-3.219259977E-1,1.496619880E-1
8.852746226E0,5.290092826E-1,-3.011565804E-1,1.417207420E-1
8.854814534E0,5.766568184E-1,-2.816088796E-1,1.240056455E-1
8.856848187E0,5.955936313E-1,-2.736676335E-1,1.227839142E-1
8.858872957E0,6.395758986E-1,-2.577851415E-1,1.087340117E-1
8.860872341E0,6.878342628E-1,-2.412917763E-1,8.979719132E-2
8.862941572E0,7.104362845E-1,-2.345722616E-1,8.307767659E-2
8.864976072E0,7.556403279E-1,-2.247984111E-1,6.536258012E-2
8.867041610E0,7.990117669E-1,-2.125810981E-1,4.214970022E-2
8.869235110E0,8.228355050E-1,-2.101376504E-1,3.359758854E-2
8.871001457E0,8.655960560E-1,-1.985312104E-1,9.773843922E-3
8.873001264E0,9.108000994E-1,-1.875356287E-1,-1.710422710E-2
8.875070149E0,9.285151958E-1,-1.814269722E-1,-2.382374369E-2
8.877105187E0,9.731083512E-1,-1.698205322E-1,-5.497787148E-2
8.879174649E0,1.012203693E0,-1.557706445E-1,-8.124507964E-2
8.881208726E0,1.034194827E0,-1.496619880E-1,-9.468411654E-2
8.883277534E0,1.071457624E0,-1.368338168E-1,-1.197295859E-1
8.885311764E0,1.114218235E0,-1.191187203E-1,-1.484402567E-1
8.887342957E0,1.127657294E0,-1.099557430E-1,-1.606575549E-1
8.889512880E0,1.167363524E0,-8.979719132E-2,-1.850921661E-1
8.891383457E0,1.205847979E0,-6.963863969E-2,-2.083050460E-1
8.893382457E0,1.224784851E0,-5.742133409E-2,-2.229658216E-1
8.895450764E0,1.257160664E0,-3.665191308E-2,-2.406809032E-1
8.897485341E0,1.291369081E0,-1.160643995E-2,-2.632829249E-1
8.899553457E0,1.303586483E0,1.832595794E-3,-2.700024247E-1
8.901587918E0,1.331686258E0,3.237585723E-2,-2.846632004E-1
8.903656149E0,1.357342601E0,6.230825558E-2,-3.011565804E-1
8.905690033E0,1.376279354E0,9.468411654E-2,-3.103195429E-1
8.907765803E0,1.385442376E0,1.142318025E-1,-3.188716471E-1
8.909768110E0,1.399492264E0,1.490511149E-1,-3.262020350E-1
8.911720456E0,1.411098719E0,1.863138974E-1,-3.316998184E-1
8.913719110E0,1.411709547E0,2.083050460E-1,-3.347541690E-1
8.915787918E0,1.414153099E0,2.498438805E-1,-3.359758854E-1
8.917822456E0,1.412320495E0,2.926044464E-1,-3.353650272E-1
8.919891033E0,1.409876943E0,3.139847219E-1,-3.365867436E-1
8.921925264E0,1.397659659E0,3.567453027E-1,-3.286454976E-1
8.923994149E0,1.378722906E0,3.964515328E-1,-3.194825351E-1
8.926027880E0,1.370781660E0,4.172209501E-1,-3.103195429E-1
8.928050418E0,1.345125318E0,4.520402849E-1,-2.987131178E-1
8.930129303E0,1.315803766E0,4.850270152E-1,-2.846632004E-1
8.932082072E0,1.296866894E0,4.972442985E-1,-2.773328125E-1
8.934081033E0,1.260215044E0,5.198463202E-1,-2.596177161E-1
8.936149572E0,1.221730471E0,5.400048494E-1,-2.449569702E-1
8.938183610E0,1.196684957E0,5.455026627E-1,-2.357939780E-1
8.940251995E0,1.151481032E0,5.516113043E-1,-2.205223590E-1
8.942286456E0,1.103222609E0,5.522221923E-1,-2.058615834E-1
8.944356187E0,1.078177214E0,5.473352671E-1,-1.985312104E-1
8.946390495E0,1.025642753E0,5.387831330E-1,-1.887573600E-1
8.948456649E0,9.737191796E-1,5.216789246E-1,-1.844813079E-1
8.950598572E0,9.205739498E-1,4.984660447E-1,-1.869247705E-1
8.952469495E0,8.943067193E-1,4.838052690E-1,-1.905899495E-1
8.954469187E0,8.356636763E-1,4.520402849E-1,-1.979203373E-1
8.956538879E0,8.093964458E-1,4.349360466E-1,-2.076941878E-1
8.958572918E0,7.525860071E-1,4.037819207E-1,-2.223549485E-1
8.960641764E0,6.988298297E-1,3.695734739E-1,-2.443460971E-1
8.962676187E0,6.462954283E-1,3.390302062E-1,-2.693915665E-1
8.964745072E0,6.230825782E-1,3.237585723E-1,-2.828305960E-1
8.966778879E0,5.742133260E-1,3.017674387E-1,-3.139847219E-1
8.968803264E0,5.241223574E-1,2.840523422E-1,-3.378084898E-1
8.970970649E0,5.033529401E-1,2.779437006E-1,-3.543018401E-1
8.972876072E0,4.593706727E-1,2.730567753E-1,-3.872885704E-1
8.974874956E0,4.208861589E-1,2.681698501E-1,-4.166100919E-1
8.976943841E0,4.019493461E-1,2.693915665E-1,-4.294382632E-1
8.978977302E0,3.695734739E-1,2.736676335E-1,-4.575380683E-1
8.981046033E0,3.445279896E-1,2.816088796E-1,-4.838052690E-1
8.983079918E0,3.292563558E-1,2.864958048E-1,-4.948008358E-1
8.985148379E0,3.115412891E-1,2.987131178E-1,-5.174028873E-1
8.987181802E0,3.066543639E-1,3.121521473E-1,-5.357288122E-1
8.989247495E0,3.060434759E-1,3.182607889E-1,-5.436700583E-1
8.991252918E0,3.103195429E-1,3.365867436E-1,-5.583308339E-1
8.993206341E0,3.237585723E-1,3.567453027E-1,-5.699372888E-1
8.995205495E0,3.335324228E-1,3.634648323E-1,-5.742133260E-1
8.997274225E0,3.536909819E-1,3.817907870E-1,-5.833762884E-1
8.999308495E0,3.817907870E-1,3.976732790E-1,-5.888741016E-1
9.001377495E0,3.921754956E-1,4.056145251E-1,-5.882632136E-1
9.003412187E0,4.178318381E-1,4.135557711E-1,-5.955936313E-1
9.005481418E0,4.392121136E-1,4.208861589E-1,-5.962044597E-1
9.007515648E0,4.459316432E-1,4.221078753E-1,-5.931501389E-1
9.009532302E0,4.593706727E-1,4.214970171E-1,-5.962044597E-1
9.011612379E0,4.624249935E-1,4.159992337E-1,-5.858197808E-1
9.013564879E0,4.660901725E-1,4.105014503E-1,-5.821545720E-1
9.015564148E0,4.593706727E-1,3.958406746E-1,-5.705481172E-1
9.017633110E0,4.434881806E-1,3.799581826E-1,-5.528330207E-1
9.019667571E0,4.343251884E-1,3.652974069E-1,-5.448917747E-1
9.021736264E0,4.043927789E-1,3.353650272E-1,-5.290092826E-1
9.023770456E0,3.695734739E-1,2.999348342E-1,-5.094616413E-1
9.025839725E0,3.262020350E-1,2.602286041E-1,-4.893030524E-1
9.027874687E0,3.011565804E-1,2.425135076E-1,-4.783074856E-1
9.029934571E0,2.528982162E-1,2.021963894E-1,-4.569272101E-1
9.032061494E0,1.997529417E-1,1.692096740E-1,-4.434881806E-1
9.033931879E0,1.728748679E-1,1.539380401E-1,-4.410447180E-1
9.035930494E0,1.160643995E-1,1.233947799E-1,-4.337143302E-1
9.037999302E0,5.558873713E-2,1.001819000E-1,-4.355469346E-1
9.040048610E0,2.687807009E-2,8.674286306E-2,-4.361577928E-1
9.042101610E0,-2.871066704E-2,6.780604273E-2,-4.440990388E-1
9.044135033E0,-8.368854225E-2,5.070181563E-2,-4.587597847E-1
9.046203610E0,-1.069014147E-1,4.337143153E-2,-4.728097022E-1
9.048237879E0,-1.576032341E-1,2.871066704E-2,-4.929682612E-1
9.050255302E0,-2.028072625E-1,1.588249579E-2,-5.229006410E-1
9.052422841E0,-2.211332172E-1,1.160643995E-2,-5.400048494E-1
9.054328148E0,-2.590068579E-1,2.443460980E-3,-5.736024380E-1
9.056327225E0,-2.926044464E-1,-1.832595794E-3,-6.078109145E-1
9.058395879E0,-3.060434759E-1,-4.276056774E-3,-6.273586154E-1
9.060429341E0,-3.304781020E-1,-3.665191587E-3,-6.640105247E-1
9.062498764E0,-3.500257730E-1,-1.221730490E-3,-7.024950385E-1
9.064532994E0,-3.585779071E-1,1.221730490E-3,-7.214318514E-1
9.066601802E0,-3.616322279E-1,7.941247895E-3,-7.580837607E-1
9.068635879E0,-3.659082949E-1,2.015855350E-2,-7.922922373E-1
9.070696840E0,-3.604104817E-1,3.481931984E-2,-8.246681094E-1
9.072699687E0,-3.555235863E-1,4.398229718E-2,-8.429940343E-1
9.074651225E0,-3.439171314E-1,6.352998316E-2,-8.668177724E-1
9.076650340E0,-3.353650272E-1,7.696902007E-2,-8.820894361E-1
9.078717533E0,-3.121521473E-1,1.007927656E-1,-9.095783234E-1
9.080751687E0,-2.895501256E-1,1.288925707E-1,-9.272934198E-1
9.082819917E0,-2.614503205E-1,1.624901593E-1,-9.450085163E-1
9.084853187E0,-2.480112910E-1,1.771509200E-1,-9.523389339E-1
9.086922033E0,-2.162462920E-1,2.107485086E-1,-9.566149712E-1
9.088956725E0,-1.814269722E-1,2.449569702E-1,-9.669997096E-1
9.090972533E0,-1.631010175E-1,2.614503205E-1,-9.651671052E-1
9.093052533E0,-1.288925707E-1,2.974913716E-1,-9.615018964E-1
9.095005379E0,-8.857546002E-2,3.335324228E-1,-9.584475756E-1
9.097004533E0,-6.841690838E-2,3.475823104E-1,-9.529497623E-1
9.099073725E0,-2.626720630E-2,3.781255782E-1,-9.450085163E-1
9.101107840E0,1.710422710E-2,4.074471295E-1,-9.297369123E-1
9.103133302E0,3.787364438E-2,4.196644127E-1,-9.224064946E-1
9.105132725E0,8.491026610E-2,4.428772926E-1,-9.040805697E-1
9.107201417E0,1.295034289E-1,4.630358517E-1,-8.857545853E-1
9.109235802E0,1.533271819E-1,4.691445231E-1,-8.735373020E-1
9.111295725E0,1.973094791E-1,4.801400900E-1,-8.466592431E-1
9.113488686E0,2.474004179E-1,4.868595898E-1,-8.301658630E-1
9.115255110E0,2.724458873E-1,4.886921942E-1,-8.191702962E-1
9.117253725E0,3.188716471E-1,4.850270152E-1,-7.880161405E-1
9.119322494E0,3.652974069E-1,4.764748812E-1,-7.623597980E-1
9.121356302E0,3.891211748E-1,4.734205604E-1,-7.464773059E-1
9.123425225E0,4.355469346E-1,4.544837475E-1,-7.208209634E-1
9.125459033E0,4.807509482E-1,4.300491214E-1,-6.927211881E-1
9.127527417E0,5.033529401E-1,4.166100919E-1,-6.786713004E-1
9.129561071E0,5.430592299E-1,3.842342496E-1,-6.517932415E-1
9.131579033E0,5.845980644E-1,3.420845270E-1,-6.194173694E-1
9.133745609E0,6.212499738E-1,2.968805134E-1,-5.882632136E-1
9.135649879E0,6.352998614E-1,2.700024247E-1,-5.754350424E-1
9.137649456E0,6.682865620E-1,2.180788964E-1,-5.424483418E-1
9.139717648E0,6.823364496E-1,1.930334121E-1,-5.222898126E-1
9.141751263E0,7.086036801E-1,1.404990107E-1,-4.966334403E-1
9.143818917E0,7.299839854E-1,8.979719132E-2,-4.630358517E-1
9.145853186E0,7.379252315E-1,6.841690838E-2,-4.428772926E-1
9.147920033E0,7.525860071E-1,2.260201424E-2,-4.227187634E-1
9.149954340E0,7.641924024E-1,-2.321287990E-2,-3.872885704E-1
9.152019032E0,7.721336484E-1,-6.169738993E-2,-3.555235863E-1
9.154022840E0,7.776314616E-1,-7.757988572E-2,-3.451388776E-1
9.155976302E0,7.874053121E-1,-1.056796908E-1,-3.133738637E-1
9.157975917E0,7.898487449E-1,-1.191187203E-1,-2.913827300E-1
9.160043840E0,7.941248417E-1,-1.337794960E-1,-2.657263875E-1
9.162078225E0,8.020660877E-1,-1.417207420E-1,-2.296853364E-1
9.164147532E0,8.063421249E-1,-1.447750628E-1,-2.021963894E-1
9.166180840E0,8.087855577E-1,-1.429424733E-1,-1.863138974E-1
9.168249686E0,8.118399382E-1,-1.392772794E-1,-1.496619880E-1
9.170283648E0,8.179485798E-1,-1.288925707E-1,-1.166752651E-1
9.172307609E0,8.191702962E-1,-1.227839142E-1,-1.062905490E-1
9.174387532E0,8.203920126E-1,-1.069014147E-1,-6.963863969E-2
9.176340148E0,8.234463334E-1,-8.674286306E-2,-3.665191308E-2
9.178339725E0,8.234463334E-1,-7.452555746E-2,-2.504547499E-2
9.180408725E0,8.271115422E-1,-4.764748737E-2,1.404990070E-2
9.182442532E0,8.313875794E-1,-1.832595654E-2,4.825835302E-2
9.184511725E0,8.313875794E-1,-1.832595794E-3,6.352998316E-2
9.186545802E0,8.368853927E-1,3.115412779E-2,9.712757170E-2
9.188614263E0,8.478809595E-1,7.208210230E-2,1.282816976E-1
9.190648340E0,8.497135639E-1,8.674286306E-2,1.466076523E-1
9.192713802E0,8.613200188E-1,1.282816976E-1,1.716531366E-1
9.194841109E0,8.704829812E-1,1.673770845E-1,2.040289938E-1
9.196712263E0,8.765916228E-1,1.881465018E-1,2.156354338E-1
9.198711609E0,8.912523985E-1,2.284636050E-1,2.425135076E-1
9.200780994E0,9.046914577E-1,2.651155293E-1,2.687807083E-1
9.202814994E0,9.120218158E-1,2.822197378E-1,2.797762752E-1
9.204884225E0,9.260717034E-1,3.176499307E-1,3.017674387E-1
9.206918725E0,9.413433671E-1,3.494149148E-1,3.182607889E-1
9.208987955E0,9.578366876E-1,3.787364662E-1,3.347541690E-1
9.211022263E0,9.645562172E-1,3.927863538E-1,3.426954150E-1
9.213044263E0,9.822713137E-1,4.196644127E-1,3.536909819E-1
9.215211840E0,9.914342761E-1,4.398229718E-1,3.689626157E-1
9.217116994E0,9.981538057E-1,4.502076805E-1,3.732386529E-1
9.219116263E0,1.009760261E0,4.654793143E-1,3.842342496E-1
9.221185455E0,1.018312335E0,4.715879560E-1,3.891211748E-1
9.223219340E0,1.022588372E0,4.752531648E-1,3.927863538E-1
9.225288609E0,1.028086185E0,4.740314186E-1,3.988949955E-1
9.227322840E0,1.031140566E0,4.703662395E-1,4.043927789E-1
9.229390878E0,1.034194827E0,4.636467099E-1,4.056145251E-1
9.231425186E0,1.031751394E0,4.538728893E-1,4.098905921E-1
9.233502455E0,1.028697014E0,4.392121136E-1,4.092797041E-1
9.235505455E0,1.026253581E0,4.269948006E-1,4.068362415E-1
9.237458648E0,1.018923283E0,4.013384581E-1,4.056145251E-1
9.239458378E0,1.007316828E0,3.677408695E-1,3.976732790E-1
9.241527455E0,9.981538057E-1,3.500257730E-1,3.988949955E-1
9.243561609E0,9.828822017E-1,3.115412891E-1,3.952298164E-1
9.245630917E0,9.676105380E-1,2.675589919E-1,3.866777122E-1
9.247665263E0,9.566149712E-1,2.437352389E-1,3.848451078E-1
9.249734148E0,9.358455539E-1,1.979203373E-1,3.836233616E-1
9.251768301E0,9.162978530E-1,1.490511149E-1,3.787364662E-1
9.253801609E0,9.053022861E-1,1.276708394E-1,3.756821156E-1
9.255880878E0,8.802568316E-1,8.246681094E-2,3.720169365E-1
9.257834455E0,8.533787727E-1,3.970624134E-2,3.677408695E-1
9.259834340E0,8.423831463E-1,1.832595654E-2,3.640756905E-1
9.261902917E0,8.161159754E-1,-2.260201424E-2,3.610213697E-1
9.263938301E0,7.898487449E-1,-5.864306539E-2,3.616322279E-1
9.266006994E0,7.660250068E-1,-9.224065393E-2,3.573561609E-1
9.268041378E0,7.525860071E-1,-1.062905490E-1,3.585779071E-1
9.270110455E0,7.250970602E-1,-1.350012124E-1,3.573561609E-1
9.272144570E0,7.012733221E-1,-1.649336219E-1,3.567453027E-1
9.274219301E0,6.896668673E-1,-1.789835095E-1,3.567453027E-1
9.276347109E0,6.664539576E-1,-2.083050460E-1,3.567453027E-1
9.278218147E0,6.444628239E-1,-2.345722616E-1,3.616322279E-1
9.280217609E0,6.352998614E-1,-2.449569702E-1,3.616322279E-1
9.282286417E0,6.157521605E-1,-2.663372457E-1,3.646865487E-1
9.284320224E0,5.980370641E-1,-2.852740586E-1,3.701843321E-1
9.286388763E0,5.913175344E-1,-2.926044464E-1,3.738495409E-1
9.288422494E0,5.760459304E-1,-3.121521473E-1,3.787364662E-1
9.290491032E0,5.668829679E-1,-3.243694305E-1,3.866777122E-1
9.292524493E0,5.619960427E-1,-3.323107064E-1,3.909537494E-1
9.294555724E0,5.540547967E-1,-3.433062732E-1,4.025602043E-1
9.296721955E0,5.503895879E-1,-3.488040566E-1,4.092797041E-1
9.298627147E0,5.510004759E-1,-3.518583775E-1,4.184426963E-1
9.300626609E0,5.485569835E-1,-3.573561609E-1,4.288274050E-1
9.302726263E0,5.503895879E-1,-3.597996235E-1,4.361577928E-1
9.304549647E0,5.467243791E-1,-3.597996235E-1,4.404338300E-1
9.305725647E0,5.510004759E-1,-3.622430861E-1,4.447098970E-1
9.307723955E0,5.491678715E-1,-3.640756905E-1,4.557054639E-1
9.309792917E0,5.510004759E-1,-3.646865487E-1,4.575380683E-1
9.311826763E0,5.522221923E-1,-3.652974069E-1,4.624249935E-1
9.313900647E0,5.564982295E-1,-3.714060783E-1,4.660901725E-1
9.315904570E0,5.595525503E-1,-3.775147200E-1,4.673119187E-1
9.317856916E0,5.577199459E-1,-3.830125034E-1,4.685336351E-1
9.319856032E0,5.595525503E-1,-3.970624208E-1,4.679227769E-1
9.321924340E0,5.632177591E-1,-4.068362415E-1,4.612032473E-1
9.323958070E0,5.626068711E-1,-4.111123085E-1,4.624249935E-1
9.326025993E0,5.638286471E-1,-4.227187634E-1,4.544837475E-1
9.328059916E0,5.632177591E-1,-4.306600094E-1,4.465425014E-1
9.330129301E0,5.626068711E-1,-4.349360466E-1,4.440990388E-1
9.332163032E0,5.601634383E-1,-4.410447180E-1,4.373795092E-1
9.334162455E0,5.552765131E-1,-4.410447180E-1,4.263839424E-1
9.336241263E0,5.516113043E-1,-4.392121136E-1,4.221078753E-1
9.338193647E0,5.436700583E-1,-4.343251884E-1,4.129449129E-1
9.340192878E0,5.320636034E-1,-4.276056588E-1,3.976732790E-1
9.342261109E0,5.283984542E-1,-4.178318381E-1,3.927863538E-1
9.344295570E0,5.137376785E-1,-4.074471295E-1,3.836233616E-1
9.346319916E0,4.984660447E-1,-3.927863538E-1,3.714060783E-1
9.348319070E0,4.911356568E-1,-3.824016452E-1,3.628539443E-1
9.350387724E0,4.734205604E-1,-3.714060783E-1,3.506366611E-1
9.352421955E0,4.550946057E-1,-3.561344445E-1,3.353650272E-1
9.354496647E0,4.392121136E-1,-3.475823104E-1,3.310889602E-1
9.356689955E0,4.184426963E-1,-3.347541690E-1,3.188716471E-1
9.358456416E0,3.915646076E-1,-3.237585723E-1,3.036000133E-1
9.360455532E0,3.799581826E-1,-3.164281845E-1,2.950479090E-1
9.362524262E0,3.530801237E-1,-3.042109013E-1,2.852740586E-1
9.364558647E0,3.268128932E-1,-2.944370508E-1,2.706133127E-1
9.366627801E0,3.072652221E-1,-2.907718420E-1,2.651155293E-1
9.368662032E0,2.797762752E-1,-2.834414840E-1,2.528982162E-1
9.370730801E0,2.541199327E-1,-2.785545588E-1,2.419026345E-1
9.372764762E0,2.278527319E-1,-2.742784917E-1,2.333505303E-1
9.374798801E0,2.119702399E-1,-2.730567753E-1,2.278527319E-1
9.376965493E0,1.881465018E-1,-2.736676335E-1,2.211332172E-1
9.378870685E0,1.600466967E-1,-2.755002379E-1,2.138028294E-1
9.380870416E0,1.527163088E-1,-2.785545588E-1,2.113593817E-1
9.382939416E0,1.264491081E-1,-2.816088796E-1,2.058615834E-1
9.384973647E0,1.044579595E-1,-2.858849466E-1,2.003637999E-1
9.387042647E0,9.224065393E-2,-2.883284092E-1,2.009746730E-1
9.389076993E0,7.269296050E-2,-2.932153046E-1,1.954768747E-1
9.391145955E0,4.948008433E-2,-2.974913716E-1,1.954768747E-1
9.393179685E0,4.031710699E-2,-2.981022298E-1,1.954768747E-1
9.395255724E0,1.893682219E-2,-3.011565804E-1,1.905899495E-1
9.397259108E0,-3.665191587E-3,-3.054326177E-1,1.936442852E-1
9.399210993E0,-1.466076635E-2,-3.078760803E-1,1.918116808E-1
9.401209839E0,-3.604105115E-2,-3.103195429E-1,1.893682331E-1
9.403278955E0,-5.864306539E-2,-3.097086847E-1,1.948660165E-1
9.405312955E0,-7.330382615E-2,-3.072652221E-1,1.954768747E-1
9.407381339E0,-9.590584040E-2,-3.036000133E-1,1.948660165E-1
9.409416070E0,-1.209513173E-1,-2.956587672E-1,2.003637999E-1
9.411484531E0,-1.325577646E-1,-2.938261926E-1,2.028072625E-1
9.413519724E0,-1.551597714E-1,-2.785545588E-1,1.966986060E-1
9.415552185E0,-1.850921661E-1,-2.657263875E-1,2.040289938E-1
9.417630916E0,-1.973094791E-1,-2.577851415E-1,2.040289938E-1
9.419583916E0,-2.266310006E-1,-2.443460971E-1,2.003637999E-1
9.421582070E0,-2.583959997E-1,-2.260201424E-1,2.034181207E-1
9.423650531E0,-2.730567753E-1,-2.180788964E-1,2.015855312E-1
9.425684339E0,-3.066543639E-1,-2.003637999E-1,1.985312104E-1
9.427752570E0,-3.414736688E-1,-1.789835095E-1,2.003637999E-1
9.429786070E0,-3.817907870E-1,-1.594358236E-1,1.936442852E-1
9.431853954E0,-3.988949955E-1,-1.478293836E-1,1.912008226E-1
9.433887224E0,-4.416555762E-1,-1.252273768E-1,1.912008226E-1
9.435961031E0,-4.838052690E-1,-9.834930301E-2,1.832595766E-1
9.438087301E0,-5.064072609E-1,-8.674286306E-2,1.783726513E-1
9.439957262E0,-5.516113043E-1,-5.803219974E-2,1.783726513E-1
9.441956878E0,-5.968153477E-1,-2.809980139E-2,1.722639948E-1
9.444025262E0,-6.206390858E-1,-1.343903504E-2,1.661553532E-1
9.446075262E0,-6.688974500E-1,1.649336144E-2,1.624901593E-1
9.448128070E0,-7.177666426E-1,5.070181563E-2,1.508837193E-1
9.450163031E0,-7.428121567E-1,6.475171447E-2,1.490511149E-1
9.452231608E0,-7.886270285E-1,9.896016866E-2,1.453859210E-1
9.454265685E0,-8.368853927E-1,1.319468915E-1,1.307251602E-1
9.456297108E0,-8.594874144E-1,1.484402567E-1,1.227839142E-1
9.458464185E0,-9.046914577E-1,1.783726513E-1,1.148426682E-1
9.460368724E0,-9.523389339E-1,2.083050460E-1,9.896016866E-2
9.462367762E0,-9.718865752E-1,2.211332172E-1,8.918632567E-2
9.464436224E0,-1.011592865E0,2.480112910E-1,7.696902007E-2
9.466469839E0,-1.053742528E0,2.657263875E-1,6.047565863E-2
9.468537839E0,-1.073901057E0,2.761110961E-1,5.253441259E-2
9.470572454E0,-1.105666041E0,2.901609838E-1,3.726277873E-2
9.472641147E0,-1.134987593E0,2.999348342E-1,2.076941915E-2
9.474675108E0,-1.163698316E0,3.029891551E-1,7.330383174E-3
9.476749685E0,-1.172250390E0,3.048217595E-1,1.832595794E-3
9.478768108E0,-1.193630695E0,3.036000133E-1,-1.099557430E-2
9.480720608E0,-1.201571941E0,2.993239760E-1,-1.527163107E-2
9.482719416E0,-1.218065262E0,2.901609838E-1,-1.832595654E-2
9.484787454E0,-1.229060888E0,2.791654170E-1,-2.260201424E-2
9.486820954E0,-1.237612963E0,2.620611787E-1,-2.871066704E-2
9.488889762E0,-1.241278172E0,2.516764700E-1,-2.626720630E-2
9.490923647E0,-1.242499948E0,2.327396572E-1,-2.504547499E-2
9.492992185E0,-1.244332552E0,2.046398520E-1,-2.015855350E-2
9.495026570E0,-1.244332552E0,1.899790913E-1,-1.466076635E-2
9.497042108E0,-1.241889000E0,1.631010175E-1,-1.160643995E-2
9.499120531E0,-1.238834739E0,1.319468915E-1,6.108652451E-4
9.501073454E0,-1.234558702E0,1.136209369E-1,7.941247895E-3
9.503073147E0,-1.227228284E0,8.307767659E-2,1.649336144E-2
9.505141954E0,-1.219287038E0,4.520402849E-2,3.298672289E-2
9.507176839E0,-1.214400053E0,3.054326214E-2,3.848451003E-2
9.509244839E0,-1.203404546E0,-7.941247895E-3,5.131268129E-2
9.511279031E0,-1.191187263E0,-4.520402849E-2,6.536258012E-2
9.513347839E0,-1.185689449E0,-6.414084882E-2,7.513642311E-2
9.515382070E0,-1.173472166E0,-1.001819000E-1,8.918632567E-2
9.517440608E0,-1.158811331E0,-1.386664063E-1,1.075122803E-1
9.519567339E0,-1.142928839E0,-1.747074574E-1,1.233947799E-1
9.521437454E0,-1.139263630E0,-1.954768747E-1,1.331686229E-1
9.523437300E0,-1.123992085E0,-2.278527319E-1,1.521054506E-1
9.525505954E0,-1.116661668E0,-2.474004179E-1,1.606575549E-1
9.527540454E0,-1.102611780E0,-2.742784917E-1,1.753183305E-1
9.529609685E0,-1.083674908E0,-2.968805134E-1,1.942551434E-1
9.531643377E0,-1.078177214E0,-3.115412891E-1,2.034181207E-1
9.533712762E0,-1.059851170E0,-3.268128932E-1,2.131919712E-1
9.535745916E0,-1.043357849E0,-3.402519524E-1,2.302961946E-1
9.537768762E0,-1.023810148E0,-3.475823104E-1,2.455678284E-1
9.539936800E0,-1.014647126E0,-3.481931984E-1,2.474004179E-1
9.541842262E0,-9.938777685E-1,-3.463605940E-1,2.632829249E-1
9.543841877E0,-9.706648588E-1,-3.402519524E-1,2.755002379E-1
9.545910377E0,-9.602801800E-1,-3.341432810E-1,2.785545588E-1
9.547944262E0,-9.395107627E-1,-3.213151097E-1,2.883284092E-1
9.550012877E0,-9.156870246E-1,-3.005456924E-1,2.987131178E-1
9.552046377E0,-9.065240026E-1,-2.889392674E-1,3.029891551E-1
9.554114569E0,-8.839219809E-1,-2.632829249E-1,3.103195429E-1
9.556148223E0,-8.631525636E-1,-2.321287990E-1,3.207042515E-1
9.558215339E0,-8.558222055E-1,-2.168571651E-1,3.231477141E-1
9.560218377E0,-8.381071091E-1,-1.826487035E-1,3.243694305E-1
9.562169992E0,-8.191702962E-1,-1.478293836E-1,3.323107064E-1
9.564169492E0,-8.112290502E-1,-1.270599663E-1,3.298672438E-1
9.566238531E0,-7.977899909E-1,-8.735372871E-2,3.329215646E-1
9.568273146E0,-7.837401032E-1,-4.520402849E-2,3.341432810E-1
9.570341762E0,-7.794640660E-1,-2.504547499E-2,3.316998184E-1
9.572377377E0,-7.666358948E-1,1.710422710E-2,3.280346394E-1
9.574446146E0,-7.574729323E-1,6.169738993E-2,3.237585723E-1
9.576480800E0,-7.544185519E-1,8.307767659E-2,3.194825351E-1
9.578504069E0,-7.519751191E-1,1.227839142E-1,3.139847219E-1
9.580583877E0,-7.483099103E-1,1.631010175E-1,3.078760803E-1
9.582536069E0,-7.470881939E-1,1.844813079E-1,3.017674387E-1
9.584535685E0,-7.501425147E-1,2.180788964E-1,2.907718420E-1
9.586605454E0,-7.507534027E-1,2.528982162E-1,2.791654170E-1
9.588639569E0,-7.531968355E-1,2.669481039E-1,2.755002379E-1
9.590665569E0,-7.562511563E-1,2.974913716E-1,2.608394623E-1
9.592664839E0,-7.629706860E-1,3.231477141E-1,2.467895597E-1
9.594734108E0,-7.666358948E-1,3.353650272E-1,2.431243658E-1
9.596768492E0,-7.757988572E-1,3.555235863E-1,2.266310006E-1
9.598843877E0,-7.855727077E-1,3.738495409E-1,2.193006277E-1
9.601037185E0,-7.971791625E-1,3.854559660E-1,2.028072625E-1
9.602802915E0,-7.990117669E-1,3.909537494E-1,1.960877478E-1
9.604803069E0,-8.093964458E-1,3.976732790E-1,1.820378453E-1
9.606871454E0,-8.216137290E-1,4.013384581E-1,1.789835095E-1
9.608906185E0,-8.313875794E-1,4.013384581E-1,1.655444801E-1
9.610974531E0,-8.448266387E-1,3.988949955E-1,1.576032341E-1
9.613008838E0,-8.570439219E-1,3.946189582E-1,1.466076523E-1
9.615077108E0,-8.643743396E-1,3.921754956E-1,1.404990107E-1
9.617111223E0,-8.778133392E-1,3.824016452E-1,1.319468915E-1
9.619142261E0,-8.936958313E-1,3.707951903E-1,1.252273768E-1
9.621309069E0,-9.004153609E-1,3.628539443E-1,1.233947799E-1
9.623214454E0,-9.144652486E-1,3.512475193E-1,1.172861308E-1
9.625213146E0,-9.291260242E-1,3.378084898E-1,1.093448773E-1
9.627281261E0,-9.352346659E-1,3.323107064E-1,1.062905490E-1
9.629315454E0,-9.486737251E-1,3.188716471E-1,1.032362282E-1
9.631383838E0,-9.633345008E-1,3.036000133E-1,1.007927656E-1
9.633418108E0,-9.712757468E-1,2.981022298E-1,9.896016866E-2
9.635486838E0,-9.847147465E-1,2.852740586E-1,9.590584040E-2
9.637521146E0,-9.963212013E-1,2.718350291E-1,9.896016866E-2
9.639595684E0,-1.001819015E0,2.663372457E-1,9.468411654E-2
9.641599454E0,-1.012814522E0,2.528982162E-1,9.651670605E-2
9.643551800E0,-1.028697014E0,2.461786866E-1,9.773843735E-2
9.645551338E0,-1.033583999E0,2.431243658E-1,9.896016866E-2
9.647619531E0,-1.047633886E0,2.364048511E-1,1.014036313E-1
9.649653492E0,-1.059851170E0,2.321287990E-1,1.050688252E-1
9.651722377E0,-1.063516378E0,2.333505303E-1,1.062905490E-1
9.653757069E0,-1.075733662E0,2.327396572E-1,1.093448773E-1
9.655825492E0,-1.085507512E0,2.315179259E-1,1.136209369E-1
9.657860184E0,-1.092227101E0,2.345722616E-1,1.154535338E-1
9.659892069E0,-1.098946571E0,2.333505303E-1,1.178969890E-1
9.661971646E0,-1.107498646E0,2.412917763E-1,1.197295859E-1
9.663923723E0,-1.112385631E0,2.431243658E-1,1.215621829E-1
9.665922954E0,-1.120937705E0,2.498438805E-1,1.227839142E-1
9.667991646E0,-1.125824690E0,2.590068579E-1,1.264491081E-1
9.670026300E0,-1.130711555E0,2.657263875E-1,1.240056455E-1
9.672095107E0,-1.133765936E0,2.700024247E-1,1.252273768E-1
9.674128607E0,-1.138652802E0,2.748893499E-1,1.276708394E-1
9.676197530E0,-1.140485406E0,2.840523422E-1,1.258382350E-1
9.678231223E0,-1.142928839E0,2.840523422E-1,1.270599663E-1
9.680306377E0,-1.149648428E0,2.871066630E-1,1.282816976E-1
9.682433646E0,-1.147815824E0,2.895501256E-1,1.270599663E-1
9.684304261E0,-1.149648428E0,2.907718420E-1,1.276708394E-1
9.686303415E0,-1.153924465E0,2.883284092E-1,1.282816976E-1
9.688372107E0,-1.152702689E0,2.858849466E-1,1.301143020E-1
9.690406761E0,-1.154535294E0,2.840523422E-1,1.301143020E-1
9.692475338E0,-1.153313637E0,2.803871334E-1,1.337794960E-1
9.694508992E0,-1.149648428E0,2.730567753E-1,1.343903542E-1
9.696578223E0,-1.146594048E0,2.706133127E-1,1.350012124E-1
9.698612377E0,-1.140485406E0,2.614503205E-1,1.423316002E-1
9.700638492E0,-1.134376764E0,2.528982162E-1,1.453859210E-1
9.702805761E0,-1.123381138E0,2.406809032E-1,1.576032341E-1
9.704710492E0,-1.119716048E0,2.333505303E-1,1.618792862E-1
9.706710261E0,-1.103833556E0,2.199114859E-1,1.685988009E-1
9.708778877E0,-1.095281363E0,2.107485086E-1,1.728748679E-1
9.710812877E0,-1.075733662E0,1.905899495E-1,1.893682331E-1
9.712881377E0,-1.054964304E0,1.631010175E-1,1.966986060E-1
9.714916184E0,-1.029918790E0,1.343903542E-1,2.107485086E-1
9.716984915E0,-1.018312335E0,1.166752651E-1,2.162462920E-1
9.719019261E0,-9.938777685E-1,8.124507964E-2,2.254092693E-1
9.721088492E0,-9.761626720E-1,4.276056588E-2,2.370157093E-1
9.723092223E0,-9.663888216E-1,2.321287990E-2,2.394591719E-1
9.725043915E0,-9.529497623E-1,-1.466076635E-2,2.498438805E-1
9.727044569E0,-9.425650835E-1,-5.497787148E-2,2.516764700E-1
9.729112300E0,-9.401215911E-1,-7.452555746E-2,2.498438805E-1
9.731147223E0,-9.376781583E-1,-1.130100712E-1,2.528982162E-1
9.733216300E0,-9.382890463E-1,-1.514945775E-1,2.498438805E-1
9.735250415E0,-9.395107627E-1,-1.710422635E-1,2.492330223E-1
9.737319799E0,-9.352346659E-1,-2.156354338E-1,2.461786866E-1
9.739354107E0,-9.205739498E-1,-2.663372457E-1,2.388483137E-1
9.741370684E0,-9.126327038E-1,-2.987131178E-1,2.351831198E-1
9.743450146E0,-8.796459436E-1,-3.775147200E-1,2.290744632E-1
9.745402492E0,-8.265006542E-1,-4.807509482E-1,2.193006277E-1
9.747401915E0,-7.929030657E-1,-5.393940210E-1,2.168571651E-1
9.749470684E0,-7.055493593E-1,-6.805039048E-1,2.070833147E-1
9.751504299E0,-5.913175344E-1,-8.448266387E-1,2.046398520E-1
9.753572953E0,-5.235115290E-1,-9.370672703E-1,1.991420686E-1
9.755606799E0,-3.677408695E-1,-1.131933331E0,2.040289938E-1
9.757675722E0,-1.795943826E-1,-1.338405728E0,2.186897546E-1
9.759709684E0,-8.002334833E-2,-1.439809442E0,2.278527319E-1
9.761769184E0,1.466076523E-1,-1.635286212E0,2.687807083E-1
9.763894607E0,3.933972120E-1,-1.802052498E0,3.359758854E-1
9.765766069E0,5.241223574E-1,-1.869247675E0,3.726277947E-1
9.767765107E0,7.880161405E-1,-1.966375232E0,4.813618064E-1
9.769834107E0,1.051909924E0,-2.012800932E0,6.230825782E-1
9.771867799E0,1.180802464E0,-2.013411760E0,6.994407177E-1
9.773937722E0,1.428813815E0,-1.973705649E0,8.723155856E-1
9.775971415E0,1.652390480E0,-1.872912884E0,1.053131700E0
9.778040953E0,1.846034765E0,-1.713477015E0,1.222952247E0
9.780074876E0,1.923003793E0,-1.614516854E0,1.313971162E0
9.782092645E0,2.054950714E0,-1.376890302E0,1.460578799E0
9.784260876E0,2.147802114E0,-1.097113967E0,1.567480206E0
9.786166569E0,2.178956270E0,-9.443976879E-1,1.612073421E0
9.788165453E0,2.212553978E0,-6.181956530E-1,1.665218711E0
9.790234069E0,2.218662500E0,-2.669481039E-1,1.670716405E0
9.792268992E0,2.207056046E0,-8.857546002E-2,1.663386106E0
9.794337338E0,2.169793367E0,2.638937831E-1,1.616349459E0
9.796372184E0,2.110539436E0,6.053674817E-1,1.531439185E0
9.798440415E0,2.076941729E0,7.678576112E-1,1.483180761E0
9.800475145E0,1.988977194E0,1.070846796E0,1.358564258E0
9.802534568E0,1.883297563E0,1.339627504E0,1.218676209E0
9.804538992E0,1.828319669E0,1.459357023E0,1.142928839E0
9.806491992E0,1.698816299E0,1.670716405E0,9.786061049E-1
9.808491299E0,1.552208543E0,1.844812989E0,8.051204085E-1
9.810559992E0,1.474017859E0,1.916895151E0,7.220427394E-1
9.812594645E0,1.308473349E0,2.029294252E0,5.503895879E-1
9.814663376E0,1.128268123E0,2.092824221E0,3.830125034E-1
9.816696953E0,1.034805775E0,2.109317780E0,3.078760803E-1
9.818765607E0,8.448266387E-1,2.113593817E0,1.502728462E-1
9.820800376E0,6.469063163E-1,2.075109243E0,7.941247895E-3
9.822816222E0,5.510004759E-1,2.043344259E0,-5.558873713E-2
9.824896068E0,3.555235863E-1,1.944994926E0,-1.795943826E-1
9.826848684E0,1.667662114E-1,1.813048005E0,-2.852740586E-1
9.828848453E0,7.513642311E-2,1.740355134E0,-3.243694305E-1
9.830917338E0,-1.020144969E-1,1.571756244E0,-4.013384581E-1
9.832951722E0,-2.706133127E-1,1.383609772E0,-4.624249935E-1
9.834976261E0,-3.475823104E-1,1.282206178E0,-4.813618064E-1
9.836975376E0,-4.948008358E-1,1.076955438E0,-5.131267905E-1
9.839043761E0,-6.304129362E-1,8.643743396E-1,-5.308418870E-1
9.841079338E0,-6.914994717E-1,7.574729323E-1,-5.320636034E-1
9.843138722E0,-8.057312369E-1,5.369505286E-1,-5.210680366E-1
9.845331414E0,-9.053022861E-1,3.164281845E-1,-5.051855445E-1
9.847096761E0,-9.498954415E-1,2.095267773E-1,-4.905247986E-1
9.849096145E0,-1.028697014E0,4.276056774E-3,-4.569272101E-1
9.851164838E0,-1.095892191E0,-1.899790913E-1,-4.159992337E-1
9.853214222E0,-1.154535294E0,-2.803871334E-1,-3.915646076E-1
9.855268145E0,-1.176526427E0,-4.465425014E-1,-3.420845270E-1
9.857302453E0,-1.216843605E0,-5.955936313E-1,-2.846632004E-1
9.859371184E0,-1.241889000E0,-7.275404930E-1,-2.199114859E-1
9.861405607E0,-1.254717231E0,-7.855727077E-1,-1.905899495E-1
9.863423645E0,-1.264491081E0,-8.875871897E-1,-1.264491081E-1
9.865590799E0,-1.261436701E0,-9.682214260E-1,-6.169738993E-2
9.867497068E0,-1.261436701E0,-1.001819015E0,-2.932153270E-2
9.869495876E0,-1.247386813E0,-1.048855662E0,3.298672289E-2
9.871564376E0,-1.224173903E0,-1.076955438E0,9.101892263E-2
9.873599107E0,-1.213789225E0,-1.083064079E0,1.191187203E-1
9.875668684E0,-1.186300278E0,-1.080620646E0,1.728748679E-1
9.877703030E0,-1.153313637E0,-1.056185961E0,2.235766798E-1
9.879772107E0,-1.139263630E0,-1.040303469E0,2.449569702E-1
9.881806107E0,-1.106276989E0,-9.889908433E-1,2.871066630E-1
9.883869337E0,-1.081842303E0,-9.248499870E-1,3.249803185E-1
9.885872184E0,-1.064127207E0,-8.906415105E-1,3.402519524E-1
9.887824684E0,-1.036027431E0,-8.051204085E-1,3.628539443E-1
9.889824376E0,-1.005484223E0,-7.110471725E-1,3.848451078E-1
9.891893145E0,-9.920451641E-1,-6.640105247E-1,3.885102868E-1
9.893927453E0,-9.584475756E-1,-5.577199459E-1,4.001167417E-1
9.895996414E0,-9.242390990E-1,-4.483750761E-1,4.019493461E-1
9.898030876E0,-9.065240026E-1,-3.921754956E-1,3.988949955E-1
9.900099914E0,-8.686503768E-1,-2.785545588E-1,3.909537494E-1
9.902134145E0,-8.258898258E-1,-1.667662114E-1,3.750712574E-1
9.904150991E0,-8.057312369E-1,-1.105666086E-1,3.640756905E-1
9.906227337E0,-7.660250068E-1,-3.665191587E-3,3.433062732E-1
9.908179645E0,-7.232644558E-1,9.529497474E-2,3.084869385E-1
9.910179491E0,-7.037167549E-1,1.411098689E-1,2.901609838E-1
9.912248876E0,-6.633996367E-1,2.247984111E-1,2.547308207E-1
9.914283530E0,-6.261368990E-1,2.974913716E-1,2.089159191E-1
9.916352799E0,-5.894849896E-1,3.573561609E-1,1.600466967E-1
9.918388030E0,-5.729916096E-1,3.787364662E-1,1.362229437E-1
9.920457222E0,-5.393940210E-1,4.147774875E-1,8.368854225E-2
9.922491606E0,-5.070181489E-1,4.367686510E-1,2.748893574E-2
9.924552337E0,-4.929682612E-1,4.410447180E-1,0.000000000E0
9.926679645E0,-4.581489265E-1,4.422664344E-1,-5.314527452E-2
9.928550568E0,-4.239404798E-1,4.306600094E-1,-1.136209369E-1
9.930550453E0,-4.098905921E-1,4.196644127E-1,-1.417207420E-1
9.932619530E0,-3.762930036E-1,3.921754956E-1,-1.979203373E-1
9.934653760E0,-3.420845270E-1,3.536909819E-1,-2.535090744E-1
9.936722722E0,-3.243694305E-1,3.304781020E-1,-2.779437006E-1
9.938757260E0,-2.858849466E-1,2.840523422E-1,-3.262020350E-1
9.940827299E0,-2.486221492E-1,2.296853364E-1,-3.738495409E-1
9.942862260E0,-2.272418737E-1,2.021963894E-1,-3.958406746E-1
9.944887145E0,-1.875356287E-1,1.472185254E-1,-4.367686510E-1
9.947055799E0,-1.478293836E-1,9.468411654E-2,-4.721988440E-1
9.948962337E0,-1.270599663E-1,7.086037099E-2,-4.905247986E-1
9.950962299E0,-8.857546002E-2,1.954768784E-2,-5.155702829E-1
9.953031722E0,-5.375614017E-2,-2.809980139E-2,-5.351179838E-1
9.955066337E0,-3.298672289E-2,-4.825835302E-2,-5.473352671E-1
9.957135491E0,2.443460980E-3,-8.674286306E-2,-5.564982295E-1
9.959170568E0,3.298672289E-2,-1.209513173E-1,-5.583308339E-1
9.961239876E0,6.414084882E-2,-1.466076523E-1,-5.607742667E-1
9.963273991E0,7.880161703E-2,-1.594358236E-1,-5.540547967E-1
9.965333683E0,1.069014147E-1,-1.771509200E-1,-5.485569835E-1
9.967338183E0,1.331686229E-1,-1.905899495E-1,-5.381723046E-1
9.969291722E0,1.453859210E-1,-1.979203373E-1,-5.296201706E-1
9.971291491E0,1.692096740E-1,-2.064724565E-1,-5.149593949E-1
9.973361491E0,1.918116808E-1,-2.076941878E-1,-4.990769029E-1
9.975396145E0,2.015855312E-1,-2.095267773E-1,-4.874704778E-1
9.977464991E0,2.211332172E-1,-2.028072625E-1,-4.654793143E-1
9.979499183E0,2.376265824E-1,-1.924225539E-1,-4.459316432E-1
9.981568491E0,2.474004179E-1,-1.869247705E-1,-4.294382632E-1
9.983602914E0,2.596177161E-1,-1.710422635E-1,-4.037819207E-1
9.985624991E0,2.755002379E-1,-1.545489132E-1,-3.805690408E-1
9.987704183E0,2.767219543E-1,-1.453859210E-1,-3.640756905E-1
9.989657452E0,2.864958048E-1,-1.227839142E-1,-3.384193480E-1
9.991657337E0,2.932153046E-1,-9.957103431E-2,-3.152064681E-1
9.993726799E0,2.950479090E-1,-8.735372871E-2,-2.974913716E-1
9.995761645E0,2.956587672E-1,-6.047565863E-2,-2.724458873E-1
9.997830837E0,2.956587672E-1,-3.787364438E-2,-2.504547536E-1
9.999864760E0,2.974913716E-1,-2.199114859E-2,-2.376265824E-1
1.000193418E1,2.950479090E-1,3.054326167E-3,-2.113593817E-1
1.000396803E1,2.883284092E-1,2.626720630E-2,-1.924225539E-1
1.000603388E1,2.877175212E-1,4.092797264E-2,-1.838704348E-1
1.000816038E1,2.803871334E-1,6.597344577E-2,-1.655444801E-1
1.001003138E1,2.700024247E-1,8.857546002E-2,-1.490511149E-1
1.001203049E1,2.638937831E-1,1.032362282E-1,-1.423316002E-1
1.001409949E1,2.553416789E-1,1.258382350E-1,-1.295034289E-1
1.001613449E1,2.388483137E-1,1.478293836E-1,-1.215621829E-1
1.001820388E1,2.327396572E-1,1.588249654E-1,-1.166752651E-1
1.002023853E1,2.174680233E-1,1.783726513E-1,-1.069014147E-1
1.002230784E1,1.973094791E-1,1.936442852E-1,-1.020144969E-1
1.002434230E1,1.783726513E-1,2.076941878E-1,-9.896016866E-2
1.002636465E1,1.698205322E-1,2.131919712E-1,-9.407325089E-2
1.002853241E1,1.490511149E-1,2.241875380E-1,-9.590584040E-2
1.003043688E1,1.295034289E-1,2.296853364E-1,-9.285151958E-2
1.003243664E1,1.185078546E-1,2.315179259E-1,-9.101892263E-2
1.003450511E1,1.007927656E-1,2.376265824E-1,-9.040805697E-2
1.003653957E1,7.941248268E-2,2.394591719E-1,-8.491026610E-2
1.003860876E1,6.658431143E-2,2.431243658E-1,-8.429940045E-2
1.004064334E1,4.886921868E-2,2.431243658E-1,-8.491026610E-2
1.004271180E1,2.993239649E-2,2.419026345E-1,-8.307767659E-2
1.004474680E1,2.260201424E-2,2.431243658E-1,-8.185594529E-2
1.004682261E1,7.330383174E-3,2.455678284E-1,-8.002334833E-2
1.004882430E1,-1.099557430E-2,2.455678284E-1,-7.391469181E-2
1.005082914E1,-1.466076635E-2,2.474004179E-1,-7.574728876E-2
1.005286372E1,-2.443460934E-2,2.492330223E-1,-7.086037099E-2
1.005493322E1,-3.420845419E-2,2.522873580E-1,-6.658431143E-2
1.005696807E1,-3.726277873E-2,2.547308207E-1,-6.414084882E-2
1.005903722E1,-4.398229718E-2,2.608394623E-1,-5.803219974E-2
1.006107157E1,-4.703662544E-2,2.700024247E-1,-5.009094998E-2
1.006314053E1,-4.764748737E-2,2.834414840E-1,-4.764748737E-2
1.006517522E1,-4.948008433E-2,2.877175212E-1,-4.214970022E-2
1.006719764E1,-4.642575979E-2,3.036000133E-1,-3.726277873E-2
1.006927638E1,-4.398229718E-2,3.200933933E-1,-3.298672289E-2
1.007123018E1,-3.970624134E-2,3.280346394E-1,-2.687807009E-2
1.007322980E1,-3.543018550E-2,3.463605940E-1,-1.832595654E-2
1.007529880E1,-2.504547499E-2,3.634648323E-1,-1.038470957E-2
1.007733395E1,-1.771509275E-2,3.738495409E-1,-5.497787148E-3
1.007935872E1,-4.276056774E-3,3.909537494E-1,0.000000000E0
1.008135880E1,1.282817032E-2,4.098905921E-1,1.038470957E-2
1.008342799E1,2.260201424E-2,4.135557711E-1,1.771509275E-2
1.008546299E1,4.642575979E-2,4.282165468E-1,2.321287990E-2
1.008752968E1,7.391469181E-2,4.416555762E-1,3.848451003E-2
1.008972245E1,8.796459436E-2,4.502076805E-1,4.520402849E-2
1.009148838E1,1.203404516E-1,4.624249935E-1,5.681046844E-2
1.009348795E1,1.569923609E-1,4.728097022E-1,6.963863969E-2
1.009555734E1,1.740965992E-1,4.770857692E-1,7.880161703E-2
1.009759172E1,2.156354338E-1,4.831944108E-1,8.735372871E-2
1.009966076E1,2.590068579E-1,4.886921942E-1,1.044579595E-1
1.010169557E1,2.809980214E-1,4.917465150E-1,1.111774743E-1
1.010376399E1,3.255911767E-1,4.960225821E-1,1.215621829E-1
1.010579903E1,3.720169365E-1,4.972442985E-1,1.356120855E-1
1.010782184E1,3.958406746E-1,4.978551865E-1,1.459967941E-1
1.010998918E1,4.428772926E-1,4.990769029E-1,1.514945775E-1
1.011189453E1,4.948008358E-1,5.002986193E-1,1.631010175E-1
1.011389364E1,5.167919993E-1,4.978551865E-1,1.728748679E-1
1.011596241E1,5.650503635E-1,4.984660447E-1,1.826487035E-1
1.011799714E1,6.114761233E-1,4.960225821E-1,1.936442852E-1
1.012006530E1,6.359107494E-1,4.954117239E-1,1.997529417E-1
1.012209953E1,6.823364496E-1,4.941899776E-1,2.070833147E-1
1.012416845E1,7.232644558E-1,4.899139404E-1,2.156354338E-1
1.012620349E1,7.666358948E-1,4.911356568E-1,2.180788964E-1
1.012827145E1,7.874053121E-1,4.905247986E-1,2.205223590E-1
1.013027595E1,8.271115422E-1,4.868595898E-1,2.235766798E-1
1.013222930E1,8.466592431E-1,4.893030524E-1,2.235766798E-1
1.013422926E1,8.808676600E-1,4.856378734E-1,2.217440903E-1
1.013629788E1,9.144652486E-1,4.856378734E-1,2.241875380E-1
1.013833311E1,9.303477407E-1,4.868595898E-1,2.205223590E-1
1.014040257E1,9.553932548E-1,4.856378734E-1,2.174680233E-1
1.014243714E1,9.798278809E-1,4.850270152E-1,2.125810981E-1
1.014450641E1,1.005484223E0,4.831944108E-1,2.107485086E-1
1.014654064E1,1.014036298E0,4.795292318E-1,2.095267773E-1
1.014857322E1,1.032973170E0,4.721988440E-1,2.119702399E-1
1.015065264E1,1.047633886E0,4.581489265E-1,2.156354338E-1
1.015260584E1,1.050077319E0,4.495968223E-1,2.180788964E-1
1.015460468E1,1.057407737E0,4.269948006E-1,2.260201424E-1
1.015667441E1,1.059851170E0,3.995058835E-1,2.357939780E-1
1.015870953E1,1.059851170E0,3.836233616E-1,2.394591719E-1
1.016077972E1,1.057407737E0,3.524692357E-1,2.528982162E-1
1.016281403E1,1.051909924E0,3.200933933E-1,2.620611787E-1
1.016488403E1,1.051299095E0,3.036000133E-1,2.620611787E-1
1.016691864E1,1.048855662E0,2.687807083E-1,2.712241709E-1
1.016898445E1,1.044579625E0,2.278527319E-1,2.736676335E-1
1.017111161E1,1.042747021E0,1.795943826E-1,2.712241709E-1
1.017298141E1,1.040914416E0,1.496619880E-1,2.742784917E-1
1.017498134E1,1.041525245E0,8.857546002E-2,2.681698501E-1
1.017705053E1,1.042747021E0,5.497787148E-2,2.645046413E-1
1.017908499E1,1.039692640E0,-2.015855350E-2,2.638937831E-1
1.018115418E1,1.040303469E0,-1.038470939E-1,2.583959997E-1
1.018318895E1,1.039692640E0,-1.441642046E-1,2.577851415E-1
1.018525799E1,1.037860036E0,-2.339613885E-1,2.651155293E-1
1.018729191E1,1.033583999E0,-3.329215646E-1,2.669481039E-1
1.018931045E1,1.025031924E0,-4.288274050E-1,2.724458873E-1
1.019147738E1,1.020755768E0,-4.801400900E-1,2.755002379E-1
1.019338341E1,1.003040791E0,-5.803219676E-1,2.828305960E-1
1.019538260E1,9.786061049E-1,-6.860016584E-1,2.822197378E-1
1.019745222E1,9.627236128E-1,-7.373143435E-1,2.822197378E-1
1.019948753E1,9.236282706E-1,-8.423831463E-1,2.730567753E-1
1.020155668E1,8.625417352E-1,-9.388998747E-1,2.583959997E-1
1.020359241E1,8.283332586E-1,-9.822713137E-1,2.498438805E-1
1.020566053E1,7.513642311E-1,-1.056796908E0,2.229658216E-1
1.020769476E1,6.603453159E-1,-1.109331250E0,1.863138974E-1
1.020975560E1,6.059783101E-1,-1.124602914E0,1.661553532E-1
1.021177607E1,4.899139404E-1,-1.138041973E0,1.154535338E-1
1.021372795E1,3.573561609E-1,-1.126435518E0,5.925392732E-2
1.021572734E1,2.919935882E-1,-1.105666041E0,2.504547499E-2
1.021779588E1,1.441642046E-1,-1.044579625E0,-4.031710699E-2
1.021983080E1,-7.330383174E-3,-9.566149712E-1,-1.099557430E-1
1.022189976E1,-8.491026610E-2,-9.028588533E-1,-1.466076523E-1
1.022393414E1,-2.406809032E-1,-7.800748944E-1,-2.199114859E-1
1.022600360E1,-3.970624208E-1,-6.414085031E-1,-2.877175212E-1
1.022803726E1,-4.697553813E-1,-5.613851547E-1,-3.255911767E-1
1.023005564E1,-6.151412725E-1,-4.001167417E-1,-3.933972120E-1
1.023213445E1,-7.458664775E-1,-2.247984111E-1,-4.532620013E-1
1.023408780E1,-8.057312369E-1,-1.331686229E-1,-4.874704778E-1
1.023608795E1,-9.132435322E-1,4.886921868E-2,-5.418374538E-1
1.023815753E1,-1.005484223E0,2.247984111E-1,-5.907067060E-1
1.024019234E1,-1.047633886E0,3.109304011E-1,-6.120869517E-1
1.024226161E1,-1.116050839E0,4.703662395E-1,-6.511823535E-1
1.024429564E1,-1.171028733E0,6.175847650E-1,-6.817256212E-1
1.024636464E1,-1.213178396E0,7.476990819E-1,-7.067710757E-1
1.024839845E1,-1.226617455E0,8.069530129E-1,-7.171558142E-1
1.025045818E1,-1.244943380E0,9.114109278E-1,-7.324274182E-1
1.025258591E1,-1.257771492E0,9.981538057E-1,-7.415903807E-1
1.025442391E1,-1.255938888E0,1.032973170E0,-7.440338731E-1
1.025642295E1,-1.249219418E0,1.085507512E0,-7.403686643E-1
1.025849203E1,-1.229671717E0,1.116050839E0,-7.373143435E-1
1.026054114E1,-1.219897866E0,1.123992085E0,-7.312057018E-1
1.026259537E1,-1.185689449E0,1.120937705E0,-7.116580009E-1
1.026462911E1,-1.144150615E0,1.097113967E0,-6.908885837E-1
1.026669822E1,-1.119105101E0,1.079398870E0,-6.756169796E-1
1.026873207E1,-1.062905550E0,1.032973170E0,-6.432411075E-1
1.027075114E1,-9.963212013E-1,9.712757468E-1,-6.072000265E-1
1.027291810E1,-9.590584636E-1,9.352346659E-1,-5.864306092E-1
1.027482364E1,-8.790351152E-1,8.478809595E-1,-5.338962078E-1
1.027682353E1,-7.874053121E-1,7.440338731E-1,-4.746423066E-1
1.027889326E1,-7.428121567E-1,6.841690540E-1,-4.416555762E-1
1.028092784E1,-6.389650702E-1,5.638286471E-1,-3.659082949E-1
1.028299737E1,-5.351179838E-1,4.343251884E-1,-2.834414840E-1
1.028503237E1,-4.789183438E-1,3.652974069E-1,-2.486221492E-1
1.028710214E1,-3.689626157E-1,2.199114859E-1,-1.563815027E-1
1.028913687E1,-2.565633953E-1,8.002334833E-2,-6.352998316E-2
1.029119703E1,-1.954768747E-1,6.108652335E-3,-2.199114859E-2
1.029320157E1,-8.124507964E-2,-1.319468915E-1,7.086037099E-2
1.029515503E1,2.871066704E-2,-2.645046413E-1,1.588249654E-1
1.029715468E1,8.429940045E-2,-3.280346394E-1,1.966986060E-1
1.029922387E1,1.905899495E-1,-4.495968223E-1,2.724458873E-1
1.030125872E1,2.889392674E-1,-5.687155724E-1,3.341432810E-1
1.030332814E1,3.347541690E-1,-6.255260110E-1,3.646865487E-1
1.030536214E1,4.221078753E-1,-7.312057018E-1,4.196644127E-1
1.030743114E1,5.057964325E-1,-8.265006542E-1,4.544837475E-1
1.030946537E1,5.797111392E-1,-9.138544202E-1,4.935791194E-1
1.031148399E1,6.126978397E-1,-9.517280459E-1,5.082398653E-1
1.031356326E1,6.768386960E-1,-1.021366715E0,5.265658498E-1
1.031551649E1,7.354817390E-1,-1.076344609E0,5.381723046E-1
1.031751564E1,7.617489696E-1,-1.100168347E0,5.387831330E-1
1.031958407E1,8.081747293E-1,-1.134376764E0,5.369505286E-1
1.032161857E1,8.454375267E-1,-1.152702689E0,5.277875662E-1
1.032364230E1,8.637634516E-1,-1.156978726E0,5.180137157E-1
1.032564176E1,8.888089061E-1,-1.153924465E0,4.966334403E-1
1.032771057E1,9.034696817E-1,-1.138041973E0,4.660901725E-1
1.032974453E1,9.071348906E-1,-1.125213742E0,4.483750761E-1
1.033180472E1,9.077457786E-1,-1.097113967E0,4.105014503E-1
1.033399730E1,9.004153609E-1,-1.062905550E0,3.652974069E-1
1.033576314E1,8.955284357E-1,-1.041525245E0,3.371976018E-1
1.033776257E1,8.759807348E-1,-1.001819015E0,2.852740586E-1
1.033983126E1,8.503243923E-1,-9.553932548E-1,2.272418737E-1
1.034186560E1,8.362745047E-1,-9.321803451E-1,1.954768747E-1
1.034393391E1,8.020660877E-1,-8.881980777E-1,1.343903542E-1
1.034596784E1,7.660250068E-1,-8.454375267E-1,6.780604273E-2
1.034803584E1,7.440338731E-1,-8.197811842E-1,3.481931984E-2
1.035006941E1,7.067710757E-1,-7.788531780E-1,-3.726277873E-2
1.035208664E1,6.646214128E-1,-7.434229851E-1,-1.044579595E-1
1.035425422E1,6.426302195E-1,-7.238753438E-1,-1.380555481E-1
1.035615834E1,5.949827433E-1,-6.921103001E-1,-2.058615834E-1
1.035815780E1,5.485569835E-1,-6.646214128E-1,-2.730567753E-1
1.036022657E1,5.253441334E-1,-6.542366743E-1,-3.103195429E-1
1.036226022E1,4.764748812E-1,-6.328563690E-1,-3.775147200E-1
1.036432926E1,4.245513380E-1,-6.181956530E-1,-4.386012554E-1
1.036636280E1,3.995058835E-1,-6.120869517E-1,-4.667010605E-1
1.036843084E1,3.506366611E-1,-6.059783101E-1,-5.210680366E-1
1.037046518E1,3.017674387E-1,-5.998696685E-1,-5.687155724E-1
1.037252622E1,2.614503205E-1,-5.894849896E-1,-6.059783101E-1
1.037452918E1,2.406809032E-1,-5.833762884E-1,-6.200281978E-1
1.037648180E1,2.089159191E-1,-5.644394755E-1,-6.426302195E-1
1.037848107E1,1.991420686E-1,-5.522221923E-1,-6.475171447E-1
1.038054984E1,1.747074574E-1,-5.259549618E-1,-6.511823535E-1
1.038258372E1,1.594358236E-1,-4.966334403E-1,-6.462954283E-1
1.038465314E1,1.527163088E-1,-4.660901725E-1,-6.322455406E-1
1.038668653E1,1.502728462E-1,-4.502076805E-1,-6.200281978E-1
1.038875487E1,1.496619880E-1,-4.190535545E-1,-5.949827433E-1
1.039078861E1,1.539380401E-1,-3.878994286E-1,-5.552765131E-1
1.039280711E1,1.569923609E-1,-3.738495409E-1,-5.393940210E-1
1.039488618E1,1.637118906E-1,-3.445279896E-1,-4.948008358E-1
1.039683880E1,1.698205322E-1,-3.139847219E-1,-4.489859641E-1
1.039883849E1,1.753183305E-1,-2.981022298E-1,-4.263839424E-1
1.040090749E1,1.850921661E-1,-2.706133127E-1,-3.756821156E-1
1.040294191E1,1.924225539E-1,-2.474004179E-1,-3.213151097E-1
1.040501037E1,1.966986060E-1,-2.388483137E-1,-2.956587672E-1
1.040704418E1,2.034181207E-1,-2.199114859E-1,-2.474004179E-1
1.040911276E1,2.089159191E-1,-2.083050460E-1,-1.930334121E-1
1.041114714E1,2.107485086E-1,-2.034181207E-1,-1.710422635E-1
1.041320653E1,2.119702399E-1,-1.966986060E-1,-1.209513173E-1
1.041533268E1,2.156354338E-1,-1.954768747E-1,-7.513642311E-2
1.041720287E1,2.168571651E-1,-1.966986060E-1,-5.253441259E-2
1.041920187E1,2.174680233E-1,-2.009746730E-1,-1.038470957E-2
1.042127118E1,2.199114859E-1,-2.101376504E-1,3.054326214E-2
1.042330503E1,2.186897546E-1,-2.174680233E-1,4.825835302E-2
1.042537345E1,2.205223590E-1,-2.357939780E-1,8.368854225E-2
1.042740807E1,2.193006277E-1,-2.614503205E-1,1.111774743E-1
1.042947607E1,2.205223590E-1,-2.779437006E-1,1.258382350E-1
1.043151057E1,2.223549485E-1,-3.115412891E-1,1.514945775E-1
1.043352891E1,2.223549485E-1,-3.524692357E-1,1.722639948E-1
1.043569622E1,2.199114859E-1,-3.933972120E-1,1.869247705E-1
1.043760172E1,2.241875380E-1,-4.166100919E-1,1.918116808E-1
1.043960064E1,2.217440903E-1,-4.648684561E-1,2.040289938E-1
1.044166934E1,2.247984111E-1,-5.119050741E-1,2.064724565E-1
1.044370422E1,2.260201424E-1,-5.357288122E-1,2.040289938E-1
1.044577310E1,2.247984111E-1,-5.858197808E-1,2.046398520E-1
1.044780695E1,2.254092693E-1,-6.377432942E-1,1.985312104E-1
1.044987622E1,2.272418737E-1,-6.615670323E-1,1.942551434E-1
1.045191064E1,2.284636050E-1,-7.098253965E-1,1.857030392E-1
1.045396980E1,2.266310006E-1,-7.586946487E-1,1.673770845E-1
1.045597341E1,2.260201424E-1,-7.819074988E-1,1.582140923E-1
1.045792607E1,2.254092693E-1,-8.277224302E-1,1.368338168E-1
1.045992564E1,2.211332172E-1,-8.747590184E-1,1.136209369E-1
1.046199414E1,2.211332172E-1,-8.930850029E-1,9.834930301E-2
1.046402864E1,2.156354338E-1,-9.364564419E-1,7.024950534E-2
1.046609776E1,2.113593817E-1,-9.755517840E-1,3.970624134E-2
1.046813226E1,2.107485086E-1,-9.950994849E-1,2.260201424E-2
1.047020110E1,2.028072625E-1,-1.032973170E0,-1.160643995E-2
1.047223572E1,1.960877478E-1,-1.067181587E0,-4.214970022E-2
1.047423491E1,1.918116808E-1,-1.086118460E0,-5.925392732E-2
1.047631360E1,1.820378453E-1,-1.115439892E0,-9.346238524E-2
1.047826607E1,1.716531366E-1,-1.144761443E0,-1.221730486E-1
1.048026518E1,1.631010175E-1,-1.156978726E0,-1.411098689E-1
1.048233426E1,1.496619880E-1,-1.179580808E0,-1.740965992E-1
1.048436837E1,1.368338168E-1,-1.200961113E0,-2.015855312E-1
1.048643672E1,1.270599663E-1,-1.209513187E0,-2.144137025E-1
1.048847145E1,1.117883399E-1,-1.227228284E0,-2.406809032E-1
1.049054014E1,9.407325089E-2,-1.237002134E0,-2.596177161E-1
1.049257437E1,9.040805697E-2,-1.243110776E0,-2.742784917E-1
1.049464910E1,7.086037099E-2,-1.245554209E0,-2.864958048E-1
1.049677626E1,4.764748737E-2,-1.242499948E0,-3.017674387E-1
1.049864722E1,3.787364438E-2,-1.237002134E0,-3.097086847E-1
1.050064618E1,1.649336144E-2,-1.222341299E0,-3.164281845E-1
1.050271564E1,-7.330383174E-3,-1.202182770E0,-3.286454976E-1
1.050474945E1,-3.420845419E-2,-1.174693823E0,-3.304781020E-1
1.050681822E1,-4.398229718E-2,-1.160643935E0,-3.329215646E-1
1.050885284E1,-7.024950534E-2,-1.127046347E0,-3.335324228E-1
1.051092068E1,-9.285151958E-2,-1.084896684E0,-3.408628106E-1
1.051295426E1,-1.050688252E-1,-1.065959811E0,-3.359758854E-1
1.051497864E1,-1.295034289E-1,-1.021366715E0,-3.323107064E-1
1.051714457E1,-1.539380401E-1,-9.749409556E-1,-3.231477141E-1
1.051904899E1,-1.655444801E-1,-9.511171579E-1,-3.164281845E-1
1.052104803E1,-1.863138974E-1,-9.016370773E-1,-3.060434759E-1
1.052311660E1,-2.119702399E-1,-8.509352803E-1,-2.883284092E-1
1.052515022E1,-2.223549485E-1,-8.234463334E-1,-2.779437006E-1
1.052721799E1,-2.425135076E-1,-7.709119320E-1,-2.571742535E-1
1.052925176E1,-2.632829249E-1,-7.147123218E-1,-2.315179259E-1
1.053131984E1,-2.718350291E-1,-6.847799420E-1,-2.193006277E-1
1.053335395E1,-2.919935882E-1,-6.285803318E-1,-1.924225539E-1
1.053542107E1,-3.127630055E-1,-5.711590052E-1,-1.655444801E-1
1.053742330E1,-3.219259977E-1,-5.400048494E-1,-1.514945775E-1
1.053937568E1,-3.426954150E-1,-4.819726646E-1,-1.240056455E-1
1.054137472E1,-3.610213697E-1,-4.276056588E-1,-9.285151958E-2
1.054344349E1,-3.695734739E-1,-3.970624208E-1,-7.819075137E-2
1.054547772E1,-3.915646076E-1,-3.481931984E-1,-5.070181563E-2
1.054754649E1,-4.111123085E-1,-3.023782969E-1,-1.954768784E-2
1.054958107E1,-4.196644127E-1,-2.809980214E-1,-6.719517522E-3
1.055164941E1,-4.379903674E-1,-2.449569702E-1,1.771509275E-2
1.055368326E1,-4.599815309E-1,-2.162462920E-1,4.948008433E-2
1.055570645E1,-4.776966274E-1,-1.948660165E-1,6.108652428E-2
1.055778653E1,-4.893030524E-1,-1.893682331E-1,8.735372871E-2
1.055973845E1,-5.064072609E-1,-1.826487035E-1,1.154535338E-1
1.056173799E1,-5.180137157E-1,-1.802052408E-1,1.288925707E-1
1.056380668E1,-5.375614166E-1,-1.875356287E-1,1.521054506E-1
1.056584257E1,-5.564982295E-1,-1.985312104E-1,1.777617931E-1
1.056786664E1,-5.748242140E-1,-2.180788964E-1,1.997529417E-1
1.056986641E1,-5.833762884E-1,-2.266310006E-1,2.076941878E-1
1.057193507E1,-6.023131609E-1,-2.528982162E-1,2.296853364E-1
1.057396991E1,-6.169738770E-1,-2.852740586E-1,2.510656118E-1
1.057602864E1,-6.255260110E-1,-3.060434759E-1,2.596177161E-1
1.057822214E1,-6.401867867E-1,-3.439171314E-1,2.779437006E-1
1.057998703E1,-6.542366743E-1,-3.866777122E-1,2.974913716E-1
1.058198718E1,-6.579018831E-1,-4.074471295E-1,3.048217595E-1
1.058405568E1,-6.713408828E-1,-4.532620013E-1,3.133738637E-1
1.058608887E1,-6.805039048E-1,-5.033529401E-1,3.268128932E-1
1.058815741E1,-6.853908300E-1,-5.302310586E-1,3.329215646E-1
1.059019164E1,-6.933320761E-1,-5.827654600E-1,3.396410644E-1
1.059226080E1,-6.969972253E-1,-6.322455406E-1,3.506366611E-1
1.059429418E1,-7.000515461E-1,-6.591235995E-1,3.488040566E-1
1.059631314E1,-7.018841505E-1,-7.073819637E-1,3.561344445E-1
1.059848026E1,-7.012733221E-1,-7.531968355E-1,3.591887653E-1
1.060038584E1,-6.969972253E-1,-7.751879692E-1,3.579670191E-1
1.060238530E1,-6.908885837E-1,-8.191702962E-1,3.640756905E-1
1.060445380E1,-6.823364496E-1,-8.668177724E-1,3.677408695E-1
1.060648749E1,-6.762278080E-1,-8.875871897E-1,3.695734739E-1
1.060855595E1,-6.676757336E-1,-9.291260242E-1,3.701843321E-1
1.061058980E1,-6.560692787E-1,-9.694431424E-1,3.707951903E-1
1.061265772E1,-6.487388611E-1,-9.908234477E-1,3.714060783E-1
1.061469103E1,-6.401867867E-1,-1.029307961E0,3.714060783E-1
1.061675026E1,-6.291912198E-1,-1.065348983E0,3.707951903E-1
1.061875395E1,-6.243042946E-1,-1.084896684E0,3.726277947E-1
1.062070514E1,-6.126978397E-1,-1.119716048E0,3.701843321E-1
1.062270441E1,-6.023131609E-1,-1.152091861E0,3.695734739E-1
1.062477310E1,-5.980370641E-1,-1.165530920E0,3.677408695E-1
1.062680741E1,-5.864306092E-1,-1.192408919E0,3.714060783E-1
1.062887572E1,-5.736024380E-1,-1.215621829E0,3.659082949E-1
1.063091022E1,-5.693264008E-1,-1.225395679E0,3.665191531E-1
1.063297899E1,-5.583308339E-1,-1.244943380E0,3.671300113E-1
1.063501353E1,-5.479460955E-1,-1.262047648E0,3.677408695E-1
1.063702964E1,-5.357288122E-1,-1.280373573E0,3.665191531E-1
1.063910922E1,-5.314527750E-1,-1.286482215E0,3.701843321E-1
1.064106210E1,-5.216789246E-1,-1.301753879E0,3.732386529E-1
1.064306126E1,-5.057964325E-1,-1.307862520E0,3.720169365E-1
1.064513072E1,-5.039638281E-1,-1.321301579E0,3.738495409E-1
1.064716522E1,-4.905247986E-1,-1.331075311E0,3.781255782E-1
1.064923403E1,-4.789183438E-1,-1.343292713E0,3.793473244E-1
1.065126814E1,-4.709770977E-1,-1.346346974E0,3.805690408E-1
1.065333649E1,-4.563163519E-1,-1.350012183E0,3.817907870E-1
1.065537018E1,-4.404338300E-1,-1.355509996E0,3.793473244E-1
1.065742983E1,-4.367686510E-1,-1.356120825E0,3.824016452E-1
1.065955749E1,-4.147774875E-1,-1.357953429E0,3.848451078E-1
1.066142741E1,-3.982841372E-1,-1.363451242E0,3.866777122E-1
1.066342656E1,-3.933972120E-1,-1.364672899E0,3.891211748E-1
1.066549568E1,-3.762930036E-1,-1.370781660E0,3.952298164E-1
1.066754456E1,-3.604104817E-1,-1.372614264E0,3.995058835E-1
1.066959837E1,-3.506366611E-1,-1.372003317E0,4.007275999E-1
1.067163291E1,-3.335324228E-1,-1.375668526E0,4.062253833E-1
1.067370122E1,-3.164281845E-1,-1.378111959E0,4.056145251E-1
1.067573491E1,-3.078760803E-1,-1.379333735E0,4.092797041E-1
1.067775018E1,-2.883284092E-1,-1.384831548E0,4.135557711E-1
1.067991737E1,-2.718350291E-1,-1.386664152E0,4.135557711E-1
1.068182276E1,-2.620611787E-1,-1.387885809E0,4.129449129E-1
1.068382191E1,-2.449569702E-1,-1.389718413E0,4.178318381E-1
1.068589045E1,-2.260201424E-1,-1.393994451E0,4.202753007E-1
1.068792491E1,-2.223549485E-1,-1.392772794E0,4.184426963E-1
1.068999430E1,-2.046398520E-1,-1.397048831E0,4.196644127E-1
1.069202780E1,-1.893682331E-1,-1.402546644E0,4.141666293E-1
1.069409749E1,-1.789835095E-1,-1.411098719E0,4.111123085E-1
1.069613199E1,-1.753183305E-1,-1.414763927E0,4.117231667E-1
1.069819283E1,-1.655444801E-1,-1.421483397E0,4.043927789E-1
1.070019618E1,-1.600466967E-1,-1.426981211E0,3.952298164E-1
1.070214849E1,-1.582140923E-1,-1.433700681E0,3.933972120E-1
1.070414799E1,-1.551597714E-1,-1.437365890E0,3.848451078E-1
1.070621660E1,-1.582140923E-1,-1.438587666E0,3.720169365E-1
1.070825076E1,-1.624901593E-1,-1.438587666E0,3.665191531E-1
1.071031972E1,-1.685988009E-1,-1.440420270E0,3.585779071E-1
1.071235430E1,-1.783726513E-1,-1.439809442E0,3.408628106E-1
1.071442360E1,-1.826487035E-1,-1.441031098E0,3.353650272E-1
1.071645772E1,-2.009746730E-1,-1.436144233E0,3.237585723E-1
1.071847568E1,-2.217440903E-1,-1.431257248E0,3.054326177E-1
1.072055426E1,-2.309070677E-1,-1.425148606E0,3.011565804E-1
1.072250730E1,-2.565633953E-1,-1.417207360E0,2.883284092E-1
1.072450614E1,-2.852740586E-1,-1.400714040E0,2.742784917E-1
1.072657537E1,-3.023782969E-1,-1.394605398E0,2.657263875E-1
1.072860960E1,-3.335324228E-1,-1.378111959E0,2.528982162E-1
1.073067810E1,-3.683517575E-1,-1.364062071E0,2.400700450E-1
1.073271303E1,-3.897320330E-1,-1.357342601E0,2.333505303E-1
1.073478180E1,-4.257730842E-1,-1.345736146E0,2.278527319E-1
1.073681626E1,-4.624249935E-1,-1.334740520E0,2.131919712E-1
1.073889087E1,-4.807509482E-1,-1.331075311E0,2.040289938E-1
1.074101795E1,-5.149593949E-1,-1.323134065E0,1.973094791E-1
1.074288733E1,-5.479460955E-1,-1.313360333E0,1.844813079E-1
1.074488695E1,-5.638286471E-1,-1.312138557E0,1.759291887E-1
1.074695576E1,-5.925393105E-1,-1.302364707E0,1.649336219E-1
1.074899033E1,-6.206390858E-1,-1.298088670E0,1.545489132E-1
1.075105995E1,-6.420193911E-1,-1.298088670E0,1.435533315E-1
1.075309437E1,-6.475171447E-1,-1.298088670E0,1.374446750E-1
1.075516368E1,-6.621779203E-1,-1.302975535E0,1.319468915E-1
1.075719826E1,-6.682865620E-1,-1.308473349E0,1.258382350E-1
1.075921699E1,-6.676757336E-1,-1.312138557E0,1.221730486E-1
1.076138464E1,-6.640105247E-1,-1.326188445E0,1.233947799E-1
1.076329007E1,-6.517932415E-1,-1.343903542E0,1.276708394E-1
1.076529041E1,-6.407976151E-1,-1.355509996E0,1.301143020E-1
1.076735926E1,-6.212499738E-1,-1.379944563E0,1.404990107E-1
1.076939441E1,-5.919284225E-1,-1.408044338E0,1.551597714E-1
1.077146333E1,-5.742133260E-1,-1.425148606E0,1.637118906E-1
1.077349826E1,-5.369505286E-1,-1.461800575E0,1.857030392E-1
1.077556757E1,-4.929682612E-1,-1.505782843E0,2.107485086E-1
1.077760172E1,-4.691445231E-1,-1.530217409E0,2.284636050E-1
1.077966172E1,-4.184426963E-1,-1.583362699E0,2.577851415E-1
1.078166564E1,-3.597996235E-1,-1.641394973E0,2.932153046E-1
1.078361876E1,-3.298672438E-1,-1.670105577E0,3.103195429E-1
1.078561868E1,-2.632829249E-1,-1.733635545E0,3.518583775E-1
1.078768737E1,-1.918116808E-1,-1.802052498E0,3.927863538E-1
1.078972272E1,-1.576032341E-1,-1.833206654E0,4.141666293E-1
1.079179106E1,-8.002334833E-2,-1.893071413E0,4.587597847E-1
1.079382591E1,2.443460980E-3,-1.949881911E0,4.972442985E-1
1.079589495E1,4.031710699E-2,-1.973705649E0,5.198463202E-1
1.079792968E1,1.197295859E-1,-2.017687798E0,5.589417219E-1
1.079994945E1,2.003637999E-1,-2.047620296E0,5.931501389E-1
1.080202926E1,2.767219543E-1,-2.070833206E0,6.200281978E-1
1.080398210E1,3.127630055E-1,-2.077552795E0,6.334672570E-1
1.080598230E1,3.805690408E-1,-2.078774452E0,6.511823535E-1
1.080805026E1,4.105014503E-1,-2.076330900E0,6.554583907E-1
1.081008599E1,4.660901725E-1,-2.057394028E0,6.640105247E-1
1.081211064E1,5.119050741E-1,-2.028072596E0,6.542366743E-1
1.081411041E1,5.314527750E-1,-2.008524895E0,6.475171447E-1
1.081617964E1,5.613851547E-1,-1.963320851E0,6.298020482E-1
1.081821468E1,5.882632136E-1,-1.909564734E0,5.998696685E-1
1.082027476E1,6.029239893E-1,-1.846645594E0,5.613851547E-1
1.082246841E1,6.041457057E-1,-1.813658953E0,5.418374538E-1
1.082423441E1,6.041457057E-1,-1.744631171E0,4.923573732E-1
1.082623433E1,6.029239893E-1,-1.709811807E0,4.642575979E-1
1.082830322E1,5.937610269E-1,-1.640173197E0,4.098905921E-1
1.083033772E1,5.803219676E-1,-1.569312811E0,3.524692357E-1
1.083240753E1,5.607742667E-1,-1.496619821E0,2.944370508E-1
1.083444237E1,5.467243791E-1,-1.461189628E0,2.590068579E-1
1.083651222E1,5.186246037E-1,-1.395827055E0,2.003637999E-1
1.083854591E1,4.874704778E-1,-1.335351467E0,1.380555481E-1
1.084056691E1,4.697553813E-1,-1.304808140E0,1.069014147E-1
1.084275206E1,4.361577928E-1,-1.251662850E0,5.070181563E-2
1.084462245E1,4.031710625E-1,-1.205847979E0,-8.552113548E-3
1.084662203E1,3.842342496E-1,-1.185078621E0,-3.481931984E-2
1.084869145E1,3.518583775E-1,-1.147204876E0,-8.185594529E-2
1.085072545E1,3.225368559E-1,-1.116661668E0,-1.276708394E-1
1.085279453E1,3.066543639E-1,-1.103222609E0,-1.478293836E-1
1.085482876E1,2.852740586E-1,-1.081231475E0,-1.826487035E-1
1.085689756E1,2.675589919E-1,-1.067792416E0,-2.131919712E-1
1.085893249E1,2.577851415E-1,-1.065959811E0,-2.278527319E-1
1.086100056E1,2.480112910E-1,-1.064127207E0,-2.467895597E-1
1.086300364E1,2.425135076E-1,-1.073901057E0,-2.651155293E-1
1.086495683E1,2.376265824E-1,-1.085507512E0,-2.712241709E-1
1.086695618E1,2.382374406E-1,-1.109942198E0,-2.809980214E-1
1.086902456E1,2.400700450E-1,-1.139263630E0,-2.895501256E-1
1.087105914E1,2.406809032E-1,-1.156367898E0,-2.889392674E-1
1.087312791E1,2.461786866E-1,-1.192408919E0,-2.938261926E-1
1.087516180E1,2.528982162E-1,-1.238223910E0,-2.926044464E-1
1.087723076E1,2.669481039E-1,-1.287093043E0,-2.889392674E-1
1.087926483E1,2.700024247E-1,-1.310916781E0,-2.852740586E-1
1.088128899E1,2.822197378E-1,-1.362229466E0,-2.834414840E-1
1.088333833E1,2.974913716E-1,-1.414153099E0,-2.712241709E-1
1.088529072E1,3.042109013E-1,-1.439809442E0,-2.651155293E-1
1.088728918E1,3.176499307E-1,-1.486235142E0,-2.492330223E-1
1.088935718E1,3.292563558E-1,-1.512502313E0,-2.419026345E-1
1.089139087E1,3.359758854E-1,-1.558928132E0,-2.254092693E-1
1.089345930E1,3.414736688E-1,-1.602910399E0,-2.064724565E-1
1.089549318E1,3.475823104E-1,-1.640173197E0,-1.887573600E-1
1.089756199E1,3.512475193E-1,-1.658499122E0,-1.820378453E-1
1.089959506E1,3.518583775E-1,-1.687209845E0,-1.624901593E-1
1.090166149E1,3.475823104E-1,-1.713477015E0,-1.478293836E-1
1.090378806E1,3.451388776E-1,-1.723250866E0,-1.392772794E-1
1.090565864E1,3.359758854E-1,-1.741576791E0,-1.246165112E-1
1.090765806E1,3.194825351E-1,-1.755015850E0,-1.123992056E-1
1.090972664E1,3.084869385E-1,-1.758681059E0,-1.050688252E-1
1.091176060E1,2.895501256E-1,-1.761735320E0,-9.834930301E-2
1.091382864E1,2.602286041E-1,-1.761124492E0,-9.529497474E-2
1.091586287E1,2.437352389E-1,-1.758681059E0,-8.857546002E-2
1.091793187E1,2.083050460E-1,-1.749518037E0,-8.674286306E-2
1.091996537E1,1.698205322E-1,-1.737300754E0,-8.979719132E-2
1.092198380E1,1.527163088E-1,-1.731192112E0,-9.224065393E-2
1.092415287E1,1.099557430E-1,-1.709200978E0,-9.773843735E-2
1.092602287E1,6.169738993E-2,-1.682933807E0,-1.069014147E-1
1.092802210E1,3.848451003E-2,-1.669494748E0,-1.105666086E-1
1.093009080E1,-1.221730467E-2,-1.634675384E0,-1.233947799E-1
1.093212483E1,-6.230825558E-2,-1.597412586E0,-1.356120855E-1
1.093419368E1,-8.979719132E-2,-1.579086661E0,-1.441642046E-1
1.093622795E1,-1.411098689E-1,-1.532660842E0,-1.600466967E-1
1.093829714E1,-1.881465018E-1,-1.483791709E0,-1.802052408E-1
1.094033237E1,-2.406809032E-1,-1.433700681E0,-1.991420686E-1
1.094239222E1,-2.645046413E-1,-1.405600905E0,-2.101376504E-1
1.094439691E1,-3.127630055E-1,-1.346957922E0,-2.302961946E-1
1.094634972E1,-3.335324228E-1,-1.320690632E0,-2.419026345E-1
1.094834953E1,-3.811798990E-1,-1.258993268E0,-2.638937831E-1
1.095041883E1,-4.233296216E-1,-1.188743711E0,-2.883284092E-1
1.095245318E1,-4.648684561E-1,-1.128268123E0,-3.170390725E-1
1.095452222E1,-4.819726646E-1,-1.099557400E0,-3.262020350E-1
1.095655683E1,-5.149593949E-1,-1.042747021E0,-3.475823104E-1
1.095862568E1,-5.424483418E-1,-9.908234477E-1,-3.744603992E-1
1.096066006E1,-5.571091175E-1,-9.657779336E-1,-3.842342496E-1
1.096267903E1,-5.839871764E-1,-9.150761366E-1,-4.105014503E-1
1.096475833E1,-6.133087277E-1,-8.723155856E-1,-4.288274050E-1
1.096671106E1,-6.236934066E-1,-8.509352803E-1,-4.361577928E-1
1.096871064E1,-6.493497491E-1,-8.142833710E-1,-4.520402849E-1
1.097077968E1,-6.725626588E-1,-7.788531780E-1,-4.630358517E-1
1.097281399E1,-6.829473376E-1,-7.648032904E-1,-4.679227769E-1
1.097488326E1,-7.049384713E-1,-7.397578359E-1,-4.728097022E-1
1.097691772E1,-7.232644558E-1,-7.159340382E-1,-4.764748812E-1
1.097898637E1,-7.342600226E-1,-7.104362845E-1,-4.776966274E-1
1.098102099E1,-7.519751191E-1,-6.988298297E-1,-4.728097022E-1
1.098308130E1,-7.635815740E-1,-6.908885837E-1,-4.697553813E-1
1.098520733E1,-7.745771408E-1,-6.866125464E-1,-4.660901725E-1
1.098707733E1,-7.745771408E-1,-6.872233748E-1,-4.581489265E-1
1.098907656E1,-7.806857824E-1,-6.902777553E-1,-4.477642179E-1
1.099114537E1,-7.843509912E-1,-6.914994717E-1,-4.367686510E-1
1.099318003E1,-7.874053121E-1,-6.951646209E-1,-4.202753007E-1
1.099524849E1,-7.867944241E-1,-7.006624341E-1,-3.976732790E-1
1.099728299E1,-7.880161405E-1,-7.079927921E-1,-3.830125034E-1
1.099935218E1,-7.849618196E-1,-7.202101350E-1,-3.616322279E-1
1.100138676E1,-7.825183868E-1,-7.348709106E-1,-3.298672438E-1
1.100340552E1,-7.782423496E-1,-7.422012687E-1,-3.127630055E-1
1.100557276E1,-7.721336484E-1,-7.513642311E-1,-2.852740586E-1
1.100747868E1,-7.586946487E-1,-7.617489696E-1,-2.449569702E-1
1.100947802E1,-7.403686643E-1,-7.678576112E-1,-2.144137025E-1
1.101154676E1,-7.348709106E-1,-7.727445364E-1,-2.003637999E-1
1.101358183E1,-7.153232098E-1,-7.764097452E-1,-1.624901593E-1
1.101565076E1,-6.914994717E-1,-7.788531780E-1,-1.392772794E-1
1.101768568E1,-6.817256212E-1,-7.806857824E-1,-1.240056455E-1
1.101975491E1,-6.572909951E-1,-7.751879692E-1,-9.957103431E-2
1.102178980E1,-6.279694438E-1,-7.703011036E-1,-9.101892263E-2
1.102385041E1,-6.151412725E-1,-7.641924024E-1,-8.491026610E-2
1.102585322E1,-5.882632136E-1,-7.519751191E-1,-7.391469181E-2
1.102780506E1,-5.613851547E-1,-7.348709106E-1,-7.513642311E-2
1.102980433E1,-5.479460955E-1,-7.238753438E-1,-7.757988572E-2
1.103187276E1,-5.180137157E-1,-6.982190013E-1,-8.246681094E-2
1.103390630E1,-4.905247986E-1,-6.682865620E-1,-9.407325089E-2
1.103597491E1,-4.752531648E-1,-6.536257863E-1,-1.056796908E-1
1.103800930E1,-4.428772926E-1,-6.139195561E-1,-1.185078546E-1
1.104007806E1,-4.129449129E-1,-5.687155724E-1,-1.441642046E-1
1.104211195E1,-3.982841372E-1,-5.473352671E-1,-1.576032341E-1
1.104412860E1,-3.695734739E-1,-4.978551865E-1,-1.777617931E-1
1.104620806E1,-3.420845270E-1,-4.447098970E-1,-2.034181207E-1
1.104816010E1,-3.304781020E-1,-4.147774875E-1,-2.174680233E-1
1.105015979E1,-3.090978265E-1,-3.530801237E-1,-2.431243658E-1
1.105222964E1,-2.907718420E-1,-2.901609838E-1,-2.693915665E-1
1.105426445E1,-2.846632004E-1,-2.596177161E-1,-2.816088796E-1
1.105628891E1,-2.681698501E-1,-1.905899495E-1,-3.054326177E-1
1.105828914E1,-2.571742535E-1,-1.246165112E-1,-3.310889602E-1
1.106035879E1,-2.498438805E-1,-9.285151958E-2,-3.414736688E-1
1.106239403E1,-2.425135076E-1,-2.993239649E-2,-3.561344445E-1
1.106445387E1,-2.364048511E-1,3.176499158E-2,-3.720169365E-1
1.106664679E1,-2.321287990E-1,8.735372871E-2,-3.799581826E-1
1.106841314E1,-2.327396572E-1,1.166752651E-1,-3.866777122E-1
1.107041276E1,-2.333505303E-1,1.704314053E-1,-3.927863538E-1
1.107248203E1,-2.333505303E-1,1.960877478E-1,-3.946189582E-1
1.107453172E1,-2.351831198E-1,2.498438805E-1,-3.958406746E-1
1.107658556E1,-2.357939780E-1,3.036000133E-1,-3.952298164E-1
1.107862033E1,-2.376265824E-1,3.286454976E-1,-3.897320330E-1
1.108068960E1,-2.364048511E-1,3.811798990E-1,-3.903428912E-1
1.108272487E1,-2.327396572E-1,4.294382632E-1,-3.866777122E-1
1.108474333E1,-2.296853364E-1,4.807509482E-1,-3.799581826E-1
1.108691110E1,-2.241875380E-1,5.076290369E-1,-3.781255782E-1
1.108881699E1,-2.211332172E-1,5.638286471E-1,-3.732386529E-1
1.109081683E1,-2.138028294E-1,6.181956530E-1,-3.671300113E-1
1.109288587E1,-2.076941878E-1,6.456845403E-1,-3.652974069E-1
1.109492049E1,-1.948660165E-1,7.000515461E-1,-3.628539443E-1
1.109698960E1,-1.869247705E-1,7.556403279E-1,-3.579670191E-1
1.109902399E1,-1.808161139E-1,7.825183868E-1,-3.610213697E-1
1.110109237E1,-1.710422635E-1,8.362745047E-1,-3.671300113E-1
1.110312779E1,-1.631010175E-1,8.839219809E-1,-3.756821156E-1
1.110518718E1,-1.606575549E-1,9.034696817E-1,-3.824016452E-1
1.110719199E1,-1.521054506E-1,9.437867999E-1,-4.001167417E-1
1.110914529E1,-1.490511149E-1,9.779952765E-1,-4.214970171E-1
1.111114487E1,-1.447750628E-1,9.920451641E-1,-4.355469346E-1
1.111321410E1,-1.380555481E-1,1.010982037E0,-4.624249935E-1
1.111524829E1,-1.331686229E-1,1.028086185E0,-4.899139404E-1
1.111731795E1,-1.270599663E-1,1.031751394E0,-5.021312237E-1
1.111935222E1,-1.172861308E-1,1.036638379E0,-5.296201706E-1
1.112142152E1,-1.087340117E-1,1.026253581E0,-5.546656251E-1
1.112345652E1,-1.014036313E-1,1.020755768E0,-5.687155724E-1
1.112547610E1,-9.101892263E-2,9.944885969E-1,-5.943718553E-1
1.112752291E1,-7.208210230E-2,9.700540304E-1,-6.212499738E-1
1.112947583E1,-6.902777404E-2,9.523389339E-1,-6.291912198E-1
1.113147518E1,-4.825835302E-2,9.083566070E-1,-6.475171447E-1
1.113354426E1,-2.382374369E-2,8.649851680E-1,-6.542366743E-1
1.113557914E1,-9.773843922E-3,8.472700715E-1,-6.597344875E-1
1.113764822E1,2.382374369E-2,8.093964458E-1,-6.566801667E-1
1.113968253E1,5.192354694E-2,7.703011036E-1,-6.420193911E-1
1.114175129E1,8.674286306E-2,7.336491346E-1,-6.212499738E-1
1.114378491E1,1.038470939E-1,7.171558142E-1,-6.072000265E-1
1.114584472E1,1.417207420E-1,6.933320761E-1,-5.705481172E-1
1.114796937E1,1.826487035E-1,6.786713004E-1,-5.253441334E-1
1.114983956E1,1.991420686E-1,6.780604124E-1,-4.978551865E-1
1.115183864E1,2.376265824E-1,6.707300544E-1,-4.477642179E-1
1.115390845E1,2.803871334E-1,6.725626588E-1,-3.903428912E-1
1.115594291E1,2.974913716E-1,6.756169796E-1,-3.597996235E-1
1.115801137E1,3.353650272E-1,6.872233748E-1,-3.170390725E-1
1.116004618E1,3.726277947E-1,7.159340382E-1,-2.730567753E-1
1.116211514E1,3.842342496E-1,7.293730974E-1,-2.437352389E-1
1.116414929E1,4.098905921E-1,7.696902156E-1,-1.979203373E-1
1.116616752E1,4.300491214E-1,8.142833710E-1,-1.545489132E-1
1.116833479E1,4.386012554E-1,8.381071091E-1,-1.307251602E-1
1.117023979E1,4.392121136E-1,8.888089061E-1,-8.491026610E-2
1.117223906E1,4.324925840E-1,9.413433671E-1,-3.237585723E-2
1.117430756E1,4.269948006E-1,9.682214260E-1,-7.330383174E-3
1.117634172E1,4.105014503E-1,1.019534111E0,3.726277873E-2
1.117841010E1,3.885102868E-1,1.062294602E0,7.941248268E-2
1.118044441E1,3.750712574E-1,1.082453251E0,9.957103431E-2
1.118251256E1,3.469714522E-1,1.124602914E0,1.331686229E-1
1.118454629E1,3.188716471E-1,1.158811331E0,1.643227488E-1
1.118660664E1,3.054326177E-1,1.175304770E0,1.753183305E-1
1.118860929E1,2.809980214E-1,1.199128509E0,1.991420686E-1
1.119056183E1,2.547308207E-1,1.216843605E0,2.223549485E-1
1.119256156E1,2.443460971E-1,1.224173903E0,2.315179259E-1
1.119463033E1,2.223549485E-1,1.234558702E0,2.467895597E-1
1.119666441E1,1.997529417E-1,1.240056396E0,2.663372457E-1
1.119873291E1,1.930334121E-1,1.246165156E0,2.638937831E-1
1.120076718E1,1.716531366E-1,1.252273798E0,2.742784917E-1
1.120283587E1,1.557706445E-1,1.257771492E0,2.785545588E-1
1.120487060E1,1.386664063E-1,1.263880134E0,2.773328125E-1
1.120689014E1,1.264491081E-1,1.267545342E0,2.767219543E-1
1.120896968E1,1.093448773E-1,1.272432327E0,2.730567753E-1
1.121092391E1,9.346238524E-2,1.283427835E0,2.675589919E-1
1.121292241E1,8.368854225E-2,1.288314819E0,2.638937831E-1
1.121499168E1,6.108652428E-2,1.302364707E0,2.559525371E-1
1.121702591E1,4.825835302E-2,1.317636371E0,2.443460971E-1
1.121909453E1,3.848451003E-2,1.329242826E0,2.388483137E-1
1.122112903E1,2.138028294E-2,1.350012183E0,2.296853364E-1
1.122319760E1,1.038470957E-2,1.374446750E0,2.180788964E-1
1.122523172E1,4.276056774E-3,1.386664152E0,2.131919712E-1
1.122729064E1,-7.941247895E-3,1.411098719E0,2.052507252E-1
1.122941664E1,-1.649336144E-2,1.439809442E0,1.966986060E-1
1.123128587E1,-2.199114859E-2,1.453248382E0,1.973094791E-1
1.123328533E1,-2.809980139E-2,1.481959105E0,1.948660165E-1
1.123535299E1,-3.176499158E-2,1.511891484E0,1.942551434E-1
1.123738741E1,-3.115412779E-2,1.525330544E0,1.960877478E-1
1.123945514E1,-3.726277873E-2,1.552208543E0,1.973094791E-1
1.124148952E1,-3.787364438E-2,1.579697490E0,1.966986060E-1
1.124355752E1,-3.909537569E-2,1.592525721E0,2.052507252E-1
1.124559210E1,-3.665191308E-2,1.614516854E0,2.070833147E-1
1.124760760E1,-3.787364438E-2,1.631621122E0,2.138028294E-1
1.124977499E1,-3.787364438E-2,1.646281838E0,2.205223590E-1
1.125168045E1,-3.604105115E-2,1.654223084E0,2.199114859E-1
1.125367937E1,-3.726277873E-2,1.665218711E0,2.290744632E-1
1.125574802E1,-3.420845419E-2,1.668883801E0,2.309070677E-1
1.125778283E1,-2.993239649E-2,1.677435994E0,2.357939780E-1
1.125985052E1,-2.443460934E-2,1.685377240E0,2.394591719E-1
1.126188472E1,-1.832595654E-2,1.693318486E0,2.400700450E-1
1.126395337E1,-1.404990070E-2,1.696983695E0,2.376265824E-1
1.126598802E1,-6.719517522E-3,1.701870561E0,2.394591719E-1
1.126804979E1,3.054326167E-3,1.707979202E0,2.351831198E-1
1.127005410E1,6.719517522E-3,1.709811807E0,2.333505303E-1
1.127200595E1,1.710422710E-2,1.714698792E0,2.290744632E-1
1.127400552E1,2.626720630E-2,1.717753053E0,2.235766798E-1
1.127607383E1,3.237585723E-2,1.715920448E0,2.229658216E-1
1.127810814E1,4.092797264E-2,1.714087844E0,2.150245607E-1
1.128017629E1,4.764748737E-2,1.712255239E0,2.083050460E-1
1.128221045E1,4.886921868E-2,1.708590150E0,2.046398520E-1
1.128427914E1,5.314527452E-2,1.701259732E0,1.948660165E-1
1.128631314E1,5.619960278E-2,1.695761919E0,1.899790913E-1
1.128833549E1,5.803219974E-2,1.693929315E0,1.844813079E-1
1.129041483E1,5.864306539E-2,1.685988069E0,1.783726513E-1
1.129236776E1,5.803219974E-2,1.679268599E0,1.692096740E-1
1.129436706E1,5.497787148E-2,1.674992561E0,1.661553532E-1
1.129643583E1,5.375614017E-2,1.671327353E0,1.600466967E-1
1.129847060E1,4.764748737E-2,1.663386106E0,1.539380401E-1
1.130049483E1,4.825835302E-2,1.659720898E0,1.478293836E-1
1.130249406E1,4.398229718E-2,1.656055689E0,1.404990107E-1
1.130456249E1,3.237585723E-2,1.651779652E0,1.356120855E-1
1.130659641E1,3.298672289E-2,1.647503614E0,1.301143020E-1
1.130866264E1,2.382374369E-2,1.643838406E0,1.240056455E-1
1.131085514E1,1.404990070E-2,1.640173197E0,1.142318025E-1
1.131262095E1,1.160643995E-2,1.637729764E0,1.105666086E-1
1.131462099E1,6.108652451E-4,1.635286212E0,1.020144969E-1
1.131668929E1,-3.054326167E-3,1.635897160E0,9.040805697E-2
1.131872418E1,-9.773843922E-3,1.636507988E0,8.857546002E-2
1.132079233E1,-1.527163107E-2,1.640784025E0,7.819075137E-2
1.132282637E1,-2.260201424E-2,1.642616630E0,6.902777404E-2
1.132489522E1,-2.565634064E-2,1.643838406E0,6.291911751E-2
1.132692895E1,-3.298672289E-2,1.650557876E0,5.558873713E-2
1.132892776E1,-4.031710699E-2,1.657888293E0,4.764748737E-2
1.133109406E1,-4.214970022E-2,1.663996935E0,3.848451003E-2
1.133299872E1,-4.520402849E-2,1.666440368E0,3.848451003E-2
1.133499741E1,-5.375614017E-2,1.670716405E0,2.993239649E-2
1.133706552E1,-5.436700583E-2,1.676214218E0,2.565634064E-2
1.133909891E1,-5.925392732E-2,1.677435994E0,2.565634064E-2
1.134116745E1,-6.047565863E-2,1.678657651E0,2.260201424E-2
1.134320095E1,-6.108652428E-2,1.681101203E0,1.893682219E-2
1.134526922E1,-6.230825558E-2,1.679268599E0,1.832595654E-2
1.134730283E1,-6.108652428E-2,1.682322860E0,1.771509275E-2
1.134937802E1,-5.925392732E-2,1.681712031E0,1.710422710E-2
1.135138064E1,-5.742133409E-2,1.682322860E0,1.527163107E-2
1.135333279E1,-5.192354694E-2,1.683544636E0,1.527163107E-2
1.135533195E1,-4.642575979E-2,1.679879427E0,1.221730467E-2
1.135740014E1,-4.642575979E-2,1.680490255E0,1.588249579E-2
1.135943326E1,-3.848451003E-2,1.679879427E0,1.893682219E-2
1.136150152E1,-3.359758854E-2,1.673770785E0,1.466076635E-2
1.136353564E1,-2.871066704E-2,1.673159957E0,1.466076635E-2
1.136560356E1,-2.015855350E-2,1.670105577E0,1.893682219E-2
1.136763595E1,-1.160643995E-2,1.667051196E0,1.404990070E-2
1.136966691E1,-5.497787148E-3,1.667051196E0,1.282817032E-2
1.137174610E1,4.276056774E-3,1.662775159E0,1.771509275E-2
1.137369895E1,1.404990070E-2,1.656666517E0,1.404990070E-2
1.137569837E1,2.076941915E-2,1.656666517E0,1.343903504E-2
1.137776714E1,3.481931984E-2,1.651168704E0,1.649336144E-2
1.137980133E1,4.276056588E-2,1.641394973E0,1.343903504E-2
1.138186987E1,5.009094998E-2,1.638951421E0,1.282817032E-2
1.138390414E1,6.475171447E-2,1.629788518E0,1.160643995E-2
1.138597295E1,7.330382615E-2,1.617571115E0,1.221730467E-2
1.138800718E1,8.124507964E-2,1.610851645E0,1.160643995E-2
1.139008149E1,8.979719132E-2,1.601688623E0,1.404990070E-2
1.139220814E1,1.007927656E-1,1.590082288E0,1.099557430E-2
1.139407841E1,1.069014147E-1,1.583973527E0,1.099557430E-2
1.139607749E1,1.185078546E-1,1.570534587E0,8.552113548E-3
1.139814606E1,1.288925707E-1,1.558928132E0,6.108652335E-3
1.140018026E1,1.343903542E-1,1.546710849E0,7.330383174E-3
1.140224891E1,1.392772794E-1,1.539380431E0,5.497787148E-3
1.140428360E1,1.417207420E-1,1.526552200E0,4.886921961E-3
1.140635129E1,1.472185254E-1,1.514945865E0,4.276056774E-3
1.140838576E1,1.453859210E-1,1.505782843E0,6.108652335E-3
1.141041964E1,1.490511149E-1,1.491122007E0,1.221730490E-3
1.141258668E1,1.496619880E-1,1.481348276E0,-1.832595794E-3
1.141449110E1,1.466076523E-1,1.476461291E0,-1.221730490E-3
1.141649048E1,1.435533315E-1,1.464244008E0,-4.276056774E-3
1.141855910E1,1.386664063E-1,1.451415777E0,-6.108652335E-3
1.142059341E1,1.356120855E-1,1.446528912E0,-4.886921961E-3
1.142266206E1,1.307251602E-1,1.432479024E0,-9.773843922E-3
1.142469591E1,1.221730486E-1,1.416596532E0,-1.099557430E-2
1.142676414E1,1.191187203E-1,1.408655286E0,-1.099557430E-2
1.142879879E1,1.105666086E-1,1.392772794E0,-1.466076635E-2
1.143087306E1,1.038470939E-1,1.375057697E0,-1.649336144E-2
1.143287672E1,9.773843735E-2,1.367116451E0,-2.076941915E-2
1.143482914E1,9.101892263E-2,1.349401355E0,-2.260201424E-2
1.143682837E1,8.491026610E-2,1.332907915E0,-2.321287990E-2
1.143889652E1,8.002334833E-2,1.322523236E0,-2.321287990E-2
1.144093068E1,7.330382615E-2,1.304808140E0,-2.565634064E-2
1.144299929E1,6.475171447E-2,1.286482215E0,-2.626720630E-2
1.144503322E1,5.864306539E-2,1.276708364E0,-2.748893574E-2
1.144710191E1,5.131268129E-2,1.257771492E0,-2.871066704E-2
1.144913595E1,4.398229718E-2,1.238223910E0,-2.748893574E-2
1.145116922E1,3.604105115E-2,1.220508814E0,-2.687807009E-2
1.145324772E1,3.237585723E-2,1.211345792E0,-2.871066704E-2
1.145520037E1,2.321287990E-2,1.192408919E0,-2.504547499E-2
1.145720018E1,1.588249579E-2,1.174693823E0,-2.443460934E-2
1.145926825E1,1.038470957E-2,1.164919972E0,-2.321287990E-2
1.146130287E1,0.000000000E0,1.149037480E0,-2.382374369E-2
1.146337160E1,-8.552113548E-3,1.132544160E0,-1.527163107E-2
1.146540583E1,-1.282817032E-2,1.125824690E0,-1.343903504E-2
1.146747452E1,-2.015855350E-2,1.111163855E0,-9.162978269E-3
1.146950887E1,-2.932153270E-2,1.095892191E0,-4.886921961E-3
1.147158306E1,-2.871066704E-2,1.089172721E0,-2.443460980E-3
1.147370952E1,-3.420845419E-2,1.075733662E0,3.054326167E-3
1.147557983E1,-4.459316283E-2,1.060462117E0,1.099557430E-2
1.147757964E1,-4.764748737E-2,1.052520871E0,1.343903504E-2
1.147964787E1,-5.253441259E-2,1.038470864E0,1.893682219E-2
1.148169729E1,-5.925392732E-2,1.025031924E0,2.809980139E-2
1.148375068E1,-6.291911751E-2,1.017090678E0,3.176499158E-2
1.148578522E1,-7.147123665E-2,1.001819015E0,3.481931984E-2
1.148785379E1,-7.880161703E-2,9.853256345E-1,4.031710699E-2
1.148988760E1,-8.124507964E-2,9.773843884E-1,4.703662544E-2
1.149188679E1,-8.735372871E-2,9.621127844E-1,5.253441259E-2
1.149405337E1,-9.224065393E-2,9.443976879E-1,5.253441259E-2
1.149595864E1,-9.590584040E-2,9.382890463E-1,5.925392732E-2
1.149795806E1,-1.026253626E-1,9.242390990E-1,6.597344577E-2
1.150002649E1,-1.032362282E-1,9.114109278E-1,6.841690838E-2
1.150206006E1,-1.050688252E-1,9.022479653E-1,7.208210230E-2
1.150412883E1,-1.075122803E-1,8.863654733E-1,7.696902007E-2
1.150616345E1,-1.081231460E-1,8.735373020E-1,7.880161703E-2
1.150823187E1,-1.136209369E-1,8.600982428E-1,8.246681094E-2
1.151026564E1,-1.111774743E-1,8.539896011E-1,8.368854225E-2
1.151234133E1,-1.136209369E-1,8.417723179E-1,8.552113175E-2
1.151436137E1,-1.117883399E-1,8.307767510E-1,8.735372871E-2
1.151631433E1,-1.136209369E-1,8.283332586E-1,8.674286306E-2
1.151831302E1,-1.160643995E-1,8.155050874E-1,8.552113175E-2
1.152038206E1,-1.160643995E-1,8.057312369E-1,8.857546002E-2
1.152241537E1,-1.185078546E-1,8.032878041E-1,8.674286306E-2
1.152448387E1,-1.203404516E-1,7.935139537E-1,8.124507964E-2
1.152651737E1,-1.252273768E-1,7.843509912E-1,8.429940045E-2
1.152858622E1,-1.258382350E-1,7.776314616E-1,8.491026610E-2
1.153062002E1,-1.276708394E-1,7.672467232E-1,8.124507964E-2
1.153264541E1,-1.313360333E-1,7.574729323E-1,7.941248268E-2
1.153472406E1,-1.337794960E-1,7.513642311E-1,7.574728876E-2
1.153667656E1,-1.362229437E-1,7.391469479E-1,7.147123665E-2
1.153867502E1,-1.404990107E-1,7.269296646E-1,7.208210230E-2
1.154074352E1,-1.417207420E-1,7.238753438E-1,6.780604273E-2
1.154277710E1,-1.441642046E-1,7.141014934E-1,6.047565863E-2
1.154480210E1,-1.472185254E-1,7.012733221E-1,6.108652428E-2
1.154680125E1,-1.447750628E-1,6.957755089E-1,5.436700583E-2
1.154886941E1,-1.472185254E-1,6.866125464E-1,5.070181563E-2
1.155090287E1,-1.490511149E-1,6.731734872E-1,4.886921868E-2
1.155297002E1,-1.490511149E-1,6.688974500E-1,4.459316283E-2
1.155516206E1,-1.502728462E-1,6.579018831E-1,3.665191308E-2
1.155692760E1,-1.490511149E-1,6.456845403E-1,3.237585723E-2
1.155892614E1,-1.514945775E-1,6.383541822E-1,2.871066704E-2
1.156099468E1,-1.521054506E-1,6.261368990E-1,2.199114859E-2
1.156302852E1,-1.514945775E-1,6.169738770E-1,1.466076635E-2
1.156509610E1,-1.539380401E-1,6.102544069E-1,1.160643995E-2
1.156713010E1,-1.539380401E-1,5.980370641E-1,3.665191587E-3
1.156919845E1,-1.533271819E-1,5.882632136E-1,-6.108652451E-4
1.157123218E1,-1.508837193E-1,5.784893632E-1,-7.941247895E-3
1.157326425E1,-1.496619880E-1,5.729916096E-1,-1.404990070E-2
1.157543087E1,-1.472185254E-1,5.650503635E-1,-1.832595654E-2
1.157733633E1,-1.472185254E-1,5.558874011E-1,-1.954768784E-2
1.157933479E1,-1.447750628E-1,5.528330207E-1,-2.565634064E-2
1.158140318E1,-1.423316002E-1,5.455026627E-1,-3.115412779E-2
1.158343702E1,-1.411098689E-1,5.406157374E-1,-3.665191308E-2
1.158550602E1,-1.411098689E-1,5.375614166E-1,-4.092797264E-2
1.158754087E1,-1.362229437E-1,5.338962078E-1,-4.703662544E-2
1.158960948E1,-1.356120855E-1,5.253441334E-1,-4.948008433E-2
1.159164329E1,-1.362229437E-1,5.265658498E-1,-5.070181563E-2
1.159371737E1,-1.350012124E-1,5.222898126E-1,-5.558873713E-2
1.159572091E1,-1.307251602E-1,5.186246037E-1,-5.803219974E-2
1.159767322E1,-1.295034289E-1,5.174028873E-1,-5.925392732E-2
1.159967268E1,-1.264491081E-1,5.131267905E-1,-6.536258012E-2
1.160174137E1,-1.227839142E-1,5.119050741E-1,-6.841690838E-2
1.160377502E1,-1.185078546E-1,5.112941861E-1,-7.024950534E-2
1.160584425E1,-1.099557430E-1,5.106833577E-1,-7.635815442E-2
1.160787848E1,-1.087340117E-1,5.094616413E-1,-7.452555746E-2
1.160994695E1,-1.032362282E-1,5.082398653E-1,-7.880161703E-2
1.161198141E1,-9.590584040E-2,5.088507533E-1,-8.674286306E-2
1.161398187E1,-8.735372871E-2,5.057964325E-1,-8.368854225E-2
1.161606022E1,-8.429940045E-2,5.033529401E-1,-8.613199741E-2
1.161801233E1,-7.391469181E-2,5.009095073E-1,-8.857546002E-2
1.162001145E1,-6.291911751E-2,4.972442985E-1,-8.918632567E-2
1.162207956E1,-5.925392732E-2,4.941899776E-1,-9.101892263E-2
1.162411368E1,-4.886921868E-2,4.874704778E-1,-9.468411654E-2
1.162618245E1,-3.909537569E-2,4.831944108E-1,-9.162978828E-2
1.162821760E1,-3.237585723E-2,4.783074856E-1,-9.407325089E-2
1.163028591E1,-2.260201424E-2,4.709770977E-1,-9.162978828E-2
1.163231983E1,-1.588249579E-2,4.636467099E-1,-9.101892263E-2
1.163439491E1,-7.330383174E-3,4.599815309E-1,-9.101892263E-2
1.163652129E1,-4.886921961E-3,4.544837475E-1,-8.918632567E-2
1.163839225E1,1.221730490E-3,4.495968223E-1,-8.735372871E-2
1.164039229E1,7.941247895E-3,4.447098970E-1,-8.674286306E-2
1.164246233E1,1.038470957E-2,4.422664344E-1,-8.429940045E-2
1.164449683E1,1.527163107E-2,4.379903674E-1,-8.307767659E-2
1.164656625E1,2.015855350E-2,4.361577928E-1,-8.429940045E-2
1.164860118E1,1.954768784E-2,4.355469346E-1,-8.491026610E-2
1.165067091E1,2.382374369E-2,4.331034720E-1,-8.185594529E-2
1.165270548E1,2.443460934E-2,4.324925840E-1,-8.185594529E-2
1.165473795E1,2.809980139E-2,4.343251884E-1,-8.368854225E-2
1.165690464E1,3.054326214E-2,4.349360466E-1,-8.429940045E-2
1.165880972E1,3.176499158E-2,4.343251884E-1,-8.307767659E-2
1.166080914E1,3.176499158E-2,4.355469346E-1,-8.491026610E-2
1.166287806E1,3.359758854E-2,4.361577928E-1,-8.491026610E-2
1.166491318E1,3.481931984E-2,4.379903674E-1,-8.613199741E-2
1.166698264E1,3.970624134E-2,4.392121136E-1,-8.857546002E-2
1.166901687E1,3.909537569E-2,4.434881806E-1,-8.857546002E-2
1.167108556E1,3.909537569E-2,4.471533597E-1,-8.674286306E-2
1.167311948E1,4.031710699E-2,4.471533597E-1,-8.918632567E-2
1.167519437E1,4.092797264E-2,4.502076805E-1,-9.040805697E-2
1.167719602E1,4.092797264E-2,4.526511431E-1,-8.918632567E-2
1.167914768E1,4.520402849E-2,4.538728893E-1,-9.162978828E-2
1.168114752E1,4.703662544E-2,4.569272101E-1,-8.735372871E-2
1.168321552E1,4.581489414E-2,4.618141353E-1,-9.224065393E-2
1.168524998E1,4.948008433E-2,4.618141353E-1,-9.224065393E-2
1.168731887E1,5.192354694E-2,4.673119187E-1,-8.796459436E-2
1.168935218E1,5.497787148E-2,4.709770977E-1,-8.857546002E-2
1.169142083E1,5.497787148E-2,4.746423066E-1,-8.796459436E-2
1.169345445E1,5.742133409E-2,4.770857692E-1,-8.674286306E-2
1.169545495E1,5.925392732E-2,4.789183438E-1,-8.185594529E-2
1.169753375E1,5.925392732E-2,4.838052690E-1,-8.307767659E-2
1.169948679E1,6.230825558E-2,4.856378734E-1,-8.124507964E-2
1.170148637E1,6.291911751E-2,4.893030524E-1,-7.819075137E-2
1.170355587E1,6.536258012E-2,4.905247986E-1,-7.757988572E-2
1.170559068E1,6.658431143E-2,4.929682612E-1,-7.757988572E-2
1.170765937E1,6.658431143E-2,4.960225821E-1,-7.391469181E-2
1.170969460E1,6.719517708E-2,5.002986193E-1,-7.574728876E-2
1.171176233E1,6.963863969E-2,5.002986193E-1,-7.269296050E-2
1.171379756E1,6.841690838E-2,5.021312237E-1,-7.208210230E-2
1.171587306E1,6.841690838E-2,5.057964325E-1,-7.452555746E-2
1.171799968E1,7.024950534E-2,5.051855445E-1,-7.147123665E-2
1.171987072E1,7.024950534E-2,5.045747161E-1,-7.086037099E-2
1.172187091E1,6.963863969E-2,5.039638281E-1,-6.841690838E-2
1.172394041E1,7.086037099E-2,5.057964325E-1,-6.963863969E-2
1.172597529E1,7.086037099E-2,5.027421117E-1,-6.658431143E-2
1.172804398E1,6.902777404E-2,5.021312237E-1,-6.658431143E-2
1.173007864E1,6.902777404E-2,4.984660447E-1,-6.536258012E-2
1.173214806E1,7.024950534E-2,4.935791194E-1,-6.719517708E-2
1.173418237E1,7.147123665E-2,4.893030524E-1,-6.719517708E-2
1.173618148E1,7.269296050E-2,4.862487316E-1,-6.597344577E-2
1.173834775E1,7.330382615E-2,4.776966274E-1,-6.536258012E-2
1.174025372E1,7.391469181E-2,4.679227769E-1,-6.414084882E-2
1.174225322E1,7.635815442E-2,4.636467099E-1,-6.108652428E-2
1.174432268E1,8.124507964E-2,4.520402849E-1,-6.291911751E-2
1.174635833E1,7.941248268E-2,4.459316432E-1,-6.291911751E-2
1.174842748E1,8.124507964E-2,4.349360466E-1,-6.047565863E-2
1.175046252E1,8.368854225E-2,4.300491214E-1,-6.047565863E-2
1.175253198E1,8.552113175E-2,4.202753007E-1,-5.864306539E-2
1.175456614E1,8.368854225E-2,4.086688459E-1,-5.375614017E-2
1.175664022E1,8.674286306E-2,4.037819207E-1,-5.497787148E-2
1.175864283E1,8.552113175E-2,3.946189582E-1,-5.253441259E-2
1.176059560E1,8.735372871E-2,3.860668242E-1,-5.070181563E-2
1.176259475E1,8.735372871E-2,3.817907870E-1,-5.009094998E-2
1.176466337E1,8.613199741E-2,3.726277947E-1,-5.009094998E-2
1.176669806E1,8.368854225E-2,3.659082949E-1,-4.642575979E-2
1.176876737E1,8.491026610E-2,3.616322279E-1,-4.642575979E-2
1.177080187E1,8.124507964E-2,3.536909819E-1,-4.886921868E-2
1.177287098E1,8.002334833E-2,3.488040566E-1,-4.398229718E-2
1.177490525E1,7.819075137E-2,3.469714522E-1,-4.276056588E-2
1.177693764E1,7.635815442E-2,3.420845270E-1,-4.337143153E-2
1.177901529E1,7.513642311E-2,3.365867436E-1,-4.031710699E-2
1.178096818E1,7.086037099E-2,3.347541690E-1,-3.848451003E-2
1.178296833E1,6.841690838E-2,3.323107064E-1,-4.276056588E-2
1.178503725E1,6.414084882E-2,3.323107064E-1,-3.665191308E-2
1.178707172E1,6.108652428E-2,3.304781020E-1,-3.665191308E-2
1.178909722E1,5.742133409E-2,3.298672438E-1,-3.481931984E-2
1.179109698E1,5.131268129E-2,3.298672438E-1,-3.054326214E-2
1.179316545E1,4.886921868E-2,3.298672438E-1,-3.054326214E-2
1.179520018E1,4.642575979E-2,3.335324228E-1,-3.176499158E-2
1.179727506E1,4.153883830E-2,3.353650272E-1,-2.932153270E-2
1.179946660E1,3.787364438E-2,3.402519524E-1,-2.809980139E-2
1.180123252E1,3.543018550E-2,3.408628106E-1,-2.932153270E-2
1.180323152E1,2.993239649E-2,3.457497358E-1,-2.809980139E-2
1.180530156E1,2.932153270E-2,3.500257730E-1,-2.993239649E-2
1.180733552E1,2.809980139E-2,3.561344445E-1,-2.626720630E-2
1.180940491E1,2.260201424E-2,3.604104817E-1,-2.565634064E-2
1.181143925E1,2.382374369E-2,3.616322279E-1,-2.626720630E-2
1.181350860E1,2.138028294E-2,3.683517575E-1,-2.443460934E-2
1.181554302E1,2.015855350E-2,3.726277947E-1,-2.321287990E-2
1.181757641E1,1.710422710E-2,3.750712574E-1,-2.321287990E-2
1.181974222E1,1.649336144E-2,3.793473244E-1,-2.199114859E-2
1.182164764E1,1.710422710E-2,3.817907870E-1,-2.260201424E-2
1.182364641E1,1.588249579E-2,3.872885704E-1,-2.015855350E-2
1.182571529E1,1.466076635E-2,3.872885704E-1,-2.015855350E-2
1.182774952E1,1.221730467E-2,3.915646076E-1,-2.076941915E-2
1.182981852E1,1.282817032E-2,3.970624208E-1,-1.588249579E-2
1.183185233E1,1.221730467E-2,3.964515328E-1,-1.832595654E-2
1.183392118E1,1.221730467E-2,3.970624208E-1,-1.588249579E-2
1.183595514E1,1.160643995E-2,3.982841372E-1,-1.710422710E-2
1.183803094E1,1.221730467E-2,4.019493461E-1,-1.832595654E-2
1.184003287E1,1.282817032E-2,4.019493461E-1,-1.954768784E-2
1.184198537E1,1.343903504E-2,3.970624208E-1,-2.015855350E-2
1.184398422E1,1.588249579E-2,3.982841372E-1,-1.832595654E-2
1.184605310E1,1.343903504E-2,3.927863538E-1,-1.771509275E-2
1.184808760E1,1.404990070E-2,3.866777122E-1,-1.710422710E-2
1.185015602E1,1.527163107E-2,3.854559660E-1,-1.893682219E-2
1.185218995E1,1.404990070E-2,3.750712574E-1,-1.832595654E-2
1.185425868E1,1.527163107E-2,3.683517575E-1,-1.649336144E-2
1.185629314E1,1.404990070E-2,3.646865487E-1,-1.710422710E-2
1.185829298E1,1.893682219E-2,3.561344445E-1,-2.076941915E-2
1.186037175E1,1.527163107E-2,3.414736688E-1,-1.710422710E-2
1.186232495E1,1.893682219E-2,3.390302062E-1,-2.015855350E-2
1.186432452E1,2.015855350E-2,3.262020350E-1,-2.260201424E-2
1.186639398E1,2.076941915E-2,3.127630055E-1,-2.015855350E-2
1.186842856E1,2.321287990E-2,3.115412891E-1,-1.893682219E-2
1.187049741E1,2.321287990E-2,2.993239760E-1,-1.954768784E-2
1.187253237E1,2.260201424E-2,2.883284092E-1,-1.710422710E-2
1.187460095E1,2.626720630E-2,2.791654170E-1,-2.076941915E-2
1.187663583E1,2.809980139E-2,2.755002379E-1,-1.893682219E-2
1.187871164E1,2.626720630E-2,2.657263875E-1,-1.771509275E-2
1.188083771E1,2.565634064E-2,2.553416789E-1,-1.466076635E-2
1.188270748E1,2.626720630E-2,2.522873580E-1,-1.466076635E-2
1.188470664E1,2.382374369E-2,2.455678284E-1,-1.771509275E-2
1.188677521E1,2.748893574E-2,2.357939780E-1,-1.282817032E-2
1.188882437E1,2.504547499E-2,2.309070677E-1,-1.282817032E-2
1.189087818E1,2.626720630E-2,2.241875380E-1,-1.099557430E-2
1.189291198E1,2.565634064E-2,2.180788964E-1,-1.099557430E-2
1.189498098E1,2.504547499E-2,2.168571651E-1,-1.038470957E-2
1.189701583E1,2.443460934E-2,2.089159191E-1,-1.282817032E-2
1.189904721E1,2.199114859E-2,2.064724565E-1,-1.099557430E-2
1.190121291E1,2.260201424E-2,2.034181207E-1,-1.099557430E-2
1.190311841E1,2.015855350E-2,1.991420686E-1,-8.552113548E-3
1.190511748E1,1.771509275E-2,1.966986060E-1,-1.099557430E-2
1.190718618E1,2.015855350E-2,1.966986060E-1,-1.038470957E-2
1.190922018E1,1.527163107E-2,1.918116808E-1,-1.282817032E-2
1.191128910E1,1.466076635E-2,1.905899495E-1,-1.160643995E-2
1.191332325E1,1.771509275E-2,1.893682331E-1,-9.773843922E-3
1.191539168E1,1.221730467E-2,1.869247705E-1,-9.773843922E-3
1.191742618E1,1.404990070E-2,1.832595766E-1,-1.404990070E-2
1.191950156E1,1.160643995E-2,1.838704348E-1,-1.343903504E-2
1.192150494E1,1.099557430E-2,1.826487035E-1,-1.343903504E-2
1.192345814E1,7.941247895E-3,1.802052408E-1,-1.527163107E-2
1.192545698E1,7.941247895E-3,1.814269722E-1,-1.588249579E-2
1.192752587E1,5.497787148E-3,1.795943826E-1,-1.649336144E-2
1.192955995E1,4.276056774E-3,1.789835095E-1,-2.076941915E-2
1.193162910E1,1.832595794E-3,1.789835095E-1,-1.710422710E-2
1.193366425E1,4.276056774E-3,1.753183305E-1,-2.015855350E-2
1.193573298E1,0.000000000E0,1.753183305E-1,-2.321287990E-2
1.193776764E1,-6.108652451E-4,1.722639948E-1,-2.199114859E-2
1.193976737E1,-2.443460980E-3,1.710422635E-1,-2.565634064E-2
1.194184721E1,-2.443460980E-3,1.667662114E-1,-2.871066704E-2
1.194380025E1,-4.886921961E-3,1.643227488E-1,-2.871066704E-2
1.194580056E1,-6.108652335E-3,1.606575549E-1,-2.871066704E-2
1.194786929E1,-8.552113548E-3,1.582140923E-1,-3.237585723E-2
1.194990406E1,-9.773843922E-3,1.533271819E-1,-3.665191308E-2
1.195197256E1,-1.099557430E-2,1.508837193E-1,-3.604105115E-2
1.195400748E1,-1.343903504E-2,1.447750628E-1,-3.665191308E-2
1.195607679E1,-1.343903504E-2,1.411098689E-1,-3.604105115E-2
1.195811168E1,-1.404990070E-2,1.380555481E-1,-3.909537569E-2
1.196018656E1,-1.649336144E-2,1.337794960E-1,-4.031710699E-2
1.196231298E1,-2.015855350E-2,1.258382350E-1,-3.665191308E-2
1.196418437E1,-2.076941915E-2,1.246165112E-1,-3.726277873E-2
1.196618479E1,-2.199114859E-2,1.178969890E-1,-3.787364438E-2
1.196825406E1,-2.260201424E-2,1.117883399E-1,-3.970624134E-2
1.197028891E1,-2.443460934E-2,1.087340117E-1,-3.909537569E-2
1.197235768E1,-2.626720630E-2,1.020144969E-1,-3.787364438E-2
1.197439237E1,-2.687807009E-2,9.590584040E-2,-4.092797264E-2
1.197646129E1,-2.748893574E-2,9.162978828E-2,-4.031710699E-2
1.197849544E1,-2.871066704E-2,9.040805697E-2,-4.214970022E-2
1.198052802E1,-2.871066704E-2,8.307767659E-2,-4.337143153E-2
1.198269471E1,-2.626720630E-2,7.941248268E-2,-4.581489414E-2
1.198460156E1,-2.443460934E-2,7.696902007E-2,-4.398229718E-2
1.198660191E1,-2.687807009E-2,7.391469181E-2,-4.398229718E-2
1.198867145E1,-2.626720630E-2,6.719517708E-2,-4.520402849E-2
1.199070514E1,-2.687807009E-2,6.597344577E-2,-4.459316283E-2
1.199277475E1,-2.321287990E-2,6.047565863E-2,-4.581489414E-2
1.199480875E1,-2.260201424E-2,5.864306539E-2,-4.581489414E-2
1.199687756E1,-2.199114859E-2,5.619960278E-2,-4.459316283E-2
1.199891206E1,-2.015855350E-2,5.375614017E-2,-4.642575979E-2
1.200098825E1,-2.015855350E-2,4.764748737E-2,-4.398229718E-2
1.200299025E1,-1.710422710E-2,4.581489414E-2,-4.459316283E-2
1.200494333E1,-1.649336144E-2,4.337143153E-2,-4.581489414E-2
1.200694298E1,-1.221730467E-2,4.214970022E-2,-4.459316283E-2
1.200901221E1,-1.282817032E-2,3.909537569E-2,-4.886921868E-2
1.201104671E1,-1.099557430E-2,3.726277873E-2,-5.009094998E-2
1.201311533E1,-7.941247895E-3,3.298672289E-2,-4.948008433E-2
1.201515048E1,-4.886921961E-3,3.176499158E-2,-5.070181563E-2
1.201722041E1,-3.665191587E-3,2.932153270E-2,-4.886921868E-2
1.201925529E1,-3.665191587E-3,2.626720630E-2,-5.192354694E-2
1.202125568E1,6.108652451E-4,2.565634064E-2,-5.131268129E-2
1.202333433E1,6.108652335E-3,2.382374369E-2,-5.497787148E-2
1.202528744E1,6.719517522E-3,2.076941915E-2,-5.742133409E-2
1.202728764E1,7.941247895E-3,2.076941915E-2,-5.558873713E-2
1.202935637E1,1.160643995E-2,2.015855350E-2,-5.803219974E-2
1.203139083E1,1.466076635E-2,1.954768784E-2,-5.925392732E-2
1.203341668E1,1.282817032E-2,2.015855350E-2,-5.925392732E-2
1.203541652E1,1.649336144E-2,1.893682219E-2,-6.108652428E-2
1.203748579E1,1.954768784E-2,2.015855350E-2,-6.169738993E-2
1.203951987E1,1.954768784E-2,1.893682219E-2,-6.230825558E-2
1.204159606E1,2.260201424E-2,2.076941915E-2,-6.291911751E-2
1.204378814E1,1.954768784E-2,2.076941915E-2,-6.047565863E-2
1.204555437E1,2.199114859E-2,2.015855350E-2,-6.352998316E-2
1.204755368E1,2.382374369E-2,2.138028294E-2,-6.230825558E-2
1.204962233E1,2.321287990E-2,2.199114859E-2,-6.536258012E-2
1.205165668E1,2.199114859E-2,2.382374369E-2,-6.414084882E-2
1.205372606E1,2.382374369E-2,2.260201424E-2,-6.230825558E-2
1.205576018E1,2.199114859E-2,2.443460934E-2,-6.475171447E-2
1.205782956E1,2.076941915E-2,2.565634064E-2,-6.108652428E-2
1.205986418E1,2.382374369E-2,2.443460934E-2,-6.108652428E-2
1.206186433E1,1.954768784E-2,2.504547499E-2,-5.925392732E-2
1.206403021E1,2.015855350E-2,2.565634064E-2,-6.169738993E-2
1.206593594E1,2.015855350E-2,2.321287990E-2,-5.742133409E-2
1.206793537E1,1.710422710E-2,2.015855350E-2,-5.681046844E-2
1.207000444E1,1.771509275E-2,1.893682219E-2,-5.619960278E-2
1.207203860E1,1.893682219E-2,1.893682219E-2,-5.864306539E-2
1.207410833E1,1.710422710E-2,1.527163107E-2,-5.803219974E-2
1.207614260E1,1.771509275E-2,9.773843922E-3,-5.558873713E-2
1.207821168E1,1.710422710E-2,9.162978269E-3,-5.742133409E-2
1.208024683E1,1.466076635E-2,3.665191587E-3,-5.253441259E-2
1.208232125E1,1.588249579E-2,0.000000000E0,-5.497787148E-2
1.208432383E1,1.466076635E-2,-3.054326167E-3,-5.314527452E-2
1.208627610E1,1.649336144E-2,-4.886921961E-3,-5.436700583E-2
1.208827575E1,1.649336144E-2,-1.343903504E-2,-5.192354694E-2
1.209034468E1,1.649336144E-2,-1.649336144E-2,-5.314527452E-2
1.209237921E1,1.649336144E-2,-2.260201424E-2,-4.886921868E-2
1.209444775E1,1.649336144E-2,-2.504547499E-2,-5.192354694E-2
1.209648287E1,1.588249579E-2,-2.871066704E-2,-4.764748737E-2
1.209855114E1,1.404990070E-2,-3.298672289E-2,-4.642575979E-2
1.210058494E1,1.649336144E-2,-3.787364438E-2,-4.825835302E-2
1.210258464E1,1.527163107E-2,-4.276056588E-2,-4.398229718E-2
1.210466279E1,1.466076635E-2,-4.581489414E-2,-4.642575979E-2
1.210661460E1,1.588249579E-2,-5.131268129E-2,-4.398229718E-2
1.210861379E1,1.466076635E-2,-5.497787148E-2,-4.092797264E-2
1.211068187E1,1.710422710E-2,-5.681046844E-2,-4.214970022E-2
1.211271560E1,2.015855350E-2,-6.169738993E-2,-4.153883830E-2
1.211478444E1,1.771509275E-2,-6.536258012E-2,-3.909537569E-2
1.211681841E1,1.771509275E-2,-6.841690838E-2,-3.787364438E-2
1.211888656E1,2.076941915E-2,-7.086037099E-2,-4.092797264E-2
1.212092033E1,1.832595654E-2,-7.208210230E-2,-3.665191308E-2
1.212299429E1,2.260201424E-2,-7.208210230E-2,-3.604105115E-2
1.212512025E1,1.954768784E-2,-7.635815442E-2,-3.481931984E-2
1.212699087E1,2.260201424E-2,-7.635815442E-2,-3.298672289E-2
1.212899025E1,2.199114859E-2,-7.696902007E-2,-3.481931984E-2
1.213105952E1,2.382374369E-2,-7.696902007E-2,-3.359758854E-2
1.213309406E1,2.382374369E-2,-7.635815442E-2,-3.237585723E-2
1.213516260E1,2.443460934E-2,-7.757988572E-2,-3.115412779E-2
1.213719671E1,2.565634064E-2,-7.574728876E-2,-3.604105115E-2
1.213926606E1,2.687807009E-2,-7.391469181E-2,-3.176499158E-2
1.214130068E1,2.565634064E-2,-7.391469181E-2,-2.993239649E-2
1.214333302E1,2.809980139E-2,-7.391469181E-2,-3.481931984E-2
1.214549968E1,2.809980139E-2,-7.147123665E-2,-3.481931984E-2
1.214740568E1,2.993239649E-2,-6.902777404E-2,-3.543018550E-2
1.214940514E1,2.932153270E-2,-6.902777404E-2,-3.604105115E-2
1.215147421E1,2.932153270E-2,-6.719517708E-2,-3.604105115E-2
1.215350879E1,3.054326214E-2,-6.536258012E-2,-3.665191308E-2
1.215557771E1,3.054326214E-2,-6.291911751E-2,-3.726277873E-2
1.215761310E1,3.054326214E-2,-5.925392732E-2,-3.970624134E-2
1.215968144E1,2.748893574E-2,-5.803219974E-2,-4.031710699E-2
1.216171633E1,2.809980139E-2,-5.558873713E-2,-4.092797264E-2
1.216379264E1,2.871066704E-2,-5.192354694E-2,-4.092797264E-2
1.216579583E1,2.626720630E-2,-4.948008433E-2,-4.153883830E-2
1.216774964E1,2.443460934E-2,-4.825835302E-2,-4.031710699E-2
1.216974933E1,2.748893574E-2,-4.398229718E-2,-4.764748737E-2
1.217181918E1,2.565634064E-2,-4.031710699E-2,-4.642575979E-2
1.217385391E1,2.504547499E-2,-3.787364438E-2,-4.642575979E-2
1.217592271E1,2.260201424E-2,-3.604105115E-2,-4.703662544E-2
1.217795718E1,2.321287990E-2,-3.237585723E-2,-4.948008433E-2
1.218002621E1,2.382374369E-2,-2.993239649E-2,-5.070181563E-2
1.218206052E1,2.015855350E-2,-2.993239649E-2,-5.131268129E-2
1.218409248E1,1.893682219E-2,-2.748893574E-2,-5.009094998E-2
1.218617094E1,2.076941915E-2,-2.443460934E-2,-4.948008433E-2
1.218812348E1,1.832595654E-2,-2.504547499E-2,-5.009094998E-2
1.219012306E1,1.771509275E-2,-2.321287990E-2,-5.009094998E-2
1.219219221E1,1.771509275E-2,-2.138028294E-2,-5.009094998E-2
1.219422660E1,1.527163107E-2,-2.015855350E-2,-5.192354694E-2
1.219629571E1,1.649336144E-2,-1.954768784E-2,-5.070181563E-2
1.219832998E1,1.588249579E-2,-1.832595654E-2,-4.764748737E-2
1.220039883E1,1.404990070E-2,-1.649336144E-2,-5.070181563E-2
1.220243375E1,1.771509275E-2,-1.771509275E-2,-4.825835302E-2
1.220450821E1,1.404990070E-2,-1.649336144E-2,-4.703662544E-2
1.220663491E1,1.588249579E-2,-1.649336144E-2,-4.764748737E-2
1.220850560E1,1.466076635E-2,-1.588249579E-2,-4.642575979E-2
1.221050518E1,1.343903504E-2,-1.527163107E-2,-4.703662544E-2
1.221257460E1,1.343903504E-2,-1.588249579E-2,-4.642575979E-2
1.221460933E1,1.282817032E-2,-1.466076635E-2,-4.459316283E-2
1.221667883E1,1.221730467E-2,-1.404990070E-2,-4.398229718E-2
1.221871371E1,1.160643995E-2,-1.282817032E-2,-4.642575979E-2
1.222078325E1,9.773843922E-3,-1.282817032E-2,-4.581489414E-2
1.222281844E1,1.160643995E-2,-1.404990070E-2,-4.398229718E-2
1.222485056E1,9.773843922E-3,-1.343903504E-2,-4.398229718E-2
1.222701679E1,7.330383174E-3,-1.343903504E-2,-4.031710699E-2
1.222892237E1,6.108652335E-3,-1.343903504E-2,-4.031710699E-2
1.223092133E1,7.941247895E-3,-1.404990070E-2,-4.214970022E-2
1.223299068E1,7.330383174E-3,-1.282817032E-2,-3.848451003E-2
1.223502483E1,4.276056774E-3,-1.404990070E-2,-4.092797264E-2
1.223709341E1,4.276056774E-3,-1.527163107E-2,-4.092797264E-2
1.223912741E1,1.832595794E-3,-1.404990070E-2,-3.726277873E-2
1.224119583E1,-1.832595794E-3,-1.466076635E-2,-3.420845419E-2
1.224322994E1,0.000000000E0,-1.221730467E-2,-3.665191308E-2
1.224530440E1,1.221730490E-3,-1.527163107E-2,-3.359758854E-2
1.224730694E1,-2.443460980E-3,-1.343903504E-2,-3.298672289E-2
1.224925929E1,-2.443460980E-3,-1.588249579E-2,-3.237585723E-2
1.225125860E1,-3.665191587E-3,-1.404990070E-2,-3.115412779E-2
1.225332691E1,-4.886921961E-3,-1.649336144E-2,-3.237585723E-2
1.225536091E1,-4.886921961E-3,-1.771509275E-2,-2.993239649E-2
1.225742987E1,-7.330383174E-3,-1.893682219E-2,-2.687807009E-2
1.225946352E1,-6.719517522E-3,-1.954768784E-2,-2.565634064E-2
1.226153190E1,-9.162978269E-3,-2.015855350E-2,-2.687807009E-2
1.226356606E1,-7.330383174E-3,-2.199114859E-2,-2.748893574E-2
1.226559729E1,-7.941247895E-3,-2.382374369E-2,-2.138028294E-2
1.226767548E1,-7.330383174E-3,-2.626720630E-2,-2.199114859E-2
1.226962771E1,-7.330383174E-3,-2.748893574E-2,-2.138028294E-2
1.227162660E1,-6.719517522E-3,-2.687807009E-2,-1.954768784E-2
1.227369564E1,-6.108652335E-3,-2.687807009E-2,-2.076941915E-2
1.227572975E1,-4.886921961E-3,-2.871066704E-2,-1.527163107E-2
1.227775502E1,-4.886921961E-3,-3.115412779E-2,-1.649336144E-2
1.227975471E1,-1.221730490E-3,-3.054326214E-2,-1.649336144E-2
1.228182379E1,-1.221730490E-3,-3.359758854E-2,-1.649336144E-2
1.228385744E1,-1.832595794E-3,-3.604105115E-2,-1.466076635E-2
1.228593233E1,1.832595794E-3,-3.604105115E-2,-1.099557430E-2
1.228812429E1,3.054326167E-3,-3.604105115E-2,-1.099557430E-2
1.228988994E1,3.665191587E-3,-3.726277873E-2,-9.162978269E-3
1.229188979E1,3.665191587E-3,-3.787364438E-2,-9.162978269E-3
1.229395883E1,2.443460980E-3,-3.909537569E-2,-7.941247895E-3
1.229600787E1,5.497787148E-3,-3.848451003E-2,-4.886921961E-3
1.229806175E1,4.276056774E-3,-3.787364438E-2,-1.832595794E-3
1.230009579E1,4.886921961E-3,-3.604105115E-2,-2.443460980E-3
1.230216417E1,9.162978269E-3,-3.481931984E-2,1.221730490E-3
1.230419771E1,6.108652335E-3,-3.420845419E-2,3.054326167E-3
1.230622891E1,7.941247895E-3,-3.176499158E-2,1.221730490E-3
1.230839483E1,7.941247895E-3,-3.115412779E-2,4.886921961E-3
1.231029987E1,1.099557430E-2,-2.809980139E-2,7.330383174E-3
1.231229933E1,9.162978269E-3,-2.565634064E-2,7.330383174E-3
1.231436837E1,1.160643995E-2,-2.504547499E-2,9.773843922E-3
1.231640375E1,1.343903504E-2,-2.015855350E-2,1.099557430E-2
1.231847248E1,1.527163107E-2,-2.199114859E-2,1.160643995E-2
1.232050737E1,1.404990070E-2,-2.015855350E-2,1.099557430E-2
1.232257587E1,1.343903504E-2,-1.588249579E-2,1.649336144E-2
1.232461044E1,1.649336144E-2,-1.221730467E-2,1.649336144E-2
1.232668702E1,1.710422710E-2,-1.221730467E-2,1.649336144E-2
1.232868890E1,2.015855350E-2,-7.330383174E-3,1.404990070E-2
1.233064075E1,2.138028294E-2,-4.886921961E-3,1.771509275E-2
1.233264037E1,2.260201424E-2,-1.832595794E-3,1.099557430E-2
1.233470967E1,2.565634064E-2,1.221730490E-3,1.649336144E-2
1.233674383E1,2.626720630E-2,3.054326167E-3,1.588249579E-2
1.233881267E1,2.932153270E-2,2.443460980E-3,1.282817032E-2
1.234084698E1,3.237585723E-2,5.497787148E-3,1.527163107E-2
1.234291617E1,3.359758854E-2,4.276056774E-3,1.221730467E-2
1.234495014E1,3.726277873E-2,4.886921961E-3,1.099557430E-2
1.234694933E1,3.787364438E-2,4.886921961E-3,1.343903504E-2
1.234902721E1,3.726277873E-2,5.497787148E-3,1.282817032E-2
1.235098002E1,4.031710699E-2,3.665191587E-3,1.221730467E-2
1.235297967E1,4.153883830E-2,3.054326167E-3,1.221730467E-2
1.235504802E1,4.153883830E-2,1.221730490E-3,1.038470957E-2
1.235708279E1,4.337143153E-2,-6.108652451E-4,9.773843922E-3
1.235915071E1,4.337143153E-2,-1.832595794E-3,1.343903504E-2
1.236118552E1,4.214970022E-2,-6.108652335E-3,1.160643995E-2
1.236325444E1,4.153883830E-2,-1.038470957E-2,1.160643995E-2
1.236528902E1,4.153883830E-2,-1.221730467E-2,1.343903504E-2
1.236736433E1,4.398229718E-2,-1.649336144E-2,1.160643995E-2
1.236949044E1,4.092797264E-2,-1.771509275E-2,9.773843922E-3
1.237136106E1,3.726277873E-2,-2.321287990E-2,1.527163107E-2
1.237336167E1,3.726277873E-2,-2.748893574E-2,1.221730467E-2
1.237543060E1,3.604105115E-2,-3.176499158E-2,1.343903504E-2
1.237746506E1,3.420845419E-2,-3.787364438E-2,1.160643995E-2
1.237953487E1,2.993239649E-2,-4.459316283E-2,1.343903504E-2
1.238156967E1,3.176499158E-2,-4.703662544E-2,1.160643995E-2
1.238363914E1,2.932153270E-2,-5.314527452E-2,1.466076635E-2
1.238567302E1,2.809980139E-2,-5.864306539E-2,1.527163107E-2
1.238770629E1,2.565634064E-2,-6.230825558E-2,1.282817032E-2
1.238987283E1,2.748893574E-2,-6.719517708E-2,1.649336144E-2
1.239177917E1,2.565634064E-2,-7.269296050E-2,1.466076635E-2
1.239377917E1,2.260201424E-2,-7.452555746E-2,1.221730467E-2
1.239584921E1,2.321287990E-2,-7.941248268E-2,1.099557430E-2
1.239788483E1,2.199114859E-2,-8.002334833E-2,1.343903504E-2
1.239995429E1,2.138028294E-2,-8.124507964E-2,9.162978269E-3
1.240198998E1,2.138028294E-2,-8.429940045E-2,1.160643995E-2
1.240405983E1,2.138028294E-2,-8.429940045E-2,1.099557430E-2
1.240609479E1,2.199114859E-2,-8.613199741E-2,6.719517522E-3
1.240816979E1,2.321287990E-2,-8.491026610E-2,9.773843922E-3
1.241017298E1,1.893682219E-2,-8.613199741E-2,7.330383174E-3
1.241212629E1,1.954768784E-2,-8.491026610E-2,7.941247895E-3
1.241412629E1,2.076941915E-2,-8.368854225E-2,8.552113548E-3
1.241619610E1,2.199114859E-2,-8.124507964E-2,5.497787148E-3
1.241823064E1,1.771509275E-2,-7.819075137E-2,6.719517522E-3
1.242029983E1,2.015855350E-2,-8.063421398E-2,6.719517522E-3
1.242233502E1,1.832595654E-2,-7.574728876E-2,3.665191587E-3
1.242440464E1,1.893682219E-2,-7.269296050E-2,3.665191587E-3
1.242643937E1,1.954768784E-2,-7.147123665E-2,6.108652335E-3
1.242847067E1,1.771509275E-2,-6.841690838E-2,4.886921961E-3
1.243054940E1,1.893682219E-2,-6.414084882E-2,4.276056774E-3
1.243250206E1,1.832595654E-2,-6.475171447E-2,9.162978269E-3
1.243450175E1,1.649336144E-2,-5.986479297E-2,7.330383174E-3
1.243657094E1,1.588249579E-2,-5.558873713E-2,7.330383174E-3
1.243860548E1,1.649336144E-2,-5.314527452E-2,7.941247895E-3
1.244067467E1,1.343903504E-2,-5.070181563E-2,8.552113548E-3
1.244270983E1,1.527163107E-2,-4.825835302E-2,7.941247895E-3
1.244477891E1,1.527163107E-2,-4.703662544E-2,6.108652335E-3
1.244681360E1,1.588249579E-2,-4.581489414E-2,9.773843922E-3
1.244888817E1,1.404990070E-2,-4.337143153E-2,9.162978269E-3
1.245101491E1,1.404990070E-2,-4.276056588E-2,1.038470957E-2
1.245288556E1,1.221730467E-2,-4.153883830E-2,1.160643995E-2
1.245488517E1,1.221730467E-2,-4.214970022E-2,1.038470957E-2
1.245695456E1,1.404990070E-2,-4.398229718E-2,1.343903504E-2
1.245898960E1,1.527163107E-2,-4.092797264E-2,8.552113548E-3
1.246105875E1,1.343903504E-2,-4.520402849E-2,7.330383174E-3
1.246309329E1,1.282817032E-2,-4.276056588E-2,1.099557430E-2
1.246516275E1,1.404990070E-2,-4.520402849E-2,7.941247895E-3
1.246719756E1,1.343903504E-2,-4.703662544E-2,8.552113548E-3
1.246922998E1,1.160643995E-2,-4.948008433E-2,9.162978269E-3
1.247139675E1,1.221730467E-2,-5.009094998E-2,8.552113548E-3
1.247330310E1,1.343903504E-2,-5.253441259E-2,6.108652335E-3
1.247530298E1,1.343903504E-2,-5.314527452E-2,9.773843922E-3
1.247737210E1,1.282817032E-2,-5.436700583E-2,5.497787148E-3
1.247940714E1,1.160643995E-2,-5.803219974E-2,5.497787148E-3
1.248147648E1,1.343903504E-2,-6.047565863E-2,5.497787148E-3
1.248351221E1,1.221730467E-2,-6.291911751E-2,5.497787148E-3
1.248558198E1,1.160643995E-2,-6.291911751E-2,6.108652335E-3
1.248761717E1,1.221730467E-2,-6.414084882E-2,6.108652335E-3
1.248969444E1,9.773843922E-3,-6.475171447E-2,4.886921961E-3
1.249169667E1,1.099557430E-2,-6.658431143E-2,4.886921961E-3
1.249364960E1,1.282817032E-2,-6.780604273E-2,5.497787148E-3
1.249565002E1,1.221730467E-2,-6.902777404E-2,4.276056774E-3
1.249772002E1,1.160643995E-2,-7.269296050E-2,6.108652335E-3
1.249975525E1,1.160643995E-2,-6.963863969E-2,6.108652335E-3
1.250182471E1,1.343903504E-2,-7.208210230E-2,7.330383174E-3
1.250385937E1,1.343903504E-2,-7.147123665E-2,7.941247895E-3
1.250592983E1,1.282817032E-2,-7.269296050E-2,7.941247895E-3
1.250796352E1,1.099557430E-2,-7.208210230E-2,9.773843922E-3
1.250999475E1,1.527163107E-2,-7.208210230E-2,6.719517522E-3
1.251207314E1,1.893682219E-2,-6.963863969E-2,9.162978269E-3
1.251407864E1,1.771509275E-2,-6.963863969E-2,9.162978269E-3
1.251611302E1,1.710422710E-2,-7.147123665E-2,9.162978269E-3
1.251818244E1,1.954768784E-2,-7.086037099E-2,7.941247895E-3
1.252021698E1,2.138028294E-2,-6.963863969E-2,7.941247895E-3
1.252224321E1,1.954768784E-2,-7.086037099E-2,1.160643995E-2
1.252424283E1,2.138028294E-2,-6.963863969E-2,7.330383174E-3
1.252631179E1,2.260201424E-2,-7.269296050E-2,9.162978269E-3
1.252834679E1,2.076941915E-2,-7.086037099E-2,1.160643995E-2
1.253042202E1,2.260201424E-2,-7.086037099E-2,9.162978269E-3
1.253261571E1,2.321287990E-2,-7.208210230E-2,8.552113548E-3
1.253438233E1,2.199114859E-2,-7.452555746E-2,9.162978269E-3
1.253638244E1,2.443460934E-2,-7.330382615E-2,8.552113548E-3
1.253845144E1,2.199114859E-2,-7.452555746E-2,1.038470957E-2
1.254048629E1,2.382374369E-2,-7.452555746E-2,9.773843922E-3
1.254255552E1,2.443460934E-2,-7.635815442E-2,7.330383174E-3
1.254459006E1,2.748893574E-2,-7.391469181E-2,7.330383174E-3
1.254665894E1,2.809980139E-2,-7.513642311E-2,5.497787148E-3
1.254869329E1,2.565634064E-2,-7.696902007E-2,8.552113548E-3
1.255072556E1,2.504547499E-2,-7.635815442E-2,8.552113548E-3
1.255289298E1,2.748893574E-2,-7.574728876E-2,4.886921961E-3
1.255479925E1,2.871066704E-2,-7.391469181E-2,4.276056774E-3
1.255679902E1,2.626720630E-2,-7.391469181E-2,7.330383174E-3
1.255886837E1,2.626720630E-2,-7.391469181E-2,6.108652335E-3
1.256090271E1,2.687807009E-2,-7.513642311E-2,3.665191587E-3
1.256297156E1,2.443460934E-2,-7.269296050E-2,4.276056774E-3
1.256500721E1,2.321287990E-2,-7.269296050E-2,6.108652335E-3
1.256707590E1,2.443460934E-2,-7.208210230E-2,3.665191587E-3
1.256911087E1,2.260201424E-2,-7.208210230E-2,6.108652335E-3
1.257118579E1,1.893682219E-2,-7.024950534E-2,5.497787148E-3
1.257318983E1,1.893682219E-2,-6.963863969E-2,7.330383174E-3
1.257514375E1,2.076941915E-2,-6.841690838E-2,6.719517522E-3
1.257714398E1,1.832595654E-2,-6.597344577E-2,3.665191587E-3
1.257921337E1,1.649336144E-2,-6.719517708E-2,5.497787148E-3
1.258124825E1,1.221730467E-2,-6.597344577E-2,7.941247895E-3
1.258331717E1,1.160643995E-2,-6.414084882E-2,1.038470957E-2
1.258535287E1,9.162978269E-3,-6.414084882E-2,1.038470957E-2
1.258742140E1,7.941247895E-3,-6.169738993E-2,9.773843922E-3
1.258945656E1,6.719517522E-3,-5.925392732E-2,1.099557430E-2
1.259148840E1,7.330383174E-3,-5.986479297E-2,1.038470957E-2
1.259356721E1,3.665191587E-3,-5.803219974E-2,1.221730467E-2
1.259552148E1,6.108652451E-4,-5.497787148E-2,1.343903504E-2
1.259752160E1,1.832595794E-3,-5.436700583E-2,1.466076635E-2
1.259959071E1,-3.054326167E-3,-5.558873713E-2,1.649336144E-2
1.260162544E1,-1.221730490E-3,-5.497787148E-2,1.588249579E-2
1.260369421E1,-3.665191587E-3,-5.375614017E-2,1.771509275E-2
1.260572964E1,-5.497787148E-3,-5.253441259E-2,1.771509275E-2
1.260779883E1,-5.497787148E-3,-5.192354694E-2,1.710422710E-2
1.260983352E1,-6.108652335E-3,-5.070181563E-2,1.832595654E-2
1.261190806E1,-9.162978269E-3,-5.131268129E-2,2.138028294E-2
1.261403417E1,-9.773843922E-3,-5.009094998E-2,1.710422710E-2
1.261590452E1,-1.038470957E-2,-4.886921868E-2,1.954768784E-2
1.261790464E1,-9.162978269E-3,-4.948008433E-2,2.076941915E-2
1.261997383E1,-1.221730467E-2,-4.948008433E-2,2.260201424E-2
1.262200879E1,-1.221730467E-2,-4.703662544E-2,2.138028294E-2
1.262407767E1,-1.404990070E-2,-4.948008433E-2,2.382374369E-2
1.262611294E1,-1.466076635E-2,-4.703662544E-2,2.443460934E-2
1.262818183E1,-1.221730467E-2,-4.886921868E-2,2.565634064E-2
1.263021652E1,-1.282817032E-2,-4.886921868E-2,2.626720630E-2
1.263224902E1,-1.343903504E-2,-4.642575979E-2,2.565634064E-2
1.263441606E1,-1.282817032E-2,-4.764748737E-2,2.382374369E-2
1.263632179E1,-1.649336144E-2,-4.520402849E-2,2.626720630E-2
1.263832179E1,-1.710422710E-2,-4.337143153E-2,2.871066704E-2
1.264039071E1,-1.649336144E-2,-4.520402849E-2,2.871066704E-2
1.264242544E1,-1.710422710E-2,-4.398229718E-2,2.871066704E-2
1.264449425E1,-1.771509275E-2,-4.398229718E-2,2.871066704E-2
1.264652902E1,-1.588249579E-2,-3.909537569E-2,2.748893574E-2
1.264859764E1,-1.771509275E-2,-4.153883830E-2,2.687807009E-2
1.265063156E1,-1.649336144E-2,-3.848451003E-2,2.565634064E-2
1.265270790E1,-1.710422710E-2,-3.787364438E-2,2.932153270E-2
1.265471075E1,-1.893682219E-2,-3.543018550E-2,2.626720630E-2
1.265666275E1,-1.954768784E-2,-3.420845419E-2,2.809980139E-2
1.265866225E1,-1.832595654E-2,-3.298672289E-2,2.565634064E-2
1.266073133E1,-1.832595654E-2,-3.298672289E-2,2.932153270E-2
1.266276498E1,-1.771509275E-2,-3.054326214E-2,2.626720630E-2
1.266483333E1,-1.588249579E-2,-2.871066704E-2,2.687807009E-2
1.266686752E1,-1.649336144E-2,-2.871066704E-2,2.687807009E-2
1.266893667E1,-1.588249579E-2,-2.626720630E-2,2.565634064E-2
1.267097071E1,-1.466076635E-2,-2.565634064E-2,2.748893574E-2
1.267300225E1,-1.710422710E-2,-2.321287990E-2,2.626720630E-2
1.267508175E1,-1.466076635E-2,-2.260201424E-2,2.932153270E-2
1.267703360E1,-1.588249579E-2,-2.199114859E-2,2.932153270E-2
1.267903387E1,-1.404990070E-2,-1.954768784E-2,2.687807009E-2
1.268110175E1,-1.343903504E-2,-2.015855350E-2,2.565634064E-2
1.268313663E1,-1.221730467E-2,-1.893682219E-2,2.626720630E-2
1.268520521E1,-1.282817032E-2,-2.076941915E-2,2.626720630E-2
1.268723967E1,-1.038470957E-2,-1.832595654E-2,2.748893574E-2
1.268930879E1,-9.773843922E-3,-1.771509275E-2,2.626720630E-2
1.269134271E1,-1.038470957E-2,-1.588249579E-2,2.687807009E-2
1.269341810E1,-6.719517522E-3,-1.588249579E-2,2.443460934E-2
1.269554479E1,-8.552113548E-3,-1.588249579E-2,2.565634064E-2
1.269741533E1,-5.497787148E-3,-1.282817032E-2,2.626720630E-2
1.269941510E1,-6.719517522E-3,-1.282817032E-2,2.871066704E-2
1.270148398E1,-6.719517522E-3,-1.099557430E-2,2.504547499E-2
1.270353310E1,-8.552113548E-3,-7.941247895E-3,2.626720630E-2
1.270558737E1,-4.886921961E-3,-9.162978269E-3,2.687807009E-2
1.270762186E1,-6.719517522E-3,-8.552113548E-3,2.626720630E-2
1.270969125E1,-5.497787148E-3,-6.108652335E-3,2.748893574E-2
1.271172629E1,-4.886921961E-3,-4.276056774E-3,2.565634064E-2
1.271375863E1,-3.054326167E-3,-4.886921961E-3,2.565634064E-2
1.271592560E1,-6.108652335E-3,-1.832595794E-3,2.748893574E-2
1.271783075E1,-6.108652335E-3,-1.832595794E-3,2.809980139E-2
1.271983094E1,-2.443460980E-3,6.108652451E-4,2.443460934E-2
1.272190129E1,-5.497787148E-3,2.443460980E-3,2.748893574E-2
1.272393606E1,-4.886921961E-3,5.497787148E-3,2.932153270E-2
1.272600563E1,-6.108652335E-3,6.108652335E-3,2.932153270E-2
1.272804010E1,-5.497787148E-3,7.330383174E-3,2.871066704E-2
1.273010967E1,-6.108652335E-3,9.773843922E-3,2.748893574E-2
1.273214413E1,-5.497787148E-3,1.160643995E-2,2.748893574E-2
1.273422017E1,-7.330383174E-3,1.404990070E-2,3.237585723E-2
1.273622421E1,-7.330383174E-3,1.588249579E-2,2.687807009E-2
1.273817663E1,-7.941247895E-3,1.832595654E-2,2.626720630E-2
1.274017606E1,-6.719517522E-3,1.893682219E-2,3.237585723E-2
1.274224544E1,-8.552113548E-3,2.260201424E-2,2.932153270E-2
1.274428056E1,-9.773843922E-3,2.321287990E-2,2.871066704E-2
1.274634956E1,-8.552113548E-3,2.443460934E-2,3.298672289E-2
1.274838483E1,-9.773843922E-3,2.871066704E-2,2.871066704E-2
1.275045433E1,-6.108652335E-3,2.809980139E-2,2.809980139E-2
1.275248902E1,-1.038470957E-2,3.054326214E-2,3.115412779E-2
1.275452129E1,-9.162978269E-3,3.115412779E-2,2.932153270E-2
1.275659937E1,-8.552113548E-3,3.115412779E-2,2.871066704E-2
1.275855248E1,-1.038470957E-2,3.359758854E-2,3.543018550E-2
1.276055233E1,-1.038470957E-2,3.604105115E-2,2.809980139E-2
1.276262129E1,-9.162978269E-3,3.298672289E-2,2.871066704E-2
1.276465613E1,-7.941247895E-3,3.543018550E-2,3.176499158E-2
1.276668144E1,-9.162978269E-3,3.543018550E-2,2.809980139E-2
1.276868098E1,-8.552113548E-3,3.726277873E-2,2.748893574E-2
1.277075060E1,-6.719517522E-3,3.604105115E-2,2.748893574E-2
1.277278575E1,-8.552113548E-3,3.543018550E-2,2.871066704E-2
1.277486033E1,-7.941247895E-3,3.604105115E-2,2.748893574E-2
1.277705375E1,-7.941247895E-3,3.604105115E-2,2.809980139E-2
1.277881975E1,-6.108652335E-3,3.604105115E-2,2.443460934E-2
1.278081875E1,-7.941247895E-3,3.665191308E-2,2.626720630E-2
1.278288821E1,-6.108652335E-3,3.359758854E-2,2.565634064E-2
1.278492190E1,-6.108652335E-3,3.359758854E-2,2.443460934E-2
1.278699102E1,-3.665191587E-3,3.420845419E-2,2.321287990E-2
1.278902575E1,-3.665191587E-3,3.298672289E-2,2.504547499E-2
1.279109421E1,-1.221730490E-3,3.420845419E-2,2.015855350E-2
1.279312963E1,-1.221730490E-3,3.115412779E-2,2.443460934E-2
1.279516152E1,-2.443460980E-3,3.054326214E-2,2.260201424E-2
1.279732844E1,-2.443460980E-3,3.115412779E-2,1.771509275E-2
1.279923402E1,-6.108652451E-4,2.993239649E-2,2.076941915E-2
1.280123317E1,1.832595794E-3,2.993239649E-2,1.893682219E-2
1.280330190E1,4.276056774E-3,2.993239649E-2,1.649336144E-2
1.280533625E1,2.443460980E-3,2.871066704E-2,1.832595654E-2
1.280740502E1,2.443460980E-3,2.809980139E-2,1.893682219E-2
1.280943960E1,3.054326167E-3,2.626720630E-2,1.466076635E-2
1.281150848E1,5.497787148E-3,2.871066704E-2,1.343903504E-2
1.281354283E1,6.108652335E-3,2.809980139E-2,1.404990070E-2
1.281561883E1,2.443460980E-3,2.626720630E-2,1.282817032E-2
1.281762060E1,3.665191587E-3,2.748893574E-2,1.282817032E-2
1.281957244E1,2.443460980E-3,2.809980139E-2,1.466076635E-2
1.282157167E1,0.000000000E0,2.687807009E-2,1.160643995E-2
1.282364098E1,2.443460980E-3,2.871066704E-2,1.588249579E-2
1.282567560E1,-6.108652451E-4,2.626720630E-2,1.710422710E-2
1.282774429E1,-6.108652451E-4,2.809980139E-2,1.404990070E-2
1.282977906E1,-2.443460980E-3,2.871066704E-2,1.527163107E-2
1.283184790E1,-4.276056774E-3,2.687807009E-2,1.771509275E-2
1.283388279E1,-3.665191587E-3,2.687807009E-2,1.588249579E-2
1.283591510E1,-3.665191587E-3,2.871066704E-2,1.649336144E-2
1.283799325E1,-4.886921961E-3,2.871066704E-2,1.832595654E-2
1.283994594E1,-3.665191587E-3,3.054326214E-2,1.771509275E-2
1.284194552E1,-4.886921961E-3,3.176499158E-2,1.404990070E-2
1.284401475E1,-5.497787148E-3,3.298672289E-2,1.832595654E-2
1.284604917E1,-6.719517522E-3,3.420845419E-2,1.954768784E-2
1.284811844E1,-9.162978269E-3,3.420845419E-2,1.343903504E-2
1.285015313E1,-7.941247895E-3,3.604105115E-2,2.076941915E-2
1.285222244E1,-7.330383174E-3,3.665191308E-2,1.466076635E-2
1.285425683E1,-5.497787148E-3,3.970624134E-2,1.404990070E-2
1.285633152E1,-5.497787148E-3,4.276056588E-2,1.649336144E-2
1.285845752E1,-6.108652335E-3,4.337143153E-2,1.466076635E-2
1.286032848E1,-6.719517522E-3,4.459316283E-2,1.160643995E-2
1.286232767E1,-4.276056774E-3,4.642575979E-2,1.160643995E-2
1.286439617E1,-6.719517522E-3,4.703662544E-2,1.160643995E-2
1.286643136E1,-3.665191587E-3,4.764748737E-2,1.343903504E-2
1.286849994E1,-2.443460980E-3,4.703662544E-2,1.099557430E-2
1.287053383E1,-3.665191587E-3,4.825835302E-2,1.282817032E-2
1.287260456E1,6.108652451E-4,4.764748737E-2,1.099557430E-2
1.287463913E1,-1.832595794E-3,4.642575979E-2,1.099557430E-2
1.287667094E1,1.221730490E-3,4.581489414E-2,1.404990070E-2
1.287883848E1,2.443460980E-3,4.703662544E-2,1.038470957E-2
1.288074452E1,2.443460980E-3,4.398229718E-2,1.282817032E-2
1.288274456E1,3.054326167E-3,4.153883830E-2,1.282817032E-2
1.288481344E1,4.886921961E-3,4.153883830E-2,1.160643995E-2
1.288684802E1,3.054326167E-3,3.604105115E-2,1.343903504E-2
1.288891683E1,3.054326167E-3,3.359758854E-2,1.404990070E-2
1.289095102E1,4.886921961E-3,3.298672289E-2,1.282817032E-2
1.289301986E1,3.054326167E-3,3.115412779E-2,1.404990070E-2
1.289505433E1,5.497787148E-3,2.626720630E-2,1.527163107E-2
1.289712883E1,4.276056774E-3,2.443460934E-2,1.221730467E-2
1.289913140E1,3.665191587E-3,1.893682219E-2,1.588249579E-2
1.290108486E1,3.665191587E-3,1.649336144E-2,1.771509275E-2
1.290308444E1,4.276056774E-3,1.588249579E-2,1.527163107E-2
1.290515329E1,5.497787148E-3,9.773843922E-3,1.893682219E-2
1.290718806E1,4.886921961E-3,6.719517522E-3,1.404990070E-2
1.290925671E1,1.832595794E-3,4.276056774E-3,1.832595654E-2
1.291129121E1,3.054326167E-3,0.000000000E0,2.138028294E-2
1.291335998E1,3.665191587E-3,-1.832595794E-3,1.771509275E-2
1.291539410E1,2.443460980E-3,-3.665191587E-3,1.893682219E-2
1.291742775E1,1.832595794E-3,-4.276056774E-3,2.015855350E-2
1.291950725E1,4.276056774E-3,-7.330383174E-3,2.015855350E-2
1.292146071E1,4.886921961E-3,-6.719517522E-3,1.954768784E-2
1.292346094E1,6.108652335E-3,-5.497787148E-3,1.588249579E-2
1.292553102E1,6.719517522E-3,-4.886921961E-3,2.199114859E-2
1.292756552E1,6.108652335E-3,-2.443460980E-3,1.527163107E-2
1.292963417E1,8.552113548E-3,-2.443460980E-3,1.771509275E-2
1.293166986E1,9.773843922E-3,6.108652451E-4,1.893682219E-2
1.293373860E1,1.099557430E-2,4.276056774E-3,1.649336144E-2
1.293577379E1,9.773843922E-3,6.108652335E-3,2.015855350E-2
1.293784929E1,1.099557430E-2,7.941247895E-3,1.771509275E-2
1.293997563E1,1.343903504E-2,1.160643995E-2,1.771509275E-2
1.294184690E1,1.404990070E-2,1.282817032E-2,2.015855350E-2
1.294384625E1,1.160643995E-2,1.771509275E-2,1.649336144E-2
1.294591598E1,1.527163107E-2,2.199114859E-2,1.710422710E-2
1.294795102E1,1.771509275E-2,2.138028294E-2,1.588249579E-2
1.295002071E1,1.771509275E-2,2.321287990E-2,1.649336144E-2
1.295205494E1,1.832595654E-2,2.687807009E-2,1.832595654E-2
1.295412402E1,1.954768784E-2,2.932153270E-2,1.527163107E-2
1.295615910E1,1.832595654E-2,3.054326214E-2,1.649336144E-2
1.295819125E1,2.138028294E-2,3.298672289E-2,1.466076635E-2
1.296036113E1,2.076941915E-2,3.359758854E-2,1.771509275E-2
1.296223256E1,2.138028294E-2,3.604105115E-2,1.527163107E-2
1.296423225E1,2.260201424E-2,3.665191308E-2,1.343903504E-2
1.296630121E1,2.382374369E-2,3.909537569E-2,1.527163107E-2
1.296833617E1,2.138028294E-2,3.909537569E-2,1.466076635E-2
1.297040486E1,2.321287990E-2,4.031710699E-2,1.588249579E-2
1.297243910E1,2.138028294E-2,4.153883830E-2,1.588249579E-2
1.297450856E1,2.260201424E-2,4.276056588E-2,1.221730467E-2
1.297654383E1,2.260201424E-2,4.337143153E-2,1.649336144E-2
1.297862140E1,2.382374369E-2,4.337143153E-2,1.282817032E-2
1.298062402E1,2.015855350E-2,4.337143153E-2,1.343903504E-2
1.298257610E1,2.321287990E-2,4.581489414E-2,1.527163107E-2
1.298457590E1,2.260201424E-2,4.398229718E-2,1.404990070E-2
1.298664486E1,2.199114859E-2,4.337143153E-2,1.404990070E-2
1.298867886E1,2.321287990E-2,4.337143153E-2,1.343903504E-2
1.299074775E1,2.260201424E-2,4.214970022E-2,1.404990070E-2
1.299278325E1,2.199114859E-2,4.153883830E-2,1.221730467E-2
1.299485198E1,2.015855350E-2,3.970624134E-2,1.466076635E-2
1.299688590E1,1.832595654E-2,3.787364438E-2,1.343903504E-2
1.299891848E1,2.138028294E-2,3.970624134E-2,1.160643995E-2
1.300099798E1,1.893682219E-2,3.726277873E-2,1.832595654E-2
1.300295133E1,2.138028294E-2,3.909537569E-2,1.221730467E-2
1.300495090E1,2.138028294E-2,3.909537569E-2,9.773843922E-3
1.300701952E1,2.076941915E-2,3.726277873E-2,1.221730467E-2
1.300905394E1,2.076941915E-2,3.848451003E-2,1.160643995E-2
1.301107882E1,2.076941915E-2,3.543018550E-2,1.343903504E-2
1.301307802E1,2.138028294E-2,3.726277873E-2,1.649336144E-2
1.301514806E1,1.954768784E-2,3.726277873E-2,1.527163107E-2
1.301718275E1,2.015855350E-2,3.909537569E-2,1.282817032E-2
1.301925798E1,2.260201424E-2,3.787364438E-2,1.343903504E-2
1.302145071E1,2.015855350E-2,3.787364438E-2,1.404990070E-2
1.302321682E1,2.260201424E-2,3.848451003E-2,1.466076635E-2
1.302521640E1,1.954768784E-2,3.848451003E-2,1.710422710E-2
1.302728613E1,1.832595654E-2,4.092797264E-2,1.588249579E-2
1.302932140E1,2.076941915E-2,3.726277873E-2,1.404990070E-2
1.303139036E1,1.893682219E-2,4.031710699E-2,1.832595654E-2
1.303342548E1,2.015855350E-2,4.153883830E-2,1.588249579E-2
1.303549463E1,2.076941915E-2,4.031710699E-2,1.404990070E-2
1.303752940E1,1.771509275E-2,3.970624134E-2,2.076941915E-2
1.303952963E1,1.954768784E-2,3.970624134E-2,1.710422710E-2
1.304169660E1,1.832595654E-2,4.031710699E-2,1.771509275E-2
1.304360282E1,1.771509275E-2,3.848451003E-2,2.015855350E-2
1.304560275E1,1.710422710E-2,3.726277873E-2,1.710422710E-2
1.304767186E1,2.015855350E-2,3.787364438E-2,1.771509275E-2
1.304970683E1,1.893682219E-2,3.726277873E-2,2.015855350E-2
1.305177686E1,1.710422710E-2,3.543018550E-2,2.076941915E-2
1.305381160E1,1.710422710E-2,3.420845419E-2,1.832595654E-2
1.305588102E1,1.649336144E-2,3.298672289E-2,1.832595654E-2
1.305791556E1,1.710422710E-2,3.298672289E-2,1.710422710E-2
1.305999044E1,1.649336144E-2,3.054326214E-2,1.954768784E-2
1.306199513E1,1.466076635E-2,2.809980139E-2,1.832595654E-2
1.306394571E1,1.527163107E-2,2.932153270E-2,1.527163107E-2
1.306594586E1,1.771509275E-2,2.626720630E-2,1.588249579E-2
1.306801506E1,1.466076635E-2,2.443460934E-2,1.710422710E-2
1.307004990E1,1.343903504E-2,2.443460934E-2,1.649336144E-2
1.307211963E1,1.221730467E-2,2.260201424E-2,1.343903504E-2
1.307415448E1,1.343903504E-2,2.321287990E-2,1.649336144E-2
1.307622383E1,1.099557430E-2,2.321287990E-2,1.588249579E-2
1.307825913E1,1.160643995E-2,2.260201424E-2,1.527163107E-2
1.308029133E1,1.099557430E-2,2.076941915E-2,1.404990070E-2
1.308237040E1,8.552113548E-3,2.321287990E-2,1.527163107E-2
1.308432263E1,9.773843922E-3,2.443460934E-2,1.343903504E-2
1.308632336E1,7.941247895E-3,2.321287990E-2,1.466076635E-2
1.308839306E1,3.665191587E-3,2.504547499E-2,1.649336144E-2
1.309042882E1,5.497787148E-3,2.626720630E-2,1.527163107E-2
1.309249852E1,5.497787148E-3,2.626720630E-2,1.527163107E-2
1.309453390E1,2.443460980E-3,2.626720630E-2,1.832595654E-2
1.309660379E1,3.665191587E-3,2.993239649E-2,1.527163107E-2
1.309863913E1,1.221730490E-3,3.054326214E-2,1.527163107E-2
1.310071563E1,0.000000000E0,3.115412779E-2,2.076941915E-2
1.310284313E1,-2.443460980E-3,3.298672289E-2,1.893682219E-2
1.310471425E1,-2.443460980E-3,3.420845419E-2,1.832595654E-2
1.310671363E1,-3.665191587E-3,3.604105115E-2,2.138028294E-2
1.310878298E1,-3.665191587E-3,4.031710699E-2,2.138028294E-2
1.311083221E1,-5.497787148E-3,4.031710699E-2,2.138028294E-2
1.311288640E1,-7.330383174E-3,4.337143153E-2,2.199114859E-2
1.311492140E1,-7.330383174E-3,4.642575979E-2,2.138028294E-2
1.311699098E1,-7.330383174E-3,4.886921868E-2,2.382374369E-2
1.311902575E1,-9.773843922E-3,4.764748737E-2,2.504547499E-2
1.312105817E1,-9.773843922E-3,5.009094998E-2,2.565634064E-2
1.312322556E1,-1.099557430E-2,5.009094998E-2,2.565634064E-2
1.312513206E1,-1.038470957E-2,5.192354694E-2,2.871066704E-2
1.312713233E1,-9.162978269E-3,5.253441259E-2,2.626720630E-2
1.312920106E1,-1.099557430E-2,5.436700583E-2,2.687807009E-2
1.313123556E1,-1.038470957E-2,5.375614017E-2,2.504547499E-2
1.313330590E1,-1.099557430E-2,5.375614017E-2,2.687807009E-2
1.313534071E1,-9.773843922E-3,5.375614017E-2,2.626720630E-2
1.313741071E1,-9.773843922E-3,5.192354694E-2,2.932153270E-2
1.313944586E1,-8.552113548E-3,5.436700583E-2,2.626720630E-2
1.314152232E1,-1.038470957E-2,5.192354694E-2,2.748893574E-2
1.314352579E1,-9.162978269E-3,5.070181563E-2,2.809980139E-2
1.314547806E1,-1.038470957E-2,5.131268129E-2,2.687807009E-2
1.314747806E1,-7.941247895E-3,5.131268129E-2,2.626720630E-2
1.314954767E1,-9.773843922E-3,4.886921868E-2,2.932153270E-2
1.315158252E1,-9.162978269E-3,4.825835302E-2,2.626720630E-2
1.315365148E1,-7.330383174E-3,4.703662544E-2,2.809980139E-2
1.315568590E1,-7.330383174E-3,4.825835302E-2,2.687807009E-2
1.315775459E1,-8.552113548E-3,4.520402849E-2,2.687807009E-2
1.315978990E1,-6.719517522E-3,4.520402849E-2,2.565634064E-2
1.316182171E1,-7.330383174E-3,4.520402849E-2,3.054326214E-2
1.316390059E1,-5.497787148E-3,4.581489414E-2,2.504547499E-2
1.316585402E1,-6.719517522E-3,4.520402849E-2,2.504547499E-2
1.316785394E1,-4.886921961E-3,4.581489414E-2,2.626720630E-2
1.316992359E1,-7.330383174E-3,4.642575979E-2,2.504547499E-2
1.317195759E1,-5.497787148E-3,4.764748737E-2,2.321287990E-2
1.317402740E1,-4.886921961E-3,4.825835302E-2,2.382374369E-2
1.317606140E1,-5.497787148E-3,4.948008433E-2,2.138028294E-2
1.317813040E1,-4.886921961E-3,5.070181563E-2,2.138028294E-2
1.318016490E1,-5.497787148E-3,4.948008433E-2,2.199114859E-2
1.318223898E1,-6.108652335E-3,5.436700583E-2,2.138028294E-2
1.318436483E1,-4.886921961E-3,5.314527452E-2,2.076941915E-2
1.318623598E1,-1.832595794E-3,5.497787148E-2,1.771509275E-2
1.318823490E1,-4.276056774E-3,5.497787148E-2,2.076941915E-2
1.319030321E1,-3.665191587E-3,5.436700583E-2,1.954768784E-2
1.319233717E1,-4.276056774E-3,5.803219974E-2,2.076941915E-2
1.319440598E1,-3.054326167E-3,5.925392732E-2,2.138028294E-2
1.319644052E1,-1.832595794E-3,6.230825558E-2,2.015855350E-2
1.319850890E1,-4.276056774E-3,6.352998316E-2,1.832595654E-2
1.320054317E1,-1.221730490E-3,6.414084882E-2,2.015855350E-2
1.320257479E1,-4.886921961E-3,6.414084882E-2,1.954768784E-2
1.320474106E1,-2.443460980E-3,6.536258012E-2,1.954768784E-2
1.320664563E1,-3.665191587E-3,6.169738993E-2,2.321287990E-2
1.320864467E1,0.000000000E0,6.291911751E-2,1.832595654E-2
1.321071294E1,6.108652451E-4,6.291911751E-2,2.138028294E-2
1.321274786E1,-1.221730490E-3,6.169738993E-2,2.199114859E-2
1.321481621E1,1.832595794E-3,6.230825558E-2,2.321287990E-2
1.321685067E1,-1.832595794E-3,6.108652428E-2,2.199114859E-2
1.321891990E1,0.000000000E0,5.986479297E-2,2.626720630E-2
1.322095440E1,6.108652451E-4,5.864306539E-2,2.626720630E-2
1.322302929E1,2.443460980E-3,5.619960278E-2,2.626720630E-2
1.322503221E1,6.108652451E-4,5.436700583E-2,2.748893574E-2
1.322698567E1,3.665191587E-3,5.375614017E-2,2.871066704E-2
1.322898486E1,5.497787148E-3,5.070181563E-2,2.565634064E-2
1.323105340E1,4.886921961E-3,4.581489414E-2,3.176499158E-2
1.323308817E1,7.941247895E-3,4.398229718E-2,3.176499158E-2
1.323515729E1,1.038470957E-2,4.214970022E-2,2.932153270E-2
1.323719194E1,9.773843922E-3,4.031710699E-2,3.420845419E-2
1.323926152E1,1.099557430E-2,3.726277873E-2,3.115412779E-2
1.324129529E1,1.099557430E-2,3.359758854E-2,3.543018550E-2
1.324332602E1,1.466076635E-2,3.115412779E-2,3.604105115E-2
1.324540498E1,1.710422710E-2,2.932153270E-2,3.604105115E-2
1.324735848E1,2.015855350E-2,2.687807009E-2,3.359758854E-2
1.324935729E1,2.015855350E-2,2.443460934E-2,3.665191308E-2
1.325142609E1,2.138028294E-2,2.199114859E-2,3.665191308E-2
1.325346056E1,2.260201424E-2,2.138028294E-2,3.298672289E-2
1.325548590E1,2.565634064E-2,1.893682219E-2,3.909537569E-2
1.325748517E1,2.565634064E-2,1.954768784E-2,3.665191308E-2
1.325955444E1,2.626720630E-2,1.832595654E-2,3.420845419E-2
1.326158856E1,3.054326214E-2,1.771509275E-2,3.970624134E-2
1.326366309E1,2.993239649E-2,1.710422710E-2,3.665191308E-2
1.326585606E1,3.176499158E-2,1.710422710E-2,3.543018550E-2
1.326762236E1,3.176499158E-2,1.588249579E-2,3.848451003E-2
1.326962229E1,3.176499158E-2,1.710422710E-2,3.665191308E-2
1.327169163E1,3.359758854E-2,1.710422710E-2,3.359758854E-2
1.327372671E1,3.237585723E-2,1.832595654E-2,3.909537569E-2
1.327579575E1,3.237585723E-2,1.893682219E-2,3.665191308E-2
1.327783086E1,3.481931984E-2,1.954768784E-2,3.420845419E-2
1.327989917E1,3.481931984E-2,2.199114859E-2,3.604105115E-2
1.328193421E1,3.237585723E-2,2.260201424E-2,3.543018550E-2
1.328396571E1,3.481931984E-2,2.443460934E-2,3.054326214E-2
1.328613294E1,3.420845419E-2,2.565634064E-2,3.604105115E-2
1.328803898E1,3.237585723E-2,2.748893574E-2,3.237585723E-2
1.329003856E1,3.420845419E-2,3.054326214E-2,3.115412779E-2
1.329210848E1,3.176499158E-2,3.054326214E-2,3.115412779E-2
1.329414359E1,3.481931984E-2,3.298672289E-2,2.748893574E-2
1.329621290E1,3.176499158E-2,3.237585723E-2,2.748893574E-2
1.329824809E1,3.176499158E-2,3.481931984E-2,3.237585723E-2
1.330031740E1,2.993239649E-2,3.787364438E-2,2.687807009E-2
1.330235202E1,3.054326214E-2,3.970624134E-2,2.748893574E-2
1.330442859E1,2.871066704E-2,3.848451003E-2,2.565634064E-2
1.330643117E1,2.871066704E-2,4.214970022E-2,2.504547499E-2
1.330838444E1,2.932153270E-2,4.276056588E-2,2.199114859E-2
1.331038336E1,2.626720630E-2,4.153883830E-2,2.626720630E-2
1.331245309E1,2.504547499E-2,4.398229718E-2,2.321287990E-2
1.331448713E1,2.748893574E-2,4.398229718E-2,2.382374369E-2
1.331655613E1,2.443460934E-2,4.398229718E-2,2.565634064E-2
1.331859048E1,2.382374369E-2,4.398229718E-2,1.893682219E-2
1.332065956E1,2.260201424E-2,4.153883830E-2,2.076941915E-2
1.332269359E1,2.321287990E-2,4.214970022E-2,1.832595654E-2
1.332469332E1,2.382374369E-2,3.970624134E-2,1.771509275E-2
1.332677094E1,2.382374369E-2,3.970624134E-2,1.832595654E-2
1.332872332E1,2.260201424E-2,3.848451003E-2,1.832595654E-2
1.333072267E1,2.382374369E-2,3.604105115E-2,1.466076635E-2
1.333279140E1,2.015855350E-2,3.420845419E-2,1.527163107E-2
1.333482548E1,2.199114859E-2,3.115412779E-2,1.466076635E-2
1.333689386E1,2.199114859E-2,2.809980139E-2,1.221730467E-2
1.333892794E1,2.260201424E-2,2.443460934E-2,1.404990070E-2
1.334099636E1,2.138028294E-2,2.076941915E-2,1.466076635E-2
1.334303075E1,2.015855350E-2,2.015855350E-2,1.038470957E-2
1.334510590E1,1.954768784E-2,1.527163107E-2,1.160643995E-2
1.334723117E1,1.893682219E-2,1.343903504E-2,1.282817032E-2
1.334910125E1,1.832595654E-2,8.552113548E-3,1.099557430E-2
1.335110048E1,1.710422710E-2,7.941247895E-3,1.099557430E-2
1.335316998E1,1.832595654E-2,4.276056774E-3,9.162978269E-3
1.335520394E1,1.588249579E-2,1.221730490E-3,1.038470957E-2
1.335727329E1,1.282817032E-2,-4.276056774E-3,1.404990070E-2
1.335930775E1,1.343903504E-2,-5.497787148E-3,1.221730467E-2
1.336137579E1,1.038470957E-2,-7.941247895E-3,1.404990070E-2
1.336340990E1,9.162978269E-3,-9.773843922E-3,1.710422710E-2
1.336544063E1,9.162978269E-3,-1.221730467E-2,1.710422710E-2
1.336760702E1,9.162978269E-3,-1.527163107E-2,1.527163107E-2
1.336951232E1,7.941247895E-3,-1.588249579E-2,1.404990070E-2
1.337151179E1,5.497787148E-3,-1.832595654E-2,1.771509275E-2
1.337358067E1,6.719517522E-3,-2.138028294E-2,2.076941915E-2
1.337561540E1,2.443460980E-3,-2.076941915E-2,1.954768784E-2
1.337768406E1,4.276056774E-3,-2.321287990E-2,2.076941915E-2
1.337971782E1,1.832595794E-3,-2.076941915E-2,2.076941915E-2
1.338178652E1,3.054326167E-3,-1.893682219E-2,1.832595654E-2
1.338382109E1,1.221730490E-3,-1.893682219E-2,1.954768784E-2
1.338589606E1,1.221730490E-3,-1.527163107E-2,2.015855350E-2
1.338789906E1,1.832595794E-3,-1.038470957E-2,1.649336144E-2
1.338985202E1,1.221730490E-3,-7.330383174E-3,1.832595654E-2
1.339185067E1,6.108652451E-4,-3.665191587E-3,1.771509275E-2
1.339391952E1,6.108652451E-4,2.443460980E-3,1.710422710E-2
1.339595375E1,1.832595794E-3,3.665191587E-3,1.710422710E-2
1.339802279E1,1.221730490E-3,7.330383174E-3,1.588249579E-2
1.340005636E1,1.832595794E-3,1.466076635E-2,1.404990070E-2
1.340212559E1,2.443460980E-3,1.832595654E-2,1.466076635E-2
1.340416002E1,1.221730490E-3,2.138028294E-2,1.588249579E-2
1.340619167E1,1.221730490E-3,2.504547499E-2,1.466076635E-2
1.340826975E1,1.832595794E-3,3.237585723E-2,1.282817032E-2
1.341022186E1,3.054326167E-3,3.359758854E-2,1.404990070E-2
1.341222102E1,3.054326167E-3,3.726277873E-2,1.282817032E-2
1.341428948E1,3.665191587E-3,3.909537569E-2,1.710422710E-2
1.341632328E1,3.054326167E-3,4.153883830E-2,1.099557430E-2
1.341839186E1,3.665191587E-3,4.703662544E-2,9.773843922E-3
1.342042621E1,3.054326167E-3,4.764748737E-2,1.343903504E-2
1.342249494E1,1.221730490E-3,4.703662544E-2,1.221730467E-2
1.342452867E1,4.886921961E-3,5.009094998E-2,1.343903504E-2
1.342660363E1,6.719517522E-3,4.886921868E-2,1.343903504E-2
1.342872929E1,3.665191587E-3,5.009094998E-2,1.160643995E-2
1.343059978E1,6.719517522E-3,4.703662544E-2,1.282817032E-2
1.343259902E1,7.941247895E-3,4.520402849E-2,1.221730467E-2
1.343466771E1,8.552113548E-3,4.276056588E-2,9.773843922E-3
1.343670136E1,9.773843922E-3,3.970624134E-2,1.221730467E-2
1.343877044E1,9.773843922E-3,3.665191308E-2,1.099557430E-2
1.344080482E1,1.038470957E-2,3.420845419E-2,1.160643995E-2
1.344287371E1,9.773843922E-3,2.993239649E-2,1.404990070E-2
1.344490813E1,8.552113548E-3,2.626720630E-2,1.099557430E-2
1.344693967E1,1.160643995E-2,2.260201424E-2,1.160643995E-2
1.344910636E1,1.038470957E-2,1.893682219E-2,1.404990070E-2
1.345101244E1,1.160643995E-2,1.588249579E-2,1.099557430E-2
1.345301225E1,1.221730467E-2,1.404990070E-2,1.221730467E-2
1.345508098E1,9.162978269E-3,9.773843922E-3,1.527163107E-2
1.345711509E1,1.038470957E-2,7.941247895E-3,1.404990070E-2
1.345918382E1,9.773843922E-3,6.108652335E-3,1.160643995E-2
1.346121798E1,9.162978269E-3,4.886921961E-3,1.282817032E-2
1.346328713E1,4.886921961E-3,4.276056774E-3,1.710422710E-2
1.346532232E1,6.108652335E-3,4.276056774E-3,1.282817032E-2
1.346739836E1,6.108652335E-3,3.665191587E-3,1.160643995E-2
1.346939978E1,4.886921961E-3,2.443460980E-3,1.527163107E-2
1.347135294E1,4.276056774E-3,6.108652335E-3,1.343903504E-2
1.347335298E1,3.665191587E-3,4.886921961E-3,1.404990070E-2
1.347542109E1,1.832595794E-3,6.108652335E-3,1.588249579E-2
1.347745586E1,1.221730490E-3,7.941247895E-3,1.282817032E-2
1.347952417E1,2.443460980E-3,7.941247895E-3,1.343903504E-2
1.348155936E1,6.108652451E-4,7.941247895E-3,1.404990070E-2
1.348362740E1,6.108652451E-4,1.160643995E-2,1.404990070E-2
1.348566205E1,-1.221730490E-3,8.552113548E-3,1.588249579E-2
1.348769367E1,-6.108652451E-4,1.282817032E-2,1.282817032E-2
1.348977102E1,-3.054326167E-3,1.343903504E-2,1.771509275E-2
1.349172359E1,-2.443460980E-3,1.588249579E-2,1.710422710E-2
1.349372275E1,-2.443460980E-3,1.710422710E-2,1.771509275E-2
1.349579090E1,-4.276056774E-3,1.893682219E-2,1.466076635E-2
1.349782509E1,-6.108652335E-3,1.893682219E-2,1.588249579E-2
1.349984944E1,-7.941247895E-3,1.893682219E-2,1.588249579E-2
1.350184840E1,-6.108652335E-3,2.199114859E-2,1.893682219E-2
1.350391671E1,-7.330383174E-3,2.321287990E-2,1.710422710E-2
1.350595067E1,-5.497787148E-3,2.382374369E-2,1.710422710E-2
1.350802544E1,-7.330383174E-3,2.076941915E-2,1.832595654E-2
1.351021794E1,-7.330383174E-3,2.504547499E-2,1.649336144E-2
1.351198421E1,-7.941247895E-3,2.443460934E-2,1.710422710E-2
1.351398371E1,-7.941247895E-3,2.504547499E-2,1.771509275E-2
1.351605240E1,-6.719517522E-3,2.443460934E-2,1.832595654E-2
1.351810167E1,-7.941247895E-3,2.321287990E-2,1.649336144E-2
1.352015586E1,-9.162978269E-3,2.076941915E-2,1.832595654E-2
1.352219055E1,-6.719517522E-3,2.260201424E-2,1.588249579E-2
1.352425955E1,-9.162978269E-3,2.138028294E-2,1.832595654E-2
1.352629309E1,-8.552113548E-3,2.015855350E-2,1.649336144E-2
1.352832532E1,-7.330383174E-3,1.893682219E-2,1.588249579E-2
1.353049255E1,-8.552113548E-3,1.771509275E-2,1.527163107E-2
1.353239759E1,-7.941247895E-3,1.343903504E-2,1.588249579E-2
1.353439705E1,-9.773843922E-3,1.343903504E-2,1.771509275E-2
1.353646605E1,-9.162978269E-3,1.038470957E-2,1.710422710E-2
1.353850071E1,-7.941247895E-3,7.941247895E-3,1.466076635E-2
1.354056986E1,-6.719517522E-3,6.719517522E-3,1.282817032E-2
1.354260432E1,-8.552113548E-3,4.886921961E-3,1.466076635E-2
1.354467248E1,-7.941247895E-3,3.054326167E-3,1.649336144E-2
1.354670671E1,-6.108652335E-3,0.000000000E0,1.404990070E-2
1.354878225E1,-5.497787148E-3,-1.221730490E-3,1.343903504E-2
1.355078763E1,-4.276056774E-3,-1.221730490E-3,1.343903504E-2
1.355273967E1,-6.108652335E-3,-3.054326167E-3,1.343903504E-2
1.355473890E1,-3.665191587E-3,-6.108652335E-3,1.404990070E-2
1.355680763E1,-3.665191587E-3,-7.941247895E-3,1.221730467E-2
1.355884178E1,-1.221730490E-3,-9.773843922E-3,1.099557430E-2
1.356091036E1,-1.832595794E-3,-9.162978269E-3,1.221730467E-2
1.356294502E1,-1.832595794E-3,-9.773843922E-3,1.099557430E-2
1.356501432E1,0.000000000E0,-1.221730467E-2,1.160643995E-2
1.356704782E1,6.108652451E-4,-1.221730467E-2,9.773843922E-3
1.356907871E1,-1.832595794E-3,-1.160643995E-2,9.773843922E-3
1.357115790E1,1.832595794E-3,-1.282817032E-2,7.941247895E-3
1.357311155E1,3.054326167E-3,-1.099557430E-2,8.552113548E-3
1.357511105E1,4.276056774E-3,-1.404990070E-2,8.552113548E-3
1.357718044E1,5.497787148E-3,-1.343903504E-2,7.330383174E-3
1.357921448E1,4.276056774E-3,-1.221730467E-2,6.719517522E-3
1.358128309E1,6.108652335E-3,-1.282817032E-2,6.719517522E-3
1.358331702E1,4.886921961E-3,-1.221730467E-2,4.276056774E-3
1.358538536E1,6.108652335E-3,-1.282817032E-2,3.665191587E-3
1.358741955E1,4.886921961E-3,-1.038470957E-2,6.108652335E-3
1.358949390E1,6.719517522E-3,-1.099557430E-2,1.221730490E-3
1.359162109E1,7.330383174E-3,-9.162978269E-3,1.832595794E-3
1.359349202E1,6.719517522E-3,-1.038470957E-2,6.108652451E-4
1.359549094E1,7.941247895E-3,-7.941247895E-3,1.221730490E-3
1.359755959E1,4.886921961E-3,-4.886921961E-3,1.832595794E-3
1.359959390E1,7.330383174E-3,-5.497787148E-3,6.108652451E-4
1.360166229E1,4.886921961E-3,-3.665191587E-3,-1.832595794E-3
1.360369575E1,2.443460980E-3,-3.054326167E-3,-1.832595794E-3
1.360576490E1,2.443460980E-3,-1.221730490E-3,0.000000000E0
1.360779832E1,-6.108652451E-4,0.000000000E0,2.443460980E-3
1.360983009E1,0.000000000E0,1.221730490E-3,-6.108652451E-4
1.361199729E1,0.000000000E0,3.665191587E-3,-1.832595794E-3
1.361390267E1,-3.054326167E-3,3.665191587E-3,6.108652451E-4
1.361590148E1,-3.665191587E-3,7.330383174E-3,-6.108652335E-3
1.361797075E1,-4.886921961E-3,6.108652335E-3,-3.665191587E-3
1.362000409E1,-6.719517522E-3,6.108652335E-3,-1.221730490E-3
1.362207248E1,-6.719517522E-3,9.162978269E-3,-6.108652335E-3
1.362410682E1,-8.552113548E-3,7.941247895E-3,-6.108652451E-4
1.362617525E1,-7.330383174E-3,6.108652335E-3,-3.665191587E-3
1.362820909E1,-7.941247895E-3,8.552113548E-3,-8.552113548E-3
1.363028513E1,-1.099557430E-2,6.719517522E-3,-3.054326167E-3
1.363228802E1,-1.038470957E-2,9.162978269E-3,-3.054326167E-3
1.363424067E1,-1.160643995E-2,7.941247895E-3,-5.497787148E-3
1.363624002E1,-1.221730467E-2,6.719517522E-3,-1.221730490E-3
1.363830848E1,-1.282817032E-2,6.719517522E-3,0.000000000E0
1.364034321E1,-9.773843922E-3,7.330383174E-3,-7.941247895E-3
1.364241067E1,-1.038470957E-2,6.108652335E-3,-3.054326167E-3
1.364444436E1,-1.221730467E-2,5.497787148E-3,-3.665191587E-3
1.364651275E1,-1.282817032E-2,4.276056774E-3,-3.054326167E-3
1.364854602E1,-9.162978269E-3,5.497787148E-3,-3.054326167E-3
1.365057567E1,-1.099557430E-2,6.108652335E-3,-1.221730490E-3
1.365265394E1,-1.343903504E-2,3.665191587E-3,6.108652451E-4
1.365460617E1,-1.038470957E-2,4.276056774E-3,0.000000000E0
1.365660490E1,-7.941247895E-3,3.054326167E-3,-6.108652451E-4
1.365867355E1,-9.773843922E-3,3.665191587E-3,6.108652451E-4
1.366070744E1,-1.038470957E-2,1.832595794E-3,1.832595794E-3
1.366277602E1,-9.162978269E-3,2.443460980E-3,1.832595794E-3
1.366481009E1,-7.330383174E-3,1.832595794E-3,4.276056774E-3
1.366687848E1,-6.719517522E-3,6.108652451E-4,6.108652335E-3
1.366891232E1,-6.108652335E-3,0.000000000E0,6.719517522E-3
1.367098613E1,-7.330383174E-3,6.108652451E-4,5.497787148E-3
1.367311375E1,-6.719517522E-3,0.000000000E0,6.108652335E-3
1.367498402E1,-8.552113548E-3,6.108652451E-4,7.330383174E-3
1.367698371E1,-6.719517522E-3,1.221730490E-3,8.552113548E-3
1.367905209E1,-4.886921961E-3,3.054326167E-3,4.886921961E-3
1.368108578E1,-4.276056774E-3,3.054326167E-3,7.941247895E-3
1.368315459E1,-6.719517522E-3,3.665191587E-3,9.162978269E-3
1.368518875E1,-4.886921961E-3,3.054326167E-3,7.941247895E-3
1.368725794E1,-2.443460980E-3,3.054326167E-3,9.162978269E-3
1.368929248E1,-7.941247895E-3,3.054326167E-3,1.099557430E-2
1.369132398E1,-6.719517522E-3,4.886921961E-3,6.719517522E-3
1.369349136E1,-4.886921961E-3,5.497787148E-3,7.941247895E-3
1.369539648E1,-3.054326167E-3,4.276056774E-3,7.941247895E-3
1.369739659E1,-5.497787148E-3,6.719517522E-3,6.719517522E-3
1.369946532E1,-3.665191587E-3,6.719517522E-3,7.330383174E-3
1.370149944E1,-3.665191587E-3,5.497787148E-3,9.773843922E-3
1.370356852E1,-1.221730490E-3,6.108652335E-3,7.330383174E-3
1.370560259E1,-4.886921961E-3,6.108652335E-3,6.108652335E-3
1.370767236E1,-6.108652451E-4,8.552113548E-3,4.276056774E-3
1.370970532E1,-2.443460980E-3,7.941247895E-3,3.665191587E-3
1.371177994E1,-2.443460980E-3,9.162978269E-3,4.276056774E-3
1.371378405E1,-6.108652451E-4,7.941247895E-3,4.276056774E-3
1.371573667E1,-6.108652451E-4,7.941247895E-3,3.665191587E-3
1.371773655E1,-1.221730490E-3,9.773843922E-3,1.832595794E-3
1.371980528E1,-6.108652451E-4,9.773843922E-3,1.832595794E-3
1.372183963E1,1.221730490E-3,1.282817032E-2,0.000000000E0
1.372390844E1,1.221730490E-3,1.160643995E-2,1.221730490E-3
1.372594302E1,1.832595794E-3,1.221730467E-2,0.000000000E0
1.372801102E1,5.497787148E-3,1.343903504E-2,-6.108652451E-4
1.373004563E1,3.665191587E-3,1.527163107E-2,-4.276056774E-3
1.373207782E1,3.054326167E-3,1.282817032E-2,-6.108652335E-3
1.373415698E1,4.276056774E-3,1.527163107E-2,-4.276056774E-3
1.373611044E1,4.276056774E-3,1.221730467E-2,-3.054326167E-3
1.373811032E1,4.276056774E-3,1.649336144E-2,-7.330383174E-3
1.374017998E1,4.276056774E-3,1.343903504E-2,-7.941247895E-3
1.374221467E1,3.054326167E-3,1.404990070E-2,-4.886921961E-3
1.374423994E1,5.497787148E-3,1.343903504E-2,-1.038470957E-2
1.374623921E1,3.054326167E-3,1.404990070E-2,-9.773843922E-3
1.374830786E1,4.276056774E-3,1.343903504E-2,-3.665191587E-3
1.375034255E1,3.054326167E-3,1.404990070E-2,-1.038470957E-2
1.375241752E1,2.443460980E-3,1.588249579E-2,-1.038470957E-2
1.375461117E1,2.443460980E-3,1.588249579E-2,-8.552113548E-3
1.375637709E1,2.443460980E-3,1.832595654E-2,-8.552113548E-3
1.375837698E1,-1.221730490E-3,1.771509275E-2,-7.330383174E-3
1.376044532E1,-2.443460980E-3,1.832595654E-2,-6.108652335E-3
1.376248025E1,-2.443460980E-3,2.015855350E-2,-7.941247895E-3
1.376454898E1,-2.443460980E-3,1.832595654E-2,-9.162978269E-3
1.376658436E1,-4.276056774E-3,2.076941915E-2,-6.719517522E-3
1.376865371E1,-3.054326167E-3,2.382374369E-2,-8.552113548E-3
1.377068840E1,-4.886921961E-3,2.321287990E-2,-6.108652335E-3
1.377272044E1,-4.276056774E-3,2.565634064E-2,-6.719517522E-3
1.377488721E1,-6.719517522E-3,2.748893574E-2,-6.719517522E-3
1.377679255E1,-4.886921961E-3,2.871066704E-2,-6.719517522E-3
1.377879190E1,-7.330383174E-3,2.687807009E-2,-6.719517522E-3
1.378086086E1,-7.941247895E-3,2.932153270E-2,-7.941247895E-3
1.378289590E1,-7.330383174E-3,2.871066704E-2,-5.497787148E-3
1.378496521E1,-1.038470957E-2,3.115412779E-2,-5.497787148E-3
1.378700048E1,-7.941247895E-3,3.054326214E-2,-4.886921961E-3
1.378906955E1,-1.099557430E-2,2.687807009E-2,-1.221730490E-3
1.379110402E1,-1.282817032E-2,2.932153270E-2,-4.276056774E-3
1.379317955E1,-9.773843922E-3,2.748893574E-2,-5.497787148E-3
1.379518225E1,-1.038470957E-2,2.687807009E-2,-1.832595794E-3
1.379713471E1,-9.773843922E-3,2.687807009E-2,-3.665191587E-3
1.379913436E1,-8.552113548E-3,2.687807009E-2,-3.054326167E-3
1.380120344E1,-7.330383174E-3,2.565634064E-2,-2.443460980E-3
1.380323852E1,-9.773843922E-3,2.504547499E-2,-4.886921961E-3
1.380530786E1,-7.941247895E-3,2.260201424E-2,-3.054326167E-3
1.380734271E1,-7.941247895E-3,2.076941915E-2,-1.221730490E-3
1.380941209E1,-5.497787148E-3,2.199114859E-2,-6.108652451E-4
1.381144702E1,-6.108652335E-3,2.260201424E-2,-1.832595794E-3
1.381347863E1,-6.108652335E-3,2.138028294E-2,-1.832595794E-3
1.381555828E1,-6.108652335E-3,2.138028294E-2,-1.221730490E-3
1.381751152E1,-6.719517522E-3,1.893682219E-2,0.000000000E0
1.381951125E1,-4.886921961E-3,1.893682219E-2,-1.221730490E-3
1.382158052E1,-5.497787148E-3,1.832595654E-2,-1.832595794E-3
1.382361578E1,-6.108652335E-3,1.710422710E-2,0.000000000E0
1.382568482E1,-7.330383174E-3,1.588249579E-2,4.276056774E-3
1.382772002E1,-6.719517522E-3,1.710422710E-2,-6.108652451E-4
1.382978944E1,-3.054326167E-3,1.710422710E-2,-3.054326167E-3
1.383182405E1,-5.497787148E-3,1.527163107E-2,-6.108652451E-4
1.383389936E1,-4.276056774E-3,1.588249579E-2,-6.108652451E-4
1.383602590E1,-4.886921961E-3,1.771509275E-2,-6.108652451E-4
1.383789763E1,-5.497787148E-3,1.588249579E-2,4.276056774E-3
1.383989767E1,-6.108652335E-3,1.710422710E-2,1.221730490E-3
1.384196744E1,-4.886921961E-3,1.710422710E-2,2.443460980E-3
1.384400248E1,-4.276056774E-3,1.893682219E-2,6.108652451E-4
1.384607232E1,-5.497787148E-3,1.954768784E-2,-1.221730490E-3
1.384810725E1,-3.054326167E-3,1.893682219E-2,2.443460980E-3
1.385017686E1,-6.108652335E-3,2.015855350E-2,6.108652451E-4
1.385221255E1,-4.886921961E-3,2.260201424E-2,6.108652451E-4
1.385424517E1,-4.276056774E-3,2.199114859E-2,6.108652451E-4
1.385641344E1,-5.497787148E-3,2.321287990E-2,6.108652451E-4
1.385831894E1,-6.719517522E-3,2.260201424E-2,-3.054326167E-3
1.386031917E1,-5.497787148E-3,2.382374369E-2,-6.108652451E-4
1.386238759E1,-7.941247895E-3,2.321287990E-2,-1.221730490E-3
1.386442252E1,-6.719517522E-3,2.321287990E-2,-4.886921961E-3
1.386649128E1,-7.941247895E-3,2.443460934E-2,-6.108652451E-4
1.386852632E1,-9.773843922E-3,2.687807009E-2,-4.276056774E-3
1.387059617E1,-7.330383174E-3,2.504547499E-2,-5.497787148E-3
1.387263132E1,-9.773843922E-3,2.504547499E-2,-2.443460980E-3
1.387470725E1,-9.162978269E-3,2.565634064E-2,-6.108652335E-3
1.387671198E1,-8.552113548E-3,2.443460934E-2,-9.162978269E-3
1.387866555E1,-9.773843922E-3,2.504547499E-2,-7.330383174E-3
1.388066536E1,-7.941247895E-3,2.443460934E-2,-8.552113548E-3
1.388273425E1,-9.162978269E-3,2.565634064E-2,-7.330383174E-3
1.388476963E1,-9.162978269E-3,2.443460934E-2,-9.162978269E-3
1.388683848E1,-7.330383174E-3,2.382374369E-2,-8.552113548E-3
1.388887301E1,-9.162978269E-3,2.321287990E-2,-1.160643995E-2
1.389094251E1,-9.162978269E-3,2.076941915E-2,-7.941247895E-3
1.389297717E1,-9.162978269E-3,2.015855350E-2,-1.099557430E-2
1.389500967E1,-1.038470957E-2,1.893682219E-2,-1.099557430E-2
1.389708955E1,-9.162978269E-3,1.954768784E-2,-9.773843922E-3
1.389904136E1,-9.162978269E-3,1.771509275E-2,-9.773843922E-3
1.390104090E1,-1.099557430E-2,1.771509275E-2,-1.221730467E-2
1.390311040E1,-1.099557430E-2,1.649336144E-2,-1.221730467E-2
1.390514486E1,-1.221730467E-2,1.527163107E-2,-1.221730467E-2
1.390721448E1,-1.160643995E-2,1.221730467E-2,-1.038470957E-2
1.390924944E1,-1.221730467E-2,9.162978269E-3,-6.719517522E-3
1.391131890E1,-1.649336144E-2,1.038470957E-2,-1.099557430E-2
1.391335398E1,-1.649336144E-2,6.108652335E-3,-7.330383174E-3
1.391542875E1,-1.527163107E-2,3.665191587E-3,-9.162978269E-3
1.391755521E1,-1.771509275E-2,2.443460980E-3,-5.497787148E-3
1.391942636E1,-1.710422710E-2,-6.108652451E-4,-3.665191587E-3
1.392142648E1,-1.832595654E-2,-2.443460980E-3,-4.886921961E-3
1.392349594E1,-1.832595654E-2,-7.330383174E-3,-4.276056774E-3
1.392554590E1,-1.954768784E-2,-7.941247895E-3,-3.665191587E-3
1.392760036E1,-1.649336144E-2,-9.162978269E-3,-4.276056774E-3
1.392963532E1,-2.138028294E-2,-9.773843922E-3,-2.443460980E-3
1.393170475E1,-2.199114859E-2,-9.773843922E-3,-1.832595794E-3
1.393373971E1,-1.832595654E-2,-7.941247895E-3,-1.832595794E-3
1.393577105E1,-1.893682219E-2,-6.108652335E-3,-2.443460980E-3
1.393793871E1,-1.954768784E-2,-3.665191587E-3,-4.886921961E-3
1.393984467E1,-1.710422710E-2,-2.443460980E-3,-6.108652451E-4
1.394184482E1,-1.649336144E-2,-3.054326167E-3,-4.276056774E-3
1.394391436E1,-1.893682219E-2,-1.221730490E-3,-5.497787148E-3
1.394594882E1,-1.832595654E-2,4.276056774E-3,-4.886921961E-3
1.394801759E1,-1.588249579E-2,4.276056774E-3,-7.941247895E-3
1.395005248E1,-1.527163107E-2,7.330383174E-3,-4.886921961E-3
1.395212159E1,-1.588249579E-2,9.162978269E-3,-6.108652335E-3
1.395415578E1,-1.404990070E-2,1.038470957E-2,-1.038470957E-2
1.395623113E1,-1.404990070E-2,1.466076635E-2,-7.941247895E-3
1.395823448E1,-1.221730467E-2,1.588249579E-2,-1.160643995E-2
1.396018721E1,-1.282817032E-2,1.893682219E-2,-1.282817032E-2
1.396218686E1,-1.099557430E-2,2.076941915E-2,-1.038470957E-2
1.396425632E1,-1.038470957E-2,2.260201424E-2,-1.038470957E-2
1.396629094E1,-1.099557430E-2,2.260201424E-2,-9.162978269E-3
1.396836071E1,-1.160643995E-2,2.382374369E-2,-9.162978269E-3
1.397039563E1,-1.343903504E-2,2.504547499E-2,-1.160643995E-2
1.397246513E1,-1.099557430E-2,2.565634064E-2,-1.038470957E-2
1.397449971E1,-9.162978269E-3,2.565634064E-2,-1.404990070E-2
1.397653082E1,-9.773843922E-3,2.565634064E-2,-1.160643995E-2
1.397857986E1,-9.162978269E-3,2.443460934E-2,-9.162978269E-3
1.398060259E1,-7.330383174E-3,2.565634064E-2,-9.162978269E-3
1.398263751E1,-7.941247895E-3,2.382374369E-2,-1.160643995E-2
1.398470682E1,-8.552113548E-3,2.076941915E-2,-1.160643995E-2
1.398674186E1,-8.552113548E-3,2.199114859E-2,-7.330383174E-3
1.398876644E1,-9.773843922E-3,1.832595654E-2,-8.552113548E-3
1.399076678E1,-8.552113548E-3,1.649336144E-2,-9.773843922E-3
1.399283521E1,-9.773843922E-3,1.771509275E-2,-5.497787148E-3
1.399486932E1,-9.162978269E-3,1.710422710E-2,-9.162978269E-3
1.399694394E1,-8.552113548E-3,1.466076635E-2,-6.108652335E-3
1.399913224E1,-8.552113548E-3,1.282817032E-2,-7.330383174E-3
1.400089894E1,-8.552113548E-3,1.282817032E-2,-7.941247895E-3
1.400289890E1,-9.162978269E-3,1.466076635E-2,-6.108652335E-3
1.400496840E1,-1.099557430E-2,1.466076635E-2,-4.886921961E-3
1.400700348E1,-1.099557430E-2,1.771509275E-2,-4.276056774E-3
1.400907209E1,-1.404990070E-2,1.649336144E-2,-6.108652335E-3
1.401110713E1,-1.343903504E-2,1.710422710E-2,-5.497787148E-3
1.401317486E1,-1.466076635E-2,1.893682219E-2,-4.886921961E-3
1.401520967E1,-1.588249579E-2,2.015855350E-2,-1.221730490E-3
1.401724121E1,-1.466076635E-2,2.504547499E-2,-3.054326167E-3
1.401940821E1,-1.527163107E-2,2.443460934E-2,-2.443460980E-3
1.402131363E1,-1.710422710E-2,2.871066704E-2,-6.108652451E-4
1.402331351E1,-1.649336144E-2,2.932153270E-2,-2.443460980E-3
1.402538267E1,-1.282817032E-2,3.054326214E-2,-3.665191587E-3
1.402741767E1,-1.527163107E-2,3.237585723E-2,6.108652451E-4
1.402948694E1,-1.588249579E-2,3.604105115E-2,-3.665191587E-3
1.403152105E1,-1.282817032E-2,3.481931984E-2,-1.221730490E-3
1.403358978E1,-1.282817032E-2,3.787364438E-2,0.000000000E0
1.403562371E1,-1.160643995E-2,3.848451003E-2,-6.108652451E-4
1.403769813E1,-1.343903504E-2,4.153883830E-2,6.108652451E-4
1.403970125E1,-1.160643995E-2,4.276056588E-2,0.000000000E0
1.404170505E1,-9.773843922E-3,4.337143153E-2,-1.221730490E-3
1.404373909E1,-9.162978269E-3,4.337143153E-2,0.000000000E0
1.404580771E1,-7.330383174E-3,4.398229718E-2,1.832595794E-3
1.404784144E1,-5.497787148E-3,4.581489414E-2,-2.443460980E-3
1.404991040E1,-7.330383174E-3,4.459316283E-2,-2.443460980E-3
1.405194436E1,-5.497787148E-3,4.459316283E-2,-1.221730490E-3
1.405401340E1,-6.108652335E-3,4.214970022E-2,1.832595794E-3
1.405604736E1,-3.665191587E-3,4.642575979E-2,1.221730490E-3
1.405807894E1,-2.443460980E-3,4.153883830E-2,3.054326167E-3
1.406015744E1,-1.221730490E-3,4.520402849E-2,-1.832595794E-3
1.406210971E1,-1.832595794E-3,4.153883830E-2,0.000000000E0
1.406410878E1,-1.221730490E-3,4.276056588E-2,3.054326167E-3
1.406617790E1,-6.108652451E-4,4.092797264E-2,-2.443460980E-3
1.406821178E1,1.221730490E-3,3.909537569E-2,-6.108652451E-4
1.407028063E1,1.221730490E-3,3.848451003E-2,6.108652451E-4
1.407231471E1,2.443460980E-3,3.909537569E-2,-3.665191587E-3
1.407438321E1,1.221730490E-3,3.481931984E-2,-6.108652451E-4
1.407641744E1,1.832595794E-3,3.543018550E-2,6.108652451E-4
1.407849071E1,1.221730490E-3,3.481931984E-2,-4.886921961E-3
1.408061774E1,3.054326167E-3,3.176499158E-2,-1.832595794E-3
1.408248771E1,4.276056774E-3,3.237585723E-2,-1.221730490E-3
1.408448648E1,4.886921961E-3,2.993239649E-2,-3.665191587E-3
1.408655513E1,3.054326167E-3,2.504547499E-2,-2.443460980E-3
1.408858924E1,4.276056774E-3,2.443460934E-2,-6.108652451E-4
1.409065844E1,3.665191587E-3,2.260201424E-2,-3.054326167E-3
1.409269232E1,3.054326167E-3,1.893682219E-2,-3.665191587E-3
1.409476028E1,3.054326167E-3,1.954768784E-2,-5.497787148E-3
1.409679409E1,3.054326167E-3,1.710422710E-2,-4.886921961E-3
1.409882455E1,3.054326167E-3,1.588249579E-2,-7.330383174E-3
1.410099151E1,1.832595794E-3,1.343903504E-2,-4.886921961E-3
1.410289663E1,3.665191587E-3,1.588249579E-2,-6.719517522E-3
1.410489563E1,3.665191587E-3,1.343903504E-2,-4.886921961E-3
1.410696386E1,2.443460980E-3,1.099557430E-2,-6.108652335E-3
1.410899805E1,3.054326167E-3,7.941247895E-3,-7.330383174E-3
1.411106721E1,2.443460980E-3,9.162978269E-3,-6.108652335E-3
1.411310144E1,6.108652451E-4,9.162978269E-3,-4.886921961E-3
1.411517074E1,4.276056774E-3,7.941247895E-3,-7.330383174E-3
1.411720482E1,2.443460980E-3,7.941247895E-3,-4.276056774E-3
1.411928086E1,3.054326167E-3,6.719517522E-3,-6.108652335E-3
1.412128386E1,1.832595794E-3,7.941247895E-3,-3.054326167E-3
1.412323705E1,2.443460980E-3,9.162978269E-3,-3.665191587E-3
1.412523632E1,1.832595794E-3,7.941247895E-3,-6.108652335E-3
1.412730574E1,0.000000000E0,7.941247895E-3,-5.497787148E-3
1.412934024E1,6.108652451E-4,9.773843922E-3,-3.665191587E-3
1.413140924E1,6.108652451E-4,9.162978269E-3,-3.665191587E-3
1.413344390E1,-1.832595794E-3,1.038470957E-2,-3.665191587E-3
1.413551305E1,0.000000000E0,9.773843922E-3,-6.108652335E-3
1.413754844E1,-1.221730490E-3,9.773843922E-3,-5.497787148E-3
1.413957994E1,-6.108652451E-4,1.038470957E-2,-5.497787148E-3
1.414165905E1,-1.832595794E-3,1.099557430E-2,-2.443460980E-3
1.414361205E1,-2.443460980E-3,9.162978269E-3,-4.886921961E-3
1.414561255E1,-1.221730490E-3,9.162978269E-3,-4.886921961E-3
1.414768144E1,-1.832595794E-3,9.773843922E-3,-2.443460980E-3
1.414971605E1,0.000000000E0,9.773843922E-3,-4.886921961E-3
1.415178524E1,0.000000000E0,9.162978269E-3,-4.886921961E-3
1.415381982E1,-1.832595794E-3,9.162978269E-3,-5.497787148E-3
1.415588863E1,-1.832595794E-3,1.099557430E-2,-3.665191587E-3
1.415792313E1,1.832595794E-3,9.162978269E-3,-6.719517522E-3
1.415999817E1,2.443460980E-3,7.941247895E-3,-4.276056774E-3
1.416212478E1,1.221730490E-3,8.552113548E-3,-5.497787148E-3
1.416399632E1,1.221730490E-3,1.038470957E-2,-4.886921961E-3
1.416599567E1,3.054326167E-3,9.162978269E-3,-5.497787148E-3
1.416806486E1,4.276056774E-3,7.330383174E-3,-7.330383174E-3
1.417009967E1,3.054326167E-3,6.108652335E-3,-4.886921961E-3
1.417216878E1,5.497787148E-3,7.941247895E-3,-4.276056774E-3
1.417420313E1,4.886921961E-3,7.330383174E-3,-3.665191587E-3
1.417627251E1,6.108652335E-3,7.330383174E-3,-4.886921961E-3
1.417830674E1,5.497787148E-3,6.719517522E-3,-1.832595794E-3
1.418033909E1,5.497787148E-3,7.330383174E-3,-3.665191587E-3
1.418250624E1,5.497787148E-3,7.330383174E-3,-3.054326167E-3
1.418441332E1,6.108652335E-3,9.773843922E-3,-6.108652335E-3
1.418641186E1,6.108652335E-3,9.773843922E-3,-4.276056774E-3
1.418848074E1,6.719517522E-3,1.160643995E-2,-8.552113548E-3
1.419051501E1,4.886921961E-3,1.099557430E-2,-4.886921961E-3
1.419258367E1,4.276056774E-3,1.282817032E-2,-4.276056774E-3
1.419461755E1,5.497787148E-3,1.282817032E-2,-4.886921961E-3
1.419668555E1,4.886921961E-3,1.282817032E-2,-6.108652335E-3
1.419871955E1,4.886921961E-3,1.466076635E-2,-5.497787148E-3
1.420079448E1,7.330383174E-3,1.527163107E-2,-6.108652335E-3
1.420279821E1,5.497787148E-3,1.466076635E-2,-6.108652335E-3
1.420475109E1,4.886921961E-3,1.588249579E-2,-5.497787148E-3
1.420675009E1,6.108652335E-3,1.588249579E-2,-7.941247895E-3
1.420881909E1,6.108652335E-3,1.527163107E-2,-5.497787148E-3
1.421085355E1,6.719517522E-3,1.527163107E-2,-6.719517522E-3
1.421292240E1,6.719517522E-3,1.404990070E-2,-7.330383174E-3
1.421495694E1,6.719517522E-3,1.466076635E-2,-7.330383174E-3
1.421702644E1,7.941247895E-3,1.343903504E-2,-7.941247895E-3
1.421906105E1,6.108652335E-3,1.282817032E-2,-4.886921961E-3
1.422109217E1,6.108652335E-3,1.466076635E-2,-6.719517522E-3
1.422317094E1,9.773843922E-3,1.221730467E-2,-9.162978269E-3
1.422512328E1,9.162978269E-3,1.404990070E-2,-5.497787148E-3
1.422712298E1,9.162978269E-3,1.404990070E-2,-9.773843922E-3
1.422919178E1,9.773843922E-3,1.404990070E-2,-5.497787148E-3
1.423122667E1,7.941247895E-3,1.404990070E-2,-2.443460980E-3
1.423325255E1,9.162978269E-3,1.099557430E-2,-6.108652335E-3
1.423525228E1,8.552113548E-3,1.038470957E-2,-7.330383174E-3
1.423732032E1,7.330383174E-3,1.038470957E-2,-6.108652451E-4
1.423935474E1,8.552113548E-3,1.282817032E-2,-4.276056774E-3
1.424142967E1,8.552113548E-3,1.282817032E-2,-5.497787148E-3
1.424362421E1,9.162978269E-3,1.099557430E-2,-1.832595794E-3
1.424539036E1,6.108652335E-3,1.160643995E-2,-3.054326167E-3
1.424738944E1,8.552113548E-3,1.221730467E-2,-6.108652335E-3
1.424945848E1,7.941247895E-3,1.099557430E-2,-4.276056774E-3
1.425149278E1,6.719517522E-3,1.221730467E-2,-3.665191587E-3
1.425356178E1,7.941247895E-3,1.221730467E-2,-4.886921961E-3
1.425559605E1,6.719517522E-3,1.221730467E-2,-3.665191587E-3
1.425766517E1,6.108652335E-3,1.282817032E-2,-4.276056774E-3
1.425969855E1,5.497787148E-3,1.527163107E-2,-6.108652451E-4
1.426173044E1,7.330383174E-3,1.649336144E-2,-6.108652335E-3
1.426389744E1,5.497787148E-3,1.710422710E-2,-4.276056774E-3
1.426580274E1,6.108652335E-3,1.649336144E-2,-3.665191587E-3
1.426780309E1,4.886921961E-3,1.588249579E-2,-1.832595794E-3
1.426987151E1,4.276056774E-3,1.649336144E-2,-1.832595794E-3
1.427190620E1,5.497787148E-3,1.771509275E-2,-3.665191587E-3
1.427397559E1,3.665191587E-3,1.893682219E-2,-1.832595794E-3
1.427601020E1,3.665191587E-3,2.076941915E-2,-2.443460980E-3
1.427807924E1,2.443460980E-3,1.954768784E-2,-4.886921961E-3
1.428011394E1,1.832595794E-3,2.138028294E-2,-1.832595794E-3
1.428219059E1,3.054326167E-3,2.260201424E-2,-6.108652451E-4
1.428419301E1,3.665191587E-3,2.199114859E-2,-4.276056774E-3
1.428614544E1,1.221730490E-3,2.382374369E-2,-2.443460980E-3
1.428814417E1,3.054326167E-3,2.321287990E-2,-2.443460980E-3
1.429021355E1,4.276056774E-3,2.382374369E-2,-5.497787148E-3
1.429224790E1,6.108652451E-4,2.382374369E-2,-1.221730490E-3
1.429431613E1,1.832595794E-3,2.382374369E-2,-1.832595794E-3
1.429634978E1,1.221730490E-3,2.443460934E-2,-3.054326167E-3
1.429841836E1,1.832595794E-3,2.199114859E-2,0.000000000E0
1.430045240E1,2.443460980E-3,2.260201424E-2,-6.108652451E-4
1.430248347E1,1.221730490E-3,2.321287990E-2,6.108652451E-4
1.430456232E1,3.054326167E-3,2.321287990E-2,-2.443460980E-3
1.430651444E1,3.054326167E-3,2.138028294E-2,1.221730490E-3
1.430851367E1,4.276056774E-3,2.199114859E-2,-1.832595794E-3
1.431058224E1,4.276056774E-3,2.199114859E-2,0.000000000E0
1.431261694E1,5.497787148E-3,2.076941915E-2,-1.832595794E-3
1.431468555E1,5.497787148E-3,2.015855350E-2,-3.054326167E-3
1.431671959E1,5.497787148E-3,2.076941915E-2,-1.832595794E-3
1.431878836E1,6.719517522E-3,1.954768784E-2,-3.665191587E-3
1.432082244E1,7.330383174E-3,1.771509275E-2,0.000000000E0
1.432289632E1,4.886921961E-3,1.954768784E-2,-3.054326167E-3
1.432502294E1,9.773843922E-3,1.893682219E-2,-4.276056774E-3
1.432689344E1,6.719517522E-3,1.527163107E-2,-1.832595794E-3
1.432889309E1,6.108652335E-3,1.649336144E-2,-4.276056774E-3
1.433096217E1,7.941247895E-3,1.588249579E-2,-4.276056774E-3
1.433301178E1,6.719517522E-3,1.588249579E-2,-5.497787148E-3
1.433506555E1,6.108652335E-3,1.649336144E-2,-4.276056774E-3
1.433710013E1,6.108652335E-3,1.466076635E-2,-5.497787148E-3
1.433916890E1,5.497787148E-3,1.466076635E-2,-1.221730490E-3
1.434120347E1,6.719517522E-3,1.649336144E-2,-3.054326167E-3
1.434323486E1,6.719517522E-3,1.527163107E-2,-4.276056774E-3
1.434540155E1,6.108652335E-3,1.527163107E-2,-1.832595794E-3
1.434730659E1,4.886921961E-3,1.588249579E-2,-6.108652451E-4
1.434930570E1,6.108652335E-3,1.710422710E-2,-6.108652335E-3
1.435137494E1,5.497787148E-3,1.832595654E-2,-4.276056774E-3
1.435340874E1,3.665191587E-3,1.832595654E-2,-4.886921961E-3
1.435547763E1,3.665191587E-3,1.649336144E-2,-5.497787148E-3
1.435751170E1,4.886921961E-3,1.649336144E-2,-5.497787148E-3
1.435958040E1,3.665191587E-3,1.771509275E-2,-1.832595794E-3
1.436161417E1,4.276056774E-3,1.710422710E-2,-7.330383174E-3
1.436368871E1,1.832595794E-3,1.893682219E-2,-6.719517522E-3
1.436569309E1,3.665191587E-3,1.893682219E-2,-4.886921961E-3
1.436764494E1,1.832595794E-3,1.893682219E-2,-3.054326167E-3
1.436964524E1,2.443460980E-3,2.015855350E-2,-4.276056774E-3
1.437171270E1,1.221730490E-3,1.893682219E-2,-1.832595794E-3
1.437374778E1,1.832595794E-3,2.015855350E-2,-5.497787148E-3
1.437581574E1,1.832595794E-3,1.954768784E-2,-4.886921961E-3
1.437785013E1,0.000000000E0,1.832595654E-2,-1.221730490E-3
1.437991778E1,6.108652451E-4,2.076941915E-2,-5.497787148E-3
1.438195186E1,1.221730490E-3,2.260201424E-2,-3.054326167E-3
1.438398263E1,1.221730490E-3,2.138028294E-2,-3.054326167E-3
1.438606190E1,6.108652451E-4,2.321287990E-2,-3.054326167E-3
1.438801463E1,2.443460980E-3,2.138028294E-2,-3.054326167E-3
1.439001432E1,1.221730490E-3,2.260201424E-2,-6.108652451E-4
1.439208328E1,1.832595794E-3,2.321287990E-2,-3.054326167E-3
1.439411863E1,2.443460980E-3,2.199114859E-2,-3.054326167E-3
1.439618755E1,1.221730490E-3,2.321287990E-2,-4.276056774E-3
1.439822301E1,0.000000000E0,2.382374369E-2,-3.054326167E-3
1.440029147E1,0.000000000E0,2.260201424E-2,-2.443460980E-3
1.440232497E1,6.108652451E-4,2.504547499E-2,0.000000000E0
1.440439882E1,0.000000000E0,2.443460934E-2,1.221730490E-3
1.440652505E1,1.221730490E-3,2.687807009E-2,1.221730490E-3
1.440839509E1,6.108652451E-4,2.443460934E-2,-4.276056774E-3
1.441039444E1,6.108652451E-4,2.748893574E-2,-1.832595794E-3
1.441246305E1,1.832595794E-3,2.748893574E-2,1.832595794E-3
1.441449682E1,1.832595794E-3,2.809980139E-2,6.108652451E-4
1.441656636E1,0.000000000E0,2.748893574E-2,0.000000000E0
1.441860071E1,-1.832595794E-3,2.748893574E-2,3.665191587E-3
1.442066978E1,-1.221730490E-3,2.748893574E-2,-1.221730490E-3
1.442270424E1,-1.221730490E-3,2.626720630E-2,-6.108652451E-4
1.442473501E1,-3.665191587E-3,2.626720630E-2,5.497787148E-3
1.442690197E1,-1.221730490E-3,2.382374369E-2,-1.221730490E-3
1.442880751E1,6.108652451E-4,2.382374369E-2,1.832595794E-3
1.443080694E1,0.000000000E0,2.443460934E-2,0.000000000E0
1.443287574E1,1.832595794E-3,2.504547499E-2,-1.221730490E-3
1.443491044E1,0.000000000E0,2.015855350E-2,-1.221730490E-3
1.443697851E1,1.221730490E-3,2.076941915E-2,1.221730490E-3
1.443901397E1,0.000000000E0,2.076941915E-2,-2.443460980E-3
1.444108278E1,6.108652451E-4,1.649336144E-2,2.443460980E-3
1.444311678E1,0.000000000E0,1.404990070E-2,1.221730490E-3
1.444519263E1,1.221730490E-3,1.527163107E-2,-5.497787148E-3
1.444719532E1,1.832595794E-3,1.282817032E-2,-2.443460980E-3
1.444914867E1,3.054326167E-3,1.160643995E-2,-2.443460980E-3
1.445114782E1,0.000000000E0,9.773843922E-3,-4.886921961E-3
1.445321686E1,3.054326167E-3,8.552113548E-3,-3.665191587E-3
1.445525190E1,1.832595794E-3,5.497787148E-3,-3.054326167E-3
1.445732024E1,6.108652451E-4,6.108652335E-3,-4.886921961E-3
1.445935509E1,1.832595794E-3,3.054326167E-3,-3.054326167E-3
1.446142371E1,6.108652451E-4,1.221730490E-3,-3.665191587E-3
1.446345870E1,-6.108652451E-4,2.443460980E-3,-3.665191587E-3
1.446549082E1,-1.832595794E-3,6.108652451E-4,-2.443460980E-3
1.446757021E1,-4.276056774E-3,-6.108652451E-4,-1.832595794E-3
1.446952217E1,-4.276056774E-3,-4.276056774E-3,-1.221730490E-3
1.447152136E1,-3.665191587E-3,-4.886921961E-3,6.108652451E-4
1.447359067E1,-4.276056774E-3,-7.941247895E-3,2.443460980E-3
1.447562494E1,-3.054326167E-3,-9.773843922E-3,-6.108652451E-4
1.447764994E1,-4.886921961E-3,-1.099557430E-2,0.000000000E0
1.447965051E1,-4.276056774E-3,-1.038470957E-2,6.108652451E-4
1.448171913E1,-3.054326167E-3,-1.466076635E-2,-1.221730490E-3
1.448375382E1,-4.276056774E-3,-1.343903504E-2,1.221730490E-3
1.448582905E1,-4.276056774E-3,-1.404990070E-2,-1.832595794E-3
1.448802297E1,-3.665191587E-3,-1.221730467E-2,6.108652451E-4
1.448979024E1,-4.276056774E-3,-1.038470957E-2,-1.221730490E-3
1.449178997E1,-4.886921961E-3,-9.162978269E-3,-1.832595794E-3
1.449385924E1,-3.665191587E-3,-9.162978269E-3,-3.054326167E-3
1.449589367E1,-4.276056774E-3,-6.719517522E-3,-1.832595794E-3
1.449796259E1,-2.443460980E-3,-2.443460980E-3,-5.497787148E-3
1.449999705E1,-4.886921961E-3,-3.054326167E-3,-4.886921961E-3
1.450206594E1,-5.497787148E-3,-6.108652451E-4,-4.276056774E-3
1.450410017E1,-5.497787148E-3,1.221730490E-3,-5.497787148E-3
1.450613132E1,-5.497787148E-3,3.665191587E-3,-6.108652335E-3
1.450829697E1,-5.497787148E-3,6.108652335E-3,-3.665191587E-3
1.451020213E1,-4.276056774E-3,5.497787148E-3,-5.497787148E-3
1.451220155E1,-4.276056774E-3,6.719517522E-3,-7.941247895E-3
1.451426990E1,-4.276056774E-3,9.162978269E-3,-6.108652335E-3
1.451630378E1,-4.886921961E-3,9.773843922E-3,-5.497787148E-3
1.451837309E1,-2.443460980E-3,1.343903504E-2,-6.108652335E-3
1.452040774E1,-3.054326167E-3,1.221730467E-2,-3.665191587E-3
1.452247644E1,-2.443460980E-3,1.282817032E-2,-3.665191587E-3
1.452451163E1,-4.276056774E-3,1.404990070E-2,-4.886921961E-3
1.452658836E1,-3.665191587E-3,1.527163107E-2,-2.443460980E-3
1.452859351E1,0.000000000E0,1.466076635E-2,0.000000000E0
1.453054724E1,-4.276056774E-3,1.404990070E-2,-4.886921961E-3
1.453254694E1,-3.054326167E-3,1.099557430E-2,-3.054326167E-3
1.453461644E1,-6.108652451E-4,1.282817032E-2,-3.054326167E-3
1.453665186E1,6.108652451E-4,7.941247895E-3,-4.276056774E-3
1.453872086E1,-3.054326167E-3,9.162978269E-3,-3.054326167E-3
1.454075601E1,-3.054326167E-3,4.276056774E-3,3.054326167E-3
1.454282517E1,-2.443460980E-3,1.832595794E-3,-1.221730490E-3
1.454485982E1,6.108652451E-4,-1.221730490E-3,-1.832595794E-3
1.454689128E1,0.000000000E0,-5.497787148E-3,6.108652451E-4
1.454897136E1,3.054326167E-3,-7.330383174E-3,-6.108652451E-4
1.455092444E1,2.443460980E-3,-1.038470957E-2,-1.832595794E-3
1.455292524E1,1.221730490E-3,-1.282817032E-2,1.832595794E-3
1.455499401E1,3.054326167E-3,-1.710422710E-2,0.000000000E0
1.455702905E1,3.665191587E-3,-1.527163107E-2,-1.832595794E-3
1.455909813E1,1.221730490E-3,-1.954768784E-2,1.832595794E-3
1.456113240E1,3.665191587E-3,-2.015855350E-2,1.221730490E-3
1.456320124E1,5.497787148E-3,-2.199114859E-2,-1.221730490E-3
1.456523647E1,4.276056774E-3,-2.015855350E-2,6.108652451E-4
1.456731136E1,4.886921961E-3,-2.382374369E-2,2.443460980E-3
1.456943959E1,6.108652335E-3,-2.260201424E-2,0.000000000E0
1.457131001E1,4.886921961E-3,-2.076941915E-2,0.000000000E0
1.457330986E1,6.108652335E-3,-2.138028294E-2,6.108652451E-4
1.457537863E1,5.497787148E-3,-2.076941915E-2,-1.221730490E-3
1.457741320E1,4.886921961E-3,-1.893682219E-2,-6.108652451E-4
1.457948217E1,5.497787148E-3,-2.015855350E-2,1.221730490E-3
1.458151670E1,3.054326167E-3,-1.954768784E-2,-6.108652451E-4
1.458358617E1,6.108652335E-3,-1.649336144E-2,1.832595794E-3
1.458562067E1,5.497787148E-3,-1.832595654E-2,0.000000000E0
1.458765224E1,5.497787148E-3,-1.832595654E-2,-1.221730490E-3
1.458981967E1,3.054326167E-3,-1.649336144E-2,1.832595794E-3
1.459172520E1,3.054326167E-3,-1.710422710E-2,3.054326167E-3
1.459372490E1,3.665191587E-3,-1.771509275E-2,-6.108652451E-4
1.459579336E1,4.886921961E-3,-1.710422710E-2,1.832595794E-3
1.459782790E1,3.665191587E-3,-1.649336144E-2,-1.832595794E-3
1.459989647E1,4.886921961E-3,-1.893682219E-2,1.832595794E-3
1.460193044E1,2.443460980E-3,-1.588249579E-2,6.108652451E-4
1.460399963E1,4.276056774E-3,-1.649336144E-2,1.221730490E-3
1.460603459E1,4.886921961E-3,-1.954768784E-2,1.221730490E-3
1.460810951E1,3.665191587E-3,-2.138028294E-2,3.054326167E-3
1.461011163E1,3.665191587E-3,-2.076941915E-2,1.221730490E-3
1.461206444E1,5.497787148E-3,-2.138028294E-2,1.832595794E-3
1.461406428E1,6.719517522E-3,-2.382374369E-2,3.054326167E-3
1.461613251E1,6.719517522E-3,-2.504547499E-2,3.054326167E-3
1.461816674E1,4.276056774E-3,-2.748893574E-2,4.276056774E-3
1.462023636E1,7.330383174E-3,-2.871066704E-2,6.108652335E-3
1.462227174E1,6.719517522E-3,-2.932153270E-2,3.054326167E-3
1.462434105E1,9.162978269E-3,-3.054326214E-2,-1.221730490E-3
1.462637594E1,9.162978269E-3,-3.726277873E-2,3.054326167E-3
1.462840728E1,9.162978269E-3,-3.909537569E-2,3.665191587E-3
1.463048720E1,7.941247895E-3,-4.031710699E-2,2.443460980E-3
1.463244032E1,9.162978269E-3,-4.337143153E-2,2.443460980E-3
1.463444040E1,9.162978269E-3,-4.398229718E-2,1.832595794E-3
1.463650978E1,1.038470957E-2,-4.948008433E-2,-6.108652451E-4
1.463854467E1,1.221730467E-2,-5.253441259E-2,4.276056774E-3
1.464061440E1,1.343903504E-2,-5.436700583E-2,1.832595794E-3
1.464264870E1,1.221730467E-2,-5.864306539E-2,0.000000000E0
1.464471774E1,1.466076635E-2,-6.169738993E-2,1.221730490E-3
1.464675170E1,1.221730467E-2,-6.414084882E-2,4.276056774E-3
1.464882586E1,1.588249579E-2,-6.719517708E-2,6.108652451E-4
1.465095420E1,1.710422710E-2,-6.963863969E-2,1.832595794E-3
1.465282497E1,1.343903504E-2,-7.330382615E-2,5.497787148E-3
1.465482413E1,1.466076635E-2,-7.635815442E-2,2.443460980E-3
1.465689382E1,1.771509275E-2,-8.063421398E-2,4.276056774E-3
1.465892820E1,1.893682219E-2,-7.941248268E-2,4.886921961E-3
1.466099717E1,1.832595654E-2,-8.246681094E-2,6.108652451E-4
1.466303178E1,1.771509275E-2,-8.613199741E-2,6.108652335E-3
1.466510101E1,1.893682219E-2,-8.796459436E-2,4.276056774E-3
1.466713601E1,1.954768784E-2,-8.918632567E-2,3.665191587E-3
1.466916751E1,1.954768784E-2,-8.918632567E-2,4.886921961E-3
1.467133540E1,2.321287990E-2,-9.040805697E-2,3.054326167E-3
1.467324120E1,2.076941915E-2,-9.407325089E-2,3.054326167E-3
1.467524055E1,2.321287990E-2,-9.162978828E-2,8.552113548E-3
1.467731001E1,2.076941915E-2,-9.407325089E-2,8.552113548E-3
1.467934451E1,2.199114859E-2,-9.285151958E-2,6.108652335E-3
1.468141378E1,2.321287990E-2,-9.224065393E-2,7.330383174E-3
1.468344782E1,2.260201424E-2,-9.224065393E-2,6.719517522E-3
1.468551790E1,2.321287990E-2,-9.040805697E-2,4.276056774E-3
1.468755251E1,2.382374369E-2,-8.857546002E-2,9.162978269E-3
1.468962651E1,2.076941915E-2,-8.735372871E-2,7.941247895E-3
1.469163132E1,2.443460934E-2,-8.491026610E-2,4.276056774E-3
1.469358486E1,2.443460934E-2,-8.368854225E-2,9.162978269E-3
1.469558463E1,2.138028294E-2,-8.002334833E-2,8.552113548E-3
1.469765405E1,2.260201424E-2,-8.002334833E-2,6.108652335E-3
1.469968847E1,2.321287990E-2,-7.574728876E-2,8.552113548E-3
1.470175790E1,2.260201424E-2,-7.452555746E-2,7.941247895E-3
1.470379305E1,2.260201424E-2,-7.269296050E-2,4.276056774E-3
1.470586170E1,2.138028294E-2,-6.902777404E-2,8.552113548E-3
1.470789643E1,2.321287990E-2,-6.475171447E-2,6.719517522E-3
1.470992863E1,2.076941915E-2,-6.414084882E-2,4.886921961E-3
1.471200832E1,2.076941915E-2,-6.108652428E-2,9.162978269E-3
1.471396116E1,2.138028294E-2,-5.742133409E-2,7.941247895E-3
1.471596097E1,2.015855350E-2,-5.558873713E-2,4.276056774E-3
1.471803066E1,2.260201424E-2,-5.192354694E-2,9.162978269E-3
1.472006547E1,1.954768784E-2,-5.070181563E-2,1.832595794E-3
1.472209109E1,2.138028294E-2,-4.703662544E-2,3.665191587E-3
1.472409097E1,1.893682219E-2,-4.459316283E-2,7.941247895E-3
1.472616086E1,1.954768784E-2,-4.520402849E-2,3.054326167E-3
1.472819628E1,1.954768784E-2,-4.092797264E-2,5.497787148E-3
1.473027159E1,1.954768784E-2,-4.031710699E-2,6.108652335E-3
1.473246647E1,1.954768784E-2,-3.909537569E-2,4.276056774E-3
1.473423351E1,1.893682219E-2,-3.787364438E-2,2.443460980E-3
1.473623397E1,1.710422710E-2,-3.665191308E-2,6.108652335E-3
1.473830355E1,1.649336144E-2,-3.543018550E-2,4.276056774E-3
1.474035351E1,1.649336144E-2,-3.787364438E-2,3.054326167E-3
1.474240828E1,1.832595654E-2,-3.604105115E-2,4.886921961E-3
1.474444320E1,1.527163107E-2,-3.604105115E-2,3.054326167E-3
1.474651340E1,1.771509275E-2,-3.420845419E-2,3.665191587E-3
1.474854793E1,1.710422710E-2,-3.359758854E-2,2.443460980E-3
1.475058024E1,1.710422710E-2,-3.604105115E-2,2.443460980E-3
1.475274793E1,1.343903504E-2,-3.665191308E-2,3.054326167E-3
1.475465340E1,1.466076635E-2,-3.604105115E-2,3.054326167E-3
1.475665328E1,1.710422710E-2,-3.726277873E-2,-1.832595794E-3
1.475872309E1,1.466076635E-2,-3.665191308E-2,-1.221730490E-3
1.476075782E1,1.527163107E-2,-3.726277873E-2,1.832595794E-3
1.476282747E1,1.343903504E-2,-3.787364438E-2,-6.108652451E-4
1.476486232E1,1.527163107E-2,-3.909537569E-2,-6.108652451E-4
1.476693243E1,1.160643995E-2,-4.031710699E-2,0.000000000E0
1.476896705E1,1.221730467E-2,-4.276056588E-2,3.054326167E-3
1.477104363E1,1.221730467E-2,-4.153883830E-2,1.221730490E-3
1.477304709E1,1.343903504E-2,-4.581489414E-2,2.443460980E-3
1.477500059E1,1.343903504E-2,-4.581489414E-2,-6.108652451E-4
1.477700074E1,1.588249579E-2,-4.520402849E-2,3.054326167E-3
1.477906943E1,1.099557430E-2,-4.703662544E-2,1.221730490E-3
1.478110463E1,1.343903504E-2,-4.764748737E-2,0.000000000E0
1.478317401E1,1.466076635E-2,-5.070181563E-2,-1.221730490E-3
1.478520924E1,1.343903504E-2,-5.253441259E-2,-1.221730490E-3
1.478727824E1,1.343903504E-2,-5.192354694E-2,6.108652451E-4
1.478931317E1,1.588249579E-2,-5.375614017E-2,1.832595794E-3
1.479134466E1,1.404990070E-2,-5.253441259E-2,2.443460980E-3
1.479342417E1,1.343903504E-2,-5.375614017E-2,3.054326167E-3
1.479537736E1,1.466076635E-2,-5.253441259E-2,3.665191587E-3
1.479737790E1,1.343903504E-2,-5.375614017E-2,3.054326167E-3
1.479944732E1,1.649336144E-2,-5.558873713E-2,3.054326167E-3
1.480148228E1,1.588249579E-2,-5.558873713E-2,3.665191587E-3
1.480355182E1,1.588249579E-2,-5.436700583E-2,3.665191587E-3
1.480558647E1,1.588249579E-2,-5.558873713E-2,4.276056774E-3
1.480765570E1,1.527163107E-2,-5.558873713E-2,4.886921961E-3
1.480969093E1,1.649336144E-2,-5.742133409E-2,4.886921961E-3
1.481176605E1,1.832595654E-2,-5.375614017E-2,6.719517522E-3
1.481389336E1,1.588249579E-2,-5.436700583E-2,6.108652335E-3
1.481576386E1,1.954768784E-2,-5.436700583E-2,3.665191587E-3
1.481776351E1,1.832595654E-2,-5.192354694E-2,6.108652335E-3
1.481983324E1,2.015855350E-2,-5.314527452E-2,5.497787148E-3
1.482186774E1,1.588249579E-2,-5.192354694E-2,9.162978269E-3
1.482393736E1,1.771509275E-2,-5.253441259E-2,7.941247895E-3
1.482597270E1,1.588249579E-2,-5.009094998E-2,7.330383174E-3
1.482804220E1,1.710422710E-2,-5.009094998E-2,6.108652335E-3
1.483007640E1,1.588249579E-2,-4.948008433E-2,6.719517522E-3
1.483210859E1,1.649336144E-2,-4.886921868E-2,6.719517522E-3
1.483427505E1,1.588249579E-2,-4.764748737E-2,9.162978269E-3
1.483618059E1,1.649336144E-2,-4.581489414E-2,6.108652335E-3
1.483818040E1,1.710422710E-2,-4.764748737E-2,6.719517522E-3
1.484024943E1,1.588249579E-2,-4.764748737E-2,9.773843922E-3
1.484228443E1,1.649336144E-2,-4.642575979E-2,9.162978269E-3
1.484435320E1,1.404990070E-2,-4.581489414E-2,7.941247895E-3
1.484638805E1,1.527163107E-2,-4.703662544E-2,7.941247895E-3
1.484845636E1,1.588249579E-2,-4.581489414E-2,4.276056774E-3
1.485049063E1,1.343903504E-2,-4.642575979E-2,6.108652335E-3
1.485256551E1,1.282817032E-2,-4.886921868E-2,7.941247895E-3
1.485456936E1,1.160643995E-2,-4.948008433E-2,5.497787148E-3
1.485652186E1,1.221730467E-2,-4.825835302E-2,3.665191587E-3
1.485852174E1,1.588249579E-2,-4.886921868E-2,6.719517522E-3
1.486058974E1,1.343903504E-2,-5.009094998E-2,5.497787148E-3
1.486262386E1,1.282817032E-2,-5.070181563E-2,4.276056774E-3
1.486469324E1,1.282817032E-2,-5.009094998E-2,3.054326167E-3
1.486672813E1,1.160643995E-2,-5.192354694E-2,5.497787148E-3
1.486879743E1,1.404990070E-2,-5.253441259E-2,6.108652451E-4
1.487083293E1,1.160643995E-2,-5.497787148E-2,4.276056774E-3
1.487286428E1,1.038470957E-2,-5.314527452E-2,4.276056774E-3
1.487494378E1,1.282817032E-2,-5.558873713E-2,3.665191587E-3
1.487689709E1,1.038470957E-2,-5.619960278E-2,3.054326167E-3
1.487889628E1,1.221730467E-2,-5.558873713E-2,3.665191587E-3
1.488096582E1,1.099557430E-2,-5.619960278E-2,2.443460980E-3
1.488300086E1,1.282817032E-2,-5.803219974E-2,1.832595794E-3
1.488507051E1,1.160643995E-2,-5.986479297E-2,1.832595794E-3
1.488710513E1,1.099557430E-2,-5.986479297E-2,1.832595794E-3
1.488917386E1,1.099557430E-2,-5.986479297E-2,1.221730490E-3
1.489120801E1,1.038470957E-2,-6.047565863E-2,1.832595794E-3
1.489328266E1,1.099557430E-2,-6.047565863E-2,6.108652451E-4
1.489540993E1,1.160643995E-2,-5.986479297E-2,-6.108652451E-4
1.489728086E1,1.038470957E-2,-6.169738993E-2,3.665191587E-3
1.489928128E1,1.038470957E-2,-6.108652428E-2,-6.108652451E-4
1.490135063E1,1.099557430E-2,-6.108652428E-2,1.832595794E-3
1.490338505E1,9.162978269E-3,-6.230825558E-2,-6.108652451E-4
1.490545428E1,9.162978269E-3,-6.230825558E-2,-1.221730490E-3
1.490748928E1,7.941247895E-3,-6.169738993E-2,0.000000000E0
1.490955909E1,7.941247895E-3,-6.108652428E-2,-2.443460980E-3
1.491159324E1,7.330383174E-3,-5.864306539E-2,-2.443460980E-3
1.491362459E1,6.719517522E-3,-5.925392732E-2,3.054326167E-3
1.491579201E1,7.330383174E-3,-6.047565863E-2,6.108652451E-4
1.491769759E1,5.497787148E-3,-6.108652428E-2,0.000000000E0
1.491969686E1,6.719517522E-3,-6.047565863E-2,0.000000000E0
1.492176590E1,1.832595794E-3,-5.864306539E-2,1.832595794E-3
1.492380063E1,7.941247895E-3,-5.681046844E-2,-3.054326167E-3
1.492586970E1,5.497787148E-3,-5.742133409E-2,0.000000000E0
1.492790393E1,4.276056774E-3,-5.619960278E-2,6.108652451E-4
1.492997282E1,3.665191587E-3,-5.803219974E-2,6.108652451E-4
1.493200732E1,3.665191587E-3,-5.497787148E-2,1.832595794E-3
1.493408324E1,3.054326167E-3,-5.619960278E-2,6.108652451E-4
1.493608609E1,5.497787148E-3,-5.558873713E-2,-6.108652451E-4
1.493803855E1,5.497787148E-3,-5.558873713E-2,6.108652451E-4
1.494003920E1,4.886921961E-3,-5.253441259E-2,0.000000000E0
1.494210905E1,5.497787148E-3,-5.314527452E-2,1.221730490E-3
1.494414405E1,4.276056774E-3,-5.192354694E-2,2.443460980E-3
1.494621266E1,4.886921961E-3,-5.253441259E-2,1.832595794E-3
1.494824820E1,7.330383174E-3,-5.131268129E-2,1.832595794E-3
1.495031770E1,6.719517522E-3,-5.192354694E-2,4.886921961E-3
1.495235309E1,6.719517522E-3,-4.948008433E-2,6.108652451E-4
1.495438566E1,6.719517522E-3,-4.948008433E-2,2.443460980E-3
1.495646547E1,4.886921961E-3,-4.886921868E-2,2.443460980E-3
1.495841901E1,5.497787148E-3,-4.825835302E-2,1.221730490E-3
1.496041878E1,6.719517522E-3,-4.581489414E-2,4.886921961E-3
1.496248770E1,4.886921961E-3,-4.642575979E-2,3.054326167E-3
1.496452305E1,7.330383174E-3,-4.581489414E-2,6.108652451E-4
1.496654909E1,5.497787148E-3,-4.459316283E-2,5.497787148E-3
1.496854863E1,5.497787148E-3,-4.581489414E-2,3.665191587E-3
1.497061697E1,5.497787148E-3,-4.703662544E-2,1.832595794E-3
1.497265113E1,5.497787148E-3,-4.581489414E-2,1.221730490E-3
1.497472516E1,3.665191587E-3,-4.642575979E-2,2.443460980E-3
1.497691866E1,4.276056774E-3,-4.642575979E-2,2.443460980E-3
1.497868497E1,4.886921961E-3,-4.581489414E-2,3.665191587E-3
1.498068501E1,5.497787148E-3,-4.886921868E-2,1.832595794E-3
1.498275447E1,6.108652335E-3,-4.825835302E-2,0.000000000E0
1.498478882E1,6.719517522E-3,-4.703662544E-2,3.665191587E-3
1.498685886E1,6.719517522E-3,-5.131268129E-2,1.832595794E-3
1.498889328E1,7.330383174E-3,-5.070181563E-2,-1.221730490E-3
1.499096236E1,6.108652335E-3,-5.192354694E-2,3.665191587E-3
1.499299693E1,7.330383174E-3,-5.742133409E-2,6.108652451E-4
1.499502828E1,6.719517522E-3,-5.558873713E-2,0.000000000E0
1.499719793E1,7.330383174E-3,-5.864306539E-2,3.054326167E-3
1.499906940E1,7.941247895E-3,-5.986479297E-2,-2.443460980E-3
1.500106905E1,9.773843922E-3,-6.230825558E-2,0.000000000E0
1.500313786E1,1.038470957E-2,-6.414084882E-2,1.221730490E-3
1.500517336E1,1.099557430E-2,-6.841690838E-2,-2.443460980E-3
1.500724216E1,1.404990070E-2,-7.147123665E-2,-3.054326167E-3
1.500927655E1,1.038470957E-2,-7.208210230E-2,0.000000000E0
1.501134593E1,1.282817032E-2,-7.513642311E-2,-3.054326167E-3
1.501338020E1,1.343903504E-2,-7.819075137E-2,-1.832595794E-3
1.501545513E1,1.343903504E-2,-8.185594529E-2,-2.443460980E-3
1.501745951E1,1.160643995E-2,-8.307767659E-2,-3.054326167E-3
1.501941255E1,1.221730467E-2,-8.491026610E-2,-3.054326167E-3
1.502141286E1,1.221730467E-2,-8.613199741E-2,0.000000000E0
1.502348247E1,1.466076635E-2,-8.674286306E-2,-2.443460980E-3
1.502551724E1,1.404990070E-2,-8.857546002E-2,-6.108652451E-4
1.502758720E1,1.588249579E-2,-8.857546002E-2,-3.054326167E-3
1.502962228E1,1.221730467E-2,-9.040805697E-2,-3.054326167E-3
1.503169197E1,1.466076635E-2,-8.918632567E-2,-3.054326167E-3
1.503372740E1,1.404990070E-2,-9.040805697E-2,-2.443460980E-3
1.503576024E1,1.160643995E-2,-9.224065393E-2,-6.108652451E-4
1.503784032E1,1.160643995E-2,-9.040805697E-2,-1.221730490E-3
1.503979336E1,1.282817032E-2,-9.101892263E-2,-1.832595794E-3
1.504179309E1,1.038470957E-2,-8.979719132E-2,0.000000000E0
1.504386193E1,1.099557430E-2,-8.552113175E-2,-2.443460980E-3
1.504589728E1,1.099557430E-2,-8.613199741E-2,0.000000000E0
1.504796690E1,8.552113548E-3,-8.491026610E-2,2.443460980E-3
1.505000255E1,7.941247895E-3,-8.552113175E-2,0.000000000E0
1.505207155E1,9.162978269E-3,-8.429940045E-2,-6.108652451E-4
1.505410601E1,1.038470957E-2,-8.002334833E-2,0.000000000E0
1.505618120E1,8.552113548E-3,-7.819075137E-2,-1.221730490E-3
1.505830924E1,7.330383174E-3,-7.819075137E-2,0.000000000E0
1.506018032E1,7.330383174E-3,-7.269296050E-2,1.221730490E-3
1.506218047E1,9.162978269E-3,-6.902777404E-2,-2.443460980E-3
1.506425024E1,7.330383174E-3,-6.719517708E-2,-3.665191587E-3
1.506628516E1,6.108652335E-3,-6.658431143E-2,1.221730490E-3
1.506835443E1,7.330383174E-3,-6.414084882E-2,-2.443460980E-3
1.507038997E1,9.773843922E-3,-6.169738993E-2,-3.665191587E-3
1.507245986E1,7.941247895E-3,-6.169738993E-2,-1.221730490E-3
1.507449497E1,8.552113548E-3,-6.047565863E-2,-3.665191587E-3
1.507652720E1,9.162978269E-3,-5.864306539E-2,-3.054326167E-3
1.507869574E1,1.221730467E-2,-5.803219974E-2,-6.108652451E-4
1.508060136E1,1.221730467E-2,-5.436700583E-2,-6.719517522E-3
1.508260155E1,1.160643995E-2,-5.497787148E-2,-1.832595794E-3
1.508467247E1,1.038470957E-2,-5.314527452E-2,6.108652451E-4
1.508670716E1,9.773843922E-3,-5.314527452E-2,-2.443460980E-3
1.508877693E1,8.552113548E-3,-4.886921868E-2,-6.108652451E-4
1.509081293E1,7.941247895E-3,-5.253441259E-2,2.443460980E-3
1.509288193E1,1.160643995E-2,-4.886921868E-2,-4.886921961E-3
1.509491674E1,1.038470957E-2,-5.192354694E-2,0.000000000E0
1.509699389E1,5.497787148E-3,-5.009094998E-2,-1.221730490E-3
1.509899689E1,7.941247895E-3,-5.009094998E-2,-6.108652451E-4
1.510095151E1,6.108652335E-3,-5.314527452E-2,3.054326167E-3
1.510295101E1,6.719517522E-3,-5.497787148E-2,4.886921961E-3
1.510502009E1,3.665191587E-3,-5.619960278E-2,-1.221730490E-3
1.510705466E1,3.665191587E-3,-5.864306539E-2,6.108652335E-3
1.510912382E1,1.221730490E-3,-5.864306539E-2,4.886921961E-3
1.511115855E1,1.221730490E-3,-5.925392732E-2,1.221730490E-3
1.511322747E1,1.832595794E-3,-6.475171447E-2,4.276056774E-3
1.511526174E1,0.000000000E0,-6.536258012E-2,2.443460980E-3
1.511729397E1,0.000000000E0,-6.658431143E-2,6.108652451E-4
1.511937393E1,0.000000000E0,-6.841690838E-2,4.276056774E-3
1.512132593E1,1.832595794E-3,-6.963863969E-2,1.221730490E-3
1.512332551E1,6.108652451E-4,-6.902777404E-2,-6.108652451E-4
1.512539466E1,6.108652451E-4,-7.269296050E-2,3.665191587E-3
1.512742905E1,1.221730490E-3,-6.963863969E-2,-3.665191587E-3
1.512949851E1,3.665191587E-3,-6.780604273E-2,-3.054326167E-3
1.513153216E1,6.108652451E-4,-6.902777404E-2,-1.221730490E-3
1.513360132E1,1.832595794E-3,-6.780604273E-2,-1.832595794E-3
1.513563678E1,1.221730490E-3,-6.536258012E-2,-1.832595794E-3
1.513771097E1,4.886921961E-3,-6.414084882E-2,-3.054326167E-3
1.513983832E1,5.497787148E-3,-5.986479297E-2,-6.719517522E-3
1.514170939E1,3.665191587E-3,-5.986479297E-2,-4.276056774E-3
1.514370886E1,5.497787148E-3,-5.558873713E-2,-4.276056774E-3
1.514577820E1,3.054326167E-3,-5.192354694E-2,-5.497787148E-3
1.514782851E1,6.108652335E-3,-5.070181563E-2,-8.552113548E-3
1.514988216E1,5.497787148E-3,-4.520402849E-2,-4.886921961E-3
1.515191655E1,4.276056774E-3,-4.337143153E-2,-7.330383174E-3
1.515398632E1,7.330383174E-3,-4.214970022E-2,-6.719517522E-3
1.515602059E1,5.497787148E-3,-3.665191308E-2,-4.276056774E-3
1.515805197E1,4.886921961E-3,-3.359758854E-2,-6.108652335E-3
1.516021951E1,6.719517522E-3,-3.115412779E-2,-7.941247895E-3
1.516212543E1,4.276056774E-3,-2.748893574E-2,-4.886921961E-3
1.516412528E1,4.886921961E-3,-2.626720630E-2,-7.941247895E-3
1.516619451E1,6.719517522E-3,-2.382374369E-2,-7.941247895E-3
1.516822997E1,5.497787148E-3,-2.199114859E-2,-6.108652335E-3
1.517029905E1,5.497787148E-3,-2.015855350E-2,-1.038470957E-2
1.517233401E1,4.886921961E-3,-1.832595654E-2,-1.099557430E-2
1.517440401E1,4.276056774E-3,-1.893682219E-2,-5.497787148E-3
1.517643893E1,3.054326167E-3,-1.771509275E-2,-6.108652335E-3
1.517851378E1,3.665191587E-3,-1.710422710E-2,-7.330383174E-3
1.518051789E1,2.443460980E-3,-1.588249579E-2,-4.886921961E-3
1.518247105E1,5.497787148E-3,-1.710422710E-2,-1.160643995E-2
1.518447132E1,2.443460980E-3,-1.588249579E-2,-7.941247895E-3
1.518653997E1,1.221730490E-3,-1.771509275E-2,-4.276056774E-3
1.518857516E1,1.221730490E-3,-1.893682219E-2,-7.941247895E-3
1.519064463E1,0.000000000E0,-2.260201424E-2,-6.108652335E-3
1.519267943E1,-6.108652451E-4,-2.076941915E-2,-4.886921961E-3
1.519474870E1,1.832595794E-3,-2.260201424E-2,-8.552113548E-3
1.519678332E1,-1.221730490E-3,-2.565634064E-2,-6.108652335E-3
1.519881505E1,6.108652451E-4,-2.687807009E-2,-6.719517522E-3
1.520089443E1,-6.108652451E-4,-3.054326214E-2,-7.330383174E-3
1.520284739E1,-6.108652451E-4,-3.176499158E-2,-7.330383174E-3
1.520484728E1,-4.886921961E-3,-3.359758854E-2,-5.497787148E-3
1.520691666E1,-3.665191587E-3,-3.481931984E-2,-1.038470957E-2
1.520895082E1,-6.719517522E-3,-3.848451003E-2,-5.497787148E-3
1.521097609E1,-3.665191587E-3,-3.848451003E-2,-7.941247895E-3
1.521297482E1,-6.719517522E-3,-3.970624134E-2,-7.941247895E-3
1.521504382E1,-5.497787148E-3,-4.276056588E-2,-5.497787148E-3
1.521707928E1,-3.665191587E-3,-4.398229718E-2,-7.941247895E-3
1.521915459E1,-4.886921961E-3,-4.398229718E-2,-7.330383174E-3
1.522134820E1,-5.497787148E-3,-4.703662544E-2,-3.665191587E-3
1.522311459E1,-3.054326167E-3,-4.825835302E-2,-7.330383174E-3
1.522511455E1,-6.108652335E-3,-4.764748737E-2,-1.038470957E-2
1.522718332E1,-3.665191587E-3,-4.703662544E-2,-6.108652335E-3
1.522921813E1,-4.276056774E-3,-4.764748737E-2,-6.719517522E-3
1.523128716E1,-3.665191587E-3,-4.886921868E-2,-9.162978269E-3
1.523332239E1,-5.497787148E-3,-4.703662544E-2,-4.276056774E-3
1.523539097E1,-3.665191587E-3,-4.703662544E-2,-4.886921961E-3
1.523742616E1,-2.443460980E-3,-4.581489414E-2,-7.941247895E-3
1.523945786E1,-4.886921961E-3,-4.398229718E-2,-1.832595794E-3
1.524162509E1,-3.665191587E-3,-4.459316283E-2,-3.054326167E-3
1.524353070E1,-4.886921961E-3,-4.581489414E-2,-6.719517522E-3
1.524553097E1,-3.054326167E-3,-4.276056588E-2,-4.886921961E-3
1.524760001E1,0.000000000E0,-4.153883830E-2,-6.108652335E-3
1.524963505E1,-3.054326167E-3,-4.276056588E-2,-6.719517522E-3
1.525170455E1,-1.221730490E-3,-3.970624134E-2,-4.276056774E-3
1.525373951E1,2.443460980E-3,-4.214970022E-2,-6.108652335E-3
1.525580889E1,1.832595794E-3,-4.214970022E-2,-7.941247895E-3
1.525784409E1,-6.108652451E-4,-4.153883830E-2,-1.221730490E-3
1.525992001E1,1.832595794E-3,-3.970624134E-2,-6.108652335E-3
1.526192324E1,6.108652451E-4,-3.848451003E-2,-6.719517522E-3
1.526387582E1,2.443460980E-3,-4.153883830E-2,-3.054326167E-3
1.526587543E1,2.443460980E-3,-4.214970022E-2,-4.276056774E-3
1.526794420E1,1.221730490E-3,-4.153883830E-2,-6.108652335E-3
1.526997901E1,1.832595794E-3,-4.337143153E-2,-4.276056774E-3
1.527204813E1,1.832595794E-3,-4.337143153E-2,-4.886921961E-3
1.527408270E1,6.108652451E-4,-4.214970022E-2,-6.719517522E-3
1.527615174E1,1.221730490E-3,-4.031710699E-2,-5.497787148E-3
1.527818666E1,1.221730490E-3,-4.276056588E-2,-4.276056774E-3
1.528021928E1,2.443460980E-3,-4.153883830E-2,-6.719517522E-3
1.528229993E1,1.221730490E-3,-4.276056588E-2,-4.276056774E-3
1.528425255E1,0.000000000E0,-4.337143153E-2,-2.443460980E-3
1.528625182E1,2.443460980E-3,-4.276056588E-2,-4.276056774E-3
1.528832109E1,2.443460980E-3,-4.276056588E-2,-6.108652335E-3
1.529035559E1,6.108652451E-4,-4.337143153E-2,-6.719517522E-3
1.529242420E1,6.108652451E-4,-4.398229718E-2,-6.108652335E-3
1.529445870E1,6.108652451E-4,-4.337143153E-2,-6.108652335E-3
1.529652732E1,0.000000000E0,-4.520402849E-2,-6.108652335E-3
1.529856132E1,6.108652451E-4,-4.153883830E-2,-7.330383174E-3
1.530063636E1,-6.108652451E-4,-4.092797264E-2,-5.497787148E-3
1.530276278E1,1.221730490E-3,-4.092797264E-2,-9.162978269E-3
1.530463243E1,-4.276056774E-3,-4.031710699E-2,-5.497787148E-3
1.530663224E1,-1.221730490E-3,-3.787364438E-2,-3.665191587E-3
1.530870074E1,6.108652451E-4,-3.726277873E-2,-6.108652335E-3
1.531073451E1,-3.665191587E-3,-3.665191308E-2,-3.054326167E-3
1.531280370E1,-6.108652451E-4,-3.237585723E-2,-6.719517522E-3
1.531483732E1,-3.054326167E-3,-3.054326214E-2,-5.497787148E-3
1.531690670E1,-1.832595794E-3,-2.687807009E-2,-7.330383174E-3
1.531894174E1,-2.443460980E-3,-2.626720630E-2,-4.886921961E-3
1.532097362E1,-4.276056774E-3,-2.443460934E-2,-5.497787148E-3
1.532314078E1,-3.665191587E-3,-2.138028294E-2,-4.276056774E-3
1.532504593E1,-4.886921961E-3,-2.199114859E-2,-1.221730490E-3
1.532704532E1,-3.665191587E-3,-1.832595654E-2,-4.886921961E-3
1.532911501E1,-5.497787148E-3,-1.771509275E-2,-6.108652335E-3
1.533114924E1,-3.054326167E-3,-1.588249579E-2,-4.276056774E-3
1.533321801E1,-4.276056774E-3,-1.404990070E-2,-7.330383174E-3
1.533525247E1,-4.276056774E-3,-1.282817032E-2,-3.054326167E-3
1.533732236E1,-7.330383174E-3,-1.221730467E-2,-2.443460980E-3
1.533935651E1,-4.886921961E-3,-1.038470957E-2,-3.665191587E-3
1.534143232E1,-4.886921961E-3,-9.773843922E-3,-3.665191587E-3
1.534343647E1,-6.108652335E-3,-7.941247895E-3,1.221730490E-3
1.534545866E1,-4.886921961E-3,-7.941247895E-3,-3.054326167E-3
1.534749347E1,-5.497787148E-3,-7.941247895E-3,-3.054326167E-3
1.534956216E1,-4.886921961E-3,-4.886921961E-3,-2.443460980E-3
1.535159689E1,-3.054326167E-3,-5.497787148E-3,-3.665191587E-3
1.535366655E1,-4.276056774E-3,-3.054326167E-3,0.000000000E0
1.535570089E1,-4.886921961E-3,-2.443460980E-3,-1.832595794E-3
1.535776970E1,-3.665191587E-3,-1.832595794E-3,-4.886921961E-3
1.535980409E1,-1.832595794E-3,1.221730490E-3,-3.665191587E-3
1.536183574E1,-1.832595794E-3,0.000000000E0,-1.221730490E-3
1.536391566E1,-3.054326167E-3,2.443460980E-3,-3.665191587E-3
1.536586955E1,-4.886921961E-3,6.108652451E-4,6.108652451E-4
1.536786939E1,-4.276056774E-3,3.054326167E-3,-6.108652451E-4
1.536993993E1,-3.665191587E-3,3.665191587E-3,-1.221730490E-3
1.537197470E1,-3.054326167E-3,7.330383174E-3,-4.276056774E-3
1.537404489E1,-3.665191587E-3,8.552113548E-3,-2.443460980E-3
1.537608055E1,-3.665191587E-3,8.552113548E-3,-6.108652335E-3
1.537815016E1,-3.665191587E-3,9.162978269E-3,-6.108652451E-4
1.538018582E1,-4.886921961E-3,1.160643995E-2,-2.443460980E-3
1.538226112E1,-6.108652335E-3,1.221730467E-2,-4.276056774E-3
1.538438936E1,-1.832595794E-3,1.404990070E-2,-4.276056774E-3
1.538626097E1,-3.665191587E-3,1.343903504E-2,-3.054326167E-3
1.538826101E1,-6.108652335E-3,1.710422710E-2,-6.108652335E-3
1.539033047E1,-3.665191587E-3,1.710422710E-2,-1.221730490E-3
1.539236651E1,-4.886921961E-3,1.771509275E-2,-2.443460980E-3
1.539443601E1,-1.221730490E-3,1.832595654E-2,-6.108652335E-3
1.539647143E1,-1.221730490E-3,1.832595654E-2,-4.886921961E-3
1.539854112E1,-1.221730490E-3,2.138028294E-2,-6.719517522E-3
1.540057693E1,-2.443460980E-3,2.138028294E-2,-7.330383174E-3
1.540260939E1,6.108652451E-4,2.076941915E-2,-7.330383174E-3
1.540477651E1,-6.108652451E-4,2.015855350E-2,-8.552113548E-3
1.540668243E1,-3.665191587E-3,2.138028294E-2,-8.552113548E-3
1.540868259E1,-2.443460980E-3,2.199114859E-2,-7.941247895E-3
1.541075236E1,-1.221730490E-3,1.954768784E-2,-7.330383174E-3
1.541278697E1,-1.221730490E-3,2.015855350E-2,-1.038470957E-2
1.541485639E1,-1.221730490E-3,1.893682219E-2,-9.162978269E-3
1.541689139E1,6.108652451E-4,1.954768784E-2,-1.099557430E-2
1.541896082E1,1.221730490E-3,1.771509275E-2,-1.160643995E-2
1.542099574E1,-1.221730490E-3,1.710422710E-2,-7.330383174E-3
1.542307239E1,0.000000000E0,1.771509275E-2,-7.941247895E-3
1.542507601E1,-6.108652451E-4,1.649336144E-2,-1.099557430E-2
1.542702986E1,-6.108652451E-4,1.588249579E-2,-6.719517522E-3
1.542903016E1,-1.832595794E-3,1.527163107E-2,-6.719517522E-3
1.543109966E1,-1.221730490E-3,1.527163107E-2,-6.108652335E-3
1.543313482E1,-1.221730490E-3,1.160643995E-2,-7.941247895E-3
1.543520493E1,6.108652451E-4,1.343903504E-2,-6.719517522E-3
1.543724070E1,-1.832595794E-3,1.099557430E-2,-7.941247895E-3
1.543931008E1,-3.665191587E-3,1.099557430E-2,-4.886921961E-3
1.544134536E1,-3.665191587E-3,1.160643995E-2,-6.108652335E-3
1.544337666E1,-2.443460980E-3,9.773843922E-3,-4.886921961E-3
1.544545616E1,-1.832595794E-3,1.038470957E-2,-3.665191587E-3
1.544741032E1,-3.054326167E-3,1.038470957E-2,-3.665191587E-3
1.544941105E1,-4.276056774E-3,1.038470957E-2,-2.443460980E-3
1.545148112E1,-3.665191587E-3,7.941247895E-3,0.000000000E0
1.545351589E1,-3.665191587E-3,7.330383174E-3,-3.054326167E-3
1.545554189E1,-3.665191587E-3,7.330383174E-3,-3.054326167E-3
1.545754170E1,-3.665191587E-3,7.330383174E-3,-1.221730490E-3
1.545961151E1,-4.276056774E-3,8.552113548E-3,2.443460980E-3
1.546164747E1,-1.832595794E-3,7.941247895E-3,-1.221730490E-3
1.546372270E1,-3.054326167E-3,7.941247895E-3,1.832595794E-3
1.546591739E1,-1.221730490E-3,7.941247895E-3,-3.054326167E-3
1.546768439E1,0.000000000E0,9.773843922E-3,-1.832595794E-3
1.546968358E1,-1.221730490E-3,7.330383174E-3,-1.832595794E-3
1.547175339E1,-2.443460980E-3,7.330383174E-3,-1.832595794E-3
1.547378816E1,-1.221730490E-3,7.941247895E-3,-2.443460980E-3
1.547585712E1,1.832595794E-3,9.162978269E-3,-2.443460980E-3
1.547789262E1,0.000000000E0,1.099557430E-2,-3.054326167E-3
1.547996136E1,3.665191587E-3,1.038470957E-2,-3.665191587E-3
1.548199651E1,4.276056774E-3,9.773843922E-3,-4.276056774E-3
1.548402797E1,4.276056774E-3,1.343903504E-2,-5.497787148E-3
1.548619585E1,5.497787148E-3,1.404990070E-2,-6.108652335E-3
1.548810185E1,3.054326167E-3,1.527163107E-2,-6.108652335E-3
1.549010228E1,7.330383174E-3,1.588249579E-2,-8.552113548E-3
1.549217147E1,4.886921961E-3,1.893682219E-2,-7.330383174E-3
1.549420574E1,6.719517522E-3,2.321287990E-2,-8.552113548E-3
1.549627516E1,3.665191587E-3,2.443460934E-2,-1.038470957E-2
1.549831035E1,4.886921961E-3,2.565634064E-2,-1.160643995E-2
1.550037924E1,5.497787148E-3,2.687807009E-2,-1.099557430E-2
1.550241409E1,4.276056774E-3,2.993239649E-2,-1.160643995E-2
1.550448912E1,5.497787148E-3,2.932153270E-2,-9.773843922E-3
1.550649324E1,3.054326167E-3,3.176499158E-2,-1.038470957E-2
1.550844701E1,4.276056774E-3,3.481931984E-2,-1.343903504E-2
1.551044685E1,4.886921961E-3,3.237585723E-2,-1.404990070E-2
1.551251589E1,3.054326167E-3,3.665191308E-2,-1.221730467E-2
1.551455101E1,6.108652451E-4,3.726277873E-2,-1.282817032E-2
1.551661935E1,1.221730490E-3,3.787364438E-2,-1.343903504E-2
1.551865478E1,0.000000000E0,3.970624134E-2,-1.404990070E-2
1.552072343E1,6.108652451E-4,3.848451003E-2,-1.649336144E-2
1.552275789E1,0.000000000E0,3.970624134E-2,-1.649336144E-2
1.552479032E1,-3.054326167E-3,3.726277873E-2,-1.160643995E-2
1.552686982E1,-3.054326167E-3,3.787364438E-2,-1.588249579E-2
1.552882339E1,-1.221730490E-3,3.787364438E-2,-1.343903504E-2
1.553082282E1,-3.054326167E-3,3.726277873E-2,-1.404990070E-2
1.553289205E1,-4.886921961E-3,3.481931984E-2,-1.588249579E-2
1.553492693E1,-5.497787148E-3,3.543018550E-2,-1.527163107E-2
1.553699643E1,-3.665191587E-3,3.420845419E-2,-1.466076635E-2
1.553903135E1,-6.108652335E-3,3.176499158E-2,-1.588249579E-2
1.554110043E1,-3.665191587E-3,3.298672289E-2,-1.282817032E-2
1.554313570E1,-5.497787148E-3,2.809980139E-2,-1.343903504E-2
1.554521151E1,-4.276056774E-3,2.687807009E-2,-1.710422710E-2
1.554733970E1,-3.665191587E-3,2.687807009E-2,-1.099557430E-2
1.554921109E1,-4.276056774E-3,2.504547499E-2,-1.282817032E-2
1.555121135E1,-4.886921961E-3,2.199114859E-2,-1.404990070E-2
1.555328182E1,-4.886921961E-3,2.015855350E-2,-9.773843922E-3
1.555533289E1,-3.054326167E-3,2.015855350E-2,-1.038470957E-2
1.555738778E1,-3.665191587E-3,1.710422710E-2,-1.527163107E-2
1.555942324E1,-6.108652335E-3,1.343903504E-2,-8.552113548E-3
1.556149270E1,-2.443460980E-3,1.466076635E-2,-9.162978269E-3
1.556352782E1,-4.886921961E-3,1.466076635E-2,-1.527163107E-2
1.556555955E1,-4.886921961E-3,1.282817032E-2,-1.160643995E-2
1.556772724E1,-4.886921961E-3,1.099557430E-2,-9.773843922E-3
1.556963378E1,-4.276056774E-3,9.773843922E-3,-1.343903504E-2
1.557163393E1,-4.276056774E-3,1.038470957E-2,-8.552113548E-3
1.557370409E1,-3.665191587E-3,1.099557430E-2,-1.221730467E-2
1.557573966E1,-1.832595794E-3,9.162978269E-3,-1.160643995E-2
1.557780958E1,-5.497787148E-3,7.941247895E-3,-7.330383174E-3
1.557984559E1,-6.719517522E-3,6.719517522E-3,-7.941247895E-3
1.558191489E1,-6.719517522E-3,7.330383174E-3,-1.160643995E-2
1.558394974E1,-6.719517522E-3,8.552113548E-3,-6.719517522E-3
1.558602655E1,-7.941247895E-3,7.941247895E-3,-7.330383174E-3
1.558803062E1,-7.941247895E-3,7.941247895E-3,-6.108652335E-3
1.558998439E1,-9.162978269E-3,9.773843922E-3,-4.276056774E-3
1.559198485E1,-7.330383174E-3,9.773843922E-3,-6.108652335E-3
1.559405432E1,-8.552113548E-3,9.773843922E-3,-1.038470957E-2
1.559608912E1,-7.941247895E-3,1.038470957E-2,-3.054326167E-3
1.559815916E1,-9.162978269E-3,9.773843922E-3,-9.162978269E-3
1.560019478E1,-1.099557430E-2,1.282817032E-2,-8.552113548E-3
1.560226474E1,-8.552113548E-3,1.282817032E-2,-3.665191587E-3
1.560430005E1,-9.162978269E-3,1.527163107E-2,-9.162978269E-3
1.560633201E1,-9.162978269E-3,1.466076635E-2,-9.162978269E-3
1.560841170E1,-9.162978269E-3,1.588249579E-2,-6.108652335E-3
1.561036532E1,-9.773843922E-3,1.649336144E-2,-1.038470957E-2
1.561236528E1,-6.108652335E-3,1.710422710E-2,-1.099557430E-2
1.561443555E1,-9.773843922E-3,1.893682219E-2,-7.330383174E-3
1.561647024E1,-7.941247895E-3,2.321287990E-2,-1.160643995E-2
1.561853985E1,-9.162978269E-3,2.382374369E-2,-1.160643995E-2
1.562057420E1,-7.941247895E-3,2.382374369E-2,-8.552113548E-3
1.562264355E1,-8.552113548E-3,2.565634064E-2,-7.941247895E-3
1.562467755E1,-7.941247895E-3,2.809980139E-2,-1.466076635E-2
1.562675262E1,-6.108652335E-3,2.687807009E-2,-8.552113548E-3
1.562888028E1,-6.719517522E-3,2.687807009E-2,-1.160643995E-2
1.563075182E1,-1.832595794E-3,2.871066704E-2,-1.282817032E-2
1.563275178E1,-4.276056774E-3,2.871066704E-2,-9.773843922E-3
1.563482139E1,-2.443460980E-3,3.176499158E-2,-1.282817032E-2
1.563685651E1,-3.665191587E-3,2.993239649E-2,-1.343903504E-2
1.563892597E1,-3.054326167E-3,3.176499158E-2,-9.162978269E-3
1.564096139E1,-1.832595794E-3,3.481931984E-2,-1.466076635E-2
1.564303085E1,-4.886921961E-3,3.543018550E-2,-1.038470957E-2
1.564506666E1,-1.221730490E-3,3.665191308E-2,-1.221730467E-2
1.564709885E1,-3.665191587E-3,3.665191308E-2,-1.343903504E-2
1.564926670E1,-6.108652335E-3,3.726277873E-2,-1.099557430E-2
1.565117324E1,-3.665191587E-3,3.909537569E-2,-1.282817032E-2
1.565317293E1,-4.276056774E-3,3.970624134E-2,-1.282817032E-2
1.565524243E1,-7.330383174E-3,3.848451003E-2,-1.160643995E-2
1.565727755E1,-7.330383174E-3,3.848451003E-2,-1.160643995E-2
1.565934678E1,-7.330383174E-3,3.848451003E-2,-1.160643995E-2
1.566138151E1,-8.552113548E-3,3.848451003E-2,-1.160643995E-2
1.566345082E1,-8.552113548E-3,3.787364438E-2,-1.282817032E-2
1.566548655E1,-9.162978269E-3,3.481931984E-2,-1.343903504E-2
1.566756147E1,-9.162978269E-3,3.359758854E-2,-1.282817032E-2
1.566956593E1,-7.330383174E-3,3.481931984E-2,-1.160643995E-2
1.567151851E1,-6.719517522E-3,3.237585723E-2,-1.527163107E-2
1.567351916E1,-1.038470957E-2,3.359758854E-2,-1.527163107E-2
1.567558897E1,-7.330383174E-3,3.176499158E-2,-1.404990070E-2
1.567762416E1,-6.719517522E-3,3.115412779E-2,-1.343903504E-2
1.567969370E1,-7.330383174E-3,3.359758854E-2,-1.588249579E-2
1.568172951E1,-9.162978269E-3,3.176499158E-2,-1.343903504E-2
1.568379962E1,-5.497787148E-3,3.604105115E-2,-1.832595654E-2
1.568583420E1,-6.108652335E-3,3.420845419E-2,-1.588249579E-2
1.568786801E1,-5.497787148E-3,3.604105115E-2,-1.466076635E-2
1.568994824E1,-5.497787148E-3,3.726277873E-2,-1.466076635E-2
1.569190170E1,-6.108652335E-3,3.787364438E-2,-1.221730467E-2
1.569390208E1,-3.054326167E-3,4.031710699E-2,-1.649336144E-2
1.569597247E1,-6.108652335E-3,4.092797264E-2,-1.282817032E-2
1.569800789E1,-3.054326167E-3,4.337143153E-2,-9.162978269E-3
1.570003397E1,-3.054326167E-3,4.642575979E-2,-1.282817032E-2
1.570203416E1,-1.832595794E-3,4.703662544E-2,-1.160643995E-2
1.570410366E1,-2.443460980E-3,4.886921868E-2,-9.162978269E-3
1.570613878E1,1.221730490E-3,4.948008433E-2,-1.099557430E-2
1.570821482E1,-2.443460980E-3,5.192354694E-2,-9.162978269E-3
1.571040924E1,1.832595794E-3,5.375614017E-2,-7.330383174E-3
1.571217620E1,3.665191587E-3,5.742133409E-2,-6.719517522E-3
1.571417597E1,6.108652451E-4,5.742133409E-2,-5.497787148E-3
1.571624585E1,0.000000000E0,5.925392732E-2,-6.719517522E-3
1.571828132E1,1.832595794E-3,6.291911751E-2,-6.108652335E-3
1.572035182E1,2.443460980E-3,6.108652428E-2,-3.054326167E-3
1.572238682E1,3.665191587E-3,6.230825558E-2,-4.886921961E-3
1.572445639E1,1.832595794E-3,6.597344577E-2,-4.886921961E-3
1.572649158E1,3.665191587E-3,6.658431143E-2,-2.443460980E-3
1.572852512E1,6.108652335E-3,6.780604273E-2,-5.497787148E-3
1.573069270E1,4.276056774E-3,6.902777404E-2,-3.665191587E-3
1.573259847E1,3.665191587E-3,6.902777404E-2,-3.665191587E-3
1.573459839E1,6.719517522E-3,7.147123665E-2,-5.497787148E-3
1.573666843E1,3.054326167E-3,7.086037099E-2,-2.443460980E-3
1.573870343E1,4.886921961E-3,7.269296050E-2,-3.665191587E-3
1.574077293E1,5.497787148E-3,7.147123665E-2,-4.886921961E-3
1.574280824E1,6.108652335E-3,7.086037099E-2,-5.497787148E-3
1.574487766E1,4.886921961E-3,6.963863969E-2,-7.330383174E-3
1.574691308E1,7.941247895E-3,6.841690838E-2,-7.330383174E-3
1.574898974E1,6.719517522E-3,6.841690838E-2,-1.160643995E-2
1.575099305E1,5.497787148E-3,6.536258012E-2,-7.330383174E-3
1.575294628E1,7.941247895E-3,6.352998316E-2,-7.941247895E-3
1.575494655E1,9.773843922E-3,6.230825558E-2,-1.221730467E-2
1.575701628E1,4.886921961E-3,6.230825558E-2,-7.941247895E-3
1.575905143E1,6.108652335E-3,5.864306539E-2,-1.160643995E-2
1.576112108E1,7.330383174E-3,5.497787148E-2,-1.282817032E-2
1.576315589E1,7.941247895E-3,5.375614017E-2,-1.588249579E-2
1.576522578E1,7.941247895E-3,5.192354694E-2,-1.160643995E-2
1.576726128E1,7.330383174E-3,5.009094998E-2,-1.282817032E-2
1.576929312E1,6.719517522E-3,4.825835302E-2,-1.282817032E-2
1.577137355E1,7.330383174E-3,4.764748737E-2,-1.282817032E-2
1.577332708E1,6.719517522E-3,4.581489414E-2,-1.710422710E-2
1.577532620E1,6.108652335E-3,4.337143153E-2,-1.099557430E-2
1.577739543E1,7.941247895E-3,4.276056588E-2,-1.527163107E-2
1.577943012E1,4.886921961E-3,4.153883830E-2,-1.649336144E-2
1.578149962E1,6.108652335E-3,4.092797264E-2,-1.466076635E-2
1.578353401E1,6.108652335E-3,4.214970022E-2,-1.343903504E-2
1.578560366E1,7.941247895E-3,3.970624134E-2,-1.588249579E-2
1.578763889E1,5.497787148E-3,3.787364438E-2,-1.221730467E-2
1.578971443E1,6.108652335E-3,3.665191308E-2,-1.588249579E-2
1.579184166E1,4.886921961E-3,3.665191308E-2,-1.343903504E-2
1.579371251E1,3.665191587E-3,3.481931984E-2,-1.160643995E-2
1.579571201E1,5.497787148E-3,3.359758854E-2,-1.466076635E-2
1.579778135E1,3.665191587E-3,3.115412779E-2,-1.160643995E-2
1.579981616E1,4.276056774E-3,2.932153270E-2,-1.038470957E-2
1.580188628E1,4.886921961E-3,2.993239649E-2,-9.773843922E-3
1.580392124E1,3.665191587E-3,2.748893574E-2,-1.038470957E-2
1.580599124E1,1.832595794E-3,2.321287990E-2,-9.162978269E-3
1.580802658E1,4.886921961E-3,2.260201424E-2,-1.282817032E-2
1.581005870E1,1.832595794E-3,1.832595654E-2,-1.099557430E-2
1.581222689E1,3.665191587E-3,1.710422710E-2,-9.773843922E-3
1.581413362E1,1.221730490E-3,1.282817032E-2,-9.773843922E-3
1.581613285E1,3.054326167E-3,1.466076635E-2,-1.343903504E-2
1.581820282E1,2.443460980E-3,1.221730467E-2,-8.552113548E-3
1.582023766E1,4.276056774E-3,7.941247895E-3,-9.773843922E-3
1.582230658E1,2.443460980E-3,6.719517522E-3,-9.162978269E-3
1.582434135E1,4.886921961E-3,5.497787148E-3,-8.552113548E-3
1.582641112E1,4.276056774E-3,2.443460980E-3,-9.773843922E-3
1.582844555E1,3.054326167E-3,-1.832595794E-3,-9.162978269E-3
1.583052112E1,2.443460980E-3,-3.054326167E-3,-7.330383174E-3
1.583252616E1,4.886921961E-3,-3.665191587E-3,-1.221730467E-2
1.583447862E1,1.221730490E-3,-4.276056774E-3,-1.099557430E-2
1.583647920E1,4.276056774E-3,-6.719517522E-3,-6.719517522E-3
1.583854851E1,4.276056774E-3,-6.719517522E-3,-1.282817032E-2
1.584058420E1,2.443460980E-3,-8.552113548E-3,-9.773843922E-3
1.584265412E1,3.665191587E-3,-7.330383174E-3,-9.162978269E-3
1.584468989E1,3.665191587E-3,-7.330383174E-3,-1.282817032E-2
1.584675997E1,3.054326167E-3,-8.552113548E-3,-9.773843922E-3
1.584879539E1,4.886921961E-3,-7.330383174E-3,-7.941247895E-3
1.585082762E1,3.665191587E-3,-4.886921961E-3,-1.160643995E-2
1.585290839E1,4.886921961E-3,-4.276056774E-3,-1.282817032E-2
1.585486101E1,4.276056774E-3,-4.886921961E-3,-1.038470957E-2
1.585686182E1,2.443460980E-3,-3.665191587E-3,-8.552113548E-3
1.585893143E1,3.054326167E-3,-1.832595794E-3,-9.162978269E-3
1.586096682E1,5.497787148E-3,1.832595794E-3,-9.773843922E-3
1.586303666E1,1.832595794E-3,4.276056774E-3,-9.773843922E-3
1.586507193E1,1.832595794E-3,6.719517522E-3,-1.160643995E-2
1.586714189E1,1.221730490E-3,8.552113548E-3,-8.552113548E-3
1.586917747E1,1.221730490E-3,1.099557430E-2,-7.941247895E-3
1.587125370E1,3.665191587E-3,1.588249579E-2,-9.773843922E-3
1.587338166E1,-1.832595794E-3,1.527163107E-2,-6.108652335E-3
1.587525312E1,0.000000000E0,1.893682219E-2,-1.099557430E-2
1.587725362E1,6.108652451E-4,2.076941915E-2,-7.941247895E-3
1.587932343E1,6.108652451E-4,2.321287990E-2,-6.719517522E-3
1.588135889E1,-1.221730490E-3,2.504547499E-2,-7.330383174E-3
1.588342889E1,-1.221730490E-3,2.809980139E-2,-6.108652335E-3
1.588546401E1,-1.221730490E-3,3.176499158E-2,-7.330383174E-3
1.588753397E1,-1.221730490E-3,3.420845419E-2,-1.038470957E-2
1.588956947E1,-1.832595794E-3,3.481931984E-2,-1.099557430E-2
1.589160174E1,-6.108652451E-4,3.909537569E-2,-1.038470957E-2
1.589377012E1,-1.832595794E-3,3.726277873E-2,-1.038470957E-2
1.589567635E1,-6.108652451E-4,4.153883830E-2,-7.330383174E-3
1.589767743E1,-6.108652451E-4,4.337143153E-2,-7.941247895E-3
1.589974681E1,-3.054326167E-3,4.337143153E-2,-7.330383174E-3
1.590178220E1,-3.665191587E-3,4.581489414E-2,-1.038470957E-2
1.590385181E1,-1.832595794E-3,4.520402849E-2,-7.941247895E-3
1.590588651E1,-1.221730490E-3,4.642575979E-2,-1.038470957E-2
1.590795578E1,-3.665191587E-3,4.825835302E-2,-6.108652335E-3
1.590999101E1,-6.108652335E-3,5.131268129E-2,-7.941247895E-3
1.591206674E1,-4.276056774E-3,5.070181563E-2,-7.941247895E-3
1.591407047E1,-2.443460980E-3,5.314527452E-2,-7.941247895E-3
1.591602443E1,-4.276056774E-3,5.375614017E-2,-4.886921961E-3
1.591802435E1,-7.330383174E-3,5.375614017E-2,-1.221730490E-3
1.592009412E1,-3.054326167E-3,5.497787148E-2,-7.330383174E-3
1.592212920E1,-4.886921961E-3,5.619960278E-2,-6.108652335E-3
1.592419951E1,-4.886921961E-3,5.742133409E-2,-6.108652335E-3
1.592623428E1,-6.108652335E-3,5.742133409E-2,-5.497787148E-3
1.592830378E1,-6.108652335E-3,5.864306539E-2,-9.162978269E-3
1.593033843E1,-4.886921961E-3,5.864306539E-2,-6.108652335E-3
1.593237097E1,-4.886921961E-3,5.803219974E-2,-6.108652335E-3
1.593445139E1,-5.497787148E-3,5.986479297E-2,-6.719517522E-3
1.593640489E1,-6.719517522E-3,6.108652428E-2,-4.886921961E-3
1.593840631E1,-6.108652335E-3,5.864306539E-2,-7.330383174E-3
1.594047562E1,-7.941247895E-3,6.108652428E-2,-7.330383174E-3
1.594251108E1,-4.886921961E-3,6.047565863E-2,-8.552113548E-3
1.594453662E1,-7.330383174E-3,6.414084882E-2,-7.330383174E-3
1.594653662E1,-7.330383174E-3,6.597344577E-2,-9.773843922E-3
1.594860639E1,-7.330383174E-3,6.536258012E-2,-7.330383174E-3
1.595064120E1,-8.552113548E-3,6.719517708E-2,-7.941247895E-3
1.595271670E1,-8.552113548E-3,6.841690838E-2,-8.552113548E-3
1.595491124E1,-4.886921961E-3,6.963863969E-2,-9.162978269E-3
1.595667758E1,-6.719517522E-3,7.147123665E-2,-1.038470957E-2
1.595867805E1,-7.330383174E-3,7.513642311E-2,-7.330383174E-3
1.596074751E1,-6.719517522E-3,7.513642311E-2,-7.941247895E-3
1.596279831E1,-7.941247895E-3,7.696902007E-2,-7.941247895E-3
1.596485312E1,-7.941247895E-3,7.757988572E-2,-1.038470957E-2
1.596688820E1,-7.330383174E-3,7.819075137E-2,-1.099557430E-2
1.596895816E1,-9.162978269E-3,8.063421398E-2,-1.038470957E-2
1.597099320E1,-8.552113548E-3,8.429940045E-2,-1.221730467E-2
1.597302574E1,-8.552113548E-3,8.613199741E-2,-6.719517522E-3
1.597519424E1,-1.282817032E-2,8.857546002E-2,-4.276056774E-3
1.597709966E1,-1.404990070E-2,8.796459436E-2,-8.552113548E-3
1.597910016E1,-1.221730467E-2,8.979719132E-2,-7.330383174E-3
1.598116993E1,-1.099557430E-2,9.285151958E-2,-9.773843922E-3
1.598320612E1,-1.221730467E-2,9.407325089E-2,-9.162978269E-3
1.598527543E1,-1.404990070E-2,9.712757170E-2,-6.719517522E-3
1.598731093E1,-1.404990070E-2,9.712757170E-2,-9.773843922E-3
1.598938174E1,-1.282817032E-2,9.957103431E-2,-1.221730467E-2
1.599141612E1,-1.343903504E-2,1.050688252E-1,-1.099557430E-2
1.599349104E1,-1.160643995E-2,1.062905490E-1,-1.343903504E-2
1.599549570E1,-1.343903504E-2,1.087340117E-1,-1.099557430E-2
1.599744916E1,-1.099557430E-2,1.105666086E-1,-1.404990070E-2
1.599944920E1,-1.221730467E-2,1.142318025E-1,-1.527163107E-2
1.600151831E1,-1.343903504E-2,1.154535338E-1,-1.649336144E-2
1.600355347E1,-1.466076635E-2,1.197295859E-1,-1.404990070E-2
1.600562316E1,-1.099557430E-2,1.215621829E-1,-1.710422710E-2
1.600765808E1,-1.099557430E-2,1.227839142E-1,-1.527163107E-2
1.600972828E1,-1.160643995E-2,1.282816976E-1,-1.832595654E-2
1.601176354E1,-1.099557430E-2,1.288925707E-1,-1.710422710E-2
1.601379639E1,-1.038470957E-2,1.331686229E-1,-1.710422710E-2
1.601584401E1,-1.282817032E-2,1.362229437E-1,-1.466076635E-2
1.601779839E1,-1.099557430E-2,1.380555481E-1,-1.771509275E-2
1.601979885E1,-1.221730467E-2,1.392772794E-1,-1.710422710E-2
1.602186901E1,-1.221730467E-2,1.423316002E-1,-1.343903504E-2
1.602390358E1,-1.099557430E-2,1.435533315E-1,-1.649336144E-2
1.602597404E1,-1.221730467E-2,1.459967941E-1,-1.771509275E-2
1.602800928E1,-1.160643995E-2,1.472185254E-1,-1.466076635E-2
1.603007962E1,-1.343903504E-2,1.478293836E-1,-1.710422710E-2
1.603211547E1,-1.099557430E-2,1.484402567E-1,-1.710422710E-2
1.603419166E1,-1.282817032E-2,1.484402567E-1,-1.282817032E-2
1.603631897E1,-1.099557430E-2,1.484402567E-1,-1.649336144E-2
1.603819058E1,-1.221730467E-2,1.527163088E-1,-1.527163107E-2
1.604019147E1,-1.404990070E-2,1.502728462E-1,-1.160643995E-2
1.604226155E1,-1.038470957E-2,1.478293836E-1,-1.282817032E-2
1.604429766E1,-1.160643995E-2,1.484402567E-1,-1.282817032E-2
1.604636781E1,-1.099557430E-2,1.447750628E-1,-9.162978269E-3
1.604840397E1,-1.343903504E-2,1.453859210E-1,-1.221730467E-2
1.605047378E1,-1.038470957E-2,1.435533315E-1,-9.162978269E-3
1.605250920E1,-1.282817032E-2,1.417207420E-1,-9.773843922E-3
1.605454270E1,-1.160643995E-2,1.380555481E-1,-9.162978269E-3
1.605671124E1,-1.221730467E-2,1.368338168E-1,-6.719517522E-3
1.605861754E1,-1.038470957E-2,1.319468915E-1,-9.773843922E-3
1.606061878E1,-1.160643995E-2,1.282816976E-1,-5.497787148E-3
1.606268843E1,-1.038470957E-2,1.258382350E-1,-4.276056774E-3
1.606472393E1,-1.038470957E-2,1.203404516E-1,-6.108652335E-3
1.606679378E1,-8.552113548E-3,1.178969890E-1,-7.941247895E-3
1.606882916E1,-9.773843922E-3,1.154535338E-1,-4.886921961E-3
1.607089928E1,-9.773843922E-3,1.093448773E-1,0.000000000E0
1.607293408E1,-9.162978269E-3,1.044579595E-1,-1.832595794E-3
1.607501093E1,-9.773843922E-3,9.957103431E-2,1.221730490E-3
1.607701466E1,-7.941247895E-3,9.773843735E-2,2.443460980E-3
1.607896808E1,-7.330383174E-3,9.346238524E-2,-2.443460980E-3
1.608096816E1,-6.108652335E-3,9.101892263E-2,0.000000000E0
1.608303785E1,-6.108652335E-3,8.674286306E-2,1.221730490E-3
1.608507331E1,-4.276056774E-3,8.124507964E-2,0.000000000E0
1.608714274E1,-4.276056774E-3,7.696902007E-2,3.665191587E-3
1.608917781E1,-4.276056774E-3,7.513642311E-2,3.665191587E-3
1.609124712E1,-3.054326167E-3,7.024950534E-2,3.665191587E-3
1.609328193E1,-4.276056774E-3,6.780604273E-2,1.221730490E-3
1.609531408E1,-4.276056774E-3,6.291911751E-2,1.832595794E-3
1.609739347E1,-3.665191587E-3,6.047565863E-2,1.832595794E-3
1.609934720E1,-1.832595794E-3,5.742133409E-2,6.108652451E-4
1.610134670E1,-1.832595794E-3,5.558873713E-2,0.000000000E0
1.610341593E1,-6.108652451E-4,5.375614017E-2,6.108652451E-4
1.610545101E1,-1.221730490E-3,4.886921868E-2,0.000000000E0
1.610751981E1,0.000000000E0,4.703662544E-2,1.221730490E-3
1.610955481E1,-1.221730490E-3,4.703662544E-2,-4.276056774E-3
1.611162454E1,-1.221730490E-3,4.337143153E-2,-1.221730490E-3
1.611365989E1,0.000000000E0,4.276056588E-2,-3.665191587E-3
1.611573524E1,1.221730490E-3,4.092797264E-2,-6.719517522E-3
1.611786228E1,6.108652451E-4,4.092797264E-2,-3.054326167E-3
1.611973374E1,-1.832595794E-3,3.970624134E-2,-6.108652335E-3
1.612173385E1,1.832595794E-3,3.909537569E-2,-7.330383174E-3
1.612380335E1,0.000000000E0,3.848451003E-2,-6.719517522E-3
1.612583954E1,1.832595794E-3,3.665191308E-2,-7.330383174E-3
1.612790931E1,1.832595794E-3,3.787364438E-2,-1.099557430E-2
1.612994520E1,0.000000000E0,3.543018550E-2,-5.497787148E-3
1.613201504E1,1.221730490E-3,3.237585723E-2,-9.162978269E-3
1.613405001E1,1.221730490E-3,3.420845419E-2,-9.162978269E-3
1.613608224E1,1.221730490E-3,3.359758854E-2,-7.941247895E-3
1.613825085E1,1.221730490E-3,3.420845419E-2,-9.162978269E-3
1.614015708E1,-6.108652451E-4,3.359758854E-2,-8.552113548E-3
1.614215666E1,1.832595794E-3,3.237585723E-2,-4.276056774E-3
1.614422593E1,-6.108652451E-4,3.237585723E-2,-6.108652335E-3
1.614626070E1,-2.443460980E-3,3.298672289E-2,-3.054326167E-3
1.614832974E1,-3.054326167E-3,3.359758854E-2,-3.054326167E-3
1.615036435E1,-5.497787148E-3,3.298672289E-2,-1.221730490E-3
1.615243331E1,-5.497787148E-3,3.176499158E-2,-3.054326167E-3
1.615446878E1,-4.886921961E-3,3.176499158E-2,-3.054326167E-3
1.615654435E1,-6.108652335E-3,3.176499158E-2,-1.221730490E-3
1.615854954E1,-5.497787148E-3,3.298672289E-2,-3.054326167E-3
1.616050420E1,-6.719517522E-3,3.481931984E-2,0.000000000E0
1.616250378E1,-5.497787148E-3,3.665191308E-2,-5.497787148E-3
1.616457362E1,-7.941247895E-3,3.848451003E-2,-4.276056774E-3
1.616660851E1,-1.038470957E-2,3.970624134E-2,-1.221730490E-3
1.616867893E1,-7.941247895E-3,4.337143153E-2,-6.108652335E-3
1.617071504E1,-7.330383174E-3,4.459316283E-2,-3.665191587E-3
1.617278454E1,-6.719517522E-3,4.825835302E-2,-5.497787148E-3
1.617481928E1,-8.552113548E-3,5.253441259E-2,-6.719517522E-3
1.617685158E1,-7.330383174E-3,5.375614017E-2,-7.330383174E-3
1.617893170E1,-6.108652335E-3,5.681046844E-2,-7.330383174E-3
1.618088412E1,-4.276056774E-3,5.925392732E-2,-7.941247895E-3
1.618288431E1,-4.886921961E-3,6.169738993E-2,-7.330383174E-3
1.618495439E1,-6.719517522E-3,6.475171447E-2,-7.330383174E-3
1.618698962E1,-4.886921961E-3,6.963863969E-2,-8.552113548E-3
1.618901462E1,-4.886921961E-3,7.147123665E-2,-6.719517522E-3
1.619101516E1,-3.054326167E-3,7.391469181E-2,-8.552113548E-3
1.619308451E1,-2.443460980E-3,7.757988572E-2,-8.552113548E-3
1.619511935E1,-3.054326167E-3,8.185594529E-2,-4.886921961E-3
1.619719408E1,-1.832595794E-3,8.429940045E-2,-8.552113548E-3
1.619938774E1,-6.108652451E-4,8.735372871E-2,-7.330383174E-3
1.620115404E1,-6.108652451E-4,9.285151958E-2,-6.719517522E-3
1.620315428E1,-1.832595794E-3,9.162978828E-2,-3.665191587E-3
1.620522397E1,1.221730490E-3,9.529497474E-2,-7.330383174E-3
1.620725847E1,6.108652451E-4,9.712757170E-2,-4.886921961E-3
1.620932778E1,1.221730490E-3,9.651670605E-2,-4.276056774E-3
1.621136320E1,1.832595794E-3,1.020144969E-1,-4.276056774E-3
1.621343216E1,0.000000000E0,1.007927656E-1,0.000000000E0
1.621546697E1,6.108652451E-4,9.957103431E-2,-6.108652451E-4
1.621749916E1,1.832595794E-3,9.773843735E-2,-3.054326167E-3
1.621966647E1,1.221730490E-3,9.834930301E-2,0.000000000E0
1.622157243E1,0.000000000E0,9.712757170E-2,4.276056774E-3
1.622357243E1,6.108652451E-4,9.468411654E-2,-1.221730490E-3
1.622564220E1,4.276056774E-3,9.224065393E-2,1.221730490E-3
1.622767793E1,1.832595794E-3,9.101892263E-2,3.054326167E-3
1.622974758E1,2.443460980E-3,8.674286306E-2,2.443460980E-3
1.623178308E1,6.108652451E-4,8.552113175E-2,1.832595794E-3
1.623385297E1,3.054326167E-3,8.185594529E-2,1.221730490E-3
1.623588770E1,3.665191587E-3,7.941248268E-2,0.000000000E0
1.623796397E1,1.221730490E-3,7.574728876E-2,2.443460980E-3
1.623996716E1,3.054326167E-3,7.391469181E-2,1.221730490E-3
1.624192054E1,2.443460980E-3,7.147123665E-2,1.832595794E-3
1.624392008E1,2.443460980E-3,6.780604273E-2,6.108652451E-4
1.624598943E1,4.276056774E-3,6.597344577E-2,1.832595794E-3
1.624802474E1,1.832595794E-3,6.230825558E-2,2.443460980E-3
1.625009397E1,2.443460980E-3,6.169738993E-2,0.000000000E0
1.625212981E1,6.108652451E-4,5.986479297E-2,1.221730490E-3
1.625419778E1,3.054326167E-3,5.803219974E-2,-2.443460980E-3
1.625623181E1,3.054326167E-3,5.497787148E-2,-1.221730490E-3
1.625826581E1,3.665191587E-3,5.436700583E-2,-1.832595794E-3
1.626034593E1,2.443460980E-3,5.314527452E-2,-3.054326167E-3
1.626229870E1,3.054326167E-3,5.192354694E-2,-4.886921961E-3
1.626429866E1,3.054326167E-3,5.131268129E-2,-3.054326167E-3
1.626636881E1,4.276056774E-3,5.131268129E-2,-2.443460980E-3
1.626840370E1,5.497787148E-3,4.825835302E-2,-1.832595794E-3
1.627047289E1,4.886921961E-3,5.009094998E-2,-1.832595794E-3
1.627250770E1,6.719517522E-3,5.131268129E-2,-3.665191587E-3
1.627457704E1,4.886921961E-3,5.070181563E-2,-3.665191587E-3
1.627661274E1,3.054326167E-3,4.886921868E-2,-1.221730490E-3
1.627868843E1,4.276056774E-3,5.070181563E-2,-3.054326167E-3
1.628081597E1,3.665191587E-3,5.131268129E-2,-4.276056774E-3
1.628268674E1,4.276056774E-3,5.009094998E-2,-3.665191587E-3
1.628468689E1,4.276056774E-3,5.192354694E-2,-1.221730490E-3
1.628675624E1,1.832595794E-3,4.886921868E-2,-1.832595794E-3
1.628879104E1,1.221730490E-3,5.375614017E-2,-3.054326167E-3
1.629086077E1,1.221730490E-3,5.253441259E-2,-1.832595794E-3
1.629289585E1,2.443460980E-3,5.192354694E-2,-1.832595794E-3
1.629496527E1,1.221730490E-3,5.253441259E-2,-3.054326167E-3
1.629699962E1,-6.108652451E-4,5.009094998E-2,-1.221730490E-3
1.629903193E1,1.832595794E-3,5.253441259E-2,-4.886921961E-3
1.630120108E1,6.108652451E-4,4.703662544E-2,6.108652451E-4
1.630310720E1,1.221730490E-3,5.131268129E-2,-6.108652451E-4
1.630510758E1,1.221730490E-3,4.948008433E-2,-4.276056774E-3
1.630717766E1,-1.221730490E-3,4.825835302E-2,-1.832595794E-3
1.630921112E1,0.000000000E0,4.642575979E-2,-1.221730490E-3
1.631128120E1,2.443460980E-3,4.703662544E-2,-4.276056774E-3
1.631331562E1,3.665191587E-3,4.398229718E-2,1.221730490E-3
1.631538527E1,3.665191587E-3,4.276056588E-2,-3.665191587E-3
1.631742070E1,1.221730490E-3,4.153883830E-2,-1.832595794E-3
1.631949697E1,1.832595794E-3,3.665191308E-2,2.443460980E-3
1.632150047E1,1.832595794E-3,3.481931984E-2,-2.443460980E-3
1.632345427E1,3.665191587E-3,3.543018550E-2,-3.054326167E-3
1.632545481E1,6.108652451E-4,3.359758854E-2,6.108652451E-4
1.632752358E1,1.832595794E-3,3.176499158E-2,-2.443460980E-3
1.632955847E1,2.443460980E-3,2.993239649E-2,-3.665191587E-3
1.633162939E1,3.054326167E-3,2.809980139E-2,-6.108652451E-4
1.633366424E1,2.443460980E-3,2.748893574E-2,-3.665191587E-3
1.633573354E1,1.832595794E-3,2.565634064E-2,-3.665191587E-3
1.633776839E1,4.276056774E-3,2.443460934E-2,6.108652451E-4
1.633980077E1,2.443460980E-3,2.443460934E-2,-5.497787148E-3
1.634188077E1,2.443460980E-3,2.138028294E-2,-3.665191587E-3
1.634383408E1,3.665191587E-3,2.199114859E-2,-1.832595794E-3
1.634583439E1,6.108652451E-4,2.138028294E-2,-5.497787148E-3
1.634790427E1,1.221730490E-3,2.076941915E-2,-3.665191587E-3
1.634993997E1,6.108652451E-4,2.076941915E-2,6.108652451E-4
1.635201000E1,1.221730490E-3,2.138028294E-2,-5.497787148E-3
1.635404416E1,6.108652451E-4,2.321287990E-2,-2.443460980E-3
1.635611350E1,-6.108652451E-4,2.199114859E-2,-3.054326167E-3
1.635814820E1,-6.108652451E-4,2.076941915E-2,-3.665191587E-3
1.636022474E1,-1.221730490E-3,2.138028294E-2,-1.221730490E-3
1.636235181E1,-2.443460980E-3,2.076941915E-2,-1.221730490E-3
1.636422227E1,-2.443460980E-3,2.076941915E-2,0.000000000E0
1.636622243E1,-1.221730490E-3,2.260201424E-2,-1.832595794E-3
1.636829170E1,-3.054326167E-3,2.138028294E-2,-1.221730490E-3
1.637034189E1,-3.054326167E-3,2.138028294E-2,0.000000000E0
1.637239604E1,-1.832595794E-3,2.443460934E-2,0.000000000E0
1.637443139E1,-3.054326167E-3,2.382374369E-2,0.000000000E0
1.637650054E1,0.000000000E0,2.382374369E-2,-5.497787148E-3
1.637853520E1,-3.665191587E-3,2.504547499E-2,-2.443460980E-3
1.638056774E1,-3.054326167E-3,2.443460934E-2,0.000000000E0
1.638273547E1,-3.054326167E-3,2.626720630E-2,-1.832595794E-3
1.638464143E1,-5.497787148E-3,2.687807009E-2,-2.443460980E-3
1.638664070E1,-3.054326167E-3,2.626720630E-2,-1.221730490E-3
1.638870989E1,-1.832595794E-3,2.871066704E-2,-2.443460980E-3
1.639074404E1,-3.665191587E-3,2.993239649E-2,0.000000000E0
1.639281308E1,-4.276056774E-3,3.298672289E-2,-6.108652451E-4
1.639484747E1,-5.497787148E-3,3.176499158E-2,-3.054326167E-3
1.639691635E1,-6.108652335E-3,3.359758854E-2,0.000000000E0
1.639895127E1,-7.330383174E-3,3.481931984E-2,-3.054326167E-3
1.640102762E1,-6.108652335E-3,3.420845419E-2,-2.443460980E-3
1.640303108E1,-8.552113548E-3,3.298672289E-2,3.054326167E-3
1.640498331E1,-7.941247895E-3,3.665191308E-2,-3.054326167E-3
1.640698258E1,-5.497787148E-3,3.481931984E-2,-3.054326167E-3
1.640905170E1,-8.552113548E-3,3.726277873E-2,6.108652451E-4
1.641108647E1,-7.330383174E-3,3.481931984E-2,-3.665191587E-3
1.641315516E1,-6.108652335E-3,3.726277873E-2,0.000000000E0
1.641519008E1,-7.330383174E-3,3.604105115E-2,3.054326167E-3
1.641725912E1,-7.941247895E-3,3.726277873E-2,-1.221730490E-3
1.641929324E1,-5.497787148E-3,3.726277873E-2,-1.832595794E-3
1.642132493E1,-4.886921961E-3,3.665191308E-2,6.108652451E-4
1.642340497E1,-9.162978269E-3,3.665191308E-2,0.000000000E0
1.642535720E1,-7.941247895E-3,3.787364438E-2,0.000000000E0
1.642735704E1,-9.162978269E-3,3.604105115E-2,1.221730490E-3
1.642942600E1,-8.552113548E-3,3.604105115E-2,6.108652451E-4
1.643146050E1,-9.162978269E-3,3.420845419E-2,0.000000000E0
1.643348516E1,-9.162978269E-3,3.298672289E-2,2.443460980E-3
1.643548466E1,-9.773843922E-3,3.298672289E-2,0.000000000E0
1.643755327E1,-7.330383174E-3,3.237585723E-2,1.832595794E-3
1.643958797E1,-9.773843922E-3,3.115412779E-2,1.832595794E-3
1.644166297E1,-9.773843922E-3,2.748893574E-2,-6.108652451E-4
1.644385551E1,-9.773843922E-3,2.871066704E-2,1.832595794E-3
1.644562197E1,-1.160643995E-2,2.748893574E-2,2.443460980E-3
1.644762116E1,-1.099557430E-2,2.504547499E-2,0.000000000E0
1.644969039E1,-1.099557430E-2,2.565634064E-2,3.054326167E-3
1.645172466E1,-1.343903504E-2,2.626720630E-2,0.000000000E0
1.645379454E1,-1.282817032E-2,2.321287990E-2,0.000000000E0
1.645582904E1,-1.282817032E-2,2.382374369E-2,6.108652451E-4
1.645789816E1,-1.404990070E-2,2.138028294E-2,3.054326167E-3
1.645993297E1,-1.221730467E-2,2.015855350E-2,1.832595794E-3
1.646196524E1,-1.588249579E-2,2.138028294E-2,1.221730490E-3
1.646413239E1,-1.404990070E-2,1.893682219E-2,1.221730490E-3
1.646603800E1,-1.343903504E-2,1.771509275E-2,6.108652451E-4
1.646803797E1,-1.282817032E-2,1.649336144E-2,1.832595794E-3
1.647010662E1,-1.099557430E-2,1.893682219E-2,-6.108652451E-4
1.647214143E1,-1.343903504E-2,1.771509275E-2,0.000000000E0
1.647421089E1,-1.343903504E-2,1.771509275E-2,1.832595794E-3
1.647624543E1,-1.404990070E-2,1.710422710E-2,3.054326167E-3
1.647831454E1,-1.343903504E-2,1.527163107E-2,0.000000000E0
1.648034943E1,-1.466076635E-2,1.710422710E-2,-6.108652451E-4
1.648242489E1,-1.160643995E-2,1.588249579E-2,1.221730490E-3
1.648442974E1,-1.099557430E-2,1.710422710E-2,-6.108652451E-4
1.648638358E1,-9.162978269E-3,1.771509275E-2,1.221730490E-3
1.648838339E1,-7.941247895E-3,1.710422710E-2,4.276056774E-3
1.649045227E1,-1.038470957E-2,1.893682219E-2,1.221730490E-3
1.649248616E1,-8.552113548E-3,1.893682219E-2,6.108652451E-4
1.649455574E1,-7.330383174E-3,1.832595654E-2,5.497787148E-3
1.649659058E1,-7.941247895E-3,2.260201424E-2,6.108652451E-4
1.649865997E1,-8.552113548E-3,2.199114859E-2,1.832595794E-3
1.650069439E1,-9.773843922E-3,2.260201424E-2,5.497787148E-3
1.650272604E1,-8.552113548E-3,2.260201424E-2,2.443460980E-3
1.650480620E1,-7.941247895E-3,2.504547499E-2,3.665191587E-3
1.650675850E1,-7.330383174E-3,2.687807009E-2,1.832595794E-3
1.650875824E1,-9.773843922E-3,2.626720630E-2,6.108652451E-4
1.651082731E1,-9.773843922E-3,2.871066704E-2,2.443460980E-3
1.651286204E1,-9.162978269E-3,2.809980139E-2,1.221730490E-3
1.651493166E1,-9.162978269E-3,3.176499158E-2,1.221730490E-3
1.651696677E1,-1.038470957E-2,3.115412779E-2,3.665191587E-3
1.651903593E1,-7.330383174E-3,3.359758854E-2,2.443460980E-3
1.652107035E1,-8.552113548E-3,3.176499158E-2,1.832595794E-3
1.652314543E1,-1.099557430E-2,3.176499158E-2,4.886921961E-3
1.652527374E1,-1.038470957E-2,3.176499158E-2,1.221730490E-3
1.652714516E1,-1.038470957E-2,3.298672289E-2,2.443460980E-3
1.652914566E1,-1.160643995E-2,3.115412779E-2,6.108652451E-4
1.653121562E1,-1.221730467E-2,3.481931984E-2,2.443460980E-3
1.653325016E1,-1.282817032E-2,3.176499158E-2,1.832595794E-3
1.653531935E1,-9.162978269E-3,3.176499158E-2,1.832595794E-3
1.653735450E1,-1.404990070E-2,3.359758854E-2,1.832595794E-3
1.653942400E1,-1.038470957E-2,3.176499158E-2,6.108652451E-4
1.654145854E1,-1.099557430E-2,3.115412779E-2,1.832595794E-3
1.654349074E1,-1.282817032E-2,2.932153270E-2,4.886921961E-3
1.654565758E1,-1.160643995E-2,2.687807009E-2,1.221730490E-3
1.654756293E1,-9.773843922E-3,2.809980139E-2,1.832595794E-3
1.654956293E1,-9.773843922E-3,2.687807009E-2,4.886921961E-3
1.655163150E1,-9.773843922E-3,2.626720630E-2,6.108652451E-4
1.655366547E1,-1.038470957E-2,2.687807009E-2,6.108652451E-4
1.655573400E1,-9.162978269E-3,2.626720630E-2,4.276056774E-3
1.655776908E1,-7.941247895E-3,2.260201424E-2,3.665191587E-3
1.655983808E1,-8.552113548E-3,2.565634064E-2,4.886921961E-3
1.656187285E1,-9.162978269E-3,2.565634064E-2,3.054326167E-3
1.656394908E1,-7.941247895E-3,2.626720630E-2,6.108652451E-4
1.656595277E1,-9.162978269E-3,2.626720630E-2,3.054326167E-3
1.656790608E1,-9.773843922E-3,2.504547499E-2,6.719517522E-3
1.656990608E1,-8.552113548E-3,2.565634064E-2,3.054326167E-3
1.657197547E1,-6.108652335E-3,2.626720630E-2,5.497787148E-3
1.657401035E1,-9.162978269E-3,2.748893574E-2,4.276056774E-3
1.657607904E1,-9.773843922E-3,2.626720630E-2,4.886921961E-3
1.657811377E1,-8.552113548E-3,2.382374369E-2,4.276056774E-3
1.658018262E1,-1.038470957E-2,2.382374369E-2,4.276056774E-3
1.658221739E1,-9.162978269E-3,2.626720630E-2,4.886921961E-3
1.658424985E1,-1.038470957E-2,2.626720630E-2,9.162978269E-3
1.658632981E1,-9.162978269E-3,2.565634064E-2,7.330383174E-3
1.658828316E1,-1.099557430E-2,2.748893574E-2,7.330383174E-3
1.659028277E1,-1.038470957E-2,2.748893574E-2,7.330383174E-3
1.659235277E1,-1.099557430E-2,2.748893574E-2,5.497787148E-3
1.659438697E1,-1.160643995E-2,2.993239649E-2,6.108652335E-3
1.659645704E1,-1.099557430E-2,2.687807009E-2,8.552113548E-3
1.659849204E1,-1.466076635E-2,2.871066704E-2,8.552113548E-3
1.660056197E1,-8.552113548E-3,2.687807009E-2,5.497787148E-3
1.660259670E1,-1.160643995E-2,2.809980139E-2,7.330383174E-3
1.660467212E1,-9.773843922E-3,2.748893574E-2,7.941247895E-3
1.660680004E1,-7.941247895E-3,2.809980139E-2,4.886921961E-3
1.660867081E1,-8.552113548E-3,2.809980139E-2,7.941247895E-3
1.661067047E1,-7.330383174E-3,2.565634064E-2,5.497787148E-3
1.661273974E1,-8.552113548E-3,2.504547499E-2,9.162978269E-3
1.661477439E1,-5.497787148E-3,2.626720630E-2,7.330383174E-3
1.661684447E1,-4.886921961E-3,2.626720630E-2,6.719517522E-3
1.661887962E1,-4.276056774E-3,2.443460934E-2,6.108652335E-3
1.662094858E1,-6.719517522E-3,2.443460934E-2,7.330383174E-3
1.662298450E1,-3.665191587E-3,2.199114859E-2,6.108652335E-3
1.662501677E1,-5.497787148E-3,2.138028294E-2,1.038470957E-2
1.662718697E1,-5.497787148E-3,1.893682219E-2,9.773843922E-3
1.662905839E1,-4.276056774E-3,2.076941915E-2,7.330383174E-3
1.663105816E1,-2.443460980E-3,1.954768784E-2,6.108652335E-3
1.663312785E1,-3.665191587E-3,1.771509275E-2,7.941247895E-3
1.663516377E1,-6.108652451E-4,1.893682219E-2,7.941247895E-3
1.663723358E1,-1.221730490E-3,1.832595654E-2,4.886921961E-3
1.663926843E1,-6.108652451E-4,1.832595654E-2,6.719517522E-3
1.664133766E1,6.108652451E-4,1.588249579E-2,5.497787148E-3
1.664337335E1,-1.832595794E-3,1.710422710E-2,7.941247895E-3
1.664544831E1,6.108652451E-4,1.893682219E-2,7.941247895E-3
1.664745281E1,-2.443460980E-3,1.832595654E-2,8.552113548E-3
1.664940550E1,0.000000000E0,2.015855350E-2,7.330383174E-3
1.665140504E1,-1.221730490E-3,1.954768784E-2,7.330383174E-3
1.665347508E1,-1.221730490E-3,1.893682219E-2,7.941247895E-3
1.665550935E1,-1.832595794E-3,1.771509275E-2,6.108652335E-3
1.665757858E1,6.108652451E-4,2.015855350E-2,5.497787148E-3
1.665961343E1,0.000000000E0,1.954768784E-2,5.497787148E-3
1.666168308E1,-1.832595794E-3,1.832595654E-2,1.832595794E-3
1.666371739E1,6.108652451E-4,2.076941915E-2,5.497787148E-3
1.666574970E1,-2.443460980E-3,2.015855350E-2,4.276056774E-3
1.666783012E1,0.000000000E0,1.954768784E-2,4.886921961E-3
1.666978331E1,-1.221730490E-3,1.771509275E-2,5.497787148E-3
1.667178193E1,-6.108652451E-4,1.893682219E-2,3.054326167E-3
1.667385135E1,0.000000000E0,1.893682219E-2,1.832595794E-3
1.667588654E1,-1.832595794E-3,1.588249579E-2,1.221730490E-3
1.667791166E1,0.000000000E0,1.527163107E-2,1.832595794E-3
1.667991146E1,6.108652451E-4,1.527163107E-2,1.832595794E-3
1.668198135E1,-6.108652451E-4,1.527163107E-2,2.443460980E-3
1.668401689E1,2.443460980E-3,1.343903504E-2,1.832595794E-3
1.668609250E1,-6.108652451E-4,1.282817032E-2,1.221730490E-3
1.668828724E1,-6.108652451E-4,1.099557430E-2,3.665191587E-3
1.669005396E1,6.108652451E-4,9.773843922E-3,1.832595794E-3
1.669205350E1,-1.832595794E-3,6.719517522E-3,4.276056774E-3
1.669412354E1,0.000000000E0,8.552113548E-3,1.832595794E-3
1.669615812E1,-3.665191587E-3,3.665191587E-3,6.108652335E-3
1.669822743E1,-1.221730490E-3,4.276056774E-3,3.054326167E-3
1.670026227E1,-3.665191587E-3,3.665191587E-3,3.665191587E-3
1.670233150E1,0.000000000E0,1.221730490E-3,6.108652335E-3
1.670436643E1,-1.832595794E-3,0.000000000E0,4.886921961E-3
1.670639843E1,-3.054326167E-3,-2.443460980E-3,7.941247895E-3
1.670856708E1,-2.443460980E-3,-4.276056774E-3,4.276056774E-3
1.671047373E1,-1.832595794E-3,-5.497787148E-3,6.108652335E-3
1.671247339E1,-4.886921961E-3,-7.330383174E-3,9.162978269E-3
1.671454223E1,-1.221730490E-3,-7.330383174E-3,6.719517522E-3
1.671657650E1,-2.443460980E-3,-7.330383174E-3,8.552113548E-3
1.671864504E1,-1.832595794E-3,-1.038470957E-2,1.160643995E-2
1.672067943E1,-3.054326167E-3,-9.162978269E-3,8.552113548E-3
1.672274835E1,-6.108652451E-4,-9.773843922E-3,7.330383174E-3
1.672478212E1,-2.443460980E-3,-8.552113548E-3,8.552113548E-3
1.672685785E1,-1.832595794E-3,-3.665191587E-3,7.330383174E-3
1.672886085E1,-3.054326167E-3,-3.665191587E-3,4.886921961E-3
1.673081331E1,-6.108652451E-4,-6.108652451E-4,6.108652335E-3
1.673281262E1,-3.054326167E-3,1.832595794E-3,3.665191587E-3
1.673488116E1,-3.054326167E-3,4.276056774E-3,1.832595794E-3
1.673691508E1,-3.054326167E-3,5.497787148E-3,3.054326167E-3
1.673898377E1,0.000000000E0,9.773843922E-3,0.000000000E0
1.674101831E1,-2.443460980E-3,1.099557430E-2,1.221730490E-3
1.674308650E1,-2.443460980E-3,1.160643995E-2,1.221730490E-3
1.674512043E1,-1.221730490E-3,1.588249579E-2,0.000000000E0
1.674715273E1,-6.108652451E-4,1.832595654E-2,1.221730490E-3
1.674923220E1,1.221730490E-3,1.771509275E-2,3.665191587E-3
1.675118516E1,1.832595794E-3,2.015855350E-2,-1.832595794E-3
1.675318427E1,-1.221730490E-3,2.382374369E-2,4.276056774E-3
1.675525308E1,-2.443460980E-3,2.565634064E-2,6.108652335E-3
1.675728789E1,-1.221730490E-3,2.748893574E-2,6.108652451E-4
1.675935620E1,-1.221730490E-3,3.115412779E-2,4.886921961E-3
1.676139027E1,-1.832595794E-3,3.115412779E-2,3.054326167E-3
1.676345923E1,-1.832595794E-3,3.054326214E-2,4.276056774E-3
1.676549389E1,-1.221730490E-3,3.420845419E-2,4.886921961E-3
1.676756908E1,-4.276056774E-3,3.420845419E-2,6.719517522E-3
1.676969562E1,-1.221730490E-3,3.604105115E-2,5.497787148E-3
1.677156600E1,-3.665191587E-3,3.481931984E-2,1.038470957E-2
1.677356596E1,-3.054326167E-3,3.420845419E-2,9.162978269E-3
1.677563512E1,-3.054326167E-3,3.115412779E-2,8.552113548E-3
1.677768404E1,-2.443460980E-3,3.115412779E-2,9.162978269E-3
1.677973827E1,-3.665191587E-3,3.115412779E-2,7.941247895E-3
1.678177335E1,-1.832595794E-3,2.871066704E-2,7.330383174E-3
1.678384235E1,-6.108652451E-4,2.382374369E-2,1.466076635E-2
1.678587700E1,-2.443460980E-3,2.504547499E-2,1.038470957E-2
1.678790843E1,1.221730490E-3,2.199114859E-2,1.160643995E-2
1.679007758E1,1.221730490E-3,2.138028294E-2,1.221730467E-2
1.679198312E1,2.443460980E-3,1.954768784E-2,1.282817032E-2
1.679398270E1,3.054326167E-3,1.771509275E-2,9.773843922E-3
1.679605231E1,3.054326167E-3,1.832595654E-2,1.282817032E-2
1.679808600E1,4.886921961E-3,1.649336144E-2,9.773843922E-3
1.680015523E1,5.497787148E-3,1.404990070E-2,9.773843922E-3
1.680218939E1,6.108652335E-3,1.527163107E-2,9.773843922E-3
1.680425789E1,4.276056774E-3,1.404990070E-2,1.038470957E-2
1.680629281E1,1.038470957E-2,1.527163107E-2,7.941247895E-3
1.680836785E1,6.719517522E-3,1.282817032E-2,1.160643995E-2
1.681037139E1,5.497787148E-3,1.527163107E-2,6.719517522E-3
1.681232450E1,7.330383174E-3,1.527163107E-2,9.162978269E-3
1.681432377E1,7.330383174E-3,1.649336144E-2,1.160643995E-2
1.681639243E1,4.886921961E-3,1.649336144E-2,7.941247895E-3
1.681842766E1,5.497787148E-3,1.527163107E-2,6.719517522E-3
1.682049670E1,6.108652335E-3,1.588249579E-2,1.099557430E-2
1.682253120E1,7.941247895E-3,1.832595654E-2,7.941247895E-3
1.682459996E1,5.497787148E-3,1.710422710E-2,6.719517522E-3
1.682663516E1,6.719517522E-3,1.771509275E-2,1.038470957E-2
1.682866727E1,5.497787148E-3,1.954768784E-2,9.162978269E-3
1.683074785E1,6.719517522E-3,1.893682219E-2,6.719517522E-3
1.683270004E1,7.941247895E-3,2.076941915E-2,8.552113548E-3
1.683469966E1,4.886921961E-3,1.893682219E-2,8.552113548E-3
1.683676843E1,6.108652335E-3,1.954768784E-2,7.941247895E-3
1.683880250E1,4.276056774E-3,2.076941915E-2,1.038470957E-2
1.684087112E1,4.276056774E-3,2.076941915E-2,6.108652335E-3
1.684290512E1,5.497787148E-3,2.138028294E-2,7.330383174E-3
1.684497446E1,3.665191587E-3,2.076941915E-2,6.719517522E-3
1.684700912E1,5.497787148E-3,1.954768784E-2,6.108652335E-3
1.684908520E1,3.054326167E-3,1.832595654E-2,1.038470957E-2
1.685121323E1,3.054326167E-3,1.771509275E-2,9.773843922E-3
1.685308396E1,6.108652451E-4,1.710422710E-2,9.773843922E-3
1.685508358E1,1.221730490E-3,1.343903504E-2,8.552113548E-3
1.685715223E1,4.276056774E-3,1.343903504E-2,1.099557430E-2
1.685918677E1,1.221730490E-3,1.221730467E-2,7.941247895E-3
1.686125558E1,1.832595794E-3,7.330383174E-3,9.162978269E-3
1.686329023E1,4.276056774E-3,6.108652335E-3,9.773843922E-3
1.686535946E1,1.221730490E-3,2.443460980E-3,9.773843922E-3
1.686739443E1,4.886921961E-3,2.443460980E-3,7.330383174E-3
1.686942716E1,1.832595794E-3,1.221730490E-3,1.099557430E-2
1.687159608E1,2.443460980E-3,-2.443460980E-3,6.108652335E-3
1.687350181E1,3.054326167E-3,-5.497787148E-3,7.941247895E-3
1.687550212E1,4.276056774E-3,-5.497787148E-3,7.941247895E-3
1.687757104E1,6.719517522E-3,-7.941247895E-3,7.330383174E-3
1.687960596E1,4.886921961E-3,-1.160643995E-2,7.941247895E-3
1.688167512E1,4.886921961E-3,-1.099557430E-2,1.160643995E-2
1.688370896E1,6.719517522E-3,-1.160643995E-2,9.162978269E-3
1.688577889E1,4.886921961E-3,-1.527163107E-2,1.221730467E-2
1.688781396E1,6.719517522E-3,-1.404990070E-2,1.221730467E-2
1.688989012E1,5.497787148E-3,-1.466076635E-2,1.038470957E-2
1.689189343E1,6.108652335E-3,-1.771509275E-2,1.282817032E-2
1.689384685E1,7.330383174E-3,-1.466076635E-2,1.343903504E-2
1.689584627E1,6.719517522E-3,-1.710422710E-2,8.552113548E-3
1.689791573E1,6.108652335E-3,-1.649336144E-2,1.160643995E-2
1.689994962E1,6.719517522E-3,-1.832595654E-2,1.466076635E-2
1.690201908E1,6.719517522E-3,-1.588249579E-2,1.160643995E-2
1.690405373E1,7.330383174E-3,-1.588249579E-2,1.466076635E-2
1.690612389E1,7.330383174E-3,-1.466076635E-2,1.099557430E-2
1.690815789E1,6.108652335E-3,-1.771509275E-2,1.466076635E-2
1.691018962E1,5.497787148E-3,-1.221730467E-2,1.466076635E-2
1.691226935E1,6.719517522E-3,-1.466076635E-2,1.466076635E-2
1.691422173E1,7.330383174E-3,-1.099557430E-2,1.221730467E-2
1.691622139E1,6.719517522E-3,-1.221730467E-2,1.343903504E-2
1.691829070E1,3.665191587E-3,-1.160643995E-2,1.221730467E-2
1.692032604E1,4.276056774E-3,-1.099557430E-2,1.343903504E-2
1.692235181E1,6.108652335E-3,-9.162978269E-3,1.466076635E-2
1.692435266E1,4.886921961E-3,-8.552113548E-3,1.343903504E-2
1.692642112E1,6.108652335E-3,-7.941247895E-3,1.221730467E-2
1.692845631E1,3.054326167E-3,-8.552113548E-3,1.282817032E-2
1.693053089E1,1.832595794E-3,-6.108652335E-3,1.099557430E-2
1.693272493E1,1.221730490E-3,-7.330383174E-3,1.466076635E-2
1.693449073E1,3.665191587E-3,-6.719517522E-3,1.466076635E-2
1.693649054E1,3.054326167E-3,-7.330383174E-3,1.160643995E-2
1.693856008E1,1.221730490E-3,-6.719517522E-3,1.282817032E-2
1.694059412E1,3.054326167E-3,-8.552113548E-3,1.649336144E-2
1.694266320E1,3.665191587E-3,-7.941247895E-3,1.038470957E-2
1.694469781E1,2.443460980E-3,-9.162978269E-3,1.343903504E-2
1.694676685E1,2.443460980E-3,-7.941247895E-3,1.710422710E-2
1.694880096E1,2.443460980E-3,-9.773843922E-3,1.282817032E-2
1.695083277E1,3.054326167E-3,-9.162978269E-3,1.038470957E-2
1.695300000E1,1.832595794E-3,-1.221730467E-2,1.404990070E-2
1.695490550E1,0.000000000E0,-1.343903504E-2,1.343903504E-2
1.695690473E1,1.221730490E-3,-1.282817032E-2,1.221730467E-2
1.695897331E1,6.108652451E-4,-1.404990070E-2,1.527163107E-2
1.696100762E1,6.108652451E-4,-1.710422710E-2,1.160643995E-2
1.696307562E1,0.000000000E0,-1.832595654E-2,1.404990070E-2
1.696511000E1,1.832595794E-3,-1.954768784E-2,1.588249579E-2
1.696717862E1,1.832595794E-3,-2.321287990E-2,1.343903504E-2
1.696921316E1,0.000000000E0,-2.382374369E-2,1.771509275E-2
1.697128777E1,1.832595794E-3,-2.565634064E-2,1.343903504E-2
1.697329289E1,-1.832595794E-3,-2.687807009E-2,1.404990070E-2
1.697524493E1,-1.221730490E-3,-2.809980139E-2,1.466076635E-2
1.697724408E1,3.054326167E-3,-2.932153270E-2,1.527163107E-2
1.697931343E1,-6.108652451E-4,-3.298672289E-2,1.343903504E-2
1.698134812E1,1.221730490E-3,-3.420845419E-2,1.404990070E-2
1.698341750E1,1.221730490E-3,-3.420845419E-2,1.343903504E-2
1.698545235E1,1.221730490E-3,-3.848451003E-2,1.771509275E-2
1.698752135E1,1.221730490E-3,-4.031710699E-2,1.404990070E-2
1.698955608E1,1.832595794E-3,-4.153883830E-2,1.343903504E-2
1.699158770E1,1.221730490E-3,-4.337143153E-2,1.588249579E-2
1.699366704E1,6.108652451E-4,-4.764748737E-2,1.588249579E-2
1.699561996E1,1.221730490E-3,-4.703662544E-2,1.588249579E-2
1.699761958E1,2.443460980E-3,-5.009094998E-2,1.282817032E-2
1.699968943E1,2.443460980E-3,-5.253441259E-2,1.527163107E-2
1.700172377E1,6.108652451E-4,-5.253441259E-2,1.771509275E-2
1.700379239E1,2.443460980E-3,-5.497787148E-2,1.832595654E-2
1.700582762E1,-1.832595794E-3,-5.803219974E-2,1.649336144E-2
1.700789531E1,3.054326167E-3,-5.864306539E-2,1.527163107E-2
1.700993062E1,2.443460980E-3,-5.986479297E-2,1.771509275E-2
1.701200608E1,0.000000000E0,-6.108652428E-2,1.649336144E-2
1.701413346E1,0.000000000E0,-6.414084882E-2,1.893682219E-2
1.701600377E1,3.665191587E-3,-6.475171447E-2,1.954768784E-2
1.701800366E1,2.443460980E-3,-6.902777404E-2,1.588249579E-2
1.702007304E1,6.108652451E-4,-6.841690838E-2,1.771509275E-2
1.702210789E1,1.832595794E-3,-6.963863969E-2,1.832595654E-2
1.702417689E1,2.443460980E-3,-7.086037099E-2,1.893682219E-2
1.702621116E1,2.443460980E-3,-7.330382615E-2,1.466076635E-2
1.702828043E1,0.000000000E0,-7.513642311E-2,1.710422710E-2
1.703031512E1,3.054326167E-3,-7.391469181E-2,1.710422710E-2
1.703234662E1,3.054326167E-3,-7.696902007E-2,1.771509275E-2
1.703451635E1,6.108652451E-4,-7.819075137E-2,1.832595654E-2
1.703638712E1,1.221730490E-3,-8.002334833E-2,1.710422710E-2
1.703838646E1,4.276056774E-3,-8.063421398E-2,1.832595654E-2
1.704045562E1,3.054326167E-3,-8.124507964E-2,1.893682219E-2
1.704249023E1,3.665191587E-3,-8.307767659E-2,2.015855350E-2
1.704455912E1,3.054326167E-3,-8.552113175E-2,1.527163107E-2
1.704659350E1,6.108652335E-3,-8.613199741E-2,1.649336144E-2
1.704866335E1,4.886921961E-3,-8.674286306E-2,1.710422710E-2
1.705069812E1,4.886921961E-3,-8.918632567E-2,1.649336144E-2
1.705277350E1,4.276056774E-3,-9.040805697E-2,1.710422710E-2
1.705477604E1,6.719517522E-3,-9.101892263E-2,1.588249579E-2
1.705673008E1,6.719517522E-3,-9.346238524E-2,1.466076635E-2
1.705872896E1,6.719517522E-3,-9.346238524E-2,1.404990070E-2
1.706079839E1,7.330383174E-3,-9.590584040E-2,1.649336144E-2
1.706283239E1,6.108652335E-3,-9.773843735E-2,1.588249579E-2
1.706490166E1,7.941247895E-3,-9.529497474E-2,1.282817032E-2
1.706693612E1,5.497787148E-3,-9.651670605E-2,1.527163107E-2
1.706900473E1,9.162978269E-3,-9.590584040E-2,1.099557430E-2
1.707103862E1,7.330383174E-3,-9.590584040E-2,1.282817032E-2
1.707307027E1,7.330383174E-3,-9.712757170E-2,1.649336144E-2
1.707515031E1,7.330383174E-3,-9.468411654E-2,1.221730467E-2
1.707710254E1,5.497787148E-3,-9.346238524E-2,1.160643995E-2
1.707910243E1,8.552113548E-3,-9.285151958E-2,1.160643995E-2
1.708117100E1,7.330383174E-3,-9.224065393E-2,9.162978269E-3
1.708320577E1,6.108652335E-3,-9.040805697E-2,9.162978269E-3
1.708527558E1,6.719517522E-3,-9.040805697E-2,7.330383174E-3
1.708731031E1,6.719517522E-3,-8.674286306E-2,1.038470957E-2
1.708937989E1,6.108652335E-3,-8.552113175E-2,7.330383174E-3
1.709141512E1,4.886921961E-3,-8.185594529E-2,7.941247895E-3
1.709349039E1,6.108652335E-3,-8.246681094E-2,6.719517522E-3
1.709561773E1,5.497787148E-3,-8.185594529E-2,3.054326167E-3
1.709748812E1,7.330383174E-3,-7.941248268E-2,5.497787148E-3
1.709948862E1,4.886921961E-3,-7.696902007E-2,8.552113548E-3
1.710155839E1,5.497787148E-3,-7.635815442E-2,4.276056774E-3
1.710359377E1,7.330383174E-3,-7.513642311E-2,3.665191587E-3
1.710566281E1,5.497787148E-3,-7.330382615E-2,3.665191587E-3
1.710769766E1,4.276056774E-3,-7.208210230E-2,3.665191587E-3
1.710976677E1,5.497787148E-3,-7.024950534E-2,6.108652451E-4
1.711180146E1,3.665191587E-3,-7.086037099E-2,2.443460980E-3
1.711383519E1,4.886921961E-3,-6.658431143E-2,-6.108652451E-4
1.711600346E1,2.443460980E-3,-6.780604273E-2,3.665191587E-3
1.711790935E1,4.886921961E-3,-6.658431143E-2,1.832595794E-3
1.711990881E1,4.276056774E-3,-6.536258012E-2,-3.665191587E-3
1.712197792E1,3.665191587E-3,-6.414084882E-2,0.000000000E0
1.712401189E1,4.886921961E-3,-6.291911751E-2,-4.276056774E-3
1.712608112E1,4.276056774E-3,-6.352998316E-2,-1.221730490E-3
1.712811519E1,6.108652335E-3,-6.291911751E-2,0.000000000E0
1.713018431E1,4.886921961E-3,-6.291911751E-2,1.221730490E-3
1.713221919E1,3.665191587E-3,-6.414084882E-2,1.832595794E-3
1.713429416E1,3.054326167E-3,-6.291911751E-2,3.665191587E-3
1.713629839E1,4.886921961E-3,-6.230825558E-2,1.221730490E-3
1.713825204E1,6.108652335E-3,-5.986479297E-2,4.276056774E-3
1.714025216E1,5.497787148E-3,-5.986479297E-2,6.719517522E-3
1.714232192E1,4.276056774E-3,-6.108652428E-2,6.719517522E-3
1.714435704E1,3.665191587E-3,-6.108652428E-2,6.719517522E-3
1.714642658E1,6.108652335E-3,-5.925392732E-2,1.099557430E-2
1.714846185E1,6.719517522E-3,-5.986479297E-2,1.099557430E-2
1.715053108E1,4.886921961E-3,-5.925392732E-2,6.719517522E-3
1.715256589E1,6.108652335E-3,-6.108652428E-2,1.221730467E-2
1.715459743E1,8.552113548E-3,-5.986479297E-2,1.038470957E-2
1.715667692E1,7.330383174E-3,-6.169738993E-2,1.099557430E-2
1.715862881E1,8.552113548E-3,-5.986479297E-2,1.343903504E-2
1.716062908E1,7.941247895E-3,-6.169738993E-2,1.404990070E-2
1.716269854E1,8.552113548E-3,-6.047565863E-2,1.160643995E-2
1.716473346E1,9.162978269E-3,-6.230825558E-2,9.773843922E-3
1.716675877E1,9.162978269E-3,-6.291911751E-2,1.649336144E-2
1.716875942E1,8.552113548E-3,-6.658431143E-2,1.343903504E-2
1.717082869E1,9.162978269E-3,-6.536258012E-2,1.649336144E-2
1.717286369E1,1.038470957E-2,-6.536258012E-2,1.466076635E-2
1.717493939E1,1.160643995E-2,-6.780604273E-2,1.099557430E-2
1.717713377E1,1.343903504E-2,-6.963863969E-2,1.649336144E-2
1.717890019E1,1.221730467E-2,-6.963863969E-2,1.404990070E-2
1.718090085E1,1.404990070E-2,-7.024950534E-2,1.527163107E-2
1.718297054E1,1.527163107E-2,-7.024950534E-2,1.588249579E-2
1.718502069E1,1.527163107E-2,-7.086037099E-2,1.527163107E-2
1.718707519E1,1.771509275E-2,-7.086037099E-2,1.404990070E-2
1.718911081E1,1.771509275E-2,-7.330382615E-2,1.527163107E-2
1.719117942E1,2.015855350E-2,-7.513642311E-2,1.527163107E-2
1.719321450E1,1.649336144E-2,-7.635815442E-2,1.710422710E-2
1.719524731E1,1.832595654E-2,-7.391469181E-2,1.466076635E-2
1.719741416E1,1.893682219E-2,-7.635815442E-2,1.466076635E-2
1.719931912E1,2.199114859E-2,-7.757988572E-2,1.710422710E-2
1.720131885E1,1.893682219E-2,-7.819075137E-2,1.527163107E-2
1.720338735E1,2.260201424E-2,-7.819075137E-2,1.588249579E-2
1.720542246E1,2.076941915E-2,-7.819075137E-2,1.832595654E-2
1.720749196E1,2.015855350E-2,-8.002334833E-2,1.649336144E-2
1.720952685E1,2.199114859E-2,-8.124507964E-2,1.588249579E-2
1.721159608E1,2.199114859E-2,-8.002334833E-2,1.893682219E-2
1.721363100E1,2.199114859E-2,-7.941248268E-2,1.282817032E-2
1.721570712E1,2.382374369E-2,-8.002334833E-2,1.527163107E-2
1.721770977E1,2.138028294E-2,-8.063421398E-2,1.771509275E-2
1.721966281E1,2.321287990E-2,-8.124507964E-2,1.649336144E-2
1.722166285E1,2.199114859E-2,-8.246681094E-2,1.527163107E-2
1.722373139E1,2.138028294E-2,-8.246681094E-2,1.710422710E-2
1.722576631E1,1.954768784E-2,-8.552113175E-2,1.466076635E-2
1.722783496E1,2.015855350E-2,-8.429940045E-2,1.282817032E-2
1.722986985E1,1.954768784E-2,-8.674286306E-2,1.343903504E-2
1.723193850E1,2.076941915E-2,-8.918632567E-2,1.282817032E-2
1.723397304E1,1.832595654E-2,-9.040805697E-2,1.466076635E-2
1.723600431E1,2.076941915E-2,-8.979719132E-2,1.221730467E-2
1.723808354E1,1.832595654E-2,-8.979719132E-2,1.282817032E-2
1.724003623E1,1.710422710E-2,-9.285151958E-2,1.221730467E-2
1.724203616E1,1.893682219E-2,-9.346238524E-2,1.099557430E-2
1.724410546E1,1.771509275E-2,-9.651670605E-2,1.038470957E-2
1.724613977E1,1.771509275E-2,-9.651670605E-2,9.773843922E-3
1.724820935E1,1.649336144E-2,-9.896016866E-2,1.160643995E-2
1.725024481E1,1.343903504E-2,-9.773843735E-2,1.038470957E-2
1.725231293E1,1.527163107E-2,-9.773843735E-2,6.719517522E-3
1.725434708E1,1.404990070E-2,-9.773843735E-2,9.162978269E-3
1.725642108E1,1.282817032E-2,-9.957103431E-2,8.552113548E-3
1.725854858E1,1.099557430E-2,-9.957103431E-2,7.941247895E-3
1.726041892E1,8.552113548E-3,-9.896016866E-2,1.160643995E-2
1.726241819E1,9.773843922E-3,-1.007927656E-1,8.552113548E-3
1.726448842E1,7.330383174E-3,-1.007927656E-1,7.330383174E-3
1.726652208E1,6.719517522E-3,-9.957103431E-2,7.941247895E-3
1.726859035E1,3.054326167E-3,-1.001819000E-1,8.552113548E-3
1.727062473E1,4.276056774E-3,-9.896016866E-2,1.282817032E-2
1.727269266E1,4.276056774E-3,-9.957103431E-2,9.162978269E-3
1.727472662E1,2.443460980E-3,-9.712757170E-2,9.162978269E-3
1.727675796E1,6.108652451E-4,-9.957103431E-2,1.099557430E-2
1.727892546E1,-6.108652451E-4,-9.773843735E-2,7.941247895E-3
1.728083089E1,0.000000000E0,-9.773843735E-2,9.773843922E-3
1.728282981E1,-6.108652451E-4,-9.590584040E-2,8.552113548E-3
1.728489885E1,-3.054326167E-3,-9.468411654E-2,1.221730467E-2
1.728693293E1,0.000000000E0,-9.346238524E-2,9.162978269E-3
1.728900158E1,6.108652451E-4,-9.285151958E-2,6.108652335E-3
1.729103550E1,2.443460980E-3,-8.796459436E-2,8.552113548E-3
1.729310427E1,1.221730490E-3,-8.552113175E-2,3.054326167E-3
1.729513869E1,-6.108652451E-4,-8.491026610E-2,6.719517522E-3
1.729721285E1,3.054326167E-3,-8.185594529E-2,9.773843922E-3
1.729921762E1,3.054326167E-3,-7.635815442E-2,5.497787148E-3
1.730117054E1,3.665191587E-3,-7.513642311E-2,6.108652335E-3
1.730317008E1,2.443460980E-3,-7.086037099E-2,7.941247895E-3
1.730523942E1,4.886921961E-3,-6.719517708E-2,4.276056774E-3
1.730727350E1,5.497787148E-3,-6.597344577E-2,3.665191587E-3
1.730934300E1,6.719517522E-3,-6.230825558E-2,4.886921961E-3
1.731137708E1,1.099557430E-2,-5.742133409E-2,4.886921961E-3
1.731344619E1,7.941247895E-3,-5.742133409E-2,7.941247895E-3
1.731548023E1,6.719517522E-3,-5.253441259E-2,8.552113548E-3
1.731751239E1,1.221730467E-2,-4.886921868E-2,4.886921961E-3
1.731959177E1,9.773843922E-3,-4.581489414E-2,6.108652335E-3
1.732154419E1,1.160643995E-2,-4.276056588E-2,7.330383174E-3
1.732354373E1,1.282817032E-2,-3.909537569E-2,7.330383174E-3
1.732561258E1,1.343903504E-2,-3.787364438E-2,9.773843922E-3
1.732764677E1,1.221730467E-2,-3.359758854E-2,1.038470957E-2
1.732971558E1,1.160643995E-2,-3.298672289E-2,9.162978269E-3
1.733175019E1,1.160643995E-2,-3.237585723E-2,1.038470957E-2
1.733381877E1,1.099557430E-2,-3.054326214E-2,1.099557430E-2
1.733585281E1,1.038470957E-2,-2.993239649E-2,1.404990070E-2
1.733792750E1,1.038470957E-2,-2.871066704E-2,1.343903504E-2
1.734005462E1,9.162978269E-3,-2.993239649E-2,1.527163107E-2
1.734192481E1,1.099557430E-2,-3.176499158E-2,1.527163107E-2
1.734392342E1,7.330383174E-3,-2.993239649E-2,1.466076635E-2
1.734599250E1,6.719517522E-3,-3.237585723E-2,1.710422710E-2
1.734802592E1,7.330383174E-3,-3.481931984E-2,1.649336144E-2
1.735009496E1,4.886921961E-3,-3.543018550E-2,1.771509275E-2
1.735212908E1,4.276056774E-3,-3.604105115E-2,2.015855350E-2
1.735419727E1,5.497787148E-3,-3.787364438E-2,2.138028294E-2
1.735623085E1,5.497787148E-3,-3.787364438E-2,1.832595654E-2
1.735826204E1,5.497787148E-3,-3.665191308E-2,2.015855350E-2
1.736042916E1,3.054326167E-3,-3.665191308E-2,2.138028294E-2
1.736233419E1,2.443460980E-3,-3.604105115E-2,2.199114859E-2
1.736433339E1,4.276056774E-3,-3.481931984E-2,2.138028294E-2
1.736640223E1,3.665191587E-3,-3.420845419E-2,2.199114859E-2
1.736843631E1,1.832595794E-3,-3.237585723E-2,2.260201424E-2
1.737050592E1,2.443460980E-3,-3.054326214E-2,2.443460934E-2
1.737254027E1,2.443460980E-3,-2.626720630E-2,2.382374369E-2
1.737460923E1,6.108652451E-4,-2.382374369E-2,2.321287990E-2
1.737664392E1,3.054326167E-3,-2.138028294E-2,2.321287990E-2
1.737871962E1,2.443460980E-3,-1.893682219E-2,2.199114859E-2
1.738072166E1,1.832595794E-3,-1.588249579E-2,2.382374369E-2
1.738267458E1,1.221730490E-3,-1.404990070E-2,2.443460934E-2
1.738467396E1,2.443460980E-3,-1.282817032E-2,2.382374369E-2
1.738674289E1,3.665191587E-3,-9.162978269E-3,2.199114859E-2
1.738877773E1,3.054326167E-3,-6.108652335E-3,2.015855350E-2
1.739084658E1,3.665191587E-3,-5.497787148E-3,1.893682219E-2
1.739288146E1,5.497787148E-3,-3.054326167E-3,1.710422710E-2
1.739494958E1,4.276056774E-3,-3.665191587E-3,1.832595654E-2
1.739698396E1,6.108652335E-3,-3.054326167E-3,1.710422710E-2
1.739901554E1,6.108652335E-3,-1.832595794E-3,1.710422710E-2
1.740109489E1,5.497787148E-3,6.108652451E-4,1.343903504E-2
1.740304766E1,4.276056774E-3,6.108652451E-4,1.527163107E-2
1.740504739E1,7.330383174E-3,3.665191587E-3,1.099557430E-2
1.740711635E1,6.108652335E-3,3.054326167E-3,1.404990070E-2
1.740915077E1,6.719517522E-3,6.108652335E-3,1.099557430E-2
1.741117450E1,5.497787148E-3,6.108652335E-3,1.099557430E-2
1.741317469E1,7.330383174E-3,5.497787148E-3,9.162978269E-3
1.741524389E1,6.108652335E-3,9.162978269E-3,9.773843922E-3
1.741727792E1,4.886921961E-3,1.038470957E-2,8.552113548E-3
1.741935319E1,4.276056774E-3,1.038470957E-2,9.162978269E-3
1.742154700E1,6.108652335E-3,1.221730467E-2,7.941247895E-3
1.742331416E1,6.108652335E-3,1.404990070E-2,6.719517522E-3
1.742531346E1,7.330383174E-3,1.343903504E-2,7.941247895E-3
1.742738335E1,5.497787148E-3,1.404990070E-2,3.665191587E-3
1.742941712E1,6.719517522E-3,1.710422710E-2,4.886921961E-3
1.743148519E1,7.330383174E-3,1.649336144E-2,4.886921961E-3
1.743351992E1,6.719517522E-3,1.527163107E-2,4.886921961E-3
1.743558858E1,7.330383174E-3,1.343903504E-2,3.665191587E-3
1.743762250E1,6.108652335E-3,1.466076635E-2,6.719517522E-3
1.743965404E1,6.719517522E-3,1.404990070E-2,3.054326167E-3
1.744182123E1,6.108652335E-3,1.221730467E-2,3.054326167E-3
1.744372666E1,8.552113548E-3,1.343903504E-2,5.497787148E-3
1.744572631E1,6.108652335E-3,1.099557430E-2,1.832595794E-3
1.744779519E1,7.330383174E-3,7.941247895E-3,3.665191587E-3
1.744983008E1,6.108652335E-3,7.941247895E-3,4.886921961E-3
1.745189919E1,6.719517522E-3,5.497787148E-3,5.497787148E-3
1.745393435E1,9.162978269E-3,4.276056774E-3,4.886921961E-3
1.745600335E1,7.330383174E-3,3.054326167E-3,7.330383174E-3
1.745803896E1,6.108652335E-3,2.443460980E-3,6.719517522E-3
1.746011323E1,5.497787148E-3,0.000000000E0,7.330383174E-3
1.746211838E1,6.108652335E-3,-3.054326167E-3,9.162978269E-3
1.746407142E1,9.162978269E-3,-3.054326167E-3,7.330383174E-3
1.746607112E1,6.108652335E-3,-4.276056774E-3,7.941247895E-3
1.746814042E1,8.552113548E-3,-4.886921961E-3,1.038470957E-2
1.747017496E1,6.719517522E-3,-5.497787148E-3,1.160643995E-2
1.747224335E1,7.941247895E-3,-7.330383174E-3,1.099557430E-2
1.747427816E1,8.552113548E-3,-9.162978269E-3,1.160643995E-2
1.747634712E1,7.941247895E-3,-1.038470957E-2,1.282817032E-2
1.747838177E1,7.941247895E-3,-9.773843922E-3,1.404990070E-2
1.748041258E1,6.719517522E-3,-1.099557430E-2,1.282817032E-2
1.748249196E1,9.162978269E-3,-1.221730467E-2,1.282817032E-2
1.748444473E1,9.162978269E-3,-1.221730467E-2,1.282817032E-2
1.748644466E1,8.552113548E-3,-1.221730467E-2,1.160643995E-2
1.748851362E1,9.773843922E-3,-1.099557430E-2,1.160643995E-2
1.749054842E1,1.038470957E-2,-1.527163107E-2,1.099557430E-2
1.749261792E1,1.038470957E-2,-1.588249579E-2,1.221730467E-2
1.749465331E1,1.282817032E-2,-1.710422710E-2,1.099557430E-2
1.749672266E1,1.404990070E-2,-1.710422710E-2,1.160643995E-2
1.749875689E1,1.099557430E-2,-1.893682219E-2,1.038470957E-2
1.750083215E1,1.221730467E-2,-1.954768784E-2,1.038470957E-2
1.750295989E1,1.649336144E-2,-2.015855350E-2,7.941247895E-3
1.750483127E1,1.282817032E-2,-2.199114859E-2,9.773843922E-3
1.750683115E1,1.282817032E-2,-2.015855350E-2,5.497787148E-3
1.750890046E1,1.466076635E-2,-2.138028294E-2,6.719517522E-3
1.751093538E1,1.527163107E-2,-2.260201424E-2,7.941247895E-3
1.751300423E1,1.221730467E-2,-2.321287990E-2,6.719517522E-3
1.751504015E1,1.343903504E-2,-2.321287990E-2,7.941247895E-3
1.751710881E1,1.343903504E-2,-2.443460934E-2,3.054326167E-3
1.751914369E1,1.099557430E-2,-2.687807009E-2,6.719517522E-3
1.752117562E1,1.282817032E-2,-2.565634064E-2,3.054326167E-3
1.752334396E1,1.160643995E-2,-2.504547499E-2,6.108652451E-4
1.752525012E1,1.343903504E-2,-2.565634064E-2,4.276056774E-3
1.752725031E1,1.343903504E-2,-2.687807009E-2,1.832595794E-3
1.752931927E1,1.038470957E-2,-2.687807009E-2,2.443460980E-3
1.753135373E1,1.160643995E-2,-2.687807009E-2,3.054326167E-3
1.753342323E1,9.162978269E-3,-2.748893574E-2,3.054326167E-3
1.753545758E1,9.773843922E-3,-2.871066704E-2,3.054326167E-3
1.753752727E1,9.773843922E-3,-2.932153270E-2,4.276056774E-3
1.753956265E1,1.038470957E-2,-2.748893574E-2,1.221730490E-3
1.754163915E1,7.330383174E-3,-2.626720630E-2,1.832595794E-3
1.754364315E1,8.552113548E-3,-2.932153270E-2,4.276056774E-3
1.754559588E1,6.719517522E-3,-2.687807009E-2,4.276056774E-3
1.754759631E1,8.552113548E-3,-2.687807009E-2,3.665191587E-3
1.754966546E1,7.330383174E-3,-2.443460934E-2,3.054326167E-3
1.755170042E1,7.941247895E-3,-2.504547499E-2,5.497787148E-3
1.755377035E1,6.719517522E-3,-2.382374369E-2,3.665191587E-3
1.755580381E1,6.719517522E-3,-2.443460934E-2,4.886921961E-3
1.755787327E1,6.719517522E-3,-2.321287990E-2,3.665191587E-3
1.755990765E1,6.719517522E-3,-2.199114859E-2,3.054326167E-3
1.756194008E1,6.108652335E-3,-2.076941915E-2,6.719517522E-3
1.756402035E1,6.108652335E-3,-2.321287990E-2,4.886921961E-3
1.756597362E1,3.054326167E-3,-2.321287990E-2,7.330383174E-3
1.756799119E1,4.886921961E-3,-2.443460934E-2,6.719517522E-3
1.756998123E1,4.276056774E-3,-2.260201424E-2,5.497787148E-3
1.757198031E1,4.276056774E-3,-2.504547499E-2,5.497787148E-3
1.757404927E1,2.443460980E-3,-2.382374369E-2,8.552113548E-3
1.757608373E1,2.443460980E-3,-2.565634064E-2,9.162978269E-3
1.757815331E1,3.054326167E-3,-2.382374369E-2,8.552113548E-3
1.758018773E1,0.000000000E0,-2.626720630E-2,1.038470957E-2
1.758226289E1,2.443460980E-3,-2.748893574E-2,6.719517522E-3
1.758439077E1,1.832595794E-3,-2.687807009E-2,1.221730467E-2
1.758626196E1,2.443460980E-3,-2.565634064E-2,9.162978269E-3
1.758826192E1,1.832595794E-3,-2.626720630E-2,8.552113548E-3
1.759033227E1,-1.221730490E-3,-2.993239649E-2,1.160643995E-2
1.759238273E1,0.000000000E0,-2.748893574E-2,1.160643995E-2
1.759443715E1,-6.108652451E-4,-2.993239649E-2,9.162978269E-3
1.759647215E1,-2.443460980E-3,-2.871066704E-2,1.099557430E-2
1.759854131E1,-1.832595794E-3,-2.565634064E-2,1.038470957E-2
1.760057627E1,-3.054326167E-3,-2.687807009E-2,9.162978269E-3
1.760260881E1,-2.443460980E-3,-2.687807009E-2,1.038470957E-2
1.760477608E1,-6.108652451E-4,-2.687807009E-2,7.330383174E-3
1.760668246E1,-1.832595794E-3,-2.993239649E-2,1.160643995E-2
1.760868231E1,-1.221730490E-3,-2.748893574E-2,8.552113548E-3
1.761075223E1,-2.443460980E-3,-2.687807009E-2,9.162978269E-3
1.761278673E1,-5.497787148E-3,-2.687807009E-2,9.162978269E-3
1.761485712E1,-2.443460980E-3,-2.687807009E-2,7.941247895E-3
1.761689162E1,-5.497787148E-3,-2.565634064E-2,8.552113548E-3
1.761896123E1,-1.832595794E-3,-2.748893574E-2,9.162978269E-3
1.762099627E1,-6.108652335E-3,-2.626720630E-2,9.773843922E-3
1.762307088E1,-4.276056774E-3,-2.504547499E-2,7.941247895E-3
1.762507512E1,-4.276056774E-3,-2.504547499E-2,4.276056774E-3
1.762702854E1,-3.054326167E-3,-2.321287990E-2,7.330383174E-3
1.762902708E1,-2.443460980E-3,-2.504547499E-2,4.886921961E-3
1.763109619E1,-4.276056774E-3,-2.443460934E-2,8.552113548E-3
1.763313100E1,-5.497787148E-3,-2.321287990E-2,5.497787148E-3
1.763520069E1,-4.276056774E-3,-2.260201424E-2,7.330383174E-3
1.763723546E1,-5.497787148E-3,-2.443460934E-2,4.886921961E-3
1.763930469E1,-3.665191587E-3,-2.321287990E-2,3.054326167E-3
1.764133981E1,-4.886921961E-3,-2.138028294E-2,4.276056774E-3
1.764337200E1,-5.497787148E-3,-2.321287990E-2,5.497787148E-3
1.764545181E1,-4.886921961E-3,-2.199114859E-2,4.886921961E-3
1.764740519E1,-5.497787148E-3,-2.199114859E-2,4.276056774E-3
1.764940508E1,-4.886921961E-3,-2.076941915E-2,1.832595794E-3
1.765147423E1,-5.497787148E-3,-2.199114859E-2,3.054326167E-3
1.765350904E1,-5.497787148E-3,-2.138028294E-2,3.054326167E-3
1.765553408E1,-4.276056774E-3,-1.893682219E-2,3.054326167E-3
1.765753473E1,-4.886921961E-3,-1.954768784E-2,3.054326167E-3
1.765960315E1,-6.719517522E-3,-1.832595654E-2,4.886921961E-3
1.766163788E1,-6.719517522E-3,-2.015855350E-2,4.886921961E-3
1.766371227E1,-3.665191587E-3,-2.015855350E-2,3.054326167E-3
1.766590539E1,-4.886921961E-3,-1.893682219E-2,2.443460980E-3
1.766767177E1,-5.497787148E-3,-1.771509275E-2,1.832595794E-3
1.766967281E1,-7.330383174E-3,-1.710422710E-2,4.886921961E-3
1.767174204E1,-4.886921961E-3,-1.649336144E-2,3.054326167E-3
1.767377681E1,-6.719517522E-3,-1.771509275E-2,4.276056774E-3
1.767584596E1,-8.552113548E-3,-1.588249579E-2,2.443460980E-3
1.767787992E1,-6.719517522E-3,-1.649336144E-2,3.054326167E-3
1.767994846E1,-6.108652335E-3,-1.771509275E-2,4.276056774E-3
1.768198292E1,-6.719517522E-3,-1.588249579E-2,4.276056774E-3
1.768401438E1,-7.941247895E-3,-1.588249579E-2,6.108652451E-4
1.768618227E1,-7.941247895E-3,-1.527163107E-2,4.276056774E-3
1.768808762E1,-9.773843922E-3,-1.527163107E-2,1.832595794E-3
1.769008835E1,-7.941247895E-3,-1.343903504E-2,3.665191587E-3
1.769215704E1,-7.941247895E-3,-1.343903504E-2,4.886921961E-3
1.769419223E1,-1.038470957E-2,-1.282817032E-2,4.276056774E-3
1.769626212E1,-6.108652335E-3,-1.160643995E-2,4.276056774E-3
1.769829681E1,-7.330383174E-3,-1.221730467E-2,4.886921961E-3
1.770036527E1,-6.719517522E-3,-1.221730467E-2,2.443460980E-3
1.770239977E1,-4.886921961E-3,-9.162978269E-3,3.665191587E-3
1.770447523E1,-6.108652335E-3,-9.773843922E-3,4.276056774E-3
1.770647842E1,-6.108652335E-3,-7.941247895E-3,1.832595794E-3
1.770843138E1,-7.330383174E-3,-7.941247895E-3,4.886921961E-3
1.771043077E1,-7.330383174E-3,-7.330383174E-3,6.108652335E-3
1.771250062E1,-7.941247895E-3,-4.276056774E-3,5.497787148E-3
1.771453538E1,-6.108652335E-3,-5.497787148E-3,7.330383174E-3
1.771660469E1,-5.497787148E-3,-1.832595794E-3,7.330383174E-3
1.771863912E1,-7.330383174E-3,-1.221730490E-3,6.108652335E-3
1.772070842E1,-7.330383174E-3,1.221730490E-3,4.886921961E-3
1.772274300E1,-4.276056774E-3,1.221730490E-3,6.108652335E-3
1.772477700E1,-6.108652335E-3,3.054326167E-3,7.941247895E-3
1.772685715E1,-6.719517522E-3,6.108652335E-3,4.886921961E-3
1.772880996E1,-6.108652335E-3,1.038470957E-2,4.276056774E-3
1.773081008E1,-4.886921961E-3,1.099557430E-2,3.665191587E-3
1.773287915E1,-5.497787148E-3,1.282817032E-2,4.276056774E-3
1.773491331E1,-6.108652335E-3,1.710422710E-2,4.886921961E-3
1.773698288E1,-3.054326167E-3,1.954768784E-2,3.054326167E-3
1.773901700E1,-5.497787148E-3,2.015855350E-2,2.443460980E-3
1.774108577E1,-7.941247895E-3,2.443460934E-2,5.497787148E-3
1.774311969E1,-5.497787148E-3,2.382374369E-2,6.108652335E-3
1.774519408E1,-6.108652335E-3,2.687807009E-2,4.276056774E-3
1.774732077E1,-5.497787148E-3,3.176499158E-2,6.719517522E-3
1.774919115E1,-6.719517522E-3,3.115412779E-2,9.162978269E-3
1.775118977E1,-4.886921961E-3,3.481931984E-2,1.221730490E-3
1.775325838E1,-7.941247895E-3,3.726277873E-2,4.886921961E-3
1.775529208E1,-6.719517522E-3,3.726277873E-2,4.886921961E-3
1.775736092E1,-7.330383174E-3,3.970624134E-2,4.276056774E-3
1.775939473E1,-7.941247895E-3,4.031710699E-2,4.886921961E-3
1.776146358E1,-6.719517522E-3,4.031710699E-2,3.054326167E-3
1.776349815E1,-4.886921961E-3,4.031710699E-2,6.108652451E-4
1.776552954E1,-7.941247895E-3,4.092797264E-2,6.108652335E-3
1.776769654E1,-7.330383174E-3,4.153883830E-2,2.443460980E-3
1.776960150E1,-6.108652335E-3,4.153883830E-2,-1.832595794E-3
1.777160158E1,-6.719517522E-3,4.276056588E-2,3.665191587E-3
1.777366969E1,-8.552113548E-3,4.276056588E-2,3.054326167E-3
1.777570350E1,-4.886921961E-3,4.214970022E-2,-6.108652451E-4
1.777777304E1,-6.108652335E-3,4.031710699E-2,1.221730490E-3
1.777980735E1,-5.497787148E-3,3.970624134E-2,-3.665191587E-3
1.778187662E1,-5.497787148E-3,3.726277873E-2,-1.221730490E-3
1.778391135E1,-3.665191587E-3,3.909537569E-2,2.443460980E-3
1.778598631E1,-6.719517522E-3,3.665191308E-2,-1.832595794E-3
1.778799138E1,-1.221730490E-3,3.665191308E-2,-4.886921961E-3
1.779001304E1,-3.665191587E-3,3.481931984E-2,-3.054326167E-3
1.779204735E1,-1.832595794E-3,3.420845419E-2,-6.108652451E-4
1.779411669E1,-4.276056774E-3,3.176499158E-2,-4.886921961E-3
1.779615200E1,-3.054326167E-3,3.054326214E-2,-5.497787148E-3
1.779822119E1,-2.443460980E-3,3.237585723E-2,-6.108652335E-3
1.780025538E1,-1.832595794E-3,3.237585723E-2,-4.276056774E-3
1.780232446E1,-2.443460980E-3,2.993239649E-2,-3.054326167E-3
1.780435927E1,-6.108652335E-3,2.871066704E-2,-2.443460980E-3
1.780639096E1,-4.276056774E-3,2.993239649E-2,-4.886921961E-3
1.780847096E1,-5.497787148E-3,2.626720630E-2,-6.719517522E-3
1.781042427E1,-5.497787148E-3,2.626720630E-2,-4.276056774E-3
1.781242392E1,-4.276056774E-3,2.748893574E-2,-4.276056774E-3
1.781449346E1,-7.330383174E-3,2.626720630E-2,-4.276056774E-3
1.781652862E1,-6.719517522E-3,2.748893574E-2,-3.665191587E-3
1.781859792E1,-4.886921961E-3,2.871066704E-2,-3.054326167E-3
1.782063338E1,-8.552113548E-3,2.871066704E-2,-3.665191587E-3
1.782270312E1,-6.719517522E-3,2.871066704E-2,-1.221730490E-3
1.782473838E1,-7.941247895E-3,3.115412779E-2,-6.108652451E-4
1.782681365E1,-6.108652335E-3,3.298672289E-2,-1.221730490E-3
1.782894200E1,-5.497787148E-3,3.359758854E-2,6.108652451E-4
1.783081338E1,-6.108652335E-3,3.420845419E-2,-1.221730490E-3
1.783281312E1,-4.886921961E-3,3.543018550E-2,-1.221730490E-3
1.783488265E1,-4.276056774E-3,3.665191308E-2,-2.443460980E-3
1.783691777E1,-5.497787148E-3,3.909537569E-2,-1.832595794E-3
1.783898708E1,-4.886921961E-3,4.337143153E-2,1.221730490E-3
1.784102196E1,-3.054326167E-3,4.214970022E-2,-1.832595794E-3
1.784309162E1,-3.665191587E-3,4.642575979E-2,-4.276056774E-3
1.784512727E1,-3.054326167E-3,4.703662544E-2,-3.054326167E-3
1.784716012E1,-3.665191587E-3,4.825835302E-2,-6.108652451E-4
1.784932854E1,6.108652451E-4,5.070181563E-2,-1.832595794E-3
1.785123488E1,0.000000000E0,5.253441259E-2,-4.886921961E-3
1.785323546E1,0.000000000E0,5.436700583E-2,-1.832595794E-3
1.785530454E1,1.832595794E-3,5.436700583E-2,-4.276056774E-3
1.785733965E1,1.221730490E-3,5.558873713E-2,-2.443460980E-3
1.785940919E1,3.054326167E-3,5.619960278E-2,-6.719517522E-3
1.786144415E1,3.054326167E-3,5.742133409E-2,-1.832595794E-3
1.786351392E1,3.665191587E-3,5.742133409E-2,-3.054326167E-3
1.786554888E1,4.886921961E-3,5.558873713E-2,-3.665191587E-3
1.786762415E1,3.054326167E-3,5.558873713E-2,-1.221730490E-3
1.786962696E1,6.108652335E-3,5.681046844E-2,-5.497787148E-3
1.787158000E1,6.719517522E-3,5.681046844E-2,-2.443460980E-3
1.787357977E1,7.941247895E-3,5.742133409E-2,-4.276056774E-3
1.787564912E1,5.497787148E-3,5.742133409E-2,-4.886921961E-3
1.787768442E1,5.497787148E-3,5.681046844E-2,-5.497787148E-3
1.787975369E1,5.497787148E-3,5.497787148E-2,-4.276056774E-3
1.788178834E1,4.886921961E-3,5.742133409E-2,-6.108652335E-3
1.788385708E1,4.886921961E-3,5.803219974E-2,-3.054326167E-3
1.788589184E1,3.665191587E-3,5.864306539E-2,-6.719517522E-3
1.788792365E1,3.665191587E-3,5.742133409E-2,-4.886921961E-3
1.789000362E1,3.665191587E-3,5.925392732E-2,-6.108652335E-3
1.789195612E1,1.832595794E-3,5.619960278E-2,-9.162978269E-3
1.789395615E1,6.108652451E-4,5.497787148E-2,-8.552113548E-3
1.789602496E1,3.665191587E-3,5.681046844E-2,-7.330383174E-3
1.789805973E1,3.054326167E-3,5.131268129E-2,-6.108652335E-3
1.790008473E1,6.108652451E-4,5.192354694E-2,-7.330383174E-3
1.790208458E1,3.665191587E-3,5.131268129E-2,-1.038470957E-2
1.790415404E1,0.000000000E0,5.009094998E-2,-8.552113548E-3
1.790618931E1,1.832595794E-3,4.764748737E-2,-9.162978269E-3
1.790826488E1,3.054326167E-3,4.948008433E-2,-1.160643995E-2
1.791045815E1,1.221730490E-3,4.642575979E-2,-9.773843922E-3
1.791222569E1,1.221730490E-3,4.764748737E-2,-9.162978269E-3
1.791422569E1,3.665191587E-3,4.948008433E-2,-1.099557430E-2
1.791629531E1,3.665191587E-3,5.009094998E-2,-1.038470957E-2
1.791833115E1,3.665191587E-3,4.825835302E-2,-9.162978269E-3
1.792040088E1,3.665191587E-3,5.314527452E-2,-1.099557430E-2
1.792243631E1,2.443460980E-3,5.192354694E-2,-9.773843922E-3
1.792450615E1,4.276056774E-3,5.619960278E-2,-1.099557430E-2
1.792654131E1,4.886921961E-3,5.497787148E-2,-1.099557430E-2
1.792854154E1,6.108652335E-3,5.925392732E-2,-1.160643995E-2
1.793070973E1,6.108652335E-3,5.864306539E-2,-1.404990070E-2
1.793261554E1,7.330383174E-3,6.169738993E-2,-9.773843922E-3
1.793461565E1,7.330383174E-3,6.169738993E-2,-1.038470957E-2
1.793668504E1,7.941247895E-3,6.414084882E-2,-1.160643995E-2
1.793871896E1,8.552113548E-3,6.719517708E-2,-1.038470957E-2
1.794078892E1,8.552113548E-3,6.658431143E-2,-8.552113548E-3
1.794282423E1,9.773843922E-3,6.902777404E-2,-1.343903504E-2
1.794489327E1,1.038470957E-2,6.780604273E-2,-9.773843922E-3
1.794692811E1,7.330383174E-3,6.963863969E-2,-6.108652335E-3
1.794900227E1,1.038470957E-2,7.086037099E-2,-9.162978269E-3
1.795100661E1,1.038470957E-2,7.024950534E-2,-8.552113548E-3
1.795295977E1,9.773843922E-3,7.024950534E-2,-6.108652335E-3
1.795495938E1,1.160643995E-2,7.269296050E-2,-1.038470957E-2
1.795702858E1,1.038470957E-2,7.208210230E-2,-7.941247895E-3
1.795906373E1,9.773843922E-3,7.452555746E-2,-4.276056774E-3
1.796113273E1,1.160643995E-2,7.147123665E-2,-1.038470957E-2
1.796316711E1,1.038470957E-2,7.208210230E-2,-5.497787148E-3
1.796523673E1,1.038470957E-2,7.391469181E-2,-4.276056774E-3
1.796727173E1,8.552113548E-3,7.391469181E-2,-5.497787148E-3
1.796930342E1,1.099557430E-2,7.452555746E-2,-6.719517522E-3
1.797138365E1,1.282817032E-2,7.208210230E-2,-6.719517522E-3
1.797333715E1,9.773843922E-3,7.330382615E-2,-5.497787148E-3
1.797533688E1,1.038470957E-2,7.086037099E-2,-4.276056774E-3
1.797740615E1,9.162978269E-3,6.963863969E-2,-6.108652335E-3
1.797943988E1,8.552113548E-3,7.024950534E-2,-7.330383174E-3
1.798150900E1,1.160643995E-2,6.719517708E-2,-6.108652335E-3
1.798354358E1,1.160643995E-2,6.902777404E-2,-7.330383174E-3
1.798561300E1,7.330383174E-3,6.658431143E-2,-6.719517522E-3
1.798764746E1,7.330383174E-3,6.475171447E-2,-7.330383174E-3
1.798972177E1,7.941247895E-3,6.352998316E-2,-7.330383174E-3
1.799184888E1,6.719517522E-3,6.108652428E-2,-5.497787148E-3
1.799372046E1,7.330383174E-3,6.047565863E-2,-7.941247895E-3
1.799572038E1,5.497787148E-3,5.925392732E-2,-4.886921961E-3
1.799778958E1,6.108652335E-3,5.803219974E-2,-7.330383174E-3
1.799984000E1,7.330383174E-3,5.436700583E-2,-9.773843922E-3
1.800189411E1,6.719517522E-3,5.314527452E-2,-7.941247895E-3
1.800392931E1,4.276056774E-3,5.253441259E-2,-7.330383174E-3
1.800599881E1,4.886921961E-3,4.825835302E-2,-5.497787148E-3
1.800803346E1,4.886921961E-3,4.764748737E-2,-6.719517522E-3
1.801006561E1,5.497787148E-3,4.825835302E-2,-9.773843922E-3
1.801223419E1,4.886921961E-3,4.642575979E-2,-5.497787148E-3
1.801414034E1,3.665191587E-3,4.337143153E-2,-4.276056774E-3
1.801614038E1,5.497787148E-3,4.276056588E-2,-4.886921961E-3
1.801821054E1,6.108652335E-3,4.153883830E-2,-6.108652335E-3
1.802024592E1,2.443460980E-3,3.726277873E-2,-3.054326167E-3
1.802231619E1,4.886921961E-3,3.543018550E-2,-7.330383174E-3
1.802435211E1,4.276056774E-3,3.420845419E-2,-6.719517522E-3
1.802642104E1,5.497787148E-3,3.359758854E-2,-3.665191587E-3
1.802845669E1,2.443460980E-3,3.237585723E-2,-3.054326167E-3
1.803053335E1,2.443460980E-3,2.748893574E-2,-1.221730490E-3
1.803253696E1,7.330383174E-3,2.748893574E-2,-3.665191587E-3
1.803449096E1,5.497787148E-3,2.565634064E-2,-3.054326167E-3
1.803649158E1,3.665191587E-3,2.443460934E-2,-1.221730490E-3
1.803856131E1,4.276056774E-3,2.260201424E-2,-1.832595794E-3
1.804059723E1,4.886921961E-3,1.893682219E-2,-2.443460980E-3
1.804266723E1,3.665191587E-3,1.771509275E-2,-1.221730490E-3
1.804470304E1,6.108652335E-3,1.893682219E-2,-3.054326167E-3
1.804677342E1,4.886921961E-3,1.343903504E-2,-2.443460980E-3
1.804880884E1,6.719517522E-3,1.527163107E-2,-1.221730490E-3
1.805084196E1,4.276056774E-3,1.160643995E-2,-1.832595794E-3
1.805289111E1,6.719517522E-3,1.099557430E-2,-3.054326167E-3
1.805484384E1,4.276056774E-3,9.773843922E-3,-3.665191587E-3
1.805684415E1,3.054326167E-3,7.941247895E-3,-6.108652451E-4
1.805891334E1,3.665191587E-3,6.719517522E-3,-1.221730490E-3
1.806094827E1,3.665191587E-3,9.773843922E-3,-1.832595794E-3
1.806301865E1,5.497787148E-3,4.886921961E-3,-4.276056774E-3
1.806505350E1,3.054326167E-3,5.497787148E-3,-3.054326167E-3
1.806712315E1,2.443460980E-3,3.054326167E-3,-2.443460980E-3
1.806915758E1,4.886921961E-3,1.221730490E-3,-4.276056774E-3
1.807123196E1,3.665191587E-3,3.054326167E-3,-3.054326167E-3
1.807335919E1,0.000000000E0,1.221730490E-3,-1.221730490E-3
1.807523058E1,1.832595794E-3,1.832595794E-3,-3.665191587E-3
1.807723031E1,1.221730490E-3,1.832595794E-3,-3.054326167E-3
1.807929935E1,3.665191587E-3,1.832595794E-3,-4.886921961E-3
1.808133446E1,1.832595794E-3,1.832595794E-3,-5.497787148E-3
1.808340350E1,1.832595794E-3,1.221730490E-3,-4.886921961E-3
1.808543873E1,1.221730490E-3,1.832595794E-3,-2.443460980E-3
1.808750831E1,1.832595794E-3,4.276056774E-3,-5.497787148E-3
1.808954384E1,6.108652451E-4,3.054326167E-3,-6.719517522E-3
1.809157573E1,-1.832595794E-3,5.497787148E-3,-3.054326167E-3
1.809374296E1,6.108652451E-4,6.719517522E-3,-6.719517522E-3
1.809564896E1,-6.108652451E-4,7.330383174E-3,-4.886921961E-3
1.809764881E1,-1.221730490E-3,7.941247895E-3,-2.443460980E-3
1.809971861E1,-3.665191587E-3,1.099557430E-2,-5.497787148E-3
1.810175350E1,-1.832595794E-3,1.099557430E-2,-5.497787148E-3
1.810382273E1,-3.054326167E-3,1.282817032E-2,-6.108652451E-4
1.810585811E1,-1.832595794E-3,1.466076635E-2,-4.886921961E-3
1.810792754E1,-2.443460980E-3,1.466076635E-2,-4.276056774E-3
1.810996323E1,-1.832595794E-3,1.893682219E-2,-2.443460980E-3
1.811203815E1,1.221730490E-3,2.076941915E-2,-3.054326167E-3
1.811404334E1,-6.108652451E-4,2.076941915E-2,-7.330383174E-3
1.811599800E1,-2.443460980E-3,2.321287990E-2,-1.832595794E-3
1.811799811E1,-6.108652451E-4,2.687807009E-2,-7.941247895E-3
1.812006804E1,-6.108652451E-4,2.565634064E-2,-4.276056774E-3
1.812210358E1,-3.054326167E-3,2.871066704E-2,-3.054326167E-3
1.812417369E1,-2.443460980E-3,2.993239649E-2,-6.108652335E-3
1.812620896E1,-4.276056774E-3,3.054326214E-2,-3.665191587E-3
1.812827854E1,-4.886921961E-3,3.176499158E-2,-1.221730490E-3
1.813031400E1,-4.886921961E-3,3.298672289E-2,-1.832595794E-3
1.813234665E1,-6.108652335E-3,3.176499158E-2,-3.665191587E-3
1.813442688E1,-5.497787148E-3,3.726277873E-2,-5.497787148E-3
1.813638092E1,-4.886921961E-3,3.604105115E-2,-2.443460980E-3
1.813838169E1,-5.497787148E-3,3.604105115E-2,-4.276056774E-3
1.814045138E1,-6.108652335E-3,3.787364438E-2,-1.221730490E-3
1.814248742E1,-4.276056774E-3,3.909537569E-2,-4.886921961E-3
1.814451381E1,-6.108652335E-3,4.092797264E-2,-5.497787148E-3
1.814651415E1,-6.719517522E-3,3.970624134E-2,-1.832595794E-3
1.814858361E1,-7.941247895E-3,4.092797264E-2,-4.276056774E-3
1.815061973E1,-6.108652335E-3,3.970624134E-2,-4.886921961E-3
1.815269615E1,-7.330383174E-3,3.970624134E-2,-6.108652451E-4
1.815489100E1,-7.330383174E-3,4.153883830E-2,-4.276056774E-3
1.815665946E1,-9.773843922E-3,3.970624134E-2,-3.054326167E-3
1.815865969E1,-9.162978269E-3,4.031710699E-2,-1.832595794E-3
1.816072938E1,-1.160643995E-2,4.092797264E-2,-1.221730490E-3
1.816276484E1,-7.330383174E-3,3.909537569E-2,-8.552113548E-3
1.816483496E1,-7.330383174E-3,4.153883830E-2,-4.886921961E-3
1.816686961E1,-9.162978269E-3,4.092797264E-2,-3.665191587E-3
1.816893958E1,-9.162978269E-3,4.092797264E-2,-4.886921961E-3
1.817097450E1,-7.941247895E-3,3.787364438E-2,-3.665191587E-3
1.817300700E1,-7.941247895E-3,3.909537569E-2,-3.665191587E-3
1.817517496E1,-9.162978269E-3,3.726277873E-2,-3.054326167E-3
1.817708104E1,-4.276056774E-3,3.848451003E-2,-3.054326167E-3
1.817908181E1,-6.719517522E-3,3.726277873E-2,-5.497787148E-3
1.818115119E1,-7.941247895E-3,3.604105115E-2,-6.719517522E-3
1.818318615E1,-8.552113548E-3,3.604105115E-2,-4.886921961E-3
1.818525561E1,-7.941247895E-3,3.543018550E-2,-4.276056774E-3
1.818729046E1,-6.719517522E-3,3.420845419E-2,-8.552113548E-3
1.818935942E1,-7.330383174E-3,3.359758854E-2,-4.886921961E-3
1.819139469E1,-7.330383174E-3,3.176499158E-2,-9.162978269E-3
1.819347096E1,-9.162978269E-3,3.115412779E-2,-7.941247895E-3
1.819547446E1,-7.330383174E-3,3.115412779E-2,-6.108652335E-3
1.819742742E1,-6.108652335E-3,2.993239649E-2,-4.276056774E-3
1.819942727E1,-6.719517522E-3,2.748893574E-2,-5.497787148E-3
1.820149631E1,-8.552113548E-3,2.748893574E-2,-6.719517522E-3
1.820353123E1,-9.162978269E-3,2.626720630E-2,-1.099557430E-2
1.820560019E1,-7.941247895E-3,2.382374369E-2,-8.552113548E-3
1.820763427E1,-7.941247895E-3,2.382374369E-2,-9.773843922E-3
1.820970361E1,-7.941247895E-3,2.321287990E-2,-4.886921961E-3
1.821173892E1,-7.941247895E-3,2.199114859E-2,-9.162978269E-3
1.821377123E1,-6.719517522E-3,2.260201424E-2,-9.773843922E-3
1.821585084E1,-6.719517522E-3,1.832595654E-2,-7.941247895E-3
1.821780319E1,-9.162978269E-3,1.771509275E-2,-9.773843922E-3
1.821980304E1,-1.038470957E-2,1.954768784E-2,-9.773843922E-3
1.822187231E1,-9.162978269E-3,1.710422710E-2,-8.552113548E-3
1.822390677E1,-7.941247895E-3,1.771509275E-2,-9.773843922E-3
1.822597611E1,-9.773843922E-3,1.710422710E-2,-7.330383174E-3
1.822801054E1,-1.038470957E-2,1.404990070E-2,-6.108652335E-3
1.823007950E1,-1.038470957E-2,1.527163107E-2,-8.552113548E-3
1.823211354E1,-9.773843922E-3,1.404990070E-2,-9.773843922E-3
1.823418777E1,-1.160643995E-2,1.221730467E-2,-6.719517522E-3
1.823631550E1,-7.941247895E-3,1.160643995E-2,-1.282817032E-2
1.823818604E1,-9.162978269E-3,1.282817032E-2,-9.773843922E-3
1.824018611E1,-9.773843922E-3,1.221730467E-2,-5.497787148E-3
1.824225534E1,-9.162978269E-3,1.160643995E-2,-9.162978269E-3
1.824429058E1,-1.099557430E-2,1.160643995E-2,-4.886921961E-3
1.824635980E1,-9.773843922E-3,1.099557430E-2,-4.886921961E-3
1.824839400E1,-8.552113548E-3,1.038470957E-2,-7.330383174E-3
1.825046292E1,-7.941247895E-3,1.038470957E-2,-5.497787148E-3
1.825249692E1,-7.330383174E-3,1.038470957E-2,-7.941247895E-3
1.825452861E1,-7.941247895E-3,9.162978269E-3,-7.330383174E-3
1.825669646E1,-4.886921961E-3,9.162978269E-3,-6.108652335E-3
1.825860242E1,-7.330383174E-3,8.552113548E-3,-5.497787148E-3
1.826060250E1,-6.719517522E-3,9.773843922E-3,-6.108652335E-3
1.826267177E1,-6.719517522E-3,9.162978269E-3,-6.719517522E-3
1.826470630E1,-6.719517522E-3,8.552113548E-3,-7.330383174E-3
1.826677584E1,-7.330383174E-3,7.941247895E-3,-3.665191587E-3
1.826881011E1,-4.886921961E-3,8.552113548E-3,-6.108652335E-3
1.827087927E1,-8.552113548E-3,7.941247895E-3,-6.108652335E-3
1.827291434E1,-4.886921961E-3,8.552113548E-3,-5.497787148E-3
1.827498842E1,-5.497787148E-3,1.221730467E-2,-4.276056774E-3
1.827699277E1,-4.276056774E-3,1.038470957E-2,-7.330383174E-3
1.827894584E1,-3.665191587E-3,1.282817032E-2,-6.719517522E-3
1.828094592E1,-4.886921961E-3,1.099557430E-2,-4.276056774E-3
1.828301508E1,-2.443460980E-3,1.282817032E-2,-7.941247895E-3
1.828504930E1,-3.054326167E-3,1.282817032E-2,-6.719517522E-3
1.828711811E1,-3.054326167E-3,1.343903504E-2,-4.886921961E-3
1.828915280E1,-2.443460980E-3,1.404990070E-2,-6.108652335E-3
1.829122196E1,-1.221730490E-3,1.588249579E-2,-6.719517522E-3
1.829325615E1,-6.108652451E-4,1.771509275E-2,-3.054326167E-3
1.829528727E1,-1.221730490E-3,1.649336144E-2,-6.108652335E-3
1.829736615E1,-6.108652451E-4,1.832595654E-2,-7.941247895E-3
1.829931911E1,0.000000000E0,1.954768784E-2,-6.108652335E-3
1.830131908E1,-1.221730490E-3,2.076941915E-2,-7.941247895E-3
1.830338796E1,-1.221730490E-3,2.260201424E-2,-4.886921961E-3
1.830542254E1,-1.221730490E-3,2.076941915E-2,-1.832595794E-3
1.830749184E1,-1.221730490E-3,2.626720630E-2,-7.941247895E-3
1.830952650E1,0.000000000E0,2.504547499E-2,-6.108652335E-3
1.831159600E1,0.000000000E0,2.443460934E-2,-6.719517522E-3
1.831363092E1,1.832595794E-3,2.565634064E-2,-6.108652335E-3
1.831570550E1,1.221730490E-3,2.748893574E-2,-7.330383174E-3
1.831783334E1,-6.108652451E-4,2.687807009E-2,-5.497787148E-3
1.831970357E1,1.832595794E-3,2.871066704E-2,-7.941247895E-3
1.832170273E1,1.221730490E-3,2.932153270E-2,-7.941247895E-3
1.832377130E1,2.443460980E-3,2.748893574E-2,-3.054326167E-3
1.832580580E1,2.443460980E-3,2.748893574E-2,-7.941247895E-3
1.832787511E1,2.443460980E-3,2.871066704E-2,-9.773843922E-3
1.832990934E1,1.832595794E-3,2.809980139E-2,-9.162978269E-3
1.833197761E1,1.832595794E-3,2.748893574E-2,-9.773843922E-3
1.833401127E1,1.832595794E-3,2.687807009E-2,-1.099557430E-2
1.833604215E1,3.665191587E-3,2.687807009E-2,-8.552113548E-3
1.833820973E1,6.108652335E-3,2.626720630E-2,-1.099557430E-2
1.834011442E1,2.443460980E-3,2.504547499E-2,-9.162978269E-3
1.834211434E1,3.054326167E-3,2.382374369E-2,-7.941247895E-3
1.834418323E1,1.832595794E-3,2.015855350E-2,-1.038470957E-2
1.834621804E1,4.276056774E-3,1.771509275E-2,-8.552113548E-3
1.834828715E1,7.330383174E-3,1.710422710E-2,-1.160643995E-2
1.835032146E1,4.886921961E-3,1.710422710E-2,-1.343903504E-2
1.835239069E1,3.054326167E-3,1.343903504E-2,-7.330383174E-3
1.835442504E1,3.665191587E-3,1.466076635E-2,-1.038470957E-2
1.835650077E1,4.886921961E-3,9.773843922E-3,-1.404990070E-2
1.835850377E1,4.886921961E-3,7.330383174E-3,-1.038470957E-2
1.836045719E1,4.276056774E-3,6.108652335E-3,-9.773843922E-3
1.836245746E1,4.886921961E-3,3.665191587E-3,-1.466076635E-2
1.836452665E1,3.054326167E-3,0.000000000E0,-9.162978269E-3
1.836656165E1,2.443460980E-3,-1.832595794E-3,-1.099557430E-2
1.836863061E1,1.832595794E-3,-4.276056774E-3,-1.466076635E-2
1.837066538E1,6.108652451E-4,-5.497787148E-3,-8.552113548E-3
1.837273492E1,-1.221730490E-3,-8.552113548E-3,-8.552113548E-3
1.837476992E1,-6.108652451E-4,-1.099557430E-2,-1.404990070E-2
1.837680231E1,6.108652451E-4,-1.343903504E-2,-7.330383174E-3
1.837888292E1,-2.443460980E-3,-1.527163107E-2,-6.719517522E-3
1.838083642E1,-6.108652451E-4,-1.710422710E-2,-1.099557430E-2
1.838283615E1,-1.221730490E-3,-1.893682219E-2,-3.665191587E-3
1.838490584E1,-2.443460980E-3,-2.138028294E-2,-4.886921961E-3
1.838694084E1,0.000000000E0,-1.710422710E-2,-1.099557430E-2
1.838896727E1,-5.497787148E-3,-2.015855350E-2,-3.665191587E-3
1.839096781E1,-4.886921961E-3,-1.893682219E-2,-5.497787148E-3
1.839303700E1,-3.665191587E-3,-1.588249579E-2,-9.162978269E-3
1.839507211E1,-4.276056774E-3,-1.221730467E-2,-6.108652335E-3
1.839714623E1,-3.665191587E-3,-1.160643995E-2,-6.108652335E-3
1.839933954E1,-6.108652335E-3,-6.719517522E-3,-7.330383174E-3
1.840110580E1,-6.108652335E-3,-3.054326167E-3,-6.108652335E-3
1.840310607E1,-3.665191587E-3,1.832595794E-3,-6.719517522E-3
1.840517523E1,-6.108652335E-3,5.497787148E-3,-9.773843922E-3
1.840722507E1,-4.886921961E-3,1.160643995E-2,-7.941247895E-3
1.840928054E1,-3.054326167E-3,1.466076635E-2,-1.038470957E-2
1.841131542E1,-3.054326167E-3,2.138028294E-2,-8.552113548E-3
1.841338496E1,-3.054326167E-3,2.565634064E-2,-7.941247895E-3
1.841541961E1,-3.665191587E-3,3.115412779E-2,-1.221730467E-2
1.841745154E1,-1.832595794E-3,3.726277873E-2,-1.221730467E-2
1.841961977E1,-3.665191587E-3,3.970624134E-2,-9.162978269E-3
1.842152527E1,-1.832595794E-3,4.581489414E-2,-1.282817032E-2
1.842352577E1,-3.054326167E-3,4.886921868E-2,-1.038470957E-2
1.842559538E1,-3.665191587E-3,5.619960278E-2,-1.160643995E-2
1.842763065E1,-3.054326167E-3,6.047565863E-2,-1.099557430E-2
1.842970019E1,-1.832595794E-3,6.230825558E-2,-8.552113548E-3
1.843173561E1,-1.832595794E-3,6.841690838E-2,-8.552113548E-3
1.843380584E1,-4.276056774E-3,6.963863969E-2,-1.099557430E-2
1.843584004E1,-2.443460980E-3,7.147123665E-2,-8.552113548E-3
1.843791511E1,-2.443460980E-3,7.635815442E-2,-7.941247895E-3
1.843991946E1,-3.054326167E-3,7.574728876E-2,-7.941247895E-3
1.844187319E1,-4.886921961E-3,7.880161703E-2,-4.276056774E-3
1.844387265E1,-2.443460980E-3,7.880161703E-2,-5.497787148E-3
1.844594288E1,-3.054326167E-3,7.819075137E-2,-6.719517522E-3
1.844797815E1,-6.108652335E-3,8.002334833E-2,-5.497787148E-3
1.845004734E1,-2.443460980E-3,7.757988572E-2,-6.719517522E-3
1.845208246E1,-5.497787148E-3,7.269296050E-2,-5.497787148E-3
1.845415184E1,-8.552113548E-3,7.513642311E-2,-2.443460980E-3
1.845618692E1,-6.719517522E-3,7.147123665E-2,-6.719517522E-3
1.845821904E1,-6.108652335E-3,6.719517708E-2,-4.886921961E-3
1.846030038E1,-5.497787148E-3,6.291911751E-2,-1.221730490E-3
1.846225254E1,-7.330383174E-3,6.291911751E-2,-3.054326167E-3
1.846425411E1,-7.330383174E-3,5.864306539E-2,-4.886921961E-3
1.846632361E1,-6.108652335E-3,5.803219974E-2,-5.497787148E-3
1.846835915E1,-9.773843922E-3,5.436700583E-2,-4.886921961E-3
1.847042877E1,-9.162978269E-3,5.009094998E-2,-3.665191587E-3
1.847246396E1,-6.108652335E-3,4.764748737E-2,-3.665191587E-3
1.847453334E1,-8.552113548E-3,4.520402849E-2,-3.665191587E-3
1.847656784E1,-7.330383174E-3,4.337143153E-2,-6.719517522E-3
1.847864234E1,-7.941247895E-3,4.092797264E-2,-3.665191587E-3
1.848076923E1,-8.552113548E-3,4.031710699E-2,-5.497787148E-3
1.848263980E1,-7.941247895E-3,3.909537569E-2,-6.108652335E-3
1.848463957E1,-6.719517522E-3,3.726277873E-2,-6.108652335E-3
1.848670854E1,-4.886921961E-3,3.848451003E-2,-7.941247895E-3
1.848874392E1,-3.665191587E-3,3.481931984E-2,-6.108652335E-3
1.849081277E1,-5.497787148E-3,3.237585723E-2,-7.330383174E-3
1.849284792E1,-6.719517522E-3,3.237585723E-2,-6.719517522E-3
1.849491638E1,-6.108652335E-3,3.176499158E-2,-4.276056774E-3
1.849695181E1,-3.665191587E-3,3.237585723E-2,-8.552113548E-3
1.849898323E1,-4.276056774E-3,3.115412779E-2,-7.330383174E-3
1.850115150E1,-5.497787148E-3,3.176499158E-2,-5.497787148E-3
1.850305754E1,-4.886921961E-3,3.054326214E-2,-4.886921961E-3
1.850505742E1,-4.276056774E-3,3.298672289E-2,-7.941247895E-3
1.850712600E1,-6.108652335E-3,3.420845419E-2,-6.108652335E-3
1.850916119E1,-4.886921961E-3,3.543018550E-2,-6.108652335E-3
1.851123134E1,-4.886921961E-3,3.665191308E-2,-5.497787148E-3
1.851326600E1,-5.497787148E-3,3.604105115E-2,-8.552113548E-3
1.851533573E1,-7.330383174E-3,3.543018550E-2,-6.108652335E-3
1.851737042E1,-7.330383174E-3,3.726277873E-2,-3.665191587E-3
1.851944692E1,-3.665191587E-3,3.665191308E-2,-7.330383174E-3
1.852145084E1,-7.330383174E-3,3.604105115E-2,-5.497787148E-3
1.852340427E1,-5.497787148E-3,3.787364438E-2,-6.719517522E-3
1.852540427E1,-8.552113548E-3,3.848451003E-2,-6.108652335E-3
1.852747304E1,-1.099557430E-2,3.604105115E-2,-7.941247895E-3
1.852950777E1,-9.773843922E-3,3.787364438E-2,-8.552113548E-3
1.853157730E1,-8.552113548E-3,3.604105115E-2,-1.160643995E-2
1.853361246E1,-1.038470957E-2,3.543018550E-2,-5.497787148E-3
1.853568154E1,-1.038470957E-2,3.604105115E-2,-9.773843922E-3
1.853771642E1,-9.773843922E-3,3.481931984E-2,-9.162978269E-3
1.853974842E1,-1.099557430E-2,3.237585723E-2,-6.719517522E-3
1.854182823E1,-1.038470957E-2,3.115412779E-2,-1.099557430E-2
1.854378204E1,-1.099557430E-2,3.359758854E-2,-1.160643995E-2
1.854578211E1,-1.221730467E-2,2.871066704E-2,-6.108652335E-3
1.854785150E1,-1.221730467E-2,2.809980139E-2,-9.162978269E-3
1.854988584E1,-1.160643995E-2,2.809980139E-2,-1.038470957E-2
1.855195523E1,-1.343903504E-2,2.932153270E-2,-9.162978269E-3
1.855399046E1,-1.466076635E-2,2.504547499E-2,-7.941247895E-3
1.855605950E1,-1.221730467E-2,2.504547499E-2,-1.038470957E-2
1.855809427E1,-1.404990070E-2,2.382374369E-2,-9.162978269E-3
1.856016923E1,-1.282817032E-2,2.443460934E-2,-1.160643995E-2
1.856229669E1,-1.466076635E-2,2.382374369E-2,-9.162978269E-3
1.856416750E1,-1.221730467E-2,2.443460934E-2,-1.038470957E-2
1.856616673E1,-1.343903504E-2,2.260201424E-2,-1.099557430E-2
1.856823596E1,-1.282817032E-2,2.260201424E-2,-9.162978269E-3
1.857027123E1,-1.282817032E-2,2.443460934E-2,-9.162978269E-3
1.857234077E1,-1.099557430E-2,2.443460934E-2,-1.221730467E-2
1.857437527E1,-1.160643995E-2,2.504547499E-2,-1.221730467E-2
1.857644446E1,-1.099557430E-2,2.565634064E-2,-9.773843922E-3
1.857847842E1,-1.099557430E-2,2.443460934E-2,-1.282817032E-2
1.858050973E1,-9.162978269E-3,2.443460934E-2,-1.038470957E-2
1.858267819E1,-1.221730467E-2,2.504547499E-2,-9.162978269E-3
1.858458457E1,-1.221730467E-2,2.626720630E-2,-1.160643995E-2
1.858658388E1,-1.343903504E-2,2.626720630E-2,-1.221730467E-2
1.858865323E1,-9.773843922E-3,2.504547499E-2,-1.099557430E-2
1.859068757E1,-1.099557430E-2,2.565634064E-2,-9.162978269E-3
1.859275719E1,-1.160643995E-2,2.565634064E-2,-9.162978269E-3
1.859479204E1,-1.099557430E-2,2.687807009E-2,-7.330383174E-3
1.859686134E1,-1.221730467E-2,2.626720630E-2,-8.552113548E-3
1.859889657E1,-1.038470957E-2,2.809980139E-2,-9.773843922E-3
1.860097211E1,-9.162978269E-3,2.748893574E-2,-9.773843922E-3
1.860297680E1,-1.099557430E-2,2.809980139E-2,-1.282817032E-2
1.860493004E1,-1.343903504E-2,2.748893574E-2,-6.719517522E-3
1.860693015E1,-1.343903504E-2,2.871066704E-2,-7.941247895E-3
1.860899984E1,-1.404990070E-2,2.871066704E-2,-9.773843922E-3
1.861103527E1,-1.466076635E-2,2.932153270E-2,-7.330383174E-3
1.861310450E1,-1.221730467E-2,2.993239649E-2,-7.941247895E-3
1.861513969E1,-1.527163107E-2,3.176499158E-2,-9.162978269E-3
1.861720988E1,-1.404990070E-2,3.237585723E-2,-9.773843922E-3
1.861924519E1,-1.404990070E-2,3.176499158E-2,-8.552113548E-3
1.862127930E1,-1.771509275E-2,3.298672289E-2,-1.343903504E-2
1.862335965E1,-1.588249579E-2,3.298672289E-2,-1.038470957E-2
1.862531334E1,-1.710422710E-2,3.298672289E-2,-9.162978269E-3
1.862731357E1,-1.771509275E-2,3.298672289E-2,-1.099557430E-2
1.862938319E1,-1.832595654E-2,3.237585723E-2,-9.162978269E-3
1.863141827E1,-1.893682219E-2,3.481931984E-2,-1.038470957E-2
1.863344365E1,-1.893682219E-2,3.481931984E-2,-1.282817032E-2
1.863544392E1,-2.076941915E-2,3.237585723E-2,-1.038470957E-2
1.863751327E1,-1.832595654E-2,3.298672289E-2,-1.038470957E-2
1.863954834E1,-2.015855350E-2,3.176499158E-2,-1.343903504E-2
1.864162380E1,-1.954768784E-2,3.054326214E-2,-7.941247895E-3
1.864381719E1,-2.015855350E-2,2.993239649E-2,-8.552113548E-3
1.864558365E1,-2.138028294E-2,3.115412779E-2,-8.552113548E-3
1.864758392E1,-2.260201424E-2,2.809980139E-2,-6.719517522E-3
1.864965307E1,-2.138028294E-2,2.626720630E-2,-6.719517522E-3
1.865168804E1,-2.321287990E-2,2.809980139E-2,-8.552113548E-3
1.865375815E1,-2.321287990E-2,2.626720630E-2,-4.276056774E-3
1.865579192E1,-2.260201424E-2,2.504547499E-2,-7.330383174E-3
1.865786184E1,-2.382374369E-2,2.565634064E-2,-9.773843922E-3
1.865989642E1,-2.382374369E-2,2.626720630E-2,-6.719517522E-3
1.866192796E1,-2.565634064E-2,2.687807009E-2,-7.941247895E-3
1.866409604E1,-2.260201424E-2,2.626720630E-2,-7.941247895E-3
1.866600204E1,-2.626720630E-2,2.504547499E-2,-2.443460980E-3
1.866800146E1,-2.504547499E-2,2.443460934E-2,-8.552113548E-3
1.867007176E1,-2.260201424E-2,2.626720630E-2,-9.162978269E-3
1.867210657E1,-2.504547499E-2,2.565634064E-2,-3.665191587E-3
1.867417626E1,-2.321287990E-2,2.565634064E-2,-9.162978269E-3
1.867621061E1,-2.382374369E-2,2.626720630E-2,-7.330383174E-3
1.867827992E1,-2.565634064E-2,2.993239649E-2,-5.497787148E-3
1.868031419E1,-2.199114859E-2,3.176499158E-2,-1.221730467E-2
1.868239038E1,-2.199114859E-2,3.298672289E-2,-8.552113548E-3
1.868439407E1,-2.138028294E-2,3.420845419E-2,-9.162978269E-3
1.868634754E1,-2.076941915E-2,3.420845419E-2,-1.099557430E-2
1.868834738E1,-2.260201424E-2,3.726277873E-2,-9.162978269E-3
1.869041773E1,-2.321287990E-2,3.665191308E-2,-9.162978269E-3
1.869245246E1,-1.954768784E-2,3.970624134E-2,-1.466076635E-2
1.869452234E1,-2.015855350E-2,3.909537569E-2,-1.221730467E-2
1.869655711E1,-1.954768784E-2,4.153883830E-2,-1.160643995E-2
1.869862792E1,-2.199114859E-2,4.092797264E-2,-1.221730467E-2
1.870066288E1,-2.199114859E-2,4.276056588E-2,-1.404990070E-2
1.870269507E1,-1.771509275E-2,4.337143153E-2,-1.404990070E-2
1.870477542E1,-1.954768784E-2,4.581489414E-2,-1.466076635E-2
1.870672950E1,-1.832595654E-2,4.459316283E-2,-1.343903504E-2
1.870872965E1,-1.893682219E-2,4.276056588E-2,-1.466076635E-2
1.871079923E1,-1.527163107E-2,4.520402849E-2,-1.649336144E-2
1.871283373E1,-1.588249579E-2,4.642575979E-2,-1.710422710E-2
1.871490319E1,-1.710422710E-2,4.459316283E-2,-1.710422710E-2
1.871693834E1,-1.466076635E-2,4.581489414E-2,-1.527163107E-2
1.871900827E1,-1.710422710E-2,4.581489414E-2,-1.588249579E-2
1.872104315E1,-1.466076635E-2,4.764748737E-2,-1.832595654E-2
1.872311830E1,-1.343903504E-2,4.642575979E-2,-1.588249579E-2
1.872524557E1,-1.527163107E-2,4.703662544E-2,-1.893682219E-2
1.872711669E1,-1.466076635E-2,4.764748737E-2,-1.588249579E-2
1.872911600E1,-1.343903504E-2,4.825835302E-2,-1.832595654E-2
1.873118573E1,-1.404990070E-2,4.703662544E-2,-1.771509275E-2
1.873322100E1,-1.160643995E-2,4.703662544E-2,-1.771509275E-2
1.873529088E1,-1.404990070E-2,4.764748737E-2,-1.649336144E-2
1.873732634E1,-1.282817032E-2,4.948008433E-2,-1.649336144E-2
1.873939569E1,-1.649336144E-2,5.070181563E-2,-1.649336144E-2
1.874143138E1,-1.282817032E-2,4.825835302E-2,-1.771509275E-2
1.874343192E1,-1.527163107E-2,4.948008433E-2,-1.710422710E-2
1.874560061E1,-1.588249579E-2,4.764748737E-2,-1.771509275E-2
1.874750661E1,-1.343903504E-2,4.825835302E-2,-1.954768784E-2
1.874950688E1,-1.221730467E-2,4.886921868E-2,-1.832595654E-2
1.875157673E1,-1.466076635E-2,4.886921868E-2,-1.771509275E-2
1.875361226E1,-1.588249579E-2,4.642575979E-2,-1.649336144E-2
1.875568153E1,-1.221730467E-2,4.642575979E-2,-1.771509275E-2
1.875771738E1,-1.527163107E-2,4.459316283E-2,-1.588249579E-2
1.875978777E1,-1.343903504E-2,4.459316283E-2,-1.527163107E-2
1.876182377E1,-1.527163107E-2,4.337143153E-2,-2.015855350E-2
1.876389880E1,-1.466076635E-2,4.398229718E-2,-1.527163107E-2
1.876590269E1,-1.466076635E-2,4.153883830E-2,-1.710422710E-2
1.876785669E1,-1.466076635E-2,3.970624134E-2,-1.771509275E-2
1.876985746E1,-1.404990070E-2,4.031710699E-2,-1.649336144E-2
1.877192700E1,-1.404990070E-2,3.726277873E-2,-1.588249579E-2
1.877396257E1,-1.466076635E-2,3.665191308E-2,-1.771509275E-2
1.877603253E1,-1.466076635E-2,3.481931984E-2,-1.404990070E-2
1.877806788E1,-1.343903504E-2,3.420845419E-2,-1.710422710E-2
1.878013769E1,-1.221730467E-2,3.298672289E-2,-1.649336144E-2
1.878217292E1,-1.404990070E-2,3.054326214E-2,-1.527163107E-2
1.878420446E1,-1.038470957E-2,3.237585723E-2,-1.954768784E-2
1.878628434E1,-1.221730467E-2,2.993239649E-2,-1.466076635E-2
1.878823688E1,-1.099557430E-2,2.993239649E-2,-1.771509275E-2
1.879023646E1,-1.160643995E-2,2.871066704E-2,-1.527163107E-2
1.879230503E1,-1.343903504E-2,2.809980139E-2,-1.343903504E-2
1.879434011E1,-1.038470957E-2,2.687807009E-2,-1.527163107E-2
1.879640850E1,-1.099557430E-2,2.687807009E-2,-1.710422710E-2
1.879844288E1,-9.162978269E-3,2.565634064E-2,-1.649336144E-2
1.880048423E1,-1.221730467E-2,2.626720630E-2,-1.649336144E-2
1.880214577E1,-9.773843922E-3,2.382374369E-2,-1.710422710E-2
1.880357277E1,-1.038470957E-2,2.565634064E-2,-1.649336144E-2
1.880569926E1,-1.099557430E-2,2.382374369E-2,-1.649336144E-2
1.880756900E1,-1.038470957E-2,2.321287990E-2,-1.649336144E-2
1.880956811E1,-9.162978269E-3,2.260201424E-2,-1.832595654E-2
1.881163707E1,-7.330383174E-3,2.199114859E-2,-1.649336144E-2
1.881368607E1,-9.162978269E-3,2.199114859E-2,-1.466076635E-2
1.881573984E1,-1.099557430E-2,2.138028294E-2,-1.588249579E-2
1.881777403E1,-9.162978269E-3,2.138028294E-2,-1.588249579E-2
1.881984227E1,-1.038470957E-2,2.138028294E-2,-1.404990070E-2
1.882187703E1,-9.162978269E-3,2.382374369E-2,-1.343903504E-2
1.882390842E1,-9.773843922E-3,2.199114859E-2,-1.221730467E-2
1.882607580E1,-9.162978269E-3,2.260201424E-2,-1.282817032E-2
1.882798092E1,-7.330383174E-3,2.321287990E-2,-1.343903504E-2
1.882998042E1,-9.162978269E-3,2.199114859E-2,-1.221730467E-2
1.883204923E1,-8.552113548E-3,2.260201424E-2,-1.282817032E-2
1.883408338E1,-6.719517522E-3,2.260201424E-2,-1.221730467E-2
1.883615246E1,-9.773843922E-3,2.504547499E-2,-1.343903504E-2
1.883818661E1,-9.162978269E-3,2.382374369E-2,-1.160643995E-2
1.884025515E1,-7.941247895E-3,2.504547499E-2,-1.038470957E-2
1.884228988E1,-7.330383174E-3,2.321287990E-2,-1.038470957E-2
1.884436600E1,-7.330383174E-3,2.626720630E-2,-1.038470957E-2
1.884636911E1,-6.719517522E-3,2.382374369E-2,-1.038470957E-2
1.884832234E1,-6.719517522E-3,2.871066704E-2,-1.160643995E-2
1.885032180E1,-9.162978269E-3,2.565634064E-2,-1.160643995E-2
1.885239119E1,-5.497787148E-3,2.871066704E-2,-1.099557430E-2
1.885442511E1,-5.497787148E-3,2.932153270E-2,-1.038470957E-2
1.885649419E1,-6.108652335E-3,2.871066704E-2,-1.343903504E-2
1.885852923E1,-7.330383174E-3,2.993239649E-2,-1.038470957E-2
1.886059838E1,-7.330383174E-3,3.054326214E-2,-1.160643995E-2
1.886263276E1,-3.665191587E-3,3.176499158E-2,-1.221730467E-2
1.886466330E1,-6.719517522E-3,3.359758854E-2,-1.099557430E-2
1.886674288E1,-7.330383174E-3,3.237585723E-2,-1.221730467E-2
1.886869596E1,-4.276056774E-3,3.420845419E-2,-1.099557430E-2
1.887069538E1,-5.497787148E-3,3.237585723E-2,-7.941247895E-3
1.887276457E1,-7.330383174E-3,3.298672289E-2,-1.160643995E-2
1.887479850E1,-9.162978269E-3,3.237585723E-2,-9.162978269E-3
1.887682292E1,-6.108652335E-3,3.359758854E-2,-9.773843922E-3
1.887882296E1,-6.108652335E-3,3.543018550E-2,-9.773843922E-3
1.888089119E1,-8.552113548E-3,3.420845419E-2,-8.552113548E-3
1.888292507E1,-7.330383174E-3,3.359758854E-2,-6.719517522E-3
1.888499946E1,-6.719517522E-3,3.604105115E-2,-1.221730467E-2
1.888719265E1,-9.162978269E-3,3.298672289E-2,-1.099557430E-2
1.888895826E1,-1.160643995E-2,3.176499158E-2,-6.108652335E-3
1.889095757E1,-6.108652335E-3,3.298672289E-2,-9.773843922E-3
1.889302707E1,-1.038470957E-2,3.176499158E-2,-8.552113548E-3
1.889506092E1,-8.552113548E-3,3.054326214E-2,-8.552113548E-3
1.889713007E1,-7.330383174E-3,3.115412779E-2,-9.162978269E-3
1.889916373E1,-8.552113548E-3,2.809980139E-2,-9.162978269E-3
1.890123253E1,-9.773843922E-3,2.687807009E-2,-7.330383174E-3
1.890326676E1,-9.162978269E-3,2.504547499E-2,-1.038470957E-2
1.890529738E1,-6.719517522E-3,2.443460934E-2,-7.941247895E-3
1.890746515E1,-6.108652335E-3,2.321287990E-2,-1.038470957E-2
1.890937061E1,-6.719517522E-3,2.138028294E-2,-9.773843922E-3
1.891136973E1,-6.719517522E-3,2.076941915E-2,-9.162978269E-3
1.891343815E1,-6.719517522E-3,1.954768784E-2,-8.552113548E-3
1.891547192E1,-1.038470957E-2,1.771509275E-2,-8.552113548E-3
1.891754034E1,-9.773843922E-3,1.466076635E-2,-9.162978269E-3
1.891957400E1,-9.773843922E-3,1.343903504E-2,-7.941247895E-3
1.892164296E1,-1.038470957E-2,1.160643995E-2,-1.099557430E-2
1.892367780E1,-1.038470957E-2,9.773843922E-3,-6.108652335E-3
1.892575315E1,-1.038470957E-2,9.773843922E-3,-6.719517522E-3
1.892775734E1,-1.160643995E-2,9.162978269E-3,-7.941247895E-3
1.892971053E1,-1.404990070E-2,7.941247895E-3,-6.719517522E-3
1.893171019E1,-1.221730467E-2,6.108652335E-3,-5.497787148E-3
1.893377992E1,-1.282817032E-2,5.497787148E-3,-6.108652335E-3
1.893581457E1,-1.099557430E-2,7.941247895E-3,-5.497787148E-3
1.893788396E1,-1.099557430E-2,6.719517522E-3,-6.719517522E-3
1.893991857E1,-1.221730467E-2,6.108652335E-3,-1.221730467E-2
1.894198815E1,-1.160643995E-2,7.330383174E-3,-6.719517522E-3
1.894402226E1,-1.099557430E-2,4.886921961E-3,-9.162978269E-3
1.894605334E1,-9.162978269E-3,9.162978269E-3,-8.552113548E-3
1.894813273E1,-8.552113548E-3,8.552113548E-3,-8.552113548E-3
1.895008461E1,-7.330383174E-3,1.282817032E-2,-1.038470957E-2
1.895208423E1,-8.552113548E-3,1.527163107E-2,-1.343903504E-2
1.895415315E1,-7.330383174E-3,2.015855350E-2,-1.343903504E-2
1.895618742E1,-6.108652335E-3,2.199114859E-2,-1.404990070E-2
1.895825650E1,-7.941247895E-3,2.504547499E-2,-1.588249579E-2
1.896029011E1,-4.276056774E-3,3.176499158E-2,-1.771509275E-2
1.896235823E1,-4.276056774E-3,3.359758854E-2,-1.710422710E-2
1.896439315E1,-1.221730490E-3,3.970624134E-2,-2.076941915E-2
1.896646796E1,-6.108652451E-4,4.276056588E-2,-1.832595654E-2
1.896859484E1,-1.221730490E-3,4.825835302E-2,-2.015855350E-2
1.897046523E1,0.000000000E0,5.009094998E-2,-2.504547499E-2
1.897246450E1,1.832595794E-3,5.864306539E-2,-2.015855350E-2
1.897453388E1,0.000000000E0,5.925392732E-2,-1.832595654E-2
1.897656761E1,1.221730490E-3,6.536258012E-2,-2.076941915E-2
1.897863684E1,6.108652451E-4,7.024950534E-2,-2.015855350E-2
1.898067215E1,2.443460980E-3,7.208210230E-2,-1.893682219E-2
1.898274026E1,1.832595794E-3,7.635815442E-2,-1.954768784E-2
1.898477476E1,2.443460980E-3,8.307767659E-2,-1.771509275E-2
1.898680646E1,1.832595794E-3,8.368854225E-2,-1.832595654E-2
1.898897396E1,2.443460980E-3,8.613199741E-2,-1.771509275E-2
1.899088003E1,1.832595794E-3,8.918632567E-2,-1.527163107E-2
1.899287965E1,3.054326167E-3,8.918632567E-2,-1.771509275E-2
1.899494873E1,6.108652451E-4,9.224065393E-2,-1.649336144E-2
1.899698230E1,1.221730490E-3,9.346238524E-2,-1.221730467E-2
1.899905184E1,-6.108652451E-4,9.224065393E-2,-1.404990070E-2
1.900108584E1,1.832595794E-3,9.224065393E-2,-1.343903504E-2
1.900315430E1,0.000000000E0,8.857546002E-2,-1.099557430E-2
1.900518823E1,1.221730490E-3,8.552113175E-2,-1.160643995E-2
1.900726407E1,0.000000000E0,8.491026610E-2,-9.773843922E-3
1.900926692E1,0.000000000E0,8.063421398E-2,-6.719517522E-3
1.901121984E1,1.221730490E-3,7.696902007E-2,-1.038470957E-2
1.901321957E1,1.832595794E-3,7.391469181E-2,-8.552113548E-3
1.901528853E1,1.832595794E-3,6.902777404E-2,-4.886921961E-3
1.901732250E1,0.000000000E0,6.475171447E-2,-6.719517522E-3
1.901939203E1,0.000000000E0,6.291911751E-2,-6.108652335E-3
1.902142676E1,6.108652451E-4,5.986479297E-2,-4.886921961E-3
1.902349507E1,1.221730490E-3,5.619960278E-2,-8.552113548E-3
1.902553007E1,1.832595794E-3,5.375614017E-2,-6.108652335E-3
1.902756188E1,3.665191587E-3,5.009094998E-2,-7.941247895E-3
1.902964153E1,1.832595794E-3,4.948008433E-2,-9.773843922E-3
1.903159376E1,6.108652451E-4,4.948008433E-2,-1.099557430E-2
1.903359392E1,-1.221730490E-3,4.520402849E-2,-7.941247895E-3
1.903566238E1,-1.832595794E-3,4.642575979E-2,-9.773843922E-3
1.903769715E1,-2.443460980E-3,4.398229718E-2,-7.941247895E-3
1.903976550E1,-6.108652451E-4,4.398229718E-2,-1.466076635E-2
1.904180042E1,-1.832595794E-3,4.337143153E-2,-6.719517522E-3
1.904387003E1,-6.108652451E-4,4.337143153E-2,-1.038470957E-2
1.904590473E1,-3.665191587E-3,4.214970022E-2,-1.160643995E-2
1.904798042E1,-5.497787148E-3,4.276056588E-2,-9.162978269E-3
1.905010826E1,-6.108652335E-3,4.398229718E-2,-1.038470957E-2
1.905197803E1,-5.497787148E-3,4.459316283E-2,-9.773843922E-3
1.905397850E1,-7.330383174E-3,4.520402849E-2,-1.038470957E-2
1.905604757E1,-6.719517522E-3,4.581489414E-2,-1.038470957E-2
1.905808226E1,-9.162978269E-3,4.398229718E-2,-1.038470957E-2
1.906015123E1,-9.162978269E-3,4.825835302E-2,-7.330383174E-3
1.906218626E1,-1.160643995E-2,5.009094998E-2,-1.099557430E-2
1.906425588E1,-9.162978269E-3,5.192354694E-2,-7.330383174E-3
1.906629053E1,-1.099557430E-2,5.497787148E-2,-7.330383174E-3
1.906832253E1,-1.160643995E-2,5.497787148E-2,-8.552113548E-3
1.907049403E1,-1.099557430E-2,5.742133409E-2,-7.330383174E-3
1.907236446E1,-1.099557430E-2,5.742133409E-2,-9.162978269E-3
1.907436396E1,-1.160643995E-2,6.169738993E-2,-7.330383174E-3
1.907643319E1,-1.527163107E-2,5.986479297E-2,-4.276056774E-3
1.907846800E1,-1.343903504E-2,6.169738993E-2,-6.719517522E-3
1.908053700E1,-1.404990070E-2,6.352998316E-2,-6.719517522E-3
1.908257134E1,-1.343903504E-2,6.352998316E-2,-3.054326167E-3
1.908464096E1,-1.588249579E-2,6.352998316E-2,-3.665191587E-3
1.908667550E1,-1.343903504E-2,6.352998316E-2,-4.886921961E-3
1.908874976E1,-1.649336144E-2,6.536258012E-2,-2.443460980E-3
1.909075415E1,-1.588249579E-2,6.352998316E-2,-2.443460980E-3
1.909270734E1,-1.588249579E-2,6.352998316E-2,-1.221730490E-3
1.909470657E1,-1.527163107E-2,6.108652428E-2,0.000000000E0
1.909677657E1,-1.527163107E-2,5.986479297E-2,-2.443460980E-3
1.909881000E1,-1.527163107E-2,5.864306539E-2,-3.054326167E-3
1.910087826E1,-1.099557430E-2,5.681046844E-2,-4.276056774E-3
1.910291250E1,-1.282817032E-2,5.558873713E-2,-3.054326167E-3
1.910498107E1,-1.099557430E-2,5.192354694E-2,-4.276056774E-3
1.910701465E1,-1.343903504E-2,4.764748737E-2,-2.443460980E-3
1.910904600E1,-9.162978269E-3,4.764748737E-2,-3.665191587E-3
1.911112526E1,-8.552113548E-3,4.581489414E-2,-2.443460980E-3
1.911307792E1,-9.162978269E-3,4.031710699E-2,-3.054326167E-3
1.911507738E1,-7.941247895E-3,3.787364438E-2,-5.497787148E-3
1.911714565E1,-1.221730490E-3,3.543018550E-2,-4.276056774E-3
1.911918019E1,-5.497787148E-3,3.054326214E-2,-3.665191587E-3
1.912120499E1,-3.665191587E-3,2.871066704E-2,-3.054326167E-3
1.912320434E1,-3.054326167E-3,2.382374369E-2,-1.832595794E-3
1.912527288E1,-2.443460980E-3,2.321287990E-2,1.221730490E-3
1.912730726E1,-1.832595794E-3,1.832595654E-2,0.000000000E0
1.912938219E1,-1.832595794E-3,1.649336144E-2,1.221730490E-3
1.913157703E1,-2.443460980E-3,1.466076635E-2,2.443460980E-3
1.913334315E1,-6.108652451E-4,1.160643995E-2,0.000000000E0
1.913534311E1,-3.665191587E-3,1.038470957E-2,6.108652451E-4
1.913741111E1,-6.719517522E-3,8.552113548E-3,1.221730490E-3
1.913944599E1,-2.443460980E-3,1.038470957E-2,1.832595794E-3
1.914151503E1,-5.497787148E-3,7.330383174E-3,3.665191587E-3
1.914354999E1,-6.108652335E-3,5.497787148E-3,3.665191587E-3
1.914561869E1,-9.162978269E-3,7.330383174E-3,3.054326167E-3
1.914765261E1,-1.038470957E-2,7.330383174E-3,6.108652335E-3
1.914968434E1,-1.099557430E-2,9.773843922E-3,4.276056774E-3
1.915185188E1,-9.773843922E-3,7.330383174E-3,3.054326167E-3
1.915375649E1,-1.343903504E-2,1.038470957E-2,2.443460980E-3
1.915575661E1,-1.282817032E-2,1.099557430E-2,5.497787148E-3
1.915782538E1,-1.527163107E-2,1.099557430E-2,3.665191587E-3
1.915985938E1,-1.527163107E-2,1.038470957E-2,3.665191587E-3
1.916192884E1,-1.466076635E-2,1.221730467E-2,4.276056774E-3
1.916396303E1,-1.771509275E-2,1.343903504E-2,4.276056774E-3
1.916603253E1,-1.771509275E-2,1.466076635E-2,6.108652451E-4
1.916806699E1,-1.893682219E-2,1.649336144E-2,1.221730490E-3
1.917014299E1,-2.015855350E-2,1.404990070E-2,1.221730490E-3
1.917214569E1,-2.015855350E-2,1.527163107E-2,3.665191587E-3
1.917409826E1,-2.260201424E-2,1.588249579E-2,0.000000000E0
1.917609707E1,-2.382374369E-2,1.588249579E-2,3.054326167E-3
1.917816519E1,-2.076941915E-2,1.832595654E-2,1.221730490E-3
1.918019938E1,-2.382374369E-2,1.710422710E-2,1.832595794E-3
1.918226803E1,-2.382374369E-2,1.893682219E-2,0.000000000E0
1.918430211E1,-2.504547499E-2,1.710422710E-2,0.000000000E0
1.918637057E1,-2.565634064E-2,1.893682219E-2,1.221730490E-3
1.918840503E1,-2.443460934E-2,2.015855350E-2,6.108652451E-4
1.919043615E1,-2.932153270E-2,2.015855350E-2,5.497787148E-3
1.919251542E1,-2.748893574E-2,2.138028294E-2,4.886921961E-3
1.919446784E1,-2.687807009E-2,2.199114859E-2,4.276056774E-3
1.919646757E1,-2.871066704E-2,2.260201424E-2,4.886921961E-3
1.919853592E1,-2.932153270E-2,2.260201424E-2,7.330383174E-3
1.920057019E1,-3.115412779E-2,2.260201424E-2,7.941247895E-3
1.920263953E1,-2.993239649E-2,2.565634064E-2,7.941247895E-3
1.920467373E1,-2.809980139E-2,2.504547499E-2,7.941247895E-3
1.920674349E1,-2.809980139E-2,2.565634064E-2,1.099557430E-2
1.920877730E1,-2.871066704E-2,2.382374369E-2,1.160643995E-2
1.921085107E1,-2.687807009E-2,2.565634064E-2,1.282817032E-2
1.921297715E1,-2.626720630E-2,2.504547499E-2,8.552113548E-3
1.921484761E1,-2.504547499E-2,2.443460934E-2,1.282817032E-2
1.921684672E1,-2.199114859E-2,2.382374369E-2,1.466076635E-2
1.921891538E1,-2.260201424E-2,2.015855350E-2,1.771509275E-2
1.922096419E1,-1.710422710E-2,2.076941915E-2,1.649336144E-2
1.922301719E1,-1.649336144E-2,1.771509275E-2,1.771509275E-2
1.922505180E1,-1.282817032E-2,1.771509275E-2,1.893682219E-2
1.922712046E1,-1.099557430E-2,1.404990070E-2,2.015855350E-2
1.922915403E1,-1.038470957E-2,1.404990070E-2,1.893682219E-2
1.923118522E1,-6.108652335E-3,1.038470957E-2,1.954768784E-2
1.923335423E1,-3.054326167E-3,8.552113548E-3,2.260201424E-2
1.923526038E1,-3.054326167E-3,7.330383174E-3,2.076941915E-2
1.923725999E1,0.000000000E0,6.108652335E-3,2.015855350E-2
1.923932876E1,1.221730490E-3,5.497787148E-3,2.076941915E-2
1.924136361E1,3.665191587E-3,4.886921961E-3,2.076941915E-2
1.924343292E1,4.276056774E-3,3.054326167E-3,2.321287990E-2
1.924546753E1,5.497787148E-3,1.221730490E-3,2.076941915E-2
1.924753746E1,6.108652335E-3,2.443460980E-3,1.710422710E-2
1.924957169E1,6.719517522E-3,3.054326167E-3,2.138028294E-2
1.925164711E1,9.162978269E-3,1.832595794E-3,2.138028294E-2
1.925365165E1,3.665191587E-3,1.832595794E-3,1.954768784E-2
1.925560546E1,5.497787148E-3,1.832595794E-3,1.832595654E-2
1.925760569E1,2.443460980E-3,1.832595794E-3,1.771509275E-2
1.925967469E1,2.443460980E-3,3.665191587E-3,1.588249579E-2
1.926171046E1,3.054326167E-3,5.497787148E-3,1.527163107E-2
1.926377969E1,1.221730490E-3,6.108652335E-3,1.527163107E-2
1.926581438E1,-1.221730490E-3,4.276056774E-3,1.343903504E-2
1.926788446E1,-2.443460980E-3,5.497787148E-3,1.099557430E-2
1.926992049E1,-4.886921961E-3,4.886921961E-3,1.466076635E-2
1.927195165E1,-5.497787148E-3,9.162978269E-3,7.330383174E-3
1.927403238E1,-5.497787148E-3,6.719517522E-3,6.719517522E-3
1.927598557E1,-8.552113548E-3,8.552113548E-3,9.773843922E-3
1.927798599E1,-5.497787148E-3,7.941247895E-3,8.552113548E-3
1.928005603E1,-9.773843922E-3,7.941247895E-3,6.108652335E-3
1.928209157E1,-1.099557430E-2,7.330383174E-3,3.054326167E-3
1.928416061E1,-1.282817032E-2,8.552113548E-3,-6.108652451E-4
1.928619476E1,-8.552113548E-3,7.330383174E-3,-1.832595794E-3
1.928826380E1,-1.160643995E-2,6.719517522E-3,-2.443460980E-3
1.929029822E1,-1.282817032E-2,6.719517522E-3,-4.886921961E-3
1.929237272E1,-1.527163107E-2,6.719517522E-3,-3.054326167E-3
1.929449942E1,-1.527163107E-2,4.276056774E-3,-1.221730490E-3
1.929637011E1,-1.893682219E-2,5.497787148E-3,-5.497787148E-3
1.929837007E1,-1.954768784E-2,4.276056774E-3,-3.054326167E-3
1.930043934E1,-1.954768784E-2,3.054326167E-3,-1.832595794E-3
1.930247407E1,-2.015855350E-2,2.443460980E-3,-7.330383174E-3
1.930454380E1,-2.076941915E-2,-6.108652451E-4,-5.497787148E-3
1.930657842E1,-1.893682219E-2,-6.108652451E-4,-6.719517522E-3
1.930864772E1,-2.076941915E-2,-4.276056774E-3,-6.108652335E-3
1.931068222E1,-2.260201424E-2,-5.497787148E-3,-4.276056774E-3
1.931271346E1,-2.260201424E-2,-6.108652335E-3,-4.276056774E-3
1.931488119E1,-2.260201424E-2,-1.038470957E-2,-3.665191587E-3
1.931678661E1,-2.076941915E-2,-1.099557430E-2,-5.497787148E-3
1.931878615E1,-2.321287990E-2,-1.343903504E-2,-3.054326167E-3
1.932085546E1,-2.199114859E-2,-1.649336144E-2,-4.886921961E-3
1.932288957E1,-2.138028294E-2,-1.649336144E-2,-2.443460980E-3
1.932495857E1,-2.321287990E-2,-2.199114859E-2,1.221730490E-3
1.932699319E1,-2.076941915E-2,-2.565634064E-2,6.108652451E-4
1.932906176E1,-2.015855350E-2,-2.748893574E-2,-2.443460980E-3
1.933109584E1,-2.199114859E-2,-3.054326214E-2,1.221730490E-3
1.933317142E1,-2.321287990E-2,-3.481931984E-2,6.108652451E-4
1.933517453E1,-2.504547499E-2,-3.787364438E-2,4.886921961E-3
1.933712761E1,-2.260201424E-2,-3.787364438E-2,4.886921961E-3
1.933912688E1,-2.443460934E-2,-4.153883830E-2,2.443460980E-3
1.934119603E1,-2.321287990E-2,-4.398229718E-2,6.719517522E-3
1.934323053E1,-2.626720630E-2,-4.825835302E-2,7.330383174E-3
1.934530015E1,-2.443460934E-2,-4.948008433E-2,7.330383174E-3
1.934733469E1,-2.382374369E-2,-5.253441259E-2,1.099557430E-2
1.934940469E1,-2.443460934E-2,-5.314527452E-2,1.038470957E-2
1.935143911E1,-2.565634064E-2,-5.742133409E-2,1.160643995E-2
1.935347007E1,-2.565634064E-2,-5.864306539E-2,1.099557430E-2
1.935554946E1,-2.748893574E-2,-5.986479297E-2,1.404990070E-2
1.935750230E1,-2.626720630E-2,-6.108652428E-2,1.221730467E-2
1.935950265E1,-2.748893574E-2,-6.169738993E-2,1.343903504E-2
1.936157146E1,-2.748893574E-2,-6.169738993E-2,1.710422710E-2
1.936360657E1,-2.626720630E-2,-6.108652428E-2,1.527163107E-2
1.936563219E1,-2.748893574E-2,-6.230825558E-2,1.771509275E-2
1.936763172E1,-2.748893574E-2,-6.291911751E-2,1.893682219E-2
1.936970072E1,-2.809980139E-2,-6.169738993E-2,1.771509275E-2
1.937173522E1,-2.748893574E-2,-6.047565863E-2,1.710422710E-2
1.937381003E1,-2.687807009E-2,-5.986479297E-2,1.832595654E-2
1.937600449E1,-2.565634064E-2,-5.803219974E-2,1.710422710E-2
1.937777038E1,-2.748893574E-2,-5.864306539E-2,1.954768784E-2
1.937976992E1,-2.260201424E-2,-5.681046844E-2,1.588249579E-2
1.938183880E1,-2.504547499E-2,-5.864306539E-2,1.771509275E-2
1.938387272E1,-2.321287990E-2,-5.619960278E-2,1.832595654E-2
1.938594184E1,-1.954768784E-2,-5.619960278E-2,1.649336144E-2
1.938797626E1,-2.321287990E-2,-5.558873713E-2,1.466076635E-2
1.939004622E1,-2.015855350E-2,-5.436700583E-2,1.282817032E-2
1.939208026E1,-1.832595654E-2,-5.558873713E-2,1.466076635E-2
1.939411130E1,-2.076941915E-2,-5.253441259E-2,1.404990070E-2
1.939627884E1,-1.588249579E-2,-5.253441259E-2,1.404990070E-2
1.939818461E1,-1.404990070E-2,-5.436700583E-2,9.773843922E-3
1.940018388E1,-1.527163107E-2,-5.314527452E-2,1.038470957E-2
1.940225230E1,-1.343903504E-2,-5.558873713E-2,9.162978269E-3
1.940428672E1,-1.099557430E-2,-5.314527452E-2,8.552113548E-3
1.940635499E1,-1.038470957E-2,-5.497787148E-2,4.276056774E-3
1.940839007E1,-1.160643995E-2,-5.619960278E-2,6.108652335E-3
1.941045892E1,-6.719517522E-3,-5.558873713E-2,4.276056774E-3
1.941249319E1,-9.162978269E-3,-5.742133409E-2,3.054326167E-3
1.941456738E1,-6.719517522E-3,-5.742133409E-2,3.665191587E-3
1.941657172E1,-4.886921961E-3,-5.925392732E-2,1.221730490E-3
1.941852488E1,-5.497787148E-3,-5.925392732E-2,-6.108652451E-4
1.942052457E1,-4.276056774E-3,-6.108652428E-2,0.000000000E0
1.942259361E1,-3.054326167E-3,-6.414084882E-2,0.000000000E0
1.942462834E1,-3.665191587E-3,-6.230825558E-2,-1.832595794E-3
1.942669703E1,-3.054326167E-3,-6.475171447E-2,6.108652451E-4
1.942873196E1,-1.832595794E-3,-6.536258012E-2,6.108652451E-4
1.943080084E1,-1.221730490E-3,-6.597344577E-2,-1.221730490E-3
1.943283592E1,-1.832595794E-3,-6.841690838E-2,-1.221730490E-3
1.943486753E1,-2.443460980E-3,-6.658431143E-2,0.000000000E0
1.943694711E1,-1.221730490E-3,-6.841690838E-2,-3.665191587E-3
1.943889992E1,1.832595794E-3,-6.719517708E-2,-4.276056774E-3
1.944089926E1,1.221730490E-3,-6.719517708E-2,-4.886921961E-3
1.944296872E1,1.832595794E-3,-6.658431143E-2,-4.276056774E-3
1.944500326E1,1.832595794E-3,-6.719517708E-2,-4.886921961E-3
1.944707180E1,4.276056774E-3,-6.597344577E-2,-6.719517522E-3
1.944910646E1,4.886921961E-3,-6.475171447E-2,-6.719517522E-3
1.945117596E1,5.497787148E-3,-6.597344577E-2,-4.886921961E-3
1.945321069E1,8.552113548E-3,-6.475171447E-2,-7.941247895E-3
1.945528549E1,9.162978269E-3,-6.352998316E-2,-8.552113548E-3
1.945741268E1,1.038470957E-2,-6.352998316E-2,-1.099557430E-2
1.945928326E1,1.160643995E-2,-6.169738993E-2,-9.162978269E-3
1.946128303E1,1.221730467E-2,-5.986479297E-2,-9.162978269E-3
1.946335261E1,1.343903504E-2,-6.047565863E-2,-8.552113548E-3
1.946538792E1,1.527163107E-2,-6.108652428E-2,-7.330383174E-3
1.946745734E1,1.771509275E-2,-5.864306539E-2,-9.773843922E-3
1.946949246E1,1.771509275E-2,-5.803219974E-2,-1.038470957E-2
1.947156265E1,1.954768784E-2,-5.681046844E-2,-8.552113548E-3
1.947359746E1,1.954768784E-2,-5.558873713E-2,-7.330383174E-3
1.947562942E1,2.138028294E-2,-5.681046844E-2,-9.162978269E-3
1.947779776E1,2.076941915E-2,-5.558873713E-2,-8.552113548E-3
1.947970399E1,2.321287990E-2,-5.375614017E-2,-7.330383174E-3
1.948170361E1,2.321287990E-2,-5.375614017E-2,-5.497787148E-3
1.948377253E1,2.138028294E-2,-5.253441259E-2,-6.719517522E-3
1.948580757E1,2.260201424E-2,-5.009094998E-2,-5.497787148E-3
1.948787680E1,2.321287990E-2,-5.253441259E-2,-4.276056774E-3
1.948991161E1,2.443460934E-2,-5.253441259E-2,-4.276056774E-3
1.949198088E1,2.626720630E-2,-5.314527452E-2,-3.665191587E-3
1.949401630E1,2.321287990E-2,-5.131268129E-2,-4.276056774E-3
1.949609199E1,2.321287990E-2,-5.314527452E-2,-3.054326167E-3
1.949809572E1,2.748893574E-2,-5.131268129E-2,-4.886921961E-3
1.950004872E1,2.809980139E-2,-5.253441259E-2,-9.773843922E-3
1.950204861E1,2.382374369E-2,-5.192354694E-2,-4.886921961E-3
1.950411772E1,2.504547499E-2,-5.192354694E-2,-4.276056774E-3
1.950615265E1,2.687807009E-2,-5.009094998E-2,-7.330383174E-3
1.950822142E1,2.626720630E-2,-4.886921868E-2,-3.054326167E-3
1.951025630E1,2.748893574E-2,-4.581489414E-2,-6.108652335E-3
1.951232492E1,2.932153270E-2,-4.153883830E-2,-9.773843922E-3
1.951436011E1,2.443460934E-2,-4.092797264E-2,-7.330383174E-3
1.951639172E1,2.443460934E-2,-3.665191308E-2,-5.497787148E-3
1.951847138E1,2.809980139E-2,-3.420845419E-2,-8.552113548E-3
1.952042438E1,2.687807009E-2,-3.176499158E-2,-7.941247895E-3
1.952242403E1,2.687807009E-2,-2.871066704E-2,-6.108652335E-3
1.952449365E1,2.748893574E-2,-2.565634064E-2,-4.276056774E-3
1.952652772E1,2.565634064E-2,-2.565634064E-2,-3.054326167E-3
1.952859642E1,2.565634064E-2,-2.138028294E-2,-3.054326167E-3
1.953063072E1,2.443460934E-2,-1.893682219E-2,-1.832595794E-3
1.953269988E1,2.382374369E-2,-1.832595654E-2,2.443460980E-3
1.953473472E1,2.443460934E-2,-1.832595654E-2,3.665191587E-3
1.953680976E1,2.260201424E-2,-1.893682219E-2,6.719517522E-3
1.953893699E1,2.076941915E-2,-1.771509275E-2,6.108652335E-3
1.954080768E1,2.321287990E-2,-1.832595654E-2,4.276056774E-3
1.954280753E1,2.138028294E-2,-1.954768784E-2,1.038470957E-2
1.954487676E1,1.954768784E-2,-2.076941915E-2,1.099557430E-2
1.954691172E1,2.015855350E-2,-2.382374369E-2,1.038470957E-2
1.954898076E1,1.893682219E-2,-2.871066704E-2,1.588249579E-2
1.955101584E1,1.710422710E-2,-3.237585723E-2,1.649336144E-2
1.955308465E1,2.015855350E-2,-3.543018550E-2,1.771509275E-2
1.955511965E1,2.015855350E-2,-4.337143153E-2,1.832595654E-2
1.955715180E1,2.076941915E-2,-5.009094998E-2,2.076941915E-2
1.955931957E1,1.710422710E-2,-5.375614017E-2,2.321287990E-2
1.956122507E1,1.771509275E-2,-6.414084882E-2,2.443460934E-2
1.956322465E1,1.649336144E-2,-7.208210230E-2,2.443460934E-2
1.956529388E1,1.893682219E-2,-7.757988572E-2,2.626720630E-2
1.956732857E1,1.771509275E-2,-8.857546002E-2,2.748893574E-2
1.956939742E1,1.710422710E-2,-9.834930301E-2,2.260201424E-2
1.957143242E1,1.588249579E-2,-1.038470939E-1,2.871066704E-2
1.957350149E1,1.466076635E-2,-1.148426682E-1,2.932153270E-2
1.957553572E1,1.527163107E-2,-1.252273768E-1,2.504547499E-2
1.957761007E1,1.343903504E-2,-1.307251602E-1,2.932153270E-2
1.957961465E1,1.466076635E-2,-1.392772794E-1,2.809980139E-2
1.958156634E1,1.466076635E-2,-1.490511149E-1,2.626720630E-2
1.958356568E1,1.221730467E-2,-1.521054506E-1,2.809980139E-2
1.958563515E1,1.160643995E-2,-1.606575549E-1,2.932153270E-2
1.958766961E1,8.552113548E-3,-1.704314053E-1,2.932153270E-2
1.958973880E1,1.160643995E-2,-1.710422635E-1,2.565634064E-2
1.959177315E1,9.773843922E-3,-1.795943826E-1,2.871066704E-2
1.959384165E1,1.038470957E-2,-1.832595766E-1,2.260201424E-2
1.959587557E1,8.552113548E-3,-1.850921661E-1,2.626720630E-2
1.959790672E1,7.941247895E-3,-1.924225539E-1,2.871066704E-2
1.959995257E1,6.108652335E-3,-1.954768747E-1,2.565634064E-2
1.960190542E1,7.941247895E-3,-1.960877478E-1,2.687807009E-2
1.960390415E1,6.719517522E-3,-1.991420686E-1,2.443460934E-2
1.960597284E1,7.941247895E-3,-2.028072625E-1,2.565634064E-2
1.960800634E1,5.497787148E-3,-2.028072625E-1,2.809980139E-2
1.961003099E1,3.665191587E-3,-2.028072625E-1,2.871066704E-2
1.961203053E1,5.497787148E-3,-2.046398520E-1,2.565634064E-2
1.961409961E1,3.054326167E-3,-2.046398520E-1,2.871066704E-2
1.961613499E1,5.497787148E-3,-2.052507252E-1,2.809980139E-2
1.961821022E1,4.886921961E-3,-2.028072625E-1,2.809980139E-2
1.962040380E1,4.276056774E-3,-2.052507252E-1,3.176499158E-2
1.962216945E1,2.443460980E-3,-2.034181207E-1,3.359758854E-2
1.962416861E1,3.054326167E-3,-2.040289938E-1,3.420845419E-2
1.962623695E1,1.832595794E-3,-2.021963894E-1,3.481931984E-2
1.962828607E1,-1.832595794E-3,-1.997529417E-1,3.848451003E-2
1.963034057E1,-6.108652451E-4,-1.979203373E-1,3.787364438E-2
1.963237453E1,-2.443460980E-3,-1.985312104E-1,4.276056588E-2
1.963444403E1,-5.497787148E-3,-1.948660165E-1,4.214970022E-2
1.963647838E1,-3.054326167E-3,-1.942551434E-1,4.398229718E-2
1.963851026E1,-6.719517522E-3,-1.924225539E-1,4.520402849E-2
1.964067826E1,-7.941247895E-3,-1.905899495E-1,4.703662544E-2
1.964258368E1,-9.773843922E-3,-1.905899495E-1,4.886921868E-2
1.964458299E1,-1.038470957E-2,-1.905899495E-1,5.070181563E-2
1.964665257E1,-1.343903504E-2,-1.893682331E-1,5.131268129E-2
1.964868753E1,-1.343903504E-2,-1.899790913E-1,5.436700583E-2
1.965075742E1,-1.466076635E-2,-1.893682331E-1,5.681046844E-2
1.965279195E1,-1.771509275E-2,-1.905899495E-1,5.803219974E-2
1.965486107E1,-1.649336144E-2,-1.930334121E-1,5.864306539E-2
1.965689499E1,-1.832595654E-2,-1.948660165E-1,6.047565863E-2
1.965897076E1,-1.893682219E-2,-1.973094791E-1,6.108652428E-2
1.966097572E1,-2.076941915E-2,-2.003637999E-1,6.475171447E-2
1.966292853E1,-2.015855350E-2,-2.089159191E-1,7.086037099E-2
1.966492888E1,-1.832595654E-2,-2.089159191E-1,6.719517708E-2
1.966699699E1,-1.954768784E-2,-2.162462920E-1,6.841690838E-2
1.966903176E1,-1.893682219E-2,-2.235766798E-1,7.086037099E-2
1.967110095E1,-2.015855350E-2,-2.284636050E-1,7.269296050E-2
1.967313611E1,-1.954768784E-2,-2.339613885E-1,7.147123665E-2
1.967520507E1,-1.954768784E-2,-2.425135076E-1,7.452555746E-2
1.967724088E1,-1.710422710E-2,-2.510656118E-1,7.269296050E-2
1.967924026E1,-1.710422710E-2,-2.559525371E-1,7.574728876E-2
1.968131918E1,-1.649336144E-2,-2.657263875E-1,7.635815442E-2
1.968327234E1,-1.527163107E-2,-2.742784917E-1,7.513642311E-2
1.968527211E1,-1.160643995E-2,-2.797762752E-1,7.513642311E-2
1.968734107E1,-1.282817032E-2,-2.895501256E-1,7.513642311E-2
1.968937549E1,-7.941247895E-3,-2.993239760E-1,7.452555746E-2
1.969144565E1,-7.941247895E-3,-3.029891551E-1,7.330382615E-2
1.969348099E1,-3.665191587E-3,-3.133738637E-1,7.330382615E-2
1.969555022E1,-4.276056774E-3,-3.213151097E-1,7.086037099E-2
1.969758507E1,-3.054326167E-3,-3.262020350E-1,7.330382615E-2
1.969966045E1,-4.276056774E-3,-3.323107064E-1,7.086037099E-2
1.970178780E1,-1.832595794E-3,-3.408628106E-1,6.719517708E-2
1.970365888E1,6.108652451E-4,-3.463605940E-1,6.841690838E-2
1.970565868E1,4.276056774E-3,-3.518583775E-1,6.475171447E-2
1.970772769E1,6.108652335E-3,-3.573561609E-1,6.047565863E-2
1.970976168E1,6.719517522E-3,-3.610213697E-1,6.108652428E-2
1.971183038E1,1.038470957E-2,-3.659082949E-1,5.803219974E-2
1.971386403E1,1.221730467E-2,-3.689626157E-1,5.314527452E-2
1.971593203E1,1.221730467E-2,-3.726277947E-1,5.192354694E-2
1.971796657E1,1.466076635E-2,-3.762930036E-1,4.948008433E-2
1.971999753E1,1.771509275E-2,-3.811798990E-1,4.764748737E-2
1.972216434E1,1.954768784E-2,-3.848451078E-1,4.825835302E-2
1.972406930E1,1.710422710E-2,-3.866777122E-1,4.703662544E-2
1.972606830E1,2.199114859E-2,-3.885102868E-1,4.214970022E-2
1.972813642E1,2.015855350E-2,-3.921754956E-1,4.031710699E-2
1.973017092E1,2.626720630E-2,-3.940080702E-1,3.848451003E-2
1.973223953E1,2.687807009E-2,-3.970624208E-1,3.848451003E-2
1.973427418E1,2.687807009E-2,-4.025602043E-1,4.092797264E-2
1.973634330E1,2.871066704E-2,-4.043927789E-1,3.604105115E-2
1.973837768E1,2.932153270E-2,-4.098905921E-1,3.543018550E-2
1.974045322E1,3.115412779E-2,-4.159992337E-1,3.665191308E-2
1.974245722E1,2.932153270E-2,-4.202753007E-1,3.604105115E-2
1.974441011E1,3.115412779E-2,-4.251621962E-1,3.481931984E-2
1.974640980E1,2.809980139E-2,-4.343251884E-1,3.787364438E-2
1.974847880E1,2.871066704E-2,-4.367686510E-1,3.543018550E-2
1.975051330E1,2.504547499E-2,-4.440990388E-1,3.543018550E-2
1.975258399E1,2.076941915E-2,-4.514294267E-1,3.726277873E-2
1.975461792E1,2.015855350E-2,-4.538728893E-1,3.909537569E-2
1.975668665E1,1.649336144E-2,-4.624249935E-1,4.276056588E-2
1.975872122E1,1.221730467E-2,-4.691445231E-1,4.276056588E-2
1.976072115E1,9.773843922E-3,-4.715879560E-1,4.520402849E-2
1.976280076E1,3.054326167E-3,-4.770857692E-1,4.825835302E-2
1.976475253E1,1.221730490E-3,-4.838052690E-1,5.558873713E-2
1.976675126E1,-6.108652451E-4,-4.856378734E-1,5.864306539E-2
1.976882084E1,-6.719517522E-3,-4.911356568E-1,6.047565863E-2
1.977085492E1,-8.552113548E-3,-4.972442985E-1,6.780604273E-2
1.977292395E1,-1.038470957E-2,-5.009095073E-1,7.086037099E-2
1.977495792E1,-1.343903504E-2,-5.088507533E-1,7.391469181E-2
1.977702645E1,-1.343903504E-2,-5.174028873E-1,7.696902007E-2
1.977906034E1,-1.832595654E-2,-5.204572082E-1,7.941248268E-2
1.978113388E1,-1.954768784E-2,-5.296201706E-1,8.124507964E-2
1.978326065E1,-2.015855350E-2,-5.393940210E-1,8.857546002E-2
1.978513130E1,-1.893682219E-2,-5.430592299E-1,9.285151958E-2
1.978712980E1,-2.138028294E-2,-5.534439087E-1,9.224065393E-2
1.978919857E1,-2.199114859E-2,-5.674937963E-1,9.957103431E-2
1.979123230E1,-2.321287990E-2,-5.784893632E-1,9.896016866E-2
1.979330076E1,-2.138028294E-2,-5.864306092E-1,1.001819000E-1
1.979533422E1,-2.138028294E-2,-5.980370641E-1,1.032362282E-1
1.979740261E1,-2.015855350E-2,-6.114761233E-1,1.056796908E-1
1.979943692E1,-2.015855350E-2,-6.175847650E-1,1.020144969E-1
1.980143649E1,-2.076941915E-2,-6.304129362E-1,1.069014147E-1
1.980360465E1,-2.076941915E-2,-6.426302195E-1,1.099557430E-1
1.980550938E1,-2.260201424E-2,-6.487388611E-1,1.075122803E-1
1.980750868E1,-2.443460934E-2,-6.627888083E-1,1.105666086E-1
1.980957753E1,-2.260201424E-2,-6.750060916E-1,1.093448773E-1
1.981161184E1,-2.504547499E-2,-6.823364496E-1,1.093448773E-1
1.981368053E1,-2.565634064E-2,-6.939429045E-1,1.123992056E-1
1.981571415E1,-2.871066704E-2,-7.073819637E-1,1.099557430E-1
1.981778376E1,-3.054326214E-2,-7.128797174E-1,1.117883399E-1
1.981981718E1,-3.298672289E-2,-7.263187766E-1,1.160643995E-1
1.982189407E1,-3.481931984E-2,-7.379252315E-1,1.142318025E-1
1.982389707E1,-3.909537569E-2,-7.452555895E-1,1.160643995E-1
1.982585065E1,-4.276056588E-2,-7.568620443E-1,1.166752651E-1
1.982784884E1,-4.520402849E-2,-7.684684992E-1,1.185078546E-1
1.982991745E1,-4.459316283E-2,-7.745771408E-1,1.148426682E-1
1.983195215E1,-5.009094998E-2,-7.880161405E-1,1.197295859E-1
1.983402080E1,-5.436700583E-2,-7.977899909E-1,1.197295859E-1
1.983605449E1,-5.803219974E-2,-8.032878041E-1,1.221730486E-1
1.983812372E1,-5.803219974E-2,-8.148942590E-1,1.270599663E-1
1.984015749E1,-5.986479297E-2,-8.258898258E-1,1.270599663E-1
1.984215772E1,-6.230825558E-2,-8.326093554E-1,1.276708394E-1
1.984423718E1,-6.414084882E-2,-8.436049223E-1,1.301143020E-1
1.984619018E1,-6.658431143E-2,-8.576548100E-1,1.307251602E-1
1.984818880E1,-6.963863969E-2,-8.613200188E-1,1.331686229E-1
1.985025772E1,-6.902777404E-2,-8.759807348E-1,1.356120855E-1
1.985229211E1,-7.024950534E-2,-8.869763613E-1,1.374446750E-1
1.985431634E1,-6.780604273E-2,-8.985827565E-1,1.380555481E-1
1.985631599E1,-6.658431143E-2,-9.040805697E-1,1.411098689E-1
1.985838522E1,-6.902777404E-2,-9.162978530E-1,1.478293836E-1
1.986041945E1,-6.536258012E-2,-9.260717034E-1,1.496619880E-1
1.986249334E1,-6.291911751E-2,-9.297369123E-1,1.508837193E-1
1.986468630E1,-6.108652428E-2,-9.407324791E-1,1.539380401E-1
1.986645242E1,-5.986479297E-2,-9.511171579E-1,1.600466967E-1
1.986845095E1,-6.047565863E-2,-9.541715384E-1,1.637118906E-1
1.987051980E1,-5.497787148E-2,-9.651671052E-1,1.643227488E-1
1.987255384E1,-5.131268129E-2,-9.737191796E-1,1.667662114E-1
1.987462280E1,-5.009094998E-2,-9.786061049E-1,1.722639948E-1
1.987665680E1,-4.581489414E-2,-9.847147465E-1,1.698205322E-1
1.987872518E1,-4.581489414E-2,-9.920451641E-1,1.771509200E-1
1.988075915E1,-4.214970022E-2,-9.957103729E-1,1.789835095E-1
1.988275926E1,-3.787364438E-2,-1.004262447E0,1.844813079E-1
1.988492614E1,-3.604105115E-2,-1.010982037E0,1.887573600E-1
1.988683130E1,-3.115412779E-2,-1.013425469E0,1.893682331E-1
1.988883107E1,-2.993239649E-2,-1.020144939E0,1.918116808E-1
1.989090003E1,-2.382374369E-2,-1.026864529E0,1.979203373E-1
1.989293411E1,-2.138028294E-2,-1.030529618E0,2.003637999E-1
1.989500222E1,-1.649336144E-2,-1.037249207E0,2.028072625E-1
1.989703630E1,-1.343903504E-2,-1.043357849E0,2.107485086E-1
1.989910568E1,-1.038470957E-2,-1.047633886E0,2.119702399E-1
1.990113992E1,-7.330383174E-3,-1.056185961E0,2.150245607E-1
1.990321422E1,-4.886921961E-3,-1.059851170E0,2.223549485E-1
1.990521799E1,-3.054326167E-3,-1.062294602E0,2.254092693E-1
1.990717134E1,-6.108652451E-4,-1.070846796E0,2.309070677E-1
1.990917034E1,4.276056774E-3,-1.078177214E0,2.388483137E-1
1.991123838E1,5.497787148E-3,-1.078788042E0,2.425135076E-1
1.991327280E1,7.330383174E-3,-1.088561893E0,2.467895597E-1
1.991534192E1,8.552113548E-3,-1.094670534E0,2.553416789E-1
1.991737599E1,1.343903504E-2,-1.097724795E0,2.565633953E-1
1.991944438E1,1.588249579E-2,-1.105055213E0,2.638937831E-1
1.992147872E1,1.466076635E-2,-1.111774802E0,2.712241709E-1
1.992347853E1,1.588249579E-2,-1.120937705E0,2.785545588E-1
1.992555741E1,1.771509275E-2,-1.123992085E0,2.828305960E-1
1.992750991E1,1.588249579E-2,-1.131322384E0,2.907718420E-1
1.992950972E1,1.832595654E-2,-1.138041973E0,2.895501256E-1
1.993157830E1,1.771509275E-2,-1.144150615E0,2.993239760E-1
1.993361326E1,1.954768784E-2,-1.154535294E0,3.023782969E-1
1.993568214E1,1.771509275E-2,-1.162476540E0,3.066543639E-1
1.993771657E1,1.771509275E-2,-1.167974353E0,3.109304011E-1
1.993978661E1,1.404990070E-2,-1.177137375E0,3.109304011E-1
1.994182107E1,1.343903504E-2,-1.188132882E0,3.170390725E-1
1.994389553E1,1.160643995E-2,-1.192408919E0,3.207042515E-1
1.994602207E1,9.773843922E-3,-1.204015374E0,3.231477141E-1
1.994789261E1,7.941247895E-3,-1.217454433E0,3.268128932E-1
1.994989338E1,5.497787148E-3,-1.224784851E0,3.274237812E-1
1.995196168E1,3.054326167E-3,-1.237612963E0,3.274237812E-1
1.995399653E1,-6.108652451E-4,-1.247997642E0,3.323107064E-1
1.995606668E1,-3.665191587E-3,-1.256549835E0,3.316998184E-1
1.995810138E1,-8.552113548E-3,-1.269377947E0,3.335324228E-1
1.996017076E1,-1.038470957E-2,-1.282817006E0,3.316998184E-1
1.996220622E1,-1.343903504E-2,-1.288925648E0,3.359758854E-1
1.996423265E1,-1.649336144E-2,-1.302364707E0,3.286454976E-1
1.996640091E1,-2.443460934E-2,-1.315803766E0,3.280346394E-1
1.996830730E1,-2.199114859E-2,-1.321912408E0,3.243694305E-1
1.997030726E1,-3.359758854E-2,-1.334129691E0,3.194825351E-1
1.997237588E1,-3.543018550E-2,-1.346957922E0,3.158173263E-1
1.997441057E1,-3.543018550E-2,-1.354288220E0,3.115412891E-1
1.997647930E1,-4.153883830E-2,-1.366505504E0,3.066543639E-1
1.997851434E1,-4.581489414E-2,-1.379333735E0,3.011565804E-1
1.998058361E1,-5.070181563E-2,-1.390940189E0,2.932153046E-1
1.998261811E1,-5.131268129E-2,-1.399492264E0,2.895501256E-1
1.998469403E1,-5.375614017E-2,-1.410487890E0,2.846632004E-1
1.998669726E1,-5.681046844E-2,-1.423316002E0,2.785545588E-1
1.998865038E1,-5.619960278E-2,-1.425759435E0,2.706133127E-1
1.999064995E1,-6.047565863E-2,-1.438587666E0,2.700024247E-1
1.999271918E1,-5.986479297E-2,-1.445918083E0,2.620611787E-1
1.999475361E1,-5.742133409E-2,-1.447750688E0,2.559525371E-1
1.999682303E1,-6.047565863E-2,-1.453859329E0,2.559525371E-1
1.999885772E1,-5.803219974E-2,-1.453248382E0,2.498438805E-1
2.000092634E1,-5.619960278E-2,-1.452026725E0,2.461786866E-1
2.000296049E1,-5.375614017E-2,-1.450804949E0,2.443460971E-1
2.000499230E1,-5.314527452E-2,-1.445307136E0,2.412917763E-1
2.000707153E1,-4.886921868E-2,-1.441031098E0,2.394591719E-1
2.000902318E1,-4.886921868E-2,-1.431257248E0,2.400700450E-1
2.001102168E1,-4.825835302E-2,-1.418429136E0,2.406809032E-1
2.001308972E1,-4.886921868E-2,-1.410487890E0,2.394591719E-1
2.001512322E1,-4.642575979E-2,-1.399492264E0,2.406809032E-1
2.001719261E1,-4.886921868E-2,-1.383609772E0,2.449569702E-1
2.001922730E1,-4.825835302E-2,-1.374446750E0,2.419026345E-1
2.002129591E1,-4.703662544E-2,-1.354899168E0,2.461786866E-1
2.002333076E1,-4.764748737E-2,-1.336573124E0,2.498438805E-1
2.002540488E1,-4.948008433E-2,-1.320690632E0,2.474004179E-1
2.002753111E1,-5.009094998E-2,-1.312138557E0,2.498438805E-1
2.002940114E1,-5.131268129E-2,-1.293812633E0,2.547308207E-1
2.003139938E1,-5.009094998E-2,-1.284038782E0,2.510656118E-1
2.003346768E1,-5.436700583E-2,-1.266934514E0,2.535090744E-1
2.003551638E1,-5.558873713E-2,-1.249219418E0,2.547308207E-1
2.003756938E1,-5.681046844E-2,-1.233336926E0,2.516764700E-1
2.003960368E1,-5.864306539E-2,-1.224784851E0,2.516764700E-1
2.004167195E1,-6.108652428E-2,-1.213178396E0,2.504547536E-1
2.004370568E1,-6.108652428E-2,-1.202793717E0,2.431243658E-1
2.004573741E1,-6.108652428E-2,-1.200350165E0,2.419026345E-1
2.004790484E1,-6.291911751E-2,-1.196684957E0,2.376265824E-1
2.004981041E1,-6.414084882E-2,-1.197906733E0,2.302961946E-1
2.005180988E1,-6.414084882E-2,-1.197906733E0,2.254092693E-1
2.005387922E1,-6.291911751E-2,-1.203404546E0,2.193006277E-1
2.005591368E1,-6.169738993E-2,-1.213789225E0,2.083050460E-1
2.005798361E1,-5.864306539E-2,-1.218676209E0,2.021963894E-1
2.006001868E1,-6.047565863E-2,-1.233947754E0,1.985312104E-1
2.006208718E1,-5.803219974E-2,-1.247386813E0,1.863138974E-1
2.006412195E1,-5.681046844E-2,-1.255938888E0,1.765400618E-1
2.006619618E1,-5.558873713E-2,-1.269988894E0,1.649336219E-1
2.006820157E1,-5.681046844E-2,-1.288314819E0,1.514945775E-1
2.007015507E1,-5.558873713E-2,-1.301142931E0,1.441642046E-1
2.007215522E1,-5.803219974E-2,-1.317025423E0,1.301143020E-1
2.007422361E1,-5.986479297E-2,-1.336573124E0,1.148426682E-1
2.007625807E1,-6.108652428E-2,-1.346957922E0,1.062905490E-1
2.007832707E1,-6.414084882E-2,-1.367116451E0,8.735372871E-2
2.008036234E1,-7.208210230E-2,-1.388496757E0,7.269296050E-2
2.008243161E1,-7.819075137E-2,-1.408044338E0,5.253441259E-2
2.008446634E1,-8.063421398E-2,-1.418429136E0,4.337143153E-2
2.008650030E1,-9.040805697E-2,-1.439809442E0,2.565634064E-2
2.008854761E1,-9.957103431E-2,-1.458135366E0,9.162978269E-3
2.009049961E1,-1.020144969E-1,-1.467298269E0,-3.054326167E-3
2.009249899E1,-1.130100712E-1,-1.486845970E0,-1.649336144E-2
2.009456761E1,-1.221730486E-1,-1.507004619E0,-3.665191308E-2
2.009660164E1,-1.313360333E-1,-1.516167521E0,-4.214970022E-2
2.009862591E1,-1.392772794E-1,-1.531439185E0,-6.108652428E-2
2.010062507E1,-1.557706445E-1,-1.546099901E0,-7.330382615E-2
2.010269303E1,-1.618792862E-1,-1.554652095E0,-8.307767659E-2
2.010472780E1,-1.759291887E-1,-1.568701982E0,-9.346238524E-2
2.010679526E1,-1.869247705E-1,-1.583973527E0,-1.093448773E-1
2.010898922E1,-1.960877478E-1,-1.591914773E0,-1.105666086E-1
2.011075538E1,-2.034181207E-1,-1.602910399E0,-1.221730486E-1
2.011275422E1,-2.138028294E-1,-1.613906026E0,-1.270599663E-1
2.011482349E1,-2.205223590E-1,-1.619403720E0,-1.319468915E-1
2.011685807E1,-2.272418737E-1,-1.626123309E0,-1.368338168E-1
2.011892757E1,-2.339613885E-1,-1.634675384E0,-1.337794960E-1
2.012096195E1,-2.364048511E-1,-1.637118816E0,-1.356120855E-1
2.012303022E1,-2.419026345E-1,-1.640173197E0,-1.337794960E-1
2.012506488E1,-2.504547536E-1,-1.644449234E0,-1.295034289E-1
2.012708776E1,-2.516764700E-1,-1.645060062E0,-1.264491081E-1
2.012925568E1,-2.510656118E-1,-1.646281838E0,-1.233947799E-1
2.013116180E1,-2.547308207E-1,-1.646892667E0,-1.148426682E-1
2.013316130E1,-2.547308207E-1,-1.647503614E0,-1.099557430E-1
2.013523057E1,-2.547308207E-1,-1.648114443E0,-1.020144969E-1
2.013726491E1,-2.474004179E-1,-1.646281838E0,-9.040805697E-2
2.013933422E1,-2.449569702E-1,-1.646281838E0,-8.491026610E-2
2.014136830E1,-2.412917763E-1,-1.643227458E0,-7.208210230E-2
2.014343726E1,-2.315179259E-1,-1.641394973E0,-5.619960278E-2
2.014547214E1,-2.241875380E-1,-1.632842779E0,-4.948008433E-2
2.014753357E1,-2.113593817E-1,-1.621847272E0,-3.909537569E-2
2.014953691E1,-1.997529417E-1,-1.612073421E0,-2.199114859E-2
2.015149011E1,-1.918116808E-1,-1.604132175E0,-1.466076635E-2
2.015348922E1,-1.753183305E-1,-1.583973527E0,-2.443460980E-3
2.015555822E1,-1.533271819E-1,-1.557706356E0,7.941247895E-3
2.015759222E1,-1.472185254E-1,-1.545489073E0,1.466076635E-2
2.015966122E1,-1.282816976E-1,-1.515556693E0,2.260201424E-2
2.016169588E1,-1.062905490E-1,-1.481348276E0,2.993239649E-2
2.016376422E1,-8.307767659E-2,-1.443474531E0,3.359758854E-2
2.016579914E1,-7.635815442E-2,-1.419650793E0,3.909537569E-2
2.016781818E1,-5.314527452E-2,-1.376890302E0,4.337143153E-2
2.016989691E1,-3.237585723E-2,-1.326188445E0,4.214970022E-2
2.017184995E1,-1.771509275E-2,-1.298088670E0,4.153883830E-2
2.017384922E1,4.886921961E-3,-1.246775985E0,4.337143153E-2
2.017591861E1,3.176499158E-2,-1.186300278E0,3.848451003E-2
2.017795291E1,4.337143153E-2,-1.156978726E0,4.031710699E-2
2.018002153E1,6.902777404E-2,-1.089172721E0,3.665191308E-2
2.018205564E1,9.407325089E-2,-1.020755768E0,3.298672289E-2
2.018412361E1,1.056796908E-1,-9.883799553E-1,2.993239649E-2
2.018615791E1,1.276708394E-1,-9.205739498E-1,2.932153270E-2
2.018821699E1,1.472185254E-1,-8.515461683E-1,2.626720630E-2
2.019034388E1,1.594358236E-1,-8.155050874E-1,2.504547499E-2
2.019221368E1,1.771509200E-1,-7.458664775E-1,2.015855350E-2
2.019421311E1,1.942551434E-1,-6.792821288E-1,1.832595654E-2
2.019628168E1,2.015855312E-1,-6.481280327E-1,1.343903504E-2
2.019831611E1,2.156354338E-1,-5.833762884E-1,9.773843922E-3
2.020038457E1,2.302961946E-1,-5.216789246E-1,3.054326167E-3
2.020241807E1,2.357939780E-1,-4.923573732E-1,6.719517522E-3
2.020448634E1,2.480112910E-1,-4.355469346E-1,6.108652451E-4
2.020652041E1,2.608394623E-1,-3.787364662E-1,-4.276056774E-3
2.020853876E1,2.657263875E-1,-3.524692357E-1,-6.108652335E-3
2.021070595E1,2.761110961E-1,-2.993239760E-1,-8.552113548E-3
2.021261188E1,2.834414840E-1,-2.498438805E-1,-1.343903504E-2
2.021461011E1,2.883284092E-1,-2.235766798E-1,-1.588249579E-2
2.021667868E1,2.950479090E-1,-1.789835095E-1,-1.771509275E-2
2.021871311E1,2.999348342E-1,-1.368338168E-1,-2.015855350E-2
2.022078084E1,3.072652221E-1,-9.834930301E-2,-2.443460934E-2
2.022281476E1,3.109304011E-1,-8.063421398E-2,-2.382374369E-2
2.022488253E1,3.164281845E-1,-4.825835302E-2,-2.748893574E-2
2.022691572E1,3.249803185E-1,-1.893682219E-2,-2.932153270E-2
2.022897472E1,3.262020350E-1,-4.886921961E-3,-3.176499158E-2
2.023097922E1,3.310889602E-1,1.771509275E-2,-3.115412779E-2
2.023293138E1,3.335324228E-1,4.276056588E-2,-3.543018550E-2
2.023493141E1,3.353650272E-1,5.131268129E-2,-3.604105115E-2
2.023700014E1,3.384193480E-1,6.719517708E-2,-3.481931984E-2
2.023903434E1,3.420845270E-1,8.185594529E-2,-4.031710699E-2
2.024110307E1,3.433062732E-1,8.796459436E-2,-4.031710699E-2
2.024313726E1,3.451388776E-1,9.712757170E-2,-3.787364438E-2
2.024520649E1,3.463605940E-1,1.032362282E-1,-4.520402849E-2
2.024724057E1,3.481931984E-1,1.069014147E-1,-4.581489414E-2
2.024925876E1,3.512475193E-1,1.075122803E-1,-4.642575979E-2
2.025133734E1,3.512475193E-1,1.117883399E-1,-5.314527452E-2
2.025328953E1,3.518583775E-1,1.123992056E-1,-5.436700583E-2
2.025528918E1,3.506366611E-1,1.123992056E-1,-5.375614017E-2
2.025735814E1,3.494149148E-1,1.123992056E-1,-5.925392732E-2
2.025939268E1,3.512475193E-1,1.117883399E-1,-5.986479297E-2
2.026146122E1,3.494149148E-1,1.123992056E-1,-5.864306539E-2
2.026349522E1,3.426954150E-1,1.142318025E-1,-6.230825558E-2
2.026556391E1,3.439171314E-1,1.142318025E-1,-6.780604273E-2
2.026759780E1,3.384193480E-1,1.172861308E-1,-6.597344577E-2
2.026966914E1,3.292563558E-1,1.246165112E-1,-6.658431143E-2
2.027179626E1,3.249803185E-1,1.343903542E-1,-6.780604273E-2
2.027366707E1,3.182607889E-1,1.380555481E-1,-6.291911751E-2
2.027566649E1,3.109304011E-1,1.502728462E-1,-6.352998316E-2
2.027773584E1,3.072652221E-1,1.563815027E-1,-6.230825558E-2
2.027977010E1,2.987131178E-1,1.673770845E-1,-5.436700583E-2
2.028183860E1,2.883284092E-1,1.850921661E-1,-5.681046844E-2
2.028387349E1,2.822197378E-1,2.028072625E-1,-5.314527452E-2
2.028594188E1,2.748893499E-1,2.107485086E-1,-4.703662544E-2
2.028797541E1,2.681698501E-1,2.272418737E-1,-4.031710699E-2
2.029000703E1,2.602286041E-1,2.486221492E-1,-3.481931984E-2
2.029217445E1,2.553416789E-1,2.583959997E-1,-3.481931984E-2
2.029408026E1,2.443460971E-1,2.779437006E-1,-3.176499158E-2
2.029607899E1,2.382374406E-1,3.011565804E-1,-2.321287990E-2
2.029814788E1,2.339613885E-1,3.109304011E-1,-1.893682219E-2
2.030018253E1,2.278527319E-1,3.347541690E-1,-1.404990070E-2
2.030225107E1,2.211332172E-1,3.591887653E-1,-9.162978269E-3
2.030428510E1,2.193006277E-1,3.701843321E-1,-4.276056774E-3
2.030635422E1,2.168571651E-1,3.958406746E-1,2.443460980E-3
2.030838814E1,2.144137025E-1,4.214970171E-1,6.719517522E-3
2.031044841E1,2.131919712E-1,4.361577928E-1,8.552113548E-3
2.031245068E1,2.113593817E-1,4.624249935E-1,1.404990070E-2
2.031440418E1,2.107485086E-1,4.880813360E-1,2.015855350E-2
2.031640388E1,2.095267773E-1,5.027421117E-1,2.138028294E-2
2.031847303E1,2.095267773E-1,5.308418870E-1,2.809980139E-2
2.032050738E1,2.125810981E-1,5.601634383E-1,3.176499158E-2
2.032257564E1,2.125810981E-1,5.736024380E-1,3.176499158E-2
2.032460968E1,2.150245607E-1,6.004805565E-1,3.665191308E-2
2.032667841E1,2.150245607E-1,6.273586154E-1,3.970624134E-2
2.032871249E1,2.156354338E-1,6.548475623E-1,3.787364438E-2
2.033072887E1,2.174680233E-1,6.676757336E-1,3.970624134E-2
2.033280807E1,2.211332172E-1,6.945537925E-1,4.214970022E-2
2.033476068E1,2.162462920E-1,7.073819637E-1,4.214970022E-2
2.033676064E1,2.174680233E-1,7.318165898E-1,4.092797264E-2
2.033882945E1,2.193006277E-1,7.593054771E-1,4.092797264E-2
2.034086387E1,2.180788964E-1,7.825183868E-1,3.787364438E-2
2.034288868E1,2.193006277E-1,7.953465581E-1,3.909537569E-2
2.034488826E1,2.168571651E-1,8.179485798E-1,3.481931984E-2
2.034695649E1,2.162462920E-1,8.423831463E-1,2.565634064E-2
2.034899080E1,2.125810981E-1,8.527678847E-1,2.748893574E-2
2.035104987E1,2.138028294E-1,8.753699064E-1,1.771509275E-2
2.035324334E1,2.113593817E-1,8.967501521E-1,1.099557430E-2
2.035500922E1,2.101376504E-1,9.065240026E-1,6.108652335E-3
2.035700910E1,2.046398520E-1,9.272934198E-1,6.108652451E-4
2.035907807E1,2.052507252E-1,9.468411207E-1,-1.160643995E-2
2.036111210E1,2.034181207E-1,9.578366876E-1,-1.527163107E-2
2.036318153E1,1.991420686E-1,9.749409556E-1,-2.382374369E-2
2.036521584E1,1.936442852E-1,9.938777685E-1,-3.665191308E-2
2.036728480E1,1.930334121E-1,9.969320893E-1,-4.153883830E-2
2.036932053E1,1.857030392E-1,1.010982037E0,-5.375614017E-2
2.037133895E1,1.789835095E-1,1.021977544E0,-7.024950534E-2
2.037350687E1,1.765400618E-1,1.026253581E0,-7.635815442E-2
2.037541284E1,1.667662114E-1,1.037249207E0,-8.857546002E-2
2.037741280E1,1.600466967E-1,1.047633886E0,-1.056796908E-1
2.037948164E1,1.521054506E-1,1.049466491E0,-1.087340117E-1
2.038151526E1,1.453859210E-1,1.061072946E0,-1.215621829E-1
2.038358380E1,1.343903542E-1,1.070235968E0,-1.398881376E-1
2.038561749E1,1.282816976E-1,1.075733662E0,-1.447750628E-1
2.038768649E1,1.209513173E-1,1.087950945E0,-1.618792862E-1
2.038971984E1,1.117883399E-1,1.098946571E0,-1.734857261E-1
2.039179472E1,1.056796908E-1,1.105055213E0,-1.765400618E-1
2.039379834E1,9.224065393E-2,1.119105101E0,-1.912008226E-1
2.039574887E1,8.185594529E-2,1.132544160E0,-1.997529417E-1
2.039774837E1,7.513642311E-2,1.139874578E0,-2.070833147E-1
2.039981710E1,6.841690838E-2,1.150870085E0,-2.125810981E-1
2.040185060E1,5.803219974E-2,1.161865711E0,-2.229658216E-1
2.040391907E1,5.375614017E-2,1.168585181E0,-2.266310006E-1
2.040595276E1,4.581489414E-2,1.181413412E0,-2.321287990E-1
2.040802130E1,3.543018550E-2,1.191798091E0,-2.382374406E-1
2.041005530E1,2.871066704E-2,1.202793717E0,-2.425135076E-1
2.041208668E1,2.504547499E-2,1.210124016E0,-2.412917763E-1
2.041416430E1,1.893682219E-2,1.219287038E0,-2.431243658E-1
2.041611684E1,1.221730467E-2,1.231504321E0,-2.412917763E-1
2.041811591E1,7.330383174E-3,1.238834739E0,-2.388483137E-1
2.042018480E1,2.443460980E-3,1.251662850E0,-2.394591719E-1
2.042221903E1,-4.886921961E-3,1.265101910E0,-2.382374406E-1
2.042428768E1,-9.773843922E-3,1.273043156E0,-2.339613885E-1
2.042632218E1,-1.099557430E-2,1.285871387E0,-2.321287990E-1
2.042839191E1,-1.832595654E-2,1.298088670E0,-2.260201424E-1
2.043042580E1,-1.771509275E-2,1.303586483E0,-2.223549485E-1
2.043250041E1,-1.710422710E-2,1.314581990E0,-2.180788964E-1
2.043462745E1,-1.588249579E-2,1.324355841E0,-2.119702399E-1
2.043649807E1,-1.282817032E-2,1.330464482E0,-2.064724565E-1
2.043849761E1,-8.552113548E-3,1.342070937E0,-2.003637999E-1
2.044056684E1,-5.497787148E-3,1.353677392E0,-1.936442852E-1
2.044261718E1,-3.665191587E-3,1.357953429E0,-1.857030392E-1
2.044467045E1,2.443460980E-3,1.368949056E0,-1.808161139E-1
2.044670460E1,3.054326167E-3,1.379944563E0,-1.722639948E-1
2.044877322E1,4.886921961E-3,1.386053205E0,-1.685988009E-1
2.045080676E1,6.719517522E-3,1.392161846E0,-1.569923609E-1
2.045283507E1,4.886921961E-3,1.403157473E0,-1.521054506E-1
2.045500126E1,4.276056774E-3,1.413542151E0,-1.441642046E-1
2.045690599E1,4.276056774E-3,1.420261741E0,-1.429424733E-1
2.045890568E1,6.108652451E-4,1.431868076E0,-1.368338168E-1
2.046097430E1,-3.054326167E-3,1.441641927E0,-1.319468915E-1
2.046300841E1,-3.054326167E-3,1.446528912E0,-1.301143020E-1
2.046507699E1,-4.886921961E-3,1.453859329E0,-1.301143020E-1
2.046711122E1,-3.665191587E-3,1.458135366E0,-1.252273768E-1
2.046918003E1,-2.443460980E-3,1.462411404E0,-1.282816976E-1
2.047121449E1,-1.221730490E-3,1.462411404E0,-1.282816976E-1
2.047328745E1,1.832595794E-3,1.464244008E0,-1.295034289E-1
2.047528987E1,1.221730490E-3,1.463633180E0,-1.295034289E-1
2.047724272E1,4.886921961E-3,1.466076612E0,-1.350012124E-1
2.047924199E1,5.497787148E-3,1.461189628E0,-1.301143020E-1
2.048131030E1,8.552113548E-3,1.460578799E0,-1.362229437E-1
2.048334341E1,1.221730467E-2,1.455691934E0,-1.368338168E-1
2.048541203E1,1.038470957E-2,1.450804949E0,-1.362229437E-1
2.048744553E1,1.221730467E-2,1.445918083E0,-1.386664063E-1
2.048951368E1,1.404990070E-2,1.436144233E0,-1.404990107E-1
2.049154799E1,1.466076635E-2,1.423316002E0,-1.411098689E-1
2.049357153E1,1.588249579E-2,1.415374756E0,-1.398881376E-1
2.049565064E1,1.832595654E-2,1.401324868E0,-1.453859210E-1
2.049760303E1,2.260201424E-2,1.386664152E0,-1.447750628E-1
2.049960210E1,2.260201424E-2,1.379333735E0,-1.453859210E-1
2.050167137E1,2.504547499E-2,1.362229466E0,-1.466076523E-1
2.050370584E1,2.871066704E-2,1.348179579E0,-1.490511149E-1
2.050577487E1,2.871066704E-2,1.339016676E0,-1.484402567E-1
2.050780930E1,2.626720630E-2,1.323134065E0,-1.514945775E-1
2.050987814E1,2.382374369E-2,1.305419087E0,-1.496619880E-1
2.051191214E1,2.382374369E-2,1.295034289E0,-1.496619880E-1
2.051397968E1,1.893682219E-2,1.276708364E0,-1.478293836E-1
2.051610653E1,1.343903504E-2,1.258382440E0,-1.472185254E-1
2.051797691E1,1.160643995E-2,1.247997642E0,-1.459967941E-1
2.051997591E1,7.330383174E-3,1.231504321E0,-1.478293836E-1
2.052204553E1,-6.108652451E-4,1.211956620E0,-1.453859210E-1
2.052407887E1,-4.886921961E-3,1.198517561E0,-1.490511149E-1
2.052614834E1,-9.773843922E-3,1.189354658E0,-1.490511149E-1
2.052818253E1,-1.527163107E-2,1.175304770E0,-1.508837193E-1
2.053025172E1,-1.893682219E-2,1.162476540E0,-1.521054506E-1
2.053228599E1,-2.076941915E-2,1.156367898E0,-1.533271819E-1
2.053431226E1,-2.565634064E-2,1.144761443E0,-1.551597714E-1
2.053647876E1,-3.054326214E-2,1.133154988E0,-1.563815027E-1
2.053838430E1,-3.726277873E-2,1.127657294E0,-1.563815027E-1
2.054038357E1,-4.153883830E-2,1.119716048E0,-1.551597714E-1
2.054245241E1,-4.703662544E-2,1.110553026E0,-1.551597714E-1
2.054448741E1,-5.314527452E-2,1.107498646E0,-1.545489132E-1
2.054655549E1,-5.864306539E-2,1.100779176E0,-1.545489132E-1
2.054858953E1,-6.475171447E-2,1.094670534E0,-1.557706445E-1
2.055065703E1,-6.719517708E-2,1.095892191E0,-1.557706445E-1
2.055269126E1,-7.208210230E-2,1.092227101E0,-1.527163088E-1
2.055476595E1,-7.574728876E-2,1.092837930E0,-1.508837193E-1
2.055677026E1,-8.063421398E-2,1.094059706E0,-1.472185254E-1
2.055872164E1,-8.063421398E-2,1.097724795E0,-1.466076523E-1
2.056072064E1,-8.246681094E-2,1.101390004E0,-1.447750628E-1
2.056278818E1,-8.124507964E-2,1.103833556E0,-1.435533315E-1
2.056482264E1,-8.491026610E-2,1.108720422E0,-1.386664063E-1
2.056689134E1,-8.368854225E-2,1.116050839E0,-1.362229437E-1
2.056892595E1,-8.185594529E-2,1.122770309E0,-1.350012124E-1
2.057099322E1,-8.246681094E-2,1.136209369E0,-1.270599663E-1
2.057302714E1,-8.124507964E-2,1.150870085E0,-1.215621829E-1
2.057502695E1,-7.880161703E-2,1.167363524E0,-1.203404516E-1
2.057710634E1,-7.757988572E-2,1.177137375E0,-1.172861308E-1
2.057905926E1,-7.330382615E-2,1.196684957E0,-1.093448773E-1
2.058105799E1,-7.086037099E-2,1.206458807E0,-1.069014147E-1
2.058312703E1,-6.597344577E-2,1.226617455E0,-9.957103431E-2
2.058516172E1,-5.986479297E-2,1.246165156E0,-9.590584040E-2
2.058718560E1,-5.314527452E-2,1.262658477E0,-9.224065393E-2
2.058918541E1,-4.948008433E-2,1.271821499E0,-9.040805697E-2
2.059125368E1,-4.459316283E-2,1.284649611E0,-8.429940045E-2
2.059328791E1,-3.665191308E-2,1.298699498E0,-8.491026610E-2
2.059536357E1,-3.543018550E-2,1.302364707E0,-8.185594529E-2
2.059755630E1,-2.932153270E-2,1.310916781E0,-8.002334833E-2
2.059932322E1,-2.565634064E-2,1.317025423E0,-7.513642311E-2
2.060132249E1,-2.382374369E-2,1.318858027E0,-7.452555746E-2
2.060339187E1,-2.076941915E-2,1.323745012E0,-7.147123665E-2
2.060542572E1,-1.466076635E-2,1.324355841E0,-7.269296050E-2
2.060749460E1,-1.404990070E-2,1.324355841E0,-7.391469181E-2
2.060952960E1,-7.941247895E-3,1.323745012E0,-7.391469181E-2
2.061159895E1,-6.108652335E-3,1.317025423E0,-7.513642311E-2
2.061363291E1,-6.108652335E-3,1.314581990E0,-7.635815442E-2
2.061566453E1,-3.054326167E-3,1.308473349E0,-7.819075137E-2
2.061783241E1,-3.665191587E-3,1.300532103E0,-8.124507964E-2
2.061973730E1,-2.443460980E-3,1.293201685E0,-8.185594529E-2
2.062173749E1,-3.054326167E-3,1.280373573E0,-8.429940045E-2
2.062380668E1,-2.443460980E-3,1.264491081E0,-8.918632567E-2
2.062584176E1,-4.886921961E-3,1.257771492E0,-9.162978828E-2
2.062791022E1,-6.719517522E-3,1.240667343E0,-9.529497474E-2
2.062994507E1,-1.832595794E-3,1.222341299E0,-1.014036313E-1
2.063201357E1,-6.108652335E-3,1.213178396E0,-1.032362282E-1
2.063404841E1,-3.054326167E-3,1.192408919E0,-1.062905490E-1
2.063610968E1,0.000000000E0,1.172250390E0,-1.136209369E-1
2.063811310E1,1.221730490E-3,1.149037480E0,-1.191187203E-1
2.064006560E1,3.054326167E-3,1.138041973E0,-1.203404516E-1
2.064206518E1,5.497787148E-3,1.112996459E0,-1.233947799E-1
2.064413280E1,8.552113548E-3,1.101390004E0,-1.282816976E-1
2.064616776E1,1.588249579E-2,1.077566266E0,-1.325577646E-1
2.064823649E1,1.893682219E-2,1.051299095E0,-1.368338168E-1
2.065027080E1,2.932153270E-2,1.025031924E0,-1.417207420E-1
2.065233980E1,3.115412779E-2,1.014036298E0,-1.392772794E-1
2.065437372E1,3.909537569E-2,9.896016717E-1,-1.429424733E-1
2.065639237E1,4.703662544E-2,9.663888216E-1,-1.453859210E-1
2.065847149E1,5.192354694E-2,9.535606503E-1,-1.429424733E-1
2.066042387E1,6.108652428E-2,9.285151958E-1,-1.447750628E-1
2.066242253E1,7.024950534E-2,9.040805697E-1,-1.435533315E-1
2.066449256E1,7.391469181E-2,8.894197941E-1,-1.411098689E-1
2.066652584E1,8.368854225E-2,8.643743396E-1,-1.441642046E-1
2.066859464E1,9.040805697E-2,8.399397135E-1,-1.404990107E-1
2.067062926E1,9.285151958E-2,8.271115422E-1,-1.368338168E-1
2.067269807E1,1.032362282E-1,8.038986921E-1,-1.325577646E-1
2.067473195E1,1.081231460E-1,7.837401032E-1,-1.270599663E-1
2.067679172E1,1.099557430E-1,7.721336484E-1,-1.264491081E-1
2.067891826E1,1.178969890E-1,7.544185519E-1,-1.240056455E-1
2.068078876E1,1.215621829E-1,7.379252315E-1,-1.209513173E-1
2.068278834E1,1.227839142E-1,7.299839854E-1,-1.148426682E-1
2.068485676E1,1.246165112E-1,7.171558142E-1,-1.111774743E-1
2.068689176E1,1.246165112E-1,7.073819637E-1,-1.081231460E-1
2.068895953E1,1.258382350E-1,7.006624341E-1,-1.044579595E-1
2.069099441E1,1.252273768E-1,6.939429045E-1,-9.957103431E-2
2.069306326E1,1.246165112E-1,6.896668673E-1,-9.834930301E-2
2.069509810E1,1.240056455E-1,6.847799420E-1,-9.407325089E-2
2.069711664E1,1.197295859E-1,6.823364496E-1,-9.101892263E-2
2.069928434E1,1.166752651E-1,6.829473376E-1,-8.918632567E-2
2.070118934E1,1.136209369E-1,6.811147332E-1,-9.101892263E-2
2.070318887E1,1.081231460E-1,6.786713004E-1,-8.552113175E-2
2.070525734E1,1.032362282E-1,6.798930168E-1,-8.429940045E-2
2.070729168E1,1.026253626E-1,6.841690540E-1,-8.613199741E-2
2.070936157E1,9.773843735E-2,6.866125464E-1,-8.918632567E-2
2.071139610E1,9.346238524E-2,6.908885837E-1,-8.918632567E-2
2.071346457E1,8.796459436E-2,6.951646209E-1,-8.979719132E-2
2.071549887E1,8.613199741E-2,6.969972253E-1,-8.307767659E-2
2.071757406E1,8.063421398E-2,6.988298297E-1,-8.979719132E-2
2.071957760E1,7.452555746E-2,7.000515461E-1,-8.979719132E-2
2.072153026E1,7.269296050E-2,7.000515461E-1,-8.796459436E-2
2.072352884E1,6.902777404E-2,6.994407177E-1,-8.735372871E-2
2.072559745E1,6.414084882E-2,7.006624341E-1,-8.857546002E-2
2.072763126E1,5.986479297E-2,6.994407177E-1,-8.735372871E-2
2.072970053E1,5.864306539E-2,6.994407177E-1,-9.101892263E-2
2.073173441E1,5.314527452E-2,6.982190013E-1,-8.613199741E-2
2.073380253E1,5.192354694E-2,7.000515461E-1,-8.552113175E-2
2.073583660E1,4.703662544E-2,6.939429045E-1,-8.735372871E-2
2.073783756E1,4.092797264E-2,6.921103001E-1,-8.368854225E-2
2.073991706E1,3.970624134E-2,6.902777553E-1,-8.307767659E-2
2.074186987E1,3.481931984E-2,6.841690540E-1,-8.124507964E-2
2.074386972E1,3.115412779E-2,6.792821288E-1,-7.819075137E-2
2.074593857E1,2.809980139E-2,6.750060916E-1,-7.696902007E-2
2.074797268E1,2.626720630E-2,6.676757336E-1,-7.391469181E-2
2.075004203E1,2.138028294E-2,6.615670323E-1,-6.841690838E-2
2.075207606E1,1.954768784E-2,6.615670323E-1,-6.963863969E-2
2.075414437E1,1.588249579E-2,6.554583907E-1,-6.414084882E-2
2.075617849E1,1.282817032E-2,6.481280327E-1,-6.230825558E-2
2.075825318E1,9.162978269E-3,6.420193911E-1,-5.742133409E-2
2.076037972E1,6.719517522E-3,6.371324658E-1,-5.375614017E-2
2.076224987E1,6.108652335E-3,6.304129362E-1,-5.314527452E-2
2.076424983E1,6.108652335E-3,6.285803318E-1,-5.009094998E-2
2.076631864E1,4.886921961E-3,6.200281978E-1,-4.825835302E-2
2.076835360E1,1.832595794E-3,6.120869517E-1,-5.070181563E-2
2.077042253E1,3.665191587E-3,6.047565937E-1,-4.642575979E-2
2.077245730E1,4.276056774E-3,6.017022729E-1,-4.459316283E-2
2.077452614E1,5.497787148E-3,5.931501389E-1,-4.642575979E-2
2.077656137E1,4.276056774E-3,5.827654600E-1,-4.337143153E-2
2.077856137E1,5.497787148E-3,5.754350424E-1,-4.398229718E-2
2.078072914E1,5.497787148E-3,5.644394755E-1,-4.459316283E-2
2.078263449E1,6.719517522E-3,5.503895879E-1,-4.520402849E-2
2.078463456E1,1.099557430E-2,5.455026627E-1,-4.459316283E-2
2.078670441E1,1.282817032E-2,5.357288122E-1,-4.581489414E-2
2.078873822E1,1.466076635E-2,5.229006410E-1,-4.092797264E-2
2.079080714E1,1.710422710E-2,5.186246037E-1,-3.970624134E-2
2.079284153E1,1.832595654E-2,5.064072609E-1,-3.970624134E-2
2.079491026E1,2.076941915E-2,4.954117239E-1,-3.298672289E-2
2.079694418E1,2.199114859E-2,4.899139404E-1,-3.115412779E-2
2.079902010E1,2.321287990E-2,4.825835526E-1,-2.748893574E-2
2.080102199E1,2.687807009E-2,4.734205604E-1,-1.954768784E-2
2.080297456E1,2.809980139E-2,4.697553813E-1,-1.527163107E-2
2.080497430E1,2.748893574E-2,4.624249935E-1,-7.330383174E-3
2.080704199E1,3.359758854E-2,4.599815309E-1,-2.443460980E-3
2.080907603E1,3.481931984E-2,4.575380683E-1,1.832595794E-3
2.081114391E1,3.604105115E-2,4.538728893E-1,4.276056774E-3
2.081317803E1,3.787364438E-2,4.520402849E-1,8.552113548E-3
2.081524668E1,3.970624134E-2,4.538728893E-1,9.162978269E-3
2.081728076E1,3.848451003E-2,4.587597847E-1,8.552113548E-3
2.081928037E1,4.398229718E-2,4.624249935E-1,4.886921961E-3
2.082135937E1,4.031710699E-2,4.648684561E-1,4.886921961E-3
2.082331245E1,4.092797264E-2,4.679227769E-1,-6.108652451E-4
2.082531183E1,3.726277873E-2,4.673119187E-1,6.108652451E-4
2.082738022E1,3.420845419E-2,4.673119187E-1,-7.330383174E-3
2.082941456E1,3.543018550E-2,4.685336351E-1,-1.160643995E-2
2.083143922E1,3.298672289E-2,4.630358517E-1,-1.893682219E-2
2.083343937E1,2.993239649E-2,4.612032473E-1,-2.138028294E-2
2.083550726E1,2.809980139E-2,4.593706727E-1,-2.565634064E-2
2.083754195E1,2.565634064E-2,4.550946057E-1,-3.420845419E-2
2.083961660E1,2.015855350E-2,4.495968223E-1,-4.031710699E-2
2.084180937E1,2.076941915E-2,4.495968223E-1,-4.825835302E-2
2.084357506E1,1.527163107E-2,4.422664344E-1,-4.948008433E-2
2.084557426E1,1.160643995E-2,4.398229718E-1,-6.169738993E-2
2.084764357E1,6.108652335E-3,4.392121136E-1,-6.780604273E-2
2.084969306E1,1.221730490E-3,4.355469346E-1,-7.452555746E-2
2.085174672E1,-4.276056774E-3,4.312708676E-1,-8.552113175E-2
2.085378118E1,-3.054326167E-3,4.300491214E-1,-8.979719132E-2
2.085585014E1,-7.941247895E-3,4.300491214E-1,-9.773843735E-2
2.085788426E1,-8.552113548E-3,4.343251884E-1,-1.075122803E-1
2.085988499E1,-8.552113548E-3,4.349360466E-1,-1.117883399E-1
2.086205237E1,-7.330383174E-3,4.398229718E-1,-1.227839142E-1
2.086395807E1,-5.497787148E-3,4.453207552E-1,-1.325577646E-1
2.086595718E1,-6.719517522E-3,4.477642179E-1,-1.368338168E-1
2.086802580E1,-9.773843922E-3,4.544837475E-1,-1.411098689E-1
2.087007360E1,-1.099557430E-2,4.575380683E-1,-1.521054506E-1
2.087207356E1,-1.404990070E-2,4.587597847E-1,-1.527163088E-1
2.087407341E1,-1.343903504E-2,4.618141353E-1,-1.594358236E-1
2.087614160E1,-2.138028294E-2,4.630358517E-1,-1.643227488E-1
2.087817595E1,-2.443460934E-2,4.636467099E-1,-1.624901593E-1
2.088022472E1,-3.237585723E-2,4.630358517E-1,-1.649336219E-1
2.088222937E1,-3.848451003E-2,4.581489265E-1,-1.582140923E-1
2.088425114E1,-4.276056588E-2,4.538728893E-1,-1.551597714E-1
2.088628522E1,-5.314527452E-2,4.447098970E-1,-1.508837193E-1
2.088835430E1,-6.475171447E-2,4.324925840E-1,-1.417207420E-1
2.089038887E1,-7.086037099E-2,4.269948006E-1,-1.362229437E-1
2.089245756E1,-7.941248268E-2,4.147774875E-1,-1.252273768E-1
2.089449283E1,-8.857546002E-2,4.037819207E-1,-1.160643995E-1
2.089656172E1,-9.773843735E-2,3.946189582E-1,-1.007927656E-1
2.089859660E1,-9.834930301E-2,3.897320330E-1,-9.590584040E-2
2.090059707E1,-1.062905490E-1,3.830125034E-1,-8.368854225E-2
2.090267541E1,-1.154535338E-1,3.738495409E-1,-7.024950534E-2
2.090469753E1,-1.136209369E-1,3.701843321E-1,-6.658431143E-2
2.090673276E1,-1.221730486E-1,3.616322279E-1,-5.497787148E-2
2.090880149E1,-1.343903542E-1,3.567453027E-1,-4.398229718E-2
2.091083653E1,-1.392772794E-1,3.524692357E-1,-3.909537569E-2
2.091290576E1,-1.521054506E-1,3.451388776E-1,-2.993239649E-2
2.091494037E1,-1.637118906E-1,3.353650272E-1,-1.832595654E-2
2.091700930E1,-1.704314053E-1,3.335324228E-1,-1.832595654E-2
2.091904368E1,-1.808161139E-1,3.255911767E-1,-9.773843922E-3
2.092109260E1,-1.948660165E-1,3.158173263E-1,-1.832595794E-3
2.092318487E1,-2.021963894E-1,3.109304011E-1,-6.108652451E-4
2.092509033E1,-2.119702399E-1,3.017674387E-1,3.665191587E-3
2.092708918E1,-2.254092693E-1,2.864958048E-1,7.330383174E-3
2.092915814E1,-2.315179259E-1,2.779437006E-1,1.343903504E-2
2.093119326E1,-2.419026345E-1,2.651155293E-1,1.099557430E-2
2.093326180E1,-2.547308207E-1,2.461786866E-1,1.649336144E-2
2.093529599E1,-2.596177161E-1,2.376265824E-1,1.649336144E-2
2.093736399E1,-2.706133127E-1,2.156354338E-1,2.260201424E-2
2.093939826E1,-2.797762752E-1,1.954768747E-1,1.771509275E-2
2.094142987E1,-2.913827300E-1,1.789835095E-1,2.015855350E-2
2.094356191E1,-2.926044464E-1,1.698205322E-1,2.321287990E-2
2.094547583E1,-3.011565804E-1,1.545489132E-1,2.199114859E-2
2.094747510E1,-3.036000133E-1,1.478293836E-1,2.076941915E-2
2.094954376E1,-3.103195429E-1,1.350012124E-1,2.076941915E-2
2.095157764E1,-3.133738637E-1,1.258382350E-1,1.832595654E-2
2.095364568E1,-3.170390725E-1,1.166752651E-1,1.527163107E-2
2.095567999E1,-3.158173263E-1,1.148426682E-1,1.527163107E-2
2.095774895E1,-3.194825351E-1,1.093448773E-1,9.773843922E-3
2.095978299E1,-3.207042515E-1,1.001819000E-1,9.773843922E-3
2.096185926E1,-3.219259977E-1,9.773843735E-2,6.108652335E-3
2.096386114E1,-3.219259977E-1,8.979719132E-2,0.000000000E0
2.096588260E1,-3.219259977E-1,8.307767659E-2,1.221730490E-3
2.096791622E1,-3.231477141E-1,8.124507964E-2,-4.886921961E-3
2.096998633E1,-3.243694305E-1,7.330382615E-2,-8.552113548E-3
2.097202110E1,-3.237585723E-1,6.719517708E-2,-1.282817032E-2
2.097408968E1,-3.237585723E-1,6.352998316E-2,-1.404990070E-2
2.097612468E1,-3.225368559E-1,5.986479297E-2,-1.588249579E-2
2.097819391E1,-3.188716471E-1,5.803219974E-2,-1.527163107E-2
2.098022830E1,-3.170390725E-1,5.925392732E-2,-1.221730467E-2
2.098222856E1,-3.133738637E-1,6.291911751E-2,-1.954768784E-2
2.098430730E1,-3.121521473E-1,6.963863969E-2,-1.649336144E-2
2.098632856E1,-3.084869385E-1,7.880161703E-2,-1.832595654E-2
2.098836341E1,-3.048217595E-1,8.246681094E-2,-2.199114859E-2
2.099043203E1,-3.036000133E-1,8.796459436E-2,-1.710422710E-2
2.099246668E1,-2.962696552E-1,9.468411654E-2,-1.588249579E-2
2.099453560E1,-2.987131178E-1,9.590584040E-2,-1.832595654E-2
2.099657049E1,-2.938261926E-1,1.020144969E-1,-1.404990070E-2
2.099863922E1,-2.895501256E-1,1.050688252E-1,-1.649336144E-2
2.100067387E1,-2.901609838E-1,1.062905490E-1,-1.404990070E-2
2.100272330E1,-2.858849466E-1,1.111774743E-1,-1.221730467E-2
2.100481618E1,-2.834414840E-1,1.142318025E-1,-1.404990070E-2
2.100672203E1,-2.816088796E-1,1.148426682E-1,-1.588249579E-2
2.100872076E1,-2.809980214E-1,1.197295859E-1,-1.343903504E-2
2.101078956E1,-2.797762752E-1,1.215621829E-1,-1.160643995E-2
2.101282353E1,-2.809980214E-1,1.203404516E-1,-1.527163107E-2
2.101489183E1,-2.779437006E-1,1.166752651E-1,-1.527163107E-2
2.101692614E1,-2.785545588E-1,1.087340117E-1,-1.588249579E-2
2.101899472E1,-2.785545588E-1,1.050688252E-1,-1.832595654E-2
2.102102860E1,-2.767219543E-1,1.014036313E-1,-2.138028294E-2
2.102302776E1,-2.767219543E-1,9.712757170E-2,-2.015855350E-2
2.102515960E1,-2.742784917E-1,9.285151958E-2,-2.748893574E-2
2.102707326E1,-2.730567753E-1,8.979719132E-2,-2.809980139E-2
2.102907199E1,-2.706133127E-1,8.429940045E-2,-3.604105115E-2
2.103114045E1,-2.687807083E-1,8.307767659E-2,-3.726277873E-2
2.103317414E1,-2.651155293E-1,7.330382615E-2,-4.092797264E-2
2.103524253E1,-2.669481039E-1,6.841690838E-2,-4.642575979E-2
2.103727614E1,-2.638937831E-1,6.230825558E-2,-5.009094998E-2
2.103934491E1,-2.663372457E-1,5.925392732E-2,-5.070181563E-2
2.104137872E1,-2.651155293E-1,5.864306539E-2,-5.742133409E-2
2.104342718E1,-2.675589919E-1,5.742133409E-2,-5.558873713E-2
2.104543106E1,-2.693915665E-1,5.436700583E-2,-5.681046844E-2
2.104745222E1,-2.663372457E-1,5.436700583E-2,-5.986479297E-2
2.104948633E1,-2.663372457E-1,5.192354694E-2,-6.475171447E-2
2.105155437E1,-2.669481039E-1,5.436700583E-2,-6.291911751E-2
2.105358849E1,-2.638937831E-1,5.436700583E-2,-6.597344577E-2
2.105565756E1,-2.626720667E-1,5.619960278E-2,-6.291911751E-2
2.105769145E1,-2.626720667E-1,5.803219974E-2,-6.658431143E-2
2.105975995E1,-2.620611787E-1,5.803219974E-2,-6.658431143E-2
2.106179430E1,-2.547308207E-1,6.230825558E-2,-6.841690838E-2
2.106382753E1,-2.535090744E-1,6.414084882E-2,-7.024950534E-2
2.106590560E1,-2.541199327E-1,6.658431143E-2,-7.208210230E-2
2.106792645E1,-2.486221492E-1,6.475171447E-2,-7.208210230E-2
2.106996130E1,-2.474004179E-1,6.719517708E-2,-7.208210230E-2
2.107203041E1,-2.449569702E-1,6.963863969E-2,-7.757988572E-2
2.107406441E1,-2.455678284E-1,7.208210230E-2,-8.002334833E-2
2.107608895E1,-2.406809032E-1,7.147123665E-2,-8.185594529E-2
2.107808837E1,-2.425135076E-1,7.147123665E-2,-8.429940045E-2
2.108015726E1,-2.437352389E-1,7.330382615E-2,-8.613199741E-2
2.108219110E1,-2.412917763E-1,7.574728876E-2,-8.918632567E-2
2.108424076E1,-2.400700450E-1,7.941248268E-2,-9.590584040E-2
2.108641049E1,-2.437352389E-1,8.246681094E-2,-9.834930301E-2
2.108824556E1,-2.437352389E-1,8.857546002E-2,-1.032362282E-1
2.109024437E1,-2.412917763E-1,9.101892263E-2,-1.032362282E-1
2.109231395E1,-2.437352389E-1,9.529497474E-2,-1.093448773E-1
2.109434810E1,-2.431243658E-1,1.007927656E-1,-1.105666086E-1
2.109641803E1,-2.449569702E-1,1.020144969E-1,-1.117883399E-1
2.109845210E1,-2.437352389E-1,1.069014147E-1,-1.172861308E-1
2.110052068E1,-2.467895597E-1,1.062905490E-1,-1.160643995E-1
2.110255430E1,-2.474004179E-1,1.050688252E-1,-1.185078546E-1
2.110455352E1,-2.492330223E-1,1.014036313E-1,-1.215621829E-1
2.110668810E1,-2.498438805E-1,9.896016866E-2,-1.233947799E-1
2.110859341E1,-2.492330223E-1,9.590584040E-2,-1.258382350E-1
2.111059314E1,-2.541199327E-1,9.040805697E-2,-1.325577646E-1
2.111266214E1,-2.535090744E-1,8.185594529E-2,-1.301143020E-1
2.111469641E1,-2.596177161E-1,7.880161703E-2,-1.301143020E-1
2.111676576E1,-2.602286041E-1,6.963863969E-2,-1.350012124E-1
2.111879991E1,-2.614503205E-1,6.352998316E-2,-1.343903542E-1
2.112086883E1,-2.626720667E-1,5.681046844E-2,-1.362229437E-1
2.112290310E1,-2.657263875E-1,4.825835302E-2,-1.368338168E-1
2.112498010E1,-2.657263875E-1,3.787364438E-2,-1.343903542E-1
2.112698152E1,-2.669481039E-1,2.993239649E-2,-1.307251602E-1
2.112900341E1,-2.663372457E-1,1.832595654E-2,-1.337794960E-1
2.113103795E1,-2.700024247E-1,3.665191587E-3,-1.288925707E-1
2.113310776E1,-2.712241709E-1,-3.054326167E-3,-1.288925707E-1
2.113514218E1,-2.724458873E-1,-1.710422710E-2,-1.252273768E-1
2.113721079E1,-2.730567753E-1,-3.176499158E-2,-1.203404516E-1
2.113924599E1,-2.706133127E-1,-4.337143153E-2,-1.142318025E-1
2.114131449E1,-2.700024247E-1,-5.253441259E-2,-1.142318025E-1
2.114334906E1,-2.687807083E-1,-6.597344577E-2,-1.087340117E-1
2.114538114E1,-2.675589919E-1,-7.757988572E-2,-9.773843735E-2
2.114745941E1,-2.663372457E-1,-8.429940045E-2,-9.346238524E-2
2.114948022E1,-2.632829249E-1,-9.468411654E-2,-9.346238524E-2
2.115151483E1,-2.583959997E-1,-1.044579595E-1,-8.002334833E-2
2.115358410E1,-2.590068579E-1,-1.087340117E-1,-7.757988572E-2
2.115561891E1,-2.565633953E-1,-1.160643995E-1,-7.330382615E-2
2.115768818E1,-2.528982162E-1,-1.221730486E-1,-5.986479297E-2
2.115972253E1,-2.516764700E-1,-1.258382350E-1,-5.986479297E-2
2.116179210E1,-2.480112910E-1,-1.307251602E-1,-5.436700583E-2
2.116382706E1,-2.455678284E-1,-1.356120855E-1,-4.214970022E-2
2.116587718E1,-2.461786866E-1,-1.386664063E-1,-3.848451003E-2
2.116796918E1,-2.461786866E-1,-1.423316002E-1,-2.993239649E-2
2.116987587E1,-2.467895597E-1,-1.423316002E-1,-2.076941915E-2
2.117187503E1,-2.443460971E-1,-1.417207420E-1,-1.649336144E-2
2.117394449E1,-2.455678284E-1,-1.392772794E-1,-9.773843922E-3
2.117597918E1,-2.498438805E-1,-1.368338168E-1,3.665191587E-3
2.117804918E1,-2.522873580E-1,-1.350012124E-1,1.099557430E-2
2.118008395E1,-2.541199327E-1,-1.295034289E-1,1.282817032E-2
2.118215337E1,-2.528982162E-1,-1.227839142E-1,2.443460934E-2
2.118418783E1,-2.596177161E-1,-1.130100712E-1,3.237585723E-2
2.118622114E1,-2.571742535E-1,-1.099557430E-1,3.420845419E-2
2.118835426E1,-2.608394623E-1,-9.773843735E-2,4.886921868E-2
2.119026887E1,-2.663372457E-1,-8.429940045E-2,5.375614017E-2
2.119226933E1,-2.663372457E-1,-7.880161703E-2,6.108652428E-2
2.119433826E1,-2.675589919E-1,-6.291911751E-2,7.147123665E-2
2.119637256E1,-2.681698501E-1,-4.886921868E-2,7.696902007E-2
2.119844156E1,-2.700024247E-1,-4.398229718E-2,8.002334833E-2
2.120047641E1,-2.693915665E-1,-2.443460934E-2,8.918632567E-2
2.120254560E1,-2.706133127E-1,-8.552113548E-3,9.896016866E-2
2.120457999E1,-2.700024247E-1,6.108652451E-4,9.773843735E-2
2.120663003E1,-2.700024247E-1,1.832595654E-2,1.069014147E-1
2.120863472E1,-2.687807083E-1,3.604105115E-2,1.123992056E-1
2.121065614E1,-2.700024247E-1,4.581489414E-2,1.154535338E-1
2.121269076E1,-2.712241709E-1,6.658431143E-2,1.209513173E-1
2.121476014E1,-2.693915665E-1,8.613199741E-2,1.258382350E-1
2.121679441E1,-2.712241709E-1,9.773843735E-2,1.288925707E-1
2.121886368E1,-2.748893499E-1,1.142318025E-1,1.313360333E-1
2.122089779E1,-2.724458873E-1,1.331686229E-1,1.325577646E-1
2.122296691E1,-2.761110961E-1,1.539380401E-1,1.374446750E-1
2.122500149E1,-2.755002379E-1,1.631010175E-1,1.380555481E-1
2.122703376E1,-2.773328125E-1,1.826487035E-1,1.325577646E-1
2.122911356E1,-2.797762752E-1,1.985312104E-1,1.343903542E-1
2.123113506E1,-2.785545588E-1,2.040289938E-1,1.331686229E-1
2.123316987E1,-2.809980214E-1,2.162462920E-1,1.270599663E-1
2.123523952E1,-2.822197378E-1,2.278527319E-1,1.258382350E-1
2.123727414E1,-2.852740586E-1,2.327396572E-1,1.233947799E-1
2.123934368E1,-2.877175212E-1,2.376265824E-1,1.209513173E-1
2.124137772E1,-2.877175212E-1,2.480112910E-1,1.148426682E-1
2.124344595E1,-2.871066630E-1,2.504547536E-1,1.123992056E-1
2.124548068E1,-2.907718420E-1,2.547308207E-1,1.099557430E-1
2.124752960E1,-2.907718420E-1,2.565633953E-1,1.062905490E-1
2.124962172E1,-2.901609838E-1,2.583959997E-1,1.026253626E-1
2.125152672E1,-2.889392674E-1,2.571742535E-1,1.056796908E-1
2.125352595E1,-2.895501256E-1,2.571742535E-1,1.044579595E-1
2.125559552E1,-2.871066630E-1,2.571742535E-1,1.038470939E-1
2.125764479E1,-2.858849466E-1,2.535090744E-1,1.056796908E-1
2.125969887E1,-2.834414840E-1,2.535090744E-1,1.087340117E-1
2.126173399E1,-2.809980214E-1,2.541199327E-1,1.087340117E-1
2.126380245E1,-2.791654170E-1,2.541199327E-1,1.117883399E-1
2.126583679E1,-2.724458873E-1,2.553416789E-1,1.130100712E-1
2.126786168E1,-2.718350291E-1,2.571742535E-1,1.185078546E-1
2.126999460E1,-2.700024247E-1,2.565633953E-1,1.166752651E-1
2.127191010E1,-2.669481039E-1,2.577851415E-1,1.221730486E-1
2.127390983E1,-2.669481039E-1,2.590068579E-1,1.246165112E-1
2.127597895E1,-2.651155293E-1,2.577851415E-1,1.246165112E-1
2.127801353E1,-2.663372457E-1,2.608394623E-1,1.295034289E-1
2.128008164E1,-2.626720667E-1,2.620611787E-1,1.301143020E-1
2.128211656E1,-2.651155293E-1,2.638937831E-1,1.337794960E-1
2.128418464E1,-2.681698501E-1,2.681698501E-1,1.374446750E-1
2.128621899E1,-2.657263875E-1,2.724458873E-1,1.331686229E-1
2.128829468E1,-2.675589919E-1,2.767219543E-1,1.325577646E-1
2.129029633E1,-2.706133127E-1,2.809980214E-1,1.343903542E-1
2.129231791E1,-2.718350291E-1,2.852740586E-1,1.301143020E-1
2.129435233E1,-2.724458873E-1,2.883284092E-1,1.288925707E-1
2.129642126E1,-2.755002379E-1,2.919935882E-1,1.288925707E-1
2.129845583E1,-2.803871334E-1,2.944370508E-1,1.227839142E-1
2.130052460E1,-2.809980214E-1,2.956587672E-1,1.221730486E-1
2.130255906E1,-2.840523422E-1,2.981022298E-1,1.191187203E-1
2.130462779E1,-2.901609838E-1,3.005456924E-1,1.099557430E-1
2.130666168E1,-2.913827300E-1,3.017674387E-1,1.069014147E-1
2.130866072E1,-2.926044464E-1,3.017674387E-1,1.105666086E-1
2.131073876E1,-2.944370508E-1,3.048217595E-1,1.001819000E-1
2.131275914E1,-2.950479090E-1,3.066543639E-1,9.346238524E-2
2.131479364E1,-2.962696552E-1,3.078760803E-1,9.468411654E-2
2.131686318E1,-2.962696552E-1,3.090978265E-1,8.979719132E-2
2.131889741E1,-2.981022298E-1,3.090978265E-1,8.491026610E-2
2.132092145E1,-2.987131178E-1,3.103195429E-1,8.246681094E-2
2.132292103E1,-3.005456924E-1,3.121521473E-1,8.307767659E-2
2.132498999E1,-3.005456924E-1,3.152064681E-1,7.757988572E-2
2.132702456E1,-3.042109013E-1,3.170390725E-1,8.063421398E-2
2.132907345E1,-3.066543639E-1,3.194825351E-1,7.880161703E-2
2.133124322E1,-3.097086847E-1,3.231477141E-1,8.063421398E-2
2.133307826E1,-3.103195429E-1,3.237585723E-1,8.124507964E-2
2.133507818E1,-3.121521473E-1,3.274237812E-1,8.246681094E-2
2.133714714E1,-3.145956099E-1,3.286454976E-1,8.552113175E-2
2.133918176E1,-3.158173263E-1,3.304781020E-1,8.979719132E-2
2.134125002E1,-3.182607889E-1,3.298672438E-1,9.468411654E-2
2.134328360E1,-3.182607889E-1,3.310889602E-1,1.032362282E-1
2.134535176E1,-3.194825351E-1,3.280346394E-1,1.087340117E-1
2.134738591E1,-3.207042515E-1,3.243694305E-1,1.191187203E-1
2.134941729E1,-3.188716471E-1,3.170390725E-1,1.301143020E-1
2.135154976E1,-3.170390725E-1,3.078760803E-1,1.392772794E-1
2.135346376E1,-3.194825351E-1,3.023782969E-1,1.472185254E-1
2.135546326E1,-3.170390725E-1,2.907718420E-1,1.600466967E-1
2.135753191E1,-3.170390725E-1,2.822197378E-1,1.685988009E-1
2.135956614E1,-3.139847219E-1,2.706133127E-1,1.783726513E-1
2.136163499E1,-3.103195429E-1,2.528982162E-1,1.924225539E-1
2.136366949E1,-3.097086847E-1,2.357939780E-1,2.052507252E-1
2.136573829E1,-3.060434759E-1,2.260201424E-1,2.125810981E-1
2.136777164E1,-3.011565804E-1,2.076941878E-1,2.235766798E-1
2.136982106E1,-2.968805134E-1,1.887573600E-1,2.345722616E-1
2.137182456E1,-2.932153046E-1,1.795943826E-1,2.419026345E-1
2.137384649E1,-2.834414840E-1,1.600466967E-1,2.522873580E-1
2.137588018E1,-2.736676335E-1,1.441642046E-1,2.614503205E-1
2.137794902E1,-2.675589919E-1,1.356120855E-1,2.681698501E-1
2.137998245E1,-2.535090744E-1,1.172861308E-1,2.761110961E-1
2.138205168E1,-2.400700450E-1,9.896016866E-2,2.895501256E-1
2.138408483E1,-2.315179259E-1,8.979719132E-2,2.938261926E-1
2.138615399E1,-2.131919712E-1,7.330382615E-2,2.993239760E-1
2.138818891E1,-1.942551434E-1,5.619960278E-2,3.097086847E-1
2.139022095E1,-1.838704348E-1,4.703662544E-2,3.145956099E-1
2.139229899E1,-1.612684280E-1,3.237585723E-2,3.237585723E-1
2.139432033E1,-1.368338168E-1,1.588249579E-2,3.323107064E-1
2.139635495E1,-1.240056455E-1,9.773843922E-3,3.353650272E-1
2.139842326E1,-9.590584040E-2,1.221730490E-3,3.390302062E-1
2.140045710E1,-6.780604273E-2,-1.282817032E-2,3.420845270E-1
2.140252599E1,-4.092797264E-2,-2.015855350E-2,3.445279896E-1
2.140456026E1,-2.443460934E-2,-2.382374369E-2,3.433062732E-1
2.140662887E1,6.719517522E-3,-2.932153270E-2,3.414736688E-1
2.140866276E1,3.604105115E-2,-3.665191308E-2,3.384193480E-1
2.141071187E1,5.375614017E-2,-3.848451003E-2,3.335324228E-1
2.141280502E1,8.368854225E-2,-4.459316283E-2,3.280346394E-1
2.141471072E1,1.166752651E-1,-4.825835302E-2,3.200933933E-1
2.141670945E1,1.331686229E-1,-4.886921868E-2,3.145956099E-1
2.141877860E1,1.655444801E-1,-5.253441259E-2,3.048217595E-1
2.142081291E1,1.936442852E-1,-5.497787148E-2,2.926044464E-1
2.142288156E1,2.113593817E-1,-5.375614017E-2,2.846632004E-1
2.142491676E1,2.455678284E-1,-5.803219974E-2,2.724458873E-1
2.142698533E1,2.755002379E-1,-5.803219974E-2,2.565633953E-1
2.142901956E1,2.913827300E-1,-6.047565863E-2,2.498438805E-1
2.143104329E1,3.200933933E-1,-5.925392732E-2,2.345722616E-1
2.143317676E1,3.500257730E-1,-6.047565863E-2,2.119702399E-1
2.143509214E1,3.640756905E-1,-6.108652428E-2,2.034181207E-1
2.143709206E1,3.909537494E-1,-6.108652428E-2,1.820378453E-1
2.143916118E1,4.141666293E-1,-6.230825558E-2,1.606575549E-1
2.144119699E1,4.251621962E-1,-6.230825558E-2,1.484402567E-1
2.144326606E1,4.465425014E-1,-6.536258012E-2,1.227839142E-1
2.144530033E1,4.654793143E-1,-6.719517708E-2,9.468411654E-2
2.144736987E1,4.831944108E-1,-7.086037099E-2,6.536258012E-2
2.144940418E1,4.893030524E-1,-7.513642311E-2,5.192354694E-2
2.145148064E1,5.015203953E-1,-8.491026610E-2,1.954768784E-2
2.145348199E1,5.161811113E-1,-9.101892263E-2,-1.221730467E-2
2.145550422E1,5.210680366E-1,-9.529497474E-2,-2.809980139E-2
2.145753876E1,5.302310586E-1,-1.093448773E-1,-5.864306539E-2
2.145960795E1,5.412266254E-1,-1.227839142E-1,-9.040805697E-2
2.146164272E1,5.448917747E-1,-1.331686229E-1,-1.026253626E-1
2.146371126E1,5.503895879E-1,-1.478293836E-1,-1.301143020E-1
2.146574560E1,5.577199459E-1,-1.649336219E-1,-1.545489132E-1
2.146781533E1,5.656611919E-1,-1.704314053E-1,-1.643227488E-1
2.146985002E1,5.668829679E-1,-1.893682331E-1,-1.857030392E-1
2.147188195E1,5.717698932E-1,-2.052507252E-1,-2.003637999E-1
2.147396064E1,5.754350424E-1,-2.131919712E-1,-2.089159191E-1
2.147598229E1,5.766568184E-1,-2.296853364E-1,-2.217440903E-1
2.147801668E1,5.748242140E-1,-2.486221492E-1,-2.284636050E-1
2.148008576E1,5.760459304E-1,-2.553416789E-1,-2.309070677E-1
2.148212056E1,5.693264008E-1,-2.755002379E-1,-2.321287990E-1
2.148418983E1,5.644394755E-1,-2.913827300E-1,-2.278527319E-1
2.148622468E1,5.577199459E-1,-3.084869385E-1,-2.235766798E-1
2.148829418E1,5.558874011E-1,-3.176499307E-1,-2.217440903E-1
2.149032872E1,5.467243791E-1,-3.310889602E-1,-2.131919712E-1
2.149244337E1,5.357288122E-1,-3.426954150E-1,-1.924225539E-1
2.149453522E1,5.283984542E-1,-3.475823104E-1,-1.850921661E-1
2.149644968E1,5.180137157E-1,-3.555235863E-1,-1.661553532E-1
2.149844926E1,5.002986193E-1,-3.610213697E-1,-1.423316002E-1
2.150051752E1,4.899139404E-1,-3.652974069E-1,-1.301143020E-1
2.150255187E1,4.740314186E-1,-3.622430861E-1,-1.038470939E-1
2.150462095E1,4.520402849E-1,-3.616322279E-1,-6.963863969E-2
2.150665552E1,4.453207552E-1,-3.579670191E-1,-5.742133409E-2
2.150872356E1,4.214970171E-1,-3.469714522E-1,-2.504547499E-2
2.151075776E1,4.025602043E-1,-3.292563558E-1,6.108652335E-3
2.151278287E1,3.915646076E-1,-3.200933933E-1,2.504547499E-2
2.151491510E1,3.695734739E-1,-2.938261926E-1,5.803219974E-2
2.151682987E1,3.463605940E-1,-2.590068579E-1,8.979719132E-2
2.151882899E1,3.323107064E-1,-2.419026345E-1,1.069014147E-1
2.152089779E1,3.078760803E-1,-2.003637999E-1,1.404990107E-1
2.152293252E1,2.834414840E-1,-1.576032341E-1,1.679879427E-1
2.152500122E1,2.687807083E-1,-1.337794960E-1,1.783726513E-1
2.152703664E1,2.437352389E-1,-8.491026610E-2,2.034181207E-1
2.152910479E1,2.119702399E-1,-3.298672289E-2,2.296853364E-1
2.153113899E1,1.832595766E-1,1.832595654E-2,2.467895597E-1
2.153325499E1,1.685988009E-1,4.337143153E-2,2.547308207E-1
2.153529249E1,1.380555481E-1,9.590584040E-2,2.700024247E-1
2.153731456E1,1.062905490E-1,1.435533315E-1,2.785545588E-1
2.153934991E1,8.918632567E-2,1.661553532E-1,2.840523422E-1
2.154141852E1,5.864306539E-2,2.119702399E-1,2.864958048E-1
2.154345387E1,2.809980139E-2,2.504547536E-1,2.883284092E-1
2.154552225E1,6.108652335E-3,2.693915665E-1,2.889392674E-1
2.154755664E1,-2.687807009E-2,2.981022298E-1,2.877175212E-1
2.154962575E1,-5.925392732E-2,3.231477141E-1,2.816088796E-1
2.155166049E1,-7.391469181E-2,3.329215646E-1,2.773328125E-1
2.155368491E1,-1.075122803E-1,3.451388776E-1,2.761110961E-1
2.155576287E1,-1.392772794E-1,3.488040566E-1,2.681698501E-1
2.155778449E1,-1.710422635E-1,3.481931984E-1,2.577851415E-1
2.155981983E1,-1.875356287E-1,3.420845270E-1,2.547308207E-1
2.156188829E1,-2.168571651E-1,3.329215646E-1,2.437352389E-1
2.156392214E1,-2.455678284E-1,3.164281845E-1,2.351831198E-1
2.156594760E1,-2.645046413E-1,3.060434759E-1,2.321287990E-1
2.156794652E1,-2.907718420E-1,2.834414840E-1,2.199114859E-1
2.157001529E1,-3.170390725E-1,2.547308207E-1,2.107485086E-1
2.157204856E1,-3.280346394E-1,2.412917763E-1,2.070833147E-1
2.157409745E1,-3.530801237E-1,2.076941878E-1,2.003637999E-1
2.157626675E1,-3.738495409E-1,1.740965992E-1,1.912008226E-1
2.157810264E1,-3.860668242E-1,1.551597714E-1,1.905899495E-1
2.158010152E1,-4.037819207E-1,1.215621829E-1,1.808161139E-1
2.158217025E1,-4.245513380E-1,8.491026610E-2,1.759291887E-1
2.158420499E1,-4.263839424E-1,6.963863969E-2,1.722639948E-1
2.158627399E1,-4.428772926E-1,3.176499158E-2,1.655444801E-1
2.158830841E1,-4.550946057E-1,0.000000000E0,1.594358236E-1
2.159037814E1,-4.605923891E-1,-1.771509275E-2,1.569923609E-1
2.159241268E1,-4.715879560E-1,-5.009094998E-2,1.539380401E-1
2.159443583E1,-4.758640230E-1,-7.880161703E-2,1.490511149E-1
2.159656779E1,-4.783074856E-1,-9.346238524E-2,1.466076523E-1
2.159848291E1,-4.819726646E-1,-1.185078546E-1,1.459967941E-1
2.160048295E1,-4.819726646E-1,-1.368338168E-1,1.478293836E-1
2.160255195E1,-4.831944108E-1,-1.453859210E-1,1.453859210E-1
2.160458633E1,-4.801400900E-1,-1.624901593E-1,1.411098689E-1
2.160665575E1,-4.795292318E-1,-1.765400618E-1,1.417207420E-1
2.160869002E1,-4.734205604E-1,-1.814269722E-1,1.404990107E-1
2.161075895E1,-4.667010605E-1,-1.905899495E-1,1.404990107E-1
2.161279414E1,-4.618141353E-1,-1.991420686E-1,1.404990107E-1
2.161486306E1,-4.544837475E-1,-2.064724565E-1,1.453859210E-1
2.161686452E1,-4.489859641E-1,-2.089159191E-1,1.411098689E-1
2.161888560E1,-4.361577928E-1,-2.156354338E-1,1.404990107E-1
2.162091983E1,-4.245513380E-1,-2.211332172E-1,1.398881376E-1
2.162298929E1,-4.178318381E-1,-2.241875380E-1,1.417207420E-1
2.162502322E1,-4.031710625E-1,-2.266310006E-1,1.368338168E-1
2.162709210E1,-3.872885704E-1,-2.254092693E-1,1.417207420E-1
2.162912606E1,-3.775147200E-1,-2.254092693E-1,1.417207420E-1
2.163119479E1,-3.597996235E-1,-2.260201424E-1,1.380555481E-1
2.163322987E1,-3.408628106E-1,-2.296853364E-1,1.362229437E-1
2.163526145E1,-3.329215646E-1,-2.296853364E-1,1.313360333E-1
2.163733937E1,-3.121521473E-1,-2.266310006E-1,1.276708394E-1
2.163936106E1,-2.944370508E-1,-2.211332172E-1,1.233947799E-1
2.164139518E1,-2.840523422E-1,-2.131919712E-1,1.203404516E-1
2.164346418E1,-2.638937831E-1,-1.973094791E-1,1.191187203E-1
2.164549879E1,-2.406809032E-1,-1.789835095E-1,1.209513173E-1
2.164756799E1,-2.217440903E-1,-1.612684280E-1,1.221730486E-1
2.164960260E1,-2.083050460E-1,-1.527163088E-1,1.215621829E-1
2.165167083E1,-1.905899495E-1,-1.392772794E-1,1.331686229E-1
2.165370460E1,-1.685988009E-1,-1.301143020E-1,1.331686229E-1
2.165575364E1,-1.606575549E-1,-1.240056455E-1,1.331686229E-1
2.165784545E1,-1.423316002E-1,-1.166752651E-1,1.380555481E-1
2.165974998E1,-1.270599663E-1,-1.123992056E-1,1.362229437E-1
2.166174941E1,-1.166752651E-1,-1.105666086E-1,1.356120855E-1
2.166381679E1,-1.056796908E-1,-1.117883399E-1,1.380555481E-1
2.166586637E1,-9.346238524E-2,-1.105666086E-1,1.295034289E-1
2.166792041E1,-8.735372871E-2,-1.123992056E-1,1.264491081E-1
2.166995472E1,-7.941248268E-2,-1.105666086E-1,1.258382350E-1
2.167202414E1,-6.841690838E-2,-1.111774743E-1,1.142318025E-1
2.167405875E1,-6.352998316E-2,-1.105666086E-1,1.099557430E-1
2.167609068E1,-5.681046844E-2,-1.105666086E-1,1.069014147E-1
2.167822291E1,-5.009094998E-2,-1.136209369E-1,9.529497474E-2
2.168013772E1,-4.642575979E-2,-1.148426682E-1,9.040805697E-2
2.168213702E1,-4.276056588E-2,-1.185078546E-1,8.735372871E-2
2.168420606E1,-3.787364438E-2,-1.215621829E-1,7.208210230E-2
2.168624114E1,-3.420845419E-2,-1.270599663E-1,7.086037099E-2
2.168831049E1,-2.809980139E-2,-1.319468915E-1,6.475171447E-2
2.169034445E1,-2.199114859E-2,-1.404990107E-1,6.047565863E-2
2.169241356E1,-2.076941915E-2,-1.447750628E-1,5.497787148E-2
2.169444849E1,-1.710422710E-2,-1.508837193E-1,5.070181563E-2
2.169649760E1,-1.160643995E-2,-1.569923609E-1,4.459316283E-2
2.169850172E1,-9.162978269E-3,-1.594358236E-1,4.153883830E-2
2.170052368E1,-4.886921961E-3,-1.612684280E-1,3.481931984E-2
2.170255783E1,-3.054326167E-3,-1.649336219E-1,2.932153270E-2
2.170462814E1,-6.108652451E-4,-1.637118906E-1,2.382374369E-2
2.170666268E1,-6.108652451E-4,-1.649336219E-1,2.138028294E-2
2.170873218E1,0.000000000E0,-1.649336219E-1,1.771509275E-2
2.171076637E1,-2.443460980E-3,-1.649336219E-1,1.710422710E-2
2.171283483E1,-2.443460980E-3,-1.667662114E-1,1.343903504E-2
2.171486968E1,-4.886921961E-3,-1.704314053E-1,1.038470957E-2
2.171690195E1,-9.773843922E-3,-1.771509200E-1,7.330383174E-3
2.171898014E1,-1.038470957E-2,-1.814269722E-1,6.108652335E-3
2.172100141E1,-1.771509275E-2,-1.893682331E-1,3.054326167E-3
2.172303552E1,-2.321287990E-2,-1.973094791E-1,-1.221730490E-3
2.172510425E1,-2.687807009E-2,-1.979203373E-1,-4.886921961E-3
2.172713872E1,-3.481931984E-2,-2.015855312E-1,-5.497787148E-3
2.172920706E1,-4.459316283E-2,-2.021963894E-1,-9.162978269E-3
2.173124091E1,-4.703662544E-2,-1.997529417E-1,-8.552113548E-3
2.173330995E1,-5.681046844E-2,-1.966986060E-1,-8.552113548E-3
2.173534464E1,-6.536258012E-2,-1.930334121E-1,-4.886921961E-3
2.173739348E1,-7.024950534E-2,-1.820378453E-1,-7.330383174E-3
2.173948798E1,-7.330382615E-2,-1.808161139E-1,-3.665191587E-3
2.174139325E1,-8.429940045E-2,-1.783726513E-1,-3.665191587E-3
2.174339287E1,-8.674286306E-2,-1.759291887E-1,-3.054326167E-3
2.174546168E1,-9.468411654E-2,-1.710422635E-1,6.108652451E-4
2.174749660E1,-1.050688252E-1,-1.679879427E-1,3.665191587E-3
2.174956598E1,-1.154535338E-1,-1.667662114E-1,7.330383174E-3
2.175160087E1,-1.197295859E-1,-1.643227488E-1,7.941247895E-3
2.175367072E1,-1.319468915E-1,-1.624901593E-1,7.941247895E-3
2.175570518E1,-1.404990107E-1,-1.618792862E-1,6.108652335E-3
2.175773672E1,-1.478293836E-1,-1.612684280E-1,1.038470957E-2
2.175986856E1,-1.551597714E-1,-1.600466967E-1,5.497787148E-3
2.176178372E1,-1.637118906E-1,-1.612684280E-1,2.443460980E-3
2.176378229E1,-1.673770845E-1,-1.618792862E-1,4.886921961E-3
2.176585091E1,-1.753183305E-1,-1.612684280E-1,6.108652451E-4
2.176788452E1,-1.826487035E-1,-1.618792862E-1,-3.054326167E-3
2.176995252E1,-1.850921661E-1,-1.618792862E-1,-1.221730490E-3
2.177198679E1,-1.893682331E-1,-1.624901593E-1,-7.941247895E-3
2.177405506E1,-1.954768747E-1,-1.606575549E-1,-1.099557430E-2
2.177608925E1,-1.966986060E-1,-1.606575549E-1,-1.099557430E-2
2.177816479E1,-2.015855312E-1,-1.637118906E-1,-1.404990070E-2
2.178016648E1,-2.076941878E-1,-1.637118906E-1,-1.832595654E-2
2.178218737E1,-2.076941878E-1,-1.685988009E-1,-1.893682219E-2
2.178422091E1,-2.107485086E-1,-1.728748679E-1,-2.748893574E-2
2.178628891E1,-2.156354338E-1,-1.777617931E-1,-3.115412779E-2
2.178832275E1,-2.211332172E-1,-1.832595766E-1,-3.665191308E-2
2.179039152E1,-2.229658216E-1,-1.869247705E-1,-3.909537569E-2
2.179242602E1,-2.247984111E-1,-1.912008226E-1,-4.459316283E-2
2.179449518E1,-2.290744632E-1,-1.985312104E-1,-5.192354694E-2
2.179652968E1,-2.296853364E-1,-2.028072625E-1,-5.253441259E-2
2.179856137E1,-2.309070677E-1,-2.070833147E-1,-5.986479297E-2
2.180063964E1,-2.357939780E-1,-2.138028294E-1,-6.230825558E-2
2.180266087E1,-2.345722616E-1,-2.174680233E-1,-6.291911751E-2
2.180469560E1,-2.351831198E-1,-2.223549485E-1,-7.024950534E-2
2.180676395E1,-2.364048511E-1,-2.247984111E-1,-7.086037099E-2
2.180879829E1,-2.351831198E-1,-2.260201424E-1,-7.208210230E-2
2.181082318E1,-2.351831198E-1,-2.235766798E-1,-7.147123665E-2
2.181282298E1,-2.327396572E-1,-2.180788964E-1,-7.452555746E-2
2.181489141E1,-2.333505303E-1,-2.138028294E-1,-7.086037099E-2
2.181692579E1,-2.284636050E-1,-2.083050460E-1,-6.719517708E-2
2.181897541E1,-2.241875380E-1,-1.991420686E-1,-6.230825558E-2
2.182114575E1,-2.211332172E-1,-1.924225539E-1,-5.619960278E-2
2.182298064E1,-2.205223590E-1,-1.869247705E-1,-5.253441259E-2
2.182498006E1,-2.150245607E-1,-1.820378453E-1,-4.948008433E-2
2.182704902E1,-2.125810981E-1,-1.789835095E-1,-4.520402849E-2
2.182908341E1,-2.083050460E-1,-1.747074574E-1,-3.909537569E-2
2.183115295E1,-2.058615834E-1,-1.704314053E-1,-3.543018550E-2
2.183318702E1,-2.046398520E-1,-1.698205322E-1,-3.298672289E-2
2.183525610E1,-2.028072625E-1,-1.698205322E-1,-2.626720630E-2
2.183729075E1,-1.973094791E-1,-1.661553532E-1,-2.932153270E-2
2.183932325E1,-1.973094791E-1,-1.704314053E-1,-2.138028294E-2
2.184145641E1,-1.942551434E-1,-1.704314053E-1,-2.076941915E-2
2.184337133E1,-1.954768747E-1,-1.728748679E-1,-1.954768784E-2
2.184537102E1,-1.960877478E-1,-1.747074574E-1,-1.893682219E-2
2.184744045E1,-1.930334121E-1,-1.759291887E-1,-1.771509275E-2
2.184947506E1,-1.936442852E-1,-1.820378453E-1,-1.954768784E-2
2.185154391E1,-1.948660165E-1,-1.863138974E-1,-2.076941915E-2
2.185357814E1,-1.966986060E-1,-1.857030392E-1,-1.771509275E-2
2.185564698E1,-1.973094791E-1,-1.918116808E-1,-1.832595654E-2
2.185768187E1,-2.058615834E-1,-1.960877478E-1,-2.199114859E-2
2.185973087E1,-2.089159191E-1,-1.985312104E-1,-2.382374369E-2
2.186173618E1,-2.156354338E-1,-2.021963894E-1,-2.687807009E-2
2.186375679E1,-2.241875380E-1,-2.083050460E-1,-3.054326214E-2
2.186579164E1,-2.290744632E-1,-2.095267773E-1,-3.115412779E-2
2.186786110E1,-2.382374406E-1,-2.095267773E-1,-3.909537569E-2
2.186989583E1,-2.528982162E-1,-2.138028294E-1,-4.703662544E-2
2.187196433E1,-2.590068579E-1,-2.150245607E-1,-4.703662544E-2
2.187399891E1,-2.712241709E-1,-2.125810981E-1,-5.742133409E-2
2.187606756E1,-2.883284092E-1,-2.125810981E-1,-6.597344577E-2
2.187810218E1,-3.036000133E-1,-2.095267773E-1,-7.391469181E-2
2.188013341E1,-3.103195429E-1,-2.070833147E-1,-8.185594529E-2
2.188221168E1,-3.298672438E-1,-2.034181207E-1,-9.040805697E-2
2.188423306E1,-3.451388776E-1,-1.966986060E-1,-1.050688252E-1
2.188626691E1,-3.549126983E-1,-1.960877478E-1,-1.111774743E-1
2.188833556E1,-3.707951903E-1,-1.875356287E-1,-1.252273768E-1
2.189036960E1,-3.915646076E-1,-1.832595766E-1,-1.350012124E-1
2.189243864E1,-3.995058835E-1,-1.783726513E-1,-1.429424733E-1
2.189447272E1,-4.202753007E-1,-1.740965992E-1,-1.527163088E-1
2.189654168E1,-4.398229718E-1,-1.667662114E-1,-1.649336219E-1
2.189857587E1,-4.508185387E-1,-1.631010175E-1,-1.692096740E-1
2.190062548E1,-4.740314186E-1,-1.588249654E-1,-1.826487035E-1
2.190271664E1,-4.935791194E-1,-1.527163088E-1,-1.899790913E-1
2.190462175E1,-5.064072609E-1,-1.490511149E-1,-1.948660165E-1
2.190662098E1,-5.302310586E-1,-1.441642046E-1,-2.070833147E-1
2.190868952E1,-5.528330207E-1,-1.429424733E-1,-2.138028294E-1
2.191072341E1,-5.638286471E-1,-1.411098689E-1,-2.223549485E-1
2.191279202E1,-5.888741016E-1,-1.435533315E-1,-2.296853364E-1
2.191482614E1,-6.108652353E-1,-1.484402567E-1,-2.449569702E-1
2.191689495E1,-6.230825782E-1,-1.496619880E-1,-2.504547536E-1
2.191892822E1,-6.481280327E-1,-1.569923609E-1,-2.632829249E-1
2.192092783E1,-6.731734872E-1,-1.612684280E-1,-2.755002379E-1
2.192306025E1,-6.982190013E-1,-1.582140923E-1,-2.822197378E-1
2.192497656E1,-7.092145681E-1,-1.582140923E-1,-2.816088796E-1
2.192697591E1,-7.305948138E-1,-1.417207420E-1,-2.858849466E-1
2.192904422E1,-7.519751191E-1,-1.270599663E-1,-2.803871334E-1
2.193107787E1,-7.599163651E-1,-1.166752651E-1,-2.755002379E-1
2.193314706E1,-7.764097452E-1,-1.007927656E-1,-2.736676335E-1
2.193518141E1,-7.929030657E-1,-8.491026610E-2,-2.614503205E-1
2.193725075E1,-7.971791625E-1,-7.696902007E-2,-2.590068579E-1
2.193928487E1,-8.130616546E-1,-6.719517708E-2,-2.486221492E-1
2.194136145E1,-8.228355050E-1,-5.986479297E-2,-2.412917763E-1
2.194336429E1,-8.289441466E-1,-5.925392732E-2,-2.302961946E-1
2.194538502E1,-8.362745047E-1,-5.619960278E-2,-2.260201424E-1
2.194741960E1,-8.454375267E-1,-5.619960278E-2,-2.162462920E-1
2.194948814E1,-8.472700715E-1,-5.864306539E-2,-2.131919712E-1
2.195152310E1,-8.552113175E-1,-6.047565863E-2,-2.089159191E-1
2.195359179E1,-8.582656980E-1,-6.536258012E-2,-1.997529417E-1
2.195562637E1,-8.600982428E-1,-6.902777404E-2,-1.966986060E-1
2.195769556E1,-8.594874144E-1,-6.963863969E-2,-1.948660165E-1
2.195972998E1,-8.570439219E-1,-7.513642311E-2,-1.918116808E-1
2.196176398E1,-8.564330935E-1,-7.757988572E-2,-1.887573600E-1
2.196384195E1,-8.570439219E-1,-8.124507964E-2,-1.881465018E-1
2.196586294E1,-8.515461683E-1,-8.185594529E-2,-1.863138974E-1
2.196789679E1,-8.466592431E-1,-8.185594529E-2,-1.850921661E-1
2.196996648E1,-8.448266387E-1,-8.368854225E-2,-1.838704348E-1
2.197200018E1,-8.411614299E-1,-8.674286306E-2,-1.802052408E-1
2.197406918E1,-8.344419003E-1,-8.307767659E-2,-1.771509200E-1
2.197610371E1,-8.313875794E-1,-8.185594529E-2,-1.765400618E-1
2.197817202E1,-8.240572214E-1,-7.391469181E-2,-1.722639948E-1
2.198020760E1,-8.167268038E-1,-6.108652428E-2,-1.698205322E-1
2.198225671E1,-8.136724830E-1,-5.558873713E-2,-1.673770845E-1
2.198434879E1,-8.038986921E-1,-3.726277873E-2,-1.600466967E-1
2.198625560E1,-7.922922373E-1,-2.138028294E-2,-1.563815027E-1
2.198825521E1,-7.880161405E-1,-1.038470957E-2,-1.533271819E-1
2.199032598E1,-7.733554244E-1,7.330383174E-3,-1.490511149E-1
2.199235895E1,-7.623597980E-1,2.199114859E-2,-1.392772794E-1
2.199442760E1,-7.550294399E-1,3.115412779E-2,-1.392772794E-1
2.199646198E1,-7.434229851E-1,4.581489414E-2,-1.258382350E-1
2.199853068E1,-7.250970602E-1,5.558873713E-2,-1.233947799E-1
2.200056479E1,-7.195992470E-1,6.291911751E-2,-1.197295859E-1
2.200259879E1,-7.018841505E-1,6.780604273E-2,-1.093448773E-1
2.200473245E1,-6.902777553E-1,7.208210230E-2,-1.026253626E-1
2.200664683E1,-6.798930168E-1,6.841690838E-2,-1.007927656E-1
2.200864641E1,-6.646214128E-1,6.047565863E-2,-9.651670605E-2
2.201071518E1,-6.499606371E-1,4.703662544E-2,-9.529497474E-2
2.201274995E1,-6.426302195E-1,3.848451003E-2,-9.468411654E-2
2.201481852E1,-6.285803318E-1,2.687807009E-2,-9.529497474E-2
2.201685287E1,-6.133087277E-1,1.771509275E-2,-9.651670605E-2
2.201892125E1,-5.937610269E-1,1.282817032E-2,-9.346238524E-2
2.202095629E1,-5.913175344E-1,8.552113548E-3,-9.040805697E-2
2.202300602E1,-5.662720799E-1,3.054326167E-3,-9.040805697E-2
2.202501014E1,-5.448917747E-1,-2.443460980E-3,-8.796459436E-2
2.202703194E1,-5.314527750E-1,-3.665191587E-3,-8.491026610E-2
2.202906641E1,-5.039638281E-1,-8.552113548E-3,-7.941248268E-2
2.203113598E1,-4.709770977E-1,-1.099557430E-2,-6.841690838E-2
2.203317060E1,-4.557054639E-1,-1.527163107E-2,-6.169738993E-2
2.203523994E1,-4.159992337E-1,-2.260201424E-2,-5.192354694E-2
2.203727418E1,-3.775147200E-1,-4.398229718E-2,-3.420845419E-2
2.203934333E1,-3.536909819E-1,-5.131268129E-2,-2.809980139E-2
2.204137737E1,-3.048217595E-1,-7.696902007E-2,-1.282817032E-2
2.204340948E1,-2.547308207E-1,-1.056796908E-1,1.099557430E-2
2.204548802E1,-2.278527319E-1,-1.221730486E-1,2.382374369E-2
2.204750933E1,-1.710422635E-1,-1.539380401E-1,5.070181563E-2
2.204954298E1,-1.069014147E-1,-1.844813079E-1,8.002334833E-2
2.205161214E1,-5.009094998E-2,-2.199114859E-1,1.154535338E-1
2.205364633E1,-1.588249579E-2,-2.382374406E-1,1.319468915E-1
2.205567071E1,5.009094998E-2,-2.742784917E-1,1.704314053E-1
2.205767056E1,1.172861308E-1,-3.133738637E-1,2.107485086E-1
2.205973879E1,1.508837193E-1,-3.329215646E-1,2.266310006E-1
2.206177337E1,2.199114859E-1,-3.701843321E-1,2.706133127E-1
2.206388856E1,2.901609838E-1,-4.056145251E-1,3.084869385E-1
2.206605894E1,3.231477141E-1,-4.221078753E-1,3.292563558E-1
2.206792968E1,3.970624208E-1,-4.532620013E-1,3.677408695E-1
2.206993002E1,4.685336351E-1,-4.752531648E-1,4.068362415E-1
2.207199883E1,5.082398653E-1,-4.868595898E-1,4.227187634E-1
2.207404883E1,5.809328556E-1,-5.021312237E-1,4.581489265E-1
2.207610252E1,6.548475623E-1,-5.100724697E-1,4.941899776E-1
2.207813675E1,6.921103001E-1,-5.131267905E-1,5.070181489E-1
2.208020579E1,7.666358948E-1,-5.100724697E-1,5.369505286E-1
2.208224006E1,8.399397135E-1,-5.009095073E-1,5.674937963E-1
2.208425944E1,8.741481900E-1,-4.923573732E-1,5.778785348E-1
2.208639237E1,9.419541955E-1,-4.721988440E-1,6.017022729E-1
2.208830725E1,1.007316828E0,-4.410447180E-1,6.194173694E-1
2.209030602E1,1.036027431E0,-4.233296216E-1,6.279694438E-1
2.209237506E1,1.089172721E0,-3.842342496E-1,6.426302195E-1
2.209440952E1,1.140485406E0,-3.378084898E-1,6.517932415E-1
2.209647818E1,1.180802464E0,-2.883284092E-1,6.572909951E-1
2.209851325E1,1.199739337E0,-2.632829249E-1,6.572909951E-1
2.210058225E1,1.229060888E0,-2.138028294E-1,6.597344875E-1
2.210261656E1,1.251662850E0,-1.637118906E-1,6.554583907E-1
2.210467725E1,1.257771492E0,-1.404990107E-1,6.530149579E-1
2.210667941E1,1.274875760E0,-9.224065393E-2,6.444628239E-1
2.210870091E1,1.282206178E0,-5.009094998E-2,6.340781450E-1
2.211073479E1,1.282817006E0,-3.237585723E-2,6.261368990E-1
2.211280445E1,1.282206178E0,-6.108652451E-4,6.139195561E-1
2.211483868E1,1.284649611E0,2.321287990E-2,5.968153477E-1
2.211690733E1,1.284649611E0,3.298672289E-2,5.858197808E-1
2.211894160E1,1.277319193E0,4.520402849E-2,5.674937963E-1
2.212100998E1,1.271821499E0,4.825835302E-2,5.473352671E-1
2.212304452E1,1.271210551E0,4.520402849E-2,5.406157374E-1
2.212506287E1,1.262047648E0,3.909537569E-2,5.192354321E-1
2.212710933E1,1.254106402E0,2.687807009E-2,5.039638281E-1
2.212913152E1,1.249219418E0,1.771509275E-2,4.941899776E-1
2.213116568E1,1.240667343E0,-3.054326167E-3,4.789183438E-1
2.213323410E1,1.232115149E0,-2.809980139E-2,4.660901725E-1
2.213526825E1,1.223563075E0,-4.092797264E-2,4.612032473E-1
2.213733683E1,1.213789225E0,-6.536258012E-2,4.495968223E-1
2.213937210E1,1.199739337E0,-8.857546002E-2,4.379903674E-1
2.214144006E1,1.185689449E0,-1.069014147E-1,4.343251884E-1
2.214347452E1,1.175304770E0,-1.148426682E-1,4.263839424E-1
2.214558948E1,1.158811331E0,-1.246165112E-1,4.214970171E-1
2.214768144E1,1.137431145E0,-1.295034289E-1,4.123340547E-1
2.214958902E1,1.126435518E0,-1.295034289E-1,4.062253833E-1
2.215158875E1,1.097724795E0,-1.270599663E-1,3.940080702E-1
2.215365775E1,1.067792416E0,-1.154535338E-1,3.750712574E-1
2.215569210E1,1.051299095E0,-1.111774743E-1,3.671300113E-1
2.215776133E1,1.015868902E0,-9.101892263E-2,3.445279896E-1
2.215979683E1,9.755517840E-1,-6.841690838E-2,3.231477141E-1
2.216186464E1,9.553932548E-1,-5.375614017E-2,3.072652221E-1
2.216389914E1,9.083566070E-1,-2.443460934E-2,2.852740586E-1
2.216591856E1,8.576548100E-1,9.162978269E-3,2.522873580E-1
2.216805060E1,8.032878041E-1,2.871066704E-2,2.364048511E-1
2.216996498E1,7.733554244E-1,6.291911751E-2,2.021963894E-1
2.217196456E1,7.116580009E-1,1.001819000E-1,1.655444801E-1
2.217403414E1,6.805039048E-1,1.172861308E-1,1.398881376E-1
2.217606806E1,6.108652353E-1,1.514945775E-1,1.038470939E-1
2.217813729E1,5.357288122E-1,1.838704348E-1,5.925392732E-2
2.218017210E1,4.978551865E-1,2.003637999E-1,3.726277873E-2
2.218224121E1,4.166100919E-1,2.327396572E-1,-5.497787148E-3
2.218427641E1,3.316998184E-1,2.663372457E-1,-5.009094998E-2
2.218639129E1,2.437352389E-1,2.974913716E-1,-9.529497474E-2
2.218842948E1,1.985312104E-1,3.133738637E-1,-1.178969890E-1
2.219045148E1,1.062905490E-1,3.414736688E-1,-1.569923609E-1
2.219248656E1,1.771509275E-2,3.646865487E-1,-2.015855312E-1
2.219455494E1,-2.809980139E-2,3.769038618E-1,-2.247984111E-1
2.219658937E1,-1.209513173E-1,3.921754956E-1,-2.602286041E-1
2.219865818E1,-2.101376504E-1,4.050036669E-1,-2.987131178E-1
2.220069244E1,-2.541199327E-1,4.105014503E-1,-3.152064681E-1
2.220276171E1,-3.414736688E-1,4.208861589E-1,-3.457497358E-1
2.220479668E1,-4.227187634E-1,4.318817258E-1,-3.689626157E-1
2.220681537E1,-4.624249935E-1,4.398229718E-1,-3.811798990E-1
2.220889325E1,-5.338962078E-1,4.563163519E-1,-3.976732790E-1
2.221091406E1,-5.980370641E-1,4.691445231E-1,-4.068362415E-1
2.221294906E1,-6.585127115E-1,4.770857692E-1,-4.178318381E-1
2.221501841E1,-6.841690540E-1,4.789183438E-1,-4.202753007E-1
2.221705352E1,-7.330383062E-1,4.819726646E-1,-4.172209501E-1
2.221912187E1,-7.751879692E-1,4.734205604E-1,-4.105014503E-1
2.222115644E1,-7.941248417E-1,4.685336351E-1,-4.080579877E-1
2.222322575E1,-8.210029006E-1,4.483750761E-1,-3.915646076E-1
2.222525968E1,-8.429940343E-1,4.184426963E-1,-3.781255782E-1
2.222737514E1,-8.533787727E-1,4.037819207E-1,-3.695734739E-1
2.222946771E1,-8.649851680E-1,3.628539443E-1,-3.500257730E-1
2.223138244E1,-8.686503768E-1,3.194825351E-1,-3.286454976E-1
2.223338221E1,-8.698720932E-1,2.974913716E-1,-3.200933933E-1
2.223545133E1,-8.662069440E-1,2.467895597E-1,-2.981022298E-1
2.223748591E1,-8.576548100E-1,1.924225539E-1,-2.779437006E-1
2.223955502E1,-8.515461683E-1,1.649336219E-1,-2.632829249E-1
2.224158937E1,-8.332201838E-1,1.093448773E-1,-2.437352389E-1
2.224365821E1,-8.161159754E-1,5.619960278E-2,-2.217440903E-1
2.224569275E1,-8.045095205E-1,3.115412779E-2,-2.101376504E-1
2.224771021E1,-7.800748944E-1,-2.199114859E-2,-1.899790913E-1
2.224984341E1,-7.531968355E-1,-6.902777404E-2,-1.685988009E-1
2.225175833E1,-7.354817390E-1,-9.468411654E-2,-1.594358236E-1
2.225375798E1,-7.024950385E-1,-1.404990107E-1,-1.423316002E-1
2.225582691E1,-6.682865620E-1,-1.857030392E-1,-1.209513173E-1
2.225786206E1,-6.279694438E-1,-2.290744632E-1,-1.062905490E-1
2.225993071E1,-6.078109145E-1,-2.516764700E-1,-9.712757170E-2
2.226196529E1,-5.632177591E-1,-2.883284092E-1,-7.880161703E-2
2.226403383E1,-5.180137157E-1,-3.207042515E-1,-6.902777404E-2
2.226606852E1,-4.929682612E-1,-3.323107064E-1,-6.047565863E-2
2.226813621E1,-4.434881806E-1,-3.597996235E-1,-5.192354694E-2
2.227013794E1,-3.891211748E-1,-3.762930036E-1,-4.214970022E-2
2.227216018E1,-3.652974069E-1,-3.830125034E-1,-3.970624134E-2
2.227419464E1,-3.097086847E-1,-3.970624208E-1,-3.237585723E-2
2.227626375E1,-2.535090744E-1,-4.086688459E-1,-3.115412779E-2
2.227829787E1,-2.241875380E-1,-4.098905921E-1,-2.993239649E-2
2.228036718E1,-1.661553532E-1,-4.202753007E-1,-3.115412779E-2
2.228240133E1,-1.075122803E-1,-4.282165468E-1,-2.871066704E-2
2.228447014E1,-7.391469181E-2,-4.276056588E-1,-3.359758854E-2
2.228650429E1,-1.588249579E-2,-4.294382632E-1,-3.665191308E-2
2.228852279E1,4.581489414E-2,-4.300491214E-1,-4.153883830E-2
2.229060160E1,1.105666086E-1,-4.263839424E-1,-5.131268129E-2
2.229262283E1,1.386664063E-1,-4.208861589E-1,-5.253441259E-2
2.229465652E1,2.034181207E-1,-4.105014503E-1,-7.086037099E-2
2.229672560E1,2.651155293E-1,-4.025602043E-1,-7.880161703E-2
2.229875944E1,2.962696552E-1,-3.915646076E-1,-8.674286306E-2
2.230078394E1,3.579670191E-1,-3.744603992E-1,-1.050688252E-1
2.230278341E1,4.147774875E-1,-3.439171314E-1,-1.240056455E-1
2.230485279E1,4.440990388E-1,-3.262020350E-1,-1.319468915E-1
2.230688652E1,4.996877611E-1,-2.883284092E-1,-1.527163088E-1
2.230900302E1,5.558874011E-1,-2.425135076E-1,-1.771509200E-1
2.231117256E1,5.797111392E-1,-2.174680233E-1,-1.881465018E-1
2.231304314E1,6.285803318E-1,-1.594358236E-1,-2.162462920E-1
2.231504314E1,6.756169796E-1,-1.001819000E-1,-2.412917763E-1
2.231711287E1,6.994407177E-1,-6.780604273E-2,-2.565633953E-1
2.231914790E1,7.415903807E-1,-3.054326167E-3,-2.883284092E-1
2.232121752E1,7.776314616E-1,6.291911751E-2,-3.164281845E-1
2.232325194E1,7.959573865E-1,9.468411654E-2,-3.310889602E-1
2.232532083E1,8.283332586E-1,1.545489132E-1,-3.616322279E-1
2.232735541E1,8.607091308E-1,2.107485086E-1,-3.903428912E-1
2.232937144E1,8.729264140E-1,2.351831198E-1,-4.043927789E-1
2.233150483E1,8.979719281E-1,2.834414840E-1,-4.331034720E-1
2.233341998E1,9.181304574E-1,3.231477141E-1,-4.569272101E-1
2.233541968E1,9.303477407E-1,3.433062732E-1,-4.679227769E-1
2.233748860E1,9.511171579E-1,3.781255782E-1,-4.978551865E-1
2.233952267E1,9.694431424E-1,4.050036669E-1,-5.167919993E-1
2.234159071E1,9.816604257E-1,4.245513380E-1,-5.363397002E-1
2.234362460E1,9.902125597E-1,4.331034720E-1,-5.473352671E-1
2.234569279E1,9.981538057E-1,4.489859641E-1,-5.595525503E-1
2.234772698E1,1.006095052E0,4.587597847E-1,-5.717698932E-1
2.234984187E1,1.010371089E0,4.605923891E-1,-5.803219676E-1
2.235188010E1,1.014647126E0,4.630358517E-1,-5.876523852E-1
2.235390090E1,1.020144939E0,4.599815309E-1,-5.986479521E-1
2.235593533E1,1.017090678E0,4.544837475E-1,-5.986479521E-1
2.235800483E1,1.019534111E0,4.465425014E-1,-6.023131609E-1
2.236003960E1,1.018923283E0,4.269948006E-1,-6.047565937E-1
2.236210879E1,1.018923283E0,4.178318381E-1,-6.078109145E-1
2.236414352E1,1.013425469E0,3.952298164E-1,-6.010913849E-1
2.236621252E1,1.009149432E0,3.744603992E-1,-6.053674817E-1
2.236824698E1,1.001208186E0,3.481931984E-1,-6.023131609E-1
2.237026367E1,9.981538057E-1,3.335324228E-1,-5.949827433E-1
2.237234248E1,9.883799553E-1,3.023782969E-1,-5.913175344E-1
2.237436375E1,9.755517840E-1,2.693915665E-1,-5.852088928E-1
2.237639887E1,9.669997096E-1,2.522873580E-1,-5.784893632E-1
2.237846764E1,9.523389339E-1,2.223549485E-1,-5.699372888E-1
2.238050252E1,9.334021211E-1,1.899790913E-1,-5.546656251E-1
2.238257217E1,9.217956662E-1,1.704314053E-1,-5.406157374E-1
2.238460694E1,9.010262489E-1,1.404990107E-1,-5.290092826E-1
2.238667587E1,8.802568316E-1,1.105666086E-1,-5.088507533E-1
2.238870960E1,8.649851680E-1,9.468411654E-2,-4.948008358E-1
2.239082598E1,8.423831463E-1,6.536258012E-2,-4.789183438E-1
2.239291798E1,8.161159754E-1,3.176499158E-2,-4.514294267E-1
2.239483256E1,8.020660877E-1,1.710422710E-2,-4.410447180E-1
2.239683179E1,7.770205736E-1,-1.343903504E-2,-4.184426963E-1
2.239890060E1,7.544185519E-1,-4.153883830E-2,-3.909537494E-1
2.240093517E1,7.415903807E-1,-5.619960278E-2,-3.781255782E-1
2.240300460E1,7.208209634E-1,-8.185594529E-2,-3.549126983E-1
2.240503890E1,6.988298297E-1,-1.081231460E-1,-3.255911767E-1
2.240710787E1,6.817256212E-1,-1.307251602E-1,-2.999348342E-1
2.240914244E1,6.707300544E-1,-1.423316002E-1,-2.871066630E-1
2.241115879E1,6.542366743E-1,-1.631010175E-1,-2.614503205E-1
2.241329183E1,6.383541822E-1,-1.857030392E-1,-2.333505303E-1
2.241520706E1,6.298020482E-1,-1.930334121E-1,-2.217440903E-1
2.241720687E1,6.157521605E-1,-2.144137025E-1,-1.966986060E-1
2.241927533E1,6.041457057E-1,-2.302961946E-1,-1.710422635E-1
2.242130960E1,5.986479521E-1,-2.382374406E-1,-1.563815027E-1
2.242337925E1,5.888741016E-1,-2.504547536E-1,-1.319468915E-1
2.242541348E1,5.803219676E-1,-2.590068579E-1,-1.062905490E-1
2.242748214E1,5.760459304E-1,-2.614503205E-1,-9.712757170E-2
2.242951717E1,5.681046844E-1,-2.693915665E-1,-7.330382615E-2
2.243157798E1,5.595525503E-1,-2.773328125E-1,-5.131268129E-2
2.243357925E1,5.564982295E-1,-2.803871334E-1,-4.031710699E-2
2.243560137E1,5.510004759E-1,-2.846632004E-1,-2.138028294E-2
2.243763544E1,5.418374538E-1,-2.834414840E-1,-2.443460980E-3
2.243970464E1,5.393940210E-1,-2.828305960E-1,1.832595794E-3
2.244173921E1,5.314527750E-1,-2.834414840E-1,1.832595654E-2
2.244380764E1,5.222898126E-1,-2.828305960E-1,3.298672289E-2
2.244584175E1,5.216789246E-1,-2.803871334E-1,3.420845419E-2
2.244791098E1,5.131267905E-1,-2.761110961E-1,4.031710699E-2
2.244994583E1,5.057964325E-1,-2.742784917E-1,4.886921868E-2
2.245197779E1,4.984660447E-1,-2.706133127E-1,4.948008433E-2
2.245405590E1,4.960225821E-1,-2.693915665E-1,4.581489414E-2
2.245607717E1,4.905247986E-1,-2.675589919E-1,4.948008433E-2
2.245811156E1,4.825835526E-1,-2.669481039E-1,4.459316283E-2
2.246018056E1,4.807509482E-1,-2.651155293E-1,4.153883830E-2
2.246221487E1,4.764748812E-1,-2.626720667E-1,3.604105115E-2
2.246428398E1,4.691445231E-1,-2.626720667E-1,2.626720630E-2
2.246631940E1,4.673119187E-1,-2.626720667E-1,2.015855350E-2
2.246838833E1,4.642575979E-1,-2.620611787E-1,1.404990070E-2
2.247042244E1,4.599815309E-1,-2.614503205E-1,2.443460980E-3
2.247247179E1,4.587597847E-1,-2.596177161E-1,-7.941247895E-3
2.247456390E1,4.550946057E-1,-2.596177161E-1,-1.649336144E-2
2.247646975E1,4.495968223E-1,-2.565633953E-1,-3.604105115E-2
2.247846921E1,4.477642179E-1,-2.553416789E-1,-4.642575979E-2
2.248053740E1,4.447098970E-1,-2.516764700E-1,-5.864306539E-2
2.248258652E1,4.422664344E-1,-2.449569702E-1,-8.002334833E-2
2.248464029E1,4.404338300E-1,-2.437352389E-1,-8.796459436E-2
2.248667479E1,4.386012554E-1,-2.315179259E-1,-1.038470939E-1
2.248874352E1,4.337143302E-1,-2.254092693E-1,-1.227839142E-1
2.249077802E1,4.343251884E-1,-2.162462920E-1,-1.331686229E-1
2.249280160E1,4.312708676E-1,-2.107485086E-1,-1.429424733E-1
2.249493402E1,4.312708676E-1,-1.991420686E-1,-1.643227488E-1
2.249684806E1,4.318817258E-1,-1.960877478E-1,-1.698205322E-1
2.249884764E1,4.300491214E-1,-1.789835095E-1,-1.802052408E-1
2.250091606E1,4.282165468E-1,-1.661553532E-1,-1.930334121E-1
2.250294975E1,4.276056588E-1,-1.539380401E-1,-1.997529417E-1
2.250501844E1,4.282165468E-1,-1.447750628E-1,-2.009746730E-1
2.250705298E1,4.269948006E-1,-1.270599663E-1,-2.076941878E-1
2.250912164E1,4.269948006E-1,-1.081231460E-1,-2.064724565E-1
2.251115610E1,4.294382632E-1,-9.773843735E-2,-2.083050460E-1
2.251320464E1,4.276056588E-1,-7.941248268E-2,-2.083050460E-1
2.251520864E1,4.288274050E-1,-5.375614017E-2,-2.028072625E-1
2.251722948E1,4.306600094E-1,-4.520402849E-2,-1.991420686E-1
2.251926348E1,4.312708676E-1,-2.015855350E-2,-1.930334121E-1
2.252133221E1,4.337143302E-1,1.832595794E-3,-1.844813079E-1
2.252336656E1,4.343251884E-1,1.221730467E-2,-1.777617931E-1
2.252543452E1,4.355469346E-1,3.481931984E-2,-1.685988009E-1
2.252746821E1,4.386012554E-1,5.864306539E-2,-1.582140923E-1
2.252953679E1,4.410447180E-1,6.841690838E-2,-1.508837193E-1
2.253157098E1,4.453207552E-1,9.101892263E-2,-1.356120855E-1
2.253360279E1,4.483750761E-1,1.123992056E-1,-1.240056455E-1
2.253568117E1,4.514294267E-1,1.325577646E-1,-1.154535338E-1
2.253770294E1,4.538728893E-1,1.411098689E-1,-1.020144969E-1
2.253973671E1,4.563163519E-1,1.569923609E-1,-8.857546002E-2
2.254180594E1,4.618141353E-1,1.710422635E-1,-7.330382615E-2
2.254383994E1,4.605923891E-1,1.771509200E-1,-6.841690838E-2
2.254586437E1,4.630358517E-1,1.893682331E-1,-5.253441259E-2
2.254786360E1,4.679227769E-1,1.924225539E-1,-3.726277873E-2
2.254993306E1,4.697553813E-1,1.948660165E-1,-3.359758854E-2
2.255196748E1,4.715879560E-1,1.979203373E-1,-2.076941915E-2
2.255401710E1,4.752531648E-1,1.954768747E-1,-6.719517522E-3
2.255618767E1,4.764748812E-1,1.942551434E-1,-2.443460980E-3
2.255802356E1,4.776966274E-1,1.875356287E-1,7.941247895E-3
2.256002321E1,4.795292318E-1,1.814269722E-1,2.382374369E-2
2.256209237E1,4.819726646E-1,1.783726513E-1,2.565634064E-2
2.256412744E1,4.801400900E-1,1.679879427E-1,3.787364438E-2
2.256619571E1,4.795292318E-1,1.612684280E-1,4.886921868E-2
2.256822994E1,4.789183438E-1,1.569923609E-1,5.986479297E-2
2.257029825E1,4.776966274E-1,1.466076523E-1,7.147123665E-2
2.257233337E1,4.770857692E-1,1.350012124E-1,8.429940045E-2
2.257436521E1,4.740314186E-1,1.288925707E-1,9.040805697E-2
2.257649740E1,4.715879560E-1,1.160643995E-1,1.038470939E-1
2.257841194E1,4.721988440E-1,1.032362282E-1,1.154535338E-1
2.258041148E1,4.709770977E-1,9.468411654E-2,1.233947799E-1
2.258248037E1,4.679227769E-1,8.185594529E-2,1.337794960E-1
2.258451479E1,4.618141353E-1,6.658431143E-2,1.508837193E-1
2.258658348E1,4.624249935E-1,5.742133409E-2,1.551597714E-1
2.258861833E1,4.575380683E-1,4.153883830E-2,1.692096740E-1
2.259068771E1,4.538728893E-1,2.443460934E-2,1.844813079E-1
2.259272264E1,4.489859641E-1,5.497787148E-3,1.966986060E-1
2.259479871E1,4.483750761E-1,-1.832595794E-3,2.003637999E-1
2.259680160E1,4.428772926E-1,-2.138028294E-2,2.138028294E-1
2.259882260E1,4.386012554E-1,-4.459316283E-2,2.199114859E-1
2.260085690E1,4.355469346E-1,-5.375614017E-2,2.241875380E-1
2.260292598E1,4.318817258E-1,-7.391469181E-2,2.364048511E-1
2.260496010E1,4.269948006E-1,-9.224065393E-2,2.382374406E-1
2.260702940E1,4.269948006E-1,-1.026253626E-1,2.394591719E-1
2.260906348E1,4.221078753E-1,-1.221730486E-1,2.461786866E-1
2.261113325E1,4.184426963E-1,-1.404990107E-1,2.461786866E-1
2.261316737E1,4.202753007E-1,-1.466076523E-1,2.461786866E-1
2.261520056E1,4.141666293E-1,-1.618792862E-1,2.486221492E-1
2.261727856E1,4.105014503E-1,-1.747074574E-1,2.437352389E-1
2.261929987E1,4.080579877E-1,-1.814269722E-1,2.443460971E-1
2.262133452E1,4.031710625E-1,-1.918116808E-1,2.406809032E-1
2.262340329E1,3.964515328E-1,-1.985312104E-1,2.376265824E-1
2.262543771E1,3.927863538E-1,-2.028072625E-1,2.351831198E-1
2.262750725E1,3.878994286E-1,-2.058615834E-1,2.235766798E-1
2.262954206E1,3.750712574E-1,-2.125810981E-1,2.217440903E-1
2.263161079E1,3.671300113E-1,-2.138028294E-1,2.125810981E-1
2.263364517E1,3.591887653E-1,-2.144137025E-1,2.101376504E-1
2.263576052E1,3.451388776E-1,-2.174680233E-1,1.985312104E-1
2.263787194E1,3.329215646E-1,-2.217440903E-1,1.912008226E-1
2.263978548E1,3.231477141E-1,-2.205223590E-1,1.814269722E-1
2.264178583E1,3.084869385E-1,-2.217440903E-1,1.673770845E-1
2.264385448E1,2.901609838E-1,-2.174680233E-1,1.502728462E-1
2.264588833E1,2.828305960E-1,-2.162462920E-1,1.417207420E-1
2.264795752E1,2.638937831E-1,-2.119702399E-1,1.185078546E-1
2.264999202E1,2.455678284E-1,-2.064724565E-1,1.038470939E-1
2.265206094E1,2.364048511E-1,-2.009746730E-1,8.918632567E-2
2.265409533E1,2.186897546E-1,-1.936442852E-1,6.658431143E-2
2.265611144E1,2.028072625E-1,-1.802052408E-1,4.337143153E-2
2.265824448E1,1.814269722E-1,-1.673770845E-1,1.649336144E-2
2.266015917E1,1.740965992E-1,-1.624901593E-1,3.054326167E-3
2.266215821E1,1.576032341E-1,-1.429424733E-1,-2.443460934E-2
2.266422656E1,1.490511149E-1,-1.343903542E-1,-3.787364438E-2
2.266626090E1,1.337794960E-1,-1.130100712E-1,-6.108652428E-2
2.266832948E1,1.264491081E-1,-8.613199741E-2,-8.796459436E-2
2.267036406E1,1.166752651E-1,-5.558873713E-2,-1.081231460E-1
2.267243390E1,1.154535338E-1,-3.909537569E-2,-1.178969890E-1
2.267446840E1,1.105666086E-1,-5.497787148E-3,-1.374446750E-1
2.267658314E1,1.105666086E-1,3.481931984E-2,-1.514945775E-1
2.267862198E1,1.111774743E-1,5.253441259E-2,-1.576032341E-1
2.268064348E1,1.166752651E-1,9.773843735E-2,-1.765400618E-1
2.268267821E1,1.215621829E-1,1.380555481E-1,-1.795943826E-1
2.268474767E1,1.252273768E-1,1.624901593E-1,-1.850921661E-1
2.268678237E1,1.380555481E-1,2.095267773E-1,-1.893682331E-1
2.268885052E1,1.521054506E-1,2.510656118E-1,-1.875356287E-1
2.269088594E1,1.594358236E-1,2.742784917E-1,-1.875356287E-1
2.269295475E1,1.783726513E-1,3.164281845E-1,-1.844813079E-1
2.269498936E1,2.028072625E-1,3.597996235E-1,-1.753183305E-1
2.269701190E1,2.138028294E-1,3.787364662E-1,-1.704314053E-1
2.269909075E1,2.412917763E-1,4.147774875E-1,-1.618792862E-1
2.270111233E1,2.773328125E-1,4.483750761E-1,-1.459967941E-1
2.270314698E1,3.139847219E-1,4.776966274E-1,-1.301143020E-1
2.270521521E1,3.365867436E-1,4.899139404E-1,-1.227839142E-1
2.270725014E1,3.799581826E-1,5.106833577E-1,-1.001819000E-1
2.270931852E1,4.306600094E-1,5.259549618E-1,-8.002334833E-2
2.271135298E1,4.557054639E-1,5.308418870E-1,-6.658431143E-2
2.271342183E1,5.100724697E-1,5.381723046E-1,-4.153883830E-2
2.271545606E1,5.711590052E-1,5.400048494E-1,-1.893682219E-2
2.271757098E1,5.992587805E-1,5.338962078E-1,-4.886921961E-3
2.271966329E1,6.621779203E-1,5.235115290E-1,2.260201424E-2
2.272157756E1,7.226535678E-1,5.009095073E-1,4.153883830E-2
2.272357675E1,7.531968355E-1,4.856378734E-1,4.948008433E-2
2.272564517E1,8.093964458E-1,4.428772926E-1,6.536258012E-2
2.272768029E1,8.600982428E-1,3.866777122E-1,7.452555746E-2
2.272974833E1,8.839219809E-1,3.512475193E-1,7.024950534E-2
2.273178267E1,9.272934198E-1,2.736676335E-1,6.963863969E-2
2.273385275E1,9.621127844E-1,1.814269722E-1,5.925392732E-2
2.273588733E1,9.920451641E-1,7.880161703E-2,4.031710699E-2
2.273790410E1,1.006705880E0,2.443460934E-2,2.932153270E-2
2.274003625E1,1.028697014E0,-9.468411654E-2,2.443460980E-3
2.274194325E1,1.045190454E0,-2.229658216E-1,-2.871066704E-2
2.274394179E1,1.052520871E0,-2.858849466E-1,-4.642575979E-2
2.274601060E1,1.061683774E0,-4.166100919E-1,-8.857546002E-2
2.274804479E1,1.064738154E0,-5.412266254E-1,-1.295034289E-1
2.275011429E1,1.061072946E0,-6.010913849E-1,-1.527163088E-1
2.275214871E1,1.054353356E0,-7.141014934E-1,-2.040289938E-1
2.275421683E1,1.037249207E0,-8.057312369E-1,-2.553416789E-1
2.275625160E1,1.029307961E0,-8.436049223E-1,-2.852740586E-1
2.275831202E1,9.987646937E-1,-9.120218158E-1,-3.420845270E-1
2.276031479E1,9.615018964E-1,-9.529497623E-1,-4.013384581E-1
2.276233675E1,9.407324791E-1,-9.663888216E-1,-4.331034720E-1
2.276437148E1,8.949176073E-1,-9.712757468E-1,-4.984660447E-1
2.276644060E1,8.411614299E-1,-9.523389339E-1,-5.674937963E-1
2.276847471E1,8.093964458E-1,-9.352346659E-1,-6.029239893E-1
2.277054410E1,7.476990819E-1,-8.875871897E-1,-6.756169796E-1
2.277257798E1,6.829473376E-1,-8.191702962E-1,-7.428121567E-1
2.277464598E1,6.493497491E-1,-7.825183868E-1,-7.812966704E-1
2.277667967E1,5.827654600E-1,-6.969972253E-1,-8.484918475E-1
2.277869544E1,5.155702829E-1,-6.029239893E-1,-9.089674950E-1
2.278077390E1,4.587597847E-1,-5.009095073E-1,-9.712757468E-1
2.278279510E1,4.300491214E-1,-4.483750761E-1,-9.981538057E-1
2.278482952E1,3.811798990E-1,-3.396410644E-1,-1.047633886E0
2.278689748E1,3.365867436E-1,-2.315179259E-1,-1.090394497E0
2.278893229E1,3.176499307E-1,-1.795943826E-1,-1.102000952E0
2.279095679E1,2.858849466E-1,-7.269296050E-2,-1.127046347E0
2.279295633E1,2.632829249E-1,2.871066704E-2,-1.144761443E0
2.279502448E1,2.535090744E-1,8.124507964E-2,-1.145983219E0
2.279705894E1,2.376265824E-1,1.795943826E-1,-1.137431145E0
2.279917398E1,2.290744632E-1,2.773328125E-1,-1.126435518E0
2.280134490E1,2.235766798E-1,3.262020350E-1,-1.118494272E0
2.280321510E1,2.235766798E-1,4.196644127E-1,-1.088561893E0
2.280521444E1,2.199114859E-1,5.051855445E-1,-1.061072946E0
2.280728336E1,2.211332172E-1,5.503895879E-1,-1.043968678E0
2.280931760E1,2.254092693E-1,6.236934066E-1,-9.987646937E-1
2.281138652E1,2.315179259E-1,6.860016584E-1,-9.572258592E-1
2.281342113E1,2.388483137E-1,7.134906054E-1,-9.334021211E-1
2.281549063E1,2.528982162E-1,7.605272532E-1,-8.814785480E-1
2.281752567E1,2.718350291E-1,7.898487449E-1,-8.338310719E-1
2.281954475E1,2.809980214E-1,8.002334833E-1,-8.038986921E-1
2.282167771E1,3.060434759E-1,8.148942590E-1,-7.513642311E-1
2.282359290E1,3.341432810E-1,8.179485798E-1,-6.969972253E-1
2.282559283E1,3.494149148E-1,8.155050874E-1,-6.695083380E-1
2.282766260E1,3.793473244E-1,8.002334833E-1,-6.084218025E-1
2.282969783E1,4.123340547E-1,7.794640660E-1,-5.522221923E-1
2.283176667E1,4.410447180E-1,7.495316267E-1,-4.880813360E-1
2.283380225E1,4.587597847E-1,7.336491346E-1,-4.599815309E-1
2.283587102E1,4.850270152E-1,6.988298297E-1,-4.068362415E-1
2.283790586E1,5.100724697E-1,6.585127115E-1,-3.488040566E-1
2.284002036E1,5.229006410E-1,6.414085031E-1,-3.219259977E-1
2.284205860E1,5.436700583E-1,5.949827433E-1,-2.712241709E-1
2.284407998E1,5.626068711E-1,5.497786999E-1,-2.138028294E-1
2.284611413E1,5.705481172E-1,5.253441334E-1,-1.918116808E-1
2.284818313E1,5.839871764E-1,4.770857692E-1,-1.490511149E-1
2.285021694E1,5.943718553E-1,4.184426963E-1,-1.007927656E-1
2.285228587E1,6.004805565E-1,3.878994286E-1,-8.063421398E-2
2.285432025E1,6.065891981E-1,3.255911767E-1,-4.398229718E-2
2.285638967E1,6.145304441E-1,2.565633953E-1,-3.665191587E-3
2.285842421E1,6.188064814E-1,1.887573600E-1,2.321287990E-2
2.286044090E1,6.230825782E-1,1.527163088E-1,3.543018550E-2
2.286252102E1,6.261368990E-1,7.819075137E-2,7.086037099E-2
2.286454206E1,6.273586154E-1,4.276056774E-3,8.674286306E-2
2.286657629E1,6.267477274E-1,-3.237585723E-2,9.590584040E-2
2.286864506E1,6.230825782E-1,-1.087340117E-1,1.154535338E-1
2.287067929E1,6.194173694E-1,-1.808161139E-1,1.252273768E-1
2.287274921E1,6.151412725E-1,-2.162462920E-1,1.295034289E-1
2.287478248E1,6.059783101E-1,-2.846632004E-1,1.392772794E-1
2.287685190E1,5.943718553E-1,-3.463605940E-1,1.380555481E-1
2.287888687E1,5.870414972E-1,-3.738495409E-1,1.380555481E-1
2.288100260E1,5.711590052E-1,-4.312708676E-1,1.386664063E-1
2.288309552E1,5.528330207E-1,-4.789183438E-1,1.313360333E-1
2.288501029E1,5.430592299E-1,-4.972442985E-1,1.252273768E-1
2.288700971E1,5.192354321E-1,-5.387831330E-1,1.209513173E-1
2.288907898E1,4.972442985E-1,-5.681046844E-1,1.099557430E-1
2.289112840E1,4.862487316E-1,-5.809328556E-1,1.056796908E-1
2.289318206E1,4.605923891E-1,-6.017022729E-1,9.773843735E-2
2.289521640E1,4.373795092E-1,-6.151412725E-1,8.857546002E-2
2.289728567E1,4.098905921E-1,-6.267477274E-1,7.696902007E-2
2.289932110E1,3.958406746E-1,-6.267477274E-1,7.452555746E-2
2.290133852E1,3.695734739E-1,-6.328563690E-1,6.352998316E-2
2.290347098E1,3.384193480E-1,-6.316346526E-1,5.742133409E-2
2.290538617E1,3.243694305E-1,-6.304129362E-1,5.192354694E-2
2.290738525E1,2.901609838E-1,-6.224716902E-1,4.459316283E-2
2.290945525E1,2.590068579E-1,-6.126978397E-1,4.092797264E-2
2.291149033E1,2.431243658E-1,-6.059783101E-1,3.970624134E-2
2.291355933E1,2.107485086E-1,-5.882632136E-1,3.604105115E-2
2.291559394E1,1.789835095E-1,-5.705481172E-1,3.665191308E-2
2.291766371E1,1.612684280E-1,-5.595525503E-1,4.153883830E-2
2.291969790E1,1.288925707E-1,-5.381723046E-1,4.092797264E-2
2.292176483E1,9.773843735E-2,-5.137376785E-1,5.192354694E-2
2.292376598E1,8.307767659E-2,-5.009095073E-1,5.803219974E-2
2.292578713E1,5.070181563E-2,-4.776966274E-1,6.780604273E-2
2.292782113E1,1.832595654E-2,-4.520402849E-1,8.002334833E-2
2.292989063E1,1.832595794E-3,-4.398229718E-1,8.918632567E-2
2.293192475E1,-3.115412779E-2,-4.123340547E-1,1.056796908E-1
2.293399471E1,-6.291911751E-2,-3.848451078E-1,1.288925707E-1
2.293602890E1,-7.941248268E-2,-3.720169365E-1,1.380555481E-1
2.293809752E1,-1.130100712E-1,-3.445279896E-1,1.557706445E-1
2.294013225E1,-1.472185254E-1,-3.188716471E-1,1.771509200E-1
2.294215556E1,-1.820378453E-1,-2.962696552E-1,1.960877478E-1
2.294423475E1,-2.028072625E-1,-2.864958048E-1,2.076941878E-1
2.294625540E1,-2.425135076E-1,-2.712241709E-1,2.302961946E-1
2.294828929E1,-2.816088796E-1,-2.522873580E-1,2.467895597E-1
2.295035821E1,-3.042109013E-1,-2.449569702E-1,2.541199327E-1
2.295239233E1,-3.457497358E-1,-2.290744632E-1,2.687807083E-1
2.295446102E1,-3.927863538E-1,-2.162462920E-1,2.822197378E-1
2.295649529E1,-4.141666293E-1,-2.089159191E-1,2.883284092E-1
2.295856413E1,-4.605923891E-1,-1.960877478E-1,2.999348342E-1
2.296059871E1,-5.094616413E-1,-1.838704348E-1,3.127630055E-1
2.296271360E1,-5.326744914E-1,-1.722639948E-1,3.158173263E-1
2.296480683E1,-5.833762884E-1,-1.551597714E-1,3.274237812E-1
2.296672136E1,-6.298020482E-1,-1.362229437E-1,3.347541690E-1
2.296872071E1,-6.542366743E-1,-1.252273768E-1,3.365867436E-1
2.297078906E1,-7.031059265E-1,-1.007927656E-1,3.512475193E-1
2.297282321E1,-7.495316267E-1,-7.024950534E-2,3.567453027E-1
2.297489183E1,-7.947356701E-1,-3.604105115E-2,3.646865487E-1
2.297692594E1,-8.167268038E-1,-1.771509275E-2,3.701843321E-1
2.297899460E1,-8.594874144E-1,2.015855350E-2,3.817907870E-1
2.298102933E1,-8.985827565E-1,6.291911751E-2,3.976732790E-1
2.298302936E1,-9.144652486E-1,8.246681094E-2,4.050036669E-1
2.298516248E1,-9.498954415E-1,1.209513173E-1,4.196644127E-1
2.298707760E1,-9.786061049E-1,1.612684280E-1,4.392121136E-1
2.298907783E1,-9.877691269E-1,1.814269722E-1,4.508185387E-1
2.299114667E1,-1.009149432E0,2.180788964E-1,4.703662395E-1
2.299318090E1,-1.028086185E0,2.553416789E-1,4.917465150E-1
2.299524906E1,-1.030529618E0,2.706133127E-1,5.027421117E-1
2.299728306E1,-1.036027431E0,3.054326177E-1,5.167919993E-1
2.299935221E1,-1.036638379E0,3.341432810E-1,5.357288122E-1
2.300138575E1,-1.034194827E0,3.506366611E-1,5.430592299E-1
2.300350106E1,-1.025642753E0,3.689626157E-1,5.516113043E-1
2.300553810E1,-1.012814522E0,3.799581826E-1,5.687155724E-1
2.300755967E1,-1.006705880E0,3.842342496E-1,5.723807216E-1
2.300959394E1,-9.889908433E-1,3.811798990E-1,5.852088928E-1
2.301166202E1,-9.737191796E-1,3.781255782E-1,5.955936313E-1
2.301369690E1,-9.633345008E-1,3.762930036E-1,5.974262357E-1
2.301576536E1,-9.468411207E-1,3.610213697E-1,6.090326309E-1
2.301780033E1,-9.254608750E-1,3.408628106E-1,6.188064814E-1
2.301986856E1,-9.016370773E-1,3.139847219E-1,6.218608022E-1
2.302190329E1,-8.912523985E-1,3.005456924E-1,6.267477274E-1
2.302392590E1,-8.655960560E-1,2.687807083E-1,6.304129362E-1
2.302600421E1,-8.374962807E-1,2.364048511E-1,6.298020482E-1
2.302802521E1,-8.234463334E-1,2.168571651E-1,6.316346526E-1
2.303005994E1,-7.910705209E-1,1.838704348E-1,6.249151230E-1
2.303212952E1,-7.599163651E-1,1.490511149E-1,6.224716902E-1
2.303416352E1,-7.434229851E-1,1.337794960E-1,6.188064814E-1
2.303618798E1,-7.073819637E-1,1.020144969E-1,6.114761233E-1
2.303818733E1,-6.707300544E-1,7.269296050E-2,6.023131609E-1
2.304025633E1,-6.554583907E-1,5.497787148E-2,5.974262357E-1
2.304229060E1,-6.181956530E-1,2.138028294E-2,5.864306092E-1
2.304440625E1,-5.815436840E-1,-5.497787148E-3,5.662720799E-1
2.304657667E1,-5.461135507E-1,-3.665191308E-2,5.473352671E-1
2.304844802E1,-5.277875662E-1,-4.948008433E-2,5.400048494E-1
2.305044763E1,-4.948008358E-1,-7.819075137E-2,5.167919993E-1
2.305251660E1,-4.764748812E-1,-9.285151958E-2,5.033529401E-1
2.305455052E1,-4.453207552E-1,-1.209513173E-1,4.801400900E-1
2.305661979E1,-4.190535545E-1,-1.502728462E-1,4.550946057E-1
2.305865402E1,-3.854559660E-1,-1.777617931E-1,4.288274050E-1
2.306072325E1,-3.726277947E-1,-1.930334121E-1,4.178318381E-1
2.306275698E1,-3.451388776E-1,-2.278527319E-1,3.903428912E-1
2.306478033E1,-3.194825351E-1,-2.608394623E-1,3.634648323E-1
2.306691379E1,-3.042109013E-1,-2.785545588E-1,3.512475193E-1
2.306882890E1,-2.785545588E-1,-3.097086847E-1,3.237585723E-1
2.307082856E1,-2.553416789E-1,-3.414736688E-1,2.974913716E-1
2.307289756E1,-2.455678284E-1,-3.524692357E-1,2.883284092E-1
2.307493210E1,-2.247984111E-1,-3.775147200E-1,2.596177161E-1
2.307700121E1,-2.070833147E-1,-3.988949955E-1,2.327396572E-1
2.307903483E1,-1.991420686E-1,-4.098905921E-1,2.211332172E-1
2.308110325E1,-1.850921661E-1,-4.318817258E-1,1.966986060E-1
2.308313729E1,-1.722639948E-1,-4.526511431E-1,1.716531366E-1
2.308521394E1,-1.692096740E-1,-4.587597847E-1,1.637118906E-1
2.308721582E1,-1.600466967E-1,-4.776966274E-1,1.331686229E-1
2.308923713E1,-1.582140923E-1,-4.960225821E-1,1.117883399E-1
2.309127117E1,-1.551597714E-1,-5.021312237E-1,9.896016866E-2
2.309334048E1,-1.576032341E-1,-5.137376785E-1,7.208210230E-2
2.309537510E1,-1.618792862E-1,-5.229006410E-1,5.253441259E-2
2.309744302E1,-1.698205322E-1,-5.241223574E-1,3.115412779E-2
2.309947740E1,-1.753183305E-1,-5.283984542E-1,2.015855350E-2
2.310154536E1,-1.881465018E-1,-5.271766782E-1,5.497787148E-3
2.310357963E1,-1.985312104E-1,-5.277875662E-1,-1.038470957E-2
2.310560186E1,-2.083050460E-1,-5.277875662E-1,-1.649336144E-2
2.310767971E1,-2.260201424E-1,-5.222898126E-1,-2.871066704E-2
2.310970106E1,-2.449569702E-1,-5.131267905E-1,-3.787364438E-2
2.311173498E1,-2.577851415E-1,-5.094616413E-1,-4.276056588E-2
2.311380298E1,-2.785545588E-1,-4.923573732E-1,-4.703662544E-2
2.311583667E1,-3.023782969E-1,-4.673119187E-1,-4.703662544E-2
2.311790456E1,-3.158173263E-1,-4.520402849E-1,-5.375614017E-2
2.311993817E1,-3.439171314E-1,-4.214970171E-1,-4.520402849E-2
2.312200844E1,-3.726277947E-1,-3.860668242E-1,-4.337143153E-2
2.312404352E1,-3.885102868E-1,-3.683517575E-1,-3.970624134E-2
2.312615898E1,-4.178318381E-1,-3.268128932E-1,-3.481931984E-2
2.312825186E1,-4.477642179E-1,-2.828305960E-1,-2.626720630E-2
2.313016667E1,-4.654793143E-1,-2.620611787E-1,-2.321287990E-2
2.313216729E1,-4.984660447E-1,-2.101376504E-1,-1.160643995E-2
2.313423613E1,-5.314527750E-1,-1.576032341E-1,6.108652451E-4
2.313627071E1,-5.662720799E-1,-1.044579595E-1,1.221730467E-2
2.313833952E1,-5.815436840E-1,-8.063421398E-2,1.832595654E-2
2.314037421E1,-6.157521605E-1,-4.703662544E-2,3.543018550E-2
2.314244313E1,-6.524040699E-1,-2.015855350E-2,4.703662544E-2
2.314447767E1,-6.695083380E-1,-1.099557430E-2,5.497787148E-2
2.314650352E1,-7.043276429E-1,1.099557430E-2,6.597344577E-2
2.314863821E1,-7.415903807E-1,3.420845419E-2,7.696902007E-2
2.315054440E1,-7.605272532E-1,4.703662544E-2,8.491026610E-2
2.315254471E1,-7.941248417E-1,7.513642311E-2,9.224065393E-2
2.315461459E1,-8.271115422E-1,1.105666086E-1,9.590584040E-2
2.315664894E1,-8.448266387E-1,1.288925707E-1,1.014036313E-1
2.315871798E1,-8.735373020E-1,1.655444801E-1,1.069014147E-1
2.316075271E1,-9.065240026E-1,2.021963894E-1,1.087340117E-1
2.316282167E1,-9.230173826E-1,2.193006277E-1,1.081231460E-1
2.316485652E1,-9.517280459E-1,2.528982162E-1,1.056796908E-1
2.316690540E1,-9.810495973E-1,2.846632004E-1,1.020144969E-1
2.316890948E1,-9.944885969E-1,2.999348342E-1,9.773843735E-2
2.317093198E1,-1.021366715E0,3.335324228E-1,8.735372871E-2
2.317296609E1,-1.043968678E0,3.677408695E-1,8.307767659E-2
2.317503509E1,-1.053131700E0,3.848451078E-1,7.635815442E-2
2.317706929E1,-1.076955438E0,4.202753007E-1,6.108652428E-2
2.317913859E1,-1.096503139E0,4.526511431E-1,5.009094998E-2
2.318117294E1,-1.113607287E0,4.868595898E-1,3.543018550E-2
2.318324221E1,-1.122159481E0,4.984660447E-1,2.687807009E-2
2.318527663E1,-1.140485406E0,5.253441334E-1,2.015855350E-2
2.318727652E1,-1.154535294E0,5.479460955E-1,1.221730490E-3
2.318935529E1,-1.161865711E0,5.546656251E-1,-8.552113548E-3
2.319137713E1,-1.175304770E0,5.687155724E-1,-2.504547499E-2
2.319341079E1,-1.188132882E0,5.766568184E-1,-4.214970022E-2
2.319547902E1,-1.194852471E0,5.791002512E-1,-4.764748737E-2
2.319751363E1,-1.205847979E0,5.815436840E-1,-6.475171447E-2
2.319958209E1,-1.211956620E0,5.809328556E-1,-8.613199741E-2
2.320161636E1,-1.216232657E0,5.803219676E-1,-9.529497474E-2
2.320368494E1,-1.219897866E0,5.784893632E-1,-1.123992056E-1
2.320571809E1,-1.220508814E0,5.760459304E-1,-1.319468915E-1
2.320783294E1,-1.217454433E0,5.742133260E-1,-1.423316002E-1
2.320992506E1,-1.216232657E0,5.681046844E-1,-1.594358236E-1
2.321183944E1,-1.206458807E0,5.607742667E-1,-1.795943826E-1
2.321383790E1,-1.205237150E0,5.571091175E-1,-1.912008226E-1
2.321590598E1,-1.192408919E0,5.461135507E-1,-2.083050460E-1
2.321793940E1,-1.178969979E0,5.320636034E-1,-2.229658216E-1
2.322000798E1,-1.164309144E0,5.174028873E-1,-2.419026345E-1
2.322204121E1,-1.151481032E0,5.082398653E-1,-2.486221492E-1
2.322410944E1,-1.133154988E0,4.874704778E-1,-2.632829249E-1
2.322614333E1,-1.112996459E0,4.667010605E-1,-2.755002379E-1
2.322816817E1,-1.101390004E0,4.550946057E-1,-2.803871334E-1
2.323030117E1,-1.080009699E0,4.300491214E-1,-2.944370508E-1
2.323221556E1,-1.056796908E0,4.019493461E-1,-3.036000133E-1
2.323421517E1,-1.045190454E0,3.878994286E-1,-3.054326177E-1
2.323628329E1,-1.021977544E0,3.610213697E-1,-3.145956099E-1
2.323831744E1,-9.981538057E-1,3.323107064E-1,-3.231477141E-1
2.324038629E1,-9.859365225E-1,3.182607889E-1,-3.249803185E-1
2.324242013E1,-9.596692920E-1,2.889392674E-1,-3.292563558E-1
2.324448936E1,-9.382890463E-1,2.632829249E-1,-3.323107064E-1
2.324652356E1,-9.236282706E-1,2.528982162E-1,-3.359758854E-1
2.324859129E1,-8.985827565E-1,2.296853364E-1,-3.396410644E-1
2.325059325E1,-8.729264140E-1,2.089159191E-1,-3.420845270E-1
2.325261448E1,-8.600982428E-1,1.991420686E-1,-3.439171314E-1
2.325464832E1,-8.313875794E-1,1.820378453E-1,-3.414736688E-1
2.325671686E1,-8.045095205E-1,1.685988009E-1,-3.384193480E-1
2.325875106E1,-7.880161405E-1,1.612684280E-1,-3.420845270E-1
2.326082009E1,-7.593054771E-1,1.514945775E-1,-3.402519524E-1
2.326285456E1,-7.257078886E-1,1.453859210E-1,-3.408628106E-1
2.326492325E1,-6.939429045E-1,1.398881376E-1,-3.408628106E-1
2.326695713E1,-6.786713004E-1,1.350012124E-1,-3.384193480E-1
2.326898909E1,-6.432411075E-1,1.337794960E-1,-3.359758854E-1
2.327106794E1,-6.065891981E-1,1.313360333E-1,-3.335324228E-1
2.327308829E1,-5.894849896E-1,1.325577646E-1,-3.292563558E-1
2.327512240E1,-5.503895879E-1,1.343903542E-1,-3.274237812E-1
2.327719036E1,-5.161811113E-1,1.392772794E-1,-3.182607889E-1
2.327922409E1,-4.948008358E-1,1.411098689E-1,-3.182607889E-1
2.328124786E1,-4.587597847E-1,1.466076523E-1,-3.066543639E-1
2.328324798E1,-4.208861589E-1,1.502728462E-1,-2.944370508E-1
2.328531640E1,-4.031710625E-1,1.545489132E-1,-2.858849466E-1
2.328734986E1,-3.634648323E-1,1.588249654E-1,-2.742784917E-1
2.328939848E1,-3.249803185E-1,1.643227488E-1,-2.559525371E-1
2.329156825E1,-2.864958048E-1,1.692096740E-1,-2.388483137E-1
2.329340356E1,-2.657263875E-1,1.710422635E-1,-2.302961946E-1
2.329540279E1,-2.272418737E-1,1.777617931E-1,-2.083050460E-1
2.329747063E1,-2.095267773E-1,1.795943826E-1,-1.954768747E-1
2.329951982E1,-1.673770845E-1,1.850921661E-1,-1.747074574E-1
2.330157321E1,-1.319468915E-1,1.850921661E-1,-1.490511149E-1
2.330360767E1,-1.099557430E-1,1.875356287E-1,-1.374446750E-1
2.330567571E1,-7.513642311E-2,1.875356287E-1,-1.111774743E-1
2.330770859E1,-3.970624134E-2,1.918116808E-1,-8.979719132E-2
2.330973986E1,-2.138028294E-2,1.905899495E-1,-7.819075137E-2
2.331187244E1,1.160643995E-2,1.930334121E-1,-5.375614017E-2
2.331378675E1,4.337143153E-2,1.924225539E-1,-2.871066704E-2
2.331578567E1,5.558873713E-2,1.918116808E-1,-1.649336144E-2
2.331785425E1,8.613199741E-2,1.912008226E-1,1.832595794E-3
2.331988809E1,1.136209369E-1,1.918116808E-1,2.138028294E-2
2.332195675E1,1.362229437E-1,1.930334121E-1,4.214970022E-2
2.332399071E1,1.453859210E-1,1.936442852E-1,4.948008433E-2
2.332605948E1,1.661553532E-1,1.985312104E-1,6.658431143E-2
2.332809390E1,1.783726513E-1,2.083050460E-1,7.635815442E-2
2.333014325E1,1.857030392E-1,2.131919712E-1,8.674286306E-2
2.333214833E1,1.973094791E-1,2.247984111E-1,9.773843735E-2
2.333417021E1,2.015855312E-1,2.345722616E-1,1.062905490E-1
2.333620456E1,2.064724565E-1,2.425135076E-1,1.069014147E-1
2.333827309E1,2.089159191E-1,2.571742535E-1,1.148426682E-1
2.334030786E1,2.131919712E-1,2.742784917E-1,1.123992056E-1
2.334237725E1,2.089159191E-1,2.797762752E-1,1.142318025E-1
2.334441159E1,2.052507252E-1,2.968805134E-1,1.136209369E-1
2.334648082E1,2.003637999E-1,3.121521473E-1,1.075122803E-1
2.334851509E1,1.924225539E-1,3.194825351E-1,1.062905490E-1
2.335051513E1,1.826487035E-1,3.353650272E-1,9.651670605E-2
2.335259436E1,1.710422635E-1,3.530801237E-1,8.307767659E-2
2.335461536E1,1.624901593E-1,3.622430861E-1,8.124507964E-2
2.335665025E1,1.472185254E-1,3.781255782E-1,6.780604273E-2
2.335871906E1,1.313360333E-1,3.891211748E-1,4.948008433E-2
2.336075286E1,1.154535338E-1,3.970624208E-1,3.848451003E-2
2.336282152E1,1.093448773E-1,3.995058835E-1,2.809980139E-2
2.336485521E1,9.285151958E-2,3.988949955E-1,1.527163107E-2
2.336692386E1,8.429940045E-2,3.885102868E-1,5.497787148E-3
2.336895806E1,8.063421398E-2,3.811798990E-1,-5.497787148E-3
2.337100725E1,7.269296050E-2,3.597996235E-1,-1.832595654E-2
2.337309952E1,6.475171447E-2,3.341432810E-1,-2.932153270E-2
2.337500417E1,6.230825558E-2,3.164281845E-1,-3.481931984E-2
2.337700352E1,5.986479297E-2,2.797762752E-1,-4.031710699E-2
2.337907209E1,6.169738993E-2,2.333505303E-1,-4.520402849E-2
2.338110571E1,6.230825558E-2,2.101376504E-1,-4.825835302E-2
2.338317459E1,6.658431143E-2,1.569923609E-1,-4.825835302E-2
2.338520836E1,7.452555746E-2,9.834930301E-2,-4.337143153E-2
2.338727729E1,7.757988572E-2,7.024950534E-2,-4.520402849E-2
2.338931117E1,8.674286306E-2,6.719517522E-3,-3.481931984E-2
2.339134444E1,1.014036313E-1,-5.986479297E-2,-2.138028294E-2
2.339347813E1,1.209513173E-1,-1.276708394E-1,-9.773843922E-3
2.339538556E1,1.288925707E-1,-1.606575549E-1,1.221730490E-3
2.339738509E1,1.533271819E-1,-2.284636050E-1,2.015855350E-2
2.339945413E1,1.624901593E-1,-2.608394623E-1,3.543018550E-2
2.340148882E1,1.905899495E-1,-3.255911767E-1,6.169738993E-2
2.340355817E1,2.162462920E-1,-3.848451078E-1,1.001819000E-1
2.340559244E1,2.345722616E-1,-4.141666293E-1,1.166752651E-1
2.340766175E1,2.687807083E-1,-4.654793143E-1,1.582140923E-1
2.340969575E1,3.005456924E-1,-5.082398653E-1,2.070833147E-1
2.341175721E1,3.402519524E-1,-5.491678715E-1,2.522873580E-1
2.341377698E1,3.555235863E-1,-5.644394755E-1,2.809980214E-1
2.341579825E1,3.940080702E-1,-5.913175344E-1,3.365867436E-1
2.341783259E1,4.312708676E-1,-6.108652353E-1,3.927863538E-1
2.341990086E1,4.532620013E-1,-6.139195561E-1,4.245513380E-1
2.342193579E1,4.917465150E-1,-6.206390858E-1,4.868595898E-1
2.342400344E1,5.283984542E-1,-6.133087277E-1,5.448917747E-1
2.342603744E1,5.497786999E-1,-6.047565937E-1,5.742133260E-1
2.342810625E1,5.864306092E-1,-5.815436840E-1,6.352998614E-1
2.343014056E1,6.206390858E-1,-5.473352671E-1,6.976081133E-1
2.343215940E1,6.383541822E-1,-5.271766782E-1,7.263187766E-1
2.343423740E1,6.713408828E-1,-4.770857692E-1,7.849618196E-1
2.343625836E1,7.006624341E-1,-4.153883755E-1,8.338310719E-1
2.343829302E1,7.147123218E-1,-3.811798990E-1,8.570439219E-1
2.344036152E1,7.415903807E-1,-3.060434759E-1,9.016370773E-1
2.344239482E1,7.593054771E-1,-2.254092693E-1,9.327912331E-1
2.344446356E1,7.788531780E-1,-1.417207420E-1,9.590584636E-1
2.344649798E1,7.855727077E-1,-9.468411654E-2,9.718865752E-1
2.344856632E1,7.953465581E-1,-4.276056774E-3,9.865473509E-1
2.345059975E1,8.032878041E-1,8.857546002E-2,9.932668805E-1
2.345271517E1,8.100073338E-1,1.350012124E-1,9.908234477E-1
2.345480679E1,8.081747293E-1,2.260201424E-1,9.822713137E-1
2.345672125E1,8.051204085E-1,3.219259977E-1,9.669997096E-1
2.345872056E1,8.014551997E-1,3.665191531E-1,9.517280459E-1
2.346078932E1,7.898487449E-1,4.544837475E-1,9.193521738E-1
2.346282340E1,7.684684992E-1,5.448917747E-1,8.857545853E-1
2.346489221E1,7.568620443E-1,5.907067060E-1,8.594874144E-1
2.346692629E1,7.305948138E-1,6.768386960E-1,8.106181622E-1
2.346899479E1,7.012733221E-1,7.623597980E-1,7.519751191E-1
2.347102913E1,6.792821288E-1,8.014551997E-1,7.220427394E-1
2.347304790E1,6.395758986E-1,8.784242272E-1,6.572909951E-1
2.347518075E1,5.900958180E-1,9.480628371E-1,5.894849896E-1
2.347709563E1,5.687155724E-1,9.810495973E-1,5.479460955E-1
2.347909467E1,5.112941861E-1,1.039692640E0,4.728097022E-1
2.348116379E1,4.514294267E-1,1.089783549E0,3.933972120E-1
2.348319902E1,4.208861589E-1,1.108109593E0,3.512475193E-1
2.348526759E1,3.518583775E-1,1.141096234E0,2.712241709E-1
2.348730182E1,2.852740586E-1,1.159422278E0,1.869247705E-1
2.348937117E1,2.150245607E-1,1.172250390E0,1.001819000E-1
2.349140571E1,1.820378453E-1,1.171639562E0,5.864306539E-2
2.349352067E1,1.099557430E-1,1.164309144E0,-2.076941915E-2
2.349555929E1,4.031710699E-2,1.147815824E0,-9.834930301E-2
2.349758075E1,6.108652335E-3,1.134987593E0,-1.374446750E-1
2.349961571E1,-6.291911751E-2,1.105055213E0,-2.089159191E-1
2.350168452E1,-1.295034289E-1,1.064738154E0,-2.767219543E-1
2.350371906E1,-1.655444801E-1,1.043968678E0,-3.048217595E-1
2.350578813E1,-2.296853364E-1,9.926560521E-1,-3.634648323E-1
2.350782286E1,-2.956587672E-1,9.364564419E-1,-4.178318381E-1
2.350989244E1,-3.298672438E-1,9.028588533E-1,-4.379903674E-1
2.351192567E1,-3.909537494E-1,8.356636763E-1,-4.825835526E-1
2.351394306E1,-4.544837475E-1,7.605272532E-1,-5.149593949E-1
2.351602175E1,-5.174028873E-1,6.853908300E-1,-5.387831330E-1
2.351804313E1,-5.491678715E-1,6.426302195E-1,-5.491678715E-1
2.352007656E1,-6.065891981E-1,5.583308339E-1,-5.644394755E-1
2.352214713E1,-6.652322412E-1,4.752531648E-1,-5.729916096E-1
2.352418090E1,-6.914994717E-1,4.337143302E-1,-5.742133260E-1
2.352620556E1,-7.452555895E-1,3.500257730E-1,-5.766568184E-1
2.352820486E1,-7.922922373E-1,2.663372457E-1,-5.674937963E-1
2.353027402E1,-8.191702962E-1,2.247984111E-1,-5.607742667E-1
2.353230798E1,-8.613200188E-1,1.417207420E-1,-5.510004759E-1
2.353442244E1,-9.016370773E-1,5.742133409E-2,-5.302310586E-1
2.353659325E1,-9.181304574E-1,2.015855350E-2,-5.222898126E-1
2.353846452E1,-9.529497623E-1,-6.108652428E-2,-4.923573732E-1
2.354046386E1,-9.786061049E-1,-1.362229437E-1,-4.630358517E-1
2.354253271E1,-9.859365225E-1,-1.728748679E-1,-4.495968223E-1
2.354456702E1,-1.004873276E0,-2.467895597E-1,-4.166100919E-1
2.354663644E1,-1.015868902E0,-3.182607889E-1,-3.781255782E-1
2.354867117E1,-1.021366715E0,-3.573561609E-1,-3.610213697E-1
2.355073978E1,-1.025642753E0,-4.282165468E-1,-3.225368559E-1
2.355277359E1,-1.020144939E0,-5.009095073E-1,-2.816088796E-1
2.355478955E1,-1.017090678E0,-5.381723046E-1,-2.602286041E-1
2.355692275E1,-1.004873276E0,-6.114761233E-1,-2.223549485E-1
2.355883725E1,-9.865473509E-1,-6.786713004E-1,-1.802052408E-1
2.356083628E1,-9.755517840E-1,-7.153232098E-1,-1.661553532E-1
2.356290605E1,-9.505063295E-1,-7.831292152E-1,-1.264491081E-1
2.356494086E1,-9.211847782E-1,-8.466592431E-1,-9.285151958E-2
2.356700952E1,-8.906415105E-1,-8.985827565E-1,-6.414084882E-2
2.356904425E1,-8.747590184E-1,-9.199630618E-1,-4.764748737E-2
2.357111309E1,-8.399397135E-1,-9.584475756E-1,-2.199114859E-2
2.357314705E1,-8.093964458E-1,-9.871582389E-1,2.443460980E-3
2.357520786E1,-7.965682745E-1,-1.004262447E0,1.710422710E-2
2.357720994E1,-7.654141784E-1,-1.025642753E0,3.909537569E-2
2.357923129E1,-7.391469479E-1,-1.045190454E0,5.742133409E-2
2.358126525E1,-7.257078886E-1,-1.051909924E0,6.780604273E-2
2.358333390E1,-6.969972253E-1,-1.054964304E0,8.491026610E-2
2.358536740E1,-6.688974500E-1,-1.043968678E0,1.014036313E-1
2.358743617E1,-6.548475623E-1,-1.032362223E0,1.093448773E-1
2.358947059E1,-6.236934066E-1,-1.002429843E0,1.166752651E-1
2.359153932E1,-5.919284225E-1,-9.657779336E-1,1.252273768E-1
2.359357294E1,-5.742133260E-1,-9.431759119E-1,1.276708394E-1
2.359558975E1,-5.412266254E-1,-8.967501521E-1,1.313360333E-1
2.359766721E1,-5.039638281E-1,-8.417723179E-1,1.264491081E-1
2.359968852E1,-4.844161272E-1,-8.136724830E-1,1.295034289E-1
2.360172259E1,-4.459316432E-1,-7.538077235E-1,1.209513173E-1
2.360379086E1,-4.068362415E-1,-6.896668673E-1,1.087340117E-1
2.360582394E1,-3.683517575E-1,-6.236934066E-1,9.773843735E-2
2.360789205E1,-3.457497358E-1,-5.894849896E-1,8.674286306E-2
2.360992594E1,-3.048217595E-1,-5.192354321E-1,6.963863969E-2
2.361199398E1,-2.669481039E-1,-4.502076805E-1,5.070181563E-2
2.361402755E1,-2.480112910E-1,-4.129449129E-1,3.970624134E-2
2.361614225E1,-2.089159191E-1,-3.378084898E-1,1.710422710E-2
2.361823348E1,-1.716531366E-1,-2.620611787E-1,-9.162978269E-3
2.362014778E1,-1.508837193E-1,-2.186897546E-1,-2.260201424E-2
2.362214694E1,-1.142318025E-1,-1.404990107E-1,-4.886921868E-2
2.362421525E1,-7.513642311E-2,-6.169738993E-2,-7.635815442E-2
2.362624886E1,-5.619960278E-2,-2.076941915E-2,-9.162978828E-2
2.362831671E1,-2.260201424E-2,5.436700583E-2,-1.172861308E-1
2.363035136E1,1.588249579E-2,1.288925707E-1,-1.441642046E-1
2.363241928E1,3.298672289E-2,1.655444801E-1,-1.588249654E-1
2.363445378E1,6.780604273E-2,2.327396572E-1,-1.875356287E-1
2.363647255E1,1.001819000E-1,2.981022298E-1,-2.052507252E-1
2.363860455E1,1.295034289E-1,3.591887653E-1,-2.272418737E-1
2.364051948E1,1.472185254E-1,3.878994286E-1,-2.376265824E-1
2.364251832E1,1.765400618E-1,4.392121136E-1,-2.504547536E-1
2.364458728E1,1.924225539E-1,4.630358517E-1,-2.620611787E-1
2.364662155E1,2.199114859E-1,5.057964325E-1,-2.724458873E-1
2.364869059E1,2.486221492E-1,5.369505286E-1,-2.852740586E-1
2.365072478E1,2.791654170E-1,5.601634383E-1,-2.993239760E-1
2.365279394E1,2.950479090E-1,5.693264008E-1,-3.078760803E-1
2.365482786E1,3.255911767E-1,5.821545720E-1,-3.182607889E-1
2.365694321E1,3.549126983E-1,5.839871764E-1,-3.316998184E-1
2.365898144E1,3.671300113E-1,5.815436840E-1,-3.341432810E-1
2.366100255E1,3.988949955E-1,5.699372888E-1,-3.494149148E-1
2.366303636E1,4.276056588E-1,5.516113043E-1,-3.536909819E-1
2.366510505E1,4.386012554E-1,5.357288122E-1,-3.543018401E-1
2.366713936E1,4.673119187E-1,5.033529401E-1,-3.622430861E-1
2.366920840E1,4.954117239E-1,4.673119187E-1,-3.701843321E-1
2.367124371E1,5.076290369E-1,4.434881806E-1,-3.695734739E-1
2.367331217E1,5.320636034E-1,3.982841372E-1,-3.738495409E-1
2.367534782E1,5.546656251E-1,3.488040566E-1,-3.769038618E-1
2.367736613E1,5.644394755E-1,3.207042515E-1,-3.744603992E-1
2.367944613E1,5.821545720E-1,2.693915665E-1,-3.726277947E-1
2.368146786E1,5.974262357E-1,2.162462920E-1,-3.720169365E-1
2.368350271E1,6.078109145E-1,1.655444801E-1,-3.652974069E-1
2.368557194E1,6.108652353E-1,1.423316002E-1,-3.634648323E-1
2.368760663E1,6.188064814E-1,9.468411654E-2,-3.610213697E-1
2.368967548E1,6.212499738E-1,4.764748737E-2,-3.543018401E-1
2.369171013E1,6.261368990E-1,2.626720630E-2,-3.549126983E-1
2.369377917E1,6.249151230E-1,-1.893682219E-2,-3.475823104E-1
2.369581332E1,6.243042946E-1,-5.864306539E-2,-3.402519524E-1
2.369792898E1,6.224716902E-1,-7.696902007E-2,-3.414736688E-1
2.370002190E1,6.175847650E-1,-1.111774743E-1,-3.335324228E-1
2.370193698E1,6.133087277E-1,-1.398881376E-1,-3.347541690E-1
2.370393567E1,6.078109145E-1,-1.551597714E-1,-3.323107064E-1
2.370600536E1,5.955936313E-1,-1.808161139E-1,-3.262020350E-1
2.370805544E1,5.797111392E-1,-2.040289938E-1,-3.237585723E-1
2.371010940E1,5.748242140E-1,-2.119702399E-1,-3.249803185E-1
2.371214405E1,5.564982295E-1,-2.333505303E-1,-3.164281845E-1
2.371421309E1,5.387831330E-1,-2.498438805E-1,-3.121521473E-1
2.371624832E1,5.198463202E-1,-2.626720667E-1,-3.066543639E-1
2.371827186E1,5.076290369E-1,-2.681698501E-1,-3.017674387E-1
2.372041779E1,4.874704778E-1,-2.779437006E-1,-2.919935882E-1
2.372232402E1,4.654793143E-1,-2.852740586E-1,-2.840523422E-1
2.372432325E1,4.514294267E-1,-2.877175212E-1,-2.748893499E-1
2.372639263E1,4.331034720E-1,-2.883284092E-1,-2.669481039E-1
2.372842717E1,4.068362415E-1,-2.895501256E-1,-2.516764700E-1
2.373049675E1,4.007275999E-1,-2.877175212E-1,-2.474004179E-1
2.373253248E1,3.793473244E-1,-2.852740586E-1,-2.339613885E-1
2.373460167E1,3.561344445E-1,-2.779437006E-1,-2.193006277E-1
2.373663671E1,3.451388776E-1,-2.730567753E-1,-2.095267773E-1
2.373870509E1,3.262020350E-1,-2.651155293E-1,-1.936442852E-1
2.374070775E1,3.042109013E-1,-2.565633953E-1,-1.783726513E-1
2.374273002E1,2.956587672E-1,-2.516764700E-1,-1.716531366E-1
2.374476490E1,2.803871334E-1,-2.394591719E-1,-1.533271819E-1
2.374683486E1,2.577851415E-1,-2.260201424E-1,-1.350012124E-1
2.374887025E1,2.492330223E-1,-2.199114859E-1,-1.301143020E-1
2.375093990E1,2.321287990E-1,-2.052507252E-1,-1.130100712E-1
2.375297463E1,2.162462920E-1,-1.899790913E-1,-9.468411654E-2
2.375504382E1,1.973094791E-1,-1.777617931E-1,-7.696902007E-2
2.375707882E1,1.924225539E-1,-1.710422635E-1,-7.208210230E-2
2.375907886E1,1.765400618E-1,-1.569923609E-1,-5.681046844E-2
2.376115775E1,1.637118906E-1,-1.466076523E-1,-4.337143153E-2
2.376317952E1,1.563815027E-1,-1.417207420E-1,-3.481931984E-2
2.376521428E1,1.466076523E-1,-1.319468915E-1,-2.504547499E-2
2.376728359E1,1.362229437E-1,-1.258382350E-1,-1.282817032E-2
2.376931813E1,1.307251602E-1,-1.233947799E-1,-1.038470957E-2
2.377134309E1,1.221730486E-1,-1.221730486E-1,1.832595794E-3
2.377334309E1,1.136209369E-1,-1.215621829E-1,9.773843922E-3
2.377541213E1,1.075122803E-1,-1.209513173E-1,1.588249579E-2
2.377744648E1,9.957103431E-2,-1.233947799E-1,2.015855350E-2
2.377949548E1,9.468411654E-2,-1.270599663E-1,2.932153270E-2
2.378166690E1,8.857546002E-2,-1.301143020E-1,3.420845419E-2
2.378350317E1,8.491026610E-2,-1.319468915E-1,3.359758854E-2
2.378550225E1,8.124507964E-2,-1.356120855E-1,4.153883830E-2
2.378757159E1,8.002334833E-2,-1.362229437E-1,3.970624134E-2
2.378960609E1,7.452555746E-2,-1.417207420E-1,4.153883830E-2
2.379167455E1,7.513642311E-2,-1.423316002E-1,4.153883830E-2
2.379370928E1,7.513642311E-2,-1.411098689E-1,4.092797264E-2
2.379577844E1,7.635815442E-2,-1.435533315E-1,3.787364438E-2
2.379781278E1,8.368854225E-2,-1.441642046E-1,3.543018550E-2
2.379984517E1,8.491026610E-2,-1.453859210E-1,3.298672289E-2
2.380197848E1,9.407325089E-2,-1.466076523E-1,2.809980139E-2
2.380389436E1,1.014036313E-1,-1.472185254E-1,2.382374369E-2
2.380589498E1,1.050688252E-1,-1.484402567E-1,2.382374369E-2
2.380796448E1,1.185078546E-1,-1.466076523E-1,1.588249579E-2
2.380999971E1,1.295034289E-1,-1.521054506E-1,1.466076635E-2
2.381206844E1,1.459967941E-1,-1.533271819E-1,7.330383174E-3
2.381410313E1,1.539380401E-1,-1.527163088E-1,4.886921961E-3
2.381617228E1,1.704314053E-1,-1.527163088E-1,4.276056774E-3
2.381820663E1,1.899790913E-1,-1.521054506E-1,-3.665191587E-3
2.382025567E1,1.960877478E-1,-1.514945775E-1,-6.108652335E-3
2.382225994E1,2.193006277E-1,-1.508837193E-1,-4.276056774E-3
2.382428175E1,2.376265824E-1,-1.490511149E-1,-1.282817032E-2
2.382631594E1,2.467895597E-1,-1.466076523E-1,-1.282817032E-2
2.382838486E1,2.638937831E-1,-1.466076523E-1,-1.527163107E-2
2.383041986E1,2.858849466E-1,-1.447750628E-1,-1.710422710E-2
2.383248909E1,2.974913716E-1,-1.435533315E-1,-2.015855350E-2
2.383452390E1,3.164281845E-1,-1.441642046E-1,-1.893682219E-2
2.383659402E1,3.378084898E-1,-1.411098689E-1,-2.443460934E-2
2.383862905E1,3.506366611E-1,-1.411098689E-1,-2.565634064E-2
2.384062913E1,3.726277947E-1,-1.398881376E-1,-2.382374369E-2
2.384270802E1,3.982841372E-1,-1.392772794E-1,-2.932153270E-2
2.384472959E1,4.105014503E-1,-1.386664063E-1,-2.809980139E-2
2.384676405E1,4.331034720E-1,-1.374446750E-1,-2.993239649E-2
2.384883375E1,4.593706727E-1,-1.374446750E-1,-3.176499158E-2
2.385086840E1,4.728097022E-1,-1.356120855E-1,-3.176499158E-2
2.385293771E1,4.984660447E-1,-1.356120855E-1,-3.237585723E-2
2.385497205E1,5.247332454E-1,-1.350012124E-1,-3.298672289E-2
2.385704032E1,5.491678715E-1,-1.337794960E-1,-3.359758854E-2
2.385907494E1,5.613851547E-1,-1.313360333E-1,-2.809980139E-2
2.386112336E1,5.888741016E-1,-1.246165112E-1,-3.481931984E-2
2.386321440E1,6.175847650E-1,-1.178969890E-1,-3.298672289E-2
2.386511905E1,6.304129362E-1,-1.136209369E-1,-3.359758854E-2
2.386711832E1,6.554583907E-1,-1.001819000E-1,-3.176499158E-2
2.386918694E1,6.798930168E-1,-8.307767659E-2,-3.115412779E-2
2.387122125E1,6.957755089E-1,-7.513642311E-2,-2.993239649E-2
2.387328994E1,7.214318514E-1,-5.192354694E-2,-2.809980139E-2
2.387532452E1,7.446447611E-1,-2.809980139E-2,-2.504547499E-2
2.387739194E1,7.580837607E-1,-1.466076635E-2,-2.199114859E-2
2.387942667E1,7.812966704E-1,1.160643995E-2,-1.710422710E-2
2.388145798E1,8.106181622E-1,4.520402849E-2,-1.466076635E-2
2.388359021E1,8.197811842E-1,6.108652428E-2,-9.773843922E-3
2.388550428E1,8.429940343E-1,9.346238524E-2,0.000000000E0
2.388750467E1,8.698720932E-1,1.313360333E-1,6.719517522E-3
2.388957348E1,8.808676600E-1,1.472185254E-1,1.466076635E-2
2.389160759E1,9.040805697E-1,1.832595766E-1,2.504547499E-2
2.389367671E1,9.266825914E-1,2.180788964E-1,3.726277873E-2
2.389571078E1,9.364564419E-1,2.357939780E-1,4.276056588E-2
2.389777959E1,9.572258592E-1,2.669481039E-1,5.864306539E-2
2.389981390E1,9.792169929E-1,2.999348342E-1,7.208210230E-2
2.390189005E1,9.975429177E-1,3.310889602E-1,8.857546002E-2
2.390389278E1,1.007316828E0,3.433062732E-1,9.468411654E-2
2.390591417E1,1.026253581E0,3.726277947E-1,1.123992056E-1
2.390794805E1,1.042136073E0,3.921754956E-1,1.307251602E-1
2.391001694E1,1.050688267E0,4.056145251E-1,1.386664063E-1
2.391205117E1,1.064738154E0,4.208861589E-1,1.582140923E-1
2.391412032E1,1.080009699E0,4.355469346E-1,1.777617931E-1
2.391615444E1,1.085507512E0,4.410447180E-1,1.899790913E-1
2.391822324E1,1.095281363E0,4.514294267E-1,2.101376504E-1
2.392025744E1,1.105055213E0,4.520402849E-1,2.321287990E-1
2.392228959E1,1.106887817E0,4.514294267E-1,2.455678284E-1
2.392436774E1,1.120326877E0,4.514294267E-1,2.718350291E-1
2.392638909E1,1.130100727E0,4.508185387E-1,2.974913716E-1
2.392842382E1,1.135598540E0,4.538728893E-1,3.097086847E-1
2.393049259E1,1.147815824E0,4.593706727E-1,3.353650272E-1
2.393252663E1,1.154535294E0,4.636467099E-1,3.597996235E-1
2.393459540E1,1.156978726E0,4.660901725E-1,3.726277947E-1
2.393662990E1,1.154535294E0,4.612032473E-1,3.946189582E-1
2.393869848E1,1.145983219E0,4.514294267E-1,4.166100919E-1
2.394073375E1,1.134987593E0,4.337143302E-1,4.318817258E-1
2.394284909E1,1.124602914E0,4.208861589E-1,4.379903674E-1
2.394494202E1,1.100779176E0,3.885102868E-1,4.471533597E-1
2.394685767E1,1.071457624E0,3.426954150E-1,4.557054639E-1
2.394885752E1,1.054964304E0,3.152064681E-1,4.557054639E-1
2.395092598E1,1.015258074E0,2.498438805E-1,4.526511431E-1
2.395296094E1,9.737191796E-1,1.692096740E-1,4.465425014E-1
2.395502905E1,9.541715384E-1,1.233947799E-1,4.410447180E-1
2.395706355E1,9.108000994E-1,2.382374369E-2,4.233296216E-1
2.395913171E1,8.631525636E-1,-8.552113175E-2,4.050036669E-1
2.396116632E1,8.405506015E-1,-1.411098689E-1,3.891211748E-1
2.396318371E1,7.947356701E-1,-2.583959997E-1,3.646865487E-1
2.396531632E1,7.434229851E-1,-3.732386529E-1,3.316998184E-1
2.396723140E1,7.171558142E-1,-4.276056588E-1,3.152064681E-1
2.396923109E1,6.603453159E-1,-5.210680366E-1,2.761110961E-1
2.397129967E1,5.992587805E-1,-5.986479521E-1,2.327396572E-1
2.397333463E1,5.699372888E-1,-6.243042946E-1,2.070833147E-1
2.397540344E1,4.984660447E-1,-6.572909951E-1,1.551597714E-1
2.397743790E1,4.227187634E-1,-6.640105247E-1,1.032362282E-1
2.397950659E1,3.445279896E-1,-6.395758986E-1,4.276056588E-2
2.398154117E1,3.023782969E-1,-6.188064814E-1,1.343903504E-2
2.398365617E1,2.162462920E-1,-5.589417219E-1,-4.031710699E-2
2.398570128E1,1.307251602E-1,-4.825835526E-1,-1.007927656E-1
2.398772278E1,8.429940045E-2,-4.349360466E-1,-1.288925707E-1
2.398975705E1,-4.276056774E-3,-3.371976018E-1,-1.857030392E-1
2.399182648E1,-9.040805697E-2,-2.333505303E-1,-2.437352389E-1
2.399386121E1,-1.307251602E-1,-1.783726513E-1,-2.736676335E-1
2.399593048E1,-2.144137025E-1,-7.208210230E-2,-3.249803185E-1
2.399796501E1,-2.950479090E-1,3.298672289E-2,-3.732386529E-1
2.400003405E1,-3.274237812E-1,8.002334833E-2,-3.982841372E-1
2.400206859E1,-3.982841372E-1,1.692096740E-1,-4.379903674E-1
2.400408528E1,-4.624249935E-1,2.522873580E-1,-4.740314186E-1
2.400616536E1,-4.929682612E-1,2.913827300E-1,-4.893030524E-1
2.400818709E1,-5.448917747E-1,3.659082949E-1,-5.198463202E-1
2.401022186E1,-5.943718553E-1,4.355469346E-1,-5.406157374E-1
2.401229194E1,-6.334672570E-1,5.009095073E-1,-5.497786999E-1
2.401432586E1,-6.524040699E-1,5.320636034E-1,-5.546656251E-1
2.401635105E1,-6.829473376E-1,5.907067060E-1,-5.619960427E-1
2.401835067E1,-7.098253965E-1,6.444628239E-1,-5.577199459E-1
2.402042051E1,-7.165449262E-1,6.701191664E-1,-5.558874011E-1
2.402245536E1,-7.391469479E-1,7.165449262E-1,-5.369505286E-1
2.402457109E1,-7.519751191E-1,7.525860071E-1,-5.167919993E-1
2.402674121E1,-7.568620443E-1,7.678576112E-1,-5.039638281E-1
2.402861236E1,-7.648032904E-1,7.965682745E-1,-4.770857692E-1
2.403061221E1,-7.660250068E-1,8.191702962E-1,-4.416555762E-1
2.403268121E1,-7.703011036E-1,8.301658630E-1,-4.294382632E-1
2.403471586E1,-7.623597980E-1,8.436049223E-1,-3.903428912E-1
2.403678528E1,-7.519751191E-1,8.533787727E-1,-3.524692357E-1
2.403881974E1,-7.452555895E-1,8.546004891E-1,-3.329215646E-1
2.404088917E1,-7.263187766E-1,8.546004891E-1,-2.944370508E-1
2.404292375E1,-7.049384713E-1,8.491026759E-1,-2.565633953E-1
2.404494032E1,-6.896668673E-1,8.399397135E-1,-2.382374406E-1
2.404707263E1,-6.572909951E-1,8.222246170E-1,-1.973094791E-1
2.404898782E1,-6.212499738E-1,7.916813493E-1,-1.618792862E-1
2.405098801E1,-5.992587805E-1,7.727445364E-1,-1.459967941E-1
2.405305644E1,-5.583308339E-1,7.330383062E-1,-1.111774743E-1
2.405509090E1,-5.137376785E-1,6.841690540E-1,-7.941248268E-2
2.405715944E1,-4.667010605E-1,6.328563690E-1,-4.886921868E-2
2.405919421E1,-4.447098970E-1,6.053674817E-1,-3.054326214E-2
2.406126321E1,-3.970624208E-1,5.485569835E-1,-6.719517522E-3
2.406329801E1,-3.469714522E-1,4.941899776E-1,1.893682219E-2
2.406535921E1,-3.243694305E-1,4.667010605E-1,3.237585723E-2
2.406736159E1,-2.767219543E-1,4.105014503E-1,5.131268129E-2
2.406938305E1,-2.290744632E-1,3.555235863E-1,7.391469181E-2
2.407141767E1,-2.101376504E-1,3.262020350E-1,8.552113175E-2
2.407348636E1,-1.679879427E-1,2.693915665E-1,9.957103431E-2
2.407552028E1,-1.276708394E-1,2.144137025E-1,1.136209369E-1
2.407758921E1,-1.075122803E-1,1.857030392E-1,1.197295859E-1
2.407962321E1,-7.208210230E-2,1.307251602E-1,1.319468915E-1
2.408169225E1,-3.420845419E-2,7.880161703E-2,1.362229437E-1
2.408372601E1,-1.649336144E-2,5.253441259E-2,1.404990107E-1
2.408574267E1,1.527163107E-2,5.497787148E-3,1.404990107E-1
2.408782159E1,4.459316283E-2,-4.031710699E-2,1.429424733E-1
2.408984340E1,5.864306539E-2,-5.681046844E-2,1.441642046E-1
2.409187755E1,8.429940045E-2,-9.285151958E-2,1.380555481E-1
2.409394651E1,1.087340117E-1,-1.240056455E-1,1.325577646E-1
2.409598067E1,1.356120855E-1,-1.490511149E-1,1.227839142E-1
2.409804974E1,1.453859210E-1,-1.588249654E-1,1.178969890E-1
2.410008398E1,1.649336219E-1,-1.728748679E-1,1.062905490E-1
2.410215209E1,1.814269722E-1,-1.844813079E-1,9.468411654E-2
2.410418648E1,1.905899495E-1,-1.863138974E-1,8.918632567E-2
2.410628448E1,2.058615834E-1,-1.869247705E-1,7.269296050E-2
2.410837651E1,2.125810981E-1,-1.814269722E-1,5.619960278E-2
2.411029132E1,2.186897546E-1,-1.777617931E-1,4.886921868E-2
2.411229009E1,2.223549485E-1,-1.685988009E-1,3.237585723E-2
2.411435974E1,2.254092693E-1,-1.569923609E-1,1.343903504E-2
2.411640863E1,2.290744632E-1,-1.502728462E-1,3.054326167E-3
2.411846275E1,2.272418737E-1,-1.411098689E-1,-6.719517522E-3
2.412049721E1,2.278527319E-1,-1.258382350E-1,-2.871066704E-2
2.412256601E1,2.223549485E-1,-1.197295859E-1,-4.031710699E-2
2.412460021E1,2.162462920E-1,-1.069014147E-1,-4.948008433E-2
2.412662540E1,2.052507252E-1,-9.285151958E-2,-7.208210230E-2
2.412875817E1,1.936442852E-1,-8.613199741E-2,-8.613199741E-2
2.413067336E1,1.850921661E-1,-8.185594529E-2,-9.285151958E-2
2.413267286E1,1.667662114E-1,-8.002334833E-2,-1.099557430E-1
2.413474082E1,1.582140923E-1,-7.757988572E-2,-1.178969890E-1
2.413677574E1,1.325577646E-1,-7.941248268E-2,-1.337794960E-1
2.413884394E1,1.062905490E-1,-8.246681094E-2,-1.490511149E-1
2.414087859E1,7.819075137E-2,-8.552113175E-2,-1.624901593E-1
2.414294809E1,6.108652428E-2,-8.979719132E-2,-1.698205322E-1
2.414498186E1,2.993239649E-2,-9.590584040E-2,-1.771509200E-1
2.414709751E1,-2.443460980E-3,-9.834930301E-2,-1.875356287E-1
2.414913555E1,-1.771509275E-2,-1.001819000E-1,-1.912008226E-1
2.415115682E1,-4.703662544E-2,-9.651670605E-2,-1.948660165E-1
2.415319113E1,-7.513642311E-2,-8.857546002E-2,-1.936442852E-1
2.415526032E1,-8.979719132E-2,-8.185594529E-2,-1.924225539E-1
2.415729428E1,-1.148426682E-1,-6.719517708E-2,-1.857030392E-1
2.415936328E1,-1.374446750E-1,-4.948008433E-2,-1.771509200E-1
2.416139821E1,-1.478293836E-1,-4.031710699E-2,-1.716531366E-1
2.416346674E1,-1.679879427E-1,-1.649336144E-2,-1.563815027E-1
2.416550117E1,-1.850921661E-1,3.665191587E-3,-1.350012124E-1
2.416752621E1,-1.966986060E-1,1.527163107E-2,-1.288925707E-1
2.416958298E1,-2.156354338E-1,3.543018550E-2,-1.069014147E-1
2.417160482E1,-2.296853364E-1,5.681046844E-2,-8.429940045E-2
2.417363882E1,-2.498438805E-1,7.941248268E-2,-6.475171447E-2
2.417570701E1,-2.620611787E-1,8.918632567E-2,-4.886921868E-2
2.417774117E1,-2.785545588E-1,1.081231460E-1,-2.565634064E-2
2.417980971E1,-2.981022298E-1,1.288925707E-1,-8.552113548E-3
2.418184424E1,-3.078760803E-1,1.368338168E-1,6.719517522E-3
2.418391301E1,-3.262020350E-1,1.557706445E-1,2.809980139E-2
2.418594748E1,-3.451388776E-1,1.728748679E-1,4.581489414E-2
2.418799728E1,-3.524692357E-1,1.802052408E-1,5.803219974E-2
2.419008559E1,-3.707951903E-1,1.924225539E-1,7.452555746E-2
2.419200121E1,-3.866777122E-1,2.040289938E-1,8.918632567E-2
2.419400086E1,-3.940080702E-1,2.058615834E-1,1.001819000E-1
2.419607013E1,-4.031710625E-1,2.119702399E-1,1.172861308E-1
2.419810474E1,-4.166100919E-1,2.138028294E-1,1.319468915E-1
2.420017374E1,-4.221078753E-1,2.162462920E-1,1.374446750E-1
2.420220859E1,-4.269948006E-1,2.138028294E-1,1.521054506E-1
2.420427771E1,-4.318817258E-1,2.101376504E-1,1.569923609E-1
2.420631221E1,-4.361577928E-1,2.070833147E-1,1.661553532E-1
2.420834424E1,-4.392121136E-1,1.979203373E-1,1.759291887E-1
2.421047763E1,-4.386012554E-1,1.857030392E-1,1.759291887E-1
2.421239332E1,-4.392121136E-1,1.802052408E-1,1.802052408E-1
2.421439298E1,-4.349360466E-1,1.655444801E-1,1.844813079E-1
2.421646263E1,-4.300491214E-1,1.496619880E-1,1.826487035E-1
2.421849744E1,-4.263839424E-1,1.404990107E-1,1.826487035E-1
2.422056678E1,-4.214970171E-1,1.227839142E-1,1.850921661E-1
2.422260163E1,-4.117231667E-1,1.038470939E-1,1.789835095E-1
2.422467055E1,-4.037819207E-1,8.552113175E-2,1.765400618E-1
2.422670540E1,-3.946189582E-1,7.452555746E-2,1.710422635E-1
2.422877444E1,-3.836233616E-1,5.497787148E-2,1.643227488E-1
2.423077674E1,-3.714060783E-1,3.237585723E-2,1.588249654E-1
2.423279924E1,-3.652974069E-1,2.199114859E-2,1.551597714E-1
2.423483324E1,-3.500257730E-1,2.443460980E-3,1.466076523E-1
2.423690174E1,-3.347541690E-1,-1.588249579E-2,1.368338168E-1
2.423893655E1,-3.280346394E-1,-2.443460934E-2,1.331686229E-1
2.424100517E1,-3.121521473E-1,-3.970624134E-2,1.227839142E-1
2.424303994E1,-2.944370508E-1,-5.803219974E-2,1.093448773E-1
2.424510863E1,-2.840523422E-1,-6.475171447E-2,1.001819000E-1
2.424714286E1,-2.669481039E-1,-7.757988572E-2,8.979719132E-2
2.424916748E1,-2.492330223E-1,-8.918632567E-2,7.513642311E-2
2.425124578E1,-2.425135076E-1,-9.590584040E-2,6.658431143E-2
2.425326805E1,-2.229658216E-1,-1.032362282E-1,5.497787148E-2
2.425530221E1,-2.046398520E-1,-1.087340117E-1,3.848451003E-2
2.425737167E1,-1.857030392E-1,-1.123992056E-1,2.443460934E-2
2.425940582E1,-1.765400618E-1,-1.136209369E-1,1.771509275E-2
2.426143109E1,-1.569923609E-1,-1.099557430E-1,-6.108652451E-4
2.426343051E1,-1.411098689E-1,-1.038470939E-1,-1.710422710E-2
2.426549974E1,-1.307251602E-1,-1.020144969E-1,-2.626720630E-2
2.426753440E1,-1.154535338E-1,-9.101892263E-2,-4.092797264E-2
2.426958440E1,-9.773843735E-2,-8.185594529E-2,-5.803219974E-2
2.427175505E1,-9.285151958E-2,-7.880161703E-2,-6.230825558E-2
2.427359094E1,-7.696902007E-2,-6.658431143E-2,-7.391469181E-2
2.427559078E1,-6.230825558E-2,-5.925392732E-2,-8.857546002E-2
2.427765978E1,-5.558873713E-2,-5.681046844E-2,-9.162978828E-2
2.427969436E1,-4.520402849E-2,-4.703662544E-2,-9.957103431E-2
2.428176271E1,-2.932153270E-2,-3.726277873E-2,-1.081231460E-1
2.428379674E1,-2.443460934E-2,-3.420845419E-2,-1.123992056E-1
2.428586617E1,-1.282817032E-2,-2.748893574E-2,-1.154535338E-1
2.428790094E1,-6.108652451E-4,-2.138028294E-2,-1.185078546E-1
2.428993305E1,6.108652335E-3,-2.138028294E-2,-1.233947799E-1
2.429206624E1,1.649336144E-2,-1.771509275E-2,-1.221730486E-1
2.429398178E1,2.504547499E-2,-1.221730467E-2,-1.240056455E-1
2.429598167E1,3.054326214E-2,-1.099557430E-2,-1.221730486E-1
2.429805070E1,3.848451003E-2,-8.552113548E-3,-1.197295859E-1
2.430008609E1,4.764748737E-2,-3.665191587E-3,-1.178969890E-1
2.430215498E1,4.825835302E-2,-4.276056774E-3,-1.191187203E-1
2.430419005E1,5.314527452E-2,-3.054326167E-3,-1.130100712E-1
2.430625909E1,5.681046844E-2,-1.221730490E-3,-1.111774743E-1
2.430829378E1,6.169738993E-2,-7.330383174E-3,-1.093448773E-1
2.431034367E1,6.597344577E-2,-6.719517522E-3,-1.032362282E-1
2.431234798E1,6.719517708E-2,-1.038470957E-2,-9.712757170E-2
2.431436921E1,7.147123665E-2,-1.404990070E-2,-8.735372871E-2
2.431640367E1,7.208210230E-2,-1.832595654E-2,-8.002334833E-2
2.431847324E1,7.574728876E-2,-2.321287990E-2,-7.574728876E-2
2.432050790E1,8.124507964E-2,-2.871066704E-2,-6.352998316E-2
2.432257694E1,8.246681094E-2,-3.176499158E-2,-5.558873713E-2
2.432461236E1,8.491026610E-2,-3.726277873E-2,-5.253441259E-2
2.432668124E1,8.857546002E-2,-4.337143153E-2,-4.153883830E-2
2.432871617E1,8.979719132E-2,-4.825835302E-2,-3.420845419E-2
2.433074817E1,9.101892263E-2,-5.803219974E-2,-2.871066704E-2
2.433282674E1,9.101892263E-2,-6.658431143E-2,-1.466076635E-2
2.433484855E1,9.529497474E-2,-7.086037099E-2,-1.160643995E-2
2.433688301E1,9.529497474E-2,-8.246681094E-2,-2.443460980E-3
2.433895309E1,9.590584040E-2,-9.224065393E-2,8.552113548E-3
2.434098759E1,9.651670605E-2,-9.834930301E-2,1.588249579E-2
2.434305686E1,9.407325089E-2,-1.044579595E-1,2.321287990E-2
2.434509090E1,9.285151958E-2,-1.111774743E-1,2.993239649E-2
2.434716044E1,8.796459436E-2,-1.191187203E-1,4.092797264E-2
2.434919528E1,8.674286306E-2,-1.221730486E-1,4.276056588E-2
2.435124524E1,8.124507964E-2,-1.276708394E-1,4.764748737E-2
2.435333751E1,7.696902007E-2,-1.337794960E-1,5.436700583E-2
2.435524386E1,7.269296050E-2,-1.356120855E-1,5.497787148E-2
2.435724382E1,6.475171447E-2,-1.435533315E-1,6.230825558E-2
2.435931332E1,5.742133409E-2,-1.472185254E-1,5.986479297E-2
2.436134878E1,5.314527452E-2,-1.496619880E-1,6.230825558E-2
2.436341867E1,4.459316283E-2,-1.557706445E-1,6.352998316E-2
2.436545413E1,3.543018550E-2,-1.643227488E-1,6.230825558E-2
2.436752428E1,3.237585723E-2,-1.673770845E-1,6.169738993E-2
2.436955878E1,2.443460934E-2,-1.753183305E-1,5.742133409E-2
2.437159074E1,1.343903504E-2,-1.844813079E-1,5.253441259E-2
2.437372421E1,9.162978269E-3,-1.893682331E-1,5.253441259E-2
2.437563174E1,1.221730490E-3,-2.021963894E-1,4.825835302E-2
2.437763151E1,-6.719517522E-3,-2.101376504E-1,4.214970022E-2
2.437970055E1,-1.160643995E-2,-2.156354338E-1,4.214970022E-2
2.438173578E1,-1.588249579E-2,-2.247984111E-1,3.481931984E-2
2.438380570E1,-2.076941915E-2,-2.345722616E-1,2.626720630E-2
2.438584051E1,-2.321287990E-2,-2.382374406E-1,2.321287990E-2
2.438791032E1,-2.809980139E-2,-2.467895597E-1,1.710422710E-2
2.438994559E1,-2.748893574E-2,-2.541199327E-1,7.330383174E-3
2.439202236E1,-2.809980139E-2,-2.577851415E-1,2.443460980E-3
2.439402424E1,-2.809980139E-2,-2.620611787E-1,0.000000000E0
2.439604636E1,-2.382374369E-2,-2.645046413E-1,-1.099557430E-2
2.439808117E1,-2.321287990E-2,-2.663372457E-1,-1.954768784E-2
2.440015024E1,-2.076941915E-2,-2.693915665E-1,-1.832595654E-2
2.440218559E1,-1.649336144E-2,-2.700024247E-1,-2.443460934E-2
2.440425540E1,-1.038470957E-2,-2.693915665E-1,-3.176499158E-2
2.440629028E1,-1.038470957E-2,-2.687807083E-1,-3.237585723E-2
2.440835940E1,-1.832595794E-3,-2.687807083E-1,-3.970624134E-2
2.441039463E1,6.719517522E-3,-2.675589919E-1,-4.337143153E-2
2.441242736E1,9.773843922E-3,-2.675589919E-1,-4.214970022E-2
2.441450659E1,2.199114859E-2,-2.663372457E-1,-4.581489414E-2
2.441652940E1,3.115412779E-2,-2.638937831E-1,-4.886921868E-2
2.441856478E1,3.298672289E-2,-2.638937831E-1,-4.459316283E-2
2.442063378E1,4.520402849E-2,-2.614503205E-1,-4.764748737E-2
2.442266882E1,5.619960278E-2,-2.583959997E-1,-4.886921868E-2
2.442473874E1,6.414084882E-2,-2.583959997E-1,-4.825835302E-2
2.442677405E1,7.635815442E-2,-2.565633953E-1,-4.764748737E-2
2.442884344E1,8.979719132E-2,-2.541199327E-1,-5.009094998E-2
2.443087847E1,1.020144969E-1,-2.528982162E-1,-4.398229718E-2
2.443292847E1,1.093448773E-1,-2.528982162E-1,-4.337143153E-2
2.443502078E1,1.246165112E-1,-2.516764700E-1,-4.459316283E-2
2.443692670E1,1.380555481E-1,-2.504547536E-1,-4.031710699E-2
2.443892667E1,1.435533315E-1,-2.504547536E-1,-4.031710699E-2
2.444099609E1,1.624901593E-1,-2.522873580E-1,-4.337143153E-2
2.444303063E1,1.771509200E-1,-2.510656118E-1,-3.848451003E-2
2.444510005E1,1.863138974E-1,-2.522873580E-1,-3.848451003E-2
2.444713586E1,2.064724565E-1,-2.547308207E-1,-3.665191308E-2
2.444920494E1,2.235766798E-1,-2.590068579E-1,-3.176499158E-2
2.445123951E1,2.290744632E-1,-2.583959997E-1,-3.787364438E-2
2.445327263E1,2.504547536E-1,-2.608394623E-1,-3.359758854E-2
2.445540563E1,2.681698501E-1,-2.626720667E-1,-2.809980139E-2
2.445732101E1,2.785545588E-1,-2.632829249E-1,-2.687807009E-2
2.445932121E1,2.981022298E-1,-2.663372457E-1,-2.687807009E-2
2.446139020E1,3.182607889E-1,-2.675589919E-1,-2.076941915E-2
2.446342520E1,3.255911767E-1,-2.687807083E-1,-1.649336144E-2
2.446549490E1,3.445279896E-1,-2.700024247E-1,-1.099557430E-2
2.446753009E1,3.652974069E-1,-2.742784917E-1,-5.497787148E-3
2.446959974E1,3.744603992E-1,-2.736676335E-1,-4.886921961E-3
2.447163486E1,3.927863538E-1,-2.748893499E-1,3.054326167E-3
2.447368409E1,4.092797041E-1,-2.791654170E-1,7.330383174E-3
2.447568913E1,4.166100919E-1,-2.797762752E-1,1.527163107E-2
2.447771174E1,4.361577928E-1,-2.846632004E-1,2.199114859E-2
2.447974701E1,4.514294267E-1,-2.883284092E-1,2.748893574E-2
2.448181674E1,4.673119187E-1,-2.950479090E-1,3.604105115E-2
2.448385247E1,4.764748812E-1,-2.962696552E-1,3.970624134E-2
2.448592247E1,4.905247986E-1,-3.023782969E-1,4.581489414E-2
2.448795786E1,5.057964325E-1,-3.103195429E-1,5.497787148E-2
2.449002740E1,5.119050741E-1,-3.133738637E-1,5.742133409E-2
2.449206236E1,5.259549618E-1,-3.219259977E-1,6.352998316E-2
2.449409544E1,5.393940210E-1,-3.316998184E-1,7.513642311E-2
2.449617421E1,5.467243791E-1,-3.365867436E-1,7.269296050E-2
2.449819586E1,5.583308339E-1,-3.488040566E-1,8.063421398E-2
2.450023097E1,5.717698932E-1,-3.597996235E-1,8.735372871E-2
2.450230097E1,5.760459304E-1,-3.671300113E-1,9.285151958E-2
2.450433555E1,5.876523852E-1,-3.817907870E-1,9.590584040E-2
2.450636174E1,5.974262357E-1,-3.976732790E-1,1.032362282E-1
2.450836163E1,6.041457057E-1,-4.037819207E-1,1.050688252E-1
2.451043151E1,6.133087277E-1,-4.208861589E-1,1.050688252E-1
2.451246667E1,6.206390858E-1,-4.355469346E-1,1.136209369E-1
2.451451640E1,6.285803318E-1,-4.422664344E-1,1.117883399E-1
2.451668763E1,6.352998614E-1,-4.581489265E-1,1.154535338E-1
2.451852405E1,6.450737119E-1,-4.709770977E-1,1.172861308E-1
2.452052386E1,6.469063163E-1,-4.783074856E-1,1.166752651E-1
2.452259344E1,6.566801667E-1,-4.899139404E-1,1.166752651E-1
2.452464359E1,6.646214128E-1,-5.045747161E-1,1.233947799E-1
2.452669794E1,6.743952036E-1,-5.119050741E-1,1.227839142E-1
2.452873267E1,6.811147332E-1,-5.174028873E-1,1.227839142E-1
2.453080209E1,6.921103001E-1,-5.192354321E-1,1.240056455E-1
2.453283694E1,7.043276429E-1,-5.235115290E-1,1.276708394E-1
2.453487090E1,7.122688890E-1,-5.216789246E-1,1.301143020E-1
2.453700470E1,7.238753438E-1,-5.149593949E-1,1.356120855E-1
2.453891974E1,7.354817390E-1,-5.100724697E-1,1.362229437E-1
2.454091967E1,7.434229851E-1,-5.088507533E-1,1.356120855E-1
2.454298882E1,7.550294399E-1,-5.070181489E-1,1.423316002E-1
2.454502455E1,7.709119320E-1,-5.039638281E-1,1.423316002E-1
2.454709321E1,7.782423496E-1,-5.033529401E-1,1.435533315E-1
2.454912840E1,7.922922373E-1,-5.033529401E-1,1.441642046E-1
2.455119755E1,8.045095205E-1,-5.009095073E-1,1.447750628E-1
2.455323213E1,8.148942590E-1,-5.033529401E-1,1.411098689E-1
2.455530990E1,8.307767510E-1,-4.996877611E-1,1.435533315E-1
2.455731305E1,8.484918475E-1,-4.972442985E-1,1.435533315E-1
2.455933494E1,8.570439219E-1,-4.948008358E-1,1.417207420E-1
2.456137032E1,8.741481900E-1,-4.886921942E-1,1.411098689E-1
2.456343990E1,8.936958313E-1,-4.813618064E-1,1.368338168E-1
2.456547505E1,9.046914577E-1,-4.795292318E-1,1.337794960E-1
2.456754501E1,9.236282706E-1,-4.721988440E-1,1.331686229E-1
2.456957994E1,9.425650835E-1,-4.673119187E-1,1.301143020E-1
2.457164974E1,9.627236128E-1,-4.599815309E-1,1.288925707E-1
2.457368501E1,9.761626720E-1,-4.538728893E-1,1.313360333E-1
2.457571836E1,9.950994849E-1,-4.477642179E-1,1.295034289E-1
2.457779763E1,1.015258074E0,-4.404338300E-1,1.325577646E-1
2.457981997E1,1.027475357E0,-4.361577928E-1,1.301143020E-1
2.458185494E1,1.048855662E0,-4.324925840E-1,1.313360333E-1
2.458392420E1,1.069625020E0,-4.282165468E-1,1.295034289E-1
2.458595955E1,1.081842303E0,-4.257730842E-1,1.307251602E-1
2.458802870E1,1.102611780E0,-4.233296216E-1,1.313360333E-1
2.459006382E1,1.123992085E0,-4.214970171E-1,1.282816976E-1
2.459213324E1,1.136209369E0,-4.178318381E-1,1.246165112E-1
2.459416836E1,1.156367898E0,-4.172209501E-1,1.215621829E-1
2.459621767E1,1.177137375E0,-4.159992337E-1,1.178969890E-1
2.459831047E1,1.199128509E0,-4.166100919E-1,1.154535338E-1
2.460021694E1,1.209513187E0,-4.184426963E-1,1.136209369E-1
2.460221724E1,1.232726097E0,-4.184426963E-1,1.081231460E-1
2.460428767E1,1.244332552E0,-4.208861589E-1,1.062905490E-1
2.460632320E1,1.262658477E0,-4.196644127E-1,1.007927656E-1
2.460839259E1,1.286482215E0,-4.202753007E-1,9.712757170E-2
2.461042824E1,1.310916781E0,-4.196644127E-1,9.040805697E-2
2.461249867E1,1.321912408E0,-4.208861589E-1,8.796459436E-2
2.461453297E1,1.345125318E0,-4.208861589E-1,8.429940045E-2
2.461656574E1,1.365283847E0,-4.227187634E-1,7.635815442E-2
2.461869801E1,1.377501130E0,-4.239404798E-1,7.635815442E-2
2.462061332E1,1.400103092E0,-4.282165468E-1,7.269296050E-2
2.462261282E1,1.420872569E0,-4.300491214E-1,6.475171447E-2
2.462468255E1,1.431257248E0,-4.318817258E-1,6.536258012E-2
2.462671717E1,1.452637553E0,-4.361577928E-1,5.986479297E-2
2.462878594E1,1.471574426E0,-4.416555762E-1,5.436700583E-2
2.463082074E1,1.483791709E0,-4.440990388E-1,5.375614017E-2
2.463288913E1,1.501506805E0,-4.532620013E-1,5.192354694E-2
2.463492386E1,1.519221902E0,-4.599815309E-1,4.764748737E-2
2.463697340E1,1.527163148E0,-4.642575979E-1,4.642575979E-2
2.463897786E1,1.544878244E0,-4.734205604E-1,4.031710699E-2
2.464099951E1,1.559538960E0,-4.844161272E-1,3.604105115E-2
2.464303417E1,1.563814998E0,-4.911356568E-1,3.848451003E-2
2.464510274E1,1.580919266E0,-4.972442985E-1,2.932153270E-2
2.464713724E1,1.592525721E0,-5.112941861E-1,2.993239649E-2
2.464920674E1,1.600466967E0,-5.137376785E-1,2.871066704E-2
2.465124159E1,1.613295078E0,-5.210680366E-1,2.565634064E-2
2.465331070E1,1.624290705E0,-5.302310586E-1,2.382374369E-2
2.465534536E1,1.632231951E0,-5.351179838E-1,2.382374369E-2
2.465737659E1,1.638340592E0,-5.363397002E-1,1.954768784E-2
2.465945536E1,1.646281838E0,-5.400048494E-1,1.832595654E-2
2.466147774E1,1.653612256E0,-5.442809463E-1,1.832595654E-2
2.466351347E1,1.656666517E0,-5.473352671E-1,1.649336144E-2
2.466558217E1,1.659109950E0,-5.479460955E-1,1.466076635E-2
2.466761747E1,1.663386106E0,-5.497786999E-1,1.160643995E-2
2.466968655E1,1.663996935E0,-5.485569835E-1,1.038470957E-2
2.467172197E1,1.662164330E0,-5.467243791E-1,6.108652335E-3
2.467379144E1,1.662775159E0,-5.455026627E-1,4.886921961E-3
2.467582609E1,1.659109950E0,-5.436700583E-1,6.108652451E-4
2.467787597E1,1.654223084E0,-5.375614166E-1,-1.832595794E-3
2.467996855E1,1.646281838E0,-5.338962078E-1,-5.497787148E-3
2.468187428E1,1.643838406E0,-5.302310586E-1,-1.343903504E-2
2.468387370E1,1.635897160E0,-5.222898126E-1,-1.527163107E-2
2.468594290E1,1.626123309E0,-5.167919993E-1,-2.260201424E-2
2.468797728E1,1.619403720E0,-5.131267905E-1,-2.565634064E-2
2.469004632E1,1.609019041E0,-5.070181489E-1,-2.993239649E-2
2.469208063E1,1.592525721E0,-4.990769029E-1,-3.604105115E-2
2.469414974E1,1.583973527E0,-4.929682612E-1,-4.459316283E-2
2.469618428E1,1.574199796E0,-4.886921942E-1,-4.398229718E-2
2.469821624E1,1.560760736E0,-4.831944108E-1,-5.558873713E-2
2.470034966E1,1.546099901E0,-4.758640230E-1,-6.047565863E-2
2.470226363E1,1.541213036E0,-4.703662395E-1,-6.597344577E-2
2.470426367E1,1.524719596E0,-4.642575979E-1,-6.841690838E-2
2.470633266E1,1.511891484E0,-4.550946057E-1,-7.696902007E-2
2.470836782E1,1.504561067E0,-4.520402849E-1,-7.513642311E-2
2.471043694E1,1.492343783E0,-4.440990388E-1,-7.819075137E-2
2.471247147E1,1.478904724E0,-4.379903674E-1,-8.368854225E-2
2.471454066E1,1.472796082E0,-4.331034720E-1,-8.429940045E-2
2.471657544E1,1.461189628E0,-4.282165468E-1,-8.674286306E-2
2.471865213E1,1.452637553E0,-4.190535545E-1,-8.796459436E-2
2.472065524E1,1.445307136E0,-4.147774875E-1,-8.613199741E-2
2.472267605E1,1.433089852E0,-4.086688459E-1,-8.796459436E-2
2.472471140E1,1.425759435E0,-4.013384581E-1,-8.796459436E-2
2.472678063E1,1.423316002E0,-3.964515328E-1,-8.613199741E-2
2.472881555E1,1.414763927E0,-3.878994286E-1,-8.552113175E-2
2.473088482E1,1.406211853E0,-3.793473244E-1,-8.246681094E-2
2.473291974E1,1.402546644E0,-3.787364662E-1,-7.941248268E-2
2.473498820E1,1.394605398E0,-3.695734739E-1,-8.002334833E-2
2.473702282E1,1.390940189E0,-3.597996235E-1,-7.513642311E-2
2.473905513E1,1.383609772E0,-3.530801237E-1,-6.963863969E-2
2.474113313E1,1.381166339E0,-3.481931984E-1,-6.780604273E-2
2.474315424E1,1.375057697E0,-3.371976018E-1,-6.047565863E-2
2.474518886E1,1.365283847E0,-3.274237812E-1,-5.436700583E-2
2.474725824E1,1.362840414E0,-3.249803185E-1,-5.253441259E-2
2.474929313E1,1.354899168E0,-3.115412891E-1,-4.398229718E-2
2.475131859E1,1.345736146E0,-2.993239760E-1,-4.153883830E-2
2.475331832E1,1.342681766E0,-2.932153046E-1,-4.153883830E-2
2.475538790E1,1.333518863E0,-2.809980214E-1,-3.359758854E-2
2.475742228E1,1.323134065E0,-2.700024247E-1,-2.871066704E-2
2.475947217E1,1.318247199E0,-2.638937831E-1,-2.871066704E-2
2.476164259E1,1.310305953E0,-2.510656118E-1,-2.687807009E-2
2.476347828E1,1.298699498E0,-2.394591719E-1,-2.138028294E-2
2.476547855E1,1.290758252E0,-2.376265824E-1,-1.893682219E-2
2.476754820E1,1.282817006E0,-2.272418737E-1,-2.138028294E-2
2.476958332E1,1.271210551E0,-2.156354338E-1,-1.893682219E-2
2.477165328E1,1.265101910E0,-2.113593817E-1,-2.076941915E-2
2.477368836E1,1.254106402E0,-2.064724565E-1,-1.771509275E-2
2.477575817E1,1.243110776E0,-1.954768747E-1,-1.710422710E-2
2.477779274E1,1.239445567E0,-1.899790913E-1,-2.199114859E-2
2.477979359E1,1.229060888E0,-1.857030392E-1,-1.893682219E-2
2.478192816E1,1.218065262E0,-1.795943826E-1,-1.893682219E-2
2.478384336E1,1.213178396E0,-1.777617931E-1,-2.199114859E-2
2.478584297E1,1.202182770E0,-1.747074574E-1,-1.588249579E-2
2.478791309E1,1.193019867E0,-1.685988009E-1,-1.710422710E-2
2.478994755E1,1.188132882E0,-1.722639948E-1,-2.076941915E-2
2.479201674E1,1.176526427E0,-1.685988009E-1,-1.649336144E-2
2.479405136E1,1.167363524E0,-1.698205322E-1,-1.588249579E-2
2.479612020E1,1.155146122E0,-1.679879427E-1,-1.527163107E-2
2.479815628E1,1.149037480E0,-1.685988009E-1,-1.160643995E-2
2.480020524E1,1.136820197E0,-1.710422635E-1,-1.710422710E-2
2.480220897E1,1.124602914E0,-1.747074574E-1,-1.404990070E-2
2.480423105E1,1.117272496E0,-1.771509200E-1,-1.160643995E-2
2.480626532E1,1.103833556E0,-1.802052408E-1,-1.343903504E-2
2.480833490E1,1.089172721E0,-1.844813079E-1,-1.466076635E-2
2.481036936E1,1.080009699E0,-1.869247705E-1,-1.099557430E-2
2.481243809E1,1.064738154E0,-1.936442852E-1,-1.343903504E-2
2.481447309E1,1.047633886E0,-1.997529417E-1,-1.282817032E-2
2.481654136E1,1.040914416E0,-1.985312104E-1,-1.893682219E-2
2.481857605E1,1.023199320E0,-2.058615834E-1,-1.771509275E-2
2.482057597E1,1.003651619E0,-2.107485086E-1,-1.588249579E-2
2.482265378E1,9.926560521E-1,-2.138028294E-1,-1.588249579E-2
2.482467513E1,9.749409556E-1,-2.156354338E-1,-2.199114859E-2
2.482670947E1,9.523389339E-1,-2.193006277E-1,-2.443460934E-2
2.482877836E1,9.401215911E-1,-2.205223590E-1,-2.382374369E-2
2.483081243E1,9.181304574E-1,-2.186897546E-1,-2.626720630E-2
2.483288090E1,8.961393237E-1,-2.205223590E-1,-2.809980139E-2
2.483491497E1,8.686503768E-1,-2.168571651E-1,-2.871066704E-2
2.483698393E1,8.619308472E-1,-2.150245607E-1,-3.543018550E-2
2.483901828E1,8.332201838E-1,-2.113593817E-1,-3.543018550E-2
2.484106728E1,8.087855577E-1,-2.058615834E-1,-3.848451003E-2
2.484316013E1,7.959573865E-1,-2.058615834E-1,-4.276056588E-2
2.484506682E1,7.727445364E-1,-2.021963894E-1,-4.520402849E-2
2.484706593E1,7.452555895E-1,-1.912008226E-1,-4.520402849E-2
2.484913501E1,7.342600226E-1,-1.875356287E-1,-4.764748737E-2
2.485116978E1,7.086036801E-1,-1.832595766E-1,-4.581489414E-2
2.485323901E1,6.847799420E-1,-1.765400618E-1,-4.764748737E-2
2.485527409E1,6.707300544E-1,-1.722639948E-1,-4.703662544E-2
2.485734340E1,6.475171447E-1,-1.673770845E-1,-4.825835302E-2
2.485937786E1,6.249151230E-1,-1.643227488E-1,-4.825835302E-2
2.486137790E1,6.139195561E-1,-1.618792862E-1,-4.764748737E-2
2.486351093E1,5.888741016E-1,-1.606575549E-1,-4.581489414E-2
2.486542590E1,5.662720799E-1,-1.569923609E-1,-4.520402849E-2
2.486742590E1,5.552765131E-1,-1.588249654E-1,-4.153883830E-2
2.486949547E1,5.345070958E-1,-1.569923609E-1,-3.665191308E-2
2.487153017E1,5.125159621E-1,-1.582140923E-1,-3.604105115E-2
2.487359916E1,5.027421117E-1,-1.557706445E-1,-3.481931984E-2
2.487563432E1,4.807509482E-1,-1.569923609E-1,-3.298672289E-2
2.487770355E1,4.587597847E-1,-1.557706445E-1,-2.687807009E-2
2.487973805E1,4.495968223E-1,-1.539380401E-1,-2.382374369E-2
2.488181524E1,4.306600094E-1,-1.521054506E-1,-1.710422710E-2
2.488381728E1,4.098905921E-1,-1.490511149E-1,-1.282817032E-2
2.488583951E1,3.885102868E-1,-1.447750628E-1,-8.552113548E-3
2.488787467E1,3.817907870E-1,-1.423316002E-1,-5.497787148E-3
2.488994440E1,3.610213697E-1,-1.374446750E-1,-1.221730490E-3
2.489197936E1,3.445279896E-1,-1.350012124E-1,3.665191587E-3
2.489404840E1,3.384193480E-1,-1.319468915E-1,6.719517522E-3
2.489608351E1,3.170390725E-1,-1.264491081E-1,1.038470957E-2
2.489815347E1,3.005456924E-1,-1.209513173E-1,1.649336144E-2
2.490018840E1,2.895501256E-1,-1.178969890E-1,2.015855350E-2
2.490218905E1,2.706133127E-1,-1.117883399E-1,2.504547499E-2
2.490426751E1,2.510656118E-1,-1.050688252E-1,3.115412779E-2
2.490628990E1,2.461786866E-1,-1.007927656E-1,3.359758854E-2
2.490832443E1,2.247984111E-1,-9.346238524E-2,4.153883830E-2
2.491039455E1,2.107485086E-1,-8.429940045E-2,4.520402849E-2
2.491242955E1,2.028072625E-1,-8.185594529E-2,4.703662544E-2
2.491449928E1,1.905899495E-1,-6.963863969E-2,4.948008433E-2
2.491653401E1,1.759291887E-1,-6.291911751E-2,5.192354694E-2
2.491860340E1,1.679879427E-1,-5.314527452E-2,5.375614017E-2
2.492063878E1,1.643227488E-1,-4.825835302E-2,5.314527452E-2
2.492268863E1,1.569923609E-1,-4.092797264E-2,5.436700583E-2
2.492478155E1,1.551597714E-1,-3.176499158E-2,5.558873713E-2
2.492668740E1,1.539380401E-1,-2.687807009E-2,5.558873713E-2
2.492868717E1,1.521054506E-1,-1.832595654E-2,5.497787148E-2
2.493075643E1,1.576032341E-1,-7.330383174E-3,5.497787148E-2
2.493280555E1,1.582140923E-1,-5.497787148E-3,5.742133409E-2
2.493486078E1,1.655444801E-1,1.832595794E-3,5.742133409E-2
2.493689543E1,1.685988009E-1,9.773843922E-3,5.681046844E-2
2.493896447E1,1.759291887E-1,1.221730467E-2,5.742133409E-2
2.494099901E1,1.844813079E-1,1.893682219E-2,5.619960278E-2
2.494302401E1,1.979203373E-1,2.382374369E-2,5.619960278E-2
2.494515640E1,2.028072625E-1,2.321287990E-2,5.864306539E-2
2.494707163E1,2.174680233E-1,2.687807009E-2,6.230825558E-2
2.494907117E1,2.333505303E-1,2.932153270E-2,6.291911751E-2
2.495114109E1,2.425135076E-1,2.993239649E-2,6.230825558E-2
2.495317516E1,2.577851415E-1,2.993239649E-2,6.475171447E-2
2.495524424E1,2.803871334E-1,2.382374369E-2,6.536258012E-2
2.495727951E1,2.907718420E-1,2.260201424E-2,6.597344577E-2
2.495934790E1,3.133738637E-1,1.832595654E-2,6.658431143E-2
2.496138266E1,3.365867436E-1,1.099557430E-2,6.719517708E-2
2.496349882E1,3.610213697E-1,-6.108652451E-4,6.963863969E-2
2.496553701E1,3.750712574E-1,-2.443460980E-3,6.841690838E-2
2.496755959E1,4.013384581E-1,-1.343903504E-2,6.902777404E-2
2.496959459E1,4.306600094E-1,-2.565634064E-2,7.147123665E-2
2.497166424E1,4.459316432E-1,-3.298672289E-2,6.780604273E-2
2.497369955E1,4.752531648E-1,-4.764748737E-2,7.086037099E-2
2.497576909E1,5.082398653E-1,-6.291911751E-2,6.658431143E-2
2.497780424E1,5.229006410E-1,-7.330382615E-2,6.963863969E-2
2.497987401E1,5.601634383E-1,-9.285151958E-2,6.658431143E-2
2.498190913E1,5.931501389E-1,-1.099557430E-1,6.414084882E-2
2.498390851E1,6.096435189E-1,-1.185078546E-1,6.291911751E-2
2.498598720E1,6.438519955E-1,-1.398881376E-1,5.986479297E-2
2.498800870E1,6.829473376E-1,-1.594358236E-1,5.192354694E-2
2.499004278E1,6.988298297E-1,-1.685988009E-1,5.314527452E-2
2.499211159E1,7.342600226E-1,-1.905899495E-1,4.764748737E-2
2.499414578E1,7.733554244E-1,-2.083050460E-1,4.153883830E-2
2.499617063E1,7.886270285E-1,-2.180788964E-1,3.848451003E-2
2.499817013E1,8.252789378E-1,-2.351831198E-1,3.176499158E-2
2.500023959E1,8.594874144E-1,-2.498438805E-1,2.260201424E-2
2.500227420E1,8.778133392E-1,-2.553416789E-1,1.832595654E-2
2.500432466E1,9.108000994E-1,-2.651155293E-1,9.773843922E-3
2.500649605E1,9.450085163E-1,-2.742784917E-1,0.000000000E0
2.500833313E1,9.615018964E-1,-2.767219543E-1,-4.276056774E-3
2.501033274E1,9.938777685E-1,-2.785545588E-1,-1.710422710E-2
2.501240182E1,1.028697014E0,-2.779437006E-1,-2.871066704E-2
2.501443736E1,1.059240341E0,-2.724458873E-1,-4.092797264E-2
2.501650732E1,1.078788042E0,-2.681698501E-1,-4.764748737E-2
2.501854205E1,1.108720422E0,-2.596177161E-1,-5.986479297E-2
2.502061116E1,1.142928839E0,-2.492330223E-1,-7.513642311E-2
2.502264655E1,1.157589674E0,-2.437352389E-1,-8.063421398E-2
2.502467966E1,1.190576315E0,-2.321287990E-1,-9.468411654E-2
2.502681370E1,1.225395679E0,-2.174680233E-1,-1.075122803E-1
2.502872978E1,1.241889000E0,-2.095267773E-1,-1.148426682E-1
2.503072982E1,1.277319193E0,-1.966986060E-1,-1.264491081E-1
2.503279966E1,1.313360333E0,-1.838704348E-1,-1.362229437E-1
2.503483447E1,1.331686258E0,-1.789835095E-1,-1.417207420E-1
2.503690443E1,1.369559884E0,-1.631010175E-1,-1.521054506E-1
2.503893943E1,1.409266114E0,-1.496619880E-1,-1.618792862E-1
2.504100943E1,1.431257248E0,-1.429424733E-1,-1.685988009E-1
2.504304428E1,1.469741821E0,-1.301143020E-1,-1.734857261E-1
2.504512170E1,1.510669708E0,-1.123992056E-1,-1.777617931E-1
2.504712493E1,1.530828357E0,-1.050688252E-1,-1.814269722E-1
2.504914755E1,1.571756244E0,-8.918632567E-2,-1.832595766E-1
2.505118320E1,1.613906026E0,-7.330382615E-2,-1.863138974E-1
2.505325274E1,1.656055689E0,-5.681046844E-2,-1.844813079E-1
2.505528870E1,1.675603390E0,-4.886921868E-2,-1.820378453E-1
2.505735793E1,1.718363881E0,-3.237585723E-2,-1.753183305E-1
2.505939347E1,1.763567924E0,-1.404990070E-2,-1.716531366E-1
2.506146313E1,1.781893969E0,-5.497787148E-3,-1.679879427E-1
2.506349851E1,1.828319669E0,1.221730467E-2,-1.594358236E-1
2.506553090E1,1.874134541E0,2.748893574E-2,-1.490511149E-1
2.506761047E1,1.896736622E0,3.604105115E-2,-1.423316002E-1
2.506963305E1,1.942551494E0,4.825835302E-2,-1.319468915E-1
2.507166890E1,1.987144589E0,5.619960278E-2,-1.227839142E-1
2.507373886E1,2.007914066E0,5.803219974E-2,-1.117883399E-1
2.507577401E1,2.053729057E0,6.291911751E-2,-9.957103431E-2
2.507784490E1,2.097711325E0,5.864306539E-2,-8.246681094E-2
2.507988005E1,2.121535063E0,5.497787148E-2,-7.819075137E-2
2.508195055E1,2.164295673E0,4.642575979E-2,-6.291911751E-2
2.508398586E1,2.207667112E0,3.665191308E-2,-4.581489414E-2
2.508603570E1,2.249816656E0,2.199114859E-2,-3.359758854E-2
2.508812890E1,2.272418737E0,1.527163107E-2,-2.748893574E-2
2.509003597E1,2.307848930E0,-3.665191587E-3,-1.527163107E-2
2.509203655E1,2.327396631E0,-1.466076635E-2,-9.773843922E-3
2.509410613E1,2.361604929E0,-3.726277873E-2,-3.054326167E-3
2.509614178E1,2.392759085E0,-5.986479297E-2,5.497787148E-3
2.509821232E1,2.420248032E0,-8.185594529E-2,1.038470957E-2
2.510024759E1,2.434908867E0,-9.407325089E-2,1.160643995E-2
2.510231782E1,2.459343433E0,-1.197295859E-1,1.527163107E-2
2.510435362E1,2.473393440E0,-1.447750628E-1,1.527163107E-2
2.510638751E1,2.484389067E0,-1.576032341E-1,1.466076635E-2
2.510852205E1,2.494162798E0,-1.832595766E-1,1.099557430E-2
2.511043797E1,2.504547596E0,-2.089159191E-1,7.330383174E-3
2.511243855E1,2.506990910E0,-2.235766798E-1,2.443460980E-3
2.511450901E1,2.506990910E0,-2.492330223E-1,-5.497787148E-3
2.511654482E1,2.510656118E0,-2.742784917E-1,-1.710422710E-2
2.511861440E1,2.505158424E0,-2.846632004E-1,-2.199114859E-2
2.512065009E1,2.499049664E0,-3.127630055E-1,-3.237585723E-2
2.512272055E1,2.491719246E0,-3.390302062E-1,-4.459316283E-2
2.512475578E1,2.485610723E0,-3.518583775E-1,-5.375614017E-2
2.512587243E1,2.475836754E0,-3.634648323E-1,-5.314527452E-2
2.512791278E1,2.463619471E0,-3.897320330E-1,-6.597344577E-2
2.512993509E1,2.448958874E0,-4.166100919E-1,-8.185594529E-2
2.513197032E1,2.440406561E0,-4.318817258E-1,-8.491026610E-2
2.513404109E1,2.424524069E0,-4.569272101E-1,-9.834930301E-2
2.513607701E1,2.406198263E0,-4.868595898E-1,-1.111774743E-1
2.513814747E1,2.393980980E0,-4.984660447E-1,-1.142318025E-1
2.514018301E1,2.376265764E0,-5.253441334E-1,-1.295034289E-1
2.514225316E1,2.357328892E0,-5.491678715E-1,-1.411098689E-1
2.514428782E1,2.333505154E0,-5.723807216E-1,-1.514945775E-1
2.514631440E1,2.320677042E0,-5.839871764E-1,-1.594358236E-1
2.514839443E1,2.300518513E0,-6.035348773E-1,-1.722639948E-1
2.515041655E1,2.276083946E0,-6.218608022E-1,-1.844813079E-1
2.515245159E1,2.263866663E0,-6.322455406E-1,-1.918116808E-1
2.515452170E1,2.236988544E0,-6.487388611E-1,-2.046398520E-1
2.515655705E1,2.208277941E0,-6.615670323E-1,-2.168571651E-1
2.515862732E1,2.194227934E0,-6.670648456E-1,-2.241875380E-1
2.516066239E1,2.166738987E0,-6.737843752E-1,-2.388483137E-1
2.516273189E1,2.131919622E0,-6.811147332E-1,-2.492330223E-1
2.516476759E1,2.112982988E0,-6.847799420E-1,-2.528982162E-1
2.516688355E1,2.079385281E0,-6.853908300E-1,-2.663372457E-1
2.516897686E1,2.039679050E0,-6.866125464E-1,-2.730567753E-1
2.517089212E1,2.018909693E0,-6.860016584E-1,-2.791654170E-1
2.517289312E1,1.973705649E0,-6.890559793E-1,-2.858849466E-1
2.517496266E1,1.925447226E0,-6.914994717E-1,-2.981022298E-1
2.517699793E1,1.901012659E0,-6.951646209E-1,-3.048217595E-1
2.517906820E1,1.844202161E0,-6.963863969E-1,-3.145956099E-1
2.518110270E1,1.780672193E0,-6.988298297E-1,-3.280346394E-1
2.518317370E1,1.717142224E0,-6.963863969E-1,-3.463605940E-1
2.518520855E1,1.681101203E0,-6.963863969E-1,-3.506366611E-1
2.518722828E1,1.608408213E0,-6.921103001E-1,-3.677408695E-1
2.518936328E1,1.532050014E0,-6.835582256E-1,-3.885102868E-1
2.519127851E1,1.489289522E0,-6.817256212E-1,-3.952298164E-1
2.519327909E1,1.405600905E0,-6.652322412E-1,-4.233296216E-1
2.519534893E1,1.323134065E0,-6.462954283E-1,-4.471533597E-1
2.519738409E1,1.281595230E0,-6.352998614E-1,-4.612032473E-1
2.519945382E1,1.199739337E0,-6.096435189E-1,-4.893030524E-1
2.520148843E1,1.122159481E0,-5.791002512E-1,-5.167919993E-1
2.520355832E1,1.081842303E0,-5.601634383E-1,-5.308418870E-1
2.520559270E1,1.015258074E0,-5.216789246E-1,-5.644394755E-1
2.520765489E1,9.505063295E-1,-4.789183438E-1,-5.845980644E-1
2.520965797E1,9.242390990E-1,-4.557054639E-1,-5.986479521E-1
2.521167989E1,8.729264140E-1,-4.092797041E-1,-6.188064814E-1
2.521371512E1,8.301658630E-1,-3.585779071E-1,-6.340781450E-1
2.521578370E1,8.130616546E-1,-3.304781020E-1,-6.438519955E-1
2.521781939E1,7.825183868E-1,-2.822197378E-1,-6.481280327E-1
2.521988909E1,7.568620443E-1,-2.315179259E-1,-6.524040699E-1
2.522192393E1,7.379252315E-1,-1.844813079E-1,-6.517932415E-1
2.522399343E1,7.312057018E-1,-1.649336219E-1,-6.444628239E-1
2.522602839E1,7.238753438E-1,-1.252273768E-1,-6.334672570E-1
2.522804809E1,7.177666426E-1,-8.857546002E-2,-6.218608022E-1
2.523012755E1,7.165449262E-1,-7.024950534E-2,-6.072000265E-1
2.523214893E1,7.183775306E-1,-4.214970022E-2,-5.858197808E-1
2.523418409E1,7.220427394E-1,-1.588249579E-2,-5.619960427E-1
2.523625339E1,7.257078886E-1,-5.497787148E-3,-5.461135507E-1
2.523828755E1,7.367035151E-1,1.221730467E-2,-5.155702829E-1
2.524031293E1,7.483099103E-1,2.504547499E-2,-4.764748812E-1
2.524231289E1,7.580837607E-1,3.054326214E-2,-4.581489265E-1
2.524438074E1,7.727445364E-1,3.909537569E-2,-4.147774875E-1
2.524641459E1,7.904596329E-1,4.092797264E-2,-3.726277947E-1
2.524853039E1,8.014551997E-1,4.153883830E-2,-3.518583775E-1
2.525070089E1,8.161159754E-1,3.848451003E-2,-3.023782969E-1
2.525257243E1,8.356636763E-1,3.543018550E-2,-2.535090744E-1
2.525457193E1,8.436049223E-1,3.543018550E-2,-2.272418737E-1
2.525664259E1,8.600982428E-1,2.932153270E-2,-1.777617931E-1
2.525867689E1,8.759807348E-1,2.871066704E-2,-1.295034289E-1
2.526074666E1,8.900306821E-1,2.993239649E-2,-7.819075137E-2
2.526278120E1,8.991936445E-1,3.176499158E-2,-5.558873713E-2
2.526485093E1,9.144652486E-1,3.726277873E-2,-9.773843922E-3
2.526688643E1,9.303477407E-1,4.214970022E-2,3.481931984E-2
2.526890859E1,9.388998747E-1,4.337143153E-2,5.375614017E-2
2.527104255E1,9.535606503E-1,4.764748737E-2,9.651670605E-2
2.527295859E1,9.706648588E-1,5.192354694E-2,1.288925707E-1
2.527495847E1,9.761626720E-1,5.192354694E-2,1.466076523E-1
2.527702886E1,9.914342761E-1,5.742133409E-2,1.747074574E-1
2.527906497E1,1.005484223E0,5.681046844E-2,2.015855312E-1
2.528113501E1,1.009760261E0,5.864306539E-2,2.125810981E-1
2.528317062E1,1.022588372E0,6.230825558E-2,2.296853364E-1
2.528523993E1,1.032973170E0,6.352998316E-2,2.449569702E-1
2.528727509E1,1.035416603E0,6.414084882E-2,2.528982162E-1
2.528939128E1,1.040303469E0,6.352998316E-2,2.602286041E-1
2.529143039E1,1.045801282E0,6.047565863E-2,2.657263875E-1
2.529345178E1,1.049466491E0,5.986479297E-2,2.651155293E-1
2.529548666E1,1.052520871E0,6.047565863E-2,2.626720667E-1
2.529755628E1,1.053742528E0,5.986479297E-2,2.626720667E-1
2.529959132E1,1.053742528E0,5.742133409E-2,2.547308207E-1
2.530166062E1,1.056796908E0,5.681046844E-2,2.492330223E-1
2.530369593E1,1.058018565E0,5.375614017E-2,2.357939780E-1
2.530576512E1,1.054964304E0,4.520402849E-2,2.211332172E-1
2.530780016E1,1.053742528E0,4.214970022E-2,2.107485086E-1
2.530982582E1,1.051299095E0,3.481931984E-2,1.918116808E-1
2.531190562E1,1.048855662E0,2.748893574E-2,1.667662114E-1
2.531392682E1,1.048244715E0,2.321287990E-2,1.533271819E-1
2.531596162E1,1.043357849E0,1.466076635E-2,1.270599663E-1
2.531803170E1,1.038470864E0,7.330383174E-3,9.346238524E-2
2.532006620E1,1.034805775E0,2.443460980E-3,8.063421398E-2
2.532213582E1,1.028697014E0,-9.773843922E-3,4.825835302E-2
2.532417093E1,1.020755768E0,-2.076941915E-2,1.343903504E-2
2.532624089E1,1.015258074E0,-3.237585723E-2,-6.108652335E-3
2.532827582E1,1.013425469E0,-3.604105115E-2,-3.970624134E-2
2.533039186E1,1.006095052E0,-5.009094998E-2,-7.330382615E-2
2.533248420E1,1.001208186E0,-6.414084882E-2,-1.044579595E-1
2.533439166E1,9.963212013E-1,-6.841690838E-2,-1.191187203E-1
2.533639162E1,9.914342761E-1,-7.391469181E-2,-1.496619880E-1
2.533846101E1,9.871582389E-1,-7.696902007E-2,-1.771509200E-1
2.534051051E1,9.822713137E-1,-7.757988572E-2,-1.887573600E-1
2.534256447E1,9.779952765E-1,-7.452555746E-2,-2.095267773E-1
2.534459986E1,9.731083512E-1,-6.475171447E-2,-2.296853364E-1
2.534666955E1,9.688322544E-1,-6.108652428E-2,-2.364048511E-1
2.534870428E1,9.651671052E-1,-4.459316283E-2,-2.522873580E-1
2.535073151E1,9.602801800E-1,-2.809980139E-2,-2.590068579E-1
2.535286409E1,9.572258592E-1,-1.649336144E-2,-2.596177161E-1
2.535477974E1,9.523389339E-1,3.054326167E-3,-2.712241709E-1
2.535677955E1,9.474520087E-1,2.443460934E-2,-2.657263875E-1
2.535884905E1,9.450085163E-1,3.726277873E-2,-2.638937831E-1
2.536088378E1,9.388998747E-1,6.108652428E-2,-2.620611787E-1
2.536295301E1,9.321803451E-1,8.674286306E-2,-2.504547536E-1
2.536498820E1,9.266825914E-1,9.834930301E-2,-2.449569702E-1
2.536705739E1,9.217956662E-1,1.240056455E-1,-2.388483137E-1
2.536909251E1,9.144652486E-1,1.514945775E-1,-2.223549485E-1
2.537116105E1,9.059131742E-1,1.765400618E-1,-2.046398520E-1
2.537316428E1,8.991936445E-1,1.924225539E-1,-1.979203373E-1
2.537518674E1,8.918632865E-1,2.180788964E-1,-1.802052408E-1
2.537722174E1,8.814785480E-1,2.406809032E-1,-1.600466967E-1
2.537929201E1,8.765916228E-1,2.528982162E-1,-1.539380401E-1
2.538132678E1,8.655960560E-1,2.773328125E-1,-1.295034289E-1
2.538339720E1,8.564330935E-1,2.968805134E-1,-1.105666086E-1
2.538543274E1,8.503243923E-1,3.054326177E-1,-1.020144969E-1
2.538750336E1,8.399397135E-1,3.243694305E-1,-8.002334833E-2
2.538953862E1,8.289441466E-1,3.408628106E-1,-6.352998316E-2
2.539156616E1,8.216137290E-1,3.481931984E-1,-5.681046844E-2
2.539364582E1,8.106181622E-1,3.585779071E-1,-3.604105115E-2
2.539566836E1,7.984008789E-1,3.671300113E-1,-2.504547499E-2
2.539770339E1,7.922922373E-1,3.726277947E-1,-1.893682219E-2
2.539977274E1,7.788531780E-1,3.769038618E-1,-2.443460980E-3
2.540180847E1,7.690793276E-1,3.799581826E-1,4.886921961E-3
2.540387828E1,7.623597980E-1,3.811798990E-1,5.497787148E-3
2.540591324E1,7.525860071E-1,3.805690408E-1,1.771509275E-2
2.540798282E1,7.403686643E-1,3.781255782E-1,1.771509275E-2
2.541001836E1,7.281513810E-1,3.732386529E-1,1.832595654E-2
2.541206805E1,7.214318514E-1,3.714060783E-1,2.138028294E-2
2.541416082E1,7.122688890E-1,3.640756905E-1,2.382374369E-2
2.541606736E1,6.988298297E-1,3.585779071E-1,1.649336144E-2
2.541806759E1,6.939429045E-1,3.536909819E-1,1.466076635E-2
2.542013601E1,6.811147332E-1,3.439171314E-1,8.552113548E-3
2.542217224E1,6.713408828E-1,3.316998184E-1,-6.108652451E-4
2.542424155E1,6.670648456E-1,3.268128932E-1,-4.276056774E-3
2.542627655E1,6.585127115E-1,3.115412891E-1,-1.343903504E-2
2.542834509E1,6.511823535E-1,2.944370508E-1,-2.382374369E-2
2.543038012E1,6.499606371E-1,2.864958048E-1,-2.871066704E-2
2.543241201E1,6.426302195E-1,2.663372457E-1,-3.848451003E-2
2.543454470E1,6.401867867E-1,2.461786866E-1,-5.253441259E-2
2.543646066E1,6.377432942E-1,2.351831198E-1,-5.742133409E-2
2.543846016E1,6.352998614E-1,2.125810981E-1,-6.780604273E-2
2.544052916E1,6.352998614E-1,1.857030392E-1,-7.635815442E-2
2.544256397E1,6.352998614E-1,1.722639948E-1,-8.185594529E-2
2.544463293E1,6.359107494E-1,1.490511149E-1,-9.651670605E-2
2.544666759E1,6.401867867E-1,1.240056455E-1,-1.050688252E-1
2.544873732E1,6.401867867E-1,1.123992056E-1,-1.123992056E-1
2.545077232E1,6.450737119E-1,9.040805697E-2,-1.221730486E-1
2.545282382E1,6.469063163E-1,6.963863969E-2,-1.282816976E-1
2.545482886E1,6.481280327E-1,5.986479297E-2,-1.337794960E-1
2.545684974E1,6.554583907E-1,4.337143153E-2,-1.429424733E-1
2.545888401E1,6.615670323E-1,2.871066704E-2,-1.514945775E-1
2.546095359E1,6.682865620E-1,1.710422710E-2,-1.624901593E-1
2.546298712E1,6.719517708E-1,1.282817032E-2,-1.637118906E-1
2.546505712E1,6.798930168E-1,6.108652335E-3,-1.710422635E-1
2.546709143E1,6.872233748E-1,5.497787148E-3,-1.795943826E-1
2.546916074E1,6.896668673E-1,6.719517522E-3,-1.826487035E-1
2.547119509E1,6.994407177E-1,9.162978269E-3,-1.893682331E-1
2.547322755E1,7.073819637E-1,1.588249579E-2,-1.942551434E-1
2.547530601E1,7.116580009E-1,2.138028294E-2,-2.003637999E-1
2.547732786E1,7.195992470E-1,3.420845419E-2,-2.040289938E-1
2.547936320E1,7.275404930E-1,4.581489414E-2,-2.113593817E-1
2.548143259E1,7.318165898E-1,4.948008433E-2,-2.119702399E-1
2.548346724E1,7.422012687E-1,6.780604273E-2,-2.193006277E-1
2.548549251E1,7.495316267E-1,8.552113175E-2,-2.309070677E-1
2.548749243E1,7.550294399E-1,9.407325089E-2,-2.345722616E-1
2.548956155E1,7.629706860E-1,1.105666086E-1,-2.345722616E-1
2.549159601E1,7.727445364E-1,1.276708394E-1,-2.498438805E-1
2.549364524E1,7.819074988E-1,1.374446750E-1,-2.541199327E-1
2.549581547E1,7.874053121E-1,1.551597714E-1,-2.571742535E-1
2.549765139E1,7.941248417E-1,1.704314053E-1,-2.657263875E-1
2.549965209E1,7.996225953E-1,1.783726513E-1,-2.706133127E-1
2.550172059E1,8.069530129E-1,1.936442852E-1,-2.742784917E-1
2.550375558E1,8.167268038E-1,2.076941878E-1,-2.816088796E-1
2.550582470E1,8.191702962E-1,2.217440903E-1,-2.846632004E-1
2.550785974E1,8.222246170E-1,2.241875380E-1,-2.858849466E-1
2.550992928E1,8.277224302E-1,2.357939780E-1,-2.913827300E-1
2.551196447E1,8.307767510E-1,2.431243658E-1,-2.956587672E-1
2.551399709E1,8.307767510E-1,2.431243658E-1,-2.926044464E-1
2.551613055E1,8.362745047E-1,2.461786866E-1,-2.974913716E-1
2.551804612E1,8.350527883E-1,2.461786866E-1,-3.017674387E-1
2.552004605E1,8.362745047E-1,2.425135076E-1,-3.017674387E-1
2.552211532E1,8.332201838E-1,2.400700450E-1,-3.029891551E-1
2.552415093E1,8.350527883E-1,2.315179259E-1,-3.084869385E-1
2.552622043E1,8.356636763E-1,2.296853364E-1,-3.109304011E-1
2.552825555E1,8.338310719E-1,2.174680233E-1,-3.139847219E-1
2.553032508E1,8.332201838E-1,2.028072625E-1,-3.170390725E-1
2.553235978E1,8.295549750E-1,1.936442852E-1,-3.152064681E-1
2.553443682E1,8.295549750E-1,1.789835095E-1,-3.188716471E-1
2.553643943E1,8.338310719E-1,1.606575549E-1,-3.231477141E-1
2.553846112E1,8.326093554E-1,1.502728462E-1,-3.200933933E-1
2.554049582E1,8.344419003E-1,1.307251602E-1,-3.237585723E-1
2.554256536E1,8.374962807E-1,1.105666086E-1,-3.231477141E-1
2.554460012E1,8.411614299E-1,1.014036313E-1,-3.219259977E-1
2.554666970E1,8.423831463E-1,8.124507964E-2,-3.164281845E-1
2.554870462E1,8.491026759E-1,6.414084882E-2,-3.170390725E-1
2.555077336E1,8.539896011E-1,4.520402849E-2,-3.090978265E-1
2.555280828E1,8.558222055E-1,3.481931984E-2,-3.048217595E-1
2.555484105E1,8.600982428E-1,1.771509275E-2,-2.981022298E-1
2.555692020E1,8.674286604E-1,5.497787148E-3,-2.913827300E-1
2.555894282E1,8.698720932E-1,-4.886921961E-3,-2.846632004E-1
2.556097782E1,8.735373020E-1,-1.954768784E-2,-2.736676335E-1
2.556304643E1,8.802568316E-1,-3.176499158E-2,-2.626720667E-1
2.556508074E1,8.839219809E-1,-3.787364438E-2,-2.577851415E-1
2.556715051E1,8.875871897E-1,-5.070181563E-2,-2.486221492E-1
2.556918501E1,8.924741149E-1,-6.108652428E-2,-2.382374406E-1
2.557125389E1,8.943067193E-1,-6.475171447E-2,-2.333505303E-1
2.557328847E1,8.967501521E-1,-7.513642311E-2,-2.229658216E-1
2.557533789E1,8.985827565E-1,-8.185594529E-2,-2.107485086E-1
2.557743139E1,8.985827565E-1,-8.735372871E-2,-1.979203373E-1
2.557933755E1,9.010262489E-1,-9.101892263E-2,-1.973094791E-1
2.558133801E1,8.985827565E-1,-9.407325089E-2,-1.881465018E-1
2.558340701E1,9.034696817E-1,-9.529497474E-2,-1.820378453E-1
2.558544201E1,9.059131742E-1,-1.014036313E-1,-1.740965992E-1
2.558751116E1,8.998045325E-1,-1.044579595E-1,-1.673770845E-1
2.558954639E1,9.022479653E-1,-1.056796908E-1,-1.673770845E-1
2.559161574E1,9.028588533E-1,-1.056796908E-1,-1.624901593E-1
2.559365008E1,9.059131742E-1,-1.050688252E-1,-1.582140923E-1
2.559568216E1,9.077457786E-1,-1.069014147E-1,-1.563815027E-1
2.559781443E1,9.077457786E-1,-1.099557430E-1,-1.514945775E-1
2.559972897E1,9.132435322E-1,-1.087340117E-1,-1.521054506E-1
2.560172847E1,9.169087410E-1,-1.105666086E-1,-1.514945775E-1
2.560379724E1,9.217956662E-1,-1.142318025E-1,-1.539380401E-1
2.560583247E1,9.272934198E-1,-1.172861308E-1,-1.539380401E-1
2.560790239E1,9.352346659E-1,-1.209513173E-1,-1.576032341E-1
2.560993732E1,9.388998747E-1,-1.233947799E-1,-1.600466967E-1
2.561200701E1,9.462302923E-1,-1.258382350E-1,-1.643227488E-1
2.561404197E1,9.566149712E-1,-1.319468915E-1,-1.649336219E-1
2.561609170E1,9.602801800E-1,-1.331686229E-1,-1.685988009E-1
2.561809605E1,9.651671052E-1,-1.392772794E-1,-1.734857261E-1
2.562011762E1,9.761626720E-1,-1.466076523E-1,-1.795943826E-1
2.562215259E1,9.828822017E-1,-1.502728462E-1,-1.808161139E-1
2.562422212E1,9.920451641E-1,-1.563815027E-1,-1.850921661E-1
2.562625766E1,9.969320893E-1,-1.637118906E-1,-1.918116808E-1
2.562832739E1,1.003651619E0,-1.649336219E-1,-1.948660165E-1
2.563036212E1,1.014036298E0,-1.747074574E-1,-1.973094791E-1
2.563243135E1,1.017701507E0,-1.869247705E-1,-1.997529417E-1
2.563446635E1,1.026253581E0,-1.942551434E-1,-2.034181207E-1
2.563649809E1,1.029307961E0,-1.991420686E-1,-2.040289938E-1
2.563857608E1,1.038470864E0,-2.101376504E-1,-2.083050460E-1
2.564059805E1,1.044579625E0,-2.180788964E-1,-2.070833147E-1
2.564263235E1,1.048244715E0,-2.229658216E-1,-2.058615834E-1
2.564470205E1,1.056185961E0,-2.309070677E-1,-2.052507252E-1
2.564673716E1,1.063516378E0,-2.394591719E-1,-2.028072625E-1
2.564880601E1,1.065348983E0,-2.437352389E-1,-1.973094791E-1
2.565084074E1,1.072679400E0,-2.504547536E-1,-1.924225539E-1
2.565291005E1,1.078788042E0,-2.590068579E-1,-1.869247705E-1
2.565494497E1,1.082453251E0,-2.632829249E-1,-1.820378453E-1
2.565699455E1,1.089783549E0,-2.700024247E-1,-1.728748679E-1
2.565908716E1,1.095892191E0,-2.755002379E-1,-1.594358236E-1
2.566099308E1,1.100168347E0,-2.797762752E-1,-1.521054506E-1
2.566299316E1,1.106887817E0,-2.834414840E-1,-1.392772794E-1
2.566506209E1,1.112385631E0,-2.895501256E-1,-1.270599663E-1
2.566709739E1,1.116661668E0,-2.944370508E-1,-1.185078546E-1
2.566916635E1,1.120326877E0,-3.011565804E-1,-1.014036313E-1
2.567120097E1,1.123992085E0,-3.078760803E-1,-8.124507964E-2
2.567326901E1,1.125824690E0,-3.145956099E-1,-6.414084882E-2
2.567530278E1,1.125213742E0,-3.170390725E-1,-5.803219974E-2
2.567730220E1,1.123381138E0,-3.231477141E-1,-4.031710699E-2
2.567943532E1,1.118494272E0,-3.274237812E-1,-2.687807009E-2
2.568135016E1,1.115439892E0,-3.280346394E-1,-2.321287990E-2
2.568334909E1,1.107498646E0,-3.316998184E-1,-9.773843922E-3
2.568541778E1,1.097113967E0,-3.310889602E-1,-6.108652451E-4
2.568745158E1,1.090394497E0,-3.335324228E-1,0.000000000E0
2.568952066E1,1.076955438E0,-3.316998184E-1,1.282817032E-2
2.569155512E1,1.060462117E0,-3.335324228E-1,1.466076635E-2
2.569362405E1,1.051909924E0,-3.316998184E-1,1.466076635E-2
2.569565835E1,1.032973170E0,-3.323107064E-1,1.832595654E-2
2.569773412E1,1.012814522E0,-3.280346394E-1,1.160643995E-2
2.569973758E1,1.006705880E0,-3.280346394E-1,1.160643995E-2
2.570175882E1,9.883799553E-1,-3.249803185E-1,9.162978269E-3
2.570379316E1,9.657779336E-1,-3.231477141E-1,4.886921961E-3
2.570586259E1,9.584475756E-1,-3.219259977E-1,-6.108652451E-4
2.570789716E1,9.376781583E-1,-3.194825351E-1,-5.497787148E-3
2.570996651E1,9.181304574E-1,-3.152064681E-1,-1.221730467E-2
2.571200124E1,9.101892114E-1,-3.152064681E-1,-1.771509275E-2
2.571407051E1,8.924741149E-1,-3.152064681E-1,-2.382374369E-2
2.571610412E1,8.747590184E-1,-3.176499307E-1,-2.993239649E-2
2.571813547E1,8.607091308E-1,-3.213151097E-1,-3.481931984E-2
2.572021297E1,8.515461683E-1,-3.219259977E-1,-4.092797264E-2
2.572223408E1,8.374962807E-1,-3.274237812E-1,-4.276056588E-2
2.572426782E1,8.228355050E-1,-3.304781020E-1,-4.703662544E-2
2.572633651E1,8.155050874E-1,-3.335324228E-1,-5.192354694E-2
2.572836974E1,8.032878041E-1,-3.378084898E-1,-5.253441259E-2
2.573039424E1,7.886270285E-1,-3.396410644E-1,-5.314527452E-2
2.573239332E1,7.825183868E-1,-3.420845270E-1,-5.803219974E-2
2.573446166E1,7.678576112E-1,-3.463605940E-1,-5.925392732E-2
2.573649566E1,7.531968355E-1,-3.488040566E-1,-6.169738993E-2
2.573854389E1,7.446447611E-1,-3.481931984E-1,-6.230825558E-2
2.574071266E1,7.299839854E-1,-3.488040566E-1,-6.719517708E-2
2.574254732E1,7.141014934E-1,-3.481931984E-1,-6.963863969E-2
2.574454720E1,7.055493593E-1,-3.481931984E-1,-7.330382615E-2
2.574661532E1,6.890559793E-1,-3.457497358E-1,-7.819075137E-2
2.574866474E1,6.695083380E-1,-3.396410644E-1,-7.819075137E-2
2.575071762E1,6.579018831E-1,-3.353650272E-1,-8.185594529E-2
2.575275155E1,6.359107494E-1,-3.243694305E-1,-8.307767659E-2
2.575481997E1,6.181956530E-1,-3.145956099E-1,-8.429940045E-2
2.575685462E1,6.090326309E-1,-3.084869385E-1,-8.491026610E-2
2.575888589E1,5.894849896E-1,-2.932153046E-1,-8.491026610E-2
2.576101924E1,5.650503635E-1,-2.809980214E-1,-8.246681094E-2
2.576293432E1,5.595525503E-1,-2.730567753E-1,-8.185594529E-2
2.576493378E1,5.387831330E-1,-2.559525371E-1,-7.880161703E-2
2.576700212E1,5.235115290E-1,-2.388483137E-1,-7.330382615E-2
2.576903689E1,5.137376785E-1,-2.321287990E-1,-7.208210230E-2
2.577110547E1,4.948008358E-1,-2.162462920E-1,-6.597344577E-2
2.577313924E1,4.783074856E-1,-2.003637999E-1,-6.047565863E-2
2.577520843E1,4.636467099E-1,-1.869247705E-1,-5.070181563E-2
2.577724235E1,4.563163519E-1,-1.808161139E-1,-4.948008433E-2
2.577929174E1,4.416555762E-1,-1.667662114E-1,-3.848451003E-2
2.578129597E1,4.306600094E-1,-1.551597714E-1,-3.298672289E-2
2.578331778E1,4.245513380E-1,-1.484402567E-1,-2.871066704E-2
2.578535278E1,4.105014503E-1,-1.356120855E-1,-1.771509275E-2
2.578742239E1,3.976732790E-1,-1.240056455E-1,-9.773843922E-3
2.578945716E1,3.933972120E-1,-1.197295859E-1,-9.162978269E-3
2.579152605E1,3.799581826E-1,-1.087340117E-1,6.108652451E-4
2.579356089E1,3.671300113E-1,-9.468411654E-2,6.108652335E-3
2.579562978E1,3.591887653E-1,-8.979719132E-2,1.099557430E-2
2.579766385E1,3.500257730E-1,-7.941248268E-2,1.466076635E-2
2.579966374E1,3.341432810E-1,-6.475171447E-2,1.893682219E-2
2.580174278E1,3.262020350E-1,-5.864306539E-2,1.893682219E-2
2.580376412E1,3.127630055E-1,-4.825835302E-2,2.443460934E-2
2.580579993E1,2.999348342E-1,-3.420845419E-2,2.260201424E-2
2.580786770E1,2.919935882E-1,-2.565634064E-2,2.443460934E-2
2.580990258E1,2.785545588E-1,-9.773843922E-3,2.199114859E-2
2.581197151E1,2.614503205E-1,6.108652335E-3,1.710422710E-2
2.581400589E1,2.486221492E-1,2.382374369E-2,9.162978269E-3
2.581607512E1,2.400700450E-1,3.115412779E-2,6.108652335E-3
2.581810932E1,2.290744632E-1,4.886921868E-2,0.000000000E0
2.582015920E1,2.138028294E-1,6.658431143E-2,-6.719517522E-3
2.582225158E1,2.070833147E-1,7.513642311E-2,-8.552113548E-3
2.582415678E1,1.966986060E-1,9.651670605E-2,-1.893682219E-2
2.582615712E1,1.857030392E-1,1.142318025E-1,-2.932153270E-2
2.582822597E1,1.808161139E-1,1.221730486E-1,-3.298672289E-2
2.583026074E1,1.716531366E-1,1.386664063E-1,-3.909537569E-2
2.583232958E1,1.643227488E-1,1.545489132E-1,-4.825835302E-2
2.583436370E1,1.545489132E-1,1.618792862E-1,-5.009094998E-2
2.583643232E1,1.508837193E-1,1.777617931E-1,-6.047565863E-2
2.583846693E1,1.447750628E-1,1.899790913E-1,-6.414084882E-2
2.584049885E1,1.392772794E-1,1.973094791E-1,-6.719517708E-2
2.584263305E1,1.325577646E-1,2.083050460E-1,-6.963863969E-2
2.584453924E1,1.240056455E-1,2.193006277E-1,-7.086037099E-2
2.584653889E1,1.227839142E-1,2.235766798E-1,-7.574728876E-2
2.584860708E1,1.148426682E-1,2.321287990E-1,-7.696902007E-2
2.585064082E1,1.081231460E-1,2.388483137E-1,-8.002334833E-2
2.585270974E1,1.056796908E-1,2.419026345E-1,-7.757988572E-2
2.585474355E1,1.007927656E-1,2.461786866E-1,-7.757988572E-2
2.585681205E1,9.529497474E-2,2.498438805E-1,-7.941248268E-2
2.585884578E1,9.224065393E-2,2.498438805E-1,-8.002334833E-2
2.586092112E1,8.857546002E-2,2.516764700E-1,-7.941248268E-2
2.586292289E1,8.674286306E-2,2.498438805E-1,-7.574728876E-2
2.586494447E1,8.613199741E-2,2.461786866E-1,-7.391469181E-2
2.586697816E1,8.735372871E-2,2.431243658E-1,-7.208210230E-2
2.586904666E1,8.674286306E-2,2.370157093E-1,-6.902777404E-2
2.587108062E1,8.979719132E-2,2.272418737E-1,-6.414084882E-2
2.587314858E1,9.407325089E-2,2.223549485E-1,-6.047565863E-2
2.587518232E1,9.712757170E-2,2.131919712E-1,-5.925392732E-2
2.587725124E1,1.050688252E-1,2.015855312E-1,-5.436700583E-2
2.587928543E1,1.050688252E-1,1.973094791E-1,-5.497787148E-2
2.588128497E1,1.123992056E-1,1.857030392E-1,-5.070181563E-2
2.588336185E1,1.178969890E-1,1.716531366E-1,-4.703662544E-2
2.588538405E1,1.215621829E-1,1.692096740E-1,-4.520402849E-2
2.588741878E1,1.288925707E-1,1.576032341E-1,-4.703662544E-2
2.588948743E1,1.411098689E-1,1.484402567E-1,-4.642575979E-2
2.589152243E1,1.423316002E-1,1.435533315E-1,-4.581489414E-2
2.589359089E1,1.502728462E-1,1.343903542E-1,-4.886921868E-2
2.589562608E1,1.606575549E-1,1.233947799E-1,-4.886921868E-2
2.589769455E1,1.649336219E-1,1.172861308E-1,-4.886921868E-2
2.589972889E1,1.747074574E-1,1.075122803E-1,-5.558873713E-2
2.590177789E1,1.844813079E-1,9.407325089E-2,-5.742133409E-2
2.590386958E1,1.948660165E-1,8.307767659E-2,-5.925392732E-2
2.590577539E1,2.046398520E-1,7.452555746E-2,-6.291911751E-2
2.590777516E1,2.138028294E-1,6.230825558E-2,-6.475171447E-2
2.590984393E1,2.254092693E-1,4.642575979E-2,-7.024950534E-2
2.591187743E1,2.333505303E-1,4.214970022E-2,-7.391469181E-2
2.591394628E1,2.461786866E-1,2.504547499E-2,-7.513642311E-2
2.591598032E1,2.602286041E-1,1.038470957E-2,-8.002334833E-2
2.591805001E1,2.681698501E-1,1.221730490E-3,-8.307767659E-2
2.592008378E1,2.816088796E-1,-1.710422710E-2,-8.796459436E-2
2.592211593E1,2.932153046E-1,-3.543018550E-2,-8.979719132E-2
2.592424847E1,3.011565804E-1,-4.520402849E-2,-9.529497474E-2
2.592616282E1,3.127630055E-1,-6.475171447E-2,-9.896016866E-2
2.592816266E1,3.274237812E-1,-8.429940045E-2,-1.014036313E-1
2.593023120E1,3.316998184E-1,-9.529497474E-2,-1.007927656E-1
2.593226466E1,3.445279896E-1,-1.117883399E-1,-1.081231460E-1
2.593433351E1,3.555235863E-1,-1.282816976E-1,-1.105666086E-1
2.593636735E1,3.597996235E-1,-1.380555481E-1,-1.105666086E-1
2.593843582E1,3.738495409E-1,-1.545489132E-1,-1.166752651E-1
2.594047004E1,3.793473244E-1,-1.698205322E-1,-1.148426682E-1
2.594251866E1,3.878994286E-1,-1.734857261E-1,-1.166752651E-1
2.594452343E1,3.982841372E-1,-1.887573600E-1,-1.166752651E-1
2.594654385E1,4.056145251E-1,-2.009746730E-1,-1.203404516E-1
2.594857862E1,4.111123085E-1,-2.095267773E-1,-1.221730486E-1
2.595064697E1,4.190535545E-1,-2.186897546E-1,-1.227839142E-1
2.595268201E1,4.288274050E-1,-2.309070677E-1,-1.209513173E-1
2.595475020E1,4.355469346E-1,-2.364048511E-1,-1.172861308E-1
2.595678424E1,4.367686510E-1,-2.449569702E-1,-1.172861308E-1
2.595885370E1,4.465425014E-1,-2.516764700E-1,-1.148426682E-1
2.596088801E1,4.495968223E-1,-2.583959997E-1,-1.093448773E-1
2.596292047E1,4.502076805E-1,-2.608394623E-1,-1.099557430E-1
2.596499885E1,4.593706727E-1,-2.663372457E-1,-1.020144969E-1
2.596702024E1,4.636467099E-1,-2.687807083E-1,-1.001819000E-1
2.596905424E1,4.648684561E-1,-2.675589919E-1,-9.590584040E-2
2.597112335E1,4.691445231E-1,-2.657263875E-1,-9.224065393E-2
2.597315751E1,4.697553813E-1,-2.614503205E-1,-8.857546002E-2
2.597518285E1,4.728097022E-1,-2.596177161E-1,-8.491026610E-2
2.597718224E1,4.764748812E-1,-2.541199327E-1,-8.246681094E-2
2.597925093E1,4.795292318E-1,-2.461786866E-1,-8.307767659E-2
2.598128508E1,4.813618064E-1,-2.406809032E-1,-8.185594529E-2
2.598333389E1,4.819726646E-1,-2.296853364E-1,-7.941248268E-2
2.598550366E1,4.831944108E-1,-2.180788964E-1,-8.307767659E-2
2.598734028E1,4.844161272E-1,-2.107485086E-1,-8.124507964E-2
2.598933966E1,4.844161272E-1,-1.997529417E-1,-8.368854225E-2
2.599140901E1,4.862487316E-1,-1.857030392E-1,-8.491026610E-2
2.599344358E1,4.899139404E-1,-1.802052408E-1,-8.368854225E-2
2.599551231E1,4.929682612E-1,-1.667662114E-1,-8.918632567E-2
2.599754678E1,4.966334403E-1,-1.502728462E-1,-9.346238524E-2
2.599961574E1,5.002986193E-1,-1.380555481E-1,-9.285151958E-2
2.600165062E1,4.990769029E-1,-1.313360333E-1,-9.529497474E-2
2.600368254E1,5.039638281E-1,-1.148426682E-1,-1.001819000E-1
2.600581554E1,5.064072609E-1,-1.014036313E-1,-9.590584040E-2
2.600773005E1,5.082398653E-1,-9.407325089E-2,-9.957103431E-2
2.600973004E1,5.112941861E-1,-8.063421398E-2,-1.044579595E-1
2.601179885E1,5.155702829E-1,-6.597344577E-2,-1.020144969E-1
2.601383466E1,5.125159621E-1,-5.986479297E-2,-1.050688252E-1
2.601590347E1,5.149593949E-1,-5.192354694E-2,-1.020144969E-1
2.601793843E1,5.137376785E-1,-4.214970022E-2,-1.026253626E-1
2.602000708E1,5.094616413E-1,-3.970624134E-2,-1.038470939E-1
2.602204178E1,5.076290369E-1,-3.237585723E-2,-1.044579595E-1
2.602411839E1,5.021312237E-1,-2.626720630E-2,-1.038470939E-1
2.602612047E1,5.002986193E-1,-2.687807009E-2,-1.026253626E-1
2.602814201E1,4.935791194E-1,-2.687807009E-2,-1.007927656E-1
2.603017670E1,4.844161272E-1,-2.748893574E-2,-1.026253626E-1
2.603224620E1,4.783074856E-1,-2.871066704E-2,-9.896016866E-2
2.603428012E1,4.703662395E-1,-3.359758854E-2,-9.896016866E-2
2.603634889E1,4.581489265E-1,-4.153883830E-2,-9.407325089E-2
2.603838366E1,4.532620013E-1,-4.642575979E-2,-9.162978828E-2
2.604045247E1,4.428772926E-1,-5.619960278E-2,-8.613199741E-2
2.604248704E1,4.324925840E-1,-6.841690838E-2,-7.941248268E-2
2.604451978E1,4.233296216E-1,-8.368854225E-2,-7.269296050E-2
2.604659793E1,4.166100919E-1,-9.285151958E-2,-6.780604273E-2
2.604861997E1,4.043927789E-1,-1.087340117E-1,-5.864306539E-2
2.605065489E1,3.946189582E-1,-1.233947799E-1,-5.375614017E-2
2.605272358E1,3.860668242E-1,-1.325577646E-1,-4.276056588E-2
2.605475828E1,3.769038618E-1,-1.472185254E-1,-3.420845419E-2
2.605682785E1,3.640756905E-1,-1.637118906E-1,-2.199114859E-2
2.605886354E1,3.579670191E-1,-1.728748679E-1,-1.466076635E-2
2.606093224E1,3.463605940E-1,-1.850921661E-1,-1.221730490E-3
2.606296681E1,3.335324228E-1,-1.979203373E-1,1.099557430E-2
2.606501612E1,3.286454976E-1,-2.021963894E-1,1.527163107E-2
2.606710874E1,3.182607889E-1,-2.144137025E-1,2.993239649E-2
2.606901431E1,3.084869385E-1,-2.241875380E-1,4.214970022E-2
2.607101366E1,3.017674387E-1,-2.302961946E-1,5.131268129E-2
2.607308258E1,2.901609838E-1,-2.388483137E-1,6.169738993E-2
2.607511716E1,2.779437006E-1,-2.474004179E-1,7.147123665E-2
2.607718585E1,2.712241709E-1,-2.522873580E-1,8.002334833E-2
2.607922031E1,2.608394623E-1,-2.577851415E-1,8.613199741E-2
2.608128920E1,2.480112910E-1,-2.638937831E-1,9.957103431E-2
2.608332401E1,2.425135076E-1,-2.663372457E-1,1.026253626E-1
2.608535562E1,2.327396572E-1,-2.651155293E-1,1.081231460E-1
2.608748958E1,2.199114859E-1,-2.657263875E-1,1.123992056E-1
2.608940497E1,2.089159191E-1,-2.657263875E-1,1.172861308E-1
2.609140443E1,2.034181207E-1,-2.638937831E-1,1.203404516E-1
2.609347462E1,1.918116808E-1,-2.596177161E-1,1.246165112E-1
2.609550935E1,1.826487035E-1,-2.528982162E-1,1.258382350E-1
2.609757847E1,1.765400618E-1,-2.486221492E-1,1.282816976E-1
2.609961362E1,1.704314053E-1,-2.400700450E-1,1.258382350E-1
2.610168293E1,1.594358236E-1,-2.339613885E-1,1.288925707E-1
2.610371897E1,1.551597714E-1,-2.290744632E-1,1.295034289E-1
2.610576839E1,1.478293836E-1,-2.205223590E-1,1.252273768E-1
2.610777301E1,1.417207420E-1,-2.095267773E-1,1.252273768E-1
2.610979462E1,1.386664063E-1,-2.052507252E-1,1.221730486E-1
2.611182912E1,1.343903542E-1,-1.954768747E-1,1.185078546E-1
2.611389862E1,1.282816976E-1,-1.838704348E-1,1.130100712E-1
2.611593324E1,1.221730486E-1,-1.783726513E-1,1.081231460E-1
2.611800335E1,1.197295859E-1,-1.649336219E-1,1.007927656E-1
2.612003835E1,1.172861308E-1,-1.563815027E-1,9.712757170E-2
2.612210781E1,1.148426682E-1,-1.496619880E-1,9.101892263E-2
2.612414320E1,1.136209369E-1,-1.386664063E-1,7.819075137E-2
2.612617570E1,1.099557430E-1,-1.282816976E-1,7.513642311E-2
2.612825428E1,1.062905490E-1,-1.197295859E-1,6.291911751E-2
2.613027685E1,1.093448773E-1,-1.136209369E-1,5.681046844E-2
2.613231174E1,1.062905490E-1,-1.044579595E-1,4.886921868E-2
2.613438051E1,1.038470939E-1,-9.712757170E-2,3.909537569E-2
2.613641516E1,1.032362282E-1,-9.346238524E-2,3.115412779E-2
2.613848308E1,1.038470939E-1,-8.857546002E-2,2.443460934E-2
2.614051793E1,1.001819000E-1,-8.735372871E-2,1.343903504E-2
2.614258635E1,9.957103431E-2,-8.674286306E-2,6.719517522E-3
2.614462116E1,9.773843735E-2,-8.429940045E-2,2.443460980E-3
2.614667101E1,9.773843735E-2,-8.368854225E-2,-9.773843922E-3
2.614876370E1,1.001819000E-1,-8.185594529E-2,-1.343903504E-2
2.615066931E1,9.712757170E-2,-8.246681094E-2,-1.527163107E-2
2.615266831E1,9.834930301E-2,-7.941248268E-2,-3.115412779E-2
2.615473701E1,9.773843735E-2,-8.246681094E-2,-2.871066704E-2
2.615678643E1,9.834930301E-2,-8.429940045E-2,-3.848451003E-2
2.615884047E1,9.834930301E-2,-8.429940045E-2,-4.398229718E-2
2.616087455E1,9.590584040E-2,-8.368854225E-2,-4.581489414E-2
2.616294339E1,9.773843735E-2,-8.796459436E-2,-5.253441259E-2
2.616497774E1,9.834930301E-2,-8.979719132E-2,-5.681046844E-2
2.616701039E1,9.896016866E-2,-9.346238524E-2,-5.803219974E-2
2.616914285E1,9.896016866E-2,-9.651670605E-2,-6.230825558E-2
2.617105747E1,9.896016866E-2,-1.007927656E-1,-7.024950534E-2
2.617305670E1,9.834930301E-2,-1.032362282E-1,-6.902777404E-2
2.617512535E1,9.834930301E-2,-1.062905490E-1,-7.208210230E-2
2.617715962E1,1.020144969E-1,-1.142318025E-1,-7.574728876E-2
2.617922801E1,1.014036313E-1,-1.197295859E-1,-7.635815442E-2
2.618126324E1,1.032362282E-1,-1.233947799E-1,-7.513642311E-2
2.618333139E1,1.026253626E-1,-1.282816976E-1,-7.452555746E-2
2.618536697E1,1.062905490E-1,-1.356120855E-1,-7.574728876E-2
2.618744351E1,1.062905490E-1,-1.368338168E-1,-7.696902007E-2
2.618944547E1,1.075122803E-1,-1.435533315E-1,-7.635815442E-2
2.619146731E1,1.111774743E-1,-1.466076523E-1,-7.574728876E-2
2.619350224E1,1.148426682E-1,-1.496619880E-1,-7.574728876E-2
2.619557120E1,1.178969890E-1,-1.527163088E-1,-7.452555746E-2
2.619760651E1,1.197295859E-1,-1.545489132E-1,-7.208210230E-2
2.619967608E1,1.240056455E-1,-1.533271819E-1,-7.452555746E-2
2.620171043E1,1.282816976E-1,-1.545489132E-1,-7.024950534E-2
2.620377904E1,1.331686229E-1,-1.551597714E-1,-7.269296050E-2
2.620581366E1,1.368338168E-1,-1.557706445E-1,-7.269296050E-2
2.620784516E1,1.392772794E-1,-1.551597714E-1,-6.963863969E-2
2.620989212E1,1.423316002E-1,-1.508837193E-1,-7.269296050E-2
2.621191316E1,1.441642046E-1,-1.508837193E-1,-7.086037099E-2
2.621394828E1,1.429424733E-1,-1.472185254E-1,-7.086037099E-2
2.621601666E1,1.478293836E-1,-1.441642046E-1,-7.452555746E-2
2.621805104E1,1.484402567E-1,-1.374446750E-1,-7.330382615E-2
2.622007620E1,1.466076523E-1,-1.337794960E-1,-7.330382615E-2
2.622207678E1,1.459967941E-1,-1.301143020E-1,-7.696902007E-2
2.622414547E1,1.404990107E-1,-1.221730486E-1,-7.696902007E-2
2.622618004E1,1.423316002E-1,-1.160643995E-1,-8.063421398E-2
2.622822970E1,1.411098689E-1,-1.056796908E-1,-8.552113175E-2
2.623039958E1,1.368338168E-1,-9.468411654E-2,-8.796459436E-2
2.623223524E1,1.362229437E-1,-8.918632567E-2,-9.101892263E-2
2.623423528E1,1.307251602E-1,-7.635815442E-2,-9.101892263E-2
2.623630474E1,1.276708394E-1,-6.352998316E-2,-9.651670605E-2
2.623833966E1,1.258382350E-1,-5.681046844E-2,-9.957103431E-2
2.624040858E1,1.203404516E-1,-4.398229718E-2,-1.032362282E-1
2.624244370E1,1.148426682E-1,-3.054326214E-2,-1.105666086E-1
2.624451258E1,1.117883399E-1,-2.199114859E-2,-1.117883399E-1
2.624654747E1,1.050688252E-1,-9.162978269E-3,-1.148426682E-1
2.624857985E1,1.014036313E-1,3.054326167E-3,-1.197295859E-1
2.625071293E1,9.834930301E-2,1.282817032E-2,-1.209513173E-1
2.625262816E1,9.346238524E-2,2.687807009E-2,-1.233947799E-1
2.625462758E1,8.735372871E-2,4.153883830E-2,-1.270599663E-1
2.625669651E1,8.246681094E-2,4.642575979E-2,-1.276708394E-1
2.625873124E1,7.880161703E-2,5.864306539E-2,-1.319468915E-1
2.626080062E1,7.513642311E-2,6.963863969E-2,-1.343903542E-1
2.626283528E1,7.269296050E-2,7.574728876E-2,-1.343903542E-1
2.626490443E1,6.658431143E-2,8.613199741E-2,-1.368338168E-1
2.626693939E1,6.291911751E-2,9.285151958E-2,-1.386664063E-1
2.626898812E1,5.803219974E-2,9.957103431E-2,-1.368338168E-1
2.627099370E1,5.192354694E-2,1.032362282E-1,-1.398881376E-1
2.627301578E1,4.825835302E-2,1.093448773E-1,-1.411098689E-1
2.627505062E1,4.459316283E-2,1.111774743E-1,-1.404990107E-1
2.627711916E1,4.092797264E-2,1.130100712E-1,-1.404990107E-1
2.627915366E1,3.787364438E-2,1.130100712E-1,-1.398881376E-1
2.628122297E1,3.176499158E-2,1.130100712E-1,-1.368338168E-1
2.628325697E1,2.748893574E-2,1.130100712E-1,-1.404990107E-1
2.628532670E1,2.382374369E-2,1.111774743E-1,-1.374446750E-1
2.628736147E1,2.076941915E-2,1.105666086E-1,-1.356120855E-1
2.628936174E1,2.076941915E-2,1.081231460E-1,-1.368338168E-1
2.629144074E1,1.832595654E-2,1.087340117E-1,-1.331686229E-1
2.629346231E1,1.404990070E-2,1.062905490E-1,-1.313360333E-1
2.629549812E1,1.282817032E-2,1.038470939E-1,-1.337794960E-1
2.629756785E1,1.404990070E-2,1.014036313E-1,-1.307251602E-1
2.629960274E1,1.099557430E-2,9.590584040E-2,-1.258382350E-1
2.630167204E1,1.282817032E-2,9.590584040E-2,-1.301143020E-1
2.630370647E1,9.162978269E-3,9.101892263E-2,-1.246165112E-1
2.630577716E1,1.221730467E-2,8.307767659E-2,-1.276708394E-1
2.630781135E1,9.773843922E-3,7.757988572E-2,-1.209513173E-1
2.630986058E1,1.282817032E-2,7.513642311E-2,-1.209513173E-1
2.631195247E1,1.160643995E-2,6.658431143E-2,-1.178969890E-1
2.631385866E1,1.221730467E-2,6.169738993E-2,-1.172861308E-1
2.631585793E1,1.282817032E-2,5.619960278E-2,-1.123992056E-1
2.631792678E1,1.343903504E-2,5.009094998E-2,-1.111774743E-1
2.631996101E1,1.588249579E-2,4.214970022E-2,-1.093448773E-1
2.632203028E1,1.710422710E-2,3.848451003E-2,-1.087340117E-1
2.632406535E1,1.771509275E-2,3.237585723E-2,-1.069014147E-1
2.632613400E1,1.832595654E-2,2.748893574E-2,-1.020144969E-1
2.632816854E1,2.076941915E-2,2.626720630E-2,-1.014036313E-1
2.633020097E1,2.076941915E-2,2.443460934E-2,-9.773843735E-2
2.633233370E1,2.076941915E-2,2.321287990E-2,-9.285151958E-2
2.633424912E1,2.321287990E-2,2.260201424E-2,-8.857546002E-2
2.633624928E1,2.809980139E-2,2.565634064E-2,-8.552113175E-2
2.633831781E1,3.115412779E-2,3.115412779E-2,-8.063421398E-2
2.634035289E1,2.809980139E-2,3.054326214E-2,-7.757988572E-2
2.634242231E1,3.298672289E-2,4.031710699E-2,-7.147123665E-2
2.634445731E1,3.481931984E-2,4.703662544E-2,-6.414084882E-2
2.634652678E1,3.787364438E-2,5.314527452E-2,-6.108652428E-2
2.634856200E1,3.848451003E-2,6.352998316E-2,-5.803219974E-2
2.635063858E1,4.459316283E-2,7.819075137E-2,-5.253441259E-2
2.635264124E1,4.642575979E-2,8.368854225E-2,-4.948008433E-2
2.635466285E1,4.886921868E-2,1.007927656E-1,-4.886921868E-2
2.635669778E1,5.009094998E-2,1.136209369E-1,-4.092797264E-2
2.635876720E1,4.948008433E-2,1.288925707E-1,-3.848451003E-2
2.636080170E1,4.948008433E-2,1.374446750E-1,-4.092797264E-2
2.636287124E1,5.131268129E-2,1.490511149E-1,-3.909537569E-2
2.636490654E1,4.948008433E-2,1.624901593E-1,-4.031710699E-2
2.636697551E1,5.253441259E-2,1.679879427E-1,-4.337143153E-2
2.636900954E1,5.070181563E-2,1.789835095E-1,-3.909537569E-2
2.637104127E1,4.459316283E-2,1.948660165E-1,-3.909537569E-2
2.637311977E1,3.909537569E-2,1.985312104E-1,-3.909537569E-2
2.637514131E1,3.420845419E-2,2.138028294E-1,-3.909537569E-2
2.637717604E1,2.321287990E-2,2.260201424E-1,-4.031710699E-2
2.637924500E1,2.260201424E-2,2.327396572E-1,-4.031710699E-2
2.638127939E1,1.038470957E-2,2.486221492E-1,-4.337143153E-2
2.638334904E1,-1.832595794E-3,2.590068579E-1,-4.337143153E-2
2.638538366E1,-6.108652335E-3,2.663372457E-1,-4.642575979E-2
2.638745227E1,-1.893682219E-2,2.803871334E-1,-4.520402849E-2
2.638948650E1,-3.543018550E-2,2.926044464E-1,-4.581489414E-2
2.639153516E1,-4.703662544E-2,3.023782969E-1,-4.825835302E-2
2.639362816E1,-5.619960278E-2,3.090978265E-1,-4.825835302E-2
2.639553397E1,-6.902777404E-2,3.200933933E-1,-4.886921868E-2
2.639753385E1,-7.757988572E-2,3.274237812E-1,-4.948008433E-2
2.639960366E1,-9.162978828E-2,3.365867436E-1,-4.703662544E-2
2.640163854E1,-1.081231460E-1,3.439171314E-1,-4.581489414E-2
2.640370866E1,-1.209513173E-1,3.500257730E-1,-4.398229718E-2
2.640574370E1,-1.301143020E-1,3.549126983E-1,-4.153883830E-2
2.640781343E1,-1.417207420E-1,3.591887653E-1,-4.092797264E-2
2.640984766E1,-1.539380401E-1,3.591887653E-1,-3.359758854E-2
2.641184916E1,-1.594358236E-1,3.567453027E-1,-3.237585723E-2
2.641398316E1,-1.679879427E-1,3.536909819E-1,-2.382374369E-2
2.641589870E1,-1.759291887E-1,3.439171314E-1,-1.588249579E-2
2.641789850E1,-1.783726513E-1,3.371976018E-1,-7.941247895E-3
2.641996797E1,-1.826487035E-1,3.213151097E-1,0.000000000E0
2.642200297E1,-1.857030392E-1,3.023782969E-1,1.221730467E-2
2.642407254E1,-1.844813079E-1,2.913827300E-1,1.404990070E-2
2.642610785E1,-1.832595766E-1,2.663372457E-1,2.809980139E-2
2.642817681E1,-1.814269722E-1,2.400700450E-1,4.031710699E-2
2.643021254E1,-1.783726513E-1,2.254092693E-1,4.520402849E-2
2.643226174E1,-1.753183305E-1,1.936442852E-1,5.742133409E-2
2.643426674E1,-1.673770845E-1,1.576032341E-1,7.208210230E-2
2.643628847E1,-1.624901593E-1,1.386664063E-1,8.063421398E-2
2.643832347E1,-1.527163088E-1,1.026253626E-1,8.979719132E-2
2.644039320E1,-1.392772794E-1,6.169738993E-2,1.038470939E-1
2.644242812E1,-1.368338168E-1,3.848451003E-2,1.117883399E-1
2.644449785E1,-1.209513173E-1,-3.054326167E-3,1.197295859E-1
2.644653304E1,-1.026253626E-1,-4.642575979E-2,1.356120855E-1
2.644860235E1,-8.307767659E-2,-9.224065393E-2,1.466076523E-1
2.645063700E1,-7.208210230E-2,-1.154535338E-1,1.576032341E-1
2.645266943E1,-4.948008433E-2,-1.643227488E-1,1.710422635E-1
2.645471670E1,-2.382374369E-2,-2.131919712E-1,1.832595766E-1
2.645673874E1,-1.160643995E-2,-2.388483137E-1,1.924225539E-1
2.645877266E1,2.076941915E-2,-2.852740586E-1,2.101376504E-1
2.646084324E1,5.253441259E-2,-3.304781020E-1,2.229658216E-1
2.646287804E1,7.024950534E-2,-3.494149148E-1,2.345722616E-1
2.646490458E1,1.062905490E-1,-3.860668242E-1,2.553416789E-1
2.646690485E1,1.453859210E-1,-4.166100919E-1,2.742784917E-1
2.646897424E1,1.667662114E-1,-4.300491214E-1,2.871066630E-1
2.647100943E1,2.089159191E-1,-4.483750761E-1,3.103195429E-1
2.647312589E1,2.535090744E-1,-4.575380683E-1,3.310889602E-1
2.647529608E1,2.968805134E-1,-4.630358517E-1,3.549126983E-1
2.647716735E1,3.213151097E-1,-4.575380683E-1,3.671300113E-1
2.647916720E1,3.689626157E-1,-4.459316432E-1,3.866777122E-1
2.648123693E1,3.952298164E-1,-4.331034720E-1,3.958406746E-1
2.648327247E1,4.398229718E-1,-4.056145251E-1,4.141666293E-1
2.648534166E1,4.880813360E-1,-3.622430861E-1,4.263839424E-1
2.648737731E1,5.302310586E-1,-3.078760803E-1,4.343251884E-1
2.648944620E1,5.552765131E-1,-2.767219543E-1,4.373795092E-1
2.649148027E1,5.949827433E-1,-2.046398520E-1,4.373795092E-1
2.649349943E1,6.352998614E-1,-1.221730486E-1,4.337143302E-1
2.649563208E1,6.505714655E-1,-8.002334833E-2,4.300491214E-1
2.649754685E1,6.829473376E-1,1.221730467E-2,4.092797041E-1
2.649954674E1,7.043276429E-1,1.123992056E-1,3.903428912E-1
2.650161650E1,7.128797174E-1,1.612684280E-1,3.775147200E-1
2.650365197E1,7.250970602E-1,2.669481039E-1,3.469714522E-1
2.650572166E1,7.269296646E-1,3.689626157E-1,3.200933933E-1
2.650775681E1,7.275404930E-1,4.202753007E-1,3.011565804E-1
2.650982593E1,7.208209634E-1,5.174028873E-1,2.626720667E-1
2.651185993E1,7.073819637E-1,6.084218025E-1,2.254092693E-1
2.651392151E1,6.957755089E-1,6.511823535E-1,2.052507252E-1
2.651592397E1,6.725626588E-1,7.299839854E-1,1.545489132E-1
2.651794608E1,6.407976151E-1,7.910705209E-1,1.166752651E-1
2.651998074E1,6.206390858E-1,8.191702962E-1,9.285151958E-2
2.652205004E1,5.815436840E-1,8.649851680E-1,4.337143153E-2
2.652408408E1,5.393940210E-1,8.936958313E-1,-3.054326167E-3
2.652615247E1,5.125159621E-1,9.010262489E-1,-2.260201424E-2
2.652818697E1,4.654793143E-1,9.095783234E-1,-7.208210230E-2
2.653025681E1,4.135557711E-1,9.028588533E-1,-1.099557430E-1
2.653229066E1,3.622430861E-1,8.845328689E-1,-1.521054506E-1
2.653430747E1,3.365867436E-1,8.698720932E-1,-1.685988009E-1
2.653638658E1,2.828305960E-1,8.313875794E-1,-1.985312104E-1
2.653840766E1,2.266310006E-1,7.843509912E-1,-2.229658216E-1
2.654044204E1,2.003637999E-1,7.568620443E-1,-2.327396572E-1
2.654251170E1,1.441642046E-1,6.951646209E-1,-2.425135076E-1
2.654454677E1,8.918632567E-2,6.279694438E-1,-2.547308207E-1
2.654661547E1,6.169738993E-2,5.937610269E-1,-2.553416789E-1
2.654865024E1,6.719517522E-3,5.192354321E-1,-2.541199327E-1
2.655071947E1,-4.764748737E-2,4.422664344E-1,-2.449569702E-1
2.655275447E1,-8.002334833E-2,4.043927789E-1,-2.425135076E-1
2.655486943E1,-1.337794960E-1,3.286454976E-1,-2.309070677E-1
2.655696124E1,-1.954768747E-1,2.547308207E-1,-2.174680233E-1
2.655887574E1,-2.205223590E-1,2.186897546E-1,-2.107485086E-1
2.656087535E1,-2.767219543E-1,1.527163088E-1,-1.924225539E-1
2.656294485E1,-3.298672438E-1,9.529497474E-2,-1.820378453E-1
2.656499385E1,-3.555235863E-1,6.414084882E-2,-1.771509200E-1
2.656704820E1,-4.037819207E-1,1.282817032E-2,-1.637118906E-1
2.656908239E1,-4.471533597E-1,-2.687807009E-2,-1.618792862E-1
2.657115093E1,-4.862487316E-1,-5.986479297E-2,-1.539380401E-1
2.657318616E1,-5.057964325E-1,-7.391469181E-2,-1.496619880E-1
2.657520508E1,-5.418374538E-1,-9.468411654E-2,-1.502728462E-1
2.657733839E1,-5.760459304E-1,-1.020144969E-1,-1.447750628E-1
2.657925374E1,-5.900958180E-1,-1.038470939E-1,-1.459967941E-1
2.658125347E1,-6.163630486E-1,-9.712757170E-2,-1.472185254E-1
2.658332254E1,-6.414085031E-1,-8.429940045E-2,-1.466076523E-1
2.658535747E1,-6.536257863E-1,-7.696902007E-2,-1.472185254E-1
2.658742662E1,-6.792821288E-1,-5.436700583E-2,-1.502728462E-1
2.658946108E1,-7.000515461E-1,-2.626720630E-2,-1.508837193E-1
2.659153077E1,-7.086036801E-1,-1.160643995E-2,-1.569923609E-1
2.659356516E1,-7.293730974E-1,2.138028294E-2,-1.600466967E-1
2.659568116E1,-7.452555895E-1,5.619960278E-2,-1.643227488E-1
2.659772000E1,-7.525860071E-1,7.391469181E-2,-1.649336219E-1
2.659974135E1,-7.641924024E-1,1.154535338E-1,-1.685988009E-1
2.660177604E1,-7.751879692E-1,1.557706445E-1,-1.679879427E-1
2.660384474E1,-7.819074988E-1,1.991420686E-1,-1.704314053E-1
2.660587935E1,-7.831292152E-1,2.199114859E-1,-1.698205322E-1
2.660794785E1,-7.819074988E-1,2.608394623E-1,-1.643227488E-1
2.660998254E1,-7.770205736E-1,2.932153046E-1,-1.624901593E-1
2.661205070E1,-7.764097452E-1,3.103195429E-1,-1.576032341E-1
2.661408589E1,-7.648032904E-1,3.396410644E-1,-1.527163088E-1
2.661610497E1,-7.489207983E-1,3.616322279E-1,-1.484402567E-1
2.661818377E1,-7.452555895E-1,3.744603992E-1,-1.417207420E-1
2.662020493E1,-7.257078886E-1,3.872885704E-1,-1.337794960E-1
2.662223970E1,-7.037167549E-1,3.964515328E-1,-1.246165112E-1
2.662430889E1,-6.957755089E-1,3.927863538E-1,-1.246165112E-1
2.662634304E1,-6.682865620E-1,3.885102868E-1,-1.148426682E-1
2.662841135E1,-6.432411075E-1,3.726277947E-1,-1.075122803E-1
2.663044650E1,-6.267477274E-1,3.622430861E-1,-1.032362282E-1
2.663251497E1,-5.943718553E-1,3.378084898E-1,-9.590584040E-2
2.663454958E1,-5.589417219E-1,3.005456924E-1,-8.918632567E-2
2.663666447E1,-5.229006410E-1,2.596177161E-1,-8.552113175E-2
2.663875643E1,-5.033529401E-1,2.370157093E-1,-8.002334833E-2
2.664067100E1,-4.599815309E-1,1.875356287E-1,-8.185594529E-2
2.664267062E1,-4.208861589E-1,1.362229437E-1,-8.246681094E-2
2.664473993E1,-4.013384581E-1,1.081231460E-1,-7.941248268E-2
2.664677412E1,-3.567453027E-1,5.436700583E-2,-8.124507964E-2
2.664884343E1,-3.097086847E-1,6.108652451E-4,-8.552113175E-2
2.665087816E1,-2.871066630E-1,-2.382374369E-2,-8.613199741E-2
2.665294704E1,-2.425135076E-1,-7.513642311E-2,-9.285151958E-2
2.665498131E1,-1.973094791E-1,-1.185078546E-1,-1.020144969E-1
2.665700458E1,-1.747074574E-1,-1.423316002E-1,-1.056796908E-1
2.665913708E1,-1.295034289E-1,-1.838704348E-1,-1.142318025E-1
2.666105254E1,-8.491026610E-2,-2.247984111E-1,-1.252273768E-1
2.666305097E1,-6.536258012E-2,-2.431243658E-1,-1.325577646E-1
2.666512035E1,-2.382374369E-2,-2.828305960E-1,-1.435533315E-1
2.666715450E1,1.466076635E-2,-3.176499307E-1,-1.563815027E-1
2.666922350E1,3.481931984E-2,-3.323107064E-1,-1.624901593E-1
2.667125804E1,7.208210230E-2,-3.597996235E-1,-1.789835095E-1
2.667332704E1,1.050688252E-1,-3.848451078E-1,-1.905899495E-1
2.667536112E1,1.227839142E-1,-3.952298164E-1,-2.009746730E-1
2.667742881E1,1.551597714E-1,-4.147774875E-1,-2.168571651E-1
2.667943054E1,1.893682331E-1,-4.288274050E-1,-2.333505303E-1
2.668145193E1,2.076941878E-1,-4.355469346E-1,-2.437352389E-1
2.668348739E1,2.388483137E-1,-4.453207552E-1,-2.590068579E-1
2.668555547E1,2.663372457E-1,-4.532620013E-1,-2.834414840E-1
2.668758989E1,2.968805134E-1,-4.489859641E-1,-3.048217595E-1
2.668965908E1,3.121521473E-1,-4.514294267E-1,-3.139847219E-1
2.669169312E1,3.384193480E-1,-4.440990388E-1,-3.378084898E-1
2.669376270E1,3.634648323E-1,-4.361577928E-1,-3.604104817E-1
2.669579727E1,3.775147200E-1,-4.306600094E-1,-3.732386529E-1
2.669782054E1,4.037819207E-1,-4.129449129E-1,-3.995058835E-1
2.669989970E1,4.276056588E-1,-3.909537494E-1,-4.251621962E-1
2.670192166E1,4.373795092E-1,-3.775147200E-1,-4.361577928E-1
2.670395662E1,4.581489265E-1,-3.488040566E-1,-4.654793143E-1
2.670602577E1,4.764748812E-1,-3.200933933E-1,-4.899139404E-1
2.670806062E1,4.844161272E-1,-3.054326177E-1,-5.015203953E-1
2.671008581E1,5.021312237E-1,-2.724458873E-1,-5.265658498E-1
2.671208581E1,5.137376785E-1,-2.388483137E-1,-5.540547967E-1
2.671415443E1,5.204572082E-1,-2.211332172E-1,-5.638286471E-1
2.671618885E1,5.302310586E-1,-1.869247705E-1,-5.888741016E-1
2.671830393E1,5.363397002E-1,-1.533271819E-1,-6.084218025E-1
2.672047366E1,5.400048494E-1,-1.191187203E-1,-6.291912198E-1
2.672234466E1,5.412266254E-1,-1.007927656E-1,-6.389650702E-1
2.672434450E1,5.461135507E-1,-6.658431143E-2,-6.585127115E-1
2.672641358E1,5.485569835E-1,-3.176499158E-2,-6.725626588E-1
2.672844762E1,5.461135507E-1,-9.162978269E-3,-6.792821288E-1
2.673051712E1,5.448917747E-1,2.504547499E-2,-6.908885837E-1
2.673255116E1,5.418374538E-1,6.841690838E-2,-7.000515461E-1
2.673462000E1,5.406157374E-1,8.491026610E-2,-7.012733221E-1
2.673665427E1,5.387831330E-1,1.240056455E-1,-7.092145681E-1
2.673867862E1,5.369505286E-1,1.606575549E-1,-7.067710757E-1
2.674081231E1,5.357288122E-1,1.765400618E-1,-7.079927921E-1
2.674272754E1,5.265658498E-1,2.076941878E-1,-7.073819637E-1
2.674472700E1,5.222898126E-1,2.333505303E-1,-6.988298297E-1
2.674679604E1,5.198463202E-1,2.455678284E-1,-6.969972253E-1
2.674883054E1,5.088507533E-1,2.669481039E-1,-6.853908300E-1
2.675089985E1,4.984660447E-1,2.852740586E-1,-6.731734872E-1
2.675293496E1,4.929682612E-1,2.919935882E-1,-6.658431292E-1
2.675500420E1,4.807509482E-1,3.060434759E-1,-6.511823535E-1
2.675703985E1,4.648684561E-1,3.139847219E-1,-6.291912198E-1
2.675915435E1,4.489859641E-1,3.213151097E-1,-6.078109145E-1
2.676119262E1,4.428772926E-1,3.231477141E-1,-6.004805565E-1
2.676321431E1,4.227187634E-1,3.170390725E-1,-5.754350424E-1
2.676524824E1,4.037819207E-1,3.127630055E-1,-5.522221923E-1
2.676731754E1,3.958406746E-1,3.060434759E-1,-5.369505286E-1
2.676935185E1,3.762930036E-1,2.956587672E-1,-5.137376785E-1
2.677142043E1,3.567453027E-1,2.803871334E-1,-4.844161272E-1
2.677345458E1,3.445279896E-1,2.736676335E-1,-4.703662395E-1
2.677552308E1,3.249803185E-1,2.547308207E-1,-4.440990388E-1
2.677755673E1,3.054326177E-1,2.388483137E-1,-4.159992337E-1
2.677957289E1,2.932153046E-1,2.247984111E-1,-4.001167417E-1
2.678165189E1,2.736676335E-1,2.034181207E-1,-3.689626157E-1
2.678367239E1,2.498438805E-1,1.795943826E-1,-3.433062732E-1
2.678570727E1,2.437352389E-1,1.667662114E-1,-3.268128932E-1
2.678777520E1,2.199114859E-1,1.392772794E-1,-2.993239760E-1
2.678980850E1,2.015855312E-1,1.148426682E-1,-2.712241709E-1
2.679187731E1,1.930334121E-1,9.651670605E-2,-2.602286041E-1
2.679391193E1,1.722639948E-1,6.597344577E-2,-2.321287990E-1
2.679597985E1,1.551597714E-1,3.176499158E-2,-2.083050460E-1
2.679801431E1,1.417207420E-1,-4.886921961E-3,-1.850921661E-1
2.680012862E1,1.313360333E-1,-2.871066704E-2,-1.734857261E-1
2.680222085E1,1.203404516E-1,-7.269296050E-2,-1.478293836E-1
2.680413585E1,1.081231460E-1,-1.185078546E-1,-1.246165112E-1
2.680613477E1,1.032362282E-1,-1.435533315E-1,-1.130100712E-1
2.680820354E1,9.651670605E-2,-1.887573600E-1,-9.529497474E-2
2.681023754E1,8.979719132E-2,-2.321287990E-1,-7.147123665E-2
2.681230643E1,9.101892263E-2,-2.522873580E-1,-6.597344577E-2
2.681434066E1,8.918632567E-2,-2.950479090E-1,-4.948008433E-2
2.681640881E1,8.918632567E-2,-3.329215646E-1,-3.787364438E-2
2.681844304E1,8.918632567E-2,-3.536909819E-1,-2.993239649E-2
2.682045970E1,8.918632567E-2,-3.860668242E-1,-2.199114859E-2
2.682259258E1,8.857546002E-2,-4.190535545E-1,-1.466076635E-2
2.682450716E1,8.857546002E-2,-4.343251884E-1,-1.527163107E-2
2.682650693E1,9.162978828E-2,-4.618141353E-1,-1.160643995E-2
2.682857543E1,9.040805697E-2,-4.831944108E-1,-1.099557430E-2
2.683060877E1,9.285151958E-2,-4.948008358E-1,-1.221730467E-2
2.683267700E1,9.590584040E-2,-5.100724697E-1,-1.099557430E-2
2.683471108E1,9.590584040E-2,-5.198463202E-1,-1.282817032E-2
2.683678000E1,9.773843735E-2,-5.235115290E-1,-1.221730467E-2
2.683881373E1,1.014036313E-1,-5.290092826E-1,-1.221730467E-2
2.684088308E1,1.050688252E-1,-5.283984542E-1,-1.893682219E-2
2.684288473E1,1.087340117E-1,-5.290092826E-1,-1.771509275E-2
2.684490566E1,1.093448773E-1,-5.271766782E-1,-1.771509275E-2
2.684693993E1,1.154535338E-1,-5.210680366E-1,-2.199114859E-2
2.684900897E1,1.197295859E-1,-5.143485069E-1,-2.321287990E-2
2.685104300E1,1.221730486E-1,-5.119050741E-1,-2.504547499E-2
2.685311131E1,1.307251602E-1,-4.984660447E-1,-2.809980139E-2
2.685514593E1,1.356120855E-1,-4.874704778E-1,-3.176499158E-2
2.685721381E1,1.423316002E-1,-4.795292318E-1,-3.420845419E-2
2.685924827E1,1.502728462E-1,-4.636467099E-1,-3.909537569E-2
2.686127158E1,1.588249654E-1,-4.471533597E-1,-4.092797264E-2
2.686334962E1,1.618792862E-1,-4.379903674E-1,-4.642575979E-2
2.686537043E1,1.728748679E-1,-4.184426963E-1,-4.825835302E-2
2.686740389E1,1.814269722E-1,-3.995058835E-1,-5.314527452E-2
2.686947239E1,1.850921661E-1,-3.891211748E-1,-5.314527452E-2
2.687150550E1,1.954768747E-1,-3.677408695E-1,-5.925392732E-2
2.687357377E1,2.021963894E-1,-3.445279896E-1,-6.108652428E-2
2.687560739E1,2.095267773E-1,-3.335324228E-1,-6.230825558E-2
2.687767577E1,2.156354338E-1,-3.078760803E-1,-6.475171447E-2
2.687970954E1,2.223549485E-1,-2.828305960E-1,-6.841690838E-2
2.688182570E1,2.290744632E-1,-2.596177161E-1,-6.902777404E-2
2.688391777E1,2.315179259E-1,-2.467895597E-1,-7.024950534E-2
2.688583273E1,2.370157093E-1,-2.193006277E-1,-7.024950534E-2
2.688783143E1,2.455678284E-1,-1.960877478E-1,-7.269296050E-2
2.688989985E1,2.486221492E-1,-1.808161139E-1,-7.269296050E-2
2.689193331E1,2.541199327E-1,-1.527163088E-1,-6.963863969E-2
2.689400173E1,2.596177161E-1,-1.252273768E-1,-7.269296050E-2
2.689603427E1,2.626720667E-1,-1.123992056E-1,-7.086037099E-2
2.689810393E1,2.651155293E-1,-8.552113175E-2,-6.963863969E-2
2.690013758E1,2.712241709E-1,-5.986479297E-2,-6.536258012E-2
2.690217123E1,2.706133127E-1,-4.703662544E-2,-6.352998316E-2
2.690430396E1,2.730567753E-1,-1.954768784E-2,-5.986479297E-2
2.690621862E1,2.730567753E-1,3.665191587E-3,-5.253441259E-2
2.690821735E1,2.724458873E-1,1.588249579E-2,-5.192354694E-2
2.691028612E1,2.742784917E-1,4.092797264E-2,-5.009094998E-2
2.691232035E1,2.718350291E-1,6.230825558E-2,-4.337143153E-2
2.691438943E1,2.724458873E-1,7.330382615E-2,-3.726277873E-2
2.691642393E1,2.681698501E-1,9.712757170E-2,-3.054326214E-2
2.691849196E1,2.681698501E-1,1.154535338E-1,-2.260201424E-2
2.692052689E1,2.663372457E-1,1.331686229E-1,-1.588249579E-2
2.692257704E1,2.687807083E-1,1.423316002E-1,-1.160643995E-2
2.692458096E1,2.693915665E-1,1.612684280E-1,-5.497787148E-3
2.692660262E1,2.706133127E-1,1.734857261E-1,4.886921961E-3
2.692863689E1,2.755002379E-1,1.826487035E-1,9.162978269E-3
2.693070550E1,2.761110961E-1,1.966986060E-1,2.199114859E-2
2.693273920E1,2.834414840E-1,2.083050460E-1,3.298672289E-2
2.693480716E1,2.864958048E-1,2.138028294E-1,4.092797264E-2
2.693684108E1,2.932153046E-1,2.266310006E-1,5.070181563E-2
2.693890893E1,2.974913716E-1,2.333505303E-1,6.230825558E-2
2.694094212E1,2.999348342E-1,2.388483137E-1,7.086037099E-2
2.694297427E1,3.036000133E-1,2.474004179E-1,8.674286306E-2
2.694505096E1,3.109304011E-1,2.510656118E-1,1.001819000E-1
2.694707177E1,3.145956099E-1,2.547308207E-1,1.044579595E-1
2.694910512E1,3.176499307E-1,2.596177161E-1,1.227839142E-1
2.695117300E1,3.225368559E-1,2.608394623E-1,1.362229437E-1
2.695320658E1,3.255911767E-1,2.638937831E-1,1.435533315E-1
2.695522931E1,3.298672438E-1,2.669481039E-1,1.612684280E-1
2.695722796E1,3.371976018E-1,2.663372457E-1,1.734857261E-1
2.695929558E1,3.426954150E-1,2.669481039E-1,1.771509200E-1
2.696132885E1,3.481931984E-1,2.657263875E-1,1.924225539E-1
2.696344331E1,3.579670191E-1,2.626720667E-1,2.009746730E-1
2.696561270E1,3.634648323E-1,2.602286041E-1,2.168571651E-1
2.696748289E1,3.707951903E-1,2.577851415E-1,2.223549485E-1
2.696948231E1,3.817907870E-1,2.492330223E-1,2.290744632E-1
2.697155085E1,3.891211748E-1,2.382374406E-1,2.419026345E-1
2.697360016E1,3.988949955E-1,2.333505303E-1,2.449569702E-1
2.697565385E1,4.092797041E-1,2.162462920E-1,2.535090744E-1
2.697768800E1,4.202753007E-1,1.985312104E-1,2.632829249E-1
2.697975739E1,4.257730842E-1,1.881465018E-1,2.681698501E-1
2.698179239E1,4.373795092E-1,1.631010175E-1,2.730567753E-1
2.698381200E1,4.502076805E-1,1.380555481E-1,2.822197378E-1
2.698594562E1,4.557054639E-1,1.258382350E-1,2.864958048E-1
2.698786043E1,4.660901725E-1,9.834930301E-2,2.864958048E-1
2.698985889E1,4.783074856E-1,6.963863969E-2,2.956587672E-1
2.699192773E1,4.801400900E-1,5.742133409E-2,2.981022298E-1
2.699396239E1,4.886921942E-1,2.748893574E-2,2.999348342E-1
2.699603112E1,4.972442985E-1,-2.443460980E-3,3.036000133E-1
2.699806520E1,5.002986193E-1,-1.771509275E-2,3.097086847E-1
2.700013323E1,5.057964325E-1,-4.825835302E-2,3.042109013E-1
2.700216720E1,5.082398653E-1,-8.246681094E-2,3.090978265E-1
2.700424350E1,5.076290369E-1,-1.160643995E-1,3.066543639E-1
2.700624554E1,5.076290369E-1,-1.325577646E-1,3.029891551E-1
2.700826635E1,5.076290369E-1,-1.685988009E-1,3.011565804E-1
2.701030077E1,5.027421117E-1,-2.021963894E-1,2.968805134E-1
2.701236973E1,4.996877611E-1,-2.174680233E-1,2.907718420E-1
2.701440489E1,4.941899776E-1,-2.480112910E-1,2.871066630E-1
2.701647446E1,4.831944108E-1,-2.755002379E-1,2.809980214E-1
2.701850920E1,4.758640230E-1,-2.907718420E-1,2.748893499E-1
2.702057812E1,4.648684561E-1,-3.139847219E-1,2.687807083E-1
2.702261277E1,4.489859641E-1,-3.323107064E-1,2.541199327E-1
2.702463004E1,4.404338300E-1,-3.433062732E-1,2.461786866E-1
2.702670873E1,4.245513380E-1,-3.597996235E-1,2.327396572E-1
2.702873081E1,4.043927789E-1,-3.781255782E-1,2.156354338E-1
2.703076539E1,3.921754956E-1,-3.860668242E-1,2.021963894E-1
2.703283504E1,3.683517575E-1,-4.025602043E-1,1.802052408E-1
2.703486923E1,3.439171314E-1,-4.153883755E-1,1.508837193E-1
2.703693854E1,3.323107064E-1,-4.233296216E-1,1.288925707E-1
2.703897308E1,3.042109013E-1,-4.355469346E-1,9.773843735E-2
2.704104123E1,2.773328125E-1,-4.367686510E-1,5.314527452E-2
2.704307608E1,2.498438805E-1,-4.312708676E-1,3.054326167E-3
2.704519104E1,2.333505303E-1,-4.276056588E-1,-1.893682219E-2
2.704729946E1,2.089159191E-1,-4.105014503E-1,-6.902777404E-2
2.704921431E1,1.814269722E-1,-3.878994286E-1,-1.288925707E-1
2.705121443E1,1.692096740E-1,-3.683517575E-1,-1.594358236E-1
2.705328285E1,1.472185254E-1,-3.292563558E-1,-2.144137025E-1
2.705531704E1,1.233947799E-1,-2.791654170E-1,-2.706133127E-1
2.705738554E1,1.154535338E-1,-2.480112910E-1,-2.968805134E-1
2.705941923E1,1.007927656E-1,-1.820378453E-1,-3.506366611E-1
2.706148823E1,8.735372871E-2,-1.087340117E-1,-3.988949955E-1
2.706352227E1,8.307767659E-2,-6.902777404E-2,-4.190535545E-1
2.706553927E1,7.513642311E-2,1.710422710E-2,-4.563163519E-1
2.706767112E1,7.452555746E-2,1.062905490E-1,-4.838052690E-1
2.706958539E1,7.269296050E-2,1.521054506E-1,-4.886921942E-1
2.707158427E1,7.635815442E-2,2.492330223E-1,-5.033529401E-1
2.707365281E1,8.307767659E-2,3.512475193E-1,-5.045747161E-1
2.707568712E1,9.040805697E-2,4.019493461E-1,-5.009095073E-1
2.707775512E1,9.957103431E-2,5.021312237E-1,-4.856378734E-1
2.707978893E1,1.215621829E-1,6.004805565E-1,-4.624249935E-1
2.708185754E1,1.295034289E-1,6.444628239E-1,-4.416555762E-1
2.708389227E1,1.569923609E-1,7.330383062E-1,-4.074471295E-1
2.708600623E1,1.899790913E-1,8.136724830E-1,-3.610213697E-1
2.708804431E1,2.290744632E-1,8.796459436E-1,-3.164281845E-1
2.709006531E1,2.492330223E-1,9.065240026E-1,-2.932153046E-1
2.709209931E1,2.877175212E-1,9.511171579E-1,-2.400700450E-1
2.709416854E1,3.298672438E-1,9.761626720E-1,-1.863138974E-1
2.709620150E1,3.488040566E-1,9.822713137E-1,-1.631010175E-1
2.709827081E1,3.866777122E-1,9.767735004E-1,-1.160643995E-1
2.710030435E1,4.178318381E-1,9.486737251E-1,-6.536258012E-2
2.710237285E1,4.312708676E-1,9.236282706E-1,-4.642575979E-2
2.710440596E1,4.514294267E-1,8.631525636E-1,-7.941247895E-3
2.710642366E1,4.618141353E-1,7.770205736E-1,2.687807009E-2
2.710850043E1,4.660901725E-1,7.238753438E-1,4.276056588E-2
2.711052135E1,4.599815309E-1,6.053674817E-1,6.291911751E-2
2.711255470E1,4.453207552E-1,4.709770977E-1,8.124507964E-2
2.711462270E1,4.386012554E-1,4.001167417E-1,8.246681094E-2
2.711665673E1,4.147774875E-1,2.467895597E-1,8.491026610E-2
2.711872512E1,3.891211748E-1,9.162978828E-2,7.513642311E-2
2.712075839E1,3.591887653E-1,-6.352998316E-2,5.558873713E-2
2.712282723E1,3.426954150E-1,-1.411098689E-1,4.092797264E-2
2.712486131E1,3.084869385E-1,-2.877175212E-1,6.108652335E-3
2.712697639E1,2.755002379E-1,-4.184426963E-1,-3.543018550E-2
2.712906881E1,2.583959997E-1,-4.807509482E-1,-6.230825558E-2
2.713098373E1,2.247984111E-1,-5.864306092E-1,-1.166752651E-1
2.713298216E1,1.930334121E-1,-6.707300544E-1,-1.747074574E-1
2.713505035E1,1.753183305E-1,-7.073819637E-1,-2.070833147E-1
2.713708439E1,1.411098689E-1,-7.605272532E-1,-2.712241709E-1
2.713915266E1,1.069014147E-1,-7.935139537E-1,-3.341432810E-1
2.714118700E1,8.613199741E-2,-8.002334833E-1,-3.665191531E-1
2.714325546E1,4.948008433E-2,-8.045095205E-1,-4.324925840E-1
2.714528946E1,7.330383174E-3,-7.935139537E-1,-4.960225821E-1
2.714730566E1,-9.773843922E-3,-7.794640660E-1,-5.277875662E-1
2.714943781E1,-5.070181563E-2,-7.446447611E-1,-5.870414972E-1
2.715135246E1,-8.857546002E-2,-6.982190013E-1,-6.420193911E-1
2.715335158E1,-1.056796908E-1,-6.682865620E-1,-6.707300544E-1
2.715542027E1,-1.392772794E-1,-6.072000265E-1,-7.177666426E-1
2.715745366E1,-1.667662114E-1,-5.393940210E-1,-7.580837607E-1
2.715952304E1,-1.893682331E-1,-4.642575979E-1,-7.892379165E-1
2.716155635E1,-1.966986060E-1,-4.269948006E-1,-8.069530129E-1
2.716362566E1,-2.058615834E-1,-3.500257730E-1,-8.258898258E-1
2.716565966E1,-2.101376504E-1,-2.700024247E-1,-8.374962807E-1
2.716772008E1,-2.083050460E-1,-2.296853364E-1,-8.399397135E-1
2.716972150E1,-1.973094791E-1,-1.539380401E-1,-8.362745047E-1
2.717174285E1,-1.826487035E-1,-7.757988572E-2,-8.240572214E-1
2.717377646E1,-1.734857261E-1,-4.153883830E-2,-8.124507666E-1
2.717584473E1,-1.496619880E-1,2.626720630E-2,-7.831292152E-1
2.717787862E1,-1.246165112E-1,9.101892263E-2,-7.483099103E-1
2.717994696E1,-1.099557430E-1,1.209513173E-1,-7.293730974E-1
2.718198127E1,-7.941248268E-2,1.808161139E-1,-6.786713004E-1
2.718405023E1,-5.192354694E-2,2.376265824E-1,-6.273586154E-1
2.718608431E1,-3.848451003E-2,2.657263875E-1,-5.980370641E-1
2.718810027E1,-9.773843922E-3,3.219259977E-1,-5.400048494E-1
2.719017873E1,1.710422710E-2,3.738495409E-1,-4.844161272E-1
2.719220008E1,2.809980139E-2,3.982841372E-1,-4.575380683E-1
2.719423481E1,4.825835302E-2,4.428772926E-1,-3.958406746E-1
2.719630419E1,6.658431143E-2,4.813618064E-1,-3.433062732E-1
2.719833831E1,7.269296050E-2,4.978551865E-1,-3.188716471E-1
2.720036312E1,8.857546002E-2,5.247332454E-1,-2.706133127E-1
2.720236316E1,9.712757170E-2,5.448917747E-1,-2.290744632E-1
2.720443131E1,1.069014147E-1,5.564982295E-1,-1.918116808E-1
2.720646585E1,1.123992056E-1,5.632177591E-1,-1.740965992E-1
2.720858093E1,1.191187203E-1,5.619960427E-1,-1.459967941E-1
2.721075069E1,1.233947799E-1,5.546656251E-1,-1.197295859E-1
2.721262077E1,1.270599663E-1,5.485569835E-1,-1.050688252E-1
2.721462000E1,1.307251602E-1,5.338962078E-1,-9.101892263E-2
2.721668881E1,1.343903542E-1,5.180137157E-1,-7.269296050E-2
2.721872327E1,1.356120855E-1,5.051855445E-1,-6.658431143E-2
2.722079216E1,1.386664063E-1,4.831944108E-1,-6.108652428E-2
2.722282658E1,1.441642046E-1,4.593706727E-1,-5.803219974E-2
2.722489558E1,1.447750628E-1,4.483750761E-1,-5.314527452E-2
2.722692973E1,1.472185254E-1,4.221078753E-1,-5.558873713E-2
2.722894916E1,1.502728462E-1,4.001167417E-1,-5.742133409E-2
2.723108546E1,1.521054506E-1,3.885102868E-1,-5.558873713E-2
2.723299177E1,1.545489132E-1,3.659082949E-1,-6.230825558E-2
2.723499196E1,1.551597714E-1,3.475823104E-1,-6.536258012E-2
2.723706043E1,1.563815027E-1,3.378084898E-1,-7.024950534E-2
2.723909550E1,1.569923609E-1,3.219259977E-1,-7.757988572E-2
2.724116427E1,1.582140923E-1,3.103195429E-1,-8.796459436E-2
2.724319904E1,1.569923609E-1,3.023782969E-1,-9.101892263E-2
2.724526739E1,1.569923609E-1,2.889392674E-1,-1.007927656E-1
2.724730139E1,1.569923609E-1,2.779437006E-1,-1.130100712E-1
2.724941558E1,1.539380401E-1,2.614503205E-1,-1.240056455E-1
2.725145312E1,1.551597714E-1,2.577851415E-1,-1.295034289E-1
2.725347404E1,1.551597714E-1,2.388483137E-1,-1.411098689E-1
2.725550708E1,1.563815027E-1,2.217440903E-1,-1.551597714E-1
2.725757623E1,1.514945775E-1,2.113593817E-1,-1.612684280E-1
2.725961004E1,1.551597714E-1,1.924225539E-1,-1.710422635E-1
2.726167858E1,1.582140923E-1,1.692096740E-1,-1.838704348E-1
2.726371219E1,1.624901593E-1,1.588249654E-1,-1.887573600E-1
2.726578108E1,1.667662114E-1,1.325577646E-1,-1.966986060E-1
2.726781496E1,1.728748679E-1,1.069014147E-1,-2.064724565E-1
2.726983777E1,1.753183305E-1,9.040805697E-2,-2.101376504E-1
2.727191600E1,1.850921661E-1,5.986479297E-2,-2.144137025E-1
2.727393681E1,1.930334121E-1,2.809980139E-2,-2.156354338E-1
2.727597085E1,1.960877478E-1,1.221730467E-2,-2.150245607E-1
2.727803900E1,2.076941878E-1,-1.832595654E-2,-2.168571651E-1
2.728007346E1,2.168571651E-1,-4.825835302E-2,-2.138028294E-1
2.728214181E1,2.241875380E-1,-7.880161703E-2,-2.064724565E-1
2.728417635E1,2.266310006E-1,-9.346238524E-2,-2.021963894E-1
2.728624473E1,2.339613885E-1,-1.215621829E-1,-1.918116808E-1
2.728827927E1,2.400700450E-1,-1.502728462E-1,-1.795943826E-1
2.729039373E1,2.412917763E-1,-1.643227488E-1,-1.716531366E-1
2.729248612E1,2.486221492E-1,-1.899790913E-1,-1.551597714E-1
2.729440204E1,2.504547536E-1,-2.186897546E-1,-1.307251602E-1
2.729640146E1,2.547308207E-1,-2.296853364E-1,-1.191187203E-1
2.729847035E1,2.541199327E-1,-2.541199327E-1,-9.468411654E-2
2.730050485E1,2.553416789E-1,-2.736676335E-1,-6.352998316E-2
2.730257366E1,2.535090744E-1,-2.858849466E-1,-4.764748737E-2
2.730460766E1,2.516764700E-1,-3.066543639E-1,-1.649336144E-2
2.730667616E1,2.461786866E-1,-3.243694305E-1,1.588249579E-2
2.730871100E1,2.412917763E-1,-3.347541690E-1,3.420845419E-2
2.731073685E1,2.345722616E-1,-3.500257730E-1,6.902777404E-2
2.731286989E1,2.229658216E-1,-3.652974069E-1,1.056796908E-1
2.731478500E1,2.168571651E-1,-3.695734739E-1,1.258382350E-1
2.731678489E1,2.034181207E-1,-3.805690408E-1,1.594358236E-1
2.731885404E1,1.869247705E-1,-3.897320330E-1,1.979203373E-1
2.732088900E1,1.649336219E-1,-3.988949955E-1,2.351831198E-1
2.732295869E1,1.563815027E-1,-4.031710625E-1,2.535090744E-1
2.732499296E1,1.350012124E-1,-4.050036669E-1,2.889392674E-1
2.732706250E1,1.056796908E-1,-4.111123085E-1,3.255911767E-1
2.732909704E1,9.101892263E-2,-4.129449129E-1,3.408628106E-1
2.733115877E1,5.864306539E-2,-4.178318381E-1,3.720169365E-1
2.733316050E1,1.649336144E-2,-4.239404798E-1,4.019493461E-1
2.733518173E1,-4.886921961E-3,-4.251621962E-1,4.147774875E-1
2.733721666E1,-4.459316283E-2,-4.227187634E-1,4.349360466E-1
2.733928535E1,-9.468411654E-2,-4.178318381E-1,4.575380683E-1
2.734132004E1,-1.209513173E-1,-4.123340547E-1,4.691445231E-1
2.734338877E1,-1.722639948E-1,-3.970624208E-1,4.893030524E-1
2.734542362E1,-2.272418737E-1,-3.750712574E-1,5.057964325E-1
2.734749285E1,-2.547308207E-1,-3.616322279E-1,5.125159621E-1
2.734952723E1,-3.097086847E-1,-3.286454976E-1,5.277875662E-1
2.735154358E1,-3.695734739E-1,-2.846632004E-1,5.393940210E-1
2.735362289E1,-3.964515328E-1,-2.626720667E-1,5.375614166E-1
2.735564373E1,-4.538728893E-1,-2.107485086E-1,5.473352671E-1
2.735767781E1,-5.125159621E-1,-1.533271819E-1,5.552765131E-1
2.735974677E1,-5.674937963E-1,-8.857546002E-2,5.534439087E-1
2.736178196E1,-5.980370641E-1,-5.803219974E-2,5.577199459E-1
2.736385043E1,-6.511823535E-1,1.282817032E-2,5.619960427E-1
2.736588489E1,-7.012733221E-1,8.246681094E-2,5.558874011E-1
2.736795393E1,-7.257078886E-1,1.203404516E-1,5.601634383E-1
2.736998800E1,-7.690793276E-1,1.918116808E-1,5.626068711E-1
2.737210269E1,-8.075638413E-1,2.638937831E-1,5.619960427E-1
2.737419566E1,-8.265006542E-1,2.974913716E-1,5.601634383E-1
2.737611019E1,-8.582656980E-1,3.622430861E-1,5.638286471E-1
2.737810900E1,-8.869763613E-1,4.202753007E-1,5.619960427E-1
2.738017781E1,-8.979719281E-1,4.477642179E-1,5.638286471E-1
2.738222704E1,-9.187413454E-1,4.941899776E-1,5.589417219E-1
2.738428062E1,-9.346238375E-1,5.296201706E-1,5.546656251E-1
2.738631435E1,-9.425650835E-1,5.467243791E-1,5.534439087E-1
2.738838266E1,-9.529497623E-1,5.736024380E-1,5.503895879E-1
2.739041596E1,-9.602801800E-1,5.937610269E-1,5.467243791E-1
2.739243292E1,-9.602801800E-1,6.017022729E-1,5.393940210E-1
2.739456539E1,-9.621127844E-1,6.114761233E-1,5.375614166E-1
2.739648039E1,-9.572258592E-1,6.200281978E-1,5.314527750E-1
2.739847935E1,-9.511171579E-1,6.200281978E-1,5.277875662E-1
2.740054800E1,-9.413433671E-1,6.169738770E-1,5.241223574E-1
2.740258223E1,-9.260717034E-1,6.065891981E-1,5.137376785E-1
2.740465092E1,-9.046914577E-1,5.907067060E-1,5.094616413E-1
2.740668508E1,-8.949176073E-1,5.797111392E-1,5.057964325E-1
2.740875408E1,-8.662069440E-1,5.540547967E-1,4.954117239E-1
2.741078842E1,-8.399397135E-1,5.241223574E-1,4.905247986E-1
2.741290339E1,-8.234463334E-1,5.064072609E-1,4.874704778E-1
2.741494166E1,-7.910705209E-1,4.721988440E-1,4.740314186E-1
2.741696266E1,-7.568620443E-1,4.312708676E-1,4.667010605E-1
2.741899627E1,-7.379252315E-1,4.111123085E-1,4.599815309E-1
2.742106558E1,-7.012733221E-1,3.659082949E-1,4.483750761E-1
2.742309942E1,-6.640105247E-1,3.188716471E-1,4.477642179E-1
2.742516846E1,-6.432411075E-1,2.950479090E-1,4.422664344E-1
2.742720266E1,-6.029239893E-1,2.455678284E-1,4.300491214E-1
2.742927123E1,-5.644394755E-1,1.942551434E-1,4.251621962E-1
2.743130508E1,-5.253441334E-1,1.429424733E-1,4.153883755E-1
2.743332131E1,-5.100724697E-1,1.185078546E-1,4.123340547E-1
2.743539981E1,-4.721988440E-1,6.658431143E-2,4.062253833E-1
2.743742104E1,-4.355469346E-1,1.771509275E-2,3.988949955E-1
2.743945504E1,-4.172209501E-1,-6.108652335E-3,3.933972120E-1
2.744152412E1,-3.848451078E-1,-5.436700583E-2,3.891211748E-1
2.744355819E1,-3.524692357E-1,-1.014036313E-1,3.805690408E-1
2.744558346E1,-3.378084898E-1,-1.215621829E-1,3.762930036E-1
2.744758169E1,-3.054326177E-1,-1.667662114E-1,3.628539443E-1
2.744965008E1,-2.834414840E-1,-2.107485086E-1,3.524692357E-1
2.745168381E1,-2.712241709E-1,-2.284636050E-1,3.445279896E-1
2.745379939E1,-2.498438805E-1,-2.687807083E-1,3.298672438E-1
2.745596958E1,-2.321287990E-1,-3.048217595E-1,3.072652221E-1
2.745784066E1,-2.223549485E-1,-3.231477141E-1,2.968805134E-1
2.745983973E1,-2.101376504E-1,-3.555235863E-1,2.742784917E-1
2.746190819E1,-1.960877478E-1,-3.909537494E-1,2.486221492E-1
2.746394196E1,-1.936442852E-1,-4.062253833E-1,2.345722616E-1
2.746601027E1,-1.857030392E-1,-4.379903674E-1,2.064724565E-1
2.746804389E1,-1.802052408E-1,-4.703662395E-1,1.765400618E-1
2.747011304E1,-1.771509200E-1,-4.856378734E-1,1.606575549E-1
2.747214639E1,-1.747074574E-1,-5.112941861E-1,1.307251602E-1
2.747417019E1,-1.777617931E-1,-5.363397002E-1,1.026253626E-1
2.747630239E1,-1.740965992E-1,-5.522221923E-1,7.635815442E-2
2.747821581E1,-1.771509200E-1,-5.540547967E-1,6.169738993E-2
2.748021550E1,-1.826487035E-1,-5.656611919E-1,3.726277873E-2
2.748228377E1,-1.844813079E-1,-5.674937963E-1,1.466076635E-2
2.748431773E1,-1.875356287E-1,-5.650503635E-1,6.108652335E-3
2.748638658E1,-1.924225539E-1,-5.558874011E-1,-1.710422710E-2
2.748842012E1,-1.985312104E-1,-5.387831330E-1,-3.665191308E-2
2.749048839E1,-2.009746730E-1,-5.326744914E-1,-4.276056588E-2
2.749252242E1,-2.064724565E-1,-5.137376785E-1,-5.803219974E-2
2.749458912E1,-2.138028294E-1,-4.935791194E-1,-7.330382615E-2
2.749659016E1,-2.199114859E-1,-4.807509482E-1,-7.269296050E-2
2.749861119E1,-2.260201424E-1,-4.544837475E-1,-8.368854225E-2
2.750064585E1,-2.333505303E-1,-4.251621962E-1,-9.224065393E-2
2.750271592E1,-2.364048511E-1,-4.105014503E-1,-9.468411654E-2
2.750474954E1,-2.431243658E-1,-3.811798990E-1,-1.026253626E-1
2.750681804E1,-2.522873580E-1,-3.463605940E-1,-1.050688252E-1
2.750885131E1,-2.559525371E-1,-3.280346394E-1,-1.044579595E-1
2.751092000E1,-2.626720667E-1,-2.901609838E-1,-1.044579595E-1
2.751295319E1,-2.706133127E-1,-2.467895597E-1,-1.038470939E-1
2.751497616E1,-2.724458873E-1,-2.266310006E-1,-1.007927656E-1
2.751705408E1,-2.773328125E-1,-1.826487035E-1,-9.468411654E-2
2.751907500E1,-2.840523422E-1,-1.374446750E-1,-8.674286306E-2
2.752110931E1,-2.877175212E-1,-9.346238524E-2,-7.574728876E-2
2.752317781E1,-2.913827300E-1,-7.391469181E-2,-7.208210230E-2
2.752521200E1,-2.968805134E-1,-3.237585723E-2,-5.986479297E-2
2.752728050E1,-3.029891551E-1,9.773843922E-3,-4.459316283E-2
2.752931496E1,-3.072652221E-1,2.565634064E-2,-3.787364438E-2
2.753138312E1,-3.133738637E-1,6.169738993E-2,-2.443460934E-2
2.753341746E1,-3.164281845E-1,9.285151958E-2,-1.038470957E-2
2.753553185E1,-3.182607889E-1,1.111774743E-1,-1.832595794E-3
2.753762458E1,-3.255911767E-1,1.417207420E-1,9.773843922E-3
2.753953146E1,-3.316998184E-1,1.692096740E-1,2.076941915E-2
2.754153077E1,-3.329215646E-1,1.820378453E-1,2.321287990E-2
2.754359869E1,-3.390302062E-1,2.064724565E-1,3.359758854E-2
2.754563292E1,-3.402519524E-1,2.290744632E-1,4.214970022E-2
2.754770154E1,-3.475823104E-1,2.376265824E-1,4.825835302E-2
2.754973562E1,-3.488040566E-1,2.583959997E-1,5.375614017E-2
2.755180419E1,-3.561344445E-1,2.730567753E-1,5.742133409E-2
2.755383792E1,-3.604104817E-1,2.858849466E-1,6.169738993E-2
2.755586923E1,-3.628539443E-1,2.907718420E-1,6.230825558E-2
2.755800254E1,-3.695734739E-1,2.999348342E-1,6.352998316E-2
2.755991681E1,-3.762930036E-1,3.060434759E-1,6.597344577E-2
2.756191666E1,-3.799581826E-1,3.078760803E-1,6.108652428E-2
2.756398558E1,-3.830125034E-1,3.115412891E-1,5.681046844E-2
2.756602008E1,-3.897320330E-1,3.158173263E-1,5.497787148E-2
2.756808919E1,-3.927863538E-1,3.164281845E-1,5.009094998E-2
2.757012273E1,-3.982841372E-1,3.176499307E-1,3.970624134E-2
2.757219166E1,-4.031710625E-1,3.164281845E-1,3.176499158E-2
2.757422527E1,-4.050036669E-1,3.158173263E-1,2.809980139E-2
2.757633962E1,-4.098905921E-1,3.127630055E-1,1.466076635E-2
2.757837731E1,-4.123340547E-1,3.090978265E-1,-1.221730490E-3
2.758039850E1,-4.178318381E-1,3.121521473E-1,-9.773843922E-3
2.758243304E1,-4.196644127E-1,3.078760803E-1,-2.565634064E-2
2.758450104E1,-4.257730842E-1,3.066543639E-1,-4.337143153E-2
2.758653573E1,-4.263839424E-1,3.054326177E-1,-5.314527452E-2
2.758860508E1,-4.312708676E-1,3.011565804E-1,-7.024950534E-2
2.759063992E1,-4.373795092E-1,2.974913716E-1,-9.162978828E-2
2.759270804E1,-4.404338300E-1,2.883284092E-1,-1.081231460E-1
2.759474273E1,-4.440990388E-1,2.828305960E-1,-1.166752651E-1
2.759676315E1,-4.538728893E-1,2.724458873E-1,-1.411098689E-1
2.759884088E1,-4.605923891E-1,2.577851415E-1,-1.582140923E-1
2.760086192E1,-4.660901725E-1,2.504547536E-1,-1.734857261E-1
2.760289577E1,-4.764748812E-1,2.296853364E-1,-1.924225539E-1
2.760496346E1,-4.880813360E-1,2.034181207E-1,-2.144137025E-1
2.760699692E1,-4.941899776E-1,1.881465018E-1,-2.229658216E-1
2.760906542E1,-5.088507533E-1,1.588249654E-1,-2.461786866E-1
2.761109946E1,-5.192354321E-1,1.295034289E-1,-2.651155293E-1
2.761316781E1,-5.259549618E-1,1.099557430E-1,-2.773328125E-1
2.761520150E1,-5.369505286E-1,8.124507964E-2,-2.956587672E-1
2.761725027E1,-5.479460955E-1,5.070181563E-2,-3.097086847E-1
2.761934227E1,-5.516113043E-1,3.604105115E-2,-3.188716471E-1
2.762124785E1,-5.601634383E-1,6.108652335E-3,-3.316998184E-1
2.762324723E1,-5.693264008E-1,-2.321287990E-2,-3.451388776E-1
2.762531492E1,-5.711590052E-1,-3.726277873E-2,-3.543018401E-1
2.762734923E1,-5.772676468E-1,-6.841690838E-2,-3.616322279E-1
2.762941712E1,-5.821545720E-1,-9.896016866E-2,-3.695734739E-1
2.763145158E1,-5.833762884E-1,-1.117883399E-1,-3.750712574E-1
2.763352035E1,-5.852088928E-1,-1.392772794E-1,-3.787364662E-1
2.763555385E1,-5.852088928E-1,-1.685988009E-1,-3.854559660E-1
2.763758485E1,-5.815436840E-1,-1.924225539E-1,-3.909537494E-1
2.763971796E1,-5.778785348E-1,-2.058615834E-1,-3.909537494E-1
2.764163469E1,-5.723807216E-1,-2.296853364E-1,-3.940080702E-1
2.764363381E1,-5.638286471E-1,-2.498438805E-1,-3.940080702E-1
2.764570300E1,-5.595525503E-1,-2.638937831E-1,-3.952298164E-1
2.764773669E1,-5.442809463E-1,-2.761110961E-1,-3.964515328E-1
2.764980565E1,-5.283984542E-1,-2.913827300E-1,-3.872885704E-1
2.765184012E1,-5.192354321E-1,-2.944370508E-1,-3.824016452E-1
2.765390892E1,-4.996877611E-1,-3.029891551E-1,-3.750712574E-1
2.765594296E1,-4.776966274E-1,-3.066543639E-1,-3.604104817E-1
2.765800385E1,-4.667010605E-1,-3.072652221E-1,-3.512475193E-1
2.766000608E1,-4.386012554E-1,-3.017674387E-1,-3.365867436E-1
2.766202831E1,-4.105014503E-1,-2.932153046E-1,-3.139847219E-1
2.766406162E1,-3.946189582E-1,-2.871066630E-1,-2.999348342E-1
2.766612988E1,-3.640756905E-1,-2.718350291E-1,-2.742784917E-1
2.766816450E1,-3.286454976E-1,-2.516764700E-1,-2.419026345E-1
2.767023208E1,-3.084869385E-1,-2.370157093E-1,-2.266310006E-1
2.767226700E1,-2.706133127E-1,-2.144137025E-1,-1.899790913E-1
2.767433531E1,-2.309070677E-1,-1.857030392E-1,-1.508837193E-1
2.767636923E1,-2.101376504E-1,-1.740965992E-1,-1.264491081E-1
2.767838508E1,-1.637118906E-1,-1.417207420E-1,-8.491026610E-2
2.768046342E1,-1.185078546E-1,-1.087340117E-1,-3.787364438E-2
2.768248473E1,-7.086037099E-2,-7.208210230E-2,1.099557430E-2
2.768451923E1,-4.581489414E-2,-5.619960278E-2,3.420845419E-2
2.768658900E1,2.443460980E-3,-1.282817032E-2,9.101892263E-2
2.768862335E1,5.253441259E-2,3.359758854E-2,1.380555481E-1
2.769064846E1,7.452555746E-2,5.803219974E-2,1.612684280E-1
2.769264815E1,1.209513173E-1,1.069014147E-1,2.101376504E-1
2.769471746E1,1.643227488E-1,1.582140923E-1,2.559525371E-1
2.769675215E1,1.869247705E-1,1.869247705E-1,2.730567753E-1
2.769886739E1,2.254092693E-1,2.431243658E-1,3.109304011E-1
2.770105481E1,2.614503205E-1,3.023782969E-1,3.445279896E-1
2.770292512E1,2.748893499E-1,3.341432810E-1,3.543018401E-1
2.770492469E1,3.042109013E-1,3.915646076E-1,3.775147200E-1
2.770699369E1,3.274237812E-1,4.477642179E-1,3.964515328E-1
2.770902835E1,3.390302062E-1,4.783074856E-1,4.007275999E-1
2.771109727E1,3.543018401E-1,5.290092826E-1,4.129449129E-1
2.771313200E1,3.646865487E-1,5.778785348E-1,4.123340547E-1
2.771520115E1,3.665191531E-1,5.986479521E-1,4.123340547E-1
2.771723562E1,3.726277947E-1,6.352998614E-1,4.080579877E-1
2.771923546E1,3.726277947E-1,6.658431292E-1,4.031710625E-1
2.772136815E1,3.701843321E-1,6.847799420E-1,3.952298164E-1
2.772328396E1,3.701843321E-1,6.921103001E-1,3.878994286E-1
2.772528389E1,3.610213697E-1,6.957755089E-1,3.793473244E-1
2.772735381E1,3.518583775E-1,6.902777553E-1,3.634648323E-1
2.772938900E1,3.475823104E-1,6.841690540E-1,3.561344445E-1
2.773145900E1,3.304781020E-1,6.633996367E-1,3.451388776E-1
2.773349431E1,3.158173263E-1,6.298020482E-1,3.274237812E-1
2.773556427E1,3.072652221E-1,6.145304441E-1,3.145956099E-1
2.773759962E1,2.852740586E-1,5.736024380E-1,2.956587672E-1
2.773971573E1,2.657263875E-1,5.259549618E-1,2.730567753E-1
2.774175454E1,2.504547536E-1,5.009095073E-1,2.577851415E-1
2.774377658E1,2.266310006E-1,4.434881806E-1,2.400700450E-1
2.774581108E1,2.015855312E-1,3.830125034E-1,2.119702399E-1
2.774788050E1,1.857030392E-1,3.512475193E-1,2.021963894E-1
2.774991504E1,1.600466967E-1,2.816088796E-1,1.838704348E-1
2.775198500E1,1.392772794E-1,2.052507252E-1,1.661553532E-1
2.775401954E1,1.288925707E-1,1.661553532E-1,1.624901593E-1
2.775608950E1,1.087340117E-1,8.246681094E-2,1.606575549E-1
2.775812342E1,9.896016866E-2,-6.108652451E-4,1.588249654E-1
2.776014746E1,8.918632567E-2,-9.162978828E-2,1.698205322E-1
2.776222708E1,8.491026610E-2,-1.343903542E-1,1.765400618E-1
2.776424869E1,7.757988572E-2,-2.284636050E-1,1.997529417E-1
2.776628385E1,6.963863969E-2,-3.213151097E-1,2.296853364E-1
2.776835315E1,6.902777404E-2,-3.695734739E-1,2.431243658E-1
2.777038746E1,5.925392732E-2,-4.569272101E-1,2.846632004E-1
2.777245700E1,4.642575979E-2,-5.479460955E-1,3.280346394E-1
2.777449181E1,4.031710699E-2,-5.876523852E-1,3.536909819E-1
2.777656165E1,2.504547499E-2,-6.640105247E-1,4.062253833E-1
2.777859669E1,4.276056774E-3,-7.269296646E-1,4.599815309E-1
2.778071269E1,-6.108652335E-3,-7.513642311E-1,4.905247986E-1
2.778280542E1,-2.993239649E-2,-7.892379165E-1,5.503895879E-1
2.778472200E1,-5.681046844E-2,-8.051204085E-1,6.151412725E-1
2.778672177E1,-6.658431143E-2,-8.063421249E-1,6.420193911E-1
2.778879062E1,-9.285151958E-2,-7.984008789E-1,7.067710757E-1
2.779084058E1,-1.178969890E-1,-7.727445364E-1,7.684684992E-1
2.779289423E1,-1.368338168E-1,-7.342600226E-1,8.222246170E-1
2.779492896E1,-1.453859210E-1,-7.086036801E-1,8.515461683E-1
2.779699850E1,-1.576032341E-1,-6.493497491E-1,8.973610401E-1
2.779903362E1,-1.594358236E-1,-5.870414972E-1,9.395107627E-1
2.780105112E1,-1.582140923E-1,-5.528330207E-1,9.584475756E-1
2.780318412E1,-1.502728462E-1,-4.752531648E-1,9.896016717E-1
2.780509954E1,-1.386664063E-1,-3.891211748E-1,1.015258074E0
2.780709962E1,-1.288925707E-1,-3.439171314E-1,1.025642753E0
2.780916938E1,-1.111774743E-1,-2.504547536E-1,1.037249207E0
2.781120365E1,-8.735372871E-2,-1.576032341E-1,1.045801282E0
2.781327300E1,-7.635815442E-2,-1.087340117E-1,1.045190454E0
2.781530677E1,-5.436700583E-2,-1.466076635E-2,1.043357849E0
2.781737581E1,-3.359758854E-2,7.574728876E-2,1.029918790E0
2.781941012E1,-2.443460934E-2,1.191187203E-1,1.023810148E0
2.782147185E1,-9.162978269E-3,2.070833147E-1,1.003651619E0
2.782347431E1,2.443460980E-3,2.883284092E-1,9.755517840E-1
2.782549442E1,6.719517522E-3,3.255911767E-1,9.615018964E-1
2.782752881E1,1.038470957E-2,3.958406746E-1,9.297369123E-1
2.782959723E1,1.221730467E-2,4.587597847E-1,8.906415105E-1
2.783163138E1,1.282817032E-2,4.856378734E-1,8.710938692E-1
2.783370035E1,9.162978269E-3,5.448917747E-1,8.301658630E-1
2.783573519E1,6.719517522E-3,5.937610269E-1,7.806857824E-1
2.783780542E1,3.665191587E-3,6.389650702E-1,7.305948138E-1
2.783983935E1,4.276056774E-3,6.566801667E-1,7.055493593E-1
2.784185604E1,0.000000000E0,6.945537925E-1,6.554583907E-1
2.784393515E1,-1.221730490E-3,7.257078886E-1,6.059783101E-1
2.784595669E1,-3.665191587E-3,7.385360599E-1,5.797111392E-1
2.784799112E1,-1.832595794E-3,7.703011036E-1,5.265658498E-1
2.785005996E1,-6.108652335E-3,8.045095205E-1,4.789183438E-1
2.785209392E1,-3.665191587E-3,8.210029006E-1,4.544837475E-1
2.785416223E1,-5.497787148E-3,8.552113175E-1,4.037819207E-1
2.785619650E1,-5.497787148E-3,8.857545853E-1,3.634648323E-1
2.785826527E1,-6.108652335E-3,9.004153609E-1,3.433062732E-1
2.786029992E1,-6.108652335E-3,9.236282706E-1,2.987131178E-1
2.786241558E1,-1.832595794E-3,9.352346659E-1,2.559525371E-1
2.786450858E1,6.108652451E-4,9.401215911E-1,2.119702399E-1
2.786642427E1,6.108652335E-3,9.401215911E-1,1.881465018E-1
2.786842338E1,9.162978269E-3,9.315695167E-1,1.453859210E-1
2.787049196E1,1.221730467E-2,9.272934198E-1,1.252273768E-1
2.787252692E1,1.954768784E-2,9.132435322E-1,8.063421398E-2
2.787459550E1,2.504547499E-2,8.912523985E-1,4.153883830E-2
2.787663042E1,3.115412779E-2,8.619308472E-1,3.054326167E-3
2.787869973E1,3.359758854E-2,8.454375267E-1,-1.527163107E-2
2.788073392E1,4.214970022E-2,8.075638413E-1,-5.192354694E-2
2.788275092E1,4.764748737E-2,7.641924024E-1,-8.735372871E-2
2.788488396E1,5.131268129E-2,7.397578359E-1,-1.020144969E-1
2.788679942E1,5.619960278E-2,6.872233748E-1,-1.325577646E-1
2.788879969E1,5.986479297E-2,6.298020482E-1,-1.600466967E-1
2.789086846E1,5.986479297E-2,5.998696685E-1,-1.747074574E-1
2.789290273E1,6.230825558E-2,5.363397002E-1,-1.979203373E-1
2.789497169E1,6.047565863E-2,4.697553813E-1,-2.205223590E-1
2.789700642E1,6.108652428E-2,4.379903674E-1,-2.309070677E-1
2.789907527E1,5.497787148E-2,3.756821156E-1,-2.467895597E-1
2.790111042E1,4.948008433E-2,3.127630055E-1,-2.620611787E-1
2.790322542E1,4.703662544E-2,2.797762752E-1,-2.693915665E-1
2.790526219E1,3.665191308E-2,2.180788964E-1,-2.791654170E-1
2.790728423E1,2.138028294E-2,1.576032341E-1,-2.852740586E-1
2.790931831E1,1.649336144E-2,1.258382350E-1,-2.864958048E-1
2.791138777E1,-1.221730490E-3,7.086037099E-2,-2.889392674E-1
2.791342250E1,-2.138028294E-2,1.954768784E-2,-2.877175212E-1
2.791549231E1,-4.642575979E-2,-2.565634064E-2,-2.846632004E-1
2.791752692E1,-5.925392732E-2,-4.642575979E-2,-2.803871334E-1
2.791959638E1,-8.735372871E-2,-8.674286306E-2,-2.761110961E-1
2.792163173E1,-1.172861308E-1,-1.172861308E-1,-2.700024247E-1
2.792365058E1,-1.331686229E-1,-1.325577646E-1,-2.657263875E-1
2.792572927E1,-1.643227488E-1,-1.606575549E-1,-2.577851415E-1
2.792775092E1,-1.973094791E-1,-1.838704348E-1,-2.498438805E-1
2.792978577E1,-2.119702399E-1,-1.954768747E-1,-2.480112910E-1
2.793185535E1,-2.431243658E-1,-2.144137025E-1,-2.431243658E-1
2.793389088E1,-2.700024247E-1,-2.321287990E-1,-2.382374406E-1
2.793591558E1,-2.816088796E-1,-2.406809032E-1,-2.382374406E-1
2.793791696E1,-3.048217595E-1,-2.522873580E-1,-2.376265824E-1
2.793998662E1,-3.213151097E-1,-2.583959997E-1,-2.364048511E-1
2.794202177E1,-3.286454976E-1,-2.608394623E-1,-2.376265824E-1
2.794413808E1,-3.384193480E-1,-2.669481039E-1,-2.425135076E-1
2.794630958E1,-3.408628106E-1,-2.700024247E-1,-2.437352389E-1
2.794818027E1,-3.390302062E-1,-2.767219543E-1,-2.535090744E-1
2.795018042E1,-3.371976018E-1,-2.785545588E-1,-2.541199327E-1
2.795225077E1,-3.304781020E-1,-2.822197378E-1,-2.620611787E-1
2.795428554E1,-3.188716471E-1,-2.809980214E-1,-2.748893499E-1
2.795635492E1,-3.115412891E-1,-2.809980214E-1,-2.816088796E-1
2.795839004E1,-2.956587672E-1,-2.779437006E-1,-2.932153046E-1
2.796046038E1,-2.791654170E-1,-2.724458873E-1,-3.084869385E-1
2.796249500E1,-2.700024247E-1,-2.687807083E-1,-3.158173263E-1
2.796451931E1,-2.449569702E-1,-2.602286041E-1,-3.316998184E-1
2.796665277E1,-2.223549485E-1,-2.492330223E-1,-3.469714522E-1
2.796856888E1,-2.089159191E-1,-2.406809032E-1,-3.494149148E-1
2.797056873E1,-1.802052408E-1,-2.254092693E-1,-3.622430861E-1
2.797263754E1,-1.533271819E-1,-2.113593817E-1,-3.714060783E-1
2.797467231E1,-1.368338168E-1,-2.015855312E-1,-3.762930036E-1
2.797674123E1,-1.026253626E-1,-1.826487035E-1,-3.836233616E-1
2.797877531E1,-6.658431143E-2,-1.649336219E-1,-3.958406746E-1
2.798084462E1,-4.703662544E-2,-1.557706445E-1,-3.952298164E-1
2.798287912E1,-6.719517522E-3,-1.435533315E-1,-4.013384581E-1
2.798494665E1,3.543018550E-2,-1.325577646E-1,-4.037819207E-1
2.798694950E1,5.925392732E-2,-1.270599663E-1,-4.050036669E-1
2.798897065E1,1.050688252E-1,-1.227839142E-1,-4.013384581E-1
2.799100565E1,1.545489132E-1,-1.227839142E-1,-3.933972120E-1
2.799307542E1,2.083050460E-1,-1.227839142E-1,-3.848451078E-1
2.799510958E1,2.382374406E-1,-1.240056455E-1,-3.793473244E-1
2.799717892E1,2.956587672E-1,-1.215621829E-1,-3.689626157E-1
2.799921400E1,3.555235863E-1,-1.148426682E-1,-3.573561609E-1
2.800128327E1,3.878994286E-1,-1.099557430E-1,-3.591887653E-1
2.800331819E1,4.471533597E-1,-1.050688252E-1,-3.500257730E-1
2.800534411E1,5.076290369E-1,-9.773843735E-2,-3.384193480E-1
2.800742284E1,5.387831330E-1,-9.773843735E-2,-3.371976018E-1
2.800944488E1,6.017022729E-1,-9.773843735E-2,-3.359758854E-1
2.801147973E1,6.591235995E-1,-9.529497474E-2,-3.353650272E-1
2.801354934E1,6.860016584E-1,-9.712757170E-2,-3.378084898E-1
2.801558415E1,7.470881939E-1,-9.651670605E-2,-3.439171314E-1
2.801765369E1,8.020660877E-1,-9.712757170E-2,-3.457497358E-1
2.801968869E1,8.283332586E-1,-9.712757170E-2,-3.512475193E-1
2.802175808E1,8.827002645E-1,-1.026253626E-1,-3.671300113E-1
2.802379377E1,9.309586287E-1,-1.075122803E-1,-3.787364662E-1
2.802584358E1,9.773843884E-1,-1.148426682E-1,-3.946189582E-1
2.802793638E1,9.987646937E-1,-1.185078546E-1,-4.001167417E-1
2.802984269E1,1.040303469E0,-1.246165112E-1,-4.086688459E-1
2.803184208E1,1.059240341E0,-1.331686229E-1,-4.141666293E-1
2.803391223E1,1.093448758E0,-1.435533315E-1,-4.300491214E-1
2.803594669E1,1.124602914E0,-1.563815027E-1,-4.410447180E-1
2.803801673E1,1.154535294E0,-1.710422635E-1,-4.514294267E-1
2.804005150E1,1.164309144E0,-1.783726513E-1,-4.605923891E-1
2.804212096E1,1.187522054E0,-1.893682331E-1,-4.685336351E-1
2.804415523E1,1.201571941E0,-2.040289938E-1,-4.819726646E-1
2.804617319E1,1.207680583E0,-2.107485086E-1,-4.874704778E-1
2.804830550E1,1.215011001E0,-2.247984111E-1,-4.905247986E-1
2.805022077E1,1.218065262E0,-2.388483137E-1,-4.941899776E-1
2.805222065E1,1.216843605E0,-2.480112910E-1,-4.984660447E-1
2.805428996E1,1.215011001E0,-2.669481039E-1,-4.935791194E-1
2.805632365E1,1.205237150E0,-2.785545588E-1,-4.899139404E-1
2.805839261E1,1.200350165E0,-2.858849466E-1,-4.893030524E-1
2.806042742E1,1.190576315E0,-3.048217595E-1,-4.776966274E-1
2.806249596E1,1.174082994E0,-3.304781020E-1,-4.667010605E-1
2.806452996E1,1.167974353E0,-3.426954150E-1,-4.630358517E-1
2.806664519E1,1.152702689E0,-3.683517575E-1,-4.465425014E-1
2.806868334E1,1.136209369E0,-3.940080702E-1,-4.294382632E-1
2.807070454E1,1.114829063E0,-4.172209501E-1,-4.068362415E-1
2.807273858E1,1.108720422E0,-4.257730842E-1,-3.988949955E-1
2.807480765E1,1.086729288E0,-4.373795092E-1,-3.824016452E-1
2.807684200E1,1.064738154E0,-4.489859641E-1,-3.622430861E-1
2.807891096E1,1.053131700E0,-4.495968223E-1,-3.524692357E-1
2.808094515E1,1.029918790E0,-4.483750761E-1,-3.359758854E-1
2.808301423E1,1.004873276E0,-4.379903674E-1,-3.164281845E-1
2.808504865E1,9.908234477E-1,-4.306600094E-1,-3.060434759E-1
2.808707396E1,9.633345008E-1,-4.129449129E-1,-2.846632004E-1
2.808915288E1,9.315695167E-1,-3.903428912E-1,-2.614503205E-1
2.809117423E1,9.150761366E-1,-3.762930036E-1,-2.522873580E-1
2.809320931E1,8.827002645E-1,-3.439171314E-1,-2.333505303E-1
2.809527781E1,8.478809595E-1,-3.054326177E-1,-2.076941878E-1
2.809731231E1,8.307767510E-1,-2.864958048E-1,-1.985312104E-1
2.809938185E1,7.916813493E-1,-2.394591719E-1,-1.802052408E-1
2.810141685E1,7.519751191E-1,-1.936442852E-1,-1.624901593E-1
2.810348638E1,7.134906054E-1,-1.466076523E-1,-1.447750628E-1
2.810552092E1,6.945537925E-1,-1.240056455E-1,-1.374446750E-1
2.810763654E1,6.505714655E-1,-7.574728876E-2,-1.203404516E-1
2.810972915E1,6.108652353E-1,-2.809980139E-2,-1.062905490E-1
2.811164431E1,5.894849896E-1,-3.665191587E-3,-9.896016866E-2
2.811364396E1,5.491678715E-1,4.337143153E-2,-8.918632567E-2
2.811571338E1,5.094616413E-1,8.918632567E-2,-7.696902007E-2
2.811774715E1,4.880813360E-1,1.136209369E-1,-7.147123665E-2
2.811981608E1,4.477642179E-1,1.557706445E-1,-6.108652428E-2
2.812185108E1,4.105014503E-1,2.028072625E-1,-5.497787148E-2
2.812392008E1,3.885102868E-1,2.235766798E-1,-4.948008433E-2
2.812595481E1,3.518583775E-1,2.632829249E-1,-4.459316283E-2
2.812797946E1,3.121521473E-1,3.011565804E-1,-3.604105115E-2
2.813011350E1,2.926044464E-1,3.176499307E-1,-3.420845419E-2
2.813202908E1,2.577851415E-1,3.481931984E-1,-2.748893574E-2
2.813402834E1,2.223549485E-1,3.762930036E-1,-2.504547499E-2
2.813609684E1,2.058615834E-1,3.897320330E-1,-2.199114859E-2
2.813813231E1,1.747074574E-1,4.123340547E-1,-1.954768784E-2
2.814020100E1,1.453859210E-1,4.282165468E-1,-1.588249579E-2
2.814223504E1,1.301143020E-1,4.324925840E-1,-1.221730467E-2
2.814430496E1,1.032362282E-1,4.392121136E-1,-4.886921961E-3
2.814633888E1,7.819075137E-2,4.422664344E-1,-1.221730490E-3
2.814840881E1,5.314527452E-2,4.410447180E-1,6.719517522E-3
2.815041069E1,4.398229718E-2,4.392121136E-1,7.330383174E-3
2.815243211E1,2.443460934E-2,4.331034720E-1,1.588249579E-2
2.815446661E1,6.108652335E-3,4.245513380E-1,2.504547499E-2
2.815653600E1,-2.443460980E-3,4.202753007E-1,2.809980139E-2
2.815857073E1,-1.954768784E-2,4.080579877E-1,3.298672289E-2
2.816063950E1,-3.115412779E-2,3.988949955E-1,3.787364438E-2
2.816267361E1,-3.787364438E-2,3.927863538E-1,4.153883830E-2
2.816474261E1,-4.948008433E-2,3.811798990E-1,4.764748737E-2
2.816677719E1,-6.414084882E-2,3.683517575E-1,5.375614017E-2
2.816880061E1,-6.414084882E-2,3.634648323E-1,5.742133409E-2
2.817087892E1,-7.147123665E-2,3.518583775E-1,5.864306539E-2
2.817290035E1,-7.880161703E-2,3.378084898E-1,6.841690838E-2
2.817493488E1,-8.124507964E-2,3.323107064E-1,6.780604273E-2
2.817700369E1,-8.307767659E-2,3.231477141E-1,7.452555746E-2
2.817903796E1,-8.063421398E-2,3.139847219E-1,7.635815442E-2
2.818106308E1,-8.307767659E-2,3.078760803E-1,8.185594529E-2
2.818306319E1,-7.696902007E-2,2.950479090E-1,8.491026610E-2
2.818513131E1,-7.147123665E-2,2.803871334E-1,9.224065393E-2
2.818716584E1,-6.841690838E-2,2.748893499E-1,9.407325089E-2
2.818928184E1,-5.925392732E-2,2.608394623E-1,9.651670605E-2
2.819145138E1,-4.886921868E-2,2.455678284E-1,1.020144969E-1
2.819332165E1,-3.359758854E-2,2.345722616E-1,1.032362282E-1
2.819532134E1,-2.809980139E-2,2.229658216E-1,1.056796908E-1
2.819739011E1,-1.099557430E-2,2.076941878E-1,1.099557430E-1
2.819944023E1,7.330383174E-3,1.893682331E-1,1.154535338E-1
2.820149338E1,1.832595654E-2,1.802052408E-1,1.160643995E-1
2.820352761E1,3.848451003E-2,1.624901593E-1,1.227839142E-1
2.820559673E1,6.169738993E-2,1.441642046E-1,1.258382350E-1
2.820763084E1,7.391469181E-2,1.368338168E-1,1.270599663E-1
2.820964973E1,1.020144969E-1,1.178969890E-1,1.356120855E-1
2.821178261E1,1.282816976E-1,9.773843735E-2,1.411098689E-1
2.821369734E1,1.398881376E-1,8.552113175E-2,1.472185254E-1
2.821569631E1,1.679879427E-1,6.597344577E-2,1.563815027E-1
2.821776546E1,1.979203373E-1,4.520402849E-2,1.624901593E-1
2.821979938E1,2.125810981E-1,3.420845419E-2,1.667662114E-1
2.822186792E1,2.449569702E-1,1.221730467E-2,1.765400618E-1
2.822390165E1,2.748893499E-1,-1.038470957E-2,1.826487035E-1
2.822597123E1,2.926044464E-1,-2.260201424E-2,1.899790913E-1
2.822800492E1,3.231477141E-1,-4.581489414E-2,1.954768747E-1
2.823012100E1,3.591887653E-1,-6.963863969E-2,1.991420686E-1
2.823215965E1,3.933972120E-1,-9.346238524E-2,2.046398520E-1
2.823418108E1,4.135557711E-1,-1.032362282E-1,2.064724565E-1
2.823621604E1,4.514294267E-1,-1.258382350E-1,2.076941878E-1
2.823828573E1,4.929682612E-1,-1.459967941E-1,2.064724565E-1
2.824032115E1,5.106833577E-1,-1.557706445E-1,2.101376504E-1
2.824239077E1,5.491678715E-1,-1.722639948E-1,2.058615834E-1
2.824442596E1,5.900958180E-1,-1.893682331E-1,2.015855312E-1
2.824649534E1,6.065891981E-1,-1.960877478E-1,2.009746730E-1
2.824853088E1,6.426302195E-1,-2.089159191E-1,1.899790913E-1
2.825054838E1,6.774495840E-1,-2.193006277E-1,1.850921661E-1
2.825262569E1,6.921103001E-1,-2.205223590E-1,1.753183305E-1
2.825464788E1,7.220427394E-1,-2.260201424E-1,1.649336219E-1
2.825668273E1,7.513642311E-1,-2.296853364E-1,1.563815027E-1
2.825875184E1,7.641924024E-1,-2.302961946E-1,1.508837193E-1
2.826078684E1,7.855727077E-1,-2.254092693E-1,1.398881376E-1
2.826285634E1,8.051204085E-1,-2.193006277E-1,1.319468915E-1
2.826489131E1,8.191702962E-1,-2.089159191E-1,1.240056455E-1
2.826696061E1,8.210029006E-1,-2.034181207E-1,1.203404516E-1
2.826899538E1,8.295549750E-1,-1.905899495E-1,1.148426682E-1
2.827111050E1,8.350527883E-1,-1.783726513E-1,1.093448773E-1
2.827320327E1,8.350527883E-1,-1.698205322E-1,1.050688252E-1
2.827511904E1,8.344419003E-1,-1.563815027E-1,1.069014147E-1
2.827711800E1,8.240572214E-1,-1.392772794E-1,1.044579595E-1
2.827918788E1,8.216137290E-1,-1.295034289E-1,1.020144969E-1
2.828122250E1,8.075638413E-1,-1.123992056E-1,1.044579595E-1
2.828329254E1,7.880161405E-1,-9.468411654E-2,1.020144969E-1
2.828532761E1,7.751879692E-1,-8.429940045E-2,9.957103431E-2
2.828739727E1,7.464773059E-1,-6.841690838E-2,9.957103431E-2
2.828943154E1,7.141014934E-1,-5.436700583E-2,9.346238524E-2
2.829145042E1,6.945537925E-1,-4.642575979E-2,8.918632567E-2
2.829358296E1,6.548475623E-1,-3.481931984E-2,8.002334833E-2
2.829549792E1,6.096435189E-1,-2.504547499E-2,6.597344577E-2
2.829749761E1,5.864306092E-1,-1.771509275E-2,5.375614017E-2
2.829956661E1,5.345070958E-1,-6.719517522E-3,3.604105115E-2
2.830160158E1,4.856378734E-1,3.665191587E-3,7.330383174E-3
2.830367092E1,4.349360466E-1,1.221730467E-2,-2.687807009E-2
2.830570642E1,4.086688459E-1,1.771509275E-2,-4.153883830E-2
2.830777558E1,3.561344445E-1,2.321287990E-2,-7.757988572E-2
2.830981027E1,3.103195429E-1,3.604105115E-2,-1.197295859E-1
2.831187254E1,2.864958048E-1,4.092797264E-2,-1.368338168E-1
2.831389177E1,2.388483137E-1,5.925392732E-2,-1.783726513E-1
2.831591311E1,1.948660165E-1,8.735372871E-2,-2.138028294E-1
2.831794827E1,1.783726513E-1,1.026253626E-1,-2.284636050E-1
2.832001669E1,1.417207420E-1,1.392772794E-1,-2.608394623E-1
2.832205204E1,1.105666086E-1,1.802052408E-1,-2.871066630E-1
2.832412073E1,9.957103431E-2,2.040289938E-1,-2.944370508E-1
2.832615484E1,7.757988572E-2,2.528982162E-1,-3.170390725E-1
2.832822396E1,6.230825558E-2,3.036000133E-1,-3.316998184E-1
2.833025800E1,5.681046844E-2,3.310889602E-1,-3.341432810E-1
2.833227438E1,5.131268129E-2,3.817907870E-1,-3.457497358E-1
2.833435273E1,5.314527452E-2,4.337143302E-1,-3.475823104E-1
2.833637438E1,5.803219974E-2,4.581489265E-1,-3.469714522E-1
2.833840800E1,6.841690838E-2,5.100724697E-1,-3.463605940E-1
2.834047696E1,9.590584040E-2,5.546656251E-1,-3.439171314E-1
2.834251115E1,1.252273768E-1,5.986479521E-1,-3.341432810E-1
2.834458077E1,1.398881376E-1,6.151412725E-1,-3.335324228E-1
2.834661508E1,1.765400618E-1,6.487388611E-1,-3.194825351E-1
2.834868419E1,2.174680233E-1,6.719517708E-1,-3.023782969E-1
2.835071919E1,2.431243658E-1,6.798930168E-1,-2.999348342E-1
2.835283458E1,2.889392674E-1,6.890559793E-1,-2.828305960E-1
2.835492723E1,3.274237812E-1,6.798930168E-1,-2.638937831E-1
2.835684215E1,3.481931984E-1,6.743952036E-1,-2.559525371E-1
2.835884184E1,3.891211748E-1,6.456845403E-1,-2.376265824E-1
2.836091131E1,4.227187634E-1,6.041457057E-1,-2.138028294E-1
2.836294688E1,4.386012554E-1,5.803219676E-1,-2.076941878E-1
2.836501508E1,4.636467099E-1,5.204572082E-1,-1.899790913E-1
2.836704969E1,4.844161272E-1,4.502076805E-1,-1.710422635E-1
2.836911869E1,4.899139404E-1,4.098905921E-1,-1.606575549E-1
2.837115327E1,5.002986193E-1,3.231477141E-1,-1.502728462E-1
2.837317050E1,5.021312237E-1,2.290744632E-1,-1.386664063E-1
2.837530373E1,5.009095073E-1,1.331686229E-1,-1.386664063E-1
2.837721896E1,5.002986193E-1,8.246681094E-2,-1.380555481E-1
2.837921877E1,4.960225821E-1,-1.588249579E-2,-1.356120855E-1
2.838128742E1,4.905247986E-1,-6.597344577E-2,-1.374446750E-1
2.838332188E1,4.819726646E-1,-1.545489132E-1,-1.502728462E-1
2.838539011E1,4.715879560E-1,-2.388483137E-1,-1.649336219E-1
2.838742438E1,4.581489265E-1,-3.115412891E-1,-1.850921661E-1
2.838949334E1,4.514294267E-1,-3.426954150E-1,-1.979203373E-1
2.839152700E1,4.386012554E-1,-3.946189582E-1,-2.241875380E-1
2.839364250E1,4.269948006E-1,-4.355469346E-1,-2.565633953E-1
2.839568042E1,4.214970171E-1,-4.514294267E-1,-2.724458873E-1
2.839770219E1,4.117231667E-1,-4.721988440E-1,-3.066543639E-1
2.839973681E1,4.037819207E-1,-4.776966274E-1,-3.500257730E-1
2.840180596E1,3.964515328E-1,-4.776966274E-1,-3.677408695E-1
2.840384092E1,3.897320330E-1,-4.697553813E-1,-4.013384581E-1
2.840591011E1,3.830125034E-1,-4.538728893E-1,-4.379903674E-1
2.840794407E1,3.769038618E-1,-4.410447180E-1,-4.538728893E-1
2.841001365E1,3.671300113E-1,-4.068362415E-1,-4.874704778E-1
2.841204804E1,3.524692357E-1,-3.677408695E-1,-5.167919993E-1
2.841406473E1,3.347541690E-1,-3.188716471E-1,-5.400048494E-1
2.841614407E1,3.231477141E-1,-2.950479090E-1,-5.516113043E-1
2.841816565E1,3.011565804E-1,-2.449569702E-1,-5.809328556E-1
2.842020146E1,2.773328125E-1,-2.003637999E-1,-6.035348773E-1
2.842227046E1,2.657263875E-1,-1.808161139E-1,-6.133087277E-1
2.842430454E1,2.406809032E-1,-1.484402567E-1,-6.420193911E-1
2.842632880E1,2.186897546E-1,-1.270599663E-1,-6.695083380E-1
2.842832857E1,2.034181207E-1,-1.221730486E-1,-6.780604124E-1
2.843039754E1,1.771509200E-1,-1.197295859E-1,-7.110471725E-1
2.843243173E1,1.582140923E-1,-1.337794960E-1,-7.458664775E-1
2.843454704E1,1.447750628E-1,-1.417207420E-1,-7.629706860E-1
2.843671769E1,1.246165112E-1,-1.661553532E-1,-8.093964458E-1
2.843858900E1,1.020144969E-1,-1.918116808E-1,-8.539896011E-1
2.844058896E1,9.346238524E-2,-2.034181207E-1,-8.790351152E-1
2.844265850E1,7.391469181E-2,-2.217440903E-1,-9.297369123E-1
2.844469369E1,5.803219974E-2,-2.315179259E-1,-9.779952765E-1
2.844676334E1,4.825835302E-2,-2.302961946E-1,-9.999864101E-1
2.844879788E1,3.604105115E-2,-2.174680233E-1,-1.041525245E0
2.845086711E1,2.260201424E-2,-1.832595766E-1,-1.075733662E0
2.845290165E1,1.404990070E-2,-1.295034289E-1,-1.095892191E0
2.845491850E1,9.162978269E-3,-9.834930301E-2,-1.103222609E0
2.845705200E1,0.000000000E0,-2.199114859E-2,-1.106276989E0
2.845896661E1,-7.330383174E-3,6.475171447E-2,-1.102611780E0
2.846096730E1,-1.282817032E-2,1.130100712E-1,-1.092227101E0
2.846303704E1,-2.076941915E-2,2.138028294E-1,-1.061683774E0
2.846507204E1,-2.993239649E-2,3.213151097E-1,-1.029307961E0
2.846714131E1,-3.481931984E-2,3.744603992E-1,-1.003651619E0
2.846917507E1,-4.398229718E-2,4.807509482E-1,-9.492846131E-1
2.847124307E1,-5.253441259E-2,5.827654600E-1,-8.906415105E-1
2.847327680E1,-5.558873713E-2,6.352998614E-1,-8.564330935E-1
2.847533715E1,-6.658431143E-2,7.312057018E-1,-7.831292152E-1
2.847733919E1,-6.841690838E-2,8.173376918E-1,-7.110471725E-1
2.847936027E1,-7.391469181E-2,8.546004891E-1,-6.688974500E-1
2.848139423E1,-7.086037099E-2,9.224064946E-1,-5.913175344E-1
2.848346311E1,-6.902777404E-2,9.731083512E-1,-5.119050741E-1
2.848549811E1,-6.230825558E-2,9.957103729E-1,-4.734205604E-1
2.848756677E1,-5.253441259E-2,1.021366715E0,-3.885102868E-1
2.848960104E1,-3.481931984E-2,1.025642753E0,-3.133738637E-1
2.849167034E1,-2.321287990E-2,1.025031924E0,-2.791654170E-1
2.849370430E1,2.443460980E-3,1.007316828E0,-2.021963894E-1
2.849572038E1,3.420845419E-2,9.724974632E-1,-1.386664063E-1
2.849779877E1,6.597344577E-2,9.248499870E-1,-7.330382615E-2
2.849982092E1,8.307767659E-2,8.979719281E-1,-4.337143153E-2
2.850185396E1,1.197295859E-1,8.319984674E-1,1.038470957E-2
2.850392284E1,1.545489132E-1,7.635815740E-1,6.597344577E-2
2.850595731E1,1.734857261E-1,7.220427394E-1,9.162978828E-2
2.850802611E1,2.083050460E-1,6.383541822E-1,1.398881376E-1
2.851006011E1,2.388483137E-1,5.473352671E-1,1.844813079E-1
2.851212842E1,2.553416789E-1,5.002986193E-1,2.070833147E-1
2.851416273E1,2.828305960E-1,4.013384581E-1,2.406809032E-1
2.851627738E1,3.115412891E-1,3.017674387E-1,2.755002379E-1
2.851836904E1,3.213151097E-1,2.522873580E-1,2.901609838E-1
2.852028304E1,3.475823104E-1,1.484402567E-1,3.121521473E-1
2.852228281E1,3.689626157E-1,4.398229718E-2,3.359758854E-1
2.852435127E1,3.805690408E-1,-4.276056774E-3,3.433062732E-1
2.852638523E1,3.988949955E-1,-1.056796908E-1,3.555235863E-1
2.852845396E1,4.123340547E-1,-2.021963894E-1,3.677408695E-1
2.853048846E1,4.202753007E-1,-2.510656118E-1,3.701843321E-1
2.853255677E1,4.245513380E-1,-3.420845270E-1,3.756821156E-1
2.853459184E1,4.318817258E-1,-4.251621962E-1,3.756821156E-1
2.853660888E1,4.294382632E-1,-5.027421117E-1,3.726277947E-1
2.853874334E1,4.276056588E-1,-5.381723046E-1,3.689626157E-1
2.854065819E1,4.208861589E-1,-5.998696685E-1,3.659082949E-1
2.854265846E1,4.159992337E-1,-6.267477274E-1,3.604104817E-1
2.854472769E1,4.025602043E-1,-6.768386960E-1,3.488040566E-1
2.854676307E1,3.848451078E-1,-7.153232098E-1,3.378084898E-1
2.854883207E1,3.677408695E-1,-7.489207983E-1,3.243694305E-1
2.855086742E1,3.573561609E-1,-7.611380816E-1,3.188716471E-1
2.855293619E1,3.365867436E-1,-7.794640660E-1,3.097086847E-1
2.855497115E1,3.164281845E-1,-7.880161405E-1,2.968805134E-1
2.855708615E1,3.066543639E-1,-7.874053121E-1,2.907718420E-1
2.855912473E1,2.840523422E-1,-7.800748944E-1,2.803871334E-1
2.856114757E1,2.608394623E-1,-7.599163651E-1,2.724458873E-1
2.856318304E1,2.504547536E-1,-7.470881939E-1,2.645046413E-1
2.856525261E1,2.235766798E-1,-7.122688890E-1,2.583959997E-1
2.856728754E1,1.991420686E-1,-6.695083380E-1,2.516764700E-1
2.856935773E1,1.832595766E-1,-6.450737119E-1,2.480112910E-1
2.857139265E1,1.557706445E-1,-5.888741016E-1,2.412917763E-1
2.857346207E1,1.258382350E-1,-5.332853794E-1,2.351831198E-1
2.857549638E1,9.162978828E-2,-4.752531648E-1,2.309070677E-1
2.857751219E1,7.757988572E-2,-4.459316432E-1,2.284636050E-1
2.857959084E1,4.092797264E-2,-3.878994286E-1,2.278527319E-1
2.858161238E1,3.054326167E-3,-3.249803185E-1,2.193006277E-1
2.858364715E1,-1.954768784E-2,-2.926044464E-1,2.186897546E-1
2.858571661E1,-5.864306539E-2,-2.223549485E-1,2.119702399E-1
2.858775111E1,-1.032362282E-1,-1.502728462E-1,2.021963894E-1
2.858981957E1,-1.240056455E-1,-1.130100712E-1,1.948660165E-1
2.859185457E1,-1.698205322E-1,-3.665191308E-2,1.850921661E-1
2.859392354E1,-2.193006277E-1,3.237585723E-2,1.722639948E-1
2.859595854E1,-2.467895597E-1,6.658431143E-2,1.643227488E-1
2.859807500E1,-2.932153046E-1,1.295034289E-1,1.539380401E-1
2.860016754E1,-3.451388776E-1,1.863138974E-1,1.435533315E-1
2.860208373E1,-3.720169365E-1,2.131919712E-1,1.447750628E-1
2.860408365E1,-4.257730842E-1,2.620611787E-1,1.429424733E-1
2.860615304E1,-4.746423066E-1,3.072652221E-1,1.374446750E-1
2.860820330E1,-5.283984542E-1,3.469714522E-1,1.459967941E-1
2.861025727E1,-5.546656251E-1,3.646865487E-1,1.521054506E-1
2.861229150E1,-6.023131609E-1,4.025602043E-1,1.624901593E-1
2.861436077E1,-6.511823535E-1,4.343251884E-1,1.777617931E-1
2.861639577E1,-6.737843752E-1,4.477642179E-1,1.844813079E-1
2.861841315E1,-7.171558142E-1,4.728097022E-1,2.040289938E-1
2.862054630E1,-7.550294399E-1,4.899139404E-1,2.223549485E-1
2.862245288E1,-7.782423496E-1,4.954117239E-1,2.345722616E-1
2.862445288E1,-8.112290502E-1,5.027421117E-1,2.541199327E-1
2.862652150E1,-8.411614299E-1,5.045747161E-1,2.767219543E-1
2.862855627E1,-8.594874144E-1,5.009095073E-1,2.877175212E-1
2.863062577E1,-8.845328689E-1,4.917465150E-1,3.042109013E-1
2.863266050E1,-9.089674950E-1,4.709770977E-1,3.262020350E-1
2.863472965E1,-9.187413454E-1,4.563163519E-1,3.329215646E-1
2.863676388E1,-9.370672703E-1,4.300491214E-1,3.475823104E-1
2.863882492E1,-9.456194043E-1,3.995058835E-1,3.646865487E-1
2.864082754E1,-9.486737251E-1,3.836233616E-1,3.714060783E-1
2.864284880E1,-9.578366876E-1,3.426954150E-1,3.817907870E-1
2.864488292E1,-9.590584636E-1,2.968805134E-1,3.897320330E-1
2.864695180E1,-9.572258592E-1,2.718350291E-1,3.933972120E-1
2.864898669E1,-9.572258592E-1,2.138028294E-1,3.988949955E-1
2.865105630E1,-9.492846131E-1,1.539380401E-1,4.050036669E-1
2.865309146E1,-9.407324791E-1,9.468411654E-2,4.092797041E-1
2.865516054E1,-9.334021211E-1,6.414084882E-2,4.098905921E-1
2.865719480E1,-9.175195694E-1,6.108652335E-3,4.141666293E-1
2.865921442E1,-8.979719281E-1,-5.070181563E-2,4.135557711E-1
2.866129300E1,-8.869763613E-1,-7.635815442E-2,4.135557711E-1
2.866331527E1,-8.619308472E-1,-1.252273768E-1,4.129449129E-1
2.866534919E1,-8.356636763E-1,-1.716531366E-1,4.123340547E-1
2.866741880E1,-8.216137290E-1,-1.948660165E-1,4.092797041E-1
2.866945357E1,-7.916813493E-1,-2.370157093E-1,4.092797041E-1
2.867147792E1,-7.599163651E-1,-2.761110961E-1,4.068362415E-1
2.867347796E1,-7.452555895E-1,-2.944370508E-1,4.037819207E-1
2.867554692E1,-7.165449262E-1,-3.255911767E-1,3.970624208E-1
2.867758211E1,-6.866125464E-1,-3.561344445E-1,3.946189582E-1
2.867969684E1,-6.695083380E-1,-3.683517575E-1,3.885102868E-1
2.868186811E1,-6.377432942E-1,-3.866777122E-1,3.811798990E-1
2.868373884E1,-6.078109145E-1,-4.031710625E-1,3.714060783E-1
2.868573819E1,-5.962044597E-1,-4.080579877E-1,3.665191531E-1
2.868780684E1,-5.638286471E-1,-4.166100919E-1,3.500257730E-1
2.868984215E1,-5.369505286E-1,-4.196644127E-1,3.310889602E-1
2.869191088E1,-5.131267905E-1,-4.190535545E-1,3.188716471E-1
2.869394607E1,-4.984660447E-1,-4.172209501E-1,3.084869385E-1
2.869601469E1,-4.752531648E-1,-4.092797041E-1,2.926044464E-1
2.869804934E1,-4.483750761E-1,-3.970624208E-1,2.693915665E-1
2.870007465E1,-4.379903674E-1,-3.903428912E-1,2.620611787E-1
2.870220804E1,-4.147774875E-1,-3.744603992E-1,2.382374406E-1
2.870412361E1,-3.921754956E-1,-3.591887653E-1,2.150245607E-1
2.870612284E1,-3.854559660E-1,-3.506366611E-1,2.058615834E-1
2.870819407E1,-3.659082949E-1,-3.371976018E-1,1.802052408E-1
2.871022850E1,-3.469714522E-1,-3.243694305E-1,1.539380401E-1
2.871229861E1,-3.396410644E-1,-3.158173263E-1,1.435533315E-1
2.871433277E1,-3.292563558E-1,-3.011565804E-1,1.215621829E-1
2.871640219E1,-3.164281845E-1,-2.858849466E-1,9.162978828E-2
2.871843715E1,-3.103195429E-1,-2.761110961E-1,8.063421398E-2
2.872055257E1,-3.060434759E-1,-2.602286041E-1,5.742133409E-2
2.872259111E1,-2.981022298E-1,-2.431243658E-1,3.481931984E-2
2.872461288E1,-2.932153046E-1,-2.345722616E-1,2.443460934E-2
2.872664707E1,-2.907718420E-1,-2.150245607E-1,4.886921961E-3
2.872871646E1,-2.883284092E-1,-1.942551434E-1,-1.160643995E-2
2.873075034E1,-2.858849466E-1,-1.753183305E-1,-2.015855350E-2
2.873281965E1,-2.852740586E-1,-1.655444801E-1,-2.748893574E-2
2.873485376E1,-2.846632004E-1,-1.466076523E-1,-4.031710699E-2
2.873692288E1,-2.840523422E-1,-1.264491081E-1,-4.520402849E-2
2.873895734E1,-2.852740586E-1,-1.185078546E-1,-5.009094998E-2
2.874098184E1,-2.877175212E-1,-1.007927656E-1,-5.497787148E-2
2.874305992E1,-2.895501256E-1,-8.491026610E-2,-5.742133409E-2
2.874508138E1,-2.938261926E-1,-7.941248268E-2,-5.864306539E-2
2.874711615E1,-2.993239760E-1,-6.719517708E-2,-6.291911751E-2
2.874918488E1,-3.072652221E-1,-5.253441259E-2,-5.986479297E-2
2.875121961E1,-3.090978265E-1,-4.825835302E-2,-6.475171447E-2
2.875328904E1,-3.194825351E-1,-3.970624134E-2,-6.414084882E-2
2.875532342E1,-3.335324228E-1,-3.298672289E-2,-6.414084882E-2
2.875739176E1,-3.378084898E-1,-3.054326214E-2,-6.475171447E-2
2.875942715E1,-3.524692357E-1,-2.443460934E-2,-6.536258012E-2
2.876154176E1,-3.683517575E-1,-1.954768784E-2,-6.352998316E-2
2.876363404E1,-3.860668242E-1,-1.343903504E-2,-6.658431143E-2
2.876554888E1,-3.952298164E-1,-1.160643995E-2,-6.536258012E-2
2.876754780E1,-4.123340547E-1,-9.162978269E-3,-6.414084882E-2
2.876961619E1,-4.337143302E-1,-4.276056774E-3,-6.291911751E-2
2.877165057E1,-4.447098970E-1,-1.832595794E-3,-6.414084882E-2
2.877371938E1,-4.624249935E-1,3.665191587E-3,-5.925392732E-2
2.877575400E1,-4.825835526E-1,7.330383174E-3,-5.681046844E-2
2.877782296E1,-4.923573732E-1,9.162978269E-3,-5.742133409E-2
2.877985734E1,-5.161811113E-1,1.404990070E-2,-5.192354694E-2
2.878188892E1,-5.369505286E-1,1.710422710E-2,-4.948008433E-2
2.878402015E1,-5.442809463E-1,2.076941915E-2,-4.703662544E-2
2.878593480E1,-5.656611919E-1,2.199114859E-2,-4.276056588E-2
2.878793404E1,-5.845980644E-1,2.626720630E-2,-4.642575979E-2
2.879000184E1,-5.937610269E-1,2.626720630E-2,-4.459316283E-2
2.879203623E1,-6.090326309E-1,3.237585723E-2,-4.337143153E-2
2.879410465E1,-6.261368990E-1,3.909537569E-2,-4.825835302E-2
2.879613846E1,-6.334672570E-1,4.398229718E-2,-5.009094998E-2
2.879820723E1,-6.462954283E-1,5.497787148E-2,-5.192354694E-2
2.880024123E1,-6.591235995E-1,6.902777404E-2,-6.047565863E-2
2.880231669E1,-6.719517708E-1,8.429940045E-2,-6.597344577E-2
2.880431857E1,-6.774495840E-1,9.162978828E-2,-6.902777404E-2
2.880633938E1,-6.866125464E-1,1.069014147E-1,-8.002334833E-2
2.880837377E1,-6.902777553E-1,1.166752651E-1,-8.491026610E-2
2.881044234E1,-6.988298297E-1,1.319468915E-1,-9.590584040E-2
2.881247646E1,-7.061602473E-1,1.490511149E-1,-1.093448773E-1
2.881454542E1,-7.098253965E-1,1.667662114E-1,-1.233947799E-1
2.881657919E1,-7.141014934E-1,1.765400618E-1,-1.288925707E-1
2.881864830E1,-7.195992470E-1,1.930334121E-1,-1.435533315E-1
2.882068227E1,-7.220427394E-1,2.119702399E-1,-1.606575549E-1
2.882268196E1,-7.281513810E-1,2.199114859E-1,-1.661553532E-1
2.882476023E1,-7.305948138E-1,2.357939780E-1,-1.850921661E-1
2.882678161E1,-7.354817390E-1,2.535090744E-1,-2.021963894E-1
2.882881576E1,-7.360926270E-1,2.602286041E-1,-2.095267773E-1
2.883088473E1,-7.391469479E-1,2.755002379E-1,-2.321287990E-1
2.883291888E1,-7.452555895E-1,2.913827300E-1,-2.498438805E-1
2.883498823E1,-7.446447611E-1,2.999348342E-1,-2.608394623E-1
2.883702196E1,-7.489207983E-1,3.164281845E-1,-2.852740586E-1
2.883909042E1,-7.513642311E-1,3.298672438E-1,-3.078760803E-1
2.884112492E1,-7.544185519E-1,3.384193480E-1,-3.207042515E-1
2.884317415E1,-7.556403279E-1,3.506366611E-1,-3.445279896E-1
2.884526630E1,-7.635815740E-1,3.640756905E-1,-3.659082949E-1
2.884717111E1,-7.654141784E-1,3.671300113E-1,-3.805690408E-1
2.884917061E1,-7.696902156E-1,3.799581826E-1,-4.050036669E-1
2.885123946E1,-7.764097452E-1,3.872885704E-1,-4.331034720E-1
2.885327392E1,-7.819074988E-1,3.921754956E-1,-4.557054639E-1
2.885534203E1,-7.831292152E-1,3.970624208E-1,-4.673119187E-1
2.885737596E1,-7.867944241E-1,4.031710625E-1,-4.899139404E-1
2.885944430E1,-7.898487449E-1,4.037819207E-1,-5.100724697E-1
2.886147846E1,-7.898487449E-1,4.074471295E-1,-5.210680366E-1
2.886351080E1,-7.941248417E-1,4.080579877E-1,-5.375614166E-1
2.886564315E1,-7.929030657E-1,4.080579877E-1,-5.589417219E-1
2.886755815E1,-7.947356701E-1,4.031710625E-1,-5.644394755E-1
2.886955807E1,-7.880161405E-1,3.970624208E-1,-5.815436840E-1
2.887162707E1,-7.861835957E-1,3.860668242E-1,-5.943718553E-1
2.887366188E1,-7.819074988E-1,3.805690408E-1,-5.974262357E-1
2.887573084E1,-7.764097452E-1,3.683517575E-1,-6.096435189E-1
2.887776619E1,-7.666358948E-1,3.518583775E-1,-6.188064814E-1
2.887983461E1,-7.611380816E-1,3.426954150E-1,-6.206390858E-1
2.888187011E1,-7.501425147E-1,3.225368559E-1,-6.261368990E-1
2.888392188E1,-7.379252315E-1,2.993239760E-1,-6.267477274E-1
2.888592650E1,-7.336491346E-1,2.871066630E-1,-6.255260110E-1
2.888794919E1,-7.159340382E-1,2.608394623E-1,-6.230825782E-1
2.888998446E1,-6.982190013E-1,2.284636050E-1,-6.194173694E-1
2.889205400E1,-6.884451509E-1,2.125810981E-1,-6.114761233E-1
2.889408915E1,-6.670648456E-1,1.777617931E-1,-5.986479521E-1
2.889615819E1,-6.401867867E-1,1.398881376E-1,-5.845980644E-1
2.889819334E1,-6.108652353E-1,1.001819000E-1,-5.607742667E-1
2.890026319E1,-5.943718553E-1,7.880161703E-2,-5.467243791E-1
2.890229900E1,-5.613851547E-1,3.481931984E-2,-5.247332454E-1
2.890433061E1,-5.283984542E-1,-7.330383174E-3,-4.893030524E-1
2.890640892E1,-5.082398653E-1,-2.993239649E-2,-4.709770977E-1
2.890843053E1,-4.715879560E-1,-7.452555746E-2,-4.373795092E-1
2.891046538E1,-4.306600094E-1,-1.197295859E-1,-3.946189582E-1
2.891253465E1,-4.098905921E-1,-1.392772794E-1,-3.689626157E-1
2.891456877E1,-3.677408695E-1,-1.789835095E-1,-3.213151097E-1
2.891659461E1,-3.249803185E-1,-2.156354338E-1,-2.724458873E-1
2.891859419E1,-3.066543639E-1,-2.309070677E-1,-2.406809032E-1
2.892066280E1,-2.681698501E-1,-2.565633953E-1,-1.924225539E-1
2.892269734E1,-2.290744632E-1,-2.773328125E-1,-1.362229437E-1
2.892474784E1,-2.101376504E-1,-2.828305960E-1,-1.093448773E-1
2.892691892E1,-1.740965992E-1,-2.974913716E-1,-4.886921868E-2
2.892875411E1,-1.356120855E-1,-3.011565804E-1,8.552113548E-3
2.893075388E1,-1.203404516E-1,-3.017674387E-1,3.726277873E-2
2.893282292E1,-8.735372871E-2,-2.974913716E-1,9.101892263E-2
2.893485784E1,-5.619960278E-2,-2.834414840E-1,1.447750628E-1
2.893692642E1,-4.092797264E-2,-2.736676335E-1,1.692096740E-1
2.893896088E1,-1.771509275E-2,-2.480112910E-1,2.162462920E-1
2.894102900E1,6.719517522E-3,-2.156354338E-1,2.577851415E-1
2.894306346E1,2.565634064E-2,-1.728748679E-1,2.950479090E-1
2.894508173E1,3.237585723E-2,-1.527163088E-1,3.090978265E-1
2.894721400E1,4.764748737E-2,-1.050688252E-1,3.347541690E-1
2.894912842E1,6.108652428E-2,-5.192354694E-2,3.573561609E-1
2.895112773E1,6.230825558E-2,-2.382374369E-2,3.616322279E-1
2.895319680E1,6.719517708E-2,3.481931984E-2,3.701843321E-1
2.895523130E1,6.963863969E-2,9.162978828E-2,3.707951903E-1
2.895729992E1,6.963863969E-2,1.197295859E-1,3.695734739E-1
2.895933427E1,6.597344577E-2,1.740965992E-1,3.652974069E-1
2.896140342E1,5.803219974E-2,2.266310006E-1,3.500257730E-1
2.896343834E1,5.253441259E-2,2.516764700E-1,3.451388776E-1
2.896550619E1,3.481931984E-2,2.999348342E-1,3.323107064E-1
2.896750861E1,1.649336144E-2,3.451388776E-1,3.127630055E-1
2.896952969E1,4.276056774E-3,3.659082949E-1,3.017674387E-1
2.897156380E1,-1.710422710E-2,4.068362415E-1,2.840523422E-1
2.897363326E1,-4.092797264E-2,4.392121136E-1,2.590068579E-1
2.897566784E1,-5.009094998E-2,4.544837475E-1,2.528982162E-1
2.897773646E1,-6.658431143E-2,4.783074856E-1,2.290744632E-1
2.897977142E1,-7.880161703E-2,4.893030524E-1,2.119702399E-1
2.898184069E1,-8.368854225E-2,4.905247986E-1,2.040289938E-1
2.898387565E1,-8.796459436E-2,4.813618064E-1,1.936442852E-1
2.898589861E1,-8.674286306E-2,4.599815309E-1,1.838704348E-1
2.898797742E1,-8.674286306E-2,4.245513380E-1,1.826487035E-1
2.898999865E1,-8.613199741E-2,4.013384581E-1,1.857030392E-1
2.899203242E1,-8.124507964E-2,3.524692357E-1,1.893682331E-1
2.899410169E1,-7.452555746E-2,2.919935882E-1,2.003637999E-1
2.899613623E1,-7.086037099E-2,2.583959997E-1,2.058615834E-1
2.899820503E1,-6.414084882E-2,1.948660165E-1,2.211332172E-1
2.900023969E1,-6.108652428E-2,1.319468915E-1,2.461786866E-1
2.900230869E1,-5.619960278E-2,9.957103431E-2,2.602286041E-1
2.900434288E1,-5.070181563E-2,4.398229718E-2,2.852740586E-1
2.900645803E1,-4.153883830E-2,-6.108652335E-3,3.213151097E-1
2.900855065E1,-4.276056588E-2,-2.504547499E-2,3.396410644E-1
2.901046542E1,-3.543018550E-2,-6.108652428E-2,3.756821156E-1
2.901246473E1,-2.687807009E-2,-8.246681094E-2,4.202753007E-1
2.901453407E1,-2.382374369E-2,-9.101892263E-2,4.386012554E-1
2.901658334E1,-1.466076635E-2,-9.773843735E-2,4.783074856E-1
2.901863788E1,-7.330383174E-3,-9.346238524E-2,5.222898126E-1
2.902067265E1,-3.665191587E-3,-8.552113175E-2,5.375614166E-1
2.902274157E1,1.221730490E-3,-6.536258012E-2,5.760459304E-1
2.902477569E1,7.941247895E-3,-3.848451003E-2,6.120869517E-1
2.902679123E1,1.343903504E-2,0.000000000E0,6.371324658E-1
2.902894253E1,1.466076635E-2,2.076941915E-2,6.487388611E-1
2.903084815E1,1.466076635E-2,6.414084882E-2,6.719517708E-1
2.903284792E1,9.162978269E-3,1.136209369E-1,6.853908300E-1
2.903491684E1,4.276056774E-3,1.362229437E-1,6.933320761E-1
2.903695150E1,-6.108652335E-3,1.844813079E-1,7.049384713E-1
2.903902046E1,-1.954768784E-2,2.309070677E-1,7.043276429E-1
2.904105496E1,-2.871066704E-2,2.504547536E-1,7.031059265E-1
2.904312357E1,-5.070181563E-2,2.938261926E-1,7.049384713E-1
2.904515753E1,-7.574728876E-2,3.286454976E-1,6.994407177E-1
2.904727246E1,-8.796459436E-2,3.469714522E-1,6.914994717E-1
2.904931050E1,-1.136209369E-1,3.744603992E-1,6.872233748E-1
2.905133184E1,-1.423316002E-1,3.970624208E-1,6.750060916E-1
2.905336684E1,-1.521054506E-1,4.068362415E-1,6.640105247E-1
2.905543557E1,-1.771509200E-1,4.141666293E-1,6.572909951E-1
2.905747076E1,-1.979203373E-1,4.117231667E-1,6.383541822E-1
2.905953930E1,-2.144137025E-1,3.995058835E-1,6.255260110E-1
2.906157461E1,-2.211332172E-1,3.891211748E-1,6.200281978E-1
2.906364411E1,-2.339613885E-1,3.622430861E-1,6.078109145E-1
2.906567896E1,-2.376265824E-1,3.255911767E-1,5.998696685E-1
2.906769842E1,-2.412917763E-1,3.060434759E-1,5.998696685E-1
2.906977750E1,-2.419026345E-1,2.657263875E-1,5.931501389E-1
2.907179803E1,-2.400700450E-1,2.254092693E-1,5.998696685E-1
2.907383369E1,-2.376265824E-1,2.058615834E-1,6.035348773E-1
2.907590330E1,-2.327396572E-1,1.734857261E-1,6.133087277E-1
2.907793765E1,-2.241875380E-1,1.521054506E-1,6.291912198E-1
2.908000726E1,-2.241875380E-1,1.398881376E-1,6.420193911E-1
2.908204188E1,-2.211332172E-1,1.337794960E-1,6.603453159E-1
2.908411176E1,-2.162462920E-1,1.417207420E-1,6.780604124E-1
2.908614546E1,-2.156354338E-1,1.484402567E-1,6.878342628E-1
2.908826092E1,-2.199114859E-1,1.728748679E-1,7.018841505E-1
2.909035423E1,-2.217440903E-1,2.138028294E-1,7.079927921E-1
2.909226957E1,-2.235766798E-1,2.388483137E-1,7.098253965E-1
2.909426884E1,-2.321287990E-1,2.944370508E-1,7.031059265E-1
2.909633796E1,-2.419026345E-1,3.591887653E-1,6.902777553E-1
2.909837284E1,-2.510656118E-1,4.331034720E-1,6.646214128E-1
2.910044192E1,-2.559525371E-1,4.667010605E-1,6.469063163E-1
2.910247638E1,-2.687807083E-1,5.424483418E-1,6.108652353E-1
2.910454573E1,-2.816088796E-1,6.078109145E-1,5.717698932E-1
2.910658069E1,-2.901609838E-1,6.420193911E-1,5.436700583E-1
2.910859930E1,-3.066543639E-1,7.031059265E-1,4.954117239E-1
2.911073326E1,-3.268128932E-1,7.574729323E-1,4.428772926E-1
2.911264719E1,-3.378084898E-1,7.837401032E-1,4.166100919E-1
2.911464696E1,-3.610213697E-1,8.258898258E-1,3.640756905E-1
2.911671630E1,-3.866777122E-1,8.582656980E-1,3.127630055E-1
2.911875057E1,-4.025602043E-1,8.717046976E-1,2.877175212E-1
2.912081996E1,-4.337143302E-1,8.900306821E-1,2.357939780E-1
2.912285538E1,-4.679227769E-1,8.985827565E-1,1.893682331E-1
2.912492469E1,-4.844161272E-1,8.973610401E-1,1.661553532E-1
2.912695888E1,-5.204572082E-1,8.888089061E-1,1.240056455E-1
2.912902061E1,-5.564982295E-1,8.723155856E-1,8.796459436E-2
2.913102307E1,-5.748242140E-1,8.582656980E-1,7.208210230E-2
2.913304542E1,-6.139195561E-1,8.246681094E-1,3.848451003E-2
2.913507957E1,-6.475171447E-1,7.782423496E-1,1.527163107E-2
2.913714888E1,-6.633996367E-1,7.544185519E-1,3.665191587E-3
2.913918342E1,-6.963863969E-1,6.939429045E-1,-2.321287990E-2
2.914125207E1,-7.250970602E-1,6.255260110E-1,-3.665191308E-2
2.914328607E1,-7.519751191E-1,5.485569835E-1,-5.192354694E-2
2.914535484E1,-7.641924024E-1,5.064072609E-1,-5.864306539E-2
2.914738880E1,-7.843509912E-1,4.178318381E-1,-7.208210230E-2
2.914940523E1,-8.026769161E-1,3.231477141E-1,-8.124507964E-2
2.915148422E1,-8.075638413E-1,2.730567753E-1,-8.552113175E-2
2.915350542E1,-8.179485798E-1,1.698205322E-1,-8.857546002E-2
2.915554076E1,-8.197811842E-1,6.352998316E-2,-9.712757170E-2
2.915760976E1,-8.222246170E-1,4.276056774E-3,-9.468411654E-2
2.915964422E1,-8.191702962E-1,-1.062905490E-1,-9.896016866E-2
2.916166876E1,-8.136724830E-1,-2.168571651E-1,-9.773843735E-2
2.916366865E1,-8.081747293E-1,-2.681698501E-1,-9.896016866E-2
2.916573780E1,-7.977899909E-1,-3.707951903E-1,-9.346238524E-2
2.916777307E1,-7.861835957E-1,-4.667010605E-1,-9.162978828E-2
2.916988884E1,-7.757988572E-1,-5.094616413E-1,-9.162978828E-2
2.917205992E1,-7.605272532E-1,-5.919284225E-1,-8.674286306E-2
2.917393146E1,-7.397578359E-1,-6.652322412E-1,-8.124507964E-2
2.917593115E1,-7.312057018E-1,-6.963863969E-1,-7.941248268E-2
2.917800053E1,-7.098253965E-1,-7.531968355E-1,-7.269296050E-2
2.918003522E1,-6.896668673E-1,-7.959573865E-1,-6.658431143E-2
2.918210434E1,-6.676757336E-1,-8.246681094E-1,-6.414084882E-2
2.918413915E1,-6.597344875E-1,-8.362745047E-1,-5.864306539E-2
2.918620773E1,-6.377432942E-1,-8.454375267E-1,-5.803219974E-2
2.918824246E1,-6.224716902E-1,-8.454375267E-1,-5.558873713E-2
2.919025969E1,-6.114761233E-1,-8.405506015E-1,-5.619960278E-2
2.919239411E1,-5.949827433E-1,-8.222246170E-1,-5.375614017E-2
2.919430092E1,-5.766568184E-1,-7.947356701E-1,-5.558873713E-2
2.919629980E1,-5.693264008E-1,-7.776314616E-1,-5.497787148E-2
2.919836926E1,-5.516113043E-1,-7.373143435E-1,-5.681046844E-2
2.920040392E1,-5.369505286E-1,-6.951646209E-1,-6.047565863E-2
2.920247180E1,-5.265658498E-1,-6.695083380E-1,-5.803219974E-2
2.920450638E1,-5.076290369E-1,-6.169738770E-1,-6.108652428E-2
2.920657542E1,-4.856378734E-1,-5.662720799E-1,-6.169738993E-2
2.920860934E1,-4.740314186E-1,-5.375614166E-1,-6.047565863E-2
2.921072430E1,-4.483750761E-1,-4.825835526E-1,-5.925392732E-2
2.921276138E1,-4.184426963E-1,-4.251621962E-1,-5.497787148E-2
2.921478249E1,-4.025602043E-1,-3.964515328E-1,-5.619960278E-2
2.921681749E1,-3.707951903E-1,-3.408628106E-1,-4.886921868E-2
2.921888657E1,-3.378084898E-1,-2.846632004E-1,-4.214970022E-2
2.922092088E1,-3.005456924E-1,-2.302961946E-1,-3.848451003E-2
2.922298965E1,-2.822197378E-1,-2.058615834E-1,-3.298672289E-2
2.922502380E1,-2.437352389E-1,-1.551597714E-1,-2.138028294E-2
2.922709223E1,-2.021963894E-1,-1.038470939E-1,-2.015855350E-2
2.922912692E1,-1.850921661E-1,-8.185594529E-2,-1.282817032E-2
2.923115242E1,-1.429424733E-1,-4.398229718E-2,-7.330383174E-3
2.923323138E1,-1.007927656E-1,-8.552113548E-3,-7.330383174E-3
2.923525288E1,-8.307767659E-2,4.886921961E-3,-3.054326167E-3
2.923728749E1,-4.153883830E-2,3.359758854E-2,-3.054326167E-3
2.923935592E1,-3.665191587E-3,5.925392732E-2,-1.832595794E-3
2.924139057E1,1.404990070E-2,7.147123665E-2,-6.719517522E-3
2.924345957E1,5.131268129E-2,9.651670605E-2,-1.160643995E-2
2.924549357E1,8.796459436E-2,1.191187203E-1,-2.382374369E-2
2.924756265E1,1.044579595E-1,1.282816976E-1,-2.626720630E-2
2.924959622E1,1.398881376E-1,1.459967941E-1,-4.276056588E-2
2.925171180E1,1.679879427E-1,1.594358236E-1,-6.169738993E-2
2.925380465E1,1.991420686E-1,1.685988009E-1,-8.124507964E-2
2.925571915E1,2.144137025E-1,1.692096740E-1,-9.590584040E-2
2.925771865E1,2.443460971E-1,1.734857261E-1,-1.227839142E-1
2.925978746E1,2.706133127E-1,1.710422635E-1,-1.514945775E-1
2.926182219E1,2.828305960E-1,1.698205322E-1,-1.667662114E-1
2.926389207E1,3.029891551E-1,1.631010175E-1,-1.973094791E-1
2.926592730E1,3.274237812E-1,1.527163088E-1,-2.260201424E-1
2.926799615E1,3.371976018E-1,1.459967941E-1,-2.431243658E-1
2.927003046E1,3.549126983E-1,1.301143020E-1,-2.761110961E-1
2.927203115E1,3.720169365E-1,1.105666086E-1,-3.048217595E-1
2.927416469E1,3.793473244E-1,9.834930301E-2,-3.213151097E-1
2.927607019E1,3.915646076E-1,7.635815442E-2,-3.500257730E-1
2.927806957E1,4.037819207E-1,4.948008433E-2,-3.726277947E-1
2.928013919E1,4.050036669E-1,3.604105115E-2,-3.830125034E-1
2.928217280E1,4.141666293E-1,6.108652335E-3,-4.068362415E-1
2.928424169E1,4.227187634E-1,-2.443460934E-2,-4.251621962E-1
2.928627707E1,4.239404798E-1,-4.214970022E-2,-4.306600094E-1
2.928834661E1,4.276056588E-1,-7.513642311E-2,-4.434881806E-1
2.929038038E1,4.343251884E-1,-1.123992056E-1,-4.508185387E-1
2.929244811E1,4.398229718E-1,-1.313360333E-1,-4.593706727E-1
2.929445053E1,4.422664344E-1,-1.673770845E-1,-4.624249935E-1
2.929647230E1,4.459316432E-1,-2.064724565E-1,-4.587597847E-1
2.929850657E1,4.459316432E-1,-2.260201424E-1,-4.581489265E-1
2.930057630E1,4.483750761E-1,-2.620611787E-1,-4.563163519E-1
2.930261076E1,4.502076805E-1,-2.944370508E-1,-4.508185387E-1
2.930467973E1,4.520402849E-1,-3.249803185E-1,-4.410447180E-1
2.930671392E1,4.557054639E-1,-3.378084898E-1,-4.379903674E-1
2.930878196E1,4.526511431E-1,-3.646865487E-1,-4.208861589E-1
2.931081607E1,4.538728893E-1,-3.866777122E-1,-4.074471295E-1
2.931283873E1,4.520402849E-1,-3.933972120E-1,-3.982841372E-1
2.931491707E1,4.520402849E-1,-4.068362415E-1,-3.781255782E-1
2.931693888E1,4.495968223E-1,-4.190535545E-1,-3.591887653E-1
2.931897365E1,4.465425014E-1,-4.184426963E-1,-3.445279896E-1
2.932104284E1,4.447098970E-1,-4.190535545E-1,-3.194825351E-1
2.932307799E1,4.386012554E-1,-4.153883755E-1,-2.956587672E-1
2.932514688E1,4.349360466E-1,-4.098905921E-1,-2.828305960E-1
2.932718149E1,4.294382632E-1,-3.970624208E-1,-2.559525371E-1
2.932924980E1,4.214970171E-1,-3.769038618E-1,-2.302961946E-1
2.933128457E1,4.166100919E-1,-3.640756905E-1,-2.180788964E-1
2.933340076E1,4.068362415E-1,-3.359758854E-1,-1.899790913E-1
2.933549249E1,3.995058835E-1,-3.042109013E-1,-1.698205322E-1
2.933740723E1,3.897320330E-1,-2.669481039E-1,-1.453859210E-1
2.933940753E1,3.848451078E-1,-2.474004179E-1,-1.362229437E-1
2.934147611E1,3.701843321E-1,-2.095267773E-1,-1.166752651E-1
2.934351015E1,3.591887653E-1,-1.734857261E-1,-9.773843735E-2
2.934557930E1,3.524692357E-1,-1.545489132E-1,-8.735372871E-2
2.934761396E1,3.408628106E-1,-1.142318025E-1,-7.391469181E-2
2.934968276E1,3.268128932E-1,-7.880161703E-2,-6.047565863E-2
2.935171665E1,3.213151097E-1,-6.291911751E-2,-5.436700583E-2
2.935374765E1,3.090978265E-1,-3.054326214E-2,-4.398229718E-2
2.935588034E1,2.981022298E-1,-3.054326167E-3,-3.787364438E-2
2.935779530E1,2.944370508E-1,9.162978269E-3,-3.115412779E-2
2.935979469E1,2.828305960E-1,2.687807009E-2,-2.565634064E-2
2.936186365E1,2.767219543E-1,3.848451003E-2,-1.893682219E-2
2.936389742E1,2.736676335E-1,4.642575979E-2,-1.832595654E-2
2.936596673E1,2.687807083E-1,5.314527452E-2,-1.343903504E-2
2.936800138E1,2.687807083E-1,5.314527452E-2,-1.404990070E-2
2.937007076E1,2.687807083E-1,5.436700583E-2,-1.343903504E-2
2.937210538E1,2.663372457E-1,4.886921868E-2,-7.330383174E-3
2.937415476E1,2.730567753E-1,3.909537569E-2,-1.466076635E-2
2.937615907E1,2.748893499E-1,3.543018550E-2,-1.221730467E-2
2.937818153E1,2.822197378E-1,2.076941915E-2,-1.466076635E-2
2.938021630E1,2.926044464E-1,4.886921961E-3,-1.771509275E-2
2.938228565E1,3.017674387E-1,-1.221730467E-2,-2.199114859E-2
2.938432030E1,3.097086847E-1,-2.015855350E-2,-2.443460934E-2
2.938638961E1,3.231477141E-1,-3.970624134E-2,-3.298672289E-2
2.938842430E1,3.396410644E-1,-6.108652428E-2,-4.153883830E-2
2.939049380E1,3.463605940E-1,-7.147123665E-2,-4.459316283E-2
2.939252761E1,3.646865487E-1,-9.040805697E-2,-5.314527452E-2
2.939455096E1,3.860668242E-1,-1.069014147E-1,-6.414084882E-2
2.939662922E1,3.946189582E-1,-1.191187203E-1,-7.024950534E-2
2.939865072E1,4.172209501E-1,-1.337794960E-1,-7.941248268E-2
2.940068569E1,4.422664344E-1,-1.478293836E-1,-9.101892263E-2
2.940275461E1,4.520402849E-1,-1.557706445E-1,-9.651670605E-2
2.940478934E1,4.764748812E-1,-1.685988009E-1,-1.075122803E-1
2.940681430E1,5.009095073E-1,-1.795943826E-1,-1.197295859E-1
2.940881342E1,5.125159621E-1,-1.850921661E-1,-1.246165112E-1
2.941088253E1,5.400048494E-1,-1.912008226E-1,-1.368338168E-1
2.941291699E1,5.656611919E-1,-1.979203373E-1,-1.453859210E-1
2.941503196E1,5.949827433E-1,-2.040289938E-1,-1.569923609E-1
2.941720330E1,6.090326309E-1,-2.083050460E-1,-1.600466967E-1
2.941907392E1,6.334672570E-1,-2.125810981E-1,-1.612684280E-1
2.942107342E1,6.493497491E-1,-2.156354338E-1,-1.673770845E-1
2.942314249E1,6.762278080E-1,-2.186897546E-1,-1.722639948E-1
2.942519272E1,7.031059265E-1,-2.162462920E-1,-1.728748679E-1
2.942724592E1,7.336491346E-1,-2.131919712E-1,-1.734857261E-1
2.942928072E1,7.483099103E-1,-2.138028294E-1,-1.716531366E-1
2.943134922E1,7.751879692E-1,-2.034181207E-1,-1.685988009E-1
2.943338353E1,8.026769161E-1,-1.912008226E-1,-1.637118906E-1
2.943538326E1,8.173376918E-1,-1.850921661E-1,-1.612684280E-1
2.943751596E1,8.442157507E-1,-1.661553532E-1,-1.533271819E-1
2.943943069E1,8.686503768E-1,-1.411098689E-1,-1.423316002E-1
2.944143103E1,8.814785480E-1,-1.288925707E-1,-1.392772794E-1
2.944349930E1,9.028588533E-1,-9.957103431E-2,-1.209513173E-1
2.944553415E1,9.291260242E-1,-6.902777404E-2,-1.062905490E-1
2.944760338E1,9.388998747E-1,-5.009094998E-2,-9.590584040E-2
2.944963788E1,9.627236128E-1,-1.466076635E-2,-7.574728876E-2
2.945170692E1,9.822713137E-1,1.893682219E-2,-5.070181563E-2
2.945374099E1,9.932668805E-1,3.665191308E-2,-4.031710699E-2
2.945581734E1,1.010982037E0,6.597344577E-2,-1.404990070E-2
2.945781972E1,1.030529618E0,9.407325089E-2,1.038470957E-2
2.945984146E1,1.040914416E0,1.075122803E-1,2.626720630E-2
2.946187696E1,1.062294602E0,1.362229437E-1,5.253441259E-2
2.946394546E1,1.084285855E0,1.631010175E-1,8.063421398E-2
2.946598122E1,1.104444385E0,1.783726513E-1,9.834930301E-2
2.946805053E1,1.111774802E0,2.076941878E-1,1.282816976E-1
2.947008584E1,1.124602914E0,2.376265824E-1,1.521054506E-1
2.947215499E1,1.126435518E0,2.651155293E-1,1.771509200E-1
2.947419019E1,1.122770309E0,2.761110961E-1,1.881465018E-1
2.947622249E1,1.108720422E0,3.036000133E-1,2.028072625E-1
2.947830149E1,1.084285855E0,3.231477141E-1,2.180788964E-1
2.948032353E1,1.070846796E0,3.323107064E-1,2.229658216E-1
2.948235872E1,1.034805775E0,3.420845270E-1,2.247984111E-1
2.948442807E1,9.932668805E-1,3.445279896E-1,2.266310006E-1
2.948646349E1,9.731083512E-1,3.433062732E-1,2.241875380E-1
2.948853280E1,9.254608750E-1,3.316998184E-1,2.138028294E-1
2.949056784E1,8.765916228E-1,3.115412891E-1,2.058615834E-1
2.949263738E1,8.515461683E-1,2.956587672E-1,1.948660165E-1
2.949467107E1,7.959573865E-1,2.528982162E-1,1.716531366E-1
2.949678715E1,7.403686643E-1,1.991420686E-1,1.466076523E-1
2.949888153E1,6.823364496E-1,1.350012124E-1,1.123992056E-1
2.950078776E1,6.511823535E-1,9.834930301E-2,9.162978828E-2
2.950278711E1,5.888741016E-1,1.954768784E-2,5.192354694E-2
2.950485765E1,5.198463202E-1,-5.314527452E-2,6.108652335E-3
2.950689130E1,4.813618064E-1,-8.735372871E-2,-1.527163107E-2
2.950896092E1,4.092797041E-1,-1.502728462E-1,-6.230825558E-2
2.951099565E1,3.304781020E-1,-1.997529417E-1,-1.105666086E-1
2.951306480E1,2.907718420E-1,-2.211332172E-1,-1.325577646E-1
2.951509980E1,2.089159191E-1,-2.528982162E-1,-1.753183305E-1
2.951711619E1,1.319468915E-1,-2.681698501E-1,-2.211332172E-1
2.951924857E1,8.796459436E-2,-2.736676335E-1,-2.376265824E-1
2.952116315E1,1.160643995E-2,-2.706133127E-1,-2.767219543E-1
2.952316230E1,-6.536258012E-2,-2.535090744E-1,-3.121521473E-1
2.952523165E1,-1.001819000E-1,-2.419026345E-1,-3.286454976E-1
2.952726649E1,-1.795943826E-1,-2.186897546E-1,-3.604104817E-1
2.952933453E1,-2.486221492E-1,-1.942551434E-1,-3.958406746E-1
2.953136946E1,-2.840523422E-1,-1.826487035E-1,-4.111123085E-1
2.953343811E1,-3.530801237E-1,-1.600466967E-1,-4.398229718E-1
2.953547265E1,-4.190535545E-1,-1.398881376E-1,-4.734205604E-1
2.953752222E1,-4.514294267E-1,-1.307251602E-1,-4.868595898E-1
2.953954265E1,-5.137376785E-1,-1.154535338E-1,-5.100724697E-1
2.954156415E1,-5.736024380E-1,-9.651670605E-2,-5.351179838E-1
2.954359888E1,-5.998696685E-1,-8.735372871E-2,-5.455026627E-1
2.954566853E1,-6.548475623E-1,-6.902777404E-2,-5.595525503E-1
2.954770261E1,-7.012733221E-1,-5.436700583E-2,-5.760459304E-1
2.954977265E1,-7.483099103E-1,-3.909537569E-2,-5.797111392E-1
2.955180722E1,-7.690793276E-1,-3.054326214E-2,-5.833762884E-1
2.955387761E1,-8.075638413E-1,-1.343903504E-2,-5.876523852E-1
2.955591311E1,-8.417723179E-1,6.108652335E-3,-5.815436840E-1
2.955794646E1,-8.619308472E-1,1.404990070E-2,-5.784893632E-1
2.956002599E1,-8.894197941E-1,3.665191308E-2,-5.711590052E-1
2.956204822E1,-9.181304574E-1,6.108652428E-2,-5.546656251E-1
2.956408349E1,-9.309586287E-1,7.269296050E-2,-5.406157374E-1
2.956615234E1,-9.468411207E-1,9.834930301E-2,-5.222898126E-1
2.956818665E1,-9.633345008E-1,1.270599663E-1,-4.972442985E-1
2.957025626E1,-9.706648588E-1,1.404990107E-1,-4.801400900E-1
2.957229042E1,-9.761626720E-1,1.716531366E-1,-4.514294267E-1
2.957435946E1,-9.761626720E-1,1.997529417E-1,-4.214970171E-1
2.957639499E1,-9.700540304E-1,2.278527319E-1,-3.854559660E-1
2.957851080E1,-9.657779336E-1,2.437352389E-1,-3.677408695E-1
2.958060311E1,-9.486737251E-1,2.712241709E-1,-3.298672438E-1
2.958251961E1,-9.291260242E-1,2.981022298E-1,-2.913827300E-1
2.958451926E1,-9.181304574E-1,3.121521473E-1,-2.730567753E-1
2.958658872E1,-8.888089061E-1,3.371976018E-1,-2.321287990E-1
2.958862342E1,-8.533787727E-1,3.640756905E-1,-1.942551434E-1
2.959069230E1,-8.350527883E-1,3.750712574E-1,-1.771509200E-1
2.959272715E1,-7.977899909E-1,3.988949955E-1,-1.331686229E-1
2.959479649E1,-7.544185519E-1,4.202753007E-1,-9.712757170E-2
2.959683072E1,-7.312057018E-1,4.312708676E-1,-7.635815442E-2
2.959885507E1,-6.841690540E-1,4.465425014E-1,-3.665191308E-2
2.960098738E1,-6.371324658E-1,4.575380683E-1,6.108652451E-4
2.960290311E1,-6.120869517E-1,4.618141353E-1,2.260201424E-2
2.960490261E1,-5.613851547E-1,4.630358517E-1,5.803219974E-2
2.960697276E1,-5.131267905E-1,4.612032473E-1,9.407325089E-2
2.960900757E1,-4.856378734E-1,4.550946057E-1,1.093448773E-1
2.961107684E1,-4.392121136E-1,4.398229718E-1,1.404990107E-1
2.961311118E1,-3.909537494E-1,4.208861589E-1,1.704314053E-1
2.961518095E1,-3.652974069E-1,4.092797041E-1,1.826487035E-1
2.961721561E1,-3.194825351E-1,3.854559660E-1,2.089159191E-1
2.961928334E1,-2.742784917E-1,3.555235863E-1,2.327396572E-1
2.962128469E1,-2.260201424E-1,3.255911767E-1,2.449569702E-1
2.962330649E1,-2.058615834E-1,3.097086847E-1,2.638937831E-1
2.962534080E1,-1.624901593E-1,2.773328125E-1,2.803871334E-1
2.962741019E1,-1.197295859E-1,2.480112910E-1,2.889392674E-1
2.962944453E1,-9.773843735E-2,2.290744632E-1,2.968805134E-1
2.963151392E1,-5.925392732E-2,1.973094791E-1,3.036000133E-1
2.963354915E1,-2.138028294E-2,1.649336219E-1,3.084869385E-1
2.963561865E1,-4.276056774E-3,1.514945775E-1,3.072652221E-1
2.963765307E1,2.932153270E-2,1.172861308E-1,3.011565804E-1
2.963967765E1,5.803219974E-2,8.185594529E-2,2.907718420E-1
2.964175722E1,7.208210230E-2,6.475171447E-2,2.871066630E-1
2.964377938E1,9.224065393E-2,2.626720630E-2,2.693915665E-1
2.964581457E1,1.130100712E-1,-8.552113548E-3,2.461786866E-1
2.964788430E1,1.191187203E-1,-2.993239649E-2,2.382374406E-1
2.964991892E1,1.313360333E-1,-6.841690838E-2,2.034181207E-1
2.965194322E1,1.343903542E-1,-1.038470939E-1,1.722639948E-1
2.965394322E1,1.362229437E-1,-1.240056455E-1,1.557706445E-1
2.965601242E1,1.337794960E-1,-1.643227488E-1,1.172861308E-1
2.965804642E1,1.240056455E-1,-2.040289938E-1,7.391469181E-2
2.966016238E1,1.136209369E-1,-2.382374406E-1,3.481931984E-2
2.966233230E1,1.075122803E-1,-2.547308207E-1,1.221730467E-2
2.966420257E1,8.796459436E-2,-2.822197378E-1,-2.748893574E-2
2.966620234E1,6.719517708E-2,-3.023782969E-1,-6.780604273E-2
2.966827115E1,5.742133409E-2,-3.084869385E-1,-8.796459436E-2
2.967030468E1,3.848451003E-2,-3.133738637E-1,-1.221730486E-1
2.967237361E1,1.710422710E-2,-3.090978265E-1,-1.527163088E-1
2.967440861E1,7.330383174E-3,-3.023782969E-1,-1.661553532E-1
2.967647784E1,-1.527163107E-2,-2.871066630E-1,-1.881465018E-1
2.967851268E1,-3.909537569E-2,-2.620611787E-1,-2.070833147E-1
2.968053822E1,-5.009094998E-2,-2.480112910E-1,-2.138028294E-1
2.968267142E1,-6.658431143E-2,-2.156354338E-1,-2.254092693E-1
2.968458665E1,-9.040805697E-2,-1.777617931E-1,-2.278527319E-1
2.968658703E1,-9.773843735E-2,-1.551597714E-1,-2.302961946E-1
2.968865595E1,-1.178969890E-1,-1.123992056E-1,-2.266310006E-1
2.969069149E1,-1.392772794E-1,-6.719517708E-2,-2.247984111E-1
2.969276084E1,-1.478293836E-1,-4.276056588E-2,-2.205223590E-1
2.969479522E1,-1.679879427E-1,2.443460980E-3,-2.125810981E-1
2.969686503E1,-1.875356287E-1,4.459316283E-2,-2.028072625E-1
2.969889876E1,-2.021963894E-1,6.536258012E-2,-1.973094791E-1
2.970101419E1,-2.229658216E-1,1.026253626E-1,-1.838704348E-1
2.970305261E1,-2.455678284E-1,1.356120855E-1,-1.734857261E-1
2.970507399E1,-2.669481039E-1,1.624901593E-1,-1.557706445E-1
2.970710876E1,-2.779437006E-1,1.740965992E-1,-1.459967941E-1
2.970917776E1,-2.974913716E-1,1.942551434E-1,-1.313360333E-1
2.971121115E1,-3.139847219E-1,2.076941878E-1,-1.172861308E-1
2.971328038E1,-3.207042515E-1,2.156354338E-1,-1.093448773E-1
2.971531430E1,-3.359758854E-1,2.205223590E-1,-9.162978828E-2
2.971738334E1,-3.463605940E-1,2.260201424E-1,-7.696902007E-2
2.971941692E1,-3.506366611E-1,2.254092693E-1,-7.024950534E-2
2.972143965E1,-3.579670191E-1,2.211332172E-1,-5.314527452E-2
2.972351811E1,-3.616322279E-1,2.150245607E-1,-4.031710699E-2
2.972553961E1,-3.652974069E-1,2.064724565E-1,-3.237585723E-2
2.972757365E1,-3.640756905E-1,1.954768747E-1,-1.527163107E-2
2.972964188E1,-3.634648323E-1,1.808161139E-1,-4.886921961E-3
2.973167607E1,-3.616322279E-1,1.704314053E-1,6.108652335E-3
2.973374534E1,-3.579670191E-1,1.521054506E-1,2.076941915E-2
2.973577922E1,-3.543018401E-1,1.313360333E-1,3.665191308E-2
2.973784876E1,-3.451388776E-1,1.075122803E-1,5.131268129E-2
2.973988288E1,-3.408628106E-1,9.712757170E-2,5.925392732E-2
2.974199838E1,-3.323107064E-1,7.635815442E-2,7.452555746E-2
2.974409045E1,-3.194825351E-1,5.497787148E-2,8.368854225E-2
2.974600549E1,-3.145956099E-1,4.642575979E-2,9.285151958E-2
2.974800499E1,-3.011565804E-1,2.871066704E-2,1.081231460E-1
2.975007322E1,-2.864958048E-1,1.404990070E-2,1.123992056E-1
2.975210818E1,-2.785545588E-1,7.330383174E-3,1.172861308E-1
2.975417757E1,-2.632829249E-1,-5.497787148E-3,1.264491081E-1
2.975621211E1,-2.437352389E-1,-1.221730467E-2,1.258382350E-1
2.975828138E1,-2.370157093E-1,-1.527163107E-2,1.288925707E-1
2.976031549E1,-2.211332172E-1,-1.893682219E-2,1.325577646E-1
2.976234068E1,-2.058615834E-1,-1.893682219E-2,1.313360333E-1
2.976447334E1,-1.887573600E-1,-1.832595654E-2,1.288925707E-1
2.976638853E1,-1.808161139E-1,-1.832595654E-2,1.240056455E-1
2.976838761E1,-1.667662114E-1,-1.099557430E-2,1.130100712E-1
2.977045738E1,-1.582140923E-1,-9.162978269E-3,1.123992056E-1
2.977249207E1,-1.447750628E-1,-3.054326167E-3,1.020144969E-1
2.977456145E1,-1.270599663E-1,3.665191587E-3,8.552113175E-2
2.977659638E1,-1.154535338E-1,1.221730467E-2,7.147123665E-2
2.977866526E1,-1.069014147E-1,1.588249579E-2,6.475171447E-2
2.978069972E1,-9.468411654E-2,2.565634064E-2,4.092797264E-2
2.978276815E1,-7.941248268E-2,3.726277873E-2,2.321287990E-2
2.978477130E1,-7.635815442E-2,3.787364438E-2,1.588249579E-2
2.978679349E1,-6.414084882E-2,4.581489414E-2,-6.108652335E-3
2.978882780E1,-5.619960278E-2,5.558873713E-2,-2.504547499E-2
2.979089757E1,-4.703662544E-2,6.047565863E-2,-3.543018550E-2
2.979293230E1,-3.665191308E-2,6.780604273E-2,-5.803219974E-2
2.979500192E1,-2.626720630E-2,7.635815442E-2,-7.391469181E-2
2.979703669E1,-2.321287990E-2,8.063421398E-2,-8.185594529E-2
2.979910603E1,-1.527163107E-2,9.040805697E-2,-1.014036313E-1
2.980114138E1,-4.886921961E-3,9.957103431E-2,-1.148426682E-1
2.980317380E1,0.000000000E0,1.044579595E-1,-1.233947799E-1
2.980525218E1,6.108652335E-3,1.111774743E-1,-1.356120855E-1
2.980727480E1,1.343903504E-2,1.197295859E-1,-1.447750628E-1
2.980930972E1,1.771509275E-2,1.240056455E-1,-1.502728462E-1
2.981137861E1,2.382374369E-2,1.258382350E-1,-1.563815027E-1
2.981343218E1,3.359758854E-2,1.301143020E-1,-1.655444801E-1
2.981550211E1,3.665191308E-2,1.301143020E-1,-1.655444801E-1
2.981753676E1,4.153883830E-2,1.295034289E-1,-1.710422635E-1
2.981960584E1,4.520402849E-2,1.282816976E-1,-1.722639948E-1
2.982164115E1,5.192354694E-2,1.258382350E-1,-1.747074574E-1
2.982369142E1,5.131268129E-2,1.258382350E-1,-1.716531366E-1
2.982578349E1,5.803219974E-2,1.227839142E-1,-1.704314053E-1
2.982768884E1,5.925392732E-2,1.191187203E-1,-1.728748679E-1
2.982968876E1,6.047565863E-2,1.148426682E-1,-1.734857261E-1
2.983175768E1,6.108652428E-2,1.130100712E-1,-1.679879427E-1
2.983380622E1,6.291911751E-2,1.062905490E-1,-1.673770845E-1
2.983586130E1,6.291911751E-2,1.032362282E-1,-1.637118906E-1
2.983789734E1,6.352998316E-2,9.712757170E-2,-1.563815027E-1
2.983996622E1,6.169738993E-2,9.040805697E-2,-1.502728462E-1
2.984200203E1,6.230825558E-2,8.552113175E-2,-1.459967941E-1
2.984403403E1,6.108652428E-2,7.757988572E-2,-1.313360333E-1
2.984616653E1,6.047565863E-2,7.391469181E-2,-1.203404516E-1
2.984808095E1,5.925392732E-2,7.086037099E-2,-1.130100712E-1
2.985008099E1,5.864306539E-2,6.475171447E-2,-9.712757170E-2
2.985214945E1,5.558873713E-2,6.108652428E-2,-8.124507964E-2
2.985418442E1,5.436700583E-2,5.925392732E-2,-7.086037099E-2
2.985625280E1,5.619960278E-2,5.436700583E-2,-5.497787148E-2
2.985828707E1,5.619960278E-2,5.070181563E-2,-3.970624134E-2
2.986035599E1,5.619960278E-2,4.703662544E-2,-2.199114859E-2
2.986239072E1,5.619960278E-2,4.398229718E-2,-1.282817032E-2
2.986444049E1,5.681046844E-2,4.398229718E-2,-6.108652451E-4
2.986644499E1,5.436700583E-2,4.092797264E-2,2.076941915E-2
2.986846676E1,5.253441259E-2,4.031710699E-2,2.748893574E-2
2.987050218E1,5.375614017E-2,3.665191308E-2,4.031710699E-2
2.987257157E1,5.253441259E-2,3.481931984E-2,5.742133409E-2
2.987460649E1,5.497787148E-2,3.420845419E-2,6.475171447E-2
2.987667584E1,5.314527452E-2,3.054326214E-2,7.574728876E-2
2.987871092E1,5.070181563E-2,2.993239649E-2,8.918632567E-2
2.988078034E1,5.192354694E-2,2.809980139E-2,9.468411654E-2
2.988281526E1,4.886921868E-2,2.565634064E-2,1.001819000E-1
2.988484780E1,4.948008433E-2,2.443460934E-2,1.056796908E-1
2.988692826E1,4.642575979E-2,2.076941915E-2,1.099557430E-1
2.988894965E1,4.581489414E-2,1.649336144E-2,1.148426682E-1
2.989098507E1,4.581489414E-2,1.221730467E-2,1.130100712E-1
2.989305480E1,4.276056588E-2,1.221730467E-2,1.136209369E-1
2.989508972E1,4.459316283E-2,7.941247895E-3,1.123992056E-1
2.989711499E1,4.092797264E-2,7.330383174E-3,1.093448773E-1
2.989911434E1,4.214970022E-2,7.941247895E-3,1.032362282E-1
2.990118411E1,4.214970022E-2,4.886921961E-3,1.020144969E-1
2.990321899E1,4.214970022E-2,1.832595794E-3,9.346238524E-2
2.990526742E1,4.398229718E-2,3.665191587E-3,8.674286306E-2
2.990743715E1,4.214970022E-2,3.054326167E-3,8.124507964E-2
2.990927338E1,4.459316283E-2,1.221730490E-3,6.780604273E-2
2.991127226E1,4.886921868E-2,2.443460980E-3,5.925392732E-2
2.991334103E1,4.886921868E-2,1.221730490E-3,5.497787148E-2
2.991537530E1,5.436700583E-2,6.108652451E-4,4.214970022E-2
2.991744418E1,5.681046844E-2,3.665191587E-3,3.420845419E-2
2.991947780E1,5.864306539E-2,6.108652335E-3,2.626720630E-2
2.992154649E1,6.414084882E-2,8.552113548E-3,1.588249579E-2
2.992358126E1,7.147123665E-2,9.773843922E-3,1.038470957E-2
2.992561326E1,7.147123665E-2,1.160643995E-2,2.443460980E-3
2.992774507E1,8.002334833E-2,1.649336144E-2,-2.443460980E-3
2.992966026E1,8.368854225E-2,2.260201424E-2,-6.108652335E-3
2.993165953E1,8.613199741E-2,2.626720630E-2,-1.099557430E-2
2.993372842E1,9.590584040E-2,3.359758854E-2,-1.343903504E-2
2.993576295E1,1.032362282E-1,4.092797264E-2,-2.260201424E-2
2.993783238E1,1.069014147E-1,4.398229718E-2,-2.321287990E-2
2.993986684E1,1.172861308E-1,4.948008433E-2,-2.260201424E-2
2.994193653E1,1.215621829E-1,5.436700583E-2,-2.809980139E-2
2.994397103E1,1.227839142E-1,5.742133409E-2,-2.687807009E-2
2.994604853E1,1.307251602E-1,6.291911751E-2,-2.504547499E-2
2.994805161E1,1.362229437E-1,6.719517708E-2,-2.809980139E-2
2.995007418E1,1.404990107E-1,7.024950534E-2,-2.626720630E-2
2.995210792E1,1.459967941E-1,7.574728876E-2,-2.199114859E-2
2.995417822E1,1.514945775E-1,7.513642311E-2,-2.199114859E-2
2.995621349E1,1.594358236E-1,7.819075137E-2,-1.588249579E-2
2.995828276E1,1.600466967E-1,8.124507964E-2,-1.343903504E-2
2.996031807E1,1.649336219E-1,8.002334833E-2,-1.282817032E-2
2.996238653E1,1.692096740E-1,8.124507964E-2,-6.108652335E-3
2.996442122E1,1.710422635E-1,8.124507964E-2,-4.886921961E-3
2.996642168E1,1.771509200E-1,8.368854225E-2,-3.054326167E-3
2.996849999E1,1.783726513E-1,8.185594529E-2,4.886921961E-3
2.997052207E1,1.832595766E-1,8.124507964E-2,1.099557430E-2
2.997255684E1,1.857030392E-1,7.941248268E-2,1.404990070E-2
2.997462645E1,1.869247705E-1,7.696902007E-2,2.138028294E-2
2.997666168E1,1.881465018E-1,7.330382615E-2,2.504547499E-2
2.997873049E1,1.930334121E-1,6.841690838E-2,2.993239649E-2
2.998076603E1,1.966986060E-1,6.230825558E-2,3.787364438E-2
2.998283545E1,1.985312104E-1,5.986479297E-2,4.153883830E-2
2.998487076E1,1.997529417E-1,5.192354694E-2,4.703662544E-2
2.998692049E1,2.046398520E-1,4.642575979E-2,5.192354694E-2
2.998901334E1,2.058615834E-1,3.604105115E-2,5.986479297E-2
2.999091942E1,2.076941878E-1,3.176499158E-2,6.047565863E-2
2.999292038E1,2.107485086E-1,2.138028294E-2,6.780604273E-2
2.999498880E1,2.138028294E-1,1.038470957E-2,7.024950534E-2
2.999702426E1,2.150245607E-1,5.497787148E-3,7.391469181E-2
2.999909338E1,2.168571651E-1,-7.330383174E-3,8.002334833E-2
3.000112880E1,2.186897546E-1,-2.015855350E-2,8.429940045E-2
3.000319841E1,2.186897546E-1,-2.504547499E-2,8.735372871E-2
3.000523295E1,2.229658216E-1,-4.031710699E-2,9.040805697E-2
3.000726561E1,2.247984111E-1,-5.314527452E-2,9.651670605E-2
3.000939834E1,2.266310006E-1,-5.925392732E-2,9.529497474E-2
3.001131391E1,2.284636050E-1,-7.147123665E-2,9.712757170E-2
3.001331361E1,2.302961946E-1,-8.368854225E-2,9.773843735E-2
3.001538322E1,2.290744632E-1,-8.979719132E-2,9.834930301E-2
3.001741857E1,2.333505303E-1,-1.014036313E-1,9.712757170E-2
3.001948791E1,2.333505303E-1,-1.136209369E-1,9.834930301E-2
3.002152215E1,2.327396572E-1,-1.203404516E-1,9.712757170E-2
3.002359215E1,2.351831198E-1,-1.295034289E-1,9.651670605E-2
3.002562645E1,2.364048511E-1,-1.374446750E-1,9.712757170E-2
3.002767603E1,2.351831198E-1,-1.411098689E-1,9.346238524E-2
3.002968003E1,2.376265824E-1,-1.484402567E-1,9.101892263E-2
3.003170188E1,2.376265824E-1,-1.563815027E-1,9.101892263E-2
3.003373622E1,2.364048511E-1,-1.594358236E-1,9.040805697E-2
3.003580645E1,2.382374406E-1,-1.618792862E-1,8.674286306E-2
3.003784111E1,2.419026345E-1,-1.643227488E-1,8.185594529E-2
3.003990991E1,2.400700450E-1,-1.631010175E-1,8.491026610E-2
3.004194515E1,2.412917763E-1,-1.618792862E-1,8.674286306E-2
3.004401365E1,2.443460971E-1,-1.576032341E-1,8.246681094E-2
3.004604799E1,2.467895597E-1,-1.539380401E-1,7.880161703E-2
3.004807995E1,2.443460971E-1,-1.508837193E-1,7.819075137E-2
3.005015861E1,2.504547536E-1,-1.423316002E-1,7.513642311E-2
3.005218061E1,2.535090744E-1,-1.331686229E-1,7.941248268E-2
3.005421499E1,2.553416789E-1,-1.270599663E-1,7.513642311E-2
3.005628445E1,2.565633953E-1,-1.154535338E-1,7.147123665E-2
3.005831911E1,2.638937831E-1,-1.026253626E-1,7.024950534E-2
3.006038795E1,2.632829249E-1,-9.590584040E-2,7.086037099E-2
3.006242311E1,2.657263875E-1,-8.063421398E-2,6.536258012E-2
3.006449253E1,2.663372457E-1,-6.597344577E-2,6.719517708E-2
3.006652741E1,2.718350291E-1,-5.803219974E-2,6.597344577E-2
3.006857757E1,2.736676335E-1,-4.092797264E-2,5.681046844E-2
3.007066938E1,2.779437006E-1,-2.932153270E-2,5.925392732E-2
3.007257607E1,2.803871334E-1,-2.199114859E-2,5.619960278E-2
3.007457661E1,2.797762752E-1,-7.330383174E-3,5.314527452E-2
3.007664614E1,2.822197378E-1,4.276056774E-3,5.375614017E-2
3.007868099E1,2.840523422E-1,9.162978269E-3,5.009094998E-2
3.008075122E1,2.858849466E-1,1.832595654E-2,4.398229718E-2
3.008278645E1,2.852740586E-1,2.748893574E-2,4.520402849E-2
3.008485591E1,2.864958048E-1,3.359758854E-2,4.031710699E-2
3.008689134E1,2.871066630E-1,3.665191308E-2,3.970624134E-2
3.008892422E1,2.895501256E-1,4.337143153E-2,3.909537569E-2
3.009105845E1,2.883284092E-1,4.581489414E-2,3.420845419E-2
3.009297395E1,2.871066630E-1,4.703662544E-2,3.787364438E-2
3.009497464E1,2.895501256E-1,4.886921868E-2,3.787364438E-2
3.009704457E1,2.932153046E-1,5.009094998E-2,3.237585723E-2
3.009907930E1,2.932153046E-1,5.131268129E-2,3.176499158E-2
3.010114903E1,2.950479090E-1,4.886921868E-2,3.726277873E-2
3.010318476E1,2.968805134E-1,4.948008433E-2,3.176499158E-2
3.010525376E1,2.956587672E-1,4.825835302E-2,3.726277873E-2
3.010728861E1,2.993239760E-1,4.581489414E-2,3.787364438E-2
3.010936549E1,3.005456924E-1,4.092797264E-2,3.909537569E-2
3.011136822E1,3.029891551E-1,3.909537569E-2,3.848451003E-2
3.011338991E1,3.005456924E-1,3.481931984E-2,4.398229718E-2
3.011542445E1,3.036000133E-1,2.932153270E-2,4.276056588E-2
3.011749372E1,3.060434759E-1,3.054326214E-2,4.459316283E-2
3.011952811E1,3.084869385E-1,2.443460934E-2,4.948008433E-2
3.012159853E1,3.084869385E-1,2.076941915E-2,5.070181563E-2
3.012363311E1,3.115412891E-1,1.893682219E-2,5.314527452E-2
3.012570284E1,3.121521473E-1,1.588249579E-2,5.558873713E-2
3.012773707E1,3.152064681E-1,1.649336144E-2,5.742133409E-2
3.012977091E1,3.170390725E-1,1.404990070E-2,5.986479297E-2
3.013184918E1,3.176499307E-1,1.404990070E-2,6.047565863E-2
3.013387114E1,3.194825351E-1,1.404990070E-2,6.597344577E-2
3.013590522E1,3.213151097E-1,1.038470957E-2,6.352998316E-2
3.013797549E1,3.219259977E-1,1.160643995E-2,6.597344577E-2
3.014000938E1,3.225368559E-1,1.221730467E-2,6.658431143E-2
3.014203465E1,3.225368559E-1,1.038470957E-2,7.086037099E-2
3.014403488E1,3.249803185E-1,9.162978269E-3,6.902777404E-2
3.014610415E1,3.274237812E-1,8.552113548E-3,7.024950534E-2
3.014813861E1,3.274237812E-1,7.941247895E-3,7.024950534E-2
3.015018834E1,3.262020350E-1,7.941247895E-3,7.086037099E-2
3.015235826E1,3.274237812E-1,7.941247895E-3,7.024950534E-2
3.015419380E1,3.280346394E-1,9.162978269E-3,7.147123665E-2
3.015619388E1,3.280346394E-1,7.941247895E-3,7.208210230E-2
3.015826234E1,3.298672438E-1,1.099557430E-2,6.963863969E-2
3.016029711E1,3.310889602E-1,1.038470957E-2,7.269296050E-2
3.016236611E1,3.286454976E-1,1.038470957E-2,7.391469181E-2
3.016440088E1,3.292563558E-1,9.773843922E-3,7.147123665E-2
3.016646918E1,3.304781020E-1,9.162978269E-3,6.902777404E-2
3.016850407E1,3.304781020E-1,1.221730467E-2,6.841690838E-2
3.017053545E1,3.292563558E-1,9.773843922E-3,6.597344577E-2
3.017266822E1,3.286454976E-1,8.552113548E-3,6.658431143E-2
3.017458291E1,3.286454976E-1,8.552113548E-3,6.352998316E-2
3.017658172E1,3.243694305E-1,5.497787148E-3,6.475171447E-2
3.017865141E1,3.249803185E-1,6.719517522E-3,6.108652428E-2
3.018068545E1,3.219259977E-1,7.941247895E-3,6.047565863E-2
3.018275407E1,3.188716471E-1,4.886921961E-3,6.047565863E-2
3.018478853E1,3.207042515E-1,7.330383174E-3,5.436700583E-2
3.018685653E1,3.164281845E-1,6.108652335E-3,5.803219974E-2
3.018889095E1,3.139847219E-1,6.719517522E-3,5.436700583E-2
3.019094053E1,3.097086847E-1,8.552113548E-3,5.192354694E-2
3.019294530E1,3.072652221E-1,9.162978269E-3,4.764748737E-2
3.019496668E1,3.029891551E-1,1.099557430E-2,4.642575979E-2
3.019700176E1,2.987131178E-1,9.773843922E-3,4.520402849E-2
3.019907126E1,2.950479090E-1,1.527163107E-2,4.337143153E-2
3.020110641E1,2.932153046E-1,1.771509275E-2,4.337143153E-2
3.020317541E1,2.846632004E-1,1.893682219E-2,4.092797264E-2
3.020521088E1,2.803871334E-1,2.321287990E-2,4.092797264E-2
3.020728014E1,2.791654170E-1,2.443460934E-2,3.543018550E-2
3.020931461E1,2.712241709E-1,2.993239649E-2,3.726277873E-2
3.021134741E1,2.638937831E-1,3.420845419E-2,3.237585723E-2
3.021342545E1,2.583959997E-1,4.214970022E-2,3.176499158E-2
3.021544707E1,2.577851415E-1,4.214970022E-2,2.871066704E-2
3.021748138E1,2.486221492E-1,4.825835302E-2,2.871066704E-2
3.021955045E1,2.425135076E-1,5.619960278E-2,2.748893574E-2
3.022158538E1,2.400700450E-1,5.742133409E-2,2.321287990E-2
3.022365430E1,2.302961946E-1,6.291911751E-2,2.687807009E-2
3.022568899E1,2.254092693E-1,6.719517708E-2,2.260201424E-2
3.022775784E1,2.211332172E-1,7.024950534E-2,2.443460934E-2
3.022979184E1,2.113593817E-1,7.330382615E-2,2.076941915E-2
3.023184138E1,2.046398520E-1,7.880161703E-2,1.649336144E-2
3.023393314E1,2.021963894E-1,7.757988572E-2,1.832595654E-2
3.023583934E1,1.936442852E-1,7.941248268E-2,1.710422710E-2
3.023783861E1,1.863138974E-1,8.368854225E-2,1.649336144E-2
3.023990718E1,1.820378453E-1,8.429940045E-2,1.954768784E-2
3.024195676E1,1.734857261E-1,8.857546002E-2,1.588249579E-2
3.024401061E1,1.637118906E-1,8.918632567E-2,1.466076635E-2
3.024604518E1,1.618792862E-1,8.979719132E-2,1.832595654E-2
3.024811391E1,1.539380401E-1,8.918632567E-2,1.466076635E-2
3.025014768E1,1.459967941E-1,8.857546002E-2,1.588249579E-2
3.025217872E1,1.411098689E-1,8.674286306E-2,1.404990070E-2
3.025431080E1,1.331686229E-1,8.674286306E-2,1.710422710E-2
3.025622541E1,1.264491081E-1,8.491026610E-2,1.710422710E-2
3.025822468E1,1.233947799E-1,8.552113175E-2,1.588249579E-2
3.026029330E1,1.172861308E-1,8.246681094E-2,1.954768784E-2
3.026232788E1,1.123992056E-1,8.307767659E-2,2.015855350E-2
3.026439730E1,1.038470939E-1,7.941248268E-2,2.260201424E-2
3.026643199E1,1.020144969E-1,7.696902007E-2,2.138028294E-2
3.026850172E1,9.590584040E-2,7.635815442E-2,2.382374369E-2
3.027053607E1,8.918632567E-2,7.391469181E-2,2.687807009E-2
3.027261307E1,8.613199741E-2,7.513642311E-2,2.382374369E-2
3.027461545E1,8.002334833E-2,7.208210230E-2,2.748893574E-2
3.027663768E1,7.208210230E-2,7.024950534E-2,2.626720630E-2
3.027867199E1,7.024950534E-2,7.024950534E-2,2.565634064E-2
3.028074007E1,6.475171447E-2,6.719517708E-2,2.871066704E-2
3.028277538E1,5.925392732E-2,6.352998316E-2,3.054326214E-2
3.028484441E1,5.558873713E-2,6.414084882E-2,2.993239649E-2
3.028687926E1,5.192354694E-2,6.536258012E-2,3.115412779E-2
3.028894803E1,4.398229718E-2,6.230825558E-2,3.359758854E-2
3.029098234E1,4.337143153E-2,6.230825558E-2,2.993239649E-2
3.029301422E1,3.665191308E-2,6.108652428E-2,3.115412779E-2
3.029506145E1,3.237585723E-2,5.864306539E-2,2.932153270E-2
3.029708284E1,2.687807009E-2,5.986479297E-2,2.871066704E-2
3.029911684E1,2.382374369E-2,5.864306539E-2,3.054326214E-2
3.030118588E1,1.710422710E-2,6.047565863E-2,2.809980139E-2
3.030322026E1,9.773843922E-3,5.986479297E-2,2.871066704E-2
3.030528988E1,9.773843922E-3,6.169738993E-2,3.115412779E-2
3.030732441E1,1.832595794E-3,6.169738993E-2,2.504547499E-2
3.030939326E1,-2.443460980E-3,6.536258012E-2,2.748893574E-2
3.031142791E1,-7.330383174E-3,6.536258012E-2,2.871066704E-2
3.031347711E1,-1.038470957E-2,6.780604273E-2,2.382374369E-2
3.031556984E1,-1.588249579E-2,7.024950534E-2,2.199114859E-2
3.031747591E1,-1.771509275E-2,7.330382615E-2,2.260201424E-2
3.031947534E1,-2.260201424E-2,7.513642311E-2,2.138028294E-2
3.032154449E1,-2.748893574E-2,7.757988572E-2,1.771509275E-2
3.032357949E1,-2.932153270E-2,7.696902007E-2,1.893682219E-2
3.032564953E1,-3.054326214E-2,8.002334833E-2,1.649336144E-2
3.032768418E1,-3.481931984E-2,8.307767659E-2,1.160643995E-2
3.032975299E1,-3.665191308E-2,8.185594529E-2,1.588249579E-2
3.033178834E1,-3.726277873E-2,8.246681094E-2,1.527163107E-2
3.033381988E1,-3.909537569E-2,8.368854225E-2,1.282817032E-2
3.033595241E1,-4.337143153E-2,8.429940045E-2,1.343903504E-2
3.033786749E1,-4.214970022E-2,8.491026610E-2,1.099557430E-2
3.033986714E1,-4.214970022E-2,8.552113175E-2,1.038470957E-2
3.034193607E1,-4.703662544E-2,8.429940045E-2,1.099557430E-2
3.034397153E1,-4.214970022E-2,8.368854225E-2,8.552113548E-3
3.034603918E1,-4.703662544E-2,8.307767659E-2,9.773843922E-3
3.034807391E1,-4.764748737E-2,8.124507964E-2,1.099557430E-2
3.035014318E1,-4.581489414E-2,8.063421398E-2,1.160643995E-2
3.035217768E1,-4.764748737E-2,7.757988572E-2,1.038470957E-2
3.035422861E1,-4.642575979E-2,7.574728876E-2,9.773843922E-3
3.035623338E1,-4.581489414E-2,7.452555746E-2,9.773843922E-3
3.035825422E1,-4.703662544E-2,7.330382615E-2,5.497787148E-3
3.036028891E1,-4.642575979E-2,6.963863969E-2,9.773843922E-3
3.036235811E1,-4.337143153E-2,6.963863969E-2,3.665191587E-3
3.036439288E1,-4.581489414E-2,6.780604273E-2,7.330383174E-3
3.036646160E1,-4.581489414E-2,6.352998316E-2,5.497787148E-3
3.036849664E1,-4.825835302E-2,6.291911751E-2,5.497787148E-3
3.037056618E1,-4.581489414E-2,6.169738993E-2,3.054326167E-3
3.037260153E1,-4.520402849E-2,5.986479297E-2,4.886921961E-3
3.037463491E1,-4.520402849E-2,5.497787148E-2,4.276056774E-3
3.037671468E1,-4.703662544E-2,5.497787148E-2,1.221730490E-3
3.037873668E1,-4.764748737E-2,5.009094998E-2,1.221730490E-3
3.038077180E1,-4.764748737E-2,4.886921868E-2,1.221730490E-3
3.038284134E1,-5.009094998E-2,4.520402849E-2,-4.276056774E-3
3.038487668E1,-5.009094998E-2,4.398229718E-2,-1.221730490E-3
3.038690280E1,-5.070181563E-2,3.970624134E-2,-6.108652335E-3
3.038890176E1,-5.131268129E-2,3.848451003E-2,-6.719517522E-3
3.039097188E1,-5.192354694E-2,3.604105115E-2,-6.108652335E-3
3.039300672E1,-5.253441259E-2,3.115412779E-2,-9.773843922E-3
3.039505711E1,-5.497787148E-2,3.054326214E-2,-1.099557430E-2
3.039722788E1,-5.619960278E-2,2.748893574E-2,-8.552113548E-3
3.039906426E1,-5.558873713E-2,2.626720630E-2,-1.221730467E-2
3.040106507E1,-5.375614017E-2,2.260201424E-2,-1.404990070E-2
3.040313364E1,-5.558873713E-2,2.076941915E-2,-1.160643995E-2
3.040516945E1,-5.436700583E-2,1.649336144E-2,-2.015855350E-2
3.040723922E1,-5.864306539E-2,1.466076635E-2,-1.954768784E-2
3.040927395E1,-5.619960278E-2,1.282817032E-2,-1.466076635E-2
3.041134361E1,-5.619960278E-2,1.160643995E-2,-1.893682219E-2
3.041337845E1,-5.681046844E-2,7.941247895E-3,-2.076941915E-2
3.041541076E1,-5.681046844E-2,6.719517522E-3,-1.893682219E-2
3.041754464E1,-5.681046844E-2,7.941247895E-3,-2.138028294E-2
3.041946041E1,-5.497787148E-2,4.886921961E-3,-2.321287990E-2
3.042146057E1,-5.681046844E-2,7.941247895E-3,-2.260201424E-2
3.042353014E1,-5.803219974E-2,7.941247895E-3,-1.893682219E-2
3.042556568E1,-5.558873713E-2,8.552113548E-3,-2.199114859E-2
3.042763476E1,-5.619960278E-2,1.160643995E-2,-2.260201424E-2
3.042966926E1,-5.681046844E-2,1.038470957E-2,-1.954768784E-2
3.043173853E1,-5.497787148E-2,1.099557430E-2,-2.015855350E-2
3.043377449E1,-5.436700583E-2,7.330383174E-3,-1.832595654E-2
3.043585257E1,-5.436700583E-2,7.941247895E-3,-1.771509275E-2
3.043785453E1,-5.253441259E-2,6.719517522E-3,-2.015855350E-2
3.043987595E1,-5.131268129E-2,4.886921961E-3,-1.710422710E-2
3.044191068E1,-5.131268129E-2,7.330383174E-3,-1.771509275E-2
3.044398095E1,-5.009094998E-2,6.719517522E-3,-2.199114859E-2
3.044601472E1,-5.070181563E-2,5.497787148E-3,-1.954768784E-2
3.044808349E1,-4.886921868E-2,6.108652335E-3,-1.771509275E-2
3.045011784E1,-4.764748737E-2,6.719517522E-3,-1.954768784E-2
3.045218660E1,-4.581489414E-2,7.941247895E-3,-2.015855350E-2
3.045422234E1,-4.642575979E-2,9.162978269E-3,-1.954768784E-2
3.045622168E1,-4.398229718E-2,1.038470957E-2,-2.443460934E-2
3.045830014E1,-4.459316283E-2,9.773843922E-3,-2.076941915E-2
3.046032234E1,-4.214970022E-2,1.160643995E-2,-1.893682219E-2
3.046235757E1,-4.153883830E-2,1.466076635E-2,-2.076941915E-2
3.046442580E1,-3.909537569E-2,1.771509275E-2,-2.138028294E-2
3.046646064E1,-3.848451003E-2,1.893682219E-2,-1.954768784E-2
3.046852907E1,-3.848451003E-2,1.710422710E-2,-2.076941915E-2
3.047056357E1,-3.604105115E-2,1.710422710E-2,-2.260201424E-2
3.047263264E1,-3.604105115E-2,1.588249579E-2,-2.015855350E-2
3.047466791E1,-3.420845419E-2,1.954768784E-2,-2.199114859E-2
3.047671760E1,-3.176499158E-2,2.199114859E-2,-2.321287990E-2
3.047881003E1,-3.237585723E-2,2.199114859E-2,-2.138028294E-2
3.048071576E1,-3.115412779E-2,2.565634064E-2,-2.138028294E-2
3.048271568E1,-3.359758854E-2,2.809980139E-2,-2.321287990E-2
3.048478491E1,-3.298672289E-2,3.176499158E-2,-1.771509275E-2
3.048681957E1,-3.543018550E-2,3.115412779E-2,-2.138028294E-2
3.048888830E1,-3.726277873E-2,3.176499158E-2,-1.710422710E-2
3.049092260E1,-3.420845419E-2,3.176499158E-2,-1.771509275E-2
3.049299211E1,-3.604105115E-2,3.298672289E-2,-2.504547499E-2
3.049502691E1,-3.909537569E-2,3.726277873E-2,-2.015855350E-2
3.049705953E1,-4.031710699E-2,4.031710699E-2,-1.832595654E-2
3.049919237E1,-4.214970022E-2,4.459316283E-2,-1.954768784E-2
3.050110810E1,-4.031710699E-2,4.948008433E-2,-1.649336144E-2
3.050310791E1,-4.337143153E-2,5.192354694E-2,-1.527163107E-2
3.050517676E1,-4.153883830E-2,5.558873713E-2,-1.771509275E-2
3.050721161E1,-3.909537569E-2,5.681046844E-2,-1.527163107E-2
3.050928087E1,-4.398229718E-2,5.925392732E-2,-1.343903504E-2
3.051131572E1,-4.092797264E-2,5.803219974E-2,-1.527163107E-2
3.051338437E1,-3.909537569E-2,5.925392732E-2,-1.588249579E-2
3.051541841E1,-3.970624134E-2,5.619960278E-2,-1.771509275E-2
3.051746714E1,-4.092797264E-2,5.375614017E-2,-1.649336144E-2
3.051947149E1,-4.153883830E-2,5.192354694E-2,-1.893682219E-2
3.052149276E1,-4.092797264E-2,4.948008433E-2,-1.954768784E-2
3.052352641E1,-3.970624134E-2,4.886921868E-2,-1.954768784E-2
3.052559541E1,-3.909537569E-2,4.886921868E-2,-1.954768784E-2
3.052762968E1,-3.848451003E-2,4.337143153E-2,-2.015855350E-2
3.052969972E1,-3.848451003E-2,4.276056588E-2,-1.954768784E-2
3.053173299E1,-3.604105115E-2,4.031710699E-2,-1.954768784E-2
3.053380245E1,-3.359758854E-2,3.726277873E-2,-2.260201424E-2
3.053583741E1,-3.848451003E-2,3.420845419E-2,-2.015855350E-2
3.053786876E1,-3.359758854E-2,3.420845419E-2,-2.138028294E-2
3.053994722E1,-3.176499158E-2,3.359758854E-2,-1.832595654E-2
3.054196926E1,-3.237585723E-2,3.115412779E-2,-1.832595654E-2
3.054400403E1,-3.359758854E-2,3.054326214E-2,-1.527163107E-2
3.054607261E1,-3.359758854E-2,2.932153270E-2,-1.343903504E-2
3.054810714E1,-3.176499158E-2,3.054326214E-2,-1.343903504E-2
3.055017645E1,-2.932153270E-2,2.993239649E-2,-1.099557430E-2
3.055221068E1,-2.748893574E-2,2.809980139E-2,-1.099557430E-2
3.055427984E1,-2.687807009E-2,2.809980139E-2,-9.162978269E-3
3.055631387E1,-2.687807009E-2,2.687807009E-2,-9.162978269E-3
3.055836360E1,-2.687807009E-2,2.443460934E-2,-4.886921961E-3
3.056045657E1,-2.504547499E-2,2.687807009E-2,-7.941247895E-3
3.056236184E1,-2.443460934E-2,2.504547499E-2,-6.108652335E-3
3.056436145E1,-2.076941915E-2,2.687807009E-2,-4.276056774E-3
3.056643087E1,-2.015855350E-2,2.382374369E-2,-3.665191587E-3
3.056846545E1,-1.832595654E-2,2.809980139E-2,-6.719517522E-3
3.057053518E1,-2.076941915E-2,2.626720630E-2,-7.330383174E-3
3.057256949E1,-1.893682219E-2,2.809980139E-2,-8.552113548E-3
3.057463853E1,-1.893682219E-2,3.115412779E-2,-7.330383174E-3
3.057667307E1,-1.649336144E-2,2.993239649E-2,-9.773843922E-3
3.057870614E1,-1.527163107E-2,2.932153270E-2,-8.552113548E-3
3.058083853E1,-1.343903504E-2,2.993239649E-2,-8.552113548E-3
3.058275399E1,-1.343903504E-2,3.359758854E-2,-1.404990070E-2
3.058475349E1,-1.221730467E-2,3.237585723E-2,-1.221730467E-2
3.058682303E1,-1.160643995E-2,3.359758854E-2,-1.221730467E-2
3.058885861E1,-1.099557430E-2,3.237585723E-2,-1.466076635E-2
3.059092734E1,-8.552113548E-3,3.481931984E-2,-1.954768784E-2
3.059296191E1,-9.162978269E-3,3.543018550E-2,-1.771509275E-2
3.059503110E1,-1.099557430E-2,3.787364438E-2,-2.076941915E-2
3.059706607E1,-1.038470957E-2,4.153883830E-2,-2.199114859E-2
3.059914230E1,-7.330383174E-3,4.337143153E-2,-2.565634064E-2
3.060114280E1,-7.330383174E-3,4.520402849E-2,-2.687807009E-2
3.060316472E1,-7.330383174E-3,4.703662544E-2,-3.359758854E-2
3.060519930E1,-6.719517522E-3,4.825835302E-2,-2.993239649E-2
3.060726884E1,-7.330383174E-3,5.070181563E-2,-2.993239649E-2
3.060930453E1,-6.108652335E-3,5.375614017E-2,-3.359758854E-2
3.061137364E1,-6.719517522E-3,5.925392732E-2,-3.359758854E-2
3.061340814E1,-5.497787148E-3,5.803219974E-2,-3.848451003E-2
3.061547730E1,-8.552113548E-3,5.864306539E-2,-3.787364438E-2
3.061751234E1,-9.773843922E-3,6.291911751E-2,-4.092797264E-2
3.061954445E1,-1.221730467E-2,6.414084882E-2,-3.970624134E-2
3.062162322E1,-1.038470957E-2,6.475171447E-2,-3.970624134E-2
3.062364445E1,-1.282817032E-2,6.658431143E-2,-4.092797264E-2
3.062567868E1,-1.160643995E-2,6.658431143E-2,-4.276056588E-2
3.062774757E1,-1.527163107E-2,6.658431143E-2,-4.092797264E-2
3.062978249E1,-1.343903504E-2,6.841690838E-2,-4.581489414E-2
3.063180664E1,-1.404990070E-2,6.719517708E-2,-4.214970022E-2
3.063380664E1,-1.710422710E-2,6.902777404E-2,-4.276056588E-2
3.063587560E1,-1.832595654E-2,6.841690838E-2,-4.276056588E-2
3.063791095E1,-1.832595654E-2,6.841690838E-2,-4.092797264E-2
3.063996041E1,-1.832595654E-2,6.780604273E-2,-4.092797264E-2
3.064212903E1,-1.893682219E-2,6.352998316E-2,-4.153883830E-2
3.064396437E1,-1.771509275E-2,6.352998316E-2,-4.092797264E-2
3.064596445E1,-2.138028294E-2,6.169738993E-2,-3.909537569E-2
3.064803226E1,-2.015855350E-2,6.047565863E-2,-3.543018550E-2
3.065008218E1,-2.260201424E-2,5.925392732E-2,-3.665191308E-2
3.065213676E1,-2.443460934E-2,5.986479297E-2,-3.970624134E-2
3.065417107E1,-2.199114859E-2,5.925392732E-2,-3.481931984E-2
3.065624053E1,-2.138028294E-2,5.864306539E-2,-3.726277873E-2
3.065827534E1,-2.626720630E-2,5.742133409E-2,-3.726277873E-2
3.066030757E1,-2.748893574E-2,5.619960278E-2,-3.481931984E-2
3.066244072E1,-2.565634064E-2,5.681046844E-2,-3.604105115E-2
3.066435610E1,-2.382374369E-2,5.131268129E-2,-3.604105115E-2
3.066635614E1,-2.626720630E-2,5.375614017E-2,-3.726277873E-2
3.066842468E1,-2.809980139E-2,5.497787148E-2,-3.970624134E-2
3.067045891E1,-3.176499158E-2,5.619960278E-2,-3.970624134E-2
3.067252910E1,-3.420845419E-2,6.108652428E-2,-3.665191308E-2
3.067456422E1,-3.665191308E-2,6.597344577E-2,-3.970624134E-2
3.067663407E1,-3.726277873E-2,6.841690838E-2,-4.092797264E-2
3.067866837E1,-4.337143153E-2,7.269296050E-2,-4.092797264E-2
3.068071814E1,-4.581489414E-2,7.452555746E-2,-4.031710699E-2
3.068272330E1,-4.764748737E-2,7.574728876E-2,-4.337143153E-2
3.068474537E1,-5.009094998E-2,7.635815442E-2,-4.031710699E-2
3.068678076E1,-5.253441259E-2,7.757988572E-2,-4.153883830E-2
3.068884976E1,-5.253441259E-2,7.941248268E-2,-4.214970022E-2
3.069088530E1,-5.558873713E-2,8.185594529E-2,-4.031710699E-2
3.069295514E1,-5.925392732E-2,8.246681094E-2,-4.153883830E-2
3.069499014E1,-5.864306539E-2,8.368854225E-2,-4.276056588E-2
3.069706045E1,-6.230825558E-2,8.002334833E-2,-4.092797264E-2
3.069909618E1,-6.352998316E-2,7.880161703E-2,-4.459316283E-2
3.070109691E1,-6.597344577E-2,7.452555746E-2,-4.398229718E-2
3.070317622E1,-6.597344577E-2,7.452555746E-2,-4.214970022E-2
3.070519772E1,-6.780604273E-2,6.963863969E-2,-4.703662544E-2
3.070723276E1,-6.902777404E-2,6.841690838E-2,-4.459316283E-2
3.070930137E1,-6.780604273E-2,6.902777404E-2,-4.520402849E-2
3.071133695E1,-6.658431143E-2,6.841690838E-2,-5.009094998E-2
3.071340668E1,-6.780604273E-2,6.841690838E-2,-4.764748737E-2
3.071544180E1,-6.658431143E-2,6.719517708E-2,-4.703662544E-2
3.071751130E1,-6.658431143E-2,6.597344577E-2,-5.131268129E-2
3.071954668E1,-6.475171447E-2,6.169738993E-2,-4.886921868E-2
3.072159534E1,-6.475171447E-2,6.169738993E-2,-5.070181563E-2
3.072368872E1,-6.597344577E-2,5.864306539E-2,-5.131268129E-2
3.072559584E1,-6.108652428E-2,6.352998316E-2,-5.253441259E-2
3.072759580E1,-5.925392732E-2,6.414084882E-2,-5.131268129E-2
3.072966522E1,-5.742133409E-2,6.780604273E-2,-5.558873713E-2
3.073170060E1,-5.681046844E-2,6.902777404E-2,-5.558873713E-2
3.073377026E1,-5.314527452E-2,7.086037099E-2,-5.803219974E-2
3.073580622E1,-5.253441259E-2,7.513642311E-2,-6.230825558E-2
3.073787537E1,-5.131268129E-2,8.124507964E-2,-6.230825558E-2
3.073991064E1,-4.764748737E-2,8.124507964E-2,-6.536258012E-2
3.074191145E1,-4.581489414E-2,8.491026610E-2,-6.658431143E-2
3.074404349E1,-4.642575979E-2,8.979719132E-2,-6.475171447E-2
3.074595860E1,-4.520402849E-2,9.162978828E-2,-7.147123665E-2
3.074795787E1,-4.520402849E-2,9.529497474E-2,-6.841690838E-2
3.075002703E1,-4.581489414E-2,1.020144969E-1,-6.658431143E-2
3.075206107E1,-4.948008433E-2,1.032362282E-1,-6.780604273E-2
3.075413030E1,-4.948008433E-2,1.117883399E-1,-6.719517708E-2
3.075616503E1,-5.070181563E-2,1.160643995E-1,-6.352998316E-2
3.075823410E1,-5.558873713E-2,1.221730486E-1,-6.536258012E-2
3.076026856E1,-5.253441259E-2,1.264491081E-1,-6.352998316E-2
3.076234506E1,-5.314527452E-2,1.288925707E-1,-5.864306539E-2
3.076434734E1,-5.619960278E-2,1.331686229E-1,-6.047565863E-2
3.076636837E1,-5.497787148E-2,1.362229437E-1,-5.681046844E-2
3.076840303E1,-5.742133409E-2,1.331686229E-1,-5.131268129E-2
3.077047153E1,-5.742133409E-2,1.319468915E-1,-5.375614017E-2
3.077250634E1,-5.619960278E-2,1.307251602E-1,-5.192354694E-2
3.077457464E1,-5.803219974E-2,1.282816976E-1,-4.459316283E-2
3.077660956E1,-6.047565863E-2,1.276708394E-1,-4.092797264E-2
3.077867826E1,-6.047565863E-2,1.301143020E-1,-4.031710699E-2
3.078071268E1,-6.169738993E-2,1.270599663E-1,-3.543018550E-2
3.078274545E1,-6.230825558E-2,1.264491081E-1,-3.665191308E-2
3.078482399E1,-6.658431143E-2,1.288925707E-1,-3.420845419E-2
3.078684503E1,-6.658431143E-2,1.276708394E-1,-3.481931984E-2
3.078887980E1,-6.780604273E-2,1.288925707E-1,-3.420845419E-2
3.079094849E1,-7.024950534E-2,1.301143020E-1,-3.420845419E-2
3.079298280E1,-6.963863969E-2,1.325577646E-1,-3.298672289E-2
3.079505099E1,-7.452555746E-2,1.319468915E-1,-3.298672289E-2
3.079708553E1,-7.391469181E-2,1.337794960E-1,-3.420845419E-2
3.079915434E1,-7.574728876E-2,1.350012124E-1,-3.420845419E-2
3.080118995E1,-7.819075137E-2,1.350012124E-1,-3.176499158E-2
3.080323980E1,-8.002334833E-2,1.362229437E-1,-3.543018550E-2
3.080533230E1,-7.941248268E-2,1.337794960E-1,-3.298672289E-2
3.080723810E1,-8.063421398E-2,1.301143020E-1,-3.848451003E-2
3.080923772E1,-8.368854225E-2,1.252273768E-1,-3.665191308E-2
3.081130814E1,-8.307767659E-2,1.203404516E-1,-3.604105115E-2
3.081334233E1,-8.063421398E-2,1.142318025E-1,-4.214970022E-2
3.081541160E1,-8.185594529E-2,1.069014147E-1,-3.787364438E-2
3.081744753E1,-8.124507964E-2,1.056796908E-1,-3.970624134E-2
3.081951683E1,-8.063421398E-2,9.896016866E-2,-4.031710699E-2
3.082155126E1,-8.124507964E-2,9.651670605E-2,-4.153883830E-2
3.082358353E1,-7.941248268E-2,9.468411654E-2,-4.520402849E-2
3.082571722E1,-7.880161703E-2,9.101892263E-2,-4.642575979E-2
3.082763133E1,-7.757988572E-2,9.040805697E-2,-4.581489414E-2
3.082963222E1,-7.513642311E-2,9.101892263E-2,-4.764748737E-2
3.083170095E1,-7.513642311E-2,9.162978828E-2,-5.192354694E-2
3.083373564E1,-7.208210230E-2,9.651670605E-2,-5.131268129E-2
3.083580426E1,-6.963863969E-2,9.773843735E-2,-5.619960278E-2
3.083783918E1,-7.024950534E-2,9.957103431E-2,-5.436700583E-2
3.083990837E1,-6.841690838E-2,1.032362282E-1,-5.314527452E-2
3.084194295E1,-6.719517708E-2,1.069014147E-1,-5.681046844E-2
3.084399268E1,-6.597344577E-2,1.069014147E-1,-5.619960278E-2
3.084599676E1,-6.475171447E-2,1.130100712E-1,-5.436700583E-2
3.084801806E1,-6.352998316E-2,1.160643995E-1,-5.436700583E-2
3.085005245E1,-6.352998316E-2,1.166752651E-1,-5.436700583E-2
3.085212168E1,-6.169738993E-2,1.209513173E-1,-5.558873713E-2
3.085415622E1,-6.108652428E-2,1.240056455E-1,-5.497787148E-2
3.085622533E1,-6.352998316E-2,1.233947799E-1,-5.925392732E-2
3.085826060E1,-6.047565863E-2,1.252273768E-1,-5.803219974E-2
3.086032933E1,-6.230825558E-2,1.270599663E-1,-6.108652428E-2
3.086236414E1,-5.986479297E-2,1.295034289E-1,-6.108652428E-2
3.086436422E1,-5.986479297E-2,1.295034289E-1,-5.436700583E-2
3.086644333E1,-6.047565863E-2,1.319468915E-1,-6.169738993E-2
3.086846533E1,-6.230825558E-2,1.319468915E-1,-5.925392732E-2
3.087050076E1,-6.414084882E-2,1.325577646E-1,-5.619960278E-2
3.087257003E1,-6.719517708E-2,1.350012124E-1,-5.742133409E-2
3.087460468E1,-6.597344577E-2,1.380555481E-1,-5.925392732E-2
3.087663095E1,-6.963863969E-2,1.386664063E-1,-5.253441259E-2
3.087863049E1,-7.391469181E-2,1.404990107E-1,-5.253441259E-2
3.088069956E1,-7.574728876E-2,1.417207420E-1,-5.131268129E-2
3.088273364E1,-7.757988572E-2,1.398881376E-1,-4.948008433E-2
3.088478306E1,-8.246681094E-2,1.411098689E-1,-4.642575979E-2
3.088695253E1,-8.368854225E-2,1.429424733E-1,-4.337143153E-2
3.088878803E1,-8.735372871E-2,1.417207420E-1,-4.153883830E-2
3.089078749E1,-8.796459436E-2,1.398881376E-1,-4.031710699E-2
3.089285676E1,-9.224065393E-2,1.392772794E-1,-3.726277873E-2
3.089489087E1,-9.407325089E-2,1.398881376E-1,-3.604105115E-2
3.089695983E1,-9.651670605E-2,1.380555481E-1,-3.543018550E-2
3.089899476E1,-9.896016866E-2,1.380555481E-1,-3.420845419E-2
3.090106314E1,-1.014036313E-1,1.343903542E-1,-3.115412779E-2
3.090309718E1,-1.044579595E-1,1.350012124E-1,-3.543018550E-2
3.090512914E1,-1.044579595E-1,1.325577646E-1,-2.993239649E-2
3.090726149E1,-1.050688252E-1,1.337794960E-1,-3.054326214E-2
3.090917606E1,-1.062905490E-1,1.319468915E-1,-3.237585723E-2
3.091117545E1,-1.044579595E-1,1.325577646E-1,-2.809980139E-2
3.091324441E1,-1.069014147E-1,1.319468915E-1,-2.932153270E-2
3.091527864E1,-1.087340117E-1,1.301143020E-1,-2.932153270E-2
3.091734787E1,-1.075122803E-1,1.325577646E-1,-2.993239649E-2
3.091938226E1,-1.062905490E-1,1.319468915E-1,-2.871066704E-2
3.092145187E1,-1.069014147E-1,1.331686229E-1,-2.932153270E-2
3.092348610E1,-1.075122803E-1,1.343903542E-1,-2.748893574E-2
3.092556206E1,-1.044579595E-1,1.337794960E-1,-2.504547499E-2
3.092756357E1,-1.032362282E-1,1.362229437E-1,-2.504547499E-2
3.092958526E1,-1.007927656E-1,1.374446750E-1,-2.748893574E-2
3.093161983E1,-1.007927656E-1,1.368338168E-1,-2.382374369E-2
3.093368841E1,-9.834930301E-2,1.392772794E-1,-2.687807009E-2
3.093572276E1,-9.529497474E-2,1.380555481E-1,-2.687807009E-2
3.093779049E1,-9.468411654E-2,1.411098689E-1,-2.565634064E-2
3.093982518E1,-9.346238524E-2,1.417207420E-1,-2.748893574E-2
3.094189376E1,-9.651670605E-2,1.392772794E-1,-2.443460934E-2
3.094392841E1,-9.468411654E-2,1.380555481E-1,-2.260201424E-2
3.094596018E1,-9.285151958E-2,1.374446750E-1,-2.748893574E-2
3.094803776E1,-9.162978828E-2,1.380555481E-1,-2.443460934E-2
3.095006007E1,-9.346238524E-2,1.337794960E-1,-2.382374369E-2
3.095209395E1,-9.101892263E-2,1.313360333E-1,-2.809980139E-2
3.095416291E1,-9.040805697E-2,1.319468915E-1,-3.115412779E-2
3.095619699E1,-8.979719132E-2,1.319468915E-1,-2.932153270E-2
3.095826753E1,-8.979719132E-2,1.325577646E-1,-3.115412779E-2
3.096030091E1,-9.346238524E-2,1.307251602E-1,-2.748893574E-2
3.096237010E1,-8.979719132E-2,1.331686229E-1,-3.359758854E-2
3.096440410E1,-9.101892263E-2,1.307251602E-1,-3.176499158E-2
3.096645330E1,-9.224065393E-2,1.313360333E-1,-3.298672289E-2
3.096854510E1,-9.651670605E-2,1.288925707E-1,-3.176499158E-2
3.097045049E1,-9.468411654E-2,1.282816976E-1,-3.115412779E-2
3.097245045E1,-9.651670605E-2,1.227839142E-1,-3.237585723E-2
3.097451956E1,-9.712757170E-2,1.209513173E-1,-2.993239649E-2
3.097655556E1,-9.957103431E-2,1.160643995E-1,-2.809980139E-2
3.097862449E1,-1.020144969E-1,1.160643995E-1,-3.054326214E-2
3.098065964E1,-1.014036313E-1,1.178969890E-1,-3.054326214E-2
3.098272876E1,-1.056796908E-1,1.185078546E-1,-3.237585723E-2
3.098476333E1,-1.044579595E-1,1.172861308E-1,-3.420845419E-2
3.098679572E1,-1.069014147E-1,1.203404516E-1,-3.665191308E-2
3.098892810E1,-1.087340117E-1,1.227839142E-1,-3.909537569E-2
3.099084368E1,-1.099557430E-1,1.258382350E-1,-4.031710699E-2
3.099284426E1,-1.123992056E-1,1.282816976E-1,-4.092797264E-2
3.099491341E1,-1.123992056E-1,1.313360333E-1,-4.214970022E-2
3.099694895E1,-1.136209369E-1,1.337794960E-1,-4.459316283E-2
3.099901776E1,-1.166752651E-1,1.386664063E-1,-4.520402849E-2
3.100105245E1,-1.185078546E-1,1.429424733E-1,-4.703662544E-2
3.100312176E1,-1.185078546E-1,1.447750628E-1,-4.642575979E-2
3.100515645E1,-1.197295859E-1,1.478293836E-1,-4.581489414E-2
3.100720660E1,-1.221730486E-1,1.502728462E-1,-5.009094998E-2
3.100921114E1,-1.240056455E-1,1.478293836E-1,-5.314527452E-2
3.101123210E1,-1.282816976E-1,1.441642046E-1,-4.581489414E-2
3.101326791E1,-1.301143020E-1,1.435533315E-1,-5.131268129E-2
3.101533718E1,-1.313360333E-1,1.417207420E-1,-5.314527452E-2
3.101737199E1,-1.362229437E-1,1.392772794E-1,-4.764748737E-2
3.101944118E1,-1.356120855E-1,1.380555481E-1,-4.703662544E-2
3.102147595E1,-1.392772794E-1,1.368338168E-1,-4.886921868E-2
3.102354530E1,-1.423316002E-1,1.356120855E-1,-4.764748737E-2
3.102557933E1,-1.453859210E-1,1.356120855E-1,-4.581489414E-2
3.102761010E1,-1.508837193E-1,1.356120855E-1,-4.520402849E-2
3.102968853E1,-1.508837193E-1,1.362229437E-1,-4.581489414E-2
3.103171053E1,-1.527163088E-1,1.368338168E-1,-3.909537569E-2
3.103374499E1,-1.551597714E-1,1.362229437E-1,-3.787364438E-2
3.103581391E1,-1.606575549E-1,1.374446750E-1,-3.665191308E-2
3.103784856E1,-1.643227488E-1,1.337794960E-1,-3.481931984E-2
3.103991760E1,-1.679879427E-1,1.337794960E-1,-3.787364438E-2
3.104195222E1,-1.704314053E-1,1.331686229E-1,-3.543018550E-2
3.104402195E1,-1.734857261E-1,1.374446750E-1,-3.726277873E-2
3.104605691E1,-1.783726513E-1,1.398881376E-1,-3.481931984E-2
3.104810568E1,-1.808161139E-1,1.411098689E-1,-3.481931984E-2
3.105019745E1,-1.863138974E-1,1.466076523E-1,-3.420845419E-2
3.105210333E1,-1.905899495E-1,1.502728462E-1,-3.481931984E-2
3.105410203E1,-1.930334121E-1,1.527163088E-1,-3.420845419E-2
3.105617056E1,-1.973094791E-1,1.557706445E-1,-3.237585723E-2
3.105821995E1,-2.009746730E-1,1.594358236E-1,-3.359758854E-2
3.106027414E1,-2.064724565E-1,1.631010175E-1,-3.359758854E-2
3.106230853E1,-2.058615834E-1,1.667662114E-1,-3.420845419E-2
3.106437733E1,-2.101376504E-1,1.704314053E-1,-3.543018550E-2
3.106641137E1,-2.162462920E-1,1.728748679E-1,-3.543018550E-2
3.106844341E1,-2.174680233E-1,1.740965992E-1,-3.176499158E-2
3.107057522E1,-2.217440903E-1,1.759291887E-1,-3.420845419E-2
3.107249022E1,-2.247984111E-1,1.783726513E-1,-3.481931984E-2
3.107449030E1,-2.272418737E-1,1.795943826E-1,-3.420845419E-2
3.107655887E1,-2.302961946E-1,1.795943826E-1,-3.848451003E-2
3.107859283E1,-2.345722616E-1,1.777617931E-1,-3.665191308E-2
3.108066203E1,-2.370157093E-1,1.783726513E-1,-3.359758854E-2
3.108269683E1,-2.400700450E-1,1.765400618E-1,-3.543018550E-2
3.108476653E1,-2.400700450E-1,1.740965992E-1,-3.543018550E-2
3.108680087E1,-2.419026345E-1,1.747074574E-1,-3.665191308E-2
3.108887695E1,-2.455678284E-1,1.722639948E-1,-3.909537569E-2
3.109087926E1,-2.474004179E-1,1.698205322E-1,-3.543018550E-2
3.109290083E1,-2.474004179E-1,1.679879427E-1,-3.543018550E-2
3.109493614E1,-2.510656118E-1,1.679879427E-1,-3.787364438E-2
3.109700468E1,-2.535090744E-1,1.673770845E-1,-3.909537569E-2
3.109903891E1,-2.516764700E-1,1.673770845E-1,-3.543018550E-2
3.110110864E1,-2.547308207E-1,1.649336219E-1,-3.848451003E-2
3.110314322E1,-2.541199327E-1,1.667662114E-1,-3.970624134E-2
3.110521303E1,-2.559525371E-1,1.655444801E-1,-3.665191308E-2
3.110724833E1,-2.535090744E-1,1.661553532E-1,-3.848451003E-2
3.110928049E1,-2.547308207E-1,1.667662114E-1,-3.298672289E-2
3.111135964E1,-2.541199327E-1,1.667662114E-1,-3.420845419E-2
3.111338126E1,-2.516764700E-1,1.692096740E-1,-3.726277873E-2
3.111541606E1,-2.498438805E-1,1.716531366E-1,-3.359758854E-2
3.111748483E1,-2.474004179E-1,1.765400618E-1,-3.237585723E-2
3.111951976E1,-2.486221492E-1,1.771509200E-1,-3.237585723E-2
3.112154533E1,-2.449569702E-1,1.808161139E-1,-3.054326214E-2
3.112354514E1,-2.419026345E-1,1.863138974E-1,-3.054326214E-2
3.112561480E1,-2.406809032E-1,1.875356287E-1,-3.054326214E-2
3.112764968E1,-2.333505303E-1,1.930334121E-1,-2.809980139E-2
3.112969910E1,-2.309070677E-1,1.960877478E-1,-2.565634064E-2
3.113187003E1,-2.272418737E-1,2.021963894E-1,-2.565634064E-2
3.113370649E1,-2.235766798E-1,2.058615834E-1,-2.504547499E-2
3.113570599E1,-2.180788964E-1,2.089159191E-1,-2.382374369E-2
3.113777568E1,-2.168571651E-1,2.101376504E-1,-2.321287990E-2
3.113981068E1,-2.138028294E-1,2.113593817E-1,-2.443460934E-2
3.114187999E1,-2.107485086E-1,2.168571651E-1,-2.260201424E-2
3.114391399E1,-2.101376504E-1,2.174680233E-1,-2.260201424E-2
3.114598314E1,-2.089159191E-1,2.199114859E-1,-2.199114859E-2
3.114801687E1,-2.089159191E-1,2.235766798E-1,-2.138028294E-2
3.115004853E1,-2.064724565E-1,2.278527319E-1,-2.076941915E-2
3.115218153E1,-2.083050460E-1,2.296853364E-1,-1.893682219E-2
3.115409645E1,-2.040289938E-1,2.333505303E-1,-2.015855350E-2
3.115609718E1,-2.076941878E-1,2.333505303E-1,-1.527163107E-2
3.115816576E1,-2.040289938E-1,2.357939780E-1,-1.588249579E-2
3.116019987E1,-2.070833147E-1,2.376265824E-1,-1.404990070E-2
3.116226906E1,-2.034181207E-1,2.370157093E-1,-1.221730467E-2
3.116430406E1,-2.015855312E-1,2.382374406E-1,-1.160643995E-2
3.116637214E1,-2.009746730E-1,2.364048511E-1,-9.162978269E-3
3.116840699E1,-1.991420686E-1,2.376265824E-1,-9.162978269E-3
3.117045653E1,-1.973094791E-1,2.382374406E-1,-9.773843922E-3
3.117246064E1,-1.942551434E-1,2.339613885E-1,-9.773843922E-3
3.117448168E1,-1.936442852E-1,2.327396572E-1,-6.108652335E-3
3.117651564E1,-1.912008226E-1,2.309070677E-1,-5.497787148E-3
3.117858533E1,-1.863138974E-1,2.266310006E-1,-6.108652335E-3
3.118061960E1,-1.820378453E-1,2.229658216E-1,-6.108652335E-3
3.118268802E1,-1.777617931E-1,2.217440903E-1,-4.886921961E-3
3.118472268E1,-1.734857261E-1,2.162462920E-1,-4.276056774E-3
3.118679141E1,-1.673770845E-1,2.113593817E-1,-3.665191587E-3
3.118882541E1,-1.667662114E-1,2.064724565E-1,-1.832595794E-3
3.119082564E1,-1.606575549E-1,2.021963894E-1,-3.665191587E-3
3.119290445E1,-1.551597714E-1,1.966986060E-1,-3.054326167E-3
3.119492576E1,-1.496619880E-1,1.905899495E-1,-4.276056774E-3
3.119695980E1,-1.453859210E-1,1.881465018E-1,-4.886921961E-3
3.119902814E1,-1.380555481E-1,1.826487035E-1,-6.108652335E-3
3.120106333E1,-1.319468915E-1,1.753183305E-1,-6.108652335E-3
3.120313141E1,-1.295034289E-1,1.728748679E-1,-7.330383174E-3
3.120516606E1,-1.258382350E-1,1.643227488E-1,-4.886921961E-3
3.120723510E1,-1.178969890E-1,1.588249654E-1,-4.886921961E-3
3.120926887E1,-1.160643995E-1,1.557706445E-1,-1.221730490E-3
3.121131845E1,-1.111774743E-1,1.508837193E-1,0.000000000E0
3.121341210E1,-1.062905490E-1,1.490511149E-1,-1.832595794E-3
3.121531814E1,-1.062905490E-1,1.508837193E-1,4.276056774E-3
3.121731802E1,-1.014036313E-1,1.527163088E-1,3.054326167E-3
3.121938706E1,-9.773843735E-2,1.557706445E-1,3.054326167E-3
3.122142126E1,-9.407325089E-2,1.551597714E-1,4.276056774E-3
3.122349002E1,-9.346238524E-2,1.545489132E-1,4.276056774E-3
3.122552422E1,-8.979719132E-2,1.545489132E-1,3.054326167E-3
3.122759306E1,-8.796459436E-2,1.533271819E-1,6.108652335E-3
3.122962810E1,-8.552113175E-2,1.527163088E-1,5.497787148E-3
3.123165983E1,-8.124507964E-2,1.502728462E-1,3.665191587E-3
3.123379333E1,-8.124507964E-2,1.490511149E-1,8.552113548E-3
3.123570814E1,-8.063421398E-2,1.472185254E-1,7.330383174E-3
3.123770760E1,-7.941248268E-2,1.508837193E-1,5.497787148E-3
3.123977703E1,-7.696902007E-2,1.490511149E-1,4.886921961E-3
3.124181202E1,-7.513642311E-2,1.508837193E-1,5.497787148E-3
3.124388145E1,-7.086037099E-2,1.508837193E-1,3.665191587E-3
3.124591626E1,-7.024950534E-2,1.484402567E-1,6.108652451E-4
3.124798576E1,-6.780604273E-2,1.496619880E-1,0.000000000E0
3.125002045E1,-6.291911751E-2,1.490511149E-1,-6.108652451E-4
3.125209672E1,-5.742133409E-2,1.490511149E-1,-3.665191587E-3
3.125409914E1,-5.681046844E-2,1.459967941E-1,-1.832595794E-3
3.125612076E1,-5.375614017E-2,1.496619880E-1,-5.497787148E-3
3.125815568E1,-4.581489414E-2,1.514945775E-1,-3.665191587E-3
3.126022464E1,-4.337143153E-2,1.514945775E-1,-4.886921961E-3
3.126225910E1,-3.909537569E-2,1.539380401E-1,-7.941247895E-3
3.126432833E1,-3.237585723E-2,1.582140923E-1,-8.552113548E-3
3.126636272E1,-3.054326214E-2,1.576032341E-1,-9.162978269E-3
3.126843110E1,-2.809980139E-2,1.563815027E-1,-1.160643995E-2
3.127046549E1,-2.199114859E-2,1.582140923E-1,-1.160643995E-2
3.127249764E1,-1.954768784E-2,1.600466967E-1,-1.099557430E-2
3.127457603E1,-1.466076635E-2,1.600466967E-1,-1.771509275E-2
3.127659772E1,-1.160643995E-2,1.594358236E-1,-1.038470957E-2
3.127863199E1,-8.552113548E-3,1.606575549E-1,-1.160643995E-2
3.128070049E1,-1.832595794E-3,1.594358236E-1,-1.588249579E-2
3.128273479E1,3.054326167E-3,1.594358236E-1,-1.160643995E-2
3.128480379E1,6.108652335E-3,1.569923609E-1,-1.160643995E-2
3.128683760E1,9.773843922E-3,1.569923609E-1,-1.466076635E-2
3.128890614E1,1.160643995E-2,1.545489132E-1,-3.665191587E-3
3.129094037E1,2.015855350E-2,1.539380401E-1,-1.099557430E-2
3.129298983E1,1.710422710E-2,1.508837193E-1,-8.552113548E-3
3.129508168E1,2.199114859E-2,1.496619880E-1,-4.886921961E-3
3.129698683E1,3.054326214E-2,1.453859210E-1,-7.941247895E-3
3.129898645E1,3.237585723E-2,1.429424733E-1,-7.941247895E-3
3.130105591E1,3.543018550E-2,1.392772794E-1,-5.497787148E-3
3.130309068E1,4.031710699E-2,1.325577646E-1,-6.108652335E-3
3.130515972E1,4.581489414E-2,1.313360333E-1,-5.497787148E-3
3.130719422E1,4.886921868E-2,1.270599663E-1,-3.054326167E-3
3.130926326E1,5.375614017E-2,1.209513173E-1,-6.108652451E-4
3.131129837E1,5.742133409E-2,1.185078546E-1,-6.108652335E-3
3.131333106E1,5.864306539E-2,1.142318025E-1,-6.108652451E-4
3.131546564E1,6.291911751E-2,1.093448773E-1,6.108652451E-4
3.131738129E1,6.658431143E-2,1.075122803E-1,-3.665191587E-3
3.131938053E1,6.841690838E-2,1.020144969E-1,0.000000000E0
3.132145014E1,7.208210230E-2,9.834930301E-2,1.832595794E-3
3.132348506E1,7.330382615E-2,9.590584040E-2,3.054326167E-3
3.132555445E1,7.635815442E-2,9.285151958E-2,6.719517522E-3
3.132758853E1,7.941248268E-2,8.796459436E-2,6.108652335E-3
3.132965810E1,8.124507964E-2,8.613199741E-2,6.719517522E-3
3.133169268E1,8.246681094E-2,8.552113175E-2,8.552113548E-3
3.133374241E1,8.491026610E-2,8.124507964E-2,8.552113548E-3
3.133574722E1,8.857546002E-2,7.880161703E-2,6.108652335E-3
3.133776926E1,8.857546002E-2,7.941248268E-2,9.162978269E-3
3.133980383E1,9.162978828E-2,7.574728876E-2,6.108652335E-3
3.134187391E1,9.285151958E-2,7.452555746E-2,7.941247895E-3
3.134390802E1,9.590584040E-2,7.452555746E-2,7.941247895E-3
3.134597745E1,9.834930301E-2,7.269296050E-2,6.719517522E-3
3.134801260E1,1.001819000E-1,6.902777404E-2,7.330383174E-3
3.135008114E1,1.001819000E-1,7.269296050E-2,6.108652335E-3
3.135211622E1,1.020144969E-1,7.147123665E-2,9.773843922E-3
3.135411599E1,1.044579595E-1,7.391469181E-2,9.773843922E-3
3.135619402E1,1.062905490E-1,7.574728876E-2,8.552113548E-3
3.135821591E1,1.069014147E-1,7.635815442E-2,1.038470957E-2
3.136025010E1,1.093448773E-1,7.880161703E-2,5.497787148E-3
3.136231933E1,1.111774743E-1,7.941248268E-2,8.552113548E-3
3.136435295E1,1.111774743E-1,8.185594529E-2,9.162978269E-3
3.136637803E1,1.117883399E-1,8.307767659E-2,6.108652335E-3
3.136837729E1,1.130100712E-1,8.429940045E-2,9.162978269E-3
3.137044583E1,1.105666086E-1,8.857546002E-2,1.038470957E-2
3.137247933E1,1.142318025E-1,9.346238524E-2,5.497787148E-3
3.137452845E1,1.081231460E-1,9.651670605E-2,1.221730467E-2
3.137669776E1,1.117883399E-1,9.651670605E-2,1.038470957E-2
3.137853337E1,1.105666086E-1,9.896016866E-2,1.038470957E-2
3.138053291E1,1.075122803E-1,1.044579595E-1,1.404990070E-2
3.138260114E1,1.062905490E-1,1.099557430E-1,1.832595654E-2
3.138463526E1,1.050688252E-1,1.191187203E-1,1.832595654E-2
3.138670352E1,1.014036313E-1,1.240056455E-1,2.626720630E-2
3.138873749E1,1.026253626E-1,1.295034289E-1,2.565634064E-2
3.139080591E1,9.834930301E-2,1.325577646E-1,2.321287990E-2
3.139283968E1,9.651670605E-2,1.404990107E-1,3.115412779E-2
3.139487145E1,9.346238524E-2,1.490511149E-1,3.420845419E-2
3.139700453E1,8.552113175E-2,1.649336219E-1,3.848451003E-2
3.139891829E1,7.513642311E-2,1.838704348E-1,5.436700583E-2
3.140091779E1,7.269296050E-2,1.918116808E-1,6.108652428E-2
3.140298672E1,6.291911751E-2,2.040289938E-1,7.024950534E-2
3.140502060E1,5.314527452E-2,2.156354338E-1,8.124507964E-2
3.140708987E1,5.009094998E-2,2.186897546E-1,8.429940045E-2
3.140912429E1,4.520402849E-2,2.223549485E-1,8.246681094E-2
3.141119310E1,4.459316283E-2,2.150245607E-1,8.674286306E-2
3.141322749E1,4.276056588E-2,2.113593817E-1,8.491026610E-2
3.141530387E1,4.398229718E-2,1.985312104E-1,8.185594529E-2
3.141730614E1,5.009094998E-2,1.850921661E-1,7.574728876E-2
3.141932737E1,5.131268129E-2,1.753183305E-1,7.086037099E-2
3.142136191E1,5.558873713E-2,1.655444801E-1,6.536258012E-2
3.142343083E1,6.291911751E-2,1.545489132E-1,5.803219974E-2
3.142546560E1,6.597344577E-2,1.466076523E-1,5.192354694E-2
3.142753495E1,6.780604273E-2,1.429424733E-1,5.131268129E-2
3.142956995E1,7.269296050E-2,1.325577646E-1,5.131268129E-2
3.143163856E1,7.513642311E-2,1.270599663E-1,4.459316283E-2
3.143367333E1,7.574728876E-2,1.221730486E-1,4.398229718E-2
3.143570572E1,7.635815442E-2,1.154535338E-1,4.581489414E-2
3.143778441E1,7.513642311E-2,1.081231460E-1,4.092797264E-2
3.143980583E1,7.880161703E-2,1.014036313E-1,3.970624134E-2
3.144184026E1,8.063421398E-2,9.407325089E-2,4.153883830E-2
3.144390883E1,8.368854225E-2,8.368854225E-2,3.787364438E-2
3.144594326E1,8.185594529E-2,7.757988572E-2,4.153883830E-2
3.144801026E1,8.552113175E-2,6.597344577E-2,4.276056588E-2
3.145004449E1,8.857546002E-2,5.192354694E-2,3.726277873E-2
3.145211264E1,8.918632567E-2,4.520402849E-2,3.787364438E-2
3.145414764E1,9.162978828E-2,2.687807009E-2,3.726277873E-2
3.145619699E1,9.773843735E-2,1.221730467E-2,3.420845419E-2
3.145828902E1,1.001819000E-1,-8.552113548E-3,3.298672289E-2
3.146019418E1,9.896016866E-2,-1.832595654E-2,3.359758854E-2
3.146219333E1,1.020144969E-1,-4.031710699E-2,3.054326214E-2
3.146426245E1,1.062905490E-1,-4.948008433E-2,2.626720630E-2
3.146631179E1,1.056796908E-1,-6.902777404E-2,2.809980139E-2
3.146836499E1,1.099557430E-1,-8.979719132E-2,2.076941915E-2
3.147039929E1,1.130100712E-1,-1.087340117E-1,1.710422710E-2
3.147246749E1,1.130100712E-1,-1.203404516E-1,1.710422710E-2
3.147450145E1,1.148426682E-1,-1.398881376E-1,1.221730467E-2
3.147653256E1,1.166752651E-1,-1.539380401E-1,1.038470957E-2
3.147866587E1,1.117883399E-1,-1.673770845E-1,6.108652335E-3
3.148058033E1,1.123992056E-1,-1.844813079E-1,-1.832595794E-3
3.148257960E1,9.468411654E-2,-2.229658216E-1,-4.886921961E-3
3.148464772E1,6.841690838E-2,-2.541199327E-1,-9.162978269E-3
3.148668195E1,2.871066704E-2,-2.974913716E-1,-1.038470957E-2
3.148874956E1,-2.076941915E-2,-3.304781020E-1,1.832595794E-3
3.149078349E1,-2.687807009E-2,-3.274237812E-1,1.282817032E-2
3.149285226E1,-4.214970022E-2,-3.158173263E-1,3.543018550E-2
3.149488687E1,-2.260201424E-2,-2.767219543E-1,3.665191308E-2
3.149693645E1,-1.404990070E-2,-2.608394623E-1,2.993239649E-2
3.149894072E1,1.771509275E-2,-2.321287990E-1,1.099557430E-2
3.150096241E1,5.131268129E-2,-2.003637999E-1,-1.282817032E-2
3.150299676E1,6.291911751E-2,-1.863138974E-1,-2.382374369E-2
3.150506499E1,8.674286306E-2,-1.618792862E-1,-4.398229718E-2
3.150709941E1,9.346238524E-2,-1.411098689E-1,-5.497787148E-2
3.150916856E1,8.185594529E-2,-1.325577646E-1,-5.253441259E-2
3.151120226E1,7.391469181E-2,-1.215621829E-1,-4.764748737E-2
3.151327110E1,6.475171447E-2,-1.026253626E-1,-3.909537569E-2
3.151530529E1,4.642575979E-2,-8.307767659E-2,-2.504547499E-2
3.151733895E1,4.214970022E-2,-7.024950534E-2,-2.138028294E-2
3.151941829E1,2.993239649E-2,-5.742133409E-2,-6.108652335E-3
3.152143976E1,1.404990070E-2,-5.803219974E-2,1.832595794E-3
3.152347449E1,1.099557430E-2,-5.314527452E-2,-1.832595794E-3
3.152554364E1,-7.941247895E-3,-5.803219974E-2,-3.054326167E-3
3.152757768E1,-2.015855350E-2,-5.742133409E-2,-4.886921961E-3
3.152964656E1,-2.138028294E-2,-5.558873713E-2,-9.162978269E-3
3.153168122E1,-3.237585723E-2,-5.558873713E-2,-8.552113548E-3
3.153375014E1,-3.665191308E-2,-5.619960278E-2,-1.343903504E-2
3.153578364E1,-4.031710699E-2,-5.925392732E-2,-1.404990070E-2
3.153783302E1,-4.764748737E-2,-7.208210230E-2,-1.099557430E-2
3.153992541E1,-5.986479297E-2,-8.552113175E-2,-9.162978269E-3
3.154183095E1,-6.414084882E-2,-9.285151958E-2,-6.108652335E-3
3.154383002E1,-7.391469181E-2,-1.081231460E-1,1.221730490E-3
3.154589979E1,-7.269296050E-2,-1.117883399E-1,3.665191587E-3
3.154793402E1,-6.841690838E-2,-1.075122803E-1,4.276056774E-3
3.155000283E1,-6.414084882E-2,-1.056796908E-1,8.552113548E-3
3.155203749E1,-5.131268129E-2,-9.712757170E-2,8.552113548E-3
3.155410668E1,-4.764748737E-2,-9.712757170E-2,3.054326167E-3
3.155614129E1,-4.398229718E-2,-9.896016866E-2,1.221730490E-3
3.155817368E1,-4.153883830E-2,-8.796459436E-2,-4.276056774E-3
3.156030676E1,-3.848451003E-2,-8.063421398E-2,-9.162978269E-3
3.156222106E1,-3.604105115E-2,-7.513642311E-2,-9.773843922E-3
3.156422083E1,-3.909537569E-2,-6.414084882E-2,-1.404990070E-2
3.156628941E1,-4.337143153E-2,-5.864306539E-2,-1.649336144E-2
3.156832383E1,-4.642575979E-2,-5.497787148E-2,-2.199114859E-2
3.157039298E1,-5.619960278E-2,-4.459316283E-2,-2.626720630E-2
3.157242776E1,-6.047565863E-2,-2.748893574E-2,-3.176499158E-2
3.157449668E1,-6.475171447E-2,-1.649336144E-2,-3.359758854E-2
3.157653118E1,-6.780604273E-2,8.552113548E-3,-4.214970022E-2
3.157860749E1,-6.780604273E-2,3.787364438E-2,-4.581489414E-2
3.158061076E1,-6.902777404E-2,5.558873713E-2,-4.825835302E-2
3.158263233E1,-6.352998316E-2,8.185594529E-2,-5.192354694E-2
3.158466706E1,-5.986479297E-2,1.069014147E-1,-5.619960278E-2
3.158673568E1,-5.803219974E-2,1.154535338E-1,-5.681046844E-2
3.158876964E1,-5.436700583E-2,1.362229437E-1,-6.352998316E-2
3.159083868E1,-5.314527452E-2,1.496619880E-1,-6.108652428E-2
3.159287283E1,-5.314527452E-2,1.527163088E-1,-6.414084882E-2
3.159494114E1,-5.375614017E-2,1.600466967E-1,-6.475171447E-2
3.159697552E1,-5.375614017E-2,1.606575549E-1,-6.414084882E-2
3.159897556E1,-5.681046844E-2,1.594358236E-1,-6.475171447E-2
3.160105418E1,-5.619960278E-2,1.582140923E-1,-6.536258012E-2
3.160307529E1,-5.803219974E-2,1.563815027E-1,-6.352998316E-2
3.160511010E1,-5.375614017E-2,1.502728462E-1,-6.719517708E-2
3.160717926E1,-5.375614017E-2,1.484402567E-1,-6.658431143E-2
3.160921395E1,-5.070181563E-2,1.411098689E-1,-6.597344577E-2
3.161123818E1,-4.703662544E-2,1.331686229E-1,-6.475171447E-2
3.161323868E1,-4.886921868E-2,1.313360333E-1,-6.719517708E-2
3.161530787E1,-4.337143153E-2,1.246165112E-1,-5.986479297E-2
3.161734218E1,-4.276056588E-2,1.166752651E-1,-6.108652428E-2
3.161939083E1,-4.092797264E-2,1.172861308E-1,-6.230825558E-2
3.162156033E1,-4.031710699E-2,1.075122803E-1,-5.497787148E-2
3.162339552E1,-3.604105115E-2,1.007927656E-1,-5.375614017E-2
3.162539568E1,-3.481931984E-2,9.712757170E-2,-5.375614017E-2
3.162746479E1,-3.115412779E-2,9.346238524E-2,-5.009094998E-2
3.162949922E1,-2.993239649E-2,9.101892263E-2,-5.192354694E-2
3.163156795E1,-3.115412779E-2,8.918632567E-2,-5.009094998E-2
3.163360210E1,-3.054326214E-2,8.674286306E-2,-4.581489414E-2
3.163567098E1,-2.993239649E-2,8.796459436E-2,-4.764748737E-2
3.163770583E1,-2.932153270E-2,8.735372871E-2,-4.581489414E-2
3.163970641E1,-2.748893574E-2,8.674286306E-2,-4.276056588E-2
3.164183952E1,-2.382374369E-2,8.735372871E-2,-4.459316283E-2
3.164375464E1,-2.076941915E-2,9.040805697E-2,-4.703662544E-2
3.164575487E1,-1.832595654E-2,9.285151958E-2,-4.276056588E-2
3.164782437E1,-1.710422710E-2,9.040805697E-2,-3.848451003E-2
3.164985956E1,-1.404990070E-2,9.101892263E-2,-3.909537569E-2
3.165192941E1,-1.221730467E-2,9.224065393E-2,-3.543018550E-2
3.165396437E1,-9.162978269E-3,9.468411654E-2,-3.176499158E-2
3.165603287E1,-5.497787148E-3,9.346238524E-2,-2.748893574E-2
3.165806756E1,-8.552113548E-3,9.590584040E-2,-2.626720630E-2
3.166011756E1,-6.108652335E-3,9.590584040E-2,-2.199114859E-2
3.166212122E1,-4.276056774E-3,9.468411654E-2,-1.710422710E-2
3.166414345E1,-1.221730490E-3,9.407325089E-2,-1.954768784E-2
3.166617837E1,-1.221730490E-3,9.162978828E-2,-1.282817032E-2
3.166824725E1,-1.832595794E-3,9.162978828E-2,-1.099557430E-2
3.167028210E1,6.108652451E-4,8.857546002E-2,-8.552113548E-3
3.167235125E1,-1.221730490E-3,8.429940045E-2,-6.719517522E-3
3.167438598E1,6.108652451E-4,8.185594529E-2,-6.108652335E-3
3.167645510E1,-6.108652451E-4,8.124507964E-2,-4.276056774E-3
3.167849002E1,0.000000000E0,7.819075137E-2,-3.054326167E-3
3.168052237E1,1.221730490E-3,7.391469181E-2,-4.276056774E-3
3.168260118E1,0.000000000E0,7.208210230E-2,-2.443460980E-3
3.168462341E1,-6.108652451E-4,6.780604273E-2,-3.665191587E-3
3.168665722E1,-6.108652451E-4,6.475171447E-2,-6.108652335E-3
3.168872618E1,-1.832595794E-3,6.291911751E-2,-3.054326167E-3
3.169076064E1,-4.276056774E-3,5.864306539E-2,-5.497787148E-3
3.169282983E1,-7.330383174E-3,5.681046844E-2,-1.832595794E-3
3.169486460E1,-9.162978269E-3,5.070181563E-2,-1.832595794E-3
3.169693414E1,-7.330383174E-3,5.070181563E-2,-4.276056774E-3
3.169896945E1,-1.099557430E-2,4.642575979E-2,-1.832595794E-3
3.170101887E1,-1.343903504E-2,4.337143153E-2,-1.832595794E-3
3.170311129E1,-1.466076635E-2,4.214970022E-2,-6.108652451E-4
3.170501698E1,-1.282817032E-2,4.153883830E-2,-3.054326167E-3
3.170701664E1,-1.771509275E-2,4.031710699E-2,-1.832595794E-3
3.170908602E1,-1.893682219E-2,3.909537569E-2,-4.276056774E-3
3.171111991E1,-2.076941915E-2,3.848451003E-2,-6.108652335E-3
3.171318964E1,-2.138028294E-2,3.970624134E-2,-3.665191587E-3
3.171522410E1,-2.382374369E-2,4.031710699E-2,-4.886921961E-3
3.171729306E1,-2.138028294E-2,4.214970022E-2,-7.941247895E-3
3.171932752E1,-2.260201424E-2,4.398229718E-2,-7.330383174E-3
3.172135837E1,-2.504547499E-2,4.764748737E-2,-6.719517522E-3
3.172349260E1,-2.443460934E-2,4.825835302E-2,-8.552113548E-3
3.172540779E1,-2.260201424E-2,5.375614017E-2,-9.773843922E-3
3.172740802E1,-2.260201424E-2,5.558873713E-2,-9.773843922E-3
3.172947760E1,-2.321287990E-2,5.375614017E-2,-7.941247895E-3
3.173151256E1,-2.076941915E-2,5.864306539E-2,-1.038470957E-2
3.173358160E1,-2.199114859E-2,5.864306539E-2,-9.773843922E-3
3.173561614E1,-2.382374369E-2,6.108652428E-2,-9.773843922E-3
3.173768533E1,-2.199114859E-2,6.536258012E-2,-7.941247895E-3
3.173971906E1,-2.504547499E-2,7.208210230E-2,-6.719517522E-3
3.174179475E1,-2.076941915E-2,7.147123665E-2,-6.108652335E-3
3.174379587E1,-2.199114859E-2,7.696902007E-2,-2.443460980E-3
3.174581645E1,-3.665191587E-3,9.162978828E-2,2.443460980E-3
3.174785041E1,-6.108652451E-4,9.712757170E-2,1.404990070E-2
3.174991849E1,7.941247895E-3,1.026253626E-1,2.565634064E-2
3.175195133E1,6.108652335E-3,9.712757170E-2,2.748893574E-2
3.175401979E1,3.665191587E-3,9.529497474E-2,2.687807009E-2
3.175605333E1,-1.221730490E-3,9.346238524E-2,2.687807009E-2
3.175812233E1,-4.276056774E-3,8.796459436E-2,2.199114859E-2
3.176015610E1,-8.552113548E-3,8.674286306E-2,2.260201424E-2
3.176218768E1,-1.160643995E-2,8.368854225E-2,1.466076635E-2
3.176426572E1,-1.771509275E-2,7.635815442E-2,1.038470957E-2
3.176628691E1,-2.199114859E-2,7.269296050E-2,5.497787148E-3
3.176832091E1,-2.443460934E-2,6.658431143E-2,-1.221730490E-3
3.177038949E1,-2.687807009E-2,5.742133409E-2,-6.719517522E-3
3.177242387E1,-2.748893574E-2,5.436700583E-2,-9.773843922E-3
3.177449295E1,-2.626720630E-2,4.581489414E-2,-1.527163107E-2
3.177652687E1,-2.382374369E-2,3.909537569E-2,-1.893682219E-2
3.177859502E1,-2.260201424E-2,3.420845419E-2,-1.710422710E-2
3.178062922E1,-2.321287990E-2,2.932153270E-2,-1.527163107E-2
3.178267837E1,-2.015855350E-2,2.809980139E-2,-1.343903504E-2
3.178477118E1,-2.076941915E-2,2.260201424E-2,-1.160643995E-2
3.178667699E1,-2.260201424E-2,1.954768784E-2,-1.160643995E-2
3.178867556E1,-2.504547499E-2,1.466076635E-2,-7.330383174E-3
3.179074448E1,-2.565634064E-2,1.404990070E-2,-6.719517522E-3
3.179277837E1,-2.748893574E-2,1.282817032E-2,-2.443460980E-3
3.179484741E1,-3.054326214E-2,9.162978269E-3,-5.497787148E-3
3.179688248E1,-3.359758854E-2,6.719517522E-3,-3.665191587E-3
3.179895141E1,-3.176499158E-2,9.773843922E-3,-5.497787148E-3
3.180098560E1,-3.237585723E-2,1.832595794E-3,-6.108652451E-4
3.180301725E1,-3.359758854E-2,1.221730490E-3,6.108652451E-4
3.180514937E1,-3.176499158E-2,6.108652451E-4,6.108652451E-4
3.180706418E1,-3.054326214E-2,-1.221730490E-3,4.886921961E-3
3.180906337E1,-2.993239649E-2,-1.221730490E-3,4.886921961E-3
3.181113195E1,-3.054326214E-2,-2.443460980E-3,1.221730467E-2
3.181316579E1,-3.115412779E-2,-2.443460980E-3,1.221730467E-2
3.181523402E1,-3.115412779E-2,-4.886921961E-3,1.282817032E-2
3.181726810E1,-3.237585723E-2,-6.108652335E-3,1.588249579E-2
3.181933698E1,-3.420845419E-2,-5.497787148E-3,1.771509275E-2
3.182137179E1,-3.543018550E-2,-7.330383174E-3,1.771509275E-2
3.182342098E1,-3.665191308E-2,-9.773843922E-3,2.015855350E-2
3.182542525E1,-3.665191308E-2,-1.160643995E-2,1.649336144E-2
3.182744691E1,-3.665191308E-2,-1.221730467E-2,2.015855350E-2
3.182948183E1,-8.552113548E-3,2.443460980E-3,2.076941915E-2
3.183155041E1,6.108652451E-4,8.552113548E-3,2.687807009E-2
3.183358487E1,2.015855350E-2,9.773843922E-3,3.298672289E-2
3.183565298E1,2.748893574E-2,7.330383174E-3,4.092797264E-2
3.183768795E1,2.932153270E-2,3.054326167E-3,4.153883830E-2
3.183975706E1,2.626720630E-2,-2.443460980E-3,4.642575979E-2
3.184179137E1,1.893682219E-2,-9.773843922E-3,4.214970022E-2
3.184382291E1,1.527163107E-2,-1.282817032E-2,4.276056588E-2
3.184590168E1,3.665191587E-3,-2.076941915E-2,3.298672289E-2
3.184792337E1,-4.886921961E-3,-2.626720630E-2,2.504547499E-2
3.184995802E1,-5.497787148E-3,-2.748893574E-2,2.015855350E-2
3.185202691E1,-1.221730467E-2,-2.871066704E-2,1.466076635E-2
3.185406106E1,-1.710422710E-2,-3.298672289E-2,5.497787148E-3
3.185608587E1,-1.832595654E-2,-3.604105115E-2,3.054326167E-3
3.185808560E1,-2.626720630E-2,-3.909537569E-2,2.443460980E-3
3.186015433E1,-2.748893574E-2,-4.092797264E-2,2.443460980E-3
3.186218883E1,-2.932153270E-2,-4.031710699E-2,3.054326167E-3
3.186423841E1,-2.809980139E-2,-4.153883830E-2,4.276056774E-3
3.186640810E1,-2.748893574E-2,-3.848451003E-2,3.054326167E-3
3.186824464E1,-2.504547499E-2,-3.970624134E-2,1.832595794E-3
3.187024333E1,-2.565634064E-2,-3.604105115E-2,8.552113548E-3
3.187231229E1,-2.687807009E-2,-3.481931984E-2,9.162978269E-3
3.187436172E1,-2.932153270E-2,-3.237585723E-2,8.552113548E-3
3.187641414E1,-2.871066704E-2,-2.932153270E-2,1.282817032E-2
3.187844860E1,-2.932153270E-2,-2.748893574E-2,1.160643995E-2
3.188051748E1,-3.481931984E-2,-2.565634064E-2,1.588249579E-2
3.188255122E1,-3.359758854E-2,-2.321287990E-2,1.282817032E-2
3.188458264E1,-3.481931984E-2,-2.504547499E-2,9.773843922E-3
3.188671460E1,-3.604105115E-2,-2.443460934E-2,1.343903504E-2
3.188862964E1,-3.237585723E-2,-2.443460934E-2,1.038470957E-2
3.189062925E1,-2.871066704E-2,-2.504547499E-2,1.038470957E-2
3.189269775E1,-2.932153270E-2,-2.687807009E-2,9.162978269E-3
3.189473237E1,-2.382374369E-2,-2.504547499E-2,1.221730467E-2
3.189680045E1,-2.382374369E-2,-2.382374369E-2,7.330383174E-3
3.189883491E1,-1.771509275E-2,-2.199114859E-2,5.497787148E-3
3.190090322E1,-1.771509275E-2,-2.260201424E-2,7.941247895E-3
3.190293806E1,-1.527163107E-2,-2.015855350E-2,4.276056774E-3
3.190501391E1,-1.221730467E-2,-1.893682219E-2,4.886921961E-3
3.190701541E1,-9.162978269E-3,-1.588249579E-2,5.497787148E-3
3.190903610E1,-8.552113548E-3,-1.466076635E-2,-6.108652451E-4
3.191107037E1,-4.886921961E-3,-1.282817032E-2,-2.443460980E-3
3.191313941E1,-5.497787148E-3,-1.038470957E-2,-4.276056774E-3
3.191517306E1,1.832595794E-3,-8.552113548E-3,-6.719517522E-3
3.191724179E1,1.832595794E-3,-4.886921961E-3,-9.773843922E-3
3.191927641E1,6.108652335E-3,-3.665191587E-3,-1.099557430E-2
3.192134568E1,8.552113548E-3,-3.054326167E-3,-1.099557430E-2
3.192338091E1,1.160643995E-2,2.443460980E-3,-1.221730467E-2
3.192541360E1,1.466076635E-2,6.719517522E-3,-1.527163107E-2
3.192749225E1,1.527163107E-2,6.719517522E-3,-1.649336144E-2
3.192951522E1,1.954768784E-2,1.282817032E-2,-1.099557430E-2
3.193154983E1,2.382374369E-2,1.466076635E-2,-1.221730467E-2
3.193361879E1,2.382374369E-2,1.527163107E-2,-9.773843922E-3
3.193565314E1,2.687807009E-2,1.954768784E-2,-7.941247895E-3
3.193772172E1,2.748893574E-2,2.015855350E-2,-5.497787148E-3
3.193975552E1,2.748893574E-2,2.138028294E-2,-4.886921961E-3
3.194182445E1,2.748893574E-2,2.199114859E-2,-5.497787148E-3
3.194385898E1,2.993239649E-2,2.260201424E-2,-4.886921961E-3
3.194590745E1,3.359758854E-2,2.443460934E-2,-3.054326167E-3
3.194799925E1,3.176499158E-2,2.138028294E-2,1.221730490E-3
3.194990498E1,3.176499158E-2,1.832595654E-2,1.221730490E-3
3.195190472E1,3.420845419E-2,2.015855350E-2,-6.108652451E-4
3.195397268E1,3.176499158E-2,1.527163107E-2,3.054326167E-3
3.195600679E1,3.420845419E-2,1.343903504E-2,6.108652335E-3
3.195807556E1,3.481931984E-2,1.038470957E-2,5.497787148E-3
3.196010952E1,3.115412779E-2,6.719517522E-3,4.886921961E-3
3.196217845E1,3.115412779E-2,6.108652451E-4,9.773843922E-3
3.196421295E1,3.237585723E-2,-1.832595794E-3,9.162978269E-3
3.196624498E1,3.481931984E-2,-4.886921961E-3,7.941247895E-3
3.196837818E1,3.359758854E-2,-7.330383174E-3,1.221730467E-2
3.197029302E1,3.176499158E-2,-1.221730467E-2,1.282817032E-2
3.197229241E1,3.359758854E-2,-1.466076635E-2,1.160643995E-2
3.197436060E1,3.237585723E-2,-1.954768784E-2,1.710422710E-2
3.197639414E1,3.298672289E-2,-2.443460934E-2,1.771509275E-2
3.197846268E1,3.054326214E-2,-2.687807009E-2,1.771509275E-2
3.198049668E1,3.237585723E-2,-3.115412779E-2,1.893682219E-2
3.198256483E1,2.687807009E-2,-3.543018550E-2,2.138028294E-2
3.198459798E1,2.687807009E-2,-3.726277873E-2,1.771509275E-2
3.198664714E1,2.748893574E-2,-3.726277873E-2,2.199114859E-2
3.198865483E1,2.260201424E-2,-4.214970022E-2,2.138028294E-2
3.199067479E1,2.260201424E-2,-4.459316283E-2,2.076941915E-2
3.199270910E1,1.893682219E-2,-4.886921868E-2,2.015855350E-2
3.199477752E1,1.832595654E-2,-4.948008433E-2,2.199114859E-2
3.199681183E1,1.588249579E-2,-5.009094998E-2,2.076941915E-2
3.199888037E1,1.404990070E-2,-4.459316283E-2,2.809980139E-2
3.200091452E1,5.497787148E-3,-3.237585723E-2,3.604105115E-2
3.200298310E1,-6.719517522E-3,-1.404990070E-2,4.092797264E-2
3.200501787E1,-1.343903504E-2,-3.054326167E-3,4.825835302E-2
3.200701744E1,-2.932153270E-2,2.076941915E-2,5.497787148E-2
3.200909579E1,-4.520402849E-2,4.764748737E-2,6.230825558E-2
3.201111706E1,-5.192354694E-2,6.108652428E-2,6.841690838E-2
3.201315152E1,-6.658431143E-2,9.224065393E-2,7.635815442E-2
3.201521991E1,-8.063421398E-2,1.191187203E-1,8.063421398E-2
3.201725356E1,-8.246681094E-2,1.325577646E-1,8.246681094E-2
3.201932210E1,-9.468411654E-2,1.582140923E-1,8.735372871E-2
3.202135625E1,-9.957103431E-2,1.820378453E-1,8.735372871E-2
3.202342448E1,-1.007927656E-1,1.954768747E-1,8.796459436E-2
3.202545810E1,-1.069014147E-1,2.199114859E-1,8.796459436E-2
3.202750641E1,-1.111774743E-1,2.443460971E-1,8.124507964E-2
3.202959937E1,-1.117883399E-1,2.590068579E-1,8.491026610E-2
3.203150518E1,-1.166752651E-1,2.828305960E-1,8.307767659E-2
3.203350560E1,-1.209513173E-1,3.072652221E-1,8.552113175E-2
3.203557414E1,-1.221730486E-1,3.194825351E-1,8.368854225E-2
3.203760875E1,-1.264491081E-1,3.420845270E-1,8.491026610E-2
3.203967821E1,-1.313360333E-1,3.634648323E-1,8.429940045E-2
3.204171275E1,-1.331686229E-1,3.701843321E-1,8.491026610E-2
3.204378214E1,-1.337794960E-1,3.872885704E-1,8.246681094E-2
3.204581745E1,-1.343903542E-1,3.988949955E-1,8.307767659E-2
3.204784937E1,-1.337794960E-1,4.031710625E-1,8.429940045E-2
3.204998210E1,-1.276708394E-1,4.086688459E-1,7.819075137E-2
3.205189741E1,-1.203404516E-1,4.111123085E-1,7.635815442E-2
3.205389633E1,-1.166752651E-1,4.086688459E-1,7.452555746E-2
3.205596464E1,-1.062905490E-1,4.019493461E-1,6.780604273E-2
3.205799864E1,-9.224065393E-2,3.940080702E-1,6.352998316E-2
3.206006691E1,-8.246681094E-2,3.848451078E-1,5.864306539E-2
3.206210102E1,-7.880161703E-2,3.805690408E-1,5.742133409E-2
3.206416914E1,-6.902777404E-2,3.720169365E-1,5.681046844E-2
3.206620268E1,-6.658431143E-2,3.659082949E-1,5.497787148E-2
3.206827848E1,-6.169738993E-2,3.640756905E-1,5.375614017E-2
3.207028025E1,-6.169738993E-2,3.591887653E-1,5.803219974E-2
3.207230198E1,-5.986479297E-2,3.543018401E-1,5.925392732E-2
3.207433533E1,-6.230825558E-2,3.512475193E-1,5.742133409E-2
3.207640398E1,-6.230825558E-2,3.469714522E-1,6.169738993E-2
3.207843768E1,-6.719517708E-2,3.445279896E-1,6.352998316E-2
3.208050560E1,-6.719517708E-2,3.408628106E-1,6.414084882E-2
3.208253998E1,-7.452555746E-2,3.408628106E-1,7.208210230E-2
3.208460802E1,-8.185594529E-2,3.378084898E-1,7.452555746E-2
3.208664198E1,-8.429940045E-2,3.365867436E-1,7.330382615E-2
3.208867348E1,-9.224065393E-2,3.335324228E-1,8.491026610E-2
3.209075160E1,-1.014036313E-1,3.347541690E-1,8.735372871E-2
3.209277302E1,-1.081231460E-1,3.341432810E-1,9.162978828E-2
3.209480760E1,-1.123992056E-1,3.335324228E-1,9.712757170E-2
3.209687637E1,-1.197295859E-1,3.347541690E-1,1.032362282E-1
3.209890994E1,-1.307251602E-1,3.365867436E-1,1.136209369E-1
3.210093383E1,-1.362229437E-1,3.402519524E-1,1.197295859E-1
3.210293264E1,-1.472185254E-1,3.396410644E-1,1.276708394E-1
3.210500052E1,-1.594358236E-1,3.451388776E-1,1.343903542E-1
3.210703448E1,-1.698205322E-1,3.463605940E-1,1.441642046E-1
3.210908468E1,-1.777617931E-1,3.481931984E-1,1.527163088E-1
3.211125568E1,-1.875356287E-1,3.488040566E-1,1.582140923E-1
3.211309198E1,-1.954768747E-1,3.488040566E-1,1.618792862E-1
3.211509106E1,-2.015855312E-1,3.463605940E-1,1.624901593E-1
3.211715871E1,-2.064724565E-1,3.445279896E-1,1.618792862E-1
3.211919241E1,-2.070833147E-1,3.433062732E-1,1.600466967E-1
3.212126075E1,-2.107485086E-1,3.433062732E-1,1.576032341E-1
3.212329468E1,-2.156354338E-1,3.439171314E-1,1.557706445E-1
3.212536360E1,-2.144137025E-1,3.457497358E-1,1.502728462E-1
3.212739756E1,-2.150245607E-1,3.463605940E-1,1.484402567E-1
3.212942910E1,-2.131919712E-1,3.536909819E-1,1.447750628E-1
3.213156179E1,-2.156354338E-1,3.561344445E-1,1.429424733E-1
3.213347652E1,-2.144137025E-1,3.597996235E-1,1.441642046E-1
3.213547587E1,-2.162462920E-1,3.671300113E-1,1.435533315E-1
3.213754479E1,-2.180788964E-1,3.707951903E-1,1.423316002E-1
3.213957775E1,-2.186897546E-1,3.799581826E-1,1.472185254E-1
3.214164618E1,-2.199114859E-1,3.891211748E-1,1.466076523E-1
3.214368098E1,-2.211332172E-1,3.909537494E-1,1.478293836E-1
3.214574914E1,-2.229658216E-1,3.976732790E-1,1.521054506E-1
3.214778291E1,-2.266310006E-1,4.043927789E-1,1.539380401E-1
3.214983233E1,-2.260201424E-1,4.062253833E-1,1.557706445E-1
3.215183564E1,-2.260201424E-1,4.074471295E-1,1.569923609E-1
3.215385721E1,-2.235766798E-1,4.050036669E-1,1.576032341E-1
3.215589091E1,-2.211332172E-1,4.007275999E-1,1.582140923E-1
3.215795852E1,-2.223549485E-1,3.964515328E-1,1.576032341E-1
3.215999148E1,-2.180788964E-1,3.903428912E-1,1.545489132E-1
3.216206144E1,-2.144137025E-1,3.793473244E-1,1.539380401E-1
3.216409514E1,-2.107485086E-1,3.750712574E-1,1.514945775E-1
3.216616364E1,-2.083050460E-1,3.652974069E-1,1.521054506E-1
3.216819756E1,-1.979203373E-1,3.555235863E-1,1.459967941E-1
3.217019648E1,-1.954768747E-1,3.506366611E-1,1.447750628E-1
3.217227521E1,-1.893682331E-1,3.451388776E-1,1.417207420E-1
3.217429518E1,-1.850921661E-1,3.396410644E-1,1.380555481E-1
3.217632921E1,-1.826487035E-1,3.396410644E-1,1.392772794E-1
3.217839752E1,-1.747074574E-1,3.365867436E-1,1.368338168E-1
3.218043202E1,-1.679879427E-1,3.335324228E-1,1.362229437E-1
3.218249994E1,-1.649336219E-1,3.341432810E-1,1.331686229E-1
3.218453360E1,-1.582140923E-1,3.347541690E-1,1.350012124E-1
3.218660237E1,-1.539380401E-1,3.347541690E-1,1.343903542E-1
3.218863598E1,-1.490511149E-1,3.384193480E-1,1.362229437E-1
3.219068460E1,-1.429424733E-1,3.347541690E-1,1.380555481E-1
3.219277637E1,-1.392772794E-1,3.359758854E-1,1.398881376E-1
3.219468210E1,-1.356120855E-1,3.359758854E-1,1.429424733E-1
3.219668106E1,-1.307251602E-1,3.384193480E-1,1.429424733E-1
3.219874921E1,-1.288925707E-1,3.390302062E-1,1.435533315E-1
3.220078402E1,-1.246165112E-1,3.378084898E-1,1.435533315E-1
3.220285325E1,-1.209513173E-1,3.396410644E-1,1.411098689E-1
3.220488644E1,-1.209513173E-1,3.371976018E-1,1.404990107E-1
3.220695583E1,-1.197295859E-1,3.353650272E-1,1.404990107E-1
3.220899037E1,-1.178969890E-1,3.353650272E-1,1.350012124E-1
3.221099025E1,-1.203404516E-1,3.335324228E-1,1.356120855E-1
3.221312210E1,-1.197295859E-1,3.347541690E-1,1.307251602E-1
3.221503664E1,-1.233947799E-1,3.359758854E-1,1.313360333E-1
3.221703652E1,-1.240056455E-1,3.378084898E-1,1.270599663E-1
3.221910579E1,-1.258382350E-1,3.396410644E-1,1.246165112E-1
3.222114021E1,-1.270599663E-1,3.408628106E-1,1.246165112E-1
3.222320987E1,-1.313360333E-1,3.414736688E-1,1.227839142E-1
3.222524421E1,-1.319468915E-1,3.426954150E-1,1.258382350E-1
3.222731406E1,-1.392772794E-1,3.402519524E-1,1.313360333E-1
3.222934887E1,-1.374446750E-1,3.390302062E-1,1.301143020E-1
3.223142568E1,-1.423316002E-1,3.371976018E-1,1.368338168E-1
3.223342752E1,-1.429424733E-1,3.323107064E-1,1.392772794E-1
3.223544975E1,-1.472185254E-1,3.280346394E-1,1.423316002E-1
3.223748441E1,-1.490511149E-1,3.213151097E-1,1.453859210E-1
3.223955364E1,-1.508837193E-1,3.170390725E-1,1.466076523E-1
3.224158871E1,-1.521054506E-1,3.115412891E-1,1.453859210E-1
3.224365841E1,-1.576032341E-1,3.048217595E-1,1.527163088E-1
3.224569294E1,-1.594358236E-1,2.962696552E-1,1.472185254E-1
3.224776256E1,-1.588249654E-1,2.932153046E-1,1.459967941E-1
3.224979837E1,-1.606575549E-1,2.889392674E-1,1.472185254E-1
3.225179844E1,-1.624901593E-1,2.816088796E-1,1.435533315E-1
3.225387718E1,-1.618792862E-1,2.803871334E-1,1.447750628E-1
3.225589983E1,-1.649336219E-1,2.761110961E-1,1.441642046E-1
3.225793429E1,-1.679879427E-1,2.761110961E-1,1.435533315E-1
3.226000287E1,-1.673770845E-1,2.748893499E-1,1.441642046E-1
3.226203741E1,-1.710422635E-1,2.742784917E-1,1.435533315E-1
3.226410652E1,-1.740965992E-1,2.724458873E-1,1.441642046E-1
3.226614144E1,-1.716531366E-1,2.742784917E-1,1.411098689E-1
3.226821044E1,-1.765400618E-1,2.724458873E-1,1.423316002E-1
3.227024552E1,-1.759291887E-1,2.736676335E-1,1.417207420E-1
3.227229510E1,-1.771509200E-1,2.730567753E-1,1.423316002E-1
3.227438675E1,-1.777617931E-1,2.706133127E-1,1.386664063E-1
3.227629202E1,-1.740965992E-1,2.693915665E-1,1.380555481E-1
3.227829148E1,-1.734857261E-1,2.681698501E-1,1.386664063E-1
3.228036118E1,-1.716531366E-1,2.669481039E-1,1.350012124E-1
3.228241041E1,-1.722639948E-1,2.651155293E-1,1.356120855E-1
3.228446487E1,-1.685988009E-1,2.620611787E-1,1.362229437E-1
3.228649964E1,-1.679879427E-1,2.626720667E-1,1.374446750E-1
3.228856875E1,-1.643227488E-1,2.590068579E-1,1.350012124E-1
3.229060391E1,-1.624901593E-1,2.541199327E-1,1.356120855E-1
3.229260494E1,-1.667662114E-1,2.467895597E-1,1.356120855E-1
3.229473802E1,-1.612684280E-1,2.406809032E-1,1.337794960E-1
3.229665375E1,-1.588249654E-1,2.296853364E-1,1.319468915E-1
3.229865410E1,-1.600466967E-1,2.241875380E-1,1.331686229E-1
3.230072321E1,-1.563815027E-1,2.138028294E-1,1.288925707E-1
3.230275791E1,-1.514945775E-1,1.985312104E-1,1.240056455E-1
3.230482694E1,-1.490511149E-1,1.918116808E-1,1.233947799E-1
3.230686202E1,-1.472185254E-1,1.795943826E-1,1.197295859E-1
3.230893160E1,-1.368338168E-1,1.649336219E-1,1.123992056E-1
3.231096548E1,-1.362229437E-1,1.557706445E-1,1.123992056E-1
3.231301437E1,-1.288925707E-1,1.392772794E-1,1.044579595E-1
3.231501818E1,-1.197295859E-1,1.227839142E-1,1.007927656E-1
3.231703956E1,-1.191187203E-1,1.160643995E-1,1.007927656E-1
3.231907421E1,-1.105666086E-1,9.834930301E-2,9.651670605E-2
3.232114268E1,-1.050688252E-1,8.246681094E-2,8.796459436E-2
3.232317733E1,-1.007927656E-1,7.757988572E-2,8.429940045E-2
3.232524614E1,-9.346238524E-2,6.291911751E-2,8.246681094E-2
3.232728029E1,-8.552113175E-2,5.558873713E-2,7.147123665E-2
3.232934952E1,-7.819075137E-2,4.459316283E-2,6.902777404E-2
3.233138375E1,-7.513642311E-2,4.276056588E-2,6.719517708E-2
3.233341648E1,-6.963863969E-2,3.665191308E-2,6.169738993E-2
3.233546241E1,-6.230825558E-2,3.237585723E-2,5.986479297E-2
3.233748418E1,-6.108652428E-2,3.176499158E-2,5.619960278E-2
3.233951821E1,-5.436700583E-2,2.871066704E-2,5.497787148E-2
3.234158664E1,-4.948008433E-2,2.748893574E-2,5.253441259E-2
3.234362106E1,-4.459316283E-2,2.809980139E-2,5.375614017E-2
3.234564541E1,-4.398229718E-2,2.748893574E-2,5.253441259E-2
3.234764548E1,-4.092797264E-2,3.420845419E-2,5.070181563E-2
3.234971429E1,-4.153883830E-2,3.665191308E-2,5.314527452E-2
3.235174956E1,-3.970624134E-2,4.276056588E-2,5.314527452E-2
3.235379960E1,-3.726277873E-2,4.825835302E-2,5.803219974E-2
3.235596991E1,-3.543018550E-2,5.192354694E-2,5.986479297E-2
3.235780579E1,-3.115412779E-2,5.558873713E-2,5.864306539E-2
3.235980556E1,-2.626720630E-2,5.681046844E-2,6.047565863E-2
3.236187348E1,-2.382374369E-2,5.803219974E-2,5.986479297E-2
3.236390871E1,-1.710422710E-2,5.681046844E-2,5.742133409E-2
3.236597756E1,-1.221730467E-2,5.497787148E-2,6.169738993E-2
3.236801214E1,-1.099557430E-2,5.192354694E-2,5.803219974E-2
3.237008168E1,-4.276056774E-3,4.886921868E-2,5.375614017E-2
3.237211602E1,-3.054326167E-3,4.581489414E-2,5.436700583E-2
3.237411587E1,1.221730490E-3,4.153883830E-2,5.497787148E-2
3.237624856E1,1.832595794E-3,3.970624134E-2,5.253441259E-2
3.237816360E1,9.162978269E-3,3.787364438E-2,5.131268129E-2
3.238016252E1,7.941247895E-3,3.604105115E-2,5.192354694E-2
3.238223160E1,7.330383174E-3,3.604105115E-2,4.825835302E-2
3.238426633E1,1.221730467E-2,3.665191308E-2,4.886921868E-2
3.238633541E1,1.221730467E-2,3.359758854E-2,4.825835302E-2
3.238837033E1,1.404990070E-2,3.298672289E-2,4.764748737E-2
3.239043887E1,1.649336144E-2,2.871066704E-2,4.398229718E-2
3.239247333E1,1.832595654E-2,2.748893574E-2,4.459316283E-2
3.239455052E1,1.954768784E-2,2.626720630E-2,4.153883830E-2
3.239655440E1,2.504547499E-2,2.382374369E-2,4.153883830E-2
3.239857498E1,2.382374369E-2,2.138028294E-2,4.031710699E-2
3.240060929E1,2.443460934E-2,1.954768784E-2,4.153883830E-2
3.240267848E1,2.504547499E-2,1.893682219E-2,4.031710699E-2
3.240471406E1,2.260201424E-2,2.015855350E-2,4.092797264E-2
3.240678340E1,2.382374369E-2,2.015855350E-2,4.153883830E-2
3.240881833E1,1.893682219E-2,2.382374369E-2,4.398229718E-2
3.241088768E1,1.404990070E-2,2.871066704E-2,4.520402849E-2
3.241292248E1,1.282817032E-2,3.115412779E-2,4.459316283E-2
3.241492321E1,8.552113548E-3,3.359758854E-2,4.398229718E-2
3.241700214E1,2.443460980E-3,3.604105115E-2,4.398229718E-2
3.241902406E1,3.665191587E-3,3.420845419E-2,4.214970022E-2
3.242105852E1,6.108652451E-4,3.543018550E-2,4.398229718E-2
3.242312814E1,-1.221730490E-3,3.726277873E-2,4.398229718E-2
3.242516367E1,-4.276056774E-3,3.909537569E-2,4.337143153E-2
3.242723267E1,-8.552113548E-3,3.909537569E-2,4.214970022E-2
3.242926783E1,-7.941247895E-3,3.787364438E-2,4.642575979E-2
3.243133687E1,-1.160643995E-2,3.909537569E-2,4.703662544E-2
3.243337114E1,-1.466076635E-2,4.031710699E-2,4.825835302E-2
3.243542067E1,-1.710422710E-2,3.848451003E-2,5.192354694E-2
3.243751314E1,-1.649336144E-2,3.726277873E-2,5.742133409E-2
3.243941933E1,-1.954768784E-2,3.604105115E-2,5.558873713E-2
3.244141837E1,-2.076941915E-2,3.420845419E-2,6.291911751E-2
3.244348841E1,-2.199114859E-2,3.176499158E-2,6.169738993E-2
3.244552298E1,-2.076941915E-2,2.993239649E-2,6.475171447E-2
3.244759210E1,-1.954768784E-2,2.382374369E-2,6.719517708E-2
3.244962710E1,-1.832595654E-2,1.893682219E-2,6.352998316E-2
3.245169583E1,-1.649336144E-2,1.466076635E-2,6.230825558E-2
3.245373098E1,-1.649336144E-2,6.719517522E-3,6.169738993E-2
3.245573106E1,-1.649336144E-2,1.221730490E-3,5.681046844E-2
3.245786490E1,-1.404990070E-2,-3.054326167E-3,5.619960278E-2
3.245977210E1,-1.404990070E-2,-1.038470957E-2,5.497787148E-2
3.246177221E1,-1.160643995E-2,-1.710422710E-2,5.070181563E-2
3.246384110E1,-1.099557430E-2,-1.893682219E-2,4.764748737E-2
3.246587690E1,-1.160643995E-2,-2.443460934E-2,4.642575979E-2
3.246794533E1,-8.552113548E-3,-2.993239649E-2,4.398229718E-2
3.246998037E1,-5.497787148E-3,-3.176499158E-2,3.909537569E-2
3.247205014E1,-1.221730490E-3,-3.909537569E-2,3.665191308E-2
3.247408510E1,4.886921961E-3,-4.337143153E-2,2.993239649E-2
3.247613487E1,6.108652335E-3,-4.459316283E-2,2.809980139E-2
3.247813940E1,1.466076635E-2,-4.886921868E-2,2.565634064E-2
3.248016117E1,2.199114859E-2,-5.192354694E-2,2.199114859E-2
3.248219544E1,2.443460934E-2,-5.070181563E-2,1.771509275E-2
3.248426533E1,3.054326214E-2,-5.009094998E-2,1.343903504E-2
3.248629975E1,3.054326214E-2,-5.070181563E-2,1.160643995E-2
3.248836902E1,3.481931984E-2,-4.703662544E-2,1.099557430E-2
3.249040340E1,3.787364438E-2,-4.642575979E-2,6.719517522E-3
3.249247221E1,3.481931984E-2,-4.276056588E-2,8.552113548E-3
3.249450725E1,3.665191308E-2,-3.970624134E-2,3.665191587E-3
3.249650660E1,3.420845419E-2,-3.787364438E-2,5.497787148E-3
3.249858567E1,3.665191308E-2,-3.237585723E-2,0.000000000E0
3.250060802E1,3.909537569E-2,-2.809980139E-2,-7.330383174E-3
3.250264271E1,3.726277873E-2,-2.565634064E-2,-2.443460980E-3
3.250471214E1,3.970624134E-2,-2.443460934E-2,-7.330383174E-3
3.250674787E1,4.031710699E-2,-2.504547499E-2,-5.497787148E-3
3.250881748E1,4.337143153E-2,-2.626720630E-2,-6.108652335E-3
3.251085152E1,4.214970022E-2,-2.932153270E-2,-1.038470957E-2
3.251292144E1,4.459316283E-2,-3.543018550E-2,-1.038470957E-2
3.251495637E1,4.337143153E-2,-3.909537569E-2,-7.330383174E-3
3.251700652E1,4.398229718E-2,-4.703662544E-2,-1.099557430E-2
3.251909983E1,4.398229718E-2,-5.619960278E-2,-1.282817032E-2
3.252100552E1,4.337143153E-2,-6.047565863E-2,-9.773843922E-3
3.252300540E1,4.214970022E-2,-7.269296050E-2,-1.282817032E-2
3.252507491E1,4.276056588E-2,-8.368854225E-2,-1.282817032E-2
3.252710979E1,4.337143153E-2,-8.857546002E-2,-1.221730467E-2
3.252917967E1,4.337143153E-2,-9.834930301E-2,-1.710422710E-2
3.253121529E1,4.276056588E-2,-1.087340117E-1,-1.588249579E-2
3.253328529E1,4.398229718E-2,-1.191187203E-1,-1.649336144E-2
3.253531971E1,4.337143153E-2,-1.215621829E-1,-1.771509275E-2
3.253735298E1,4.276056588E-2,-1.246165112E-1,-1.221730467E-2
3.253948633E1,3.970624134E-2,-1.233947799E-1,-9.162978269E-3
3.254140140E1,3.787364438E-2,-1.227839142E-1,-8.552113548E-3
3.254340148E1,3.237585723E-2,-1.197295859E-1,3.054326167E-3
3.254547071E1,3.054326214E-2,-1.154535338E-1,6.108652335E-3
3.254750567E1,2.687807009E-2,-1.148426682E-1,9.162978269E-3
3.254957521E1,2.321287990E-2,-1.142318025E-1,1.649336144E-2
3.255161010E1,2.382374369E-2,-1.148426682E-1,2.015855350E-2
3.255367937E1,2.260201424E-2,-1.148426682E-1,1.832595654E-2
3.255571429E1,2.260201424E-2,-1.203404516E-1,2.687807009E-2
3.255778967E1,2.626720630E-2,-1.221730486E-1,2.504547499E-2
3.255979217E1,2.687807009E-2,-1.233947799E-1,2.687807009E-2
3.256181356E1,2.443460934E-2,-1.270599663E-1,3.054326214E-2
3.256384883E1,3.237585723E-2,-1.282816976E-1,2.871066704E-2
3.256591871E1,3.115412779E-2,-1.295034289E-1,2.993239649E-2
3.256795279E1,3.481931984E-2,-1.319468915E-1,2.871066704E-2
3.257002317E1,3.665191308E-2,-1.313360333E-1,2.199114859E-2
3.257205798E1,3.787364438E-2,-1.331686229E-1,2.015855350E-2
3.257412667E1,3.970624134E-2,-1.313360333E-1,2.260201424E-2
3.257616106E1,4.092797264E-2,-1.331686229E-1,1.710422710E-2
3.257819344E1,4.214970022E-2,-1.325577646E-1,1.832595654E-2
3.258027244E1,4.398229718E-2,-1.301143020E-1,1.527163107E-2
3.258229375E1,4.459316283E-2,-1.301143020E-1,1.038470957E-2
3.258432867E1,4.398229718E-2,-1.233947799E-1,9.162978269E-3
3.258639752E1,4.703662544E-2,-1.215621829E-1,6.108652335E-3
3.258843202E1,4.642575979E-2,-1.166752651E-1,3.054326167E-3
3.259045702E1,4.764748737E-2,-1.136209369E-1,5.497787148E-3
3.259245625E1,4.703662544E-2,-1.130100712E-1,6.719517522E-3
3.259452564E1,4.764748737E-2,-1.087340117E-1,1.221730490E-3
3.259656067E1,4.825835302E-2,-1.062905490E-1,1.832595794E-3
3.259860975E1,5.253441259E-2,-1.044579595E-1,-3.054326167E-3
3.260078067E1,5.070181563E-2,-1.032362282E-1,-6.719517522E-3
3.260261694E1,5.375614017E-2,-1.026253626E-1,-6.719517522E-3
3.260461621E1,5.436700583E-2,-1.007927656E-1,-8.552113548E-3
3.260668529E1,5.803219974E-2,-1.001819000E-1,-1.160643995E-2
3.260872067E1,5.864306539E-2,-9.529497474E-2,-1.160643995E-2
3.261078848E1,5.864306539E-2,-9.651670605E-2,-1.038470957E-2
3.261282290E1,6.108652428E-2,-9.346238524E-2,-1.160643995E-2
3.261489114E1,6.414084882E-2,-8.857546002E-2,-1.466076635E-2
3.261692567E1,6.658431143E-2,-8.552113175E-2,-1.282817032E-2
3.261895737E1,6.841690838E-2,-8.063421398E-2,-1.099557430E-2
3.262108852E1,7.391469181E-2,-7.757988572E-2,-1.038470957E-2
3.262300306E1,7.880161703E-2,-7.330382615E-2,-1.160643995E-2
3.262500148E1,8.185594529E-2,-7.024950534E-2,-9.162978269E-3
3.262707060E1,8.429940045E-2,-6.536258012E-2,-7.330383174E-3
3.262910498E1,9.040805697E-2,-6.291911751E-2,-2.443460980E-3
3.263117390E1,9.285151958E-2,-5.742133409E-2,6.108652451E-4
3.263320771E1,9.773843735E-2,-5.253441259E-2,4.886921961E-3
3.263527617E1,9.896016866E-2,-4.581489414E-2,9.773843922E-3
3.263731087E1,9.957103431E-2,-4.276056588E-2,1.404990070E-2
3.263935960E1,1.020144969E-1,-3.726277873E-2,2.015855350E-2
3.264136398E1,1.026253626E-1,-3.237585723E-2,2.321287990E-2
3.264338460E1,1.032362282E-1,-2.932153270E-2,2.565634064E-2
3.264541875E1,1.069014147E-1,-2.260201424E-2,3.115412779E-2
3.264748779E1,1.075122803E-1,-1.588249579E-2,3.115412779E-2
3.264952298E1,1.075122803E-1,-1.282817032E-2,3.665191308E-2
3.265159271E1,1.044579595E-1,-7.941247895E-3,4.520402849E-2
3.265362737E1,1.044579595E-1,-1.832595794E-3,4.459316283E-2
3.265569594E1,1.032362282E-1,4.276056774E-3,4.520402849E-2
3.265773098E1,1.020144969E-1,1.282817032E-2,5.192354694E-2
3.265976325E1,9.651670605E-2,2.382374369E-2,4.948008433E-2
3.266184264E1,9.162978828E-2,3.237585723E-2,5.375614017E-2
3.266386437E1,9.101892263E-2,3.604105115E-2,5.131268129E-2
3.266589987E1,8.613199741E-2,4.398229718E-2,5.558873713E-2
3.266796871E1,8.307767659E-2,4.948008433E-2,5.436700583E-2
3.267000437E1,7.696902007E-2,5.192354694E-2,5.681046844E-2
3.267207256E1,7.696902007E-2,5.619960278E-2,5.314527452E-2
3.267410817E1,7.330382615E-2,5.864306539E-2,5.253441259E-2
3.267617802E1,7.147123665E-2,5.742133409E-2,5.314527452E-2
3.267821279E1,6.658431143E-2,5.681046844E-2,5.681046844E-2
3.268026317E1,6.291911751E-2,5.436700583E-2,5.497787148E-2
3.268235652E1,6.169738993E-2,5.314527452E-2,5.375614017E-2
3.268426237E1,5.864306539E-2,4.764748737E-2,5.436700583E-2
3.268626229E1,5.314527452E-2,4.276056588E-2,5.436700583E-2
3.268833179E1,5.253441259E-2,3.848451003E-2,5.436700583E-2
3.269038167E1,4.764748737E-2,3.359758854E-2,5.803219974E-2
3.269243633E1,4.581489414E-2,2.626720630E-2,6.169738993E-2
3.269447052E1,4.214970022E-2,2.443460934E-2,5.864306539E-2
3.269653967E1,4.092797264E-2,1.832595654E-2,6.047565863E-2
3.269857437E1,3.848451003E-2,7.330383174E-3,6.352998316E-2
3.270060814E1,3.726277873E-2,3.054326167E-3,6.169738993E-2
3.270274140E1,3.909537569E-2,-7.330383174E-3,6.291911751E-2
3.270465698E1,3.543018550E-2,-2.015855350E-2,6.536258012E-2
3.270665621E1,3.787364438E-2,-2.443460934E-2,6.658431143E-2
3.270872598E1,3.665191308E-2,-4.031710699E-2,6.963863969E-2
3.271076040E1,3.604105115E-2,-5.619960278E-2,7.452555746E-2
3.271282971E1,3.543018550E-2,-7.086037099E-2,7.208210230E-2
3.271486417E1,3.787364438E-2,-7.880161703E-2,7.269296050E-2
3.271693379E1,3.726277873E-2,-9.529497474E-2,7.941248268E-2
3.271896837E1,3.848451003E-2,-1.123992056E-1,7.757988572E-2
3.272104533E1,3.848451003E-2,-1.221730486E-1,8.002334833E-2
3.272304787E1,3.726277873E-2,-1.380555481E-1,8.307767659E-2
3.272506987E1,3.543018550E-2,-1.557706445E-1,7.941248268E-2
3.272710537E1,3.359758854E-2,-1.631010175E-1,8.185594529E-2
3.272917383E1,3.359758854E-2,-1.802052408E-1,8.307767659E-2
3.273120848E1,3.543018550E-2,-1.924225539E-1,7.635815442E-2
3.273327764E1,3.298672289E-2,-1.991420686E-1,7.757988572E-2
3.273531187E1,3.359758854E-2,-2.089159191E-1,7.880161703E-2
3.273738102E1,3.420845419E-2,-2.162462920E-1,7.391469181E-2
3.273941560E1,3.420845419E-2,-2.199114859E-1,7.330382615E-2
3.274144794E1,3.665191308E-2,-2.266310006E-1,6.963863969E-2
3.274352710E1,3.665191308E-2,-2.400700450E-1,6.902777404E-2
3.274554856E1,3.787364438E-2,-2.474004179E-1,6.780604273E-2
3.274758325E1,3.787364438E-2,-2.535090744E-1,6.475171447E-2
3.274965317E1,3.909537569E-2,-2.657263875E-1,5.986479297E-2
3.275168721E1,3.787364438E-2,-2.748893499E-1,5.803219974E-2
3.275375579E1,3.543018550E-2,-2.785545588E-1,5.436700583E-2
3.275579121E1,3.298672289E-2,-2.846632004E-1,4.886921868E-2
3.275785956E1,3.115412779E-2,-2.932153046E-1,4.703662544E-2
3.275989371E1,2.932153270E-2,-2.944370508E-1,4.214970022E-2
3.276194383E1,2.504547499E-2,-2.981022298E-1,3.543018550E-2
3.276403548E1,2.321287990E-2,-2.999348342E-1,3.481931984E-2
3.276594190E1,2.076941915E-2,-3.017674387E-1,3.298672289E-2
3.276794148E1,2.015855350E-2,-2.968805134E-1,2.382374369E-2
3.277001048E1,1.710422710E-2,-2.919935882E-1,2.565634064E-2
3.277204394E1,1.343903504E-2,-2.889392674E-1,2.076941915E-2
3.277411360E1,9.162978269E-3,-2.828305960E-1,1.893682219E-2
3.277614775E1,7.330383174E-3,-2.761110961E-1,1.221730467E-2
3.277821717E1,3.054326167E-3,-2.742784917E-1,7.941247895E-3
3.278025198E1,-3.665191587E-3,-2.724458873E-1,7.330383174E-3
3.278228352E1,-9.773843922E-3,-2.700024247E-1,5.497787148E-3
3.278441687E1,-2.260201424E-2,-2.724458873E-1,2.443460980E-3
3.278633248E1,-2.932153270E-2,-2.736676335E-1,2.443460980E-3
3.278833221E1,-3.604105115E-2,-2.797762752E-1,6.108652451E-4
3.279040136E1,-5.009094998E-2,-2.816088796E-1,-3.054326167E-3
3.279243552E1,-5.619960278E-2,-2.852740586E-1,-5.497787148E-3
3.279450440E1,-6.536258012E-2,-2.907718420E-1,-7.941247895E-3
3.279653883E1,-7.635815442E-2,-3.036000133E-1,-1.649336144E-2
3.279860856E1,-8.002334833E-2,-3.072652221E-1,-1.893682219E-2
3.280064348E1,-8.796459436E-2,-3.207042515E-1,-2.687807009E-2
3.280269271E1,-9.651670605E-2,-3.347541690E-1,-3.298672289E-2
3.280469690E1,-9.407325089E-2,-3.420845270E-1,-4.398229718E-2
3.280671814E1,-1.026253626E-1,-3.597996235E-1,-5.253441259E-2
3.280875248E1,-1.050688252E-1,-3.756821156E-1,-6.536258012E-2
3.281082129E1,-1.062905490E-1,-3.830125034E-1,-7.269296050E-2
3.281285540E1,-1.130100712E-1,-4.037819207E-1,-8.002334833E-2
3.281492410E1,-1.240056455E-1,-4.172209501E-1,-8.246681094E-2
3.281695794E1,-1.276708394E-1,-4.251621962E-1,-8.002334833E-2
3.281902687E1,-1.417207420E-1,-4.386012554E-1,-8.124507964E-2
3.282106106E1,-1.563815027E-1,-4.465425014E-1,-7.208210230E-2
3.282306056E1,-1.655444801E-1,-4.532620013E-1,-6.902777404E-2
3.282513906E1,-1.869247705E-1,-4.575380683E-1,-6.108652428E-2
3.282716013E1,-2.107485086E-1,-4.575380683E-1,-4.703662544E-2
3.282919487E1,-2.223549485E-1,-4.526511431E-1,-4.459316283E-2
3.283126344E1,-2.498438805E-1,-4.416555762E-1,-3.298672289E-2
3.283329794E1,-2.700024247E-1,-4.208861589E-1,-1.710422710E-2
3.283532298E1,-2.944370508E-1,-3.995058835E-1,-1.221730490E-3
3.283732263E1,-3.072652221E-1,-3.891211748E-1,6.108652335E-3
3.283939221E1,-3.316998184E-1,-3.646865487E-1,2.504547499E-2
3.284142702E1,-3.524692357E-1,-3.475823104E-1,3.726277873E-2
3.284347633E1,-3.671300113E-1,-3.414736688E-1,4.703662544E-2
3.284564810E1,-3.915646076E-1,-3.262020350E-1,7.330382615E-2
3.284748436E1,-4.037819207E-1,-2.987131178E-1,1.032362282E-1
3.284948467E1,-4.111123085E-1,-2.828305960E-1,1.172861308E-1
3.285155444E1,-4.245513380E-1,-2.596177161E-1,1.447750628E-1
3.285358948E1,-4.361577928E-1,-2.382374406E-1,1.618792862E-1
3.285565802E1,-4.459316432E-1,-2.260201424E-1,1.722639948E-1
3.285769294E1,-4.612032473E-1,-2.058615834E-1,1.832595766E-1
3.285976156E1,-4.715879560E-1,-1.832595766E-1,1.808161139E-1
3.286179683E1,-4.728097022E-1,-1.808161139E-1,1.728748679E-1
3.286379663E1,-4.721988440E-1,-1.417207420E-1,1.612684280E-1
3.286593044E1,-4.734205604E-1,-1.215621829E-1,1.490511149E-1
3.286784567E1,-5.002986193E-1,-1.038470939E-1,1.429424733E-1
3.286984571E1,-5.693264008E-1,-5.864306539E-2,1.362229437E-1
3.287191521E1,-6.676757336E-1,1.710422710E-2,1.386664063E-1
3.287394960E1,-7.061602473E-1,3.848451003E-2,1.411098689E-1
3.287601794E1,-7.623597980E-1,4.642575979E-2,1.588249654E-1
3.287805267E1,-7.776314616E-1,6.291911751E-2,1.679879427E-1
3.288012202E1,-7.831292152E-1,6.963863969E-2,1.710422635E-1
3.288215625E1,-8.051204085E-1,7.452555746E-2,1.814269722E-1
3.288423302E1,-8.173376918E-1,6.719517708E-2,1.893682331E-1
3.288623571E1,-8.258898258E-1,6.169738993E-2,1.924225539E-1
3.288825794E1,-8.423831463E-1,6.536258012E-2,1.948660165E-1
3.289029313E1,-8.668177724E-1,7.269296050E-2,2.064724565E-1
3.289236286E1,-8.857545853E-1,8.063421398E-2,2.223549485E-1
3.289439798E1,-8.943067193E-1,8.246681094E-2,2.278527319E-1
3.289646844E1,-9.162978530E-1,9.957103431E-2,2.412917763E-1
3.289850283E1,-9.279043078E-1,1.240056455E-1,2.541199327E-1
3.290057310E1,-9.370672703E-1,1.337794960E-1,2.602286041E-1
3.290260836E1,-9.437867999E-1,1.576032341E-1,2.651155293E-1
3.290460898E1,-9.535606503E-1,1.728748679E-1,2.742784917E-1
3.290668790E1,-9.584475756E-1,1.814269722E-1,2.755002379E-1
3.290871052E1,-9.700540304E-1,1.930334121E-1,2.840523422E-1
3.291074537E1,-9.786061049E-1,2.015855312E-1,2.877175212E-1
3.291281510E1,-9.847147465E-1,2.028072625E-1,2.901609838E-1
3.291485017E1,-9.944885969E-1,2.125810981E-1,2.932153046E-1
3.291691998E1,-1.007316828E0,2.235766798E-1,2.926044464E-1
3.291895544E1,-1.011592865E0,2.296853364E-1,2.907718420E-1
3.292102506E1,-1.018312335E0,2.492330223E-1,2.803871334E-1
3.292306017E1,-1.023199320E0,2.736676335E-1,2.767219543E-1
3.292511036E1,-1.023810148E0,2.999348342E-1,2.638937831E-1
3.292720348E1,-1.023810148E0,3.158173263E-1,2.565633953E-1
3.292911090E1,-1.019534111E0,3.402519524E-1,2.492330223E-1
3.293111021E1,-1.015258074E0,3.500257730E-1,2.467895597E-1
3.293317975E1,-1.006705880E0,3.652974069E-1,2.370157093E-1
3.293521467E1,-9.798278809E-1,3.781255782E-1,2.296853364E-1
3.293728413E1,-9.523389339E-1,3.824016452E-1,2.180788964E-1
3.293931867E1,-9.321803451E-1,3.836233616E-1,2.101376504E-1
3.294138829E1,-8.949176073E-1,3.787364662E-1,2.040289938E-1
3.294342294E1,-8.539896011E-1,3.652974069E-1,1.942551434E-1
3.294544844E1,-8.307767510E-1,3.536909819E-1,1.899790913E-1
3.294758148E1,-7.935139537E-1,3.298672438E-1,1.844813079E-1
3.294949590E1,-7.574729323E-1,2.944370508E-1,1.826487035E-1
3.295149575E1,-7.367035151E-1,2.755002379E-1,1.820378453E-1
3.295356479E1,-7.006624341E-1,2.351831198E-1,1.826487035E-1
3.295559967E1,-6.695083380E-1,1.954768747E-1,1.863138974E-1
3.295766925E1,-6.517932415E-1,1.783726513E-1,1.887573600E-1
3.295970452E1,-6.194173694E-1,1.441642046E-1,1.930334121E-1
3.296177383E1,-5.894849896E-1,1.093448773E-1,2.015855312E-1
3.296380952E1,-5.717698932E-1,9.407325089E-2,1.985312104E-1
3.296592510E1,-5.381723046E-1,7.452555746E-2,1.997529417E-1
3.296796333E1,-5.045747161E-1,5.497787148E-2,1.979203373E-1
3.296998571E1,-4.709770977E-1,3.359758854E-2,1.924225539E-1
3.297202113E1,-4.575380683E-1,2.015855350E-2,1.918116808E-1
3.297409044E1,-4.221078753E-1,-6.108652451E-4,1.863138974E-1
3.297612437E1,-3.927863538E-1,-2.199114859E-2,1.869247705E-1
3.297819490E1,-3.756821156E-1,-3.298672289E-2,1.838704348E-1
3.298022910E1,-3.469714522E-1,-5.314527452E-2,1.863138974E-1
3.298229871E1,-3.219259977E-1,-7.819075137E-2,1.844813079E-1
3.298433329E1,-3.042109013E-1,-8.918632567E-2,1.863138974E-1
3.298635952E1,-2.822197378E-1,-1.148426682E-1,1.912008226E-1
3.298843898E1,-2.541199327E-1,-1.368338168E-1,1.936442852E-1
3.299046098E1,-2.388483137E-1,-1.472185254E-1,1.948660165E-1
3.299249529E1,-2.101376504E-1,-1.716531366E-1,2.046398520E-1
3.299456483E1,-1.734857261E-1,-1.936442852E-1,2.052507252E-1
3.299659944E1,-1.563815027E-1,-2.028072625E-1,2.113593817E-1
3.299866863E1,-1.136209369E-1,-2.223549485E-1,2.101376504E-1
3.300070290E1,-7.024950534E-2,-2.443460971E-1,2.113593817E-1
3.300277186E1,-1.649336144E-2,-2.681698501E-1,2.131919712E-1
3.300480648E1,7.941247895E-3,-2.797762752E-1,2.125810981E-1
3.300685563E1,6.414084882E-2,-3.023782969E-1,2.144137025E-1
3.300894894E1,1.221730486E-1,-3.304781020E-1,2.107485086E-1
3.301085460E1,1.557706445E-1,-3.426954150E-1,2.089159191E-1
3.301285460E1,2.162462920E-1,-3.732386529E-1,2.131919712E-1
3.301492398E1,2.773328125E-1,-4.056145251E-1,2.113593817E-1
3.301695817E1,3.078760803E-1,-4.208861589E-1,2.131919712E-1
3.301902679E1,3.628539443E-1,-4.593706727E-1,2.156354338E-1
3.302106186E1,4.166100919E-1,-4.978551865E-1,2.199114859E-1
3.302313083E1,4.416555762E-1,-5.192354321E-1,2.284636050E-1
3.302516536E1,4.911356568E-1,-5.607742667E-1,2.339613885E-1
3.302716525E1,5.363397002E-1,-6.017022729E-1,2.431243658E-1
3.302929725E1,5.534439087E-1,-6.224716902E-1,2.535090744E-1
3.303121236E1,5.937610269E-1,-6.572909951E-1,2.663372457E-1
3.303321171E1,6.310238242E-1,-6.835582256E-1,2.852740586E-1
3.303528029E1,6.493497491E-1,-6.957755089E-1,2.932153046E-1
3.303731475E1,6.798930168E-1,-7.116580009E-1,3.145956099E-1
3.303938333E1,7.043276429E-1,-7.202101350E-1,3.378084898E-1
3.304141783E1,7.171558142E-1,-7.195992470E-1,3.536909819E-1
3.304348617E1,7.354817390E-1,-7.177666426E-1,3.787364662E-1
3.304552017E1,7.458664775E-1,-7.165449262E-1,4.080579877E-1
3.304758821E1,7.507534027E-1,-7.177666426E-1,4.227187634E-1
3.304959056E1,7.599163651E-1,-7.165449262E-1,4.465425014E-1
3.305161260E1,7.605272532E-1,-7.232644558E-1,4.709770977E-1
3.305364771E1,7.629706860E-1,-7.299839854E-1,4.856378734E-1
3.305571694E1,7.660250068E-1,-7.428121567E-1,4.984660447E-1
3.305775175E1,7.660250068E-1,-7.641924024E-1,5.094616413E-1
3.305982090E1,7.513642311E-1,-7.751879692E-1,5.088507533E-1
3.306185548E1,7.379252315E-1,-7.721336484E-1,5.057964325E-1
3.306392479E1,6.786713004E-1,-7.751879692E-1,4.917465150E-1
3.306595948E1,6.359107494E-1,-7.269296646E-1,4.331034720E-1
3.306797606E1,6.096435189E-1,-7.073819637E-1,3.982841372E-1
3.307005525E1,5.571091175E-1,-6.542366743E-1,3.506366611E-1
3.307207702E1,5.045747161E-1,-5.693264008E-1,3.225368559E-1
3.307411233E1,4.734205604E-1,-5.222898126E-1,3.097086847E-1
3.307618140E1,4.208861589E-1,-4.294382632E-1,2.999348342E-1
3.307821621E1,3.610213697E-1,-3.628539443E-1,2.987131178E-1
3.308024117E1,3.298672438E-1,-3.329215646E-1,3.029891551E-1
3.308224079E1,2.700024247E-1,-2.846632004E-1,3.133738637E-1
3.308430960E1,2.260201424E-1,-2.614503205E-1,3.225368559E-1
3.308634398E1,2.125810981E-1,-2.608394623E-1,3.225368559E-1
3.308845967E1,1.942551434E-1,-2.675589919E-1,3.316998184E-1
3.309063083E1,1.899790913E-1,-2.803871334E-1,3.316998184E-1
3.309250156E1,1.954768747E-1,-2.864958048E-1,3.280346394E-1
3.309450079E1,2.034181207E-1,-3.097086847E-1,3.255911767E-1
